device_id,hour_ts,e_hour_kwh,kwh_start,kwh_end,kwh_net,recon_dev_pct,hour_tags,temperature,humidity,rainfall,wx_tags,hour_of_day,day_of_week,is_weekend,is_holiday,lag_24,lag_168,rolling_mean_24,rolling_mean_168
a3986d20c19f33c7c107fw,2026-01-02 16:00:00+08:00,0.0117883333333332,0.0014,0.0144,0.013,9.320512820513848,HOURLY_RECON_GT_5PCT,25.3,83.0,1.5,WX_CLEANED,16,4,0,0,,,0.0117883333333332,0.0117883333333332
a3986d20c19f33c7c107fw,2026-01-02 17:00:00+08:00,0.0149883333333331,0.0182,0.0283,0.010099999999999998,48.39933993399112,HOURLY_RECON_GT_5PCT,24.4,90.0,2.9,WX_CLEANED,17,4,0,0,,,0.01338833333333315,0.01338833333333315
a3986d20c19f33c7c107fw,2026-01-02 18:00:00+08:00,0.0173616666666664,0.0321,0.046,0.013900000000000003,24.904076738607174,HOURLY_RECON_GT_5PCT,23.5,93.0,2.9,WX_CLEANED,18,4,0,0,,,0.014712777777777566,0.014712777777777566
a3986d20c19f33c7c107fw,2026-01-02 19:00:00+08:00,0.014018333333333199,0.0488,0.0597,0.0109,28.608562691130263,HOURLY_RECON_GT_5PCT,23.4,94.0,2.9,WX_CLEANED,19,4,0,0,,,0.014539166666666475,0.014539166666666475
a3986d20c19f33c7c107fw,2026-01-02 20:00:00+08:00,0.0086066666666664,0.0621,0.0677,0.005599999999999994,53.69047619047159,HOURLY_RECON_GT_5PCT,23.6,93.0,1.4,WX_CLEANED,20,4,0,0,,,0.01335266666666646,0.01335266666666646
a3986d20c19f33c7c107fw,2026-01-02 21:00:00+08:00,0.0139199999999997,0.0701,0.0814,0.011300000000000004,23.185840707961898,HOURLY_RECON_GT_5PCT,23.8,91.0,0.2,WX_CLEANED,21,4,0,0,,,0.013447222222222,0.013447222222222
a3986d20c19f33c7c107fw,2026-01-02 22:00:00+08:00,0.0116374999999998,0.0824,0.0937,0.011300000000000004,2.9867256637150104,,23.8,90.0,0.0,WX_CLEANED,22,4,0,0,,,0.013188690476190257,0.013188690476190257
a3986d20c19f33c7c107fw,2026-01-02 23:00:00+08:00,0.0152566666666663,0.096,0.1108,0.014799999999999994,3.085585585583156,,23.8,89.0,0.0,WX_CLEANED,23,4,0,0,,,0.013447187499999763,0.013447187499999763
a3986d20c19f33c7c107fw,2026-01-03 00:00:00+08:00,0.0128108333333331,0.1118,0.1212,0.009400000000000006,36.285460992905236,HOURLY_RECON_GT_5PCT,24.0,88.0,0.0,WX_CLEANED,0,5,1,0,,,0.013376481481481245,0.013376481481481245
a3986d20c19f33c7c107fw,2026-01-03 01:00:00+08:00,0.009322499999999699,0.1219,0.1309,0.008999999999999994,3.5833333333300574,,24.0,88.0,0.0,WX_CLEANED,1,5,1,0,,,0.012971083333333088,0.012971083333333088
a3986d20c19f33c7c107fw,2026-01-03 02:00:00+08:00,0.0091741666666665,0.1315,0.1405,0.009000000000000008,1.935185185183251,,23.8,86.0,0.0,WX_CLEANED,2,5,1,0,,,0.012625909090908854,0.012625909090908854
a3986d20c19f33c7c107fw,2026-01-03 03:00:00+08:00,0.0109874999999997,0.1429,0.1508,0.00789999999999999,39.082278481009034,HOURLY_RECON_GT_5PCT,23.8,86.0,0.0,WX_CLEANED,3,5,1,0,,,0.01248937499999976,0.01248937499999976
a3986d20c19f33c7c107fw,2026-01-03 04:00:00+08:00,0.0061233333333332,0.1512,0.1579,0.0067000000000000115,8.606965174131496,HOURLY_RECON_GT_5PCT,23.8,84.0,0.0,WX_CLEANED,4,5,1,0,,,0.011999679487179254,0.011999679487179254
a3986d20c19f33c7c107fw,2026-01-03 05:00:00+08:00,0.0044666666666664,0.1597,0.1632,0.003500000000000003,27.619047619039893,HOURLY_RECON_GT_5PCT,23.6,83.0,0.0,WX_CLEANED,5,5,1,0,,,0.011461607142856907,0.011461607142856907
a3986d20c19f33c7c107fw,2026-01-03 06:00:00+08:00,0.016175833333333,0.1646,0.1815,0.0169,4.285009861934898,,23.6,82.0,0.0,WX_CLEANED,6,5,1,0,,,0.011775888888888647,0.011775888888888647
a3986d20c19f33c7c107fw,2026-01-03 07:00:00+08:00,0.0226633333333331,0.1875,0.2028,0.015300000000000008,48.126361655771824,HOURLY_RECON_GT_5PCT,23.6,81.0,0.0,WX_CLEANED,7,5,1,0,,,0.012456354166666425,0.012456354166666425
a3986d20c19f33c7c107fw,2026-01-03 08:00:00+08:00,0.0301716666666664,0.2088,0.2331,0.02429999999999999,24.163237311384417,HOURLY_RECON_GT_5PCT,24.5,79.0,0.0,WX_CLEANED,8,5,1,0,,,0.013498431372548777,0.013498431372548777
a3986d20c19f33c7c107fw,2026-01-03 09:00:00+08:00,0.0246458333333332,0.2363,0.2578,0.021499999999999964,14.63178294573601,HOURLY_RECON_GT_5PCT,25.4,75.0,0.0,WX_CLEANED,9,5,1,0,,,0.014117731481481245,0.014117731481481245
a3986d20c19f33c7c107fw,2026-01-03 10:00:00+08:00,0.0258633333333331,0.2609,0.2851,0.0242,6.873278236913636,HOURLY_RECON_GT_5PCT,25.9,72.0,0.0,WX_CLEANED,10,5,1,0,,,0.014735921052631343,0.014735921052631343
a3986d20c19f33c7c107fw,2026-01-03 11:00:00+08:00,0.024664999999999798,0.2911,0.3098,0.018699999999999994,31.898395721924093,HOURLY_RECON_GT_5PCT,26.9,67.0,0.0,WX_CLEANED,11,5,1,0,,,0.015232374999999765,0.015232374999999765
a3986d20c19f33c7c107fw,2026-01-03 12:00:00+08:00,0.031793333333333104,0.3158,0.3402,0.024399999999999977,30.300546448086614,HOURLY_RECON_GT_5PCT,27.2,66.0,0.0,WX_CLEANED,12,5,1,0,,,0.016020992063491828,0.016020992063491828
a3986d20c19f33c7c107fw,2026-01-03 13:00:00+08:00,0.0288933333333331,0.3434,0.3705,0.027100000000000013,6.617466174660838,HOURLY_RECON_GT_5PCT,26.9,66.0,0.0,WX_CLEANED,13,5,1,0,,,0.01660609848484825,0.01660609848484825
a3986d20c19f33c7c107fw,2026-01-03 14:00:00+08:00,0.0248183333333329,0.3738,0.3954,0.021599999999999953,14.899691358022944,HOURLY_RECON_GT_5PCT,27.4,62.0,0.0,WX_CLEANED,14,5,1,0,,,0.0169631521739128,0.0169631521739128
a3986d20c19f33c7c107fw,2026-01-03 15:00:00+08:00,0.0259966666666663,0.4014,0.42,0.018600000000000005,39.76702508960373,HOURLY_RECON_GT_5PCT,26.6,64.0,0.0,WX_CLEANED,15,5,1,0,,,0.017339548611110863,0.017339548611110863
a3986d20c19f33c7c107fw,2026-01-03 16:00:00+08:00,0.0642416666666664,0.0194,0.0731,0.0537,19.63066418373633,HOURLY_RECON_GT_5PCT,26.1,66.0,0.0,WX_CLEANED,16,5,1,0,0.0117883333333332,,0.019525104166666415,0.019215633333333083
a3986d20c19f33c7c107fw,2026-01-03 17:00:00+08:00,0.0861366666666664,0.094,0.1529,0.05890000000000001,46.24221844934871,HOURLY_RECON_GT_5PCT,25.5,70.0,0.0,WX_CLEANED,17,5,1,0,0.0149883333333331,,0.0224896180555553,0.02178951923076898
a3986d20c19f33c7c107fw,2026-01-03 18:00:00+08:00,0.11474249999999961,0.1734,0.2738,0.10039999999999999,14.285358565736676,HOURLY_RECON_GT_5PCT,25.2,71.0,0.0,WX_CLEANED,18,5,1,0,0.0173616666666664,,0.026547152777777517,0.02523222222222197
a3986d20c19f33c7c107fw,2026-01-03 19:00:00+08:00,0.08738249999999981,0.2932,0.3558,0.06259999999999999,39.588658146964576,HOURLY_RECON_GT_5PCT,24.8,76.0,0.0,WX_CLEANED,19,5,1,0,0.014018333333333199,,0.02960399305555529,0.027451874999999747
a3986d20c19f33c7c107fw,2026-01-03 20:00:00+08:00,0.0846916666666664,0.3762,0.4465,0.07030000000000003,20.471787577050307,HOURLY_RECON_GT_5PCT,24.7,79.0,0.0,WX_CLEANED,20,5,1,0,0.0086066666666664,,0.032774201388888625,0.029425660919539978
a3986d20c19f33c7c107fw,2026-01-03 21:00:00+08:00,0.1105658333333331,0.4669,0.5516,0.0847,30.538173947264585,HOURLY_RECON_GT_5PCT,24.4,85.0,0.0,WX_CLEANED,21,5,1,0,0.0139199999999997,,0.03680111111111085,0.03213033333333308
a3986d20c19f33c7c107fw,2026-01-03 22:00:00+08:00,0.0898016666666664,0.5599,0.6472,0.08730000000000004,2.865597556318854,,24.1,88.0,0.0,WX_CLEANED,22,5,1,0,0.0116374999999998,,0.040057951388888624,0.03399069892473093
a3986d20c19f33c7c107fw,2026-01-03 23:00:00+08:00,0.0666016666666662,0.667,0.7081,0.041099999999999914,62.04785077047771,HOURLY_RECON_GT_5PCT,23.6,89.0,0.0,WX_CLEANED,23,5,1,0,0.0152566666666663,,0.04219732638888862,0.03500979166666641
a3986d20c19f33c7c107fw,2026-01-04 00:00:00+08:00,0.0896199999999997,0.7283,0.7959,0.0676000000000001,32.57396449704077,HOURLY_RECON_GT_5PCT,23.3,85.0,0.0,WX_CLEANED,0,6,1,0,0.0128108333333331,,0.045397708333333064,0.0366646464646462
a3986d20c19f33c7c107fw,2026-01-04 01:00:00+08:00,0.0899858333333329,0.8041,0.8938,0.0897,0.31865477517603363,,23.1,82.0,0.0,WX_CLEANED,1,6,1,0,0.009322499999999699,,0.04875868055555529,0.0382329166666664
a3986d20c19f33c7c107fw,2026-01-04 02:00:00+08:00,0.1159999999999997,0.9141,1.0098,0.09570000000000001,21.21212121212089,HOURLY_RECON_GT_5PCT,23.2,82.0,0.0,WX_CLEANED,2,6,1,0,0.0091741666666665,,0.053209756944444166,0.040454833333333065
a3986d20c19f33c7c107fw,2026-01-04 03:00:00+08:00,0.086160833333333,1.0286,1.0907,0.062100000000000044,38.745303274288155,HOURLY_RECON_GT_5PCT,23.0,82.0,0.0,WX_CLEANED,3,6,1,0,0.0109874999999997,,0.05634197916666639,0.041724444444444175
a3986d20c19f33c7c107fw,2026-01-04 04:00:00+08:00,0.1147616666666665,1.1108,1.2114,0.10060000000000002,14.07720344599053,HOURLY_RECON_GT_5PCT,22.9,83.0,0.0,WX_CLEANED,4,6,1,0,0.0061233333333332,,0.0608685763888886,0.04369842342342316
a3986d20c19f33c7c107fw,2026-01-04 05:00:00+08:00,0.0837599999999997,1.2316,1.2959,0.06430000000000002,30.264385692067908,HOURLY_RECON_GT_5PCT,22.7,83.0,0.0,WX_CLEANED,5,6,1,0,0.0044666666666664,,0.0641724652777775,0.04475267543859623
a3986d20c19f33c7c107fw,2026-01-04 06:00:00+08:00,0.1219999999999996,1.3165,1.4179,0.10139999999999993,20.31558185404307,HOURLY_RECON_GT_5PCT,22.5,82.0,0.0,WX_CLEANED,6,6,1,0,0.016175833333333,,0.06858180555555526,0.0467333760683758
a3986d20c19f33c7c107fw,2026-01-04 07:00:00+08:00,0.0609274999999998,1.4261,1.4796,0.0535000000000001,13.883177570092867,HOURLY_RECON_GT_5PCT,22.5,81.0,0.0,WX_CLEANED,7,6,1,0,0.0226633333333331,,0.07017614583333305,0.0470882291666664
a3986d20c19f33c7c107fw,2026-01-04 08:00:00+08:00,0.10522583333333299,1.5002,1.5786,0.07840000000000003,34.21662414965939,HOURLY_RECON_GT_5PCT,23.9,78.0,0.0,WX_CLEANED,8,6,1,0,0.0301716666666664,,0.07330340277777748,0.04850621951219485
a3986d20c19f33c7c107fw,2026-01-04 09:00:00+08:00,0.09376749999999989,1.5868,1.6787,0.09190000000000009,2.032100108813708,,24.6,73.0,0.0,WX_CLEANED,9,6,1,0,0.0246458333333332,,0.07618347222222192,0.04958386904761879
a3986d20c19f33c7c107fw,2026-01-04 10:00:00+08:00,0.0683674999999995,1.6997,1.7407,0.040999999999999925,66.74999999999908,HOURLY_RECON_GT_5PCT,25.4,71.0,0.0,WX_CLEANED,10,6,1,0,0.0258633333333331,,0.07795447916666637,0.05002069767441834
a3986d20c19f33c7c107fw,2026-01-04 11:00:00+08:00,0.113828333333333,1.7618,1.8545,0.0927,22.792161093131604,HOURLY_RECON_GT_5PCT,27.0,66.0,0.0,WX_CLEANED,11,6,1,0,0.024664999999999798,,0.08166961805555524,0.05147087121212093
a3986d20c19f33c7c107fw,2026-01-04 12:00:00+08:00,0.0683933333333328,1.8627,1.9293,0.06659999999999999,2.692692692691913,,27.7,61.0,0.0,WX_CLEANED,12,6,1,0,0.031793333333333104,,0.08319461805555524,0.051846925925925644
a3986d20c19f33c7c107fw,2026-01-04 13:00:00+08:00,0.0902716666666664,1.9492,2.0137,0.0645,39.95607235142077,HOURLY_RECON_GT_5PCT,27.8,60.0,0.0,WX_CLEANED,13,6,1,0,0.0288933333333331,,0.0857520486111108,0.05268224637681131
a3986d20c19f33c7c107fw,2026-01-04 14:00:00+08:00,0.116848333333333,2.0342,2.1367,0.10250000000000004,13.998373983739471,HOURLY_RECON_GT_5PCT,28.6,57.0,0.0,WX_CLEANED,14,6,1,0,0.0248183333333329,,0.08958663194444415,0.05404748226950326
a3986d20c19f33c7c107fw,2026-01-04 15:00:00+08:00,0.1087149999999997,2.1557,2.24,0.08430000000000026,28.962040332146337,HOURLY_RECON_GT_5PCT,28.4,57.0,0.0,WX_CLEANED,15,6,1,0,0.0259966666666663,,0.09303322916666636,0.055186388888888604
a3986d20c19f33c7c107fw,2026-01-04 16:00:00+08:00,0.0882258333333331,0.0099,0.0959,0.086,2.5881782945733813,,28.2,57.0,0.0,WX_CLEANED,16,6,1,0,0.0642416666666664,,0.09403256944444414,0.055860663265305845
a3986d20c19f33c7c107fw,2026-01-04 17:00:00+08:00,0.0839049999999999,0.1178,0.1731,0.0553,51.726943942133616,HOURLY_RECON_GT_5PCT,27.1,65.0,0.0,WX_CLEANED,17,6,1,0,0.0861366666666664,,0.09393958333333303,0.05642154999999972
a3986d20c19f33c7c107fw,2026-01-04 18:00:00+08:00,0.1179949999999998,0.195,0.2911,0.09610000000000002,22.7835587929238,HOURLY_RECON_GT_5PCT,26.1,69.0,0.0,WX_CLEANED,18,6,1,0,0.11474249999999961,,0.09407510416666637,0.057628872549019335
a3986d20c19f33c7c107fw,2026-01-04 19:00:00+08:00,0.084395833333333,0.2994,0.3823,0.08289999999999997,1.8043827905102898,,25.4,74.0,0.0,WX_CLEANED,19,6,1,0,0.08738249999999981,,0.0939506597222219,0.05814362179487152
a3986d20c19f33c7c107fw,2026-01-04 20:00:00+08:00,0.0842958333333332,0.4043,0.4598,0.055499999999999994,51.884384384384155,HOURLY_RECON_GT_5PCT,24.8,83.0,0.0,WX_CLEANED,20,6,1,0,0.0846916666666664,,0.09393416666666637,0.058637059748427395
a3986d20c19f33c7c107fw,2026-01-04 21:00:00+08:00,0.1196016666666662,0.482,0.5793,0.09730000000000005,22.92052072627558,HOURLY_RECON_GT_5PCT,25.1,78.0,0.0,WX_CLEANED,21,6,1,0,0.1105658333333331,,0.09431065972222191,0.05976603395061701
a3986d20c19f33c7c107fw,2026-01-04 22:00:00+08:00,0.0862816666666663,0.5877,0.6728,0.08509999999999995,1.38856247551862,,24.7,81.0,0.0,WX_CLEANED,22,6,1,0,0.0898016666666664,,0.09416399305555524,0.06024813636363608
a3986d20c19f33c7c107fw,2026-01-04 23:00:00+08:00,0.10068166666666631,0.6956,0.7663,0.07069999999999999,42.40688354549693,HOURLY_RECON_GT_5PCT,24.5,82.0,0.0,WX_CLEANED,23,6,1,0,0.0666016666666662,,0.09558399305555525,0.06097016369047591
a3986d20c19f33c7c107fw,2026-01-05 00:00:00+08:00,0.0944033333333331,0.7747,0.8679,0.09319999999999995,1.2911301859797792,,24.3,82.0,0.0,WX_CLEANED,0,0,0,0,0.0896199999999997,,0.0957832986111108,0.06155671052631551
a3986d20c19f33c7c107fw,2026-01-05 01:00:00+08:00,0.0788291666666665,0.8763,0.9404,0.06410000000000005,22.978419136765133,HOURLY_RECON_GT_5PCT,23.9,85.0,0.0,WX_CLEANED,1,0,0,0,0.0899858333333329,,0.0953184374999997,0.0618545114942526
a3986d20c19f33c7c107fw,2026-01-05 02:00:00+08:00,0.0906016666666664,0.9454,1.0373,0.09190000000000009,1.4127675009071723,,23.8,87.0,0.0,WX_CLEANED,2,0,0,0,0.1159999999999997,,0.09426017361111082,0.0623417514124291
a3986d20c19f33c7c107fw,2026-01-05 03:00:00+08:00,0.1047999999999997,1.0583,1.1421,0.08379999999999987,25.059665871121545,HOURLY_RECON_GT_5PCT,23.5,87.0,0.0,WX_CLEANED,3,0,0,0,0.086160833333333,,0.09503680555555527,0.06304938888888861
a3986d20c19f33c7c107fw,2026-01-05 04:00:00+08:00,0.0590016666666664,1.1446,1.2121,0.0674999999999999,12.590123456790387,HOURLY_RECON_GT_5PCT,23.4,85.0,0.0,WX_CLEANED,4,0,0,0,0.1147616666666665,,0.09271347222222193,0.06298303278688497
a3986d20c19f33c7c107fw,2026-01-05 05:00:00+08:00,0.0972649999999998,1.234,1.3201,0.08610000000000007,12.967479674796426,HOURLY_RECON_GT_5PCT,23.0,85.0,0.0,WX_CLEANED,5,0,0,0,0.0837599999999997,,0.09327618055555525,0.0635359677419352
a3986d20c19f33c7c107fw,2026-01-05 06:00:00+08:00,0.0857924999999996,1.3416,1.4061,0.0645,33.01162790697612,HOURLY_RECON_GT_5PCT,22.9,85.0,0.0,WX_CLEANED,6,0,0,0,0.1219999999999996,,0.09176753472222193,0.06388924603174576
a3986d20c19f33c7c107fw,2026-01-05 07:00:00+08:00,0.074065833333333,1.4161,1.4742,0.05810000000000004,27.479919678714193,HOURLY_RECON_GT_5PCT,23.0,84.0,0.0,WX_CLEANED,7,0,0,0,0.0609274999999998,,0.09231496527777748,0.06404825520833306
a3986d20c19f33c7c107fw,2026-01-05 08:00:00+08:00,0.0991508333333328,1.4825,1.5803,0.09780000000000011,1.3812201772317882,,24.0,79.0,0.0,WX_CLEANED,8,0,0,0,0.10522583333333299,,0.09206184027777747,0.0645882948717946
a3986d20c19f33c7c107fw,2026-01-05 09:00:00+08:00,0.0643183333333331,1.5886,1.6448,0.05620000000000003,14.445432977460982,HOURLY_RECON_GT_5PCT,25.2,76.0,0.0,WX_CLEANED,9,0,0,0,0.09376749999999989,,0.09083479166666636,0.06458420454545426
a3986d20c19f33c7c107fw,2026-01-05 10:00:00+08:00,0.1006674999999997,1.6676,1.7382,0.0706,42.58852691218089,HOURLY_RECON_GT_5PCT,26.6,70.0,0.0,WX_CLEANED,10,0,0,0,0.0683674999999995,,0.0921806249999997,0.06512276119402957
a3986d20c19f33c7c107fw,2026-01-05 11:00:00+08:00,0.1020849999999998,1.7466,1.8478,0.10120000000000018,0.8745059288533801,,28.0,65.0,0.0,WX_CLEANED,11,0,0,0,0.113828333333333,,0.09169131944444414,0.06566632352941149
a3986d20c19f33c7c107fw,2026-01-05 12:00:00+08:00,0.1079391666666664,1.8561,1.9555,0.09939999999999993,8.59071093226004,HOURLY_RECON_GT_5PCT,28.9,63.0,0.0,WX_CLEANED,12,0,0,0,0.0683933333333328,,0.09333906249999972,0.06627897342995141
a3986d20c19f33c7c107fw,2026-01-05 13:00:00+08:00,0.1284999999999998,1.9783,2.084,0.10570000000000013,21.570482497634487,HOURLY_RECON_GT_5PCT,28.7,64.0,0.1,WX_CLEANED,13,0,0,0,0.0902716666666664,,0.09493190972222194,0.06716784523809496
a3986d20c19f33c7c107fw,2026-01-05 14:00:00+08:00,0.0890774999999998,2.1048,2.1736,0.06879999999999997,29.473110465116036,HOURLY_RECON_GT_5PCT,28.1,65.0,0.1,WX_CLEANED,14,0,0,0,0.116848333333333,,0.0937747916666664,0.06747643192488235
a3986d20c19f33c7c107fw,2026-01-05 15:00:00+08:00,0.1224249999999999,2.1955,2.29,0.09450000000000003,29.550264550264398,HOURLY_RECON_GT_5PCT,27.5,69.0,0.2,WX_CLEANED,15,0,0,0,0.1087149999999997,,0.0943460416666664,0.06823960648148121
a3986d20c19f33c7c107fw,2026-01-05 16:00:00+08:00,0.0701016666666662,0.0078,0.0773,0.06949999999999999,0.8657074340520994,,27.0,72.0,0.1,WX_CLEANED,16,0,0,0,0.0882258333333331,,0.09359086805555528,0.06826511415525087
a3986d20c19f33c7c107fw,2026-01-05 17:00:00+08:00,0.0956891666666665,0.099,0.166,0.067,42.819651741293285,HOURLY_RECON_GT_5PCT,25.9,80.0,0.7,WX_CLEANED,17,0,0,0,0.0839049999999999,,0.09408187499999972,0.06863570945945918
a3986d20c19f33c7c107fw,2026-01-05 18:00:00+08:00,0.1227149999999996,0.189,0.2887,0.09970000000000001,23.084252758274413,HOURLY_RECON_GT_5PCT,25.6,82.0,0.0,WX_CLEANED,18,0,0,0,0.1179949999999998,,0.09427854166666638,0.06935676666666639
a3986d20c19f33c7c107fw,2026-01-05 19:00:00+08:00,0.08551666666666649,0.2966,0.3818,0.0852,0.37167449139259745,,25.7,82.0,0.0,WX_CLEANED,19,0,0,0,0.084395833333333,,0.09432524305555529,0.06956939692982429
a3986d20c19f33c7c107fw,2026-01-05 20:00:00+08:00,0.08551666666666649,0.405,0.4596,0.05459999999999998,56.623931623931355,HOURLY_RECON_GT_5PCT,25.2,85.0,0.3,WX_CLEANED,20,0,0,0,0.0842958333333332,,0.09437611111111083,0.06977650432900405
a3986d20c19f33c7c107fw,2026-01-05 21:00:00+08:00,0.1330691666666663,0.4831,0.6005,0.11740000000000006,13.34681998864244,HOURLY_RECON_GT_5PCT,25.1,87.0,0.1,WX_CLEANED,21,0,0,0,0.1196016666666662,,0.09493725694444416,0.07058794871794845
a3986d20c19f33c7c107fw,2026-01-05 22:00:00+08:00,0.0921599999999997,0.6084,0.6923,0.08389999999999997,9.845053635279772,HOURLY_RECON_GT_5PCT,24.9,87.0,0.1,WX_CLEANED,22,0,0,0,0.0862816666666663,,0.09518218749999972,0.07086101265822757
a3986d20c19f33c7c107fw,2026-01-05 23:00:00+08:00,0.0842908333333331,0.715,0.7691,0.05410000000000004,55.80560690080046,HOURLY_RECON_GT_5PCT,24.8,88.0,0.1,WX_CLEANED,23,0,0,0,0.10068166666666631,,0.09449923611111084,0.07102888541666638
a3986d20c19f33c7c107fw,2026-01-06 00:00:00+08:00,0.10871999999999979,0.7924,0.8779,0.08550000000000002,27.157894736841826,HOURLY_RECON_GT_5PCT,24.5,91.0,0.0,WX_CLEANED,0,1,0,0,0.0944033333333331,,0.09509576388888863,0.07149420781892976
a3986d20c19f33c7c107fw,2026-01-06 01:00:00+08:00,0.1022199999999996,0.8858,0.988,0.10219999999999996,0.019569471623919088,,24.5,92.0,0.0,WX_CLEANED,1,1,0,0,0.0788291666666665,,0.09607038194444417,0.07186891260162574
a3986d20c19f33c7c107fw,2026-01-06 02:00:00+08:00,0.0786541666666665,0.9958,1.0666,0.07079999999999997,11.093455743879273,HOURLY_RECON_GT_5PCT,24.6,91.0,0.0,WX_CLEANED,2,1,0,0,0.0906016666666664,,0.09557256944444419,0.07195066265060214
a3986d20c19f33c7c107fw,2026-01-06 03:00:00+08:00,0.1023341666666664,1.0902,1.161,0.07079999999999997,44.539783427494974,HOURLY_RECON_GT_5PCT,24.5,90.0,0.0,WX_CLEANED,3,1,0,0,0.1047999999999997,,0.09546982638888861,0.07231237103174576
a3986d20c19f33c7c107fw,2026-01-06 04:00:00+08:00,0.1159941666666665,1.1689,1.2846,0.11569999999999991,0.25424949582245615,,24.4,89.0,0.1,WX_CLEANED,4,1,0,0,0.0590016666666664,,0.09784451388888864,0.07282627450980365
a3986d20c19f33c7c107fw,2026-01-06 05:00:00+08:00,0.1315999999999997,1.3077,1.4162,0.10849999999999982,21.29032258064508,HOURLY_RECON_GT_5PCT,24.5,87.0,0.1,WX_CLEANED,5,1,0,0,0.0972649999999998,,0.09927513888888861,0.07350968992248035
a3986d20c19f33c7c107fw,2026-01-06 06:00:00+08:00,0.0761783333333331,1.424,1.4927,0.06869999999999998,10.885492479378627,HOURLY_RECON_GT_5PCT,24.4,87.0,0.0,WX_CLEANED,6,1,0,0,0.0857924999999996,,0.09887454861111085,0.07354036398467406
a3986d20c19f33c7c107fw,2026-01-06 07:00:00+08:00,0.0986108333333332,1.5153,1.584,0.06869999999999998,43.53833090732638,HOURLY_RECON_GT_5PCT,24.4,88.0,0.0,WX_CLEANED,7,1,0,0,0.074065833333333,,0.09989725694444418,0.07382525568181791
a3986d20c19f33c7c107fw,2026-01-06 08:00:00+08:00,0.1045833333333333,1.5918,1.6961,0.10429999999999984,0.27165228507523403,,24.1,92.0,0.0,WX_CLEANED,8,1,0,0,0.0991508333333328,,0.10012361111111089,0.07417085205992482
a3986d20c19f33c7c107fw,2026-01-06 09:00:00+08:00,0.059453333333333004,1.7012,1.7556,0.054400000000000004,9.289215686273897,HOURLY_RECON_GT_5PCT,25.0,89.0,0.4,WX_CLEANED,9,1,0,0,0.0643183333333331,,0.09992090277777754,0.0740073240740738
a3986d20c19f33c7c107fw,2026-01-06 10:00:00+08:00,0.049328333333333196,1.7661,1.7973,0.031199999999999894,58.10363247863257,HOURLY_RECON_GT_5PCT,25.0,89.0,0.2,WX_CLEANED,10,1,0,0,0.1006674999999997,,0.0977817708333331,0.0737361263736261
a3986d20c19f33c7c107fw,2026-01-06 11:00:00+08:00,0.0690591666666665,1.7973,1.8702,0.07290000000000019,5.26863283036169,HOURLY_RECON_GT_5PCT,25.6,85.0,0.2,WX_CLEANED,11,1,0,0,0.1020849999999998,,0.0964056944444442,0.0736852898550722
a3986d20c19f33c7c107fw,2026-01-06 12:00:00+08:00,0.0646983333333333,1.8781,1.9426,0.0645,0.3074935400516285,,26.6,78.0,0.0,WX_CLEANED,12,1,0,0,0.1079391666666664,,0.09460399305555532,0.07358865591397823
a3986d20c19f33c7c107fw,2026-01-06 13:00:00+08:00,0.1161016666666664,1.9658,2.051,0.08520000000000016,36.269561815335884,HOURLY_RECON_GT_5PCT,27.4,76.0,0.0,WX_CLEANED,13,1,0,0,0.1284999999999998,,0.09408739583333313,0.07404092198581534
a3986d20c19f33c7c107fw,2026-01-06 14:00:00+08:00,0.0845341666666659,2.0588,2.143,0.08419999999999961,0.3968725257319359,,27.1,74.0,0.0,WX_CLEANED,14,1,0,0,0.0890774999999998,,0.09389809027777751,0.07415137719298219
a3986d20c19f33c7c107fw,2026-01-06 15:00:00+08:00,0.084434166666667,2.1658,2.22,0.05420000000000025,55.78259532595317,HOURLY_RECON_GT_5PCT,27.2,75.0,0.1,WX_CLEANED,15,1,0,0,0.1224249999999999,,0.09231513888888865,0.07425848958333307
a3986d20c19f33c7c107fw,2026-01-06 16:00:00+08:00,0.1042349999999999,0.0083,0.1045,0.0962,8.352390852390752,HOURLY_RECON_GT_5PCT,26.7,78.0,0.1,WX_CLEANED,16,1,0,0,0.0701016666666662,,0.0937373611111109,0.07456752577319561
a3986d20c19f33c7c107fw,2026-01-06 17:00:00+08:00,0.1180291666666664,0.1313,0.2296,0.0983,20.070362834858997,HOURLY_RECON_GT_5PCT,26.2,82.0,0.1,WX_CLEANED,17,1,0,0,0.0956891666666665,,0.09466819444444423,0.07501101190476164
a3986d20c19f33c7c107fw,2026-01-06 18:00:00+08:00,0.0859533333333331,0.2521,0.3141,0.062,38.63440860215017,HOURLY_RECON_GT_5PCT,25.9,87.0,0.0,WX_CLEANED,18,1,0,0,0.1227149999999996,,0.09313645833333312,0.07512154040404015
a3986d20c19f33c7c107fw,2026-01-06 19:00:00+08:00,0.1129541666666663,0.3371,0.4225,0.08539999999999998,32.264832162372755,HOURLY_RECON_GT_5PCT,25.6,91.0,0.1,WX_CLEANED,19,1,0,0,0.08551666666666649,,0.09427968749999978,0.0754998666666664
a3986d20c19f33c7c107fw,2026-01-06 20:00:00+08:00,0.0755533333333331,0.4308,0.4976,0.06679999999999997,13.103792415169357,HOURLY_RECON_GT_5PCT,25.7,87.0,0.2,WX_CLEANED,20,1,0,0,0.08551666666666649,,0.09386454861111089,0.07550039603960369
a3986d20c19f33c7c107fw,2026-01-06 21:00:00+08:00,0.0848841666666664,0.5206,0.5846,0.06400000000000006,32.63151041666613,HOURLY_RECON_GT_5PCT,25.8,88.0,0.1,WX_CLEANED,21,1,0,0,0.1330691666666663,,0.09185684027777756,0.07559239379084941
a3986d20c19f33c7c107fw,2026-01-06 22:00:00+08:00,0.1258908333333331,0.6073,0.7148,0.10750000000000004,17.10775193798423,HOURLY_RECON_GT_5PCT,25.6,88.0,0.1,WX_CLEANED,22,1,0,0,0.0921599999999997,,0.09326229166666644,0.07608072815533955
a3986d20c19f33c7c107fw,2026-01-06 23:00:00+08:00,0.0781149999999998,0.7317,0.7886,0.05689999999999995,37.284710017574454,HOURLY_RECON_GT_5PCT,25.5,85.0,0.1,WX_CLEANED,23,1,0,0,0.0842908333333331,,0.09300496527777756,0.0761002884615382
a3986d20c19f33c7c107fw,2026-01-07 00:00:00+08:00,0.0733624999999998,0.796,0.8631,0.06709999999999994,9.333084947838854,HOURLY_RECON_GT_5PCT,25.3,83.0,0.0,WX_CLEANED,0,2,0,0,0.10871999999999979,,0.09153173611111089,0.07607421428571402
a3986d20c19f33c7c107fw,2026-01-07 01:00:00+08:00,0.0818933333333331,0.8681,0.9524,0.08430000000000004,2.854883353104323,,25.1,82.0,0.0,WX_CLEANED,1,2,0,0,0.1022199999999996,,0.09068479166666644,0.07612911163521988
a3986d20c19f33c7c107fw,2026-01-07 02:00:00+08:00,0.0516899999999997,0.9573,0.997,0.03969999999999996,30.201511335011983,HOURLY_RECON_GT_5PCT,24.5,89.0,0.0,WX_CLEANED,2,2,0,0,0.0786541666666665,,0.08956128472222201,0.07590070872274117
a3986d20c19f33c7c107fw,2026-01-07 03:00:00+08:00,0.0781349999999997,1.014,1.0757,0.06170000000000009,26.636952998378593,HOURLY_RECON_GT_5PCT,24.5,86.0,0.0,WX_CLEANED,3,2,0,0,0.1023341666666664,,0.0885529861111109,0.075921396604938
a3986d20c19f33c7c107fw,2026-01-07 04:00:00+08:00,0.0573616666666665,1.0782,1.1391,0.060899999999999954,5.810071154898947,HOURLY_RECON_GT_5PCT,24.3,82.0,0.0,WX_CLEANED,4,2,0,0,0.1159941666666665,,0.08610996527777755,0.07575112385321076
a3986d20c19f33c7c107fw,2026-01-07 05:00:00+08:00,0.0379474999999999,1.152,1.1812,0.029200000000000115,29.957191780821056,HOURLY_RECON_GT_5PCT,24.0,83.0,0.0,WX_CLEANED,5,2,0,0,0.1315999999999997,,0.08220777777777757,0.07540745454545428
a3986d20c19f33c7c107fw,2026-01-07 06:00:00+08:00,0.12416166666666639,1.203,1.3121,0.10909999999999997,13.805377329666749,HOURLY_RECON_GT_5PCT,23.9,83.0,0.0,WX_CLEANED,6,2,0,0,0.0761783333333331,,0.08420708333333311,0.07584668168168142
a3986d20c19f33c7c107fw,2026-01-07 07:00:00+08:00,0.078925833333333,1.3204,1.3904,0.07000000000000006,12.7511904761899,HOURLY_RECON_GT_5PCT,24.1,79.0,0.0,WX_CLEANED,7,2,0,0,0.0986108333333332,,0.08338687499999979,0.07587417410714259
a3986d20c19f33c7c107fw,2026-01-07 08:00:00+08:00,0.1109966666666663,1.4123,1.4946,0.08229999999999982,34.86836776022667,HOURLY_RECON_GT_5PCT,24.3,86.0,0.0,WX_CLEANED,8,2,0,0,0.1045833333333333,,0.08365409722222199,0.07618499262536847
a3986d20c19f33c7c107fw,2026-01-07 09:00:00+08:00,0.0998466666666663,1.5029,1.6016,0.09870000000000001,1.1617696724075948,,25.5,78.0,0.0,WX_CLEANED,9,2,0,0,0.059453333333333004,,0.08533715277777754,0.07639255116959037
a3986d20c19f33c7c107fw,2026-01-07 10:00:00+08:00,0.0926591666666664,1.6242,1.6942,0.06999999999999984,32.37023809523802,HOURLY_RECON_GT_5PCT,26.5,70.0,0.0,WX_CLEANED,10,2,0,0,0.049328333333333196,,0.08714260416666642,0.07653399999999974
a3986d20c19f33c7c107fw,2026-01-07 11:00:00+08:00,0.1181041666666665,1.7167,1.8052,0.08850000000000002,33.45103578154403,HOURLY_RECON_GT_5PCT,27.4,65.0,0.0,WX_CLEANED,11,2,0,0,0.0690591666666665,,0.0891861458333331,0.07689236350574685
a3986d20c19f33c7c107fw,2026-01-07 12:00:00+08:00,0.07123333333333301,1.8135,1.8835,0.07000000000000006,1.7619047619042094,,28.4,60.0,0.0,WX_CLEANED,12,2,0,0,0.0646983333333333,,0.08945843749999975,0.07684399572649546
a3986d20c19f33c7c107fw,2026-01-07 13:00:00+08:00,0.085433333333333,1.9061,1.9618,0.05570000000000008,53.38120885697105,HOURLY_RECON_GT_5PCT,29.6,54.0,0.0,WX_CLEANED,13,2,0,0,0.1161016666666664,,0.08818059027777753,0.07691678672316357
a3986d20c19f33c7c107fw,2026-01-07 14:00:00+08:00,0.1142999999999998,1.9715,2.0823,0.11080000000000001,3.1588447653427747,,29.1,57.0,0.0,WX_CLEANED,14,2,0,0,0.0845341666666659,,0.0894208333333331,0.07723093137254876
a3986d20c19f33c7c107fw,2026-01-07 15:00:00+08:00,0.0645891666666667,2.0906,2.14,0.04940000000000033,30.74730094466855,HOURLY_RECON_GT_5PCT,29.8,53.0,0.0,WX_CLEANED,15,2,0,0,0.084434166666667,,0.0885939583333331,0.07712558333333307
a3986d20c19f33c7c107fw,2026-01-07 16:00:00+08:00,0.0536999999999998,0.007,0.0532,0.0462,16.233766233765813,HOURLY_RECON_GT_5PCT,29.2,55.0,0.0,WX_CLEANED,16,2,0,0,0.1042349999999999,,0.08648833333333307,0.07693198347107412
a3986d20c19f33c7c107fw,2026-01-07 17:00:00+08:00,0.0431999999999996,0.0604,0.0964,0.036,19.999999999998895,HOURLY_RECON_GT_5PCT,28.4,59.0,0.0,WX_CLEANED,17,2,0,0,0.1180291666666664,,0.08337045138888864,0.07665549180327842
a3986d20c19f33c7c107fw,2026-01-07 18:00:00+08:00,0.0528191666666663,0.1036,0.1519,0.04830000000000001,9.356452726017162,HOURLY_RECON_GT_5PCT,27.5,66.0,0.0,WX_CLEANED,18,2,0,0,0.0859533333333331,,0.08198986111111085,0.07646170054200517
a3986d20c19f33c7c107fw,2026-01-07 19:00:00+08:00,0.0489558333333331,0.1591,0.1982,0.039099999999999996,25.20673486785961,HOURLY_RECON_GT_5PCT,27.1,69.0,0.0,WX_CLEANED,19,2,0,0,0.1129541666666663,,0.07932326388888865,0.0762398790322578
a3986d20c19f33c7c107fw,2026-01-07 20:00:00+08:00,0.0432999999999998,0.2054,0.2415,0.03609999999999999,19.9445983379496,HOURLY_RECON_GT_5PCT,26.2,72.0,0.0,WX_CLEANED,20,2,0,0,0.0755533333333331,,0.07797937499999975,0.07597635999999974
a3986d20c19f33c7c107fw,2026-01-07 21:00:00+08:00,0.0587391666666666,0.2487,0.2993,0.050600000000000006,16.085309617918167,HOURLY_RECON_GT_5PCT,26.0,74.0,0.0,WX_CLEANED,21,2,0,0,0.0848841666666664,,0.07688999999999975,0.07583955687830661
a3986d20c19f33c7c107fw,2026-01-07 22:00:00+08:00,0.0589724999999998,0.3046,0.3616,0.056999999999999995,3.4605263157891364,,25.6,76.0,0.0,WX_CLEANED,22,2,0,0,0.1258908333333331,,0.07410173611111087,0.0757067454068239
a3986d20c19f33c7c107fw,2026-01-07 23:00:00+08:00,0.0481566666666664,0.3735,0.4074,0.033899999999999986,42.05506391347028,HOURLY_RECON_GT_5PCT,25.2,79.0,0.0,WX_CLEANED,23,2,0,0,0.0781149999999998,,0.07285347222222198,0.07549151041666641
a3986d20c19f33c7c107fw,2026-01-08 00:00:00+08:00,0.0499983333333332,0.4146,0.4556,0.04099999999999998,21.947154471544447,HOURLY_RECON_GT_5PCT,24.7,81.0,0.0,WX_CLEANED,0,3,0,0,0.0733624999999998,,0.07187996527777754,0.07529388888888863
a3986d20c19f33c7c107fw,2026-01-08 01:00:00+08:00,0.0476308333333331,0.4591,0.5051,0.045999999999999985,3.545289855071993,,24.5,82.0,0.1,WX_CLEANED,1,3,0,0,0.0818933333333331,,0.07045236111111088,0.0750810961538459
a3986d20c19f33c7c107fw,2026-01-08 02:00:00+08:00,0.0419124999999996,0.5123,0.5496,0.0373,12.365951742626281,HOURLY_RECON_GT_5PCT,24.5,82.0,0.2,WX_CLEANED,2,3,0,0,0.0516899999999997,,0.07004496527777752,0.07482790076335852
a3986d20c19f33c7c107fw,2026-01-08 03:00:00+08:00,0.0485891666666666,0.5616,0.5955,0.03390000000000004,43.33087512291015,HOURLY_RECON_GT_5PCT,24.2,84.0,0.0,WX_CLEANED,3,3,0,0,0.0781349999999997,,0.06881388888888866,0.07462912247474722
a3986d20c19f33c7c107fw,2026-01-08 04:00:00+08:00,0.0511041666666664,0.5973,0.6565,0.05919999999999992,13.675394144144473,HOURLY_RECON_GT_5PCT,23.9,86.0,0.0,WX_CLEANED,4,3,0,0,0.0573616666666665,,0.06855315972222199,0.07445224310776917
a3986d20c19f33c7c107fw,2026-01-08 05:00:00+08:00,0.08779166666666641,0.6762,0.7533,0.07709999999999995,13.867271941201645,HOURLY_RECON_GT_5PCT,23.5,87.0,0.0,WX_CLEANED,5,3,0,0,0.0379474999999999,,0.07062999999999975,0.07455179104477586
a3986d20c19f33c7c107fw,2026-01-08 06:00:00+08:00,0.09350833333333329,0.7712,0.8463,0.07510000000000006,24.511762094984316,HOURLY_RECON_GT_5PCT,23.5,88.0,0.0,WX_CLEANED,6,3,0,0,0.12416166666666639,,0.06935277777777754,0.07469220987654296
a3986d20c19f33c7c107fw,2026-01-08 07:00:00+08:00,0.0975999999999998,0.8633,0.9439,0.0806,21.0918114143918,HOURLY_RECON_GT_5PCT,23.6,87.0,0.0,WX_CLEANED,7,3,0,0,0.078925833333333,,0.07013086805555534,0.07486064950980367
a3986d20c19f33c7c107fw,2026-01-08 08:00:00+08:00,0.06912999999999961,0.9598,1.013,0.053199999999999914,29.94360902255587,HOURLY_RECON_GT_5PCT,24.7,83.0,0.0,WX_CLEANED,8,3,0,0,0.1109966666666663,,0.06838642361111087,0.07481881995133795
a3986d20c19f33c7c107fw,2026-01-08 09:00:00+08:00,0.0705099999999998,1.0282,1.0814,0.053199999999999914,32.537593984962236,HOURLY_RECON_GT_5PCT,26.0,76.0,0.0,WX_CLEANED,9,3,0,0,0.0998466666666663,,0.06716406249999977,0.07478759661835722
a3986d20c19f33c7c107fw,2026-01-08 10:00:00+08:00,0.0377141666666663,1.0886,1.1155,0.026899999999999924,40.20136307310931,HOURLY_RECON_GT_5PCT,27.2,69.0,0.0,WX_CLEANED,10,3,0,0,0.0926591666666664,,0.06487468749999976,0.07452088129496377
a3986d20c19f33c7c107fw,2026-01-08 11:00:00+08:00,0.038032500000000094,1.1155,1.161,0.045500000000000096,16.41208791208788,HOURLY_RECON_GT_5PCT,27.6,67.0,0.1,WX_CLEANED,11,3,0,0,0.1181041666666665,,0.06153836805555534,0.07426024999999975
a3986d20c19f33c7c107fw,2026-01-08 12:00:00+08:00,0.0592549999999995,1.1761,1.2206,0.044499999999999984,33.15730337078545,HOURLY_RECON_GT_5PCT,28.4,64.0,0.2,WX_CLEANED,12,3,0,0,0.07123333333333301,,0.061039270833333104,0.07415382978723378
a3986d20c19f33c7c107fw,2026-01-08 13:00:00+08:00,0.0727374999999998,1.2362,1.2864,0.05020000000000002,44.89541832669277,HOURLY_RECON_GT_5PCT,28.0,65.0,0.4,WX_CLEANED,13,3,0,0,0.085433333333333,,0.06051027777777756,0.07414385563380256
a3986d20c19f33c7c107fw,2026-01-08 14:00:00+08:00,0.0478883333333329,1.3011,1.3371,0.03600000000000003,33.02314814814683,HOURLY_RECON_GT_5PCT,27.6,68.0,0.8,WX_CLEANED,14,3,0,0,0.1142999999999998,,0.05774312499999976,0.07396025058275033
a3986d20c19f33c7c107fw,2026-01-08 15:00:00+08:00,0.0846549999999999,1.353,1.42,0.06699999999999995,26.35074626865666,HOURLY_RECON_GT_5PCT,27.9,66.0,0.0,WX_CLEANED,15,3,0,0,0.0645891666666667,,0.05857920138888865,0.07403451967592567
a3986d20c19f33c7c107fw,2026-01-08 16:00:00+08:00,0.0919474999999999,0.0105,0.102,0.0915,0.48907103825126375,,27.5,68.0,0.0,WX_CLEANED,16,3,0,0,0.0536999999999998,,0.06017284722222199,0.07415805747126411
a3986d20c19f33c7c107fw,2026-01-08 17:00:00+08:00,0.12622749999999988,0.1257,0.2281,0.10239999999999999,23.269042968749893,HOURLY_RECON_GT_5PCT,27.3,69.0,0.1,WX_CLEANED,17,3,0,0,0.0431999999999996,,0.06363232638888867,0.07451469748858422
a3986d20c19f33c7c107fw,2026-01-08 18:00:00+08:00,0.1483999999999998,0.2518,0.3765,0.12469999999999998,19.00561347233347,HOURLY_RECON_GT_5PCT,26.9,71.0,0.1,WX_CLEANED,18,3,0,0,0.0528191666666663,,0.06761486111111091,0.07501731859410406
a3986d20c19f33c7c107fw,2026-01-08 19:00:00+08:00,0.1217858333333332,0.4017,0.4935,0.09179999999999999,32.66430646332594,HOURLY_RECON_GT_5PCT,26.5,75.0,0.0,WX_CLEANED,19,3,0,0,0.0489558333333331,,0.07064944444444424,0.07533332207207181
a3986d20c19f33c7c107fw,2026-01-08 20:00:00+08:00,0.0544324999999997,0.5021,0.5441,0.04200000000000004,29.601190476189654,HOURLY_RECON_GT_5PCT,26.2,76.0,0.0,WX_CLEANED,20,3,0,0,0.0432999999999998,,0.0711132986111109,0.07519304809843375
a3986d20c19f33c7c107fw,2026-01-08 21:00:00+08:00,0.1054558333333331,0.5626,0.6484,0.08579999999999999,22.9088966588964,HOURLY_RECON_GT_5PCT,26.4,75.0,0.0,WX_CLEANED,21,3,0,0,0.0587391666666666,,0.07305982638888868,0.07539479999999975
a3986d20c19f33c7c107fw,2026-01-08 22:00:00+08:00,0.0882166666666665,0.6563,0.7417,0.08540000000000003,3.2982045277124903,,26.2,76.0,0.0,WX_CLEANED,22,3,0,0,0.0589724999999998,,0.07427833333333311,0.0754797130242823
a3986d20c19f33c7c107fw,2026-01-08 23:00:00+08:00,0.0608758333333332,0.7596,0.798,0.03839999999999999,58.530815972221916,HOURLY_RECON_GT_5PCT,25.9,77.0,0.1,WX_CLEANED,23,3,0,0,0.0481566666666664,,0.0748082986111109,0.07538363486842081
a3986d20c19f33c7c107fw,2026-01-09 00:00:00+08:00,0.0655024999999998,0.8059,0.8639,0.05800000000000005,12.935344827585757,HOURLY_RECON_GT_5PCT,25.8,79.0,0.1,WX_CLEANED,0,4,0,0,0.0499983333333332,,0.07545430555555534,0.07531905228758146
a3986d20c19f33c7c107fw,2026-01-09 01:00:00+08:00,0.0781699999999997,0.8725,0.942,0.0694999999999999,12.474820143884626,HOURLY_RECON_GT_5PCT,25.5,81.0,0.0,WX_CLEANED,1,4,0,0,0.0476308333333331,,0.07672677083333312,0.07533756493506469
a3986d20c19f33c7c107fw,2026-01-09 02:00:00+08:00,0.0898383333333332,0.9506,1.0394,0.0888000000000001,1.1692942942940299,,25.1,82.0,0.0,WX_CLEANED,2,4,0,0,0.0419124999999996,,0.07872368055555536,0.07543111827956964
a3986d20c19f33c7c107fw,2026-01-09 03:00:00+08:00,0.1374999999999997,1.0632,1.1769,0.11370000000000013,20.932277924361955,HOURLY_RECON_GT_5PCT,25.1,82.0,0.0,WX_CLEANED,3,4,0,0,0.0485891666666666,,0.0824282986111109,0.07582899572649547
a3986d20c19f33c7c107fw,2026-01-09 04:00:00+08:00,0.0614816666666663,1.1855,1.2347,0.04919999999999991,24.96273712737076,HOURLY_RECON_GT_5PCT,25.0,81.0,0.0,WX_CLEANED,4,4,0,0,0.0511041666666664,,0.08286069444444423,0.07573761146496791
a3986d20c19f33c7c107fw,2026-01-09 05:00:00+08:00,0.038372500000000004,1.2484,1.2845,0.03610000000000002,6.295013850415461,HOURLY_RECON_GT_5PCT,25.0,80.0,0.0,WX_CLEANED,5,4,0,0,0.08779166666666641,,0.0808015624999998,0.07550112341772126
a3986d20c19f33c7c107fw,2026-01-09 06:00:00+08:00,0.11620083333333331,1.2952,1.4012,0.1060000000000001,9.623427672955854,HOURLY_RECON_GT_5PCT,24.9,76.0,0.0,WX_CLEANED,6,4,0,0,0.09350833333333329,,0.08174708333333312,0.07575709643605846
a3986d20c19f33c7c107fw,2026-01-09 07:00:00+08:00,0.1369999999999996,1.425,1.5382,0.11319999999999997,21.024734982331832,HOURLY_RECON_GT_5PCT,24.8,74.0,0.0,WX_CLEANED,7,4,0,0,0.0975999999999998,,0.08338874999999979,0.07613986458333308
a3986d20c19f33c7c107fw,2026-01-09 08:00:00+08:00,0.08521166666666641,1.5605,1.6169,0.056400000000000006,51.084515366429784,HOURLY_RECON_GT_5PCT,25.5,73.0,0.0,WX_CLEANED,8,4,0,0,0.06912999999999961,,0.08405881944444422,0.07619621118012397
a3986d20c19f33c7c107fw,2026-01-09 09:00:00+08:00,0.100163333333333,1.6255,1.7245,0.09899999999999998,1.1750841750838552,,25.5,73.0,0.2,WX_CLEANED,9,4,0,0,0.0705099999999998,,0.0852943749999998,0.07634415637860056
a3986d20c19f33c7c107fw,2026-01-09 10:00:00+08:00,0.0720674999999998,1.7332,1.7875,0.054300000000000015,32.720994475137715,HOURLY_RECON_GT_5PCT,26.2,69.0,0.0,WX_CLEANED,10,4,0,0,0.0377141666666663,,0.08672576388888868,0.07631791922290364
a3986d20c19f33c7c107fw,2026-01-09 11:00:00+08:00,0.052807499999999896,1.7875,1.8446,0.05709999999999993,7.517513134851204,HOURLY_RECON_GT_5PCT,26.9,67.0,0.0,WX_CLEANED,11,4,0,0,0.038032500000000094,,0.08734138888888866,0.07617456300812983
a3986d20c19f33c7c107fw,2026-01-09 12:00:00+08:00,0.1186599999999995,1.8532,1.9707,0.11749999999999994,0.987234042552821,,28.1,61.0,0.0,WX_CLEANED,12,4,0,0,0.0592549999999995,,0.08981659722222202,0.07643205050505025
a3986d20c19f33c7c107fw,2026-01-09 13:00:00+08:00,0.0592599999999997,1.9793,2.0225,0.043199999999999905,37.17592592592553,HOURLY_RECON_GT_5PCT,28.5,60.0,0.0,WX_CLEANED,13,4,0,0,0.0727374999999998,,0.089255034722222,0.07632860441767043
a3986d20c19f33c7c107fw,2026-01-09 14:00:00+08:00,0.11517333333333299,2.0311,2.1385,0.10740000000000016,7.237740533829437,HOURLY_RECON_GT_5PCT,27.5,69.0,0.0,WX_CLEANED,14,4,0,0,0.0478883333333329,,0.09205857638888866,0.0765612075848301
a3986d20c19f33c7c107fw,2026-01-09 15:00:00+08:00,0.1245524999999997,2.1488,2.27,0.12119999999999997,2.7660891089106694,,29.1,58.0,0.0,WX_CLEANED,15,4,0,0,0.0846549999999999,,0.09372097222222199,0.0768468700396823
a3986d20c19f33c7c107fw,2026-01-09 16:00:00+08:00,0.12718583333333291,0.0259,0.128,0.1021,24.569866144302566,HOURLY_RECON_GT_5PCT,28.5,61.0,0.1,WX_CLEANED,16,4,0,0,0.0919474999999999,0.0117883333333332,0.09518923611111087,0.07753375992063466
a3986d20c19f33c7c107fw,2026-01-09 17:00:00+08:00,0.1487483333333331,0.1539,0.2721,0.1182,25.844613649181973,HOURLY_RECON_GT_5PCT,27.9,64.0,0.1,WX_CLEANED,17,4,0,0,0.12622749999999988,0.0149883333333331,0.09612760416666642,0.07832995039682514
a3986d20c19f33c7c107fw,2026-01-09 18:00:00+08:00,0.1498574999999997,0.3027,0.425,0.12229999999999996,22.532706459525546,HOURLY_RECON_GT_5PCT,27.0,67.0,0.0,WX_CLEANED,18,4,0,0,0.1483999999999998,0.0173616666666664,0.09618833333333308,0.07911861607142831
a3986d20c19f33c7c107fw,2026-01-09 19:00:00+08:00,0.1384008333333331,0.4504,0.5642,0.11380000000000001,21.617603983596744,HOURLY_RECON_GT_5PCT,26.5,70.0,0.0,WX_CLEANED,19,4,0,0,0.1217858333333332,0.014018333333333199,0.09688062499999976,0.07985898809523785
a3986d20c19f33c7c107fw,2026-01-09 20:00:00+08:00,0.0997566666666664,0.5881,0.6569,0.06880000000000008,44.99515503875912,HOURLY_RECON_GT_5PCT,26.2,70.0,0.0,WX_CLEANED,20,4,0,0,0.0544324999999997,0.0086066666666664,0.0987691319444442,0.08040154761904736
a3986d20c19f33c7c107fw,2026-01-09 21:00:00+08:00,0.11986916666666639,0.6665,0.7847,0.11819999999999997,1.4121545403269176,,26.0,70.0,0.2,WX_CLEANED,21,4,0,0,0.1054558333333331,0.0139199999999997,0.09936968749999975,0.08103219742063467
a3986d20c19f33c7c107fw,2026-01-09 22:00:00+08:00,0.11018833333333311,0.7931,0.8941,0.10099999999999998,9.0973597359734,HOURLY_RECON_GT_5PCT,25.4,74.0,0.2,WX_CLEANED,22,4,0,0,0.0882166666666665,0.0116374999999998,0.10028517361111085,0.08161880952380926
a3986d20c19f33c7c107fw,2026-01-09 23:00:00+08:00,0.0864808333333331,0.918,0.9734,0.055400000000000005,56.10258724428356,HOURLY_RECON_GT_5PCT,25.2,75.0,0.1,WX_CLEANED,23,4,0,0,0.0608758333333332,0.0152566666666663,0.10135204861111086,0.08204276289682515
a3986d20c19f33c7c107fw,2026-01-10 00:00:00+08:00,0.1287949999999997,0.983,1.1101,0.1271000000000001,1.3335955940201294,,25.0,77.0,0.0,WX_CLEANED,0,5,1,0,0.0655024999999998,0.0128108333333331,0.10398923611111084,0.08273314484126959
a3986d20c19f33c7c107fw,2026-01-10 01:00:00+08:00,0.1249691666666661,1.1355,1.2277,0.09220000000000006,35.54139551699135,HOURLY_RECON_GT_5PCT,25.0,78.0,0.0,WX_CLEANED,1,5,1,0,0.0781699999999997,0.009322499999999699,0.10593920138888861,0.08342151785714261
a3986d20c19f33c7c107fw,2026-01-10 02:00:00+08:00,0.1305941666666666,1.2373,1.3664,0.1291,1.157371546604649,,24.7,81.0,0.0,WX_CLEANED,2,5,1,0,0.0898383333333332,0.0091741666666665,0.10763736111111083,0.0841442559523807
a3986d20c19f33c7c107fw,2026-01-10 03:00:00+08:00,0.1234999999999998,1.3922,1.4899,0.0976999999999999,26.407369498464618,HOURLY_RECON_GT_5PCT,24.3,81.0,0.4,WX_CLEANED,3,5,1,0,0.1374999999999997,0.0109874999999997,0.1070540277777775,0.08481397321428547
a3986d20c19f33c7c107fw,2026-01-10 04:00:00+08:00,0.0500608333333334,1.4926,1.5472,0.05459999999999998,8.313492063491907,HOURLY_RECON_GT_5PCT,24.2,78.0,0.0,WX_CLEANED,4,5,1,0,0.0614816666666663,0.0061233333333332,0.10657815972222197,0.0850755059523807
a3986d20c19f33c7c107fw,2026-01-10 05:00:00+08:00,0.036045,1.5619,1.5903,0.02839999999999998,26.919014084507133,HOURLY_RECON_GT_5PCT,23.9,79.0,0.1,WX_CLEANED,5,5,1,0,0.038372500000000004,0.0044666666666664,0.10648118055555529,0.08526347222222197
a3986d20c19f33c7c107fw,2026-01-10 06:00:00+08:00,0.0783299999999998,1.6018,1.6727,0.07090000000000019,10.47954866008406,HOURLY_RECON_GT_5PCT,23.6,83.0,0.5,WX_CLEANED,6,5,1,0,0.11620083333333331,0.016175833333333,0.1049032291666664,0.08563343749999974
a3986d20c19f33c7c107fw,2026-01-10 07:00:00+08:00,0.077735,1.684,1.7449,0.060899999999999954,27.64367816091963,HOURLY_RECON_GT_5PCT,23.8,82.0,0.2,WX_CLEANED,7,5,1,0,0.1369999999999996,0.0226633333333331,0.10243385416666644,0.08596124503968229
a3986d20c19f33c7c107fw,2026-01-10 08:00:00+08:00,0.0789424999999999,1.7586,1.8225,0.06390000000000007,23.54068857589956,HOURLY_RECON_GT_5PCT,24.0,86.0,0.0,WX_CLEANED,8,5,1,0,0.08521166666666641,0.0301716666666664,0.10217263888888865,0.08625154761904737
a3986d20c19f33c7c107fw,2026-01-10 09:00:00+08:00,0.0590658333333329,1.8281,1.8846,0.056499999999999995,4.54129793510249,,25.2,79.0,0.1,WX_CLEANED,9,5,1,0,0.100163333333333,0.0246458333333332,0.1004602430555553,0.08645642857142832
a3986d20c19f33c7c107fw,2026-01-10 10:00:00+08:00,0.0493616666666664,1.896,1.9283,0.032299999999999995,52.82249742001984,HOURLY_RECON_GT_5PCT,27.4,65.0,0.0,WX_CLEANED,10,5,1,0,0.0720674999999998,0.0258633333333331,0.09951416666666642,0.08659629960317436
a3986d20c19f33c7c107fw,2026-01-10 11:00:00+08:00,0.0516716666666664,1.9283,1.9827,0.054400000000000004,5.015318627451476,HOURLY_RECON_GT_5PCT,29.0,59.0,0.0,WX_CLEANED,11,5,1,0,0.052807499999999896,0.024664999999999798,0.09946684027777754,0.08675705357142831
a3986d20c19f33c7c107fw,2026-01-10 12:00:00+08:00,0.0481466666666662,1.9853,2.0364,0.05109999999999992,5.7795172863673745,HOURLY_RECON_GT_5PCT,30.2,54.0,0.0,WX_CLEANED,12,5,1,0,0.1186599999999995,0.031793333333333104,0.09652878472222197,0.08685439484126958
a3986d20c19f33c7c107fw,2026-01-10 13:00:00+08:00,0.0654558333333333,2.0534,2.0947,0.041300000000000114,58.48870056497122,HOURLY_RECON_GT_5PCT,30.3,55.0,0.0,WX_CLEANED,13,5,1,0,0.0592599999999997,0.0288933333333331,0.0967869444444442,0.08707202876984102
a3986d20c19f33c7c107fw,2026-01-10 14:00:00+08:00,0.0703774999999994,2.1057,2.1678,0.062100000000000044,13.329307568436954,HOURLY_RECON_GT_5PCT,27.7,67.0,0.0,WX_CLEANED,14,5,1,0,0.11517333333333299,0.0248183333333329,0.09492045138888865,0.08734321428571404
a3986d20c19f33c7c107fw,2026-01-10 15:00:00+08:00,0.074740833333333,2.1788,2.24,0.061200000000000365,22.125544662308105,HOURLY_RECON_GT_5PCT,28.0,65.0,0.4,WX_CLEANED,15,5,1,0,0.1245524999999997,0.0259966666666663,0.09284496527777752,0.08763335813492039
a3986d20c19f33c7c107fw,2026-01-10 16:00:00+08:00,0.1500099999999998,0.0152,0.1629,0.1477,1.5639810426539014,,27.2,70.0,0.3,WX_CLEANED,16,5,1,0,0.12718583333333291,0.0642416666666664,0.09379597222222198,0.08814388392857117
a3986d20c19f33c7c107fw,2026-01-10 17:00:00+08:00,0.1528899999999998,0.1942,0.3148,0.12060000000000001,26.7744610281922,HOURLY_RECON_GT_5PCT,27.1,69.0,0.0,WX_CLEANED,17,5,1,0,0.1487483333333331,0.0861366666666664,0.09396854166666642,0.08854122519841245
a3986d20c19f33c7c107fw,2026-01-10 18:00:00+08:00,0.1849999999999997,0.3458,0.4998,0.15400000000000003,20.129870129869907,HOURLY_RECON_GT_5PCT,27.0,71.0,0.0,WX_CLEANED,18,5,1,0,0.1498574999999997,0.11474249999999961,0.09543281249999976,0.08895942460317435
a3986d20c19f33c7c107fw,2026-01-10 19:00:00+08:00,0.1557158333333329,0.5307,0.6513,0.12060000000000004,29.11760641238212,HOURLY_RECON_GT_5PCT,26.6,75.0,0.0,WX_CLEANED,19,5,1,0,0.1384008333333331,0.08738249999999981,0.09615427083333307,0.08936617063492039
a3986d20c19f33c7c107fw,2026-01-10 20:00:00+08:00,0.0948741666666663,0.6777,0.7387,0.061000000000000054,55.53142076502658,HOURLY_RECON_GT_5PCT,26.1,78.0,0.5,WX_CLEANED,20,5,1,0,0.0997566666666664,0.0846916666666664,0.09595083333333308,0.089426780753968
a3986d20c19f33c7c107fw,2026-01-10 21:00:00+08:00,0.1531774999999996,0.7657,0.8903,0.12459999999999993,22.935393258426714,HOURLY_RECON_GT_5PCT,26.1,82.0,0.0,WX_CLEANED,21,5,1,0,0.11986916666666639,0.1105658333333331,0.0973386805555553,0.08968042162698386
a3986d20c19f33c7c107fw,2026-01-10 22:00:00+08:00,0.12821249999999978,0.9018,1.0259,0.12409999999999999,3.3138597904913754,,26.1,83.0,0.0,WX_CLEANED,22,5,1,0,0.11018833333333311,0.0898016666666664,0.09808968749999974,0.08990905753968229
a3986d20c19f33c7c107fw,2026-01-10 23:00:00+08:00,0.0844149999999998,1.0518,1.1023,0.05049999999999999,67.15841584158379,HOURLY_RECON_GT_5PCT,26.1,82.0,0.0,WX_CLEANED,23,5,1,0,0.0864808333333331,0.0666016666666662,0.09800361111111085,0.09001508928571404
a3986d20c19f33c7c107fw,2026-01-11 00:00:00+08:00,0.1129808333333329,1.1137,1.2173,0.10360000000000014,9.054858429857873,HOURLY_RECON_GT_5PCT,26.0,82.0,0.0,WX_CLEANED,0,6,1,0,0.1287949999999997,0.0896199999999997,0.09734468749999974,0.09015414186507911
a3986d20c19f33c7c107fw,2026-01-11 01:00:00+08:00,0.10248666666666639,1.225,1.3239,0.09889999999999999,3.6265588136161835,,26.0,84.0,0.0,WX_CLEANED,1,6,1,0,0.1249691666666661,0.0899858333333329,0.09640791666666643,0.09022855158730134
a3986d20c19f33c7c107fw,2026-01-11 02:00:00+08:00,0.100783333333333,1.3315,1.4303,0.0988,2.0074224021589107,,25.4,86.0,0.0,WX_CLEANED,2,6,1,0,0.1305941666666666,0.1159999999999997,0.09516579861111085,0.09013797619047594
a3986d20c19f33c7c107fw,2026-01-11 03:00:00+08:00,0.1217483333333332,1.4564,1.5445,0.08810000000000007,38.1933409004916,HOURLY_RECON_GT_5PCT,25.2,85.0,0.0,WX_CLEANED,3,6,1,0,0.1234999999999998,0.086160833333333,0.09509281249999973,0.0903498065476188
a3986d20c19f33c7c107fw,2026-01-11 04:00:00+08:00,0.067973333333333,1.5482,1.6224,0.07420000000000004,8.391734052111918,HOURLY_RECON_GT_5PCT,25.0,84.0,0.0,WX_CLEANED,4,6,1,0,0.0500608333333334,0.1147616666666665,0.0958391666666664,0.09007130456349181
a3986d20c19f33c7c107fw,2026-01-11 05:00:00+08:00,0.0488658333333331,1.6423,1.6809,0.03859999999999997,26.59542314335011,HOURLY_RECON_GT_5PCT,24.9,82.0,0.0,WX_CLEANED,5,6,1,0,0.036045,0.0837599999999997,0.09637336805555528,0.08986360119047594
a3986d20c19f33c7c107fw,2026-01-11 06:00:00+08:00,0.1063591666666666,1.6965,1.7927,0.09620000000000006,10.560464310464171,HOURLY_RECON_GT_5PCT,24.9,80.0,0.0,WX_CLEANED,6,6,1,0,0.0783299999999998,0.1219999999999996,0.09754124999999973,0.08977050099206324
a3986d20c19f33c7c107fw,2026-01-11 07:00:00+08:00,0.1053991666666666,1.8081,1.8908,0.0827,27.447601773478365,HOURLY_RECON_GT_5PCT,25.0,79.0,0.0,WX_CLEANED,7,6,1,0,0.077735,0.0609274999999998,0.09869392361111083,0.09003521329365054
a3986d20c19f33c7c107fw,2026-01-11 08:00:00+08:00,0.1072749999999997,1.9094,1.9962,0.08679999999999999,23.588709677419033,HOURLY_RECON_GT_5PCT,25.5,77.0,0.0,WX_CLEANED,8,6,1,0,0.0789424999999999,0.10522583333333299,0.09987444444444415,0.09004741071428547
a3986d20c19f33c7c107fw,2026-01-11 09:00:00+08:00,0.0802958333333334,2.0037,2.0805,0.07679999999999998,4.551866319444558,,27.3,67.0,0.0,WX_CLEANED,9,6,1,0,0.0590658333333329,0.09376749999999989,0.10075902777777751,0.08996722222222198
a3986d20c19f33c7c107fw,2026-01-11 10:00:00+08:00,0.0639116666666664,2.096,2.1367,0.040699999999999736,57.031122031122386,HOURLY_RECON_GT_5PCT,28.9,60.0,0.0,WX_CLEANED,10,6,1,0,0.0493616666666664,0.0683674999999995,0.1013652777777775,0.08994069940476167
a3986d20c19f33c7c107fw,2026-01-11 11:00:00+08:00,0.0701124999999995,2.1367,2.2106,0.07390000000000008,5.125169147497399,HOURLY_RECON_GT_5PCT,30.2,53.0,0.0,WX_CLEANED,11,6,1,0,0.0516716666666664,0.113828333333333,0.10213364583333305,0.08968048611111086
a3986d20c19f33c7c107fw,2026-01-11 12:00:00+08:00,0.0653149999999997,2.2142,2.2836,0.0693999999999999,5.886167146974359,HOURLY_RECON_GT_5PCT,30.5,52.0,0.0,WX_CLEANED,12,6,1,0,0.0481466666666662,0.0683933333333328,0.10284899305555528,0.08966216269841246
a3986d20c19f33c7c107fw,2026-01-11 13:00:00+08:00,0.0888199999999999,2.3066,2.3627,0.05609999999999982,58.324420677362184,HOURLY_RECON_GT_5PCT,29.9,56.0,0.2,WX_CLEANED,13,6,1,0,0.0654558333333333,0.0902716666666664,0.10382249999999972,0.08965352182539658
a3986d20c19f33c7c107fw,2026-01-11 14:00:00+08:00,0.0956124999999994,2.3776,2.462,0.08440000000000003,13.284952606634326,HOURLY_RECON_GT_5PCT,29.9,59.0,0.2,WX_CLEANED,14,6,1,0,0.0703774999999994,0.116848333333333,0.10487395833333306,0.08952711805555531
a3986d20c19f33c7c107fw,2026-01-11 15:00:00+08:00,0.1014641666666666,2.4769,2.56,0.08309999999999995,22.09887685519454,HOURLY_RECON_GT_5PCT,30.4,60.0,0.0,WX_CLEANED,15,6,1,0,0.074740833333333,0.1087149999999997,0.1059874305555553,0.08948395833333309
a3986d20c19f33c7c107fw,2026-01-11 16:00:00+08:00,0.1339749999999999,0.0143,0.1499,0.1356,1.1983775811210167,,27.25,76.5,7.2,WX_CLEANED,16,6,1,0,0.1500099999999998,0.0882258333333331,0.1053193055555553,0.08975627480158706
a3986d20c19f33c7c107fw,2026-01-11 17:00:00+08:00,0.1554199999999998,0.1889,0.2943,0.1054,47.457305502846125,HOURLY_RECON_GT_5PCT,24.1,93.0,1.6,WX_CLEANED,17,6,1,0,0.1528899999999998,0.0839049999999999,0.10542472222222198,0.09018195932539658
a3986d20c19f33c7c107fw,2026-01-11 18:00:00+08:00,0.1803716666666664,0.3335,0.4784,0.14489999999999997,24.480101219231496,HOURLY_RECON_GT_5PCT,25.1,89.0,0.0,WX_CLEANED,18,6,1,0,0.1849999999999997,0.1179949999999998,0.10523187499999975,0.09055324900793627
a3986d20c19f33c7c107fw,2026-01-11 19:00:00+08:00,0.1466558333333332,0.5076,0.621,0.11339999999999995,29.32613168724275,HOURLY_RECON_GT_5PCT,25.9,85.0,0.0,WX_CLEANED,19,6,1,0,0.1557158333333329,0.084395833333333,0.10485437499999976,0.0909238442460315
a3986d20c19f33c7c107fw,2026-01-11 20:00:00+08:00,0.0894199999999998,0.6459,0.7034,0.057499999999999996,55.513043478260535,HOURLY_RECON_GT_5PCT,27.1,74.0,0.0,WX_CLEANED,20,6,1,0,0.0948741666666663,0.0842958333333332,0.10462711805555532,0.09095434523809501
a3986d20c19f33c7c107fw,2026-01-11 21:00:00+08:00,0.144193333333333,0.7288,0.8461,0.11729999999999996,22.92696788860448,HOURLY_RECON_GT_5PCT,27.1,69.0,0.0,WX_CLEANED,21,6,1,0,0.1531774999999996,0.1196016666666662,0.10425277777777754,0.09110072420634896
a3986d20c19f33c7c107fw,2026-01-11 22:00:00+08:00,0.1207549999999997,0.8569,0.9738,0.1169,3.297690333618214,,26.8,68.0,0.0,WX_CLEANED,22,6,1,0,0.12821249999999978,0.0862816666666663,0.10394204861111088,0.09130592261904738
a3986d20c19f33c7c107fw,2026-01-11 23:00:00+08:00,0.08035916666666651,0.9982,1.0469,0.048699999999999966,65.00855578370958,HOURLY_RECON_GT_5PCT,26.1,69.0,0.0,WX_CLEANED,23,6,1,0,0.0844149999999998,0.10068166666666631,0.10377305555555533,0.09118495535714262
a3986d20c19f33c7c107fw,2026-01-12 00:00:00+08:00,0.1065083333333332,1.0577,1.1552,0.09749999999999992,9.239316239316198,HOURLY_RECON_GT_5PCT,25.7,71.0,0.0,WX_CLEANED,0,0,0,0,0.1129808333333329,0.0944033333333331,0.10350336805555534,0.09125700892857119
a3986d20c19f33c7c107fw,2026-01-12 01:00:00+08:00,0.0964774999999997,1.1624,1.2555,0.09309999999999996,3.6278195488719045,,25.1,75.0,0.0,WX_CLEANED,1,0,0,0,0.10248666666666639,0.0788291666666665,0.10325298611111089,0.0913620585317458
a3986d20c19f33c7c107fw,2026-01-12 02:00:00+08:00,0.0948691666666664,1.2627,1.3557,0.09299999999999997,2.00985663082411,,25.2,76.0,0.0,WX_CLEANED,2,0,0,0,0.100783333333333,0.0906016666666664,0.10300656249999979,0.09138746031746006
a3986d20c19f33c7c107fw,2026-01-12 03:00:00+08:00,0.1146666666666665,1.3803,1.4632,0.08289999999999997,38.31926015279438,HOURLY_RECON_GT_5PCT,24.6,79.0,0.1,WX_CLEANED,3,0,0,0,0.1217483333333332,0.1047999999999997,0.10271149305555534,0.09144619047619024
a3986d20c19f33c7c107fw,2026-01-12 04:00:00+08:00,0.0639699999999998,1.4668,1.5366,0.06979999999999986,8.352435530086058,HOURLY_RECON_GT_5PCT,24.2,81.0,0.0,WX_CLEANED,4,0,0,0,0.067973333333333,0.0590016666666664,0.10254468749999979,0.09147576388888866
a3986d20c19f33c7c107fw,2026-01-12 05:00:00+08:00,0.0460083333333334,1.5554,1.5917,0.0363,26.744719926538295,HOURLY_RECON_GT_5PCT,24.1,79.0,0.0,WX_CLEANED,5,0,0,0,0.0488658333333331,0.0972649999999998,0.1024256249999998,0.09117066468253945
a3986d20c19f33c7c107fw,2026-01-12 06:00:00+08:00,0.1000841666666663,1.6064,1.697,0.09060000000000001,10.468175128770726,HOURLY_RECON_GT_5PCT,24.0,79.0,0.0,WX_CLEANED,6,0,0,0,0.1063591666666666,0.0857924999999996,0.10216416666666644,0.09125573412698389
a3986d20c19f33c7c107fw,2026-01-12 07:00:00+08:00,0.09930499999999981,1.7115,1.7893,0.07779999999999987,27.64138817480717,HOURLY_RECON_GT_5PCT,24.0,79.0,0.0,WX_CLEANED,7,0,0,0,0.1053991666666666,0.074065833333333,0.10191024305555534,0.09140596726190453
a3986d20c19f33c7c107fw,2026-01-12 08:00:00+08:00,0.1010049999999999,1.8069,1.8885,0.08160000000000012,23.780637254901663,HOURLY_RECON_GT_5PCT,25.4,71.0,0.0,WX_CLEANED,8,0,0,0,0.1072749999999997,0.0991508333333328,0.10164899305555536,0.09141700396825374
a3986d20c19f33c7c107fw,2026-01-12 09:00:00+08:00,0.0756216666666665,1.8957,1.9679,0.07220000000000004,4.739150507848282,,26.5,65.0,0.0,WX_CLEANED,9,0,0,0,0.0802958333333334,0.0643183333333331,0.10145423611111089,0.09148428571428548
a3986d20c19f33c7c107fw,2026-01-12 10:00:00+08:00,0.060753333333333104,1.9825,2.0214,0.038899999999999935,56.178234790059655,HOURLY_RECON_GT_5PCT,27.6,61.0,0.0,WX_CLEANED,10,0,0,0,0.0639116666666664,0.1006674999999997,0.10132263888888866,0.09124670138888866
a3986d20c19f33c7c107fw,2026-01-12 11:00:00+08:00,0.06605499999999989,2.0214,2.091,0.06960000000000033,5.093390804598305,HOURLY_RECON_GT_5PCT,28.6,56.0,0.0,WX_CLEANED,11,0,0,0,0.0701124999999995,0.1020849999999998,0.10115357638888868,0.09103223710317436
a3986d20c19f33c7c107fw,2026-01-12 12:00:00+08:00,0.061448333333333,2.0944,2.1597,0.06530000000000014,5.898417559980286,HOURLY_RECON_GT_5PCT,29.1,54.0,0.0,WX_CLEANED,12,0,0,0,0.0653149999999997,0.1079391666666664,0.10099246527777757,0.09075550595238072
a3986d20c19f33c7c107fw,2026-01-12 13:00:00+08:00,0.0836249999999994,2.1814,2.2342,0.05279999999999996,58.380681818180804,HOURLY_RECON_GT_5PCT,29.3,54.0,0.0,WX_CLEANED,13,0,0,0,0.0888199999999999,0.1284999999999998,0.10077600694444422,0.09048839285714261
a3986d20c19f33c7c107fw,2026-01-12 14:00:00+08:00,0.0900758333333327,2.2482,2.3277,0.0794999999999999,13.302935010481523,HOURLY_RECON_GT_5PCT,29.9,53.0,0.0,WX_CLEANED,14,0,0,0,0.0956124999999994,0.0890774999999998,0.10054531249999978,0.09049433531746008
a3986d20c19f33c7c107fw,2026-01-12 15:00:00+08:00,0.0956083333333331,2.3418,2.42,0.07819999999999983,22.261295822676875,HOURLY_RECON_GT_5PCT,30.5,51.0,0.0,WX_CLEANED,15,0,0,0,0.1014641666666666,0.1224249999999999,0.10030131944444422,0.09033471230158707
a3986d20c19f33c7c107fw,2026-01-12 16:00:00+08:00,0.1293908333333332,0.0139,0.1448,0.13090000000000002,1.1529157117393516,,30.1,52.0,0.0,WX_CLEANED,16,0,0,0,0.1339749999999999,0.0701016666666662,0.10011031249999976,0.09068762400793628
a3986d20c19f33c7c107fw,2026-01-12 17:00:00+08:00,0.1503191666666663,0.1825,0.2845,0.10199999999999998,47.37173202614347,HOURLY_RECON_GT_5PCT,29.1,57.0,0.0,WX_CLEANED,17,0,0,0,0.1554199999999998,0.0956891666666665,0.09989777777777753,0.09101280257936484
a3986d20c19f33c7c107fw,2026-01-12 18:00:00+08:00,0.17432583333333318,0.3223,0.4624,0.1401,24.42957411372818,HOURLY_RECON_GT_5PCT,27.9,60.0,0.0,WX_CLEANED,18,0,0,0,0.1803716666666664,0.1227149999999996,0.09964586805555531,0.09132000992063467
a3986d20c19f33c7c107fw,2026-01-12 19:00:00+08:00,0.1417466666666664,0.4906,0.6003,0.10969999999999996,29.21300516560297,HOURLY_RECON_GT_5PCT,27.3,63.0,0.0,WX_CLEANED,19,0,0,0,0.1466558333333332,0.08551666666666649,0.09944131944444422,0.09165471230158706
a3986d20c19f33c7c107fw,2026-01-12 20:00:00+08:00,0.0863833333333332,0.6243,0.6799,0.05559999999999998,55.36570743405257,HOURLY_RECON_GT_5PCT,25.0,78.0,0.0,WX_CLEANED,20,0,0,0,0.0894199999999998,0.08551666666666649,0.09931479166666642,0.0916598710317458
a3986d20c19f33c7c107fw,2026-01-12 21:00:00+08:00,0.1393974999999996,0.7044,0.8178,0.11339999999999995,22.925485008818043,HOURLY_RECON_GT_5PCT,25.4,78.0,0.0,WX_CLEANED,21,0,0,0,0.144193333333333,0.1330691666666663,0.09911496527777754,0.09169753968253944
a3986d20c19f33c7c107fw,2026-01-12 22:00:00+08:00,0.1167391666666665,0.8283,0.9412,0.1129,3.400501919102307,,25.4,77.0,0.0,WX_CLEANED,22,0,0,0,0.1207549999999997,0.0921599999999997,0.09894763888888865,0.09184384424603151
a3986d20c19f33c7c107fw,2026-01-12 23:00:00+08:00,0.0781824999999997,0.9648,1.0125,0.047699999999999965,63.90461215932862,HOURLY_RECON_GT_5PCT,25.2,79.0,0.0,WX_CLEANED,23,0,0,0,0.08035916666666651,0.0842908333333331,0.0988569444444442,0.09180748511904738
a3986d20c19f33c7c107fw,2026-01-13 00:00:00+08:00,0.1029199999999997,1.0229,1.1172,0.09430000000000005,9.141039236478951,HOURLY_RECON_GT_5PCT,25.0,81.0,0.0,WX_CLEANED,0,1,0,0,0.1065083333333332,0.10871999999999979,0.09870743055555531,0.09177296130952357
a3986d20c19f33c7c107fw,2026-01-13 01:00:00+08:00,0.0932208333333331,1.1241,1.2141,0.08999999999999986,3.5787037037036082,,24.7,84.0,0.0,WX_CLEANED,1,1,0,0,0.0964774999999997,0.1022199999999996,0.09857173611111086,0.0917193948412696
a3986d20c19f33c7c107fw,2026-01-13 02:00:00+08:00,0.0917433333333331,1.2211,1.311,0.08989999999999987,2.050426399703256,,24.5,82.0,0.0,WX_CLEANED,2,1,0,0,0.0948691666666664,0.0786541666666665,0.09844149305555532,0.09179730654761882
a3986d20c19f33c7c107fw,2026-01-13 03:00:00+08:00,0.1107750000000001,1.3348,1.4149,0.08010000000000006,38.29588014981275,HOURLY_RECON_GT_5PCT,24.2,85.0,0.0,WX_CLEANED,3,1,0,0,0.1146666666666665,0.1023341666666664,0.09827934027777753,0.09184754960317437
a3986d20c19f33c7c107fw,2026-01-13 04:00:00+08:00,0.061886666666666396,1.4183,1.4858,0.06750000000000012,8.316049382716608,HOURLY_RECON_GT_5PCT,24.0,86.0,0.0,WX_CLEANED,4,1,0,0,0.0639699999999998,0.1159941666666665,0.09819253472222199,0.09152548115079341
a3986d20c19f33c7c107fw,2026-01-13 05:00:00+08:00,0.0445066666666665,1.504,1.539,0.03499999999999992,27.161904761904577,HOURLY_RECON_GT_5PCT,23.9,86.0,0.0,WX_CLEANED,5,1,0,0,0.0460083333333334,0.1315999999999997,0.09812996527777752,0.09100706845238073
a3986d20c19f33c7c107fw,2026-01-13 06:00:00+08:00,0.0967266666666666,1.5533,1.6408,0.08750000000000013,10.54476190476166,HOURLY_RECON_GT_5PCT,24.0,85.0,0.0,WX_CLEANED,6,1,0,0,0.1000841666666663,0.0761783333333331,0.09799006944444422,0.09112937996031722
a3986d20c19f33c7c107fw,2026-01-13 07:00:00+08:00,0.0960274999999997,1.6548,1.7301,0.07529999999999992,27.52656042496653,HOURLY_RECON_GT_5PCT,24.2,82.0,0.0,WX_CLEANED,7,1,0,0,0.09930499999999981,0.0986108333333332,0.09785350694444421,0.09111400297619024
a3986d20c19f33c7c107fw,2026-01-13 08:00:00+08:00,0.0976058333333332,1.7471,1.826,0.07889999999999997,23.708280523869753,HOURLY_RECON_GT_5PCT,24.4,84.0,0.0,WX_CLEANED,8,1,0,0,0.1010049999999999,0.1045833333333333,0.09771187499999974,0.091072470238095
a3986d20c19f33c7c107fw,2026-01-13 09:00:00+08:00,0.07319583333333321,1.8329,1.9027,0.06980000000000008,4.865090735434272,,25.2,80.0,0.0,WX_CLEANED,9,1,0,0,0.0756216666666665,0.059453333333333004,0.09761079861111087,0.0911542708333331
a3986d20c19f33c7c107fw,2026-01-13 10:00:00+08:00,0.059044999999999695,1.9168,1.9548,0.038000000000000034,55.38157894736748,HOURLY_RECON_GT_5PCT,26.5,75.0,0.0,WX_CLEANED,10,1,0,0,0.060753333333333104,0.049328333333333196,0.09753961805555532,0.0912121081349204
a3986d20c19f33c7c107fw,2026-01-13 11:00:00+08:00,0.0638599999999997,1.9548,2.022,0.0671999999999997,4.970238095238131,,27.2,70.0,0.1,WX_CLEANED,11,1,0,0,0.06605499999999989,0.0690591666666665,0.09744815972222198,0.09118116071428548
a3986d20c19f33c7c107fw,2026-01-13 12:00:00+08:00,0.059304166666666804,2.0253,2.0884,0.06309999999999993,6.015583729529531,HOURLY_RECON_GT_5PCT,27.4,72.0,0.2,WX_CLEANED,12,1,0,0,0.061448333333333,0.0646983333333333,0.09735881944444423,0.09114905257936484
a3986d20c19f33c7c107fw,2026-01-13 13:00:00+08:00,0.0809866666666664,2.1094,2.1605,0.05109999999999992,58.48662752772314,HOURLY_RECON_GT_5PCT,28.1,69.0,0.1,WX_CLEANED,13,1,0,0,0.0836249999999994,0.1161016666666664,0.09724888888888866,0.09094003472222198
a3986d20c19f33c7c107fw,2026-01-13 14:00:00+08:00,0.0869466666666666,2.174,2.2508,0.07679999999999998,13.211805555555504,HOURLY_RECON_GT_5PCT,28.8,66.0,0.1,WX_CLEANED,14,1,0,0,0.0900758333333327,0.0845341666666659,0.09711850694444425,0.0909543948412696
a3986d20c19f33c7c107fw,2026-01-13 15:00:00+08:00,0.09236,2.2644,2.34,0.07559999999999967,22.169312169312704,HOURLY_RECON_GT_5PCT,28.7,66.0,0.1,WX_CLEANED,15,1,0,0,0.0956083333333331,0.084434166666667,0.09698315972222203,0.09100157242063468
a3986d20c19f33c7c107fw,2026-01-13 16:00:00+08:00,0.12441416666666641,0.0133,0.1392,0.12589999999999998,1.1801694466509731,,28.4,68.0,0.2,WX_CLEANED,16,1,0,0,0.1293908333333332,0.1042349999999999,0.09677579861111092,0.09112168650793628
a3986d20c19f33c7c107fw,2026-01-13 17:00:00+08:00,0.14430666666666642,0.1754,0.2734,0.09799999999999998,47.25170068027189,HOURLY_RECON_GT_5PCT,28.0,71.0,0.0,WX_CLEANED,17,1,0,0,0.1503191666666663,0.1180291666666664,0.0965252777777776,0.09127810019841245
a3986d20c19f33c7c107fw,2026-01-13 18:00:00+08:00,0.1676141666666665,0.3098,0.4444,0.1346,24.527612679544212,HOURLY_RECON_GT_5PCT,27.3,77.0,0.0,WX_CLEANED,18,1,0,0,0.17432583333333318,0.0859533333333331,0.09624562499999982,0.09176417658730135
a3986d20c19f33c7c107fw,2026-01-13 19:00:00+08:00,0.1361224999999996,0.4715,0.5769,0.1054,29.148481973434155,HOURLY_RECON_GT_5PCT,26.6,81.0,0.0,WX_CLEANED,19,1,0,0,0.1417466666666664,0.1129541666666663,0.09601128472222202,0.09190208333333309
a3986d20c19f33c7c107fw,2026-01-13 20:00:00+08:00,0.0830408333333332,0.6,0.6534,0.0534,55.507178526841194,HOURLY_RECON_GT_5PCT,26.6,83.0,0.0,WX_CLEANED,20,1,0,0,0.0863833333333332,0.0755533333333331,0.0958720138888887,0.09194665178571404
a3986d20c19f33c7c107fw,2026-01-13 21:00:00+08:00,0.1340433333333331,0.6769,0.786,0.10910000000000009,22.862816987472954,HOURLY_RECON_GT_5PCT,26.9,80.0,0.0,WX_CLEANED,21,1,0,0,0.1393974999999996,0.0848841666666664,0.09564892361111092,0.09223926587301565
a3986d20c19f33c7c107fw,2026-01-13 22:00:00+08:00,0.1121224999999996,0.796,0.9045,0.10849999999999993,3.338709677419051,,26.5,84.0,0.0,WX_CLEANED,22,1,0,0,0.1167391666666665,0.1258908333333331,0.0954565624999998,0.09215731150793627
a3986d20c19f33c7c107fw,2026-01-13 23:00:00+08:00,0.07573083333333311,0.9272,0.9738,0.046599999999999975,62.51251788268917,HOURLY_RECON_GT_5PCT,26.0,88.0,0.0,WX_CLEANED,23,1,0,0,0.0781824999999997,0.0781149999999998,0.09535440972222202,0.09214312003968231
a3986d20c19f33c7c107fw,2026-01-14 00:00:00+08:00,0.0989574999999998,0.9838,1.0744,0.09060000000000001,9.224613686533974,HOURLY_RECON_GT_5PCT,25.5,90.0,0.0,WX_CLEANED,0,2,0,0,0.1029199999999997,0.0733624999999998,0.09518930555555537,0.0922954712301585
a3986d20c19f33c7c107fw,2026-01-14 01:00:00+08:00,0.0896199999999996,1.0811,1.1676,0.08650000000000002,3.606936416184486,,25.1,91.0,0.0,WX_CLEANED,1,2,0,0,0.0932208333333331,0.0818933333333331,0.09503927083333313,0.09234146329365055
a3986d20c19f33c7c107fw,2026-01-14 02:00:00+08:00,0.088113333333333,1.1743,1.2607,0.08640000000000003,1.983024691357603,,24.4,92.0,0.0,WX_CLEANED,2,2,0,0,0.0917433333333331,0.0516899999999997,0.09488802083333313,0.09255826884920612
a3986d20c19f33c7c107fw,2026-01-14 03:00:00+08:00,0.1064974999999998,1.2836,1.3606,0.07699999999999996,38.30844155844137,HOURLY_RECON_GT_5PCT,24.4,93.0,0.0,WX_CLEANED,3,2,0,0,0.1107750000000001,0.0781349999999997,0.09470979166666647,0.09272709325396802
a3986d20c19f33c7c107fw,2026-01-14 04:00:00+08:00,0.0594824999999998,1.3639,1.4287,0.06480000000000019,8.206018518519098,HOURLY_RECON_GT_5PCT,24.2,93.0,0.0,WX_CLEANED,4,2,0,0,0.061886666666666396,0.0573616666666665,0.09460961805555534,0.09273971726190453
a3986d20c19f33c7c107fw,2026-01-14 05:00:00+08:00,0.0427674999999999,1.4461,1.4799,0.03380000000000005,26.53106508875691,HOURLY_RECON_GT_5PCT,24.4,93.0,0.0,WX_CLEANED,5,2,0,0,0.0445066666666665,0.0379474999999999,0.09453715277777756,0.092768407738095
a3986d20c19f33c7c107fw,2026-01-14 06:00:00+08:00,0.0929724999999996,1.4935,1.5777,0.08420000000000005,10.418646080759547,HOURLY_RECON_GT_5PCT,24.2,93.0,0.0,WX_CLEANED,6,2,0,0,0.0967266666666666,0.12416166666666639,0.09438072916666644,0.0925827579365077
a3986d20c19f33c7c107fw,2026-01-14 07:00:00+08:00,0.09383916666666631,1.5912,1.6634,0.07220000000000004,29.97114496768179,HOURLY_RECON_GT_5PCT,24.2,94.0,0.0,WX_CLEANED,7,2,0,0,0.0960274999999997,0.078925833333333,0.09428954861111088,0.09267152777777754
a3986d20c19f33c7c107fw,2026-01-14 08:00:00+08:00,0.0938916666666663,1.6798,1.7556,0.07580000000000009,23.867634124889435,HOURLY_RECON_GT_5PCT,25.0,87.0,0.0,WX_CLEANED,8,2,0,0,0.0976058333333332,0.1109966666666663,0.09413479166666644,0.09256971230158706
a3986d20c19f33c7c107fw,2026-01-14 09:00:00+08:00,0.07022499999999961,1.7623,1.8294,0.06709999999999994,4.657228017883268,,25.9,84.0,0.1,WX_CLEANED,9,2,0,0,0.07319583333333321,0.0998466666666663,0.09401100694444421,0.09239339285714263
a3986d20c19f33c7c107fw,2026-01-14 10:00:00+08:00,0.0571241666666664,1.8429,1.8798,0.03689999999999993,54.808039747063695,HOURLY_RECON_GT_5PCT,26.2,81.0,0.1,WX_CLEANED,10,2,0,0,0.059044999999999695,0.0926591666666664,0.09393097222222198,0.09218187499999976
a3986d20c19f33c7c107fw,2026-01-14 11:00:00+08:00,0.0613649999999996,1.8798,1.9444,0.06459999999999999,5.0077399380811,HOURLY_RECON_GT_5PCT,26.7,79.0,0.1,WX_CLEANED,11,2,0,0,0.0638599999999997,0.1181041666666665,0.09382701388888863,0.09184414186507912
a3986d20c19f33c7c107fw,2026-01-14 12:00:00+08:00,0.0570541666666665,1.9476,2.0082,0.06059999999999999,5.851210121012351,HOURLY_RECON_GT_5PCT,27.6,75.0,0.0,WX_CLEANED,12,2,0,0,0.059304166666666804,0.07123333333333301,0.09373326388888863,0.09175974206349183
a3986d20c19f33c7c107fw,2026-01-14 13:00:00+08:00,0.0778908333333333,2.0283,2.0775,0.04919999999999991,58.314701897019184,HOURLY_RECON_GT_5PCT,29.0,70.0,0.0,WX_CLEANED,13,2,0,0,0.0809866666666664,0.085433333333333,0.0936042708333331,0.09171484623015849
a3986d20c19f33c7c107fw,2026-01-14 14:00:00+08:00,0.0836124999999997,2.0905,2.1643,0.07379999999999987,13.296070460704406,HOURLY_RECON_GT_5PCT,28.8,68.0,0.1,WX_CLEANED,14,2,0,0,0.0869466666666666,0.1142999999999998,0.09346534722222195,0.09153218253968232
a3986d20c19f33c7c107fw,2026-01-14 15:00:00+08:00,0.0886949999999995,2.1773,2.25,0.07270000000000021,22.00137551581739,HOURLY_RECON_GT_5PCT,29.8,61.0,0.1,WX_CLEANED,15,2,0,0,0.09236,0.0645891666666667,0.09331263888888862,0.09167566964285691
a3986d20c19f33c7c107fw,2026-01-14 16:00:00+08:00,0.1242766666666664,0.0133,0.1392,0.12589999999999998,1.2893831082872023,,29.6,57.0,0.2,WX_CLEANED,16,2,0,0,0.12441416666666641,0.0536999999999998,0.09330690972222194,0.0920957688492061
a3986d20c19f33c7c107fw,2026-01-14 17:00:00+08:00,0.14430666666666642,0.1754,0.2734,0.09799999999999998,47.25170068027189,HOURLY_RECON_GT_5PCT,27.9,65.0,0.0,WX_CLEANED,17,2,0,0,0.14430666666666642,0.0431999999999996,0.09330690972222194,0.09269759424603151
a3986d20c19f33c7c107fw,2026-01-14 18:00:00+08:00,0.1676141666666665,0.3098,0.4444,0.1346,24.527612679544212,HOURLY_RECON_GT_5PCT,26.6,72.0,0.0,WX_CLEANED,18,2,0,0,0.1676141666666665,0.0528191666666663,0.09330690972222194,0.09338089781746008
a3986d20c19f33c7c107fw,2026-01-14 19:00:00+08:00,0.1361224999999996,0.4715,0.5769,0.1054,29.148481973434155,HOURLY_RECON_GT_5PCT,26.2,75.0,0.0,WX_CLEANED,19,2,0,0,0.1361224999999996,0.0489558333333331,0.09330690972222196,0.09389974702380928
a3986d20c19f33c7c107fw,2026-01-14 20:00:00+08:00,0.0830408333333332,0.6,0.6534,0.0534,55.507178526841194,HOURLY_RECON_GT_5PCT,25.0,80.0,0.0,WX_CLEANED,20,2,0,0,0.0830408333333332,0.0432999999999998,0.09330690972222194,0.09413629960317436
a3986d20c19f33c7c107fw,2026-01-14 21:00:00+08:00,0.1340433333333331,0.6769,0.786,0.10910000000000009,22.862816987472954,HOURLY_RECON_GT_5PCT,25.2,78.0,0.2,WX_CLEANED,21,2,0,0,0.1340433333333331,0.0587391666666666,0.09330690972222194,0.09458453869047595
a3986d20c19f33c7c107fw,2026-01-14 22:00:00+08:00,0.1121224999999996,0.796,0.9045,0.10849999999999993,3.338709677419051,,24.5,84.0,0.3,WX_CLEANED,22,2,0,0,0.1121224999999996,0.0589724999999998,0.09330690972222194,0.094900907738095
a3986d20c19f33c7c107fw,2026-01-14 23:00:00+08:00,0.07573083333333311,0.9272,0.9738,0.046599999999999975,62.51251788268917,HOURLY_RECON_GT_5PCT,24.2,87.0,0.6,WX_CLEANED,23,2,0,0,0.07573083333333311,0.0481566666666664,0.09330690972222194,0.09506503968253945
a3986d20c19f33c7c107fw,2026-01-15 00:00:00+08:00,0.0989574999999998,0.9838,1.0744,0.09060000000000001,9.224613686533974,HOURLY_RECON_GT_5PCT,24.4,86.0,0.0,WX_CLEANED,0,3,0,0,0.0989574999999998,0.0499983333333332,0.09330690972222194,0.09535646329365056
a3986d20c19f33c7c107fw,2026-01-15 01:00:00+08:00,0.0896199999999996,1.0811,1.1676,0.08650000000000002,3.606936416184486,,24.2,88.0,0.0,WX_CLEANED,1,3,0,0,0.0896199999999996,0.0476308333333331,0.09330690972222194,0.09560639880952358
a3986d20c19f33c7c107fw,2026-01-15 02:00:00+08:00,0.088113333333333,1.1743,1.2607,0.08640000000000003,1.983024691357603,,24.1,88.0,0.0,WX_CLEANED,2,3,0,0,0.088113333333333,0.0419124999999996,0.09330690972222194,0.09588140376984104
a3986d20c19f33c7c107fw,2026-01-15 03:00:00+08:00,0.1064974999999998,1.2836,1.3606,0.07699999999999996,38.30844155844137,HOURLY_RECON_GT_5PCT,24.1,88.0,0.0,WX_CLEANED,3,3,0,0,0.1064974999999998,0.0485891666666666,0.09330690972222194,0.09622609623015849
a3986d20c19f33c7c107fw,2026-01-15 04:00:00+08:00,0.0594824999999998,1.3639,1.4287,0.06480000000000019,8.206018518519098,HOURLY_RECON_GT_5PCT,24.1,88.0,0.0,WX_CLEANED,4,3,0,0,0.0594824999999998,0.0511041666666664,0.09330690972222194,0.09627596726190452
a3986d20c19f33c7c107fw,2026-01-15 05:00:00+08:00,0.0427674999999999,1.4461,1.4799,0.03380000000000005,26.53106508875691,HOURLY_RECON_GT_5PCT,23.9,89.0,0.0,WX_CLEANED,5,3,0,0,0.0427674999999999,0.08779166666666641,0.09330690972222196,0.09600796626984101
a3986d20c19f33c7c107fw,2026-01-15 06:00:00+08:00,0.0929724999999996,1.4935,1.5777,0.08420000000000005,10.418646080759547,HOURLY_RECON_GT_5PCT,23.6,90.0,0.0,WX_CLEANED,6,3,0,0,0.0929724999999996,0.09350833333333329,0.09330690972222194,0.09600477678571405
a3986d20c19f33c7c107fw,2026-01-15 07:00:00+08:00,0.09383916666666631,1.5912,1.6634,0.07220000000000004,29.97114496768179,HOURLY_RECON_GT_5PCT,23.7,90.0,0.0,WX_CLEANED,7,3,0,0,0.09383916666666631,0.0975999999999998,0.09330690972222194,0.09598239087301563
a3986d20c19f33c7c107fw,2026-01-15 08:00:00+08:00,0.0938916666666663,1.6798,1.7556,0.07580000000000009,23.867634124889435,HOURLY_RECON_GT_5PCT,24.4,90.0,0.0,WX_CLEANED,8,3,0,0,0.0938916666666663,0.06912999999999961,0.09330690972222194,0.09612978174603153
a3986d20c19f33c7c107fw,2026-01-15 09:00:00+08:00,0.07022499999999961,1.7623,1.8294,0.06709999999999994,4.657228017883268,,25.0,85.0,0.0,WX_CLEANED,9,3,0,0,0.07022499999999961,0.0705099999999998,0.09330690972222194,0.09612808531746006
a3986d20c19f33c7c107fw,2026-01-15 10:00:00+08:00,0.0571241666666664,1.8429,1.8798,0.03689999999999993,54.808039747063695,HOURLY_RECON_GT_5PCT,26.0,79.0,0.1,WX_CLEANED,10,3,0,0,0.0571241666666664,0.0377141666666663,0.09330690972222194,0.0962436210317458
a3986d20c19f33c7c107fw,2026-01-15 11:00:00+08:00,0.0613649999999996,1.8798,1.9444,0.06459999999999999,5.0077399380811,HOURLY_RECON_GT_5PCT,27.0,73.0,0.2,WX_CLEANED,11,3,0,0,0.0613649999999996,0.038032500000000094,0.09330690972222196,0.09638250496031722
a3986d20c19f33c7c107fw,2026-01-15 12:00:00+08:00,0.0570541666666665,1.9476,2.0082,0.06059999999999999,5.851210121012351,HOURLY_RECON_GT_5PCT,27.5,69.0,0.1,WX_CLEANED,12,3,0,0,0.0570541666666665,0.0592549999999995,0.09330690972222194,0.09636940476190452
a3986d20c19f33c7c107fw,2026-01-15 13:00:00+08:00,0.0778908333333333,2.0283,2.0775,0.04919999999999991,58.314701897019184,HOURLY_RECON_GT_5PCT,28.1,67.0,0.4,WX_CLEANED,13,3,0,0,0.0778908333333333,0.0727374999999998,0.09330690972222194,0.09640007936507912
a3986d20c19f33c7c107fw,2026-01-15 14:00:00+08:00,0.0836124999999997,2.0905,2.1643,0.07379999999999987,13.296070460704406,HOURLY_RECON_GT_5PCT,28.1,67.0,0.3,WX_CLEANED,14,3,0,0,0.0836124999999997,0.0478883333333329,0.09330690972222194,0.09661272321428548
a3986d20c19f33c7c107fw,2026-01-15 15:00:00+08:00,0.0886949999999995,2.1773,2.25,0.07270000000000021,22.00137551581739,HOURLY_RECON_GT_5PCT,28.2,66.0,0.3,WX_CLEANED,15,3,0,0,0.0886949999999995,0.0846549999999999,0.09330690972222194,0.0966367708333331
a3986d20c19f33c7c107fw,2026-01-15 16:00:00+08:00,0.1285349999999999,0.0138,0.1442,0.1304,1.4302147239264487,,28.4,65.0,0.0,WX_CLEANED,16,3,0,0,0.1242766666666664,0.0919474999999999,0.09348434027777751,0.09685455357142833
a3986d20c19f33c7c107fw,2026-01-15 17:00:00+08:00,0.1497066666666665,0.1817,0.2833,0.1016,47.349081364829225,HOURLY_RECON_GT_5PCT,28.2,65.0,0.0,WX_CLEANED,17,3,0,0,0.14430666666666642,0.12622749999999988,0.0937093402777775,0.09699431051587279
a3986d20c19f33c7c107fw,2026-01-15 18:00:00+08:00,0.1735583333333331,0.3209,0.4604,0.13949999999999996,24.414575866188635,HOURLY_RECON_GT_5PCT,27.3,72.0,0.0,WX_CLEANED,18,3,0,0,0.1676141666666665,0.1483999999999998,0.09395701388888862,0.09714406249999975
a3986d20c19f33c7c107fw,2026-01-15 19:00:00+08:00,0.141233333333333,0.4885,0.5977,0.10920000000000002,29.334554334553996,HOURLY_RECON_GT_5PCT,26.6,78.0,0.0,WX_CLEANED,19,3,0,0,0.1361224999999996,0.1217858333333332,0.0941699652777775,0.09725982142857119
a3986d20c19f33c7c107fw,2026-01-15 20:00:00+08:00,0.0859783333333331,0.6216,0.6769,0.055299999999999905,55.476190476190325,HOURLY_RECON_GT_5PCT,26.5,78.0,0.0,WX_CLEANED,20,3,0,0,0.0830408333333332,0.0544324999999997,0.09429236111111083,0.0974475942460315
a3986d20c19f33c7c107fw,2026-01-15 21:00:00+08:00,0.1388366666666663,0.7013,0.8143,0.11299999999999999,22.864306784660457,HOURLY_RECON_GT_5PCT,25.8,82.0,0.0,WX_CLEANED,21,3,0,0,0.1340433333333331,0.1054558333333331,0.09449208333333305,0.09764628968253944
a3986d20c19f33c7c107fw,2026-01-15 22:00:00+08:00,0.1161383333333331,0.8247,0.9371,0.11240000000000006,3.325919335705548,,25.5,84.0,0.0,WX_CLEANED,22,3,0,0,0.1121224999999996,0.0882166666666665,0.09465940972222196,0.09781249007936481
a3986d20c19f33c7c107fw,2026-01-15 23:00:00+08:00,0.0779099999999998,0.9606,1.0082,0.047599999999999976,63.676470588234956,HOURLY_RECON_GT_5PCT,25.1,86.0,0.0,WX_CLEANED,23,3,0,0,0.07573083333333311,0.0608758333333332,0.09475020833333307,0.0979138839285712
a3986d20c19f33c7c107fw,2026-01-16 00:00:00+08:00,0.1024458333333331,1.0186,1.1124,0.0938000000000001,9.217306325514906,HOURLY_RECON_GT_5PCT,24.9,88.0,0.0,WX_CLEANED,0,4,0,0,0.0989574999999998,0.0655024999999998,0.09489555555555529,0.09813378472222196
a3986d20c19f33c7c107fw,2026-01-16 01:00:00+08:00,0.0928766666666662,1.1194,1.209,0.08960000000000012,3.6569940476183884,,24.8,90.0,0.0,WX_CLEANED,1,4,0,0,0.0896199999999996,0.0781699999999997,0.09503124999999972,0.09822132440476164
a3986d20c19f33c7c107fw,2026-01-16 02:00:00+08:00,0.09133833333333301,1.2159,1.3054,0.08949999999999991,2.054003724394521,,24.5,91.0,0.0,WX_CLEANED,2,4,0,0,0.088113333333333,0.0898383333333332,0.09516562499999974,0.09823025297619022
a3986d20c19f33c7c107fw,2026-01-16 03:00:00+08:00,0.1103883333333334,1.3291,1.4089,0.0798000000000001,38.33124477861312,HOURLY_RECON_GT_5PCT,24.7,87.0,0.0,WX_CLEANED,3,4,0,0,0.1064974999999998,0.1374999999999997,0.09532774305555529,0.09806887400793626
a3986d20c19f33c7c107fw,2026-01-16 04:00:00+08:00,0.0616641666666663,1.4123,1.4795,0.06719999999999993,8.23784722222267,HOURLY_RECON_GT_5PCT,24.6,82.0,0.0,WX_CLEANED,4,4,0,0,0.0594824999999998,0.0614816666666663,0.09541864583333305,0.09806996031746008
a3986d20c19f33c7c107fw,2026-01-16 05:00:00+08:00,0.0442683333333331,1.4975,1.5325,0.03499999999999992,26.480952380951994,HOURLY_RECON_GT_5PCT,24.1,82.0,0.0,WX_CLEANED,5,4,0,0,0.0427674999999999,0.038372500000000004,0.09548118055555527,0.0981050545634918
a3986d20c19f33c7c107fw,2026-01-16 06:00:00+08:00,0.0963299999999997,1.5466,1.6338,0.08719999999999994,10.470183486238252,HOURLY_RECON_GT_5PCT,23.8,84.0,0.0,WX_CLEANED,6,4,0,0,0.0929724999999996,0.11620083333333331,0.09562107638888862,0.09798677579365053
a3986d20c19f33c7c107fw,2026-01-16 07:00:00+08:00,0.0955058333333334,1.6478,1.7227,0.07489999999999997,27.511125945705533,HOURLY_RECON_GT_5PCT,23.7,84.0,0.0,WX_CLEANED,7,4,0,0,0.09383916666666631,0.1369999999999996,0.09569052083333308,0.09773978670634895
a3986d20c19f33c7c107fw,2026-01-16 08:00:00+08:00,0.0971933333333333,1.7396,1.8182,0.0786,23.655640373197574,HOURLY_RECON_GT_5PCT,24.7,82.0,0.0,WX_CLEANED,8,4,0,0,0.0938916666666663,0.08521166666666641,0.09582809027777754,0.09781110615079339
a3986d20c19f33c7c107fw,2026-01-16 09:00:00+08:00,0.07285499999999989,1.825,1.8946,0.0696000000000001,4.676724137930719,,26.3,74.0,0.0,WX_CLEANED,9,4,0,0,0.07022499999999961,0.100163333333333,0.09593767361111087,0.09764855654761881
a3986d20c19f33c7c107fw,2026-01-16 10:00:00+08:00,0.058833333333333196,1.9086,1.9464,0.037799999999999834,55.64373897707263,HOURLY_RECON_GT_5PCT,27.8,66.0,0.0,WX_CLEANED,10,4,0,0,0.0571241666666664,0.0720674999999998,0.09600888888888866,0.09756978174603151
a3986d20c19f33c7c107fw,2026-01-16 11:00:00+08:00,0.0635616666666666,1.9464,2.0134,0.06699999999999995,5.131840796019928,HOURLY_RECON_GT_5PCT,29.5,56.0,0.0,WX_CLEANED,11,4,0,0,0.0613649999999996,0.052807499999999896,0.09610041666666645,0.0976337946428569
a3986d20c19f33c7c107fw,2026-01-16 12:00:00+08:00,0.058999166666666006,2.0167,2.0795,0.06279999999999974,6.052282377919991,HOURLY_RECON_GT_5PCT,30.6,49.0,0.0,WX_CLEANED,12,4,0,0,0.0570541666666665,0.1186599999999995,0.0961814583333331,0.09727867063492039
a3986d20c19f33c7c107fw,2026-01-16 13:00:00+08:00,0.08053083333333269,2.1004,2.1512,0.050799999999999734,58.52526246719116,HOURLY_RECON_GT_5PCT,31.1,46.0,0.0,WX_CLEANED,13,4,0,0,0.0778908333333333,0.0592599999999997,0.09629145833333308,0.09740528273809498
a3986d20c19f33c7c107fw,2026-01-16 14:00:00+08:00,0.0866425,2.1647,2.2412,0.07650000000000023,13.25816993464017,HOURLY_RECON_GT_5PCT,30.6,45.0,0.0,WX_CLEANED,14,4,0,0,0.0836124999999997,0.11517333333333299,0.09641770833333309,0.09723545634920609
a3986d20c19f33c7c107fw,2026-01-16 15:00:00+08:00,0.0919416666666665,2.2547,2.33,0.07529999999999992,22.100486941124302,HOURLY_RECON_GT_5PCT,30.6,45.0,0.0,WX_CLEANED,15,4,0,0,0.0886949999999995,0.1245524999999997,0.09655298611111089,0.0970413442460315
a3986d20c19f33c7c107fw,2026-01-16 16:00:00+08:00,0.1222183333333331,0.0131,0.1367,0.12359999999999999,1.1178532901835696,,30.4,45.0,0.0,WX_CLEANED,16,4,0,0,0.1285349999999999,0.12718583333333291,0.09628979166666644,0.09701177579365054
a3986d20c19f33c7c107fw,2026-01-16 17:00:00+08:00,0.1418574999999998,0.1723,0.2685,0.09620000000000001,47.4610187110185,HOURLY_RECON_GT_5PCT,29.8,48.0,0.0,WX_CLEANED,17,4,0,0,0.1497066666666665,0.1487483333333331,0.09596274305555531,0.0969707589285712
a3986d20c19f33c7c107fw,2026-01-16 18:00:00+08:00,0.1645424999999998,0.3042,0.4364,0.13219999999999998,24.464826021179885,HOURLY_RECON_GT_5PCT,28.9,54.0,0.0,WX_CLEANED,18,4,0,0,0.1735583333333331,0.1498574999999997,0.0955870833333331,0.09705816964285689
a3986d20c19f33c7c107fw,2026-01-16 19:00:00+08:00,0.1337666666666665,0.463,0.5665,0.10349999999999998,29.243156199677806,HOURLY_RECON_GT_5PCT,28.0,64.0,0.0,WX_CLEANED,19,4,0,0,0.141233333333333,0.1384008333333331,0.09527597222222199,0.09703058531746007
a3986d20c19f33c7c107fw,2026-01-16 20:00:00+08:00,0.0815216666666665,0.5892,0.6416,0.0524,55.57569974554676,HOURLY_RECON_GT_5PCT,26.6,67.0,0.0,WX_CLEANED,20,4,0,0,0.0859783333333331,0.0997566666666664,0.09509027777777757,0.09692204365079342
a3986d20c19f33c7c107fw,2026-01-16 21:00:00+08:00,0.1315966666666665,0.6648,0.7718,0.1070000000000001,22.987538940809703,HOURLY_RECON_GT_5PCT,26.2,70.0,0.0,WX_CLEANED,21,4,0,0,0.1388366666666663,0.11986916666666639,0.09478861111111091,0.09699185019841246
a3986d20c19f33c7c107fw,2026-01-16 22:00:00+08:00,0.1101208333333331,0.7817,0.8882,0.10650000000000004,3.39984350547705,,26.1,70.0,0.0,WX_CLEANED,22,4,0,0,0.1161383333333331,0.11018833333333311,0.09453788194444424,0.09699144841269818
a3986d20c19f33c7c107fw,2026-01-16 23:00:00+08:00,0.0745424999999997,0.9105,0.9566,0.04610000000000003,61.6973969631229,HOURLY_RECON_GT_5PCT,26.1,70.0,0.0,WX_CLEANED,23,4,0,0,0.0779099999999998,0.0864808333333331,0.09439756944444423,0.09692038690476167
a3986d20c19f33c7c107fw,2026-01-17 00:00:00+08:00,0.0972616666666665,0.9665,1.0554,0.08889999999999987,9.405699287589023,HOURLY_RECON_GT_5PCT,25.8,73.0,0.0,WX_CLEANED,0,5,1,0,0.1024458333333331,0.1287949999999997,0.09418156249999977,0.09673268849206325
a3986d20c19f33c7c107fw,2026-01-17 01:00:00+08:00,0.0880433333333332,1.062,1.1469,0.08489999999999998,3.702394974479648,,25.6,74.0,0.0,WX_CLEANED,1,5,1,0,0.0928766666666662,0.1249691666666661,0.09398017361111093,0.09651289186507912
a3986d20c19f33c7c107fw,2026-01-17 02:00:00+08:00,0.0865008333333331,1.1535,1.2383,0.08479999999999999,2.005699685534328,,25.0,77.0,0.0,WX_CLEANED,2,5,1,0,0.09133833333333301,0.1305941666666666,0.09377861111111091,0.09625043154761881
a3986d20c19f33c7c107fw,2026-01-17 03:00:00+08:00,0.1046508333333331,1.2608,1.3364,0.07560000000000011,38.42702821869437,HOURLY_RECON_GT_5PCT,25.0,77.0,0.0,WX_CLEANED,3,5,1,0,0.1103883333333334,0.1234999999999998,0.0935395486111109,0.0961382341269839
a3986d20c19f33c7c107fw,2026-01-17 04:00:00+08:00,0.0583891666666665,1.3396,1.4034,0.06380000000000008,8.480929989551054,HOURLY_RECON_GT_5PCT,24.7,78.0,0.0,WX_CLEANED,4,5,1,0,0.0616641666666663,0.0500608333333334,0.09340309027777759,0.0961878075396823
a3986d20c19f33c7c107fw,2026-01-17 05:00:00+08:00,0.041916666666666595,1.4204,1.4536,0.033199999999999896,26.25502008032146,HOURLY_RECON_GT_5PCT,24.2,81.0,0.0,WX_CLEANED,5,5,1,0,0.0442683333333331,0.036045,0.09330510416666647,0.0962227579365077
a3986d20c19f33c7c107fw,2026-01-17 06:00:00+08:00,0.091293333333333,1.467,1.5496,0.0826,10.524616626311134,HOURLY_RECON_GT_5PCT,24.0,80.0,0.0,WX_CLEANED,6,5,1,0,0.0963299999999997,0.0783299999999998,0.09309524305555537,0.09629992063492039
a3986d20c19f33c7c107fw,2026-01-17 07:00:00+08:00,0.0905391666666664,1.5628,1.6338,0.07099999999999995,27.519953051642915,HOURLY_RECON_GT_5PCT,23.8,84.0,0.0,WX_CLEANED,7,5,1,0,0.0955058333333334,0.077735,0.0928882986111109,0.09637613591269818
a3986d20c19f33c7c107fw,2026-01-17 08:00:00+08:00,0.0937791666666665,1.6499,1.7244,0.07450000000000001,25.878076062639575,HOURLY_RECON_GT_5PCT,24.0,86.0,0.0,WX_CLEANED,8,5,1,0,0.0971933333333333,0.0789424999999999,0.09274604166666645,0.09646444940476168
a3986d20c19f33c7c107fw,2026-01-17 09:00:00+08:00,0.068963333333333,1.7309,1.7968,0.06589999999999985,4.648457258472172,,25.2,80.0,0.0,WX_CLEANED,9,5,1,0,0.07285499999999989,0.0590658333333329,0.09258388888888867,0.09652336309523786
a3986d20c19f33c7c107fw,2026-01-17 10:00:00+08:00,0.0562716666666665,1.8101,1.8464,0.0363,55.01836547291047,HOURLY_RECON_GT_5PCT,25.8,76.0,0.0,WX_CLEANED,10,5,1,0,0.058833333333333196,0.0493616666666664,0.09247715277777756,0.0965644940476188
a3986d20c19f33c7c107fw,2026-01-17 11:00:00+08:00,0.060267499999999696,1.8464,1.9099,0.06349999999999989,5.090551181102676,HOURLY_RECON_GT_5PCT,26.5,71.0,0.0,WX_CLEANED,11,5,1,0,0.0635616666666666,0.0516716666666664,0.09233989583333309,0.09661565972222197
a3986d20c19f33c7c107fw,2026-01-17 12:00:00+08:00,0.0561308333333327,1.913,1.9726,0.059599999999999875,5.82074944071675,HOURLY_RECON_GT_5PCT,27.4,63.0,0.0,WX_CLEANED,12,5,1,0,0.058999166666666006,0.0481466666666662,0.09222038194444421,0.09666318452380927
a3986d20c19f33c7c107fw,2026-01-17 13:00:00+08:00,0.0763716666666666,1.9923,2.0406,0.04830000000000001,58.119392684609906,HOURLY_RECON_GT_5PCT,27.7,60.0,0.0,WX_CLEANED,13,5,1,0,0.08053083333333269,0.0654558333333333,0.09204708333333311,0.09672815972222197
a3986d20c19f33c7c107fw,2026-01-17 14:00:00+08:00,0.0804174999999997,2.0533,2.1258,0.07249999999999979,10.920689655172323,HOURLY_RECON_GT_5PCT,28.6,57.0,0.0,WX_CLEANED,14,5,1,0,0.0866425,0.0703774999999994,0.0917877083333331,0.09678792162698387
a3986d20c19f33c7c107fw,2026-01-17 15:00:00+08:00,0.0871216666666666,2.1386,2.21,0.07140000000000013,22.019140989728907,HOURLY_RECON_GT_5PCT,28.1,60.0,0.0,WX_CLEANED,15,5,1,0,0.0919416666666665,0.074740833333333,0.09158687499999978,0.09686161706349182
a3986d20c19f33c7c107fw,2026-01-17 16:00:00+08:00,0.1356083333333331,0.0146,0.1524,0.1378,1.5904692791486916,,27.9,62.0,0.0,WX_CLEANED,16,5,1,0,0.1222183333333331,0.1500099999999998,0.09214479166666645,0.09677589285714262
a3986d20c19f33c7c107fw,2026-01-17 17:00:00+08:00,0.1580708333333331,0.192,0.2993,0.1073,47.316713264988906,HOURLY_RECON_GT_5PCT,27.8,62.0,0.0,WX_CLEANED,17,5,1,0,0.1418574999999998,0.1528899999999998,0.092820347222222,0.09680673115079343
a3986d20c19f33c7c107fw,2026-01-17 18:00:00+08:00,0.183343333333333,0.3391,0.4864,0.1473,24.469336954061788,HOURLY_RECON_GT_5PCT,27.4,63.0,0.0,WX_CLEANED,18,5,1,0,0.1645424999999998,0.1849999999999997,0.09360371527777754,0.09679687003968229
a3986d20c19f33c7c107fw,2026-01-17 19:00:00+08:00,0.1491124999999999,0.5161,0.6314,0.11529999999999996,29.325672159583654,HOURLY_RECON_GT_5PCT,27.2,65.0,0.0,WX_CLEANED,19,5,1,0,0.1337666666666665,0.1557158333333329,0.09424312499999977,0.09675756448412673
a3986d20c19f33c7c107fw,2026-01-17 20:00:00+08:00,0.0908391666666664,0.6567,0.7152,0.058499999999999996,55.28062678062634,HOURLY_RECON_GT_5PCT,26.8,70.0,0.0,WX_CLEANED,20,5,1,0,0.0815216666666665,0.0948741666666663,0.09463135416666642,0.09673354662698389
a3986d20c19f33c7c107fw,2026-01-17 21:00:00+08:00,0.1465399999999998,0.741,0.8603,0.11929999999999996,22.833193629505327,HOURLY_RECON_GT_5PCT,26.6,73.0,0.0,WX_CLEANED,21,5,1,0,0.1315966666666665,0.1531774999999996,0.09525399305555532,0.09669403769841246
a3986d20c19f33c7c107fw,2026-01-17 22:00:00+08:00,0.12265999999999991,0.8713,0.99,0.11870000000000003,3.336141533277068,,26.2,76.0,0.0,WX_CLEANED,22,5,1,0,0.1101208333333331,0.12821249999999978,0.09577645833333309,0.09666098710317436
a3986d20c19f33c7c107fw,2026-01-17 23:00:00+08:00,0.0815499999999997,1.0149,1.0641,0.04920000000000013,65.75203252032415,HOURLY_RECON_GT_5PCT,26.0,79.0,0.0,WX_CLEANED,23,5,1,0,0.0745424999999997,0.0844149999999998,0.09606843749999977,0.09664393353174579
a3986d20c19f33c7c107fw,2026-01-18 00:00:00+08:00,0.1082049999999997,1.075,1.1742,0.09919999999999995,9.077620967741687,HOURLY_RECON_GT_5PCT,25.5,83.0,0.0,WX_CLEANED,0,6,1,0,0.0972616666666665,0.1129808333333329,0.09652440972222198,0.0966155059523807
a3986d20c19f33c7c107fw,2026-01-18 01:00:00+08:00,0.0980549999999996,1.1815,1.2762,0.0947,3.5427666314673645,,25.3,84.0,0.0,WX_CLEANED,1,6,1,0,0.0880433333333332,0.10248666666666639,0.09694156249999974,0.09658912698412675
a3986d20c19f33c7c107fw,2026-01-18 02:00:00+08:00,0.0964816666666666,1.2835,1.3781,0.09460000000000002,1.9890768146581255,,25.2,84.0,0.0,WX_CLEANED,2,6,1,0,0.0865008333333331,0.100783333333333,0.0973574305555553,0.0965635218253966
a3986d20c19f33c7c107fw,2026-01-18 03:00:00+08:00,0.11661166666666631,1.4031,1.4874,0.08430000000000004,38.32937920126483,HOURLY_RECON_GT_5PCT,24.7,85.0,0.0,WX_CLEANED,3,6,1,0,0.1046508333333331,0.1217483333333332,0.09785579861111088,0.0965329464285712
a3986d20c19f33c7c107fw,2026-01-18 04:00:00+08:00,0.0650624999999996,1.491,1.562,0.07099999999999995,8.36267605633852,HOURLY_RECON_GT_5PCT,24.4,84.0,0.0,WX_CLEANED,4,6,1,0,0.0583891666666665,0.067973333333333,0.09813385416666642,0.09651562003968231
a3986d20c19f33c7c107fw,2026-01-18 05:00:00+08:00,0.046758333333333,1.5811,1.618,0.036900000000000155,26.716350496836867,HOURLY_RECON_GT_5PCT,24.0,85.0,0.0,WX_CLEANED,5,6,1,0,0.041916666666666595,0.0488658333333331,0.09833559027777751,0.09650307539682516
a3986d20c19f33c7c107fw,2026-01-18 06:00:00+08:00,0.1017624999999998,1.6329,1.725,0.09210000000000007,10.491313789359086,HOURLY_RECON_GT_5PCT,23.9,82.0,0.0,WX_CLEANED,6,6,1,0,0.091293333333333,0.1063591666666666,0.0987718055555553,0.09647571428571407
a3986d20c19f33c7c107fw,2026-01-18 07:00:00+08:00,0.1009941666666663,1.7398,1.8189,0.07909999999999995,27.679098187947364,HOURLY_RECON_GT_5PCT,24.0,80.0,0.0,WX_CLEANED,7,6,1,0,0.0905391666666664,0.1053991666666666,0.0992074305555553,0.09644949404761881
a3986d20c19f33c7c107fw,2026-01-18 08:00:00+08:00,0.1027541666666665,1.8368,1.9198,0.08299999999999996,23.800200803212697,HOURLY_RECON_GT_5PCT,25.2,70.0,0.0,WX_CLEANED,8,6,1,0,0.0937791666666665,0.1072749999999997,0.09958138888888864,0.09642258432539659
a3986d20c19f33c7c107fw,2026-01-18 09:00:00+08:00,0.0768866666666661,1.9271,2.0005,0.07340000000000013,4.750227066302405,,26.4,65.0,0.0,WX_CLEANED,9,6,1,0,0.068963333333333,0.0802958333333334,0.09991152777777751,0.09640229166666642
a3986d20c19f33c7c107fw,2026-01-18 10:00:00+08:00,0.0616041666666665,2.0154,2.0547,0.03929999999999989,56.75360474978797,HOURLY_RECON_GT_5PCT,27.3,62.0,0.0,WX_CLEANED,10,6,1,0,0.0562716666666665,0.0639116666666664,0.10013371527777752,0.09638855654761883
a3986d20c19f33c7c107fw,2026-01-18 11:00:00+08:00,0.0671525000000001,2.0547,2.1255,0.0708000000000002,5.151836158192211,HOURLY_RECON_GT_5PCT,28.3,59.0,0.0,WX_CLEANED,11,6,1,0,0.060267499999999696,0.0701124999999995,0.10042059027777754,0.09637093749999977
a3986d20c19f33c7c107fw,2026-01-18 12:00:00+08:00,0.0625708333333328,2.129,2.1954,0.06639999999999979,5.7668172690768165,HOURLY_RECON_GT_5PCT,28.8,60.0,0.0,WX_CLEANED,12,6,1,0,0.0561308333333327,0.0653149999999997,0.10068892361111087,0.09635460317460294
a3986d20c19f33c7c107fw,2026-01-18 13:00:00+08:00,0.0850433333333331,2.2174,2.2711,0.05370000000000008,58.36747361886958,HOURLY_RECON_GT_5PCT,29.4,58.0,0.0,WX_CLEANED,13,6,1,0,0.0763716666666666,0.0888199999999999,0.10105024305555531,0.09633212301587278
a3986d20c19f33c7c107fw,2026-01-18 14:00:00+08:00,0.0896191666666665,2.2854,2.3662,0.08079999999999998,10.91481023102292,HOURLY_RECON_GT_5PCT,29.6,55.0,0.0,WX_CLEANED,14,6,1,0,0.0804174999999997,0.0956124999999994,0.10143364583333309,0.09629644841269817
a3986d20c19f33c7c107fw,2026-01-18 15:00:00+08:00,0.0971816666666665,2.3805,2.46,0.0794999999999999,22.241090146750462,HOURLY_RECON_GT_5PCT,29.8,57.0,0.0,WX_CLEANED,15,6,1,0,0.0871216666666666,0.1014641666666666,0.10185281249999974,0.09627095734126961
a3986d20c19f33c7c107fw,2026-01-18 16:00:00+08:00,0.124598333333333,0.0133,0.1392,0.12589999999999998,1.0338893301564565,,29.4,61.0,0.0,WX_CLEANED,16,6,1,0,0.1356083333333331,0.1339749999999999,0.10139406249999976,0.0962151438492061
a3986d20c19f33c7c107fw,2026-01-18 17:00:00+08:00,0.14430666666666642,0.1754,0.2734,0.09799999999999998,47.25170068027189,HOURLY_RECON_GT_5PCT,29.1,62.0,0.0,WX_CLEANED,17,6,1,0,0.1580708333333331,0.1554199999999998,0.1008205555555553,0.0961489930555553
a3986d20c19f33c7c107fw,2026-01-18 18:00:00+08:00,0.1676141666666665,0.3098,0.4444,0.1346,24.527612679544212,HOURLY_RECON_GT_5PCT,28.4,66.0,0.0,WX_CLEANED,18,6,1,0,0.183343333333333,0.1803716666666664,0.10016517361111087,0.0960730555555553
a3986d20c19f33c7c107fw,2026-01-18 19:00:00+08:00,0.1361224999999996,0.4715,0.5769,0.1054,29.148481973434155,HOURLY_RECON_GT_5PCT,27.8,71.0,0.0,WX_CLEANED,19,6,1,0,0.1491124999999999,0.1466558333333332,0.09962392361111085,0.0960103571428569
a3986d20c19f33c7c107fw,2026-01-18 20:00:00+08:00,0.0830408333333332,0.6,0.6534,0.0534,55.507178526841194,HOURLY_RECON_GT_5PCT,27.1,73.0,0.0,WX_CLEANED,20,6,1,0,0.0908391666666664,0.0894199999999998,0.0992989930555553,0.09597238591269817
a3986d20c19f33c7c107fw,2026-01-18 21:00:00+08:00,0.1340433333333331,0.6769,0.786,0.10910000000000009,22.862816987472954,HOURLY_RECON_GT_5PCT,26.9,75.0,0.0,WX_CLEANED,21,6,1,0,0.1465399999999998,0.144193333333333,0.09877829861111086,0.09591196924603151
a3986d20c19f33c7c107fw,2026-01-18 22:00:00+08:00,0.1121224999999996,0.796,0.9045,0.10849999999999993,3.338709677419051,,26.6,78.0,0.0,WX_CLEANED,22,6,1,0,0.12265999999999991,0.1207549999999997,0.09833923611111084,0.09586058531746008
a3986d20c19f33c7c107fw,2026-01-18 23:00:00+08:00,0.07573083333333311,0.9272,0.9738,0.046599999999999975,62.51251788268917,HOURLY_RECON_GT_5PCT,26.4,79.0,0.0,WX_CLEANED,23,6,1,0,0.0815499999999997,0.08035916666666651,0.09809677083333306,0.09583303571428546
a3986d20c19f33c7c107fw,2026-01-19 00:00:00+08:00,0.0989574999999998,0.9838,1.0744,0.09060000000000001,9.224613686533974,HOURLY_RECON_GT_5PCT,26.2,81.0,0.0,WX_CLEANED,0,0,0,0,0.1082049999999997,0.1065083333333332,0.09771145833333307,0.09578809027777754
a3986d20c19f33c7c107fw,2026-01-19 01:00:00+08:00,0.0896199999999996,1.0811,1.1676,0.08650000000000002,3.606936416184486,,25.9,82.0,0.0,WX_CLEANED,1,0,0,0,0.0980549999999996,0.0964774999999997,0.09735999999999974,0.09574727182539658
a3986d20c19f33c7c107fw,2026-01-19 02:00:00+08:00,0.088113333333333,1.1743,1.2607,0.08640000000000003,1.983024691357603,,25.5,82.0,0.2,WX_CLEANED,2,0,0,0,0.0964816666666666,0.0948691666666664,0.09701131944444417,0.09570705853174578
a3986d20c19f33c7c107fw,2026-01-19 03:00:00+08:00,0.1064974999999998,1.2836,1.3606,0.07699999999999996,38.30844155844137,HOURLY_RECON_GT_5PCT,25.5,83.0,0.0,WX_CLEANED,3,0,0,0,0.11661166666666631,0.1146666666666665,0.09658989583333306,0.09565843253968229
a3986d20c19f33c7c107fw,2026-01-19 04:00:00+08:00,0.0594824999999998,1.3639,1.4287,0.06480000000000019,8.206018518519098,HOURLY_RECON_GT_5PCT,25.5,82.0,0.0,WX_CLEANED,4,0,0,0,0.0650624999999996,0.0639699999999998,0.09635739583333307,0.09563172123015849
a3986d20c19f33c7c107fw,2026-01-19 05:00:00+08:00,0.0427674999999999,1.4461,1.4799,0.03380000000000005,26.53106508875691,HOURLY_RECON_GT_5PCT,25.4,81.0,0.0,WX_CLEANED,5,0,0,0,0.046758333333333,0.0460083333333334,0.09619111111111088,0.09561243055555532
a3986d20c19f33c7c107fw,2026-01-19 06:00:00+08:00,0.0929724999999996,1.4935,1.5777,0.08420000000000005,10.418646080759547,HOURLY_RECON_GT_5PCT,25.3,80.0,0.0,WX_CLEANED,6,0,0,0,0.1017624999999998,0.1000841666666663,0.09582486111111084,0.09557009920634896
a3986d20c19f33c7c107fw,2026-01-19 07:00:00+08:00,0.09383916666666631,1.5912,1.6634,0.07220000000000004,29.97114496768179,HOURLY_RECON_GT_5PCT,25.0,83.0,0.0,WX_CLEANED,7,0,0,0,0.1009941666666663,0.09930499999999981,0.09552673611111086,0.09553756448412673
a3986d20c19f33c7c107fw,2026-01-19 08:00:00+08:00,0.0938916666666663,1.6798,1.7556,0.07580000000000009,23.867634124889435,HOURLY_RECON_GT_5PCT,25.2,83.0,0.0,WX_CLEANED,8,0,0,0,0.1027541666666665,0.1010049999999999,0.0951574652777775,0.09549522321428547
a3986d20c19f33c7c107fw,2026-01-19 09:00:00+08:00,0.07022499999999961,1.7623,1.8294,0.06709999999999994,4.657228017883268,,26.4,74.0,0.0,WX_CLEANED,9,0,0,0,0.0768866666666661,0.0756216666666665,0.09487989583333307,0.09546310019841246
a3986d20c19f33c7c107fw,2026-01-19 10:00:00+08:00,0.0571241666666664,1.8429,1.8798,0.03689999999999993,54.808039747063695,HOURLY_RECON_GT_5PCT,27.7,66.0,0.0,WX_CLEANED,10,0,0,0,0.0616041666666665,0.060753333333333104,0.09469322916666639,0.09544149801587276
a3986d20c19f33c7c107fw,2026-01-19 11:00:00+08:00,0.0613649999999996,1.8798,1.9444,0.06459999999999999,5.0077399380811,HOURLY_RECON_GT_5PCT,28.1,63.0,0.0,WX_CLEANED,11,0,0,0,0.0671525000000001,0.06605499999999989,0.09445208333333305,0.0954135813492061
a3986d20c19f33c7c107fw,2026-01-19 12:00:00+08:00,0.0570541666666665,1.9476,2.0082,0.06059999999999999,5.851210121012351,HOURLY_RECON_GT_5PCT,29.4,57.0,0.1,WX_CLEANED,12,0,0,0,0.0625708333333328,0.061448333333333,0.09422222222222194,0.09538742559523786
a3986d20c19f33c7c107fw,2026-01-19 13:00:00+08:00,0.0778908333333333,2.0283,2.0775,0.04919999999999991,58.314701897019184,HOURLY_RECON_GT_5PCT,29.8,56.0,0.4,WX_CLEANED,13,0,0,0,0.0850433333333331,0.0836249999999994,0.09392420138888863,0.09535329365079341
a3986d20c19f33c7c107fw,2026-01-19 14:00:00+08:00,0.0836124999999997,2.0905,2.1643,0.07379999999999987,13.296070460704406,HOURLY_RECON_GT_5PCT,29.4,60.0,0.2,WX_CLEANED,14,0,0,0,0.0896191666666665,0.0900758333333327,0.09367392361111083,0.09531482142857119
a3986d20c19f33c7c107fw,2026-01-19 15:00:00+08:00,0.0886949999999995,2.1773,2.25,0.07270000000000021,22.00137551581739,HOURLY_RECON_GT_5PCT,29.1,61.0,0.1,WX_CLEANED,15,0,0,0,0.0971816666666665,0.0956083333333331,0.09332031249999972,0.0952736706349204
a3986d20c19f33c7c107fw,2026-01-19 16:00:00+08:00,0.1334891666666665,0.0143,0.1499,0.1356,1.5566617502459486,,29.0,61.0,0.0,WX_CLEANED,16,0,0,0,0.124598333333333,0.1293908333333332,0.09369076388888863,0.09529806547619023
a3986d20c19f33c7c107fw,2026-01-19 17:00:00+08:00,0.1554199999999998,0.1889,0.2943,0.1054,47.457305502846125,HOURLY_RECON_GT_5PCT,28.8,61.0,0.0,WX_CLEANED,17,0,0,0,0.14430666666666642,0.1503191666666663,0.09415381944444416,0.09532842757936483
a3986d20c19f33c7c107fw,2026-01-19 18:00:00+08:00,0.1803716666666664,0.3335,0.4784,0.14489999999999997,24.480101219231496,HOURLY_RECON_GT_5PCT,28.2,65.0,0.0,WX_CLEANED,18,0,0,0,0.1676141666666665,0.17432583333333318,0.09468538194444416,0.09536441468253945
a3986d20c19f33c7c107fw,2026-01-19 19:00:00+08:00,0.1466558333333332,0.5076,0.621,0.11339999999999995,29.32613168724275,HOURLY_RECON_GT_5PCT,27.8,68.0,0.0,WX_CLEANED,19,0,0,0,0.1361224999999996,0.1417466666666664,0.09512427083333307,0.09539363591269819
a3986d20c19f33c7c107fw,2026-01-19 20:00:00+08:00,0.0894199999999998,0.6459,0.7034,0.057499999999999996,55.513043478260535,HOURLY_RECON_GT_5PCT,27.4,70.0,0.0,WX_CLEANED,20,0,0,0,0.0830408333333332,0.0863833333333332,0.09539006944444417,0.09541171130952356
a3986d20c19f33c7c107fw,2026-01-19 21:00:00+08:00,0.144193333333333,0.7288,0.8461,0.11729999999999996,22.92696788860448,HOURLY_RECON_GT_5PCT,27.6,67.0,0.0,WX_CLEANED,21,0,0,0,0.1340433333333331,0.1393974999999996,0.09581298611111085,0.0954402579365077
a3986d20c19f33c7c107fw,2026-01-19 22:00:00+08:00,0.1207549999999997,0.8569,0.9738,0.1169,3.297690333618214,,27.3,67.0,0.0,WX_CLEANED,22,0,0,0,0.1121224999999996,0.1167391666666665,0.09617267361111086,0.09546416170634894
a3986d20c19f33c7c107fw,2026-01-19 23:00:00+08:00,0.08035916666666651,0.9982,1.0469,0.048699999999999966,65.00855578370958,HOURLY_RECON_GT_5PCT,27.0,70.0,0.0,WX_CLEANED,23,0,0,0,0.07573083333333311,0.0781824999999997,0.09636552083333307,0.0954771180555553
a3986d20c19f33c7c107fw,2026-01-20 00:00:00+08:00,0.1065083333333332,1.0577,1.1552,0.09749999999999992,9.239316239316198,HOURLY_RECON_GT_5PCT,26.6,72.0,0.0,WX_CLEANED,0,1,0,0,0.0989574999999998,0.1029199999999997,0.09668013888888861,0.09549847718253945
a3986d20c19f33c7c107fw,2026-01-20 01:00:00+08:00,0.0964774999999997,1.1624,1.2555,0.09309999999999996,3.6278195488719045,,26.1,75.0,0.0,WX_CLEANED,1,1,0,0,0.0896199999999996,0.0932208333333331,0.0969658680555553,0.09551786210317437
a3986d20c19f33c7c107fw,2026-01-20 02:00:00+08:00,0.0948691666666664,1.2627,1.3557,0.09299999999999997,2.00985663082411,,25.5,78.0,0.0,WX_CLEANED,2,1,0,0,0.088113333333333,0.0917433333333331,0.09724736111111086,0.095536468253968
a3986d20c19f33c7c107fw,2026-01-20 03:00:00+08:00,0.1146666666666665,1.3803,1.4632,0.08289999999999997,38.31926015279438,HOURLY_RECON_GT_5PCT,24.8,80.0,0.0,WX_CLEANED,3,1,0,0,0.1064974999999998,0.1107750000000001,0.09758774305555529,0.0955596329365077
a3986d20c19f33c7c107fw,2026-01-20 04:00:00+08:00,0.0639699999999998,1.4668,1.5366,0.06979999999999986,8.352435530086058,HOURLY_RECON_GT_5PCT,24.3,81.0,0.4,WX_CLEANED,4,1,0,0,0.0594824999999998,0.061886666666666396,0.09777472222222196,0.09557203373015848
a3986d20c19f33c7c107fw,2026-01-20 05:00:00+08:00,0.0460083333333334,1.5554,1.5917,0.0363,26.744719926538295,HOURLY_RECON_GT_5PCT,24.1,82.0,0.0,WX_CLEANED,5,1,0,0,0.0427674999999999,0.0445066666666665,0.09790975694444419,0.09558097222222196
a3986d20c19f33c7c107fw,2026-01-20 06:00:00+08:00,0.1000841666666663,1.6064,1.697,0.09060000000000001,10.468175128770726,HOURLY_RECON_GT_5PCT,24.1,82.0,0.0,WX_CLEANED,6,1,0,0,0.0929724999999996,0.0967266666666666,0.09820607638888866,0.09560095734126961
a3986d20c19f33c7c107fw,2026-01-20 07:00:00+08:00,0.09930499999999981,1.7115,1.7893,0.07779999999999987,27.64138817480717,HOURLY_RECON_GT_5PCT,24.0,82.0,0.0,WX_CLEANED,7,1,0,0,0.09383916666666631,0.0960274999999997,0.0984338194444442,0.09562046626984103
a3986d20c19f33c7c107fw,2026-01-20 08:00:00+08:00,0.1010049999999999,1.8069,1.8885,0.08160000000000012,23.780637254901663,HOURLY_RECON_GT_5PCT,25.2,79.0,0.0,WX_CLEANED,8,1,0,0,0.0938916666666663,0.0976058333333332,0.09873020833333311,0.09564069940476165
a3986d20c19f33c7c107fw,2026-01-20 09:00:00+08:00,0.0756216666666665,1.8957,1.9679,0.07220000000000004,4.739150507848282,,26.2,74.0,0.0,WX_CLEANED,9,1,0,0,0.07022499999999961,0.07319583333333321,0.09895506944444422,0.09565513888888863
a3986d20c19f33c7c107fw,2026-01-20 10:00:00+08:00,0.060753333333333104,1.9825,2.0214,0.038899999999999935,56.178234790059655,HOURLY_RECON_GT_5PCT,27.5,67.0,0.0,WX_CLEANED,10,1,0,0,0.0571241666666664,0.059044999999999695,0.09910628472222201,0.0956653075396823
a3986d20c19f33c7c107fw,2026-01-20 11:00:00+08:00,0.06605499999999989,2.0214,2.091,0.06960000000000033,5.093390804598305,HOURLY_RECON_GT_5PCT,28.2,63.0,0.2,WX_CLEANED,11,1,0,0,0.0613649999999996,0.0638599999999997,0.09930170138888868,0.09567837301587276
a3986d20c19f33c7c107fw,2026-01-20 12:00:00+08:00,0.061448333333333,2.0944,2.1597,0.06530000000000014,5.898417559980286,HOURLY_RECON_GT_5PCT,28.9,60.0,0.3,WX_CLEANED,12,1,0,0,0.0570541666666665,0.059304166666666804,0.09948479166666646,0.09569113591269816
a3986d20c19f33c7c107fw,2026-01-20 13:00:00+08:00,0.0836249999999994,2.1814,2.2342,0.05279999999999996,58.380681818180804,HOURLY_RECON_GT_5PCT,29.1,57.0,0.1,WX_CLEANED,13,1,0,0,0.0778908333333333,0.0809866666666664,0.09972371527777753,0.09570684027777754
a3986d20c19f33c7c107fw,2026-01-20 14:00:00+08:00,0.0900758333333327,2.2482,2.3277,0.0794999999999999,13.302935010481523,HOURLY_RECON_GT_5PCT,29.8,53.0,0.1,WX_CLEANED,14,1,0,0,0.0836124999999997,0.0869466666666666,0.0999930208333331,0.095725466269841
a3986d20c19f33c7c107fw,2026-01-20 15:00:00+08:00,0.0956083333333331,2.3418,2.42,0.07819999999999983,22.261295822676875,HOURLY_RECON_GT_5PCT,30.2,50.0,0.0,WX_CLEANED,15,1,0,0,0.0886949999999995,0.09236,0.10028107638888865,0.09574480158730134
a3986d20c19f33c7c107fw,2026-01-20 16:00:00+08:00,0.1223558333333331,0.0131,0.1367,0.12359999999999999,1.006607335491014,,29.8,51.0,0.0,WX_CLEANED,16,1,0,0,0.1334891666666665,0.12441416666666641,0.09981718749999975,0.09573254960317434
a3986d20c19f33c7c107fw,2026-01-20 17:00:00+08:00,0.1418574999999998,0.1723,0.2685,0.09620000000000001,47.4610187110185,HOURLY_RECON_GT_5PCT,29.2,54.0,0.0,WX_CLEANED,17,1,0,0,0.1554199999999998,0.14430666666666642,0.09925208333333309,0.09571797123015849
a3986d20c19f33c7c107fw,2026-01-20 18:00:00+08:00,0.1645424999999998,0.3042,0.4364,0.13219999999999998,24.464826021179885,HOURLY_RECON_GT_5PCT,28.4,58.0,0.0,WX_CLEANED,18,1,0,0,0.1803716666666664,0.1676141666666665,0.09859253472222197,0.09569968749999976
a3986d20c19f33c7c107fw,2026-01-20 19:00:00+08:00,0.1337666666666665,0.463,0.5665,0.10349999999999998,29.243156199677806,HOURLY_RECON_GT_5PCT,27.5,63.0,0.0,WX_CLEANED,19,1,0,0,0.1466558333333332,0.1361224999999996,0.09805548611111087,0.09568566468253945
a3986d20c19f33c7c107fw,2026-01-20 20:00:00+08:00,0.0815216666666665,0.5892,0.6416,0.0524,55.57569974554676,HOURLY_RECON_GT_5PCT,27.2,67.0,0.0,WX_CLEANED,20,1,0,0,0.0894199999999998,0.0830408333333332,0.09772638888888867,0.09567662202380928
a3986d20c19f33c7c107fw,2026-01-20 21:00:00+08:00,0.1315966666666665,0.6648,0.7718,0.1070000000000001,22.987538940809703,HOURLY_RECON_GT_5PCT,27.0,67.0,0.0,WX_CLEANED,21,1,0,0,0.144193333333333,0.1340433333333331,0.09720152777777753,0.09566205853174578
a3986d20c19f33c7c107fw,2026-01-20 22:00:00+08:00,0.1101208333333331,0.7817,0.8882,0.10650000000000004,3.39984350547705,,26.4,70.0,0.0,WX_CLEANED,22,1,0,0,0.1207549999999997,0.1121224999999996,0.09675843749999978,0.0956501438492061
a3986d20c19f33c7c107fw,2026-01-20 23:00:00+08:00,0.0745424999999997,0.9105,0.9566,0.04610000000000003,61.6973969631229,HOURLY_RECON_GT_5PCT,26.0,72.0,0.0,WX_CLEANED,23,1,0,0,0.08035916666666651,0.07573083333333311,0.09651607638888866,0.09564307043650769
a3986d20c19f33c7c107fw,2026-01-21 00:00:00+08:00,0.0972616666666665,0.9665,1.0554,0.08889999999999987,9.405699287589023,HOURLY_RECON_GT_5PCT,25.6,74.0,0.0,WX_CLEANED,0,2,0,0,0.1065083333333332,0.0989574999999998,0.09613079861111089,0.09563297619047594
a3986d20c19f33c7c107fw,2026-01-21 01:00:00+08:00,0.0880433333333332,1.062,1.1469,0.08489999999999998,3.702394974479648,,24.4,82.0,0.3,WX_CLEANED,1,2,0,0,0.0964774999999997,0.0896199999999996,0.09577937499999978,0.095623591269841
a3986d20c19f33c7c107fw,2026-01-21 02:00:00+08:00,0.0865008333333331,1.1535,1.2383,0.08479999999999999,2.005699685534328,,24.6,75.0,0.4,WX_CLEANED,2,2,0,0,0.0948691666666664,0.088113333333333,0.09543069444444423,0.09561399305555532
a3986d20c19f33c7c107fw,2026-01-21 03:00:00+08:00,0.1046508333333331,1.2608,1.3364,0.07560000000000011,38.42702821869437,HOURLY_RECON_GT_5PCT,24.2,79.0,0.0,WX_CLEANED,3,2,0,0,0.1146666666666665,0.1064974999999998,0.09501336805555533,0.09560300099206323
a3986d20c19f33c7c107fw,2026-01-21 04:00:00+08:00,0.0583891666666665,1.3396,1.4034,0.06380000000000008,8.480929989551054,HOURLY_RECON_GT_5PCT,24.0,82.0,0.2,WX_CLEANED,4,2,0,0,0.0639699999999998,0.0594824999999998,0.0947808333333331,0.09559649305555531
a3986d20c19f33c7c107fw,2026-01-21 05:00:00+08:00,0.041916666666666595,1.4204,1.4536,0.033199999999999896,26.25502008032146,HOURLY_RECON_GT_5PCT,24.0,81.0,0.0,WX_CLEANED,5,2,0,0,0.0460083333333334,0.0427674999999999,0.09461034722222199,0.09559142857142833
a3986d20c19f33c7c107fw,2026-01-21 06:00:00+08:00,0.091293333333333,1.467,1.5496,0.0826,10.524616626311134,HOURLY_RECON_GT_5PCT,24.0,80.0,0.0,WX_CLEANED,6,2,0,0,0.1000841666666663,0.0929724999999996,0.09424406249999977,0.09558143353174578
a3986d20c19f33c7c107fw,2026-01-21 07:00:00+08:00,0.0905391666666664,1.5628,1.6338,0.07099999999999995,27.519953051642915,HOURLY_RECON_GT_5PCT,24.0,81.0,0.0,WX_CLEANED,7,2,0,0,0.09930499999999981,0.09383916666666631,0.0938788194444442,0.09556179067460292
a3986d20c19f33c7c107fw,2026-01-21 08:00:00+08:00,0.0937791666666665,1.6499,1.7244,0.07450000000000001,25.878076062639575,HOURLY_RECON_GT_5PCT,25.2,75.0,0.0,WX_CLEANED,8,2,0,0,0.1010049999999999,0.0938916666666663,0.09357774305555532,0.0955611210317458
a3986d20c19f33c7c107fw,2026-01-21 09:00:00+08:00,0.068963333333333,1.7309,1.7968,0.06589999999999985,4.648457258472172,,26.4,67.0,0.0,WX_CLEANED,9,2,0,0,0.0756216666666665,0.07022499999999961,0.09330031249999975,0.09555361111111087
a3986d20c19f33c7c107fw,2026-01-21 10:00:00+08:00,0.0562716666666665,1.8101,1.8464,0.0363,55.01836547291047,HOURLY_RECON_GT_5PCT,27.8,62.0,0.0,WX_CLEANED,10,2,0,0,0.060753333333333104,0.0571241666666664,0.09311357638888863,0.09554853670634895
a3986d20c19f33c7c107fw,2026-01-21 11:00:00+08:00,0.060267499999999696,1.8464,1.9099,0.06349999999999989,5.090551181102676,HOURLY_RECON_GT_5PCT,29.4,53.0,0.1,WX_CLEANED,11,2,0,0,0.06605499999999989,0.0613649999999996,0.09287243055555529,0.09554200396825371
a3986d20c19f33c7c107fw,2026-01-21 12:00:00+08:00,0.0561308333333327,1.913,1.9726,0.059599999999999875,5.82074944071675,HOURLY_RECON_GT_5PCT,30.5,46.0,0.1,WX_CLEANED,12,2,0,0,0.061448333333333,0.0570541666666665,0.0926508680555553,0.0955365079365077
a3986d20c19f33c7c107fw,2026-01-21 13:00:00+08:00,0.0763716666666666,1.9923,2.0406,0.04830000000000001,58.119392684609906,HOURLY_RECON_GT_5PCT,30.5,46.0,0.3,WX_CLEANED,13,2,0,0,0.0836249999999994,0.0778908333333333,0.09234864583333308,0.09552746527777753
a3986d20c19f33c7c107fw,2026-01-21 14:00:00+08:00,0.0804174999999997,2.0533,2.1258,0.07249999999999979,10.920689655172323,HOURLY_RECON_GT_5PCT,30.0,47.0,0.2,WX_CLEANED,14,2,0,0,0.0900758333333327,0.0836124999999997,0.09194621527777753,0.09550844742063466
a3986d20c19f33c7c107fw,2026-01-21 15:00:00+08:00,0.0871216666666666,2.1386,2.21,0.07140000000000013,22.019140989728907,HOURLY_RECON_GT_5PCT,29.5,49.0,0.2,WX_CLEANED,15,2,0,0,0.0956083333333331,0.0886949999999995,0.09159260416666644,0.09549908234126961
a3986d20c19f33c7c107fw,2026-01-21 16:00:00+08:00,0.11817499999999989,0.0127,0.1323,0.1196,1.1914715719064437,,28.8,50.0,0.0,WX_CLEANED,16,2,0,0,0.1223558333333331,0.1242766666666664,0.09141840277777756,0.09546276289682516
a3986d20c19f33c7c107fw,2026-01-21 17:00:00+08:00,0.1372691666666663,0.1667,0.2599,0.09320000000000003,47.284513590843616,HOURLY_RECON_GT_5PCT,27.7,53.0,0.0,WX_CLEANED,17,2,0,0,0.1418574999999998,0.14430666666666642,0.09122722222222202,0.09542087301587276
a3986d20c19f33c7c107fw,2026-01-21 18:00:00+08:00,0.1592666666666665,0.2944,0.4224,0.128,24.4270833333332,HOURLY_RECON_GT_5PCT,26.8,56.0,0.0,WX_CLEANED,18,2,0,0,0.1645424999999998,0.1676141666666665,0.09100739583333312,0.09537118551587277
a3986d20c19f33c7c107fw,2026-01-21 19:00:00+08:00,0.1293674999999998,0.4481,0.5483,0.10020000000000001,29.109281437125535,HOURLY_RECON_GT_5PCT,26.1,59.0,0.0,WX_CLEANED,19,2,0,0,0.1337666666666665,0.1361224999999996,0.090824097222222,0.09533097718253944
a3986d20c19f33c7c107fw,2026-01-21 20:00:00+08:00,0.0788891666666664,0.5703,0.621,0.05069999999999997,55.59993425377998,HOURLY_RECON_GT_5PCT,25.6,63.0,0.0,WX_CLEANED,20,2,0,0,0.0815216666666665,0.0830408333333332,0.09071440972222199,0.09530626488095213
a3986d20c19f33c7c107fw,2026-01-21 21:00:00+08:00,0.1273633333333331,0.6434,0.747,0.10360000000000003,22.937580437580188,HOURLY_RECON_GT_5PCT,25.1,64.0,0.0,WX_CLEANED,21,2,0,0,0.1315966666666665,0.1340433333333331,0.09053802083333311,0.09526650297619023
a3986d20c19f33c7c107fw,2026-01-21 22:00:00+08:00,0.1066066666666665,0.7566,0.8597,0.10309999999999997,3.4012285806658915,,25.0,65.0,0.0,WX_CLEANED,22,2,0,0,0.1101208333333331,0.1121224999999996,0.090391597222222,0.0952336706349204
a3986d20c19f33c7c107fw,2026-01-21 23:00:00+08:00,0.0726366666666665,0.8813,0.9265,0.04520000000000002,60.70058997050105,HOURLY_RECON_GT_5PCT,24.7,65.0,0.0,WX_CLEANED,23,2,0,0,0.0745424999999997,0.07573083333333311,0.09031218749999977,0.09521525297619024
a3986d20c19f33c7c107fw,2026-01-22 00:00:00+08:00,0.09414749999999959,0.9361,1.0222,0.08609999999999995,9.346689895469968,HOURLY_RECON_GT_5PCT,24.4,66.0,0.0,WX_CLEANED,0,3,0,0,0.0972616666666665,0.0989574999999998,0.09018243055555532,0.09518662202380927
a3986d20c19f33c7c107fw,2026-01-22 01:00:00+08:00,0.085130833333333,1.0285,1.1107,0.08220000000000005,3.5654906731544407,,24.1,66.0,0.0,WX_CLEANED,1,3,0,0,0.0880433333333332,0.0896199999999996,0.09006107638888865,0.09515990079365055
a3986d20c19f33c7c107fw,2026-01-22 02:00:00+08:00,0.0837799999999998,1.1171,1.1992,0.08210000000000006,2.0462850182700802,,23.8,66.0,0.0,WX_CLEANED,2,3,0,0,0.0865008333333331,0.088113333333333,0.0899477083333331,0.09513410714285689
a3986d20c19f33c7c107fw,2026-01-22 03:00:00+08:00,0.1012466666666664,1.2209,1.2942,0.07329999999999992,38.12642110050001,HOURLY_RECON_GT_5PCT,23.7,65.0,0.0,WX_CLEANED,3,3,0,0,0.1046508333333331,0.1064974999999998,0.08980586805555534,0.09510285218253943
a3986d20c19f33c7c107fw,2026-01-22 04:00:00+08:00,0.0565308333333331,1.2973,1.3589,0.0616000000000001,8.229166666667194,HOURLY_RECON_GT_5PCT,23.4,67.0,0.0,WX_CLEANED,4,3,0,0,0.0583891666666665,0.0594824999999998,0.08972843749999976,0.095085282738095
a3986d20c19f33c7c107fw,2026-01-22 05:00:00+08:00,0.0406524999999999,1.3755,1.4075,0.03200000000000003,27.039062499999567,HOURLY_RECON_GT_5PCT,23.0,69.0,0.0,WX_CLEANED,5,3,0,0,0.041916666666666595,0.0427674999999999,0.08967576388888865,0.0950726934523807
a3986d20c19f33c7c107fw,2026-01-22 06:00:00+08:00,0.0884299999999997,1.4205,1.5005,0.07999999999999985,10.537499999999838,HOURLY_RECON_GT_5PCT,22.8,72.0,0.0,WX_CLEANED,6,3,0,0,0.091293333333333,0.0929724999999996,0.08955645833333309,0.09504565476190452
a3986d20c19f33c7c107fw,2026-01-22 07:00:00+08:00,0.089223333333333,1.5133,1.582,0.06869999999999998,29.873847646772962,HOURLY_RECON_GT_5PCT,22.8,72.0,0.0,WX_CLEANED,7,3,0,0,0.0905391666666664,0.09383916666666631,0.0895016319444442,0.09501817956349182
a3986d20c19f33c7c107fw,2026-01-22 08:00:00+08:00,0.0891549999999996,1.5975,1.6696,0.07210000000000005,23.654646324548587,HOURLY_RECON_GT_5PCT,24.1,62.0,0.0,WX_CLEANED,8,3,0,0,0.0937791666666665,0.0938916666666663,0.08930895833333308,0.09498998511904737
a3986d20c19f33c7c107fw,2026-01-22 09:00:00+08:00,0.066773333333333,1.6759,1.7397,0.06380000000000008,4.660397074189532,,25.1,57.0,0.0,WX_CLEANED,9,3,0,0,0.068963333333333,0.07022499999999961,0.08921770833333309,0.09496943948412676
a3986d20c19f33c7c107fw,2026-01-22 10:00:00+08:00,0.0547758333333331,1.7526,1.7881,0.03550000000000009,54.29812206572666,HOURLY_RECON_GT_5PCT,26.7,52.0,0.0,WX_CLEANED,10,3,0,0,0.0562716666666665,0.0571241666666664,0.08915538194444418,0.09495546130952356
a3986d20c19f33c7c107fw,2026-01-22 11:00:00+08:00,0.0583724999999998,1.7881,1.8495,0.0613999999999999,4.930781758957825,,28.7,45.0,0.0,WX_CLEANED,11,3,0,0,0.060267499999999696,0.0613649999999996,0.08907642361111086,0.09493764880952357
a3986d20c19f33c7c107fw,2026-01-22 12:00:00+08:00,0.0542924999999994,1.8525,1.9102,0.05769999999999986,5.905545927210527,HOURLY_RECON_GT_5PCT,30.2,38.0,0.0,WX_CLEANED,12,3,0,0,0.0561308333333327,0.0570541666666665,0.08899982638888863,0.09492121031746008
a3986d20c19f33c7c107fw,2026-01-22 13:00:00+08:00,0.0738874999999996,1.9293,1.976,0.046699999999999964,58.2173447537466,HOURLY_RECON_GT_5PCT,30.0,40.0,0.1,WX_CLEANED,13,3,0,0,0.0763716666666666,0.0778908333333333,0.08889631944444419,0.0948973809523807
a3986d20c19f33c7c107fw,2026-01-22 14:00:00+08:00,0.0794733333333331,1.9884,2.0585,0.07010000000000005,13.37137422729393,HOURLY_RECON_GT_5PCT,29.7,40.0,0.1,WX_CLEANED,14,3,0,0,0.0804174999999997,0.0836124999999997,0.0888569791666664,0.0948727430555553
a3986d20c19f33c7c107fw,2026-01-22 15:00:00+08:00,0.0843924999999999,2.0709,2.14,0.06910000000000016,22.130969609261506,HOURLY_RECON_GT_5PCT,29.6,39.0,0.0,WX_CLEANED,15,3,0,0,0.0871216666666666,0.0886949999999995,0.08874326388888863,0.09484713293650769
a3986d20c19f33c7c107fw,2026-01-22 16:00:00+08:00,0.1104383333333331,0.0118,0.1235,0.1117,1.1295135780366132,,28.5,45.0,0.0,WX_CLEANED,16,3,0,0,0.11817499999999989,0.1285349999999999,0.08842090277777752,0.09473941468253944
a3986d20c19f33c7c107fw,2026-01-22 17:00:00+08:00,0.1281941666666664,0.1557,0.2426,0.0869,47.51917913310285,HOURLY_RECON_GT_5PCT,27.2,50.0,0.0,WX_CLEANED,17,3,0,0,0.1372691666666663,0.1497066666666665,0.08804277777777751,0.09461136408730135
a3986d20c19f33c7c107fw,2026-01-22 18:00:00+08:00,0.1487149999999997,0.2749,0.3944,0.1195,24.447698744769635,HOURLY_RECON_GT_5PCT,26.0,54.0,0.0,WX_CLEANED,18,3,0,0,0.1592666666666665,0.1735583333333331,0.08760312499999973,0.09446348710317436
a3986d20c19f33c7c107fw,2026-01-22 19:00:00+08:00,0.1207733333333332,0.4184,0.5119,0.09350000000000003,29.16934046345794,HOURLY_RECON_GT_5PCT,25.1,57.0,0.0,WX_CLEANED,19,3,0,0,0.1293674999999998,0.141233333333333,0.08724503472222195,0.09434170138888864
a3986d20c19f33c7c107fw,2026-01-22 20:00:00+08:00,0.0738241666666664,0.5325,0.5798,0.04730000000000001,56.07646229739194,HOURLY_RECON_GT_5PCT,24.6,60.0,0.0,WX_CLEANED,20,3,0,0,0.0788891666666664,0.0859783333333331,0.08703399305555527,0.09426935515872992
a3986d20c19f33c7c107fw,2026-01-22 21:00:00+08:00,0.1188966666666662,0.6007,0.6975,0.0968,22.827134986225424,HOURLY_RECON_GT_5PCT,24.5,60.0,0.0,WX_CLEANED,21,3,0,0,0.1273633333333331,0.1388366666666663,0.0866812152777775,0.09415066468253944
a3986d20c19f33c7c107fw,2026-01-22 22:00:00+08:00,0.09947916666666641,0.7064,0.8027,0.09629999999999994,3.301315334025411,,24.4,61.0,0.0,WX_CLEANED,22,3,0,0,0.1066066666666665,0.1161383333333331,0.08638423611111083,0.09405150297619023
a3986d20c19f33c7c107fw,2026-01-22 23:00:00+08:00,0.0689216666666663,0.8229,0.8664,0.04349999999999998,58.440613026819136,HOURLY_RECON_GT_5PCT,24.1,62.0,0.0,WX_CLEANED,23,3,0,0,0.0726366666666665,0.0779099999999998,0.08622944444444415,0.09399800099206325
a3986d20c19f33c7c107fw,2026-01-23 00:00:00+08:00,0.0878158333333331,0.8753,0.9556,0.08030000000000004,9.359692818596576,HOURLY_RECON_GT_5PCT,23.8,64.0,0.0,WX_CLEANED,0,4,0,0,0.09414749999999959,0.1024458333333331,0.08596562499999971,0.09391091765872991
a3986d20c19f33c7c107fw,2026-01-23 01:00:00+08:00,0.0796058333333331,0.9616,1.0384,0.07679999999999998,3.653428819444166,,23.7,65.0,0.0,WX_CLEANED,1,4,0,0,0.085130833333333,0.0928766666666662,0.0857354166666664,0.09383192460317435
a3986d20c19f33c7c107fw,2026-01-23 02:00:00+08:00,0.0782349999999998,1.0443,1.121,0.07669999999999999,2.001303780964556,,23.9,64.0,0.0,WX_CLEANED,2,4,0,0,0.0837799999999998,0.09133833333333301,0.08550437499999973,0.09375392857142832
a3986d20c19f33c7c107fw,2026-01-23 03:00:00+08:00,0.0945366666666666,1.1413,1.2096,0.06830000000000003,38.413860419716784,HOURLY_RECON_GT_5PCT,23.8,64.0,0.0,WX_CLEANED,3,4,0,0,0.1012466666666664,0.1103883333333334,0.0852247916666664,0.09365957341269818
a3986d20c19f33c7c107fw,2026-01-23 04:00:00+08:00,0.052810833333333196,1.2125,1.2701,0.057600000000000096,8.314525462963354,HOURLY_RECON_GT_5PCT,23.3,68.0,0.0,WX_CLEANED,4,4,0,0,0.0565308333333331,0.0616641666666663,0.0850697916666664,0.09360687499999976
a3986d20c19f33c7c107fw,2026-01-23 05:00:00+08:00,0.0379249999999998,1.2855,1.3155,0.029999999999999805,26.41666666666682,HOURLY_RECON_GT_5PCT,22.9,70.0,0.0,WX_CLEANED,5,4,0,0,0.0406524999999999,0.0442683333333331,0.08495614583333307,0.09356911706349183
a3986d20c19f33c7c107fw,2026-01-23 06:00:00+08:00,0.0825041666666666,1.3276,1.4023,0.07470000000000021,10.447344935296343,HOURLY_RECON_GT_5PCT,22.6,72.0,0.0,WX_CLEANED,6,4,0,0,0.0884299999999997,0.0963299999999997,0.08470923611111085,0.09348682043650769
a3986d20c19f33c7c107fw,2026-01-23 07:00:00+08:00,0.081875,1.4142,1.4784,0.06420000000000003,27.531152647975016,HOURLY_RECON_GT_5PCT,22.8,72.0,0.0,WX_CLEANED,7,4,0,0,0.089223333333333,0.0955058333333334,0.08440305555555531,0.09340568452380929
a3986d20c19f33c7c107fw,2026-01-23 08:00:00+08:00,0.0832774999999999,1.4929,1.5602,0.06730000000000014,23.740713224368086,HOURLY_RECON_GT_5PCT,24.0,65.0,0.0,WX_CLEANED,8,4,0,0,0.0891549999999996,0.0971933333333333,0.084158159722222,0.09332285218253944
a3986d20c19f33c7c107fw,2026-01-23 09:00:00+08:00,0.0622983333333329,1.5661,1.6256,0.059499999999999886,4.70308123249247,,25.2,58.0,0.0,WX_CLEANED,9,4,0,0,0.066773333333333,0.07285499999999989,0.08397170138888865,0.09326001488095213
a3986d20c19f33c7c107fw,2026-01-23 10:00:00+08:00,0.0517891666666664,1.6377,1.6714,0.03370000000000006,53.67705242334214,HOURLY_RECON_GT_5PCT,26.8,51.0,0.0,WX_CLEANED,10,4,0,0,0.0547758333333331,0.058833333333333196,0.08384725694444421,0.09321808531746008
a3986d20c19f33c7c107fw,2026-01-23 11:00:00+08:00,0.054385,1.6714,1.7288,0.057399999999999896,5.252613240417942,HOURLY_RECON_GT_5PCT,28.1,45.0,0.0,WX_CLEANED,11,4,0,0,0.0583724999999998,0.0635616666666666,0.08368111111111087,0.09316346230158705
a3986d20c19f33c7c107fw,2026-01-23 12:00:00+08:00,0.0506133333333332,1.7316,1.7854,0.05380000000000007,5.92317224287522,HOURLY_RECON_GT_5PCT,29.0,41.0,0.0,WX_CLEANED,12,4,0,0,0.0542924999999994,0.058999166666666006,0.08352781249999978,0.09311354662698389
a3986d20c19f33c7c107fw,2026-01-23 13:00:00+08:00,0.0690199999999995,1.8033,1.8469,0.04360000000000008,58.30275229357653,HOURLY_RECON_GT_5PCT,30.0,36.0,0.0,WX_CLEANED,13,4,0,0,0.0738874999999996,0.08053083333333269,0.08332499999999977,0.09304502976190453
a3986d20c19f33c7c107fw,2026-01-23 14:00:00+08:00,0.0742233333333331,1.8584,1.9239,0.06549999999999989,13.318066157760644,HOURLY_RECON_GT_5PCT,30.0,36.0,0.0,WX_CLEANED,14,4,0,0,0.0794733333333331,0.0866425,0.08310624999999978,0.09297110615079342
a3986d20c19f33c7c107fw,2026-01-23 15:00:00+08:00,0.0788349999999998,1.9355,2.0,0.0645,22.224806201550066,HOURLY_RECON_GT_5PCT,29.8,37.0,0.0,WX_CLEANED,15,4,0,0,0.0843924999999999,0.0919416666666665,0.08287468749999978,0.09289309027777753
a3986d20c19f33c7c107fw,2026-01-23 16:00:00+08:00,0.060703333333333206,0.0064,0.0665,0.0601,1.00388241819169,,29.5,37.0,0.0,WX_CLEANED,16,4,0,0,0.1104383333333331,0.1222183333333331,0.08080239583333311,0.09252692956349182
a3986d20c19f33c7c107fw,2026-01-23 17:00:00+08:00,0.0689533333333329,0.0838,0.1306,0.046799999999999994,47.336182336181416,HOURLY_RECON_GT_5PCT,27.9,45.0,0.0,WX_CLEANED,17,4,0,0,0.1281941666666664,0.1418574999999998,0.07833402777777755,0.09209297619047595
a3986d20c19f33c7c107fw,2026-01-23 18:00:00+08:00,0.080033333333333,0.148,0.2123,0.0643,24.468636599273722,HOURLY_RECON_GT_5PCT,26.4,51.0,0.0,WX_CLEANED,18,4,0,0,0.1487149999999997,0.1645424999999998,0.07547229166666644,0.0915899454365077
a3986d20c19f33c7c107fw,2026-01-23 19:00:00+08:00,0.0652108333333332,0.2253,0.2756,0.05030000000000001,29.64380384360475,HOURLY_RECON_GT_5PCT,25.5,55.0,0.0,WX_CLEANED,19,4,0,0,0.1207733333333332,0.1337666666666665,0.07315718749999978,0.09118187499999976
a3986d20c19f33c7c107fw,2026-01-23 20:00:00+08:00,0.039603333333333,0.2867,0.3122,0.025499999999999967,55.30718954248255,HOURLY_RECON_GT_5PCT,25.0,59.0,0.0,WX_CLEANED,20,4,0,0,0.0738241666666664,0.0815216666666665,0.07173131944444422,0.09093236111111087
a3986d20c19f33c7c107fw,2026-01-23 21:00:00+08:00,0.0640783333333331,0.3234,0.3755,0.05209999999999998,22.99104286628239,HOURLY_RECON_GT_5PCT,24.6,61.0,0.0,WX_CLEANED,21,4,0,0,0.1188966666666662,0.1315966666666665,0.06944722222222201,0.09053046626984103
a3986d20c19f33c7c107fw,2026-01-23 22:00:00+08:00,0.0535266666666665,0.3803,0.4321,0.05179999999999996,3.3333333333330972,,24.1,62.0,0.0,WX_CLEANED,22,4,0,0,0.09947916666666641,0.1101208333333331,0.06753253472222201,0.09019359623015848
a3986d20c19f33c7c107fw,2026-01-23 23:00:00+08:00,0.043715833333333,0.443,0.4753,0.032299999999999995,35.34313725490096,HOURLY_RECON_GT_5PCT,24.0,62.0,0.0,WX_CLEANED,23,4,0,0,0.0689216666666663,0.0745424999999997,0.06648229166666646,0.09001010416666642
a3986d20c19f33c7c107fw,2026-01-24 00:00:00+08:00,0.0496816666666663,0.4801,0.5233,0.04319999999999996,15.003858024690608,HOURLY_RECON_GT_5PCT,23.6,63.0,0.0,WX_CLEANED,0,5,1,0,0.0878158333333331,0.0972616666666665,0.06489336805555533,0.08972688988095212
a3986d20c19f33c7c107fw,2026-01-24 01:00:00+08:00,0.042858333333333,0.5265,0.5679,0.04139999999999999,3.522544283413059,,23.5,64.0,0.0,WX_CLEANED,1,5,1,0,0.0796058333333331,0.0880433333333332,0.063362222222222,0.08945793154761879
a3986d20c19f33c7c107fw,2026-01-24 02:00:00+08:00,0.0420516666666663,0.571,0.6123,0.0413,1.8200161420491443,,23.5,67.0,0.0,WX_CLEANED,2,5,1,0,0.0782349999999998,0.0865008333333331,0.0618545833333331,0.08919335317460293
a3986d20c19f33c7c107fw,2026-01-24 03:00:00+08:00,0.0509708333333332,0.6233,0.6601,0.036800000000000055,38.50769927536176,HOURLY_RECON_GT_5PCT,23.0,70.0,0.0,WX_CLEANED,3,5,1,0,0.0945366666666666,0.1046508333333331,0.06003934027777754,0.08887382936507911
a3986d20c19f33c7c107fw,2026-01-24 04:00:00+08:00,0.0283374999999997,0.6616,0.6926,0.031000000000000028,8.588709677420404,HOURLY_RECON_GT_5PCT,22.8,70.0,0.0,WX_CLEANED,4,5,1,0,0.052810833333333196,0.0583891666666665,0.05901961805555533,0.08869495039682514
a3986d20c19f33c7c107fw,2026-01-24 05:00:00+08:00,0.0204974999999998,0.7009,0.717,0.016100000000000003,27.31366459627203,HOURLY_RECON_GT_5PCT,22.4,73.0,0.0,WX_CLEANED,5,5,1,0,0.0379249999999998,0.041916666666666595,0.058293472222221976,0.08856745535714261
a3986d20c19f33c7c107fw,2026-01-24 06:00:00+08:00,0.0443799999999997,0.7236,0.7638,0.040200000000000014,10.398009950247966,HOURLY_RECON_GT_5PCT,22.4,74.0,0.0,WX_CLEANED,6,5,1,0,0.0825041666666666,0.091293333333333,0.056704965277777526,0.08828820932539658
a3986d20c19f33c7c107fw,2026-01-24 07:00:00+08:00,0.0440658333333332,0.7702,0.8047,0.034499999999999975,27.727053140096324,HOURLY_RECON_GT_5PCT,22.4,74.0,0.0,WX_CLEANED,7,5,1,0,0.081875,0.0905391666666664,0.05512958333333307,0.08801158234126959
a3986d20c19f33c7c107fw,2026-01-24 08:00:00+08:00,0.045621666666666505,0.8126,0.8488,0.03620000000000001,26.026703499078707,HOURLY_RECON_GT_5PCT,23.5,67.0,0.0,WX_CLEANED,8,5,1,0,0.0832774999999999,0.0937791666666665,0.05356059027777752,0.0877249305555553
a3986d20c19f33c7c107fw,2026-01-24 09:00:00+08:00,0.0335716666666663,0.852,0.884,0.03200000000000003,4.91145833333209,,25.1,59.0,0.0,WX_CLEANED,9,5,1,0,0.0622983333333329,0.068963333333333,0.05236364583333308,0.08751426587301563
a3986d20c19f33c7c107fw,2026-01-24 10:00:00+08:00,0.0323099999999997,0.8905,0.9131,0.022600000000000064,42.96460176990977,HOURLY_RECON_GT_5PCT,27.0,51.0,0.0,WX_CLEANED,10,5,1,0,0.0517891666666664,0.0562716666666665,0.05155201388888864,0.08737163690476166
a3986d20c19f33c7c107fw,2026-01-24 11:00:00+08:00,0.029347499999999797,0.9131,0.944,0.030899999999999928,5.024271844660627,HOURLY_RECON_GT_5PCT,28.2,45.0,0.0,WX_CLEANED,11,5,1,0,0.054385,0.060267499999999696,0.05050878472222196,0.08718758928571403
a3986d20c19f33c7c107fw,2026-01-24 12:00:00+08:00,0.0273058333333331,0.9455,0.9745,0.029000000000000026,5.841954022989397,HOURLY_RECON_GT_5PCT,28.5,46.0,0.0,WX_CLEANED,12,5,1,0,0.0506133333333332,0.0561308333333327,0.04953763888888862,0.08701601190476166
a3986d20c19f33c7c107fw,2026-01-24 13:00:00+08:00,0.037128333333333104,0.9841,1.0076,0.023500000000000076,57.99290780141695,HOURLY_RECON_GT_5PCT,29.2,43.0,0.0,WX_CLEANED,13,5,1,0,0.0690199999999995,0.0763716666666666,0.04820881944444419,0.08678242063492039
a3986d20c19f33c7c107fw,2026-01-24 14:00:00+08:00,0.0390524999999998,1.0138,1.0491,0.03529999999999989,10.630311614730672,HOURLY_RECON_GT_5PCT,29.2,43.0,0.0,WX_CLEANED,14,5,1,0,0.0742233333333331,0.0804174999999997,0.0467433680555553,0.08653620039682515
a3986d20c19f33c7c107fw,2026-01-24 15:00:00+08:00,0.0432166666666665,1.0553,1.09,0.034700000000000175,24.54370797310168,HOURLY_RECON_GT_5PCT,29.1,44.0,0.1,WX_CLEANED,15,5,1,0,0.0788349999999998,0.0871216666666666,0.04525927083333309,0.08627486111111086
a3986d20c19f33c7c107fw,2026-01-24 16:00:00+08:00,0.1219108333333332,0.0133,0.1386,0.1253,2.7048417132217004,,28.8,45.0,0.0,WX_CLEANED,16,5,1,0,0.060703333333333206,0.1356083333333331,0.04780958333333308,0.08619332837301563
a3986d20c19f33c7c107fw,2026-01-24 17:00:00+08:00,0.1437941666666664,0.1746,0.2722,0.09759999999999999,47.330088797813936,HOURLY_RECON_GT_5PCT,27.6,49.0,0.0,WX_CLEANED,17,5,1,0,0.0689533333333329,0.1580708333333331,0.05092795138888864,0.08610834821428547
a3986d20c19f33c7c107fw,2026-01-24 18:00:00+08:00,0.1668466666666664,0.3084,0.4424,0.134,24.512437810945062,HOURLY_RECON_GT_5PCT,26.4,54.0,0.0,WX_CLEANED,18,5,1,0,0.080033333333333,0.183343333333333,0.054545173611110866,0.08601015376984103
a3986d20c19f33c7c107fw,2026-01-24 19:00:00+08:00,0.1356091666666665,0.4694,0.5743,0.10490000000000005,29.274706069272106,HOURLY_RECON_GT_5PCT,25.5,57.0,0.0,WX_CLEANED,19,5,1,0,0.0652108333333332,0.1491124999999999,0.05747843749999975,0.08592977678571405
a3986d20c19f33c7c107fw,2026-01-24 20:00:00+08:00,0.0826366666666664,0.5973,0.6505,0.053199999999999914,55.332080200501,HOURLY_RECON_GT_5PCT,25.0,63.0,0.0,WX_CLEANED,20,5,1,0,0.039603333333333,0.0908391666666664,0.05927149305555531,0.08588095238095213
a3986d20c19f33c7c107fw,2026-01-24 21:00:00+08:00,0.133380833333333,0.6739,0.7824,0.10849999999999993,22.93164362519179,HOURLY_RECON_GT_5PCT,24.8,64.0,0.0,WX_CLEANED,21,5,1,0,0.0640783333333331,0.1465399999999998,0.06215909722222198,0.08580262400793626
a3986d20c19f33c7c107fw,2026-01-24 22:00:00+08:00,0.1116216666666663,0.7924,0.9004,0.10799999999999998,3.3533950617280697,,24.5,65.0,0.0,WX_CLEANED,22,5,1,0,0.0535266666666665,0.12265999999999991,0.06457972222222197,0.0857369196428569
a3986d20c19f33c7c107fw,2026-01-24 23:00:00+08:00,0.0754599999999998,0.9231,0.9695,0.0464,62.62931034482718,HOURLY_RECON_GT_5PCT,24.2,67.0,0.0,WX_CLEANED,23,5,1,0,0.043715833333333,0.0815499999999997,0.06590239583333309,0.0857006696428569
a3986d20c19f33c7c107fw,2026-01-25 00:00:00+08:00,0.09848166666666641,0.9795,1.0697,0.09020000000000006,9.181448632667792,HOURLY_RECON_GT_5PCT,24.0,68.0,0.0,WX_CLEANED,0,6,1,0,0.0496816666666663,0.1082049999999997,0.06793572916666642,0.08564279265872991
a3986d20c19f33c7c107fw,2026-01-25 01:00:00+08:00,0.0891774999999996,1.0763,1.1624,0.08610000000000007,3.5743321718926095,,23.8,69.0,0.0,WX_CLEANED,1,6,1,0,0.042858333333333,0.0980549999999996,0.0698656944444442,0.08558995039682515
a3986d20c19f33c7c107fw,2026-01-25 02:00:00+08:00,0.08771,1.1691,1.2551,0.08600000000000008,1.9883720930231608,,23.6,71.0,0.0,WX_CLEANED,2,6,1,0,0.0420516666666663,0.0964816666666666,0.07176812499999978,0.08553773809523785
a3986d20c19f33c7c107fw,2026-01-25 03:00:00+08:00,0.1060108333333329,1.2779,1.3545,0.0766,38.395343777197,HOURLY_RECON_GT_5PCT,23.6,71.0,0.0,WX_CLEANED,3,6,1,0,0.0509708333333332,0.11661166666666631,0.0740614583333331,0.08547463789682515
a3986d20c19f33c7c107fw,2026-01-25 04:00:00+08:00,0.059158333333332896,1.3578,1.4224,0.06460000000000021,8.423632610940091,HOURLY_RECON_GT_5PCT,23.2,73.0,0.0,WX_CLEANED,4,6,1,0,0.0283374999999997,0.0650624999999996,0.07534565972222197,0.0854394940476188
a3986d20c19f33c7c107fw,2026-01-25 05:00:00+08:00,0.0425291666666663,1.4397,1.4733,0.033600000000000074,26.57490079364942,HOURLY_RECON_GT_5PCT,22.9,74.0,0.0,WX_CLEANED,5,6,1,0,0.0204974999999998,0.046758333333333,0.07626364583333307,0.08541432043650769
a3986d20c19f33c7c107fw,2026-01-25 06:00:00+08:00,0.09257666666666631,1.4869,1.5707,0.08379999999999987,10.473349244232036,HOURLY_RECON_GT_5PCT,22.5,77.0,0.0,WX_CLEANED,6,6,1,0,0.0443799999999997,0.1017624999999998,0.07827184027777752,0.08535964285714262
a3986d20c19f33c7c107fw,2026-01-25 07:00:00+08:00,0.0918066666666662,1.5841,1.656,0.07189999999999985,27.686601761705692,HOURLY_RECON_GT_5PCT,22.4,77.0,0.0,WX_CLEANED,7,6,1,0,0.0440658333333332,0.1009941666666663,0.0802610416666664,0.08530495535714261
a3986d20c19f33c7c107fw,2026-01-25 08:00:00+08:00,0.09347916666666631,1.6723,1.7478,0.07550000000000012,23.813465783663784,HOURLY_RECON_GT_5PCT,23.6,72.0,0.0,WX_CLEANED,8,6,1,0,0.045621666666666505,0.1027541666666665,0.08225510416666638,0.08524974702380927
a3986d20c19f33c7c107fw,2026-01-25 09:00:00+08:00,0.0699841666666663,1.7544,1.8212,0.06679999999999997,4.766716566865774,,25.2,64.0,0.0,WX_CLEANED,9,6,1,0,0.0335716666666663,0.0768866666666661,0.08377229166666639,0.08520866071428546
a3986d20c19f33c7c107fw,2026-01-25 10:00:00+08:00,0.0569116666666665,1.8347,1.8714,0.036699999999999955,55.07266121707512,HOURLY_RECON_GT_5PCT,27.3,54.0,0.0,WX_CLEANED,10,6,1,0,0.0323099999999997,0.0616041666666665,0.08479736111111084,0.08518072916666641
a3986d20c19f33c7c107fw,2026-01-25 11:00:00+08:00,0.0610649999999997,1.8714,1.9357,0.06430000000000002,5.0311041990673715,HOURLY_RECON_GT_5PCT,28.5,49.0,0.0,WX_CLEANED,11,6,1,0,0.029347499999999797,0.0671525000000001,0.08611892361111084,0.0851444940476188
a3986d20c19f33c7c107fw,2026-01-25 12:00:00+08:00,0.056848333333333,1.9389,1.9993,0.06040000000000001,5.880242825607629,HOURLY_RECON_GT_5PCT,29.5,46.0,0.0,WX_CLEANED,12,6,1,0,0.0273058333333331,0.0625708333333328,0.08734986111111083,0.0851104315476188
a3986d20c19f33c7c107fw,2026-01-25 13:00:00+08:00,0.07743666666666629,2.0193,2.0682,0.048900000000000166,58.3571915473743,HOURLY_RECON_GT_5PCT,30.1,44.0,0.0,WX_CLEANED,13,6,1,0,0.037128333333333104,0.0850433333333331,0.08902937499999973,0.08506515376984101
a3986d20c19f33c7c107fw,2026-01-25 14:00:00+08:00,0.0832091666666666,2.0812,2.1547,0.07350000000000012,13.209750566893144,HOURLY_RECON_GT_5PCT,29.7,45.0,0.0,WX_CLEANED,14,6,1,0,0.0390524999999998,0.0896191666666665,0.09086923611111082,0.08502699900793625
a3986d20c19f33c7c107fw,2026-01-25 15:00:00+08:00,0.0899974999999998,2.1677,2.24,0.07230000000000025,24.47786998616803,HOURLY_RECON_GT_5PCT,29.5,48.0,0.0,WX_CLEANED,15,6,1,0,0.0432166666666665,0.0971816666666665,0.09281843749999973,0.08498423611111086
a3986d20c19f33c7c107fw,2026-01-25 16:00:00+08:00,0.1133649999999999,0.0121,0.1267,0.11460000000000001,1.0776614310646693,,29.2,48.0,0.0,WX_CLEANED,16,6,1,0,0.1219108333333332,0.124598333333333,0.09246236111111084,0.08491737103174579
a3986d20c19f33c7c107fw,2026-01-25 17:00:00+08:00,0.131455833333333,0.1596,0.2488,0.0892,47.3720104633778,HOURLY_RECON_GT_5PCT,28.5,50.0,0.0,WX_CLEANED,17,6,1,0,0.1437941666666664,0.14430666666666642,0.0919482638888886,0.08484087797619022
a3986d20c19f33c7c107fw,2026-01-25 18:00:00+08:00,0.1525549999999998,0.2819,0.4044,0.1225,24.53469387755086,HOURLY_RECON_GT_5PCT,27.1,56.0,0.0,WX_CLEANED,18,6,1,0,0.1668466666666664,0.1676141666666665,0.0913527777777775,0.08475124007936483
a3986d20c19f33c7c107fw,2026-01-25 19:00:00+08:00,0.1238433333333332,0.429,0.5249,0.09590000000000004,29.13799096280828,HOURLY_RECON_GT_5PCT,26.1,60.0,0.0,WX_CLEANED,19,6,1,0,0.1356091666666665,0.1361224999999996,0.09086253472222193,0.08467814980158705
a3986d20c19f33c7c107fw,2026-01-25 20:00:00+08:00,0.0756491666666664,0.546,0.5945,0.04849999999999999,55.97766323024005,HOURLY_RECON_GT_5PCT,26.0,61.0,0.0,WX_CLEANED,20,6,1,0,0.0826366666666664,0.0830408333333332,0.0905713888888886,0.08463415178571403
a3986d20c19f33c7c107fw,2026-01-25 21:00:00+08:00,0.1219058333333333,0.616,0.7152,0.09919999999999995,22.888944892473138,HOURLY_RECON_GT_5PCT,25.5,62.0,0.0,WX_CLEANED,21,6,1,0,0.133380833333333,0.1340433333333331,0.09009326388888862,0.08456190476190452
a3986d20c19f33c7c107fw,2026-01-25 22:00:00+08:00,0.1020908333333331,0.7243,0.8231,0.0988,3.330802968960632,,25.2,64.0,0.0,WX_CLEANED,22,6,1,0,0.1116216666666663,0.1121224999999996,0.08969614583333307,0.0845021924603172
a3986d20c19f33c7c107fw,2026-01-25 23:00:00+08:00,0.0701841666666664,0.8437,0.8879,0.04420000000000002,58.787707390647896,HOURLY_RECON_GT_5PCT,25.0,65.0,0.0,WX_CLEANED,23,6,1,0,0.0754599999999998,0.07573083333333311,0.08947631944444417,0.08446917658730134
a3986d20c19f33c7c107fw,2026-01-26 00:00:00+08:00,0.0899833333333329,0.897,0.9794,0.08240000000000003,9.203074433656395,HOURLY_RECON_GT_5PCT,24.7,66.0,0.0,WX_CLEANED,0,0,0,0,0.09848166666666641,0.0989574999999998,0.08912222222222194,0.08441575892857117
a3986d20c19f33c7c107fw,2026-01-26 01:00:00+08:00,0.081628333333333,0.9855,1.0642,0.07869999999999999,3.72088098263406,,24.5,68.0,0.0,WX_CLEANED,1,0,0,0,0.0891774999999996,0.0896199999999996,0.08880767361111085,0.08436818948412673
a3986d20c19f33c7c107fw,2026-01-26 02:00:00+08:00,0.0801524999999999,1.0703,1.1489,0.0786,1.9751908396945308,,24.2,73.0,0.0,WX_CLEANED,2,0,0,0,0.08771,0.088113333333333,0.08849277777777752,0.08432080357142832
a3986d20c19f33c7c107fw,2026-01-26 03:00:00+08:00,0.0969683333333332,1.1697,1.2398,0.07010000000000005,38.32857822158791,HOURLY_RECON_GT_5PCT,23.9,75.0,0.0,WX_CLEANED,3,0,0,0,0.1060108333333329,0.1064974999999998,0.08811600694444417,0.08426408234126959
a3986d20c19f33c7c107fw,2026-01-26 04:00:00+08:00,0.0540249999999999,1.2428,1.3018,0.05900000000000016,8.432203389830931,HOURLY_RECON_GT_5PCT,23.3,77.0,0.0,WX_CLEANED,4,0,0,0,0.059158333333332896,0.0594824999999998,0.08790211805555531,0.08423159722222197
a3986d20c19f33c7c107fw,2026-01-26 05:00:00+08:00,0.0389133333333331,1.3177,1.3483,0.03059999999999996,27.167755991284796,HOURLY_RECON_GT_5PCT,23.0,78.0,0.0,WX_CLEANED,5,0,0,0,0.0425291666666663,0.0427674999999999,0.08775145833333309,0.084208655753968
a3986d20c19f33c7c107fw,2026-01-26 06:00:00+08:00,0.0845774999999997,1.3608,1.4374,0.0766,10.414490861618399,HOURLY_RECON_GT_5PCT,23.0,79.0,0.0,WX_CLEANED,6,0,0,0,0.09257666666666631,0.0929724999999996,0.08741815972222196,0.08415868551587277
a3986d20c19f33c7c107fw,2026-01-26 07:00:00+08:00,0.0838866666666663,1.4496,1.5154,0.06580000000000008,27.48733535967508,HOURLY_RECON_GT_5PCT,23.1,78.0,0.0,WX_CLEANED,7,0,0,0,0.0918066666666662,0.09383916666666631,0.08708815972222199,0.0840994444444442
a3986d20c19f33c7c107fw,2026-01-26 08:00:00+08:00,0.0853408333333332,1.5302,1.5993,0.06909999999999994,23.503376748673336,HOURLY_RECON_GT_5PCT,24.1,72.0,0.0,WX_CLEANED,8,0,0,0,0.09347916666666631,0.0938916666666663,0.08674906249999977,0.08404854662698388
a3986d20c19f33c7c107fw,2026-01-26 09:00:00+08:00,0.0639041666666663,1.6053,1.6664,0.061100000000000154,4.589470812874211,,25.1,69.0,0.0,WX_CLEANED,9,0,0,0,0.0699841666666663,0.07022499999999961,0.08649572916666642,0.08401092261904737
a3986d20c19f33c7c107fw,2026-01-26 10:00:00+08:00,0.0528558333333331,1.6787,1.7131,0.034399999999999986,53.65067829457303,HOURLY_RECON_GT_5PCT,26.8,64.0,0.0,WX_CLEANED,10,0,0,0,0.0569116666666665,0.0571241666666664,0.08632673611111087,0.08398551587301563
a3986d20c19f33c7c107fw,2026-01-26 11:00:00+08:00,0.0558808333333332,1.7131,1.7719,0.05879999999999996,4.964569160997902,,28.5,58.0,0.0,WX_CLEANED,11,0,0,0,0.0610649999999997,0.0613649999999996,0.08611072916666644,0.08395287202380929
a3986d20c19f33c7c107fw,2026-01-26 12:00:00+08:00,0.0519433333333332,1.7748,1.83,0.05520000000000014,5.8997584541067525,HOURLY_RECON_GT_5PCT,27.8,62.0,0.4,WX_CLEANED,12,0,0,0,0.056848333333333,0.0570541666666665,0.08590635416666646,0.08392245039682515
a3986d20c19f33c7c107fw,2026-01-26 13:00:00+08:00,0.0706924999999996,1.8483,1.893,0.04469999999999996,58.148769574943316,HOURLY_RECON_GT_5PCT,28.5,61.0,0.5,WX_CLEANED,13,0,0,0,0.07743666666666629,0.0778908333333333,0.085625347222222,0.08387960317460293
a3986d20c19f33c7c107fw,2026-01-26 14:00:00+08:00,0.0761408333333329,1.9048,1.972,0.06719999999999993,13.304811507935979,HOURLY_RECON_GT_5PCT,28.2,62.0,1.2,WX_CLEANED,14,0,0,0,0.0832091666666666,0.0836124999999997,0.08533083333333309,0.08383512896825372
a3986d20c19f33c7c107fw,2026-01-26 15:00:00+08:00,0.0807274999999999,1.9839,2.05,0.06609999999999983,22.12934947049941,HOURLY_RECON_GT_5PCT,28.2,63.0,0.4,WX_CLEANED,15,0,0,0,0.0899974999999998,0.0886949999999995,0.0849445833333331,0.08378770337301564
a3986d20c19f33c7c107fw,2026-01-26 16:00:00+08:00,0.11139083333333301,0.0119,0.1248,0.1129,1.3367286684384339,,28.1,63.0,0.1,WX_CLEANED,16,0,0,0,0.1133649999999999,0.1334891666666665,0.08486232638888865,0.08365616567460293
a3986d20c19f33c7c107fw,2026-01-26 17:00:00+08:00,0.1295183333333332,0.1573,0.2451,0.08780000000000002,47.515186028853286,HOURLY_RECON_GT_5PCT,28.4,62.0,0.1,WX_CLEANED,17,0,0,0,0.131455833333333,0.1554199999999998,0.08478159722222199,0.08350198908730135
a3986d20c19f33c7c107fw,2026-01-26 18:00:00+08:00,0.1502524999999998,0.2777,0.3984,0.12069999999999997,24.4842584921291,HOURLY_RECON_GT_5PCT,28.0,65.0,0.0,WX_CLEANED,18,0,0,0,0.1525549999999998,0.1803716666666664,0.08468565972222199,0.08332270833333309
a3986d20c19f33c7c107fw,2026-01-26 19:00:00+08:00,0.1218999999999997,0.4226,0.5171,0.09450000000000003,28.99470899470864,HOURLY_RECON_GT_5PCT,27.2,70.0,0.0,WX_CLEANED,19,0,0,0,0.1238433333333332,0.1466558333333332,0.08460468749999976,0.08317535218253944
a3986d20c19f33c7c107fw,2026-01-26 20:00:00+08:00,0.0745341666666664,0.5379,0.5857,0.047799999999999954,55.92921896792149,HOURLY_RECON_GT_5PCT,27.0,73.0,0.0,WX_CLEANED,20,0,0,0,0.0756491666666664,0.0894199999999998,0.08455822916666643,0.08308674603174578
a3986d20c19f33c7c107fw,2026-01-26 21:00:00+08:00,0.120220833333333,0.6068,0.7046,0.0978,22.925187457395708,HOURLY_RECON_GT_5PCT,26.8,75.0,0.0,WX_CLEANED,21,0,0,0,0.1219058333333333,0.144193333333333,0.08448802083333308,0.08294405257936484
a3986d20c19f33c7c107fw,2026-01-26 22:00:00+08:00,0.1004841666666664,0.7136,0.8108,0.09719999999999995,3.378772290809106,,26.3,77.0,0.0,WX_CLEANED,22,0,0,0,0.1020908333333331,0.1207549999999997,0.08442107638888864,0.0828233928571426
a3986d20c19f33c7c107fw,2026-01-26 23:00:00+08:00,0.0694683333333331,0.8312,0.875,0.04379999999999995,58.60350076103467,HOURLY_RECON_GT_5PCT,26.0,78.0,0.0,WX_CLEANED,23,0,0,0,0.0701841666666664,0.08035916666666651,0.08439124999999975,0.08275856646825372
a3986d20c19f33c7c107fw,2026-01-27 00:00:00+08:00,0.088760833333333,0.884,0.9651,0.08109999999999995,9.446157007808942,HOURLY_RECON_GT_5PCT,25.9,79.0,0.0,WX_CLEANED,0,1,0,0,0.0899833333333329,0.1065083333333332,0.08434031249999975,0.08265292658730135
a3986d20c19f33c7c107fw,2026-01-27 01:00:00+08:00,0.0803933333333331,0.9712,1.0487,0.07750000000000001,3.7333333333330074,,25.5,81.0,0.0,WX_CLEANED,1,1,0,0,0.081628333333333,0.0964774999999997,0.08428885416666643,0.08255718749999975
a3986d20c19f33c7c107fw,2026-01-27 02:00:00+08:00,0.0789424999999999,1.0547,1.1321,0.07740000000000014,1.9928940568472397,,25.1,87.0,0.0,WX_CLEANED,2,1,0,0,0.0801524999999999,0.0948691666666664,0.08423843749999976,0.08246238591269817
a3986d20c19f33c7c107fw,2026-01-27 03:00:00+08:00,0.0955091666666664,1.1526,1.2217,0.06909999999999994,38.218765074770594,HOURLY_RECON_GT_5PCT,25.2,83.0,0.0,WX_CLEANED,3,1,0,0,0.0969683333333332,0.1146666666666665,0.08417763888888864,0.08234835317460293
a3986d20c19f33c7c107fw,2026-01-27 04:00:00+08:00,0.0532558333333332,1.2246,1.2828,0.05820000000000003,8.495131729668092,HOURLY_RECON_GT_5PCT,25.0,84.0,0.0,WX_CLEANED,4,1,0,0,0.0540249999999999,0.0639699999999998,0.08414559027777753,0.08228457837301562
a3986d20c19f33c7c107fw,2026-01-27 05:00:00+08:00,0.0383000000000001,1.2984,1.3286,0.030200000000000005,26.821192052980436,HOURLY_RECON_GT_5PCT,25.0,84.0,0.0,WX_CLEANED,5,1,0,0,0.0389133333333331,0.0460083333333334,0.084120034722222,0.08223869543650768
a3986d20c19f33c7c107fw,2026-01-27 06:00:00+08:00,0.08329166666666629,1.3409,1.4163,0.07539999999999991,10.466401414676909,HOURLY_RECON_GT_5PCT,24.8,85.0,0.0,WX_CLEANED,6,1,0,0,0.0845774999999997,0.1000841666666663,0.0840664583333331,0.08213874007936484
a3986d20c19f33c7c107fw,2026-01-27 07:00:00+08:00,0.0827183333333331,1.4284,1.4932,0.06480000000000019,27.651748971192685,HOURLY_RECON_GT_5PCT,24.8,85.0,0.0,WX_CLEANED,7,1,0,0,0.0838866666666663,0.09930499999999981,0.08401777777777754,0.08204000992063468
a3986d20c19f33c7c107fw,2026-01-27 08:00:00+08:00,0.0841041666666663,1.5078,1.5758,0.06800000000000006,23.682598039215037,HOURLY_RECON_GT_5PCT,25.1,84.0,0.0,WX_CLEANED,8,1,0,0,0.0853408333333332,0.1010049999999999,0.08396624999999976,0.08193940972222198
a3986d20c19f33c7c107fw,2026-01-27 09:00:00+08:00,0.0629791666666661,1.5818,1.6419,0.06009999999999982,4.790626733221778,,25.8,80.0,0.1,WX_CLEANED,9,1,0,0,0.0639041666666663,0.0756216666666665,0.08392770833333307,0.0818641567460315
a3986d20c19f33c7c107fw,2026-01-27 10:00:00+08:00,0.0522174999999998,1.6541,1.6881,0.03400000000000003,53.58088235294045,HOURLY_RECON_GT_5PCT,27.0,74.0,0.0,WX_CLEANED,10,1,0,0,0.0528558333333331,0.060753333333333104,0.08390111111111086,0.08181334821428546
a3986d20c19f33c7c107fw,2026-01-27 11:00:00+08:00,0.0549841666666665,1.6881,1.746,0.05790000000000006,5.035981577432744,HOURLY_RECON_GT_5PCT,27.9,71.0,0.0,WX_CLEANED,11,1,0,0,0.0558808333333332,0.06605499999999989,0.08386374999999975,0.08174745039682516
a3986d20c19f33c7c107fw,2026-01-27 12:00:00+08:00,0.051124999999999796,1.7489,1.8033,0.054400000000000004,6.020220588235676,HOURLY_RECON_GT_5PCT,28.8,65.0,0.0,WX_CLEANED,12,1,0,0,0.0519433333333332,0.061448333333333,0.08382965277777753,0.08168600198412673
a3986d20c19f33c7c107fw,2026-01-27 13:00:00+08:00,0.0696291666666664,1.8213,1.8653,0.04400000000000004,58.248106060605295,HOURLY_RECON_GT_5PCT,29.1,61.0,0.2,WX_CLEANED,13,1,0,0,0.0706924999999996,0.0836249999999994,0.08378534722222197,0.0816026934523807
a3986d20c19f33c7c107fw,2026-01-27 14:00:00+08:00,0.0749299999999999,1.877,1.9432,0.06620000000000004,13.187311178247521,HOURLY_RECON_GT_5PCT,26.8,75.0,0.0,WX_CLEANED,14,1,0,0,0.0761408333333329,0.0900758333333327,0.0837348958333331,0.08151253968253944
a3986d20c19f33c7c107fw,2026-01-27 15:00:00+08:00,0.0795733333333331,1.9549,2.02,0.06509999999999994,22.23246287762392,HOURLY_RECON_GT_5PCT,28.1,70.0,0.1,WX_CLEANED,15,1,0,0,0.0807274999999999,0.0956083333333331,0.08368680555555531,0.08141709325396801
a3986d20c19f33c7c107fw,2026-01-27 16:00:00+08:00,0.11352416666666651,0.0122,0.1273,0.1151,1.3690993339126714,,27.2,70.0,2.3,WX_CLEANED,16,1,0,0,0.11139083333333301,0.1223558333333331,0.08377569444444422,0.08136452380952357
a3986d20c19f33c7c107fw,2026-01-27 17:00:00+08:00,0.1319683333333329,0.1604,0.25,0.08960000000000001,47.28608630952332,HOURLY_RECON_GT_5PCT,27.0,72.0,0.8,WX_CLEANED,17,1,0,0,0.1295183333333332,0.1418574999999998,0.08387777777777754,0.08130565972222198
a3986d20c19f33c7c107fw,2026-01-27 18:00:00+08:00,0.15322416666666638,0.2833,0.4064,0.12309999999999999,24.47129704846986,HOURLY_RECON_GT_5PCT,26.9,72.0,0.0,WX_CLEANED,18,1,0,0,0.1502524999999998,0.1645424999999998,0.08400159722222199,0.08123828869047595
a3986d20c19f33c7c107fw,2026-01-27 19:00:00+08:00,0.1244566666666664,0.4311,0.5275,0.09639999999999999,29.104426002765994,HOURLY_RECON_GT_5PCT,26.6,75.0,0.0,WX_CLEANED,19,1,0,0,0.1218999999999997,0.1337666666666665,0.08410812499999976,0.08118287202380928
a3986d20c19f33c7c107fw,2026-01-27 20:00:00+08:00,0.0759533333333329,0.5487,0.5975,0.048800000000000066,55.64207650273114,HOURLY_RECON_GT_5PCT,26.5,75.0,0.0,WX_CLEANED,20,1,0,0,0.0745341666666664,0.0815216666666665,0.0841672569444442,0.08114972718253943
a3986d20c19f33c7c107fw,2026-01-27 21:00:00+08:00,0.1225675,0.619,0.7187,0.09970000000000001,22.936308926780324,HOURLY_RECON_GT_5PCT,26.2,74.0,0.0,WX_CLEANED,21,1,0,0,0.120220833333333,0.1315966666666665,0.08426503472222198,0.08109598214285689
a3986d20c19f33c7c107fw,2026-01-27 22:00:00+08:00,0.1024941666666665,0.7279,0.8271,0.09919999999999995,3.3207325268815966,,25.8,76.0,0.0,WX_CLEANED,22,1,0,0,0.1004841666666664,0.1101208333333331,0.084348784722222,0.08105058531746007
a3986d20c19f33c7c107fw,2026-01-27 23:00:00+08:00,0.0705583333333332,0.8479,0.8922,0.044300000000000006,59.273890142964305,HOURLY_RECON_GT_5PCT,25.6,77.0,0.0,WX_CLEANED,23,1,0,0,0.0694683333333331,0.0745424999999997,0.08439420138888865,0.08102687003968229
a3986d20c19f33c7c107fw,2026-01-28 00:00:00+08:00,0.0903566666666664,0.9013,0.9842,0.08289999999999997,8.994772818656735,HOURLY_RECON_GT_5PCT,25.5,77.0,0.0,WX_CLEANED,0,2,0,0,0.088760833333333,0.0972616666666665,0.0844606944444442,0.0809857688492061
a3986d20c19f33c7c107fw,2026-01-28 01:00:00+08:00,0.0819716666666664,0.9903,1.0694,0.07909999999999995,3.630425621575797,,25.3,77.0,0.0,WX_CLEANED,1,2,0,0,0.0803933333333331,0.0880433333333332,0.08452645833333311,0.08094962797619022
a3986d20c19f33c7c107fw,2026-01-28 02:00:00+08:00,0.0805549999999999,1.0755,1.1545,0.07900000000000018,1.968354430379392,,24.8,81.0,0.0,WX_CLEANED,2,2,0,0,0.0789424999999999,0.0865008333333331,0.0845936458333331,0.08091423611111087
a3986d20c19f33c7c107fw,2026-01-28 03:00:00+08:00,0.0973549999999999,1.1754,1.2458,0.07040000000000002,38.288352272727096,HOURLY_RECON_GT_5PCT,24.5,82.0,0.0,WX_CLEANED,3,2,0,0,0.0955091666666664,0.1046508333333331,0.08467055555555535,0.08087080853174579
a3986d20c19f33c7c107fw,2026-01-28 04:00:00+08:00,0.0543474999999998,1.2489,1.3082,0.05930000000000013,8.35160202360931,HOURLY_RECON_GT_5PCT,24.0,85.0,0.0,WX_CLEANED,4,2,0,0,0.0532558333333332,0.0583891666666665,0.08471604166666645,0.08084675099206325
a3986d20c19f33c7c107fw,2026-01-28 05:00:00+08:00,0.039050833333333104,1.3241,1.3549,0.03079999999999994,26.78841991341942,HOURLY_RECON_GT_5PCT,23.7,86.0,0.0,WX_CLEANED,5,2,0,0,0.0383000000000001,0.041916666666666595,0.08474732638888866,0.08082969246031722
a3986d20c19f33c7c107fw,2026-01-28 06:00:00+08:00,0.0850724999999998,1.3674,1.4444,0.07699999999999996,10.483766233766037,HOURLY_RECON_GT_5PCT,23.5,87.0,0.0,WX_CLEANED,6,2,0,0,0.08329166666666629,0.091293333333333,0.08482152777777756,0.08079266369047594
a3986d20c19f33c7c107fw,2026-01-28 07:00:00+08:00,0.0843074999999997,1.4567,1.5228,0.06609999999999983,27.545385779122427,HOURLY_RECON_GT_5PCT,23.5,86.0,0.0,WX_CLEANED,7,2,0,0,0.0827183333333331,0.0905391666666664,0.08488774305555531,0.08075557043650769
a3986d20c19f33c7c107fw,2026-01-28 08:00:00+08:00,0.085755,1.5377,1.6071,0.0693999999999999,23.56628242074944,HOURLY_RECON_GT_5PCT,24.8,79.0,0.0,WX_CLEANED,8,2,0,0,0.0841041666666663,0.0937791666666665,0.08495652777777755,0.08070780753968229
a3986d20c19f33c7c107fw,2026-01-28 09:00:00+08:00,0.0641441666666663,1.6132,1.6745,0.06130000000000013,4.6397498640557195,,26.0,71.0,0.0,WX_CLEANED,9,2,0,0,0.0629791666666661,0.068963333333333,0.08500506944444423,0.08067912202380928
a3986d20c19f33c7c107fw,2026-01-28 10:00:00+08:00,0.0530699999999998,1.6869,1.7214,0.034499999999999975,53.826086956521266,HOURLY_RECON_GT_5PCT,27.4,62.0,0.0,WX_CLEANED,10,2,0,0,0.0522174999999998,0.0562716666666665,0.08504059027777756,0.08066006448412673
a3986d20c19f33c7c107fw,2026-01-28 11:00:00+08:00,0.0560791666666665,1.7214,1.7805,0.05909999999999993,5.111393119007503,HOURLY_RECON_GT_5PCT,28.8,56.0,0.0,WX_CLEANED,11,2,0,0,0.0549841666666665,0.060267499999999696,0.08508621527777756,0.08063513392857118
a3986d20c19f33c7c107fw,2026-01-28 12:00:00+08:00,0.0523483333333329,1.7834,1.8389,0.05549999999999988,5.67867867867926,HOURLY_RECON_GT_5PCT,29.7,51.0,0.0,WX_CLEANED,12,2,0,0,0.051124999999999796,0.0561308333333327,0.08513718749999978,0.0806126190476188
a3986d20c19f33c7c107fw,2026-01-28 13:00:00+08:00,0.0710466666666663,1.8573,1.9022,0.04489999999999994,58.2331106161835,HOURLY_RECON_GT_5PCT,29.4,51.0,0.1,WX_CLEANED,13,2,0,0,0.0696291666666664,0.0763716666666666,0.08519624999999977,0.08058092261904737
a3986d20c19f33c7c107fw,2026-01-28 14:00:00+08:00,0.0764449999999999,1.9141,1.9816,0.06750000000000012,13.251851851851512,HOURLY_RECON_GT_5PCT,29.4,51.0,0.5,WX_CLEANED,14,2,0,0,0.0749299999999999,0.0804174999999997,0.08525937499999976,0.08055727678571405
a3986d20c19f33c7c107fw,2026-01-28 15:00:00+08:00,0.0812449999999997,1.9936,2.06,0.06640000000000001,22.356927710842907,HOURLY_RECON_GT_5PCT,29.5,50.0,0.1,WX_CLEANED,15,2,0,0,0.0795733333333331,0.0871216666666666,0.08532902777777755,0.08052229662698387
a3986d20c19f33c7c107fw,2026-01-28 16:00:00+08:00,0.1064516666666664,0.0114,0.1191,0.10769999999999999,1.1590838749615482,,29.6,48.0,0.0,WX_CLEANED,16,2,0,0,0.11352416666666651,0.11817499999999989,0.08503434027777755,0.08045251488095213
a3986d20c19f33c7c107fw,2026-01-28 17:00:00+08:00,0.1237058333333332,0.1502,0.234,0.08380000000000001,47.62032617342861,HOURLY_RECON_GT_5PCT,28.5,51.0,0.0,WX_CLEANED,17,2,0,0,0.1319683333333329,0.1372691666666663,0.08469006944444422,0.080371780753968
a3986d20c19f33c7c107fw,2026-01-28 18:00:00+08:00,0.1434399999999998,0.2651,0.3804,0.11530000000000001,24.405897658282544,HOURLY_RECON_GT_5PCT,27.1,55.0,0.0,WX_CLEANED,18,2,0,0,0.15322416666666638,0.1592666666666665,0.08428239583333312,0.08027757440476166
a3986d20c19f33c7c107fw,2026-01-28 19:00:00+08:00,0.1164741666666666,0.4035,0.4938,0.09029999999999999,28.985788113695033,HOURLY_RECON_GT_5PCT,26.0,60.0,0.0,WX_CLEANED,19,2,0,0,0.1244566666666664,0.1293674999999998,0.08394979166666645,0.08020082837301563
a3986d20c19f33c7c107fw,2026-01-28 20:00:00+08:00,0.07099249999999971,0.5135,0.5592,0.045700000000000074,55.34463894967089,HOURLY_RECON_GT_5PCT,26.0,63.0,0.0,WX_CLEANED,20,2,0,0,0.0759533333333329,0.0788891666666664,0.08374309027777758,0.08015382440476167
a3986d20c19f33c7c107fw,2026-01-28 21:00:00+08:00,0.1147649999999997,0.5794,0.6727,0.09329999999999994,23.006430868166962,HOURLY_RECON_GT_5PCT,25.4,67.0,0.0,WX_CLEANED,21,2,0,0,0.1225675,0.1273633333333331,0.0834179861111109,0.08007883432539657
a3986d20c19f33c7c107fw,2026-01-28 22:00:00+08:00,0.0959691666666664,0.6813,0.7742,0.09289999999999998,3.303731611051039,,25.0,69.0,0.0,WX_CLEANED,22,2,0,0,0.1024941666666665,0.1066066666666665,0.08314611111111089,0.08001551587301561
a3986d20c19f33c7c107fw,2026-01-28 23:00:00+08:00,0.0668183333333331,0.7936,0.8363,0.04270000000000007,56.483216237313805,HOURLY_RECON_GT_5PCT,24.7,70.0,0.0,WX_CLEANED,23,2,0,0,0.0705583333333332,0.0726366666666665,0.08299027777777755,0.0799808829365077
a3986d20c19f33c7c107fw,2026-01-29 00:00:00+08:00,0.0847999999999997,0.8449,0.9224,0.07750000000000001,9.419354838709266,HOURLY_RECON_GT_5PCT,24.2,73.0,0.0,WX_CLEANED,0,3,0,0,0.0903566666666664,0.09414749999999959,0.08275874999999977,0.0799252430555553
a3986d20c19f33c7c107fw,2026-01-29 01:00:00+08:00,0.0767908333333331,0.9281,1.0022,0.07409999999999994,3.6313540260906323,,24.0,72.0,0.0,WX_CLEANED,1,3,0,0,0.0819716666666664,0.085130833333333,0.08254288194444422,0.07987560019841246
a3986d20c19f33c7c107fw,2026-01-29 02:00:00+08:00,0.0754125,1.0079,1.0818,0.07390000000000008,2.046684709066191,,23.7,75.0,0.0,WX_CLEANED,2,3,0,0,0.0805549999999999,0.0837799999999998,0.0823286111111109,0.07982579365079341
a3986d20c19f33c7c107fw,2026-01-29 03:00:00+08:00,0.09123166666666621,1.1014,1.1673,0.06590000000000007,38.439554881132196,HOURLY_RECON_GT_5PCT,23.6,75.0,0.0,WX_CLEANED,3,3,0,0,0.0973549999999999,0.1012466666666664,0.08207347222222199,0.07976618055555532
a3986d20c19f33c7c107fw,2026-01-29 04:00:00+08:00,0.0508491666666665,1.1702,1.2257,0.055500000000000105,8.379879879880352,HOURLY_RECON_GT_5PCT,23.3,77.0,0.0,WX_CLEANED,4,3,0,0,0.0543474999999998,0.0565308333333331,0.0819277083333331,0.07973236111111086
a3986d20c19f33c7c107fw,2026-01-29 05:00:00+08:00,0.0365608333333333,1.2406,1.2694,0.02880000000000016,26.94733796296214,HOURLY_RECON_GT_5PCT,23.0,79.0,0.0,WX_CLEANED,5,3,0,0,0.039050833333333104,0.0406524999999999,0.0818239583333331,0.07970800595238071
a3986d20c19f33c7c107fw,2026-01-29 06:00:00+08:00,0.0796391666666665,1.2811,1.3532,0.07210000000000005,10.45654184003667,HOURLY_RECON_GT_5PCT,22.7,81.0,0.0,WX_CLEANED,6,3,0,0,0.0850724999999998,0.0884299999999997,0.08159756944444423,0.07965567956349183
a3986d20c19f33c7c107fw,2026-01-29 07:00:00+08:00,0.07892,1.3647,1.4266,0.061900000000000066,27.495961227786626,HOURLY_RECON_GT_5PCT,22.6,81.0,0.0,WX_CLEANED,7,3,0,0,0.0843074999999997,0.089223333333333,0.08137309027777757,0.07959435019841246
a3986d20c19f33c7c107fw,2026-01-29 08:00:00+08:00,0.0802908333333331,1.4405,1.5055,0.06500000000000017,23.5243589743583,HOURLY_RECON_GT_5PCT,24.0,76.0,0.0,WX_CLEANED,8,3,0,0,0.085755,0.0891549999999996,0.08114541666666644,0.07954158730158707
a3986d20c19f33c7c107fw,2026-01-29 09:00:00+08:00,0.0602108333333329,1.5111,1.5686,0.057499999999999885,4.714492753622648,,25.7,63.0,0.0,WX_CLEANED,9,3,0,0,0.0641441666666663,0.066773333333333,0.08098152777777755,0.07950252480158707
a3986d20c19f33c7c107fw,2026-01-29 10:00:00+08:00,0.050294166666666404,1.5802,1.6131,0.03289999999999993,52.8698074974666,HOURLY_RECON_GT_5PCT,27.7,53.0,0.0,WX_CLEANED,10,3,0,0,0.0530699999999998,0.0547758333333331,0.08086586805555533,0.07947584821428547
a3986d20c19f33c7c107fw,2026-01-29 11:00:00+08:00,0.052489166666666295,1.6131,1.6684,0.05530000000000013,5.082881253768219,HOURLY_RECON_GT_5PCT,29.4,46.0,0.0,WX_CLEANED,11,3,0,0,0.0560791666666665,0.0583724999999998,0.08071628472222199,0.07944082837301562
a3986d20c19f33c7c107fw,2026-01-29 12:00:00+08:00,0.048973333333332994,1.6711,1.7231,0.052000000000000046,5.820512820513557,HOURLY_RECON_GT_5PCT,30.4,42.0,0.1,WX_CLEANED,12,3,0,0,0.0523483333333329,0.0542924999999994,0.080575659722222,0.07940916666666642
a3986d20c19f33c7c107fw,2026-01-29 13:00:00+08:00,0.066435833333333,1.7403,1.7823,0.04200000000000004,58.180555555554626,HOURLY_RECON_GT_5PCT,30.4,42.0,0.1,WX_CLEANED,13,3,0,0,0.0710466666666663,0.0738874999999996,0.08038354166666643,0.07936481150793627
a3986d20c19f33c7c107fw,2026-01-29 14:00:00+08:00,0.0715974999999995,1.7934,1.8566,0.06319999999999992,13.287183544303135,HOURLY_RECON_GT_5PCT,30.2,43.0,0.0,WX_CLEANED,14,3,0,0,0.0764449999999999,0.0794733333333331,0.08018156249999976,0.0793179315476188
a3986d20c19f33c7c107fw,2026-01-29 15:00:00+08:00,0.0760066666666663,1.8678,1.93,0.06220000000000003,22.197213290460237,HOURLY_RECON_GT_5PCT,29.9,44.0,0.0,WX_CLEANED,15,3,0,0,0.0812449999999997,0.0843924999999999,0.07996329861111086,0.07926801587301563
a3986d20c19f33c7c107fw,2026-01-29 16:00:00+08:00,0.100310833333333,0.0107,0.1122,0.10149999999999999,1.1715927750413704,,29.0,48.0,0.0,WX_CLEANED,16,3,0,0,0.1064516666666664,0.1104383333333331,0.0797074305555553,0.0792077331349204
a3986d20c19f33c7c107fw,2026-01-29 17:00:00+08:00,0.11666666666666639,0.1415,0.2205,0.07900000000000001,47.679324894514394,HOURLY_RECON_GT_5PCT,27.8,53.0,0.0,WX_CLEANED,17,3,0,0,0.1237058333333332,0.1281941666666664,0.07941413194444419,0.07913911706349182
a3986d20c19f33c7c107fw,2026-01-29 18:00:00+08:00,0.1350899999999998,0.2498,0.3583,0.10850000000000001,24.506912442396107,HOURLY_RECON_GT_5PCT,26.6,58.0,0.0,WX_CLEANED,18,3,0,0,0.1434399999999998,0.1487149999999997,0.07906621527777752,0.07905801587301563
a3986d20c19f33c7c107fw,2026-01-29 19:00:00+08:00,0.109920833333333,0.3802,0.4652,0.08500000000000002,29.318627450979967,HOURLY_RECON_GT_5PCT,25.8,62.0,0.0,WX_CLEANED,19,3,0,0,0.1164741666666666,0.1207733333333332,0.07879315972222195,0.07899341765872991
a3986d20c19f33c7c107fw,2026-01-29 20:00:00+08:00,0.0669416666666664,0.4838,0.5269,0.04310000000000003,55.31709203402867,HOURLY_RECON_GT_5PCT,25.9,60.0,0.0,WX_CLEANED,20,3,0,0,0.07099249999999971,0.0738241666666664,0.07862437499999973,0.07895245039682515
a3986d20c19f33c7c107fw,2026-01-29 21:00:00+08:00,0.1079849999999996,0.5459,0.6338,0.08789999999999998,22.849829351535405,HOURLY_RECON_GT_5PCT,25.7,62.0,0.0,WX_CLEANED,21,3,0,0,0.1147649999999997,0.1188966666666662,0.07834187499999973,0.07888749999999975
a3986d20c19f33c7c107fw,2026-01-29 22:00:00+08:00,0.0904483333333333,0.6419,0.7294,0.08750000000000002,3.369523809523742,,25.3,63.0,0.0,WX_CLEANED,22,3,0,0,0.0959691666666664,0.09947916666666641,0.07811184027777753,0.0788337450396823
a3986d20c19f33c7c107fw,2026-01-29 23:00:00+08:00,0.0638191666666665,0.7477,0.789,0.0413,54.52582728006414,HOURLY_RECON_GT_5PCT,25.0,64.0,0.0,WX_CLEANED,23,3,0,0,0.0668183333333331,0.0689216666666663,0.07798687499999973,0.07880337301587277
a3986d20c19f33c7c107fw,2026-01-30 00:00:00+08:00,0.0806491666666664,0.7971,0.8701,0.07299999999999995,10.478310502282806,HOURLY_RECON_GT_5PCT,24.6,66.0,0.0,WX_CLEANED,0,4,0,0,0.0847999999999997,0.0878158333333331,0.07781392361111085,0.07876071428571405
a3986d20c19f33c7c107fw,2026-01-30 01:00:00+08:00,0.0723016666666665,0.8755,0.9453,0.06980000000000008,3.5840496657111935,,24.0,69.0,0.0,WX_CLEANED,1,4,0,0,0.0767908333333331,0.0796058333333331,0.07762687499999975,0.07871723710317435
a3986d20c19f33c7c107fw,2026-01-30 02:00:00+08:00,0.0709774999999998,0.9507,1.0203,0.0696,1.9791666666663927,,23.5,72.0,0.0,WX_CLEANED,2,4,0,0,0.0754125,0.0782349999999998,0.07744208333333306,0.07867403769841246
a3986d20c19f33c7c107fw,2026-01-30 03:00:00+08:00,0.0859799999999998,1.0388,1.1009,0.062100000000000044,38.45410628019283,HOURLY_RECON_GT_5PCT,23.1,75.0,0.0,WX_CLEANED,3,4,0,0,0.09123166666666621,0.0945366666666666,0.07722326388888863,0.07862310515872992
a3986d20c19f33c7c107fw,2026-01-30 04:00:00+08:00,0.0479016666666665,1.1036,1.1559,0.05230000000000001,8.409815168897724,HOURLY_RECON_GT_5PCT,23.0,77.0,0.0,WX_CLEANED,4,4,0,0,0.0508491666666665,0.052810833333333196,0.07710045138888864,0.07859388392857118
a3986d20c19f33c7c107fw,2026-01-30 05:00:00+08:00,0.0344475,1.1699,1.1971,0.027200000000000113,26.645220588234764,HOURLY_RECON_GT_5PCT,22.7,79.0,0.0,WX_CLEANED,5,4,0,0,0.0365608333333333,0.0379249999999998,0.07701239583333308,0.07857318452380928
a3986d20c19f33c7c107fw,2026-01-30 06:00:00+08:00,0.0749974999999998,1.2081,1.276,0.06790000000000007,10.452871870397233,HOURLY_RECON_GT_5PCT,22.6,80.0,0.0,WX_CLEANED,6,4,0,0,0.0796391666666665,0.0825041666666666,0.0768189930555553,0.07852850198412674
a3986d20c19f33c7c107fw,2026-01-30 07:00:00+08:00,0.0743783333333332,1.2868,1.3451,0.05830000000000002,27.578616352200985,HOURLY_RECON_GT_5PCT,22.8,79.0,0.0,WX_CLEANED,7,4,0,0,0.07892,0.081875,0.07662975694444418,0.07848387896825372
a3986d20c19f33c7c107fw,2026-01-30 08:00:00+08:00,0.0756541666666665,1.3583,1.4195,0.06119999999999992,23.61791938997809,HOURLY_RECON_GT_5PCT,24.0,75.0,0.0,WX_CLEANED,8,4,0,0,0.0802908333333331,0.0832774999999999,0.07643656249999975,0.07843850198412675
a3986d20c19f33c7c107fw,2026-01-30 09:00:00+08:00,0.0566591666666663,1.4248,1.4789,0.05410000000000004,4.730437461490321,,25.5,68.0,0.0,WX_CLEANED,9,4,0,0,0.0602108333333329,0.0622983333333329,0.07628857638888864,0.07840493551587277
a3986d20c19f33c7c107fw,2026-01-30 10:00:00+08:00,0.0479458333333332,1.4899,1.5214,0.031500000000000083,52.208994708993885,HOURLY_RECON_GT_5PCT,26.8,60.0,0.1,WX_CLEANED,10,4,0,0,0.050294166666666404,0.0517891666666664,0.07619072916666642,0.07838205853174578
a3986d20c19f33c7c107fw,2026-01-30 11:00:00+08:00,0.049395833333333,1.5214,1.5735,0.05209999999999981,5.190339091491023,HOURLY_RECON_GT_5PCT,28.4,52.0,0.2,WX_CLEANED,11,4,0,0,0.052489166666666295,0.054385,0.07606184027777753,0.07835236111111087
a3986d20c19f33c7c107fw,2026-01-30 12:00:00+08:00,0.046013333333332795,1.5761,1.625,0.048899999999999944,5.903203817315238,HOURLY_RECON_GT_5PCT,28.9,51.0,1.4,WX_CLEANED,12,4,0,0,0.048973333333332994,0.0506133333333332,0.07593850694444419,0.0783249801587299
a3986d20c19f33c7c107fw,2026-01-30 13:00:00+08:00,0.0628308333333331,1.6413,1.6809,0.03960000000000008,58.66372053871963,HOURLY_RECON_GT_5PCT,29.3,50.0,2.2,WX_CLEANED,13,4,0,0,0.066435833333333,0.0690199999999995,0.07578829861111086,0.07828813988095214
a3986d20c19f33c7c107fw,2026-01-30 14:00:00+08:00,0.0674574999999996,1.6913,1.7509,0.059599999999999875,13.183724832214333,HOURLY_RECON_GT_5PCT,29.6,49.0,1.7,WX_CLEANED,14,4,0,0,0.0715974999999995,0.0742233333333331,0.07561579861111087,0.07824786706349182
a3986d20c19f33c7c107fw,2026-01-30 15:00:00+08:00,0.0715041666666666,1.7614,1.82,0.058599999999999985,22.02076222980652,HOURLY_RECON_GT_5PCT,29.0,52.0,0.4,WX_CLEANED,15,4,0,0,0.0760066666666663,0.0788349999999998,0.07542819444444421,0.0782042311507934
a3986d20c19f33c7c107fw,2026-01-30 16:00:00+08:00,0.108365833333333,0.0116,0.1217,0.1101,1.575083257644876,,28.4,55.0,0.7,WX_CLEANED,16,4,0,0,0.100310833333333,0.060703333333333206,0.07576381944444421,0.07848793650793626
a3986d20c19f33c7c107fw,2026-01-30 17:00:00+08:00,0.1260558333333328,0.1533,0.2389,0.08560000000000001,47.26148753894018,HOURLY_RECON_GT_5PCT,27.6,57.0,0.0,WX_CLEANED,17,4,0,0,0.11666666666666639,0.0689533333333329,0.07615503472222197,0.0788278323412696
a3986d20c19f33c7c107fw,2026-01-30 18:00:00+08:00,0.14651166666666648,0.2707,0.3884,0.11770000000000003,24.478901161143966,HOURLY_RECON_GT_5PCT,26.3,64.0,0.0,WX_CLEANED,18,4,0,0,0.1350899999999998,0.080033333333333,0.07663093749999976,0.07922353670634896
a3986d20c19f33c7c107fw,2026-01-30 19:00:00+08:00,0.11903083333333289,0.412,0.5042,0.0922,29.100686912508557,HOURLY_RECON_GT_5PCT,25.5,68.0,0.0,WX_CLEANED,19,4,0,0,0.109920833333333,0.0652108333333332,0.07701052083333308,0.0795438938492061
a3986d20c19f33c7c107fw,2026-01-30 20:00:00+08:00,0.072510833333333,0.5244,0.571,0.046599999999999975,55.60264663805372,HOURLY_RECON_GT_5PCT,25.8,69.0,0.0,WX_CLEANED,20,4,0,0,0.0669416666666664,0.039603333333333,0.0772425694444442,0.07973977182539657
a3986d20c19f33c7c107fw,2026-01-30 21:00:00+08:00,0.1171116666666665,0.5916,0.6869,0.09529999999999994,22.887373207415084,HOURLY_RECON_GT_5PCT,25.4,71.0,0.0,WX_CLEANED,21,4,0,0,0.1079849999999996,0.0640783333333331,0.07762284722222199,0.08005544642857118
a3986d20c19f33c7c107fw,2026-01-30 22:00:00+08:00,0.0979741666666665,0.6956,0.7905,0.09489999999999998,3.2393747804705137,,24.9,75.0,0.0,WX_CLEANED,22,4,0,0,0.0904483333333333,0.0535266666666665,0.07793642361111086,0.08032001488095213
a3986d20c19f33c7c107fw,2026-01-30 23:00:00+08:00,0.0680041666666665,0.8103,0.8535,0.043200000000000016,57.41705246913536,HOURLY_RECON_GT_5PCT,24.5,78.0,0.0,WX_CLEANED,23,4,0,0,0.0638191666666665,0.043715833333333,0.07811079861111087,0.08046458829365054
a3986d20c19f33c7c107fw,2026-01-31 00:00:00+08:00,0.086493333333333,0.8623,0.9414,0.07910000000000006,9.346818373366549,HOURLY_RECON_GT_5PCT,24.0,81.0,0.0,WX_CLEANED,0,5,1,0,0.0806491666666664,0.0496816666666663,0.07835430555555531,0.08068370535714262
a3986d20c19f33c7c107fw,2026-01-31 01:00:00+08:00,0.07836916666666639,0.9473,1.0229,0.07559999999999989,3.662918871251994,,23.9,83.0,0.0,WX_CLEANED,1,5,1,0,0.0723016666666665,0.042858333333333,0.0786071180555553,0.08089507936507913
a3986d20c19f33c7c107fw,2026-01-31 02:00:00+08:00,0.0770274999999998,1.0287,1.1042,0.07550000000000012,2.023178807946595,,23.9,81.0,0.0,WX_CLEANED,2,5,1,0,0.0709774999999998,0.0420516666666663,0.07885920138888863,0.0811032688492061
a3986d20c19f33c7c107fw,2026-01-31 03:00:00+08:00,0.09307666666666631,1.1242,1.1915,0.06729999999999992,38.30113917781044,HOURLY_RECON_GT_5PCT,23.4,81.0,0.0,WX_CLEANED,3,5,1,0,0.0859799999999998,0.0509708333333332,0.07915489583333307,0.08135389880952357
a3986d20c19f33c7c107fw,2026-01-31 04:00:00+08:00,0.0519408333333331,1.1944,1.251,0.056599999999999984,8.231743227326646,HOURLY_RECON_GT_5PCT,23.0,82.0,0.0,WX_CLEANED,4,5,1,0,0.0479016666666665,0.0283374999999997,0.07932319444444418,0.08149439484126961
a3986d20c19f33c7c107fw,2026-01-31 05:00:00+08:00,0.037411666666666496,1.2663,1.2957,0.029400000000000093,27.250566893423056,HOURLY_RECON_GT_5PCT,23.0,81.0,0.0,WX_CLEANED,5,5,1,0,0.0344475,0.0204974999999998,0.07944670138888862,0.08159507440476166
a3986d20c19f33c7c107fw,2026-01-31 06:00:00+08:00,0.0812174999999999,1.3077,1.3812,0.0734999999999999,10.500000000000018,HOURLY_RECON_GT_5PCT,22.8,79.0,0.0,WX_CLEANED,6,5,1,0,0.0749974999999998,0.0443799999999997,0.0797058680555553,0.08181434523809498
a3986d20c19f33c7c107fw,2026-01-31 07:00:00+08:00,0.0806091666666662,1.393,1.4562,0.06319999999999992,27.546149789028963,HOURLY_RECON_GT_5PCT,22.8,79.0,0.0,WX_CLEANED,7,5,1,0,0.0743783333333332,0.0440658333333332,0.07996548611111083,0.08203186507936484
a3986d20c19f33c7c107fw,2026-01-31 08:00:00+08:00,0.0819416666666664,1.4704,1.5367,0.06630000000000003,23.592257415786378,HOURLY_RECON_GT_5PCT,24.0,75.0,0.0,WX_CLEANED,8,5,1,0,0.0756541666666665,0.045621666666666505,0.0802274652777775,0.08224805555555531
a3986d20c19f33c7c107fw,2026-01-31 09:00:00+08:00,0.0613758333333331,1.5425,1.6012,0.058699999999999974,4.55848949460499,,25.1,68.0,0.0,WX_CLEANED,9,5,1,0,0.0566591666666663,0.0335716666666663,0.08042399305555528,0.0824135565476188
a3986d20c19f33c7c107fw,2026-01-31 10:00:00+08:00,0.051148333333333,1.613,1.6464,0.033400000000000096,53.13872255488877,HOURLY_RECON_GT_5PCT,26.5,63.0,0.0,WX_CLEANED,10,5,1,0,0.0479458333333332,0.0323099999999997,0.08055743055555527,0.08252568948412674
a3986d20c19f33c7c107fw,2026-01-31 11:00:00+08:00,0.053587499999999996,1.6464,1.7029,0.056499999999999995,5.154867256637166,HOURLY_RECON_GT_5PCT,28.8,54.0,0.0,WX_CLEANED,11,5,1,0,0.049395833333333,0.029347499999999797,0.08073208333333305,0.08266997519841246
a3986d20c19f33c7c107fw,2026-01-31 12:00:00+08:00,0.0497966666666664,1.7057,1.7587,0.052999999999999936,6.044025157233096,HOURLY_RECON_GT_5PCT,29.9,50.0,0.0,WX_CLEANED,12,5,1,0,0.046013333333332795,0.0273058333333331,0.08088972222222196,0.08280384920634895
a3986d20c19f33c7c107fw,2026-01-31 13:00:00+08:00,0.0679541666666665,1.7763,1.8192,0.04289999999999994,58.40132090132073,HOURLY_RECON_GT_5PCT,30.1,49.0,0.0,WX_CLEANED,13,5,1,0,0.0628308333333331,0.037128333333333104,0.0811031944444442,0.08298733630952355
a3986d20c19f33c7c107fw,2026-01-31 14:00:00+08:00,0.0714899999999997,1.8306,1.8951,0.0645,10.837209302325125,HOURLY_RECON_GT_5PCT,27.6,57.0,0.2,WX_CLEANED,14,5,1,0,0.0674574999999996,0.0390524999999998,0.08127121527777752,0.08318041666666642
a3986d20c19f33c7c107fw,2026-01-31 15:00:00+08:00,0.0775808333333329,1.9065,1.97,0.06349999999999989,22.174540682414236,HOURLY_RECON_GT_5PCT,27.5,59.0,0.2,WX_CLEANED,15,5,1,0,0.0715041666666666,0.0432166666666665,0.08152440972222195,0.08338496527777753
a3986d20c19f33c7c107fw,2026-01-31 16:00:00+08:00,0.1145374999999999,0.0123,0.1285,0.1162,1.4307228915663464,,27.8,59.0,0.0,WX_CLEANED,16,5,1,0,0.108365833333333,0.1219108333333332,0.08178156249999975,0.08334107638888863
a3986d20c19f33c7c107fw,2026-01-31 17:00:00+08:00,0.1334941666666665,0.162,0.2525,0.0905,47.50736648250442,HOURLY_RECON_GT_5PCT,28.0,56.0,0.0,WX_CLEANED,17,5,1,0,0.1260558333333328,0.1437941666666664,0.08209149305555531,0.08327976686507912
a3986d20c19f33c7c107fw,2026-01-31 18:00:00+08:00,0.1547599999999998,0.2861,0.4104,0.12429999999999997,24.505229283990207,HOURLY_RECON_GT_5PCT,27.5,55.0,0.0,WX_CLEANED,18,5,1,0,0.14651166666666648,0.1668466666666664,0.08243517361111087,0.08320782242063467
a3986d20c19f33c7c107fw,2026-01-31 19:00:00+08:00,0.1256849999999998,0.4354,0.5327,0.09729999999999994,29.172661870503465,HOURLY_RECON_GT_5PCT,26.5,59.0,0.0,WX_CLEANED,19,5,1,0,0.11903083333333289,0.1356091666666665,0.08271243055555533,0.08314874999999976
a3986d20c19f33c7c107fw,2026-01-31 20:00:00+08:00,0.07666249999999959,0.5541,0.6034,0.04930000000000001,55.50202839756506,HOURLY_RECON_GT_5PCT,25.9,59.0,0.0,WX_CLEANED,20,5,1,0,0.072510833333333,0.0826366666666664,0.08288541666666642,0.08311318948412674
a3986d20c19f33c7c107fw,2026-01-31 21:00:00+08:00,0.1236916666666664,0.6251,0.7258,0.10070000000000001,22.831843760343972,HOURLY_RECON_GT_5PCT,25.9,58.0,0.0,WX_CLEANED,21,5,1,0,0.1171116666666665,0.133380833333333,0.08315958333333309,0.08305551587301563
a3986d20c19f33c7c107fw,2026-01-31 22:00:00+08:00,0.1035949999999998,0.7351,0.8353,0.10020000000000007,3.3882235528939417,,25.8,58.0,0.0,WX_CLEANED,22,5,1,0,0.0979741666666665,0.1116216666666663,0.08339378472222198,0.08300773809523784
a3986d20c19f33c7c107fw,2026-01-31 23:00:00+08:00,0.07110249999999971,0.8563,0.9008,0.044500000000000095,59.7808988764035,HOURLY_RECON_GT_5PCT,25.5,59.0,0.0,WX_CLEANED,23,5,1,0,0.0680041666666665,0.0754599999999998,0.0835228819444442,0.08298180059523785
a3986d20c19f33c7c107fw,2026-02-01 00:00:00+08:00,0.09130499999999969,0.91,0.9937,0.0837,9.086021505375982,HOURLY_RECON_GT_5PCT,25.0,63.0,0.0,WX_CLEANED,0,6,1,0,0.086493333333333,0.09848166666666641,0.0837233680555553,0.0829390823412696
a3986d20c19f33c7c107fw,2026-02-01 01:00:00+08:00,0.08275999999999971,0.9998,1.0797,0.07990000000000008,3.5794743429281897,,24.6,65.0,0.0,WX_CLEANED,1,6,1,0,0.07836916666666639,0.0891774999999996,0.0839063194444442,0.08290088293650769
a3986d20c19f33c7c107fw,2026-02-01 02:00:00+08:00,0.08146249999999991,1.0859,1.1657,0.07979999999999987,2.0833333333333854,,24.0,68.0,0.0,WX_CLEANED,2,6,1,0,0.0770274999999998,0.08771,0.08409111111111088,0.08286369543650769
a3986d20c19f33c7c107fw,2026-02-01 03:00:00+08:00,0.0983283333333332,1.1868,1.2579,0.07109999999999994,38.295827473042586,HOURLY_RECON_GT_5PCT,23.9,68.0,0.0,WX_CLEANED,3,6,1,0,0.09307666666666631,0.1060108333333329,0.08430993055555532,0.08281796626984103
a3986d20c19f33c7c107fw,2026-02-01 04:00:00+08:00,0.054890833333333,1.261,1.3209,0.059900000000000064,8.362548692265541,HOURLY_RECON_GT_5PCT,23.8,70.0,0.0,WX_CLEANED,4,6,1,0,0.0519408333333331,0.059158333333332896,0.08443284722222198,0.08279256448412672
a3986d20c19f33c7c107fw,2026-02-01 05:00:00+08:00,0.0394258333333333,1.3369,1.3681,0.031200000000000117,26.364850427349847,HOURLY_RECON_GT_5PCT,23.6,72.0,0.0,WX_CLEANED,5,6,1,0,0.037411666666666496,0.0425291666666663,0.0845167708333331,0.08277409226190452
a3986d20c19f33c7c107fw,2026-02-01 06:00:00+08:00,0.08586166666666631,1.3807,1.4584,0.07769999999999988,10.504075504075214,HOURLY_RECON_GT_5PCT,23.5,73.0,0.0,WX_CLEANED,6,6,1,0,0.0812174999999999,0.09257666666666631,0.08471027777777752,0.08273412202380928
a3986d20c19f33c7c107fw,2026-02-01 07:00:00+08:00,0.08525249999999959,1.4708,1.5376,0.06679999999999997,27.623502994011425,HOURLY_RECON_GT_5PCT,23.6,74.0,0.0,WX_CLEANED,7,6,1,0,0.0806091666666662,0.0918066666666662,0.08490374999999976,0.08269510912698388
a3986d20c19f33c7c107fw,2026-02-01 08:00:00+08:00,0.08667999999999959,1.5527,1.6227,0.07000000000000006,23.828571428570733,HOURLY_RECON_GT_5PCT,25.5,62.0,0.0,WX_CLEANED,8,6,1,0,0.0819416666666664,0.09347916666666631,0.08510118055555531,0.08265463789682516
a3986d20c19f33c7c107fw,2026-02-01 09:00:00+08:00,0.0649274999999996,1.6288,1.6908,0.062000000000000055,4.721774193547644,,26.0,60.0,0.0,WX_CLEANED,9,6,1,0,0.0613758333333331,0.0699841666666663,0.08524916666666642,0.08262453869047595
a3986d20c19f33c7c107fw,2026-02-01 10:00:00+08:00,0.0534966666666665,1.7034,1.7381,0.03469999999999995,54.16906820365006,HOURLY_RECON_GT_5PCT,27.0,58.0,0.0,WX_CLEANED,10,6,1,0,0.051148333333333,0.0569116666666665,0.08534701388888864,0.08260421130952357
a3986d20c19f33c7c107fw,2026-02-01 11:00:00+08:00,0.0566791666666663,1.7381,1.7978,0.059700000000000086,5.060022333892429,HOURLY_RECON_GT_5PCT,28.4,54.0,0.0,WX_CLEANED,11,6,1,0,0.053587499999999996,0.0610649999999997,0.08547583333333307,0.08257810515872992
a3986d20c19f33c7c107fw,2026-02-01 12:00:00+08:00,0.0527583333333332,1.8007,1.8567,0.05600000000000005,5.7886904761908,HOURLY_RECON_GT_5PCT,30.1,48.0,0.0,WX_CLEANED,12,6,1,0,0.0497966666666664,0.056848333333333,0.08559923611111085,0.08255375992063467
a3986d20c19f33c7c107fw,2026-02-01 13:00:00+08:00,0.07185833333333311,1.8753,1.9207,0.04540000000000011,58.27826725403731,HOURLY_RECON_GT_5PCT,30.8,45.0,0.0,WX_CLEANED,13,6,1,0,0.0679541666666665,0.07743666666666629,0.08576190972222196,0.08252055555555532
a3986d20c19f33c7c107fw,2026-02-01 14:00:00+08:00,0.0771516666666661,1.9327,2.0009,0.06820000000000004,13.125610948190705,HOURLY_RECON_GT_5PCT,30.0,49.0,0.0,WX_CLEANED,14,6,1,0,0.0714899999999997,0.0832091666666666,0.08599781249999973,0.08248449900793627
a3986d20c19f33c7c107fw,2026-02-01 15:00:00+08:00,0.0818833333333335,2.0129,2.08,0.06709999999999994,22.03179334326912,HOURLY_RECON_GT_5PCT,29.8,48.0,0.0,WX_CLEANED,15,6,1,0,0.0775808333333329,0.0899974999999998,0.08617708333333308,0.08243620039682516
a3986d20c19f33c7c107fw,2026-02-01 16:00:00+08:00,0.1162908333333331,0.0125,0.1304,0.11789999999999999,1.3648572236360454,,29.4,48.0,0.0,WX_CLEANED,16,6,1,0,0.1145374999999999,0.1133649999999999,0.08625013888888862,0.08245361607142833
a3986d20c19f33c7c107fw,2026-02-01 17:00:00+08:00,0.13533166666666652,0.1644,0.2562,0.09179999999999999,47.42011619462585,HOURLY_RECON_GT_5PCT,28.1,52.0,0.0,WX_CLEANED,17,6,1,0,0.1334941666666665,0.131455833333333,0.08632670138888864,0.08247668650793627
a3986d20c19f33c7c107fw,2026-02-01 18:00:00+08:00,0.1570624999999996,0.2902,0.4164,0.12619999999999998,24.45522979397752,HOURLY_RECON_GT_5PCT,27.3,53.0,0.0,WX_CLEANED,18,6,1,0,0.1547599999999998,0.1525549999999998,0.08642263888888863,0.08250351686507913
a3986d20c19f33c7c107fw,2026-02-01 19:00:00+08:00,0.1276283333333331,0.4418,0.5405,0.09869999999999995,29.30935494765264,HOURLY_RECON_GT_5PCT,26.8,55.0,0.0,WX_CLEANED,19,6,1,0,0.1256849999999998,0.1238433333333332,0.08650361111111084,0.08252604662698389
a3986d20c19f33c7c107fw,2026-02-01 20:00:00+08:00,0.0777766666666664,0.5622,0.6122,0.04999999999999993,55.553333333333,HOURLY_RECON_GT_5PCT,26.4,57.0,0.0,WX_CLEANED,20,6,1,0,0.07666249999999959,0.0756491666666664,0.08655003472222196,0.08253871031746007
a3986d20c19f33c7c107fw,2026-02-01 21:00:00+08:00,0.12547833333333308,0.6343,0.7364,0.10210000000000008,22.89748612471399,HOURLY_RECON_GT_5PCT,26.2,58.0,0.0,WX_CLEANED,21,6,1,0,0.1236916666666664,0.1219058333333333,0.08662447916666642,0.08255997519841245
a3986d20c19f33c7c107fw,2026-02-01 22:00:00+08:00,0.1051041666666665,0.7458,0.8475,0.10170000000000001,3.347263192395758,,26.0,58.0,0.0,WX_CLEANED,22,6,1,0,0.1035949999999998,0.1020908333333331,0.08668736111111086,0.08257791170634896
a3986d20c19f33c7c107fw,2026-02-01 23:00:00+08:00,0.0719191666666663,0.8688,0.9137,0.04489999999999994,60.17631774313228,HOURLY_RECON_GT_5PCT,26.0,58.0,0.0,WX_CLEANED,23,6,1,0,0.07110249999999971,0.0701841666666664,0.08672138888888864,0.08258823908730134
a3986d20c19f33c7c107fw,2026-02-02 00:00:00+08:00,0.0925249999999998,0.923,1.0079,0.08489999999999998,8.9811542991753,HOURLY_RECON_GT_5PCT,25.5,62.0,0.0,WX_CLEANED,0,0,0,0,0.09130499999999969,0.0899833333333329,0.08677222222222197,0.0826033680555553
a3986d20c19f33c7c107fw,2026-02-02 01:00:00+08:00,0.08399583333333299,1.0142,1.0952,0.08099999999999996,3.698559670781522,,25.2,64.0,0.0,WX_CLEANED,1,0,0,0,0.08275999999999971,0.081628333333333,0.08682371527777753,0.08261746031746008
a3986d20c19f33c7c107fw,2026-02-02 02:00:00+08:00,0.0825691666666664,1.1015,1.1824,0.08089999999999997,2.063246806757022,,24.6,67.0,0.0,WX_CLEANED,2,0,0,0,0.08146249999999991,0.0801524999999999,0.08686982638888863,0.082631845238095
a3986d20c19f33c7c107fw,2026-02-02 03:00:00+08:00,0.0997866666666665,1.2039,1.276,0.07210000000000005,38.4003698566802,HOURLY_RECON_GT_5PCT,24.5,68.0,0.0,WX_CLEANED,3,0,0,0,0.0983283333333332,0.0969683333333332,0.08693059027777751,0.08264862103174579
a3986d20c19f33c7c107fw,2026-02-02 04:00:00+08:00,0.0557616666666663,1.2791,1.3399,0.06080000000000019,8.286732456141237,HOURLY_RECON_GT_5PCT,24.5,68.0,0.0,WX_CLEANED,4,0,0,0,0.054890833333333,0.0540249999999999,0.08696687499999974,0.08265895833333309
a3986d20c19f33c7c107fw,2026-02-02 05:00:00+08:00,0.0400391666666665,1.3562,1.3878,0.03159999999999985,26.70622362869206,HOURLY_RECON_GT_5PCT,24.3,69.0,0.0,WX_CLEANED,5,0,0,0,0.0394258333333333,0.0389133333333331,0.08699243055555529,0.08266565972222198
a3986d20c19f33c7c107fw,2026-02-02 06:00:00+08:00,0.0871458333333329,1.4006,1.4795,0.07889999999999997,10.450992817912457,HOURLY_RECON_GT_5PCT,24.0,69.0,0.0,WX_CLEANED,6,0,0,0,0.08586166666666631,0.0845774999999997,0.08704593749999973,0.08268094742063467
a3986d20c19f33c7c107fw,2026-02-02 07:00:00+08:00,0.08641916666666641,1.4921,1.5598,0.0677000000000001,27.650172328901462,HOURLY_RECON_GT_5PCT,23.9,70.0,0.0,WX_CLEANED,7,0,0,0,0.08525249999999959,0.0838866666666663,0.08709454861111084,0.08269602182539658
a3986d20c19f33c7c107fw,2026-02-02 08:00:00+08:00,0.087915833333333,1.5751,1.6462,0.07110000000000016,23.650961087669195,HOURLY_RECON_GT_5PCT,25.8,63.0,0.0,WX_CLEANED,8,0,0,0,0.08667999999999959,0.0853408333333332,0.08714604166666641,0.08271134920634896
a3986d20c19f33c7c107fw,2026-02-02 09:00:00+08:00,0.0658499999999995,1.6524,1.7153,0.06289999999999996,4.689984101748096,,27.0,56.0,0.0,WX_CLEANED,9,0,0,0,0.0649274999999996,0.0639041666666663,0.0871844791666664,0.08272293154761881
a3986d20c19f33c7c107fw,2026-02-02 10:00:00+08:00,0.0541374999999998,1.728,1.7631,0.03509999999999991,54.237891737891566,HOURLY_RECON_GT_5PCT,28.4,53.0,0.0,WX_CLEANED,10,0,0,0,0.0534966666666665,0.0528558333333331,0.08721118055555528,0.08273056051587277
a3986d20c19f33c7c107fw,2026-02-02 11:00:00+08:00,0.0574758333333332,1.7631,1.8236,0.06050000000000022,4.998622589532249,,30.2,47.0,0.0,WX_CLEANED,11,0,0,0,0.0566791666666663,0.0558808333333332,0.08724437499999975,0.08274005456349182
a3986d20c19f33c7c107fw,2026-02-02 12:00:00+08:00,0.0535766666666665,1.8266,1.8835,0.05689999999999995,5.840656121851409,HOURLY_RECON_GT_5PCT,30.6,46.0,0.0,WX_CLEANED,12,0,0,0,0.0527583333333332,0.0519433333333332,0.08727847222222196,0.08274977678571405
a3986d20c19f33c7c107fw,2026-02-02 13:00:00+08:00,0.0728216666666665,1.9023,1.9483,0.04599999999999982,58.307971014493035,HOURLY_RECON_GT_5PCT,30.6,47.0,0.0,WX_CLEANED,13,0,0,0,0.07185833333333311,0.0706924999999996,0.08731861111111085,0.08276245039682514
a3986d20c19f33c7c107fw,2026-02-02 14:00:00+08:00,0.0783633333333332,1.9605,2.0297,0.06920000000000015,13.241811175336752,HOURLY_RECON_GT_5PCT,30.2,49.0,0.0,WX_CLEANED,14,0,0,0,0.0771516666666661,0.0761408333333329,0.08736909722222198,0.08277567956349181
a3986d20c19f33c7c107fw,2026-02-02 15:00:00+08:00,0.083138333333333,2.0419,2.11,0.06809999999999983,22.082721488007646,HOURLY_RECON_GT_5PCT,30.8,47.0,0.0,WX_CLEANED,15,0,0,0,0.0818833333333335,0.0807274999999999,0.08742138888888863,0.08279002976190451
a3986d20c19f33c7c107fw,2026-02-02 16:00:00+08:00,0.0930683333333331,0.0099,0.1035,0.09359999999999999,0.56801994302018,,30.5,47.0,0.0,WX_CLEANED,16,0,0,0,0.1162908333333331,0.11139083333333301,0.08645378472222197,0.0826809672619045
a3986d20c19f33c7c107fw,2026-02-02 17:00:00+08:00,0.10739583333333311,0.1304,0.2033,0.07290000000000002,47.31938728852274,HOURLY_RECON_GT_5PCT,29.3,50.0,0.0,WX_CLEANED,17,0,0,0,0.13533166666666652,0.1295183333333332,0.08528979166666639,0.08254928571428546
a3986d20c19f33c7c107fw,2026-02-02 18:00:00+08:00,0.12454749999999981,0.2303,0.3304,0.10010000000000002,24.423076923076707,HOURLY_RECON_GT_5PCT,28.0,54.0,0.0,WX_CLEANED,18,0,0,0,0.1570624999999996,0.1502524999999998,0.08393499999999975,0.08239627976190451
a3986d20c19f33c7c107fw,2026-02-02 19:00:00+08:00,0.101235833333333,0.3505,0.4289,0.07840000000000003,29.12733843537368,HOURLY_RECON_GT_5PCT,27.0,57.0,0.0,WX_CLEANED,19,0,0,0,0.1276283333333331,0.1218999999999997,0.08283531249999974,0.08227327876984102
a3986d20c19f33c7c107fw,2026-02-02 20:00:00+08:00,0.061780833333332896,0.4461,0.4858,0.03970000000000001,55.6192275398813,HOURLY_RECON_GT_5PCT,26.7,56.0,0.0,WX_CLEANED,20,0,0,0,0.0777766666666664,0.0745341666666664,0.08216881944444418,0.08219736607142833
a3986d20c19f33c7c107fw,2026-02-02 21:00:00+08:00,0.0995266666666665,0.5033,0.5843,0.08100000000000007,22.872427983538778,HOURLY_RECON_GT_5PCT,26.4,58.0,0.0,WX_CLEANED,21,0,0,0,0.12547833333333308,0.120220833333333,0.08108749999999974,0.08207418650793626
a3986d20c19f33c7c107fw,2026-02-02 22:00:00+08:00,0.0834341666666665,0.5918,0.6725,0.0807,3.3880627839733704,,26.1,61.0,0.0,WX_CLEANED,22,0,0,0,0.1051041666666665,0.1004841666666664,0.08018458333333307,0.08197269841269816
a3986d20c19f33c7c107fw,2026-02-02 23:00:00+08:00,0.0589333333333331,0.6894,0.7275,0.03810000000000002,54.680664916884695,HOURLY_RECON_GT_5PCT,26.0,62.0,0.0,WX_CLEANED,23,0,0,0,0.0719191666666663,0.0694683333333331,0.07964350694444419,0.08190999007936484
a3986d20c19f33c7c107fw,2026-02-03 00:00:00+08:00,0.0743258333333331,0.7349,0.8022,0.06730000000000003,10.439574046557318,HOURLY_RECON_GT_5PCT,26.0,62.0,0.0,WX_CLEANED,0,1,0,0,0.0925249999999998,0.088760833333333,0.07888520833333308,0.08182406746031722
a3986d20c19f33c7c107fw,2026-02-03 01:00:00+08:00,0.0666874999999998,0.8072,0.8715,0.06430000000000002,3.7130637636077415,,25.7,64.0,0.0,WX_CLEANED,1,1,0,0,0.08399583333333299,0.0803933333333331,0.07816402777777752,0.08174248511904737
a3986d20c19f33c7c107fw,2026-02-03 02:00:00+08:00,0.0974816666666664,0.8765,0.9686,0.09210000000000007,5.843286283025323,HOURLY_RECON_GT_5PCT,25.4,66.0,0.0,WX_CLEANED,2,1,0,0,0.0825691666666664,0.0789424999999999,0.07878538194444419,0.08185283730158706
a3986d20c19f33c7c107fw,2026-02-03 03:00:00+08:00,0.1118666666666662,0.9777,1.0886,0.1109,0.8716561466782682,,25.0,69.0,0.0,WX_CLEANED,3,1,0,0,0.0997866666666665,0.0955091666666664,0.0792887152777775,0.08195020337301562
a3986d20c19f33c7c107fw,2026-02-03 04:00:00+08:00,0.0862391666666664,1.1141,1.1739,0.05979999999999985,44.21265328874014,HOURLY_RECON_GT_5PCT,24.6,69.0,0.0,WX_CLEANED,4,1,0,0,0.0557616666666663,0.0532558333333332,0.08055861111111084,0.082146532738095
a3986d20c19f33c7c107fw,2026-02-03 05:00:00+08:00,0.1108333333333332,1.1991,1.2767,0.07759999999999989,42.82646048109969,HOURLY_RECON_GT_5PCT,24.2,72.0,0.0,WX_CLEANED,5,1,0,0,0.0400391666666665,0.0383000000000001,0.0835083680555553,0.08257827876984103
a3986d20c19f33c7c107fw,2026-02-03 06:00:00+08:00,0.0874666666666668,1.2858,1.3641,0.07830000000000004,11.707109408258956,HOURLY_RECON_GT_5PCT,23.9,75.0,0.0,WX_CLEANED,6,1,0,0,0.0871458333333329,0.08329166666666629,0.08352173611111087,0.08260312996031721
a3986d20c19f33c7c107fw,2026-02-03 07:00:00+08:00,0.1161116666666662,1.3732,1.4801,0.1069,8.617087620829,HOURLY_RECON_GT_5PCT,24.1,74.0,0.0,WX_CLEANED,7,1,0,0,0.08641916666666641,0.0827183333333331,0.08475892361111087,0.08280189980158706
a3986d20c19f33c7c107fw,2026-02-03 08:00:00+08:00,0.0992816666666663,1.4892,1.5807,0.09149999999999991,8.504553734061627,HOURLY_RECON_GT_5PCT,25.7,65.0,0.0,WX_CLEANED,8,1,0,0,0.087915833333333,0.0841041666666663,0.08523249999999975,0.08289224206349181
a3986d20c19f33c7c107fw,2026-02-03 09:00:00+08:00,0.0522925,1.5856,1.6355,0.049900000000000055,4.794589178356595,,26.6,59.0,0.0,WX_CLEANED,9,1,0,0,0.0658499999999995,0.0629791666666661,0.08466760416666645,0.08282863095238072
a3986d20c19f33c7c107fw,2026-02-03 10:00:00+08:00,0.0442016666666664,1.6456,1.6747,0.029100000000000126,51.89576174112101,HOURLY_RECON_GT_5PCT,29.0,50.0,0.0,WX_CLEANED,10,1,0,0,0.0541374999999998,0.0522174999999998,0.08425361111111089,0.08278091765872991
a3986d20c19f33c7c107fw,2026-02-03 11:00:00+08:00,0.0456091666666664,1.6747,1.7228,0.04810000000000003,5.178447678448291,HOURLY_RECON_GT_5PCT,30.5,44.0,0.0,WX_CLEANED,11,1,0,0,0.0574758333333332,0.0549841666666665,0.08375916666666643,0.08272511408730135
a3986d20c19f33c7c107fw,2026-02-03 12:00:00+08:00,0.0424358333333332,1.7251,1.7702,0.04509999999999992,5.907243163340848,HOURLY_RECON_GT_5PCT,31.0,42.0,0.0,WX_CLEANED,12,1,0,0,0.0535766666666665,0.051124999999999796,0.08329496527777755,0.08267339285714262
a3986d20c19f33c7c107fw,2026-02-03 13:00:00+08:00,0.0578683333333333,1.7852,1.8217,0.0365000000000002,58.54337899543284,HOURLY_RECON_GT_5PCT,31.3,40.0,0.0,WX_CLEANED,13,1,0,0,0.0728216666666665,0.0696291666666664,0.08267190972222199,0.08260338789682516
a3986d20c19f33c7c107fw,2026-02-03 14:00:00+08:00,0.0621108333333332,1.8314,1.8863,0.05490000000000017,13.134486945961758,HOURLY_RECON_GT_5PCT,30.9,40.0,0.0,WX_CLEANED,14,1,0,0,0.0783633333333332,0.0749299999999999,0.081994722222222,0.08252708333333308
a3986d20c19f33c7c107fw,2026-02-03 15:00:00+08:00,0.0660499999999997,1.896,1.95,0.05400000000000005,22.314814814814163,HOURLY_RECON_GT_5PCT,30.6,41.0,0.0,WX_CLEANED,15,1,0,0,0.083138333333333,0.0795733333333331,0.0812827083333331,0.08244658730158705
a3986d20c19f33c7c107fw,2026-02-03 16:00:00+08:00,0.1074016666666664,0.0115,0.1208,0.10930000000000001,1.736810003049966,,30.0,42.0,0.0,WX_CLEANED,16,1,0,0,0.0930683333333331,0.11352416666666651,0.08187993055555533,0.0824101438492061
a3986d20c19f33c7c107fw,2026-02-03 17:00:00+08:00,0.1252591666666666,0.1522,0.2372,0.08499999999999999,47.363725490196,HOURLY_RECON_GT_5PCT,28.7,45.0,0.0,WX_CLEANED,17,1,0,0,0.10739583333333311,0.1319683333333329,0.08262423611111089,0.0823702083333331
a3986d20c19f33c7c107fw,2026-02-03 18:00:00+08:00,0.14543833333333311,0.2688,0.3856,0.11680000000000001,24.519121004566006,HOURLY_RECON_GT_5PCT,27.5,47.0,0.0,WX_CLEANED,18,1,0,0,0.12454749999999981,0.15322416666666638,0.08349468749999978,0.08232386408730134
a3986d20c19f33c7c107fw,2026-02-03 19:00:00+08:00,0.11819499999999969,0.4091,0.5005,0.09139999999999993,29.31619256017482,HOURLY_RECON_GT_5PCT,27.0,48.0,0.0,WX_CLEANED,19,1,0,0,0.101235833333333,0.1244566666666664,0.08420131944444421,0.08228659226190452
a3986d20c19f33c7c107fw,2026-02-03 20:00:00+08:00,0.0719649999999999,0.5206,0.5669,0.04630000000000001,55.431965442764344,HOURLY_RECON_GT_5PCT,27.0,51.0,0.0,WX_CLEANED,20,1,0,0,0.061780833333332896,0.0759533333333329,0.08462565972222201,0.08226285218253944
a3986d20c19f33c7c107fw,2026-02-03 21:00:00+08:00,0.11624583333333299,0.5873,0.6819,0.0945999999999999,22.881430584918718,HOURLY_RECON_GT_5PCT,26.9,53.0,0.0,WX_CLEANED,21,1,0,0,0.0995266666666665,0.1225675,0.08532229166666645,0.08222522321428546
a3986d20c19f33c7c107fw,2026-02-03 22:00:00+08:00,0.0973133333333332,0.6906,0.7848,0.09420000000000006,3.30502476999271,,26.3,58.0,0.0,WX_CLEANED,22,1,0,0,0.0834341666666665,0.1024941666666665,0.08590059027777756,0.08219438492063467
a3986d20c19f33c7c107fw,2026-02-03 23:00:00+08:00,0.06727249999999971,0.8045,0.8471,0.04259999999999997,57.91666666666608,HOURLY_RECON_GT_5PCT,25.8,62.0,0.0,WX_CLEANED,23,1,0,0,0.0589333333333331,0.0705583333333332,0.08624805555555533,0.08217482638888865
a3986d20c19f33c7c107fw,2026-02-04 00:00:00+08:00,0.0858533333333331,0.8558,0.9344,0.0786,9.22815945716679,HOURLY_RECON_GT_5PCT,25.4,66.0,0.0,WX_CLEANED,0,2,0,0,0.0743258333333331,0.0903566666666664,0.08672836805555534,0.0821480208333331
a3986d20c19f33c7c107fw,2026-02-04 01:00:00+08:00,0.0777883333333331,0.9402,1.0153,0.07510000000000006,3.5796715490453277,,25.0,69.0,0.0,WX_CLEANED,1,2,0,0,0.0666874999999998,0.0819716666666664,0.08719090277777757,0.08212312003968229
a3986d20c19f33c7c107fw,2026-02-04 02:00:00+08:00,0.0764449999999999,1.021,1.096,0.07500000000000018,1.9266666666662946,,24.3,75.0,0.0,WX_CLEANED,2,2,0,0,0.0974816666666664,0.0805549999999999,0.08631437499999979,0.082098655753968
a3986d20c19f33c7c107fw,2026-02-04 03:00:00+08:00,0.0924558333333332,1.1159,1.1827,0.06680000000000019,38.406936127743904,HOURLY_RECON_GT_5PCT,24.0,73.0,0.0,WX_CLEANED,3,2,0,0,0.1118666666666662,0.0973549999999999,0.08550559027777759,0.0820694940476188
a3986d20c19f33c7c107fw,2026-02-04 04:00:00+08:00,0.0515333333333331,1.1855,1.2418,0.05630000000000002,8.466548253404827,HOURLY_RECON_GT_5PCT,23.6,74.0,0.0,WX_CLEANED,4,2,0,0,0.0862391666666664,0.0543474999999998,0.0840595138888887,0.08205274305555531
a3986d20c19f33c7c107fw,2026-02-04 05:00:00+08:00,0.0371591666666665,1.2569,1.2862,0.029300000000000104,26.823094425482484,HOURLY_RECON_GT_5PCT,23.4,74.0,0.0,WX_CLEANED,5,2,0,0,0.1108333333333332,0.039050833333333104,0.08098975694444425,0.08204148313492039
a3986d20c19f33c7c107fw,2026-02-04 06:00:00+08:00,0.0807066666666666,1.298,1.3711,0.07309999999999994,10.405836753305959,HOURLY_RECON_GT_5PCT,23.4,74.0,0.0,WX_CLEANED,6,2,0,0,0.0874666666666668,0.0850724999999998,0.08070809027777757,0.08201549603174578
a3986d20c19f33c7c107fw,2026-02-04 07:00:00+08:00,0.0800999999999998,1.3827,1.4455,0.06279999999999997,27.547770700636686,HOURLY_RECON_GT_5PCT,23.4,74.0,0.0,WX_CLEANED,7,2,0,0,0.1161116666666662,0.0843074999999997,0.07920760416666647,0.08199045138888865
a3986d20c19f33c7c107fw,2026-02-04 08:00:00+08:00,0.0733124999999999,1.4596,1.5152,0.055600000000000094,31.857014388488814,HOURLY_RECON_GT_5PCT,24.6,73.0,0.0,WX_CLEANED,8,2,0,0,0.0992816666666663,0.085755,0.07812555555555538,0.08191638888888864
a3986d20c19f33c7c107fw,2026-02-04 09:00:00+08:00,0.084795,1.5457,1.6039,0.05820000000000003,45.69587628865971,HOURLY_RECON_GT_5PCT,26.5,63.0,0.0,WX_CLEANED,9,2,0,0,0.0522925,0.0641441666666663,0.0794798263888887,0.08203931051587278
a3986d20c19f33c7c107fw,2026-02-04 10:00:00+08:00,0.0506591666666664,1.6157,1.6488,0.03310000000000013,53.048841893251364,HOURLY_RECON_GT_5PCT,28.1,55.0,0.0,WX_CLEANED,10,2,0,0,0.0442016666666664,0.0530699999999998,0.07974888888888872,0.08202496031746008
a3986d20c19f33c7c107fw,2026-02-04 11:00:00+08:00,0.0533099999999999,1.6488,1.7048,0.05600000000000005,4.803571428571693,,29.8,48.0,0.0,WX_CLEANED,11,2,0,0,0.0456091666666664,0.0560791666666665,0.08006975694444428,0.08200847718253945
a3986d20c19f33c7c107fw,2026-02-04 12:00:00+08:00,0.0495491666666663,1.7076,1.7602,0.05259999999999998,5.8000633713568135,HOURLY_RECON_GT_5PCT,30.9,44.0,0.0,WX_CLEANED,12,2,0,0,0.0424358333333332,0.0523483333333329,0.08036614583333314,0.08199181547619024
a3986d20c19f33c7c107fw,2026-02-04 13:00:00+08:00,0.0674383333333329,1.7777,1.8203,0.04259999999999997,58.30594679186139,HOURLY_RECON_GT_5PCT,31.3,43.0,0.0,WX_CLEANED,13,2,0,0,0.0578683333333333,0.0710466666666663,0.08076489583333314,0.08197033730158705
a3986d20c19f33c7c107fw,2026-02-04 14:00:00+08:00,0.0724675,1.8316,1.8956,0.06400000000000006,13.230468749999904,HOURLY_RECON_GT_5PCT,31.0,42.0,0.0,WX_CLEANED,14,2,0,0,0.0621108333333332,0.0764449999999999,0.08119642361111092,0.08194666170634897
a3986d20c19f33c7c107fw,2026-02-04 15:00:00+08:00,0.0770158333333331,1.9069,1.97,0.06309999999999993,22.053618594822794,HOURLY_RECON_GT_5PCT,30.8,42.0,0.0,WX_CLEANED,15,2,0,0,0.0660499999999997,0.0812449999999997,0.08165333333333313,0.08192148809523785
a3986d20c19f33c7c107fw,2026-02-04 16:00:00+08:00,0.1062933333333331,0.0114,0.1191,0.10769999999999999,1.3060971835347162,,30.2,42.0,0.0,WX_CLEANED,16,2,0,0,0.1074016666666664,0.1064516666666664,0.08160715277777758,0.08192054563492039
a3986d20c19f33c7c107fw,2026-02-04 17:00:00+08:00,0.1237058333333332,0.1502,0.234,0.08380000000000001,47.62032617342861,HOURLY_RECON_GT_5PCT,29.1,47.0,0.0,WX_CLEANED,17,2,0,0,0.1252591666666666,0.1237058333333332,0.08154243055555536,0.0819205456349204
a3986d20c19f33c7c107fw,2026-02-04 18:00:00+08:00,0.1434399999999998,0.2651,0.3804,0.11530000000000001,24.405897658282544,HOURLY_RECON_GT_5PCT,27.6,53.0,0.0,WX_CLEANED,18,2,0,0,0.14543833333333311,0.1434399999999998,0.08145916666666647,0.0819205456349204
a3986d20c19f33c7c107fw,2026-02-04 19:00:00+08:00,0.1164741666666666,0.4035,0.4938,0.09029999999999999,28.985788113695033,HOURLY_RECON_GT_5PCT,26.5,60.0,0.0,WX_CLEANED,19,2,0,0,0.11819499999999969,0.1164741666666666,0.0813874652777776,0.0819205456349204
a3986d20c19f33c7c107fw,2026-02-04 20:00:00+08:00,0.07099249999999971,0.5135,0.5592,0.045700000000000074,55.34463894967089,HOURLY_RECON_GT_5PCT,26.9,57.0,0.0,WX_CLEANED,20,2,0,0,0.0719649999999999,0.07099249999999971,0.08134694444444425,0.08192054563492039
a3986d20c19f33c7c107fw,2026-02-04 21:00:00+08:00,0.1147649999999997,0.5794,0.6727,0.09329999999999994,23.006430868166962,HOURLY_RECON_GT_5PCT,26.6,60.0,0.0,WX_CLEANED,21,2,0,0,0.11624583333333299,0.1147649999999997,0.08128524305555536,0.0819205456349204
a3986d20c19f33c7c107fw,2026-02-04 22:00:00+08:00,0.0959691666666664,0.6813,0.7742,0.09289999999999998,3.303731611051039,,26.4,61.0,0.0,WX_CLEANED,22,2,0,0,0.0973133333333332,0.0959691666666664,0.08122923611111092,0.0819205456349204
a3986d20c19f33c7c107fw,2026-02-04 23:00:00+08:00,0.0668183333333331,0.7936,0.8363,0.04270000000000007,56.483216237313805,HOURLY_RECON_GT_5PCT,26.2,63.0,0.0,WX_CLEANED,23,2,0,0,0.06727249999999971,0.0668183333333331,0.08121031249999981,0.08192054563492039
a3986d20c19f33c7c107fw,2026-02-05 00:00:00+08:00,0.0847999999999997,0.8449,0.9224,0.07750000000000001,9.419354838709266,HOURLY_RECON_GT_5PCT,25.8,65.0,0.0,WX_CLEANED,0,3,0,0,0.0858533333333331,0.0847999999999997,0.08116642361111091,0.08192054563492039
a3986d20c19f33c7c107fw,2026-02-05 01:00:00+08:00,0.0767908333333331,0.9281,1.0022,0.07409999999999994,3.6313540260906323,,25.4,67.0,0.0,WX_CLEANED,1,3,0,0,0.0777883333333331,0.0767908333333331,0.0811248611111109,0.08192054563492039
a3986d20c19f33c7c107fw,2026-02-05 02:00:00+08:00,0.0754125,1.0079,1.0818,0.07390000000000008,2.046684709066191,,25.0,69.0,0.0,WX_CLEANED,2,3,0,0,0.0764449999999999,0.0754125,0.08108184027777758,0.0819205456349204
a3986d20c19f33c7c107fw,2026-02-05 03:00:00+08:00,0.09123166666666621,1.1014,1.1673,0.06590000000000007,38.439554881132196,HOURLY_RECON_GT_5PCT,24.6,71.0,0.0,WX_CLEANED,3,3,0,0,0.0924558333333332,0.09123166666666621,0.08103083333333312,0.08192054563492039
a3986d20c19f33c7c107fw,2026-02-05 04:00:00+08:00,0.0508491666666665,1.1702,1.2257,0.055500000000000105,8.379879879880352,HOURLY_RECON_GT_5PCT,24.1,74.0,0.0,WX_CLEANED,4,3,0,0,0.0515333333333331,0.0508491666666665,0.0810023263888887,0.0819205456349204
a3986d20c19f33c7c107fw,2026-02-05 05:00:00+08:00,0.0365608333333333,1.2406,1.2694,0.02880000000000016,26.94733796296214,HOURLY_RECON_GT_5PCT,23.5,78.0,0.0,WX_CLEANED,5,3,0,0,0.0371591666666665,0.0365608333333333,0.08097739583333313,0.08192054563492039
a3986d20c19f33c7c107fw,2026-02-05 06:00:00+08:00,0.0796391666666665,1.2811,1.3532,0.07210000000000005,10.45654184003667,HOURLY_RECON_GT_5PCT,22.9,79.0,0.0,WX_CLEANED,6,3,0,0,0.0807066666666666,0.0796391666666665,0.08093291666666647,0.08192054563492039
a3986d20c19f33c7c107fw,2026-02-05 07:00:00+08:00,0.07892,1.3647,1.4266,0.061900000000000066,27.495961227786626,HOURLY_RECON_GT_5PCT,22.6,80.0,0.0,WX_CLEANED,7,3,0,0,0.0800999999999998,0.07892,0.08088374999999981,0.0819205456349204
a3986d20c19f33c7c107fw,2026-02-05 08:00:00+08:00,0.0802908333333331,1.4405,1.5055,0.06500000000000017,23.5243589743583,HOURLY_RECON_GT_5PCT,24.0,75.0,0.0,WX_CLEANED,8,3,0,0,0.0733124999999999,0.0802908333333331,0.08117451388888869,0.08192054563492039
a3986d20c19f33c7c107fw,2026-02-05 09:00:00+08:00,0.0602108333333329,1.5111,1.5686,0.057499999999999885,4.714492753622648,,26.0,64.0,0.0,WX_CLEANED,9,3,0,0,0.084795,0.0602108333333329,0.0801501736111109,0.08192054563492039
a3986d20c19f33c7c107fw,2026-02-05 10:00:00+08:00,0.050294166666666404,1.5802,1.6131,0.03289999999999993,52.8698074974666,HOURLY_RECON_GT_5PCT,28.5,50.0,0.0,WX_CLEANED,10,3,0,0,0.0506591666666664,0.050294166666666404,0.08013496527777757,0.0819205456349204
a3986d20c19f33c7c107fw,2026-02-05 11:00:00+08:00,0.052489166666666295,1.6131,1.6684,0.05530000000000013,5.082881253768219,HOURLY_RECON_GT_5PCT,30.2,39.0,0.0,WX_CLEANED,11,3,0,0,0.0533099999999999,0.052489166666666295,0.08010076388888866,0.08192054563492039
a3986d20c19f33c7c107fw,2026-02-05 12:00:00+08:00,0.048973333333332994,1.6711,1.7231,0.052000000000000046,5.820512820513557,HOURLY_RECON_GT_5PCT,31.0,35.0,0.0,WX_CLEANED,12,3,0,0,0.0495491666666663,0.048973333333332994,0.08007677083333312,0.08192054563492039
a3986d20c19f33c7c107fw,2026-02-05 13:00:00+08:00,0.066435833333333,1.7403,1.7823,0.04200000000000004,58.180555555554626,HOURLY_RECON_GT_5PCT,31.5,33.0,0.0,WX_CLEANED,13,3,0,0,0.0674383333333329,0.066435833333333,0.08003499999999979,0.08192054563492039
a3986d20c19f33c7c107fw,2026-02-05 14:00:00+08:00,0.0715974999999995,1.7934,1.8566,0.06319999999999992,13.287183544303135,HOURLY_RECON_GT_5PCT,31.9,31.0,0.0,WX_CLEANED,14,3,0,0,0.0724675,0.0715974999999995,0.07999874999999976,0.08192054563492039
a3986d20c19f33c7c107fw,2026-02-05 15:00:00+08:00,0.0760066666666663,1.8678,1.93,0.06220000000000003,22.197213290460237,HOURLY_RECON_GT_5PCT,31.5,33.0,0.0,WX_CLEANED,15,3,0,0,0.0770158333333331,0.0760066666666663,0.07995670138888865,0.08192054563492039
a3986d20c19f33c7c107fw,2026-02-05 16:00:00+08:00,0.1118016666666666,0.012,0.1254,0.11340000000000001,1.409465020576199,,30.6,39.0,0.0,WX_CLEANED,16,3,0,0,0.1062933333333331,0.100310833333333,0.08018621527777754,0.08198894345238071
a3986d20c19f33c7c107fw,2026-02-05 17:00:00+08:00,0.1301316666666663,0.1581,0.2463,0.0882,47.54157218442893,HOURLY_RECON_GT_5PCT,29.3,46.0,0.0,WX_CLEANED,17,3,0,0,0.1237058333333332,0.11666666666666639,0.08045395833333309,0.08206909226190454
a3986d20c19f33c7c107fw,2026-02-05 18:00:00+08:00,0.15101916666666632,0.2791,0.4004,0.12129999999999996,24.500549601538633,HOURLY_RECON_GT_5PCT,27.7,52.0,0.0,WX_CLEANED,18,3,0,0,0.1434399999999998,0.1350899999999998,0.08076975694444419,0.0821639087301585
a3986d20c19f33c7c107fw,2026-02-05 19:00:00+08:00,0.12261583333333309,0.4248,0.5197,0.09490000000000004,29.20530382859119,HOURLY_RECON_GT_5PCT,26.8,57.0,0.0,WX_CLEANED,19,3,0,0,0.1164741666666666,0.109920833333333,0.08102565972222196,0.08223947420634896
a3986d20c19f33c7c107fw,2026-02-05 20:00:00+08:00,0.0749391666666664,0.5406,0.5887,0.04810000000000003,55.79868329868265,HOURLY_RECON_GT_5PCT,26.6,59.0,0.0,WX_CLEANED,20,3,0,0,0.07099249999999971,0.0669416666666664,0.0811901041666664,0.08228707837301563
a3986d20c19f33c7c107fw,2026-02-05 21:00:00+08:00,0.1207816666666664,0.6099,0.7081,0.09819999999999995,22.995587236931218,HOURLY_RECON_GT_5PCT,26.5,59.0,0.0,WX_CLEANED,21,3,0,0,0.1147649999999997,0.1079849999999996,0.08144079861111085,0.08236324900793626
a3986d20c19f33c7c107fw,2026-02-05 22:00:00+08:00,0.100988333333333,0.7171,0.8149,0.0978,3.260054533060329,,26.2,60.0,0.0,WX_CLEANED,22,3,0,0,0.0959691666666664,0.0904483333333333,0.08164993055555529,0.08242598710317436
a3986d20c19f33c7c107fw,2026-02-05 23:00:00+08:00,0.0697399999999998,0.8354,0.8793,0.04389999999999994,58.861047835990654,HOURLY_RECON_GT_5PCT,26.1,60.0,0.0,WX_CLEANED,23,3,0,0,0.0668183333333331,0.0638191666666665,0.08177166666666641,0.08246123015872991
a3986d20c19f33c7c107fw,2026-02-06 00:00:00+08:00,0.0891349999999999,0.8883,0.9699,0.0816,9.234068627450844,HOURLY_RECON_GT_5PCT,25.9,61.0,0.0,WX_CLEANED,0,4,0,0,0.0847999999999997,0.0806491666666664,0.08195229166666641,0.08251174107142834
a3986d20c19f33c7c107fw,2026-02-06 01:00:00+08:00,0.0807366666666665,0.9759,1.0539,0.07800000000000007,3.5085470085467008,,25.5,63.0,0.0,WX_CLEANED,1,4,0,0,0.0767908333333331,0.0723016666666665,0.08211670138888864,0.08256194940476168
a3986d20c19f33c7c107fw,2026-02-06 02:00:00+08:00,0.0793458333333331,1.0599,1.1377,0.07779999999999987,1.986932305055572,,25.1,63.0,0.0,WX_CLEANED,2,4,0,0,0.0754125,0.0709774999999998,0.08228059027777752,0.08261176091269819
a3986d20c19f33c7c107fw,2026-02-06 03:00:00+08:00,0.0958958333333333,1.1583,1.2277,0.0693999999999999,38.178434197886794,HOURLY_RECON_GT_5PCT,24.8,65.0,0.0,WX_CLEANED,3,4,0,0,0.09123166666666621,0.0859799999999998,0.08247493055555531,0.0826707837301585
a3986d20c19f33c7c107fw,2026-02-06 04:00:00+08:00,0.0535783333333332,1.2307,1.2891,0.05840000000000001,8.256278538813024,HOURLY_RECON_GT_5PCT,24.2,68.0,0.0,WX_CLEANED,4,4,0,0,0.0508491666666665,0.0479016666666665,0.08258864583333309,0.08270457341269817
a3986d20c19f33c7c107fw,2026-02-06 05:00:00+08:00,0.038537499999999995,1.3048,1.3352,0.030399999999999983,26.768092105263214,HOURLY_RECON_GT_5PCT,23.8,70.0,0.0,WX_CLEANED,5,4,0,0,0.0365608333333333,0.0344475,0.08267100694444421,0.08272891865079342
a3986d20c19f33c7c107fw,2026-02-06 06:00:00+08:00,0.08378749999999979,1.3475,1.4233,0.07580000000000009,10.537598944590625,HOURLY_RECON_GT_5PCT,23.4,71.0,0.0,WX_CLEANED,6,4,0,0,0.0796391666666665,0.0749974999999998,0.08284385416666644,0.08278124007936485
a3986d20c19f33c7c107fw,2026-02-06 07:00:00+08:00,0.0830424999999997,1.4355,1.5006,0.06509999999999994,27.56144393241134,HOURLY_RECON_GT_5PCT,23.1,72.0,0.0,WX_CLEANED,7,4,0,0,0.07892,0.0743783333333332,0.08301562499999975,0.08283281249999977
a3986d20c19f33c7c107fw,2026-02-06 08:00:00+08:00,0.0845166666666665,1.5153,1.5836,0.0682999999999998,23.743289409468147,HOURLY_RECON_GT_5PCT,24.5,67.0,0.0,WX_CLEANED,8,4,0,0,0.0802908333333331,0.0756541666666665,0.08319170138888864,0.08288556547619023
a3986d20c19f33c7c107fw,2026-02-06 09:00:00+08:00,0.0633191666666664,1.5896,1.6501,0.0605,4.65977961432463,,26.0,60.0,0.0,WX_CLEANED,9,4,0,0,0.0602108333333329,0.0566591666666663,0.08332121527777753,0.0829252083333331
a3986d20c19f33c7c107fw,2026-02-06 10:00:00+08:00,0.052430833333333204,1.6623,1.6964,0.0340999999999998,53.75610948191647,HOURLY_RECON_GT_5PCT,28.4,50.0,0.0,WX_CLEANED,10,4,0,0,0.050294166666666404,0.0479458333333332,0.08341024305555532,0.08295190476190453
a3986d20c19f33c7c107fw,2026-02-06 11:00:00+08:00,0.055282499999999596,1.6964,1.7546,0.05820000000000003,5.012886597938887,HOURLY_RECON_GT_5PCT,30.0,45.0,0.0,WX_CLEANED,11,4,0,0,0.052489166666666295,0.049395833333333,0.08352663194444421,0.08298694444444421
a3986d20c19f33c7c107fw,2026-02-06 12:00:00+08:00,0.0514308333333331,1.7575,1.8122,0.05469999999999997,5.976538695917501,HOURLY_RECON_GT_5PCT,30.9,44.0,0.0,WX_CLEANED,12,4,0,0,0.048973333333332994,0.046013333333332795,0.08362902777777755,0.08301919146825373
a3986d20c19f33c7c107fw,2026-02-06 13:00:00+08:00,0.0699833333333334,1.8303,1.8745,0.04420000000000002,58.333333333333414,HOURLY_RECON_GT_5PCT,31.1,44.0,0.0,WX_CLEANED,13,4,0,0,0.066435833333333,0.0628308333333331,0.08377684027777756,0.08306176587301564
a3986d20c19f33c7c107fw,2026-02-06 14:00:00+08:00,0.0753341666666663,1.8863,1.9528,0.0665,13.284461152881647,HOURLY_RECON_GT_5PCT,30.3,46.0,0.0,WX_CLEANED,14,4,0,0,0.0715974999999995,0.0674574999999996,0.08393253472222201,0.08310865079365055
a3986d20c19f33c7c107fw,2026-02-06 15:00:00+08:00,0.0798908333333328,1.9645,2.03,0.06549999999999989,21.970737913485394,HOURLY_RECON_GT_5PCT,30.5,47.0,0.0,WX_CLEANED,15,4,0,0,0.0760066666666663,0.0715041666666666,0.08409437499999978,0.08315857142857118
a3986d20c19f33c7c107fw,2026-02-06 16:00:00+08:00,0.1279324999999999,0.0137,0.1438,0.13010000000000002,1.6660261337433722,,29.5,51.0,0.0,WX_CLEANED,16,4,0,0,0.1118016666666666,0.108365833333333,0.08476649305555534,0.08327503968253944
a3986d20c19f33c7c107fw,2026-02-06 17:00:00+08:00,0.1491599999999997,0.1812,0.2824,0.10119999999999998,47.39130434782582,HOURLY_RECON_GT_5PCT,28.0,55.0,0.1,WX_CLEANED,17,4,0,0,0.1301316666666663,0.1260558333333328,0.08555934027777756,0.08341256448412675
a3986d20c19f33c7c107fw,2026-02-06 18:00:00+08:00,0.1730749999999997,0.32,0.459,0.139,24.514388489208407,HOURLY_RECON_GT_5PCT,27.0,58.0,0.2,WX_CLEANED,18,4,0,0,0.15101916666666632,0.14651166666666648,0.08647833333333312,0.08357067956349183
a3986d20c19f33c7c107fw,2026-02-06 19:00:00+08:00,0.1408174999999997,0.487,0.5959,0.1089,29.30899908172609,HOURLY_RECON_GT_5PCT,26.4,62.0,0.1,WX_CLEANED,19,4,0,0,0.12261583333333309,0.11903083333333289,0.08723673611111088,0.08370036210317437
a3986d20c19f33c7c107fw,2026-02-06 20:00:00+08:00,0.0857066666666664,0.6198,0.6749,0.05510000000000004,55.547489413187556,HOURLY_RECON_GT_5PCT,26.4,67.0,0.0,WX_CLEANED,20,4,0,0,0.0749391666666664,0.072510833333333,0.08768538194444424,0.0837789087301585
a3986d20c19f33c7c107fw,2026-02-06 21:00:00+08:00,0.1383574999999998,0.6993,0.8119,0.11259999999999992,22.875222024866694,HOURLY_RECON_GT_5PCT,26.6,67.0,0.0,WX_CLEANED,21,4,0,0,0.1207816666666664,0.1171116666666665,0.08841770833333312,0.0839053720238093
a3986d20c19f33c7c107fw,2026-02-06 22:00:00+08:00,0.1158624999999998,0.8222,0.9343,0.11209999999999998,3.3563782337197345,,26.5,67.0,0.0,WX_CLEANED,22,4,0,0,0.100988333333333,0.0979741666666665,0.08903746527777756,0.08401185019841247
a3986d20c19f33c7c107fw,2026-02-06 23:00:00+08:00,0.0777949999999998,0.9578,1.0053,0.0475000000000001,63.77894736842028,HOURLY_RECON_GT_5PCT,26.2,69.0,0.0,WX_CLEANED,23,4,0,0,0.0697399999999998,0.0680041666666665,0.08937309027777757,0.08407012896825374
a3986d20c19f33c7c107fw,2026-02-07 00:00:00+08:00,0.1021258333333331,1.0156,1.1092,0.0935999999999999,9.108796296296154,HOURLY_RECON_GT_5PCT,25.9,72.0,0.0,WX_CLEANED,0,5,1,0,0.0891349999999999,0.086493333333333,0.08991437499999978,0.08416317956349183
a3986d20c19f33c7c107fw,2026-02-07 01:00:00+08:00,0.0925366666666666,1.1161,1.2054,0.08929999999999993,3.624486748786862,,25.7,72.0,0.0,WX_CLEANED,1,5,1,0,0.0807366666666665,0.07836916666666639,0.09040604166666645,0.08424750992063468
a3986d20c19f33c7c107fw,2026-02-07 02:00:00+08:00,0.09109999999999979,1.2123,1.3016,0.08930000000000016,2.015677491600932,,25.7,70.0,0.0,WX_CLEANED,2,5,1,0,0.0793458333333331,0.0770274999999998,0.0908957986111109,0.08433127480158707
a3986d20c19f33c7c107fw,2026-02-07 03:00:00+08:00,0.11012999999999991,1.3252,1.4048,0.07960000000000012,38.354271356783606,HOURLY_RECON_GT_5PCT,25.4,72.0,0.0,WX_CLEANED,3,5,1,0,0.0958958333333333,0.09307666666666631,0.09148888888888868,0.084432782738095
a3986d20c19f33c7c107fw,2026-02-07 04:00:00+08:00,0.0614099999999997,1.4082,1.4752,0.06700000000000017,8.343283582090232,HOURLY_RECON_GT_5PCT,24.5,80.0,1.0,WX_CLEANED,4,5,1,0,0.0535783333333332,0.0519408333333331,0.09181520833333312,0.08448914682539659
a3986d20c19f33c7c107fw,2026-02-07 05:00:00+08:00,0.0441424999999998,1.4931,1.528,0.03489999999999993,26.48280802292231,HOURLY_RECON_GT_5PCT,24.5,79.0,0.0,WX_CLEANED,5,5,1,0,0.038537499999999995,0.037411666666666496,0.09204874999999978,0.08452921130952358
a3986d20c19f33c7c107fw,2026-02-07 06:00:00+08:00,0.096030833333333,1.5421,1.629,0.08689999999999998,10.50728807057885,HOURLY_RECON_GT_5PCT,24.6,78.0,0.0,WX_CLEANED,6,5,1,0,0.08378749999999979,0.0812174999999999,0.09255888888888865,0.08461738591269818
a3986d20c19f33c7c107fw,2026-02-07 07:00:00+08:00,0.0952541666666664,1.6429,1.7176,0.07469999999999999,27.515618027665887,HOURLY_RECON_GT_5PCT,24.9,77.0,0.0,WX_CLEANED,7,5,1,0,0.0830424999999997,0.0806091666666662,0.09306770833333311,0.0847045585317458
a3986d20c19f33c7c107fw,2026-02-07 08:00:00+08:00,0.0969141666666663,1.7345,1.8128,0.07830000000000004,23.772882077479256,HOURLY_RECON_GT_5PCT,25.2,78.0,0.0,WX_CLEANED,8,5,1,0,0.0845166666666665,0.0819416666666664,0.0935842708333331,0.08479368055555532
a3986d20c19f33c7c107fw,2026-02-07 09:00:00+08:00,0.0724899999999998,1.8197,1.889,0.06929999999999992,4.603174603174446,,26.3,74.0,0.0,WX_CLEANED,9,5,1,0,0.0633191666666664,0.0613758333333331,0.09396638888888864,0.08485983630952358
a3986d20c19f33c7c107fw,2026-02-07 10:00:00+08:00,0.0586866666666664,1.903,1.9407,0.03770000000000007,55.66755083996365,HOURLY_RECON_GT_5PCT,27.8,69.0,0.0,WX_CLEANED,10,5,1,0,0.052430833333333204,0.051148333333333,0.09422704861111086,0.08490470734126962
a3986d20c19f33c7c107fw,2026-02-07 11:00:00+08:00,0.0633258333333329,1.9407,2.0075,0.06679999999999975,5.200848303393504,HOURLY_RECON_GT_5PCT,27.1,74.0,1.7,WX_CLEANED,11,5,1,0,0.055282499999999596,0.053587499999999996,0.09456218749999974,0.08496267361111087
a3986d20c19f33c7c107fw,2026-02-07 12:00:00+08:00,0.0590258333333327,2.0108,2.0734,0.06259999999999977,5.709531416401084,HOURLY_RECON_GT_5PCT,27.5,72.0,0.1,WX_CLEANED,12,5,1,0,0.0514308333333331,0.0497966666666664,0.09487864583333307,0.08501760912698389
a3986d20c19f33c7c107fw,2026-02-07 13:00:00+08:00,0.0803249999999997,2.0942,2.1449,0.05069999999999997,58.43195266272141,HOURLY_RECON_GT_5PCT,27.4,71.0,0.1,WX_CLEANED,13,5,1,0,0.0699833333333334,0.0679541666666665,0.09530954861111084,0.08509124503968231
a3986d20c19f33c7c107fw,2026-02-07 14:00:00+08:00,0.0863716666666666,2.1584,2.2346,0.07620000000000005,13.3486439195099,HOURLY_RECON_GT_5PCT,28.9,64.0,1.6,WX_CLEANED,14,5,1,0,0.0753341666666663,0.0714899999999997,0.09576944444444419,0.08517982638888866
a3986d20c19f33c7c107fw,2026-02-07 15:00:00+08:00,0.1051766666666664,2.2481,2.35,0.1019000000000001,3.2155708210660445,,28.0,66.0,0.0,WX_CLEANED,15,5,1,0,0.0798908333333328,0.0775808333333329,0.09682302083333309,0.08534408730158706
a3986d20c19f33c7c107fw,2026-02-07 16:00:00+08:00,0.1438783333333332,0.014,0.1463,0.1323,8.75157470395555,HOURLY_RECON_GT_5PCT,27.5,70.0,0.0,WX_CLEANED,16,5,1,0,0.1279324999999999,0.1145374999999999,0.09748743055555531,0.08551873511904738
a3986d20c19f33c7c107fw,2026-02-07 17:00:00+08:00,0.1518158333333329,0.1844,0.2874,0.10299999999999998,47.39401294498343,HOURLY_RECON_GT_5PCT,27.1,74.0,0.0,WX_CLEANED,17,5,1,0,0.1491599999999997,0.1334941666666665,0.09759809027777751,0.08562779265872993
a3986d20c19f33c7c107fw,2026-02-07 18:00:00+08:00,0.1761516666666664,0.3256,0.4671,0.14150000000000001,24.48881036513525,HOURLY_RECON_GT_5PCT,26.6,78.0,0.0,WX_CLEANED,18,5,1,0,0.1730749999999997,0.1547599999999998,0.09772628472222196,0.08575512400793628
a3986d20c19f33c7c107fw,2026-02-07 19:00:00+08:00,0.1430774999999997,0.4955,0.6063,0.11079999999999995,29.131317689530462,HOURLY_RECON_GT_5PCT,26.2,79.0,0.0,WX_CLEANED,19,5,1,0,0.1408174999999997,0.1256849999999998,0.09782045138888863,0.08585865079365056
a3986d20c19f33c7c107fw,2026-02-07 20:00:00+08:00,0.08732749999999981,0.6306,0.6867,0.05609999999999993,55.66399286987508,HOURLY_RECON_GT_5PCT,26.0,82.0,1.5,WX_CLEANED,20,5,1,0,0.0857066666666664,0.07666249999999959,0.09788798611111087,0.0859221329365077
a3986d20c19f33c7c107fw,2026-02-07 21:00:00+08:00,0.1408083333333331,0.7115,0.8261,0.11459999999999992,22.869400814426864,HOURLY_RECON_GT_5PCT,26.1,82.0,0.0,WX_CLEANED,21,5,1,0,0.1383574999999998,0.1236916666666664,0.09799010416666641,0.08602401785714263
a3986d20c19f33c7c107fw,2026-02-07 22:00:00+08:00,0.1178766666666665,0.8366,0.9507,0.11409999999999998,3.30996202161834,,25.9,85.0,0.0,WX_CLEANED,22,5,1,0,0.1158624999999998,0.1035949999999998,0.09807402777777753,0.08610902777777754
a3986d20c19f33c7c107fw,2026-02-07 23:00:00+08:00,0.0787249999999999,0.9746,1.0223,0.047699999999999965,65.04192872117393,HOURLY_RECON_GT_5PCT,25.6,88.0,0.0,WX_CLEANED,23,5,1,0,0.0777949999999998,0.07110249999999971,0.09811277777777751,0.08615439980158707
a3986d20c19f33c7c107fw,2026-02-08 00:00:00+08:00,0.1040224999999997,1.0328,1.128,0.09519999999999995,9.267331932772848,HOURLY_RECON_GT_5PCT,25.4,89.0,0.0,WX_CLEANED,0,6,1,0,0.1021258333333331,0.09130499999999969,0.09819180555555529,0.08623009920634897
a3986d20c19f33c7c107fw,2026-02-08 01:00:00+08:00,0.0942224999999999,1.135,1.2259,0.09089999999999998,3.6551155115510707,,25.5,86.0,0.0,WX_CLEANED,1,6,1,0,0.0925366666666666,0.08275999999999971,0.09826204861111086,0.08629832837301564
a3986d20c19f33c7c107fw,2026-02-08 02:00:00+08:00,0.0926166666666665,1.2329,1.3238,0.09089999999999998,1.888522185551727,,25.5,86.0,0.0,WX_CLEANED,2,6,1,0,0.09109999999999979,0.08146249999999991,0.0983252430555553,0.086364722222222
a3986d20c19f33c7c107fw,2026-02-08 03:00:00+08:00,0.1119766666666666,1.3478,1.4288,0.08099999999999996,38.24279835390945,HOURLY_RECON_GT_5PCT,25.5,86.0,0.0,WX_CLEANED,3,6,1,0,0.11012999999999991,0.0983283333333332,0.09840218749999975,0.08644596230158706
a3986d20c19f33c7c107fw,2026-02-08 04:00:00+08:00,0.0625066666666665,1.4322,1.5004,0.06820000000000004,8.347996089931867,HOURLY_RECON_GT_5PCT,25.3,85.0,0.2,WX_CLEANED,4,6,1,0,0.0614099999999997,0.054890833333333,0.09844788194444419,0.08649129464285692
a3986d20c19f33c7c107fw,2026-02-08 05:00:00+08:00,0.0448941666666665,1.5187,1.5541,0.0354000000000001,26.81967984934004,HOURLY_RECON_GT_5PCT,25.2,85.0,0.0,WX_CLEANED,5,6,1,0,0.0441424999999998,0.0394258333333333,0.09847920138888866,0.0865238442460315
a3986d20c19f33c7c107fw,2026-02-08 06:00:00+08:00,0.0977141666666662,1.5685,1.6569,0.08840000000000003,10.536387631975295,HOURLY_RECON_GT_5PCT,25.4,78.0,0.0,WX_CLEANED,6,6,1,0,0.096030833333333,0.08586166666666631,0.09854934027777752,0.0865943948412696
a3986d20c19f33c7c107fw,2026-02-08 07:00:00+08:00,0.0969466666666663,1.6711,1.7471,0.07600000000000007,27.561403508771342,HOURLY_RECON_GT_5PCT,25.5,74.0,0.0,WX_CLEANED,7,6,1,0,0.0952541666666664,0.08525249999999959,0.09861986111111086,0.08666400297619024
a3986d20c19f33c7c107fw,2026-02-08 08:00:00+08:00,0.0985674999999995,1.7642,1.844,0.0798000000000001,23.518170426064398,HOURLY_RECON_GT_5PCT,24.9,84.0,0.0,WX_CLEANED,8,6,1,0,0.0969141666666663,0.08667999999999959,0.09868874999999973,0.08673476190476166
a3986d20c19f33c7c107fw,2026-02-08 09:00:00+08:00,0.07385416666666661,1.8509,1.9215,0.0706,4.609301227573107,,25.1,81.0,0.2,WX_CLEANED,9,6,1,0,0.0724899999999998,0.0649274999999996,0.09874559027777752,0.08678789682539659
a3986d20c19f33c7c107fw,2026-02-08 10:00:00+08:00,0.0594158333333331,1.9357,1.9738,0.03810000000000002,55.94706911635975,HOURLY_RECON_GT_5PCT,25.4,81.0,0.3,WX_CLEANED,10,6,1,0,0.0586866666666664,0.0534966666666665,0.09877597222222197,0.08682312996031724
a3986d20c19f33c7c107fw,2026-02-08 11:00:00+08:00,0.0644249999999999,1.9738,2.0417,0.06790000000000007,5.117820324006139,HOURLY_RECON_GT_5PCT,26.0,76.0,0.4,WX_CLEANED,11,6,1,0,0.0633258333333329,0.0566791666666663,0.0988217708333331,0.08686923611111089
a3986d20c19f33c7c107fw,2026-02-08 12:00:00+08:00,0.0599508333333328,2.0451,2.1088,0.06369999999999987,5.885661957091169,HOURLY_RECON_GT_5PCT,26.5,72.0,0.4,WX_CLEANED,12,6,1,0,0.0590258333333327,0.0527583333333332,0.09886031249999977,0.08691204861111088
a3986d20c19f33c7c107fw,2026-02-08 13:00:00+08:00,0.0817466666666662,2.13,2.1816,0.05160000000000009,58.423772609817945,HOURLY_RECON_GT_5PCT,26.6,71.0,2.0,WX_CLEANED,13,6,1,0,0.0803249999999997,0.07185833333333311,0.09891954861111087,0.086970907738095
a3986d20c19f33c7c107fw,2026-02-08 14:00:00+08:00,0.07821749999999969,2.1953,2.2649,0.06959999999999988,12.381465517241121,HOURLY_RECON_GT_5PCT,27.2,68.0,0.2,WX_CLEANED,14,6,1,0,0.0863716666666666,0.0771516666666661,0.09857979166666642,0.08697725198412676
a3986d20c19f33c7c107fw,2026-02-08 15:00:00+08:00,0.0871916666666664,2.2786,2.35,0.07140000000000013,22.117180205414908,HOURLY_RECON_GT_5PCT,27.0,69.0,0.1,WX_CLEANED,15,6,1,0,0.1051766666666664,0.0818833333333335,0.09783041666666642,0.08700884920634896
a3986d20c19f33c7c107fw,2026-02-08 16:00:00+08:00,0.0870449999999997,0.012,0.0971,0.08510000000000001,2.2855464159808423,,27.1,66.0,0.0,WX_CLEANED,16,6,1,0,0.1438783333333332,0.1162908333333331,0.09546236111111084,0.08683476686507913
a3986d20c19f33c7c107fw,2026-02-08 17:00:00+08:00,0.1299999999999998,0.1297,0.2179,0.0882,47.39229024943289,HOURLY_RECON_GT_5PCT,26.7,69.0,0.0,WX_CLEANED,17,6,1,0,0.1518158333333329,0.13533166666666652,0.09455336805555531,0.08680303075396802
a3986d20c19f33c7c107fw,2026-02-08 18:00:00+08:00,0.1508791666666663,0.2506,0.3718,0.12120000000000003,24.48776127612727,HOURLY_RECON_GT_5PCT,25.9,75.0,0.0,WX_CLEANED,18,6,1,0,0.1761516666666664,0.1570624999999996,0.09350034722222196,0.08676622519841246
a3986d20c19f33c7c107fw,2026-02-08 19:00:00+08:00,0.122668333333333,0.3962,0.4911,0.09489999999999998,29.260625219529,HOURLY_RECON_GT_5PCT,25.4,80.0,0.0,WX_CLEANED,19,6,1,0,0.1430774999999997,0.1276283333333331,0.09264996527777752,0.08673670138888864
a3986d20c19f33c7c107fw,2026-02-08 20:00:00+08:00,0.0747249999999996,0.5119,0.56,0.04810000000000003,55.35343035342941,HOURLY_RECON_GT_5PCT,25.0,75.0,0.0,WX_CLEANED,20,6,1,0,0.08732749999999981,0.0777766666666664,0.09212486111111085,0.08671853670634896
a3986d20c19f33c7c107fw,2026-02-08 21:00:00+08:00,0.1206458333333332,0.5812,0.6793,0.09809999999999997,22.982500849473237,HOURLY_RECON_GT_5PCT,24.8,77.0,0.0,WX_CLEANED,21,6,1,0,0.1408083333333331,0.12547833333333308,0.09128475694444417,0.08668977182539658
a3986d20c19f33c7c107fw,2026-02-08 22:00:00+08:00,0.1010241666666664,0.6884,0.7861,0.09770000000000001,3.4024223814395,,24.6,80.0,0.0,WX_CLEANED,22,6,1,0,0.1178766666666665,0.1051041666666665,0.09058256944444416,0.08666548611111088
a3986d20c19f33c7c107fw,2026-02-08 23:00:00+08:00,0.0694674999999996,0.8065,0.8502,0.04369999999999996,58.96453089244774,HOURLY_RECON_GT_5PCT,24.5,81.0,0.0,WX_CLEANED,23,6,1,0,0.0787249999999999,0.0719191666666663,0.09019684027777751,0.08665089285714261
a3986d20c19f33c7c107fw,2026-02-09 00:00:00+08:00,0.0891124999999998,0.8592,0.9408,0.0816,9.206495098038966,HOURLY_RECON_GT_5PCT,24.1,80.0,0.0,WX_CLEANED,0,0,0,0,0.1040224999999997,0.0925249999999998,0.0895755902777775,0.08663058035714262
a3986d20c19f33c7c107fw,2026-02-09 01:00:00+08:00,0.0806874999999999,0.9468,1.0247,0.07789999999999997,3.5783055198972145,,23.9,80.0,0.0,WX_CLEANED,1,0,0,0,0.0942224999999999,0.08399583333333299,0.08901163194444417,0.08661088789682515
a3986d20c19f33c7c107fw,2026-02-09 02:00:00+08:00,0.0794166666666665,1.0306,1.1085,0.07790000000000008,1.946940522036476,,23.5,82.0,0.0,WX_CLEANED,2,0,0,0,0.0926166666666665,0.0825691666666664,0.08846163194444417,0.08659212301587278
a3986d20c19f33c7c107fw,2026-02-09 03:00:00+08:00,0.0958816666666661,1.129,1.1984,0.0693999999999999,38.15802113352483,HOURLY_RECON_GT_5PCT,23.5,81.0,0.0,WX_CLEANED,3,0,0,0,0.1119766666666666,0.0997866666666665,0.08779100694444415,0.08656887896825373
a3986d20c19f33c7c107fw,2026-02-09 04:00:00+08:00,0.053547499999999595,1.2013,1.2597,0.05840000000000001,8.309075342466459,HOURLY_RECON_GT_5PCT,23.1,81.0,0.0,WX_CLEANED,4,0,0,0,0.0625066666666665,0.0557616666666663,0.08741770833333302,0.08655569940476167
a3986d20c19f33c7c107fw,2026-02-09 05:00:00+08:00,0.038532499999999796,1.2754,1.3058,0.030399999999999983,26.751644736841506,HOURLY_RECON_GT_5PCT,23.1,81.0,0.0,WX_CLEANED,5,0,0,0,0.0448941666666665,0.0400391666666665,0.08715263888888859,0.08654673115079341
a3986d20c19f33c7c107fw,2026-02-09 06:00:00+08:00,0.0836441666666663,1.3181,1.3938,0.07569999999999988,10.494275649493305,HOURLY_RECON_GT_5PCT,23.0,83.0,0.0,WX_CLEANED,6,0,0,0,0.0977141666666662,0.0871458333333329,0.08656638888888858,0.08652588789682517
a3986d20c19f33c7c107fw,2026-02-09 07:00:00+08:00,0.0830099999999997,1.406,1.471,0.06500000000000017,27.707692307691506,HOURLY_RECON_GT_5PCT,23.1,82.0,0.0,WX_CLEANED,7,0,0,0,0.0969466666666663,0.08641916666666641,0.08598569444444415,0.086505595238095
a3986d20c19f33c7c107fw,2026-02-09 08:00:00+08:00,0.08597083333333311,1.4858,1.554,0.06820000000000004,26.0569403714561,HOURLY_RECON_GT_5PCT,24.4,72.0,0.0,WX_CLEANED,8,0,0,0,0.0985674999999995,0.087915833333333,0.08546083333333304,0.08649401785714261
a3986d20c19f33c7c107fw,2026-02-09 09:00:00+08:00,0.0632858333333333,1.56,1.6204,0.06040000000000001,4.77786975717433,,24.9,68.0,0.0,WX_CLEANED,9,0,0,0,0.07385416666666661,0.0658499999999995,0.08502048611111084,0.08647875496031723
a3986d20c19f33c7c107fw,2026-02-09 10:00:00+08:00,0.0523008333333331,1.6326,1.6667,0.03410000000000002,53.37487781036092,HOURLY_RECON_GT_5PCT,25.2,66.0,0.0,WX_CLEANED,10,0,0,0,0.0594158333333331,0.0541374999999998,0.08472402777777749,0.08646782242063468
a3986d20c19f33c7c107fw,2026-02-09 11:00:00+08:00,0.055253333333333,1.6667,1.7248,0.05810000000000004,4.899598393574934,,26.2,62.0,0.0,WX_CLEANED,11,0,0,0,0.0644249999999999,0.0574758333333332,0.08434187499999972,0.08645459325396801
a3986d20c19f33c7c107fw,2026-02-09 12:00:00+08:00,0.0514149999999994,1.7277,1.7823,0.05459999999999998,5.833333333334403,HOURLY_RECON_GT_5PCT,26.7,60.0,0.0,WX_CLEANED,12,0,0,0,0.0599508333333328,0.0535766666666665,0.08398621527777748,0.08644172619047595
a3986d20c19f33c7c107fw,2026-02-09 13:00:00+08:00,0.0699616666666665,1.8004,1.8447,0.044300000000000006,57.92701279157223,HOURLY_RECON_GT_5PCT,27.0,59.0,0.0,WX_CLEANED,13,0,0,0,0.0817466666666662,0.0728216666666665,0.08349517361111082,0.08642470238095215
a3986d20c19f33c7c107fw,2026-02-09 14:00:00+08:00,0.0752191666666663,1.8564,1.9228,0.06640000000000001,13.281877510039578,HOURLY_RECON_GT_5PCT,27.2,57.0,0.0,WX_CLEANED,14,0,0,0,0.07821749999999969,0.0783633333333332,0.08337024305555528,0.08640598710317436
a3986d20c19f33c7c107fw,2026-02-09 15:00:00+08:00,0.0799733333333332,1.9346,2.0,0.0653999999999999,22.283384301732905,HOURLY_RECON_GT_5PCT,26.6,60.0,0.0,WX_CLEANED,15,0,0,0,0.0871916666666664,0.083138333333333,0.08306947916666639,0.08638714781746008
a3986d20c19f33c7c107fw,2026-02-09 16:00:00+08:00,0.1092783333333333,0.0117,0.1223,0.1106,1.1949969861362633,,26.4,61.0,0.0,WX_CLEANED,16,0,0,0,0.0870449999999997,0.0930683333333331,0.08399586805555527,0.08648363591269817
a3986d20c19f33c7c107fw,2026-02-09 17:00:00+08:00,0.1268683333333332,0.1541,0.2402,0.08610000000000001,47.34998064266339,HOURLY_RECON_GT_5PCT,25.7,64.0,0.0,WX_CLEANED,17,0,0,0,0.1299999999999998,0.10739583333333311,0.08386538194444416,0.08659954365079342
a3986d20c19f33c7c107fw,2026-02-09 18:00:00+08:00,0.1471791666666665,0.2721,0.3904,0.11830000000000002,24.411806142575216,HOURLY_RECON_GT_5PCT,24.9,71.0,0.0,WX_CLEANED,18,0,0,0,0.1508791666666663,0.12454749999999981,0.08371121527777751,0.08673425595238071
a3986d20c19f33c7c107fw,2026-02-09 19:00:00+08:00,0.1197458333333332,0.4142,0.5068,0.09260000000000002,29.31515478761683,HOURLY_RECON_GT_5PCT,24.5,75.0,0.0,WX_CLEANED,19,0,0,0,0.122668333333333,0.101235833333333,0.0835894444444442,0.08684443452380929
a3986d20c19f33c7c107fw,2026-02-09 20:00:00+08:00,0.0729158333333331,0.5271,0.574,0.04689999999999994,55.47085998578505,HOURLY_RECON_GT_5PCT,24.4,77.0,0.0,WX_CLEANED,20,0,0,0,0.0747249999999996,0.061780833333332896,0.08351406249999976,0.08691071428571405
a3986d20c19f33c7c107fw,2026-02-09 21:00:00+08:00,0.11777333333333309,0.5946,0.6904,0.0958,22.93667362560866,HOURLY_RECON_GT_5PCT,24.0,78.0,0.0,WX_CLEANED,21,0,0,0,0.1206458333333332,0.0995266666666665,0.08339437499999974,0.08701932539682516
a3986d20c19f33c7c107fw,2026-02-09 22:00:00+08:00,0.0984774999999999,0.6992,0.7945,0.09529999999999994,3.3342077649527386,,23.6,79.0,0.0,WX_CLEANED,22,0,0,0,0.1010241666666664,0.0834341666666665,0.08328826388888864,0.08710886904761882
a3986d20c19f33c7c107fw,2026-02-09 23:00:00+08:00,0.06837833333333321,0.8145,0.8578,0.043300000000000005,57.91762894534226,HOURLY_RECON_GT_5PCT,23.5,79.0,0.0,WX_CLEANED,23,0,0,0,0.0694674999999996,0.0589333333333331,0.08324288194444421,0.08716508928571405
a3986d20c19f33c7c107fw,2026-02-10 00:00:00+08:00,0.0869666666666665,0.8666,0.9461,0.07950000000000002,9.392033542976707,HOURLY_RECON_GT_5PCT,23.3,81.0,0.0,WX_CLEANED,0,1,0,0,0.0891124999999998,0.0743258333333331,0.08315347222222198,0.08724033234126961
a3986d20c19f33c7c107fw,2026-02-10 01:00:00+08:00,0.0788158333333331,0.952,1.028,0.07600000000000007,3.7050438596487227,,23.1,83.0,0.0,WX_CLEANED,1,1,0,0,0.0806874999999999,0.0666874999999998,0.08307548611111087,0.08731252480158706
a3986d20c19f33c7c107fw,2026-02-10 02:00:00+08:00,0.07742999999999961,1.0339,1.1098,0.07589999999999986,2.0158102766795216,,22.8,89.0,0.0,WX_CLEANED,2,1,0,0,0.0794166666666665,0.0974816666666664,0.0829927083333331,0.08719316964285691
a3986d20c19f33c7c107fw,2026-02-10 03:00:00+08:00,0.0935633333333331,1.1299,1.1975,0.0676000000000001,38.40729783037419,HOURLY_RECON_GT_5PCT,22.9,86.0,0.0,WX_CLEANED,3,1,0,0,0.0958816666666661,0.1118666666666662,0.08289611111111088,0.0870842212301585
a3986d20c19f33c7c107fw,2026-02-10 04:00:00+08:00,0.0522649999999997,1.2004,1.2574,0.05700000000000016,8.307017543860434,HOURLY_RECON_GT_5PCT,22.6,87.0,0.0,WX_CLEANED,4,1,0,0,0.053547499999999595,0.0862391666666664,0.08284267361111088,0.08688199404761882
a3986d20c19f33c7c107fw,2026-02-10 05:00:00+08:00,0.0375491666666665,1.2727,1.3023,0.02960000000000007,26.855292792791936,HOURLY_RECON_GT_5PCT,22.5,88.0,0.0,WX_CLEANED,5,1,0,0,0.038532499999999796,0.1108333333333332,0.08280170138888866,0.08644577876984104
a3986d20c19f33c7c107fw,2026-02-10 06:00:00+08:00,0.0817133333333331,1.3143,1.3882,0.07390000000000008,10.572846188542641,HOURLY_RECON_GT_5PCT,22.4,88.0,0.0,WX_CLEANED,6,1,0,0,0.0836441666666663,0.0874666666666668,0.08272124999999977,0.08641153273809501
a3986d20c19f33c7c107fw,2026-02-10 07:00:00+08:00,0.0809316666666665,1.4001,1.4636,0.06350000000000011,27.45144356955332,HOURLY_RECON_GT_5PCT,22.5,88.0,0.0,WX_CLEANED,7,1,0,0,0.0830099999999997,0.1161116666666662,0.08263465277777757,0.08620212797619024
a3986d20c19f33c7c107fw,2026-02-10 08:00:00+08:00,0.0823533333333331,1.4779,1.5445,0.06659999999999999,23.653653653653315,HOURLY_RECON_GT_5PCT,23.9,80.0,0.0,WX_CLEANED,8,1,0,0,0.08597083333333311,0.0992816666666663,0.0824839236111109,0.08610136408730135
a3986d20c19f33c7c107fw,2026-02-10 09:00:00+08:00,0.0617174999999997,1.5504,1.6093,0.05889999999999995,4.783531409167662,,24.8,76.0,0.0,WX_CLEANED,9,1,0,0,0.0632858333333333,0.0522925,0.08241857638888866,0.08615746527777754
a3986d20c19f33c7c107fw,2026-02-10 10:00:00+08:00,0.0513624999999998,1.6212,1.6548,0.033600000000000074,52.86458333333239,HOURLY_RECON_GT_5PCT,26.5,66.0,0.0,WX_CLEANED,10,1,0,0,0.0523008333333331,0.0442016666666664,0.08237947916666644,0.08620008928571406
a3986d20c19f33c7c107fw,2026-02-10 11:00:00+08:00,0.0538858333333331,1.6548,1.7115,0.05669999999999997,4.96325690770172,,28.0,59.0,0.0,WX_CLEANED,11,1,0,0,0.055253333333333,0.0456091666666664,0.08232249999999978,0.08624935515872992
a3986d20c19f33c7c107fw,2026-02-10 12:00:00+08:00,0.050102500000000105,1.7143,1.7676,0.053300000000000125,5.999061913696083,HOURLY_RECON_GT_5PCT,29.5,53.0,0.0,WX_CLEANED,12,1,0,0,0.0514149999999994,0.0424358333333332,0.08226781249999982,0.08629499007936485
a3986d20c19f33c7c107fw,2026-02-10 13:00:00+08:00,0.0683091666666663,1.7853,1.8284,0.043099999999999916,58.489945862335105,HOURLY_RECON_GT_5PCT,30.2,50.0,0.0,WX_CLEANED,13,1,0,0,0.0699616666666665,0.0578683333333333,0.08219895833333314,0.08635713789682516
a3986d20c19f33c7c107fw,2026-02-10 14:00:00+08:00,0.0734158333333331,1.8399,1.9047,0.06479999999999997,13.296039094649895,HOURLY_RECON_GT_5PCT,29.6,53.0,0.0,WX_CLEANED,14,1,0,0,0.0752191666666663,0.0621108333333332,0.08212381944444425,0.08642442956349183
a3986d20c19f33c7c107fw,2026-02-10 15:00:00+08:00,0.0779999999999994,1.9162,1.98,0.06380000000000008,22.257053291534966,HOURLY_RECON_GT_5PCT,29.5,53.0,0.0,WX_CLEANED,15,1,0,0,0.0799733333333332,0.0660499999999997,0.082041597222222,0.08649556051587279
a3986d20c19f33c7c107fw,2026-02-10 16:00:00+08:00,0.1031608333333329,0.011,0.1154,0.1044,1.1869412515968487,,28.8,55.0,0.0,WX_CLEANED,16,1,0,0,0.1092783333333333,0.1074016666666664,0.08178670138888865,0.08647031746031722
a3986d20c19f33c7c107fw,2026-02-10 17:00:00+08:00,0.1196291666666665,0.1454,0.2266,0.0812,47.326559934318354,HOURLY_RECON_GT_5PCT,28.0,58.0,0.0,WX_CLEANED,17,1,0,0,0.1268683333333332,0.1252591666666666,0.08148506944444421,0.08643680555555532
a3986d20c19f33c7c107fw,2026-02-10 18:00:00+08:00,0.1388299999999998,0.2568,0.3683,0.11150000000000004,24.511210762331597,HOURLY_RECON_GT_5PCT,26.5,64.0,0.0,WX_CLEANED,18,1,0,0,0.1471791666666665,0.14543833333333311,0.08113718749999976,0.08639747023809499
a3986d20c19f33c7c107fw,2026-02-10 19:00:00+08:00,0.112990833333333,0.3908,0.4782,0.08740000000000003,29.28012967200567,HOURLY_RECON_GT_5PCT,25.5,71.0,0.0,WX_CLEANED,19,1,0,0,0.1197458333333332,0.11819499999999969,0.08085572916666643,0.08636649305555531
a3986d20c19f33c7c107fw,2026-02-10 20:00:00+08:00,0.0687649999999997,0.4973,0.5416,0.04429999999999995,55.22573363431101,HOURLY_RECON_GT_5PCT,25.3,73.0,0.0,WX_CLEANED,20,1,0,0,0.0729158333333331,0.0719649999999999,0.08068277777777753,0.0863474454365077
a3986d20c19f33c7c107fw,2026-02-10 21:00:00+08:00,0.1110933333333332,0.5611,0.6515,0.09039999999999992,22.89085545722709,HOURLY_RECON_GT_5PCT,25.1,74.0,0.0,WX_CLEANED,21,1,0,0,0.11777333333333309,0.11624583333333299,0.08040444444444421,0.08631677579365056
a3986d20c19f33c7c107fw,2026-02-10 22:00:00+08:00,0.0928574999999999,0.6598,0.7497,0.08989999999999998,3.289766407118931,,25.1,74.0,0.0,WX_CLEANED,22,1,0,0,0.0984774999999999,0.0973133333333332,0.08017027777777753,0.08629025297619024
a3986d20c19f33c7c107fw,2026-02-10 23:00:00+08:00,0.0652824999999996,0.7686,0.8105,0.04190000000000005,55.805489260142075,HOURLY_RECON_GT_5PCT,24.8,78.0,0.0,WX_CLEANED,23,1,0,0,0.06837833333333321,0.06727249999999971,0.08004128472222197,0.086278407738095
a3986d20c19f33c7c107fw,2026-02-11 00:00:00+08:00,0.0819574999999996,0.8188,0.8939,0.07510000000000006,9.131158455392196,HOURLY_RECON_GT_5PCT,24.4,81.0,0.0,WX_CLEANED,0,2,0,0,0.0869666666666665,0.0858533333333331,0.07983256944444418,0.08625521825396801
a3986d20c19f33c7c107fw,2026-02-11 01:00:00+08:00,0.0743241666666665,0.8995,0.9712,0.07169999999999999,3.6599256159923454,,24.1,83.0,0.0,WX_CLEANED,1,2,0,0,0.0788158333333331,0.0777883333333331,0.07964541666666641,0.08623459821428547
a3986d20c19f33c7c107fw,2026-02-11 02:00:00+08:00,0.0730941666666666,0.9767,1.0483,0.0716,2.086824953444975,,24.0,87.0,0.0,WX_CLEANED,2,2,0,0,0.07742999999999961,0.0764449999999999,0.0794647569444442,0.08621465277777754
a3986d20c19f33c7c107fw,2026-02-11 03:00:00+08:00,0.0883124999999998,1.0673,1.1311,0.06380000000000008,38.42084639498383,HOURLY_RECON_GT_5PCT,24.1,81.0,0.0,WX_CLEANED,3,2,0,0,0.0935633333333331,0.0924558333333332,0.07924597222222197,0.08618999007936484
a3986d20c19f33c7c107fw,2026-02-11 04:00:00+08:00,0.0493141666666666,1.1338,1.1876,0.05380000000000007,8.337980173482268,HOURLY_RECON_GT_5PCT,23.9,78.0,0.0,WX_CLEANED,4,2,0,0,0.0522649999999997,0.0515333333333331,0.0791230208333331,0.08617678075396802
a3986d20c19f33c7c107fw,2026-02-11 05:00:00+08:00,0.0354349999999999,1.202,1.23,0.028000000000000025,26.553571428570947,HOURLY_RECON_GT_5PCT,23.6,79.0,0.0,WX_CLEANED,5,2,0,0,0.0375491666666665,0.0371591666666665,0.07903493055555533,0.08616651785714262
a3986d20c19f33c7c107fw,2026-02-11 06:00:00+08:00,0.0770716666666663,1.2413,1.3111,0.06979999999999986,10.417860553963402,HOURLY_RECON_GT_5PCT,23.2,81.0,0.0,WX_CLEANED,6,2,0,0,0.0817133333333331,0.0807066666666666,0.07884152777777755,0.08614488095238071
a3986d20c19f33c7c107fw,2026-02-11 07:00:00+08:00,0.0778124999999999,1.3222,1.3821,0.059900000000000064,29.904006677796012,HOURLY_RECON_GT_5PCT,23.3,82.0,0.0,WX_CLEANED,7,2,0,0,0.0809316666666665,0.0800999999999998,0.07871156249999976,0.08613126488095214
a3986d20c19f33c7c107fw,2026-02-11 08:00:00+08:00,0.077815833333333,1.3957,1.4586,0.06289999999999996,23.713566507683716,HOURLY_RECON_GT_5PCT,25.0,74.0,0.0,WX_CLEANED,8,2,0,0,0.0823533333333331,0.0733124999999999,0.07852249999999976,0.0861580704365077
a3986d20c19f33c7c107fw,2026-02-11 09:00:00+08:00,0.0582666666666665,1.464,1.5197,0.05570000000000008,4.608019150209004,,26.5,68.0,0.0,WX_CLEANED,9,2,0,0,0.0617174999999997,0.084795,0.07837871527777755,0.08600016369047594
a3986d20c19f33c7c107fw,2026-02-11 10:00:00+08:00,0.0490116666666664,1.5309,1.5631,0.032200000000000006,52.21014492753536,HOURLY_RECON_GT_5PCT,27.4,64.0,0.0,WX_CLEANED,10,2,0,0,0.0513624999999998,0.0506591666666664,0.07828076388888865,0.0859903571428569
a3986d20c19f33c7c107fw,2026-02-11 11:00:00+08:00,0.0508933333333334,1.5631,1.6167,0.05360000000000009,5.04975124378113,HOURLY_RECON_GT_5PCT,29.0,59.0,0.0,WX_CLEANED,11,2,0,0,0.0538858333333331,0.0533099999999999,0.07815607638888866,0.08597597222222197
a3986d20c19f33c7c107fw,2026-02-11 12:00:00+08:00,0.047339166666666696,1.6193,1.6696,0.05030000000000001,5.8863485752153375,HOURLY_RECON_GT_5PCT,29.1,60.0,0.0,WX_CLEANED,12,2,0,0,0.050102500000000105,0.0495491666666663,0.07804093749999977,0.08596281746031723
a3986d20c19f33c7c107fw,2026-02-11 13:00:00+08:00,0.06440499999999989,1.6863,1.727,0.04070000000000018,58.24324324324228,HOURLY_RECON_GT_5PCT,30.0,55.0,0.1,WX_CLEANED,13,2,0,0,0.0683091666666663,0.0674383333333329,0.07787826388888867,0.08594476190476168
a3986d20c19f33c7c107fw,2026-02-11 14:00:00+08:00,0.0678683333333331,1.7378,1.799,0.06119999999999992,10.895969498910437,HOURLY_RECON_GT_5PCT,27.0,74.0,0.0,WX_CLEANED,14,2,0,0,0.0734158333333331,0.0724675,0.07764711805555534,0.08591738591269818
a3986d20c19f33c7c107fw,2026-02-11 15:00:00+08:00,0.0735966666666667,1.8098,1.87,0.06020000000000003,22.253599114064222,HOURLY_RECON_GT_5PCT,28.6,67.0,0.0,WX_CLEANED,15,2,0,0,0.0779999999999994,0.0770158333333331,0.07746364583333314,0.0858970337301585
a3986d20c19f33c7c107fw,2026-02-11 16:00:00+08:00,0.122945158694444,0.03,0.56,0.53,76.80280024633133,HOURLY_RECON_GT_5PCT,29.0,63.0,0.1,WX_CLEANED,16,2,0,0,0.1031608333333329,0.1062933333333331,0.07828799272337944,0.08599615173826035
a3986d20c19f33c7c107fw,2026-02-11 17:00:00+08:00,0.06716723356944429,0.74,0.19,0.0,,,28.8,65.0,0.0,WX_CLEANED,17,2,0,0,0.1196291666666665,0.1237058333333332,0.07610207884432851,0.08565961245395148
a3986d20c19f33c7c107fw,2026-02-11 18:00:00+08:00,0.0714642617083332,0.67,0.48,0.0,,,28.0,70.0,0.0,WX_CLEANED,18,2,0,0,0.1388299999999998,0.1434399999999998,0.07329517308217574,0.08523118544031061
a3986d20c19f33c7c107fw,2026-02-11 19:00:00+08:00,0.087640699361111,0.29,0.73,0.44,80.08165923611114,HOURLY_RECON_GT_5PCT,27.5,73.0,0.0,WX_CLEANED,19,2,0,0,0.112990833333333,0.1164741666666666,0.07223891749999982,0.08505955765872993
a3986d20c19f33c7c107fw,2026-02-11 20:00:00+08:00,0.0732665520555554,0.73,0.8,0.07000000000000006,4.66650293650763,,27.1,73.0,0.0,WX_CLEANED,20,2,0,0,0.0687649999999997,0.07099249999999971,0.0724264821689813,0.08507309368287014
a3986d20c19f33c7c107fw,2026-02-11 21:00:00+08:00,0.13103448718055521,0.8,0.61,0.0,,,26.8,74.0,0.0,WX_CLEANED,21,2,0,0,0.1110933333333332,0.1147649999999997,0.07325736357928224,0.08516993586846867
a3986d20c19f33c7c107fw,2026-02-11 22:00:00+08:00,0.0986648902916665,0.61,0.15,0.0,,,26.5,75.0,0.0,WX_CLEANED,22,2,0,0,0.0928574999999999,0.0959691666666664,0.07349933817476834,0.08518598184242701
a3986d20c19f33c7c107fw,2026-02-11 23:00:00+08:00,0.0699445916249999,0.15,0.27,0.12000000000000002,41.71284031250009,HOURLY_RECON_GT_5PCT,26.2,75.0,0.0,WX_CLEANED,23,2,0,0,0.0652824999999996,0.0668183333333331,0.07369359199247669,0.08520459052273456
a3986d20c19f33c7c107fw,2026-02-12 00:00:00+08:00,0.08607868333333331,0.54,0.55,0.010000000000000009,760.7868333333323,HOURLY_RECON_GT_5PCT,25.7,77.0,0.0,WX_CLEANED,0,3,0,0,0.0819574999999996,0.0847999999999997,0.07386530796469892,0.08521220173305202
a3986d20c19f33c7c107fw,2026-02-12 01:00:00+08:00,0.0733533054583332,0.55,0.62,0.06999999999999995,4.7904363690475,,25.5,79.0,0.1,WX_CLEANED,1,3,0,0,0.0743241666666665,0.0767908333333331,0.0738248554143517,0.08519174025760559
a3986d20c19f33c7c107fw,2026-02-12 02:00:00+08:00,0.0750132008611109,0.62,0.81,0.19000000000000006,60.51936796783638,HOURLY_RECON_GT_5PCT,25.9,73.0,0.0,WX_CLEANED,2,3,0,0,0.0730941666666666,0.0754125,0.07390481517245355,0.08518936347701696
a3986d20c19f33c7c107fw,2026-02-12 03:00:00+08:00,0.07435712520833321,0.81,0.67,0.0,,,25.8,73.0,0.0,WX_CLEANED,3,3,0,0,0.0883124999999998,0.09123166666666621,0.07332334122280078,0.08508891977786022
a3986d20c19f33c7c107fw,2026-02-12 04:00:00+08:00,0.07508581108333309,0.67,0.48,0.0,,,25.5,74.0,0.0,WX_CLEANED,4,3,0,0,0.0493141666666666,0.0508491666666665,0.07439715974016188,0.0852331855184356
a3986d20c19f33c7c107fw,2026-02-12 05:00:00+08:00,0.0746890585833331,0.48,0.29,0.0,,,25.2,74.0,0.0,WX_CLEANED,5,3,0,0,0.0354349999999999,0.0365608333333333,0.07603274551446743,0.0854601392401618
a3986d20c19f33c7c107fw,2026-02-12 06:00:00+08:00,0.0749386692638887,0.29,0.07,0.0,,,25.0,77.0,0.0,WX_CLEANED,6,3,0,0,0.0770716666666663,0.0796391666666665,0.07594387062268503,0.0854321600889548
a3986d20c19f33c7c107fw,2026-02-12 07:00:00+08:00,0.07503373608333319,0.07,0.01,0.0,,,25.0,78.0,0.0,WX_CLEANED,7,3,0,0,0.0778124999999999,0.07892,0.07582808879282392,0.0854090275656413
a3986d20c19f33c7c107fw,2026-02-12 08:00:00+08:00,0.07466970573611101,0.01,0.02,0.01,646.6970573611102,HOURLY_RECON_GT_5PCT,25.3,80.0,0.0,WX_CLEANED,8,3,0,0,0.077815833333333,0.0802908333333331,0.07569700014293966,0.0853755684728007
a3986d20c19f33c7c107fw,2026-02-12 09:00:00+08:00,0.0741398268888888,0.02,0.29,0.26999999999999996,72.5408048559671,HOURLY_RECON_GT_5PCT,26.1,75.0,0.0,WX_CLEANED,9,3,0,0,0.0582666666666665,0.0602108333333329,0.07635838181886559,0.08545847914872662
a3986d20c19f33c7c107fw,2026-02-12 10:00:00+08:00,0.0811401416249999,0.29,0.34,0.050000000000000044,62.280283249999655,HOURLY_RECON_GT_5PCT,27.0,70.0,0.0,WX_CLEANED,10,3,0,0,0.0490116666666664,0.050294166666666404,0.07769706827546283,0.08564208614252622
a3986d20c19f33c7c107fw,2026-02-12 11:00:00+08:00,0.149860607833333,0.34,0.79,0.45,66.69764270370379,HOURLY_RECON_GT_5PCT,28.0,64.0,0.0,WX_CLEANED,11,3,0,0,0.0508933333333334,0.052489166666666295,0.08182070471296281,0.08622167805423257
a3986d20c19f33c7c107fw,2026-02-12 12:00:00+08:00,0.1496909663888887,0.79,0.75,0.0,,,29.5,56.0,0.0,WX_CLEANED,12,3,0,0,0.047339166666666696,0.048973333333332994,0.08608536303472207,0.08682118777480137
a3986d20c19f33c7c107fw,2026-02-12 13:00:00+08:00,0.1213520927916664,0.75,0.71,0.0,,,30.4,52.0,0.5,WX_CLEANED,13,3,0,0,0.06440499999999989,0.066435833333333,0.08845815856770817,0.08714807027157716
a3986d20c19f33c7c107fw,2026-02-12 14:00:00+08:00,0.10289608,0.71,0.54,0.0,,,30.5,51.0,0.5,WX_CLEANED,14,3,0,0,0.0678683333333331,0.0715974999999995,0.08991764801215262,0.08733437134300573
a3986d20c19f33c7c107fw,2026-02-12 15:00:00+08:00,0.10953628711111099,0.54,0.53,0.0,,,30.9,50.0,0.3,WX_CLEANED,15,3,0,0,0.0735966666666667,0.0760066666666663,0.09141513219733781,0.0875339524170798
a3986d20c19f33c7c107fw,2026-02-12 16:00:00+08:00,0.1010740478333332,0.53,0.77,0.24,57.88581340277784,HOURLY_RECON_GT_5PCT,30.6,50.0,0.0,WX_CLEANED,16,3,0,0,0.122945158694444,0.1118016666666666,0.09050383591145816,0.08747009754307186
a3986d20c19f33c7c107fw,2026-02-12 17:00:00+08:00,0.1004207324444442,0.77,0.75,0.0,,,29.4,55.0,0.0,WX_CLEANED,17,3,0,0,0.06716723356944429,0.1301316666666663,0.09188939836458317,0.08729324674413005
a3986d20c19f33c7c107fw,2026-02-12 18:00:00+08:00,0.0737993699999998,0.75,0.32,0.0,,,28.0,59.0,0.0,WX_CLEANED,18,3,0,0,0.0714642617083332,0.15101916666666632,0.09198669454340262,0.08683360509730467
a3986d20c19f33c7c107fw,2026-02-12 19:00:00+08:00,0.0735847497499999,0.32,0.02,0.0,,,27.0,63.0,0.0,WX_CLEANED,19,3,0,0,0.087640699361111,0.12261583333333309,0.09140102997627299,0.08654175340930864
a3986d20c19f33c7c107fw,2026-02-12 20:00:00+08:00,0.0734355614722221,0.02,0.06,0.039999999999999994,83.58890368055529,HOURLY_RECON_GT_5PCT,26.5,64.0,0.0,WX_CLEANED,20,3,0,0,0.0732665520555554,0.0749391666666664,0.09140807203530077,0.08653280337838933
a3986d20c19f33c7c107fw,2026-02-12 21:00:00+08:00,0.1026043826388887,0.06,0.32,0.26,60.53677590811972,HOURLY_RECON_GT_5PCT,26.5,63.0,0.0,WX_CLEANED,21,3,0,0,0.13103448718055521,0.1207816666666664,0.09022348434606466,0.08642460525917636
a3986d20c19f33c7c107fw,2026-02-12 22:00:00+08:00,0.1601127903333331,0.32,0.73,0.41,60.94809991869924,HOURLY_RECON_GT_5PCT,26.4,65.0,0.0,WX_CLEANED,22,3,0,0,0.0986648902916665,0.100988333333333,0.09278381351446745,0.08677653655084303
a3986d20c19f33c7c107fw,2026-02-12 23:00:00+08:00,0.08914053198611101,0.73,0.28,0.0,,,26.1,67.0,0.0,WX_CLEANED,23,3,0,0,0.0699445916249999,0.0697399999999998,0.09358364436284707,0.08689201590790321
a3986d20c19f33c7c107fw,2026-02-13 00:00:00+08:00,0.1779117066388887,0.28,0.75,0.47,62.14644539598113,HOURLY_RECON_GT_5PCT,25.8,70.0,0.0,WX_CLEANED,0,4,0,0,0.08607868333333331,0.0891349999999999,0.09741002033391188,0.08742044868551566
a3986d20c19f33c7c107fw,2026-02-13 01:00:00+08:00,0.0488817847499999,0.75,0.15,0.0,,,25.5,74.0,0.0,WX_CLEANED,1,4,0,0,0.0733533054583332,0.0807366666666665,0.09639037363773133,0.08723083629315453
a3986d20c19f33c7c107fw,2026-02-13 02:00:00+08:00,0.1336097069999995,0.15,0.75,0.6,77.73171550000008,HOURLY_RECON_GT_5PCT,25.3,75.0,0.0,WX_CLEANED,2,4,0,0,0.0750132008611109,0.0793458333333331,0.09883189472685167,0.0875538355411704
a3986d20c19f33c7c107fw,2026-02-13 03:00:00+08:00,0.0739378068333332,0.75,0.47,0.0,,,25.1,75.0,0.0,WX_CLEANED,3,4,0,0,0.07435712520833321,0.0958958333333333,0.09881442312789335,0.08742313300247992
a3986d20c19f33c7c107fw,2026-02-13 04:00:00+08:00,0.0735080279444443,0.47,0.13,0.0,,,25.0,76.0,0.0,WX_CLEANED,4,4,0,0,0.07508581108333309,0.0535783333333332,0.09874868216377297,0.08754176213706988
a3986d20c19f33c7c107fw,2026-02-13 05:00:00+08:00,0.0721749273888887,0.13,0.23,0.1,27.825072611111306,HOURLY_RECON_GT_5PCT,24.8,77.0,0.0,WX_CLEANED,5,4,0,0,0.0746890585833331,0.038537499999999995,0.09864392669733779,0.0877419849191466
a3986d20c19f33c7c107fw,2026-02-13 06:00:00+08:00,0.08786844849999981,0.23,0.33,0.1,12.131551500000198,HOURLY_RECON_GT_5PCT,24.5,78.0,0.0,WX_CLEANED,6,4,0,0,0.0749386692638887,0.08378749999999979,0.09918266749884243,0.08776627627926564
a3986d20c19f33c7c107fw,2026-02-13 07:00:00+08:00,0.1650123749999999,0.33,0.77,0.44,62.49718750000002,HOURLY_RECON_GT_5PCT,24.5,77.0,0.0,WX_CLEANED,7,4,0,0,0.07503373608333319,0.0830424999999997,0.10293177745370354,0.0882541922018847
a3986d20c19f33c7c107fw,2026-02-13 08:00:00+08:00,0.0744482318194443,0.77,0.44,0.0,,,26.3,66.0,0.0,WX_CLEANED,8,4,0,0,0.07466970573611101,0.0845166666666665,0.10292254937384243,0.08819426104207981
a3986d20c19f33c7c107fw,2026-02-13 09:00:00+08:00,0.0743604293055555,0.44,0.02,0.0,,,27.4,61.0,0.0,WX_CLEANED,9,4,0,0,0.0741398268888888,0.0633191666666664,0.10293174114120353,0.08825998284350176
a3986d20c19f33c7c107fw,2026-02-13 10:00:00+08:00,0.1748733184999997,0.02,0.74,0.72,75.71203909722225,HOURLY_RECON_GT_5PCT,29.1,55.0,0.0,WX_CLEANED,10,4,0,0,0.0811401416249999,0.052430833333333204,0.10683729017766186,0.08898880715997001
a3986d20c19f33c7c107fw,2026-02-13 11:00:00+08:00,0.0690164647499999,0.74,0.19,0.0,,,31.0,48.0,0.0,WX_CLEANED,11,4,0,0,0.149860607833333,0.055282499999999596,0.10346878421585631,0.08907055695014858
a3986d20c19f33c7c107fw,2026-02-13 12:00:00+08:00,0.0737337820833332,0.19,0.18,0.0,,,31.9,47.0,0.0,WX_CLEANED,12,4,0,0,0.1496909663888887,0.0514308333333331,0.10030390153645817,0.08920331259747001
a3986d20c19f33c7c107fw,2026-02-13 13:00:00+08:00,0.1158264892499999,0.18,0.51,0.33,64.9010638636364,HOURLY_RECON_GT_5PCT,32.2,47.0,0.0,WX_CLEANED,13,4,0,0,0.1213520927916664,0.0699833333333334,0.1000736680555554,0.08947618852554541
a3986d20c19f33c7c107fw,2026-02-13 14:00:00+08:00,0.10379212287499981,0.51,0.78,0.27,61.55847300925933,HOURLY_RECON_GT_5PCT,31.6,46.0,0.0,WX_CLEANED,14,4,0,0,0.10289608,0.0753341666666663,0.10011100317534706,0.08964558112202359
a3986d20c19f33c7c107fw,2026-02-13 15:00:00+08:00,0.1031722568055554,0.78,0.77,0.0,,,31.7,45.0,0.0,WX_CLEANED,15,4,0,0,0.10953628711111099,0.0798908333333328,0.09984583524594891,0.08978416102364396
a3986d20c19f33c7c107fw,2026-02-13 16:00:00+08:00,0.0441424410972221,0.01,0.17,0.16,72.41097431423619,HOURLY_RECON_GT_5PCT,31.2,48.0,0.0,WX_CLEANED,16,4,0,0,0.1010740478333332,0.1279324999999999,0.09747368496527763,0.0892854106730322
a3986d20c19f33c7c107fw,2026-02-13 17:00:00+08:00,0.0585746219722221,0.55,0.44,0.0,,,29.6,56.0,0.0,WX_CLEANED,17,4,0,0,0.1004207324444442,0.1491599999999997,0.09573009702893502,0.08874621199429542
a3986d20c19f33c7c107fw,2026-02-13 18:00:00+08:00,0.1056395789861109,0.23,0.77,0.54,80.43711500257206,HOURLY_RECON_GT_5PCT,28.4,60.0,0.0,WX_CLEANED,18,4,0,0,0.0737993699999998,0.1730749999999997,0.09705677240335632,0.08834481067873655
a3986d20c19f33c7c107fw,2026-02-13 19:00:00+08:00,0.0738334563888888,0.11,0.56,0.45000000000000007,83.5925652469136,HOURLY_RECON_GT_5PCT,27.6,64.0,0.0,WX_CLEANED,19,4,0,0,0.0735847497499999,0.1408174999999997,0.09706713517997667,0.08794609613343232
a3986d20c19f33c7c107fw,2026-02-13 20:00:00+08:00,0.1056359066805554,0.56,0.34,0.0,,,27.5,66.0,0.0,WX_CLEANED,20,4,0,0,0.0734355614722221,0.0857066666666664,0.0984088162303239,0.08806472256208642
a3986d20c19f33c7c107fw,2026-02-13 21:00:00+08:00,0.0749794749999998,0.34,0.26,0.0,,,27.2,69.0,0.0,WX_CLEANED,21,4,0,0,0.1026043826388887,0.1383574999999998,0.09725777841203688,0.0876874724132769
a3986d20c19f33c7c107fw,2026-02-13 22:00:00+08:00,0.0741526506666666,0.26,0.47,0.20999999999999996,64.689213968254,HOURLY_RECON_GT_5PCT,26.8,72.0,0.0,WX_CLEANED,22,4,0,0,0.1601127903333331,0.1158624999999998,0.09367610592592578,0.08743919950057849
a3986d20c19f33c7c107fw,2026-02-13 23:00:00+08:00,0.11318901016666649,0.47,0.74,0.27,58.07814438271611,HOURLY_RECON_GT_5PCT,26.4,73.0,0.0,WX_CLEANED,23,4,0,0,0.08914053198611101,0.0777949999999998,0.09467812585011558,0.08764987813252294
a3986d20c19f33c7c107fw,2026-02-14 00:00:00+08:00,0.1006410520833331,0.74,0.7,0.0,,,26.4,73.0,0.0,WX_CLEANED,0,5,1,0,0.1779117066388887,0.1021258333333331,0.09145851524363409,0.08764104014889199
a3986d20c19f33c7c107fw,2026-02-14 01:00:00+08:00,0.0999844759999999,0.7,0.56,0.0,,,26.0,76.0,0.2,WX_CLEANED,1,5,1,0,0.0488817847499999,0.0925366666666666,0.09358779404571743,0.08768537234730468
a3986d20c19f33c7c107fw,2026-02-14 02:00:00+08:00,0.0720482224583332,0.56,0.23,0.0,,,25.6,80.0,0.1,WX_CLEANED,2,5,1,0,0.1336097069999995,0.09109999999999979,0.09102273218981467,0.08757196890955667
a3986d20c19f33c7c107fw,2026-02-14 03:00:00+08:00,0.0717015819722221,0.23,0.12,0.0,,,25.6,80.0,0.2,WX_CLEANED,3,5,1,0,0.0739378068333332,0.11012999999999991,0.09092955615393504,0.08734322832605798
a3986d20c19f33c7c107fw,2026-02-14 04:00:00+08:00,0.0858183993333332,0.12,0.56,0.44000000000000006,80.49581833333337,HOURLY_RECON_GT_5PCT,25.4,82.0,0.1,WX_CLEANED,4,5,1,0,0.0735080279444443,0.0614099999999997,0.09144248829513875,0.08748851641732783
a3986d20c19f33c7c107fw,2026-02-14 05:00:00+08:00,0.1015360872222219,0.56,0.77,0.20999999999999996,51.64948227513242,HOURLY_RECON_GT_5PCT,25.2,83.0,0.1,WX_CLEANED,5,5,1,0,0.0721749273888887,0.0441424999999998,0.09266586995486097,0.0878301449126982
a3986d20c19f33c7c107fw,2026-02-14 06:00:00+08:00,0.0736204683888887,0.77,0.72,0.0,,,25.0,83.0,0.0,WX_CLEANED,6,5,1,0,0.08786844849999981,0.096030833333333,0.09207220411689798,0.08769674988326698
a3986d20c19f33c7c107fw,2026-02-14 07:00:00+08:00,0.0747622236805554,0.72,0.51,0.0,,,25.1,81.0,0.0,WX_CLEANED,7,5,1,0,0.1650123749999999,0.0952541666666664,0.08831178114525447,0.08757477403215919
a3986d20c19f33c7c107fw,2026-02-14 08:00:00+08:00,0.075205726111111,0.51,0.29,0.0,,,24.2,93.0,0.0,WX_CLEANED,8,5,1,0,0.0744482318194443,0.0969141666666663,0.08834334340740725,0.0874455571240904
a3986d20c19f33c7c107fw,2026-02-14 09:00:00+08:00,0.0758413463888887,0.29,0.06,0.0,,,24.7,93.0,0.4,WX_CLEANED,9,5,1,0,0.0743604293055555,0.0724899999999998,0.08840504828587946,0.08746550561450045
a3986d20c19f33c7c107fw,2026-02-14 10:00:00+08:00,0.0755051560277776,0.06,0.01,0.0,,,24.9,95.0,12.1,WX_CLEANED,10,5,1,0,0.1748733184999997,0.0586866666666664,0.08426470818287023,0.08756561567022134
a3986d20c19f33c7c107fw,2026-02-14 11:00:00+08:00,0.0452706288888887,0.01,0.01,0.0,,,24.9,95.0,4.0,WX_CLEANED,11,5,1,0,0.0690164647499999,0.0633258333333329,0.08327529835532392,0.0874581442151949
a3986d20c19f33c7c107fw,2026-02-14 12:00:00+08:00,0.0760160018888888,0.01,0.15,0.13999999999999999,45.702855793650855,HOURLY_RECON_GT_5PCT,25.4,92.0,0.1,WX_CLEANED,12,5,1,0,0.0737337820833332,0.0590258333333327,0.08337039084722207,0.08755927617088273
a3986d20c19f33c7c107fw,2026-02-14 13:00:00+08:00,0.0610094041666666,0.15,0.32,0.17,64.11211519607846,HOURLY_RECON_GT_5PCT,28.0,77.0,0.4,WX_CLEANED,13,5,1,0,0.1158264892499999,0.0803249999999997,0.08108634563541652,0.08744430238616051
a3986d20c19f33c7c107fw,2026-02-14 14:00:00+08:00,0.0759612450694444,0.32,0.48,0.15999999999999998,52.52422183159724,HOURLY_RECON_GT_5PCT,28.9,71.0,0.3,WX_CLEANED,14,5,1,0,0.10379212287499981,0.0863716666666666,0.07992672572685171,0.08738233559093896
a3986d20c19f33c7c107fw,2026-02-14 15:00:00+08:00,0.0758549942916665,0.48,0.67,0.19000000000000006,60.07631879385975,HOURLY_RECON_GT_5PCT,28.8,69.0,0.9,WX_CLEANED,15,5,1,0,0.1031722568055554,0.1051766666666664,0.07878850645543967,0.08720780182680204
a3986d20c19f33c7c107fw,2026-02-14 16:00:00+08:00,0.076266973597222,0.67,0.78,0.10999999999999999,30.666387638889088,HOURLY_RECON_GT_5PCT,28.5,74.0,0.1,WX_CLEANED,16,5,1,0,0.0441424410972221,0.1438783333333332,0.08012702864293966,0.08680535325694425
a3986d20c19f33c7c107fw,2026-02-14 17:00:00+08:00,0.0761769999444443,0.78,0.79,0.010000000000000009,661.7699994444423,HOURLY_RECON_GT_5PCT,26.7,79.0,0.2,WX_CLEANED,17,5,1,0,0.0585746219722221,0.1518158333333329,0.08086046105844892,0.0863551221058199
a3986d20c19f33c7c107fw,2026-02-14 18:00:00+08:00,0.0931163500138888,0.79,0.81,0.020000000000000018,365.58175006944356,HOURLY_RECON_GT_5PCT,24.1,94.0,6.6,WX_CLEANED,18,5,1,0,0.1056395789861109,0.1761516666666664,0.08033865985127299,0.08586086426860098
a3986d20c19f33c7c107fw,2026-02-14 19:00:00+08:00,0.0746693048888887,0.81,0.49,0.0,,,24.1,93.0,0.1,WX_CLEANED,19,5,1,0,0.0738334563888888,0.1430774999999997,0.08037348687210633,0.08545367263103484
a3986d20c19f33c7c107fw,2026-02-14 20:00:00+08:00,0.044693366388888794,0.49,0.31,0.0,,,25.3,93.0,0.0,WX_CLEANED,20,5,1,0,0.1056359066805554,0.08732749999999981,0.07783421435995355,0.08519989802620681
a3986d20c19f33c7c107fw,2026-02-14 21:00:00+08:00,0.0447497667499999,0.31,0.11,0.0,,,25.6,91.0,0.4,WX_CLEANED,21,5,1,0,0.0749794749999998,0.1408083333333331,0.07657464318287023,0.08462812084416316
a3986d20c19f33c7c107fw,2026-02-14 22:00:00+08:00,0.0748849497777776,0.11,0.01,0.0,,,23.9,96.0,1.8,WX_CLEANED,22,5,1,0,0.0741526506666666,0.1178766666666665,0.07660515564583319,0.0843722177674436
a3986d20c19f33c7c107fw,2026-02-14 23:00:00+08:00,0.0594898739999999,0.01,0.78,0.77,92.27404233766234,HOURLY_RECON_GT_5PCT,23.7,94.0,1.1,WX_CLEANED,23,5,1,0,0.11318901016666649,0.0787249999999999,0.07436769163888875,0.08425772296982453
a3986d20c19f33c7c107fw,2026-02-15 00:00:00+08:00,0.07362058249999989,0.01,0.77,0.76,90.31308125000001,HOURLY_RECON_GT_5PCT,24.0,92.0,0.0,WX_CLEANED,0,6,1,0,0.1006410520833331,0.1040224999999997,0.07324183873958319,0.08407675917518168
a3986d20c19f33c7c107fw,2026-02-15 01:00:00+08:00,0.10236208124999979,0.01,0.79,0.78,86.87665625000002,HOURLY_RECON_GT_5PCT,23.8,92.0,0.0,WX_CLEANED,1,6,1,0,0.0999844759999999,0.0942224999999999,0.07334090562499986,0.08412520906357453
a3986d20c19f33c7c107fw,2026-02-15 02:00:00+08:00,0.1211996048194442,0.04,0.79,0.75,83.84005269074079,HOURLY_RECON_GT_5PCT,24.4,94.0,0.0,WX_CLEANED,2,6,1,0,0.0720482224583332,0.0926166666666665,0.07538887989004615,0.08429534560019822
a3986d20c19f33c7c107fw,2026-02-15 03:00:00+08:00,0.0748669097916665,0.76,0.62,0.0,,,24.2,94.0,0.0,WX_CLEANED,3,6,1,0,0.0717015819722221,0.1119766666666666,0.07552076854918967,0.08407445419022798
a3986d20c19f33c7c107fw,2026-02-15 04:00:00+08:00,0.1568172611527775,0.21,0.77,0.56,71.99691765128973,HOURLY_RECON_GT_5PCT,24.1,95.0,0.0,WX_CLEANED,4,6,1,0,0.0858183993333332,0.0625066666666665,0.07847905445833317,0.08463582677645483
a3986d20c19f33c7c107fw,2026-02-15 05:00:00+08:00,0.07102445090277759,0.69,0.13,0.0,,,24.0,95.0,0.0,WX_CLEANED,5,6,1,0,0.1015360872222219,0.0448941666666665,0.07720773627835632,0.08479136418262215
a3986d20c19f33c7c107fw,2026-02-15 06:00:00+08:00,0.08527941124999991,0.78,0.65,0.0,,,24.1,94.0,0.0,WX_CLEANED,6,6,1,0,0.0736204683888887,0.0977141666666662,0.07769352556423596,0.08471734778133248
a3986d20c19f33c7c107fw,2026-02-15 07:00:00+08:00,0.1283138784999997,0.15,0.78,0.63,79.63271769841276,HOURLY_RECON_GT_5PCT,24.2,94.0,0.0,WX_CLEANED,7,6,1,0,0.0747622236805554,0.0969466666666663,0.07992484451504614,0.0849040573755785
a3986d20c19f33c7c107fw,2026-02-15 08:00:00+08:00,0.10049095974999969,0.34,0.47,0.12999999999999995,22.699261730769436,HOURLY_RECON_GT_5PCT,24.5,96.0,0.0,WX_CLEANED,8,6,1,0,0.075205726111111,0.0985674999999995,0.0809783959166665,0.08491550654075708
a3986d20c19f33c7c107fw,2026-02-15 09:00:00+08:00,0.07236455387499979,0.68,0.03,0.0,,,25.5,91.0,0.0,WX_CLEANED,9,6,1,0,0.0758413463888887,0.07385416666666661,0.08083352956192114,0.08490663979794955
a3986d20c19f33c7c107fw,2026-02-15 10:00:00+08:00,0.0579124484999999,0.8,0.43,0.0,,,26.7,86.0,0.0,WX_CLEANED,10,6,1,0,0.0755051560277776,0.0594158333333331,0.08010050008159707,0.0848976910787035
a3986d20c19f33c7c107fw,2026-02-15 11:00:00+08:00,0.128113162847222,0.29,0.76,0.47000000000000003,72.74188024527191,HOURLY_RECON_GT_5PCT,28.1,80.0,0.0,WX_CLEANED,11,6,1,0,0.0452706288888887,0.0644249999999999,0.08355227232986095,0.08527678728612745
a3986d20c19f33c7c107fw,2026-02-15 12:00:00+08:00,0.0951394406527776,0.44,0.4,0.0,,,29.4,75.0,0.0,WX_CLEANED,12,6,1,0,0.0760160018888888,0.0599508333333328,0.08434908227835632,0.08548624328207652
a3986d20c19f33c7c107fw,2026-02-15 13:00:00+08:00,0.15424095666666648,0.77,0.73,0.0,,,30.1,67.0,0.0,WX_CLEANED,13,6,1,0,0.0610094041666666,0.0817466666666662,0.08823373029918964,0.08591775691302891
a3986d20c19f33c7c107fw,2026-02-15 14:00:00+08:00,0.1210325106249997,0.73,0.72,0.0,,,29.0,75.0,0.0,WX_CLEANED,14,6,1,0,0.0759612450694444,0.07821749999999969,0.09011169969733779,0.08617260816674914
a3986d20c19f33c7c107fw,2026-02-15 15:00:00+08:00,0.07141211980555551,0.72,0.27,0.0,,,28.8,77.0,0.0,WX_CLEANED,15,6,1,0,0.0758549942916665,0.0871916666666664,0.08992657992708315,0.08607868229257587
a3986d20c19f33c7c107fw,2026-02-15 16:00:00+08:00,0.0857186159444443,0.01,0.62,0.61,85.94776787795995,HOURLY_RECON_GT_5PCT,28.6,79.0,0.1,WX_CLEANED,16,6,1,0,0.076266973597222,0.0870449999999997,0.09032039835821741,0.08607078714938804
a3986d20c19f33c7c107fw,2026-02-15 17:00:00+08:00,0.1273696213333331,0.14,0.78,0.64,80.0984966666667,HOURLY_RECON_GT_5PCT,28.8,76.0,0.0,WX_CLEANED,17,6,1,0,0.0761769999444443,0.1299999999999998,0.09245342424942112,0.08605513013351503
a3986d20c19f33c7c107fw,2026-02-15 18:00:00+08:00,0.1007919599999999,0.32,0.46,0.14,28.005742857142934,HOURLY_RECON_GT_5PCT,28.0,78.0,0.1,WX_CLEANED,18,6,1,0,0.0931163500138888,0.1508791666666663,0.09277324133217574,0.08575699199859439
a3986d20c19f33c7c107fw,2026-02-15 19:00:00+08:00,0.0733127746666665,0.53,0.22,0.0,,,26.7,85.0,0.0,WX_CLEANED,19,6,1,0,0.0746693048888887,0.122668333333333,0.09271671923958315,0.0854632089112928
a3986d20c19f33c7c107fw,2026-02-15 20:00:00+08:00,0.0423679128888888,0.71,0.01,0.0,,,26.4,88.0,0.0,WX_CLEANED,20,6,1,0,0.044693366388888794,0.0747249999999996,0.09261982534374984,0.0852706072022981
a3986d20c19f33c7c107fw,2026-02-15 21:00:00+08:00,0.0687517193055554,0.78,0.05,0.0,,,26.2,89.0,0.1,WX_CLEANED,21,6,1,0,0.0447497667499999,0.1206458333333332,0.09361990670023129,0.08496171366641846
a3986d20c19f33c7c107fw,2026-02-15 22:00:00+08:00,0.1156531959999999,0.05,0.52,0.47000000000000003,75.39293702127662,HOURLY_RECON_GT_5PCT,25.9,91.0,0.0,WX_CLEANED,22,6,1,0,0.0748849497777776,0.1010241666666664,0.09531858362615724,0.08504879122197402
a3986d20c19f33c7c107fw,2026-02-15 23:00:00+08:00,0.0719062089583333,0.73,0.7,0.0,,,25.7,91.0,0.0,WX_CLEANED,23,6,1,0,0.0594898739999999,0.0694674999999996,0.09583593091608779,0.08506330734672601
a3986d20c19f33c7c107fw,2026-02-16 00:00:00+08:00,0.1565794054999997,0.1,0.71,0.61,74.33124500000005,HOURLY_RECON_GT_5PCT,25.4,91.0,0.0,WX_CLEANED,0,0,0,0,0.07362058249999989,0.0891124999999998,0.09929254854108778,0.0854648960699403
a3986d20c19f33c7c107fw,2026-02-16 01:00:00+08:00,0.0711804729999998,0.72,0.06,0.0,,,25.3,91.0,0.0,WX_CLEANED,1,0,0,0,0.10236208124999979,0.0806874999999999,0.09799331486400444,0.08540830662351172
a3986d20c19f33c7c107fw,2026-02-16 02:00:00+08:00,0.0718255478888887,0.8,0.3,0.0,,,25.4,87.0,0.0,WX_CLEANED,2,0,0,0,0.1211996048194442,0.0794166666666665,0.09593606249189797,0.0853631213926916
a3986d20c19f33c7c107fw,2026-02-16 03:00:00+08:00,0.07202777799999979,0.51,0.55,0.040000000000000036,80.06944499999932,HOURLY_RECON_GT_5PCT,25.3,88.0,0.0,WX_CLEANED,3,0,0,0,0.0748669097916665,0.0958816666666661,0.09581776533391186,0.08522113396015193
a3986d20c19f33c7c107fw,2026-02-16 04:00:00+08:00,0.1554453647361107,0.24,0.78,0.54,71.21382134516469,HOURLY_RECON_GT_5PCT,25.2,87.0,0.0,WX_CLEANED,4,0,0,0,0.1568172611527775,0.053547499999999595,0.09576060298321741,0.08582766886929545
a3986d20c19f33c7c107fw,2026-02-16 05:00:00+08:00,0.0659724449166665,0.75,0.44,0.0,,,25.0,89.0,0.0,WX_CLEANED,5,0,0,0,0.07102445090277759,0.038532499999999796,0.0955501027337961,0.08599100187475181
a3986d20c19f33c7c107fw,2026-02-16 06:00:00+08:00,0.0875017499999999,0.24,0.77,0.53,83.49023584905662,HOURLY_RECON_GT_5PCT,24.8,91.0,0.0,WX_CLEANED,6,0,0,0,0.08527941124999991,0.0836441666666663,0.09564270018171278,0.08601396368030735
a3986d20c19f33c7c107fw,2026-02-16 07:00:00+08:00,0.10165652904166661,0.04,0.71,0.6699999999999999,84.82738372512438,HOURLY_RECON_GT_5PCT,24.8,92.0,0.0,WX_CLEANED,7,0,0,0,0.1283138784999997,0.0830099999999997,0.09453197728761557,0.086124954924603
a3986d20c19f33c7c107fw,2026-02-16 08:00:00+08:00,0.1026053283749999,0.17,0.73,0.5599999999999999,81.67761993303573,HOURLY_RECON_GT_5PCT,25.5,88.0,0.0,WX_CLEANED,8,0,0,0,0.10049095974999969,0.08597083333333311,0.0946200759803239,0.08622396977604148
a3986d20c19f33c7c107fw,2026-02-16 09:00:00+08:00,0.12392805459722189,0.22,0.53,0.31000000000000005,60.02320819444456,HOURLY_RECON_GT_5PCT,26.6,84.0,0.0,WX_CLEANED,9,0,0,0,0.07236455387499979,0.0632858333333333,0.09676855517708316,0.08658493537880273
a3986d20c19f33c7c107fw,2026-02-16 10:00:00+08:00,0.1214780476805555,0.75,0.18,0.0,,,27.8,77.0,0.1,WX_CLEANED,10,0,0,0,0.0579124484999999,0.0523008333333331,0.09941712180960631,0.08699670451182191
a3986d20c19f33c7c107fw,2026-02-16 11:00:00+08:00,0.152377403458333,0.18,0.76,0.5800000000000001,73.72803388649432,HOURLY_RECON_GT_5PCT,29.0,70.0,0.2,WX_CLEANED,11,0,0,0,0.128113162847222,0.055253333333333,0.10042813183506928,0.08757482397685168
a3986d20c19f33c7c107fw,2026-02-16 12:00:00+08:00,0.1245758205555553,0.76,0.75,0.0,,,30.0,64.0,0.1,WX_CLEANED,12,0,0,0,0.0951394406527776,0.0514149999999994,0.10165464766435167,0.08801030505158712
a3986d20c19f33c7c107fw,2026-02-16 13:00:00+08:00,0.0935397900833331,0.75,0.51,0.0,,,30.5,61.0,0.0,WX_CLEANED,13,0,0,0,0.15424095666666648,0.0699616666666665,0.09912543239004612,0.08815065102430537
a3986d20c19f33c7c107fw,2026-02-16 14:00:00+08:00,0.0892786671111109,0.51,0.64,0.13,31.324102222222383,HOURLY_RECON_GT_5PCT,30.9,57.0,0.0,WX_CLEANED,14,0,0,0,0.1210325106249997,0.0752191666666663,0.09780235557696741,0.08823433852695088
a3986d20c19f33c7c107fw,2026-02-16 15:00:00+08:00,0.1415879583888886,0.64,0.75,0.10999999999999999,28.716325808080562,HOURLY_RECON_GT_5PCT,30.2,65.0,0.1,WX_CLEANED,15,0,0,0,0.07141211980555551,0.0799733333333332,0.10072634885127296,0.08860109224751966
a3986d20c19f33c7c107fw,2026-02-16 16:00:00+08:00,0.0962534755138886,0.35,0.33,0.0,,,29.4,73.0,0.2,WX_CLEANED,16,0,0,0,0.0857186159444443,0.1092783333333333,0.10116530133333314,0.08852356333192773
a3986d20c19f33c7c107fw,2026-02-16 17:00:00+08:00,0.09104122048611099,0.77,0.27,0.0,,,28.5,82.0,0.0,WX_CLEANED,17,0,0,0,0.1273696213333331,0.1268683333333332,0.0996516179646989,0.08831030670783713
a3986d20c19f33c7c107fw,2026-02-16 18:00:00+08:00,0.0755782163055555,0.66,0.62,0.0,,,27.6,88.0,0.0,WX_CLEANED,18,0,0,0,0.1007919599999999,0.1471791666666665,0.0986010453107637,0.08788411057473527
a3986d20c19f33c7c107fw,2026-02-16 19:00:00+08:00,0.11893258319444411,0.06,0.79,0.73,83.70786531582958,HOURLY_RECON_GT_5PCT,27.2,89.0,0.0,WX_CLEANED,19,0,0,0,0.0733127746666665,0.1197458333333332,0.10050187066608778,0.08787926980009904
a3986d20c19f33c7c107fw,2026-02-16 20:00:00+08:00,0.0920960521805554,0.79,0.46,0.0,,,27.0,87.0,0.0,WX_CLEANED,20,0,0,0,0.0423679128888888,0.0729158333333331,0.10257387646990722,0.08799343776942774
a3986d20c19f33c7c107fw,2026-02-16 21:00:00+08:00,0.0699216159999999,0.46,0.12,0.0,,,26.9,83.0,0.0,WX_CLEANED,21,0,0,0,0.0687517193055554,0.11777333333333309,0.10262262216550906,0.08770860611863408
a3986d20c19f33c7c107fw,2026-02-16 22:00:00+08:00,0.0500923207916666,0.12,0.41,0.29,82.72678593390808,HOURLY_RECON_GT_5PCT,26.3,84.0,0.0,WX_CLEANED,22,0,0,0,0.1156531959999999,0.0984774999999999,0.09989091903182852,0.08742059909953685
a3986d20c19f33c7c107fw,2026-02-16 23:00:00+08:00,0.1475446163888888,0.41,0.79,0.38000000000000006,61.17246937134506,HOURLY_RECON_GT_5PCT,26.0,86.0,0.0,WX_CLEANED,23,0,0,0,0.0719062089583333,0.06837833333333321,0.10304251934143499,0.08789182697486754
a3986d20c19f33c7c107fw,2026-02-17 00:00:00+08:00,0.0719846353333332,0.79,0.01,0.0,,,25.8,85.0,0.0,WX_CLEANED,0,1,0,0,0.1565794054999997,0.0869666666666665,0.09951773725115722,0.08780264821693103
a3986d20c19f33c7c107fw,2026-02-17 01:00:00+08:00,0.1780511487499998,0.01,0.75,0.74,75.93903395270273,HOURLY_RECON_GT_5PCT,25.5,86.0,0.0,WX_CLEANED,1,1,0,0,0.0711804729999998,0.0788158333333331,0.1039706820740739,0.08839333461822073
a3986d20c19f33c7c107fw,2026-02-17 02:00:00+08:00,0.0979969021944442,0.75,0.32,0.0,,,25.0,89.0,0.0,WX_CLEANED,2,1,0,0,0.0718255478888887,0.07742999999999961,0.1050611551701387,0.08851575665509241
a3986d20c19f33c7c107fw,2026-02-17 03:00:00+08:00,0.1591074125555552,0.32,0.73,0.41,61.1933140108402,HOURLY_RECON_GT_5PCT,24.9,91.0,0.0,WX_CLEANED,3,1,0,0,0.07202777799999979,0.0935633333333331,0.10868947327662017,0.08890589998379611
a3986d20c19f33c7c107fw,2026-02-17 04:00:00+08:00,0.0438309650694444,0.73,0.03,0.0,,,24.8,91.0,0.0,WX_CLEANED,4,1,0,0,0.1554453647361107,0.0522649999999997,0.10403887329050909,0.08885569739492376
a3986d20c19f33c7c107fw,2026-02-17 05:00:00+08:00,0.0876482956944443,0.03,0.56,0.53,83.46258571802937,HOURLY_RECON_GT_5PCT,24.8,90.0,0.0,WX_CLEANED,5,1,0,0,0.0659724449166665,0.0375491666666665,0.10494203373958316,0.08915390649627958
a3986d20c19f33c7c107fw,2026-02-17 06:00:00+08:00,0.1187803814444442,0.56,0.79,0.22999999999999998,48.35635589371991,HOURLY_RECON_GT_5PCT,24.6,90.0,0.0,WX_CLEANED,6,1,0,0,0.0875017499999999,0.0817133333333331,0.10624531004976834,0.08937454368741714
a3986d20c19f33c7c107fw,2026-02-17 07:00:00+08:00,0.096454603347222,0.79,0.35,0.0,,,24.7,90.0,0.0,WX_CLEANED,7,1,0,0,0.10165652904166661,0.0809316666666665,0.10602856314583314,0.0894669421200395
a3986d20c19f33c7c107fw,2026-02-17 08:00:00+08:00,0.0695503991666665,0.35,0.04,0.0,,,25.8,88.0,0.0,WX_CLEANED,8,1,0,0,0.1026053283749999,0.0823533333333331,0.10465127442881926,0.08939073417857125
a3986d20c19f33c7c107fw,2026-02-17 09:00:00+08:00,0.0592771694999999,0.04,0.4,0.36000000000000004,83.53411958333336,HOURLY_RECON_GT_5PCT,27.1,80.0,0.0,WX_CLEANED,9,1,0,0,0.12392805459722189,0.0617174999999997,0.10195748754976834,0.08937620840178553
a3986d20c19f33c7c107fw,2026-02-17 10:00:00+08:00,0.163701560083333,0.4,0.77,0.37,55.756335112612696,HOURLY_RECON_GT_5PCT,28.5,72.0,0.0,WX_CLEANED,10,1,0,0,0.1214780476805555,0.0513624999999998,0.10371680056655073,0.09004489328323395
a3986d20c19f33c7c107fw,2026-02-17 11:00:00+08:00,0.0979712707222222,0.77,0.18,0.0,,,29.6,67.0,0.0,WX_CLEANED,11,1,0,0,0.152377403458333,0.0538858333333331,0.10144987836921276,0.09030730660102496
a3986d20c19f33c7c107fw,2026-02-17 12:00:00+08:00,0.127279686472222,0.18,0.73,0.55,76.85823882323237,HOURLY_RECON_GT_5PCT,30.4,64.0,0.0,WX_CLEANED,12,1,0,0,0.1245758205555553,0.050102500000000105,0.1015625394490739,0.09076669461574056
a3986d20c19f33c7c107fw,2026-02-17 13:00:00+08:00,0.1296768010416665,0.73,0.74,0.010000000000000009,1196.7680104166639,HOURLY_RECON_GT_5PCT,30.4,64.0,0.2,WX_CLEANED,13,1,0,0,0.0935397900833331,0.0683091666666663,0.10306824823900444,0.091131978153687
a3986d20c19f33c7c107fw,2026-02-17 14:00:00+08:00,0.069904445472222,0.74,0.35,0.0,,,30.8,57.0,0.2,WX_CLEANED,14,1,0,0,0.0892786671111109,0.0734158333333331,0.10226098900405074,0.0911110770354661
a3986d20c19f33c7c107fw,2026-02-17 15:00:00+08:00,0.1159627514166665,0.35,0.75,0.4,71.00931214583338,HOURLY_RECON_GT_5PCT,30.9,57.0,0.4,WX_CLEANED,15,1,0,0,0.1415879583888886,0.0779999999999994,0.10119327204687484,0.09133704579389863
a3986d20c19f33c7c107fw,2026-02-17 16:00:00+08:00,0.1019778741666666,0.17,0.5,0.32999999999999996,69.09761388888892,HOURLY_RECON_GT_5PCT,30.7,56.0,0.3,WX_CLEANED,16,1,0,0,0.0962534755138886,0.1031608333333329,0.10143178865740725,0.09133000437028753
a3986d20c19f33c7c107fw,2026-02-17 17:00:00+08:00,0.073389184361111,0.6,0.11,0.0,,,30.0,60.0,0.1,WX_CLEANED,17,1,0,0,0.09104122048611099,0.1196291666666665,0.1006962871521989,0.0910547663803735
a3986d20c19f33c7c107fw,2026-02-17 18:00:00+08:00,0.0440703364166666,0.79,0.18,0.0,,,28.5,67.0,0.0,WX_CLEANED,18,1,0,0,0.0755782163055555,0.1388299999999998,0.0993834588234952,0.09049072076380604
a3986d20c19f33c7c107fw,2026-02-17 19:00:00+08:00,0.0587320607777777,0.53,0.48,0.0,,,27.2,75.0,0.0,WX_CLEANED,19,1,0,0,0.11893258319444411,0.112990833333333,0.09687510372280078,0.0901677518795468
a3986d20c19f33c7c107fw,2026-02-17 20:00:00+08:00,0.0747506976666666,0.17,0.78,0.61,87.74578726775957,HOURLY_RECON_GT_5PCT,26.5,79.0,0.0,WX_CLEANED,20,1,0,0,0.0920960521805554,0.0687649999999997,0.09615238061805541,0.09020338103232456
a3986d20c19f33c7c107fw,2026-02-17 21:00:00+08:00,0.1208172501388887,0.78,0.79,0.010000000000000009,1108.1725013888858,HOURLY_RECON_GT_5PCT,26.2,81.0,0.0,WX_CLEANED,21,1,0,0,0.0699216159999999,0.1110933333333332,0.09827303204050909,0.09026126148950049
a3986d20c19f33c7c107fw,2026-02-17 22:00:00+08:00,0.0411593268888888,0.79,0.13,0.0,,,26.0,83.0,0.0,WX_CLEANED,22,1,0,0,0.0500923207916666,0.0928574999999999,0.09790082396122668,0.08995353426860102
a3986d20c19f33c7c107fw,2026-02-17 23:00:00+08:00,0.057929471111111,0.13,0.4,0.27,78.54464032921815,HOURLY_RECON_GT_5PCT,25.6,85.0,0.0,WX_CLEANED,23,1,0,0,0.1475446163888888,0.0652824999999996,0.09416685957465261,0.08990976623950049
a3986d20c19f33c7c107fw,2026-02-18 00:00:00+08:00,0.0735853691388887,0.4,0.7,0.29999999999999993,75.47154362037043,HOURLY_RECON_GT_5PCT,25.4,86.0,0.0,WX_CLEANED,0,2,0,0,0.0719846353333332,0.0819574999999996,0.09423355681655077,0.08985993212723198
a3986d20c19f33c7c107fw,2026-02-18 01:00:00+08:00,0.1060056222361109,0.7,0.81,0.1100000000000001,3.631252512626538,,25.1,84.0,0.0,WX_CLEANED,1,2,0,0,0.1780511487499998,0.0743241666666665,0.09123165987847205,0.09004851221990724
a3986d20c19f33c7c107fw,2026-02-18 02:00:00+08:00,0.104591716472222,0.81,0.52,0.0,,,24.8,85.0,0.0,WX_CLEANED,2,2,0,0,0.0979969021944442,0.0730941666666666,0.0915064438067128,0.0902359976354165
a3986d20c19f33c7c107fw,2026-02-18 03:00:00+08:00,0.1018353044999999,0.52,0.54,0.020000000000000018,409.17652249999907,HOURLY_RECON_GT_5PCT,24.7,85.0,0.0,WX_CLEANED,3,2,0,0,0.1591074125555552,0.0883124999999998,0.08912010597106466,0.09031649051934507
a3986d20c19f33c7c107fw,2026-02-18 04:00:00+08:00,0.0439057219722222,0.54,0.01,0.0,,,24.5,85.0,0.0,WX_CLEANED,4,2,0,0,0.0438309650694444,0.0493141666666666,0.08912322084201374,0.09028429739616387
a3986d20c19f33c7c107fw,2026-02-18 05:00:00+08:00,0.0887371805555555,0.01,0.14,0.13,31.740630341880383,HOURLY_RECON_GT_5PCT,24.4,84.0,0.0,WX_CLEANED,5,2,0,0,0.0876482956944443,0.0354349999999999,0.08916859104456004,0.0906015722804231
a3986d20c19f33c7c107fw,2026-02-18 06:00:00+08:00,0.0741464962499999,0.14,0.42,0.27999999999999997,73.51910848214288,HOURLY_RECON_GT_5PCT,24.2,82.0,0.0,WX_CLEANED,6,2,0,0,0.1187803814444442,0.0770716666666663,0.08730884582812486,0.09058416055175249
a3986d20c19f33c7c107fw,2026-02-18 07:00:00+08:00,0.105982455486111,0.42,0.78,0.36000000000000004,70.56042903163583,HOURLY_RECON_GT_5PCT,24.3,81.0,0.0,WX_CLEANED,7,2,0,0,0.096454603347222,0.0778124999999999,0.08770583966724523,0.09075183885821743
a3986d20c19f33c7c107fw,2026-02-18 08:00:00+08:00,0.1049584073611109,0.78,0.55,0.0,,,25.6,76.0,0.0,WX_CLEANED,8,2,0,0,0.0695503991666665,0.077815833333333,0.08918117334201375,0.09091340179885897
a3986d20c19f33c7c107fw,2026-02-18 09:00:00+08:00,0.0738976947222221,0.55,0.38,0.0,,,27.0,64.0,0.0,WX_CLEANED,9,2,0,0,0.0592771694999999,0.0582666666666665,0.08979036189293967,0.09100644363252298
a3986d20c19f33c7c107fw,2026-02-18 10:00:00+08:00,0.0739757390138887,0.38,0.05,0.0,,,28.5,57.0,0.0,WX_CLEANED,10,2,0,0,0.163701560083333,0.0490116666666664,0.08605178601504616,0.09115503930125646
a3986d20c19f33c7c107fw,2026-02-18 11:00:00+08:00,0.0890592018333332,0.05,0.51,0.46,80.63930394927539,HOURLY_RECON_GT_5PCT,30.0,50.0,0.0,WX_CLEANED,11,2,0,0,0.0979712707222222,0.0508933333333334,0.08568044981134244,0.09138221708994693
a3986d20c19f33c7c107fw,2026-02-18 12:00:00+08:00,0.07367545755555541,0.51,0.74,0.22999999999999998,67.96719236714982,HOURLY_RECON_GT_5PCT,31.0,46.0,0.0,WX_CLEANED,12,2,0,0,0.127279686472222,0.047339166666666696,0.08344694027314802,0.09153898072619031
a3986d20c19f33c7c107fw,2026-02-18 13:00:00+08:00,0.1008790728333332,0.74,0.8,0.06000000000000005,68.13178805555518,HOURLY_RECON_GT_5PCT,32.1,40.0,0.0,WX_CLEANED,13,2,0,0,0.1296768010416665,0.06440499999999989,0.08224703493113412,0.0917560883025792
a3986d20c19f33c7c107fw,2026-02-18 14:00:00+08:00,0.0681126153888888,0.8,0.36,0.0,,,30.6,47.0,0.0,WX_CLEANED,14,2,0,0,0.069904445472222,0.0678683333333331,0.08217237534432859,0.09175754236243369
a3986d20c19f33c7c107fw,2026-02-18 15:00:00+08:00,0.07263032516666659,0.36,0.01,0.0,,,30.6,48.0,0.0,WX_CLEANED,15,2,0,0,0.1159627514166665,0.0735966666666667,0.08036685758391192,0.09175179032969559
a3986d20c19f33c7c107fw,2026-02-18 16:00:00+08:00,0.1455770732499999,0.01,0.75,0.74,80.3274225337838,HOURLY_RECON_GT_5PCT,30.0,48.0,0.0,WX_CLEANED,16,2,0,0,0.1019778741666666,0.122945158694444,0.0821834908790508,0.09188650410681201
a3986d20c19f33c7c107fw,2026-02-18 17:00:00+08:00,0.07266552822222219,0.47,0.16,0.0,,,28.9,50.0,0.0,WX_CLEANED,17,2,0,0,0.073389184361111,0.06716723356944429,0.08215333853993044,0.09191923205117378
a3986d20c19f33c7c107fw,2026-02-18 18:00:00+08:00,0.0733486639444442,0.77,0.05,0.0,,,27.7,55.0,0.0,WX_CLEANED,18,2,0,0,0.0440703364166666,0.0714642617083332,0.08337326885358785,0.09193044873115064
a3986d20c19f33c7c107fw,2026-02-18 19:00:00+08:00,0.059091769999999905,0.6,0.34,0.0,,,27.0,58.0,0.0,WX_CLEANED,19,2,0,0,0.0587320607777777,0.087640699361111,0.0833882567378471,0.09176051462781068
a3986d20c19f33c7c107fw,2026-02-18 20:00:00+08:00,0.0740628919444444,0.28,0.69,0.4099999999999999,81.93588001355015,HOURLY_RECON_GT_5PCT,26.7,60.0,0.0,WX_CLEANED,20,2,0,0,0.0747506976666666,0.0732665520555554,0.08335959816608783,0.09176525474619693
a3986d20c19f33c7c107fw,2026-02-18 21:00:00+08:00,0.1229301236944443,0.69,0.79,0.10000000000000009,22.930123694444188,HOURLY_RECON_GT_5PCT,26.5,62.0,0.0,WX_CLEANED,21,2,0,0,0.1208172501388887,0.13103448718055521,0.08344763456423598,0.09171701448735103
a3986d20c19f33c7c107fw,2026-02-18 22:00:00+08:00,0.0698122086805555,0.79,0.23,0.0,,,26.2,65.0,0.0,WX_CLEANED,22,2,0,0,0.0411593268888888,0.0986648902916665,0.08464150463888877,0.09154527233490393
a3986d20c19f33c7c107fw,2026-02-18 23:00:00+08:00,0.0837271083333332,0.23,0.45,0.22,61.94222348484853,HOURLY_RECON_GT_5PCT,25.9,68.0,0.0,WX_CLEANED,23,2,0,0,0.057929471111111,0.0699445916249999,0.08571640618981469,0.09162731112483449
a3986d20c19f33c7c107fw,2026-02-19 00:00:00+08:00,0.0984175884027776,0.45,0.75,0.3,67.19413719907413,HOURLY_RECON_GT_5PCT,25.5,70.0,0.0,WX_CLEANED,0,3,0,0,0.0735853691388887,0.08607868333333331,0.08675108199247672,0.09170075698834308
a3986d20c19f33c7c107fw,2026-02-19 01:00:00+08:00,0.1269906602499998,0.75,0.61,0.0,,,25.1,72.0,0.0,WX_CLEANED,1,3,0,0,0.1060056222361109,0.0733533054583332,0.08762545857638877,0.0920200269573411
a3986d20c19f33c7c107fw,2026-02-19 02:00:00+08:00,0.07251887416666661,0.61,0.2,0.0,,,24.8,72.0,0.0,WX_CLEANED,2,3,0,0,0.104591716472222,0.0750132008611109,0.08628909014699061,0.09200517977463607
a3986d20c19f33c7c107fw,2026-02-19 03:00:00+08:00,0.0437192291666666,0.2,0.06,0.0,,,24.7,72.0,0.0,WX_CLEANED,3,3,0,0,0.1018353044999999,0.07435712520833321,0.08386758700810172,0.09182281134581664
a3986d20c19f33c7c107fw,2026-02-19 04:00:00+08:00,0.0590193225,0.06,0.36,0.3,80.3268925,HOURLY_RECON_GT_5PCT,24.3,73.0,0.0,WX_CLEANED,4,3,0,0,0.0439057219722222,0.07508581108333309,0.08449732036342582,0.09172717748520157
a3986d20c19f33c7c107fw,2026-02-19 05:00:00+08:00,0.074928853111111,0.36,0.7,0.33999999999999997,77.96210202614382,HOURLY_RECON_GT_5PCT,24.0,75.0,0.0,WX_CLEANED,5,3,0,0,0.0887371805555555,0.0746890585833331,0.08392197338657396,0.0917286048335812
a3986d20c19f33c7c107fw,2026-02-19 06:00:00+08:00,0.10440102902777759,0.7,0.81,0.1100000000000001,5.089973611111364,HOURLY_RECON_GT_5PCT,24.0,75.0,0.0,WX_CLEANED,6,3,0,0,0.0741464962499999,0.0749386692638887,0.08518257891898136,0.09190397602265195
a3986d20c19f33c7c107fw,2026-02-19 07:00:00+08:00,0.0696837331388887,0.81,0.48,0.0,,,24.1,75.0,0.0,WX_CLEANED,7,3,0,0,0.105982455486111,0.07503373608333319,0.08367013215451376,0.09187213076703027
a3986d20c19f33c7c107fw,2026-02-19 08:00:00+08:00,0.0414608497777777,0.48,0.2,0.0,,,25.7,67.0,0.0,WX_CLEANED,8,3,0,0,0.1049584073611109,0.07466970573611101,0.08102440058854156,0.09167445900537352
a3986d20c19f33c7c107fw,2026-02-19 09:00:00+08:00,0.0702358383749999,0.2,0.01,0.0,,,27.4,58.0,0.0,WX_CLEANED,9,3,0,0,0.0738976947222221,0.0741398268888888,0.08087182324074063,0.09165122097850513
a3986d20c19f33c7c107fw,2026-02-19 10:00:00+08:00,0.0531810130694443,0.01,0.13,0.12000000000000001,55.68248910879642,HOURLY_RECON_GT_5PCT,29.3,48.0,0.0,WX_CLEANED,10,3,0,0,0.0739757390138887,0.0811401416249999,0.08000537632638878,0.09148479759424587
a3986d20c19f33c7c107fw,2026-02-19 11:00:00+08:00,0.14472249795833309,0.13,0.76,0.63,77.02817492724871,HOURLY_RECON_GT_5PCT,31.0,43.0,0.0,WX_CLEANED,11,3,0,0,0.0890592018333332,0.149860607833333,0.08232468033159711,0.0914542136068947
a3986d20c19f33c7c107fw,2026-02-19 12:00:00+08:00,0.129925554083333,0.76,0.74,0.0,,,31.1,41.0,0.0,WX_CLEANED,12,3,0,0,0.07367545755555541,0.1496909663888887,0.08466843435358784,0.09133656234317113
a3986d20c19f33c7c107fw,2026-02-19 13:00:00+08:00,0.1032603004166665,0.74,0.75,0.010000000000000009,932.603004166664,HOURLY_RECON_GT_5PCT,32.4,37.0,0.0,WX_CLEANED,13,3,0,0,0.1008790728333332,0.1213520927916664,0.08476765216956006,0.09122887310284376
a3986d20c19f33c7c107fw,2026-02-19 14:00:00+08:00,0.0735043505555554,0.75,0.03,0.0,,,32.8,35.0,0.0,WX_CLEANED,14,3,0,0,0.0681126153888888,0.10289608,0.0849923078015045,0.09105392233234111
a3986d20c19f33c7c107fw,2026-02-19 15:00:00+08:00,0.1024706315138886,0.03,0.31,0.28,63.40334588789693,HOURLY_RECON_GT_5PCT,31.8,38.0,0.0,WX_CLEANED,15,3,0,0,0.07263032516666659,0.10953628711111099,0.08623565389930542,0.09101186485854812
a3986d20c19f33c7c107fw,2026-02-19 16:00:00+08:00,0.1160708257222221,0.01,0.75,0.74,84.3147532807808,HOURLY_RECON_GT_5PCT,30.4,46.0,0.0,WX_CLEANED,16,3,0,0,0.1455770732499999,0.1010740478333332,0.08500622691898135,0.09110113139360103
a3986d20c19f33c7c107fw,2026-02-19 17:00:00+08:00,0.0926993484444443,0.02,0.67,0.65,85.7385617777778,HOURLY_RECON_GT_5PCT,28.6,54.0,0.0,WX_CLEANED,17,3,0,0,0.07266552822222219,0.1004207324444442,0.0858409694282406,0.09105517077455341
a3986d20c19f33c7c107fw,2026-02-19 18:00:00+08:00,0.0660153663333331,0.36,0.29,0.0,,,27.4,57.0,0.0,WX_CLEANED,18,3,0,0,0.0733486639444442,0.0737993699999998,0.08553541536111098,0.09100883741939468
a3986d20c19f33c7c107fw,2026-02-19 19:00:00+08:00,0.0415332400277776,0.29,0.01,0.0,,,26.6,62.0,0.0,WX_CLEANED,19,3,0,0,0.059091769999999905,0.0735847497499999,0.0848038099456017,0.09081805462342907
a3986d20c19f33c7c107fw,2026-02-19 20:00:00+08:00,0.039752090111111,0.01,0.09,0.08,50.30988736111125,HOURLY_RECON_GT_5PCT,27.0,62.0,0.0,WX_CLEANED,20,3,0,0,0.0740628919444444,0.0734355614722221,0.08337419320254615,0.09061755777008912
a3986d20c19f33c7c107fw,2026-02-19 21:00:00+08:00,0.0773693964999999,0.09,0.64,0.55,85.93283700000002,HOURLY_RECON_GT_5PCT,26.7,63.0,0.0,WX_CLEANED,21,3,0,0,0.1229301236944443,0.1026043826388887,0.0814758295694443,0.0904673495192624
a3986d20c19f33c7c107fw,2026-02-19 22:00:00+08:00,0.1166330825555553,0.64,0.79,0.15000000000000002,22.244611629629816,HOURLY_RECON_GT_5PCT,26.6,64.0,0.0,WX_CLEANED,22,3,0,0,0.0698122086805555,0.1601127903333331,0.08342669931423596,0.09020854173487088
a3986d20c19f33c7c107fw,2026-02-19 23:00:00+08:00,0.0662010957083332,0.79,0.38,0.0,,,26.3,65.0,0.0,WX_CLEANED,23,3,0,0,0.0837271083333332,0.08914053198611101,0.08269644878819428,0.09007199747131267
a3986d20c19f33c7c107fw,2026-02-20 00:00:00+08:00,0.06770632884722211,0.38,0.01,0.0,,,25.7,68.0,0.0,WX_CLEANED,0,4,0,0,0.0984175884027776,0.1779117066388887,0.08141681297337948,0.0894160130796956
a3986d20c19f33c7c107fw,2026-02-20 01:00:00+08:00,0.0686297458749999,0.01,0.01,0.0,,,25.2,71.0,0.0,WX_CLEANED,1,4,0,0,0.1269906602499998,0.0488817847499999,0.07898510820775448,0.08953356046734443
a3986d20c19f33c7c107fw,2026-02-20 02:00:00+08:00,0.0667975739444443,0.01,0.07,0.060000000000000005,11.329289907407157,HOURLY_RECON_GT_5PCT,25.2,71.0,0.0,WX_CLEANED,2,4,0,0,0.07251887416666661,0.1336097069999995,0.07874672069849521,0.08913586919915659
a3986d20c19f33c7c107fw,2026-02-20 03:00:00+08:00,0.0819938185138888,0.64,0.33,0.0,,,25.1,72.0,0.0,WX_CLEANED,3,4,0,0,0.0437192291666666,0.0739378068333332,0.08034149525462947,0.08918382164963609
a3986d20c19f33c7c107fw,2026-02-20 04:00:00+08:00,0.1031973422083331,0.33,0.71,0.37999999999999995,72.8428046820176,HOURLY_RECON_GT_5PCT,24.8,73.0,0.0,WX_CLEANED,4,4,0,0,0.0590193225,0.0735080279444443,0.08218224607581003,0.08936054375834972
a3986d20c19f33c7c107fw,2026-02-20 05:00:00+08:00,0.0927432192916664,0.71,0.8,0.09000000000000008,3.0480214351847987,,24.6,73.0,0.0,WX_CLEANED,5,4,0,0,0.074928853111111,0.0721749273888887,0.08292451133333316,0.08948297406729482
a3986d20c19f33c7c107fw,2026-02-20 06:00:00+08:00,0.0381571591388888,0.8,0.11,0.0,,,24.5,73.0,0.0,WX_CLEANED,6,4,0,0,0.10440102902777759,0.08786844849999981,0.08016435008796279,0.08918707353538344
a3986d20c19f33c7c107fw,2026-02-20 07:00:00+08:00,0.0773854312499999,0.11,0.34,0.23000000000000004,66.354160326087,HOURLY_RECON_GT_5PCT,24.7,72.0,0.0,WX_CLEANED,7,4,0,0,0.0696837331388887,0.1650123749999999,0.08048525417592577,0.08866548458449058
a3986d20c19f33c7c107fw,2026-02-20 08:00:00+08:00,0.1018408577499999,0.34,0.51,0.16999999999999998,40.093613088235344,HOURLY_RECON_GT_5PCT,25.5,72.0,0.0,WX_CLEANED,8,4,0,0,0.0414608497777777,0.0744482318194443,0.08300108784143502,0.08882853592931532
a3986d20c19f33c7c107fw,2026-02-20 09:00:00+08:00,0.10511030961111101,0.51,0.8,0.29000000000000004,63.755065651341035,HOURLY_RECON_GT_5PCT,26.5,65.0,0.0,WX_CLEANED,9,4,0,0,0.0702358383749999,0.0743604293055555,0.08445419080960631,0.0890115709311341
a3986d20c19f33c7c107fw,2026-02-20 10:00:00+08:00,0.1040923364444444,0.8,0.8,0.0,,,27.9,58.0,0.0,WX_CLEANED,10,4,0,0,0.0531810130694443,0.1748733184999997,0.08657549595023133,0.08859025556175579
a3986d20c19f33c7c107fw,2026-02-20 11:00:00+08:00,0.0748108631944443,0.8,0.53,0.0,,,29.2,51.0,0.0,WX_CLEANED,11,4,0,0,0.14472249795833309,0.0690164647499999,0.08366251116840262,0.08862474602868702
a3986d20c19f33c7c107fw,2026-02-20 12:00:00+08:00,0.0746234515972221,0.53,0.01,0.0,,,30.3,47.0,0.0,WX_CLEANED,12,4,0,0,0.129925554083333,0.0737337820833332,0.081358256898148,0.08863004168055541
a3986d20c19f33c7c107fw,2026-02-20 13:00:00+08:00,0.1133263662499999,0.01,0.3,0.29,60.921942672413834,HOURLY_RECON_GT_5PCT,30.5,45.0,0.2,WX_CLEANED,13,4,0,0,0.1032603004166665,0.1158264892499999,0.08177767630787022,0.08861515999603159
a3986d20c19f33c7c107fw,2026-02-20 14:00:00+08:00,0.1000121067222221,0.3,0.63,0.33,69.69330099326602,HOURLY_RECON_GT_5PCT,30.1,48.0,0.5,WX_CLEANED,14,4,0,0,0.0735043505555554,0.10379212287499981,0.082882166148148,0.0885926598998841
a3986d20c19f33c7c107fw,2026-02-20 15:00:00+08:00,0.1038165099999999,0.63,0.8,0.17000000000000004,38.931464705882426,HOURLY_RECON_GT_5PCT,30.4,47.0,0.1,WX_CLEANED,15,4,0,0,0.1024706315138886,0.1031722568055554,0.08293824441840264,0.08859649474032723
a3986d20c19f33c7c107fw,2026-02-20 16:00:00+08:00,0.044202617236111,0.18,0.01,0.0,,,30.5,47.0,0.0,WX_CLEANED,16,4,0,0,0.1160708257222221,0.0441424410972221,0.07994373573148135,0.08859685293163014
a3986d20c19f33c7c107fw,2026-02-20 17:00:00+08:00,0.0445303788055554,0.01,0.09,0.08,44.337026493055745,HOURLY_RECON_GT_5PCT,30.1,49.0,0.0,WX_CLEANED,17,4,0,0,0.0926993484444443,0.0585746219722221,0.07793669532986099,0.08851325624611427
a3986d20c19f33c7c107fw,2026-02-20 18:00:00+08:00,0.0600087499999999,0.09,0.34,0.25,75.99650000000004,HOURLY_RECON_GT_5PCT,29.1,54.0,0.0,WX_CLEANED,18,4,0,0,0.0660153663333331,0.1056395789861109,0.07768641964930542,0.08824164416881598
a3986d20c19f33c7c107fw,2026-02-20 19:00:00+08:00,0.07506966816666649,0.34,0.61,0.26999999999999996,72.19641919753093,HOURLY_RECON_GT_5PCT,28.0,58.0,0.0,WX_CLEANED,19,4,0,0,0.0415332400277776,0.0738334563888888,0.07908377082175912,0.08824900257225514
a3986d20c19f33c7c107fw,2026-02-20 20:00:00+08:00,0.07512529994444431,0.61,0.8,0.19000000000000006,60.46036845029248,HOURLY_RECON_GT_5PCT,27.1,64.0,0.0,WX_CLEANED,20,4,0,0,0.039752090111111,0.1056359066805554,0.08055765456481469,0.08806739181787353
a3986d20c19f33c7c107fw,2026-02-20 21:00:00+08:00,0.0879985088888887,0.8,0.67,0.0,,,26.8,66.0,0.0,WX_CLEANED,21,4,0,0,0.0773693964999999,0.0749794749999998,0.08100053424768505,0.08814488606721216
a3986d20c19f33c7c107fw,2026-02-20 22:00:00+08:00,0.0986319903888886,0.67,0.48,0.0,,,26.3,68.0,0.0,WX_CLEANED,22,4,0,0,0.1166330825555553,0.0741526506666666,0.0802504887407406,0.08829059642270157
a3986d20c19f33c7c107fw,2026-02-20 23:00:00+08:00,0.0717193286111109,0.48,0.19,0.0,,,26.0,70.0,0.0,WX_CLEANED,23,4,0,0,0.0662010957083332,0.11318901016666649,0.08048041511168967,0.08804375308010898
a3986d20c19f33c7c107fw,2026-02-21 00:00:00+08:00,0.0726351417638887,0.19,0.01,0.0,,,25.6,71.0,0.0,WX_CLEANED,0,5,1,0,0.06770632884722211,0.1006410520833331,0.08068578231655078,0.08787705123296942
a3986d20c19f33c7c107fw,2026-02-21 01:00:00+08:00,0.0586598649166666,0.01,0.16,0.15,60.89342338888892,HOURLY_RECON_GT_5PCT,25.2,73.0,0.0,WX_CLEANED,1,5,1,0,0.0686297458749999,0.0999844759999999,0.08027037060995357,0.08763107140509244
a3986d20c19f33c7c107fw,2026-02-21 02:00:00+08:00,0.0732479734166666,0.16,0.51,0.35,79.07200759523812,HOURLY_RECON_GT_5PCT,25.0,73.0,0.0,WX_CLEANED,2,5,1,0,0.0667975739444443,0.0720482224583332,0.0805391372546295,0.08763821277984442
a3986d20c19f33c7c107fw,2026-02-21 03:00:00+08:00,0.0694777863888888,0.51,0.6,0.08999999999999997,22.802459567901312,HOURLY_RECON_GT_5PCT,25.0,74.0,0.0,WX_CLEANED,3,5,1,0,0.0819938185138888,0.0717015819722221,0.08001763591608783,0.08762497590137219
a3986d20c19f33c7c107fw,2026-02-21 04:00:00+08:00,0.0738154275833332,0.6,0.71,0.10999999999999999,32.89506583333344,HOURLY_RECON_GT_5PCT,24.7,76.0,0.0,WX_CLEANED,4,5,1,0,0.1031973422083331,0.0858183993333332,0.0787933894733795,0.08755352964095553
a3986d20c19f33c7c107fw,2026-02-21 05:00:00+08:00,0.102609823597222,0.71,0.81,0.10000000000000009,2.6098235972219057,,24.5,76.0,0.0,WX_CLEANED,5,5,1,0,0.0927432192916664,0.1015360872222219,0.07920449798611098,0.08755992092890197
a3986d20c19f33c7c107fw,2026-02-21 06:00:00+08:00,0.044802934625,0.81,0.19,0.0,,,24.4,76.0,0.0,WX_CLEANED,6,5,1,0,0.0381571591388888,0.0736204683888887,0.07948140529803228,0.0873883879898312
a3986d20c19f33c7c107fw,2026-02-21 07:00:00+08:00,0.1463671964166664,0.19,0.72,0.53,72.383547845912,HOURLY_RECON_GT_5PCT,24.5,76.0,0.0,WX_CLEANED,7,5,1,0,0.0773854312499999,0.0747622236805554,0.08235564551331005,0.08781460806564138
a3986d20c19f33c7c107fw,2026-02-21 08:00:00+08:00,0.09862764545833311,0.72,0.73,0.010000000000000009,886.2764545833303,HOURLY_RECON_GT_5PCT,25.4,72.0,0.0,WX_CLEANED,8,5,1,0,0.1018408577499999,0.075205726111111,0.08222176166782394,0.08795402425223198
a3986d20c19f33c7c107fw,2026-02-21 09:00:00+08:00,0.08273593665277759,0.73,0.4,0.0,,,27.2,63.0,0.0,WX_CLEANED,9,5,1,0,0.10511030961111101,0.0758413463888887,0.08128949612789338,0.08799506347999324
a3986d20c19f33c7c107fw,2026-02-21 10:00:00+08:00,0.1586918051249998,0.4,0.76,0.36,55.91894302083339,HOURLY_RECON_GT_5PCT,28.6,57.0,0.0,WX_CLEANED,10,5,1,0,0.1040923364444444,0.0755051560277776,0.08356447398958318,0.08849022210557193
a3986d20c19f33c7c107fw,2026-02-21 11:00:00+08:00,0.07451025616666661,0.76,0.45,0.0,,,30.2,50.0,0.0,WX_CLEANED,11,5,1,0,0.0748108631944443,0.0452706288888887,0.08355194869675912,0.08866426750603489
a3986d20c19f33c7c107fw,2026-02-21 12:00:00+08:00,0.141103279611111,0.45,0.74,0.29,51.343696685823794,HOURLY_RECON_GT_5PCT,30.8,48.0,0.0,WX_CLEANED,12,5,1,0,0.0746234515972221,0.0760160018888888,0.08632194153067115,0.08905169177819099
a3986d20c19f33c7c107fw,2026-02-21 13:00:00+08:00,0.10129660487499981,0.74,0.65,0.0,,,30.6,48.0,0.0,WX_CLEANED,13,5,1,0,0.1133263662499999,0.0610094041666666,0.08582070147337949,0.08929149654431201
a3986d20c19f33c7c107fw,2026-02-21 14:00:00+08:00,0.1518664606944442,0.65,0.74,0.08999999999999997,68.74051188271584,HOURLY_RECON_GT_5PCT,30.5,46.0,0.0,WX_CLEANED,14,5,1,0,0.1000121067222221,0.0759612450694444,0.0879812995555554,0.08974331330398463
a3986d20c19f33c7c107fw,2026-02-21 15:00:00+08:00,0.0733267267777777,0.74,0.35,0.0,,,31.0,45.0,0.0,WX_CLEANED,15,5,1,0,0.1038165099999999,0.0758549942916665,0.08671089192129615,0.08972826409259244
a3986d20c19f33c7c107fw,2026-02-21 16:00:00+08:00,0.1023134509999999,0.35,0.77,0.42000000000000004,75.63965452380955,HOURLY_RECON_GT_5PCT,30.6,46.0,0.0,WX_CLEANED,16,5,1,0,0.044202617236111,0.076266973597222,0.08913217666145817,0.08988330264856136
a3986d20c19f33c7c107fw,2026-02-21 17:00:00+08:00,0.0715237097083332,0.77,0.57,0.0,,,29.8,49.0,0.0,WX_CLEANED,17,5,1,0,0.0445303788055554,0.0761769999444443,0.09025689878240727,0.08985560449239402
a3986d20c19f33c7c107fw,2026-02-21 18:00:00+08:00,0.07123998112499991,0.57,0.16,0.0,,,28.2,57.0,0.0,WX_CLEANED,18,5,1,0,0.0600087499999999,0.0931163500138888,0.09072486674594893,0.08972538801091254
a3986d20c19f33c7c107fw,2026-02-21 19:00:00+08:00,0.051069976638888695,0.16,0.07,0.0,,,26.8,64.0,0.0,WX_CLEANED,19,5,1,0,0.07506966816666649,0.0746693048888887,0.08972487959895818,0.08958491581894826
a3986d20c19f33c7c107fw,2026-02-21 20:00:00+08:00,0.0659690877638888,0.07,0.31,0.24,72.51288009837967,HOURLY_RECON_GT_5PCT,26.6,65.0,0.0,WX_CLEANED,20,5,1,0,0.07512529994444431,0.044693366388888794,0.08934337075810171,0.08971155701760898
a3986d20c19f33c7c107fw,2026-02-21 21:00:00+08:00,0.0664951363055555,0.31,0.54,0.23000000000000004,71.08907117149762,HOURLY_RECON_GT_5PCT,26.2,67.0,0.0,WX_CLEANED,21,5,1,0,0.0879985088888887,0.0447497667499999,0.08844739690046283,0.08984099374115395
a3986d20c19f33c7c107fw,2026-02-21 22:00:00+08:00,0.0656245319166666,0.54,0.78,0.24,72.65644503472224,HOURLY_RECON_GT_5PCT,26.0,68.0,0.0,WX_CLEANED,22,5,1,0,0.0986319903888886,0.0748849497777776,0.08707208613078692,0.08978587220626638
a3986d20c19f33c7c107fw,2026-02-21 23:00:00+08:00,0.0947197219861109,0.78,0.8,0.020000000000000018,373.59860993055406,HOURLY_RECON_GT_5PCT,25.8,68.0,0.0,WX_CLEANED,23,5,1,0,0.0717193286111109,0.0594898739999999,0.08803043585474524,0.0899955736823742
a3986d20c19f33c7c107fw,2026-02-22 00:00:00+08:00,0.0724785878194443,0.8,0.52,0.0,,,25.6,67.0,0.0,WX_CLEANED,0,6,1,0,0.0726351417638887,0.07362058249999989,0.08802391277372672,0.08998877609498993
a3986d20c19f33c7c107fw,2026-02-22 01:00:00+08:00,0.0644282990833333,0.52,0.01,0.0,,,25.4,68.0,0.0,WX_CLEANED,1,6,1,0,0.0586598649166666,0.10236208124999979,0.08826426419733784,0.08976297977256929
a3986d20c19f33c7c107fw,2026-02-22 02:00:00+08:00,0.0792326814305554,0.01,0.18,0.16999999999999998,53.39254033496741,HOURLY_RECON_GT_5PCT,25.1,70.0,0.0,WX_CLEANED,2,6,1,0,0.0732479734166666,0.1211996048194442,0.08851362703124988,0.08951317665715923
a3986d20c19f33c7c107fw,2026-02-22 03:00:00+08:00,0.0920052389999999,0.18,0.72,0.54,82.9619927777778,HOURLY_RECON_GT_5PCT,24.9,72.0,0.0,WX_CLEANED,3,6,1,0,0.0694777863888888,0.0748669097916665,0.08945227089004615,0.08961519052149455
a3986d20c19f33c7c107fw,2026-02-22 04:00:00+08:00,0.1013611255555553,0.72,0.79,0.07000000000000006,44.80160793650745,HOURLY_RECON_GT_5PCT,24.6,74.0,0.0,WX_CLEANED,4,6,1,0,0.0738154275833332,0.1568172611527775,0.09060000830555542,0.08928509447627299
a3986d20c19f33c7c107fw,2026-02-22 05:00:00+08:00,0.1349881843611108,0.79,0.71,0.0,,,24.4,75.0,0.0,WX_CLEANED,5,6,1,0,0.102609823597222,0.07102445090277759,0.09194910667071744,0.08966583098495355
a3986d20c19f33c7c107fw,2026-02-22 06:00:00+08:00,0.1003713254027775,0.71,0.8,0.09000000000000008,11.523694891974905,HOURLY_RECON_GT_5PCT,24.1,77.0,0.0,WX_CLEANED,6,6,1,0,0.044802934625,0.08527941124999991,0.09426445628645819,0.08975566380729151
a3986d20c19f33c7c107fw,2026-02-22 07:00:00+08:00,0.0723425347777776,0.8,0.34,0.0,,,24.1,75.0,0.0,WX_CLEANED,7,6,1,0,0.1463671964166664,0.1283138784999997,0.0911800953848378,0.08942250104704018
a3986d20c19f33c7c107fw,2026-02-22 08:00:00+08:00,0.11634443347222209,0.34,0.27,0.0,,,25.0,71.0,0.0,WX_CLEANED,8,6,1,0,0.09862764545833311,0.10049095974999969,0.09191829488541652,0.08951686696205342
a3986d20c19f33c7c107fw,2026-02-22 09:00:00+08:00,0.1303035157499997,0.27,0.77,0.5,73.93929685000006,HOURLY_RECON_GT_5PCT,26.6,62.0,0.0,WX_CLEANED,9,6,1,0,0.08273593665277759,0.07236455387499979,0.09390027734780076,0.08986174173511889
a3986d20c19f33c7c107fw,2026-02-22 10:00:00+08:00,0.1524621054027773,0.77,0.71,0.0,,,28.3,56.0,0.0,WX_CLEANED,10,6,1,0,0.1586918051249998,0.0579124484999999,0.0936407065260415,0.09042453731192114
a3986d20c19f33c7c107fw,2026-02-22 11:00:00+08:00,0.071957659611111,0.71,0.02,0.0,,,30.2,50.0,0.0,WX_CLEANED,11,6,1,0,0.07451025616666661,0.128113162847222,0.09353434833622669,0.09009027836408715
a3986d20c19f33c7c107fw,2026-02-22 12:00:00+08:00,0.1560082748611109,0.02,0.74,0.72,78.33218404706793,HOURLY_RECON_GT_5PCT,31.0,47.0,0.0,WX_CLEANED,12,6,1,0,0.141103279611111,0.0951394406527776,0.09415538980497669,0.09045259285342247
a3986d20c19f33c7c107fw,2026-02-22 13:00:00+08:00,0.1489533429444441,0.74,0.73,0.0,,,30.7,52.0,0.0,WX_CLEANED,13,6,1,0,0.10129660487499981,0.15424095666666648,0.09614108722453686,0.09042111896221876
a3986d20c19f33c7c107fw,2026-02-22 14:00:00+08:00,0.0968685811388888,0.72,0.72,0.0,,,31.1,48.0,0.0,WX_CLEANED,14,6,1,0,0.1518664606944442,0.1210325106249997,0.09384950890972205,0.09027728604861096
a3986d20c19f33c7c107fw,2026-02-22 15:00:00+08:00,0.1282572199999997,0.43,0.32,0.0,,,31.2,50.0,0.0,WX_CLEANED,15,6,1,0,0.0733267267777777,0.07141211980555551,0.09613827946064796,0.09061564974024454
a3986d20c19f33c7c107fw,2026-02-22 16:00:00+08:00,0.1280828540972221,0.01,0.72,0.71,81.96016139475745,HOURLY_RECON_GT_5PCT,31.5,44.0,0.0,WX_CLEANED,16,6,1,0,0.1023134509999999,0.0857186159444443,0.0972120045896989,0.09086781782448727
a3986d20c19f33c7c107fw,2026-02-22 17:00:00+08:00,0.100675446472222,0.32,0.45,0.13,22.557348867521544,HOURLY_RECON_GT_5PCT,30.6,47.0,0.0,WX_CLEANED,17,6,1,0,0.0715237097083332,0.1273696213333331,0.09842666028819425,0.09070892392650447
a3986d20c19f33c7c107fw,2026-02-22 18:00:00+08:00,0.057545894777777704,0.76,0.43,0.0,,,29.0,55.0,0.0,WX_CLEANED,18,6,1,0,0.07123998112499991,0.1007919599999999,0.09785607335706,0.09045150687161028
a3986d20c19f33c7c107fw,2026-02-22 19:00:00+08:00,0.1000528856249998,0.43,0.76,0.33,69.68094375000005,HOURLY_RECON_GT_5PCT,27.8,60.0,0.0,WX_CLEANED,19,6,1,0,0.051069976638888695,0.0733127746666665,0.09989702789814797,0.09061067419874323
a3986d20c19f33c7c107fw,2026-02-22 20:00:00+08:00,0.1009274070833332,0.76,0.58,0.0,,,27.0,65.0,0.0,WX_CLEANED,20,6,1,0,0.0659690877638888,0.0423679128888888,0.10135362453645815,0.0909592426165673
a3986d20c19f33c7c107fw,2026-02-22 21:00:00+08:00,0.0709506698333332,0.58,0.28,0.0,,,26.6,67.0,0.0,WX_CLEANED,21,6,1,0,0.0664951363055555,0.0687517193055554,0.10153927176678222,0.09097233160780409
a3986d20c19f33c7c107fw,2026-02-22 22:00:00+08:00,0.0728575575833332,0.28,0.01,0.0,,,26.2,69.0,0.0,WX_CLEANED,22,6,1,0,0.0656245319166666,0.1156531959999999,0.10184064783622666,0.09071759566484773
a3986d20c19f33c7c107fw,2026-02-22 23:00:00+08:00,0.0592774828333332,0.01,0.21,0.19999999999999998,70.3612585833334,HOURLY_RECON_GT_5PCT,25.9,70.0,0.0,WX_CLEANED,23,6,1,0,0.0947197219861109,0.0719062089583333,0.10036388787152757,0.09064242467600844
a3986d20c19f33c7c107fw,2026-02-23 00:00:00+08:00,0.07397591076388871,0.21,0.57,0.36,79.4511358989198,HOURLY_RECON_GT_5PCT,25.6,71.0,0.0,WX_CLEANED,0,0,0,0,0.0724785878194443,0.1565794054999997,0.1004262763275461,0.0901507372073411
a3986d20c19f33c7c107fw,2026-02-23 01:00:00+08:00,0.1047974210416665,0.57,0.8,0.2300000000000001,54.43590389492763,HOURLY_RECON_GT_5PCT,25.4,72.0,0.0,WX_CLEANED,1,0,0,0,0.0644282990833333,0.0711804729999998,0.10210832307580998,0.09035083808854151
a3986d20c19f33c7c107fw,2026-02-23 02:00:00+08:00,0.0741074844999999,0.8,0.45,0.0,,,25.4,71.0,0.0,WX_CLEANED,2,0,0,0,0.0792326814305554,0.0718255478888887,0.1018947732037035,0.09036442104456004
a3986d20c19f33c7c107fw,2026-02-23 03:00:00+08:00,0.0461948923333333,0.45,0.08,0.0,,,25.3,71.0,0.0,WX_CLEANED,3,0,0,0,0.0920052389999999,0.07202777799999979,0.09998600875925907,0.09021065386797272
a3986d20c19f33c7c107fw,2026-02-23 04:00:00+08:00,0.0307774133333333,0.08,0.05,0.0,,,25.1,72.0,0.0,WX_CLEANED,4,0,0,0,0.1013611255555553,0.1554453647361107,0.09704502074999981,0.08946858272867049
a3986d20c19f33c7c107fw,2026-02-23 05:00:00+08:00,0.0755864322499998,0.05,0.43,0.38,80.10883361842112,HOURLY_RECON_GT_5PCT,24.8,75.0,0.0,WX_CLEANED,5,0,0,0,0.1349881843611108,0.0659724449166665,0.0945699477453702,0.08952580884374985
a3986d20c19f33c7c107fw,2026-02-23 06:00:00+08:00,0.1050144499999998,0.43,0.79,0.36000000000000004,70.8293194444445,HOURLY_RECON_GT_5PCT,24.6,75.0,0.0,WX_CLEANED,6,0,0,0,0.1003713254027775,0.0875017499999999,0.09476341127025445,0.08963005110565461
a3986d20c19f33c7c107fw,2026-02-23 07:00:00+08:00,0.1053186915277776,0.79,0.62,0.0,,,24.9,73.0,0.0,WX_CLEANED,7,0,0,0,0.0723425347777776,0.10165652904166661,0.09613741780150446,0.08965184969188146
a3986d20c19f33c7c107fw,2026-02-23 08:00:00+08:00,0.1127751215972221,0.62,0.62,0.0,,,25.9,70.0,0.0,WX_CLEANED,8,0,0,0,0.11634443347222209,0.1026053283749999,0.09598869647337947,0.08971238417534708
a3986d20c19f33c7c107fw,2026-02-23 09:00:00+08:00,0.1401790235416665,0.62,0.84,0.21999999999999997,36.28226202651522,HOURLY_RECON_GT_5PCT,27.4,62.0,0.0,WX_CLEANED,9,0,0,0,0.1303035157499997,0.12392805459722189,0.09640017596469891,0.08980911613334971
a3986d20c19f33c7c107fw,2026-02-23 10:00:00+08:00,0.0728056184027777,0.84,0.27,0.0,,,29.7,51.0,0.0,WX_CLEANED,10,0,0,0,0.1524621054027773,0.1214780476805555,0.09308115567303225,0.08951939929241055
a3986d20c19f33c7c107fw,2026-02-23 11:00:00+08:00,0.1141417492222219,0.27,0.7,0.42999999999999994,73.45540715762282,HOURLY_RECON_GT_5PCT,32.2,40.0,0.0,WX_CLEANED,11,0,0,0,0.071957659611111,0.152377403458333,0.09483882607349521,0.0892918061124337
a3986d20c19f33c7c107fw,2026-02-23 12:00:00+08:00,0.1012271773611108,0.7,0.8,0.10000000000000009,1.2271773611107057,,32.7,39.0,0.0,WX_CLEANED,12,0,0,0,0.1560082748611109,0.1245758205555553,0.09255628034432854,0.08915282609341917
a3986d20c19f33c7c107fw,2026-02-23 13:00:00+08:00,0.0438793913888888,0.8,0.19,0.0,,,32.8,39.0,0.0,WX_CLEANED,13,0,0,0,0.1489533429444441,0.0935397900833331,0.08817819902951374,0.0888572284821427
a3986d20c19f33c7c107fw,2026-02-23 14:00:00+08:00,0.0878104384444443,0.19,0.36,0.16999999999999998,48.34680091503276,HOURLY_RECON_GT_5PCT,32.8,36.0,0.0,WX_CLEANED,14,0,0,0,0.0968685811388888,0.0892786671111109,0.08780077641724521,0.0888484890257935
a3986d20c19f33c7c107fw,2026-02-23 15:00:00+08:00,0.1015591312916664,0.36,0.77,0.41000000000000003,75.2294801727643,HOURLY_RECON_GT_5PCT,33.5,34.0,0.0,WX_CLEANED,15,0,0,0,0.1282572199999997,0.1415879583888886,0.086688356054398,0.08861022219783384
a3986d20c19f33c7c107fw,2026-02-23 16:00:00+08:00,0.10422287834722199,0.01,0.34,0.33,68.41730959175091,HOURLY_RECON_GT_5PCT,32.5,39.0,0.0,WX_CLEANED,16,0,0,0,0.1280828540972221,0.0962534755138886,0.08569419039814798,0.08865765911946083
a3986d20c19f33c7c107fw,2026-02-23 17:00:00+08:00,0.10193567224999969,0.77,0.06,0.0,,,31.2,45.0,0.0,WX_CLEANED,17,0,0,0,0.100675446472222,0.09104122048611099,0.0857466998055554,0.08872250704662683
a3986d20c19f33c7c107fw,2026-02-23 18:00:00+08:00,0.0416478886666666,0.79,0.15,0.0,,,29.4,51.0,0.0,WX_CLEANED,18,0,0,0,0.057545894777777704,0.0755782163055555,0.08508428288425911,0.08852054081068107
a3986d20c19f33c7c107fw,2026-02-23 19:00:00+08:00,0.0737611182916665,0.49,0.43,0.0,,,28.1,56.0,0.0,WX_CLEANED,19,0,0,0,0.1000528856249998,0.11893258319444411,0.08398879257870355,0.08825166304340262
a3986d20c19f33c7c107fw,2026-02-23 20:00:00+08:00,0.0872304172222221,0.39,0.51,0.12,27.307985648148243,HOURLY_RECON_GT_5PCT,27.5,56.0,0.0,WX_CLEANED,20,0,0,0,0.1009274070833332,0.0920960521805554,0.08341808466782391,0.08822270093055541
a3986d20c19f33c7c107fw,2026-02-23 21:00:00+08:00,0.132291768,0.12,0.79,0.67,80.25496000000001,HOURLY_RECON_GT_5PCT,27.3,58.0,0.0,WX_CLEANED,21,0,0,0,0.0709506698333332,0.0699216159999999,0.08597396375810169,0.0885939518353173
a3986d20c19f33c7c107fw,2026-02-23 22:00:00+08:00,0.0996267859999998,0.4,0.41,0.009999999999999953,896.2678600000027,HOURLY_RECON_GT_5PCT,27.0,60.0,0.0,WX_CLEANED,22,0,0,0,0.0728575575833332,0.0500923207916666,0.08708934827546282,0.08888879984250977
a3986d20c19f33c7c107fw,2026-02-23 23:00:00+08:00,0.0432913399999999,0.69,0.01,0.0,,,26.9,61.0,0.0,WX_CLEANED,23,0,0,0,0.0592774828333332,0.1475446163888888,0.08642325899074059,0.08826824462590925
a3986d20c19f33c7c107fw,2026-02-24 00:00:00+08:00,0.0435038059999999,0.01,0.16,0.15,70.99746266666673,HOURLY_RECON_GT_5PCT,26.9,63.0,0.0,WX_CLEANED,0,1,0,0,0.07397591076388871,0.0719846353333332,0.08515358795891188,0.0880987158798775
a3986d20c19f33c7c107fw,2026-02-24 01:00:00+08:00,0.0586930666666666,0.16,0.39,0.23,74.48127536231887,HOURLY_RECON_GT_5PCT,26.7,65.0,0.0,WX_CLEANED,1,1,0,0,0.1047974210416665,0.1780511487499998,0.08323257319328688,0.08738825110557194
a3986d20c19f33c7c107fw,2026-02-24 02:00:00+08:00,0.0738893421388887,0.39,0.66,0.27,72.63357698559678,HOURLY_RECON_GT_5PCT,26.6,68.0,0.0,WX_CLEANED,2,1,0,0,0.0741074844999999,0.0979969021944442,0.0832234839282406,0.08724475372428887
a3986d20c19f33c7c107fw,2026-02-24 03:00:00+08:00,0.0738721681249999,0.66,0.8,0.14,47.234165625000074,HOURLY_RECON_GT_5PCT,26.3,74.0,0.0,WX_CLEANED,3,1,0,0,0.0461948923333333,0.1591074125555552,0.08437670375289336,0.0867374010788689
a3986d20c19f33c7c107fw,2026-02-24 04:00:00+08:00,0.0742708889999997,0.8,0.55,0.0,,,26.0,77.0,0.0,WX_CLEANED,4,1,0,0,0.0307774133333333,0.0438309650694444,0.08618893190567112,0.08691859110226506
a3986d20c19f33c7c107fw,2026-02-24 05:00:00+08:00,0.1005725809444442,0.55,0.46,0.0,,,25.9,75.0,0.0,WX_CLEANED,5,1,0,0,0.0755864322499998,0.0876482956944443,0.0872300214346063,0.08699552137161029
a3986d20c19f33c7c107fw,2026-02-24 06:00:00+08:00,0.0437521640416666,0.46,0.01,0.0,,,25.6,74.0,0.0,WX_CLEANED,6,1,0,0,0.1050144499999998,0.1187803814444442,0.08467742618634243,0.08654892483945091
a3986d20c19f33c7c107fw,2026-02-24 07:00:00+08:00,0.116736883972222,0.01,0.74,0.73,84.00864603120246,HOURLY_RECON_GT_5PCT,25.6,74.0,0.0,WX_CLEANED,7,1,0,0,0.1053186915277776,0.096454603347222,0.08515318420486095,0.08666965270031401
a3986d20c19f33c7c107fw,2026-02-24 08:00:00+08:00,0.096549659486111,0.74,0.68,0.0,,,26.3,72.0,0.0,WX_CLEANED,8,1,0,0,0.1127751215972221,0.0695503991666665,0.08447712328356465,0.08683036258316783
a3986d20c19f33c7c107fw,2026-02-24 09:00:00+08:00,0.0686142981805555,0.68,0.34,0.0,,,27.5,69.0,0.0,WX_CLEANED,9,1,0,0,0.1401790235416665,0.0592771694999999,0.08149525972685169,0.08688594073007591
a3986d20c19f33c7c107fw,2026-02-24 10:00:00+08:00,0.0435090723888888,0.34,0.01,0.0,,,29.8,59.0,0.0,WX_CLEANED,10,1,0,0,0.0728056184027777,0.163701560083333,0.08027457030960632,0.08617050925570423
a3986d20c19f33c7c107fw,2026-02-24 11:00:00+08:00,0.1018276934305554,0.01,0.62,0.61,83.30693550318765,HOURLY_RECON_GT_5PCT,30.5,58.0,0.3,WX_CLEANED,11,1,0,0,0.1141417492222219,0.0979712707222222,0.07976148465162021,0.08619346415277762
a3986d20c19f33c7c107fw,2026-02-24 12:00:00+08:00,0.0948995990138888,0.62,0.81,0.19000000000000006,50.05284262426907,HOURLY_RECON_GT_5PCT,31.7,54.0,0.0,WX_CLEANED,12,1,0,0,0.1012271773611108,0.127279686472222,0.0794978355538193,0.08600072553695422
a3986d20c19f33c7c107fw,2026-02-24 13:00:00+08:00,0.0727777391944443,0.81,0.44,0.0,,,31.8,54.0,0.1,WX_CLEANED,13,1,0,0,0.0438793913888888,0.1296768010416665,0.08070193337905078,0.08566204064500646
a3986d20c19f33c7c107fw,2026-02-24 14:00:00+08:00,0.1009538621527776,0.44,0.31,0.0,,,31.0,55.0,0.4,WX_CLEANED,14,1,0,0,0.0878104384444443,0.069904445472222,0.08124957603356467,0.08584685860143834
a3986d20c19f33c7c107fw,2026-02-24 15:00:00+08:00,0.1129243659583332,0.31,0.74,0.43,73.73851954457366,HOURLY_RECON_GT_5PCT,32.0,51.0,0.3,WX_CLEANED,15,1,0,0,0.1015591312916664,0.1159627514166665,0.08172312747800912,0.08582877297371018
a3986d20c19f33c7c107fw,2026-02-24 16:00:00+08:00,0.129993581611111,0.03,0.57,0.5399999999999999,75.92711451646093,HOURLY_RECON_GT_5PCT,29.6,59.0,0.8,WX_CLEANED,16,1,0,0,0.10422287834722199,0.1019778741666666,0.08279690678067116,0.08599553313706995
a3986d20c19f33c7c107fw,2026-02-24 17:00:00+08:00,0.0723038875277777,0.75,0.09,0.0,,,30.1,58.0,0.3,WX_CLEANED,17,1,0,0,0.10193567224999969,0.073389184361111,0.08156224908391191,0.08598907303687155
a3986d20c19f33c7c107fw,2026-02-24 18:00:00+08:00,0.0579419267777777,0.68,0.51,0.0,,,29.9,59.0,0.0,WX_CLEANED,18,1,0,0,0.0416478886666666,0.0440703364166666,0.08224116733854155,0.08607164202711626
a3986d20c19f33c7c107fw,2026-02-24 19:00:00+08:00,0.1013261097499996,0.21,0.77,0.56,81.90605183035721,HOURLY_RECON_GT_5PCT,29.0,63.0,0.0,WX_CLEANED,19,1,0,0,0.0737611182916665,0.0587320607777777,0.08338970864930541,0.08632517803290328
a3986d20c19f33c7c107fw,2026-02-24 20:00:00+08:00,0.1025391345833332,0.07,0.65,0.5800000000000001,82.32083886494256,HOURLY_RECON_GT_5PCT,28.0,69.0,0.0,WX_CLEANED,20,1,0,0,0.0872304172222221,0.0747506976666666,0.08402757187268504,0.0864905853955025
a3986d20c19f33c7c107fw,2026-02-24 21:00:00+08:00,0.1026886666666666,0.35,0.33,0.0,,,27.5,70.0,0.0,WX_CLEANED,21,1,0,0,0.132291768,0.1208172501388887,0.08279410931712948,0.08638267716054879
a3986d20c19f33c7c107fw,2026-02-24 22:00:00+08:00,0.134216731361111,0.76,0.72,0.0,,,27.1,72.0,0.0,WX_CLEANED,22,1,0,0,0.0996267859999998,0.0411593268888888,0.08423535704050912,0.08693659028240726
a3986d20c19f33c7c107fw,2026-02-24 23:00:00+08:00,0.07130079199999981,0.45,0.19,0.0,,,26.9,73.0,0.0,WX_CLEANED,23,1,0,0,0.0432913399999999,0.057929471111111,0.0854024175405091,0.08701618147817446
a3986d20c19f33c7c107fw,2026-02-25 00:00:00+08:00,0.07230869818055541,0.78,0.06,0.0,,,26.7,73.0,0.0,WX_CLEANED,0,2,0,0,0.0435038059999999,0.0735853691388887,0.0866026213813656,0.08700858224627961
a3986d20c19f33c7c107fw,2026-02-25 01:00:00+08:00,0.0731664787222221,0.65,0.27,0.0,,,26.5,74.0,0.0,WX_CLEANED,1,2,0,0,0.0586930666666666,0.1060056222361109,0.08720568021701373,0.08681311115393503
a3986d20c19f33c7c107fw,2026-02-25 02:00:00+08:00,0.0889292382222221,0.41,0.53,0.12000000000000005,25.892301481481617,HOURLY_RECON_GT_5PCT,26.5,74.0,0.0,WX_CLEANED,2,2,0,0,0.0738893421388887,0.104591716472222,0.08783234255381929,0.08671988211673265
a3986d20c19f33c7c107fw,2026-02-25 03:00:00+08:00,0.1343258208749999,0.11,0.8,0.6900000000000001,80.5324897282609,HOURLY_RECON_GT_5PCT,26.4,74.0,0.0,WX_CLEANED,3,2,0,0,0.0738721681249999,0.1018353044999999,0.09035124475173596,0.08691327804753624
a3986d20c19f33c7c107fw,2026-02-25 04:00:00+08:00,0.0748977120833333,0.8,0.29,0.0,,,26.1,75.0,0.0,WX_CLEANED,4,2,0,0,0.0742708889999997,0.0439057219722222,0.0903773623802082,0.08709775417914997
a3986d20c19f33c7c107fw,2026-02-25 05:00:00+08:00,0.0447732836249998,0.29,0.01,0.0,,,25.9,76.0,0.0,WX_CLEANED,5,2,0,0,0.1005725809444442,0.0887371805555555,0.08805239165856467,0.0868360643164681
a3986d20c19f33c7c107fw,2026-02-25 06:00:00+08:00,0.0745776459444444,0.01,0.16,0.15,50.281569370370406,HOURLY_RECON_GT_5PCT,25.8,76.0,0.0,WX_CLEANED,6,2,0,0,0.0437521640416666,0.0741464962499999,0.0893367867378471,0.08683863068369695
a3986d20c19f33c7c107fw,2026-02-25 07:00:00+08:00,0.0892951877222221,0.16,0.48,0.31999999999999995,72.09525383680558,HOURLY_RECON_GT_5PCT,26.0,75.0,0.0,WX_CLEANED,7,2,0,0,0.116736883972222,0.105982455486111,0.08819338272743044,0.08673930170891188
a3986d20c19f33c7c107fw,2026-02-25 08:00:00+08:00,0.072463139736111,0.48,0.58,0.09999999999999998,27.536860263888986,HOURLY_RECON_GT_5PCT,26.8,71.0,0.0,WX_CLEANED,8,2,0,0,0.096549659486111,0.1049584073611109,0.08718977773784709,0.08654587749685831
a3986d20c19f33c7c107fw,2026-02-25 09:00:00+08:00,0.119665518958333,0.58,0.8,0.22000000000000008,45.60658229166684,HOURLY_RECON_GT_5PCT,28.3,63.0,0.0,WX_CLEANED,9,2,0,0,0.0686142981805555,0.0738976947222221,0.08931691193692115,0.08681830502207327
a3986d20c19f33c7c107fw,2026-02-25 10:00:00+08:00,0.06945971549999991,0.8,0.19,0.0,,,30.2,54.0,0.0,WX_CLEANED,10,2,0,0,0.0435090723888888,0.0739757390138887,0.09039818873321744,0.08679142392972869
a3986d20c19f33c7c107fw,2026-02-25 11:00:00+08:00,0.0688034317777777,0.19,0.16,0.0,,,31.4,49.0,0.0,WX_CLEANED,11,2,0,0,0.1018276934305554,0.0890592018333332,0.08902217783101839,0.08667085386987419
a3986d20c19f33c7c107fw,2026-02-25 12:00:00+08:00,0.1689114941111109,0.16,0.81,0.65,74.01361629059832,HOURLY_RECON_GT_5PCT,31.4,51.0,0.0,WX_CLEANED,12,2,0,0,0.0948995990138888,0.07367545755555541,0.09210600679340264,0.08723773503984773
a3986d20c19f33c7c107fw,2026-02-25 13:00:00+08:00,0.1001987456666665,0.81,0.74,0.0,,,32.5,46.0,0.0,WX_CLEANED,13,2,0,0,0.0727777391944443,0.1008790728333332,0.09324854872974521,0.08723368547337948
a3986d20c19f33c7c107fw,2026-02-25 14:00:00+08:00,0.0937873051527777,0.74,0.71,0.0,,,32.5,45.0,0.0,WX_CLEANED,14,2,0,0,0.1009538621527776,0.0681126153888888,0.09294994218807857,0.08738651100768834
a3986d20c19f33c7c107fw,2026-02-25 15:00:00+08:00,0.0720806628333332,0.71,0.24,0.0,,,32.9,44.0,0.0,WX_CLEANED,15,2,0,0,0.1129243659583332,0.07263032516666659,0.0912481212245369,0.08738323920808518
a3986d20c19f33c7c107fw,2026-02-25 16:00:00+08:00,0.1137784550555554,0.01,0.73,0.72,84.19743679783953,HOURLY_RECON_GT_5PCT,32.7,44.0,0.0,WX_CLEANED,16,2,0,0,0.129993581611111,0.1455770732499999,0.09057249095138875,0.08719396171883252
a3986d20c19f33c7c107fw,2026-02-25 17:00:00+08:00,0.10182756874999971,0.2,0.51,0.31,67.15239717741946,HOURLY_RECON_GT_5PCT,32.0,49.0,0.0,WX_CLEANED,17,2,0,0,0.0723038875277777,0.07266552822222219,0.091802644335648,0.08736754529340263
a3986d20c19f33c7c107fw,2026-02-25 18:00:00+08:00,0.0722503853333333,0.61,0.21,0.0,,,30.1,55.0,0.0,WX_CLEANED,18,2,0,0,0.0579419267777777,0.0733486639444442,0.09239883010879614,0.08736100792071745
a3986d20c19f33c7c107fw,2026-02-25 19:00:00+08:00,0.0762513532777776,0.78,0.01,0.0,,,28.6,59.0,0.0,WX_CLEANED,19,2,0,0,0.1013261097499996,0.059091769999999905,0.09135404858912023,0.08746314829737088
a3986d20c19f33c7c107fw,2026-02-25 20:00:00+08:00,0.0546199026388888,0.01,0.37,0.36,84.82780482253088,HOURLY_RECON_GT_5PCT,27.5,65.0,0.0,WX_CLEANED,20,2,0,0,0.1025391345833332,0.0740628919444444,0.08935741392476838,0.08734741621817114
a3986d20c19f33c7c107fw,2026-02-25 21:00:00+08:00,0.14098293598611078,0.37,0.76,0.39,63.850529234330565,HOURLY_RECON_GT_5PCT,27.0,68.0,0.0,WX_CLEANED,21,2,0,0,0.1026886666666666,0.1229301236944443,0.0909530084797452,0.08745487343419296
a3986d20c19f33c7c107fw,2026-02-25 22:00:00+08:00,0.095609272861111,0.76,0.31,0.0,,,26.5,71.0,0.0,WX_CLEANED,22,2,0,0,0.134216731361111,0.0698122086805555,0.08934436437557856,0.08760842738764865
a3986d20c19f33c7c107fw,2026-02-25 23:00:00+08:00,0.0954016910277777,0.31,0.23,0.0,,,26.1,73.0,0.0,WX_CLEANED,23,2,0,0,0.07130079199999981,0.0837271083333332,0.09034856850173599,0.08767791895130606
a3986d20c19f33c7c107fw,2026-02-26 00:00:00+08:00,0.152856824722222,0.23,0.73,0.5,69.4286350555556,HOURLY_RECON_GT_5PCT,25.8,73.0,0.0,WX_CLEANED,0,3,0,0,0.07230869818055541,0.0984175884027776,0.09370474044097209,0.0880019620246361
a3986d20c19f33c7c107fw,2026-02-26 01:00:00+08:00,0.0724420901111109,0.73,0.51,0.0,,,25.6,73.0,0.0,WX_CLEANED,1,3,0,0,0.0731664787222221,0.1269906602499998,0.09367455758217579,0.08767726815476176
a3986d20c19f33c7c107fw,2026-02-26 02:00:00+08:00,0.153445536,0.51,0.76,0.25,38.6217856,HOURLY_RECON_GT_5PCT,25.4,74.0,0.0,WX_CLEANED,2,3,0,0,0.0889292382222221,0.07251887416666661,0.09636273665624985,0.08815897447519826
a3986d20c19f33c7c107fw,2026-02-26 03:00:00+08:00,0.06819639699999991,0.76,0.04,0.0,,,25.3,74.0,0.0,WX_CLEANED,3,3,0,0,0.1343258208749999,0.0437192291666666,0.09360734399479152,0.08830467190277763
a3986d20c19f33c7c107fw,2026-02-26 04:00:00+08:00,0.0700713897222221,0.04,0.43,0.39,82.03297699430203,HOURLY_RECON_GT_5PCT,25.4,73.0,0.0,WX_CLEANED,4,3,0,0,0.0748977120833333,0.0590193225,0.09340624722974522,0.08837045801719562
a3986d20c19f33c7c107fw,2026-02-26 05:00:00+08:00,0.1415037733333332,0.43,0.75,0.32,55.780070833333376,HOURLY_RECON_GT_5PCT,25.4,73.0,0.0,WX_CLEANED,5,3,0,0,0.0447732836249998,0.074928853111111,0.09743668430092578,0.08876673730423265
a3986d20c19f33c7c107fw,2026-02-26 06:00:00+08:00,0.06952668799999989,0.75,0.51,0.0,,,25.2,74.0,0.0,WX_CLEANED,6,3,0,0,0.0745776459444444,0.10440102902777759,0.09722622771990726,0.08855915194097207
a3986d20c19f33c7c107fw,2026-02-26 07:00:00+08:00,0.0699675911527776,0.51,0.35,0.0,,,25.4,73.0,0.0,WX_CLEANED,7,3,0,0,0.0892951877222221,0.0696837331388887,0.0964209111961804,0.08856084157200712
a3986d20c19f33c7c107fw,2026-02-26 08:00:00+08:00,0.0882200529166665,0.35,0.47,0.12,26.483289236111247,HOURLY_RECON_GT_5PCT,26.5,70.0,0.0,WX_CLEANED,8,3,0,0,0.072463139736111,0.0414608497777777,0.0970774492453702,0.08883917016211955
a3986d20c19f33c7c107fw,2026-02-26 09:00:00+08:00,0.0652596184999999,0.47,0.2,0.0,,,28.1,63.0,0.0,WX_CLEANED,9,3,0,0,0.119665518958333,0.0702358383749999,0.094810536726273,0.08880954980572074
a3986d20c19f33c7c107fw,2026-02-26 10:00:00+08:00,0.09068106386111091,0.2,0.21,0.009999999999999981,806.8106386111108,HOURLY_RECON_GT_5PCT,29.5,57.0,0.0,WX_CLEANED,10,3,0,0,0.06945971549999991,0.0531810130694443,0.09569475957465264,0.0890327643937664
a3986d20c19f33c7c107fw,2026-02-26 11:00:00+08:00,0.0878854890277777,0.21,0.45,0.24000000000000002,63.38104623842597,HOURLY_RECON_GT_5PCT,30.9,51.0,0.0,WX_CLEANED,11,3,0,0,0.0688034317777777,0.14472249795833309,0.09648984529340264,0.08869444886441784
a3986d20c19f33c7c107fw,2026-02-26 12:00:00+08:00,0.0667379453888887,0.45,0.43,0.0,,,32.1,45.0,0.0,WX_CLEANED,12,3,0,0,0.1689114941111109,0.129925554083333,0.09223261409664336,0.08831833214599853
a3986d20c19f33c7c107fw,2026-02-26 13:00:00+08:00,0.1090937969999998,0.43,0.73,0.3,63.63540100000007,HOURLY_RECON_GT_5PCT,32.2,46.0,0.0,WX_CLEANED,13,3,0,0,0.1001987456666665,0.1032603004166665,0.09260324123553226,0.08835305533994693
a3986d20c19f33c7c107fw,2026-02-26 14:00:00+08:00,0.1547229239999997,0.73,0.76,0.030000000000000027,415.7430799999986,HOURLY_RECON_GT_5PCT,31.5,51.0,0.0,WX_CLEANED,14,3,0,0,0.0937873051527777,0.0735043505555554,0.0951422253541665,0.0888364992294972
a3986d20c19f33c7c107fw,2026-02-26 15:00:00+08:00,0.0939517033888886,0.76,0.2,0.0,,,31.1,51.0,0.0,WX_CLEANED,15,3,0,0,0.0720806628333332,0.1024706315138886,0.09605351871064798,0.08878579132399125
a3986d20c19f33c7c107fw,2026-02-26 16:00:00+08:00,0.081713389722222,0.01,0.62,0.61,86.60436234061935,HOURLY_RECON_GT_5PCT,30.6,52.0,0.0,WX_CLEANED,16,3,0,0,0.1137784550555554,0.1160708257222221,0.09471747432175909,0.0885812827763722
a3986d20c19f33c7c107fw,2026-02-26 17:00:00+08:00,0.15289430099999984,0.1,0.78,0.68,77.51554397058827,HOURLY_RECON_GT_5PCT,30.0,55.0,0.0,WX_CLEANED,17,3,0,0,0.10182756874999971,0.0926993484444443,0.09684525483217576,0.08893958606539336
a3986d20c19f33c7c107fw,2026-02-26 18:00:00+08:00,0.0712319974999999,0.52,0.17,0.0,,,28.7,59.0,0.0,WX_CLEANED,18,3,0,0,0.0722503853333333,0.0660153663333331,0.09680282200578688,0.08897063744138542
a3986d20c19f33c7c107fw,2026-02-26 19:00:00+08:00,0.042749350055555496,0.77,0.18,0.0,,,27.9,61.0,0.0,WX_CLEANED,19,3,0,0,0.0762513532777776,0.0415332400277776,0.09540690520486095,0.08897787619155077
a3986d20c19f33c7c107fw,2026-02-26 20:00:00+08:00,0.0570591528888888,0.52,0.5,0.0,,,27.4,67.0,0.0,WX_CLEANED,20,3,0,0,0.0546199026388888,0.039752090111111,0.09550854063194429,0.08908089442237088
a3986d20c19f33c7c107fw,2026-02-26 21:00:00+08:00,0.1006118947916665,0.23,0.76,0.53,81.01662362421386,HOURLY_RECON_GT_5PCT,26.9,69.0,0.0,WX_CLEANED,21,3,0,0,0.14098293598611078,0.0773693964999999,0.09382641391550911,0.08921924262648795
a3986d20c19f33c7c107fw,2026-02-26 22:00:00+08:00,0.1261638297777775,0.17,0.64,0.47,73.156631962175,HOURLY_RECON_GT_5PCT,26.2,73.0,0.0,WX_CLEANED,22,3,0,0,0.095609272861111,0.1166330825555553,0.09509952045370355,0.08927597326471545
a3986d20c19f33c7c107fw,2026-02-26 23:00:00+08:00,0.0424793364166665,0.74,0.2,0.0,,,25.7,76.0,0.0,WX_CLEANED,23,3,0,0,0.0954016910277777,0.0662010957083332,0.09289442234490725,0.08913477231655079
a3986d20c19f33c7c107fw,2026-02-27 00:00:00+08:00,0.0867402647222221,0.5,0.6,0.09999999999999998,13.259735277777882,HOURLY_RECON_GT_5PCT,25.2,78.0,0.0,WX_CLEANED,0,4,0,0,0.152856824722222,0.06770632884722211,0.09013956567824057,0.08924806955390197
a3986d20c19f33c7c107fw,2026-02-27 01:00:00+08:00,0.1009236587499998,0.6,0.79,0.19000000000000006,46.88228486842117,HOURLY_RECON_GT_5PCT,24.7,78.0,0.0,WX_CLEANED,1,4,0,0,0.0724420901111109,0.0686297458749999,0.09132629770486096,0.08944029522577697
a3986d20c19f33c7c107fw,2026-02-27 02:00:00+08:00,0.1015477664305553,0.79,0.46,0.0,,,24.4,78.0,0.0,WX_CLEANED,2,4,0,0,0.153445536,0.0667975739444443,0.08916389063946743,0.08964714160962287
a3986d20c19f33c7c107fw,2026-02-27 03:00:00+08:00,0.071773731111111,0.46,0.12,0.0,,,24.2,79.0,0.0,WX_CLEANED,3,4,0,0,0.06819639699999991,0.0819938185138888,0.0893129462274304,0.0895863077560349
a3986d20c19f33c7c107fw,2026-02-27 04:00:00+08:00,0.0569902149999999,0.12,0.39,0.27,78.892512962963,HOURLY_RECON_GT_5PCT,24.0,80.0,0.0,WX_CLEANED,4,4,0,0,0.0700713897222221,0.1031973422083331,0.08876789728067114,0.08931126533217577
a3986d20c19f33c7c107fw,2026-02-27 05:00:00+08:00,0.1023844818749999,0.39,0.77,0.38,73.05671529605266,HOURLY_RECON_GT_5PCT,24.0,81.0,0.0,WX_CLEANED,5,4,0,0,0.1415037733333332,0.0927432192916664,0.08713792680324058,0.08936865379993371
a3986d20c19f33c7c107fw,2026-02-27 06:00:00+08:00,0.0952294596527776,0.77,0.67,0.0,,,24.0,80.0,0.0,WX_CLEANED,6,4,0,0,0.06952668799999989,0.0381571591388888,0.08820887562210632,0.08970836987442114
a3986d20c19f33c7c107fw,2026-02-27 07:00:00+08:00,0.0673822833194444,0.67,0.2,0.0,,,24.0,79.0,0.0,WX_CLEANED,7,4,0,0,0.0699675911527776,0.0773854312499999,0.0881011544623841,0.08964882732721546
a3986d20c19f33c7c107fw,2026-02-27 08:00:00+08:00,0.0391967163888888,0.2,0.19,0.0,,,25.1,72.0,0.0,WX_CLEANED,8,4,0,0,0.0882200529166665,0.1018408577499999,0.08605851544039335,0.08927594553339932
a3986d20c19f33c7c107fw,2026-02-27 09:00:00+08:00,0.07981652241666659,0.19,0.61,0.42,80.99606609126985,HOURLY_RECON_GT_5PCT,27.0,63.0,0.0,WX_CLEANED,9,4,0,0,0.0652596184999999,0.10511030961111101,0.0866650531035878,0.08912538727628953
a3986d20c19f33c7c107fw,2026-02-27 10:00:00+08:00,0.06671184176388881,0.61,0.81,0.20000000000000007,66.64407911805561,HOURLY_RECON_GT_5PCT,28.8,58.0,0.0,WX_CLEANED,10,4,0,0,0.09068106386111091,0.1040923364444444,0.08566633551620355,0.08890288433176241
a3986d20c19f33c7c107fw,2026-02-27 11:00:00+08:00,0.11529929993055531,0.81,0.67,0.0,,,29.6,55.0,0.0,WX_CLEANED,11,4,0,0,0.0878854890277777,0.0748108631944443,0.08680857763715262,0.08914388693138212
a3986d20c19f33c7c107fw,2026-02-27 12:00:00+08:00,0.06539857063888879,0.67,0.07,0.0,,,30.3,54.0,0.0,WX_CLEANED,12,4,0,0,0.0667379453888887,0.0746234515972221,0.08675277035590262,0.08908897692567776
a3986d20c19f33c7c107fw,2026-02-27 13:00:00+08:00,0.1012544491111109,0.07,0.73,0.6599999999999999,84.65841680134683,HOURLY_RECON_GT_5PCT,31.2,52.0,0.0,WX_CLEANED,13,4,0,0,0.1090937969999998,0.1133263662499999,0.08642613086053225,0.08901712027604151
a3986d20c19f33c7c107fw,2026-02-27 14:00:00+08:00,0.1255118002499999,0.73,0.79,0.06000000000000005,109.18633374999962,HOURLY_RECON_GT_5PCT,31.3,51.0,0.0,WX_CLEANED,14,4,0,0,0.1547229239999997,0.1000121067222221,0.08520900070428226,0.0891689041660878
a3986d20c19f33c7c107fw,2026-02-27 15:00:00+08:00,0.0701987592083333,0.79,0.04,0.0,,,32.9,45.0,0.0,WX_CLEANED,15,4,0,0,0.0939517033888886,0.1038165099999999,0.08421929469675911,0.0889687985066136
a3986d20c19f33c7c107fw,2026-02-27 16:00:00+08:00,0.0845825047777776,0.01,0.67,0.66,87.184468973064,HOURLY_RECON_GT_5PCT,32.5,46.0,0.0,WX_CLEANED,16,4,0,0,0.081713389722222,0.044202617236111,0.08433884115740727,0.08920915498007591
a3986d20c19f33c7c107fw,2026-02-27 17:00:00+08:00,0.1010846143194443,0.67,0.8,0.13,22.24260436965824,HOURLY_RECON_GT_5PCT,30.4,59.0,0.0,WX_CLEANED,17,4,0,0,0.15289430099999984,0.0445303788055554,0.08218010421238413,0.08954578733432524
a3986d20c19f33c7c107fw,2026-02-27 18:00:00+08:00,0.0958393989305553,0.8,0.33,0.0,,,29.5,60.0,0.0,WX_CLEANED,18,4,0,0,0.0712319974999999,0.0600087499999999,0.08320541260532394,0.08975906500653093
a3986d20c19f33c7c107fw,2026-02-27 19:00:00+08:00,0.0414104570138888,0.33,0.01,0.0,,,29.0,63.0,0.0,WX_CLEANED,19,4,0,0,0.042749350055555496,0.07506966816666649,0.08314962539525449,0.08955871255919297
a3986d20c19f33c7c107fw,2026-02-27 20:00:00+08:00,0.0670311382499999,0.01,0.37,0.36,81.38023937500003,HOURLY_RECON_GT_5PCT,28.1,64.0,0.0,WX_CLEANED,20,4,0,0,0.0570591528888888,0.07512529994444431,0.08356512478530077,0.08951053302529746
a3986d20c19f33c7c107fw,2026-02-27 21:00:00+08:00,0.0876508154444443,0.37,0.54,0.17000000000000004,48.440696797385726,HOURLY_RECON_GT_5PCT,27.5,68.0,0.0,WX_CLEANED,21,4,0,0,0.1006118947916665,0.0879985088888887,0.08302507981249986,0.08950846342146149
a3986d20c19f33c7c107fw,2026-02-27 22:00:00+08:00,0.1018946242361109,0.54,0.79,0.25,59.24215030555564,HOURLY_RECON_GT_5PCT,26.7,71.0,0.0,WX_CLEANED,22,4,0,0,0.1261638297777775,0.0986319903888886,0.08201386291493042,0.08952788386102829
a3986d20c19f33c7c107fw,2026-02-27 23:00:00+08:00,0.098148375875,0.79,0.61,0.0,,,26.2,74.0,0.0,WX_CLEANED,23,4,0,0,0.0424793364166665,0.0717193286111109,0.08433340622569431,0.08968519961855143
a3986d20c19f33c7c107fw,2026-02-28 00:00:00+08:00,0.0432640802777777,0.61,0.12,0.0,,,26.0,75.0,0.0,WX_CLEANED,0,5,1,0,0.0867402647222221,0.0726351417638887,0.08252189854050913,0.0895103718716103
a3986d20c19f33c7c107fw,2026-02-28 01:00:00+08:00,0.1662009590416663,0.12,0.74,0.62,73.19339370295704,HOURLY_RECON_GT_5PCT,25.7,76.0,0.0,WX_CLEANED,1,5,1,0,0.1009236587499998,0.0586598649166666,0.0852417860526619,0.09015049743187815
a3986d20c19f33c7c107fw,2026-02-28 02:00:00+08:00,0.0385072283194444,0.74,0.09,0.0,,,25.3,78.0,0.0,WX_CLEANED,2,5,1,0,0.1015477664305553,0.0732479734166666,0.08261509696469894,0.08994370728248993
a3986d20c19f33c7c107fw,2026-02-28 03:00:00+08:00,0.1699992360277775,0.09,0.75,0.66,74.24253999579129,HOURLY_RECON_GT_5PCT,25.1,79.0,0.0,WX_CLEANED,3,5,1,0,0.071773731111111,0.0694777863888888,0.08670782633622671,0.09054204924462617
a3986d20c19f33c7c107fw,2026-02-28 04:00:00+08:00,0.0728908784722221,0.75,0.27,0.0,,,24.8,80.0,0.0,WX_CLEANED,4,5,1,0,0.0569902149999999,0.0738154275833332,0.08737035398090263,0.09053654597610765
a3986d20c19f33c7c107fw,2026-02-28 05:00:00+08:00,0.072961704861111,0.27,0.15,0.0,,,24.5,81.0,0.0,WX_CLEANED,5,5,1,0,0.1023844818749999,0.102609823597222,0.08614440493865727,0.09036006907886888
a3986d20c19f33c7c107fw,2026-02-28 06:00:00+08:00,0.0874843958333332,0.15,0.47,0.31999999999999995,72.66112630208337,HOURLY_RECON_GT_5PCT,24.5,81.0,0.0,WX_CLEANED,6,5,1,0,0.0952294596527776,0.044802934625,0.08582169394618043,0.09061412539558517
a3986d20c19f33c7c107fw,2026-02-28 07:00:00+08:00,0.1343026124999997,0.47,0.8,0.33000000000000007,59.30223863636373,HOURLY_RECON_GT_5PCT,24.8,77.0,0.0,WX_CLEANED,7,5,1,0,0.0673822833194444,0.1463671964166664,0.08861004099537023,0.0905423123960812
a3986d20c19f33c7c107fw,2026-02-28 08:00:00+08:00,0.041933536638888796,0.8,0.1,0.0,,,25.5,73.0,0.0,WX_CLEANED,8,5,1,0,0.0391967163888888,0.09862764545833311,0.08872407517245355,0.09020484746263213
a3986d20c19f33c7c107fw,2026-02-28 09:00:00+08:00,0.0874299836666666,0.1,0.58,0.48,81.78542006944446,HOURLY_RECON_GT_5PCT,27.5,63.0,0.0,WX_CLEANED,9,5,1,0,0.07981652241666659,0.08273593665277759,0.08904130272453688,0.09023278821866718
a3986d20c19f33c7c107fw,2026-02-28 10:00:00+08:00,0.1571916597222218,0.58,0.76,0.18000000000000005,12.67130015432125,HOURLY_RECON_GT_5PCT,29.5,54.0,0.0,WX_CLEANED,10,5,1,0,0.06671184176388881,0.1586918051249998,0.09281129513946744,0.09022385878174588
a3986d20c19f33c7c107fw,2026-02-28 11:00:00+08:00,0.06954763491666649,0.76,0.08,0.0,,,31.2,45.0,0.0,WX_CLEANED,11,5,1,0,0.11529929993055531,0.07451025616666661,0.09090497576388873,0.0901943193695435
a3986d20c19f33c7c107fw,2026-02-28 12:00:00+08:00,0.1148613540833332,0.08,0.71,0.63,81.76803903439156,HOURLY_RECON_GT_5PCT,31.8,43.0,0.0,WX_CLEANED,12,5,1,0,0.06539857063888879,0.141103279611111,0.0929659250740739,0.09003811743187815
a3986d20c19f33c7c107fw,2026-02-28 13:00:00+08:00,0.1195552244305553,0.71,0.8,0.09000000000000008,32.83913825617244,HOURLY_RECON_GT_5PCT,32.2,44.0,0.0,WX_CLEANED,13,5,1,0,0.1012544491111109,0.10129660487499981,0.09372845737905076,0.09014679969113741
a3986d20c19f33c7c107fw,2026-02-28 14:00:00+08:00,0.0642270308055553,0.8,0.16,0.0,,,32.4,44.0,0.0,WX_CLEANED,14,5,1,0,0.1255118002499999,0.1518664606944442,0.09117492531886558,0.08962513641798926
a3986d20c19f33c7c107fw,2026-02-28 15:00:00+08:00,0.1451911998333331,0.16,0.75,0.59,75.39132206214694,HOURLY_RECON_GT_5PCT,33.0,41.0,0.0,WX_CLEANED,15,5,1,0,0.0701987592083333,0.0733267267777777,0.09429961034490723,0.09005290113855804
a3986d20c19f33c7c107fw,2026-02-28 16:00:00+08:00,0.10077319200000001,0.19,0.42,0.22999999999999998,56.185568695652165,HOURLY_RECON_GT_5PCT,33.0,40.0,0.0,WX_CLEANED,16,5,1,0,0.0845825047777776,0.1023134509999999,0.09497422231249984,0.09004373293022472
a3986d20c19f33c7c107fw,2026-02-28 17:00:00+08:00,0.07203892799999989,0.75,0.03,0.0,,,32.0,43.0,0.0,WX_CLEANED,17,5,1,0,0.1010846143194443,0.0715237097083332,0.093763985382523,0.09004679970577036
a3986d20c19f33c7c107fw,2026-02-28 18:00:00+08:00,0.0722326350277777,0.68,0.33,0.0,,,30.2,50.0,0.0,WX_CLEANED,18,5,1,0,0.0958393989305553,0.07123998112499991,0.09278037021990726,0.09005270835995355
a3986d20c19f33c7c107fw,2026-02-28 19:00:00+08:00,0.0879675411388888,0.32,0.61,0.29,69.6663651245211,HOURLY_RECON_GT_5PCT,28.8,55.0,0.0,WX_CLEANED,19,5,1,0,0.0414104570138888,0.051069976638888695,0.09472024872511559,0.0902723367200726
a3986d20c19f33c7c107fw,2026-02-28 20:00:00+08:00,0.1037553074583332,0.01,0.8,0.79,86.86641677742618,HOURLY_RECON_GT_5PCT,27.7,65.0,0.0,WX_CLEANED,20,5,1,0,0.0670311382499999,0.0659690877638888,0.09625042244212946,0.09049725469444428
a3986d20c19f33c7c107fw,2026-02-28 21:00:00+08:00,0.1043627312916665,0.07,0.55,0.48000000000000004,78.25776431423614,HOURLY_RECON_GT_5PCT,27.1,67.0,0.0,WX_CLEANED,21,5,1,0,0.0876508154444443,0.0664951363055555,0.09694675226909706,0.09072265704555209
a3986d20c19f33c7c107fw,2026-02-28 22:00:00+08:00,0.1038202058333331,0.28,0.33,0.04999999999999999,107.64041166666625,HOURLY_RECON_GT_5PCT,26.2,72.0,0.0,WX_CLEANED,22,5,1,0,0.1018946242361109,0.0656245319166666,0.09702698483564798,0.09095001224743701
a3986d20c19f33c7c107fw,2026-02-28 23:00:00+08:00,0.0440430009444443,0.72,0.01,0.0,,,25.7,73.0,0.0,WX_CLEANED,23,5,1,0,0.098148375875,0.0947197219861109,0.0947725942135415,0.09064836509837947
a3986d20c19f33c7c107fw,2026-03-01 00:00:00+08:00,0.0437085564166666,0.01,0.21,0.19999999999999998,78.1457217916667,HOURLY_RECON_GT_5PCT,25.5,73.0,0.0,WX_CLEANED,0,6,1,0,0.0432640802777777,0.0724785878194443,0.09479111405266187,0.09047711491145818
a3986d20c19f33c7c107fw,2026-03-01 01:00:00+08:00,0.1434431031388888,0.21,0.75,0.54,73.43646238168726,HOURLY_RECON_GT_5PCT,25.3,72.0,0.0,WX_CLEANED,1,6,1,0,0.1662009590416663,0.0644282990833333,0.09384287005671281,0.09094744112607459
a3986d20c19f33c7c107fw,2026-03-01 02:00:00+08:00,0.1251012973333332,0.75,0.62,0.0,,,25.2,71.0,0.0,WX_CLEANED,2,6,1,0,0.0385072283194444,0.0792326814305554,0.09745095626562483,0.09122046860168635
a3986d20c19f33c7c107fw,2026-03-01 03:00:00+08:00,0.0703625919999999,0.62,0.25,0.0,,,25.4,69.0,0.0,WX_CLEANED,3,6,1,0,0.1699992360277775,0.0920052389999999,0.0932994294311341,0.09109164332192446
a3986d20c19f33c7c107fw,2026-03-01 04:00:00+08:00,0.040631310694444395,0.25,0.16,0.0,,,25.1,71.0,0.0,WX_CLEANED,4,6,1,0,0.0728908784722221,0.1013611255555553,0.09195528077372671,0.09073015632870354
a3986d20c19f33c7c107fw,2026-03-01 05:00:00+08:00,0.0683434846805554,0.16,0.39,0.23,70.28544144323678,HOURLY_RECON_GT_5PCT,24.9,73.0,0.0,WX_CLEANED,5,6,1,0,0.072961704861111,0.1349881843611108,0.09176285493287023,0.09033346168774786
a3986d20c19f33c7c107fw,2026-03-01 06:00:00+08:00,0.0804894376388888,0.39,0.65,0.26,69.04252398504276,HOURLY_RECON_GT_5PCT,24.7,74.0,0.0,WX_CLEANED,6,6,1,0,0.0874843958333332,0.1003713254027775,0.09147139834143504,0.09021511711772472
a3986d20c19f33c7c107fw,2026-03-01 07:00:00+08:00,0.1193883184444441,0.65,0.81,0.16000000000000003,25.382300972222456,HOURLY_RECON_GT_5PCT,25.0,72.0,0.0,WX_CLEANED,7,6,1,0,0.1343026124999997,0.0723425347777776,0.09084996942245355,0.09049515154431202
a3986d20c19f33c7c107fw,2026-03-01 08:00:00+08:00,0.06761949695833319,0.81,0.01,0.0,,,26.0,66.0,0.0,WX_CLEANED,8,6,1,0,0.041933536638888796,0.11634443347222209,0.09192021776909708,0.09020512216030077
a3986d20c19f33c7c107fw,2026-03-01 09:00:00+08:00,0.1018710047499997,0.01,0.74,0.73,86.0450678424658,HOURLY_RECON_GT_5PCT,27.8,58.0,0.0,WX_CLEANED,9,6,1,0,0.0874299836666666,0.1303035157499997,0.09252192698090261,0.090035881023396
a3986d20c19f33c7c107fw,2026-03-01 10:00:00+08:00,0.0946248572916666,0.74,0.63,0.0,,,29.4,53.0,0.0,WX_CLEANED,10,6,1,0,0.1571916597222218,0.1524621054027773,0.08991497687962947,0.08969161168940129
a3986d20c19f33c7c107fw,2026-03-01 11:00:00+08:00,0.1518063807499997,0.63,0.74,0.10999999999999999,38.00580068181792,HOURLY_RECON_GT_5PCT,30.3,51.0,0.0,WX_CLEANED,11,6,1,0,0.06954763491666649,0.071957659611111,0.09334242462268504,0.09016690169618041
a3986d20c19f33c7c107fw,2026-03-01 12:00:00+08:00,0.148863518972222,0.74,0.74,0.0,,,31.2,51.0,0.0,WX_CLEANED,12,6,1,0,0.1148613540833332,0.1560082748611109,0.0947591814930554,0.09012437338731798
a3986d20c19f33c7c107fw,2026-03-01 13:00:00+08:00,0.0393437707222221,0.74,0.05,0.0,,,31.5,50.0,0.2,WX_CLEANED,13,6,1,0,0.1195552244305553,0.1489533429444441,0.09141703758854151,0.08947193545742378
a3986d20c19f33c7c107fw,2026-03-01 14:00:00+08:00,0.1168333853333331,0.05,0.75,0.7,83.3095163809524,HOURLY_RECON_GT_5PCT,31.8,52.0,0.3,WX_CLEANED,14,6,1,0,0.0642270308055553,0.0968685811388888,0.09360896902719891,0.08959077357762882
a3986d20c19f33c7c107fw,2026-03-01 15:00:00+08:00,0.1007027748055554,0.75,0.71,0.0,,,32.1,52.0,0.1,WX_CLEANED,15,6,1,0,0.1451911998333331,0.1282572199999997,0.09175528465104153,0.08942675902289998
a3986d20c19f33c7c107fw,2026-03-01 16:00:00+08:00,0.0992226854166665,0.01,0.14,0.13,23.674857371795007,HOURLY_RECON_GT_5PCT,31.6,56.0,0.0,WX_CLEANED,16,6,1,0,0.10077319200000001,0.1280828540972221,0.09169068021006928,0.08925497230456335
a3986d20c19f33c7c107fw,2026-03-01 17:00:00+08:00,0.0708274989444443,0.78,0.27,0.0,,,31.4,55.0,0.0,WX_CLEANED,17,6,1,0,0.07203892799999989,0.100675446472222,0.09164020399942115,0.08907730595023133
a3986d20c19f33c7c107fw,2026-03-01 18:00:00+08:00,0.086915835111111,0.43,0.65,0.22000000000000003,60.492802222222274,HOURLY_RECON_GT_5PCT,30.5,57.0,0.0,WX_CLEANED,18,6,1,0,0.0722326350277777,0.057545894777777704,0.09225200400289335,0.08925212702364403
a3986d20c19f33c7c107fw,2026-03-01 19:00:00+08:00,0.073446229111111,0.01,0.8,0.79,90.7030089732771,HOURLY_RECON_GT_5PCT,29.5,61.0,0.0,WX_CLEANED,19,6,1,0,0.0879675411388888,0.1000528856249998,0.09164694933506928,0.08909375406820422
a3986d20c19f33c7c107fw,2026-03-01 20:00:00+08:00,0.0735111964999999,0.8,0.48,0.0,,,29.0,63.0,0.0,WX_CLEANED,20,6,1,0,0.1037553074583332,0.1009274070833332,0.09038677804513874,0.08893056233854152
a3986d20c19f33c7c107fw,2026-03-01 21:00:00+08:00,0.0732251468472221,0.48,0.22,0.0,,,28.5,64.0,0.0,WX_CLEANED,21,6,1,0,0.1043627312916665,0.0709506698333332,0.08908937869328687,0.08894410089219561
a3986d20c19f33c7c107fw,2026-03-01 22:00:00+08:00,0.1633886911944442,0.22,0.72,0.5,67.32226176111115,HOURLY_RECON_GT_5PCT,28.1,66.0,0.0,WX_CLEANED,22,6,1,0,0.1038202058333331,0.0728575575833332,0.0915713989166665,0.08948297668749985
a3986d20c19f33c7c107fw,2026-03-01 23:00:00+08:00,0.06267969324999981,0.72,0.29,0.0,,,27.6,70.0,0.0,WX_CLEANED,23,6,1,0,0.0440430009444443,0.0592774828333332,0.09234792776273132,0.08950322793998
a3986d20c19f33c7c107fw,2026-03-02 00:00:00+08:00,0.1115735414999999,0.29,0.76,0.47000000000000003,76.2609486170213,HOURLY_RECON_GT_5PCT,27.3,74.0,0.0,WX_CLEANED,0,0,0,0,0.0437085564166666,0.07397591076388871,0.09517563547453688,0.0897270233610283
a3986d20c19f33c7c107fw,2026-03-02 01:00:00+08:00,0.1007522205555554,0.76,0.57,0.0,,,27.2,75.0,0.0,WX_CLEANED,1,0,0,0,0.1434431031388888,0.1047974210416665,0.09339684870023131,0.0897029447867062
a3986d20c19f33c7c107fw,2026-03-02 02:00:00+08:00,0.0863491364999998,0.57,0.26,0.0,,,26.8,78.0,0.0,WX_CLEANED,2,0,0,0,0.1251012973333332,0.0741074844999999,0.09178217533217577,0.08977581176289667
a3986d20c19f33c7c107fw,2026-03-02 03:00:00+08:00,0.1151175984444443,0.26,0.75,0.49,76.5066125623583,HOURLY_RECON_GT_5PCT,26.8,76.0,0.0,WX_CLEANED,3,0,0,0,0.0703625919999999,0.0461948923333333,0.09364696726736095,0.090186065965939
a3986d20c19f33c7c107fw,2026-03-02 04:00:00+08:00,0.1314623881388887,0.75,0.69,0.0,,,26.5,76.0,0.1,WX_CLEANED,4,0,0,0,0.040631310694444395,0.0307774133333333,0.0974315954942128,0.09078538129216254
a3986d20c19f33c7c107fw,2026-03-02 05:00:00+08:00,0.07304171536111101,0.69,0.11,0.0,,,26.2,75.0,0.1,WX_CLEANED,5,0,0,0,0.0683434846805554,0.0755864322499998,0.09762735510590259,0.09077023416782393
a3986d20c19f33c7c107fw,2026-03-02 06:00:00+08:00,0.0730739235277776,0.11,0.28,0.17000000000000004,57.015339101307305,HOURLY_RECON_GT_5PCT,26.0,77.0,0.1,WX_CLEANED,6,0,0,0,0.0804894376388888,0.1050144499999998,0.09731837535127297,0.09058011198644164
a3986d20c19f33c7c107fw,2026-03-02 07:00:00+08:00,0.1174332633333332,0.28,0.76,0.48,75.53473680555558,HOURLY_RECON_GT_5PCT,26.0,77.0,0.0,WX_CLEANED,7,0,0,0,0.1193883184444441,0.1053186915277776,0.09723691472164336,0.09065222253290328
a3986d20c19f33c7c107fw,2026-03-02 08:00:00+08:00,0.1231489652638887,0.76,0.61,0.0,,,26.4,78.0,0.0,WX_CLEANED,8,0,0,0,0.06761949695833319,0.1127751215972221,0.09955064256770817,0.09071397160234773
a3986d20c19f33c7c107fw,2026-03-02 09:00:00+08:00,0.06973659429166651,0.61,0.06,0.0,,,27.0,76.0,0.4,WX_CLEANED,9,0,0,0,0.1018710047499997,0.1401790235416665,0.09821170879861096,0.09029467142824059
a3986d20c19f33c7c107fw,2026-03-02 10:00:00+08:00,0.0593966339999999,0.06,0.33,0.27,78.00124666666672,HOURLY_RECON_GT_5PCT,29.0,67.0,0.1,WX_CLEANED,10,0,0,0,0.0946248572916666,0.0728056184027777,0.09674386616145818,0.09021485604489073
a3986d20c19f33c7c107fw,2026-03-02 11:00:00+08:00,0.1606267909999998,0.33,0.77,0.44,63.49391113636368,HOURLY_RECON_GT_5PCT,30.5,59.0,0.2,WX_CLEANED,11,0,0,0,0.1518063807499997,0.1141417492222219,0.09711138325520818,0.0904915527221394
a3986d20c19f33c7c107fw,2026-03-02 12:00:00+08:00,0.0702838054027777,0.77,0.01,0.0,,,31.2,55.0,0.2,WX_CLEANED,12,0,0,0,0.148863518972222,0.1012271773611108,0.093837228523148,0.09030736598429218
a3986d20c19f33c7c107fw,2026-03-02 13:00:00+08:00,0.0869381651388888,0.01,0.56,0.55,84.1930608838384,HOURLY_RECON_GT_5PCT,31.6,54.0,0.1,WX_CLEANED,13,0,0,0,0.0393437707222221,0.0438793913888888,0.09582032829050911,0.09056366820899456
a3986d20c19f33c7c107fw,2026-03-02 14:00:00+08:00,0.1448664036111109,0.07,0.8,0.73,80.15528717656015,HOURLY_RECON_GT_5PCT,31.3,58.0,0.0,WX_CLEANED,14,0,0,0,0.1168333853333331,0.0878104384444443,0.09698837071874987,0.09090328704927234
a3986d20c19f33c7c107fw,2026-03-02 15:00:00+08:00,0.043286625875,0.8,0.06,0.0,,,31.5,57.0,0.0,WX_CLEANED,15,0,0,0,0.1007027748055554,0.1015591312916664,0.09459603117997671,0.09055642689798267
a3986d20c19f33c7c107fw,2026-03-02 16:00:00+08:00,0.0859768355,0.01,0.73,0.72,88.05877284722222,HOURLY_RECON_GT_5PCT,31.2,58.0,0.0,WX_CLEANED,16,0,0,0,0.0992226854166665,0.10422287834722199,0.09404412076678227,0.09044781950008252
a3986d20c19f33c7c107fw,2026-03-02 17:00:00+08:00,0.1286793841666665,0.02,0.8,0.78,83.50264305555558,HOURLY_RECON_GT_5PCT,30.8,60.0,0.0,WX_CLEANED,17,0,0,0,0.0708274989444443,0.10193567224999969,0.09645461598437487,0.09060700826149125
a3986d20c19f33c7c107fw,2026-03-02 18:00:00+08:00,0.1017832324999999,0.8,0.4,0.0,,,30.0,64.0,0.0,WX_CLEANED,18,0,0,0,0.086915835111111,0.0416478886666666,0.09707409087557857,0.09096495673668967
a3986d20c19f33c7c107fw,2026-03-02 19:00:00+08:00,0.0443672590277777,0.4,0.01,0.0,,,29.0,69.0,0.0,WX_CLEANED,19,0,0,0,0.073446229111111,0.0737611182916665,0.09586246712210635,0.09078999328869033
a3986d20c19f33c7c107fw,2026-03-02 20:00:00+08:00,0.0442531013055555,0.01,0.19,0.18,75.41494371913583,HOURLY_RECON_GT_5PCT,28.7,69.0,0.0,WX_CLEANED,20,0,0,0,0.0735111964999999,0.0872304172222221,0.09464337982233782,0.0905341759320435
a3986d20c19f33c7c107fw,2026-03-02 21:00:00+08:00,0.1735251820555553,0.19,0.74,0.55,68.44996689898994,HOURLY_RECON_GT_5PCT,28.1,71.0,0.0,WX_CLEANED,21,0,0,0,0.0732251468472221,0.132291768,0.09882254795601837,0.09077961292046942
a3986d20c19f33c7c107fw,2026-03-02 22:00:00+08:00,0.0663539501388888,0.74,0.17,0.0,,,27.4,74.0,0.0,WX_CLEANED,22,0,0,0,0.1633886911944442,0.0996267859999998,0.09477943374537023,0.09058156032605805
a3986d20c19f33c7c107fw,2026-03-02 23:00:00+08:00,0.0847356866666665,0.17,0.67,0.5,83.0528626666667,HOURLY_RECON_GT_5PCT,26.9,77.0,0.0,WX_CLEANED,23,0,0,0,0.06267969324999981,0.0432913399999999,0.0956984334710647,0.09082825286574059
a3986d20c19f33c7c107fw,2026-03-03 00:00:00+08:00,0.1280453180416664,0.67,0.79,0.12,6.70443170138868,HOURLY_RECON_GT_5PCT,,,,,0,1,0,0,0.1115735414999999,0.0435038059999999,0.09638475749363412,0.0913314761517029
a3986d20c19f33c7c107fw,2026-03-03 01:00:00+08:00,0.1019172624444443,0.79,0.45,0.0,,,,,,,1,1,0,0,0.1007522205555554,0.0586930666666666,0.09643330090567116,0.09158876303133252
a3986d20c19f33c7c107fw,2026-03-03 02:00:00+08:00,0.0725730264999998,0.45,0.05,0.0,,,,,,,2,1,0,0,0.0863491364999998,0.0738893421388887,0.09585929632233782,0.09158092781919629
a3986d20c19f33c7c107fw,2026-03-03 03:00:00+08:00,0.0438639414722222,0.05,0.17,0.12000000000000001,63.446715439814824,HOURLY_RECON_GT_5PCT,,,,,3,1,0,0,0.1151175984444443,0.0738721681249999,0.09289039394849523,0.09140230742245355
a3986d20c19f33c7c107fw,2026-03-03 04:00:00+08:00,0.0889371516666666,0.17,0.59,0.41999999999999993,78.82448769841271,HOURLY_RECON_GT_5PCT,,,,,4,1,0,0,0.1314623881388887,0.0742708889999997,0.09111850909548598,0.09148960660499325
a3986d20c19f33c7c107fw,2026-03-03 05:00:00+08:00,0.07461271174999991,0.59,0.81,0.22000000000000008,66.08513102272734,HOURLY_RECON_GT_5PCT,,,,,5,1,0,0,0.07304171536111101,0.1005725809444442,0.09118396727835637,0.09133508357407394
a3986d20c19f33c7c107fw,2026-03-03 06:00:00+08:00,0.1040996877083332,0.81,0.43,0.0,,,,,,,6,1,0,0,0.0730739235277776,0.0437521640416666,0.09247670745254617,0.09169429502447075
a3986d20c19f33c7c107fw,2026-03-03 07:00:00+08:00,0.0445632866805555,0.43,0.01,0.0,,,,,,,7,1,0,0,0.1174332633333332,0.116736883972222,0.08944045842534709,0.09126469027868701
a3986d20c19f33c7c107fw,2026-03-03 08:00:00+08:00,0.059470825861111,0.01,0.23,0.22,72.96780642676774,HOURLY_RECON_GT_5PCT,,,,,8,1,0,0,0.1231489652638887,0.096549659486111,0.08678720261689804,0.09104398293568108
a3986d20c19f33c7c107fw,2026-03-03 09:00:00+08:00,0.0941799930972221,0.23,0.71,0.48,80.3791681047454,HOURLY_RECON_GT_5PCT,,,,,9,1,0,0,0.06973659429166651,0.0686142981805555,0.0878056775671295,0.09119615969113741
a3986d20c19f33c7c107fw,2026-03-03 10:00:00+08:00,0.09362675206944429,0.71,0.84,0.13,27.979421485042856,HOURLY_RECON_GT_5PCT,,,,,10,1,0,0,0.0593966339999999,0.0435090723888888,0.0892319324866897,0.09149447921304549
a3986d20c19f33c7c107fw,2026-03-03 11:00:00+08:00,0.0646054350138888,0.84,0.03,0.0,,,,,,,11,1,0,0,0.1606267909999998,0.1018276934305554,0.08523104265393507,0.09127291815104152
a3986d20c19f33c7c107fw,2026-03-03 12:00:00+08:00,0.17319297245833298,0.03,0.85,0.82,78.87890579776426,HOURLY_RECON_GT_5PCT,,,,,12,1,0,0,0.0702838054027777,0.0948995990138888,0.08951892461458322,0.09173895013582987
a3986d20c19f33c7c107fw,2026-03-03 13:00:00+08:00,0.1339456373055553,0.85,0.75,0.0,,,,,,,13,1,0,0,0.0869381651388888,0.0727777391944443,0.09147756928819432,0.09210304476744365
a3986d20c19f33c7c107fw,2026-03-03 14:00:00+08:00,0.0763770621249998,0.75,0.39,0.0,,,,,,,14,1,0,0,0.1448664036111109,0.1009538621527776,0.088623846726273,0.09195675429108781
a3986d20c19f33c7c107fw,2026-03-03 15:00:00+08:00,0.0611137984166666,0.39,0.17,0.0,,,,,,,15,1,0,0,0.043286625875,0.1129243659583332,0.08936664558217579,0.09164835805572075
a3986d20c19f33c7c107fw,2026-03-03 16:00:00+08:00,0.13401065436111081,0.01,0.79,0.78,82.81914687678066,HOURLY_RECON_GT_5PCT,,,,,16,1,0,0,0.0859768355,0.129993581611111,0.09136805470138874,0.09167226920304218
a3986d20c19f33c7c107fw,2026-03-03 17:00:00+08:00,0.1045029843749999,0.26,0.33,0.07,49.289977678571276,HOURLY_RECON_GT_5PCT,,,,,17,1,0,0,0.1286793841666665,0.0723038875277777,0.0903607047100693,0.09186393049379946
a3986d20c19f33c7c107fw,2026-03-03 18:00:00+08:00,0.0453343794444444,0.33,0.01,0.0,,,,,,,18,1,0,0,0.1017832324999999,0.0579419267777777,0.08800866916608781,0.09178888556919629
a3986d20c19f33c7c107fw,2026-03-03 19:00:00+08:00,0.090703124111111,0.01,0.35,0.33999999999999997,73.32261055555558,HOURLY_RECON_GT_5PCT,,,,,19,1,0,0,0.0443672590277777,0.1013261097499996,0.0899393302112267,0.09172565351182194
a3986d20c19f33c7c107fw,2026-03-03 20:00:00+08:00,0.0753316759999999,0.35,0.76,0.41000000000000003,81.62642048780491,HOURLY_RECON_GT_5PCT,,,,,20,1,0,0,0.0442531013055555,0.1025391345833332,0.09123427082349522,0.09156370435358782
a3986d20c19f33c7c107fw,2026-03-03 21:00:00+08:00,0.1313878576666664,0.76,0.79,0.030000000000000027,337.9595255555543,HOURLY_RECON_GT_5PCT,,,,,21,1,0,0,0.1735251820555553,0.1026886666666666,0.0894785489739582,0.09173453287144497
a3986d20c19f33c7c107fw,2026-03-03 22:00:00+08:00,0.09847273908333311,0.79,0.3,0.0,,,,,,,22,1,0,0,0.0663539501388888,0.134216731361111,0.09081683184664337,0.09152177101264866
a3986d20c19f33c7c107fw,2026-03-03 23:00:00+08:00,0.0420005213055554,0.3,0.01,0.0,,,,,,,23,1,0,0,0.0847356866666665,0.07130079199999981,0.08903619995659706,0.09134736463946744
a3986d20c19f33c7c107fw,2026-03-04 00:00:00+08:00,0.0857675787499998,0.01,0.19,0.18,52.351345138889,HOURLY_RECON_GT_5PCT,,,,,0,2,0,0,0.1280453180416664,0.07230869818055541,0.08727462748611098,0.09142747702380938
a3986d20c19f33c7c107fw,2026-03-04 01:00:00+08:00,0.1024936920972219,0.19,0.48,0.29,64.6573475526821,HOURLY_RECON_GT_5PCT,,,,,1,2,0,0,0.1019172624444443,0.0731664787222221,0.08729864538831002,0.09160204377008914
a3986d20c19f33c7c107fw,2026-03-04 02:00:00+08:00,0.1034444291249999,0.48,0.78,0.30000000000000004,65.51852362500003,HOURLY_RECON_GT_5PCT,,,,,2,2,0,0,0.0725730264999998,0.0889292382222221,0.08858495383101837,0.09168844371593901
a3986d20c19f33c7c107fw,2026-03-04 03:00:00+08:00,0.0,0.78,0.05,0.0,,,,,,,3,2,0,0,0.0438639414722222,0.1343258208749999,0.0867572896030091,0.09088888525834972
a3c772d3fde52dbae832bi,2026-01-02 16:00:00+08:00,0.0556319166666665,0.0021,0.0102,0.008100000000000001,586.8137860082282,HOURLY_RECON_GT_5PCT,25.3,83.0,1.5,WX_CLEANED,16,4,0,0,,,0.0556319166666665,0.0556319166666665
a3c772d3fde52dbae832bi,2026-01-02 17:00:00+08:00,0.0663021666666666,0.011,0.0147,0.0037,1691.950450450449,HOURLY_RECON_GT_5PCT,24.4,90.0,2.9,WX_CLEANED,17,4,0,0,,,0.060967041666666555,0.060967041666666555
a3c772d3fde52dbae832bi,2026-01-02 18:00:00+08:00,0.06651764166666631,0.0154,0.019,0.003599999999999999,1747.7122685185086,HOURLY_RECON_GT_5PCT,23.5,93.0,2.9,WX_CLEANED,18,4,0,0,,,0.06281724166666647,0.06281724166666647
a3c772d3fde52dbae832bi,2026-01-02 19:00:00+08:00,0.0666309249999996,0.0197,0.0233,0.0036000000000000025,1750.8590277777653,HOURLY_RECON_GT_5PCT,23.4,94.0,2.9,WX_CLEANED,19,4,0,0,,,0.06377066249999976,0.06377066249999976
a3c772d3fde52dbae832bi,2026-01-02 20:00:00+08:00,0.0667483666666665,0.024,0.0304,0.0063999999999999994,942.9432291666641,HOURLY_RECON_GT_5PCT,23.6,93.0,1.4,WX_CLEANED,20,4,0,0,,,0.06436620333333311,0.06436620333333311
a3c772d3fde52dbae832bi,2026-01-02 21:00:00+08:00,0.0,0.034,0.0517,0.0177,100.0,HOURLY_RECON_GT_5PCT,23.8,91.0,0.2,WX_CLEANED,21,4,0,0,,,0.05363850277777759,0.05363850277777759
a3c772d3fde52dbae832bi,2026-01-02 22:00:00+08:00,0.0,0.0552,0.0729,0.017700000000000007,100.0,HOURLY_RECON_GT_5PCT,23.8,90.0,0.0,WX_CLEANED,22,4,0,0,,,0.04597585952380936,0.04597585952380936
a3c772d3fde52dbae832bi,2026-01-02 23:00:00+08:00,0.0,0.0764,0.0941,0.017700000000000007,100.0,HOURLY_RECON_GT_5PCT,23.8,89.0,0.0,WX_CLEANED,23,4,0,0,,,0.04022887708333319,0.04022887708333319
a3c772d3fde52dbae832bi,2026-01-03 00:00:00+08:00,0.0,0.0976,0.1118,0.01419999999999999,100.0,HOURLY_RECON_GT_5PCT,24.0,88.0,0.0,WX_CLEANED,0,5,1,0,,,0.03575900185185173,0.03575900185185173
a3c772d3fde52dbae832bi,2026-01-03 01:00:00+08:00,0.0,0.1153,0.133,0.017700000000000007,100.0,HOURLY_RECON_GT_5PCT,24.0,88.0,0.0,WX_CLEANED,1,5,1,0,,,0.032183101666666554,0.032183101666666554
a3c772d3fde52dbae832bi,2026-01-03 02:00:00+08:00,0.0,0.1365,0.1542,0.017699999999999994,100.0,HOURLY_RECON_GT_5PCT,23.8,86.0,0.0,WX_CLEANED,2,5,1,0,,,0.029257365151515047,0.029257365151515047
a3c772d3fde52dbae832bi,2026-01-03 03:00:00+08:00,0.0,0.1577,0.1754,0.017699999999999994,100.0,HOURLY_RECON_GT_5PCT,23.8,86.0,0.0,WX_CLEANED,3,5,1,0,,,0.026819251388888795,0.026819251388888795
a3c772d3fde52dbae832bi,2026-01-03 04:00:00+08:00,0.0,0.179,0.1966,0.017600000000000005,100.0,HOURLY_RECON_GT_5PCT,23.8,84.0,0.0,WX_CLEANED,4,5,1,0,,,0.024756232051281964,0.024756232051281964
a3c772d3fde52dbae832bi,2026-01-03 05:00:00+08:00,0.0,0.1976,0.199,0.0014000000000000123,100.0,HOURLY_RECON_GT_5PCT,23.6,83.0,0.0,WX_CLEANED,5,5,1,0,,,0.02298792976190468,0.02298792976190468
a3c772d3fde52dbae832bi,2026-01-03 06:00:00+08:00,0.0,0.2004,0.2148,0.014399999999999996,100.0,HOURLY_RECON_GT_5PCT,23.6,82.0,0.0,WX_CLEANED,6,5,1,0,,,0.021455401111111036,0.021455401111111036
a3c772d3fde52dbae832bi,2026-01-03 07:00:00+08:00,0.0,0.2195,0.2409,0.021400000000000002,100.0,HOURLY_RECON_GT_5PCT,23.6,81.0,0.0,WX_CLEANED,7,5,1,0,,,0.020114438541666595,0.020114438541666595
a3c772d3fde52dbae832bi,2026-01-03 08:00:00+08:00,0.0,0.2451,0.266,0.020900000000000002,100.0,HOURLY_RECON_GT_5PCT,24.5,79.0,0.0,WX_CLEANED,8,5,1,0,,,0.01893123627450974,0.01893123627450974
a3c772d3fde52dbae832bi,2026-01-03 09:00:00+08:00,0.0,0.2702,0.291,0.020799999999999985,100.0,HOURLY_RECON_GT_5PCT,25.4,75.0,0.0,WX_CLEANED,9,5,1,0,,,0.017879500925925863,0.017879500925925863
a3c772d3fde52dbae832bi,2026-01-03 10:00:00+08:00,0.0,0.2951,0.3157,0.020600000000000007,100.0,HOURLY_RECON_GT_5PCT,25.9,72.0,0.0,WX_CLEANED,10,5,1,0,,,0.01693847456140345,0.01693847456140345
a3c772d3fde52dbae832bi,2026-01-03 11:00:00+08:00,0.0,0.3199,0.3405,0.020600000000000007,100.0,HOURLY_RECON_GT_5PCT,26.9,67.0,0.0,WX_CLEANED,11,5,1,0,,,0.016091550833333277,0.016091550833333277
a3c772d3fde52dbae832bi,2026-01-03 12:00:00+08:00,0.006629608333333099,0.3446,0.3653,0.020699999999999996,67.97290660225556,HOURLY_RECON_GT_5PCT,27.2,66.0,0.0,WX_CLEANED,12,5,1,0,,,0.015640982142857078,0.015640982142857078
a3c772d3fde52dbae832bi,2026-01-03 13:00:00+08:00,0.030422958333332903,0.3694,0.3903,0.020899999999999974,45.56439393939206,HOURLY_RECON_GT_5PCT,26.9,66.0,0.0,WX_CLEANED,13,5,1,0,,,0.01631289015151507,0.01631289015151507
a3c772d3fde52dbae832bi,2026-01-03 14:00:00+08:00,0.0309508666666665,0.3944,0.4153,0.02090000000000003,48.09027113237539,HOURLY_RECON_GT_5PCT,27.4,62.0,0.0,WX_CLEANED,14,5,1,0,,,0.016949323913043393,0.016949323913043393
a3c772d3fde52dbae832bi,2026-01-03 15:00:00+08:00,0.036010658333332904,0.4194,0.44,0.020600000000000007,74.80902103559656,HOURLY_RECON_GT_5PCT,26.6,64.0,0.0,WX_CLEANED,15,5,1,0,,,0.017743546180555455,0.017743546180555455
a3c772d3fde52dbae832bi,2026-01-03 16:00:00+08:00,0.0572891916666665,0.0036,0.0188,0.015200000000000002,276.9025767543848,HOURLY_RECON_GT_5PCT,26.1,66.0,0.0,WX_CLEANED,16,5,1,0,0.0556319166666665,,0.017812599305555454,0.0193253719999999
a3c772d3fde52dbae832bi,2026-01-03 17:00:00+08:00,0.058776258333333,0.0214,0.0326,0.011199999999999998,424.7880208333304,HOURLY_RECON_GT_5PCT,25.5,70.0,0.0,WX_CLEANED,17,5,1,0,0.0663021666666666,,0.017499019791666556,0.020842713782051173
a3c772d3fde52dbae832bi,2026-01-03 18:00:00+08:00,0.0589672916666665,0.0353,0.0485,0.013200000000000003,346.72190656565516,HOURLY_RECON_GT_5PCT,25.2,71.0,0.0,WX_CLEANED,18,5,1,0,0.06651764166666631,,0.017184421874999897,0.022254735185185073
a3c772d3fde52dbae832bi,2026-01-03 19:00:00+08:00,0.0590677499999998,0.0511,0.0643,0.013199999999999996,347.48295454545314,HOURLY_RECON_GT_5PCT,24.8,76.0,0.0,WX_CLEANED,19,5,1,0,0.0666309249999996,,0.01686928958333324,0.023569485714285597
a3c772d3fde52dbae832bi,2026-01-03 20:00:00+08:00,0.0591717999999998,0.0669,0.0761,0.0092,543.1717391304327,HOURLY_RECON_GT_5PCT,24.7,79.0,0.0,WX_CLEANED,20,5,1,0,0.0667483666666665,,0.016553599305555458,0.024797151724137812
a3c772d3fde52dbae832bi,2026-01-03 21:00:00+08:00,0.0,0.0788,0.092,0.013200000000000003,100.0,HOURLY_RECON_GT_5PCT,24.4,85.0,0.0,WX_CLEANED,21,5,1,0,0.0,,0.016553599305555458,0.023970579999999887
a3c772d3fde52dbae832bi,2026-01-03 22:00:00+08:00,0.0,0.0946,0.1078,0.013200000000000003,100.0,HOURLY_RECON_GT_5PCT,24.1,88.0,0.0,WX_CLEANED,22,5,1,0,0.0,,0.016553599305555458,0.023197335483870856
a3c772d3fde52dbae832bi,2026-01-03 23:00:00+08:00,0.0,0.1104,0.1236,0.013200000000000003,100.0,HOURLY_RECON_GT_5PCT,23.6,89.0,0.0,WX_CLEANED,23,5,1,0,0.0,,0.016553599305555458,0.022472418749999893
a3c772d3fde52dbae832bi,2026-01-04 00:00:00+08:00,0.0,0.1263,0.1368,0.01050000000000001,100.0,HOURLY_RECON_GT_5PCT,23.3,85.0,0.0,WX_CLEANED,0,6,1,0,0.0,,0.016553599305555458,0.02179143636363626
a3c772d3fde52dbae832bi,2026-01-04 01:00:00+08:00,0.0,0.1394,0.1526,0.013200000000000017,100.0,HOURLY_RECON_GT_5PCT,23.1,82.0,0.0,WX_CLEANED,1,6,1,0,0.0,,0.016553599305555458,0.02115051176470578
a3c772d3fde52dbae832bi,2026-01-04 02:00:00+08:00,0.0,0.1553,0.1685,0.013200000000000017,100.0,HOURLY_RECON_GT_5PCT,23.2,82.0,0.0,WX_CLEANED,2,6,1,0,0.0,,0.016553599305555458,0.02054621142857133
a3c772d3fde52dbae832bi,2026-01-04 03:00:00+08:00,0.0,0.1711,0.1843,0.01319999999999999,100.0,HOURLY_RECON_GT_5PCT,23.0,82.0,0.0,WX_CLEANED,3,6,1,0,0.0,,0.016553599305555458,0.019975483333333238
a3c772d3fde52dbae832bi,2026-01-04 04:00:00+08:00,0.0,0.1869,0.2001,0.01319999999999999,100.0,HOURLY_RECON_GT_5PCT,22.9,83.0,0.0,WX_CLEANED,4,6,1,0,0.0,,0.016553599305555458,0.01943560540540531
a3c772d3fde52dbae832bi,2026-01-04 05:00:00+08:00,0.0,0.2027,0.2159,0.013200000000000017,100.0,HOURLY_RECON_GT_5PCT,22.7,83.0,0.0,WX_CLEANED,5,6,1,0,0.0,,0.016553599305555458,0.018924142105263067
a3c772d3fde52dbae832bi,2026-01-04 06:00:00+08:00,0.0,0.2186,0.2327,0.014100000000000001,100.0,HOURLY_RECON_GT_5PCT,22.5,82.0,0.0,WX_CLEANED,6,6,1,0,0.0,,0.016553599305555458,0.018438907692307605
a3c772d3fde52dbae832bi,2026-01-04 07:00:00+08:00,0.0,0.2359,0.2511,0.015199999999999991,100.0,HOURLY_RECON_GT_5PCT,22.5,81.0,0.0,WX_CLEANED,7,6,1,0,0.0,,0.016553599305555458,0.017977934999999914
a3c772d3fde52dbae832bi,2026-01-04 08:00:00+08:00,0.0,0.254,0.2685,0.014500000000000013,100.0,HOURLY_RECON_GT_5PCT,23.9,78.0,0.0,WX_CLEANED,8,6,1,0,0.0,,0.016553599305555458,0.017539448780487722
a3c772d3fde52dbae832bi,2026-01-04 09:00:00+08:00,0.0,0.2714,0.2859,0.014500000000000013,100.0,HOURLY_RECON_GT_5PCT,24.6,73.0,0.0,WX_CLEANED,9,6,1,0,0.0,,0.016553599305555458,0.017121842857142775
a3c772d3fde52dbae832bi,2026-01-04 10:00:00+08:00,0.0,0.2888,0.3034,0.014600000000000002,100.0,HOURLY_RECON_GT_5PCT,25.4,71.0,0.0,WX_CLEANED,10,6,1,0,0.0,,0.016553599305555458,0.0167236604651162
a3c772d3fde52dbae832bi,2026-01-04 11:00:00+08:00,0.0,0.3064,0.3211,0.01469999999999999,100.0,HOURLY_RECON_GT_5PCT,27.0,66.0,0.0,WX_CLEANED,11,6,1,0,0.0,,0.016553599305555458,0.016343577272727196
a3c772d3fde52dbae832bi,2026-01-04 12:00:00+08:00,0.005877024999999999,0.324,0.3386,0.014600000000000002,59.746404109589044,HOURLY_RECON_GT_5PCT,27.7,61.0,0.0,WX_CLEANED,12,6,1,0,0.006629608333333099,,0.01652224166666658,0.016110987222222147
a3c772d3fde52dbae832bi,2026-01-04 13:00:00+08:00,0.0269321666666665,0.3415,0.3558,0.01429999999999998,88.33682983682894,HOURLY_RECON_GT_5PCT,27.8,60.0,0.0,WX_CLEANED,13,6,1,0,0.030422958333332903,,0.01637679201388881,0.016346230253623112
a3c772d3fde52dbae832bi,2026-01-04 14:00:00+08:00,0.0274376583333329,0.3586,0.3729,0.014300000000000035,91.8717365967331,HOURLY_RECON_GT_5PCT,28.6,57.0,0.0,WX_CLEANED,14,6,1,0,0.0309508666666665,,0.016230408333333248,0.016582218085106296
a3c772d3fde52dbae832bi,2026-01-04 15:00:00+08:00,0.0319231499999996,0.3757,0.39,0.014300000000000035,123.23881118880786,HOURLY_RECON_GT_5PCT,28.4,57.0,0.0,WX_CLEANED,15,6,1,0,0.036010658333332904,,0.016060095486111026,0.01690182083333324
a3c772d3fde52dbae832bi,2026-01-04 16:00:00+08:00,0.07084158333333279,0.0023,0.0193,0.017,316.71519607842816,HOURLY_RECON_GT_5PCT,28.2,57.0,0.0,WX_CLEANED,16,6,1,0,0.0572891916666665,,0.01662477847222212,0.01800263231292507
a3c772d3fde52dbae832bi,2026-01-04 17:00:00+08:00,0.073833575,0.0228,0.0403,0.0175,321.9061428571428,HOURLY_RECON_GT_5PCT,27.1,65.0,0.0,WX_CLEANED,17,6,1,0,0.058776258333333,,0.01725216666666658,0.019119251166666566
a3c772d3fde52dbae832bi,2026-01-04 18:00:00+08:00,0.0740734916666663,0.0437,0.0608,0.017099999999999997,333.17831384015386,HOURLY_RECON_GT_5PCT,26.1,69.0,0.0,WX_CLEANED,18,6,1,0,0.0589672916666665,,0.01788159166666657,0.02019678529411754
a3c772d3fde52dbae832bi,2026-01-04 19:00:00+08:00,0.0741996916666665,0.0641,0.0811,0.017,336.4687745098029,HOURLY_RECON_GT_5PCT,25.4,74.0,0.0,WX_CLEANED,19,6,1,0,0.0590677499999998,,0.018512089236111015,0.021235302724358866
a3c772d3fde52dbae832bi,2026-01-04 20:00:00+08:00,0.0743304416666661,0.0845,0.1014,0.0169,339.825098619326,HOURLY_RECON_GT_5PCT,24.8,83.0,0.0,WX_CLEANED,20,6,1,0,0.0591717999999998,,0.019143699305555446,0.02223709779874202
a3c772d3fde52dbae832bi,2026-01-04 21:00:00+08:00,0.0,0.1046,0.1205,0.015899999999999997,100.0,HOURLY_RECON_GT_5PCT,25.1,78.0,0.0,WX_CLEANED,21,6,1,0,0.0,,0.019143699305555446,0.02182529969135791
a3c772d3fde52dbae832bi,2026-01-04 22:00:00+08:00,0.0,0.1237,0.1396,0.015899999999999997,100.0,HOURLY_RECON_GT_5PCT,24.7,81.0,0.0,WX_CLEANED,22,6,1,0,0.0,,0.019143699305555446,0.02142847606060595
a3c772d3fde52dbae832bi,2026-01-04 23:00:00+08:00,0.0,0.1428,0.1587,0.015899999999999997,100.0,HOURLY_RECON_GT_5PCT,24.5,82.0,0.0,WX_CLEANED,23,6,1,0,0.0,,0.019143699305555446,0.021045824702380842
a3c772d3fde52dbae832bi,2026-01-05 00:00:00+08:00,0.0,0.1619,0.1746,0.012700000000000017,100.0,HOURLY_RECON_GT_5PCT,24.3,82.0,0.0,WX_CLEANED,0,0,0,0,0.0,,0.019143699305555446,0.02067659970760223
a3c772d3fde52dbae832bi,2026-01-05 01:00:00+08:00,0.0,0.1778,0.1937,0.015899999999999997,100.0,HOURLY_RECON_GT_5PCT,23.9,85.0,0.0,WX_CLEANED,1,0,0,0,0.0,,0.019143699305555446,0.020320106609195296
a3c772d3fde52dbae832bi,2026-01-05 02:00:00+08:00,0.0,0.1969,0.2128,0.015899999999999997,100.0,HOURLY_RECON_GT_5PCT,23.8,87.0,0.0,WX_CLEANED,2,0,0,0,0.0,,0.019143699305555446,0.019975698022598767
a3c772d3fde52dbae832bi,2026-01-05 03:00:00+08:00,0.0,0.216,0.2319,0.015899999999999997,100.0,HOURLY_RECON_GT_5PCT,23.5,87.0,0.0,WX_CLEANED,3,0,0,0,0.0,,0.019143699305555446,0.01964276972222212
a3c772d3fde52dbae832bi,2026-01-05 04:00:00+08:00,0.0,0.235,0.251,0.016000000000000014,100.0,HOURLY_RECON_GT_5PCT,23.4,85.0,0.0,WX_CLEANED,4,0,0,0,0.0,,0.019143699305555446,0.019320757103825036
a3c772d3fde52dbae832bi,2026-01-05 05:00:00+08:00,0.0,0.2519,0.2625,0.010599999999999998,100.0,HOURLY_RECON_GT_5PCT,23.0,85.0,0.0,WX_CLEANED,5,0,0,0,0.0,,0.019143699305555446,0.019009131989247214
a3c772d3fde52dbae832bi,2026-01-05 06:00:00+08:00,0.0,0.2668,0.2791,0.012300000000000033,100.0,HOURLY_RECON_GT_5PCT,22.9,85.0,0.0,WX_CLEANED,6,0,0,0,0.0,,0.019143699305555446,0.018707399735449638
a3c772d3fde52dbae832bi,2026-01-05 07:00:00+08:00,0.0,0.281,0.3003,0.019299999999999984,100.0,HOURLY_RECON_GT_5PCT,23.0,84.0,0.0,WX_CLEANED,7,0,0,0,0.0,,0.019143699305555446,0.018415096614583237
a3c772d3fde52dbae832bi,2026-01-05 08:00:00+08:00,0.0,0.3046,0.3261,0.02150000000000002,100.0,HOURLY_RECON_GT_5PCT,24.0,79.0,0.0,WX_CLEANED,8,0,0,0,0.0,,0.019143699305555446,0.018131787435897342
a3c772d3fde52dbae832bi,2026-01-05 09:00:00+08:00,0.0,0.3305,0.3521,0.021600000000000008,100.0,HOURLY_RECON_GT_5PCT,25.2,76.0,0.0,WX_CLEANED,9,0,0,0,0.0,,0.019143699305555446,0.01785706338383829
a3c772d3fde52dbae832bi,2026-01-05 10:00:00+08:00,0.0,0.3565,0.3784,0.02190000000000003,100.0,HOURLY_RECON_GT_5PCT,26.6,70.0,0.0,WX_CLEANED,10,0,0,0,0.0,,0.019143699305555446,0.017590540049751153
a3c772d3fde52dbae832bi,2026-01-05 11:00:00+08:00,0.0,0.3829,0.4051,0.022199999999999998,100.0,HOURLY_RECON_GT_5PCT,28.0,65.0,0.0,WX_CLEANED,11,0,0,0,0.0,,0.019143699305555446,0.01733185563725481
a3c772d3fde52dbae832bi,2026-01-05 12:00:00+08:00,0.00738265,0.4095,0.4316,0.02210000000000001,66.59434389140272,HOURLY_RECON_GT_5PCT,28.9,63.0,0.0,WX_CLEANED,12,0,0,0,0.005877024999999999,,0.019206433680555444,0.01718766425120764
a3c772d3fde52dbae832bi,2026-01-05 13:00:00+08:00,0.033878683333333104,0.4359,0.4518,0.01589999999999997,113.07348008385641,HOURLY_RECON_GT_5PCT,28.7,64.0,0.1,WX_CLEANED,13,0,0,0,0.0269321666666665,,0.019495871874999886,0.01742610738095229
a3c772d3fde52dbae832bi,2026-01-05 14:00:00+08:00,0.034466583333333,0.455,0.4709,0.01589999999999997,116.77096436058534,HOURLY_RECON_GT_5PCT,28.1,65.0,0.1,WX_CLEANED,14,0,0,0,0.0274376583333329,,0.01978874374999989,0.01766611408450695
a3c772d3fde52dbae832bi,2026-01-05 15:00:00+08:00,0.0401011249999996,0.4741,0.49,0.01589999999999997,152.20833333333127,HOURLY_RECON_GT_5PCT,27.5,69.0,0.2,WX_CLEANED,15,0,0,0,0.0319231499999996,,0.020129492708333224,0.017977711458333233
a3c772d3fde52dbae832bi,2026-01-05 16:00:00+08:00,0.052072666666666496,0.0023,0.0138,0.0115,352.80579710144775,HOURLY_RECON_GT_5PCT,27.0,72.0,0.1,WX_CLEANED,16,0,0,0,0.07084158333333279,,0.019347454513888796,0.01844476563926931
a3c772d3fde52dbae832bi,2026-01-05 17:00:00+08:00,0.052750283333332995,0.0161,0.0276,0.0115,358.69811594202605,HOURLY_RECON_GT_5PCT,25.9,80.0,0.7,WX_CLEANED,17,0,0,0,0.073833575,,0.01846898402777767,0.018908353716216113
a3c772d3fde52dbae832bi,2026-01-05 18:00:00+08:00,0.05292171666666651,0.0299,0.0414,0.0115,360.1888405797088,HOURLY_RECON_GT_5PCT,25.6,82.0,0.0,WX_CLEANED,18,0,0,0,0.0740734916666663,,0.017587660069444348,0.01936186522222212
a3c772d3fde52dbae832bi,2026-01-05 19:00:00+08:00,0.053011891666666595,0.0437,0.0553,0.0116,356.99906609195347,HOURLY_RECON_GT_5PCT,25.7,82.0,0.0,WX_CLEANED,19,0,0,0,0.0741996916666665,,0.01670483506944435,0.01980462872807007
a3c772d3fde52dbae832bi,2026-01-05 20:00:00+08:00,0.0531052083333331,0.0576,0.0691,0.011499999999999996,361.7844202898532,HOURLY_RECON_GT_5PCT,25.2,85.0,0.3,WX_CLEANED,20,0,0,0,0.0743304416666661,,0.01582045034722214,0.020237103787878685
a3c772d3fde52dbae832bi,2026-01-05 21:00:00+08:00,0.0,0.0714,0.0829,0.011499999999999996,100.0,HOURLY_RECON_GT_5PCT,25.1,87.0,0.1,WX_CLEANED,21,0,0,0,0.0,,0.01582045034722214,0.019977653739316138
a3c772d3fde52dbae832bi,2026-01-05 22:00:00+08:00,0.0,0.0852,0.0967,0.011499999999999996,100.0,HOURLY_RECON_GT_5PCT,24.9,87.0,0.1,WX_CLEANED,22,0,0,0,0.0,,0.01582045034722214,0.0197247720464134
a3c772d3fde52dbae832bi,2026-01-05 23:00:00+08:00,0.0,0.099,0.1105,0.011499999999999996,100.0,HOURLY_RECON_GT_5PCT,24.8,88.0,0.1,WX_CLEANED,23,0,0,0,0.0,,0.01582045034722214,0.019478212395833232
a3c772d3fde52dbae832bi,2026-01-06 00:00:00+08:00,0.0,0.1128,0.1243,0.011499999999999996,100.0,HOURLY_RECON_GT_5PCT,24.5,91.0,0.0,WX_CLEANED,0,1,0,0,0.0,,0.01582045034722214,0.019237740637859983
a3c772d3fde52dbae832bi,2026-01-06 01:00:00+08:00,0.0,0.1266,0.1382,0.0116,100.0,HOURLY_RECON_GT_5PCT,24.5,92.0,0.0,WX_CLEANED,1,1,0,0,0.0,,0.01582045034722214,0.01900313404471535
a3c772d3fde52dbae832bi,2026-01-06 02:00:00+08:00,0.0,0.1405,0.152,0.011499999999999982,100.0,HOURLY_RECON_GT_5PCT,24.6,91.0,0.0,WX_CLEANED,2,1,0,0,0.0,,0.01582045034722214,0.018774180622489863
a3c772d3fde52dbae832bi,2026-01-06 03:00:00+08:00,0.0,0.1543,0.1658,0.01150000000000001,100.0,HOURLY_RECON_GT_5PCT,24.5,90.0,0.0,WX_CLEANED,3,1,0,0,0.0,,0.01582045034722214,0.018550678472222127
a3c772d3fde52dbae832bi,2026-01-06 04:00:00+08:00,0.0,0.1681,0.1796,0.01150000000000001,100.0,HOURLY_RECON_GT_5PCT,24.4,89.0,0.1,WX_CLEANED,4,1,0,0,0.0,,0.01582045034722214,0.01833243519607834
a3c772d3fde52dbae832bi,2026-01-06 05:00:00+08:00,0.0,0.1825,0.1973,0.014800000000000008,100.0,HOURLY_RECON_GT_5PCT,24.5,87.0,0.1,WX_CLEANED,5,1,0,0,0.0,,0.01582045034722214,0.018119267344961148
a3c772d3fde52dbae832bi,2026-01-06 06:00:00+08:00,0.0,0.2001,0.2141,0.014000000000000012,100.0,HOURLY_RECON_GT_5PCT,24.4,87.0,0.0,WX_CLEANED,6,1,0,0,0.0,,0.01582045034722214,0.017910999904214468
a3c772d3fde52dbae832bi,2026-01-06 07:00:00+08:00,0.0,0.2169,0.2312,0.01429999999999998,100.0,HOURLY_RECON_GT_5PCT,24.4,88.0,0.0,WX_CLEANED,7,1,0,0,0.0,,0.01582045034722214,0.01770746581439385
a3c772d3fde52dbae832bi,2026-01-06 08:00:00+08:00,0.0,0.2341,0.2473,0.01319999999999999,100.0,HOURLY_RECON_GT_5PCT,24.1,92.0,0.0,WX_CLEANED,8,1,0,0,0.0,,0.01582045034722214,0.017508505524344478
a3c772d3fde52dbae832bi,2026-01-06 09:00:00+08:00,0.0,0.2501,0.2635,0.013400000000000023,100.0,HOURLY_RECON_GT_5PCT,25.0,89.0,0.4,WX_CLEANED,9,1,0,0,0.0,,0.01582045034722214,0.017313966574073986
a3c772d3fde52dbae832bi,2026-01-06 10:00:00+08:00,0.0,0.2656,0.2755,0.00990000000000002,100.0,HOURLY_RECON_GT_5PCT,25.0,89.0,0.2,WX_CLEANED,10,1,0,0,0.0,,0.01582045034722214,0.017123703205128116
a3c772d3fde52dbae832bi,2026-01-06 11:00:00+08:00,0.0,0.2783,0.2913,0.013000000000000012,100.0,HOURLY_RECON_GT_5PCT,25.6,85.0,0.2,WX_CLEANED,11,1,0,0,0.0,,0.01582045034722214,0.016937575996376724
a3c772d3fde52dbae832bi,2026-01-06 12:00:00+08:00,0.0052744999999994,0.2942,0.3065,0.012299999999999978,57.117886178866584,HOURLY_RECON_GT_5PCT,26.6,78.0,0.0,WX_CLEANED,12,1,0,0,0.00738265,,0.015732610763888783,0.01681216657706084
a3c772d3fde52dbae832bi,2026-01-06 13:00:00+08:00,0.024468249999999997,0.3094,0.3224,0.013000000000000012,88.2173076923075,HOURLY_RECON_GT_5PCT,27.4,76.0,0.0,WX_CLEANED,13,1,0,0,0.033878683333333104,,0.015340509374999903,0.016893614273049553
a3c772d3fde52dbae832bi,2026-01-06 14:00:00+08:00,0.0246246,0.3247,0.3362,0.01150000000000001,114.12695652173895,HOURLY_RECON_GT_5PCT,27.1,74.0,0.0,WX_CLEANED,14,1,0,0,0.034466583333333,,0.01493042673611103,0.016974993070175345
a3c772d3fde52dbae832bi,2026-01-06 15:00:00+08:00,0.0286502416666663,0.3385,0.35,0.011499999999999955,149.13253623188183,HOURLY_RECON_GT_5PCT,27.2,75.0,0.1,WX_CLEANED,15,1,0,0,0.0401011249999996,,0.01445330659722214,0.01709661024305546
a3c772d3fde52dbae832bi,2026-01-06 16:00:00+08:00,0.035803149999999596,0.0009,0.0091,0.0082,336.62378048779993,HOURLY_RECON_GT_5PCT,26.7,78.0,0.1,WX_CLEANED,16,1,0,0,0.052072666666666496,,0.013775410069444353,0.017289461168384784
a3c772d3fde52dbae832bi,2026-01-06 17:00:00+08:00,0.0361704166666665,0.0094,0.0182,0.0088,311.02746212121014,HOURLY_RECON_GT_5PCT,26.2,82.0,0.1,WX_CLEANED,17,1,0,0,0.052750283333332995,,0.013084582291666584,0.017482123979591736
a3c772d3fde52dbae832bi,2026-01-06 18:00:00+08:00,0.036287958333333,0.02,0.0273,0.007300000000000001,397.09531963469857,HOURLY_RECON_GT_5PCT,25.9,87.0,0.0,WX_CLEANED,18,1,0,0,0.05292171666666651,,0.012391509027777687,0.017672081902356803
a3c772d3fde52dbae832bi,2026-01-06 19:00:00+08:00,0.036349741666666505,0.0291,0.0379,0.008800000000000002,313.0652462121193,HOURLY_RECON_GT_5PCT,25.6,91.0,0.1,WX_CLEANED,19,1,0,0,0.053011891666666595,,0.011697252777777683,0.017858858499999897
a3c772d3fde52dbae832bi,2026-01-06 20:00:00+08:00,0.0364137833333329,0.0397,0.047,0.007300000000000001,398.8189497716835,HOURLY_RECON_GT_5PCT,25.7,87.0,0.2,WX_CLEANED,20,1,0,0,0.0531052083333331,,0.011001776736111009,0.0180425706270626
a3c772d3fde52dbae832bi,2026-01-06 21:00:00+08:00,0.0,0.0488,0.0576,0.008799999999999995,100.0,HOURLY_RECON_GT_5PCT,25.8,88.0,0.1,WX_CLEANED,21,1,0,0,0.0,,0.011001776736111009,0.017865682679738457
a3c772d3fde52dbae832bi,2026-01-06 22:00:00+08:00,0.0,0.0594,0.0682,0.008799999999999995,100.0,HOURLY_RECON_GT_5PCT,25.6,88.0,0.1,WX_CLEANED,22,1,0,0,0.0,,0.011001776736111009,0.017692229449838084
a3c772d3fde52dbae832bi,2026-01-06 23:00:00+08:00,0.0,0.0699,0.0788,0.008899999999999991,100.0,HOURLY_RECON_GT_5PCT,25.5,85.0,0.1,WX_CLEANED,23,1,0,0,0.0,,0.011001776736111009,0.017522111858974256
a3c772d3fde52dbae832bi,2026-01-07 00:00:00+08:00,0.0,0.0805,0.0876,0.007099999999999995,100.0,HOURLY_RECON_GT_5PCT,25.3,83.0,0.0,WX_CLEANED,0,2,0,0,0.0,,0.011001776736111009,0.017355234603174504
a3c772d3fde52dbae832bi,2026-01-07 01:00:00+08:00,0.0,0.0893,0.0981,0.008800000000000002,100.0,HOURLY_RECON_GT_5PCT,25.1,82.0,0.0,WX_CLEANED,1,2,0,0,0.0,,0.011001776736111009,0.017191505974842668
a3c772d3fde52dbae832bi,2026-01-07 02:00:00+08:00,0.0,0.0999,0.1087,0.008800000000000002,100.0,HOURLY_RECON_GT_5PCT,24.5,89.0,0.0,WX_CLEANED,2,2,0,0,0.0,,0.011001776736111009,0.01703083769470395
a3c772d3fde52dbae832bi,2026-01-07 03:00:00+08:00,0.0,0.1105,0.1193,0.008800000000000002,100.0,HOURLY_RECON_GT_5PCT,24.5,86.0,0.0,WX_CLEANED,3,2,0,0,0.0,,0.011001776736111009,0.016873144753086322
a3c772d3fde52dbae832bi,2026-01-07 04:00:00+08:00,0.0,0.1211,0.1299,0.008799999999999988,100.0,HOURLY_RECON_GT_5PCT,24.3,82.0,0.0,WX_CLEANED,4,2,0,0,0.0,,0.011001776736111009,0.01671834525993874
a3c772d3fde52dbae832bi,2026-01-07 05:00:00+08:00,0.0,0.1316,0.1369,0.005299999999999999,100.0,HOURLY_RECON_GT_5PCT,24.0,83.0,0.0,WX_CLEANED,5,2,0,0,0.0,,0.011001776736111009,0.016566360303030207
a3c772d3fde52dbae832bi,2026-01-07 06:00:00+08:00,0.0,0.1387,0.1475,0.008800000000000002,100.0,HOURLY_RECON_GT_5PCT,23.9,83.0,0.0,WX_CLEANED,6,2,0,0,0.0,,0.011001776736111009,0.01641711381381372
a3c772d3fde52dbae832bi,2026-01-07 07:00:00+08:00,0.0,0.1493,0.1584,0.009100000000000025,100.0,HOURLY_RECON_GT_5PCT,24.1,79.0,0.0,WX_CLEANED,7,2,0,0,0.0,,0.011001776736111009,0.016270532440476097
a3c772d3fde52dbae832bi,2026-01-07 08:00:00+08:00,0.0,0.1602,0.1691,0.008899999999999991,100.0,HOURLY_RECON_GT_5PCT,24.3,86.0,0.0,WX_CLEANED,8,2,0,0,0.0,,0.011001776736111009,0.016126545427728522
a3c772d3fde52dbae832bi,2026-01-07 09:00:00+08:00,0.0,0.1709,0.1799,0.009000000000000008,100.0,HOURLY_RECON_GT_5PCT,25.5,78.0,0.0,WX_CLEANED,9,2,0,0,0.0,,0.011001776736111009,0.015985084502923883
a3c772d3fde52dbae832bi,2026-01-07 10:00:00+08:00,0.0,0.1817,0.1905,0.008800000000000002,100.0,HOURLY_RECON_GT_5PCT,26.5,70.0,0.0,WX_CLEANED,10,2,0,0,0.0,,0.011001776736111009,0.01584608376811585
a3c772d3fde52dbae832bi,2026-01-07 11:00:00+08:00,0.0,0.1923,0.1998,0.007500000000000007,100.0,HOURLY_RECON_GT_5PCT,27.4,65.0,0.0,WX_CLEANED,11,2,0,0,0.0,,0.011001776736111009,0.015709479597701057
a3c772d3fde52dbae832bi,2026-01-07 12:00:00+08:00,0.0036167083333331,0.2016,0.2105,0.008899999999999991,59.36282771535838,HOURLY_RECON_GT_5PCT,28.4,60.0,0.0,WX_CLEANED,12,2,0,0,0.0052744999999994,,0.010932702083333246,0.015606122578347486
a3c772d3fde52dbae832bi,2026-01-07 13:00:00+08:00,0.0165891666666664,0.2123,0.2211,0.008800000000000002,88.51325757575451,HOURLY_RECON_GT_5PCT,29.6,54.0,0.0,WX_CLEANED,13,2,0,0,0.024468249999999997,,0.010604406944444346,0.015614453460451885
a3c772d3fde52dbae832bi,2026-01-07 14:00:00+08:00,0.0168848749999998,0.2218,0.2306,0.008800000000000002,91.87357954545222,HOURLY_RECON_GT_5PCT,29.1,57.0,0.0,WX_CLEANED,14,2,0,0,0.0246246,,0.010281918402777672,0.015625129271708588
a3c772d3fde52dbae832bi,2026-01-07 15:00:00+08:00,0.019645233333332998,0.2324,0.24,0.007599999999999996,158.4899122806975,HOURLY_RECON_GT_5PCT,29.8,53.0,0.0,WX_CLEANED,15,2,0,0,0.0286502416666663,,0.009906709722222117,0.015658630138888793
a3c772d3fde52dbae832bi,2026-01-07 16:00:00+08:00,0.0447717333333333,0.0013,0.012,0.010700000000000001,318.4274143302177,HOURLY_RECON_GT_5PCT,29.2,55.0,0.0,WX_CLEANED,16,2,0,0,0.035803149999999596,,0.010280400694444353,0.015899234297520565
a3c772d3fde52dbae832bi,2026-01-07 17:00:00+08:00,0.0467111166666663,0.0144,0.026,0.0116,302.6820402298819,HOURLY_RECON_GT_5PCT,28.4,59.0,0.0,WX_CLEANED,17,2,0,0,0.0361704166666665,,0.01071959652777768,0.016151790710382415
a3c772d3fde52dbae832bi,2026-01-07 18:00:00+08:00,0.046862941666666394,0.0283,0.04,0.011700000000000002,300.5379629629606,HOURLY_RECON_GT_5PCT,27.5,66.0,0.0,WX_CLEANED,18,2,0,0,0.036287958333333,,0.01116022083333324,0.01640147486449855
a3c772d3fde52dbae832bi,2026-01-07 19:00:00+08:00,0.0469427416666666,0.0423,0.052,0.0097,383.94579037800617,HOURLY_RECON_GT_5PCT,27.1,69.0,0.0,WX_CLEANED,19,2,0,0,0.036349741666666505,,0.011601595833333242,0.016647775403225706
a3c772d3fde52dbae832bi,2026-01-07 20:00:00+08:00,0.0470255,0.0544,0.066,0.011600000000000006,305.3922413793101,HOURLY_RECON_GT_5PCT,26.2,72.0,0.0,WX_CLEANED,20,2,0,0,0.0364137833333329,,0.01204375069444437,0.0168907971999999
a3c772d3fde52dbae832bi,2026-01-07 21:00:00+08:00,0.0,0.0683,0.08,0.011700000000000002,100.0,HOURLY_RECON_GT_5PCT,26.0,74.0,0.0,WX_CLEANED,21,2,0,0,0.0,,0.01204375069444437,0.016756743253968157
a3c772d3fde52dbae832bi,2026-01-07 22:00:00+08:00,0.0,0.0823,0.0939,0.0116,100.0,HOURLY_RECON_GT_5PCT,25.6,76.0,0.0,WX_CLEANED,22,2,0,0,0.0,,0.01204375069444437,0.016624800393700692
a3c772d3fde52dbae832bi,2026-01-07 23:00:00+08:00,0.0,0.0963,0.1079,0.0116,100.0,HOURLY_RECON_GT_5PCT,25.2,79.0,0.0,WX_CLEANED,23,2,0,0,0.0,,0.01204375069444437,0.016494919140624904
a3c772d3fde52dbae832bi,2026-01-08 00:00:00+08:00,0.0,0.1102,0.1196,0.009399999999999992,100.0,HOURLY_RECON_GT_5PCT,24.7,81.0,0.0,WX_CLEANED,0,3,0,0,0.0,,0.01204375069444437,0.016367051550387503
a3c772d3fde52dbae832bi,2026-01-08 01:00:00+08:00,0.0,0.1219,0.1335,0.011600000000000013,100.0,HOURLY_RECON_GT_5PCT,24.5,82.0,0.1,WX_CLEANED,1,3,0,0,0.0,,0.01204375069444437,0.01624115115384606
a3c772d3fde52dbae832bi,2026-01-08 02:00:00+08:00,0.0,0.1359,0.1475,0.0116,100.0,HOURLY_RECON_GT_5PCT,24.5,82.0,0.2,WX_CLEANED,2,3,0,0,0.0,,0.01204375069444437,0.016117172900763265
a3c772d3fde52dbae832bi,2026-01-08 03:00:00+08:00,0.0,0.1498,0.1615,0.011700000000000016,100.0,HOURLY_RECON_GT_5PCT,24.2,84.0,0.0,WX_CLEANED,3,3,0,0,0.0,,0.01204375069444437,0.015995073106060513
a3c772d3fde52dbae832bi,2026-01-08 04:00:00+08:00,0.0,0.1638,0.1754,0.0116,100.0,HOURLY_RECON_GT_5PCT,23.9,86.0,0.0,WX_CLEANED,4,3,0,0,0.0,,0.01204375069444437,0.01587480939849615
a3c772d3fde52dbae832bi,2026-01-08 05:00:00+08:00,0.0,0.1778,0.1806,0.002799999999999997,100.0,HOURLY_RECON_GT_5PCT,23.5,87.0,0.0,WX_CLEANED,5,3,0,0,0.0,,0.01204375069444437,0.0157563406716417
a3c772d3fde52dbae832bi,2026-01-08 06:00:00+08:00,0.0,0.1831,0.1956,0.012499999999999983,100.0,HOURLY_RECON_GT_5PCT,23.5,88.0,0.0,WX_CLEANED,6,3,0,0,0.0,,0.01204375069444437,0.015639627037036946
a3c772d3fde52dbae832bi,2026-01-08 07:00:00+08:00,0.0,0.1966,0.208,0.011399999999999993,100.0,HOURLY_RECON_GT_5PCT,23.6,87.0,0.0,WX_CLEANED,7,3,0,0,0.0,,0.01204375069444437,0.015524629779411674
a3c772d3fde52dbae832bi,2026-01-08 08:00:00+08:00,0.0,0.2104,0.2226,0.012199999999999989,100.0,HOURLY_RECON_GT_5PCT,24.7,83.0,0.0,WX_CLEANED,8,3,0,0,0.0,,0.01204375069444437,0.015411311313868524
a3c772d3fde52dbae832bi,2026-01-08 09:00:00+08:00,0.0,0.2251,0.2367,0.0116,100.0,HOURLY_RECON_GT_5PCT,26.0,76.0,0.0,WX_CLEANED,9,3,0,0,0.0,,0.01204375069444437,0.015299635144927447
a3c772d3fde52dbae832bi,2026-01-08 10:00:00+08:00,0.0,0.2391,0.2486,0.00949999999999998,100.0,HOURLY_RECON_GT_5PCT,27.2,69.0,0.0,WX_CLEANED,10,3,0,0,0.0,,0.01204375069444437,0.015189565827338042
a3c772d3fde52dbae832bi,2026-01-08 11:00:00+08:00,0.0,0.2502,0.259,0.00880000000000003,100.0,HOURLY_RECON_GT_5PCT,27.6,67.0,0.1,WX_CLEANED,11,3,0,0,0.0,,0.01204375069444437,0.015081068928571341
a3c772d3fde52dbae832bi,2026-01-08 12:00:00+08:00,0.0046706916666663005,0.2614,0.2738,0.012399999999999967,62.33313172043295,HOURLY_RECON_GT_5PCT,28.4,64.0,0.2,WX_CLEANED,12,3,0,0,0.0036167083333331,,0.012087666666666587,0.01500723646572095
a3c772d3fde52dbae832bi,2026-01-08 13:00:00+08:00,0.021499,0.2762,0.285,0.008799999999999975,144.3068181818189,HOURLY_RECON_GT_5PCT,28.0,65.0,0.4,WX_CLEANED,13,3,0,0,0.0165891666666664,,0.012292243055555487,0.015052953110328548
a3c772d3fde52dbae832bi,2026-01-08 14:00:00+08:00,0.0218054166666663,0.2874,0.2992,0.011800000000000033,84.79166666666305,HOURLY_RECON_GT_5PCT,27.6,68.0,0.8,WX_CLEANED,14,3,0,0,0.0168848749999998,,0.012497265624999926,0.015100173135198045
a3c772d3fde52dbae832bi,2026-01-08 15:00:00+08:00,0.0253701333333328,0.3015,0.31,0.008500000000000008,198.47215686273853,HOURLY_RECON_GT_5PCT,27.9,66.0,0.0,WX_CLEANED,15,3,0,0,0.019645233333332998,,0.012735803124999917,0.015171492303240648
a3c772d3fde52dbae832bi,2026-01-08 16:00:00+08:00,0.0522074416666663,0.0015,0.0124,0.0109,378.9673547400578,HOURLY_RECON_GT_5PCT,27.5,68.0,0.0,WX_CLEANED,16,3,0,0,0.0447717333333333,,0.01304562430555546,0.015426912643678065
a3c772d3fde52dbae832bi,2026-01-08 17:00:00+08:00,0.054243724999999604,0.0129,0.0246,0.0117,363.6215811965778,HOURLY_RECON_GT_5PCT,27.3,69.0,0.1,WX_CLEANED,17,3,0,0,0.0467111166666663,,0.013359482986111011,0.01569278122146109
a3c772d3fde52dbae832bi,2026-01-08 18:00:00+08:00,0.0544200833333333,0.0273,0.0412,0.0139,291.51139088728996,HOURLY_RECON_GT_5PCT,26.9,71.0,0.1,WX_CLEANED,18,3,0,0,0.046862941666666394,,0.0136743638888888,0.01595623225623573
a3c772d3fde52dbae832bi,2026-01-08 19:00:00+08:00,0.054512716666666294,0.0417,0.0488,0.007100000000000002,667.784741784032,HOURLY_RECON_GT_5PCT,26.5,75.0,0.0,WX_CLEANED,19,3,0,0,0.0469427416666666,,0.013989779513888786,0.016216749042792696
a3c772d3fde52dbae832bi,2026-01-08 20:00:00+08:00,0.0546087749999996,0.0493,0.0541,0.004800000000000006,1037.6828124999904,HOURLY_RECON_GT_5PCT,26.2,76.0,0.0,WX_CLEANED,20,3,0,0,0.0470255,,0.014305749305555436,0.016474413646532335
a3c772d3fde52dbae832bi,2026-01-08 21:00:00+08:00,0.0,0.0569,0.0708,0.013900000000000003,100.0,HOURLY_RECON_GT_5PCT,26.4,75.0,0.0,WX_CLEANED,21,3,0,0,0.0,,0.014305749305555436,0.01636458422222212
a3c772d3fde52dbae832bi,2026-01-08 22:00:00+08:00,0.0,0.0735,0.0874,0.01390000000000001,100.0,HOURLY_RECON_GT_5PCT,26.2,76.0,0.0,WX_CLEANED,22,3,0,0,0.0,,0.014305749305555436,0.01625620949227363
a3c772d3fde52dbae832bi,2026-01-08 23:00:00+08:00,0.0,0.0902,0.1041,0.013899999999999996,100.0,HOURLY_RECON_GT_5PCT,25.9,77.0,0.1,WX_CLEANED,23,3,0,0,0.0,,0.014305749305555436,0.016149260745613934
a3c772d3fde52dbae832bi,2026-01-09 00:00:00+08:00,0.0,0.1068,0.1207,0.013899999999999996,100.0,HOURLY_RECON_GT_5PCT,25.8,79.0,0.1,WX_CLEANED,0,4,0,0,0.0,,0.014305749305555436,0.01604371002178639
a3c772d3fde52dbae832bi,2026-01-09 01:00:00+08:00,0.0,0.1235,0.1374,0.013899999999999996,100.0,HOURLY_RECON_GT_5PCT,25.5,81.0,0.0,WX_CLEANED,1,4,0,0,0.0,,0.014305749305555436,0.015939530086579987
a3c772d3fde52dbae832bi,2026-01-09 02:00:00+08:00,0.0,0.1401,0.154,0.013899999999999996,100.0,HOURLY_RECON_GT_5PCT,25.1,82.0,0.0,WX_CLEANED,2,4,0,0,0.0,,0.014305749305555436,0.015836694408602053
a3c772d3fde52dbae832bi,2026-01-09 03:00:00+08:00,0.0,0.1568,0.1707,0.013899999999999996,100.0,HOURLY_RECON_GT_5PCT,25.1,82.0,0.0,WX_CLEANED,3,4,0,0,0.0,,0.014305749305555436,0.01573517713675204
a3c772d3fde52dbae832bi,2026-01-09 04:00:00+08:00,0.0,0.1734,0.1873,0.013899999999999996,100.0,HOURLY_RECON_GT_5PCT,25.0,81.0,0.0,WX_CLEANED,4,4,0,0,0.0,,0.014305749305555436,0.015634953078556165
a3c772d3fde52dbae832bi,2026-01-09 05:00:00+08:00,0.0,0.188,0.1939,0.005899999999999989,100.0,HOURLY_RECON_GT_5PCT,25.0,80.0,0.0,WX_CLEANED,5,4,0,0,0.0,,0.014305749305555436,0.015535997679324797
a3c772d3fde52dbae832bi,2026-01-09 06:00:00+08:00,0.0,0.1966,0.2114,0.014800000000000008,100.0,HOURLY_RECON_GT_5PCT,24.9,76.0,0.0,WX_CLEANED,6,4,0,0,0.0,,0.014305749305555436,0.01543828700209634
a3c772d3fde52dbae832bi,2026-01-09 07:00:00+08:00,0.0,0.2144,0.2289,0.014499999999999985,100.0,HOURLY_RECON_GT_5PCT,24.8,74.0,0.0,WX_CLEANED,7,4,0,0,0.0,,0.014305749305555436,0.015341797708333238
a3c772d3fde52dbae832bi,2026-01-09 08:00:00+08:00,0.0,0.2318,0.2465,0.01469999999999999,100.0,HOURLY_RECON_GT_5PCT,25.5,73.0,0.0,WX_CLEANED,8,4,0,0,0.0,,0.014305749305555436,0.01524650703933738
a3c772d3fde52dbae832bi,2026-01-09 09:00:00+08:00,0.0,0.2494,0.264,0.014600000000000002,100.0,HOURLY_RECON_GT_5PCT,25.5,73.0,0.2,WX_CLEANED,9,4,0,0,0.0,,0.014305749305555436,0.015152392798353816
a3c772d3fde52dbae832bi,2026-01-09 10:00:00+08:00,0.0,0.2669,0.2798,0.012899999999999967,100.0,HOURLY_RECON_GT_5PCT,26.2,69.0,0.0,WX_CLEANED,10,4,0,0,0.0,,0.014305749305555436,0.01505943333333324
a3c772d3fde52dbae832bi,2026-01-09 11:00:00+08:00,0.0,0.2826,0.2956,0.012999999999999956,100.0,HOURLY_RECON_GT_5PCT,26.9,67.0,0.0,WX_CLEANED,11,4,0,0,0.0,,0.014305749305555436,0.01496760752032511
a3c772d3fde52dbae832bi,2026-01-09 12:00:00+08:00,0.0054238249999994,0.2985,0.3127,0.01419999999999999,61.80404929577885,HOURLY_RECON_GT_5PCT,28.1,61.0,0.0,WX_CLEANED,12,4,0,0,0.0046706916666663005,,0.014337129861110983,0.014909766414141318
a3c772d3fde52dbae832bi,2026-01-09 13:00:00+08:00,0.0249789166666665,0.3155,0.3299,0.014400000000000024,73.46469907407263,HOURLY_RECON_GT_5PCT,28.5,60.0,0.0,WX_CLEANED,13,4,0,0,0.021499,,0.014482126388888754,0.014970423945783035
a3c772d3fde52dbae832bi,2026-01-09 14:00:00+08:00,0.025321833333333,0.3327,0.343,0.010300000000000031,145.8430420711934,HOURLY_RECON_GT_5PCT,27.5,69.0,0.0,WX_CLEANED,14,4,0,0,0.0218054166666663,,0.014628643749999866,0.015032408433133634
a3c772d3fde52dbae832bi,2026-01-09 15:00:00+08:00,0.029461391666666496,0.3458,0.36,0.01419999999999999,107.47458920187687,HOURLY_RECON_GT_5PCT,29.1,58.0,0.0,WX_CLEANED,15,4,0,0,0.0253701333333328,,0.014799112847222103,0.01511829523809514
a3c772d3fde52dbae832bi,2026-01-09 16:00:00+08:00,0.0595066916666661,0.0051,0.0191,0.013999999999999999,325.0477976190436,HOURLY_RECON_GT_5PCT,28.5,61.0,0.1,WX_CLEANED,16,4,0,0,0.0522074416666663,0.0556319166666665,0.015103248263888763,0.0151413593749999
a3c772d3fde52dbae832bi,2026-01-09 17:00:00+08:00,0.0617779333333331,0.0222,0.0335,0.011300000000000001,446.7073746312663,HOURLY_RECON_GT_5PCT,27.9,64.0,0.1,WX_CLEANED,17,4,0,0,0.054243724999999604,0.0663021666666666,0.015417173611110993,0.01511442941468244
a3c772d3fde52dbae832bi,2026-01-09 18:00:00+08:00,0.061978733333333,0.0344,0.0412,0.0068000000000000005,811.4519607843088,HOURLY_RECON_GT_5PCT,27.0,67.0,0.0,WX_CLEANED,18,4,0,0,0.0544200833333333,0.06651764166666631,0.015732117361110978,0.015087412103174502
a3c772d3fde52dbae832bi,2026-01-09 19:00:00+08:00,0.062084283333333296,0.0443,0.0556,0.011299999999999998,449.4184365781709,HOURLY_RECON_GT_5PCT,26.5,70.0,0.0,WX_CLEANED,19,4,0,0,0.054512716666666294,0.0666309249999996,0.016047599305555438,0.015060348759920537
a3c772d3fde52dbae832bi,2026-01-09 20:00:00+08:00,0.0621936499999995,0.0565,0.0677,0.011199999999999995,455.30044642856717,HOURLY_RECON_GT_5PCT,26.2,70.0,0.0,WX_CLEANED,20,4,0,0,0.0546087749999996,0.0667483666666665,0.016363635763888766,0.015033237351190377
a3c772d3fde52dbae832bi,2026-01-09 21:00:00+08:00,0.0,0.0709,0.0866,0.015699999999999992,100.0,HOURLY_RECON_GT_5PCT,26.0,70.0,0.2,WX_CLEANED,21,4,0,0,0.0,0.0,0.016363635763888766,0.015033237351190377
a3c772d3fde52dbae832bi,2026-01-09 22:00:00+08:00,0.0,0.0897,0.1055,0.015799999999999995,100.0,HOURLY_RECON_GT_5PCT,25.4,74.0,0.2,WX_CLEANED,22,4,0,0,0.0,0.0,0.016363635763888766,0.015033237351190377
a3c772d3fde52dbae832bi,2026-01-09 23:00:00+08:00,0.0,0.1086,0.1244,0.015799999999999995,100.0,HOURLY_RECON_GT_5PCT,25.2,75.0,0.1,WX_CLEANED,23,4,0,0,0.0,0.0,0.016363635763888766,0.015033237351190377
a3c772d3fde52dbae832bi,2026-01-10 00:00:00+08:00,0.0,0.1275,0.1432,0.015699999999999992,100.0,HOURLY_RECON_GT_5PCT,25.0,77.0,0.0,WX_CLEANED,0,5,1,0,0.0,0.0,0.016363635763888766,0.015033237351190377
a3c772d3fde52dbae832bi,2026-01-10 01:00:00+08:00,0.0,0.1464,0.1621,0.015699999999999992,100.0,HOURLY_RECON_GT_5PCT,25.0,78.0,0.0,WX_CLEANED,1,5,1,0,0.0,0.0,0.016363635763888766,0.015033237351190377
a3c772d3fde52dbae832bi,2026-01-10 02:00:00+08:00,0.0,0.1653,0.181,0.015699999999999992,100.0,HOURLY_RECON_GT_5PCT,24.7,81.0,0.0,WX_CLEANED,2,5,1,0,0.0,0.0,0.016363635763888766,0.015033237351190377
a3c772d3fde52dbae832bi,2026-01-10 03:00:00+08:00,0.0,0.1841,0.1999,0.01579999999999998,100.0,HOURLY_RECON_GT_5PCT,24.3,81.0,0.4,WX_CLEANED,3,5,1,0,0.0,0.0,0.016363635763888766,0.015033237351190377
a3c772d3fde52dbae832bi,2026-01-10 04:00:00+08:00,0.0,0.203,0.2188,0.01579999999999998,100.0,HOURLY_RECON_GT_5PCT,24.2,78.0,0.0,WX_CLEANED,4,5,1,0,0.0,0.0,0.016363635763888766,0.015033237351190377
a3c772d3fde52dbae832bi,2026-01-10 05:00:00+08:00,0.0,0.2199,0.2217,0.001799999999999996,100.0,HOURLY_RECON_GT_5PCT,23.9,79.0,0.1,WX_CLEANED,5,5,1,0,0.0,0.0,0.016363635763888766,0.015033237351190377
a3c772d3fde52dbae832bi,2026-01-10 06:00:00+08:00,0.0,0.2234,0.2356,0.012200000000000016,100.0,HOURLY_RECON_GT_5PCT,23.6,83.0,0.5,WX_CLEANED,6,5,1,0,0.0,0.0,0.016363635763888766,0.015033237351190377
a3c772d3fde52dbae832bi,2026-01-10 07:00:00+08:00,0.0,0.2379,0.2567,0.018799999999999983,100.0,HOURLY_RECON_GT_5PCT,23.8,82.0,0.2,WX_CLEANED,7,5,1,0,0.0,0.0,0.016363635763888766,0.015033237351190377
a3c772d3fde52dbae832bi,2026-01-10 08:00:00+08:00,0.0,0.2606,0.2837,0.02310000000000001,100.0,HOURLY_RECON_GT_5PCT,24.0,86.0,0.0,WX_CLEANED,8,5,1,0,0.0,0.0,0.016363635763888766,0.015033237351190377
a3c772d3fde52dbae832bi,2026-01-10 09:00:00+08:00,0.0,0.2882,0.3089,0.020699999999999996,100.0,HOURLY_RECON_GT_5PCT,25.2,79.0,0.1,WX_CLEANED,9,5,1,0,0.0,0.0,0.016363635763888766,0.015033237351190377
a3c772d3fde52dbae832bi,2026-01-10 10:00:00+08:00,0.0,0.3128,0.3294,0.016600000000000004,100.0,HOURLY_RECON_GT_5PCT,27.4,65.0,0.0,WX_CLEANED,10,5,1,0,0.0,0.0,0.016363635763888766,0.015033237351190377
a3c772d3fde52dbae832bi,2026-01-10 11:00:00+08:00,0.0,0.3327,0.3489,0.016199999999999992,100.0,HOURLY_RECON_GT_5PCT,29.0,59.0,0.0,WX_CLEANED,11,5,1,0,0.0,0.0,0.016363635763888766,0.015033237351190377
a3c772d3fde52dbae832bi,2026-01-10 12:00:00+08:00,0.0061772333333331006,0.3534,0.3718,0.018400000000000027,66.42807971014624,HOURLY_RECON_GT_5PCT,30.2,54.0,0.0,WX_CLEANED,12,5,1,0,0.0054238249999994,0.006629608333333099,0.01639502777777767,0.015030544642857043
a3c772d3fde52dbae832bi,2026-01-10 13:00:00+08:00,0.0283469249999998,0.3757,0.3888,0.0131,116.38874045801373,HOURLY_RECON_GT_5PCT,30.3,55.0,0.0,WX_CLEANED,13,5,1,0,0.0249789166666665,0.030422958333332903,0.016535361458333224,0.015018187301587202
a3c772d3fde52dbae832bi,2026-01-10 14:00:00+08:00,0.028838858333332898,0.3909,0.4005,0.009599999999999997,200.4047743055511,HOURLY_RECON_GT_5PCT,27.7,67.0,0.0,WX_CLEANED,14,5,1,0,0.025321833333333,0.0309508666666665,0.016681904166666553,0.015005615823412597
a3c772d3fde52dbae832bi,2026-01-10 15:00:00+08:00,0.0335534333333333,0.4021,0.41,0.007899999999999963,324.72700421941084,HOURLY_RECON_GT_5PCT,28.0,65.0,0.4,WX_CLEANED,15,5,1,0,0.029461391666666496,0.036010658333332904,0.01685240590277767,0.014990989484126886
a3c772d3fde52dbae832bi,2026-01-10 16:00:00+08:00,0.0612435833333331,0.0029,0.0221,0.019200000000000002,218.97699652777652,HOURLY_RECON_GT_5PCT,27.2,70.0,0.3,WX_CLEANED,16,5,1,0,0.0595066916666661,0.0572891916666665,0.016924776388888795,0.015014527529761805
a3c772d3fde52dbae832bi,2026-01-10 17:00:00+08:00,0.0632854749999998,0.0255,0.0352,0.009700000000000004,552.4275773195853,HOURLY_RECON_GT_5PCT,27.1,69.0,0.0,WX_CLEANED,17,5,1,0,0.0617779333333331,0.058776258333333,0.016987590624999906,0.015041368105158633
a3c772d3fde52dbae832bi,2026-01-10 18:00:00+08:00,0.0634911999999998,0.0385,0.0434,0.004900000000000002,1195.7387755101995,HOURLY_RECON_GT_5PCT,27.0,71.0,0.0,WX_CLEANED,18,5,1,0,0.061978733333333,0.0589672916666665,0.017050610069444357,0.015068296130952282
a3c772d3fde52dbae832bi,2026-01-10 19:00:00+08:00,0.0635992999999998,0.0443,0.0491,0.004799999999999999,1224.985416666663,HOURLY_RECON_GT_5PCT,26.6,75.0,0.0,WX_CLEANED,19,5,1,0,0.062084283333333296,0.0590677499999998,0.017113735763888794,0.015095269642857043
a3c772d3fde52dbae832bi,2026-01-10 20:00:00+08:00,0.0637113249999998,0.0501,0.0573,0.007199999999999998,784.8795138888864,HOURLY_RECON_GT_5PCT,26.1,78.0,0.5,WX_CLEANED,20,5,1,0,0.0621936499999995,0.0591717999999998,0.017176972222222142,0.015122290624999903
a3c772d3fde52dbae832bi,2026-01-10 21:00:00+08:00,0.0,0.0607,0.0775,0.016800000000000002,100.0,HOURLY_RECON_GT_5PCT,26.1,82.0,0.0,WX_CLEANED,21,5,1,0,0.0,0.0,0.017176972222222142,0.015122290624999903
a3c772d3fde52dbae832bi,2026-01-10 22:00:00+08:00,0.0,0.0809,0.0977,0.016799999999999995,100.0,HOURLY_RECON_GT_5PCT,26.1,83.0,0.0,WX_CLEANED,22,5,1,0,0.0,0.0,0.017176972222222142,0.015122290624999903
a3c772d3fde52dbae832bi,2026-01-10 23:00:00+08:00,0.0,0.101,0.1178,0.016799999999999995,100.0,HOURLY_RECON_GT_5PCT,26.1,82.0,0.0,WX_CLEANED,23,5,1,0,0.0,0.0,0.017176972222222142,0.015122290624999903
a3c772d3fde52dbae832bi,2026-01-11 00:00:00+08:00,0.0,0.1212,0.1346,0.013399999999999995,100.0,HOURLY_RECON_GT_5PCT,26.0,82.0,0.0,WX_CLEANED,0,6,1,0,0.0,0.0,0.017176972222222142,0.015122290624999903
a3c772d3fde52dbae832bi,2026-01-11 01:00:00+08:00,0.0,0.138,0.1548,0.01679999999999998,100.0,HOURLY_RECON_GT_5PCT,26.0,84.0,0.0,WX_CLEANED,1,6,1,0,0.0,0.0,0.017176972222222142,0.015122290624999903
a3c772d3fde52dbae832bi,2026-01-11 02:00:00+08:00,0.0,0.1581,0.1749,0.01680000000000001,100.0,HOURLY_RECON_GT_5PCT,25.4,86.0,0.0,WX_CLEANED,2,6,1,0,0.0,0.0,0.017176972222222142,0.015122290624999903
a3c772d3fde52dbae832bi,2026-01-11 03:00:00+08:00,0.0,0.1783,0.1951,0.01680000000000001,100.0,HOURLY_RECON_GT_5PCT,25.2,85.0,0.0,WX_CLEANED,3,6,1,0,0.0,0.0,0.017176972222222142,0.015122290624999903
a3c772d3fde52dbae832bi,2026-01-11 04:00:00+08:00,0.0,0.1985,0.2153,0.01679999999999998,100.0,HOURLY_RECON_GT_5PCT,25.0,84.0,0.0,WX_CLEANED,4,6,1,0,0.0,0.0,0.017176972222222142,0.015122290624999903
a3c772d3fde52dbae832bi,2026-01-11 05:00:00+08:00,0.0,0.2165,0.2184,0.0019000000000000128,100.0,HOURLY_RECON_GT_5PCT,24.9,82.0,0.0,WX_CLEANED,5,6,1,0,0.0,0.0,0.017176972222222142,0.015122290624999903
a3c772d3fde52dbae832bi,2026-01-11 06:00:00+08:00,0.0,0.2203,0.2333,0.013000000000000012,100.0,HOURLY_RECON_GT_5PCT,24.9,80.0,0.0,WX_CLEANED,6,6,1,0,0.0,0.0,0.017176972222222142,0.015122290624999903
a3c772d3fde52dbae832bi,2026-01-11 07:00:00+08:00,0.0,0.2358,0.2559,0.020100000000000007,100.0,HOURLY_RECON_GT_5PCT,25.0,79.0,0.0,WX_CLEANED,7,6,1,0,0.0,0.0,0.017176972222222142,0.015122290624999903
a3c772d3fde52dbae832bi,2026-01-11 08:00:00+08:00,0.0,0.2601,0.2848,0.0247,100.0,HOURLY_RECON_GT_5PCT,25.5,77.0,0.0,WX_CLEANED,8,6,1,0,0.0,0.0,0.017176972222222142,0.015122290624999903
a3c772d3fde52dbae832bi,2026-01-11 09:00:00+08:00,0.0,0.2896,0.3118,0.022199999999999998,100.0,HOURLY_RECON_GT_5PCT,27.3,67.0,0.0,WX_CLEANED,9,6,1,0,0.0,0.0,0.017176972222222142,0.015122290624999903
a3c772d3fde52dbae832bi,2026-01-11 10:00:00+08:00,0.0,0.316,0.3337,0.017699999999999994,100.0,HOURLY_RECON_GT_5PCT,28.9,60.0,0.0,WX_CLEANED,10,6,1,0,0.0,0.0,0.017176972222222142,0.015122290624999903
a3c772d3fde52dbae832bi,2026-01-11 11:00:00+08:00,0.0,0.3372,0.3545,0.017299999999999982,100.0,HOURLY_RECON_GT_5PCT,30.2,53.0,0.0,WX_CLEANED,11,6,1,0,0.0,0.0,0.017176972222222142,0.015122290624999903
a3c772d3fde52dbae832bi,2026-01-11 12:00:00+08:00,0.0063279333333331,0.3594,0.3791,0.019699999999999995,67.87851099830912,HOURLY_RECON_GT_5PCT,30.5,52.0,0.0,WX_CLEANED,12,6,1,0,0.0061772333333331006,0.005877024999999999,0.01718325138888881,0.015124974603174503
a3c772d3fde52dbae832bi,2026-01-11 13:00:00+08:00,0.029038683333333,0.3833,0.3973,0.014000000000000012,107.4191666666641,HOURLY_RECON_GT_5PCT,29.9,56.0,0.2,WX_CLEANED,13,6,1,0,0.0283469249999998,0.0269321666666665,0.01721207465277769,0.015137513392857042
a3c772d3fde52dbae832bi,2026-01-11 14:00:00+08:00,0.0295426249999996,0.3996,0.4099,0.010299999999999976,186.82160194174438,HOURLY_RECON_GT_5PCT,29.9,59.0,0.2,WX_CLEANED,14,6,1,0,0.028838858333332898,0.0274376583333329,0.017241398263888805,0.015150042956349105
a3c772d3fde52dbae832bi,2026-01-11 15:00:00+08:00,0.034372183333333306,0.4116,0.42,0.008399999999999963,309.1926587301602,HOURLY_RECON_GT_5PCT,30.4,60.0,0.0,WX_CLEANED,15,6,1,0,0.0335534333333333,0.0319231499999996,0.017275512847222136,0.015164620535714188
a3c772d3fde52dbae832bi,2026-01-11 16:00:00+08:00,0.0432388833333331,0.0018,0.0084,0.0066,555.1345959595924,HOURLY_RECON_GT_5PCT,27.25,76.5,7.2,WX_CLEANED,16,6,1,0,0.0612435833333331,0.07084158333333279,0.016525317013888804,0.015000318749999903
a3c772d3fde52dbae832bi,2026-01-11 17:00:00+08:00,0.043703233333332994,0.009,0.0121,0.0031000000000000003,1309.7817204300964,HOURLY_RECON_GT_5PCT,24.1,93.0,1.6,WX_CLEANED,17,6,1,0,0.0632854749999998,0.073833575,0.01570939027777769,0.014820971478174502
a3c772d3fde52dbae832bi,2026-01-11 18:00:00+08:00,0.0438452999999996,0.0127,0.0156,0.0029,1411.9068965517106,HOURLY_RECON_GT_5PCT,25.1,89.0,0.0,WX_CLEANED,18,6,1,0,0.0634911999999998,0.0740734916666663,0.014890811111111013,0.014641041765872916
a3c772d3fde52dbae832bi,2026-01-11 19:00:00+08:00,0.0439200083333333,0.0162,0.0191,0.0029,1414.4830459770105,HOURLY_RECON_GT_5PCT,25.9,85.0,0.0,WX_CLEANED,19,6,1,0,0.0635992999999998,0.0741996916666665,0.014070840624999909,0.01446080555555546
a3c772d3fde52dbae832bi,2026-01-11 20:00:00+08:00,0.0439973583333331,0.0197,0.0251,0.005400000000000002,714.7658950617238,HOURLY_RECON_GT_5PCT,27.1,74.0,0.0,WX_CLEANED,20,6,1,0,0.0637113249999998,0.0743304416666661,0.013249425347222128,0.014280251488095141
a3c772d3fde52dbae832bi,2026-01-11 21:00:00+08:00,0.0,0.0281,0.0429,0.0148,100.0,HOURLY_RECON_GT_5PCT,27.1,69.0,0.0,WX_CLEANED,21,6,1,0,0.0,0.0,0.013249425347222128,0.014280251488095141
a3c772d3fde52dbae832bi,2026-01-11 22:00:00+08:00,0.0,0.0459,0.0607,0.014799999999999994,100.0,HOURLY_RECON_GT_5PCT,26.8,68.0,0.0,WX_CLEANED,22,6,1,0,0.0,0.0,0.013249425347222128,0.014280251488095141
a3c772d3fde52dbae832bi,2026-01-11 23:00:00+08:00,0.0,0.0637,0.0785,0.014799999999999994,100.0,HOURLY_RECON_GT_5PCT,26.1,69.0,0.0,WX_CLEANED,23,6,1,0,0.0,0.0,0.013249425347222128,0.014280251488095141
a3c772d3fde52dbae832bi,2026-01-12 00:00:00+08:00,0.0,0.0815,0.0933,0.011799999999999991,100.0,HOURLY_RECON_GT_5PCT,25.7,71.0,0.0,WX_CLEANED,0,0,0,0,0.0,0.0,0.013249425347222128,0.014280251488095141
a3c772d3fde52dbae832bi,2026-01-12 01:00:00+08:00,0.0,0.0963,0.1112,0.014899999999999997,100.0,HOURLY_RECON_GT_5PCT,25.1,75.0,0.0,WX_CLEANED,1,0,0,0,0.0,0.0,0.013249425347222128,0.014280251488095141
a3c772d3fde52dbae832bi,2026-01-12 02:00:00+08:00,0.0,0.1141,0.129,0.01490000000000001,100.0,HOURLY_RECON_GT_5PCT,25.2,76.0,0.0,WX_CLEANED,2,0,0,0,0.0,0.0,0.013249425347222128,0.014280251488095141
a3c772d3fde52dbae832bi,2026-01-12 03:00:00+08:00,0.0,0.1319,0.1468,0.014900000000000024,100.0,HOURLY_RECON_GT_5PCT,24.6,79.0,0.1,WX_CLEANED,3,0,0,0,0.0,0.0,0.013249425347222128,0.014280251488095141
a3c772d3fde52dbae832bi,2026-01-12 04:00:00+08:00,0.0,0.1497,0.1646,0.014899999999999997,100.0,HOURLY_RECON_GT_5PCT,24.2,81.0,0.0,WX_CLEANED,4,0,0,0,0.0,0.0,0.013249425347222128,0.014280251488095141
a3c772d3fde52dbae832bi,2026-01-12 05:00:00+08:00,0.0,0.1654,0.1665,0.0011000000000000176,100.0,HOURLY_RECON_GT_5PCT,24.1,79.0,0.0,WX_CLEANED,5,0,0,0,0.0,0.0,0.013249425347222128,0.014280251488095141
a3c772d3fde52dbae832bi,2026-01-12 06:00:00+08:00,0.0,0.1676,0.1756,0.008000000000000007,100.0,HOURLY_RECON_GT_5PCT,24.0,79.0,0.0,WX_CLEANED,6,0,0,0,0.0,0.0,0.013249425347222128,0.014280251488095141
a3c772d3fde52dbae832bi,2026-01-12 07:00:00+08:00,0.0,0.1772,0.1894,0.012200000000000016,100.0,HOURLY_RECON_GT_5PCT,24.0,79.0,0.0,WX_CLEANED,7,0,0,0,0.0,0.0,0.013249425347222128,0.014280251488095141
a3c772d3fde52dbae832bi,2026-01-12 08:00:00+08:00,0.0,0.192,0.2071,0.015100000000000002,100.0,HOURLY_RECON_GT_5PCT,25.4,71.0,0.0,WX_CLEANED,8,0,0,0,0.0,0.0,0.013249425347222128,0.014280251488095141
a3c772d3fde52dbae832bi,2026-01-12 09:00:00+08:00,0.0,0.2101,0.2237,0.013600000000000001,100.0,HOURLY_RECON_GT_5PCT,26.5,65.0,0.0,WX_CLEANED,9,0,0,0,0.0,0.0,0.013249425347222128,0.014280251488095141
a3c772d3fde52dbae832bi,2026-01-12 10:00:00+08:00,0.0,0.2263,0.2371,0.010800000000000004,100.0,HOURLY_RECON_GT_5PCT,27.6,61.0,0.0,WX_CLEANED,10,0,0,0,0.0,0.0,0.013249425347222128,0.014280251488095141
a3c772d3fde52dbae832bi,2026-01-12 11:00:00+08:00,0.0,0.2393,0.2499,0.010599999999999998,100.0,HOURLY_RECON_GT_5PCT,28.6,56.0,0.0,WX_CLEANED,11,0,0,0,0.0,0.0,0.013249425347222128,0.014280251488095141
a3c772d3fde52dbae832bi,2026-01-12 12:00:00+08:00,0.0043699333333331,0.2528,0.2649,0.0121,63.88484848485041,HOURLY_RECON_GT_5PCT,29.1,54.0,0.0,WX_CLEANED,12,0,0,0,0.0063279333333331,0.00738265,0.013167842013888797,0.014262318650793556
a3c772d3fde52dbae832bi,2026-01-12 13:00:00+08:00,0.0200533499999998,0.2675,0.2761,0.008599999999999997,133.17848837209078,HOURLY_RECON_GT_5PCT,29.3,54.0,0.0,WX_CLEANED,13,0,0,0,0.029038683333333,0.033878683333333104,0.012793453124999915,0.014180024999999903
a3c772d3fde52dbae832bi,2026-01-12 14:00:00+08:00,0.0204013916666666,0.2775,0.2838,0.006299999999999972,223.8316137566141,HOURLY_RECON_GT_5PCT,29.9,53.0,0.0,WX_CLEANED,14,0,0,0,0.0295426249999996,0.034466583333333,0.012412568402777706,0.01409630362103165
a3c772d3fde52dbae832bi,2026-01-12 15:00:00+08:00,0.0237365,0.2848,0.29,0.005199999999999982,356.4711538461554,HOURLY_RECON_GT_5PCT,30.5,51.0,0.0,WX_CLEANED,15,0,0,0,0.034372183333333306,0.0401011249999996,0.011969414930555484,0.013998895138888795
a3c772d3fde52dbae832bi,2026-01-12 16:00:00+08:00,0.047894741666666296,0.0021,0.0102,0.008100000000000001,491.29310699588007,HOURLY_RECON_GT_5PCT,30.1,52.0,0.0,WX_CLEANED,16,0,0,0,0.0432388833333331,0.052072666666666496,0.012163409027777699,0.013974026537698319
a3c772d3fde52dbae832bi,2026-01-12 17:00:00+08:00,0.0497204999999996,0.0109,0.0146,0.0037,1243.7972972972864,HOURLY_RECON_GT_5PCT,29.1,57.0,0.0,WX_CLEANED,17,0,0,0,0.043703233333332994,0.052750283333332995,0.012414128472222142,0.013955992113095143
a3c772d3fde52dbae832bi,2026-01-12 18:00:00+08:00,0.0498821749999996,0.0153,0.0189,0.0036000000000000008,1285.6159722222108,HOURLY_RECON_GT_5PCT,27.9,60.0,0.0,WX_CLEANED,18,0,0,0,0.0438452999999996,0.05292171666666651,0.012665664930555473,0.013937899603174507
a3c772d3fde52dbae832bi,2026-01-12 19:00:00+08:00,0.0499670749999996,0.0196,0.0232,0.003599999999999999,1287.9743055555448,HOURLY_RECON_GT_5PCT,27.3,63.0,0.0,WX_CLEANED,19,0,0,0,0.0439200083333333,0.053011891666666595,0.01291762604166657,0.013919775694444348
a3c772d3fde52dbae832bi,2026-01-12 20:00:00+08:00,0.0500551499999996,0.0239,0.0299,0.005999999999999998,734.2524999999936,HOURLY_RECON_GT_5PCT,25.0,78.0,0.0,WX_CLEANED,20,0,0,0,0.0439973583333331,0.0531052083333331,0.013170034027777673,0.013901620585317362
a3c772d3fde52dbae832bi,2026-01-12 21:00:00+08:00,0.0,0.0331,0.0489,0.0158,100.0,HOURLY_RECON_GT_5PCT,25.4,78.0,0.0,WX_CLEANED,21,0,0,0,0.0,0.0,0.013170034027777673,0.013901620585317362
a3c772d3fde52dbae832bi,2026-01-12 22:00:00+08:00,0.0,0.052,0.0678,0.0158,100.0,HOURLY_RECON_GT_5PCT,25.4,77.0,0.0,WX_CLEANED,22,0,0,0,0.0,0.0,0.013170034027777673,0.013901620585317362
a3c772d3fde52dbae832bi,2026-01-12 23:00:00+08:00,0.0,0.0709,0.0867,0.015799999999999995,100.0,HOURLY_RECON_GT_5PCT,25.2,79.0,0.0,WX_CLEANED,23,0,0,0,0.0,0.0,0.013170034027777673,0.013901620585317362
a3c772d3fde52dbae832bi,2026-01-13 00:00:00+08:00,0.0,0.0899,0.1025,0.0126,100.0,HOURLY_RECON_GT_5PCT,25.0,81.0,0.0,WX_CLEANED,0,1,0,0,0.0,0.0,0.013170034027777673,0.013901620585317362
a3c772d3fde52dbae832bi,2026-01-13 01:00:00+08:00,0.0,0.1057,0.1214,0.015699999999999992,100.0,HOURLY_RECON_GT_5PCT,24.7,84.0,0.0,WX_CLEANED,1,1,0,0,0.0,0.0,0.013170034027777673,0.013901620585317362
a3c772d3fde52dbae832bi,2026-01-13 02:00:00+08:00,0.0,0.1246,0.1404,0.015799999999999995,100.0,HOURLY_RECON_GT_5PCT,24.5,82.0,0.0,WX_CLEANED,2,1,0,0,0.0,0.0,0.013170034027777673,0.013901620585317362
a3c772d3fde52dbae832bi,2026-01-13 03:00:00+08:00,0.0,0.1435,0.1593,0.01580000000000001,100.0,HOURLY_RECON_GT_5PCT,24.2,85.0,0.0,WX_CLEANED,3,1,0,0,0.0,0.0,0.013170034027777673,0.013901620585317362
a3c772d3fde52dbae832bi,2026-01-13 04:00:00+08:00,0.0,0.1625,0.1782,0.015699999999999992,100.0,HOURLY_RECON_GT_5PCT,24.0,86.0,0.0,WX_CLEANED,4,1,0,0,0.0,0.0,0.013170034027777673,0.013901620585317362
a3c772d3fde52dbae832bi,2026-01-13 05:00:00+08:00,0.0,0.1792,0.1806,0.0014000000000000123,100.0,HOURLY_RECON_GT_5PCT,23.9,86.0,0.0,WX_CLEANED,5,1,0,0,0.0,0.0,0.013170034027777673,0.013901620585317362
a3c772d3fde52dbae832bi,2026-01-13 06:00:00+08:00,0.0,0.182,0.1916,0.009599999999999997,100.0,HOURLY_RECON_GT_5PCT,24.0,85.0,0.0,WX_CLEANED,6,1,0,0,0.0,0.0,0.013170034027777673,0.013901620585317362
a3c772d3fde52dbae832bi,2026-01-13 07:00:00+08:00,0.0,0.1935,0.2083,0.014800000000000008,100.0,HOURLY_RECON_GT_5PCT,24.2,82.0,0.0,WX_CLEANED,7,1,0,0,0.0,0.0,0.013170034027777673,0.013901620585317362
a3c772d3fde52dbae832bi,2026-01-13 08:00:00+08:00,0.0,0.2114,0.2298,0.0184,100.0,HOURLY_RECON_GT_5PCT,24.4,84.0,0.0,WX_CLEANED,8,1,0,0,0.0,0.0,0.013170034027777673,0.013901620585317362
a3c772d3fde52dbae832bi,2026-01-13 09:00:00+08:00,0.0,0.2333,0.2498,0.016499999999999987,100.0,HOURLY_RECON_GT_5PCT,25.2,80.0,0.0,WX_CLEANED,9,1,0,0,0.0,0.0,0.013170034027777673,0.013901620585317362
a3c772d3fde52dbae832bi,2026-01-13 10:00:00+08:00,0.0,0.2529,0.266,0.0131,100.0,HOURLY_RECON_GT_5PCT,26.5,75.0,0.0,WX_CLEANED,10,1,0,0,0.0,0.0,0.013170034027777673,0.013901620585317362
a3c772d3fde52dbae832bi,2026-01-13 11:00:00+08:00,0.0,0.2687,0.2815,0.012799999999999978,100.0,HOURLY_RECON_GT_5PCT,27.2,70.0,0.1,WX_CLEANED,11,1,0,0,0.0,0.0,0.013170034027777673,0.013901620585317362
a3c772d3fde52dbae832bi,2026-01-13 12:00:00+08:00,0.0049715416666663,0.285,0.2997,0.014700000000000046,66.17998866213412,HOURLY_RECON_GT_5PCT,27.4,72.0,0.2,WX_CLEANED,12,1,0,0,0.0043699333333331,0.0052744999999994,0.013195101041666558,0.013899817261904665
a3c772d3fde52dbae832bi,2026-01-13 13:00:00+08:00,0.0228144083333333,0.3028,0.3131,0.010299999999999976,121.49911003236265,HOURLY_RECON_GT_5PCT,28.1,69.0,0.1,WX_CLEANED,13,1,0,0,0.0200533499999998,0.024468249999999997,0.013310145138888787,0.013889972966269745
a3c772d3fde52dbae832bi,2026-01-13 14:00:00+08:00,0.0232103333333331,0.3149,0.3225,0.007599999999999996,205.39912280701466,HOURLY_RECON_GT_5PCT,28.8,66.0,0.1,WX_CLEANED,14,1,0,0,0.0204013916666666,0.0246246,0.013427184374999892,0.013881554712301488
a3c772d3fde52dbae832bi,2026-01-13 15:00:00+08:00,0.0270046666666661,0.3237,0.33,0.006300000000000028,328.6455026454918,HOURLY_RECON_GT_5PCT,28.7,66.0,0.1,WX_CLEANED,15,1,0,0,0.0237365,0.0286502416666663,0.013563357986110981,0.01387175962301577
a3c772d3fde52dbae832bi,2026-01-13 16:00:00+08:00,0.0439991,0.0019,0.0089,0.007,528.5585714285714,HOURLY_RECON_GT_5PCT,28.4,68.0,0.2,WX_CLEANED,16,1,0,0,0.047894741666666296,0.035803149999999596,0.013401039583333217,0.01392054503968244
a3c772d3fde52dbae832bi,2026-01-13 17:00:00+08:00,0.045200775,0.0095,0.0127,0.0031999999999999997,1312.52421875,HOURLY_RECON_GT_5PCT,28.0,71.0,0.0,WX_CLEANED,17,1,0,0,0.0497204999999996,0.0361704166666665,0.013212717708333233,0.013974297172618952
a3c772d3fde52dbae832bi,2026-01-13 18:00:00+08:00,0.045347675,0.0133,0.0164,0.003100000000000002,1362.8282258064507,HOURLY_RECON_GT_5PCT,27.3,77.0,0.0,WX_CLEANED,18,1,0,0,0.0498821749999996,0.036287958333333,0.01302378020833325,0.014028224057539587
a3c772d3fde52dbae832bi,2026-01-13 19:00:00+08:00,0.045424925000000005,0.017,0.0201,0.0030999999999999986,1365.3201612903233,HOURLY_RECON_GT_5PCT,26.6,81.0,0.0,WX_CLEANED,19,1,0,0,0.0499670749999996,0.036349741666666505,0.012834523958333267,0.014082243005952285
a3c772d3fde52dbae832bi,2026-01-13 20:00:00+08:00,0.045505025,0.0208,0.0263,0.005500000000000001,727.3640909090907,HOURLY_RECON_GT_5PCT,26.6,83.0,0.0,WX_CLEANED,20,1,0,0,0.0500551499999996,0.0364137833333329,0.012644935416666619,0.014136357539682448
a3c772d3fde52dbae832bi,2026-01-13 21:00:00+08:00,0.0,0.0293,0.0444,0.015100000000000002,100.0,HOURLY_RECON_GT_5PCT,26.9,80.0,0.0,WX_CLEANED,21,1,0,0,0.0,0.0,0.012644935416666619,0.014136357539682448
a3c772d3fde52dbae832bi,2026-01-13 22:00:00+08:00,0.0,0.0474,0.0625,0.015100000000000002,100.0,HOURLY_RECON_GT_5PCT,26.5,84.0,0.0,WX_CLEANED,22,1,0,0,0.0,0.0,0.012644935416666619,0.014136357539682448
a3c772d3fde52dbae832bi,2026-01-13 23:00:00+08:00,0.0,0.0655,0.0806,0.015100000000000002,100.0,HOURLY_RECON_GT_5PCT,26.0,88.0,0.0,WX_CLEANED,23,1,0,0,0.0,0.0,0.012644935416666619,0.014136357539682448
a3c772d3fde52dbae832bi,2026-01-14 00:00:00+08:00,0.0,0.0836,0.0957,0.0121,100.0,HOURLY_RECON_GT_5PCT,25.5,90.0,0.0,WX_CLEANED,0,2,0,0,0.0,0.0,0.012644935416666619,0.014136357539682448
a3c772d3fde52dbae832bi,2026-01-14 01:00:00+08:00,0.0,0.0987,0.1138,0.015100000000000002,100.0,HOURLY_RECON_GT_5PCT,25.1,91.0,0.0,WX_CLEANED,1,2,0,0,0.0,0.0,0.012644935416666619,0.014136357539682448
a3c772d3fde52dbae832bi,2026-01-14 02:00:00+08:00,0.0,0.1168,0.1319,0.015099999999999988,100.0,HOURLY_RECON_GT_5PCT,24.4,92.0,0.0,WX_CLEANED,2,2,0,0,0.0,0.0,0.012644935416666619,0.014136357539682448
a3c772d3fde52dbae832bi,2026-01-14 03:00:00+08:00,0.0,0.1349,0.15,0.015100000000000002,100.0,HOURLY_RECON_GT_5PCT,24.4,93.0,0.0,WX_CLEANED,3,2,0,0,0.0,0.0,0.012644935416666619,0.014136357539682448
a3c772d3fde52dbae832bi,2026-01-14 04:00:00+08:00,0.0,0.153,0.1681,0.015100000000000002,100.0,HOURLY_RECON_GT_5PCT,24.2,93.0,0.0,WX_CLEANED,4,2,0,0,0.0,0.0,0.012644935416666619,0.014136357539682448
a3c772d3fde52dbae832bi,2026-01-14 05:00:00+08:00,0.0,0.1689,0.1701,0.0012000000000000066,100.0,HOURLY_RECON_GT_5PCT,24.4,93.0,0.0,WX_CLEANED,5,2,0,0,0.0,0.0,0.012644935416666619,0.014136357539682448
a3c772d3fde52dbae832bi,2026-01-14 06:00:00+08:00,0.0,0.1713,0.1797,0.00839999999999999,100.0,HOURLY_RECON_GT_5PCT,24.2,93.0,0.0,WX_CLEANED,6,2,0,0,0.0,0.0,0.012644935416666619,0.014136357539682448
a3c772d3fde52dbae832bi,2026-01-14 07:00:00+08:00,0.0,0.1813,0.1942,0.012900000000000023,100.0,HOURLY_RECON_GT_5PCT,24.2,94.0,0.0,WX_CLEANED,7,2,0,0,0.0,0.0,0.012644935416666619,0.014136357539682448
a3c772d3fde52dbae832bi,2026-01-14 08:00:00+08:00,0.0,0.1969,0.2129,0.016000000000000014,100.0,HOURLY_RECON_GT_5PCT,25.0,87.0,0.0,WX_CLEANED,8,2,0,0,0.0,0.0,0.012644935416666619,0.014136357539682448
a3c772d3fde52dbae832bi,2026-01-14 09:00:00+08:00,0.0,0.216,0.2303,0.014300000000000007,100.0,HOURLY_RECON_GT_5PCT,25.9,84.0,0.1,WX_CLEANED,9,2,0,0,0.0,0.0,0.012644935416666619,0.014136357539682448
a3c772d3fde52dbae832bi,2026-01-14 10:00:00+08:00,0.0,0.233,0.2444,0.011399999999999993,100.0,HOURLY_RECON_GT_5PCT,26.2,81.0,0.1,WX_CLEANED,10,2,0,0,0.0,0.0,0.012644935416666619,0.014136357539682448
a3c772d3fde52dbae832bi,2026-01-14 11:00:00+08:00,0.0,0.2467,0.2578,0.011099999999999971,100.0,HOURLY_RECON_GT_5PCT,26.7,79.0,0.1,WX_CLEANED,11,2,0,0,0.0,0.0,0.012644935416666619,0.014136357539682448
a3c772d3fde52dbae832bi,2026-01-14 12:00:00+08:00,0.004519625,0.2609,0.2736,0.012699999999999989,64.41240157480313,HOURLY_RECON_GT_5PCT,27.6,75.0,0.0,WX_CLEANED,12,2,0,0,0.0049715416666663,0.0036167083333331,0.012626105555555522,0.014141732043650703
a3c772d3fde52dbae832bi,2026-01-14 13:00:00+08:00,0.020740525,0.2763,0.2854,0.009099999999999997,127.91785714285722,HOURLY_RECON_GT_5PCT,29.0,70.0,0.0,WX_CLEANED,13,2,0,0,0.0228144083333333,0.0165891666666664,0.012539693749999968,0.014166442509920546
a3c772d3fde52dbae832bi,2026-01-14 14:00:00+08:00,0.0211004416666663,0.2868,0.2935,0.006699999999999984,214.93196517412466,HOURLY_RECON_GT_5PCT,28.8,68.0,0.1,WX_CLEANED,14,2,0,0,0.0232103333333331,0.0168848749999998,0.012451781597222183,0.014191535168650703
a3c772d3fde52dbae832bi,2026-01-14 15:00:00+08:00,0.024549908333333297,0.2946,0.3,0.005400000000000016,354.62793209876344,HOURLY_RECON_GT_5PCT,29.8,61.0,0.1,WX_CLEANED,15,2,0,0,0.0270046666666661,0.019645233333332998,0.01234949999999998,0.014220729662698325
a3c772d3fde52dbae832bi,2026-01-14 16:00:00+08:00,0.0396195499999999,0.0016,0.0076,0.006,560.3258333333317,HOURLY_RECON_GT_5PCT,29.6,57.0,0.2,WX_CLEANED,16,2,0,0,0.0439991,0.0447717333333333,0.01216701874999998,0.014190061904761816
a3c772d3fde52dbae832bi,2026-01-14 17:00:00+08:00,0.0406803416666663,0.0081,0.0108,0.002700000000000001,1406.67932098764,HOURLY_RECON_GT_5PCT,27.9,65.0,0.0,WX_CLEANED,17,2,0,0,0.045200775,0.0467111166666663,0.011978667361111075,0.01415416443452372
a3c772d3fde52dbae832bi,2026-01-14 18:00:00+08:00,0.040812566666666404,0.0114,0.014,0.0026,1469.7141025640926,HOURLY_RECON_GT_5PCT,26.6,72.0,0.0,WX_CLEANED,18,2,0,0,0.045347675,0.046862941666666394,0.011789704513888841,0.01411815029761896
a3c772d3fde52dbae832bi,2026-01-14 19:00:00+08:00,0.040882083333333,0.0146,0.0172,0.0026,1472.3878205128078,HOURLY_RECON_GT_5PCT,26.2,75.0,0.0,WX_CLEANED,19,2,0,0,0.045424925000000005,0.0469427416666666,0.011600419444444383,0.014082074950396737
a3c772d3fde52dbae832bi,2026-01-14 20:00:00+08:00,0.0409541083333333,0.0177,0.0227,0.005000000000000001,719.0821666666659,HOURLY_RECON_GT_5PCT,25.0,80.0,0.0,WX_CLEANED,20,2,0,0,0.045505025,0.0470255,0.011410797916666604,0.014045935714285624
a3c772d3fde52dbae832bi,2026-01-14 21:00:00+08:00,0.0,0.0256,0.0399,0.014299999999999997,100.0,HOURLY_RECON_GT_5PCT,25.2,78.0,0.2,WX_CLEANED,21,2,0,0,0.0,0.0,0.011410797916666604,0.014045935714285624
a3c772d3fde52dbae832bi,2026-01-14 22:00:00+08:00,0.0,0.0428,0.0571,0.0143,100.0,HOURLY_RECON_GT_5PCT,24.5,84.0,0.3,WX_CLEANED,22,2,0,0,0.0,0.0,0.011410797916666604,0.014045935714285624
a3c772d3fde52dbae832bi,2026-01-14 23:00:00+08:00,0.0,0.06,0.0743,0.014300000000000007,100.0,HOURLY_RECON_GT_5PCT,24.2,87.0,0.6,WX_CLEANED,23,2,0,0,0.0,0.0,0.011410797916666604,0.014045935714285624
a3c772d3fde52dbae832bi,2026-01-15 00:00:00+08:00,0.0,0.0771,0.0886,0.011499999999999996,100.0,HOURLY_RECON_GT_5PCT,24.4,86.0,0.0,WX_CLEANED,0,3,0,0,0.0,0.0,0.011410797916666604,0.014045935714285624
a3c772d3fde52dbae832bi,2026-01-15 01:00:00+08:00,0.0,0.0915,0.1058,0.014300000000000007,100.0,HOURLY_RECON_GT_5PCT,24.2,88.0,0.0,WX_CLEANED,1,3,0,0,0.0,0.0,0.011410797916666604,0.014045935714285624
a3c772d3fde52dbae832bi,2026-01-15 02:00:00+08:00,0.0,0.1086,0.123,0.014399999999999996,100.0,HOURLY_RECON_GT_5PCT,24.1,88.0,0.0,WX_CLEANED,2,3,0,0,0.0,0.0,0.011410797916666604,0.014045935714285624
a3c772d3fde52dbae832bi,2026-01-15 03:00:00+08:00,0.0,0.1258,0.1401,0.014300000000000007,100.0,HOURLY_RECON_GT_5PCT,24.1,88.0,0.0,WX_CLEANED,3,3,0,0,0.0,0.0,0.011410797916666604,0.014045935714285624
a3c772d3fde52dbae832bi,2026-01-15 04:00:00+08:00,0.0,0.143,0.1573,0.014300000000000007,100.0,HOURLY_RECON_GT_5PCT,24.1,88.0,0.0,WX_CLEANED,4,3,0,0,0.0,0.0,0.011410797916666604,0.014045935714285624
a3c772d3fde52dbae832bi,2026-01-15 05:00:00+08:00,0.0,0.158,0.1591,0.0010999999999999899,100.0,HOURLY_RECON_GT_5PCT,23.9,89.0,0.0,WX_CLEANED,5,3,0,0,0.0,0.0,0.011410797916666604,0.014045935714285624
a3c772d3fde52dbae832bi,2026-01-15 06:00:00+08:00,0.0,0.1601,0.1673,0.007200000000000012,100.0,HOURLY_RECON_GT_5PCT,23.6,90.0,0.0,WX_CLEANED,6,3,0,0,0.0,0.0,0.011410797916666604,0.014045935714285624
a3c772d3fde52dbae832bi,2026-01-15 07:00:00+08:00,0.0,0.1686,0.1797,0.011099999999999999,100.0,HOURLY_RECON_GT_5PCT,23.7,90.0,0.0,WX_CLEANED,7,3,0,0,0.0,0.0,0.011410797916666604,0.014045935714285624
a3c772d3fde52dbae832bi,2026-01-15 08:00:00+08:00,0.0,0.182,0.1956,0.013600000000000001,100.0,HOURLY_RECON_GT_5PCT,24.4,90.0,0.0,WX_CLEANED,8,3,0,0,0.0,0.0,0.011410797916666604,0.014045935714285624
a3c772d3fde52dbae832bi,2026-01-15 09:00:00+08:00,0.0,0.1982,0.2104,0.012200000000000016,100.0,HOURLY_RECON_GT_5PCT,25.0,85.0,0.0,WX_CLEANED,9,3,0,0,0.0,0.0,0.011410797916666604,0.014045935714285624
a3c772d3fde52dbae832bi,2026-01-15 10:00:00+08:00,0.0,0.2127,0.2225,0.009800000000000003,100.0,HOURLY_RECON_GT_5PCT,26.0,79.0,0.1,WX_CLEANED,10,3,0,0,0.0,0.0,0.011410797916666604,0.014045935714285624
a3c772d3fde52dbae832bi,2026-01-15 11:00:00+08:00,0.0,0.2245,0.234,0.009500000000000008,100.0,HOURLY_RECON_GT_5PCT,27.0,73.0,0.2,WX_CLEANED,11,3,0,0,0.0,0.0,0.011410797916666604,0.014045935714285624
a3c772d3fde52dbae832bi,2026-01-15 12:00:00+08:00,0.0040676166666663,0.2366,0.2475,0.010899999999999993,62.682415902144015,HOURLY_RECON_GT_5PCT,27.5,69.0,0.1,WX_CLEANED,12,3,0,0,0.004519625,0.0046706916666663005,0.011391964236111031,0.014042345982142768
a3c772d3fde52dbae832bi,2026-01-15 13:00:00+08:00,0.0186662666666665,0.2498,0.2575,0.007700000000000012,142.41904761904507,HOURLY_RECON_GT_5PCT,28.1,67.0,0.4,WX_CLEANED,13,3,0,0,0.020740525,0.021499,0.011305536805555473,0.014025484474206259
a3c772d3fde52dbae832bi,2026-01-15 14:00:00+08:00,0.018990241666666602,0.2588,0.2644,0.005600000000000049,239.11145833332918,HOURLY_RECON_GT_5PCT,28.1,67.0,0.3,WX_CLEANED,14,3,0,0,0.0211004416666663,0.0218054166666663,0.011217611805555484,0.014008727480158642
a3c772d3fde52dbae832bi,2026-01-15 15:00:00+08:00,0.0220946666666663,0.2654,0.27,0.004599999999999993,380.3188405797029,HOURLY_RECON_GT_5PCT,28.2,66.0,0.3,WX_CLEANED,15,3,0,0,0.024549908333333297,0.0253701333333328,0.011115310069444358,0.013989230654761814
a3c772d3fde52dbae832bi,2026-01-15 16:00:00+08:00,0.0394122583333333,0.0016,0.0076,0.006,556.8709722222217,HOURLY_RECON_GT_5PCT,28.4,65.0,0.0,WX_CLEANED,16,3,0,0,0.0396195499999999,0.0522074416666663,0.011106672916666583,0.013913068849206263
a3c772d3fde52dbae832bi,2026-01-15 17:00:00+08:00,0.0406803416666663,0.0081,0.0108,0.002700000000000001,1406.67932098764,HOURLY_RECON_GT_5PCT,28.2,65.0,0.0,WX_CLEANED,17,3,0,0,0.0406803416666663,0.054243724999999604,0.011106672916666583,0.01383233442460309
a3c772d3fde52dbae832bi,2026-01-15 18:00:00+08:00,0.040812566666666404,0.0114,0.014,0.0026,1469.7141025640926,HOURLY_RECON_GT_5PCT,27.3,72.0,0.0,WX_CLEANED,18,3,0,0,0.040812566666666404,0.0544200833333333,0.011106672916666583,0.013751337301587214
a3c772d3fde52dbae832bi,2026-01-15 19:00:00+08:00,0.040882083333333,0.0146,0.0172,0.0026,1472.3878205128078,HOURLY_RECON_GT_5PCT,26.6,78.0,0.0,WX_CLEANED,19,3,0,0,0.040882083333333,0.054512716666666294,0.011106672916666583,0.013670202579364991
a3c772d3fde52dbae832bi,2026-01-15 20:00:00+08:00,0.0409541083333333,0.0177,0.0227,0.005000000000000001,719.0821666666659,HOURLY_RECON_GT_5PCT,26.5,78.0,0.0,WX_CLEANED,20,3,0,0,0.0409541083333333,0.0546087749999996,0.011106672916666583,0.013588924801587217
a3c772d3fde52dbae832bi,2026-01-15 21:00:00+08:00,0.0,0.0256,0.0399,0.014299999999999997,100.0,HOURLY_RECON_GT_5PCT,25.8,82.0,0.0,WX_CLEANED,21,3,0,0,0.0,0.0,0.011106672916666583,0.013588924801587217
a3c772d3fde52dbae832bi,2026-01-15 22:00:00+08:00,0.0,0.0428,0.0571,0.0143,100.0,HOURLY_RECON_GT_5PCT,25.5,84.0,0.0,WX_CLEANED,22,3,0,0,0.0,0.0,0.011106672916666583,0.013588924801587217
a3c772d3fde52dbae832bi,2026-01-15 23:00:00+08:00,0.0,0.06,0.0743,0.014300000000000007,100.0,HOURLY_RECON_GT_5PCT,25.1,86.0,0.0,WX_CLEANED,23,3,0,0,0.0,0.0,0.011106672916666583,0.013588924801587217
a3c772d3fde52dbae832bi,2026-01-16 00:00:00+08:00,0.0,0.0771,0.0886,0.011499999999999996,100.0,HOURLY_RECON_GT_5PCT,24.9,88.0,0.0,WX_CLEANED,0,4,0,0,0.0,0.0,0.011106672916666583,0.013588924801587217
a3c772d3fde52dbae832bi,2026-01-16 01:00:00+08:00,0.0,0.0915,0.1058,0.014300000000000007,100.0,HOURLY_RECON_GT_5PCT,24.8,90.0,0.0,WX_CLEANED,1,4,0,0,0.0,0.0,0.011106672916666583,0.013588924801587217
a3c772d3fde52dbae832bi,2026-01-16 02:00:00+08:00,0.0,0.1086,0.123,0.014399999999999996,100.0,HOURLY_RECON_GT_5PCT,24.5,91.0,0.0,WX_CLEANED,2,4,0,0,0.0,0.0,0.011106672916666583,0.013588924801587217
a3c772d3fde52dbae832bi,2026-01-16 03:00:00+08:00,0.0,0.1258,0.1401,0.014300000000000007,100.0,HOURLY_RECON_GT_5PCT,24.7,87.0,0.0,WX_CLEANED,3,4,0,0,0.0,0.0,0.011106672916666583,0.013588924801587217
a3c772d3fde52dbae832bi,2026-01-16 04:00:00+08:00,0.0,0.143,0.1573,0.014300000000000007,100.0,HOURLY_RECON_GT_5PCT,24.6,82.0,0.0,WX_CLEANED,4,4,0,0,0.0,0.0,0.011106672916666583,0.013588924801587217
a3c772d3fde52dbae832bi,2026-01-16 05:00:00+08:00,0.0,0.158,0.1591,0.0010999999999999899,100.0,HOURLY_RECON_GT_5PCT,24.1,82.0,0.0,WX_CLEANED,5,4,0,0,0.0,0.0,0.011106672916666583,0.013588924801587217
a3c772d3fde52dbae832bi,2026-01-16 06:00:00+08:00,0.0,0.1601,0.1673,0.007200000000000012,100.0,HOURLY_RECON_GT_5PCT,23.8,84.0,0.0,WX_CLEANED,6,4,0,0,0.0,0.0,0.011106672916666583,0.013588924801587217
a3c772d3fde52dbae832bi,2026-01-16 07:00:00+08:00,0.0,0.1686,0.1797,0.011099999999999999,100.0,HOURLY_RECON_GT_5PCT,23.7,84.0,0.0,WX_CLEANED,7,4,0,0,0.0,0.0,0.011106672916666583,0.013588924801587217
a3c772d3fde52dbae832bi,2026-01-16 08:00:00+08:00,0.0,0.182,0.1956,0.013600000000000001,100.0,HOURLY_RECON_GT_5PCT,24.7,82.0,0.0,WX_CLEANED,8,4,0,0,0.0,0.0,0.011106672916666583,0.013588924801587217
a3c772d3fde52dbae832bi,2026-01-16 09:00:00+08:00,0.0,0.1982,0.2104,0.012200000000000016,100.0,HOURLY_RECON_GT_5PCT,26.3,74.0,0.0,WX_CLEANED,9,4,0,0,0.0,0.0,0.011106672916666583,0.013588924801587217
a3c772d3fde52dbae832bi,2026-01-16 10:00:00+08:00,0.0,0.2127,0.2225,0.009800000000000003,100.0,HOURLY_RECON_GT_5PCT,27.8,66.0,0.0,WX_CLEANED,10,4,0,0,0.0,0.0,0.011106672916666583,0.013588924801587217
a3c772d3fde52dbae832bi,2026-01-16 11:00:00+08:00,0.0,0.2245,0.234,0.009500000000000008,100.0,HOURLY_RECON_GT_5PCT,29.5,56.0,0.0,WX_CLEANED,11,4,0,0,0.0,0.0,0.011106672916666583,0.013588924801587217
a3c772d3fde52dbae832bi,2026-01-16 12:00:00+08:00,0.0040676166666663,0.2366,0.2475,0.010899999999999993,62.682415902144015,HOURLY_RECON_GT_5PCT,30.6,49.0,0.0,WX_CLEANED,12,4,0,0,0.0040676166666663,0.0054238249999994,0.011106672916666586,0.013580852132936425
a3c772d3fde52dbae832bi,2026-01-16 13:00:00+08:00,0.0186662666666665,0.2498,0.2575,0.007700000000000012,142.41904761904507,HOURLY_RECON_GT_5PCT,31.1,46.0,0.0,WX_CLEANED,13,4,0,0,0.0186662666666665,0.0249789166666665,0.011106672916666583,0.013543276835317378
a3c772d3fde52dbae832bi,2026-01-16 14:00:00+08:00,0.018990241666666602,0.2588,0.2644,0.005600000000000049,239.11145833332918,HOURLY_RECON_GT_5PCT,30.6,45.0,0.0,WX_CLEANED,14,4,0,0,0.018990241666666602,0.025321833333333,0.011106672916666583,0.013505588789682459
a3c772d3fde52dbae832bi,2026-01-16 15:00:00+08:00,0.0220946666666663,0.2654,0.27,0.004599999999999993,380.3188405797029,HOURLY_RECON_GT_5PCT,30.6,45.0,0.0,WX_CLEANED,15,4,0,0,0.0220946666666663,0.029461391666666496,0.011106672916666583,0.013461739236111029
a3c772d3fde52dbae832bi,2026-01-16 16:00:00+08:00,0.047756124999999594,0.0021,0.0102,0.008100000000000001,489.58179012345164,HOURLY_RECON_GT_5PCT,30.4,45.0,0.0,WX_CLEANED,16,4,0,0,0.0394122583333333,0.0595066916666661,0.01145433402777768,0.01339179538690468
a3c772d3fde52dbae832bi,2026-01-16 17:00:00+08:00,0.0497204999999996,0.0109,0.0146,0.0037,1243.7972972972864,HOURLY_RECON_GT_5PCT,29.8,48.0,0.0,WX_CLEANED,17,4,0,0,0.0406803416666663,0.0617779333333331,0.011831007291666565,0.013320024950396742
a3c772d3fde52dbae832bi,2026-01-16 18:00:00+08:00,0.0498821749999996,0.0153,0.0189,0.0036000000000000008,1285.6159722222108,HOURLY_RECON_GT_5PCT,28.9,54.0,0.0,WX_CLEANED,18,4,0,0,0.040812566666666404,0.061978733333333,0.012208907638888782,0.013248021626984045
a3c772d3fde52dbae832bi,2026-01-16 19:00:00+08:00,0.0499670749999996,0.0196,0.0232,0.003599999999999999,1287.9743055555448,HOURLY_RECON_GT_5PCT,28.0,64.0,0.0,WX_CLEANED,19,4,0,0,0.040882083333333,0.062084283333333296,0.012587448958333225,0.013175895386904677
a3c772d3fde52dbae832bi,2026-01-16 20:00:00+08:00,0.0500551499999996,0.0239,0.0299,0.005999999999999998,734.2524999999936,HOURLY_RECON_GT_5PCT,26.6,67.0,0.0,WX_CLEANED,20,4,0,0,0.0409541083333333,0.0621936499999995,0.012966659027777654,0.013103642410714201
a3c772d3fde52dbae832bi,2026-01-16 21:00:00+08:00,0.0,0.0331,0.0489,0.0158,100.0,HOURLY_RECON_GT_5PCT,26.2,70.0,0.0,WX_CLEANED,21,4,0,0,0.0,0.0,0.012966659027777654,0.013103642410714201
a3c772d3fde52dbae832bi,2026-01-16 22:00:00+08:00,0.0,0.052,0.0678,0.0158,100.0,HOURLY_RECON_GT_5PCT,26.1,70.0,0.0,WX_CLEANED,22,4,0,0,0.0,0.0,0.012966659027777654,0.013103642410714201
a3c772d3fde52dbae832bi,2026-01-16 23:00:00+08:00,0.0,0.0709,0.0867,0.015799999999999995,100.0,HOURLY_RECON_GT_5PCT,26.1,70.0,0.0,WX_CLEANED,23,4,0,0,0.0,0.0,0.012966659027777654,0.013103642410714201
a3c772d3fde52dbae832bi,2026-01-17 00:00:00+08:00,0.0,0.0899,0.1025,0.0126,100.0,HOURLY_RECON_GT_5PCT,25.8,73.0,0.0,WX_CLEANED,0,5,1,0,0.0,0.0,0.012966659027777654,0.013103642410714201
a3c772d3fde52dbae832bi,2026-01-17 01:00:00+08:00,0.0,0.1057,0.1214,0.015699999999999992,100.0,HOURLY_RECON_GT_5PCT,25.6,74.0,0.0,WX_CLEANED,1,5,1,0,0.0,0.0,0.012966659027777654,0.013103642410714201
a3c772d3fde52dbae832bi,2026-01-17 02:00:00+08:00,0.0,0.1246,0.1404,0.015799999999999995,100.0,HOURLY_RECON_GT_5PCT,25.0,77.0,0.0,WX_CLEANED,2,5,1,0,0.0,0.0,0.012966659027777654,0.013103642410714201
a3c772d3fde52dbae832bi,2026-01-17 03:00:00+08:00,0.0,0.1435,0.1593,0.01580000000000001,100.0,HOURLY_RECON_GT_5PCT,25.0,77.0,0.0,WX_CLEANED,3,5,1,0,0.0,0.0,0.012966659027777654,0.013103642410714201
a3c772d3fde52dbae832bi,2026-01-17 04:00:00+08:00,0.0,0.1625,0.1782,0.015699999999999992,100.0,HOURLY_RECON_GT_5PCT,24.7,78.0,0.0,WX_CLEANED,4,5,1,0,0.0,0.0,0.012966659027777654,0.013103642410714201
a3c772d3fde52dbae832bi,2026-01-17 05:00:00+08:00,0.0,0.1792,0.1806,0.0014000000000000123,100.0,HOURLY_RECON_GT_5PCT,24.2,81.0,0.0,WX_CLEANED,5,5,1,0,0.0,0.0,0.012966659027777654,0.013103642410714201
a3c772d3fde52dbae832bi,2026-01-17 06:00:00+08:00,0.0,0.182,0.1916,0.009599999999999997,100.0,HOURLY_RECON_GT_5PCT,24.0,80.0,0.0,WX_CLEANED,6,5,1,0,0.0,0.0,0.012966659027777654,0.013103642410714201
a3c772d3fde52dbae832bi,2026-01-17 07:00:00+08:00,0.0,0.1935,0.2083,0.014800000000000008,100.0,HOURLY_RECON_GT_5PCT,23.8,84.0,0.0,WX_CLEANED,7,5,1,0,0.0,0.0,0.012966659027777654,0.013103642410714201
a3c772d3fde52dbae832bi,2026-01-17 08:00:00+08:00,0.0,0.2114,0.2298,0.0184,100.0,HOURLY_RECON_GT_5PCT,24.0,86.0,0.0,WX_CLEANED,8,5,1,0,0.0,0.0,0.012966659027777654,0.013103642410714201
a3c772d3fde52dbae832bi,2026-01-17 09:00:00+08:00,0.0,0.2333,0.2498,0.016499999999999987,100.0,HOURLY_RECON_GT_5PCT,25.2,80.0,0.0,WX_CLEANED,9,5,1,0,0.0,0.0,0.012966659027777654,0.013103642410714201
a3c772d3fde52dbae832bi,2026-01-17 10:00:00+08:00,0.0,0.2529,0.266,0.0131,100.0,HOURLY_RECON_GT_5PCT,25.8,76.0,0.0,WX_CLEANED,10,5,1,0,0.0,0.0,0.012966659027777654,0.013103642410714201
a3c772d3fde52dbae832bi,2026-01-17 11:00:00+08:00,0.0,0.2687,0.2815,0.012799999999999978,100.0,HOURLY_RECON_GT_5PCT,26.5,71.0,0.0,WX_CLEANED,11,5,1,0,0.0,0.0,0.012966659027777654,0.013103642410714201
a3c772d3fde52dbae832bi,2026-01-17 12:00:00+08:00,0.0049715416666663,0.285,0.2997,0.014700000000000046,66.17998866213412,HOURLY_RECON_GT_5PCT,27.4,63.0,0.0,WX_CLEANED,12,5,1,0,0.0040676166666663,0.0061772333333331006,0.013004322569444319,0.013096465674603087
a3c772d3fde52dbae832bi,2026-01-17 13:00:00+08:00,0.0228144083333333,0.3028,0.3131,0.010299999999999976,121.49911003236265,HOURLY_RECON_GT_5PCT,27.7,60.0,0.0,WX_CLEANED,13,5,1,0,0.0186662666666665,0.0283469249999998,0.013177161805555436,0.013063534027777693
a3c772d3fde52dbae832bi,2026-01-17 14:00:00+08:00,0.0232103333333331,0.3149,0.3225,0.007599999999999996,205.39912280701466,HOURLY_RECON_GT_5PCT,28.6,57.0,0.0,WX_CLEANED,14,5,1,0,0.018990241666666602,0.028838858333332898,0.01335299895833321,0.013030030902777696
a3c772d3fde52dbae832bi,2026-01-17 15:00:00+08:00,0.0270046666666661,0.3237,0.33,0.006300000000000028,328.6455026454918,HOURLY_RECON_GT_5PCT,28.1,60.0,0.0,WX_CLEANED,15,5,1,0,0.0220946666666663,0.0335534333333333,0.013557582291666535,0.012991050148809438
a3c772d3fde52dbae832bi,2026-01-17 16:00:00+08:00,0.0648683916666663,0.0033,0.0158,0.0125,418.94713333333044,HOURLY_RECON_GT_5PCT,27.9,62.0,0.0,WX_CLEANED,16,5,1,0,0.047756124999999594,0.0612435833333331,0.014270593402777648,0.0130126263888888
a3c772d3fde52dbae832bi,2026-01-17 17:00:00+08:00,0.0678118083333333,0.017,0.0227,0.0057,1089.680847953216,HOURLY_RECON_GT_5PCT,27.8,62.0,0.0,WX_CLEANED,17,5,1,0,0.0497204999999996,0.0632854749999998,0.01502439791666655,0.013039568849206262
a3c772d3fde52dbae832bi,2026-01-17 18:00:00+08:00,0.0680322083333331,0.0238,0.0294,0.005599999999999997,1114.8608630952344,HOURLY_RECON_GT_5PCT,27.4,63.0,0.0,WX_CLEANED,18,5,1,0,0.0498821749999996,0.0634911999999998,0.015780649305555446,0.013066598660714199
a3c772d3fde52dbae832bi,2026-01-17 19:00:00+08:00,0.0681480416666666,0.0305,0.036,0.005499999999999998,1139.0553030303022,HOURLY_RECON_GT_5PCT,27.2,65.0,0.0,WX_CLEANED,19,5,1,0,0.0499670749999996,0.0635992999999998,0.016538189583333238,0.013093674503968169
a3c772d3fde52dbae832bi,2026-01-17 20:00:00+08:00,0.0682681416666663,0.0371,0.0452,0.008099999999999996,742.816563786004,HOURLY_RECON_GT_5PCT,26.8,70.0,0.0,WX_CLEANED,20,5,1,0,0.0500551499999996,0.0637113249999998,0.017297064236111017,0.013120798412698325
a3c772d3fde52dbae832bi,2026-01-17 21:00:00+08:00,0.0,0.0488,0.0668,0.017999999999999995,100.0,HOURLY_RECON_GT_5PCT,26.6,73.0,0.0,WX_CLEANED,21,5,1,0,0.0,0.0,0.017297064236111017,0.013120798412698325
a3c772d3fde52dbae832bi,2026-01-17 22:00:00+08:00,0.0,0.0704,0.0883,0.0179,100.0,HOURLY_RECON_GT_5PCT,26.2,76.0,0.0,WX_CLEANED,22,5,1,0,0.0,0.0,0.017297064236111017,0.013120798412698325
a3c772d3fde52dbae832bi,2026-01-17 23:00:00+08:00,0.0,0.0919,0.1099,0.018000000000000002,100.0,HOURLY_RECON_GT_5PCT,26.0,79.0,0.0,WX_CLEANED,23,5,1,0,0.0,0.0,0.017297064236111017,0.013120798412698325
a3c772d3fde52dbae832bi,2026-01-18 00:00:00+08:00,0.0,0.1135,0.1279,0.01440000000000001,100.0,HOURLY_RECON_GT_5PCT,25.5,83.0,0.0,WX_CLEANED,0,6,1,0,0.0,0.0,0.017297064236111017,0.013120798412698325
a3c772d3fde52dbae832bi,2026-01-18 01:00:00+08:00,0.0,0.1315,0.1495,0.017999999999999988,100.0,HOURLY_RECON_GT_5PCT,25.3,84.0,0.0,WX_CLEANED,1,6,1,0,0.0,0.0,0.017297064236111017,0.013120798412698325
a3c772d3fde52dbae832bi,2026-01-18 02:00:00+08:00,0.0,0.1531,0.171,0.0179,100.0,HOURLY_RECON_GT_5PCT,25.2,84.0,0.0,WX_CLEANED,2,6,1,0,0.0,0.0,0.017297064236111017,0.013120798412698325
a3c772d3fde52dbae832bi,2026-01-18 03:00:00+08:00,0.0,0.1746,0.1926,0.017999999999999988,100.0,HOURLY_RECON_GT_5PCT,24.7,85.0,0.0,WX_CLEANED,3,6,1,0,0.0,0.0,0.017297064236111017,0.013120798412698325
a3c772d3fde52dbae832bi,2026-01-18 04:00:00+08:00,0.0,0.1962,0.2142,0.017999999999999988,100.0,HOURLY_RECON_GT_5PCT,24.4,84.0,0.0,WX_CLEANED,4,6,1,0,0.0,0.0,0.017297064236111017,0.013120798412698325
a3c772d3fde52dbae832bi,2026-01-18 05:00:00+08:00,0.0,0.2156,0.2178,0.0021999999999999797,100.0,HOURLY_RECON_GT_5PCT,24.0,85.0,0.0,WX_CLEANED,5,6,1,0,0.0,0.0,0.017297064236111017,0.013120798412698325
a3c772d3fde52dbae832bi,2026-01-18 06:00:00+08:00,0.0,0.22,0.235,0.014999999999999986,100.0,HOURLY_RECON_GT_5PCT,23.9,82.0,0.0,WX_CLEANED,6,6,1,0,0.0,0.0,0.017297064236111017,0.013120798412698325
a3c772d3fde52dbae832bi,2026-01-18 07:00:00+08:00,0.0,0.2378,0.2609,0.02310000000000001,100.0,HOURLY_RECON_GT_5PCT,24.0,80.0,0.0,WX_CLEANED,7,6,1,0,0.0,0.0,0.017297064236111017,0.013120798412698325
a3c772d3fde52dbae832bi,2026-01-18 08:00:00+08:00,0.0,0.2658,0.2942,0.028400000000000036,100.0,HOURLY_RECON_GT_5PCT,25.2,70.0,0.0,WX_CLEANED,8,6,1,0,0.0,0.0,0.017297064236111017,0.013120798412698325
a3c772d3fde52dbae832bi,2026-01-18 09:00:00+08:00,0.0,0.2998,0.3253,0.025499999999999967,100.0,HOURLY_RECON_GT_5PCT,26.4,65.0,0.0,WX_CLEANED,9,6,1,0,0.0,0.0,0.017297064236111017,0.013120798412698325
a3c772d3fde52dbae832bi,2026-01-18 10:00:00+08:00,0.0,0.3302,0.3506,0.02040000000000003,100.0,HOURLY_RECON_GT_5PCT,27.3,62.0,0.0,WX_CLEANED,10,6,1,0,0.0,0.0,0.017297064236111017,0.013120798412698325
a3c772d3fde52dbae832bi,2026-01-18 11:00:00+08:00,0.0,0.3547,0.3746,0.019899999999999973,100.0,HOURLY_RECON_GT_5PCT,28.3,59.0,0.0,WX_CLEANED,11,6,1,0,0.0,0.0,0.017297064236111017,0.013120798412698325
a3c772d3fde52dbae832bi,2026-01-18 12:00:00+08:00,0.0067804916666663,0.3802,0.4029,0.022699999999999998,70.12999265785771,HOURLY_RECON_GT_5PCT,28.8,60.0,0.0,WX_CLEANED,12,6,1,0,0.0049715416666663,0.0063279333333331,0.017372437152777684,0.0131234922123015
a3c772d3fde52dbae832bi,2026-01-18 13:00:00+08:00,0.0311156499999996,0.4077,0.4238,0.016100000000000003,93.26490683229561,HOURLY_RECON_GT_5PCT,29.4,58.0,0.0,WX_CLEANED,13,6,1,0,0.0228144083333333,0.029038683333333,0.017718322222222114,0.013135855109126895
a3c772d3fde52dbae832bi,2026-01-18 14:00:00+08:00,0.0316555416666665,0.4265,0.4383,0.011800000000000033,168.26730225988487,HOURLY_RECON_GT_5PCT,29.6,55.0,0.0,WX_CLEANED,14,6,1,0,0.0232103333333331,0.0295426249999996,0.01807020590277767,0.013148431994047532
a3c772d3fde52dbae832bi,2026-01-18 15:00:00+08:00,0.036830583333333,0.4403,0.45,0.009699999999999986,279.6967353951861,HOURLY_RECON_GT_5PCT,29.8,57.0,0.0,WX_CLEANED,15,6,1,0,0.0270046666666661,0.034372183333333306,0.018479619097222125,0.013163065327380864
a3c772d3fde52dbae832bi,2026-01-18 16:00:00+08:00,0.0448286833333333,0.0019,0.0089,0.007,540.4097619047615,HOURLY_RECON_GT_5PCT,29.4,61.0,0.0,WX_CLEANED,16,6,1,0,0.0648683916666663,0.0432388833333331,0.017644631249999914,0.013172528422618962
a3c772d3fde52dbae832bi,2026-01-18 17:00:00+08:00,0.045200775,0.0095,0.0127,0.0031999999999999997,1312.52421875,HOURLY_RECON_GT_5PCT,29.1,62.0,0.0,WX_CLEANED,17,6,1,0,0.0678118083333333,0.043703233333332994,0.01670250486111103,0.013181442361111026
a3c772d3fde52dbae832bi,2026-01-18 18:00:00+08:00,0.045347675,0.0133,0.0164,0.003100000000000002,1362.8282258064507,HOURLY_RECON_GT_5PCT,28.4,66.0,0.0,WX_CLEANED,18,6,1,0,0.0680322083333331,0.0438452999999996,0.01575731597222215,0.013190385069444362
a3c772d3fde52dbae832bi,2026-01-18 19:00:00+08:00,0.045424925000000005,0.017,0.0201,0.0030999999999999986,1365.3201612903233,HOURLY_RECON_GT_5PCT,27.8,71.0,0.0,WX_CLEANED,19,6,1,0,0.0681480416666666,0.0439200083333333,0.014810519444444377,0.013199342906745948
a3c772d3fde52dbae832bi,2026-01-18 20:00:00+08:00,0.045505025,0.0208,0.0263,0.005500000000000001,727.3640909090907,HOURLY_RECON_GT_5PCT,27.1,73.0,0.0,WX_CLEANED,20,6,1,0,0.0682681416666663,0.0439973583333331,0.013862056249999944,0.013208317113095155
a3c772d3fde52dbae832bi,2026-01-18 21:00:00+08:00,0.0,0.0293,0.0444,0.015100000000000002,100.0,HOURLY_RECON_GT_5PCT,26.9,75.0,0.0,WX_CLEANED,21,6,1,0,0.0,0.0,0.013862056249999944,0.013208317113095155
a3c772d3fde52dbae832bi,2026-01-18 22:00:00+08:00,0.0,0.0474,0.0625,0.015100000000000002,100.0,HOURLY_RECON_GT_5PCT,26.6,78.0,0.0,WX_CLEANED,22,6,1,0,0.0,0.0,0.013862056249999944,0.013208317113095155
a3c772d3fde52dbae832bi,2026-01-18 23:00:00+08:00,0.0,0.0655,0.0806,0.015100000000000002,100.0,HOURLY_RECON_GT_5PCT,26.4,79.0,0.0,WX_CLEANED,23,6,1,0,0.0,0.0,0.013862056249999944,0.013208317113095155
a3c772d3fde52dbae832bi,2026-01-19 00:00:00+08:00,0.0,0.0836,0.0957,0.0121,100.0,HOURLY_RECON_GT_5PCT,26.2,81.0,0.0,WX_CLEANED,0,0,0,0,0.0,0.0,0.013862056249999944,0.013208317113095155
a3c772d3fde52dbae832bi,2026-01-19 01:00:00+08:00,0.0,0.0987,0.1138,0.015100000000000002,100.0,HOURLY_RECON_GT_5PCT,25.9,82.0,0.0,WX_CLEANED,1,0,0,0,0.0,0.0,0.013862056249999944,0.013208317113095155
a3c772d3fde52dbae832bi,2026-01-19 02:00:00+08:00,0.0,0.1168,0.1319,0.015099999999999988,100.0,HOURLY_RECON_GT_5PCT,25.5,82.0,0.2,WX_CLEANED,2,0,0,0,0.0,0.0,0.013862056249999944,0.013208317113095155
a3c772d3fde52dbae832bi,2026-01-19 03:00:00+08:00,0.0,0.1349,0.15,0.015100000000000002,100.0,HOURLY_RECON_GT_5PCT,25.5,83.0,0.0,WX_CLEANED,3,0,0,0,0.0,0.0,0.013862056249999944,0.013208317113095155
a3c772d3fde52dbae832bi,2026-01-19 04:00:00+08:00,0.0,0.153,0.1681,0.015100000000000002,100.0,HOURLY_RECON_GT_5PCT,25.5,82.0,0.0,WX_CLEANED,4,0,0,0,0.0,0.0,0.013862056249999944,0.013208317113095155
a3c772d3fde52dbae832bi,2026-01-19 05:00:00+08:00,0.0,0.1689,0.1701,0.0012000000000000066,100.0,HOURLY_RECON_GT_5PCT,25.4,81.0,0.0,WX_CLEANED,5,0,0,0,0.0,0.0,0.013862056249999944,0.013208317113095155
a3c772d3fde52dbae832bi,2026-01-19 06:00:00+08:00,0.0,0.1713,0.1797,0.00839999999999999,100.0,HOURLY_RECON_GT_5PCT,25.3,80.0,0.0,WX_CLEANED,6,0,0,0,0.0,0.0,0.013862056249999944,0.013208317113095155
a3c772d3fde52dbae832bi,2026-01-19 07:00:00+08:00,0.0,0.1813,0.1942,0.012900000000000023,100.0,HOURLY_RECON_GT_5PCT,25.0,83.0,0.0,WX_CLEANED,7,0,0,0,0.0,0.0,0.013862056249999944,0.013208317113095155
a3c772d3fde52dbae832bi,2026-01-19 08:00:00+08:00,0.0,0.1969,0.2129,0.016000000000000014,100.0,HOURLY_RECON_GT_5PCT,25.2,83.0,0.0,WX_CLEANED,8,0,0,0,0.0,0.0,0.013862056249999944,0.013208317113095155
a3c772d3fde52dbae832bi,2026-01-19 09:00:00+08:00,0.0,0.216,0.2303,0.014300000000000007,100.0,HOURLY_RECON_GT_5PCT,26.4,74.0,0.0,WX_CLEANED,9,0,0,0,0.0,0.0,0.013862056249999944,0.013208317113095155
a3c772d3fde52dbae832bi,2026-01-19 10:00:00+08:00,0.0,0.233,0.2444,0.011399999999999993,100.0,HOURLY_RECON_GT_5PCT,27.7,66.0,0.0,WX_CLEANED,10,0,0,0,0.0,0.0,0.013862056249999944,0.013208317113095155
a3c772d3fde52dbae832bi,2026-01-19 11:00:00+08:00,0.0,0.2467,0.2578,0.011099999999999971,100.0,HOURLY_RECON_GT_5PCT,28.1,63.0,0.0,WX_CLEANED,11,0,0,0,0.0,0.0,0.013862056249999944,0.013208317113095155
a3c772d3fde52dbae832bi,2026-01-19 12:00:00+08:00,0.004519625,0.2609,0.2736,0.012699999999999989,64.41240157480313,HOURLY_RECON_GT_5PCT,29.4,57.0,0.1,WX_CLEANED,12,0,0,0,0.0067804916666663,0.0043699333333331,0.013767853472222183,0.013209208134920556
a3c772d3fde52dbae832bi,2026-01-19 13:00:00+08:00,0.020740525,0.2763,0.2854,0.009099999999999997,127.91785714285722,HOURLY_RECON_GT_5PCT,29.8,56.0,0.4,WX_CLEANED,13,0,0,0,0.0311156499999996,0.0200533499999998,0.0133355565972222,0.01321329846230151
a3c772d3fde52dbae832bi,2026-01-19 14:00:00+08:00,0.0211004416666663,0.2868,0.2935,0.006699999999999984,214.93196517412466,HOURLY_RECON_GT_5PCT,29.4,60.0,0.2,WX_CLEANED,14,0,0,0,0.0316555416666665,0.0204013916666666,0.01289576076388886,0.013217459474206269
a3c772d3fde52dbae832bi,2026-01-19 15:00:00+08:00,0.024549908333333297,0.2946,0.3,0.005400000000000016,354.62793209876344,HOURLY_RECON_GT_5PCT,29.1,61.0,0.1,WX_CLEANED,15,0,0,0,0.036830583333333,0.0237365,0.012384065972222203,0.013222301190476108
a3c772d3fde52dbae832bi,2026-01-19 16:00:00+08:00,0.0465811749999999,0.002,0.0097,0.0077,504.9503246753234,HOURLY_RECON_GT_5PCT,29.0,61.0,0.0,WX_CLEANED,16,0,0,0,0.0448286833333333,0.047894741666666296,0.012457086458333313,0.013214482341269762
a3c772d3fde52dbae832bi,2026-01-19 17:00:00+08:00,0.04822305,0.0104,0.014,0.0036000000000000008,1239.5291666666665,HOURLY_RECON_GT_5PCT,28.8,61.0,0.0,WX_CLEANED,17,0,0,0,0.045200775,0.0497204999999996,0.01258301458333331,0.013205568948412618
a3c772d3fde52dbae832bi,2026-01-19 18:00:00+08:00,0.0483797166666663,0.0146,0.0181,0.0035000000000000014,1282.2776190476081,HOURLY_RECON_GT_5PCT,28.2,65.0,0.0,WX_CLEANED,18,0,0,0,0.045347675,0.0498821749999996,0.012709349652777742,0.013196625744047542
a3c772d3fde52dbae832bi,2026-01-19 19:00:00+08:00,0.04846214999999961,0.0187,0.0221,0.0034000000000000002,1325.357352941165,HOURLY_RECON_GT_5PCT,27.8,68.0,0.0,WX_CLEANED,19,0,0,0,0.045424925000000005,0.0499670749999996,0.012835900694444393,0.013187667857142779
a3c772d3fde52dbae832bi,2026-01-19 20:00:00+08:00,0.048547483333333294,0.0228,0.0287,0.005899999999999999,722.8387005649712,HOURLY_RECON_GT_5PCT,27.4,70.0,0.0,WX_CLEANED,20,0,0,0,0.045505025,0.0500551499999996,0.012962669791666612,0.013178693650793575
a3c772d3fde52dbae832bi,2026-01-19 21:00:00+08:00,0.0,0.0318,0.0474,0.015599999999999996,100.0,HOURLY_RECON_GT_5PCT,27.6,67.0,0.0,WX_CLEANED,21,0,0,0,0.0,0.0,0.012962669791666612,0.013178693650793575
a3c772d3fde52dbae832bi,2026-01-19 22:00:00+08:00,0.0,0.0505,0.066,0.0155,100.0,HOURLY_RECON_GT_5PCT,27.3,67.0,0.0,WX_CLEANED,22,0,0,0,0.0,0.0,0.012962669791666612,0.013178693650793575
a3c772d3fde52dbae832bi,2026-01-19 23:00:00+08:00,0.0,0.0691,0.0847,0.015600000000000003,100.0,HOURLY_RECON_GT_5PCT,27.0,70.0,0.0,WX_CLEANED,23,0,0,0,0.0,0.0,0.012962669791666612,0.013178693650793575
a3c772d3fde52dbae832bi,2026-01-20 00:00:00+08:00,0.0,0.0878,0.1003,0.012499999999999997,100.0,HOURLY_RECON_GT_5PCT,26.6,72.0,0.0,WX_CLEANED,0,1,0,0,0.0,0.0,0.012962669791666612,0.013178693650793575
a3c772d3fde52dbae832bi,2026-01-20 01:00:00+08:00,0.0,0.1034,0.1189,0.0155,100.0,HOURLY_RECON_GT_5PCT,26.1,75.0,0.0,WX_CLEANED,1,1,0,0,0.0,0.0,0.012962669791666612,0.013178693650793575
a3c772d3fde52dbae832bi,2026-01-20 02:00:00+08:00,0.0,0.122,0.1376,0.015600000000000003,100.0,HOURLY_RECON_GT_5PCT,25.5,78.0,0.0,WX_CLEANED,2,1,0,0,0.0,0.0,0.012962669791666612,0.013178693650793575
a3c772d3fde52dbae832bi,2026-01-20 03:00:00+08:00,0.0,0.1407,0.1563,0.015600000000000003,100.0,HOURLY_RECON_GT_5PCT,24.8,80.0,0.0,WX_CLEANED,3,1,0,0,0.0,0.0,0.012962669791666612,0.013178693650793575
a3c772d3fde52dbae832bi,2026-01-20 04:00:00+08:00,0.0,0.1594,0.1749,0.015500000000000014,100.0,HOURLY_RECON_GT_5PCT,24.3,81.0,0.4,WX_CLEANED,4,1,0,0,0.0,0.0,0.012962669791666612,0.013178693650793575
a3c772d3fde52dbae832bi,2026-01-20 05:00:00+08:00,0.0,0.1758,0.1772,0.0013999999999999846,100.0,HOURLY_RECON_GT_5PCT,24.1,82.0,0.0,WX_CLEANED,5,1,0,0,0.0,0.0,0.012962669791666612,0.013178693650793575
a3c772d3fde52dbae832bi,2026-01-20 06:00:00+08:00,0.0,0.1785,0.1877,0.009200000000000014,100.0,HOURLY_RECON_GT_5PCT,24.1,82.0,0.0,WX_CLEANED,6,1,0,0,0.0,0.0,0.012962669791666612,0.013178693650793575
a3c772d3fde52dbae832bi,2026-01-20 07:00:00+08:00,0.0,0.1895,0.2037,0.01419999999999999,100.0,HOURLY_RECON_GT_5PCT,24.0,82.0,0.0,WX_CLEANED,7,1,0,0,0.0,0.0,0.012962669791666612,0.013178693650793575
a3c772d3fde52dbae832bi,2026-01-20 08:00:00+08:00,0.0,0.2067,0.2242,0.017500000000000016,100.0,HOURLY_RECON_GT_5PCT,25.2,79.0,0.0,WX_CLEANED,8,1,0,0,0.0,0.0,0.012962669791666612,0.013178693650793575
a3c772d3fde52dbae832bi,2026-01-20 09:00:00+08:00,0.0,0.2276,0.2433,0.015699999999999992,100.0,HOURLY_RECON_GT_5PCT,26.2,74.0,0.0,WX_CLEANED,9,1,0,0,0.0,0.0,0.012962669791666612,0.013178693650793575
a3c772d3fde52dbae832bi,2026-01-20 10:00:00+08:00,0.0,0.2463,0.2588,0.012499999999999983,100.0,HOURLY_RECON_GT_5PCT,27.5,67.0,0.0,WX_CLEANED,10,1,0,0,0.0,0.0,0.012962669791666612,0.013178693650793575
a3c772d3fde52dbae832bi,2026-01-20 11:00:00+08:00,0.0,0.2614,0.2736,0.012199999999999989,100.0,HOURLY_RECON_GT_5PCT,28.2,63.0,0.2,WX_CLEANED,11,1,0,0,0.0,0.0,0.012962669791666612,0.013178693650793575
a3c772d3fde52dbae832bi,2026-01-20 12:00:00+08:00,0.00482185,0.277,0.291,0.013999999999999957,65.55821428571419,HOURLY_RECON_GT_5PCT,28.9,60.0,0.3,WX_CLEANED,12,1,0,0,0.004519625,0.0049715416666663,0.012975262499999946,0.013177802628968182
a3c772d3fde52dbae832bi,2026-01-20 13:00:00+08:00,0.0221272333333331,0.294,0.3039,0.00990000000000002,123.5074074074046,HOURLY_RECON_GT_5PCT,29.1,57.0,0.1,WX_CLEANED,13,1,0,0,0.020740525,0.0228144083333333,0.013033042013888824,0.013173712301587228
a3c772d3fde52dbae832bi,2026-01-20 14:00:00+08:00,0.0225111916666666,0.3055,0.3128,0.007300000000000029,208.37248858447276,HOURLY_RECON_GT_5PCT,29.8,53.0,0.1,WX_CLEANED,14,1,0,0,0.0211004416666663,0.0232103333333331,0.013091823263888837,0.013169550744047546
a3c772d3fde52dbae832bi,2026-01-20 15:00:00+08:00,0.0261913416666663,0.314,0.32,0.006000000000000005,336.5223611111046,HOURLY_RECON_GT_5PCT,30.2,50.0,0.0,WX_CLEANED,15,1,0,0,0.024549908333333297,0.0270046666666661,0.013160216319444381,0.013164709523809453
a3c772d3fde52dbae832bi,2026-01-20 16:00:00+08:00,0.0578437833333333,0.0028,0.0134,0.0106,445.69606918238964,HOURLY_RECON_GT_5PCT,29.8,51.0,0.0,WX_CLEANED,16,1,0,0,0.0465811749999999,0.0439991,0.013629491666666604,0.013247118353174532
a3c772d3fde52dbae832bi,2026-01-20 17:00:00+08:00,0.0602753916666663,0.0144,0.0192,0.004799999999999999,1155.7373263888817,HOURLY_RECON_GT_5PCT,29.2,54.0,0.0,WX_CLEANED,17,1,0,0,0.04822305,0.045200775,0.014131672569444366,0.013336848214285641
a3c772d3fde52dbae832bi,2026-01-20 18:00:00+08:00,0.0604712666666665,0.0202,0.0249,0.004699999999999999,1186.6226950354576,HOURLY_RECON_GT_5PCT,28.4,58.0,0.0,WX_CLEANED,18,1,0,0,0.0483797166666663,0.045347675,0.01463548715277771,0.013426869593253893
a3c772d3fde52dbae832bi,2026-01-20 19:00:00+08:00,0.0605742666666661,0.0258,0.0305,0.004699999999999999,1188.8141843971512,HOURLY_RECON_GT_5PCT,27.5,63.0,0.0,WX_CLEANED,19,1,0,0,0.04846214999999961,0.045424925000000005,0.015140158680555479,0.013517044246031668
a3c772d3fde52dbae832bi,2026-01-20 20:00:00+08:00,0.060680975000000005,0.0315,0.0387,0.007199999999999998,742.7913194444448,HOURLY_RECON_GT_5PCT,27.2,67.0,0.0,WX_CLEANED,20,1,0,0,0.048547483333333294,0.045505025,0.015645720833333262,0.013607377281745955
a3c772d3fde52dbae832bi,2026-01-20 21:00:00+08:00,0.0,0.0421,0.0593,0.0172,100.0,HOURLY_RECON_GT_5PCT,27.0,67.0,0.0,WX_CLEANED,21,1,0,0,0.0,0.0,0.015645720833333262,0.013607377281745955
a3c772d3fde52dbae832bi,2026-01-20 22:00:00+08:00,0.0,0.0627,0.0799,0.017199999999999993,100.0,HOURLY_RECON_GT_5PCT,26.4,70.0,0.0,WX_CLEANED,22,1,0,0,0.0,0.0,0.015645720833333262,0.013607377281745955
a3c772d3fde52dbae832bi,2026-01-20 23:00:00+08:00,0.0,0.0833,0.1005,0.017200000000000007,100.0,HOURLY_RECON_GT_5PCT,26.0,72.0,0.0,WX_CLEANED,23,1,0,0,0.0,0.0,0.015645720833333262,0.013607377281745955
a3c772d3fde52dbae832bi,2026-01-21 00:00:00+08:00,0.0,0.1039,0.1176,0.01369999999999999,100.0,HOURLY_RECON_GT_5PCT,25.6,74.0,0.0,WX_CLEANED,0,2,0,0,0.0,0.0,0.015645720833333262,0.013607377281745955
a3c772d3fde52dbae832bi,2026-01-21 01:00:00+08:00,0.0,0.1211,0.1382,0.01709999999999999,100.0,HOURLY_RECON_GT_5PCT,24.4,82.0,0.3,WX_CLEANED,1,2,0,0,0.0,0.0,0.015645720833333262,0.013607377281745955
a3c772d3fde52dbae832bi,2026-01-21 02:00:00+08:00,0.0,0.1417,0.1588,0.017100000000000004,100.0,HOURLY_RECON_GT_5PCT,24.6,75.0,0.4,WX_CLEANED,2,2,0,0,0.0,0.0,0.015645720833333262,0.013607377281745955
a3c772d3fde52dbae832bi,2026-01-21 03:00:00+08:00,0.0,0.1622,0.1794,0.017199999999999993,100.0,HOURLY_RECON_GT_5PCT,24.2,79.0,0.0,WX_CLEANED,3,2,0,0,0.0,0.0,0.015645720833333262,0.013607377281745955
a3c772d3fde52dbae832bi,2026-01-21 04:00:00+08:00,0.0,0.1828,0.2,0.01720000000000002,100.0,HOURLY_RECON_GT_5PCT,24.0,82.0,0.2,WX_CLEANED,4,2,0,0,0.0,0.0,0.015645720833333262,0.013607377281745955
a3c772d3fde52dbae832bi,2026-01-21 05:00:00+08:00,0.0,0.2012,0.2031,0.0019000000000000128,100.0,HOURLY_RECON_GT_5PCT,24.0,81.0,0.0,WX_CLEANED,5,2,0,0,0.0,0.0,0.015645720833333262,0.013607377281745955
a3c772d3fde52dbae832bi,2026-01-21 06:00:00+08:00,0.0,0.2049,0.2176,0.012699999999999989,100.0,HOURLY_RECON_GT_5PCT,24.0,80.0,0.0,WX_CLEANED,6,2,0,0,0.0,0.0,0.015645720833333262,0.013607377281745955
a3c772d3fde52dbae832bi,2026-01-21 07:00:00+08:00,0.0,0.22,0.2396,0.019600000000000006,100.0,HOURLY_RECON_GT_5PCT,24.0,81.0,0.0,WX_CLEANED,7,2,0,0,0.0,0.0,0.015645720833333262,0.013607377281745955
a3c772d3fde52dbae832bi,2026-01-21 08:00:00+08:00,0.0,0.2437,0.2679,0.024200000000000027,100.0,HOURLY_RECON_GT_5PCT,25.2,75.0,0.0,WX_CLEANED,8,2,0,0,0.0,0.0,0.015645720833333262,0.013607377281745955
a3c772d3fde52dbae832bi,2026-01-21 09:00:00+08:00,0.0,0.2726,0.2943,0.021699999999999997,100.0,HOURLY_RECON_GT_5PCT,26.4,67.0,0.0,WX_CLEANED,9,2,0,0,0.0,0.0,0.015645720833333262,0.013607377281745955
a3c772d3fde52dbae832bi,2026-01-21 10:00:00+08:00,0.0,0.2983,0.3157,0.01739999999999997,100.0,HOURLY_RECON_GT_5PCT,27.8,62.0,0.0,WX_CLEANED,10,2,0,0,0.0,0.0,0.015645720833333262,0.013607377281745955
a3c772d3fde52dbae832bi,2026-01-21 11:00:00+08:00,0.0,0.3192,0.336,0.016800000000000037,100.0,HOURLY_RECON_GT_5PCT,29.4,53.0,0.1,WX_CLEANED,11,2,0,0,0.0,0.0,0.015645720833333262,0.013607377281745955
a3c772d3fde52dbae832bi,2026-01-21 12:00:00+08:00,0.0060269916666663,0.3408,0.36,0.019199999999999995,68.60941840277968,HOURLY_RECON_GT_5PCT,30.5,46.0,0.1,WX_CLEANED,12,2,0,0,0.00482185,0.004519625,0.015695935069444354,0.013616349702380872
a3c772d3fde52dbae832bi,2026-01-21 13:00:00+08:00,0.0276574999999996,0.3641,0.3778,0.013700000000000045,101.87956204379202,HOURLY_RECON_GT_5PCT,30.5,46.0,0.3,WX_CLEANED,13,2,0,0,0.0221272333333331,0.020740525,0.015926362847222125,0.013657522172618966
a3c772d3fde52dbae832bi,2026-01-21 14:00:00+08:00,0.0281374999999996,0.38,0.3901,0.010099999999999998,178.5891089108872,HOURLY_RECON_GT_5PCT,30.0,47.0,0.2,WX_CLEANED,14,2,0,0,0.0225111916666666,0.0211004416666663,0.016160792361111,0.013699409424603091
a3c772d3fde52dbae832bi,2026-01-21 15:00:00+08:00,0.0327373583333333,0.3917,0.4,0.00830000000000003,294.42600401606245,HOURLY_RECON_GT_5PCT,29.5,49.0,0.2,WX_CLEANED,15,2,0,0,0.0261913416666663,0.024549908333333297,0.016433543055555458,0.013748144246031662
a3c772d3fde52dbae832bi,2026-01-21 16:00:00+08:00,0.0486546666666663,0.0021,0.0102,0.008100000000000001,500.67489711933695,HOURLY_RECON_GT_5PCT,28.8,50.0,0.0,WX_CLEANED,16,2,0,0,0.0578437833333333,0.0396195499999999,0.016050663194444332,0.013801924702380867
a3c772d3fde52dbae832bi,2026-01-21 17:00:00+08:00,0.0497204999999996,0.0109,0.0146,0.0037,1243.7972972972864,HOURLY_RECON_GT_5PCT,27.7,53.0,0.0,WX_CLEANED,17,2,0,0,0.0602753916666663,0.0406803416666663,0.015610876041666555,0.01385573516865071
a3c772d3fde52dbae832bi,2026-01-21 18:00:00+08:00,0.0498821749999996,0.0153,0.0189,0.0036000000000000008,1285.6159722222108,HOURLY_RECON_GT_5PCT,26.8,56.0,0.0,WX_CLEANED,18,2,0,0,0.0604712666666665,0.040812566666666404,0.015169663888888766,0.013909720932539596
a3c772d3fde52dbae832bi,2026-01-21 19:00:00+08:00,0.0499670749999996,0.0196,0.0232,0.003599999999999999,1287.9743055555448,HOURLY_RECON_GT_5PCT,26.1,59.0,0.0,WX_CLEANED,19,2,0,0,0.0605742666666661,0.040882083333333,0.014727697569444328,0.013963798263888801
a3c772d3fde52dbae832bi,2026-01-21 20:00:00+08:00,0.0500551499999996,0.0239,0.0299,0.005999999999999998,734.2524999999936,HOURLY_RECON_GT_5PCT,25.6,63.0,0.0,WX_CLEANED,20,2,0,0,0.060680975000000005,0.0409541083333333,0.014284954861110977,0.014017971130952293
a3c772d3fde52dbae832bi,2026-01-21 21:00:00+08:00,0.0,0.0331,0.0489,0.0158,100.0,HOURLY_RECON_GT_5PCT,25.1,64.0,0.0,WX_CLEANED,21,2,0,0,0.0,0.0,0.014284954861110977,0.014017971130952293
a3c772d3fde52dbae832bi,2026-01-21 22:00:00+08:00,0.0,0.052,0.0678,0.0158,100.0,HOURLY_RECON_GT_5PCT,25.0,65.0,0.0,WX_CLEANED,22,2,0,0,0.0,0.0,0.014284954861110977,0.014017971130952293
a3c772d3fde52dbae832bi,2026-01-21 23:00:00+08:00,0.0,0.0709,0.0867,0.015799999999999995,100.0,HOURLY_RECON_GT_5PCT,24.7,65.0,0.0,WX_CLEANED,23,2,0,0,0.0,0.0,0.014284954861110977,0.014017971130952293
a3c772d3fde52dbae832bi,2026-01-22 00:00:00+08:00,0.0,0.0899,0.1025,0.0126,100.0,HOURLY_RECON_GT_5PCT,24.4,66.0,0.0,WX_CLEANED,0,3,0,0,0.0,0.0,0.014284954861110977,0.014017971130952293
a3c772d3fde52dbae832bi,2026-01-22 01:00:00+08:00,0.0,0.1057,0.1214,0.015699999999999992,100.0,HOURLY_RECON_GT_5PCT,24.1,66.0,0.0,WX_CLEANED,1,3,0,0,0.0,0.0,0.014284954861110977,0.014017971130952293
a3c772d3fde52dbae832bi,2026-01-22 02:00:00+08:00,0.0,0.1246,0.1404,0.015799999999999995,100.0,HOURLY_RECON_GT_5PCT,23.8,66.0,0.0,WX_CLEANED,2,3,0,0,0.0,0.0,0.014284954861110977,0.014017971130952293
a3c772d3fde52dbae832bi,2026-01-22 03:00:00+08:00,0.0,0.1435,0.1593,0.01580000000000001,100.0,HOURLY_RECON_GT_5PCT,23.7,65.0,0.0,WX_CLEANED,3,3,0,0,0.0,0.0,0.014284954861110977,0.014017971130952293
a3c772d3fde52dbae832bi,2026-01-22 04:00:00+08:00,0.0,0.1625,0.1782,0.015699999999999992,100.0,HOURLY_RECON_GT_5PCT,23.4,67.0,0.0,WX_CLEANED,4,3,0,0,0.0,0.0,0.014284954861110977,0.014017971130952293
a3c772d3fde52dbae832bi,2026-01-22 05:00:00+08:00,0.0,0.1792,0.1806,0.0014000000000000123,100.0,HOURLY_RECON_GT_5PCT,23.0,69.0,0.0,WX_CLEANED,5,3,0,0,0.0,0.0,0.014284954861110977,0.014017971130952293
a3c772d3fde52dbae832bi,2026-01-22 06:00:00+08:00,0.0,0.182,0.1916,0.009599999999999997,100.0,HOURLY_RECON_GT_5PCT,22.8,72.0,0.0,WX_CLEANED,6,3,0,0,0.0,0.0,0.014284954861110977,0.014017971130952293
a3c772d3fde52dbae832bi,2026-01-22 07:00:00+08:00,0.0,0.1935,0.2083,0.014800000000000008,100.0,HOURLY_RECON_GT_5PCT,22.8,72.0,0.0,WX_CLEANED,7,3,0,0,0.0,0.0,0.014284954861110977,0.014017971130952293
a3c772d3fde52dbae832bi,2026-01-22 08:00:00+08:00,0.0,0.2114,0.2298,0.0184,100.0,HOURLY_RECON_GT_5PCT,24.1,62.0,0.0,WX_CLEANED,8,3,0,0,0.0,0.0,0.014284954861110977,0.014017971130952293
a3c772d3fde52dbae832bi,2026-01-22 09:00:00+08:00,0.0,0.2333,0.2498,0.016499999999999987,100.0,HOURLY_RECON_GT_5PCT,25.1,57.0,0.0,WX_CLEANED,9,3,0,0,0.0,0.0,0.014284954861110977,0.014017971130952293
a3c772d3fde52dbae832bi,2026-01-22 10:00:00+08:00,0.0,0.2529,0.266,0.0131,100.0,HOURLY_RECON_GT_5PCT,26.7,52.0,0.0,WX_CLEANED,10,3,0,0,0.0,0.0,0.014284954861110977,0.014017971130952293
a3c772d3fde52dbae832bi,2026-01-22 11:00:00+08:00,0.0,0.2687,0.2815,0.012799999999999978,100.0,HOURLY_RECON_GT_5PCT,28.7,45.0,0.0,WX_CLEANED,11,3,0,0,0.0,0.0,0.014284954861110977,0.014017971130952293
a3c772d3fde52dbae832bi,2026-01-22 12:00:00+08:00,0.0049715416666663,0.285,0.2997,0.014700000000000046,66.17998866213412,HOURLY_RECON_GT_5PCT,30.2,38.0,0.0,WX_CLEANED,12,3,0,0,0.0060269916666663,0.0040676166666663,0.014240977777777645,0.014023351636904673
a3c772d3fde52dbae832bi,2026-01-22 13:00:00+08:00,0.0228144083333333,0.3028,0.3131,0.010299999999999976,121.49911003236265,HOURLY_RECON_GT_5PCT,30.0,40.0,0.1,WX_CLEANED,13,3,0,0,0.0276574999999996,0.0186662666666665,0.01403918229166655,0.014048042956349118
a3c772d3fde52dbae832bi,2026-01-22 14:00:00+08:00,0.0232103333333331,0.3149,0.3225,0.007599999999999996,205.39912280701466,HOURLY_RECON_GT_5PCT,29.7,40.0,0.1,WX_CLEANED,14,3,0,0,0.0281374999999996,0.018990241666666602,0.013833883680555445,0.014073162549603084
a3c772d3fde52dbae832bi,2026-01-22 15:00:00+08:00,0.0270046666666661,0.3237,0.33,0.006300000000000028,328.6455026454918,HOURLY_RECON_GT_5PCT,29.6,39.0,0.0,WX_CLEANED,15,3,0,0,0.0327373583333333,0.0220946666666663,0.013595021527777647,0.014102388740079276
a3c772d3fde52dbae832bi,2026-01-22 16:00:00+08:00,0.04817066666666629,0.0021,0.0102,0.008100000000000001,494.69958847736154,HOURLY_RECON_GT_5PCT,28.5,45.0,0.0,WX_CLEANED,16,3,0,0,0.0486546666666663,0.0394122583333333,0.013574854861110978,0.014154522123015783
a3c772d3fde52dbae832bi,2026-01-22 17:00:00+08:00,0.0497204999999996,0.0109,0.0146,0.0037,1243.7972972972864,HOURLY_RECON_GT_5PCT,27.2,50.0,0.0,WX_CLEANED,17,3,0,0,0.0497204999999996,0.0406803416666663,0.013574854861110978,0.014208332589285621
a3c772d3fde52dbae832bi,2026-01-22 18:00:00+08:00,0.0498821749999996,0.0153,0.0189,0.0036000000000000008,1285.6159722222108,HOURLY_RECON_GT_5PCT,26.0,54.0,0.0,WX_CLEANED,18,3,0,0,0.0498821749999996,0.040812566666666404,0.013574854861110978,0.01426231835317451
a3c772d3fde52dbae832bi,2026-01-22 19:00:00+08:00,0.0499670749999996,0.0196,0.0232,0.003599999999999999,1287.9743055555448,HOURLY_RECON_GT_5PCT,25.1,57.0,0.0,WX_CLEANED,19,3,0,0,0.0499670749999996,0.040882083333333,0.01357485486111098,0.014316395684523716
a3c772d3fde52dbae832bi,2026-01-22 20:00:00+08:00,0.0500551499999996,0.0239,0.0299,0.005999999999999998,734.2524999999936,HOURLY_RECON_GT_5PCT,24.6,60.0,0.0,WX_CLEANED,20,3,0,0,0.0500551499999996,0.0409541083333333,0.013574854861110978,0.014370568551587207
a3c772d3fde52dbae832bi,2026-01-22 21:00:00+08:00,0.0,0.0331,0.0489,0.0158,100.0,HOURLY_RECON_GT_5PCT,24.5,60.0,0.0,WX_CLEANED,21,3,0,0,0.0,0.0,0.013574854861110978,0.014370568551587207
a3c772d3fde52dbae832bi,2026-01-22 22:00:00+08:00,0.0,0.052,0.0678,0.0158,100.0,HOURLY_RECON_GT_5PCT,24.4,61.0,0.0,WX_CLEANED,22,3,0,0,0.0,0.0,0.013574854861110978,0.014370568551587207
a3c772d3fde52dbae832bi,2026-01-22 23:00:00+08:00,0.0,0.0709,0.0867,0.015799999999999995,100.0,HOURLY_RECON_GT_5PCT,24.1,62.0,0.0,WX_CLEANED,23,3,0,0,0.0,0.0,0.013574854861110978,0.014370568551587207
a3c772d3fde52dbae832bi,2026-01-23 00:00:00+08:00,0.0,0.0899,0.1025,0.0126,100.0,HOURLY_RECON_GT_5PCT,23.8,64.0,0.0,WX_CLEANED,0,4,0,0,0.0,0.0,0.013574854861110978,0.014370568551587207
a3c772d3fde52dbae832bi,2026-01-23 01:00:00+08:00,0.0,0.1057,0.1214,0.015699999999999992,100.0,HOURLY_RECON_GT_5PCT,23.7,65.0,0.0,WX_CLEANED,1,4,0,0,0.0,0.0,0.013574854861110978,0.014370568551587207
a3c772d3fde52dbae832bi,2026-01-23 02:00:00+08:00,0.0,0.1246,0.1404,0.015799999999999995,100.0,HOURLY_RECON_GT_5PCT,23.9,64.0,0.0,WX_CLEANED,2,4,0,0,0.0,0.0,0.013574854861110978,0.014370568551587207
a3c772d3fde52dbae832bi,2026-01-23 03:00:00+08:00,0.0,0.1435,0.1593,0.01580000000000001,100.0,HOURLY_RECON_GT_5PCT,23.8,64.0,0.0,WX_CLEANED,3,4,0,0,0.0,0.0,0.013574854861110978,0.014370568551587207
a3c772d3fde52dbae832bi,2026-01-23 04:00:00+08:00,0.0,0.1625,0.1782,0.015699999999999992,100.0,HOURLY_RECON_GT_5PCT,23.3,68.0,0.0,WX_CLEANED,4,4,0,0,0.0,0.0,0.013574854861110978,0.014370568551587207
a3c772d3fde52dbae832bi,2026-01-23 05:00:00+08:00,0.0,0.1792,0.1806,0.0014000000000000123,100.0,HOURLY_RECON_GT_5PCT,22.9,70.0,0.0,WX_CLEANED,5,4,0,0,0.0,0.0,0.013574854861110978,0.014370568551587207
a3c772d3fde52dbae832bi,2026-01-23 06:00:00+08:00,0.0,0.182,0.1916,0.009599999999999997,100.0,HOURLY_RECON_GT_5PCT,22.6,72.0,0.0,WX_CLEANED,6,4,0,0,0.0,0.0,0.013574854861110978,0.014370568551587207
a3c772d3fde52dbae832bi,2026-01-23 07:00:00+08:00,0.0,0.1935,0.2083,0.014800000000000008,100.0,HOURLY_RECON_GT_5PCT,22.8,72.0,0.0,WX_CLEANED,7,4,0,0,0.0,0.0,0.013574854861110978,0.014370568551587207
a3c772d3fde52dbae832bi,2026-01-23 08:00:00+08:00,0.0,0.2114,0.2298,0.0184,100.0,HOURLY_RECON_GT_5PCT,24.0,65.0,0.0,WX_CLEANED,8,4,0,0,0.0,0.0,0.013574854861110978,0.014370568551587207
a3c772d3fde52dbae832bi,2026-01-23 09:00:00+08:00,0.0,0.2333,0.2498,0.016499999999999987,100.0,HOURLY_RECON_GT_5PCT,25.2,58.0,0.0,WX_CLEANED,9,4,0,0,0.0,0.0,0.013574854861110978,0.014370568551587207
a3c772d3fde52dbae832bi,2026-01-23 10:00:00+08:00,0.0,0.2529,0.266,0.0131,100.0,HOURLY_RECON_GT_5PCT,26.8,51.0,0.0,WX_CLEANED,10,4,0,0,0.0,0.0,0.013574854861110978,0.014370568551587207
a3c772d3fde52dbae832bi,2026-01-23 11:00:00+08:00,0.0,0.2687,0.2815,0.012799999999999978,100.0,HOURLY_RECON_GT_5PCT,28.1,45.0,0.0,WX_CLEANED,11,4,0,0,0.0,0.0,0.013574854861110978,0.014370568551587207
a3c772d3fde52dbae832bi,2026-01-23 12:00:00+08:00,0.0049715416666663,0.285,0.2997,0.014700000000000046,66.17998866213412,HOURLY_RECON_GT_5PCT,29.0,41.0,0.0,WX_CLEANED,12,4,0,0,0.0049715416666663,0.0040676166666663,0.013574854861110978,0.014375949057539588
a3c772d3fde52dbae832bi,2026-01-23 13:00:00+08:00,0.0228144083333333,0.3028,0.3131,0.010299999999999976,121.49911003236265,HOURLY_RECON_GT_5PCT,30.0,36.0,0.0,WX_CLEANED,13,4,0,0,0.0228144083333333,0.0186662666666665,0.013574854861110978,0.014400640376984034
a3c772d3fde52dbae832bi,2026-01-23 14:00:00+08:00,0.0232103333333331,0.3149,0.3225,0.007599999999999996,205.39912280701466,HOURLY_RECON_GT_5PCT,30.0,36.0,0.0,WX_CLEANED,14,4,0,0,0.0232103333333331,0.018990241666666602,0.013574854861110978,0.014425759970237999
a3c772d3fde52dbae832bi,2026-01-23 15:00:00+08:00,0.0270046666666661,0.3237,0.33,0.006300000000000028,328.6455026454918,HOURLY_RECON_GT_5PCT,29.8,37.0,0.0,WX_CLEANED,15,4,0,0,0.0270046666666661,0.0220946666666663,0.013574854861110978,0.014454986160714188
a3c772d3fde52dbae832bi,2026-01-23 16:00:00+08:00,0.056515175,0.0027,0.013,0.0103,448.69101941747573,HOURLY_RECON_GT_5PCT,29.5,37.0,0.0,WX_CLEANED,16,4,0,0,0.04817066666666629,0.047756124999999594,0.013922542708333216,0.014507123363095144
a3c772d3fde52dbae832bi,2026-01-23 17:00:00+08:00,0.05876145,0.0139,0.0186,0.004699999999999999,1150.2436170212768,HOURLY_RECON_GT_5PCT,27.9,45.0,0.0,WX_CLEANED,17,4,0,0,0.0497204999999996,0.0497204999999996,0.014299248958333233,0.014560938541666573
a3c772d3fde52dbae832bi,2026-01-23 18:00:00+08:00,0.0589524916666663,0.0195,0.024,0.0045000000000000005,1210.055370370362,HOURLY_RECON_GT_5PCT,26.4,51.0,0.0,WX_CLEANED,18,4,0,0,0.0498821749999996,0.0498821749999996,0.014677178819444347,0.014614928521825306
a3c772d3fde52dbae832bi,2026-01-23 19:00:00+08:00,0.0590528583333328,0.0249,0.0295,0.0046,1183.757789855061,HOURLY_RECON_GT_5PCT,25.5,55.0,0.0,WX_CLEANED,19,4,0,0,0.0499670749999996,0.0499670749999996,0.015055753124999897,0.014669010565476098
a3c772d3fde52dbae832bi,2026-01-23 20:00:00+08:00,0.0591568999999999,0.0304,0.0374,0.007000000000000003,745.0985714285697,HOURLY_RECON_GT_5PCT,25.0,59.0,0.0,WX_CLEANED,20,4,0,0,0.0500551499999996,0.0500551499999996,0.015434992708333243,0.014723187648809432
a3c772d3fde52dbae832bi,2026-01-23 21:00:00+08:00,0.0,0.0408,0.0578,0.016999999999999994,100.0,HOURLY_RECON_GT_5PCT,24.6,61.0,0.0,WX_CLEANED,21,4,0,0,0.0,0.0,0.015434992708333243,0.014723187648809432
a3c772d3fde52dbae832bi,2026-01-23 22:00:00+08:00,0.0,0.0612,0.0782,0.017000000000000008,100.0,HOURLY_RECON_GT_5PCT,24.1,62.0,0.0,WX_CLEANED,22,4,0,0,0.0,0.0,0.015434992708333243,0.014723187648809432
a3c772d3fde52dbae832bi,2026-01-23 23:00:00+08:00,0.0,0.0816,0.0986,0.016999999999999987,100.0,HOURLY_RECON_GT_5PCT,24.0,62.0,0.0,WX_CLEANED,23,4,0,0,0.0,0.0,0.015434992708333243,0.014723187648809432
a3c772d3fde52dbae832bi,2026-01-24 00:00:00+08:00,0.0,0.1019,0.1155,0.013600000000000001,100.0,HOURLY_RECON_GT_5PCT,23.6,63.0,0.0,WX_CLEANED,0,5,1,0,0.0,0.0,0.015434992708333243,0.014723187648809432
a3c772d3fde52dbae832bi,2026-01-24 01:00:00+08:00,0.0,0.1189,0.1359,0.016999999999999987,100.0,HOURLY_RECON_GT_5PCT,23.5,64.0,0.0,WX_CLEANED,1,5,1,0,0.0,0.0,0.015434992708333243,0.014723187648809432
a3c772d3fde52dbae832bi,2026-01-24 02:00:00+08:00,0.0,0.1393,0.1563,0.016999999999999987,100.0,HOURLY_RECON_GT_5PCT,23.5,67.0,0.0,WX_CLEANED,2,5,1,0,0.0,0.0,0.015434992708333243,0.014723187648809432
a3c772d3fde52dbae832bi,2026-01-24 03:00:00+08:00,0.0,0.1597,0.1766,0.0169,100.0,HOURLY_RECON_GT_5PCT,23.0,70.0,0.0,WX_CLEANED,3,5,1,0,0.0,0.0,0.015434992708333243,0.014723187648809432
a3c772d3fde52dbae832bi,2026-01-24 04:00:00+08:00,0.0,0.18,0.197,0.017000000000000015,100.0,HOURLY_RECON_GT_5PCT,22.8,70.0,0.0,WX_CLEANED,4,5,1,0,0.0,0.0,0.015434992708333243,0.014723187648809432
a3c772d3fde52dbae832bi,2026-01-24 05:00:00+08:00,0.0,0.1982,0.2,0.0018000000000000238,100.0,HOURLY_RECON_GT_5PCT,22.4,73.0,0.0,WX_CLEANED,5,5,1,0,0.0,0.0,0.015434992708333243,0.014723187648809432
a3c772d3fde52dbae832bi,2026-01-24 06:00:00+08:00,0.0,0.2017,0.214,0.012300000000000005,100.0,HOURLY_RECON_GT_5PCT,22.4,74.0,0.0,WX_CLEANED,6,5,1,0,0.0,0.0,0.015434992708333243,0.014723187648809432
a3c772d3fde52dbae832bi,2026-01-24 07:00:00+08:00,0.0,0.2164,0.2353,0.0189,100.0,HOURLY_RECON_GT_5PCT,22.4,74.0,0.0,WX_CLEANED,7,5,1,0,0.0,0.0,0.015434992708333243,0.014723187648809432
a3c772d3fde52dbae832bi,2026-01-24 08:00:00+08:00,0.0,0.2392,0.2625,0.023300000000000015,100.0,HOURLY_RECON_GT_5PCT,23.5,67.0,0.0,WX_CLEANED,8,5,1,0,0.0,0.0,0.015434992708333243,0.014723187648809432
a3c772d3fde52dbae832bi,2026-01-24 09:00:00+08:00,0.0,0.2671,0.288,0.020899999999999974,100.0,HOURLY_RECON_GT_5PCT,25.1,59.0,0.0,WX_CLEANED,9,5,1,0,0.0,0.0,0.015434992708333243,0.014723187648809432
a3c772d3fde52dbae832bi,2026-01-24 10:00:00+08:00,0.0,0.2919,0.3086,0.016699999999999993,100.0,HOURLY_RECON_GT_5PCT,27.0,51.0,0.0,WX_CLEANED,10,5,1,0,0.0,0.0,0.015434992708333243,0.014723187648809432
a3c772d3fde52dbae832bi,2026-01-24 11:00:00+08:00,0.0,0.312,0.3283,0.01629999999999998,100.0,HOURLY_RECON_GT_5PCT,28.2,45.0,0.0,WX_CLEANED,11,5,1,0,0.0,0.0,0.015434992708333243,0.014723187648809432
a3c772d3fde52dbae832bi,2026-01-24 12:00:00+08:00,0.0058755583333331,0.3328,0.3514,0.018600000000000005,68.41097670251021,HOURLY_RECON_GT_5PCT,28.5,46.0,0.0,WX_CLEANED,12,5,1,0,0.0049715416666663,0.0049715416666663,0.01547266006944436,0.014728568700396738
a3c772d3fde52dbae832bi,2026-01-24 13:00:00+08:00,0.026962833333332898,0.3554,0.3686,0.01319999999999999,104.26388888888576,HOURLY_RECON_GT_5PCT,29.2,43.0,0.0,WX_CLEANED,13,5,1,0,0.0228144083333333,0.0228144083333333,0.015645511111111007,0.014753261706349113
a3c772d3fde52dbae832bi,2026-01-24 14:00:00+08:00,0.0274307249999996,0.3707,0.3804,0.009700000000000042,182.79097938143795,HOURLY_RECON_GT_5PCT,29.2,43.0,0.0,WX_CLEANED,14,5,1,0,0.0232103333333331,0.0232103333333331,0.015821360763888778,0.014778383085317365
a3c772d3fde52dbae832bi,2026-01-24 15:00:00+08:00,0.0319150583333328,0.382,0.39,0.008000000000000007,298.93822916665965,HOURLY_RECON_GT_5PCT,29.1,44.0,0.1,WX_CLEANED,15,5,1,0,0.0270046666666661,0.0270046666666661,0.016025960416666558,0.014807611607142763
a3c772d3fde52dbae832bi,2026-01-24 16:00:00+08:00,0.06945655,0.0036,0.0173,0.0137,406.98211678832115,HOURLY_RECON_GT_5PCT,28.8,45.0,0.0,WX_CLEANED,16,5,1,0,0.056515175,0.0648683916666663,0.016565184374999892,0.014834922073412608
a3c772d3fde52dbae832bi,2026-01-24 17:00:00+08:00,0.0723337333333331,0.0186,0.0248,0.006200000000000001,1066.673118279566,HOURLY_RECON_GT_5PCT,27.6,49.0,0.0,WX_CLEANED,17,5,1,0,0.05876145,0.0678118083333333,0.017130696180555436,0.014861838293650701
a3c772d3fde52dbae832bi,2026-01-24 18:00:00+08:00,0.0725688166666666,0.026,0.0321,0.006099999999999998,1089.6527322404368,HOURLY_RECON_GT_5PCT,26.4,54.0,0.0,WX_CLEANED,18,5,1,0,0.0589524916666663,0.0680322083333331,0.01769804305555545,0.014888841914682451
a3c772d3fde52dbae832bi,2026-01-24 19:00:00+08:00,0.0726923833333331,0.0333,0.0393,0.005999999999999998,1111.5397222222186,HOURLY_RECON_GT_5PCT,25.5,57.0,0.0,WX_CLEANED,19,5,1,0,0.0590528583333328,0.0681480416666666,0.018266356597222127,0.014915891567460225
a3c772d3fde52dbae832bi,2026-01-24 20:00:00+08:00,0.0728204666666666,0.0406,0.0491,0.0085,756.7113725490187,HOURLY_RECON_GT_5PCT,25.0,63.0,0.0,WX_CLEANED,20,5,1,0,0.0591568999999999,0.0682681416666663,0.018835671874999908,0.014942988740079276
a3c772d3fde52dbae832bi,2026-01-24 21:00:00+08:00,0.0,0.0528,0.0712,0.0184,100.0,HOURLY_RECON_GT_5PCT,24.8,64.0,0.0,WX_CLEANED,21,5,1,0,0.0,0.0,0.018835671874999908,0.014942988740079276
a3c772d3fde52dbae832bi,2026-01-24 22:00:00+08:00,0.0,0.0749,0.0933,0.0184,100.0,HOURLY_RECON_GT_5PCT,24.5,65.0,0.0,WX_CLEANED,22,5,1,0,0.0,0.0,0.018835671874999908,0.014942988740079276
a3c772d3fde52dbae832bi,2026-01-24 23:00:00+08:00,0.0,0.097,0.1154,0.0184,100.0,HOURLY_RECON_GT_5PCT,24.2,67.0,0.0,WX_CLEANED,23,5,1,0,0.0,0.0,0.018835671874999908,0.014942988740079276
a3c772d3fde52dbae832bi,2026-01-25 00:00:00+08:00,0.0,0.1191,0.1339,0.014799999999999994,100.0,HOURLY_RECON_GT_5PCT,24.0,68.0,0.0,WX_CLEANED,0,6,1,0,0.0,0.0,0.018835671874999908,0.014942988740079276
a3c772d3fde52dbae832bi,2026-01-25 01:00:00+08:00,0.0,0.1376,0.156,0.0184,100.0,HOURLY_RECON_GT_5PCT,23.8,69.0,0.0,WX_CLEANED,1,6,1,0,0.0,0.0,0.018835671874999908,0.014942988740079276
a3c772d3fde52dbae832bi,2026-01-25 02:00:00+08:00,0.0,0.1597,0.1781,0.0184,100.0,HOURLY_RECON_GT_5PCT,23.6,71.0,0.0,WX_CLEANED,2,6,1,0,0.0,0.0,0.018835671874999908,0.014942988740079276
a3c772d3fde52dbae832bi,2026-01-25 03:00:00+08:00,0.0,0.1818,0.2002,0.0184,100.0,HOURLY_RECON_GT_5PCT,23.6,71.0,0.0,WX_CLEANED,3,6,1,0,0.0,0.0,0.018835671874999908,0.014942988740079276
a3c772d3fde52dbae832bi,2026-01-25 04:00:00+08:00,0.0,0.2039,0.2223,0.0184,100.0,HOURLY_RECON_GT_5PCT,23.2,73.0,0.0,WX_CLEANED,4,6,1,0,0.0,0.0,0.018835671874999908,0.014942988740079276
a3c772d3fde52dbae832bi,2026-01-25 05:00:00+08:00,0.0,0.2239,0.2263,0.0024000000000000132,100.0,HOURLY_RECON_GT_5PCT,22.9,74.0,0.0,WX_CLEANED,5,6,1,0,0.0,0.0,0.018835671874999908,0.014942988740079276
a3c772d3fde52dbae832bi,2026-01-25 06:00:00+08:00,0.0,0.2286,0.245,0.016399999999999998,100.0,HOURLY_RECON_GT_5PCT,22.5,77.0,0.0,WX_CLEANED,6,6,1,0,0.0,0.0,0.018835671874999908,0.014942988740079276
a3c772d3fde52dbae832bi,2026-01-25 07:00:00+08:00,0.0,0.2481,0.2734,0.02529999999999999,100.0,HOURLY_RECON_GT_5PCT,22.4,77.0,0.0,WX_CLEANED,7,6,1,0,0.0,0.0,0.018835671874999908,0.014942988740079276
a3c772d3fde52dbae832bi,2026-01-25 08:00:00+08:00,0.0,0.2787,0.3098,0.031100000000000017,100.0,HOURLY_RECON_GT_5PCT,23.6,72.0,0.0,WX_CLEANED,8,6,1,0,0.0,0.0,0.018835671874999908,0.014942988740079276
a3c772d3fde52dbae832bi,2026-01-25 09:00:00+08:00,0.0,0.3158,0.3437,0.02789999999999998,100.0,HOURLY_RECON_GT_5PCT,25.2,64.0,0.0,WX_CLEANED,9,6,1,0,0.0,0.0,0.018835671874999908,0.014942988740079276
a3c772d3fde52dbae832bi,2026-01-25 10:00:00+08:00,0.0,0.349,0.3714,0.02240000000000003,100.0,HOURLY_RECON_GT_5PCT,27.3,54.0,0.0,WX_CLEANED,10,6,1,0,0.0,0.0,0.018835671874999908,0.014942988740079276
a3c772d3fde52dbae832bi,2026-01-25 11:00:00+08:00,0.0,0.3758,0.3976,0.021799999999999986,100.0,HOURLY_RECON_GT_5PCT,28.5,49.0,0.0,WX_CLEANED,11,6,1,0,0.0,0.0,0.018835671874999908,0.014942988740079276
a3c772d3fde52dbae832bi,2026-01-25 12:00:00+08:00,0.007232683333333099,0.4037,0.4285,0.02479999999999999,70.8359543010762,HOURLY_RECON_GT_5PCT,29.5,46.0,0.0,WX_CLEANED,12,6,1,0,0.0058755583333331,0.0067804916666663,0.018892218749999908,0.014945680357142766
a3c772d3fde52dbae832bi,2026-01-25 13:00:00+08:00,0.0331905666666666,0.4337,0.4514,0.01770000000000005,87.51732580037576,HOURLY_RECON_GT_5PCT,30.1,44.0,0.0,WX_CLEANED,13,6,1,0,0.026962833333332898,0.0311156499999996,0.019151707638888814,0.014958031051587214
a3c772d3fde52dbae832bi,2026-01-25 14:00:00+08:00,0.0337665333333331,0.4543,0.4672,0.012900000000000023,161.7560723514189,HOURLY_RECON_GT_5PCT,29.7,45.0,0.0,WX_CLEANED,14,6,1,0,0.0274307249999996,0.0316555416666665,0.01941569965277771,0.014970596478174517
a3c772d3fde52dbae832bi,2026-01-25 15:00:00+08:00,0.0392865333333329,0.4694,0.48,0.010599999999999998,270.6276729559708,HOURLY_RECON_GT_5PCT,29.5,48.0,0.0,WX_CLEANED,15,6,1,0,0.0319150583333328,0.036830583333333,0.01972284444444438,0.014985215228174515
a3c772d3fde52dbae832bi,2026-01-25 16:00:00+08:00,0.0617266999999996,0.003,0.0144,0.0114,441.46228070175084,HOURLY_RECON_GT_5PCT,29.2,48.0,0.0,WX_CLEANED,16,6,1,0,0.06945655,0.0448286833333333,0.01940076736111103,0.015085798660714194
a3c772d3fde52dbae832bi,2026-01-25 17:00:00+08:00,0.0632844749999996,0.0154,0.0206,0.0052,1117.0091346153772,HOURLY_RECON_GT_5PCT,28.5,50.0,0.0,WX_CLEANED,17,6,1,0,0.0723337333333331,0.045200775,0.019023714930555467,0.015193439732142766
a3c772d3fde52dbae832bi,2026-01-25 18:00:00+08:00,0.06349019999999961,0.0216,0.0267,0.0051,1144.9058823529335,HOURLY_RECON_GT_5PCT,27.1,56.0,0.0,WX_CLEANED,18,6,1,0,0.0725688166666666,0.045347675,0.01864543923611101,0.015301430952380856
a3c772d3fde52dbae832bi,2026-01-25 19:00:00+08:00,0.0635982999999996,0.0277,0.0327,0.005000000000000001,1171.9659999999915,HOURLY_RECON_GT_5PCT,26.1,60.0,0.0,WX_CLEANED,19,6,1,0,0.0726923833333331,0.045424925000000005,0.018266519097222114,0.015409605803571333
a3c772d3fde52dbae832bi,2026-01-25 20:00:00+08:00,0.0637103249999996,0.0337,0.0413,0.007600000000000003,738.2937499999944,HOURLY_RECON_GT_5PCT,26.0,61.0,0.0,WX_CLEANED,20,6,1,0,0.0728204666666666,0.045505025,0.017886929861110987,0.015517970684523711
a3c772d3fde52dbae832bi,2026-01-25 21:00:00+08:00,0.0,0.0448,0.0623,0.0175,100.0,HOURLY_RECON_GT_5PCT,25.5,62.0,0.0,WX_CLEANED,21,6,1,0,0.0,0.0,0.017886929861110987,0.015517970684523711
a3c772d3fde52dbae832bi,2026-01-25 22:00:00+08:00,0.0,0.0658,0.0833,0.0175,100.0,HOURLY_RECON_GT_5PCT,25.2,64.0,0.0,WX_CLEANED,22,6,1,0,0.0,0.0,0.017886929861110987,0.015517970684523711
a3c772d3fde52dbae832bi,2026-01-25 23:00:00+08:00,0.0,0.0868,0.1043,0.0175,100.0,HOURLY_RECON_GT_5PCT,25.0,65.0,0.0,WX_CLEANED,23,6,1,0,0.0,0.0,0.017886929861110987,0.015517970684523711
a3c772d3fde52dbae832bi,2026-01-26 00:00:00+08:00,0.0,0.1078,0.1218,0.013999999999999999,100.0,HOURLY_RECON_GT_5PCT,24.7,66.0,0.0,WX_CLEANED,0,0,0,0,0.0,0.0,0.017886929861110987,0.015517970684523711
a3c772d3fde52dbae832bi,2026-01-26 01:00:00+08:00,0.0,0.1253,0.1428,0.017500000000000016,100.0,HOURLY_RECON_GT_5PCT,24.5,68.0,0.0,WX_CLEANED,1,0,0,0,0.0,0.0,0.017886929861110987,0.015517970684523711
a3c772d3fde52dbae832bi,2026-01-26 02:00:00+08:00,0.0,0.1463,0.1638,0.017499999999999988,100.0,HOURLY_RECON_GT_5PCT,24.2,73.0,0.0,WX_CLEANED,2,0,0,0,0.0,0.0,0.017886929861110987,0.015517970684523711
a3c772d3fde52dbae832bi,2026-01-26 03:00:00+08:00,0.0,0.1673,0.1848,0.017499999999999988,100.0,HOURLY_RECON_GT_5PCT,23.9,75.0,0.0,WX_CLEANED,3,0,0,0,0.0,0.0,0.017886929861110987,0.015517970684523711
a3c772d3fde52dbae832bi,2026-01-26 04:00:00+08:00,0.0,0.1883,0.2058,0.017500000000000016,100.0,HOURLY_RECON_GT_5PCT,23.3,77.0,0.0,WX_CLEANED,4,0,0,0,0.0,0.0,0.017886929861110987,0.015517970684523711
a3c772d3fde52dbae832bi,2026-01-26 05:00:00+08:00,0.0,0.2071,0.2091,0.0020000000000000018,100.0,HOURLY_RECON_GT_5PCT,23.0,78.0,0.0,WX_CLEANED,5,0,0,0,0.0,0.0,0.017886929861110987,0.015517970684523711
a3c772d3fde52dbae832bi,2026-01-26 06:00:00+08:00,0.0,0.211,0.2247,0.013700000000000018,100.0,HOURLY_RECON_GT_5PCT,23.0,79.0,0.0,WX_CLEANED,6,0,0,0,0.0,0.0,0.017886929861110987,0.015517970684523711
a3c772d3fde52dbae832bi,2026-01-26 07:00:00+08:00,0.0,0.2273,0.2483,0.02099999999999999,100.0,HOURLY_RECON_GT_5PCT,23.1,78.0,0.0,WX_CLEANED,7,0,0,0,0.0,0.0,0.017886929861110987,0.015517970684523711
a3c772d3fde52dbae832bi,2026-01-26 08:00:00+08:00,0.0,0.2527,0.2785,0.025800000000000045,100.0,HOURLY_RECON_GT_5PCT,24.1,72.0,0.0,WX_CLEANED,8,0,0,0,0.0,0.0,0.017886929861110987,0.015517970684523711
a3c772d3fde52dbae832bi,2026-01-26 09:00:00+08:00,0.0,0.2835,0.3067,0.0232,100.0,HOURLY_RECON_GT_5PCT,25.1,69.0,0.0,WX_CLEANED,9,0,0,0,0.0,0.0,0.017886929861110987,0.015517970684523711
a3c772d3fde52dbae832bi,2026-01-26 10:00:00+08:00,0.0,0.3111,0.3297,0.018600000000000005,100.0,HOURLY_RECON_GT_5PCT,26.8,64.0,0.0,WX_CLEANED,10,0,0,0,0.0,0.0,0.017886929861110987,0.015517970684523711
a3c772d3fde52dbae832bi,2026-01-26 11:00:00+08:00,0.0,0.3334,0.3515,0.018100000000000005,100.0,HOURLY_RECON_GT_5PCT,28.5,58.0,0.0,WX_CLEANED,11,0,0,0,0.0,0.0,0.017886929861110987,0.015517970684523711
a3c772d3fde52dbae832bi,2026-01-26 12:00:00+08:00,0.0063278416666663,0.3566,0.3772,0.020600000000000007,69.28232200647429,HOURLY_RECON_GT_5PCT,27.8,62.0,0.4,WX_CLEANED,12,0,0,0,0.007232683333333099,0.004519625,0.017849228124999873,0.015528733878968151
a3c772d3fde52dbae832bi,2026-01-26 13:00:00+08:00,0.0290382166666665,0.3816,0.3962,0.014600000000000002,98.89189497716777,HOURLY_RECON_GT_5PCT,28.5,61.0,0.5,WX_CLEANED,13,0,0,0,0.0331905666666666,0.020740525,0.01767621354166653,0.015578124900793548
a3c772d3fde52dbae832bi,2026-01-26 14:00:00+08:00,0.029542124999999798,0.3986,0.4094,0.010799999999999976,173.53819444444315,HOURLY_RECON_GT_5PCT,28.2,62.0,1.2,WX_CLEANED,14,0,0,0,0.0337665333333331,0.0211004416666663,0.017500196527777647,0.01562837301587291
a3c772d3fde52dbae832bi,2026-01-26 15:00:00+08:00,0.034371683333333,0.4112,0.42,0.008799999999999975,290.58731060605794,HOURLY_RECON_GT_5PCT,28.2,63.0,0.4,WX_CLEANED,15,0,0,0,0.0392865333333329,0.024549908333333297,0.01729541111111098,0.015686835962301485
a3c772d3fde52dbae832bi,2026-01-26 16:00:00+08:00,0.0487911833333333,0.0021,0.0102,0.008100000000000001,502.3602880658431,HOURLY_RECON_GT_5PCT,28.1,63.0,0.1,WX_CLEANED,16,0,0,0,0.0617266999999996,0.0465811749999999,0.016756431249999888,0.01569999077380942
a3c772d3fde52dbae832bi,2026-01-26 17:00:00+08:00,0.0497189916666663,0.0109,0.0146,0.0037,1243.7565315315214,HOURLY_RECON_GT_5PCT,28.4,62.0,0.1,WX_CLEANED,17,0,0,0,0.0632844749999996,0.04822305,0.016191202777777667,0.01570889518849196
a3c772d3fde52dbae832bi,2026-01-26 18:00:00+08:00,0.0498805833333333,0.0153,0.0189,0.0036000000000000008,1285.571759259258,HOURLY_RECON_GT_5PCT,28.0,65.0,0.0,WX_CLEANED,18,0,0,0,0.06349019999999961,0.0483797166666663,0.015624135416666568,0.01571782891865069
a3c772d3fde52dbae832bi,2026-01-26 19:00:00+08:00,0.049965566666666295,0.0196,0.0232,0.003599999999999999,1287.9324074073975,HOURLY_RECON_GT_5PCT,27.2,70.0,0.0,WX_CLEANED,19,0,0,0,0.0635982999999996,0.04846214999999961,0.015056104861111017,0.01572677782738085
a3c772d3fde52dbae832bi,2026-01-26 20:00:00+08:00,0.0500535583333333,0.0239,0.0299,0.005999999999999998,734.2259722222219,HOURLY_RECON_GT_5PCT,27.0,73.0,0.0,WX_CLEANED,20,0,0,0,0.0637103249999996,0.048547483333333294,0.014487072916666588,0.015735742559523706
a3c772d3fde52dbae832bi,2026-01-26 21:00:00+08:00,0.0,0.0331,0.0489,0.0158,100.0,HOURLY_RECON_GT_5PCT,26.8,75.0,0.0,WX_CLEANED,21,0,0,0,0.0,0.0,0.014487072916666588,0.015735742559523706
a3c772d3fde52dbae832bi,2026-01-26 22:00:00+08:00,0.0,0.052,0.0678,0.0158,100.0,HOURLY_RECON_GT_5PCT,26.3,77.0,0.0,WX_CLEANED,22,0,0,0,0.0,0.0,0.014487072916666588,0.015735742559523706
a3c772d3fde52dbae832bi,2026-01-26 23:00:00+08:00,0.0,0.0709,0.0867,0.015799999999999995,100.0,HOURLY_RECON_GT_5PCT,26.0,78.0,0.0,WX_CLEANED,23,0,0,0,0.0,0.0,0.014487072916666588,0.015735742559523706
a3c772d3fde52dbae832bi,2026-01-27 00:00:00+08:00,0.0,0.0899,0.1025,0.0126,100.0,HOURLY_RECON_GT_5PCT,25.9,79.0,0.0,WX_CLEANED,0,1,0,0,0.0,0.0,0.014487072916666588,0.015735742559523706
a3c772d3fde52dbae832bi,2026-01-27 01:00:00+08:00,0.0,0.1057,0.1214,0.015699999999999992,100.0,HOURLY_RECON_GT_5PCT,25.5,81.0,0.0,WX_CLEANED,1,1,0,0,0.0,0.0,0.014487072916666588,0.015735742559523706
a3c772d3fde52dbae832bi,2026-01-27 02:00:00+08:00,0.0,0.1246,0.1404,0.015799999999999995,100.0,HOURLY_RECON_GT_5PCT,25.1,87.0,0.0,WX_CLEANED,2,1,0,0,0.0,0.0,0.014487072916666588,0.015735742559523706
a3c772d3fde52dbae832bi,2026-01-27 03:00:00+08:00,0.0,0.1435,0.1593,0.01580000000000001,100.0,HOURLY_RECON_GT_5PCT,25.2,83.0,0.0,WX_CLEANED,3,1,0,0,0.0,0.0,0.014487072916666588,0.015735742559523706
a3c772d3fde52dbae832bi,2026-01-27 04:00:00+08:00,0.0,0.1625,0.1782,0.015699999999999992,100.0,HOURLY_RECON_GT_5PCT,25.0,84.0,0.0,WX_CLEANED,4,1,0,0,0.0,0.0,0.014487072916666588,0.015735742559523706
a3c772d3fde52dbae832bi,2026-01-27 05:00:00+08:00,0.0,0.1792,0.1806,0.0014000000000000123,100.0,HOURLY_RECON_GT_5PCT,25.0,84.0,0.0,WX_CLEANED,5,1,0,0,0.0,0.0,0.014487072916666588,0.015735742559523706
a3c772d3fde52dbae832bi,2026-01-27 06:00:00+08:00,0.0,0.182,0.1916,0.009599999999999997,100.0,HOURLY_RECON_GT_5PCT,24.8,85.0,0.0,WX_CLEANED,6,1,0,0,0.0,0.0,0.014487072916666588,0.015735742559523706
a3c772d3fde52dbae832bi,2026-01-27 07:00:00+08:00,0.0,0.1935,0.2083,0.014800000000000008,100.0,HOURLY_RECON_GT_5PCT,24.8,85.0,0.0,WX_CLEANED,7,1,0,0,0.0,0.0,0.014487072916666588,0.015735742559523706
a3c772d3fde52dbae832bi,2026-01-27 08:00:00+08:00,0.0,0.2114,0.2298,0.0184,100.0,HOURLY_RECON_GT_5PCT,25.1,84.0,0.0,WX_CLEANED,8,1,0,0,0.0,0.0,0.014487072916666588,0.015735742559523706
a3c772d3fde52dbae832bi,2026-01-27 09:00:00+08:00,0.0,0.2333,0.2498,0.016499999999999987,100.0,HOURLY_RECON_GT_5PCT,25.8,80.0,0.1,WX_CLEANED,9,1,0,0,0.0,0.0,0.014487072916666588,0.015735742559523706
a3c772d3fde52dbae832bi,2026-01-27 10:00:00+08:00,0.0,0.2529,0.266,0.0131,100.0,HOURLY_RECON_GT_5PCT,27.0,74.0,0.0,WX_CLEANED,10,1,0,0,0.0,0.0,0.014487072916666588,0.015735742559523706
a3c772d3fde52dbae832bi,2026-01-27 11:00:00+08:00,0.0,0.2687,0.2815,0.012799999999999978,100.0,HOURLY_RECON_GT_5PCT,27.9,71.0,0.0,WX_CLEANED,11,1,0,0,0.0,0.0,0.014487072916666588,0.015735742559523706
a3c772d3fde52dbae832bi,2026-01-27 12:00:00+08:00,0.0049714500000000005,0.285,0.2997,0.014700000000000046,66.18061224489806,HOURLY_RECON_GT_5PCT,28.8,65.0,0.0,WX_CLEANED,12,1,0,0,0.0063278416666663,0.00482185,0.014430556597222158,0.01573663303571418
a3c772d3fde52dbae832bi,2026-01-27 13:00:00+08:00,0.0228136666666663,0.3028,0.3131,0.010299999999999976,121.4919093851102,HOURLY_RECON_GT_5PCT,29.1,61.0,0.2,WX_CLEANED,13,1,0,0,0.0290382166666665,0.0221272333333331,0.014171200347222149,0.015740718948412592
a3c772d3fde52dbae832bi,2026-01-27 14:00:00+08:00,0.0232096249999996,0.3149,0.3225,0.007599999999999996,205.38980263157382,HOURLY_RECON_GT_5PCT,26.8,75.0,0.0,WX_CLEANED,14,1,0,0,0.029542124999999798,0.0225111916666666,0.013907346180555474,0.015744876289682436
a3c772d3fde52dbae832bi,2026-01-27 15:00:00+08:00,0.0270038749999996,0.3237,0.33,0.006300000000000028,328.63293650792826,HOURLY_RECON_GT_5PCT,28.1,70.0,0.1,WX_CLEANED,15,1,0,0,0.034371683333333,0.0261913416666663,0.013600354166666584,0.015749712797618942
a3c772d3fde52dbae832bi,2026-01-27 16:00:00+08:00,0.0356520499999996,0.0013,0.0063,0.005,613.0409999999921,HOURLY_RECON_GT_5PCT,27.2,70.0,2.3,WX_CLEANED,16,1,0,0,0.0487911833333333,0.0578437833333333,0.013052890277777679,0.015617619146825287
a3c772d3fde52dbae832bi,2026-01-27 17:00:00+08:00,0.0361573083333328,0.0068,0.0091,0.002300000000000001,1472.0568840579472,HOURLY_RECON_GT_5PCT,27.0,72.0,0.8,WX_CLEANED,17,1,0,0,0.0497189916666663,0.0602753916666663,0.012487820138888784,0.015474059126984015
a3c772d3fde52dbae832bi,2026-01-27 18:00:00+08:00,0.036274858333333104,0.0095,0.0117,0.0022000000000000006,1548.8571969696861,HOURLY_RECON_GT_5PCT,26.9,72.0,0.0,WX_CLEANED,18,1,0,0,0.0498805833333333,0.0604712666666665,0.011920914930555441,0.01533003288690465
a3c772d3fde52dbae832bi,2026-01-27 19:00:00+08:00,0.0363366416666666,0.0122,0.0144,0.002199999999999999,1551.665530303028,HOURLY_RECON_GT_5PCT,26.6,75.0,0.0,WX_CLEANED,19,1,0,0,0.049965566666666295,0.0605742666666661,0.011353043055555454,0.015185761309523704
a3c772d3fde52dbae832bi,2026-01-27 20:00:00+08:00,0.0364005916666663,0.0148,0.0193,0.0045000000000000005,708.9020370370288,HOURLY_RECON_GT_5PCT,26.5,75.0,0.0,WX_CLEANED,20,1,0,0,0.0500535583333333,0.060680975000000005,0.01078416944444433,0.01504123521825386
a3c772d3fde52dbae832bi,2026-01-27 21:00:00+08:00,0.0,0.022,0.0355,0.013499999999999998,100.0,HOURLY_RECON_GT_5PCT,26.2,74.0,0.0,WX_CLEANED,21,1,0,0,0.0,0.0,0.01078416944444433,0.01504123521825386
a3c772d3fde52dbae832bi,2026-01-27 22:00:00+08:00,0.0,0.0381,0.0516,0.013499999999999998,100.0,HOURLY_RECON_GT_5PCT,25.8,76.0,0.0,WX_CLEANED,22,1,0,0,0.0,0.0,0.01078416944444433,0.01504123521825386
a3c772d3fde52dbae832bi,2026-01-27 23:00:00+08:00,0.0,0.0543,0.0678,0.013499999999999998,100.0,HOURLY_RECON_GT_5PCT,25.6,77.0,0.0,WX_CLEANED,23,1,0,0,0.0,0.0,0.01078416944444433,0.01504123521825386
a3c772d3fde52dbae832bi,2026-01-28 00:00:00+08:00,0.0,0.0705,0.0812,0.010700000000000001,100.0,HOURLY_RECON_GT_5PCT,25.5,77.0,0.0,WX_CLEANED,0,2,0,0,0.0,0.0,0.01078416944444433,0.01504123521825386
a3c772d3fde52dbae832bi,2026-01-28 01:00:00+08:00,0.0,0.0839,0.0974,0.013499999999999998,100.0,HOURLY_RECON_GT_5PCT,25.3,77.0,0.0,WX_CLEANED,1,2,0,0,0.0,0.0,0.01078416944444433,0.01504123521825386
a3c772d3fde52dbae832bi,2026-01-28 02:00:00+08:00,0.0,0.1001,0.1135,0.013400000000000009,100.0,HOURLY_RECON_GT_5PCT,24.8,81.0,0.0,WX_CLEANED,2,2,0,0,0.0,0.0,0.01078416944444433,0.01504123521825386
a3c772d3fde52dbae832bi,2026-01-28 03:00:00+08:00,0.0,0.1162,0.1297,0.013500000000000012,100.0,HOURLY_RECON_GT_5PCT,24.5,82.0,0.0,WX_CLEANED,3,2,0,0,0.0,0.0,0.01078416944444433,0.01504123521825386
a3c772d3fde52dbae832bi,2026-01-28 04:00:00+08:00,0.0,0.1324,0.1458,0.013400000000000023,100.0,HOURLY_RECON_GT_5PCT,24.0,85.0,0.0,WX_CLEANED,4,2,0,0,0.0,0.0,0.01078416944444433,0.01504123521825386
a3c772d3fde52dbae832bi,2026-01-28 05:00:00+08:00,0.0,0.1464,0.1473,0.0008999999999999841,100.0,HOURLY_RECON_GT_5PCT,23.7,86.0,0.0,WX_CLEANED,5,2,0,0,0.0,0.0,0.01078416944444433,0.01504123521825386
a3c772d3fde52dbae832bi,2026-01-28 06:00:00+08:00,0.0,0.1481,0.1541,0.005999999999999978,100.0,HOURLY_RECON_GT_5PCT,23.5,87.0,0.0,WX_CLEANED,6,2,0,0,0.0,0.0,0.01078416944444433,0.01504123521825386
a3c772d3fde52dbae832bi,2026-01-28 07:00:00+08:00,0.0,0.1553,0.1645,0.009200000000000014,100.0,HOURLY_RECON_GT_5PCT,23.5,86.0,0.0,WX_CLEANED,7,2,0,0,0.0,0.0,0.01078416944444433,0.01504123521825386
a3c772d3fde52dbae832bi,2026-01-28 08:00:00+08:00,0.0,0.1664,0.1778,0.011400000000000021,100.0,HOURLY_RECON_GT_5PCT,24.8,79.0,0.0,WX_CLEANED,8,2,0,0,0.0,0.0,0.01078416944444433,0.01504123521825386
a3c772d3fde52dbae832bi,2026-01-28 09:00:00+08:00,0.0,0.18,0.1902,0.010200000000000015,100.0,HOURLY_RECON_GT_5PCT,26.0,71.0,0.0,WX_CLEANED,9,2,0,0,0.0,0.0,0.01078416944444433,0.01504123521825386
a3c772d3fde52dbae832bi,2026-01-28 10:00:00+08:00,0.0,0.1921,0.2003,0.008200000000000013,100.0,HOURLY_RECON_GT_5PCT,27.4,62.0,0.0,WX_CLEANED,10,2,0,0,0.0,0.0,0.01078416944444433,0.01504123521825386
a3c772d3fde52dbae832bi,2026-01-28 11:00:00+08:00,0.0,0.2019,0.2099,0.008000000000000007,100.0,HOURLY_RECON_GT_5PCT,28.8,56.0,0.0,WX_CLEANED,11,2,0,0,0.0,0.0,0.01078416944444433,0.01504123521825386
a3c772d3fde52dbae832bi,2026-01-28 12:00:00+08:00,0.0036154250000000002,0.2121,0.2212,0.009099999999999997,60.27005494505493,HOURLY_RECON_GT_5PCT,29.7,51.0,0.0,WX_CLEANED,12,2,0,0,0.0049714500000000005,0.0060269916666663,0.010727668402777663,0.0150268806547618
a3c772d3fde52dbae832bi,2026-01-28 13:00:00+08:00,0.016683833333332898,0.2231,0.2295,0.006400000000000017,160.68489583332587,HOURLY_RECON_GT_5PCT,29.4,51.0,0.1,WX_CLEANED,13,2,0,0,0.0228136666666663,0.0276574999999996,0.010472258680555437,0.014961561210317352
a3c772d3fde52dbae832bi,2026-01-28 14:00:00+08:00,0.0168787499999996,0.2306,0.2353,0.00470000000000001,259.1223404255226,HOURLY_RECON_GT_5PCT,29.4,51.0,0.5,WX_CLEANED,14,2,0,0,0.0232096249999996,0.0281374999999996,0.010208472222222103,0.014894544841269734
a3c772d3fde52dbae832bi,2026-01-28 15:00:00+08:00,0.0196381249999996,0.2361,0.24,0.003899999999999987,403.5416666666581,HOURLY_RECON_GT_5PCT,29.5,50.0,0.1,WX_CLEANED,15,2,0,0,0.0270038749999996,0.0327373583333333,0.009901565972222104,0.014816573214285604
a3c772d3fde52dbae832bi,2026-01-28 16:00:00+08:00,0.050330899999999595,0.0023,0.0111,0.0088,471.9420454545408,HOURLY_RECON_GT_5PCT,29.6,48.0,0.0,WX_CLEANED,16,2,0,0,0.0356520499999996,0.0486546666666663,0.010513184722222103,0.014826550793650684
a3c772d3fde52dbae832bi,2026-01-28 17:00:00+08:00,0.0527349749999996,0.0119,0.0159,0.004,1218.3743749999899,HOURLY_RECON_GT_5PCT,28.5,51.0,0.0,WX_CLEANED,17,2,0,0,0.0361573083333328,0.0497204999999996,0.011203920833333221,0.01484449409722211
a3c772d3fde52dbae832bi,2026-01-28 18:00:00+08:00,0.0529063249999996,0.0167,0.0206,0.0039000000000000007,1256.5724358974255,HOURLY_RECON_GT_5PCT,27.1,55.0,0.0,WX_CLEANED,18,2,0,0,0.036274858333333104,0.0498821749999996,0.011896898611110991,0.014862494990079255
a3c772d3fde52dbae832bi,2026-01-28 19:00:00+08:00,0.0529964916666665,0.0214,0.0252,0.0038000000000000013,1294.6445175438546,HOURLY_RECON_GT_5PCT,26.0,60.0,0.0,WX_CLEANED,19,2,0,0,0.0363366416666666,0.0499670749999996,0.012591059027777655,0.01488052723214275
a3c772d3fde52dbae832bi,2026-01-28 20:00:00+08:00,0.053089808333333,0.026,0.0324,0.0063999999999999994,729.5282552083281,HOURLY_RECON_GT_5PCT,26.0,63.0,0.0,WX_CLEANED,20,2,0,0,0.0364005916666663,0.0500551499999996,0.013286443055555432,0.014898590674603066
a3c772d3fde52dbae832bi,2026-01-28 21:00:00+08:00,0.0,0.0356,0.0518,0.0162,100.0,HOURLY_RECON_GT_5PCT,25.4,67.0,0.0,WX_CLEANED,21,2,0,0,0.0,0.0,0.013286443055555432,0.014898590674603066
a3c772d3fde52dbae832bi,2026-01-28 22:00:00+08:00,0.0,0.0551,0.0713,0.0162,100.0,HOURLY_RECON_GT_5PCT,25.0,69.0,0.0,WX_CLEANED,22,2,0,0,0.0,0.0,0.013286443055555432,0.014898590674603066
a3c772d3fde52dbae832bi,2026-01-28 23:00:00+08:00,0.0,0.0745,0.0907,0.016200000000000006,100.0,HOURLY_RECON_GT_5PCT,24.7,70.0,0.0,WX_CLEANED,23,2,0,0,0.0,0.0,0.013286443055555432,0.014898590674603066
a3c772d3fde52dbae832bi,2026-01-29 00:00:00+08:00,0.0,0.094,0.1069,0.012899999999999995,100.0,HOURLY_RECON_GT_5PCT,24.2,73.0,0.0,WX_CLEANED,0,3,0,0,0.0,0.0,0.013286443055555432,0.014898590674603066
a3c772d3fde52dbae832bi,2026-01-29 01:00:00+08:00,0.0,0.1102,0.1264,0.016200000000000006,100.0,HOURLY_RECON_GT_5PCT,24.0,72.0,0.0,WX_CLEANED,1,3,0,0,0.0,0.0,0.013286443055555432,0.014898590674603066
a3c772d3fde52dbae832bi,2026-01-29 02:00:00+08:00,0.0,0.1296,0.1458,0.01620000000000002,100.0,HOURLY_RECON_GT_5PCT,23.7,75.0,0.0,WX_CLEANED,2,3,0,0,0.0,0.0,0.013286443055555432,0.014898590674603066
a3c772d3fde52dbae832bi,2026-01-29 03:00:00+08:00,0.0,0.1491,0.1653,0.016199999999999992,100.0,HOURLY_RECON_GT_5PCT,23.6,75.0,0.0,WX_CLEANED,3,3,0,0,0.0,0.0,0.013286443055555432,0.014898590674603066
a3c772d3fde52dbae832bi,2026-01-29 04:00:00+08:00,0.0,0.1685,0.1847,0.016199999999999992,100.0,HOURLY_RECON_GT_5PCT,23.3,77.0,0.0,WX_CLEANED,4,3,0,0,0.0,0.0,0.013286443055555432,0.014898590674603066
a3c772d3fde52dbae832bi,2026-01-29 05:00:00+08:00,0.0,0.1857,0.1873,0.0015999999999999903,100.0,HOURLY_RECON_GT_5PCT,23.0,79.0,0.0,WX_CLEANED,5,3,0,0,0.0,0.0,0.013286443055555432,0.014898590674603066
a3c772d3fde52dbae832bi,2026-01-29 06:00:00+08:00,0.0,0.1888,0.1993,0.01050000000000001,100.0,HOURLY_RECON_GT_5PCT,22.7,81.0,0.0,WX_CLEANED,6,3,0,0,0.0,0.0,0.013286443055555432,0.014898590674603066
a3c772d3fde52dbae832bi,2026-01-29 07:00:00+08:00,0.0,0.2013,0.2175,0.016199999999999992,100.0,HOURLY_RECON_GT_5PCT,22.6,81.0,0.0,WX_CLEANED,7,3,0,0,0.0,0.0,0.013286443055555432,0.014898590674603066
a3c772d3fde52dbae832bi,2026-01-29 08:00:00+08:00,0.0,0.2209,0.2408,0.019899999999999973,100.0,HOURLY_RECON_GT_5PCT,24.0,76.0,0.0,WX_CLEANED,8,3,0,0,0.0,0.0,0.013286443055555432,0.014898590674603066
a3c772d3fde52dbae832bi,2026-01-29 09:00:00+08:00,0.0,0.2447,0.2626,0.0179,100.0,HOURLY_RECON_GT_5PCT,25.7,63.0,0.0,WX_CLEANED,9,3,0,0,0.0,0.0,0.013286443055555432,0.014898590674603066
a3c772d3fde52dbae832bi,2026-01-29 10:00:00+08:00,0.0,0.266,0.2803,0.01429999999999998,100.0,HOURLY_RECON_GT_5PCT,27.7,53.0,0.0,WX_CLEANED,10,3,0,0,0.0,0.0,0.013286443055555432,0.014898590674603066
a3c772d3fde52dbae832bi,2026-01-29 11:00:00+08:00,0.0,0.2832,0.2972,0.014000000000000012,100.0,HOURLY_RECON_GT_5PCT,29.4,46.0,0.0,WX_CLEANED,11,3,0,0,0.0,0.0,0.013286443055555432,0.014898590674603066
a3c772d3fde52dbae832bi,2026-01-29 12:00:00+08:00,0.0052729416666663,0.301,0.317,0.016000000000000014,67.04411458333566,HOURLY_RECON_GT_5PCT,30.4,42.0,0.1,WX_CLEANED,12,3,0,0,0.0036154250000000002,0.0049715416666663,0.013355506249999862,0.014900384722222115
a3c772d3fde52dbae832bi,2026-01-29 13:00:00+08:00,0.0241975583333333,0.3203,0.3316,0.011300000000000032,114.1376843657808,HOURLY_RECON_GT_5PCT,30.4,42.0,0.1,WX_CLEANED,13,3,0,0,0.016683833333332898,0.0228144083333333,0.01366857812499988,0.014908617757936402
a3c772d3fde52dbae832bi,2026-01-29 14:00:00+08:00,0.0246174666666663,0.3335,0.3418,0.008299999999999974,196.59598393573947,HOURLY_RECON_GT_5PCT,30.2,43.0,0.0,WX_CLEANED,14,3,0,0,0.0168787499999996,0.0232103333333331,0.013991024652777658,0.014916993551587194
a3c772d3fde52dbae832bi,2026-01-29 15:00:00+08:00,0.028641858333333298,0.3432,0.35,0.006799999999999973,321.203799019609,HOURLY_RECON_GT_5PCT,29.9,44.0,0.0,WX_CLEANED,15,3,0,0,0.0196381249999996,0.0270046666666661,0.01436618020833323,0.01492673874007926
a3c772d3fde52dbae832bi,2026-01-29 16:00:00+08:00,0.0789078666666663,0.0044,0.0208,0.016399999999999998,381.1455284552824,HOURLY_RECON_GT_5PCT,29.0,48.0,0.0,WX_CLEANED,16,3,0,0,0.050330899999999595,0.04817066666666629,0.015556887152777676,0.015109698263888784
a3c772d3fde52dbae832bi,2026-01-29 17:00:00+08:00,0.0828732249999996,0.0223,0.0298,0.0075,1004.976333333328,HOURLY_RECON_GT_5PCT,27.8,53.0,0.0,WX_CLEANED,17,3,0,0,0.0527349749999996,0.0497204999999996,0.016812647569444342,0.015307035912698306
a3c772d3fde52dbae832bi,2026-01-29 18:00:00+08:00,0.0831425999999996,0.0313,0.0386,0.007300000000000001,1038.9397260273915,HOURLY_RECON_GT_5PCT,26.6,58.0,0.0,WX_CLEANED,18,3,0,0,0.0529063249999996,0.0498821749999996,0.018072492361111008,0.015505014632936404
a3c772d3fde52dbae832bi,2026-01-29 19:00:00+08:00,0.0832841833333333,0.04,0.0473,0.007300000000000001,1040.8792237442917,HOURLY_RECON_GT_5PCT,25.8,62.0,0.0,WX_CLEANED,19,3,0,0,0.0529964916666665,0.0499670749999996,0.01933447951388879,0.015703330753968153
a3c772d3fde52dbae832bi,2026-01-29 20:00:00+08:00,0.0834308916666663,0.0488,0.0585,0.0097,760.1122852233639,HOURLY_RECON_GT_5PCT,25.9,60.0,0.0,WX_CLEANED,20,3,0,0,0.053089808333333,0.0500551499999996,0.020598691319444345,0.015901995882936407
a3c772d3fde52dbae832bi,2026-01-29 21:00:00+08:00,0.0,0.0624,0.0817,0.019299999999999998,100.0,HOURLY_RECON_GT_5PCT,25.7,62.0,0.0,WX_CLEANED,21,3,0,0,0.0,0.0,0.020598691319444345,0.015901995882936407
a3c772d3fde52dbae832bi,2026-01-29 22:00:00+08:00,0.0,0.0856,0.1049,0.019299999999999998,100.0,HOURLY_RECON_GT_5PCT,25.3,63.0,0.0,WX_CLEANED,22,3,0,0,0.0,0.0,0.020598691319444345,0.015901995882936407
a3c772d3fde52dbae832bi,2026-01-29 23:00:00+08:00,0.0,0.1088,0.1281,0.019299999999999998,100.0,HOURLY_RECON_GT_5PCT,25.0,64.0,0.0,WX_CLEANED,23,3,0,0,0.0,0.0,0.020598691319444345,0.015901995882936407
a3c772d3fde52dbae832bi,2026-01-30 00:00:00+08:00,0.0,0.132,0.1474,0.015399999999999997,100.0,HOURLY_RECON_GT_5PCT,24.6,66.0,0.0,WX_CLEANED,0,4,0,0,0.0,0.0,0.020598691319444345,0.015901995882936407
a3c772d3fde52dbae832bi,2026-01-30 01:00:00+08:00,0.0,0.1513,0.1706,0.01930000000000001,100.0,HOURLY_RECON_GT_5PCT,24.0,69.0,0.0,WX_CLEANED,1,4,0,0,0.0,0.0,0.020598691319444345,0.015901995882936407
a3c772d3fde52dbae832bi,2026-01-30 02:00:00+08:00,0.0,0.1745,0.1938,0.01930000000000001,100.0,HOURLY_RECON_GT_5PCT,23.5,72.0,0.0,WX_CLEANED,2,4,0,0,0.0,0.0,0.020598691319444345,0.015901995882936407
a3c772d3fde52dbae832bi,2026-01-30 03:00:00+08:00,0.0,0.1977,0.217,0.01930000000000001,100.0,HOURLY_RECON_GT_5PCT,23.1,75.0,0.0,WX_CLEANED,3,4,0,0,0.0,0.0,0.020598691319444345,0.015901995882936407
a3c772d3fde52dbae832bi,2026-01-30 04:00:00+08:00,0.0,0.2209,0.2402,0.019299999999999984,100.0,HOURLY_RECON_GT_5PCT,23.0,77.0,0.0,WX_CLEANED,4,4,0,0,0.0,0.0,0.020598691319444345,0.015901995882936407
a3c772d3fde52dbae832bi,2026-01-30 05:00:00+08:00,0.0,0.2421,0.245,0.002899999999999986,100.0,HOURLY_RECON_GT_5PCT,22.7,79.0,0.0,WX_CLEANED,5,4,0,0,0.0,0.0,0.020598691319444345,0.015901995882936407
a3c772d3fde52dbae832bi,2026-01-30 06:00:00+08:00,0.0,0.2478,0.2675,0.019700000000000023,100.0,HOURLY_RECON_GT_5PCT,22.6,80.0,0.0,WX_CLEANED,6,4,0,0,0.0,0.0,0.020598691319444345,0.015901995882936407
a3c772d3fde52dbae832bi,2026-01-30 07:00:00+08:00,0.0,0.2713,0.3016,0.030299999999999994,100.0,HOURLY_RECON_GT_5PCT,22.8,79.0,0.0,WX_CLEANED,7,4,0,0,0.0,0.0,0.020598691319444345,0.015901995882936407
a3c772d3fde52dbae832bi,2026-01-30 08:00:00+08:00,0.0,0.308,0.3453,0.0373,100.0,HOURLY_RECON_GT_5PCT,24.0,75.0,0.0,WX_CLEANED,8,4,0,0,0.0,0.0,0.020598691319444345,0.015901995882936407
a3c772d3fde52dbae832bi,2026-01-30 09:00:00+08:00,0.0,0.3526,0.3862,0.03359999999999996,100.0,HOURLY_RECON_GT_5PCT,25.5,68.0,0.0,WX_CLEANED,9,4,0,0,0.0,0.0,0.020598691319444345,0.015901995882936407
a3c772d3fde52dbae832bi,2026-01-30 10:00:00+08:00,0.0,0.3925,0.4194,0.02689999999999998,100.0,HOURLY_RECON_GT_5PCT,26.8,60.0,0.1,WX_CLEANED,10,4,0,0,0.0,0.0,0.020598691319444345,0.015901995882936407
a3c772d3fde52dbae832bi,2026-01-30 11:00:00+08:00,0.0,0.4248,0.4509,0.026100000000000012,100.0,HOURLY_RECON_GT_5PCT,28.4,52.0,0.2,WX_CLEANED,11,4,0,0,0.0,0.0,0.020598691319444345,0.015901995882936407
a3c772d3fde52dbae832bi,2026-01-30 12:00:00+08:00,0.0082864833333331,0.4582,0.4881,0.029899999999999982,72.28600891861838,HOURLY_RECON_GT_5PCT,28.9,51.0,1.4,WX_CLEANED,12,4,0,0,0.0052729416666663,0.0049715416666663,0.020724255555555463,0.015921727678571324
a3c772d3fde52dbae832bi,2026-01-30 13:00:00+08:00,0.038026633333333004,0.4944,0.5156,0.02119999999999994,79.37091194968447,HOURLY_RECON_GT_5PCT,29.3,50.0,2.2,WX_CLEANED,13,4,0,0,0.0241975583333333,0.0228144083333333,0.021300467013888782,0.01601227663690466
a3c772d3fde52dbae832bi,2026-01-30 14:00:00+08:00,0.0386864749999996,0.5191,0.5347,0.015599999999999947,147.99022435897265,HOURLY_RECON_GT_5PCT,29.6,49.0,1.7,WX_CLEANED,14,4,0,0,0.0246174666666663,0.0232103333333331,0.02188667569444434,0.016104396527777672
a3c772d3fde52dbae832bi,2026-01-30 15:00:00+08:00,0.0450108333333333,0.5372,0.55,0.012800000000000034,251.6471354166655,HOURLY_RECON_GT_5PCT,29.0,52.0,0.4,WX_CLEANED,15,4,0,0,0.028641858333333298,0.0270046666666661,0.022568716319444338,0.01621157609126974
a3c772d3fde52dbae832bi,2026-01-30 16:00:00+08:00,0.1039332666666663,0.0062,0.0296,0.0234,344.1592592592577,HOURLY_RECON_GT_5PCT,28.4,55.0,0.7,WX_CLEANED,16,4,0,0,0.0789078666666663,0.056515175,0.02361144131944434,0.016493826636904657
a3c772d3fde52dbae832bi,2026-01-30 17:00:00+08:00,0.10848974999999961,0.0317,0.0424,0.010700000000000001,913.9228971962578,HOURLY_RECON_GT_5PCT,27.6,57.0,0.0,WX_CLEANED,17,4,0,0,0.0828732249999996,0.05876145,0.02467879652777767,0.01678982842261894
a3c772d3fde52dbae832bi,2026-01-30 18:00:00+08:00,0.10884237499999959,0.0445,0.0549,0.0104,946.561298076919,HOURLY_RECON_GT_5PCT,26.3,64.0,0.0,WX_CLEANED,18,4,0,0,0.0831425999999996,0.0589524916666663,0.025749620486111003,0.01708679201388878
a3c772d3fde52dbae832bi,2026-01-30 19:00:00+08:00,0.1090278166666665,0.0569,0.0673,0.0104,948.3443910256395,HOURLY_RECON_GT_5PCT,25.5,68.0,0.0,WX_CLEANED,19,4,0,0,0.0832841833333333,0.0590528583333328,0.026822271874999887,0.01738426200396815
a3c772d3fde52dbae832bi,2026-01-30 20:00:00+08:00,0.10921985833333299,0.0694,0.0819,0.012499999999999997,773.7588666666641,HOURLY_RECON_GT_5PCT,25.8,69.0,0.0,WX_CLEANED,20,4,0,0,0.0834308916666663,0.0591568999999999,0.02789681215277767,0.017682255803571325
a3c772d3fde52dbae832bi,2026-01-30 21:00:00+08:00,0.0,0.0861,0.1071,0.021000000000000005,100.0,HOURLY_RECON_GT_5PCT,25.4,71.0,0.0,WX_CLEANED,21,4,0,0,0.0,0.0,0.02789681215277767,0.017682255803571325
a3c772d3fde52dbae832bi,2026-01-30 22:00:00+08:00,0.0,0.1113,0.1323,0.021000000000000005,100.0,HOURLY_RECON_GT_5PCT,24.9,75.0,0.0,WX_CLEANED,22,4,0,0,0.0,0.0,0.02789681215277767,0.017682255803571325
a3c772d3fde52dbae832bi,2026-01-30 23:00:00+08:00,0.0,0.1365,0.1575,0.02099999999999999,100.0,HOURLY_RECON_GT_5PCT,24.5,78.0,0.0,WX_CLEANED,23,4,0,0,0.0,0.0,0.02789681215277767,0.017682255803571325
a3c772d3fde52dbae832bi,2026-01-31 00:00:00+08:00,0.0,0.1617,0.1785,0.01679999999999998,100.0,HOURLY_RECON_GT_5PCT,24.0,81.0,0.0,WX_CLEANED,0,5,1,0,0.0,0.0,0.02789681215277767,0.017682255803571325
a3c772d3fde52dbae832bi,2026-01-31 01:00:00+08:00,0.0,0.1827,0.2037,0.02099999999999999,100.0,HOURLY_RECON_GT_5PCT,23.9,83.0,0.0,WX_CLEANED,1,5,1,0,0.0,0.0,0.02789681215277767,0.017682255803571325
a3c772d3fde52dbae832bi,2026-01-31 02:00:00+08:00,0.0,0.2079,0.2289,0.02099999999999999,100.0,HOURLY_RECON_GT_5PCT,23.9,81.0,0.0,WX_CLEANED,2,5,1,0,0.0,0.0,0.02789681215277767,0.017682255803571325
a3c772d3fde52dbae832bi,2026-01-31 03:00:00+08:00,0.0,0.2331,0.2541,0.02099999999999999,100.0,HOURLY_RECON_GT_5PCT,23.4,81.0,0.0,WX_CLEANED,3,5,1,0,0.0,0.0,0.02789681215277767,0.017682255803571325
a3c772d3fde52dbae832bi,2026-01-31 04:00:00+08:00,0.0,0.2583,0.2793,0.02100000000000002,100.0,HOURLY_RECON_GT_5PCT,23.0,82.0,0.0,WX_CLEANED,4,5,1,0,0.0,0.0,0.02789681215277767,0.017682255803571325
a3c772d3fde52dbae832bi,2026-01-31 05:00:00+08:00,0.0,0.2821,0.2861,0.0040000000000000036,100.0,HOURLY_RECON_GT_5PCT,23.0,81.0,0.0,WX_CLEANED,5,5,1,0,0.0,0.0,0.02789681215277767,0.017682255803571325
a3c772d3fde52dbae832bi,2026-01-31 06:00:00+08:00,0.0,0.2901,0.3182,0.02809999999999996,100.0,HOURLY_RECON_GT_5PCT,22.8,79.0,0.0,WX_CLEANED,6,5,1,0,0.0,0.0,0.02789681215277767,0.017682255803571325
a3c772d3fde52dbae832bi,2026-01-31 07:00:00+08:00,0.0,0.3235,0.3667,0.043200000000000016,100.0,HOURLY_RECON_GT_5PCT,22.8,79.0,0.0,WX_CLEANED,7,5,1,0,0.0,0.0,0.02789681215277767,0.017682255803571325
a3c772d3fde52dbae832bi,2026-01-31 08:00:00+08:00,0.0,0.3757,0.4289,0.053200000000000025,100.0,HOURLY_RECON_GT_5PCT,24.0,75.0,0.0,WX_CLEANED,8,5,1,0,0.0,0.0,0.02789681215277767,0.017682255803571325
a3c772d3fde52dbae832bi,2026-01-31 09:00:00+08:00,0.0,0.4393,0.487,0.047699999999999965,100.0,HOURLY_RECON_GT_5PCT,25.1,68.0,0.0,WX_CLEANED,9,5,1,0,0.0,0.0,0.02789681215277767,0.017682255803571325
a3c772d3fde52dbae832bi,2026-01-31 10:00:00+08:00,0.0,0.496,0.5342,0.03820000000000001,100.0,HOURLY_RECON_GT_5PCT,26.5,63.0,0.0,WX_CLEANED,10,5,1,0,0.0,0.0,0.02789681215277767,0.017682255803571325
a3c772d3fde52dbae832bi,2026-01-31 11:00:00+08:00,0.0,0.5419,0.5791,0.0371999999999999,100.0,HOURLY_RECON_GT_5PCT,28.8,54.0,0.0,WX_CLEANED,11,5,1,0,0.0,0.0,0.02789681215277767,0.017682255803571325
a3c772d3fde52dbae832bi,2026-01-31 12:00:00+08:00,0.010847925,0.5895,0.632,0.04249999999999998,74.47547058823528,HOURLY_RECON_GT_5PCT,29.9,50.0,0.0,WX_CLEANED,12,5,1,0,0.0082864833333331,0.0058755583333331,0.028003538888888787,0.017711853224206243
a3c772d3fde52dbae832bi,2026-01-31 13:00:00+08:00,0.0497808,0.6409,0.6711,0.030200000000000005,64.8370860927152,HOURLY_RECON_GT_5PCT,30.1,49.0,0.0,WX_CLEANED,13,5,1,0,0.038026633333333004,0.026962833333332898,0.02849329583333324,0.017847674454364977
a3c772d3fde52dbae832bi,2026-01-31 14:00:00+08:00,0.0506446749999999,0.676,0.6982,0.022199999999999998,128.12916666666624,HOURLY_RECON_GT_5PCT,27.6,57.0,0.2,WX_CLEANED,14,5,1,0,0.0386864749999996,0.0274307249999996,0.02899155416666659,0.017985852728174503
a3c772d3fde52dbae832bi,2026-01-31 15:00:00+08:00,0.0589239666666663,0.7018,0.72,0.018199999999999994,223.7580586080567,HOURLY_RECON_GT_5PCT,27.5,59.0,0.2,WX_CLEANED,15,5,1,0,0.0450108333333333,0.0319150583333328,0.029571268055555464,0.01814662003968244
a3c772d3fde52dbae832bi,2026-01-31 16:00:00+08:00,0.057822774999999604,0.0026,0.0125,0.0099,484.0684343434303,HOURLY_RECON_GT_5PCT,27.8,59.0,0.0,WX_CLEANED,16,5,1,0,0.1039332666666663,0.06945655,0.027649997569444352,0.01807737137896815
a3c772d3fde52dbae832bi,2026-01-31 17:00:00+08:00,0.0572584083333333,0.0134,0.0179,0.004499999999999999,1172.409074074074,HOURLY_RECON_GT_5PCT,28.0,56.0,0.0,WX_CLEANED,17,5,1,0,0.10848974999999961,0.0723337333333331,0.025515358333333262,0.0179876373015872
a3c772d3fde52dbae832bi,2026-01-31 18:00:00+08:00,0.0574445249999999,0.0188,0.0232,0.004399999999999998,1205.5573863636348,HOURLY_RECON_GT_5PCT,27.5,55.0,0.0,WX_CLEANED,18,5,1,0,0.10884237499999959,0.0725688166666666,0.023373781249999937,0.01789761175595228
a3c772d3fde52dbae832bi,2026-01-31 19:00:00+08:00,0.0575423416666663,0.024,0.0284,0.004400000000000001,1207.780492424234,HOURLY_RECON_GT_5PCT,26.5,59.0,0.0,WX_CLEANED,19,5,1,0,0.1090278166666665,0.0726923833333331,0.021228553124999928,0.017807432936507835
a3c772d3fde52dbae832bi,2026-01-31 20:00:00+08:00,0.057643724999999604,0.0293,0.0362,0.006900000000000003,735.41630434782,HOURLY_RECON_GT_5PCT,25.9,59.0,0.0,WX_CLEANED,20,5,1,0,0.10921985833333299,0.0728204666666666,0.019079547569444372,0.01771709518849196
a3c772d3fde52dbae832bi,2026-01-31 21:00:00+08:00,0.0,0.0395,0.0563,0.016800000000000002,100.0,HOURLY_RECON_GT_5PCT,25.9,58.0,0.0,WX_CLEANED,21,5,1,0,0.0,0.0,0.019079547569444372,0.01771709518849196
a3c772d3fde52dbae832bi,2026-01-31 22:00:00+08:00,0.0,0.0597,0.0765,0.016799999999999995,100.0,HOURLY_RECON_GT_5PCT,25.8,58.0,0.0,WX_CLEANED,22,5,1,0,0.0,0.0,0.019079547569444372,0.01771709518849196
a3c772d3fde52dbae832bi,2026-01-31 23:00:00+08:00,0.0,0.0798,0.0966,0.01680000000000001,100.0,HOURLY_RECON_GT_5PCT,25.5,59.0,0.0,WX_CLEANED,23,5,1,0,0.0,0.0,0.019079547569444372,0.01771709518849196
a3c772d3fde52dbae832bi,2026-02-01 00:00:00+08:00,0.0,0.1,0.1134,0.013399999999999995,100.0,HOURLY_RECON_GT_5PCT,25.0,63.0,0.0,WX_CLEANED,0,6,1,0,0.0,0.0,0.019079547569444372,0.01771709518849196
a3c772d3fde52dbae832bi,2026-02-01 01:00:00+08:00,0.0,0.1168,0.1336,0.016799999999999995,100.0,HOURLY_RECON_GT_5PCT,24.6,65.0,0.0,WX_CLEANED,1,6,1,0,0.0,0.0,0.019079547569444372,0.01771709518849196
a3c772d3fde52dbae832bi,2026-02-01 02:00:00+08:00,0.0,0.1369,0.1537,0.01680000000000001,100.0,HOURLY_RECON_GT_5PCT,24.0,68.0,0.0,WX_CLEANED,2,6,1,0,0.0,0.0,0.019079547569444372,0.01771709518849196
a3c772d3fde52dbae832bi,2026-02-01 03:00:00+08:00,0.0,0.1571,0.1739,0.01680000000000001,100.0,HOURLY_RECON_GT_5PCT,23.9,68.0,0.0,WX_CLEANED,3,6,1,0,0.0,0.0,0.019079547569444372,0.01771709518849196
a3c772d3fde52dbae832bi,2026-02-01 04:00:00+08:00,0.0,0.1772,0.194,0.01680000000000001,100.0,HOURLY_RECON_GT_5PCT,23.8,70.0,0.0,WX_CLEANED,4,6,1,0,0.0,0.0,0.019079547569444372,0.01771709518849196
a3c772d3fde52dbae832bi,2026-02-01 05:00:00+08:00,0.0,0.1952,0.1969,0.0016999999999999793,100.0,HOURLY_RECON_GT_5PCT,23.6,72.0,0.0,WX_CLEANED,5,6,1,0,0.0,0.0,0.019079547569444372,0.01771709518849196
a3c772d3fde52dbae832bi,2026-02-01 06:00:00+08:00,0.0,0.1986,0.2104,0.011800000000000005,100.0,HOURLY_RECON_GT_5PCT,23.5,73.0,0.0,WX_CLEANED,6,6,1,0,0.0,0.0,0.019079547569444372,0.01771709518849196
a3c772d3fde52dbae832bi,2026-02-01 07:00:00+08:00,0.0,0.2127,0.2309,0.018199999999999994,100.0,HOURLY_RECON_GT_5PCT,23.6,74.0,0.0,WX_CLEANED,7,6,1,0,0.0,0.0,0.019079547569444372,0.01771709518849196
a3c772d3fde52dbae832bi,2026-02-01 08:00:00+08:00,0.0,0.2347,0.2571,0.022400000000000003,100.0,HOURLY_RECON_GT_5PCT,25.5,62.0,0.0,WX_CLEANED,8,6,1,0,0.0,0.0,0.019079547569444372,0.01771709518849196
a3c772d3fde52dbae832bi,2026-02-01 09:00:00+08:00,0.0,0.2615,0.2817,0.020199999999999996,100.0,HOURLY_RECON_GT_5PCT,26.0,60.0,0.0,WX_CLEANED,9,6,1,0,0.0,0.0,0.019079547569444372,0.01771709518849196
a3c772d3fde52dbae832bi,2026-02-01 10:00:00+08:00,0.0,0.2855,0.3016,0.016100000000000003,100.0,HOURLY_RECON_GT_5PCT,27.0,58.0,0.0,WX_CLEANED,10,6,1,0,0.0,0.0,0.019079547569444372,0.01771709518849196
a3c772d3fde52dbae832bi,2026-02-01 11:00:00+08:00,0.0,0.3048,0.3205,0.015699999999999992,100.0,HOURLY_RECON_GT_5PCT,28.4,54.0,0.0,WX_CLEANED,11,6,1,0,0.0,0.0,0.019079547569444372,0.01771709518849196
a3c772d3fde52dbae832bi,2026-02-01 12:00:00+08:00,0.0057253166666663,0.3249,0.3428,0.01789999999999997,68.01499068901504,HOURLY_RECON_GT_5PCT,30.1,48.0,0.0,WX_CLEANED,12,6,1,0,0.010847925,0.007232683333333099,0.018866105555555467,0.01770812276785704
a3c772d3fde52dbae832bi,2026-02-01 13:00:00+08:00,0.026273224999999602,0.3466,0.3593,0.012699999999999989,106.87578740157184,HOURLY_RECON_GT_5PCT,30.8,45.0,0.0,WX_CLEANED,13,6,1,0,0.0497808,0.0331905666666666,0.017886623263888783,0.017666948115079257
a3c772d3fde52dbae832bi,2026-02-01 14:00:00+08:00,0.026729074999999602,0.3614,0.3708,0.00940000000000002,184.35186170212285,HOURLY_RECON_GT_5PCT,30.0,49.0,0.0,WX_CLEANED,14,6,1,0,0.0506446749999999,0.0337665333333331,0.01689013993055544,0.01762505848214275
a3c772d3fde52dbae832bi,2026-02-01 15:00:00+08:00,0.0310986833333333,0.3723,0.38,0.007699999999999985,303.8790043290047,HOURLY_RECON_GT_5PCT,29.8,48.0,0.0,WX_CLEANED,15,6,1,0,0.0589239666666663,0.0392865333333329,0.015730753124999896,0.0175763212797618
a3c772d3fde52dbae832bi,2026-02-01 16:00:00+08:00,0.0429625083333331,0.0018,0.0084,0.0066,550.9470959595924,HOURLY_RECON_GT_5PCT,29.4,48.0,0.0,WX_CLEANED,16,6,1,0,0.057822774999999604,0.0617266999999996,0.015111575347222126,0.01746462966269831
a3c772d3fde52dbae832bi,2026-02-01 17:00:00+08:00,0.043703233333332994,0.009,0.0121,0.0031000000000000003,1309.7817204300964,HOURLY_RECON_GT_5PCT,28.1,52.0,0.0,WX_CLEANED,17,6,1,0,0.0572584083333333,0.0632844749999996,0.01454677638888878,0.017348074652777674
a3c772d3fde52dbae832bi,2026-02-01 18:00:00+08:00,0.0438452999999996,0.0127,0.0156,0.0029,1411.9068965517106,HOURLY_RECON_GT_5PCT,27.3,53.0,0.0,WX_CLEANED,18,6,1,0,0.0574445249999999,0.06349019999999961,0.013980142013888766,0.017231140724206246
a3c772d3fde52dbae832bi,2026-02-01 19:00:00+08:00,0.0439200083333333,0.0162,0.0191,0.0029,1414.4830459770105,HOURLY_RECON_GT_5PCT,26.8,55.0,0.0,WX_CLEANED,19,6,1,0,0.0575423416666663,0.0635982999999996,0.013412544791666559,0.017114008035714185
a3c772d3fde52dbae832bi,2026-02-01 20:00:00+08:00,0.0439973583333331,0.0197,0.0251,0.005400000000000002,714.7658950617238,HOURLY_RECON_GT_5PCT,26.4,57.0,0.0,WX_CLEANED,20,6,1,0,0.057643724999999604,0.0637103249999996,0.012843946180555454,0.016996668948412598
a3c772d3fde52dbae832bi,2026-02-01 21:00:00+08:00,0.0,0.0281,0.0429,0.0148,100.0,HOURLY_RECON_GT_5PCT,26.2,58.0,0.0,WX_CLEANED,21,6,1,0,0.0,0.0,0.012843946180555454,0.016996668948412598
a3c772d3fde52dbae832bi,2026-02-01 22:00:00+08:00,0.0,0.0459,0.0607,0.014799999999999994,100.0,HOURLY_RECON_GT_5PCT,26.0,58.0,0.0,WX_CLEANED,22,6,1,0,0.0,0.0,0.012843946180555454,0.016996668948412598
a3c772d3fde52dbae832bi,2026-02-01 23:00:00+08:00,0.0,0.0637,0.0785,0.014799999999999994,100.0,HOURLY_RECON_GT_5PCT,26.0,58.0,0.0,WX_CLEANED,23,6,1,0,0.0,0.0,0.012843946180555454,0.016996668948412598
a3c772d3fde52dbae832bi,2026-02-02 00:00:00+08:00,0.0,0.0815,0.0933,0.011799999999999991,100.0,HOURLY_RECON_GT_5PCT,25.5,62.0,0.0,WX_CLEANED,0,0,0,0,0.0,0.0,0.012843946180555454,0.016996668948412598
a3c772d3fde52dbae832bi,2026-02-02 01:00:00+08:00,0.0,0.0963,0.1112,0.014899999999999997,100.0,HOURLY_RECON_GT_5PCT,25.2,64.0,0.0,WX_CLEANED,1,0,0,0,0.0,0.0,0.012843946180555454,0.016996668948412598
a3c772d3fde52dbae832bi,2026-02-02 02:00:00+08:00,0.0,0.1141,0.129,0.01490000000000001,100.0,HOURLY_RECON_GT_5PCT,24.6,67.0,0.0,WX_CLEANED,2,0,0,0,0.0,0.0,0.012843946180555454,0.016996668948412598
a3c772d3fde52dbae832bi,2026-02-02 03:00:00+08:00,0.0,0.1319,0.1468,0.014900000000000024,100.0,HOURLY_RECON_GT_5PCT,24.5,68.0,0.0,WX_CLEANED,3,0,0,0,0.0,0.0,0.012843946180555454,0.016996668948412598
a3c772d3fde52dbae832bi,2026-02-02 04:00:00+08:00,0.0,0.1497,0.1646,0.014899999999999997,100.0,HOURLY_RECON_GT_5PCT,24.5,68.0,0.0,WX_CLEANED,4,0,0,0,0.0,0.0,0.012843946180555454,0.016996668948412598
a3c772d3fde52dbae832bi,2026-02-02 05:00:00+08:00,0.0,0.1654,0.1665,0.0011000000000000176,100.0,HOURLY_RECON_GT_5PCT,24.3,69.0,0.0,WX_CLEANED,5,0,0,0,0.0,0.0,0.012843946180555454,0.016996668948412598
a3c772d3fde52dbae832bi,2026-02-02 06:00:00+08:00,0.0,0.1676,0.1756,0.008000000000000007,100.0,HOURLY_RECON_GT_5PCT,24.0,69.0,0.0,WX_CLEANED,6,0,0,0,0.0,0.0,0.012843946180555454,0.016996668948412598
a3c772d3fde52dbae832bi,2026-02-02 07:00:00+08:00,0.0,0.1772,0.1894,0.012200000000000016,100.0,HOURLY_RECON_GT_5PCT,23.9,70.0,0.0,WX_CLEANED,7,0,0,0,0.0,0.0,0.012843946180555454,0.016996668948412598
a3c772d3fde52dbae832bi,2026-02-02 08:00:00+08:00,0.0,0.192,0.2072,0.015199999999999991,100.0,HOURLY_RECON_GT_5PCT,25.8,63.0,0.0,WX_CLEANED,8,0,0,0,0.0,0.0,0.012843946180555454,0.016996668948412598
a3c772d3fde52dbae832bi,2026-02-02 09:00:00+08:00,0.0,0.2101,0.2237,0.013600000000000001,100.0,HOURLY_RECON_GT_5PCT,27.0,56.0,0.0,WX_CLEANED,9,0,0,0,0.0,0.0,0.012843946180555454,0.016996668948412598
a3c772d3fde52dbae832bi,2026-02-02 10:00:00+08:00,0.0,0.2263,0.2371,0.010800000000000004,100.0,HOURLY_RECON_GT_5PCT,28.4,53.0,0.0,WX_CLEANED,10,0,0,0,0.0,0.0,0.012843946180555454,0.016996668948412598
a3c772d3fde52dbae832bi,2026-02-02 11:00:00+08:00,0.0,0.2393,0.2499,0.010599999999999998,100.0,HOURLY_RECON_GT_5PCT,30.2,47.0,0.0,WX_CLEANED,11,0,0,0,0.0,0.0,0.012843946180555454,0.016996668948412598
a3c772d3fde52dbae832bi,2026-02-02 12:00:00+08:00,0.0043699333333331,0.2529,0.2649,0.01200000000000001,63.58388888889086,HOURLY_RECON_GT_5PCT,30.6,46.0,0.0,WX_CLEANED,12,0,0,0,0.0057253166666663,0.0063278416666663,0.012787471874999906,0.01698501473214276
a3c772d3fde52dbae832bi,2026-02-02 13:00:00+08:00,0.0200533499999998,0.2675,0.2761,0.008599999999999997,133.17848837209078,HOURLY_RECON_GT_5PCT,30.6,47.0,0.0,WX_CLEANED,13,0,0,0,0.026273224999999602,0.0290382166666665,0.012528310416666579,0.016931533382936407
a3c772d3fde52dbae832bi,2026-02-02 14:00:00+08:00,0.0204013916666666,0.2775,0.2838,0.006299999999999972,223.8316137566141,HOURLY_RECON_GT_5PCT,30.2,49.0,0.0,WX_CLEANED,14,0,0,0,0.026729074999999602,0.029542124999999798,0.01226465694444437,0.016877124255952284
a3c772d3fde52dbae832bi,2026-02-02 15:00:00+08:00,0.0237365,0.2848,0.29,0.005199999999999982,356.4711538461554,HOURLY_RECON_GT_5PCT,30.8,47.0,0.0,WX_CLEANED,15,0,0,0,0.0310986833333333,0.034371683333333,0.011957899305555483,0.01681381959325387
a3c772d3fde52dbae832bi,2026-02-02 16:00:00+08:00,0.043721525,0.0021,0.0098,0.0077,467.81201298701296,HOURLY_RECON_GT_5PCT,30.5,47.0,0.0,WX_CLEANED,16,0,0,0,0.0429625083333331,0.0487911833333333,0.011989524999999937,0.016783643055555457
a3c772d3fde52dbae832bi,2026-02-02 17:00:00+08:00,0.0451990666666663,0.0105,0.014,0.0034999999999999996,1191.4019047618942,HOURLY_RECON_GT_5PCT,29.3,50.0,0.0,WX_CLEANED,17,0,0,0,0.043703233333332994,0.0497189916666663,0.012051851388888826,0.01675673874007927
a3c772d3fde52dbae832bi,2026-02-02 18:00:00+08:00,0.045345974999999594,0.0147,0.0181,0.003400000000000002,1233.705147058811,HOURLY_RECON_GT_5PCT,28.0,54.0,0.0,WX_CLEANED,18,0,0,0,0.0438452999999996,0.0498805833333333,0.012114379513888824,0.016729747023809423
a3c772d3fde52dbae832bi,2026-02-02 19:00:00+08:00,0.0454232249999996,0.0188,0.0222,0.0034000000000000002,1235.9772058823412,HOURLY_RECON_GT_5PCT,27.0,57.0,0.0,WX_CLEANED,19,0,0,0,0.0439200083333333,0.049965566666666295,0.012177013541666587,0.01670270927579355
a3c772d3fde52dbae832bi,2026-02-02 20:00:00+08:00,0.045503233333333296,0.0229,0.0281,0.0052,775.0621794871788,HOURLY_RECON_GT_5PCT,26.7,56.0,0.0,WX_CLEANED,20,0,0,0,0.0439973583333331,0.0500535583333333,0.012239758333333262,0.016675624007936412
a3c772d3fde52dbae832bi,2026-02-02 21:00:00+08:00,0.0,0.0306,0.043,0.012399999999999998,100.0,HOURLY_RECON_GT_5PCT,26.4,58.0,0.0,WX_CLEANED,21,0,0,0,0.0,0.0,0.012239758333333262,0.016675624007936412
a3c772d3fde52dbae832bi,2026-02-02 22:00:00+08:00,0.0,0.0454,0.0578,0.012399999999999994,100.0,HOURLY_RECON_GT_5PCT,26.1,61.0,0.0,WX_CLEANED,22,0,0,0,0.0,0.0,0.012239758333333262,0.016675624007936412
a3c772d3fde52dbae832bi,2026-02-02 23:00:00+08:00,0.0,0.0603,0.0726,0.012299999999999998,100.0,HOURLY_RECON_GT_5PCT,26.0,62.0,0.0,WX_CLEANED,23,0,0,0,0.0,0.0,0.012239758333333262,0.016675624007936412
a3c772d3fde52dbae832bi,2026-02-03 00:00:00+08:00,0.0,0.0751,0.085,0.009900000000000006,100.0,HOURLY_RECON_GT_5PCT,26.0,62.0,0.0,WX_CLEANED,0,1,0,0,0.0,0.0,0.012239758333333262,0.016675624007936412
a3c772d3fde52dbae832bi,2026-02-03 01:00:00+08:00,0.0,0.0874,0.0998,0.012399999999999994,100.0,HOURLY_RECON_GT_5PCT,25.7,64.0,0.0,WX_CLEANED,1,1,0,0,0.0,0.0,0.012239758333333262,0.016675624007936412
a3c772d3fde52dbae832bi,2026-02-03 02:00:00+08:00,0.0,0.1023,0.1146,0.012299999999999991,100.0,HOURLY_RECON_GT_5PCT,25.4,66.0,0.0,WX_CLEANED,2,1,0,0,0.0,0.0,0.012239758333333262,0.016675624007936412
a3c772d3fde52dbae832bi,2026-02-03 03:00:00+08:00,0.0,0.1171,0.1294,0.012299999999999991,100.0,HOURLY_RECON_GT_5PCT,25.0,69.0,0.0,WX_CLEANED,3,1,0,0,0.0,0.0,0.012239758333333262,0.016675624007936412
a3c772d3fde52dbae832bi,2026-02-03 04:00:00+08:00,0.0,0.1319,0.1443,0.012400000000000022,100.0,HOURLY_RECON_GT_5PCT,24.6,69.0,0.0,WX_CLEANED,4,1,0,0,0.0,0.0,0.012239758333333262,0.016675624007936412
a3c772d3fde52dbae832bi,2026-02-03 05:00:00+08:00,0.0,0.1467,0.1591,0.012399999999999994,100.0,HOURLY_RECON_GT_5PCT,24.2,72.0,0.0,WX_CLEANED,5,1,0,0,0.0,0.0,0.012239758333333262,0.016675624007936412
a3c772d3fde52dbae832bi,2026-02-03 06:00:00+08:00,0.0,0.1616,0.1732,0.0116,100.0,HOURLY_RECON_GT_5PCT,23.9,75.0,0.0,WX_CLEANED,6,1,0,0,0.0,0.0,0.012239758333333262,0.016675624007936412
a3c772d3fde52dbae832bi,2026-02-03 07:00:00+08:00,0.0,0.1757,0.188,0.012300000000000005,100.0,HOURLY_RECON_GT_5PCT,24.1,74.0,0.0,WX_CLEANED,7,1,0,0,0.0,0.0,0.012239758333333262,0.016675624007936412
a3c772d3fde52dbae832bi,2026-02-03 08:00:00+08:00,0.0,0.1905,0.2038,0.013300000000000006,100.0,HOURLY_RECON_GT_5PCT,25.7,65.0,0.0,WX_CLEANED,8,1,0,0,0.0,0.0,0.012239758333333262,0.016675624007936412
a3c772d3fde52dbae832bi,2026-02-03 09:00:00+08:00,0.0,0.2072,0.223,0.01580000000000001,100.0,HOURLY_RECON_GT_5PCT,26.6,59.0,0.0,WX_CLEANED,9,1,0,0,0.0,0.0,0.012239758333333262,0.016675624007936412
a3c772d3fde52dbae832bi,2026-02-03 10:00:00+08:00,0.0,0.226,0.2386,0.0126,100.0,HOURLY_RECON_GT_5PCT,29.0,50.0,0.0,WX_CLEANED,10,1,0,0,0.0,0.0,0.012239758333333262,0.016675624007936412
a3c772d3fde52dbae832bi,2026-02-03 11:00:00+08:00,0.0,0.2411,0.2534,0.012300000000000005,100.0,HOURLY_RECON_GT_5PCT,30.5,44.0,0.0,WX_CLEANED,11,1,0,0,0.0,0.0,0.012239758333333262,0.016675624007936412
a3c772d3fde52dbae832bi,2026-02-03 12:00:00+08:00,0.0045194416666663,0.2569,0.2709,0.013999999999999957,67.71827380952632,HOURLY_RECON_GT_5PCT,31.0,42.0,0.0,WX_CLEANED,12,1,0,0,0.0043699333333331,0.0049714500000000005,0.012245987847222146,0.016672933482142754
a3c772d3fde52dbae832bi,2026-02-03 13:00:00+08:00,0.0207396833333333,0.2739,0.2838,0.00990000000000002,109.49175084175009,HOURLY_RECON_GT_5PCT,31.3,40.0,0.0,WX_CLEANED,13,1,0,0,0.0200533499999998,0.0228136666666663,0.012274585069444377,0.01666058834325387
a3c772d3fde52dbae832bi,2026-02-03 14:00:00+08:00,0.0210996333333331,0.2855,0.2928,0.007300000000000029,189.03607305935643,HOURLY_RECON_GT_5PCT,30.9,40.0,0.0,WX_CLEANED,14,1,0,0,0.0204013916666666,0.0232096249999996,0.012303678472222147,0.01664802886904752
a3c772d3fde52dbae832bi,2026-02-03 15:00:00+08:00,0.0245489249999998,0.294,0.3,0.006000000000000005,309.1487499999963,HOURLY_RECON_GT_5PCT,30.6,41.0,0.0,WX_CLEANED,15,1,0,0,0.0237365,0.0270038749999996,0.012337529513888805,0.016633416071428472
a3c772d3fde52dbae832bi,2026-02-03 16:00:00+08:00,0.0368425166666666,0.0014,0.0067,0.0053,595.1418238993699,HOURLY_RECON_GT_5PCT,30.0,42.0,0.0,WX_CLEANED,16,1,0,0,0.043721525,0.0356520499999996,0.01205090416666658,0.01664050218253959
a3c772d3fde52dbae832bi,2026-02-03 17:00:00+08:00,0.0376716583333331,0.0071,0.0095,0.0023999999999999994,1469.6524305555463,HOURLY_RECON_GT_5PCT,28.7,45.0,0.0,WX_CLEANED,17,1,0,0,0.0451990666666663,0.0361573083333328,0.011737262152777697,0.01664951617063483
a3c772d3fde52dbae832bi,2026-02-03 18:00:00+08:00,0.037794124999999804,0.01,0.0123,0.0023,1543.222826086948,HOURLY_RECON_GT_5PCT,27.5,47.0,0.0,WX_CLEANED,18,1,0,0,0.045345974999999594,0.036274858333333104,0.011422601736111038,0.01665855942460308
a3c772d3fde52dbae832bi,2026-02-03 19:00:00+08:00,0.037858458333333,0.0128,0.0151,0.0023,1546.0199275362174,HOURLY_RECON_GT_5PCT,27.0,48.0,0.0,WX_CLEANED,19,1,0,0,0.0454232249999996,0.0363366416666666,0.011107403124999929,0.016667617857142762
a3c772d3fde52dbae832bi,2026-02-03 20:00:00+08:00,0.0379251583333333,0.0156,0.0202,0.0046,724.4599637681152,HOURLY_RECON_GT_5PCT,27.0,51.0,0.0,WX_CLEANED,20,1,0,0,0.045503233333333296,0.0364005916666663,0.01079164999999993,0.016676692658730067
a3c772d3fde52dbae832bi,2026-02-03 21:00:00+08:00,0.0,0.023,0.0367,0.013700000000000004,100.0,HOURLY_RECON_GT_5PCT,26.9,53.0,0.0,WX_CLEANED,21,1,0,0,0.0,0.0,0.01079164999999993,0.016676692658730067
a3c772d3fde52dbae832bi,2026-02-03 22:00:00+08:00,0.0,0.0395,0.0533,0.0138,100.0,HOURLY_RECON_GT_5PCT,26.3,58.0,0.0,WX_CLEANED,22,1,0,0,0.0,0.0,0.01079164999999993,0.016676692658730067
a3c772d3fde52dbae832bi,2026-02-03 23:00:00+08:00,0.0,0.056,0.0698,0.0138,100.0,HOURLY_RECON_GT_5PCT,25.8,62.0,0.0,WX_CLEANED,23,1,0,0,0.0,0.0,0.01079164999999993,0.016676692658730067
a3c772d3fde52dbae832bi,2026-02-04 00:00:00+08:00,0.0,0.0725,0.0835,0.01100000000000001,100.0,HOURLY_RECON_GT_5PCT,25.4,66.0,0.0,WX_CLEANED,0,2,0,0,0.0,0.0,0.01079164999999993,0.016676692658730067
a3c772d3fde52dbae832bi,2026-02-04 01:00:00+08:00,0.0,0.0863,0.1,0.013700000000000004,100.0,HOURLY_RECON_GT_5PCT,25.0,69.0,0.0,WX_CLEANED,1,2,0,0,0.0,0.0,0.01079164999999993,0.016676692658730067
a3c772d3fde52dbae832bi,2026-02-04 02:00:00+08:00,0.0,0.1028,0.1165,0.013700000000000004,100.0,HOURLY_RECON_GT_5PCT,24.3,75.0,0.0,WX_CLEANED,2,2,0,0,0.0,0.0,0.01079164999999993,0.016676692658730067
a3c772d3fde52dbae832bi,2026-02-04 03:00:00+08:00,0.0,0.1193,0.1331,0.013799999999999993,100.0,HOURLY_RECON_GT_5PCT,24.0,73.0,0.0,WX_CLEANED,3,2,0,0,0.0,0.0,0.01079164999999993,0.016676692658730067
a3c772d3fde52dbae832bi,2026-02-04 04:00:00+08:00,0.0,0.1358,0.1496,0.013800000000000007,100.0,HOURLY_RECON_GT_5PCT,23.6,74.0,0.0,WX_CLEANED,4,2,0,0,0.0,0.0,0.01079164999999993,0.016676692658730067
a3c772d3fde52dbae832bi,2026-02-04 05:00:00+08:00,0.0,0.1502,0.1511,0.0009000000000000119,100.0,HOURLY_RECON_GT_5PCT,23.4,74.0,0.0,WX_CLEANED,5,2,0,0,0.0,0.0,0.01079164999999993,0.016676692658730067
a3c772d3fde52dbae832bi,2026-02-04 06:00:00+08:00,0.0,0.152,0.1583,0.0063,100.0,HOURLY_RECON_GT_5PCT,23.4,74.0,0.0,WX_CLEANED,6,2,0,0,0.0,0.0,0.01079164999999993,0.016676692658730067
a3c772d3fde52dbae832bi,2026-02-04 07:00:00+08:00,0.0,0.1595,0.1692,0.009699999999999986,100.0,HOURLY_RECON_GT_5PCT,23.4,74.0,0.0,WX_CLEANED,7,2,0,0,0.0,0.0,0.01079164999999993,0.016676692658730067
a3c772d3fde52dbae832bi,2026-02-04 08:00:00+08:00,0.0,0.1713,0.1842,0.012899999999999995,100.0,HOURLY_RECON_GT_5PCT,24.6,73.0,0.0,WX_CLEANED,8,2,0,0,0.0,0.0,0.01079164999999993,0.016676692658730067
a3c772d3fde52dbae832bi,2026-02-04 09:00:00+08:00,0.0,0.1868,0.1976,0.010800000000000004,100.0,HOURLY_RECON_GT_5PCT,26.5,63.0,0.0,WX_CLEANED,9,2,0,0,0.0,0.0,0.01079164999999993,0.016676692658730067
a3c772d3fde52dbae832bi,2026-02-04 10:00:00+08:00,0.0,0.1996,0.2082,0.008599999999999997,100.0,HOURLY_RECON_GT_5PCT,28.1,55.0,0.0,WX_CLEANED,10,2,0,0,0.0,0.0,0.01079164999999993,0.016676692658730067
a3c772d3fde52dbae832bi,2026-02-04 11:00:00+08:00,0.0,0.2099,0.2183,0.00839999999999999,100.0,HOURLY_RECON_GT_5PCT,29.8,48.0,0.0,WX_CLEANED,11,2,0,0,0.0,0.0,0.01079164999999993,0.016676692658730067
a3c772d3fde52dbae832bi,2026-02-04 12:00:00+08:00,0.0037667666666663,0.2206,0.2302,0.009599999999999997,60.762847222226036,HOURLY_RECON_GT_5PCT,30.9,44.0,0.0,WX_CLEANED,12,2,0,0,0.0045194416666663,0.0036154250000000002,0.010760288541666595,0.01667759350198403
a3c772d3fde52dbae832bi,2026-02-04 13:00:00+08:00,0.0174029999999995,0.2322,0.239,0.0068000000000000005,155.92647058822791,HOURLY_RECON_GT_5PCT,31.3,43.0,0.0,WX_CLEANED,13,2,0,0,0.0207396833333333,0.016683833333332898,0.010621260069444353,0.016681874255952286
a3c772d3fde52dbae832bi,2026-02-04 14:00:00+08:00,0.017585725,0.2401,0.2451,0.0050000000000000044,251.7144999999997,HOURLY_RECON_GT_5PCT,31.0,42.0,0.0,WX_CLEANED,14,2,0,0,0.0210996333333331,0.0168787499999996,0.01047484722222214,0.016686082440476098
a3c772d3fde52dbae832bi,2026-02-04 15:00:00+08:00,0.0204606249999999,0.2459,0.25,0.0040999999999999925,399.0396341463399,HOURLY_RECON_GT_5PCT,30.8,42.0,0.0,WX_CLEANED,15,2,0,0,0.0245489249999998,0.0196381249999996,0.010304501388888812,0.016690978273809432
a3c772d3fde52dbae832bi,2026-02-04 16:00:00+08:00,0.0350996166666663,0.0013,0.0063,0.005,601.9923333333259,HOURLY_RECON_GT_5PCT,30.2,42.0,0.0,WX_CLEANED,16,2,0,0,0.0368425166666666,0.050330899999999595,0.010231880555555467,0.016600315873015782
a3c772d3fde52dbae832bi,2026-02-04 17:00:00+08:00,0.0361573083333328,0.0068,0.0091,0.002300000000000001,1472.0568840579472,HOURLY_RECON_GT_5PCT,29.1,47.0,0.0,WX_CLEANED,17,2,0,0,0.0376716583333331,0.0527349749999996,0.010168782638888787,0.016501639285714194
a3c772d3fde52dbae832bi,2026-02-04 18:00:00+08:00,0.036274858333333104,0.0095,0.0117,0.0022000000000000006,1548.8571969696861,HOURLY_RECON_GT_5PCT,27.6,53.0,0.0,WX_CLEANED,18,2,0,0,0.037794124999999804,0.0529063249999996,0.010105479861111008,0.01640264246031737
a3c772d3fde52dbae832bi,2026-02-04 19:00:00+08:00,0.0363366416666666,0.0122,0.0144,0.002199999999999999,1551.665530303028,HOURLY_RECON_GT_5PCT,26.5,60.0,0.0,WX_CLEANED,19,2,0,0,0.037858458333333,0.0529964916666665,0.010042070833333241,0.016303476686507848
a3c772d3fde52dbae832bi,2026-02-04 20:00:00+08:00,0.0364005916666663,0.0148,0.0193,0.0045000000000000005,708.9020370370288,HOURLY_RECON_GT_5PCT,26.9,57.0,0.0,WX_CLEANED,20,2,0,0,0.0379251583333333,0.053089808333333,0.009978547222222117,0.01620413611111102
a3c772d3fde52dbae832bi,2026-02-04 21:00:00+08:00,0.0,0.022,0.0355,0.013499999999999998,100.0,HOURLY_RECON_GT_5PCT,26.6,60.0,0.0,WX_CLEANED,21,2,0,0,0.0,0.0,0.009978547222222117,0.01620413611111102
a3c772d3fde52dbae832bi,2026-02-04 22:00:00+08:00,0.0,0.0381,0.0516,0.013499999999999998,100.0,HOURLY_RECON_GT_5PCT,26.4,61.0,0.0,WX_CLEANED,22,2,0,0,0.0,0.0,0.009978547222222117,0.01620413611111102
a3c772d3fde52dbae832bi,2026-02-04 23:00:00+08:00,0.0,0.0543,0.0678,0.013499999999999998,100.0,HOURLY_RECON_GT_5PCT,26.2,63.0,0.0,WX_CLEANED,23,2,0,0,0.0,0.0,0.009978547222222117,0.01620413611111102
a3c772d3fde52dbae832bi,2026-02-05 00:00:00+08:00,0.0,0.0705,0.0812,0.010700000000000001,100.0,HOURLY_RECON_GT_5PCT,25.8,65.0,0.0,WX_CLEANED,0,3,0,0,0.0,0.0,0.009978547222222117,0.01620413611111102
a3c772d3fde52dbae832bi,2026-02-05 01:00:00+08:00,0.0,0.0839,0.0974,0.013499999999999998,100.0,HOURLY_RECON_GT_5PCT,25.4,67.0,0.0,WX_CLEANED,1,3,0,0,0.0,0.0,0.009978547222222117,0.01620413611111102
a3c772d3fde52dbae832bi,2026-02-05 02:00:00+08:00,0.0,0.1001,0.1135,0.013400000000000009,100.0,HOURLY_RECON_GT_5PCT,25.0,69.0,0.0,WX_CLEANED,2,3,0,0,0.0,0.0,0.009978547222222117,0.01620413611111102
a3c772d3fde52dbae832bi,2026-02-05 03:00:00+08:00,0.0,0.1162,0.1297,0.013500000000000012,100.0,HOURLY_RECON_GT_5PCT,24.6,71.0,0.0,WX_CLEANED,3,3,0,0,0.0,0.0,0.009978547222222117,0.01620413611111102
a3c772d3fde52dbae832bi,2026-02-05 04:00:00+08:00,0.0,0.1324,0.1458,0.013400000000000023,100.0,HOURLY_RECON_GT_5PCT,24.1,74.0,0.0,WX_CLEANED,4,3,0,0,0.0,0.0,0.009978547222222117,0.01620413611111102
a3c772d3fde52dbae832bi,2026-02-05 05:00:00+08:00,0.0,0.1464,0.1473,0.0008999999999999841,100.0,HOURLY_RECON_GT_5PCT,23.5,78.0,0.0,WX_CLEANED,5,3,0,0,0.0,0.0,0.009978547222222117,0.01620413611111102
a3c772d3fde52dbae832bi,2026-02-05 06:00:00+08:00,0.0,0.1481,0.1541,0.005999999999999978,100.0,HOURLY_RECON_GT_5PCT,22.9,79.0,0.0,WX_CLEANED,6,3,0,0,0.0,0.0,0.009978547222222117,0.01620413611111102
a3c772d3fde52dbae832bi,2026-02-05 07:00:00+08:00,0.0,0.1553,0.1645,0.009200000000000014,100.0,HOURLY_RECON_GT_5PCT,22.6,80.0,0.0,WX_CLEANED,7,3,0,0,0.0,0.0,0.009978547222222117,0.01620413611111102
a3c772d3fde52dbae832bi,2026-02-05 08:00:00+08:00,0.0,0.1664,0.1778,0.011400000000000021,100.0,HOURLY_RECON_GT_5PCT,24.0,75.0,0.0,WX_CLEANED,8,3,0,0,0.0,0.0,0.009978547222222117,0.01620413611111102
a3c772d3fde52dbae832bi,2026-02-05 09:00:00+08:00,0.0,0.18,0.1902,0.010200000000000015,100.0,HOURLY_RECON_GT_5PCT,26.0,64.0,0.0,WX_CLEANED,9,3,0,0,0.0,0.0,0.009978547222222117,0.01620413611111102
a3c772d3fde52dbae832bi,2026-02-05 10:00:00+08:00,0.0,0.1921,0.2003,0.008200000000000013,100.0,HOURLY_RECON_GT_5PCT,28.5,50.0,0.0,WX_CLEANED,10,3,0,0,0.0,0.0,0.009978547222222117,0.01620413611111102
a3c772d3fde52dbae832bi,2026-02-05 11:00:00+08:00,0.0,0.2019,0.2099,0.008000000000000007,100.0,HOURLY_RECON_GT_5PCT,30.2,39.0,0.0,WX_CLEANED,11,3,0,0,0.0,0.0,0.009978547222222117,0.01620413611111102
a3c772d3fde52dbae832bi,2026-02-05 12:00:00+08:00,0.0036154250000000002,0.2121,0.2212,0.009099999999999997,60.27005494505493,HOURLY_RECON_GT_5PCT,31.0,35.0,0.0,WX_CLEANED,12,3,0,0,0.0037667666666663,0.0052729416666663,0.009972241319444354,0.016194269940476104
a3c772d3fde52dbae832bi,2026-02-05 13:00:00+08:00,0.016683833333332898,0.2231,0.2295,0.006400000000000017,160.68489583332587,HOURLY_RECON_GT_5PCT,31.5,33.0,0.0,WX_CLEANED,13,3,0,0,0.0174029999999995,0.0241975583333333,0.00994227604166658,0.01614954538690467
a3c772d3fde52dbae832bi,2026-02-05 14:00:00+08:00,0.0168787499999996,0.2306,0.2353,0.00470000000000001,259.1223404255226,HOURLY_RECON_GT_5PCT,31.9,31.0,0.0,WX_CLEANED,14,3,0,0,0.017585725,0.0246174666666663,0.009912818749999896,0.01610348159722213
a3c772d3fde52dbae832bi,2026-02-05 15:00:00+08:00,0.0196381249999996,0.2361,0.24,0.003899999999999987,403.5416666666581,HOURLY_RECON_GT_5PCT,31.5,33.0,0.0,WX_CLEANED,15,3,0,0,0.0204606249999999,0.028641858333333298,0.00987854791666655,0.01604988794642848
a3c772d3fde52dbae832bi,2026-02-05 16:00:00+08:00,0.046165566666666505,0.002,0.0097,0.0077,499.5528138528117,HOURLY_RECON_GT_5PCT,30.6,39.0,0.0,WX_CLEANED,16,3,0,0,0.0350996166666663,0.0789078666666663,0.010339629166666559,0.015854993303571336
a3c772d3fde52dbae832bi,2026-02-05 17:00:00+08:00,0.048221958333333,0.0104,0.014,0.0036000000000000008,1239.498842592583,HOURLY_RECON_GT_5PCT,29.3,46.0,0.0,WX_CLEANED,17,3,0,0,0.0361573083333328,0.0828732249999996,0.010842322916666569,0.0156487357638888
a3c772d3fde52dbae832bi,2026-02-05 18:00:00+08:00,0.0483787083333328,0.0146,0.0181,0.0035000000000000014,1282.2488095237936,HOURLY_RECON_GT_5PCT,27.7,52.0,0.0,WX_CLEANED,18,3,0,0,0.036274858333333104,0.0831425999999996,0.011346649999999889,0.015441807837301494
a3c772d3fde52dbae832bi,2026-02-05 19:00:00+08:00,0.0484610583333331,0.0187,0.0221,0.0034000000000000002,1325.3252450980322,HOURLY_RECON_GT_5PCT,26.8,57.0,0.0,WX_CLEANED,19,3,0,0,0.0363366416666666,0.0832841833333333,0.011851834027777659,0.015234527331349113
a3c772d3fde52dbae832bi,2026-02-05 20:00:00+08:00,0.048546474999999804,0.0228,0.0287,0.005899999999999999,722.8216101694884,HOURLY_RECON_GT_5PCT,26.6,59.0,0.0,WX_CLEANED,20,3,0,0,0.0364005916666663,0.0834308916666663,0.012357912499999887,0.015026881994047527
a3c772d3fde52dbae832bi,2026-02-05 21:00:00+08:00,0.0,0.0318,0.0474,0.015599999999999996,100.0,HOURLY_RECON_GT_5PCT,26.5,59.0,0.0,WX_CLEANED,21,3,0,0,0.0,0.0,0.012357912499999887,0.015026881994047527
a3c772d3fde52dbae832bi,2026-02-05 22:00:00+08:00,0.0,0.0505,0.066,0.0155,100.0,HOURLY_RECON_GT_5PCT,26.2,60.0,0.0,WX_CLEANED,22,3,0,0,0.0,0.0,0.012357912499999887,0.015026881994047527
a3c772d3fde52dbae832bi,2026-02-05 23:00:00+08:00,0.0,0.0691,0.0847,0.015600000000000003,100.0,HOURLY_RECON_GT_5PCT,26.1,60.0,0.0,WX_CLEANED,23,3,0,0,0.0,0.0,0.012357912499999887,0.015026881994047527
a3c772d3fde52dbae832bi,2026-02-06 00:00:00+08:00,0.0,0.0878,0.1003,0.012499999999999997,100.0,HOURLY_RECON_GT_5PCT,25.9,61.0,0.0,WX_CLEANED,0,4,0,0,0.0,0.0,0.012357912499999887,0.015026881994047527
a3c772d3fde52dbae832bi,2026-02-06 01:00:00+08:00,0.0,0.1034,0.1189,0.0155,100.0,HOURLY_RECON_GT_5PCT,25.5,63.0,0.0,WX_CLEANED,1,4,0,0,0.0,0.0,0.012357912499999887,0.015026881994047527
a3c772d3fde52dbae832bi,2026-02-06 02:00:00+08:00,0.0,0.122,0.1376,0.015600000000000003,100.0,HOURLY_RECON_GT_5PCT,25.1,63.0,0.0,WX_CLEANED,2,4,0,0,0.0,0.0,0.012357912499999887,0.015026881994047527
a3c772d3fde52dbae832bi,2026-02-06 03:00:00+08:00,0.0,0.1407,0.1563,0.015600000000000003,100.0,HOURLY_RECON_GT_5PCT,24.8,65.0,0.0,WX_CLEANED,3,4,0,0,0.0,0.0,0.012357912499999887,0.015026881994047527
a3c772d3fde52dbae832bi,2026-02-06 04:00:00+08:00,0.0,0.1594,0.1749,0.015500000000000014,100.0,HOURLY_RECON_GT_5PCT,24.2,68.0,0.0,WX_CLEANED,4,4,0,0,0.0,0.0,0.012357912499999887,0.015026881994047527
a3c772d3fde52dbae832bi,2026-02-06 05:00:00+08:00,0.0,0.1758,0.1772,0.0013999999999999846,100.0,HOURLY_RECON_GT_5PCT,23.8,70.0,0.0,WX_CLEANED,5,4,0,0,0.0,0.0,0.012357912499999887,0.015026881994047527
a3c772d3fde52dbae832bi,2026-02-06 06:00:00+08:00,0.0,0.1785,0.1877,0.009200000000000014,100.0,HOURLY_RECON_GT_5PCT,23.4,71.0,0.0,WX_CLEANED,6,4,0,0,0.0,0.0,0.012357912499999887,0.015026881994047527
a3c772d3fde52dbae832bi,2026-02-06 07:00:00+08:00,0.0,0.1895,0.2037,0.01419999999999999,100.0,HOURLY_RECON_GT_5PCT,23.1,72.0,0.0,WX_CLEANED,7,4,0,0,0.0,0.0,0.012357912499999887,0.015026881994047527
a3c772d3fde52dbae832bi,2026-02-06 08:00:00+08:00,0.0,0.2067,0.2242,0.017500000000000016,100.0,HOURLY_RECON_GT_5PCT,24.5,67.0,0.0,WX_CLEANED,8,4,0,0,0.0,0.0,0.012357912499999887,0.015026881994047527
a3c772d3fde52dbae832bi,2026-02-06 09:00:00+08:00,0.0,0.2276,0.2433,0.015699999999999992,100.0,HOURLY_RECON_GT_5PCT,26.0,60.0,0.0,WX_CLEANED,9,4,0,0,0.0,0.0,0.012357912499999887,0.015026881994047527
a3c772d3fde52dbae832bi,2026-02-06 10:00:00+08:00,0.0,0.2463,0.2588,0.012499999999999983,100.0,HOURLY_RECON_GT_5PCT,28.4,50.0,0.0,WX_CLEANED,10,4,0,0,0.0,0.0,0.012357912499999887,0.015026881994047527
a3c772d3fde52dbae832bi,2026-02-06 11:00:00+08:00,0.0,0.2614,0.2736,0.012199999999999989,100.0,HOURLY_RECON_GT_5PCT,30.0,45.0,0.0,WX_CLEANED,11,4,0,0,0.0,0.0,0.012357912499999887,0.015026881994047527
a3c772d3fde52dbae832bi,2026-02-06 12:00:00+08:00,0.0048217583333331005,0.277,0.291,0.013999999999999957,65.55886904762062,HOURLY_RECON_GT_5PCT,30.9,44.0,0.0,WX_CLEANED,12,4,0,0,0.0036154250000000002,0.0082864833333331,0.012408176388888767,0.01500625863095229
a3c772d3fde52dbae832bi,2026-02-06 13:00:00+08:00,0.0221267666666666,0.294,0.3039,0.00990000000000002,123.50269360269249,HOURLY_RECON_GT_5PCT,31.1,44.0,0.0,WX_CLEANED,13,4,0,0,0.016683833333332898,0.038026633333333004,0.012634965277777672,0.014911616567460227
a3c772d3fde52dbae832bi,2026-02-06 14:00:00+08:00,0.0225107833333331,0.3055,0.3128,0.007300000000000029,208.36689497716458,HOURLY_RECON_GT_5PCT,30.3,46.0,0.0,WX_CLEANED,14,4,0,0,0.0168787499999996,0.0386864749999996,0.012869633333333233,0.014815332688491974
a3c772d3fde52dbae832bi,2026-02-06 15:00:00+08:00,0.026190758333333,0.314,0.32,0.006000000000000005,336.512638888883,HOURLY_RECON_GT_5PCT,30.5,47.0,0.0,WX_CLEANED,15,4,0,0,0.0196381249999996,0.0450108333333333,0.013142659722222123,0.014703308432539591
a3c772d3fde52dbae832bi,2026-02-06 16:00:00+08:00,0.09121498333333329,0.0053,0.0254,0.0201,353.8058872305139,HOURLY_RECON_GT_5PCT,29.5,51.0,0.0,WX_CLEANED,16,4,0,0,0.046165566666666505,0.1039332666666663,0.015019718749999906,0.014627604365079276
a3c772d3fde52dbae832bi,2026-02-06 17:00:00+08:00,0.09643160833333311,0.0273,0.0364,0.0091,959.6880036630012,HOURLY_RECON_GT_5PCT,28.0,55.0,0.1,WX_CLEANED,17,4,0,0,0.048221958333333,0.10848974999999961,0.01702845416666658,0.0145558297123015
a3c772d3fde52dbae832bi,2026-02-06 18:00:00+08:00,0.0967450249999998,0.0382,0.0472,0.009000000000000001,974.94472222222,HOURLY_RECON_GT_5PCT,27.0,58.0,0.2,WX_CLEANED,18,4,0,0,0.0483787083333328,0.10884237499999959,0.01904371736111104,0.014483821676587214
a3c772d3fde52dbae832bi,2026-02-06 19:00:00+08:00,0.096909808333333,0.0489,0.0578,0.008899999999999998,988.874250936326,HOURLY_RECON_GT_5PCT,26.4,62.0,0.1,WX_CLEANED,19,4,0,0,0.0484610583333331,0.1090278166666665,0.0210624152777777,0.014411690674603087
a3c772d3fde52dbae832bi,2026-02-06 20:00:00+08:00,0.09708055833333329,0.0596,0.0708,0.011200000000000002,766.7906994047613,HOURLY_RECON_GT_5PCT,26.4,67.0,0.0,WX_CLEANED,20,4,0,0,0.048546474999999804,0.10921985833333299,0.02308466874999993,0.014339432936507848
a3c772d3fde52dbae832bi,2026-02-06 21:00:00+08:00,0.0,0.0749,0.095,0.020100000000000007,100.0,HOURLY_RECON_GT_5PCT,26.6,67.0,0.0,WX_CLEANED,21,4,0,0,0.0,0.0,0.02308466874999993,0.014339432936507848
a3c772d3fde52dbae832bi,2026-02-06 22:00:00+08:00,0.0,0.0991,0.1192,0.020100000000000007,100.0,HOURLY_RECON_GT_5PCT,26.5,67.0,0.0,WX_CLEANED,22,4,0,0,0.0,0.0,0.02308466874999993,0.014339432936507848
a3c772d3fde52dbae832bi,2026-02-06 23:00:00+08:00,0.0,0.1233,0.1434,0.020099999999999993,100.0,HOURLY_RECON_GT_5PCT,26.2,69.0,0.0,WX_CLEANED,23,4,0,0,0.0,0.0,0.02308466874999993,0.014339432936507848
a3c772d3fde52dbae832bi,2026-02-07 00:00:00+08:00,0.0,0.1475,0.1636,0.016100000000000003,100.0,HOURLY_RECON_GT_5PCT,25.9,72.0,0.0,WX_CLEANED,0,5,1,0,0.0,0.0,0.02308466874999993,0.014339432936507848
a3c772d3fde52dbae832bi,2026-02-07 01:00:00+08:00,0.0,0.1676,0.1878,0.020199999999999996,100.0,HOURLY_RECON_GT_5PCT,25.7,72.0,0.0,WX_CLEANED,1,5,1,0,0.0,0.0,0.02308466874999993,0.014339432936507848
a3c772d3fde52dbae832bi,2026-02-07 02:00:00+08:00,0.0,0.1918,0.212,0.020199999999999996,100.0,HOURLY_RECON_GT_5PCT,25.7,70.0,0.0,WX_CLEANED,2,5,1,0,0.0,0.0,0.02308466874999993,0.014339432936507848
a3c772d3fde52dbae832bi,2026-02-07 03:00:00+08:00,0.0,0.216,0.2362,0.020199999999999996,100.0,HOURLY_RECON_GT_5PCT,25.4,72.0,0.0,WX_CLEANED,3,5,1,0,0.0,0.0,0.02308466874999993,0.014339432936507848
a3c772d3fde52dbae832bi,2026-02-07 04:00:00+08:00,0.0,0.2402,0.2604,0.020200000000000023,100.0,HOURLY_RECON_GT_5PCT,24.5,80.0,1.0,WX_CLEANED,4,5,1,0,0.0,0.0,0.02308466874999993,0.014339432936507848
a3c772d3fde52dbae832bi,2026-02-07 05:00:00+08:00,0.0,0.2627,0.2662,0.003500000000000003,100.0,HOURLY_RECON_GT_5PCT,24.5,79.0,0.0,WX_CLEANED,5,5,1,0,0.0,0.0,0.02308466874999993,0.014339432936507848
a3c772d3fde52dbae832bi,2026-02-07 06:00:00+08:00,0.0,0.2696,0.2938,0.0242,100.0,HOURLY_RECON_GT_5PCT,24.6,78.0,0.0,WX_CLEANED,6,5,1,0,0.0,0.0,0.02308466874999993,0.014339432936507848
a3c772d3fde52dbae832bi,2026-02-07 07:00:00+08:00,0.0,0.2983,0.3354,0.037099999999999966,100.0,HOURLY_RECON_GT_5PCT,24.9,77.0,0.0,WX_CLEANED,7,5,1,0,0.0,0.0,0.02308466874999993,0.014339432936507848
a3c772d3fde52dbae832bi,2026-02-07 08:00:00+08:00,0.0,0.3432,0.3889,0.04570000000000002,100.0,HOURLY_RECON_GT_5PCT,25.2,78.0,0.0,WX_CLEANED,8,5,1,0,0.0,0.0,0.02308466874999993,0.014339432936507848
a3c772d3fde52dbae832bi,2026-02-07 09:00:00+08:00,0.0,0.3978,0.4388,0.041000000000000036,100.0,HOURLY_RECON_GT_5PCT,26.3,74.0,0.0,WX_CLEANED,9,5,1,0,0.0,0.0,0.02308466874999993,0.014339432936507848
a3c772d3fde52dbae832bi,2026-02-07 10:00:00+08:00,0.0,0.4466,0.4794,0.032799999999999996,100.0,HOURLY_RECON_GT_5PCT,27.8,69.0,0.0,WX_CLEANED,10,5,1,0,0.0,0.0,0.02308466874999993,0.014339432936507848
a3c772d3fde52dbae832bi,2026-02-07 11:00:00+08:00,0.0,0.486,0.518,0.03200000000000003,100.0,HOURLY_RECON_GT_5PCT,27.1,74.0,1.7,WX_CLEANED,11,5,1,0,0.0,0.0,0.02308466874999993,0.014339432936507848
a3c772d3fde52dbae832bi,2026-02-07 12:00:00+08:00,0.0096422333333331,0.5269,0.5634,0.03649999999999998,73.58292237442984,HOURLY_RECON_GT_5PCT,27.5,72.0,0.1,WX_CLEANED,12,5,1,0,0.0048217583333331005,0.010847925,0.023285521874999927,0.014332256200396737
a3c772d3fde52dbae832bi,2026-02-07 13:00:00+08:00,0.0442479166666666,0.5711,0.597,0.025899999999999923,70.84137709137734,HOURLY_RECON_GT_5PCT,27.4,71.0,0.1,WX_CLEANED,13,5,1,0,0.0221267666666666,0.0497808,0.024207236458333264,0.014299322371031658
a3c772d3fde52dbae832bi,2026-02-07 14:00:00+08:00,0.04501575,0.6013,0.6203,0.019000000000000017,136.92499999999978,HOURLY_RECON_GT_5PCT,28.9,64.0,1.6,WX_CLEANED,14,5,1,0,0.0225107833333331,0.0506446749999999,0.025144943402777717,0.014265816865079278
a3c772d3fde52dbae832bi,2026-02-07 15:00:00+08:00,0.0523748,0.6234,0.64,0.01660000000000006,215.51084337349286,HOURLY_RECON_GT_5PCT,28.0,66.0,0.0,WX_CLEANED,15,5,1,0,0.026190758333333,0.0589239666666663,0.02623594513888884,0.014226833730158645
a3c772d3fde52dbae832bi,2026-02-07 16:00:00+08:00,0.048929458333333106,0.002,0.0094,0.0074,561.2088963963932,HOURLY_RECON_GT_5PCT,27.5,70.0,0.0,WX_CLEANED,16,5,1,0,0.09121498333333329,0.057822774999999604,0.024474048263888836,0.01417389732142849
a3c772d3fde52dbae832bi,2026-02-07 17:00:00+08:00,0.048221958333333,0.0101,0.0135,0.0034000000000000002,1318.2928921568528,HOURLY_RECON_GT_5PCT,27.1,74.0,0.0,WX_CLEANED,17,5,1,0,0.09643160833333311,0.0572584083333333,0.022465312847222165,0.014120108928571342
a3c772d3fde52dbae832bi,2026-02-07 18:00:00+08:00,0.0483787083333328,0.0142,0.0175,0.003300000000000001,1366.0214646464483,HOURLY_RECON_GT_5PCT,26.6,78.0,0.0,WX_CLEANED,18,5,1,0,0.0967450249999998,0.0574445249999999,0.020450049652777705,0.014066145734126895
a3c772d3fde52dbae832bi,2026-02-07 19:00:00+08:00,0.0484610583333331,0.0182,0.0214,0.003199999999999998,1414.4080729166603,HOURLY_RECON_GT_5PCT,26.2,79.0,0.0,WX_CLEANED,19,5,1,0,0.096909808333333,0.0575423416666663,0.018431351736111042,0.014012090476190387
a3c772d3fde52dbae832bi,2026-02-07 20:00:00+08:00,0.048546474999999804,0.0221,0.0279,0.0058,737.0081896551691,HOURLY_RECON_GT_5PCT,26.0,82.0,1.5,WX_CLEANED,20,5,1,0,0.09708055833333329,0.057643724999999604,0.016409098263888814,0.013957940178571342
a3c772d3fde52dbae832bi,2026-02-07 21:00:00+08:00,0.0,0.031,0.0466,0.015600000000000003,100.0,HOURLY_RECON_GT_5PCT,26.1,82.0,0.0,WX_CLEANED,21,5,1,0,0.0,0.0,0.016409098263888814,0.013957940178571342
a3c772d3fde52dbae832bi,2026-02-07 22:00:00+08:00,0.0,0.0497,0.0652,0.015499999999999993,100.0,HOURLY_RECON_GT_5PCT,25.9,85.0,0.0,WX_CLEANED,22,5,1,0,0.0,0.0,0.016409098263888814,0.013957940178571342
a3c772d3fde52dbae832bi,2026-02-07 23:00:00+08:00,0.0,0.0683,0.0839,0.015600000000000003,100.0,HOURLY_RECON_GT_5PCT,25.6,88.0,0.0,WX_CLEANED,23,5,1,0,0.0,0.0,0.016409098263888814,0.013957940178571342
a3c772d3fde52dbae832bi,2026-02-08 00:00:00+08:00,0.0,0.087,0.0994,0.012400000000000008,100.0,HOURLY_RECON_GT_5PCT,25.4,89.0,0.0,WX_CLEANED,0,6,1,0,0.0,0.0,0.016409098263888814,0.013957940178571342
a3c772d3fde52dbae832bi,2026-02-08 01:00:00+08:00,0.0,0.1026,0.1181,0.0155,100.0,HOURLY_RECON_GT_5PCT,25.5,86.0,0.0,WX_CLEANED,1,6,1,0,0.0,0.0,0.016409098263888814,0.013957940178571342
a3c772d3fde52dbae832bi,2026-02-08 02:00:00+08:00,0.0,0.1212,0.1368,0.015600000000000003,100.0,HOURLY_RECON_GT_5PCT,25.5,86.0,0.0,WX_CLEANED,2,6,1,0,0.0,0.0,0.016409098263888814,0.013957940178571342
a3c772d3fde52dbae832bi,2026-02-08 03:00:00+08:00,0.0,0.1399,0.1554,0.015500000000000014,100.0,HOURLY_RECON_GT_5PCT,25.5,86.0,0.0,WX_CLEANED,3,6,1,0,0.0,0.0,0.016409098263888814,0.013957940178571342
a3c772d3fde52dbae832bi,2026-02-08 04:00:00+08:00,0.0,0.1586,0.1741,0.015500000000000014,100.0,HOURLY_RECON_GT_5PCT,25.3,85.0,0.2,WX_CLEANED,4,6,1,0,0.0,0.0,0.016409098263888814,0.013957940178571342
a3c772d3fde52dbae832bi,2026-02-08 05:00:00+08:00,0.0,0.175,0.1763,0.0013000000000000234,100.0,HOURLY_RECON_GT_5PCT,25.2,85.0,0.0,WX_CLEANED,5,6,1,0,0.0,0.0,0.016409098263888814,0.013957940178571342
a3c772d3fde52dbae832bi,2026-02-08 06:00:00+08:00,0.0,0.1776,0.1865,0.008899999999999991,100.0,HOURLY_RECON_GT_5PCT,25.4,78.0,0.0,WX_CLEANED,6,6,1,0,0.0,0.0,0.016409098263888814,0.013957940178571342
a3c772d3fde52dbae832bi,2026-02-08 07:00:00+08:00,0.0,0.1882,0.202,0.013800000000000007,100.0,HOURLY_RECON_GT_5PCT,25.5,74.0,0.0,WX_CLEANED,7,6,1,0,0.0,0.0,0.016409098263888814,0.013957940178571342
a3c772d3fde52dbae832bi,2026-02-08 08:00:00+08:00,0.0,0.2049,0.2218,0.0169,100.0,HOURLY_RECON_GT_5PCT,24.9,84.0,0.0,WX_CLEANED,8,6,1,0,0.0,0.0,0.016409098263888814,0.013957940178571342
a3c772d3fde52dbae832bi,2026-02-08 09:00:00+08:00,0.0,0.2251,0.2403,0.015200000000000019,100.0,HOURLY_RECON_GT_5PCT,25.1,81.0,0.2,WX_CLEANED,9,6,1,0,0.0,0.0,0.016409098263888814,0.013957940178571342
a3c772d3fde52dbae832bi,2026-02-08 10:00:00+08:00,0.0,0.2432,0.2554,0.012200000000000016,100.0,HOURLY_RECON_GT_5PCT,25.4,81.0,0.3,WX_CLEANED,10,6,1,0,0.0,0.0,0.016409098263888814,0.013957940178571342
a3c772d3fde52dbae832bi,2026-02-08 11:00:00+08:00,0.0,0.2578,0.2697,0.011900000000000022,100.0,HOURLY_RECON_GT_5PCT,26.0,76.0,0.4,WX_CLEANED,11,6,1,0,0.0,0.0,0.016409098263888814,0.013957940178571342
a3c772d3fde52dbae832bi,2026-02-08 12:00:00+08:00,0.0048217583333331005,0.273,0.2866,0.013600000000000001,64.54589460784486,HOURLY_RECON_GT_5PCT,26.5,72.0,0.4,WX_CLEANED,12,6,1,0,0.0096422333333331,0.0057253166666663,0.016208245138888813,0.013952561855158644
a3c772d3fde52dbae832bi,2026-02-08 13:00:00+08:00,0.0221267666666666,0.2894,0.299,0.009599999999999997,130.48715277777714,HOURLY_RECON_GT_5PCT,26.6,71.0,2.0,WX_CLEANED,13,6,1,0,0.0442479166666666,0.026273224999999602,0.015286530555555478,0.013927880555555473
a3c772d3fde52dbae832bi,2026-02-08 14:00:00+08:00,0.0225107833333331,0.3006,0.3095,0.008900000000000019,152.93014981273092,HOURLY_RECON_GT_5PCT,27.2,68.0,0.2,WX_CLEANED,14,6,1,0,0.04501575,0.026729074999999602,0.014348823611111026,0.01390277167658722
a3c772d3fde52dbae832bi,2026-02-08 15:00:00+08:00,0.026190758333333,0.3107,0.32,0.00930000000000003,181.62105734766575,HOURLY_RECON_GT_5PCT,27.0,69.0,0.1,WX_CLEANED,15,6,1,0,0.0523748,0.0310986833333333,0.013257821874999902,0.013873557837301502
a3c772d3fde52dbae832bi,2026-02-08 16:00:00+08:00,0.0425460333333333,0.0017,0.0115,0.0098,334.14319727891126,HOURLY_RECON_GT_5PCT,27.1,66.0,0.0,WX_CLEANED,16,6,1,0,0.048929458333333106,0.0429625083333331,0.012991845833333243,0.013871078819444362
a3c772d3fde52dbae832bi,2026-02-08 17:00:00+08:00,0.0437010249999994,0.0121,0.0151,0.003000000000000001,1356.7008333333129,HOURLY_RECON_GT_5PCT,26.7,69.0,0.0,WX_CLEANED,17,6,1,0,0.048221958333333,0.043703233333332994,0.01280347361111101,0.01387106567460309
a3c772d3fde52dbae832bi,2026-02-08 18:00:00+08:00,0.0438430083333331,0.0157,0.0186,0.0029,1411.8278735632105,HOURLY_RECON_GT_5PCT,25.9,75.0,0.0,WX_CLEANED,18,6,1,0,0.0483787083333328,0.0438452999999996,0.012614486111111023,0.013871052033730074
a3c772d3fde52dbae832bi,2026-02-08 19:00:00+08:00,0.043917708333333,0.0191,0.022,0.0029,1414.4037356321726,HOURLY_RECON_GT_5PCT,25.4,80.0,0.0,WX_CLEANED,19,6,1,0,0.0484610583333331,0.0439200083333333,0.012425179861111017,0.013871038343253882
a3c772d3fde52dbae832bi,2026-02-08 20:00:00+08:00,0.0439950583333333,0.0226,0.0279,0.005300000000000003,730.0954402515712,HOURLY_RECON_GT_5PCT,25.0,75.0,0.0,WX_CLEANED,20,6,1,0,0.048546474999999804,0.0439973583333331,0.012235537499999912,0.013871024652777694
a3c772d3fde52dbae832bi,2026-02-08 21:00:00+08:00,0.0,0.0309,0.0457,0.014799999999999997,100.0,HOURLY_RECON_GT_5PCT,24.8,77.0,0.0,WX_CLEANED,21,6,1,0,0.0,0.0,0.012235537499999912,0.013871024652777694
a3c772d3fde52dbae832bi,2026-02-08 22:00:00+08:00,0.0,0.0487,0.0635,0.0148,100.0,HOURLY_RECON_GT_5PCT,24.6,80.0,0.0,WX_CLEANED,22,6,1,0,0.0,0.0,0.012235537499999912,0.013871024652777694
a3c772d3fde52dbae832bi,2026-02-08 23:00:00+08:00,0.0,0.0665,0.0813,0.014799999999999994,100.0,HOURLY_RECON_GT_5PCT,24.5,81.0,0.0,WX_CLEANED,23,6,1,0,0.0,0.0,0.012235537499999912,0.013871024652777694
a3c772d3fde52dbae832bi,2026-02-09 00:00:00+08:00,0.0,0.0843,0.0962,0.011899999999999994,100.0,HOURLY_RECON_GT_5PCT,24.1,80.0,0.0,WX_CLEANED,0,0,0,0,0.0,0.0,0.012235537499999912,0.013871024652777694
a3c772d3fde52dbae832bi,2026-02-09 01:00:00+08:00,0.0,0.0991,0.114,0.01490000000000001,100.0,HOURLY_RECON_GT_5PCT,23.9,80.0,0.0,WX_CLEANED,1,0,0,0,0.0,0.0,0.012235537499999912,0.013871024652777694
a3c772d3fde52dbae832bi,2026-02-09 02:00:00+08:00,0.0,0.1169,0.1318,0.014899999999999997,100.0,HOURLY_RECON_GT_5PCT,23.5,82.0,0.0,WX_CLEANED,2,0,0,0,0.0,0.0,0.012235537499999912,0.013871024652777694
a3c772d3fde52dbae832bi,2026-02-09 03:00:00+08:00,0.0,0.1347,0.1496,0.014900000000000024,100.0,HOURLY_RECON_GT_5PCT,23.5,81.0,0.0,WX_CLEANED,3,0,0,0,0.0,0.0,0.012235537499999912,0.013871024652777694
a3c772d3fde52dbae832bi,2026-02-09 04:00:00+08:00,0.0,0.1525,0.1674,0.014899999999999997,100.0,HOURLY_RECON_GT_5PCT,23.1,81.0,0.0,WX_CLEANED,4,0,0,0,0.0,0.0,0.012235537499999912,0.013871024652777694
a3c772d3fde52dbae832bi,2026-02-09 05:00:00+08:00,0.0,0.1681,0.1693,0.0012000000000000066,100.0,HOURLY_RECON_GT_5PCT,23.1,81.0,0.0,WX_CLEANED,5,0,0,0,0.0,0.0,0.012235537499999912,0.013871024652777694
a3c772d3fde52dbae832bi,2026-02-09 06:00:00+08:00,0.0,0.1704,0.1782,0.007800000000000001,100.0,HOURLY_RECON_GT_5PCT,23.0,83.0,0.0,WX_CLEANED,6,0,0,0,0.0,0.0,0.012235537499999912,0.013871024652777694
a3c772d3fde52dbae832bi,2026-02-09 07:00:00+08:00,0.0,0.1797,0.1917,0.01200000000000001,100.0,HOURLY_RECON_GT_5PCT,23.1,82.0,0.0,WX_CLEANED,7,0,0,0,0.0,0.0,0.012235537499999912,0.013871024652777694
a3c772d3fde52dbae832bi,2026-02-09 08:00:00+08:00,0.0,0.1942,0.209,0.01479999999999998,100.0,HOURLY_RECON_GT_5PCT,24.4,72.0,0.0,WX_CLEANED,8,0,0,0,0.0,0.0,0.012235537499999912,0.013871024652777694
a3c772d3fde52dbae832bi,2026-02-09 09:00:00+08:00,0.0,0.2119,0.2252,0.013300000000000006,100.0,HOURLY_RECON_GT_5PCT,24.9,68.0,0.0,WX_CLEANED,9,0,0,0,0.0,0.0,0.012235537499999912,0.013871024652777694
a3c772d3fde52dbae832bi,2026-02-09 10:00:00+08:00,0.0,0.2277,0.2383,0.010599999999999998,100.0,HOURLY_RECON_GT_5PCT,25.2,66.0,0.0,WX_CLEANED,10,0,0,0,0.0,0.0,0.012235537499999912,0.013871024652777694
a3c772d3fde52dbae832bi,2026-02-09 11:00:00+08:00,0.0,0.2404,0.2508,0.01040000000000002,100.0,HOURLY_RECON_GT_5PCT,26.2,62.0,0.0,WX_CLEANED,11,0,0,0,0.0,0.0,0.012235537499999912,0.013871024652777694
a3c772d3fde52dbae832bi,2026-02-09 12:00:00+08:00,0.0043696583333331,0.2537,0.2655,0.011800000000000033,62.96899717514333,HOURLY_RECON_GT_5PCT,26.7,60.0,0.0,WX_CLEANED,12,0,0,0,0.0048217583333331005,0.0043699333333331,0.012216699999999914,0.013871023015872931
a3c772d3fde52dbae832bi,2026-02-09 13:00:00+08:00,0.020052316666666598,0.268,0.2764,0.008399999999999963,138.7180555555558,HOURLY_RECON_GT_5PCT,27.0,59.0,0.0,WX_CLEANED,13,0,0,0,0.0221267666666666,0.0200533499999998,0.012130264583333245,0.01387101686507928
a3c772d3fde52dbae832bi,2026-02-09 14:00:00+08:00,0.0204002916666663,0.2778,0.2839,0.006099999999999994,234.43101092895606,HOURLY_RECON_GT_5PCT,27.2,57.0,0.0,WX_CLEANED,14,0,0,0,0.0225107833333331,0.0204013916666666,0.012042327430555463,0.013871010317460231
a3c772d3fde52dbae832bi,2026-02-09 15:00:00+08:00,0.023735308333333302,0.2849,0.29,0.005099999999999993,365.3982026143791,HOURLY_RECON_GT_5PCT,26.6,60.0,0.0,WX_CLEANED,15,0,0,0,0.026190758333333,0.0237365,0.01194001701388881,0.013871003224206263
a3c772d3fde52dbae832bi,2026-02-09 16:00:00+08:00,0.047893175,0.0021,0.0102,0.008100000000000001,491.2737654320987,HOURLY_RECON_GT_5PCT,26.4,61.0,0.0,WX_CLEANED,16,0,0,0,0.0425460333333333,0.043721525,0.012162814583333256,0.013895834474206262
a3c772d3fde52dbae832bi,2026-02-09 17:00:00+08:00,0.0497189916666663,0.0109,0.0146,0.0037,1243.7565315315214,HOURLY_RECON_GT_5PCT,25.7,64.0,0.0,WX_CLEANED,17,0,0,0,0.0437010249999994,0.0451990666666663,0.012413563194444375,0.013922738789682455
a3c772d3fde52dbae832bi,2026-02-09 18:00:00+08:00,0.0498805833333333,0.0153,0.0189,0.0036000000000000008,1285.571759259258,HOURLY_RECON_GT_5PCT,24.9,71.0,0.0,WX_CLEANED,18,0,0,0,0.0438430083333331,0.045345974999999594,0.012665128819444383,0.013949730505952298
a3c772d3fde52dbae832bi,2026-02-09 19:00:00+08:00,0.049965566666666295,0.0196,0.0232,0.003599999999999999,1287.9324074073975,HOURLY_RECON_GT_5PCT,24.5,75.0,0.0,WX_CLEANED,19,0,0,0,0.043917708333333,0.0454232249999996,0.012917122916666602,0.013976768253968172
a3c772d3fde52dbae832bi,2026-02-09 20:00:00+08:00,0.0500535583333333,0.0239,0.0299,0.005999999999999998,734.2259722222219,HOURLY_RECON_GT_5PCT,24.4,77.0,0.0,WX_CLEANED,20,0,0,0,0.0439950583333333,0.045503233333333296,0.013169560416666603,0.014003853521825312
a3c772d3fde52dbae832bi,2026-02-09 21:00:00+08:00,0.0,0.0331,0.0489,0.0158,100.0,HOURLY_RECON_GT_5PCT,24.0,78.0,0.0,WX_CLEANED,21,0,0,0,0.0,0.0,0.013169560416666603,0.014003853521825312
a3c772d3fde52dbae832bi,2026-02-09 22:00:00+08:00,0.0,0.052,0.0678,0.0158,100.0,HOURLY_RECON_GT_5PCT,23.6,79.0,0.0,WX_CLEANED,22,0,0,0,0.0,0.0,0.013169560416666603,0.014003853521825312
a3c772d3fde52dbae832bi,2026-02-09 23:00:00+08:00,0.0,0.0709,0.0867,0.015799999999999995,100.0,HOURLY_RECON_GT_5PCT,23.5,79.0,0.0,WX_CLEANED,23,0,0,0,0.0,0.0,0.013169560416666603,0.014003853521825312
a3c772d3fde52dbae832bi,2026-02-10 00:00:00+08:00,0.0,0.0899,0.1025,0.0126,100.0,HOURLY_RECON_GT_5PCT,23.3,81.0,0.0,WX_CLEANED,0,1,0,0,0.0,0.0,0.013169560416666603,0.014003853521825312
a3c772d3fde52dbae832bi,2026-02-10 01:00:00+08:00,0.0,0.1057,0.1214,0.015699999999999992,100.0,HOURLY_RECON_GT_5PCT,23.1,83.0,0.0,WX_CLEANED,1,1,0,0,0.0,0.0,0.013169560416666603,0.014003853521825312
a3c772d3fde52dbae832bi,2026-02-10 02:00:00+08:00,0.0,0.1246,0.1404,0.015799999999999995,100.0,HOURLY_RECON_GT_5PCT,22.8,89.0,0.0,WX_CLEANED,2,1,0,0,0.0,0.0,0.013169560416666603,0.014003853521825312
a3c772d3fde52dbae832bi,2026-02-10 03:00:00+08:00,0.0,0.1435,0.1593,0.01580000000000001,100.0,HOURLY_RECON_GT_5PCT,22.9,86.0,0.0,WX_CLEANED,3,1,0,0,0.0,0.0,0.013169560416666603,0.014003853521825312
a3c772d3fde52dbae832bi,2026-02-10 04:00:00+08:00,0.0,0.1625,0.1782,0.015699999999999992,100.0,HOURLY_RECON_GT_5PCT,22.6,87.0,0.0,WX_CLEANED,4,1,0,0,0.0,0.0,0.013169560416666603,0.014003853521825312
a3c772d3fde52dbae832bi,2026-02-10 05:00:00+08:00,0.0,0.1792,0.1806,0.0014000000000000123,100.0,HOURLY_RECON_GT_5PCT,22.5,88.0,0.0,WX_CLEANED,5,1,0,0,0.0,0.0,0.013169560416666603,0.014003853521825312
a3c772d3fde52dbae832bi,2026-02-10 06:00:00+08:00,0.0,0.182,0.1916,0.009599999999999997,100.0,HOURLY_RECON_GT_5PCT,22.4,88.0,0.0,WX_CLEANED,6,1,0,0,0.0,0.0,0.013169560416666603,0.014003853521825312
a3c772d3fde52dbae832bi,2026-02-10 07:00:00+08:00,0.0,0.1935,0.2083,0.014800000000000008,100.0,HOURLY_RECON_GT_5PCT,22.5,88.0,0.0,WX_CLEANED,7,1,0,0,0.0,0.0,0.013169560416666603,0.014003853521825312
a3c772d3fde52dbae832bi,2026-02-10 08:00:00+08:00,0.0,0.2114,0.2298,0.0184,100.0,HOURLY_RECON_GT_5PCT,23.9,80.0,0.0,WX_CLEANED,8,1,0,0,0.0,0.0,0.013169560416666603,0.014003853521825312
a3c772d3fde52dbae832bi,2026-02-10 09:00:00+08:00,0.0,0.2333,0.2498,0.016499999999999987,100.0,HOURLY_RECON_GT_5PCT,24.8,76.0,0.0,WX_CLEANED,9,1,0,0,0.0,0.0,0.013169560416666603,0.014003853521825312
a3c772d3fde52dbae832bi,2026-02-10 10:00:00+08:00,0.0,0.2529,0.266,0.0131,100.0,HOURLY_RECON_GT_5PCT,26.5,66.0,0.0,WX_CLEANED,10,1,0,0,0.0,0.0,0.013169560416666603,0.014003853521825312
a3c772d3fde52dbae832bi,2026-02-10 11:00:00+08:00,0.0,0.2687,0.2815,0.012799999999999978,100.0,HOURLY_RECON_GT_5PCT,28.0,59.0,0.0,WX_CLEANED,11,1,0,0,0.0,0.0,0.013169560416666603,0.014003853521825312
a3c772d3fde52dbae832bi,2026-02-10 12:00:00+08:00,0.0049714500000000005,0.285,0.2997,0.014700000000000046,66.18061224489806,HOURLY_RECON_GT_5PCT,29.5,53.0,0.0,WX_CLEANED,12,1,0,0,0.0043696583333331,0.0045194416666663,0.013194635069444393,0.014006544047618965
a3c772d3fde52dbae832bi,2026-02-10 13:00:00+08:00,0.0228136666666663,0.3028,0.3131,0.010299999999999976,121.4919093851102,HOURLY_RECON_GT_5PCT,30.2,50.0,0.0,WX_CLEANED,13,1,0,0,0.020052316666666598,0.0207396833333333,0.01330969131944438,0.014018889186507854
a3c772d3fde52dbae832bi,2026-02-10 14:00:00+08:00,0.0232096249999996,0.3149,0.3225,0.007599999999999996,205.38980263157382,HOURLY_RECON_GT_5PCT,29.6,53.0,0.0,WX_CLEANED,14,1,0,0,0.0204002916666663,0.0210996333333331,0.013426746874999932,0.014031448660714199
a3c772d3fde52dbae832bi,2026-02-10 15:00:00+08:00,0.0270038749999996,0.3237,0.33,0.006300000000000028,328.63293650792826,HOURLY_RECON_GT_5PCT,29.5,53.0,0.0,WX_CLEANED,15,1,0,0,0.023735308333333302,0.0245489249999998,0.013562937152777696,0.014046061458333248
a3c772d3fde52dbae832bi,2026-02-10 16:00:00+08:00,0.0495633833333333,0.0022,0.0106,0.0084,490.0402777777774,HOURLY_RECON_GT_5PCT,28.8,55.0,0.0,WX_CLEANED,16,1,0,0,0.047893175,0.0368425166666666,0.013632529166666582,0.014121780902777693
a3c772d3fde52dbae832bi,2026-02-10 17:00:00+08:00,0.0512296333333331,0.0114,0.0152,0.0037999999999999996,1248.148245614029,HOURLY_RECON_GT_5PCT,28.0,58.0,0.0,WX_CLEANED,17,1,0,0,0.0497189916666663,0.0376716583333331,0.013695472569444367,0.014202483134920549
a3c772d3fde52dbae832bi,2026-02-10 18:00:00+08:00,0.0513961499999998,0.016,0.0197,0.0036999999999999984,1289.0851351351303,HOURLY_RECON_GT_5PCT,26.5,64.0,0.0,WX_CLEANED,18,1,0,0,0.0498805833333333,0.037794124999999804,0.013758621180555472,0.01428344756944436
a3c772d3fde52dbae832bi,2026-02-10 19:00:00+08:00,0.051483683333333,0.0205,0.0242,0.0036999999999999984,1291.4509009008925,HOURLY_RECON_GT_5PCT,25.5,71.0,0.0,WX_CLEANED,19,1,0,0,0.049965566666666295,0.037858458333333,0.013821876041666584,0.014364550099206265
a3c772d3fde52dbae832bi,2026-02-10 20:00:00+08:00,0.051574333333333305,0.0249,0.0312,0.0063,718.6402116402112,HOURLY_RECON_GT_5PCT,25.3,73.0,0.0,WX_CLEANED,20,1,0,0,0.0500535583333333,0.0379251583333333,0.013885241666666584,0.014445795188491978
a3c772d3fde52dbae832bi,2026-02-10 21:00:00+08:00,0.0,0.0344,0.0504,0.016,100.0,HOURLY_RECON_GT_5PCT,25.1,74.0,0.0,WX_CLEANED,21,1,0,0,0.0,0.0,0.013885241666666584,0.014445795188491978
a3c772d3fde52dbae832bi,2026-02-10 22:00:00+08:00,0.0,0.0535,0.0695,0.016000000000000007,100.0,HOURLY_RECON_GT_5PCT,25.1,74.0,0.0,WX_CLEANED,22,1,0,0,0.0,0.0,0.013885241666666584,0.014445795188491978
a3c772d3fde52dbae832bi,2026-02-10 23:00:00+08:00,0.0,0.0727,0.0887,0.016,100.0,HOURLY_RECON_GT_5PCT,24.8,78.0,0.0,WX_CLEANED,23,1,0,0,0.0,0.0,0.013885241666666584,0.014445795188491978
a3c772d3fde52dbae832bi,2026-02-11 00:00:00+08:00,0.0,0.0919,0.1047,0.012800000000000006,100.0,HOURLY_RECON_GT_5PCT,24.4,81.0,0.0,WX_CLEANED,0,2,0,0,0.0,0.0,0.013885241666666584,0.014445795188491978
a3c772d3fde52dbae832bi,2026-02-11 01:00:00+08:00,0.0,0.1079,0.1239,0.016,100.0,HOURLY_RECON_GT_5PCT,24.1,83.0,0.0,WX_CLEANED,1,2,0,0,0.0,0.0,0.013885241666666584,0.014445795188491978
a3c772d3fde52dbae832bi,2026-02-11 02:00:00+08:00,0.0,0.1271,0.1431,0.016000000000000014,100.0,HOURLY_RECON_GT_5PCT,24.0,87.0,0.0,WX_CLEANED,2,2,0,0,0.0,0.0,0.013885241666666584,0.014445795188491978
a3c772d3fde52dbae832bi,2026-02-11 03:00:00+08:00,0.0,0.1463,0.1623,0.015999999999999986,100.0,HOURLY_RECON_GT_5PCT,24.1,81.0,0.0,WX_CLEANED,3,2,0,0,0.0,0.0,0.013885241666666584,0.014445795188491978
a3c772d3fde52dbae832bi,2026-02-11 04:00:00+08:00,0.0,0.1655,0.1815,0.015999999999999986,100.0,HOURLY_RECON_GT_5PCT,23.9,78.0,0.0,WX_CLEANED,4,2,0,0,0.0,0.0,0.013885241666666584,0.014445795188491978
a3c772d3fde52dbae832bi,2026-02-11 05:00:00+08:00,0.0,0.1825,0.184,0.0015000000000000013,100.0,HOURLY_RECON_GT_5PCT,23.6,79.0,0.0,WX_CLEANED,5,2,0,0,0.0,0.0,0.013885241666666584,0.014445795188491978
a3c772d3fde52dbae832bi,2026-02-11 06:00:00+08:00,0.0,0.1854,0.1955,0.010099999999999998,100.0,HOURLY_RECON_GT_5PCT,23.2,81.0,0.0,WX_CLEANED,6,2,0,0,0.0,0.0,0.013885241666666584,0.014445795188491978
a3c772d3fde52dbae832bi,2026-02-11 07:00:00+08:00,0.0,0.1974,0.2129,0.015500000000000014,100.0,HOURLY_RECON_GT_5PCT,23.3,82.0,0.0,WX_CLEANED,7,2,0,0,0.0,0.0,0.013885241666666584,0.014445795188491978
a3c772d3fde52dbae832bi,2026-02-11 08:00:00+08:00,0.0,0.2162,0.2353,0.019100000000000006,100.0,HOURLY_RECON_GT_5PCT,25.0,74.0,0.0,WX_CLEANED,8,2,0,0,0.0,0.0,0.013885241666666584,0.014445795188491978
a3c772d3fde52dbae832bi,2026-02-11 09:00:00+08:00,0.0,0.239,0.2562,0.017199999999999993,100.0,HOURLY_RECON_GT_5PCT,26.5,68.0,0.0,WX_CLEANED,9,2,0,0,0.0,0.0,0.013885241666666584,0.014445795188491978
a3c772d3fde52dbae832bi,2026-02-11 10:00:00+08:00,0.0,0.2595,0.2732,0.01369999999999999,100.0,HOURLY_RECON_GT_5PCT,27.4,64.0,0.0,WX_CLEANED,10,2,0,0,0.0,0.0,0.013885241666666584,0.014445795188491978
a3c772d3fde52dbae832bi,2026-02-11 11:00:00+08:00,0.0,0.2759,0.2893,0.013400000000000023,100.0,HOURLY_RECON_GT_5PCT,29.0,59.0,0.0,WX_CLEANED,11,2,0,0,0.0,0.0,0.013885241666666584,0.014445795188491978
a3c772d3fde52dbae832bi,2026-02-11 12:00:00+08:00,0.005122425,0.2931,0.3083,0.015199999999999991,66.29983552631577,HOURLY_RECON_GT_5PCT,29.1,60.0,0.0,WX_CLEANED,12,2,0,0,0.0049714500000000005,0.0037667666666663,0.013891532291666583,0.014453864583333248
a3c772d3fde52dbae832bi,2026-02-11 13:00:00+08:00,0.023506825000000002,0.3116,0.3224,0.010800000000000032,117.6557870370364,HOURLY_RECON_GT_5PCT,30.0,55.0,0.1,WX_CLEANED,13,2,0,0,0.0228136666666663,0.0174029999999995,0.013920413888888821,0.01449019687499992
a3c772d3fde52dbae832bi,2026-02-11 14:00:00+08:00,0.0239148,0.3242,0.3321,0.007900000000000018,202.71898734177145,HOURLY_RECON_GT_5PCT,27.0,74.0,0.0,WX_CLEANED,14,2,0,0,0.0232096249999996,0.017585725,0.013949796180555507,0.014527869940476109
a3c772d3fde52dbae832bi,2026-02-11 15:00:00+08:00,0.0278243,0.3335,0.34,0.006500000000000006,328.0661538461535,HOURLY_RECON_GT_5PCT,28.6,67.0,0.0,WX_CLEANED,15,2,0,0,0.0270038749999996,0.0204606249999999,0.01398398055555552,0.014571701339285634
a3c772d3fde52dbae832bi,2026-02-11 16:00:00+08:00,0.0900595128789997,0.16,0.16,0.0,,,29.0,63.0,0.1,WX_CLEANED,16,2,0,0,0.0495633833333333,0.0350996166666663,0.015671319286624952,0.014898843578644762
a3c772d3fde52dbae832bi,2026-02-11 17:00:00+08:00,0.0950438041742358,0.17,0.16,0.0,,,28.8,65.0,0.0,WX_CLEANED,17,2,0,0,0.0512296333333331,0.0361573083333328,0.017496909738329233,0.015249358434840614
a3c772d3fde52dbae832bi,2026-02-11 18:00:00+08:00,0.0953252926639858,0.17,0.16,0.0,,,28.0,70.0,0.0,WX_CLEANED,18,2,0,0,0.0513961499999998,0.036274858333333104,0.019327290682661983,0.015600849115380214
a3c772d3fde52dbae832bi,2026-02-11 19:00:00+08:00,0.0954959222168053,0.17,0.17,0.0,,,27.5,73.0,0.0,WX_CLEANED,19,2,0,0,0.051483683333333,0.0363366416666666,0.02116113396947333,0.01595298769008342
a3c772d3fde52dbae832bi,2026-02-11 20:00:00+08:00,0.09567560467888861,0.17,0.16,0.0,,,27.1,73.0,0.0,WX_CLEANED,20,2,0,0,0.051574333333333305,0.0364005916666663,0.0229986869422048,0.016305815148489503
a3c772d3fde52dbae832bi,2026-02-11 21:00:00+08:00,0.0,0.16,0.17,0.010000000000000009,100.0,HOURLY_RECON_GT_5PCT,26.8,74.0,0.0,WX_CLEANED,21,2,0,0,0.0,0.0,0.0229986869422048,0.016305815148489503
a3c772d3fde52dbae832bi,2026-02-11 22:00:00+08:00,0.0,0.17,0.1,0.0,,,26.5,75.0,0.0,WX_CLEANED,22,2,0,0,0.0,0.0,0.0229986869422048,0.016305815148489503
a3c772d3fde52dbae832bi,2026-02-11 23:00:00+08:00,0.0,0.1,0.01,0.0,,,26.2,75.0,0.0,WX_CLEANED,23,2,0,0,0.0,0.0,0.0229986869422048,0.016305815148489503
a3c772d3fde52dbae832bi,2026-02-12 00:00:00+08:00,0.0,0.01,0.21,0.19999999999999998,100.0,HOURLY_RECON_GT_5PCT,25.7,77.0,0.0,WX_CLEANED,0,3,0,0,0.0,0.0,0.0229986869422048,0.016305815148489503
a3c772d3fde52dbae832bi,2026-02-12 01:00:00+08:00,0.0,0.21,0.21,0.0,,,25.5,79.0,0.1,WX_CLEANED,1,3,0,0,0.0,0.0,0.0229986869422048,0.016305815148489503
a3c772d3fde52dbae832bi,2026-02-12 02:00:00+08:00,0.0,0.21,0.21,0.0,,,25.9,73.0,0.0,WX_CLEANED,2,3,0,0,0.0,0.0,0.0229986869422048,0.016305815148489503
a3c772d3fde52dbae832bi,2026-02-12 03:00:00+08:00,0.0,0.21,0.22,0.010000000000000009,100.0,HOURLY_RECON_GT_5PCT,25.8,73.0,0.0,WX_CLEANED,3,3,0,0,0.0,0.0,0.0229986869422048,0.016305815148489503
a3c772d3fde52dbae832bi,2026-02-12 04:00:00+08:00,0.0,0.22,0.22,0.0,,,25.5,74.0,0.0,WX_CLEANED,4,3,0,0,0.0,0.0,0.0229986869422048,0.016305815148489503
a3c772d3fde52dbae832bi,2026-02-12 05:00:00+08:00,0.0,0.22,0.21,0.0,,,25.2,74.0,0.0,WX_CLEANED,5,3,0,0,0.0,0.0,0.0229986869422048,0.016305815148489503
a3c772d3fde52dbae832bi,2026-02-12 06:00:00+08:00,0.0,0.21,0.09,0.0,,,25.0,77.0,0.0,WX_CLEANED,6,3,0,0,0.0,0.0,0.0229986869422048,0.016305815148489503
a3c772d3fde52dbae832bi,2026-02-12 07:00:00+08:00,0.0,0.09,0.21,0.12,100.0,HOURLY_RECON_GT_5PCT,25.0,78.0,0.0,WX_CLEANED,7,3,0,0,0.0,0.0,0.0229986869422048,0.016305815148489503
a3c772d3fde52dbae832bi,2026-02-12 08:00:00+08:00,0.0,0.21,0.21,0.0,,,25.3,80.0,0.0,WX_CLEANED,8,3,0,0,0.0,0.0,0.0229986869422048,0.016305815148489503
a3c772d3fde52dbae832bi,2026-02-12 09:00:00+08:00,0.0,0.21,0.21,0.0,,,26.1,75.0,0.0,WX_CLEANED,9,3,0,0,0.0,0.0,0.0229986869422048,0.016305815148489503
a3c772d3fde52dbae832bi,2026-02-12 10:00:00+08:00,0.0,0.21,0.21,0.0,,,27.0,70.0,0.0,WX_CLEANED,10,3,0,0,0.0,0.0,0.0229986869422048,0.016305815148489503
a3c772d3fde52dbae832bi,2026-02-12 11:00:00+08:00,0.0,0.21,0.21,0.0,,,28.0,64.0,0.0,WX_CLEANED,11,3,0,0,0.0,0.0,0.0229986869422048,0.016305815148489503
a3c772d3fde52dbae832bi,2026-02-12 12:00:00+08:00,0.0095019046237914,0.21,0.21,0.0,,,29.5,56.0,0.0,WX_CLEANED,12,3,0,0,0.005122425,0.0036154250000000002,0.023181165259862774,0.01634085371767874
a3c772d3fde52dbae832bi,2026-02-12 13:00:00+08:00,0.0435984582092219,0.21,0.21,0.0,,,30.4,52.0,0.5,WX_CLEANED,13,3,0,0,0.023506825000000002,0.016683833333332898,0.024018316643580357,0.01650105981813046
a3c772d3fde52dbae832bi,2026-02-12 14:00:00+08:00,0.0443653462813191,0.01,0.2,0.19,76.64981774667416,HOURLY_RECON_GT_5PCT,30.5,51.0,0.5,WX_CLEANED,14,3,0,0,0.0239148,0.0168787499999996,0.02487042273863532,0.01666467051028117
a3c772d3fde52dbae832bi,2026-02-12 15:00:00+08:00,0.0516069842098191,0.21,0.21,0.0,,,30.9,50.0,0.3,WX_CLEANED,15,3,0,0,0.0278243,0.0196381249999996,0.025861367914044447,0.01685496133891105
a3c772d3fde52dbae832bi,2026-02-12 16:00:00+08:00,0.0423754344343054,0.21,0.2,0.0,,,30.6,50.0,0.0,WX_CLEANED,16,3,0,0,0.0900595128789997,0.046165566666666505,0.023874531312182184,0.016832401028004134
a3c772d3fde52dbae832bi,2026-02-12 17:00:00+08:00,0.0411983315138887,0.21,0.21,0.0,,,29.4,55.0,0.0,WX_CLEANED,17,3,0,0,0.0950438041742358,0.048221958333333,0.02163096995133439,0.016790593725507445
a3c772d3fde52dbae832bi,2026-02-12 18:00:00+08:00,0.041314045557611,0.21,0.22,0.010000000000000009,313.1404555761096,HOURLY_RECON_GT_5PCT,28.0,59.0,0.0,WX_CLEANED,18,3,0,0,0.0953252926639858,0.0483787083333328,0.019380501321902104,0.016748542161366245
a3c772d3fde52dbae832bi,2026-02-12 19:00:00+08:00,0.0413936533613609,0.21,0.21,0.0,,,27.0,63.0,0.0,WX_CLEANED,19,3,0,0,0.0954959222168053,0.0484610583333331,0.01712624011959192,0.016706474274628312
a3c772d3fde52dbae832bi,2026-02-12 20:00:00+08:00,0.0414699939036803,0.21,0.21,0.0,,,26.5,64.0,0.0,WX_CLEANED,20,3,0,0,0.09567560467888861,0.048546474999999804,0.014867673003958243,0.016664352363340698
a3c772d3fde52dbae832bi,2026-02-12 21:00:00+08:00,0.0,0.21,0.21,0.0,,,26.5,63.0,0.0,WX_CLEANED,21,3,0,0,0.0,0.0,0.014867673003958243,0.016664352363340698
a3c772d3fde52dbae832bi,2026-02-12 22:00:00+08:00,0.0,0.21,0.17,0.0,,,26.4,65.0,0.0,WX_CLEANED,22,3,0,0,0.0,0.0,0.014867673003958243,0.016664352363340698
a3c772d3fde52dbae832bi,2026-02-12 23:00:00+08:00,0.0,0.17,0.17,0.0,,,26.1,67.0,0.0,WX_CLEANED,23,3,0,0,0.0,0.0,0.014867673003958243,0.016664352363340698
a3c772d3fde52dbae832bi,2026-02-13 00:00:00+08:00,0.0,0.17,0.17,0.0,,,25.8,70.0,0.0,WX_CLEANED,0,4,0,0,0.0,0.0,0.014867673003958243,0.016664352363340698
a3c772d3fde52dbae832bi,2026-02-13 01:00:00+08:00,0.0,0.17,0.17,0.0,,,25.5,74.0,0.0,WX_CLEANED,1,4,0,0,0.0,0.0,0.014867673003958243,0.016664352363340698
a3c772d3fde52dbae832bi,2026-02-13 02:00:00+08:00,0.0,0.17,0.17,0.0,,,25.3,75.0,0.0,WX_CLEANED,2,4,0,0,0.0,0.0,0.014867673003958243,0.016664352363340698
a3c772d3fde52dbae832bi,2026-02-13 03:00:00+08:00,0.0,0.17,0.17,0.0,,,25.1,75.0,0.0,WX_CLEANED,3,4,0,0,0.0,0.0,0.014867673003958243,0.016664352363340698
a3c772d3fde52dbae832bi,2026-02-13 04:00:00+08:00,0.0,0.17,0.17,0.0,,,25.0,76.0,0.0,WX_CLEANED,4,4,0,0,0.0,0.0,0.014867673003958243,0.016664352363340698
a3c772d3fde52dbae832bi,2026-02-13 05:00:00+08:00,0.0,0.17,0.17,0.0,,,24.8,77.0,0.0,WX_CLEANED,5,4,0,0,0.0,0.0,0.014867673003958243,0.016664352363340698
a3c772d3fde52dbae832bi,2026-02-13 06:00:00+08:00,0.0,0.17,0.17,0.0,,,24.5,78.0,0.0,WX_CLEANED,6,4,0,0,0.0,0.0,0.014867673003958243,0.016664352363340698
a3c772d3fde52dbae832bi,2026-02-13 07:00:00+08:00,0.0,0.17,0.17,0.0,,,24.5,77.0,0.0,WX_CLEANED,7,4,0,0,0.0,0.0,0.014867673003958243,0.016664352363340698
a3c772d3fde52dbae832bi,2026-02-13 08:00:00+08:00,0.0,0.17,0.17,0.0,,,26.3,66.0,0.0,WX_CLEANED,8,4,0,0,0.0,0.0,0.014867673003958243,0.016664352363340698
a3c772d3fde52dbae832bi,2026-02-13 09:00:00+08:00,0.0,0.17,0.17,0.0,,,27.4,61.0,0.0,WX_CLEANED,9,4,0,0,0.0,0.0,0.014867673003958243,0.016664352363340698
a3c772d3fde52dbae832bi,2026-02-13 10:00:00+08:00,0.0,0.17,0.17,0.0,,,29.1,55.0,0.0,WX_CLEANED,10,4,0,0,0.0,0.0,0.014867673003958243,0.016664352363340698
a3c772d3fde52dbae832bi,2026-02-13 11:00:00+08:00,0.0,0.17,0.17,0.0,,,31.0,48.0,0.0,WX_CLEANED,11,4,0,0,0.0,0.0,0.014867673003958243,0.016664352363340698
a3c772d3fde52dbae832bi,2026-02-13 12:00:00+08:00,0.0041175412935137,0.17,0.17,0.0,,,31.9,47.0,0.0,WX_CLEANED,12,4,0,0,0.0095019046237914,0.0048217583333331005,0.014643324531863337,0.016660160595246536
a3c772d3fde52dbae832bi,2026-02-13 13:00:00+08:00,0.0189024123120969,0.17,0.17,0.0,,,32.2,47.0,0.0,WX_CLEANED,13,4,0,0,0.0435984582092219,0.0221267666666666,0.01361432261948313,0.016640968009802665
a3c772d3fde52dbae832bi,2026-02-13 14:00:00+08:00,0.0192259019084444,0.17,0.17,0.0,,,31.6,46.0,0.0,WX_CLEANED,14,4,0,0,0.0443653462813191,0.0225107833333331,0.012566845770613351,0.01662141514417833
a3c772d3fde52dbae832bi,2026-02-13 15:00:00+08:00,0.0223705927076109,0.17,0.01,0.0,,,31.7,45.0,0.0,WX_CLEANED,15,4,0,0,0.0516069842098191,0.026190758333333,0.011348662791354673,0.016598676063072842
a3c772d3fde52dbae832bi,2026-02-13 16:00:00+08:00,0.0671723869153748,0.01,0.21,0.19999999999999998,66.41380654231259,HOURLY_RECON_GT_5PCT,31.2,48.0,0.0,WX_CLEANED,16,4,0,0,0.0423754344343054,0.09121498333333329,0.012381869144732568,0.0164555653701088
a3c772d3fde52dbae832bi,2026-02-13 17:00:00+08:00,0.0707391179678885,0.21,0.21,0.0,,,29.6,56.0,0.0,WX_CLEANED,17,4,0,0,0.0411983315138887,0.09643160833333311,0.013612735246982558,0.016302633879838296
a3c772d3fde52dbae832bi,2026-02-13 18:00:00+08:00,0.0709799352927916,0.21,0.21,0.0,,,28.4,60.0,0.0,WX_CLEANED,18,4,0,0,0.041314045557611,0.0967450249999998,0.014848813985948417,0.016149270250628726
a3c772d3fde52dbae832bi,2026-02-13 19:00:00+08:00,0.0710849359378609,0.21,0.21,0.0,,,27.6,64.0,0.0,WX_CLEANED,19,4,0,0,0.0413936533613609,0.096909808333333,0.016085950759969252,0.015995550772084248
a3c772d3fde52dbae832bi,2026-02-13 20:00:00+08:00,0.0712123138296248,0.21,0.21,0.0,,,27.5,66.0,0.0,WX_CLEANED,20,4,0,0,0.0414699939036803,0.09708055833333329,0.017325214090216937,0.01584157312622884
a3c772d3fde52dbae832bi,2026-02-13 21:00:00+08:00,0.0,0.21,0.21,0.0,,,27.2,69.0,0.0,WX_CLEANED,21,4,0,0,0.0,0.0,0.017325214090216937,0.01584157312622884
a3c772d3fde52dbae832bi,2026-02-13 22:00:00+08:00,0.0,0.21,0.21,0.0,,,26.8,72.0,0.0,WX_CLEANED,22,4,0,0,0.0,0.0,0.017325214090216937,0.01584157312622884
a3c772d3fde52dbae832bi,2026-02-13 23:00:00+08:00,0.0,0.21,0.2,0.0,,,26.4,73.0,0.0,WX_CLEANED,23,4,0,0,0.0,0.0,0.017325214090216937,0.01584157312622884
a3c772d3fde52dbae832bi,2026-02-14 00:00:00+08:00,0.0,0.2,0.21,0.009999999999999981,100.0,HOURLY_RECON_GT_5PCT,26.4,73.0,0.0,WX_CLEANED,0,5,1,0,0.0,0.0,0.017325214090216937,0.01584157312622884
a3c772d3fde52dbae832bi,2026-02-14 01:00:00+08:00,0.0,0.21,0.21,0.0,,,26.0,76.0,0.2,WX_CLEANED,1,5,1,0,0.0,0.0,0.017325214090216937,0.01584157312622884
a3c772d3fde52dbae832bi,2026-02-14 02:00:00+08:00,0.0,0.21,0.21,0.0,,,25.6,80.0,0.1,WX_CLEANED,2,5,1,0,0.0,0.0,0.017325214090216937,0.01584157312622884
a3c772d3fde52dbae832bi,2026-02-14 03:00:00+08:00,0.0,0.21,0.02,0.0,,,25.6,80.0,0.2,WX_CLEANED,3,5,1,0,0.0,0.0,0.017325214090216937,0.01584157312622884
a3c772d3fde52dbae832bi,2026-02-14 04:00:00+08:00,0.0,0.02,0.02,0.0,,,25.4,82.0,0.1,WX_CLEANED,4,5,1,0,0.0,0.0,0.017325214090216937,0.01584157312622884
a3c772d3fde52dbae832bi,2026-02-14 05:00:00+08:00,0.0,0.02,0.02,0.0,,,25.2,83.0,0.1,WX_CLEANED,5,5,1,0,0.0,0.0,0.017325214090216937,0.01584157312622884
a3c772d3fde52dbae832bi,2026-02-14 06:00:00+08:00,0.0,0.02,0.02,0.0,,,25.0,83.0,0.0,WX_CLEANED,6,5,1,0,0.0,0.0,0.017325214090216937,0.01584157312622884
a3c772d3fde52dbae832bi,2026-02-14 07:00:00+08:00,0.0,0.02,0.02,0.0,,,25.1,81.0,0.0,WX_CLEANED,7,5,1,0,0.0,0.0,0.017325214090216937,0.01584157312622884
a3c772d3fde52dbae832bi,2026-02-14 08:00:00+08:00,0.0,0.02,0.02,0.0,,,24.2,93.0,0.0,WX_CLEANED,8,5,1,0,0.0,0.0,0.017325214090216937,0.01584157312622884
a3c772d3fde52dbae832bi,2026-02-14 09:00:00+08:00,0.0,0.02,0.02,0.0,,,24.7,93.0,0.4,WX_CLEANED,9,5,1,0,0.0,0.0,0.017325214090216937,0.01584157312622884
a3c772d3fde52dbae832bi,2026-02-14 10:00:00+08:00,0.0,0.02,0.02,0.0,,,24.9,95.0,12.1,WX_CLEANED,10,5,1,0,0.0,0.0,0.017325214090216937,0.01584157312622884
a3c772d3fde52dbae832bi,2026-02-14 11:00:00+08:00,0.0,0.02,0.02,0.0,,,24.9,95.0,4.0,WX_CLEANED,11,5,1,0,0.0,0.0,0.017325214090216937,0.01584157312622884
a3c772d3fde52dbae832bi,2026-02-14 12:00:00+08:00,0.007073603929972,0.02,0.02,0.0,,,25.4,92.0,0.1,WX_CLEANED,12,5,1,0,0.0041175412935137,0.0096422333333331,0.017448383366736032,0.015826283665494552
a3c772d3fde52dbae832bi,2026-02-14 13:00:00+08:00,0.0324565990218192,0.02,0.02,0.0,,,28.0,77.0,0.4,WX_CLEANED,13,5,1,0,0.0189024123120969,0.0442479166666666,0.0180131411463078,0.015756097250941885
a3c772d3fde52dbae832bi,2026-02-14 14:00:00+08:00,0.0330269442962081,0.02,0.02,0.0,,,28.9,71.0,0.3,WX_CLEANED,14,5,1,0,0.0192259019084444,0.04501575,0.018588184579131282,0.015684735312228842
a3c772d3fde52dbae832bi,2026-02-14 15:00:00+08:00,0.0384160987251802,0.02,0.02,0.0,,,28.8,69.0,0.9,WX_CLEANED,15,5,1,0,0.0223705927076109,0.0523748,0.01925674732986334,0.015601647804640628
a3c772d3fde52dbae832bi,2026-02-14 16:00:00+08:00,0.0672893289116664,0.02,0.02,0.0,,,28.5,74.0,0.1,WX_CLEANED,16,5,1,0,0.0671723869153748,0.048929458333333106,0.019261619913042153,0.015710932748559277
a3c772d3fde52dbae832bi,2026-02-14 17:00:00+08:00,0.0693819306330831,0.02,0.02,0.0,,,26.7,79.0,0.2,WX_CLEANED,17,5,1,0,0.0707391179678885,0.048221958333333,0.019205070440758597,0.01583688496462922
a3c772d3fde52dbae832bi,2026-02-14 18:00:00+08:00,0.0696081345191802,0.02,0.2,0.18000000000000002,61.328814156011,HOURLY_RECON_GT_5PCT,24.1,94.0,6.6,WX_CLEANED,18,5,1,0,0.0709799352927916,0.0483787083333328,0.019147912075191453,0.015963250596687833
a3c772d3fde52dbae832bi,2026-02-14 19:00:00+08:00,0.0697411815680275,0.2,0.21,0.009999999999999981,597.4118156802764,HOURLY_RECON_GT_5PCT,24.1,93.0,0.1,WX_CLEANED,19,5,1,0,0.0710849359378609,0.0484610583333331,0.01909192230978173,0.016089917996894347
a3c772d3fde52dbae832bi,2026-02-14 20:00:00+08:00,0.0698566486771943,0.21,0.21,0.0,,,25.3,93.0,0.0,WX_CLEANED,20,5,1,0,0.0712123138296248,0.048546474999999804,0.01903543626176379,0.01621676426878241
a3c772d3fde52dbae832bi,2026-02-14 21:00:00+08:00,0.0,0.21,0.21,0.0,,,25.6,91.0,0.4,WX_CLEANED,21,5,1,0,0.0,0.0,0.01903543626176379,0.01621676426878241
a3c772d3fde52dbae832bi,2026-02-14 22:00:00+08:00,0.0,0.21,0.21,0.0,,,23.9,96.0,1.8,WX_CLEANED,22,5,1,0,0.0,0.0,0.01903543626176379,0.01621676426878241
a3c772d3fde52dbae832bi,2026-02-14 23:00:00+08:00,0.0,0.21,0.21,0.0,,,23.7,94.0,1.1,WX_CLEANED,23,5,1,0,0.0,0.0,0.01903543626176379,0.01621676426878241
a3c772d3fde52dbae832bi,2026-02-15 00:00:00+08:00,0.0,0.21,0.21,0.0,,,24.0,92.0,0.0,WX_CLEANED,0,6,1,0,0.0,0.0,0.01903543626176379,0.01621676426878241
a3c772d3fde52dbae832bi,2026-02-15 01:00:00+08:00,0.0,0.21,0.21,0.0,,,23.8,92.0,0.0,WX_CLEANED,1,6,1,0,0.0,0.0,0.01903543626176379,0.01621676426878241
a3c772d3fde52dbae832bi,2026-02-15 02:00:00+08:00,0.0,0.21,0.2,0.0,,,24.4,94.0,0.0,WX_CLEANED,2,6,1,0,0.0,0.0,0.01903543626176379,0.01621676426878241
a3c772d3fde52dbae832bi,2026-02-15 03:00:00+08:00,0.0,0.2,0.2,0.0,,,24.2,94.0,0.0,WX_CLEANED,3,6,1,0,0.0,0.0,0.01903543626176379,0.01621676426878241
a3c772d3fde52dbae832bi,2026-02-15 04:00:00+08:00,0.0,0.2,0.21,0.009999999999999981,100.0,HOURLY_RECON_GT_5PCT,24.1,95.0,0.0,WX_CLEANED,4,6,1,0,0.0,0.0,0.01903543626176379,0.01621676426878241
a3c772d3fde52dbae832bi,2026-02-15 05:00:00+08:00,0.0,0.21,0.01,0.0,,,24.0,95.0,0.0,WX_CLEANED,5,6,1,0,0.0,0.0,0.01903543626176379,0.01621676426878241
a3c772d3fde52dbae832bi,2026-02-15 06:00:00+08:00,0.0,0.01,0.01,0.0,,,24.1,94.0,0.0,WX_CLEANED,6,6,1,0,0.0,0.0,0.01903543626176379,0.01621676426878241
a3c772d3fde52dbae832bi,2026-02-15 07:00:00+08:00,0.0,0.01,0.01,0.0,,,24.2,94.0,0.0,WX_CLEANED,7,6,1,0,0.0,0.0,0.01903543626176379,0.01621676426878241
a3c772d3fde52dbae832bi,2026-02-15 08:00:00+08:00,0.0,0.01,0.01,0.0,,,24.5,96.0,0.0,WX_CLEANED,8,6,1,0,0.0,0.0,0.01903543626176379,0.01621676426878241
a3c772d3fde52dbae832bi,2026-02-15 09:00:00+08:00,0.0,0.01,0.01,0.0,,,25.5,91.0,0.0,WX_CLEANED,9,6,1,0,0.0,0.0,0.01903543626176379,0.01621676426878241
a3c772d3fde52dbae832bi,2026-02-15 10:00:00+08:00,0.0,0.01,0.01,0.0,,,26.7,86.0,0.0,WX_CLEANED,10,6,1,0,0.0,0.0,0.01903543626176379,0.01621676426878241
a3c772d3fde52dbae832bi,2026-02-15 11:00:00+08:00,0.0,0.01,0.01,0.0,,,28.1,80.0,0.0,WX_CLEANED,11,6,1,0,0.0,0.0,0.01903543626176379,0.01621676426878241
a3c772d3fde52dbae832bi,2026-02-15 12:00:00+08:00,0.0069386351588331,0.01,0.01,0.0,,,29.4,75.0,0.0,WX_CLEANED,12,6,1,0,0.007073603929972,0.0048217583333331005,0.019029812562966337,0.016229364726077052
a3c772d3fde52dbae832bi,2026-02-15 13:00:00+08:00,0.0318380885478053,0.01,0.01,0.0,,,30.1,67.0,0.0,WX_CLEANED,13,6,1,0,0.0324565990218192,0.0221267666666666,0.019004041293215757,0.01628717021346478
a3c772d3fde52dbae832bi,2026-02-15 14:00:00+08:00,0.0323888216104165,0.01,0.01,0.0,,,29.0,75.0,0.0,WX_CLEANED,14,6,1,0,0.0330269442962081,0.0225107833333331,0.01897745284797444,0.016345968060352184
a3c772d3fde52dbae832bi,2026-02-15 15:00:00+08:00,0.0376898969928332,0.02,0.02,0.0,,,28.8,77.0,0.0,WX_CLEANED,15,6,1,0,0.0384160987251802,0.026190758333333,0.018947194442459982,0.01641441531427778
a3c772d3fde52dbae832bi,2026-02-15 16:00:00+08:00,0.0295968410741387,0.02,0.16,0.14,78.85939923275807,HOURLY_RECON_GT_5PCT,28.6,79.0,0.1,WX_CLEANED,16,6,1,0,0.0672893289116664,0.0425460333333333,0.01737667411589633,0.016337336788925433
a3c772d3fde52dbae832bi,2026-02-15 17:00:00+08:00,0.0286243699748052,0.16,0.17,0.010000000000000009,186.24369974805174,HOURLY_RECON_GT_5PCT,28.8,76.0,0.0,WX_CLEANED,17,6,1,0,0.0693819306330831,0.0437010249999994,0.015678442421801417,0.016247594794727847
a3c772d3fde52dbae832bi,2026-02-15 18:00:00+08:00,0.0287136520648331,0.17,0.17,0.0,,,28.0,78.0,0.1,WX_CLEANED,18,6,1,0,0.0696081345191802,0.0438430083333331,0.013974505652870289,0.016157539102653447
a3c772d3fde52dbae832bi,2026-02-15 19:00:00+08:00,0.0287695729590275,0.17,0.16,0.0,,,26.7,85.0,0.0,WX_CLEANED,19,6,1,0,0.0697411815680275,0.043917708333333,0.012267355294161952,0.016067371630187337
a3c772d3fde52dbae832bi,2026-02-15 20:00:00+08:00,0.0288080628729997,0.16,0.17,0.010000000000000009,188.08062872999673,HOURLY_RECON_GT_5PCT,26.4,88.0,0.0,WX_CLEANED,20,6,1,0,0.0698566486771943,0.0439950583333333,0.010556997552320512,0.015976972847685355
a3c772d3fde52dbae832bi,2026-02-15 21:00:00+08:00,0.0,0.17,0.16,0.0,,,26.2,89.0,0.1,WX_CLEANED,21,6,1,0,0.0,0.0,0.010556997552320512,0.015976972847685355
a3c772d3fde52dbae832bi,2026-02-15 22:00:00+08:00,0.0,0.16,0.01,0.0,,,25.9,91.0,0.0,WX_CLEANED,22,6,1,0,0.0,0.0,0.010556997552320512,0.015976972847685355
a3c772d3fde52dbae832bi,2026-02-15 23:00:00+08:00,0.0,0.01,0.01,0.0,,,25.7,91.0,0.0,WX_CLEANED,23,6,1,0,0.0,0.0,0.010556997552320512,0.015976972847685355
a3c772d3fde52dbae832bi,2026-02-16 00:00:00+08:00,0.0,0.01,0.01,0.0,,,25.4,91.0,0.0,WX_CLEANED,0,0,0,0,0.0,0.0,0.010556997552320512,0.015976972847685355
a3c772d3fde52dbae832bi,2026-02-16 01:00:00+08:00,0.0,0.01,0.01,0.0,,,25.3,91.0,0.0,WX_CLEANED,1,0,0,0,0.0,0.0,0.010556997552320512,0.015976972847685355
a3c772d3fde52dbae832bi,2026-02-16 02:00:00+08:00,0.0,0.01,0.01,0.0,,,25.4,87.0,0.0,WX_CLEANED,2,0,0,0,0.0,0.0,0.010556997552320512,0.015976972847685355
a3c772d3fde52dbae832bi,2026-02-16 03:00:00+08:00,0.0,0.01,0.01,0.0,,,25.3,88.0,0.0,WX_CLEANED,3,0,0,0,0.0,0.0,0.010556997552320512,0.015976972847685355
a3c772d3fde52dbae832bi,2026-02-16 04:00:00+08:00,0.0,0.01,0.01,0.0,,,25.2,87.0,0.0,WX_CLEANED,4,0,0,0,0.0,0.0,0.010556997552320512,0.015976972847685355
a3c772d3fde52dbae832bi,2026-02-16 05:00:00+08:00,0.0,0.01,0.01,0.0,,,25.0,89.0,0.0,WX_CLEANED,5,0,0,0,0.0,0.0,0.010556997552320512,0.015976972847685355
a3c772d3fde52dbae832bi,2026-02-16 06:00:00+08:00,0.0,0.01,0.01,0.0,,,24.8,91.0,0.0,WX_CLEANED,6,0,0,0,0.0,0.0,0.010556997552320512,0.015976972847685355
a3c772d3fde52dbae832bi,2026-02-16 07:00:00+08:00,0.0,0.01,0.01,0.0,,,24.8,92.0,0.0,WX_CLEANED,7,0,0,0,0.0,0.0,0.010556997552320512,0.015976972847685355
a3c772d3fde52dbae832bi,2026-02-16 08:00:00+08:00,0.0,0.01,0.01,0.0,,,25.5,88.0,0.0,WX_CLEANED,8,0,0,0,0.0,0.0,0.010556997552320512,0.015976972847685355
a3c772d3fde52dbae832bi,2026-02-16 09:00:00+08:00,0.0,0.01,0.01,0.0,,,26.6,84.0,0.0,WX_CLEANED,9,0,0,0,0.0,0.0,0.010556997552320512,0.015976972847685355
a3c772d3fde52dbae832bi,2026-02-16 10:00:00+08:00,0.0,0.01,0.01,0.0,,,27.8,77.0,0.1,WX_CLEANED,10,0,0,0,0.0,0.0,0.010556997552320512,0.015976972847685355
a3c772d3fde52dbae832bi,2026-02-16 11:00:00+08:00,0.0,0.01,0.01,0.0,,,29.0,70.0,0.2,WX_CLEANED,11,0,0,0,0.0,0.0,0.010556997552320512,0.015976972847685355
a3c772d3fde52dbae832bi,2026-02-16 12:00:00+08:00,0.002861927168125,0.01,0.01,0.0,,,30.0,64.0,0.1,WX_CLEANED,12,0,0,0,0.0069386351588331,0.0043696583333331,0.01038713471937434,0.015967998257416256
a3c772d3fde52dbae832bi,2026-02-16 13:00:00+08:00,0.0131347570199164,0.01,0.01,0.0,,,30.5,61.0,0.0,WX_CLEANED,13,0,0,0,0.0318380885478053,0.020052316666666598,0.009607829239045637,0.015926822307137982
a3c772d3fde52dbae832bi,2026-02-16 14:00:00+08:00,0.0133579833320277,0.01,0.01,0.0,,,30.9,57.0,0.0,WX_CLEANED,14,0,0,0,0.0323888216104165,0.0204002916666663,0.00881487764411277,0.015884903805146088
a3c772d3fde52dbae832bi,2026-02-16 15:00:00+08:00,0.0155485994473886,0.01,0.01,0.0,,,30.2,65.0,0.1,WX_CLEANED,15,0,0,0,0.0376898969928332,0.023735308333333302,0.007892323579719246,0.015836173395110703
a3c772d3fde52dbae832bi,2026-02-16 16:00:00+08:00,0.0731707924773746,0.01,0.01,0.0,,,29.4,73.0,0.2,WX_CLEANED,16,0,0,0,0.0295968410741387,0.047893175,0.009707904888187409,0.015986635403904596
a3c772d3fde52dbae832bi,2026-02-16 17:00:00+08:00,0.065953277988583,0.01,0.17,0.16,58.779201257135625,HOURLY_RECON_GT_5PCT,28.5,82.0,0.0,WX_CLEANED,17,0,0,0,0.0286243699748052,0.0497189916666663,0.011263276055428149,0.016083268060582672
a3c772d3fde52dbae832bi,2026-02-16 18:00:00+08:00,0.064257790948083,0.17,0.18,0.009999999999999981,542.5779094808312,HOURLY_RECON_GT_5PCT,27.6,88.0,0.0,WX_CLEANED,18,0,0,0,0.0287136520648331,0.0498805833333333,0.012744281842230228,0.016168846677337135
a3c772d3fde52dbae832bi,2026-02-16 19:00:00+08:00,0.065182342485833,0.18,0.18,0.0,,,27.2,89.0,0.0,WX_CLEANED,19,0,0,0,0.0287695729590275,0.049965566666666295,0.014261480572513792,0.016259422723879795
a3c772d3fde52dbae832bi,2026-02-16 20:00:00+08:00,0.0653123210374441,0.18,0.18,0.0,,,27.0,87.0,0.0,WX_CLEANED,20,0,0,0,0.0288080628729997,0.0500535583333333,0.01578249132936564,0.016350248692356645
a3c772d3fde52dbae832bi,2026-02-16 21:00:00+08:00,0.0,0.18,0.18,0.0,,,26.9,83.0,0.0,WX_CLEANED,21,0,0,0,0.0,0.0,0.01578249132936564,0.016350248692356645
a3c772d3fde52dbae832bi,2026-02-16 22:00:00+08:00,0.0,0.18,0.18,0.0,,,26.3,84.0,0.0,WX_CLEANED,22,0,0,0,0.0,0.0,0.01578249132936564,0.016350248692356645
a3c772d3fde52dbae832bi,2026-02-16 23:00:00+08:00,0.0,0.18,0.18,0.0,,,26.0,86.0,0.0,WX_CLEANED,23,0,0,0,0.0,0.0,0.01578249132936564,0.016350248692356645
a3c772d3fde52dbae832bi,2026-02-17 00:00:00+08:00,0.0,0.18,0.18,0.0,,,25.8,85.0,0.0,WX_CLEANED,0,1,0,0,0.0,0.0,0.01578249132936564,0.016350248692356645
a3c772d3fde52dbae832bi,2026-02-17 01:00:00+08:00,0.0,0.17,0.18,0.009999999999999981,100.0,HOURLY_RECON_GT_5PCT,25.5,86.0,0.0,WX_CLEANED,1,1,0,0,0.0,0.0,0.01578249132936564,0.016350248692356645
a3c772d3fde52dbae832bi,2026-02-17 02:00:00+08:00,0.0,0.18,0.17,0.0,,,25.0,89.0,0.0,WX_CLEANED,2,1,0,0,0.0,0.0,0.01578249132936564,0.016350248692356645
a3c772d3fde52dbae832bi,2026-02-17 03:00:00+08:00,0.0,0.18,0.18,0.0,,,24.9,91.0,0.0,WX_CLEANED,3,1,0,0,0.0,0.0,0.01578249132936564,0.016350248692356645
a3c772d3fde52dbae832bi,2026-02-17 04:00:00+08:00,0.0,0.18,0.18,0.0,,,24.8,91.0,0.0,WX_CLEANED,4,1,0,0,0.0,0.0,0.01578249132936564,0.016350248692356645
a3c772d3fde52dbae832bi,2026-02-17 05:00:00+08:00,0.0,0.18,0.18,0.0,,,24.8,90.0,0.0,WX_CLEANED,5,1,0,0,0.0,0.0,0.01578249132936564,0.016350248692356645
a3c772d3fde52dbae832bi,2026-02-17 06:00:00+08:00,0.0,0.18,0.18,0.0,,,24.6,90.0,0.0,WX_CLEANED,6,1,0,0,0.0,0.0,0.01578249132936564,0.016350248692356645
a3c772d3fde52dbae832bi,2026-02-17 07:00:00+08:00,0.0,0.18,0.18,0.0,,,24.7,90.0,0.0,WX_CLEANED,7,1,0,0,0.0,0.0,0.01578249132936564,0.016350248692356645
a3c772d3fde52dbae832bi,2026-02-17 08:00:00+08:00,0.0,0.18,0.18,0.0,,,25.8,88.0,0.0,WX_CLEANED,8,1,0,0,0.0,0.0,0.01578249132936564,0.016350248692356645
a3c772d3fde52dbae832bi,2026-02-17 09:00:00+08:00,0.0,0.18,0.18,0.0,,,27.1,80.0,0.0,WX_CLEANED,9,1,0,0,0.0,0.0,0.01578249132936564,0.016350248692356645
a3c772d3fde52dbae832bi,2026-02-17 10:00:00+08:00,0.0,0.18,0.18,0.0,,,28.5,72.0,0.0,WX_CLEANED,10,1,0,0,0.0,0.0,0.01578249132936564,0.016350248692356645
a3c772d3fde52dbae832bi,2026-02-17 11:00:00+08:00,0.0,0.18,0.18,0.0,,,29.6,67.0,0.0,WX_CLEANED,11,1,0,0,0.0,0.0,0.01578249132936564,0.016350248692356645
a3c772d3fde52dbae832bi,2026-02-17 12:00:00+08:00,0.0064873799444998,0.18,0.18,0.0,,,30.4,64.0,0.0,WX_CLEANED,12,1,0,0,0.002861927168125,0.0049714500000000005,0.015933551861714593,0.01635927208488343
a3c772d3fde52dbae832bi,2026-02-17 13:00:00+08:00,0.0297703175381385,0.18,0.18,0.0,,,30.4,64.0,0.2,WX_CLEANED,13,1,0,0,0.0131347570199164,0.0228136666666663,0.016626700216640512,0.016400680721023145
a3c772d3fde52dbae832bi,2026-02-17 14:00:00+08:00,0.0302789502681803,0.18,0.21,0.03,0.9298342272676698,,30.8,57.0,0.2,WX_CLEANED,14,1,0,0,0.0133579833320277,0.0232096249999996,0.01733174050564687,0.01644276003809565
a3c772d3fde52dbae832bi,2026-02-17 15:00:00+08:00,0.035238279851722,0.21,0.21,0.0,,,30.9,57.0,0.4,WX_CLEANED,15,1,0,0,0.0155485994473886,0.0270038749999996,0.01815214385582743,0.016491774352689233
a3c772d3fde52dbae832bi,2026-02-17 16:00:00+08:00,0.0412687001226943,0.08,0.21,0.13,68.25484605946593,HOURLY_RECON_GT_5PCT,30.7,56.0,0.3,WX_CLEANED,16,1,0,0,0.0731707924773746,0.0495633833333333,0.016822890007715748,0.016442401238340194
a3c772d3fde52dbae832bi,2026-02-17 17:00:00+08:00,0.0416377065277774,0.2,0.21,0.009999999999999981,316.37706527777476,HOURLY_RECON_GT_5PCT,30.0,60.0,0.1,WX_CLEANED,17,1,0,0,0.065953277988583,0.0512296333333331,0.01580974119684885,0.01638530643592617
a3c772d3fde52dbae832bi,2026-02-17 18:00:00+08:00,0.0420090006249998,0.21,0.21,0.0,,,28.5,67.0,0.0,WX_CLEANED,18,1,0,0,0.064257790948083,0.0513961499999998,0.014882708266720383,0.016329430546789266
a3c772d3fde52dbae832bi,2026-02-17 19:00:00+08:00,0.0422426944861109,0.21,0.21,0.0,,,27.2,75.0,0.0,WX_CLEANED,19,1,0,0,0.065182342485833,0.051483683333333,0.013926889600065296,0.016274424660793894
a3c772d3fde52dbae832bi,2026-02-17 20:00:00+08:00,0.0420276599583331,0.22,0.21,0.0,,,26.5,79.0,0.0,WX_CLEANED,20,1,0,0,0.0653123210374441,0.051574333333333305,0.012956695388435671,0.016217599224037944
a3c772d3fde52dbae832bi,2026-02-17 21:00:00+08:00,0.0278888064722221,0.2,0.21,0.009999999999999981,178.88806472222154,HOURLY_RECON_GT_5PCT,26.2,81.0,0.0,WX_CLEANED,21,1,0,0,0.0,0.0,0.014118728991444925,0.016383604024467834
a3c772d3fde52dbae832bi,2026-02-17 22:00:00+08:00,0.0,0.07,0.07,0.0,,,26.0,83.0,0.0,WX_CLEANED,22,1,0,0,0.0,0.0,0.014118728991444925,0.016383604024467834
a3c772d3fde52dbae832bi,2026-02-17 23:00:00+08:00,0.0,0.07,0.07,0.0,,,25.6,85.0,0.0,WX_CLEANED,23,1,0,0,0.0,0.0,0.014118728991444925,0.016383604024467834
a3c772d3fde52dbae832bi,2026-02-18 00:00:00+08:00,0.0,0.07,0.07,0.0,,,25.4,86.0,0.0,WX_CLEANED,0,2,0,0,0.0,0.0,0.014118728991444925,0.016383604024467834
a3c772d3fde52dbae832bi,2026-02-18 01:00:00+08:00,0.0,0.07,0.07,0.0,,,25.1,84.0,0.0,WX_CLEANED,1,2,0,0,0.0,0.0,0.014118728991444925,0.016383604024467834
a3c772d3fde52dbae832bi,2026-02-18 02:00:00+08:00,0.0,0.07,0.07,0.0,,,24.8,85.0,0.0,WX_CLEANED,2,2,0,0,0.0,0.0,0.014118728991444925,0.016383604024467834
a3c772d3fde52dbae832bi,2026-02-18 03:00:00+08:00,0.0,0.07,0.07,0.0,,,24.7,85.0,0.0,WX_CLEANED,3,2,0,0,0.0,0.0,0.014118728991444925,0.016383604024467834
a3c772d3fde52dbae832bi,2026-02-18 04:00:00+08:00,0.0,0.07,0.07,0.0,,,24.5,85.0,0.0,WX_CLEANED,4,2,0,0,0.0,0.0,0.014118728991444925,0.016383604024467834
a3c772d3fde52dbae832bi,2026-02-18 05:00:00+08:00,0.0,0.07,0.07,0.0,,,24.4,84.0,0.0,WX_CLEANED,5,2,0,0,0.0,0.0,0.014118728991444925,0.016383604024467834
a3c772d3fde52dbae832bi,2026-02-18 06:00:00+08:00,0.0,0.07,0.07,0.0,,,24.2,82.0,0.0,WX_CLEANED,6,2,0,0,0.0,0.0,0.014118728991444925,0.016383604024467834
a3c772d3fde52dbae832bi,2026-02-18 07:00:00+08:00,0.0,0.07,0.07,0.0,,,24.3,81.0,0.0,WX_CLEANED,7,2,0,0,0.0,0.0,0.014118728991444925,0.016383604024467834
a3c772d3fde52dbae832bi,2026-02-18 08:00:00+08:00,0.0,0.07,0.07,0.0,,,25.6,76.0,0.0,WX_CLEANED,8,2,0,0,0.0,0.0,0.014118728991444925,0.016383604024467834
a3c772d3fde52dbae832bi,2026-02-18 09:00:00+08:00,0.0,0.07,0.07,0.0,,,27.0,64.0,0.0,WX_CLEANED,9,2,0,0,0.0,0.0,0.014118728991444925,0.016383604024467834
a3c772d3fde52dbae832bi,2026-02-18 10:00:00+08:00,0.0,0.07,0.07,0.0,,,28.5,57.0,0.0,WX_CLEANED,10,2,0,0,0.0,0.0,0.014118728991444925,0.016383604024467834
a3c772d3fde52dbae832bi,2026-02-18 11:00:00+08:00,0.0,0.07,0.07,0.0,,,30.0,50.0,0.0,WX_CLEANED,11,2,0,0,0.0,0.0,0.014118728991444925,0.016383604024467834
a3c772d3fde52dbae832bi,2026-02-18 12:00:00+08:00,0.0,0.07,0.07,0.0,,,31.0,46.0,0.0,WX_CLEANED,12,2,0,0,0.0064873799444998,0.005122425,0.013848421493757432,0.016353113399467836
a3c772d3fde52dbae832bi,2026-02-18 13:00:00+08:00,0.0084749246666666,0.07,0.01,0.0,,,32.1,40.0,0.0,WX_CLEANED,13,2,0,0,0.0297703175381385,0.023506825000000002,0.012961113457446105,0.016263637802245615
a3c772d3fde52dbae832bi,2026-02-18 14:00:00+08:00,0.0334268426111108,0.01,0.15,0.13999999999999999,76.12368384920657,HOURLY_RECON_GT_5PCT,30.6,47.0,0.0,WX_CLEANED,14,2,0,0,0.0302789502681803,0.0239148,0.013092275638401542,0.016320257103502225
a3c772d3fde52dbae832bi,2026-02-18 15:00:00+08:00,0.0320204712916663,0.15,0.16,0.010000000000000009,220.20471291666271,HOURLY_RECON_GT_5PCT,30.6,48.0,0.0,WX_CLEANED,15,2,0,0,0.035238279851722,0.0278243,0.012958200281732555,0.01634523431357167
a3c772d3fde52dbae832bi,2026-02-18 16:00:00+08:00,0.032206253972222,0.01,0.16,0.15,78.52916401851866,HOURLY_RECON_GT_5PCT,30.0,48.0,0.0,WX_CLEANED,16,2,0,0,0.0412687001226943,0.0900595128789997,0.012580598358796208,0.0160008696772218
a3c772d3fde52dbae832bi,2026-02-18 17:00:00+08:00,0.0325455969999998,0.16,0.16,0.0,,,28.9,50.0,0.0,WX_CLEANED,17,2,0,0,0.0416377065277774,0.0950438041742358,0.012201760461805475,0.015628856539279916
a3c772d3fde52dbae832bi,2026-02-18 18:00:00+08:00,0.0327503503888885,0.16,0.17,0.010000000000000009,227.50350388888472,HOURLY_RECON_GT_5PCT,27.7,55.0,0.0,WX_CLEANED,18,2,0,0,0.0420090006249998,0.0953252926639858,0.011815983368634172,0.015256386644785291
a3c772d3fde52dbae832bi,2026-02-18 19:00:00+08:00,0.0328732399305553,0.17,0.17,0.0,,,27.0,58.0,0.0,WX_CLEANED,19,2,0,0,0.0422426944861109,0.0954959222168053,0.011425589428819355,0.014883632583557613
a3c772d3fde52dbae832bi,2026-02-18 20:00:00+08:00,0.0217469471111109,0.17,0.16,0.0,,,26.7,60.0,0.0,WX_CLEANED,20,2,0,0,0.0420276599583331,0.09567560467888861,0.010580559726851763,0.01444358105041608
a3c772d3fde52dbae832bi,2026-02-18 21:00:00+08:00,0.0,0.16,0.02,0.0,,,26.5,62.0,0.0,WX_CLEANED,21,2,0,0,0.0278888064722221,0.0,0.009418526123842507,0.01444358105041608
a3c772d3fde52dbae832bi,2026-02-18 22:00:00+08:00,0.0,0.02,0.02,0.0,,,26.2,65.0,0.0,WX_CLEANED,22,2,0,0,0.0,0.0,0.009418526123842507,0.01444358105041608
a3c772d3fde52dbae832bi,2026-02-18 23:00:00+08:00,0.0,0.02,0.02,0.0,,,25.9,68.0,0.0,WX_CLEANED,23,2,0,0,0.0,0.0,0.009418526123842507,0.01444358105041608
a3c772d3fde52dbae832bi,2026-02-19 00:00:00+08:00,0.0,0.02,0.02,0.0,,,25.5,70.0,0.0,WX_CLEANED,0,3,0,0,0.0,0.0,0.009418526123842507,0.01444358105041608
a3c772d3fde52dbae832bi,2026-02-19 01:00:00+08:00,0.0,0.02,0.02,0.0,,,25.1,72.0,0.0,WX_CLEANED,1,3,0,0,0.0,0.0,0.009418526123842507,0.01444358105041608
a3c772d3fde52dbae832bi,2026-02-19 02:00:00+08:00,0.0,0.02,0.02,0.0,,,24.8,72.0,0.0,WX_CLEANED,2,3,0,0,0.0,0.0,0.009418526123842507,0.01444358105041608
a3c772d3fde52dbae832bi,2026-02-19 03:00:00+08:00,0.0,0.02,0.02,0.0,,,24.7,72.0,0.0,WX_CLEANED,3,3,0,0,0.0,0.0,0.009418526123842507,0.01444358105041608
a3c772d3fde52dbae832bi,2026-02-19 04:00:00+08:00,0.0,0.02,0.02,0.0,,,24.3,73.0,0.0,WX_CLEANED,4,3,0,0,0.0,0.0,0.009418526123842507,0.01444358105041608
a3c772d3fde52dbae832bi,2026-02-19 05:00:00+08:00,0.0,0.02,0.02,0.0,,,24.0,75.0,0.0,WX_CLEANED,5,3,0,0,0.0,0.0,0.009418526123842507,0.01444358105041608
a3c772d3fde52dbae832bi,2026-02-19 06:00:00+08:00,0.0,0.02,0.02,0.0,,,24.0,75.0,0.0,WX_CLEANED,6,3,0,0,0.0,0.0,0.009418526123842507,0.01444358105041608
a3c772d3fde52dbae832bi,2026-02-19 07:00:00+08:00,0.0,0.02,0.02,0.0,,,24.1,75.0,0.0,WX_CLEANED,7,3,0,0,0.0,0.0,0.009418526123842507,0.01444358105041608
a3c772d3fde52dbae832bi,2026-02-19 08:00:00+08:00,0.0,0.02,0.02,0.0,,,25.7,67.0,0.0,WX_CLEANED,8,3,0,0,0.0,0.0,0.009418526123842507,0.01444358105041608
a3c772d3fde52dbae832bi,2026-02-19 09:00:00+08:00,0.0,0.02,0.02,0.0,,,27.4,58.0,0.0,WX_CLEANED,9,3,0,0,0.0,0.0,0.009418526123842507,0.01444358105041608
a3c772d3fde52dbae832bi,2026-02-19 10:00:00+08:00,0.0,0.02,0.02,0.0,,,29.3,48.0,0.0,WX_CLEANED,10,3,0,0,0.0,0.0,0.009418526123842507,0.01444358105041608
a3c772d3fde52dbae832bi,2026-02-19 11:00:00+08:00,0.0,0.02,0.02,0.0,,,31.0,43.0,0.0,WX_CLEANED,11,3,0,0,0.0,0.0,0.009418526123842507,0.01444358105041608
a3c772d3fde52dbae832bi,2026-02-19 12:00:00+08:00,0.0,0.02,0.02,0.0,,,31.1,41.0,0.0,WX_CLEANED,12,3,0,0,0.0,0.0095019046237914,0.009418526123842507,0.014387022094322082
a3c772d3fde52dbae832bi,2026-02-19 13:00:00+08:00,0.0400642389027776,0.01,0.21,0.19999999999999998,79.96788054861119,HOURLY_RECON_GT_5PCT,32.4,37.0,0.0,WX_CLEANED,13,3,0,0,0.0084749246666666,0.0435984582092219,0.010734747550347134,0.014365985074640866
a3c772d3fde52dbae832bi,2026-02-19 14:00:00+08:00,0.042050736583333,0.21,0.21,0.0,,,32.8,35.0,0.0,WX_CLEANED,14,3,0,0,0.0334268426111108,0.0443653462813191,0.011094076465856391,0.014352207635962379
a3c772d3fde52dbae832bi,2026-02-19 15:00:00+08:00,0.0417997469583331,0.2,0.22,0.01999999999999999,108.9987347916656,HOURLY_RECON_GT_5PCT,31.8,38.0,0.0,WX_CLEANED,15,3,0,0,0.0320204712916663,0.0516069842098191,0.011501546285300842,0.014293831223751153
a3c772d3fde52dbae832bi,2026-02-19 16:00:00+08:00,0.0415835840555553,0.02,0.2,0.18000000000000002,76.89800885802482,HOURLY_RECON_GT_5PCT,30.4,46.0,0.0,WX_CLEANED,16,3,0,0,0.032206253972222,0.0423754344343054,0.011892268372106397,0.014289117828639545
a3c772d3fde52dbae832bi,2026-02-19 17:00:00+08:00,0.0407751231666663,0.21,0.21,0.0,,,28.6,54.0,0.0,WX_CLEANED,17,3,0,0,0.0325455969999998,0.0411983315138887,0.0122351652957175,0.014286598731334648
a3c772d3fde52dbae832bi,2026-02-19 18:00:00+08:00,0.0410045951527775,0.21,0.2,0.0,,,27.4,57.0,0.0,WX_CLEANED,18,3,0,0,0.0327503503888885,0.041314045557611,0.01257909216087954,0.014284756764639214
a3c772d3fde52dbae832bi,2026-02-19 19:00:00+08:00,0.0406756545416664,0.2,0.2,0.0,,,26.6,62.0,0.0,WX_CLEANED,19,3,0,0,0.0328732399305553,0.0413936533613609,0.012904192769675837,0.014280482962141032
a3c772d3fde52dbae832bi,2026-02-19 20:00:00+08:00,0.0336890360972219,0.2,0.2,0.0,,,27.0,62.0,0.0,WX_CLEANED,20,3,0,0,0.0217469471111109,0.0414699939036803,0.013401779810763794,0.014234167737102586
a3c772d3fde52dbae832bi,2026-02-19 21:00:00+08:00,0.0,0.2,0.1,0.0,,,26.7,63.0,0.0,WX_CLEANED,21,3,0,0,0.0,0.0,0.013401779810763797,0.014234167737102586
a3c772d3fde52dbae832bi,2026-02-19 22:00:00+08:00,0.0,0.1,0.1,0.0,,,26.6,64.0,0.0,WX_CLEANED,22,3,0,0,0.0,0.0,0.013401779810763797,0.014234167737102586
a3c772d3fde52dbae832bi,2026-02-19 23:00:00+08:00,0.0,0.1,0.1,0.0,,,26.3,65.0,0.0,WX_CLEANED,23,3,0,0,0.0,0.0,0.013401779810763797,0.014234167737102586
a3c772d3fde52dbae832bi,2026-02-20 00:00:00+08:00,0.0,0.1,0.1,0.0,,,25.7,68.0,0.0,WX_CLEANED,0,4,0,0,0.0,0.0,0.013401779810763797,0.014234167737102586
a3c772d3fde52dbae832bi,2026-02-20 01:00:00+08:00,0.0,0.1,0.1,0.0,,,25.2,71.0,0.0,WX_CLEANED,1,4,0,0,0.0,0.0,0.013401779810763797,0.014234167737102586
a3c772d3fde52dbae832bi,2026-02-20 02:00:00+08:00,0.0,0.1,0.1,0.0,,,25.2,71.0,0.0,WX_CLEANED,2,4,0,0,0.0,0.0,0.013401779810763797,0.014234167737102586
a3c772d3fde52dbae832bi,2026-02-20 03:00:00+08:00,0.0,0.1,0.1,0.0,,,25.1,72.0,0.0,WX_CLEANED,3,4,0,0,0.0,0.0,0.013401779810763797,0.014234167737102586
a3c772d3fde52dbae832bi,2026-02-20 04:00:00+08:00,0.0,0.1,0.1,0.0,,,24.8,73.0,0.0,WX_CLEANED,4,4,0,0,0.0,0.0,0.013401779810763797,0.014234167737102586
a3c772d3fde52dbae832bi,2026-02-20 05:00:00+08:00,0.0,0.1,0.1,0.0,,,24.6,73.0,0.0,WX_CLEANED,5,4,0,0,0.0,0.0,0.013401779810763797,0.014234167737102586
a3c772d3fde52dbae832bi,2026-02-20 06:00:00+08:00,0.0,0.1,0.1,0.0,,,24.5,73.0,0.0,WX_CLEANED,6,4,0,0,0.0,0.0,0.013401779810763797,0.014234167737102586
a3c772d3fde52dbae832bi,2026-02-20 07:00:00+08:00,0.0,0.1,0.1,0.0,,,24.7,72.0,0.0,WX_CLEANED,7,4,0,0,0.0,0.0,0.013401779810763797,0.014234167737102586
a3c772d3fde52dbae832bi,2026-02-20 08:00:00+08:00,0.0,0.1,0.1,0.0,,,25.5,72.0,0.0,WX_CLEANED,8,4,0,0,0.0,0.0,0.013401779810763797,0.014234167737102586
a3c772d3fde52dbae832bi,2026-02-20 09:00:00+08:00,0.0,0.1,0.1,0.0,,,26.5,65.0,0.0,WX_CLEANED,9,4,0,0,0.0,0.0,0.013401779810763797,0.014234167737102586
a3c772d3fde52dbae832bi,2026-02-20 10:00:00+08:00,0.0,0.1,0.1,0.0,,,27.9,58.0,0.0,WX_CLEANED,10,4,0,0,0.0,0.0,0.013401779810763797,0.014234167737102586
a3c772d3fde52dbae832bi,2026-02-20 11:00:00+08:00,0.0,0.1,0.1,0.0,,,29.2,51.0,0.0,WX_CLEANED,11,4,0,0,0.0,0.0,0.013401779810763797,0.014234167737102586
a3c772d3fde52dbae832bi,2026-02-20 12:00:00+08:00,0.0,0.1,0.1,0.0,,,30.3,47.0,0.0,WX_CLEANED,12,4,0,0,0.0,0.0041175412935137,0.013401779810763797,0.014209658562736432
a3c772d3fde52dbae832bi,2026-02-20 13:00:00+08:00,0.0,0.1,0.1,0.0,,,30.5,45.0,0.2,WX_CLEANED,13,4,0,0,0.0400642389027776,0.0189024123120969,0.011732436523148064,0.014097144203735857
a3c772d3fde52dbae832bi,2026-02-20 14:00:00+08:00,0.0142924365277777,0.1,0.01,0.0,,,30.1,48.0,0.5,WX_CLEANED,14,4,0,0,0.042050736583333,0.0192259019084444,0.010575840687499926,0.014067778338374748
a3c772d3fde52dbae832bi,2026-02-20 15:00:00+08:00,0.0274975683611108,0.01,0.01,0.0,,,30.4,47.0,0.1,WX_CLEANED,15,4,0,0,0.0417997469583331,0.0223705927076109,0.009979916579282329,0.01409829605059796
a3c772d3fde52dbae832bi,2026-02-20 16:00:00+08:00,0.0299540646388886,0.05,0.16,0.11,72.76903214646491,HOURLY_RECON_GT_5PCT,30.5,47.0,0.0,WX_CLEANED,16,4,0,0,0.0415835840555553,0.0671723869153748,0.009495353270254551,0.013876758417999827
a3c772d3fde52dbae832bi,2026-02-20 17:00:00+08:00,0.0325539194999997,0.16,0.16,0.0,,,30.1,49.0,0.0,WX_CLEANED,17,4,0,0,0.0407751231666663,0.0707391179678885,0.009152803117476774,0.01364946556997668
a3c772d3fde52dbae832bi,2026-02-20 18:00:00+08:00,0.033071947763888596,0.17,0.16,0.0,,,29.1,54.0,0.0,WX_CLEANED,18,4,0,0,0.0410045951527775,0.0709799352927916,0.008822276142939739,0.013423822787066544
a3c772d3fde52dbae832bi,2026-02-20 19:00:00+08:00,0.0327995899999997,0.16,0.16,0.0,,,28.0,58.0,0.0,WX_CLEANED,19,4,0,0,0.0406756545416664,0.0710849359378609,0.00849410678703696,0.013195933823150704
a3c772d3fde52dbae832bi,2026-02-20 20:00:00+08:00,0.0324339042777775,0.16,0.17,0.010000000000000009,224.33904277777472,HOURLY_RECON_GT_5PCT,27.1,64.0,0.0,WX_CLEANED,20,4,0,0,0.0336890360972219,0.0712123138296248,0.008441809627893442,0.012965109956770658
a3c772d3fde52dbae832bi,2026-02-20 21:00:00+08:00,0.031757066944444204,0.16,0.16,0.0,,,26.8,66.0,0.0,WX_CLEANED,21,4,0,0,0.0,0.0,0.009765020750578618,0.013154140117154257
a3c772d3fde52dbae832bi,2026-02-20 22:00:00+08:00,0.0327110004999997,0.16,0.16,0.0,,,26.3,68.0,0.0,WX_CLEANED,22,4,0,0,0.0,0.0,0.011127979104745271,0.013348848453463777
a3c772d3fde52dbae832bi,2026-02-20 23:00:00+08:00,0.0328015215555552,0.16,0.16,0.0,,,26.0,70.0,0.0,WX_CLEANED,23,4,0,0,0.0,0.0,0.012494709169560072,0.013544095605580179
a3c772d3fde52dbae832bi,2026-02-21 00:00:00+08:00,0.0332546525555553,0.17,0.16,0.0,,,25.6,71.0,0.0,WX_CLEANED,0,5,1,0,0.0,0.0,0.013880319692708207,0.013742039966029912
a3c772d3fde52dbae832bi,2026-02-21 01:00:00+08:00,0.0332130921944442,0.17,0.17,0.0,,,25.2,73.0,0.0,WX_CLEANED,1,5,1,0,0.0,0.0,0.015264198534143384,0.013939736943377792
a3c772d3fde52dbae832bi,2026-02-21 02:00:00+08:00,0.0,0.11,0.11,0.0,,,25.0,73.0,0.0,WX_CLEANED,2,5,1,0,0.0,0.0,0.015264198534143384,0.013939736943377792
a3c772d3fde52dbae832bi,2026-02-21 03:00:00+08:00,0.0,0.11,0.11,0.0,,,25.0,74.0,0.0,WX_CLEANED,3,5,1,0,0.0,0.0,0.015264198534143384,0.013939736943377792
a3c772d3fde52dbae832bi,2026-02-21 04:00:00+08:00,0.0,0.11,0.11,0.0,,,24.7,76.0,0.0,WX_CLEANED,4,5,1,0,0.0,0.0,0.015264198534143384,0.013939736943377792
a3c772d3fde52dbae832bi,2026-02-21 05:00:00+08:00,0.0,0.11,0.11,0.0,,,24.5,76.0,0.0,WX_CLEANED,5,5,1,0,0.0,0.0,0.015264198534143384,0.013939736943377792
a3c772d3fde52dbae832bi,2026-02-21 06:00:00+08:00,0.0,0.11,0.11,0.0,,,24.4,76.0,0.0,WX_CLEANED,6,5,1,0,0.0,0.0,0.015264198534143384,0.013939736943377792
a3c772d3fde52dbae832bi,2026-02-21 07:00:00+08:00,0.0,0.11,0.11,0.0,,,24.5,76.0,0.0,WX_CLEANED,7,5,1,0,0.0,0.0,0.015264198534143384,0.013939736943377792
a3c772d3fde52dbae832bi,2026-02-21 08:00:00+08:00,0.0,0.11,0.11,0.0,,,25.4,72.0,0.0,WX_CLEANED,8,5,1,0,0.0,0.0,0.015264198534143384,0.013939736943377792
a3c772d3fde52dbae832bi,2026-02-21 09:00:00+08:00,0.0,0.11,0.01,0.0,,,27.2,63.0,0.0,WX_CLEANED,9,5,1,0,0.0,0.0,0.015264198534143384,0.013939736943377792
a3c772d3fde52dbae832bi,2026-02-21 10:00:00+08:00,0.0,0.01,0.01,0.0,,,28.6,57.0,0.0,WX_CLEANED,10,5,1,0,0.0,0.0,0.015264198534143384,0.013939736943377792
a3c772d3fde52dbae832bi,2026-02-21 11:00:00+08:00,0.0,0.01,0.01,0.0,,,30.2,50.0,0.0,WX_CLEANED,11,5,1,0,0.0,0.0,0.015264198534143384,0.013939736943377792
a3c772d3fde52dbae832bi,2026-02-21 12:00:00+08:00,0.0,0.01,0.01,0.0,,,30.8,48.0,0.0,WX_CLEANED,12,5,1,0,0.0,0.007073603929972,0.015264198534143384,0.01389763215808034
a3c772d3fde52dbae832bi,2026-02-21 13:00:00+08:00,0.0,0.01,0.01,0.0,,,30.6,48.0,0.0,WX_CLEANED,13,5,1,0,0.0,0.0324565990218192,0.015264198534143384,0.013704438116283798
a3c772d3fde52dbae832bi,2026-02-21 14:00:00+08:00,0.0,0.01,0.01,0.0,,,30.5,46.0,0.0,WX_CLEANED,14,5,1,0,0.0142924365277777,0.0330269442962081,0.014668680345485978,0.013507849162139702
a3c772d3fde52dbae832bi,2026-02-21 15:00:00+08:00,0.0142115061805554,0.01,0.01,0.0,,,31.0,45.0,0.0,WX_CLEANED,15,5,1,0,0.0274975683611108,0.0384160987251802,0.014115094421296171,0.013363774206516936
a3c772d3fde52dbae832bi,2026-02-21 16:00:00+08:00,0.0334763828333332,0.16,0.16,0.0,,,30.6,46.0,0.0,WX_CLEANED,16,5,1,0,0.0299540646388886,0.0672893289116664,0.014261857679398028,0.013162506670336381
a3c772d3fde52dbae832bi,2026-02-21 17:00:00+08:00,0.0327494984166665,0.17,0.16,0.0,,,29.8,49.0,0.0,WX_CLEANED,17,5,1,0,0.0325539194999997,0.0693819306330831,0.014270006800925814,0.012944456478571998
a3c772d3fde52dbae832bi,2026-02-21 18:00:00+08:00,0.0325833682638885,0.17,0.16,0.0,,,28.2,57.0,0.0,WX_CLEANED,18,5,1,0,0.033071947763888596,0.0696081345191802,0.014249649321759142,0.01272407096514764
a3c772d3fde52dbae832bi,2026-02-21 19:00:00+08:00,0.0325821783888885,0.16,0.16,0.0,,,26.8,64.0,0.0,WX_CLEANED,19,5,1,0,0.0327995899999997,0.0697411815680275,0.01424059050462951,0.01250288642241467
a3c772d3fde52dbae832bi,2026-02-21 20:00:00+08:00,0.0327137691666664,0.17,0.16,0.0,,,26.6,65.0,0.0,WX_CLEANED,20,5,1,0,0.0324339042777775,0.0698566486771943,0.014252251541666545,0.012281797853899625
a3c772d3fde52dbae832bi,2026-02-21 21:00:00+08:00,0.0328104312777776,0.16,0.16,0.0,,,26.2,67.0,0.0,WX_CLEANED,21,5,1,0,0.031757066944444204,0.0,0.014296141722222105,0.012477098040076871
a3c772d3fde52dbae832bi,2026-02-21 22:00:00+08:00,0.0323810325694441,0.17,0.16,0.0,,,26.0,68.0,0.0,WX_CLEANED,22,5,1,0,0.0327110004999997,0.0,0.014282393058448953,0.012669842281561658
a3c772d3fde52dbae832bi,2026-02-21 23:00:00+08:00,0.0327025077361107,0.16,0.16,0.0,,,25.8,68.0,0.0,WX_CLEANED,23,5,1,0,0.0328015215555552,0.0,0.014278267482638766,0.012864500065705175
a3c772d3fde52dbae832bi,2026-02-22 00:00:00+08:00,0.0334331939444441,0.16,0.16,0.0,,,25.6,67.0,0.0,WX_CLEANED,0,6,1,0,0.0332546525555553,0.0,0.0142857067071758,0.013063507172517343
a3c772d3fde52dbae832bi,2026-02-22 01:00:00+08:00,0.032292510597222004,0.16,0.16,0.0,,,25.4,68.0,0.0,WX_CLEANED,1,6,1,0,0.0332130921944442,0.0,0.014247349140624874,0.013255724497500806
a3c772d3fde52dbae832bi,2026-02-22 02:00:00+08:00,0.0325466601666663,0.16,0.16,0.0,,,25.1,70.0,0.0,WX_CLEANED,2,6,1,0,0.0,0.0,0.015603459980902637,0.013449454617540485
a3c772d3fde52dbae832bi,2026-02-22 03:00:00+08:00,0.0325082195694441,0.16,0.16,0.0,,,24.9,72.0,0.0,WX_CLEANED,3,6,1,0,0.0,0.0,0.016957969129629474,0.013642955924501463
a3c772d3fde52dbae832bi,2026-02-22 04:00:00+08:00,0.0,0.16,0.12,0.0,,,24.6,74.0,0.0,WX_CLEANED,4,6,1,0,0.0,0.0,0.016957969129629474,0.013642955924501463
a3c772d3fde52dbae832bi,2026-02-22 05:00:00+08:00,0.0,0.12,0.12,0.0,,,24.4,75.0,0.0,WX_CLEANED,5,6,1,0,0.0,0.0,0.016957969129629474,0.013642955924501463
a3c772d3fde52dbae832bi,2026-02-22 06:00:00+08:00,0.0,0.12,0.12,0.0,,,24.1,77.0,0.0,WX_CLEANED,6,6,1,0,0.0,0.0,0.016957969129629474,0.013642955924501463
a3c772d3fde52dbae832bi,2026-02-22 07:00:00+08:00,0.0,0.12,0.12,0.0,,,24.1,75.0,0.0,WX_CLEANED,7,6,1,0,0.0,0.0,0.016957969129629474,0.013642955924501463
a3c772d3fde52dbae832bi,2026-02-22 08:00:00+08:00,0.0,0.12,0.12,0.0,,,25.0,71.0,0.0,WX_CLEANED,8,6,1,0,0.0,0.0,0.016957969129629474,0.013642955924501463
a3c772d3fde52dbae832bi,2026-02-22 09:00:00+08:00,0.0,0.12,0.12,0.0,,,26.6,62.0,0.0,WX_CLEANED,9,6,1,0,0.0,0.0,0.016957969129629474,0.013642955924501463
a3c772d3fde52dbae832bi,2026-02-22 10:00:00+08:00,0.0,0.12,0.12,0.0,,,28.3,56.0,0.0,WX_CLEANED,10,6,1,0,0.0,0.0,0.016957969129629474,0.013642955924501463
a3c772d3fde52dbae832bi,2026-02-22 11:00:00+08:00,0.0,0.12,0.12,0.0,,,30.2,50.0,0.0,WX_CLEANED,11,6,1,0,0.0,0.0,0.016957969129629474,0.013642955924501463
a3c772d3fde52dbae832bi,2026-02-22 12:00:00+08:00,0.024557672597222,0.12,0.2,0.08000000000000002,69.3029092534725,HOURLY_RECON_GT_5PCT,31.0,47.0,0.0,WX_CLEANED,12,6,1,0,0.0,0.0069386351588331,0.017981205487847058,0.013747831147349015
a3c772d3fde52dbae832bi,2026-02-22 13:00:00+08:00,0.0415801195138886,0.2,0.21,0.009999999999999981,315.8011951388867,HOURLY_RECON_GT_5PCT,30.7,52.0,0.0,WX_CLEANED,13,6,1,0,0.0,0.0318380885478053,0.019713710467592415,0.013805819426909036
a3c772d3fde52dbae832bi,2026-02-22 14:00:00+08:00,0.0414873288194443,0.21,0.2,0.0,,,31.1,48.0,0.0,WX_CLEANED,14,6,1,0,0.0,0.0323888216104165,0.021442349168402597,0.013859977207915153
a3c772d3fde52dbae832bi,2026-02-22 15:00:00+08:00,0.0421104564444442,0.2,0.22,0.01999999999999999,110.55228222222111,HOURLY_RECON_GT_5PCT,31.2,50.0,0.0,WX_CLEANED,15,6,1,0,0.0142115061805554,0.0376898969928332,0.022604805429397964,0.013886290061793791
a3c772d3fde52dbae832bi,2026-02-22 16:00:00+08:00,0.0422767697777775,0.01,0.21,0.19999999999999998,78.86161511111125,HOURLY_RECON_GT_5PCT,31.5,44.0,0.0,WX_CLEANED,16,6,1,0,0.0334763828333332,0.0295968410741387,0.022971488218749808,0.013961765827886876
a3c772d3fde52dbae832bi,2026-02-22 17:00:00+08:00,0.0425534775277776,0.21,0.21,0.0,,,30.6,47.0,0.0,WX_CLEANED,17,6,1,0,0.0327494984166665,0.0286243699748052,0.02337998734837944,0.014044677182368858
a3c772d3fde52dbae832bi,2026-02-22 18:00:00+08:00,0.0428560430972221,0.21,0.22,0.010000000000000009,328.5604309722206,HOURLY_RECON_GT_5PCT,29.0,55.0,0.0,WX_CLEANED,18,6,1,0,0.0325833682638885,0.0287136520648331,0.023808015466435004,0.014128858081371173
a3c772d3fde52dbae832bi,2026-02-22 19:00:00+08:00,0.0423159735277775,0.21,0.21,0.0,,,27.8,60.0,0.0,WX_CLEANED,19,6,1,0,0.0325821783888885,0.0287695729590275,0.02421359026388871,0.014209491418089923
a3c772d3fde52dbae832bi,2026-02-22 20:00:00+08:00,0.0418422571805553,0.21,0.21,0.0,,,27.0,65.0,0.0,WX_CLEANED,20,6,1,0,0.0327137691666664,0.0288080628729997,0.024593943931134083,0.014287075908015848
a3c772d3fde52dbae832bi,2026-02-22 21:00:00+08:00,0.0274492333749999,0.21,0.2,0.0,,,26.6,67.0,0.0,WX_CLEANED,21,6,1,0,0.0328104312777776,0.0,0.024370560685185016,0.014450464201914657
a3c772d3fde52dbae832bi,2026-02-22 22:00:00+08:00,0.0,0.03,0.03,0.0,,,26.2,69.0,0.0,WX_CLEANED,22,6,1,0,0.0323810325694441,0.0,0.02302135099479151,0.014450464201914657
a3c772d3fde52dbae832bi,2026-02-22 23:00:00+08:00,0.0,0.03,0.03,0.0,,,25.9,70.0,0.0,WX_CLEANED,23,6,1,0,0.0327025077361107,0.0,0.021658746505786895,0.014450464201914657
a3c772d3fde52dbae832bi,2026-02-23 00:00:00+08:00,0.0,0.03,0.03,0.0,,,25.6,71.0,0.0,WX_CLEANED,0,0,0,0,0.0334331939444441,0.0,0.020265696758101723,0.014450464201914657
a3c772d3fde52dbae832bi,2026-02-23 01:00:00+08:00,0.0,0.03,0.03,0.0,,,25.4,72.0,0.0,WX_CLEANED,1,0,0,0,0.032292510597222004,0.0,0.018920175483217474,0.014450464201914657
a3c772d3fde52dbae832bi,2026-02-23 02:00:00+08:00,0.0,0.03,0.03,0.0,,,25.4,71.0,0.0,WX_CLEANED,2,0,0,0,0.0325466601666663,0.0,0.017564064642939713,0.014450464201914657
a3c772d3fde52dbae832bi,2026-02-23 03:00:00+08:00,0.0,0.03,0.03,0.0,,,25.3,71.0,0.0,WX_CLEANED,3,0,0,0,0.0325082195694441,0.0,0.016209555494212876,0.014450464201914657
a3c772d3fde52dbae832bi,2026-02-23 04:00:00+08:00,0.0,0.03,0.03,0.0,,,25.1,72.0,0.0,WX_CLEANED,4,0,0,0,0.0,0.0,0.016209555494212876,0.014450464201914657
a3c772d3fde52dbae832bi,2026-02-23 05:00:00+08:00,0.0,0.03,0.03,0.0,,,24.8,75.0,0.0,WX_CLEANED,5,0,0,0,0.0,0.0,0.016209555494212876,0.014450464201914657
a3c772d3fde52dbae832bi,2026-02-23 06:00:00+08:00,0.0,0.03,0.03,0.0,,,24.6,75.0,0.0,WX_CLEANED,6,0,0,0,0.0,0.0,0.016209555494212876,0.014450464201914657
a3c772d3fde52dbae832bi,2026-02-23 07:00:00+08:00,0.0,0.03,0.03,0.0,,,24.9,73.0,0.0,WX_CLEANED,7,0,0,0,0.0,0.0,0.016209555494212876,0.014450464201914657
a3c772d3fde52dbae832bi,2026-02-23 08:00:00+08:00,0.0,0.03,0.03,0.0,,,25.9,70.0,0.0,WX_CLEANED,8,0,0,0,0.0,0.0,0.016209555494212876,0.014450464201914657
a3c772d3fde52dbae832bi,2026-02-23 09:00:00+08:00,0.0,0.03,0.03,0.0,,,27.4,62.0,0.0,WX_CLEANED,9,0,0,0,0.0,0.0,0.016209555494212876,0.014450464201914657
a3c772d3fde52dbae832bi,2026-02-23 10:00:00+08:00,0.0107002377777776,0.03,0.01,0.0,,,29.7,51.0,0.0,WX_CLEANED,10,0,0,0,0.0,0.0,0.01665539873495361,0.014514156093449047
a3c772d3fde52dbae832bi,2026-02-23 11:00:00+08:00,0.0428042562222218,0.01,0.21,0.19999999999999998,78.59787188888909,HOURLY_RECON_GT_5PCT,32.2,40.0,0.0,WX_CLEANED,11,0,0,0,0.0,0.0,0.018438909410879518,0.014768943332867032
a3c772d3fde52dbae832bi,2026-02-23 12:00:00+08:00,0.0424498829999997,0.21,0.2,0.0,,,32.7,39.0,0.0,WX_CLEANED,12,0,0,0,0.024557672597222,0.002861927168125,0.01918441817766192,0.015004585927104384
a3c772d3fde52dbae832bi,2026-02-23 13:00:00+08:00,0.0414925930555555,0.2,0.21,0.009999999999999981,314.92593055555574,HOURLY_RECON_GT_5PCT,32.8,39.0,0.0,WX_CLEANED,13,0,0,0,0.0415801195138886,0.0131347570199164,0.019180771241898043,0.015173382570173664
a3c772d3fde52dbae832bi,2026-02-23 14:00:00+08:00,0.0417761866805552,0.21,0.21,0.0,,,32.8,36.0,0.0,WX_CLEANED,14,0,0,0,0.0414873288194443,0.0133579833320277,0.019192806986110995,0.015342538542486326
a3c772d3fde52dbae832bi,2026-02-23 15:00:00+08:00,0.0417021892499998,0.21,0.21,0.0,,,33.5,34.0,0.0,WX_CLEANED,15,0,0,0,0.0421104564444442,0.0155485994473886,0.01917579585300915,0.015498214672263776
a3c772d3fde52dbae832bi,2026-02-23 16:00:00+08:00,0.0415491477499999,0.01,0.2,0.19,78.13202750000005,HOURLY_RECON_GT_5PCT,32.5,39.0,0.0,WX_CLEANED,16,0,0,0,0.0422767697777775,0.0731707924773746,0.019145478268518413,0.015309990596505594
a3c772d3fde52dbae832bi,2026-02-23 17:00:00+08:00,0.041181104458333,0.21,0.21,0.0,,,31.2,45.0,0.0,WX_CLEANED,17,0,0,0,0.0425534775277776,0.065953277988583,0.019088296057291555,0.01516253718263506
a3c772d3fde52dbae832bi,2026-02-23 18:00:00+08:00,0.0420927554722219,0.21,0.21,0.0,,,29.4,51.0,0.0,WX_CLEANED,18,0,0,0,0.0428560430972221,0.064257790948083,0.01905649240624988,0.015030602447659695
a3c772d3fde52dbae832bi,2026-02-23 19:00:00+08:00,0.0422710862777774,0.21,0.21,0.0,,,28.1,56.0,0.0,WX_CLEANED,19,0,0,0,0.0423159735277775,0.065182342485833,0.01905462210416654,0.014894225922611744
a3c772d3fde52dbae832bi,2026-02-23 20:00:00+08:00,0.0420773153611108,0.21,0.21,0.0,,,27.5,56.0,0.0,WX_CLEANED,20,0,0,0,0.0418422571805553,0.0653123210374441,0.019064416195023023,0.014755922317395472
a3c772d3fde52dbae832bi,2026-02-23 21:00:00+08:00,0.0417747452499998,0.21,0.2,0.0,,,27.3,58.0,0.0,WX_CLEANED,21,0,0,0,0.0274492333749999,0.0,0.019661312523148018,0.01500458151531214
a3c772d3fde52dbae832bi,2026-02-23 22:00:00+08:00,0.0,0.2,0.16,0.0,,,27.0,60.0,0.0,WX_CLEANED,22,0,0,0,0.0,0.0,0.019661312523148018,0.01500458151531214
a3c772d3fde52dbae832bi,2026-02-23 23:00:00+08:00,0.0,0.16,0.16,0.0,,,26.9,61.0,0.0,WX_CLEANED,23,0,0,0,0.0,0.0,0.019661312523148018,0.01500458151531214
a3c772d3fde52dbae832bi,2026-02-24 00:00:00+08:00,0.0,0.16,0.16,0.0,,,26.9,63.0,0.0,WX_CLEANED,0,1,0,0,0.0,0.0,0.019661312523148018,0.01500458151531214
a3c772d3fde52dbae832bi,2026-02-24 01:00:00+08:00,0.0,0.16,0.16,0.0,,,26.7,65.0,0.0,WX_CLEANED,1,1,0,0,0.0,0.0,0.019661312523148018,0.01500458151531214
a3c772d3fde52dbae832bi,2026-02-24 02:00:00+08:00,0.0,0.16,0.16,0.0,,,26.6,68.0,0.0,WX_CLEANED,2,1,0,0,0.0,0.0,0.019661312523148018,0.01500458151531214
a3c772d3fde52dbae832bi,2026-02-24 03:00:00+08:00,0.0,0.16,0.16,0.0,,,26.3,74.0,0.0,WX_CLEANED,3,1,0,0,0.0,0.0,0.019661312523148018,0.01500458151531214
a3c772d3fde52dbae832bi,2026-02-24 04:00:00+08:00,0.0,0.16,0.16,0.0,,,26.0,77.0,0.0,WX_CLEANED,4,1,0,0,0.0,0.0,0.019661312523148018,0.01500458151531214
a3c772d3fde52dbae832bi,2026-02-24 05:00:00+08:00,0.0,0.16,0.16,0.0,,,25.9,75.0,0.0,WX_CLEANED,5,1,0,0,0.0,0.0,0.019661312523148018,0.01500458151531214
a3c772d3fde52dbae832bi,2026-02-24 06:00:00+08:00,0.0,0.16,0.16,0.0,,,25.6,74.0,0.0,WX_CLEANED,6,1,0,0,0.0,0.0,0.019661312523148018,0.01500458151531214
a3c772d3fde52dbae832bi,2026-02-24 07:00:00+08:00,0.0,0.16,0.16,0.0,,,25.6,74.0,0.0,WX_CLEANED,7,1,0,0,0.0,0.0,0.019661312523148018,0.01500458151531214
a3c772d3fde52dbae832bi,2026-02-24 08:00:00+08:00,0.0,0.16,0.16,0.0,,,26.3,72.0,0.0,WX_CLEANED,8,1,0,0,0.0,0.0,0.019661312523148018,0.01500458151531214
a3c772d3fde52dbae832bi,2026-02-24 09:00:00+08:00,0.0,0.16,0.16,0.0,,,27.5,69.0,0.0,WX_CLEANED,9,1,0,0,0.0,0.0,0.019661312523148018,0.01500458151531214
a3c772d3fde52dbae832bi,2026-02-24 10:00:00+08:00,0.0,0.16,0.16,0.0,,,29.8,59.0,0.0,WX_CLEANED,10,1,0,0,0.0107002377777776,0.0,0.019215469282407284,0.01500458151531214
a3c772d3fde52dbae832bi,2026-02-24 11:00:00+08:00,0.0,0.16,0.16,0.0,,,30.5,58.0,0.3,WX_CLEANED,11,1,0,0,0.0428042562222218,0.0,0.017431958606481376,0.01500458151531214
a3c772d3fde52dbae832bi,2026-02-24 12:00:00+08:00,0.0,0.16,0.16,0.0,,,31.7,54.0,0.0,WX_CLEANED,12,1,0,0,0.0424498829999997,0.0064873799444998,0.015663213481481388,0.014965966158499641
a3c772d3fde52dbae832bi,2026-02-24 13:00:00+08:00,0.0246746481527775,0.16,0.16,0.0,,,31.8,54.0,0.1,WX_CLEANED,13,1,0,0,0.0414925930555555,0.0297703175381385,0.014962465777198971,0.014935634793110587
a3c772d3fde52dbae832bi,2026-02-24 14:00:00+08:00,0.0324889426388885,0.16,0.16,0.0,,,31.0,55.0,0.4,WX_CLEANED,14,1,0,0,0.0417761866805552,0.0302789502681803,0.014575497275462859,0.014948789509602899
a3c772d3fde52dbae832bi,2026-02-24 15:00:00+08:00,0.0328252079722219,0.16,0.16,0.0,,,32.0,51.0,0.3,WX_CLEANED,15,1,0,0,0.0417021892499998,0.035238279851722,0.014205623055555444,0.014934425986510638
a3c772d3fde52dbae832bi,2026-02-24 16:00:00+08:00,0.0402582796388885,0.15,0.2,0.05000000000000002,19.48344072222303,HOURLY_RECON_GT_5PCT,29.6,59.0,0.8,WX_CLEANED,16,1,0,0,0.0415491477499999,0.0412687001226943,0.014151836884259137,0.014928411578868933
a3c772d3fde52dbae832bi,2026-02-24 17:00:00+08:00,0.0420173280555552,0.21,0.21,0.0,,,30.1,58.0,0.3,WX_CLEANED,17,1,0,0,0.041181104458333,0.0416377065277774,0.014186679534143397,0.014930671230819995
a3c772d3fde52dbae832bi,2026-02-24 18:00:00+08:00,0.041807465944444,0.21,0.21,0.0,,,29.9,59.0,0.0,WX_CLEANED,18,1,0,0,0.0420927554722219,0.0420090006249998,0.014174792470485984,0.014929471619626208
a3c772d3fde52dbae832bi,2026-02-24 19:00:00+08:00,0.0416423991388886,0.21,0.2,0.0,,,29.0,63.0,0.0,WX_CLEANED,19,1,0,0,0.0422710862777774,0.0422426944861109,0.014148597173032282,0.0149258984330356
a3c772d3fde52dbae832bi,2026-02-24 20:00:00+08:00,0.0418967021666664,0.21,0.21,0.0,,,28.0,69.0,0.0,WX_CLEANED,20,1,0,0,0.0420773153611108,0.0420276599583331,0.014141071623263765,0.014925118922370917
a3c772d3fde52dbae832bi,2026-02-24 21:00:00+08:00,0.0280457372777776,0.21,0.2,0.0,,,27.5,70.0,0.0,WX_CLEANED,21,1,0,0,0.0417747452499998,0.0278888064722221,0.013569029624421173,0.014926053034308748
a3c772d3fde52dbae832bi,2026-02-24 22:00:00+08:00,0.0,0.06,0.06,0.0,,,27.1,72.0,0.0,WX_CLEANED,22,1,0,0,0.0,0.0,0.013569029624421173,0.014926053034308748
a3c772d3fde52dbae832bi,2026-02-24 23:00:00+08:00,0.0,0.06,0.06,0.0,,,26.9,73.0,0.0,WX_CLEANED,23,1,0,0,0.0,0.0,0.013569029624421173,0.014926053034308748
a3c772d3fde52dbae832bi,2026-02-25 00:00:00+08:00,0.0,0.06,0.06,0.0,,,26.7,73.0,0.0,WX_CLEANED,0,2,0,0,0.0,0.0,0.013569029624421173,0.014926053034308748
a3c772d3fde52dbae832bi,2026-02-25 01:00:00+08:00,0.0,0.06,0.06,0.0,,,26.5,74.0,0.0,WX_CLEANED,1,2,0,0,0.0,0.0,0.013569029624421173,0.014926053034308748
a3c772d3fde52dbae832bi,2026-02-25 02:00:00+08:00,0.0,0.06,0.06,0.0,,,26.5,74.0,0.0,WX_CLEANED,2,2,0,0,0.0,0.0,0.013569029624421173,0.014926053034308748
a3c772d3fde52dbae832bi,2026-02-25 03:00:00+08:00,0.0,0.06,0.06,0.0,,,26.4,74.0,0.0,WX_CLEANED,3,2,0,0,0.0,0.0,0.013569029624421173,0.014926053034308748
a3c772d3fde52dbae832bi,2026-02-25 04:00:00+08:00,0.0,0.06,0.06,0.0,,,26.1,75.0,0.0,WX_CLEANED,4,2,0,0,0.0,0.0,0.013569029624421173,0.014926053034308748
a3c772d3fde52dbae832bi,2026-02-25 05:00:00+08:00,0.0,0.06,0.06,0.0,,,25.9,76.0,0.0,WX_CLEANED,5,2,0,0,0.0,0.0,0.013569029624421173,0.014926053034308748
a3c772d3fde52dbae832bi,2026-02-25 06:00:00+08:00,0.0,0.06,0.06,0.0,,,25.8,76.0,0.0,WX_CLEANED,6,2,0,0,0.0,0.0,0.013569029624421173,0.014926053034308748
a3c772d3fde52dbae832bi,2026-02-25 07:00:00+08:00,0.0,0.06,0.06,0.0,,,26.0,75.0,0.0,WX_CLEANED,7,2,0,0,0.0,0.0,0.013569029624421173,0.014926053034308748
a3c772d3fde52dbae832bi,2026-02-25 08:00:00+08:00,0.0,0.06,0.06,0.0,,,26.8,71.0,0.0,WX_CLEANED,8,2,0,0,0.0,0.0,0.013569029624421173,0.014926053034308748
a3c772d3fde52dbae832bi,2026-02-25 09:00:00+08:00,0.0,0.06,0.01,0.0,,,28.3,63.0,0.0,WX_CLEANED,9,2,0,0,0.0,0.0,0.013569029624421173,0.014926053034308748
a3c772d3fde52dbae832bi,2026-02-25 10:00:00+08:00,0.0,0.01,0.01,0.0,,,30.2,54.0,0.0,WX_CLEANED,10,2,0,0,0.0,0.0,0.013569029624421173,0.014926053034308748
a3c772d3fde52dbae832bi,2026-02-25 11:00:00+08:00,0.0,0.01,0.01,0.0,,,31.4,49.0,0.0,WX_CLEANED,11,2,0,0,0.0,0.0,0.013569029624421173,0.014926053034308748
a3c772d3fde52dbae832bi,2026-02-25 12:00:00+08:00,0.0,0.01,0.01,0.0,,,31.4,51.0,0.0,WX_CLEANED,12,2,0,0,0.0,0.0,0.013569029624421173,0.014926053034308748
a3c772d3fde52dbae832bi,2026-02-25 13:00:00+08:00,0.0241915901944442,0.01,0.12,0.11,78.00764527777801,HOURLY_RECON_GT_5PCT,32.5,46.0,0.0,WX_CLEANED,13,2,0,0,0.0246746481527775,0.0084749246666666,0.01354890220949062,0.015019604614831232
a3c772d3fde52dbae832bi,2026-02-25 14:00:00+08:00,0.0420899293333331,0.12,0.21,0.09,53.23341185185211,HOURLY_RECON_GT_5PCT,32.5,45.0,0.0,WX_CLEANED,14,2,0,0,0.0324889426388885,0.0334268426111108,0.013948943321759145,0.015071170607225414
a3c772d3fde52dbae832bi,2026-02-25 15:00:00+08:00,0.0406214658055553,0.21,0.2,0.0,,,32.9,44.0,0.0,WX_CLEANED,15,2,0,0,0.0328252079722219,0.0320204712916663,0.014273787398148038,0.01512236700314142
a3c772d3fde52dbae832bi,2026-02-25 16:00:00+08:00,0.040279029861110996,0.01,0.2,0.19,78.80051059941528,HOURLY_RECON_GT_5PCT,32.7,44.0,0.0,WX_CLEANED,16,2,0,0,0.0402582796388885,0.032206253972222,0.014274651990740642,0.015170419240575283
a3c772d3fde52dbae832bi,2026-02-25 17:00:00+08:00,0.0410906957638886,0.2,0.21,0.009999999999999981,310.9069576388868,HOURLY_RECON_GT_5PCT,32.0,49.0,0.0,WX_CLEANED,17,2,0,0,0.0420173280555552,0.0325455969999998,0.0142360423119212,0.01522128292369367
a3c772d3fde52dbae832bi,2026-02-25 18:00:00+08:00,0.0419126703333331,0.21,0.21,0.0,,,30.1,55.0,0.0,WX_CLEANED,18,2,0,0,0.041807465944444,0.0327503503888885,0.014240425828124912,0.015275820542410598
a3c772d3fde52dbae832bi,2026-02-25 19:00:00+08:00,0.0427068627499996,0.21,0.21,0.0,,,28.6,59.0,0.0,WX_CLEANED,19,2,0,0,0.0416423991388886,0.0328732399305553,0.01428477847858787,0.015334354011573958
a3c772d3fde52dbae832bi,2026-02-25 20:00:00+08:00,0.0421951476388885,0.21,0.21,0.0,,,27.5,65.0,0.0,WX_CLEANED,20,2,0,0,0.0418967021666664,0.0217469471111109,0.014297213706597126,0.01545606949090597
a3c772d3fde52dbae832bi,2026-02-25 21:00:00+08:00,0.0346120716805554,0.21,0.21,0.0,,,27.0,68.0,0.0,WX_CLEANED,21,2,0,0,0.0280457372777776,0.0,0.014570810973379533,0.01566209372709975
a3c772d3fde52dbae832bi,2026-02-25 22:00:00+08:00,0.0,0.21,0.21,0.0,,,26.5,71.0,0.0,WX_CLEANED,22,2,0,0,0.0,0.0,0.014570810973379533,0.01566209372709975
a3c772d3fde52dbae832bi,2026-02-25 23:00:00+08:00,0.0,0.21,0.21,0.0,,,26.1,73.0,0.0,WX_CLEANED,23,2,0,0,0.0,0.0,0.014570810973379533,0.01566209372709975
a3c772d3fde52dbae832bi,2026-02-26 00:00:00+08:00,0.0,0.21,0.21,0.0,,,25.8,73.0,0.0,WX_CLEANED,0,3,0,0,0.0,0.0,0.014570810973379533,0.01566209372709975
a3c772d3fde52dbae832bi,2026-02-26 01:00:00+08:00,0.0,0.21,0.21,0.0,,,25.6,73.0,0.0,WX_CLEANED,1,3,0,0,0.0,0.0,0.014570810973379533,0.01566209372709975
a3c772d3fde52dbae832bi,2026-02-26 02:00:00+08:00,0.0,0.21,0.21,0.0,,,25.4,74.0,0.0,WX_CLEANED,2,3,0,0,0.0,0.0,0.014570810973379533,0.01566209372709975
a3c772d3fde52dbae832bi,2026-02-26 03:00:00+08:00,0.0,0.21,0.21,0.0,,,25.3,74.0,0.0,WX_CLEANED,3,3,0,0,0.0,0.0,0.014570810973379533,0.01566209372709975
a3c772d3fde52dbae832bi,2026-02-26 04:00:00+08:00,0.0,0.21,0.21,0.0,,,25.4,73.0,0.0,WX_CLEANED,4,3,0,0,0.0,0.0,0.014570810973379533,0.01566209372709975
a3c772d3fde52dbae832bi,2026-02-26 05:00:00+08:00,0.0,0.21,0.21,0.0,,,25.4,73.0,0.0,WX_CLEANED,5,3,0,0,0.0,0.0,0.014570810973379533,0.01566209372709975
a3c772d3fde52dbae832bi,2026-02-26 06:00:00+08:00,0.0,0.21,0.21,0.0,,,25.2,74.0,0.0,WX_CLEANED,6,3,0,0,0.0,0.0,0.014570810973379533,0.01566209372709975
a3c772d3fde52dbae832bi,2026-02-26 07:00:00+08:00,0.0,0.21,0.21,0.0,,,25.4,73.0,0.0,WX_CLEANED,7,3,0,0,0.0,0.0,0.014570810973379533,0.01566209372709975
a3c772d3fde52dbae832bi,2026-02-26 08:00:00+08:00,0.0,0.21,0.21,0.0,,,26.5,70.0,0.0,WX_CLEANED,8,3,0,0,0.0,0.0,0.014570810973379533,0.01566209372709975
a3c772d3fde52dbae832bi,2026-02-26 09:00:00+08:00,0.0,0.21,0.21,0.0,,,28.1,63.0,0.0,WX_CLEANED,9,3,0,0,0.0,0.0,0.014570810973379533,0.01566209372709975
a3c772d3fde52dbae832bi,2026-02-26 10:00:00+08:00,0.0,0.21,0.21,0.0,,,29.5,57.0,0.0,WX_CLEANED,10,3,0,0,0.0,0.0,0.014570810973379533,0.01566209372709975
a3c772d3fde52dbae832bi,2026-02-26 11:00:00+08:00,0.0,0.21,0.21,0.0,,,30.9,51.0,0.0,WX_CLEANED,11,3,0,0,0.0,0.0,0.014570810973379533,0.01566209372709975
a3c772d3fde52dbae832bi,2026-02-26 12:00:00+08:00,0.0,0.21,0.21,0.0,,,32.1,45.0,0.0,WX_CLEANED,12,3,0,0,0.0,0.0,0.014570810973379533,0.01566209372709975
a3c772d3fde52dbae832bi,2026-02-26 13:00:00+08:00,0.0036700644444444,0.21,0.01,0.0,,,32.2,46.0,0.0,WX_CLEANED,13,3,0,0,0.0241915901944442,0.0400642389027776,0.013715747400462873,0.015445461736276337
a3c772d3fde52dbae832bi,2026-02-26 14:00:00+08:00,0.0438361203611108,0.01,0.21,0.19999999999999998,78.08193981944459,HOURLY_RECON_GT_5PCT,31.5,51.0,0.0,WX_CLEANED,14,3,0,0,0.0420899293333331,0.042050736583333,0.013788505359953613,0.015456089020667873
a3c772d3fde52dbae832bi,2026-02-26 15:00:00+08:00,0.0420215365972219,0.21,0.2,0.0,,,31.1,51.0,0.0,WX_CLEANED,15,3,0,0,0.0406214658055553,0.0417997469583331,0.01384684164293972,0.01545740919708983
a3c772d3fde52dbae832bi,2026-02-26 16:00:00+08:00,0.0411717854999996,0.01,0.2,0.19,78.33063921052653,HOURLY_RECON_GT_5PCT,30.6,52.0,0.0,WX_CLEANED,16,3,0,0,0.040279029861110996,0.0415835840555553,0.013884039794560078,0.015454958015211523
a3c772d3fde52dbae832bi,2026-02-26 17:00:00+08:00,0.0408562680416663,0.21,0.2,0.0,,,30.0,55.0,0.0,WX_CLEANED,17,3,0,0,0.0410906957638886,0.0407751231666663,0.013874271972800818,0.015455441020419857
a3c772d3fde52dbae832bi,2026-02-26 18:00:00+08:00,0.0415323793888887,0.2,0.2,0.0,,,28.7,59.0,0.0,WX_CLEANED,18,3,0,0,0.0419126703333331,0.0410045951527775,0.0138584265167823,0.015458582593253849
a3c772d3fde52dbae832bi,2026-02-26 19:00:00+08:00,0.0418786705416665,0.2,0.21,0.009999999999999981,318.7867054166658,HOURLY_RECON_GT_5PCT,27.9,61.0,0.0,WX_CLEANED,19,3,0,0,0.0427068627499996,0.0406756545416664,0.013823918508101754,0.01546574340277766
a3c772d3fde52dbae832bi,2026-02-26 20:00:00+08:00,0.0415699736666664,0.21,0.2,0.0,,,27.4,67.0,0.0,WX_CLEANED,20,3,0,0,0.0421951476388885,0.0336890360972219,0.013797869592592498,0.015512653745452928
a3c772d3fde52dbae832bi,2026-02-26 21:00:00+08:00,0.0343280574444442,0.2,0.2,0.0,,,26.9,69.0,0.0,WX_CLEANED,21,3,0,0,0.0346120716805554,0.0,0.013786035666087867,0.015716987420717476
a3c772d3fde52dbae832bi,2026-02-26 22:00:00+08:00,0.0,0.2,0.13,0.0,,,26.2,73.0,0.0,WX_CLEANED,22,3,0,0,0.0,0.0,0.013786035666087867,0.015716987420717476
a3c772d3fde52dbae832bi,2026-02-26 23:00:00+08:00,0.0,0.13,0.13,0.0,,,25.7,76.0,0.0,WX_CLEANED,23,3,0,0,0.0,0.0,0.013786035666087867,0.015716987420717476
a3c772d3fde52dbae832bi,2026-02-27 00:00:00+08:00,0.0,0.13,0.13,0.0,,,25.2,78.0,0.0,WX_CLEANED,0,4,0,0,0.0,0.0,0.013786035666087867,0.015716987420717476
a3c772d3fde52dbae832bi,2026-02-27 01:00:00+08:00,0.0,0.13,0.13,0.0,,,24.7,78.0,0.0,WX_CLEANED,1,4,0,0,0.0,0.0,0.013786035666087867,0.015716987420717476
a3c772d3fde52dbae832bi,2026-02-27 02:00:00+08:00,0.0,0.13,0.13,0.0,,,24.4,78.0,0.0,WX_CLEANED,2,4,0,0,0.0,0.0,0.013786035666087867,0.015716987420717476
a3c772d3fde52dbae832bi,2026-02-27 03:00:00+08:00,0.0,0.13,0.13,0.0,,,24.2,79.0,0.0,WX_CLEANED,3,4,0,0,0.0,0.0,0.013786035666087867,0.015716987420717476
a3c772d3fde52dbae832bi,2026-02-27 04:00:00+08:00,0.0,0.13,0.13,0.0,,,24.0,80.0,0.0,WX_CLEANED,4,4,0,0,0.0,0.0,0.013786035666087867,0.015716987420717476
a3c772d3fde52dbae832bi,2026-02-27 05:00:00+08:00,0.0,0.13,0.13,0.0,,,24.0,81.0,0.0,WX_CLEANED,5,4,0,0,0.0,0.0,0.013786035666087867,0.015716987420717476
a3c772d3fde52dbae832bi,2026-02-27 06:00:00+08:00,0.0,0.13,0.13,0.0,,,24.0,80.0,0.0,WX_CLEANED,6,4,0,0,0.0,0.0,0.013786035666087867,0.015716987420717476
a3c772d3fde52dbae832bi,2026-02-27 07:00:00+08:00,0.0,0.13,0.13,0.0,,,24.0,79.0,0.0,WX_CLEANED,7,4,0,0,0.0,0.0,0.013786035666087867,0.015716987420717476
a3c772d3fde52dbae832bi,2026-02-27 08:00:00+08:00,0.0,0.13,0.13,0.0,,,25.1,72.0,0.0,WX_CLEANED,8,4,0,0,0.0,0.0,0.013786035666087867,0.015716987420717476
a3c772d3fde52dbae832bi,2026-02-27 09:00:00+08:00,0.0,0.13,0.13,0.0,,,27.0,63.0,0.0,WX_CLEANED,9,4,0,0,0.0,0.0,0.013786035666087867,0.015716987420717476
a3c772d3fde52dbae832bi,2026-02-27 10:00:00+08:00,0.0,0.13,0.13,0.0,,,28.8,58.0,0.0,WX_CLEANED,10,4,0,0,0.0,0.0,0.013786035666087867,0.015716987420717476
a3c772d3fde52dbae832bi,2026-02-27 11:00:00+08:00,0.0,0.13,0.13,0.0,,,29.6,55.0,0.0,WX_CLEANED,11,4,0,0,0.0,0.0,0.013786035666087867,0.015716987420717476
a3c772d3fde52dbae832bi,2026-02-27 12:00:00+08:00,0.0,0.13,0.13,0.0,,,30.3,54.0,0.0,WX_CLEANED,12,4,0,0,0.0,0.0,0.013786035666087867,0.015716987420717476
a3c772d3fde52dbae832bi,2026-02-27 13:00:00+08:00,0.0,0.13,0.13,0.0,,,31.2,52.0,0.0,WX_CLEANED,13,4,0,0,0.0036700644444444,0.0,0.013633116314236018,0.015716987420717476
a3c772d3fde52dbae832bi,2026-02-27 14:00:00+08:00,0.0,0.13,0.13,0.0,,,31.3,51.0,0.0,WX_CLEANED,14,4,0,0,0.0438361203611108,0.0142924365277777,0.011806611299189732,0.015631913393766416
a3c772d3fde52dbae832bi,2026-02-27 15:00:00+08:00,0.0035488521666666,0.13,0.01,0.0,,,32.9,45.0,0.0,WX_CLEANED,15,4,0,0,0.0420215365972219,0.0274975683611108,0.010203582781249929,0.01548936151165663
a3c772d3fde52dbae832bi,2026-02-27 16:00:00+08:00,0.0425867007499997,0.01,0.2,0.19,77.58594697368436,HOURLY_RECON_GT_5PCT,32.5,46.0,0.0,WX_CLEANED,16,4,0,0,0.0411717854999996,0.0299540646388886,0.010262537583333266,0.015564555774222768
a3c772d3fde52dbae832bi,2026-02-27 17:00:00+08:00,0.042371868833333104,0.21,0.21,0.0,,,30.4,59.0,0.0,WX_CLEANED,17,4,0,0,0.0408562680416663,0.0325539194999997,0.010325687616319383,0.015622995948825944
a3c772d3fde52dbae832bi,2026-02-27 18:00:00+08:00,0.0422572892777776,0.21,0.21,0.0,,,29.5,60.0,0.0,WX_CLEANED,18,4,0,0,0.0415323793888887,0.033071947763888596,0.010355892195023088,0.01567767060069433
a3c772d3fde52dbae832bi,2026-02-27 19:00:00+08:00,0.0424879156249998,0.21,0.22,0.010000000000000009,324.87915624999766,HOURLY_RECON_GT_5PCT,29.0,63.0,0.0,WX_CLEANED,19,4,0,0,0.0418786705416665,0.0327995899999997,0.010381277406828641,0.015735339205605044
a3c772d3fde52dbae832bi,2026-02-27 20:00:00+08:00,0.0420113565555553,0.21,0.2,0.0,,,28.1,64.0,0.0,WX_CLEANED,20,4,0,0,0.0415699736666664,0.0324339042777775,0.010399668360532346,0.01579234785011563
a3c772d3fde52dbae832bi,2026-02-27 21:00:00+08:00,0.042210245222222,0.21,0.21,0.0,,,27.5,68.0,0.0,WX_CLEANED,21,4,0,0,0.0343280574444442,0.031757066944444204,0.010728092851273088,0.015854569149388115
a3c772d3fde52dbae832bi,2026-02-27 22:00:00+08:00,0.0421410545555553,0.21,0.21,0.0,,,26.7,71.0,0.0,WX_CLEANED,22,4,0,0,0.0,0.0327110004999997,0.012483970124421226,0.015910700423528327
a3c772d3fde52dbae832bi,2026-02-27 23:00:00+08:00,0.041574074458333096,0.21,0.2,0.0,,,26.2,74.0,0.0,WX_CLEANED,23,4,0,0,0.0,0.0328015215555552,0.014216223226851772,0.015962918000330575
a3c772d3fde52dbae832bi,2026-02-28 00:00:00+08:00,0.0413415780833329,0.21,0.2,0.0,,,26.0,75.0,0.0,WX_CLEANED,0,5,1,0,0.0,0.0332546525555553,0.015938788980323974,0.01601105446180544
a3c772d3fde52dbae832bi,2026-02-28 01:00:00+08:00,0.041689836736111,0.21,0.2,0.0,,,25.7,76.0,0.0,WX_CLEANED,1,5,1,0,0.0,0.0332130921944442,0.01767586551099527,0.016061511274553457
a3c772d3fde52dbae832bi,2026-02-28 02:00:00+08:00,0.0415349037916666,0.2,0.21,0.009999999999999981,315.34903791666676,HOURLY_RECON_GT_5PCT,25.3,78.0,0.0,WX_CLEANED,2,5,1,0,0.0,0.0,0.019406486502314708,0.01630874284474195
a3c772d3fde52dbae832bi,2026-02-28 03:00:00+08:00,0.0136431834166666,0.21,0.13,0.0,,,25.1,79.0,0.0,WX_CLEANED,3,5,1,0,0.0,0.0,0.01997495247800915,0.016389952269841156
a3c772d3fde52dbae832bi,2026-02-28 04:00:00+08:00,0.0,0.13,0.13,0.0,,,24.8,80.0,0.0,WX_CLEANED,4,5,1,0,0.0,0.0,0.01997495247800915,0.016389952269841156
a3c772d3fde52dbae832bi,2026-02-28 05:00:00+08:00,0.0325450873611109,0.13,0.2,0.07,53.50701805555587,HOURLY_RECON_GT_5PCT,24.5,81.0,0.0,WX_CLEANED,5,5,1,0,0.0,0.0,0.021330997784722108,0.01658367302794301
a3c772d3fde52dbae832bi,2026-02-28 06:00:00+08:00,0.0423496365833331,0.2,0.21,0.009999999999999981,323.4963658333318,HOURLY_RECON_GT_5PCT,24.5,81.0,0.0,WX_CLEANED,6,5,1,0,0.0,0.0,0.023095565975694315,0.016835754198081896
a3c772d3fde52dbae832bi,2026-02-28 07:00:00+08:00,0.042519569166666396,0.21,0.21,0.0,,,24.8,77.0,0.0,WX_CLEANED,7,5,1,0,0.0,0.0,0.024867214690972084,0.017088846871693004
a3c772d3fde52dbae832bi,2026-02-28 08:00:00+08:00,0.0101026296388888,0.21,0.01,0.0,,,25.5,73.0,0.0,WX_CLEANED,8,5,1,0,0.0,0.0,0.02528815759259245,0.017148981571924488
a3c772d3fde52dbae832bi,2026-02-28 09:00:00+08:00,0.0059492265,0.01,0.07,0.060000000000000005,90.0846225,HOURLY_RECON_GT_5PCT,27.5,63.0,0.0,WX_CLEANED,9,5,1,0,0.0,0.0,0.02553604203009245,0.017184393634424484
a3c772d3fde52dbae832bi,2026-02-28 10:00:00+08:00,0.0,0.07,0.07,0.0,,,29.5,54.0,0.0,WX_CLEANED,10,5,1,0,0.0,0.0,0.02553604203009245,0.017184393634424484
a3c772d3fde52dbae832bi,2026-02-28 11:00:00+08:00,0.0,0.07,0.07,0.0,,,31.2,45.0,0.0,WX_CLEANED,11,5,1,0,0.0,0.0,0.02553604203009245,0.017184393634424484
a3c772d3fde52dbae832bi,2026-02-28 12:00:00+08:00,0.0,0.07,0.07,0.0,,,31.8,43.0,0.0,WX_CLEANED,12,5,1,0,0.0,0.0,0.02553604203009245,0.017184393634424484
a3c772d3fde52dbae832bi,2026-02-28 13:00:00+08:00,0.0,0.07,0.07,0.0,,,32.2,44.0,0.0,WX_CLEANED,13,5,1,0,0.0,0.0,0.02553604203009245,0.017184393634424484
a3c772d3fde52dbae832bi,2026-02-28 14:00:00+08:00,0.0,0.07,0.07,0.0,,,32.4,44.0,0.0,WX_CLEANED,14,5,1,0,0.0,0.0,0.02553604203009245,0.017184393634424484
a3c772d3fde52dbae832bi,2026-02-28 15:00:00+08:00,0.0327718924444443,0.07,0.21,0.13999999999999999,76.5915053968255,HOURLY_RECON_GT_5PCT,33.0,41.0,0.0,WX_CLEANED,15,5,1,0,0.0035488521666666,0.0142115061805554,0.02675366870833319,0.01729487212409049
a3c772d3fde52dbae832bi,2026-02-28 16:00:00+08:00,0.0433933700277776,0.01,0.21,0.19999999999999998,78.30331498611119,HOURLY_RECON_GT_5PCT,33.0,40.0,0.0,WX_CLEANED,16,5,1,0,0.0425867007499997,0.0334763828333332,0.026787279928240603,0.017353901809771706
a3c772d3fde52dbae832bi,2026-02-28 17:00:00+08:00,0.0421814794027775,0.21,0.2,0.0,,,32.0,43.0,0.0,WX_CLEANED,17,5,1,0,0.042371868833333104,0.0327494984166665,0.026779347035300785,0.017410044553736653
a3c772d3fde52dbae832bi,2026-02-28 18:00:00+08:00,0.0420237883472219,0.2,0.21,0.009999999999999981,320.23788347221983,HOURLY_RECON_GT_5PCT,30.2,50.0,0.0,WX_CLEANED,18,5,1,0,0.0422572892777776,0.0325833682638885,0.026769617829860964,0.017466237530423163
a3c772d3fde52dbae832bi,2026-02-28 19:00:00+08:00,0.0415748193611109,0.21,0.21,0.0,,,28.8,55.0,0.0,WX_CLEANED,19,5,1,0,0.0424879156249998,0.0325821783888885,0.026731572152198926,0.01751976515525782
a3c772d3fde52dbae832bi,2026-02-28 20:00:00+08:00,0.0416949276111109,0.21,0.2,0.0,,,27.7,65.0,0.0,WX_CLEANED,20,5,1,0,0.0420113565555553,0.0327137691666664,0.026718387612847075,0.017573224431712844
a3c772d3fde52dbae832bi,2026-02-28 21:00:00+08:00,0.041798687944444204,0.2,0.21,0.009999999999999981,317.9868794444428,HOURLY_RECON_GT_5PCT,27.1,67.0,0.0,WX_CLEANED,21,5,1,0,0.042210245222222,0.0328104312777776,0.026701239392939665,0.017626725959490625
a3c772d3fde52dbae832bi,2026-02-28 22:00:00+08:00,0.0418032627222219,0.21,0.21,0.0,,,26.2,72.0,0.0,WX_CLEANED,22,5,1,0,0.0421410545555553,0.0323810325694441,0.02668716473321744,0.017682810662780966
a3c772d3fde52dbae832bi,2026-02-28 23:00:00+08:00,0.0414290769027774,0.21,0.21,0.0,,,25.7,73.0,0.0,WX_CLEANED,23,5,1,0,0.041574074458333096,0.0327025077361107,0.026681123168402616,0.017734754526868266
a3c772d3fde52dbae832bi,2026-03-01 00:00:00+08:00,0.041142926472222,0.21,0.2,0.0,,,25.5,73.0,0.0,WX_CLEANED,0,6,1,0,0.0413415780833329,0.0334331939444441,0.026672846017939667,0.017780645791914566
a3c772d3fde52dbae832bi,2026-03-01 01:00:00+08:00,0.0416287186388887,0.2,0.21,0.009999999999999981,316.2871863888878,HOURLY_RECON_GT_5PCT,25.3,72.0,0.0,WX_CLEANED,1,6,1,0,0.041689836736111,0.032292510597222004,0.026670299430555402,0.01783621845882925
a3c772d3fde52dbae832bi,2026-03-01 02:00:00+08:00,0.0414998691666663,0.21,0.2,0.0,,,25.2,71.0,0.0,WX_CLEANED,2,6,1,0,0.0415349037916666,0.0325466601666663,0.026668839654513724,0.017889511369543535
a3c772d3fde52dbae832bi,2026-03-01 03:00:00+08:00,0.0,0.2,0.13,0.0,,,25.4,69.0,0.0,WX_CLEANED,3,6,1,0,0.0136431834166666,0.0325082195694441,0.026100373678819285,0.017696010062582555
a3c772d3fde52dbae832bi,2026-03-01 04:00:00+08:00,0.0,0.13,0.13,0.0,,,25.1,71.0,0.0,WX_CLEANED,4,6,1,0,0.0,0.0,0.026100373678819285,0.017696010062582555
a3c772d3fde52dbae832bi,2026-03-01 05:00:00+08:00,0.0,0.13,0.13,0.0,,,24.9,73.0,0.0,WX_CLEANED,5,6,1,0,0.0325450873611109,0.0,0.024744328372106328,0.017696010062582555
a3c772d3fde52dbae832bi,2026-03-01 06:00:00+08:00,0.0,0.13,0.13,0.0,,,24.7,74.0,0.0,WX_CLEANED,6,6,1,0,0.0423496365833331,0.0,0.02297976018113412,0.017696010062582555
a3c772d3fde52dbae832bi,2026-03-01 07:00:00+08:00,0.0,0.13,0.13,0.0,,,25.0,72.0,0.0,WX_CLEANED,7,6,1,0,0.042519569166666396,0.0,0.021208111465856352,0.017696010062582555
a3c772d3fde52dbae832bi,2026-03-01 08:00:00+08:00,0.0,0.13,0.13,0.0,,,26.0,66.0,0.0,WX_CLEANED,8,6,1,0,0.0101026296388888,0.0,0.020787168564235983,0.017696010062582555
a3c772d3fde52dbae832bi,2026-03-01 09:00:00+08:00,0.0,0.13,0.13,0.0,,,27.8,58.0,0.0,WX_CLEANED,9,6,1,0,0.0059492265,0.0,0.020539284126735984,0.017696010062582555
a3c772d3fde52dbae832bi,2026-03-01 10:00:00+08:00,0.0104510672222221,0.13,0.13,0.0,,,29.4,53.0,0.0,WX_CLEANED,10,6,1,0,0.0,0.0,0.02097474526099524,0.017758218796048164
a3c772d3fde52dbae832bi,2026-03-01 11:00:00+08:00,0.034798765097222,0.13,0.21,0.07999999999999999,56.5015436284725,HOURLY_RECON_GT_5PCT,30.3,51.0,0.0,WX_CLEANED,11,6,1,0,0.0,0.0,0.02242469380671282,0.017965354302579246
a3c772d3fde52dbae832bi,2026-03-01 12:00:00+08:00,0.0200630881111111,0.21,0.09,0.0,,,31.2,51.0,0.0,WX_CLEANED,12,6,1,0,0.0,0.024557672597222,0.023260655811342446,0.017938600823495257
a3c772d3fde52dbae832bi,2026-03-01 13:00:00+08:00,0.0337600152361108,0.09,0.17,0.08000000000000002,57.79998095486151,HOURLY_RECON_GT_5PCT,31.5,50.0,0.2,WX_CLEANED,13,6,1,0,0.0,0.0415801195138886,0.024667323112847066,0.017892052583746577
a3c772d3fde52dbae832bi,2026-03-01 14:00:00+08:00,0.0323127663194443,0.17,0.16,0.0,,,31.8,52.0,0.3,WX_CLEANED,14,6,1,0,0.0,0.0414873288194443,0.02601368837615724,0.01783744209267515
a3c772d3fde52dbae832bi,2026-03-01 15:00:00+08:00,0.0317169086388887,0.16,0.16,0.0,,,32.1,52.0,0.1,WX_CLEANED,15,6,1,0,0.0327718924444443,0.0421104564444442,0.02596973071759243,0.017775575736689697
a3c772d3fde52dbae832bi,2026-03-01 16:00:00+08:00,0.031622484208333204,0.13,0.16,0.03,5.408280694444017,HOURLY_RECON_GT_5PCT,31.6,56.0,0.0,WX_CLEANED,16,6,1,0,0.0433933700277776,0.0422767697777775,0.025479277141782247,0.01771215737020491
a3c772d3fde52dbae832bi,2026-03-01 17:00:00+08:00,0.0317916945138886,0.16,0.16,0.0,,,31.4,55.0,0.0,WX_CLEANED,17,6,1,0,0.0421814794027775,0.0425534775277776,0.02504636943807854,0.017648099137979385
a3c772d3fde52dbae832bi,2026-03-01 18:00:00+08:00,0.0320601453055554,0.15,0.17,0.020000000000000018,60.300726527776845,HOURLY_RECON_GT_5PCT,30.5,57.0,0.0,WX_CLEANED,18,6,1,0,0.0420237883472219,0.0428560430972221,0.02463121764467577,0.017583837841600412
a3c772d3fde52dbae832bi,2026-03-01 19:00:00+08:00,0.0322180587499998,0.16,0.16,0.0,,,29.5,61.0,0.0,WX_CLEANED,19,6,1,0,0.0415748193611109,0.0423159735277775,0.024241352619212803,0.017523731206018404
a3c772d3fde52dbae832bi,2026-03-01 20:00:00+08:00,0.0321824199722221,0.16,0.16,0.0,,,29.0,63.0,0.0,WX_CLEANED,20,6,1,0,0.0416949276111109,0.0418422571805553,0.02384499813425911,0.01746623217501642
a3c772d3fde52dbae832bi,2026-03-01 21:00:00+08:00,0.0320428374722219,0.16,0.16,0.0,,,28.5,64.0,0.0,WX_CLEANED,21,6,1,0,0.041798687944444204,0.0274492333749999,0.023438504364583182,0.017493575056547504
a3c772d3fde52dbae832bi,2026-03-01 22:00:00+08:00,0.0,0.12,0.12,0.0,,,28.1,66.0,0.0,WX_CLEANED,22,6,1,0,0.0418032627222219,0.0,0.02169670175115727,0.017493575056547504
a3c772d3fde52dbae832bi,2026-03-01 23:00:00+08:00,0.0,0.12,0.12,0.0,,,27.6,70.0,0.0,WX_CLEANED,23,6,1,0,0.0414290769027774,0.0,0.019970490213541543,0.017493575056547504
a3c772d3fde52dbae832bi,2026-03-02 00:00:00+08:00,0.0,0.01,0.01,0.0,,,27.3,74.0,0.0,WX_CLEANED,0,0,0,0,0.041142926472222,0.0,0.01825620161053229,0.017493575056547504
a3c772d3fde52dbae832bi,2026-03-02 01:00:00+08:00,0.0,0.01,0.01,0.0,,,27.2,75.0,0.0,WX_CLEANED,1,0,0,0,0.0416287186388887,0.0,0.01652167166724526,0.017493575056547504
a3c772d3fde52dbae832bi,2026-03-02 02:00:00+08:00,0.0,0.01,0.01,0.0,,,26.8,78.0,0.0,WX_CLEANED,2,0,0,0,0.0414998691666663,0.0,0.0147925104519675,0.017493575056547504
a3c772d3fde52dbae832bi,2026-03-02 03:00:00+08:00,0.0,0.01,0.01,0.0,,,26.8,76.0,0.0,WX_CLEANED,3,0,0,0,0.0,0.0,0.0147925104519675,0.017493575056547504
a3c772d3fde52dbae832bi,2026-03-02 04:00:00+08:00,0.0,0.01,0.01,0.0,,,26.5,76.0,0.1,WX_CLEANED,4,0,0,0,0.0,0.0,0.0147925104519675,0.017493575056547504
a3c772d3fde52dbae832bi,2026-03-02 05:00:00+08:00,0.0,0.01,0.01,0.0,,,26.2,75.0,0.1,WX_CLEANED,5,0,0,0,0.0,0.0,0.0147925104519675,0.017493575056547504
a3c772d3fde52dbae832bi,2026-03-02 06:00:00+08:00,0.0,0.01,0.01,0.0,,,26.0,77.0,0.1,WX_CLEANED,6,0,0,0,0.0,0.0,0.0147925104519675,0.017493575056547504
a3c772d3fde52dbae832bi,2026-03-02 07:00:00+08:00,0.0,0.01,0.01,0.0,,,26.0,77.0,0.0,WX_CLEANED,7,0,0,0,0.0,0.0,0.0147925104519675,0.017493575056547504
a3c772d3fde52dbae832bi,2026-03-02 08:00:00+08:00,0.0,0.01,0.01,0.0,,,26.4,78.0,0.0,WX_CLEANED,8,0,0,0,0.0,0.0,0.0147925104519675,0.017493575056547504
a3c772d3fde52dbae832bi,2026-03-02 09:00:00+08:00,0.0,0.01,0.01,0.0,,,27.0,76.0,0.4,WX_CLEANED,9,0,0,0,0.0,0.0,0.0147925104519675,0.017493575056547504
a3c772d3fde52dbae832bi,2026-03-02 10:00:00+08:00,0.0,0.01,0.01,0.0,,,29.0,67.0,0.1,WX_CLEANED,10,0,0,0,0.0104510672222221,0.0107002377777776,0.014357049317708245,0.01742988316501311
a3c772d3fde52dbae832bi,2026-03-02 11:00:00+08:00,0.0,0.01,0.01,0.0,,,30.5,59.0,0.2,WX_CLEANED,11,0,0,0,0.034798765097222,0.0428042562222218,0.012907100771990662,0.017175095925595126
a3c772d3fde52dbae832bi,2026-03-02 12:00:00+08:00,0.0,0.01,0.01,0.0,,,31.2,55.0,0.2,WX_CLEANED,12,0,0,0,0.0200630881111111,0.0424498829999997,0.012071138767361031,0.016922418050595127
a3c772d3fde52dbae832bi,2026-03-02 13:00:00+08:00,0.0,0.01,0.01,0.0,,,31.6,54.0,0.1,WX_CLEANED,13,0,0,0,0.0337600152361108,0.0414925930555555,0.010664471465856418,0.016675438330026344
a3c772d3fde52dbae832bi,2026-03-02 14:00:00+08:00,0.0,0.01,0.01,0.0,,,31.3,58.0,0.0,WX_CLEANED,14,0,0,0,0.0323127663194443,0.0417761866805552,0.009318106202546238,0.016426770552165897
a3c772d3fde52dbae832bi,2026-03-02 15:00:00+08:00,0.0105954066666665,0.01,0.01,0.0,,,31.5,57.0,0.0,WX_CLEANED,15,0,0,0,0.0317169086388887,0.0417021892499998,0.008438043620370312,0.016241611132027007
a3c772d3fde52dbae832bi,2026-03-02 16:00:00+08:00,0.0422537956388886,0.01,0.2,0.19,77.76116019005863,HOURLY_RECON_GT_5PCT,31.2,58.0,0.0,WX_CLEANED,16,0,0,0,0.031622484208333204,0.0415491477499999,0.008881014929976788,0.016245805464698965
a3c772d3fde52dbae832bi,2026-03-02 17:00:00+08:00,0.0418801781666664,0.21,0.21,0.0,,,30.8,60.0,0.0,WX_CLEANED,17,0,0,0,0.0317916945138886,0.041181104458333,0.009301368415509196,0.016249966617724758
a3c772d3fde52dbae832bi,2026-03-02 18:00:00+08:00,0.0420483424722219,0.2,0.21,0.009999999999999981,320.4834247222198,HOURLY_RECON_GT_5PCT,30.0,64.0,0.0,WX_CLEANED,18,0,0,0,0.0320601453055554,0.0420927554722219,0.009717543297453633,0.016249702254629524
a3c772d3fde52dbae832bi,2026-03-02 19:00:00+08:00,0.0420011813611108,0.21,0.21,0.0,,,29.0,69.0,0.0,WX_CLEANED,19,0,0,0,0.0322180587499998,0.0422710862777774,0.010125173406249926,0.0162480956777446
a3c772d3fde52dbae832bi,2026-03-02 20:00:00+08:00,0.0422670263194442,0.21,0.21,0.0,,,28.7,69.0,0.0,WX_CLEANED,20,0,0,0,0.0321824199722221,0.0420773153611108,0.010545365337384179,0.016249224909639443
a3c772d3fde52dbae832bi,2026-03-02 21:00:00+08:00,0.0281399563888887,0.21,0.21,0.0,,,28.1,71.0,0.0,WX_CLEANED,21,0,0,0,0.0320428374722219,0.0417747452499998,0.010382745292245296,0.016168065452132827
a3c772d3fde52dbae832bi,2026-03-02 22:00:00+08:00,0.0,0.02,0.02,0.0,,,27.4,74.0,0.0,WX_CLEANED,22,0,0,0,0.0,0.0,0.010382745292245296,0.016168065452132827
a3c772d3fde52dbae832bi,2026-03-02 23:00:00+08:00,0.0,0.02,0.02,0.0,,,26.9,77.0,0.0,WX_CLEANED,23,0,0,0,0.0,0.0,0.010382745292245296,0.016168065452132827
a3c772d3fde52dbae832bi,2026-03-03 00:00:00+08:00,0.0,0.02,0.02,0.0,,,,,,,0,1,0,0,0.0,0.0,0.010382745292245296,0.016168065452132827
a3c772d3fde52dbae832bi,2026-03-03 01:00:00+08:00,0.0,0.02,0.02,0.0,,,,,,,1,1,0,0,0.0,0.0,0.010382745292245296,0.016168065452132827
a3c772d3fde52dbae832bi,2026-03-03 02:00:00+08:00,0.0,0.02,0.02,0.0,,,,,,,2,1,0,0,0.0,0.0,0.010382745292245296,0.016168065452132827
a3c772d3fde52dbae832bi,2026-03-03 03:00:00+08:00,0.0,0.02,0.02,0.0,,,,,,,3,1,0,0,0.0,0.0,0.010382745292245296,0.016168065452132827
a3c772d3fde52dbae832bi,2026-03-03 04:00:00+08:00,0.0,0.02,0.02,0.0,,,,,,,4,1,0,0,0.0,0.0,0.010382745292245296,0.016168065452132827
a3c772d3fde52dbae832bi,2026-03-03 05:00:00+08:00,0.0,0.02,0.02,0.0,,,,,,,5,1,0,0,0.0,0.0,0.010382745292245296,0.016168065452132827
a3c772d3fde52dbae832bi,2026-03-03 06:00:00+08:00,0.0,0.02,0.02,0.0,,,,,,,6,1,0,0,0.0,0.0,0.010382745292245296,0.016168065452132827
a3c772d3fde52dbae832bi,2026-03-03 07:00:00+08:00,0.0,0.02,0.02,0.0,,,,,,,7,1,0,0,0.0,0.0,0.010382745292245296,0.016168065452132827
a3c772d3fde52dbae832bi,2026-03-03 08:00:00+08:00,0.0,0.02,0.02,0.0,,,,,,,8,1,0,0,0.0,0.0,0.010382745292245296,0.016168065452132827
a3c772d3fde52dbae832bi,2026-03-03 09:00:00+08:00,0.0,0.02,0.02,0.0,,,,,,,9,1,0,0,0.0,0.0,0.010382745292245296,0.016168065452132827
a3c772d3fde52dbae832bi,2026-03-03 10:00:00+08:00,0.0,0.02,0.02,0.0,,,,,,,10,1,0,0,0.0,0.0,0.010382745292245296,0.016168065452132827
a3c772d3fde52dbae832bi,2026-03-03 11:00:00+08:00,0.0,0.02,0.02,0.0,,,,,,,11,1,0,0,0.0,0.0,0.010382745292245296,0.016168065452132827
a3c772d3fde52dbae832bi,2026-03-03 12:00:00+08:00,0.0,0.02,0.02,0.0,,,,,,,12,1,0,0,0.0,0.0,0.010382745292245296,0.016168065452132827
a3c772d3fde52dbae832bi,2026-03-03 13:00:00+08:00,0.0400644877499998,0.01,0.2,0.19,78.91342750000011,HOURLY_RECON_GT_5PCT,,,,,13,1,0,0,0.0,0.0246746481527775,0.012052098948495288,0.016259671640211533
a3c772d3fde52dbae832bi,2026-03-03 14:00:00+08:00,0.0413100393888886,0.21,0.2,0.0,,,,,,,14,1,0,0,0.0,0.0324889426388885,0.013773350589698979,0.01631217816848534
a3c772d3fde52dbae832bi,2026-03-03 15:00:00+08:00,0.040922026944444204,0.21,0.2,0.0,,,,,,,15,1,0,0,0.0105954066666665,0.0328252079722219,0.01503695976793972,0.016360373519510477
a3c772d3fde52dbae832bi,2026-03-03 16:00:00+08:00,0.0415350634166664,0.01,0.2,0.19,78.13944030701768,HOURLY_RECON_GT_5PCT,,,,,16,1,0,0,0.0422537956388886,0.0402582796388885,0.01500701259201379,0.01636797342294963
a3c772d3fde52dbae832bi,2026-03-03 17:00:00+08:00,0.041791940583333104,0.21,0.21,0.0,,,,,,,17,1,0,0,0.0418801781666664,0.0420173280555552,0.01500333602604157,0.016366631830853066
a3c772d3fde52dbae832bi,2026-03-03 18:00:00+08:00,0.0420659189999997,0.21,0.21,0.0,,,,,,,18,1,0,0,0.0420483424722219,0.041807465944444,0.015004068381365648,0.016368170241898045
a3c772d3fde52dbae832bi,2026-03-03 19:00:00+08:00,0.0426500746111108,0.21,0.21,0.0,,,,,,,19,1,0,0,0.0420011813611108,0.0416423991388886,0.015031105600115646,0.016374168310185084
a3c772d3fde52dbae832bi,2026-03-03 20:00:00+08:00,0.0426153297916664,0.22,0.21,0.0,,,,,,,20,1,0,0,0.0422670263194442,0.0418967021666664,0.015045618244791573,0.016378445855571983
a3c772d3fde52dbae832bi,2026-03-03 21:00:00+08:00,0.0422313712222219,0.21,0.21,0.0,,,,,,,21,1,0,0,0.0281399563888887,0.0280457372777776,0.015632760529513786,0.016462884152860343
a3c772d3fde52dbae832bi,2026-03-03 22:00:00+08:00,0.0070070484722222,0.21,0.01,0.0,,,,,,,22,1,0,0,0.0,0.0,0.015924720882523048,0.016504592774718812
a3c772d3fde52dbae832bi,2026-03-03 23:00:00+08:00,0.0,0.01,0.01,0.0,,,,,,,23,1,0,0,0.0,0.0,0.015924720882523048,0.016504592774718812
a3c772d3fde52dbae832bi,2026-03-04 00:00:00+08:00,0.0,0.01,0.01,0.0,,,,,,,0,2,0,0,0.0,0.0,0.015924720882523048,0.016504592774718812
a3c772d3fde52dbae832bi,2026-03-04 01:00:00+08:00,0.0,0.01,0.01,0.0,,,,,,,1,2,0,0,0.0,0.0,0.015924720882523048,0.016504592774718812
a3c772d3fde52dbae832bi,2026-03-04 02:00:00+08:00,0.0,0.01,0.01,0.0,,,,,,,2,2,0,0,0.0,0.0,0.015924720882523048,0.016504592774718812
a3c772d3fde52dbae832bi,2026-03-04 03:00:00+08:00,0.0,0.01,0.01,0.0,,,,,,,3,2,0,0,0.0,0.0,0.015924720882523048,0.016504592774718812
a3ed2fe218a724b4fepeni,2026-01-02 16:00:00+08:00,0.2366135,0.0182,0.109,0.09079999999999999,160.58755506607932,HOURLY_RECON_GT_5PCT,25.3,83.0,1.5,WX_CLEANED,16,4,0,0,,,0.2366135,0.2366135
a3ed2fe218a724b4fepeni,2026-01-02 17:00:00+08:00,0.3104840583333331,0.1272,0.218,0.09079999999999999,241.94279552129197,HOURLY_RECON_GT_5PCT,24.4,90.0,2.9,WX_CLEANED,17,4,0,0,,,0.27354877916666653,0.27354877916666653
a3ed2fe218a724b4fepeni,2026-01-02 18:00:00+08:00,0.31789681666666664,0.2362,0.327,0.09080000000000002,250.10662628487506,HOURLY_RECON_GT_5PCT,23.5,93.0,2.9,WX_CLEANED,18,4,0,0,,,0.28833145833333323,0.28833145833333323
a3ed2fe218a724b4fepeni,2026-01-02 19:00:00+08:00,0.3143484916666663,0.3452,0.4361,0.09089999999999998,245.81792262559557,HOURLY_RECON_GT_5PCT,23.4,94.0,2.9,WX_CLEANED,19,4,0,0,,,0.2948357166666665,0.2948357166666665
a3ed2fe218a724b4fepeni,2026-01-02 20:00:00+08:00,0.2962739583333333,0.4542,0.5451,0.09090000000000004,225.93394756142266,HOURLY_RECON_GT_5PCT,23.6,93.0,1.4,WX_CLEANED,20,4,0,0,,,0.2951233649999999,0.2951233649999999
a3ed2fe218a724b4fepeni,2026-01-02 21:00:00+08:00,0.0,0.5632,0.6541,0.09089999999999998,100.0,HOURLY_RECON_GT_5PCT,23.8,91.0,0.2,WX_CLEANED,21,4,0,0,,,0.2459361374999999,0.2459361374999999
a3ed2fe218a724b4fepeni,2026-01-02 22:00:00+08:00,0.0,0.6722,0.7631,0.09089999999999998,100.0,HOURLY_RECON_GT_5PCT,23.8,90.0,0.0,WX_CLEANED,22,4,0,0,,,0.2108024035714285,0.2108024035714285
a3ed2fe218a724b4fepeni,2026-01-02 23:00:00+08:00,0.0,0.7813,0.8721,0.09079999999999999,100.0,HOURLY_RECON_GT_5PCT,23.8,89.0,0.0,WX_CLEANED,23,4,0,0,,,0.18445210312499993,0.18445210312499993
a3ed2fe218a724b4fepeni,2026-01-03 00:00:00+08:00,0.0,0.8903,0.9811,0.09079999999999999,100.0,HOURLY_RECON_GT_5PCT,24.0,88.0,0.0,WX_CLEANED,0,5,1,0,,,0.16395742499999993,0.16395742499999993
a3ed2fe218a724b4fepeni,2026-01-03 01:00:00+08:00,0.0,0.9993,1.0901,0.0908000000000001,100.0,HOURLY_RECON_GT_5PCT,24.0,88.0,0.0,WX_CLEANED,1,5,1,0,,,0.14756168249999996,0.14756168249999996
a3ed2fe218a724b4fepeni,2026-01-03 02:00:00+08:00,0.0,1.1083,1.1991,0.09079999999999999,100.0,HOURLY_RECON_GT_5PCT,23.8,86.0,0.0,WX_CLEANED,2,5,1,0,,,0.13414698409090905,0.13414698409090905
a3ed2fe218a724b4fepeni,2026-01-03 03:00:00+08:00,0.0,1.2173,1.2911,0.07379999999999987,100.0,HOURLY_RECON_GT_5PCT,23.8,86.0,0.0,WX_CLEANED,3,5,1,0,,,0.12296806874999995,0.12296806874999995
a3ed2fe218a724b4fepeni,2026-01-03 04:00:00+08:00,0.0,1.2926,1.301,0.008399999999999963,100.0,HOURLY_RECON_GT_5PCT,23.8,84.0,0.0,WX_CLEANED,4,5,1,0,,,0.1135089865384615,0.1135089865384615
a3ed2fe218a724b4fepeni,2026-01-03 05:00:00+08:00,0.0,1.305,1.3188,0.013800000000000034,100.0,HOURLY_RECON_GT_5PCT,23.6,83.0,0.0,WX_CLEANED,5,5,1,0,,,0.10540120178571424,0.10540120178571424
a3ed2fe218a724b4fepeni,2026-01-03 06:00:00+08:00,0.0,1.3188,1.3646,0.04580000000000006,100.0,HOURLY_RECON_GT_5PCT,23.6,82.0,0.0,WX_CLEANED,6,5,1,0,,,0.09837445499999996,0.09837445499999996
a3ed2fe218a724b4fepeni,2026-01-03 07:00:00+08:00,0.0,1.377,1.4385,0.06149999999999989,100.0,HOURLY_RECON_GT_5PCT,23.6,81.0,0.0,WX_CLEANED,7,5,1,0,,,0.09222605156249997,0.09222605156249997
a3ed2fe218a724b4fepeni,2026-01-03 08:00:00+08:00,0.0,1.4507,1.5122,0.06149999999999989,100.0,HOURLY_RECON_GT_5PCT,24.5,79.0,0.0,WX_CLEANED,8,5,1,0,,,0.08680098970588232,0.08680098970588232
a3ed2fe218a724b4fepeni,2026-01-03 09:00:00+08:00,0.0,1.5245,1.5853,0.060799999999999965,100.0,HOURLY_RECON_GT_5PCT,25.4,75.0,0.0,WX_CLEANED,9,5,1,0,,,0.08197871249999997,0.08197871249999997
a3ed2fe218a724b4fepeni,2026-01-03 10:00:00+08:00,0.0,1.5974,1.6575,0.06010000000000004,100.0,HOURLY_RECON_GT_5PCT,25.9,72.0,0.0,WX_CLEANED,10,5,1,0,,,0.0776640434210526,0.0776640434210526
a3ed2fe218a724b4fepeni,2026-01-03 11:00:00+08:00,0.0,1.6695,1.7299,0.06040000000000001,100.0,HOURLY_RECON_GT_5PCT,26.9,67.0,0.0,WX_CLEANED,11,5,1,0,,,0.07378084124999998,0.07378084124999998
a3ed2fe218a724b4fepeni,2026-01-03 12:00:00+08:00,0.0138167333333331,1.742,1.7902,0.04820000000000002,71.33457814661183,HOURLY_RECON_GT_5PCT,27.2,66.0,0.0,WX_CLEANED,12,5,1,0,,,0.0709254075396825,0.0709254075396825
a3ed2fe218a724b4fepeni,2026-01-03 13:00:00+08:00,0.1427468666666666,1.8011,1.892,0.09089999999999998,57.037257059039206,HOURLY_RECON_GT_5PCT,26.9,66.0,0.0,WX_CLEANED,13,5,1,0,,,0.07419001931818178,0.07419001931818178
a3ed2fe218a724b4fepeni,2026-01-03 14:00:00+08:00,0.19515049166666631,1.9101,2.001,0.09089999999999998,114.6870095342864,HOURLY_RECON_GT_5PCT,27.4,62.0,0.0,WX_CLEANED,14,5,1,0,,,0.07944917028985501,0.07944917028985501
a3ed2fe218a724b4fepeni,2026-01-03 15:00:00+08:00,0.2162697333333333,2.0192,2.11,0.09079999999999977,138.18252569750425,HOURLY_RECON_GT_5PCT,26.6,64.0,0.0,WX_CLEANED,15,5,1,0,,,0.08515002708333329,0.08515002708333329
a3ed2fe218a724b4fepeni,2026-01-03 16:00:00+08:00,0.5769562083333332,0.0297,0.1783,0.14859999999999998,288.26124383131446,HOURLY_RECON_GT_5PCT,26.1,66.0,0.0,WX_CLEANED,16,5,1,0,0.2366135,,0.09933097326388883,0.10482227433333328
a3ed2fe218a724b4fepeni,2026-01-03 17:00:00+08:00,0.6665995083333329,0.2081,0.3567,0.1486,348.58647936294267,HOURLY_RECON_GT_5PCT,25.5,70.0,0.0,WX_CLEANED,17,5,1,0,0.3104840583333331,,0.11416911701388882,0.12642909102564096
a3ed2fe218a724b4fepeni,2026-01-03 18:00:00+08:00,0.6825146249999996,0.3864,0.535,0.1486,359.2965174966349,HOURLY_RECON_GT_5PCT,25.2,71.0,0.0,WX_CLEANED,18,5,1,0,0.31789681666666664,,0.12936152569444437,0.1470248515432098
a3ed2fe218a724b4fepeni,2026-01-03 19:00:00+08:00,0.6748964666666664,0.5648,0.7134,0.14860000000000007,354.1698968147147,HOURLY_RECON_GT_5PCT,24.8,76.0,0.0,WX_CLEANED,19,5,1,0,0.3143484916666663,,0.14438435798611104,0.16587740922619038
a3ed2fe218a724b4fepeni,2026-01-03 20:00:00+08:00,0.6360909499999998,0.7431,0.8917,0.14860000000000007,328.055820995962,HOURLY_RECON_GT_5PCT,24.7,79.0,0.0,WX_CLEANED,20,5,1,0,0.2962739583333333,,0.15854339930555547,0.18209166925287346
a3ed2fe218a724b4fepeni,2026-01-03 21:00:00+08:00,0.0,0.9215,1.0701,0.14860000000000007,100.0,HOURLY_RECON_GT_5PCT,24.4,85.0,0.0,WX_CLEANED,21,5,1,0,0.0,,0.15854339930555547,0.17602194694444434
a3ed2fe218a724b4fepeni,2026-01-03 22:00:00+08:00,0.0,1.0998,1.2484,0.14859999999999984,100.0,HOURLY_RECON_GT_5PCT,24.1,88.0,0.0,WX_CLEANED,22,5,1,0,0.0,,0.15854339930555547,0.17034381962365583
a3ed2fe218a724b4fepeni,2026-01-03 23:00:00+08:00,0.0,1.2781,1.4268,0.14870000000000005,100.0,HOURLY_RECON_GT_5PCT,23.6,89.0,0.0,WX_CLEANED,23,5,1,0,0.0,,0.15854339930555547,0.16502057526041658
a3ed2fe218a724b4fepeni,2026-01-04 00:00:00+08:00,0.0,1.4565,1.6051,0.14860000000000007,100.0,HOURLY_RECON_GT_5PCT,23.3,85.0,0.0,WX_CLEANED,0,6,1,0,0.0,,0.15854339930555547,0.1600199517676767
a3ed2fe218a724b4fepeni,2026-01-04 01:00:00+08:00,0.0,1.6348,1.7835,0.14870000000000005,100.0,HOURLY_RECON_GT_5PCT,23.1,82.0,0.0,WX_CLEANED,1,6,1,0,0.0,,0.15854339930555547,0.15531348259803912
a3ed2fe218a724b4fepeni,2026-01-04 02:00:00+08:00,0.0,1.8132,1.9618,0.14860000000000007,100.0,HOURLY_RECON_GT_5PCT,23.2,82.0,0.0,WX_CLEANED,2,6,1,0,0.0,,0.15854339930555547,0.15087595452380945
a3ed2fe218a724b4fepeni,2026-01-04 03:00:00+08:00,0.0,1.9915,2.1387,0.1472,100.0,HOURLY_RECON_GT_5PCT,23.0,82.0,0.0,WX_CLEANED,3,6,1,0,0.0,,0.15854339930555547,0.14668495578703697
a3ed2fe218a724b4fepeni,2026-01-04 04:00:00+08:00,0.0,2.1753,2.3565,0.18120000000000003,100.0,HOURLY_RECON_GT_5PCT,22.9,83.0,0.0,WX_CLEANED,4,6,1,0,0.0,,0.15854339930555547,0.14272049752252244
a3ed2fe218a724b4fepeni,2026-01-04 05:00:00+08:00,0.0,2.392,2.5684,0.1764000000000001,100.0,HOURLY_RECON_GT_5PCT,22.7,83.0,0.0,WX_CLEANED,5,6,1,0,0.0,,0.15854339930555547,0.13896469495614028
a3ed2fe218a724b4fepeni,2026-01-04 06:00:00+08:00,0.0,2.6031,2.7787,0.1756000000000002,100.0,HOURLY_RECON_GT_5PCT,22.5,82.0,0.0,WX_CLEANED,6,6,1,0,0.0,,0.15854339930555547,0.13540149764957257
a3ed2fe218a724b4fepeni,2026-01-04 07:00:00+08:00,0.0,2.8138,2.9876,0.17379999999999995,100.0,HOURLY_RECON_GT_5PCT,22.5,81.0,0.0,WX_CLEANED,7,6,1,0,0.0,,0.15854339930555547,0.13201646020833327
a3ed2fe218a724b4fepeni,2026-01-04 08:00:00+08:00,0.0,3.0223,3.1954,0.1730999999999998,100.0,HOURLY_RECON_GT_5PCT,23.9,78.0,0.0,WX_CLEANED,8,6,1,0,0.0,,0.15854339930555547,0.12879654654471537
a3ed2fe218a724b4fepeni,2026-01-04 09:00:00+08:00,0.0,3.2301,3.3993,0.16920000000000002,100.0,HOURLY_RECON_GT_5PCT,24.6,73.0,0.0,WX_CLEANED,9,6,1,0,0.0,,0.15854339930555547,0.12572996210317453
a3ed2fe218a724b4fepeni,2026-01-04 10:00:00+08:00,0.0,3.4331,3.6021,0.16900000000000004,100.0,HOURLY_RECON_GT_5PCT,25.4,71.0,0.0,WX_CLEANED,10,6,1,0,0.0,,0.15854339930555547,0.12280600949612397
a3ed2fe218a724b4fepeni,2026-01-04 11:00:00+08:00,0.0,3.6359,3.805,0.16910000000000025,100.0,HOURLY_RECON_GT_5PCT,27.0,66.0,0.0,WX_CLEANED,11,6,1,0,0.0,,0.15854339930555547,0.1200149638257575
a3ed2fe218a724b4fepeni,2026-01-04 12:00:00+08:00,0.0296641583333331,3.8388,3.995,0.15620000000000012,81.00886150234757,HOURLY_RECON_GT_5PCT,27.7,61.0,0.0,WX_CLEANED,12,6,1,0,0.0138167333333331,,0.15920370868055547,0.11800716814814809
a3ed2fe218a724b4fepeni,2026-01-04 13:00:00+08:00,0.3058602499999995,4.0247,4.1733,0.14860000000000007,105.82789367429297,HOURLY_RECON_GT_5PCT,27.8,60.0,0.0,WX_CLEANED,13,6,1,0,0.1427468666666666,,0.16600009965277768,0.12209093079710139
a3ed2fe218a724b4fepeni,2026-01-04 14:00:00+08:00,0.4189820916666663,4.203,4.3517,0.14869999999999983,181.76334342075774,HOURLY_RECON_GT_5PCT,28.6,57.0,0.0,WX_CLEANED,14,6,1,0,0.19515049166666631,,0.17532641631944434,0.1284077640070921
a3ed2fe218a724b4fepeni,2026-01-04 15:00:00+08:00,0.4643243583333333,4.3814,4.53,0.14860000000000007,212.46592081650948,HOURLY_RECON_GT_5PCT,28.4,57.0,0.0,WX_CLEANED,15,6,1,0,0.2162697333333333,,0.18566202569444434,0.1354060263888888
a3ed2fe218a724b4fepeni,2026-01-04 16:00:00+08:00,0.501564,0.0248,0.149,0.12419999999999999,303.8357487922706,HOURLY_RECON_GT_5PCT,28.2,57.0,0.0,WX_CLEANED,16,6,1,0,0.5769562083333332,,0.18252068368055543,0.14287863809523801
a3ed2fe218a724b4fepeni,2026-01-04 17:00:00+08:00,0.5518240833333331,0.1738,0.298,0.12419999999999998,344.3028046162103,HOURLY_RECON_GT_5PCT,27.1,65.0,0.0,WX_CLEANED,17,6,1,0,0.6665995083333329,,0.17773837430555547,0.1510575469999999
a3ed2fe218a724b4fepeni,2026-01-04 18:00:00+08:00,0.564998933333333,0.3228,0.447,0.12420000000000003,354.91057434245795,HOURLY_RECON_GT_5PCT,26.1,69.0,0.0,WX_CLEANED,18,6,1,0,0.6825146249999996,,0.17284188715277768,0.15917404477124175
a3ed2fe218a724b4fepeni,2026-01-04 19:00:00+08:00,0.5586924499999996,0.4719,0.596,0.12409999999999999,350.1953666398063,HOURLY_RECON_GT_5PCT,25.4,74.0,0.0,WX_CLEANED,19,6,1,0,0.6748964666666664,,0.16800005312499988,0.16685709102564092
a3ed2fe218a724b4fepeni,2026-01-04 20:00:00+08:00,0.5265684666666666,0.6209,0.745,0.12409999999999999,324.30980392156863,HOURLY_RECON_GT_5PCT,24.8,83.0,0.0,WX_CLEANED,20,6,1,0,0.6360909499999998,,0.16343661631944434,0.17364409811320747
a3ed2fe218a724b4fepeni,2026-01-04 21:00:00+08:00,0.0,0.7699,0.894,0.12409999999999999,100.0,HOURLY_RECON_GT_5PCT,25.1,78.0,0.0,WX_CLEANED,21,6,1,0,0.0,,0.16343661631944437,0.17042846666666658
a3ed2fe218a724b4fepeni,2026-01-04 22:00:00+08:00,0.0,0.9189,1.043,0.12409999999999988,100.0,HOURLY_RECON_GT_5PCT,24.7,81.0,0.0,WX_CLEANED,22,6,1,0,0.0,,0.16343661631944437,0.1673297672727272
a3ed2fe218a724b4fepeni,2026-01-04 23:00:00+08:00,0.0,1.0679,1.1921,0.12419999999999987,100.0,HOURLY_RECON_GT_5PCT,24.5,82.0,0.0,WX_CLEANED,23,6,1,0,0.0,,0.16343661631944437,0.16434173571428562
a3ed2fe218a724b4fepeni,2026-01-05 00:00:00+08:00,0.0,1.2169,1.3411,0.12419999999999987,100.0,HOURLY_RECON_GT_5PCT,24.3,82.0,0.0,WX_CLEANED,0,0,0,0,0.0,,0.16343661631944437,0.16145854736842097
a3ed2fe218a724b4fepeni,2026-01-05 01:00:00+08:00,0.0,1.3659,1.4901,0.12420000000000009,100.0,HOURLY_RECON_GT_5PCT,23.9,85.0,0.0,WX_CLEANED,1,0,0,0,0.0,,0.16343661631944437,0.15867477931034474
a3ed2fe218a724b4fepeni,2026-01-05 02:00:00+08:00,0.0,1.5149,1.6391,0.12420000000000009,100.0,HOURLY_RECON_GT_5PCT,23.8,87.0,0.0,WX_CLEANED,2,0,0,0,0.0,,0.16343661631944437,0.15598537627118636
a3ed2fe218a724b4fepeni,2026-01-05 03:00:00+08:00,0.0,1.6639,1.7664,0.10250000000000004,100.0,HOURLY_RECON_GT_5PCT,23.5,87.0,0.0,WX_CLEANED,3,0,0,0,0.0,,0.16343661631944437,0.15338561999999992
a3ed2fe218a724b4fepeni,2026-01-05 04:00:00+08:00,0.0,1.7913,1.9182,0.1269,100.0,HOURLY_RECON_GT_5PCT,23.4,85.0,0.0,WX_CLEANED,4,0,0,0,0.0,,0.16343661631944437,0.1508711016393442
a3ed2fe218a724b4fepeni,2026-01-05 05:00:00+08:00,0.0,1.9458,2.0261,0.08030000000000004,100.0,HOURLY_RECON_GT_5PCT,23.0,85.0,0.0,WX_CLEANED,5,0,0,0,0.0,,0.16343661631944437,0.14843769677419347
a3ed2fe218a724b4fepeni,2026-01-05 06:00:00+08:00,0.0,2.0261,2.1876,0.1615000000000002,100.0,HOURLY_RECON_GT_5PCT,22.9,85.0,0.0,WX_CLEANED,6,0,0,0,0.0,,0.16343661631944437,0.14608154285714278
a3ed2fe218a724b4fepeni,2026-01-05 07:00:00+08:00,0.0,2.2031,2.3427,0.13959999999999972,100.0,HOURLY_RECON_GT_5PCT,23.0,84.0,0.0,WX_CLEANED,7,0,0,0,0.0,,0.16343661631944437,0.14379901874999992
a3ed2fe218a724b4fepeni,2026-01-05 08:00:00+08:00,0.0,2.3773,2.5424,0.16510000000000025,100.0,HOURLY_RECON_GT_5PCT,24.0,79.0,0.0,WX_CLEANED,8,0,0,0,0.0,,0.16343661631944437,0.14158672615384607
a3ed2fe218a724b4fepeni,2026-01-05 09:00:00+08:00,0.0,2.5769,2.7497,0.17279999999999962,100.0,HOURLY_RECON_GT_5PCT,25.2,76.0,0.0,WX_CLEANED,9,0,0,0,0.0,,0.16343661631944437,0.13944147272727264
a3ed2fe218a724b4fepeni,2026-01-05 10:00:00+08:00,0.0,2.7842,2.9568,0.1726000000000001,100.0,HOURLY_RECON_GT_5PCT,26.6,70.0,0.0,WX_CLEANED,10,0,0,0,0.0,,0.16343661631944437,0.13736025671641783
a3ed2fe218a724b4fepeni,2026-01-05 11:00:00+08:00,0.0,2.9912,3.154,0.16279999999999983,100.0,HOURLY_RECON_GT_5PCT,28.0,65.0,0.0,WX_CLEANED,11,0,0,0,0.0,,0.16343661631944437,0.1353402529411764
a3ed2fe218a724b4fepeni,2026-01-05 12:00:00+08:00,0.024556583333333097,3.1788,3.303,0.12420000000000009,80.22819377348382,HOURLY_RECON_GT_5PCT,28.9,63.0,0.0,WX_CLEANED,12,0,0,0,0.0296641583333331,,0.16322380069444434,0.1337346925120772
a3ed2fe218a724b4fepeni,2026-01-05 13:00:00+08:00,0.2534108333333329,3.3278,3.452,0.12420000000000009,104.03448738593619,HOURLY_RECON_GT_5PCT,28.7,64.0,0.1,WX_CLEANED,13,0,0,0,0.3058602499999995,,0.16103840833333324,0.13544435166666657
a3ed2fe218a724b4fepeni,2026-01-05 14:00:00+08:00,0.3468415166666665,3.4768,3.601,0.12420000000000009,179.26048040794387,HOURLY_RECON_GT_5PCT,28.1,65.0,0.1,WX_CLEANED,14,0,0,0,0.4189820916666663,,0.1580325510416666,0.13842177652582152
a3ed2fe218a724b4fepeni,2026-01-05 15:00:00+08:00,0.38437674999999977,3.6258,3.75,0.12420000000000009,209.48208534621537,HOURLY_RECON_GT_5PCT,27.5,69.0,0.2,WX_CLEANED,15,0,0,0,0.4643243583333333,,0.15470140069444435,0.14183781782407398
a3ed2fe218a724b4fepeni,2026-01-05 16:00:00+08:00,0.4306918666666666,0.0227,0.1364,0.1137,278.79671650542355,HOURLY_RECON_GT_5PCT,27.0,72.0,0.1,WX_CLEANED,16,0,0,0,0.501564,,0.1517483951388888,0.14579472260273965
a3ed2fe218a724b4fepeni,2026-01-05 17:00:00+08:00,0.475285825,0.1592,0.2728,0.11359999999999998,318.385409330986,HOURLY_RECON_GT_5PCT,25.9,80.0,0.7,WX_CLEANED,17,0,0,0,0.5518240833333331,,0.14855930104166656,0.15024730506756748
a3ed2fe218a724b4fepeni,2026-01-05 18:00:00+08:00,0.486633275,0.2956,0.4092,0.11360000000000003,328.37436179577446,HOURLY_RECON_GT_5PCT,25.6,82.0,0.0,WX_CLEANED,18,0,0,0,0.564998933333333,,0.1452940652777777,0.15473245133333324
a3ed2fe218a724b4fepeni,2026-01-05 19:00:00+08:00,0.4812015416666663,0.432,0.5457,0.11369999999999997,323.2203532688359,HOURLY_RECON_GT_5PCT,25.7,82.0,0.0,WX_CLEANED,19,0,0,0,0.5586924499999996,,0.1420652774305555,0.15902809725877184
a3ed2fe218a724b4fepeni,2026-01-05 20:00:00+08:00,0.4535331666666665,0.5684,0.6821,0.11370000000000002,298.88581061272333,HOURLY_RECON_GT_5PCT,25.2,85.0,0.3,WX_CLEANED,20,0,0,0,0.5265684666666666,,0.13902213993055548,0.16285283841991333
a3ed2fe218a724b4fepeni,2026-01-05 21:00:00+08:00,0.0,0.7048,0.8185,0.11370000000000002,100.0,HOURLY_RECON_GT_5PCT,25.1,87.0,0.1,WX_CLEANED,21,0,0,0,0.0,,0.13902213993055548,0.16076498151709392
a3ed2fe218a724b4fepeni,2026-01-05 22:00:00+08:00,0.0,0.8412,0.9549,0.11370000000000002,100.0,HOURLY_RECON_GT_5PCT,24.9,87.0,0.1,WX_CLEANED,22,0,0,0,0.0,,0.13902213993055548,0.15872998175105477
a3ed2fe218a724b4fepeni,2026-01-05 23:00:00+08:00,0.0,0.9776,1.0913,0.11369999999999991,100.0,HOURLY_RECON_GT_5PCT,24.8,88.0,0.1,WX_CLEANED,23,0,0,0,0.0,,0.13902213993055548,0.1567458569791666
a3ed2fe218a724b4fepeni,2026-01-06 00:00:00+08:00,0.0,1.1141,1.2277,0.11359999999999992,100.0,HOURLY_RECON_GT_5PCT,24.5,91.0,0.0,WX_CLEANED,0,1,0,0,0.0,,0.13902213993055548,0.15481072294238676
a3ed2fe218a724b4fepeni,2026-01-06 01:00:00+08:00,0.0,1.2505,1.3641,0.11360000000000015,100.0,HOURLY_RECON_GT_5PCT,24.5,92.0,0.0,WX_CLEANED,1,1,0,0,0.0,,0.13902213993055548,0.15292278729674788
a3ed2fe218a724b4fepeni,2026-01-06 02:00:00+08:00,0.0,1.3869,1.5006,0.11369999999999991,100.0,HOURLY_RECON_GT_5PCT,24.6,91.0,0.0,WX_CLEANED,2,1,0,0,0.0,,0.13902213993055548,0.15108034407630513
a3ed2fe218a724b4fepeni,2026-01-06 03:00:00+08:00,0.0,1.5233,1.637,0.11369999999999991,100.0,HOURLY_RECON_GT_5PCT,24.5,90.0,0.0,WX_CLEANED,3,1,0,0,0.0,,0.13902213993055548,0.14928176855158723
a3ed2fe218a724b4fepeni,2026-01-06 04:00:00+08:00,0.0,1.6597,1.7734,0.11370000000000013,100.0,HOURLY_RECON_GT_5PCT,24.4,89.0,0.1,WX_CLEANED,4,1,0,0,0.0,,0.13902213993055548,0.1475255124509803
a3ed2fe218a724b4fepeni,2026-01-06 05:00:00+08:00,0.0,1.7961,1.9052,0.10909999999999997,100.0,HOURLY_RECON_GT_5PCT,24.5,87.0,0.1,WX_CLEANED,5,1,0,0,0.0,,0.13902213993055548,0.1458100995155038
a3ed2fe218a724b4fepeni,2026-01-06 06:00:00+08:00,0.0,1.927,2.056,0.129,100.0,HOURLY_RECON_GT_5PCT,24.4,87.0,0.0,WX_CLEANED,6,1,0,0,0.0,,0.13902213993055548,0.1441341213601532
a3ed2fe218a724b4fepeni,2026-01-06 07:00:00+08:00,0.0,2.0829,2.2127,0.12979999999999992,100.0,HOURLY_RECON_GT_5PCT,24.4,88.0,0.0,WX_CLEANED,7,1,0,0,0.0,,0.13902213993055548,0.14249623361742417
a3ed2fe218a724b4fepeni,2026-01-06 08:00:00+08:00,0.0,2.2386,2.3681,0.12950000000000017,100.0,HOURLY_RECON_GT_5PCT,24.1,92.0,0.0,WX_CLEANED,8,1,0,0,0.0,,0.13902213993055548,0.1408951523408239
a3ed2fe218a724b4fepeni,2026-01-06 09:00:00+08:00,0.0,2.394,2.523,0.129,100.0,HOURLY_RECON_GT_5PCT,25.0,89.0,0.4,WX_CLEANED,9,1,0,0,0.0,,0.13902213993055548,0.1393296506481481
a3ed2fe218a724b4fepeni,2026-01-06 10:00:00+08:00,0.0,2.5488,2.6131,0.06430000000000025,100.0,HOURLY_RECON_GT_5PCT,25.0,89.0,0.2,WX_CLEANED,10,1,0,0,0.0,,0.13902213993055548,0.1377985555860805
a3ed2fe218a724b4fepeni,2026-01-06 11:00:00+08:00,0.0,2.6248,2.7357,0.1109,100.0,HOURLY_RECON_GT_5PCT,25.6,85.0,0.2,WX_CLEANED,11,1,0,0,0.0,,0.13902213993055548,0.1363007451992753
a3ed2fe218a724b4fepeni,2026-01-06 12:00:00+08:00,0.0211506166666663,2.7557,2.8409,0.08519999999999994,75.17533255086113,HOURLY_RECON_GT_5PCT,26.6,78.0,0.0,WX_CLEANED,12,1,0,0,0.024556583333333097,,0.1388802246527777,0.13506257177419348
a3ed2fe218a724b4fepeni,2026-01-06 13:00:00+08:00,0.2185154416666665,2.8435,2.9572,0.11369999999999969,92.18596452653219,HOURLY_RECON_GT_5PCT,27.4,76.0,0.0,WX_CLEANED,13,1,0,0,0.2534108333333329,,0.13742624999999994,0.13595036826241128
a3ed2fe218a724b4fepeni,2026-01-06 14:00:00+08:00,0.29873448333333297,2.9799,3.0936,0.11369999999999969,162.73921137496373,HOURLY_RECON_GT_5PCT,27.1,74.0,0.0,WX_CLEANED,14,1,0,0,0.3468415166666665,,0.1354217902777777,0.13766388526315781
a3ed2fe218a724b4fepeni,2026-01-06 15:00:00+08:00,0.3310635249999996,3.1163,3.23,0.11370000000000013,191.17284520668355,HOURLY_RECON_GT_5PCT,27.2,75.0,0.1,WX_CLEANED,15,1,0,0,0.38437674999999977,,0.1332004059027777,0.13967846484374993
a3ed2fe218a724b4fepeni,2026-01-06 16:00:00+08:00,0.3053452833333328,0.0168,0.1007,0.0839,263.93955105284,HOURLY_RECON_GT_5PCT,26.7,78.0,0.1,WX_CLEANED,16,1,0,0,0.4306918666666666,,0.1279776315972221,0.14138637018900335
a3ed2fe218a724b4fepeni,2026-01-06 17:00:00+08:00,0.331097425,0.1175,0.2015,0.08400000000000002,294.16360119047613,HOURLY_RECON_GT_5PCT,26.2,82.0,0.1,WX_CLEANED,17,1,0,0,0.475285825,,0.12196978159722212,0.1433221972789115
a3ed2fe218a724b4fepeni,2026-01-06 18:00:00+08:00,0.3390024333333331,0.2183,0.3022,0.08390000000000003,304.0553436630905,HOURLY_RECON_GT_5PCT,25.9,87.0,0.0,WX_CLEANED,18,1,0,0,0.486633275,,0.11581849652777766,0.14529876531986521
a3ed2fe218a724b4fepeni,2026-01-06 19:00:00+08:00,0.33521845833333297,0.319,0.403,0.08400000000000002,299.0695932539677,HOURLY_RECON_GT_5PCT,25.6,91.0,0.1,WX_CLEANED,19,1,0,0,0.4812015416666663,,0.10973586805555546,0.1471979622499999
a3ed2fe218a724b4fepeni,2026-01-06 20:00:00+08:00,0.3159439499999996,0.4198,0.5037,0.08390000000000003,276.5720500595941,HOURLY_RECON_GT_5PCT,25.7,87.0,0.2,WX_CLEANED,20,1,0,0,0.4535331666666665,,0.10400298402777765,0.1488687146039603
a3ed2fe218a724b4fepeni,2026-01-06 21:00:00+08:00,0.0,0.5205,0.6045,0.08400000000000007,100.0,HOURLY_RECON_GT_5PCT,25.8,88.0,0.1,WX_CLEANED,21,1,0,0,0.0,,0.10400298402777765,0.1474092174019607
a3ed2fe218a724b4fepeni,2026-01-06 22:00:00+08:00,0.0,0.6213,0.7052,0.08390000000000009,100.0,HOURLY_RECON_GT_5PCT,25.6,88.0,0.1,WX_CLEANED,22,1,0,0,0.0,,0.10400298402777765,0.1459780599514562
a3ed2fe218a724b4fepeni,2026-01-06 23:00:00+08:00,0.0,0.722,0.806,0.08400000000000007,100.0,HOURLY_RECON_GT_5PCT,25.5,85.0,0.1,WX_CLEANED,23,1,0,0,0.0,,0.10400298402777765,0.1445744247596153
a3ed2fe218a724b4fepeni,2026-01-07 00:00:00+08:00,0.0,0.8228,0.9067,0.08389999999999997,100.0,HOURLY_RECON_GT_5PCT,25.3,83.0,0.0,WX_CLEANED,0,2,0,0,0.0,,0.10400298402777765,0.14319752547619038
a3ed2fe218a724b4fepeni,2026-01-07 01:00:00+08:00,0.0,0.9235,1.0075,0.08400000000000007,100.0,HOURLY_RECON_GT_5PCT,25.1,82.0,0.0,WX_CLEANED,1,2,0,0,0.0,,0.10400298402777765,0.1418466054245282
a3ed2fe218a724b4fepeni,2026-01-07 02:00:00+08:00,0.0,1.0243,1.1082,0.08390000000000009,100.0,HOURLY_RECON_GT_5PCT,24.5,89.0,0.0,WX_CLEANED,2,2,0,0,0.0,,0.10400298402777765,0.14052093621495318
a3ed2fe218a724b4fepeni,2026-01-07 03:00:00+08:00,0.0,1.125,1.1936,0.0686,100.0,HOURLY_RECON_GT_5PCT,24.5,86.0,0.0,WX_CLEANED,3,2,0,0,0.0,,0.10400298402777765,0.1392198164351851
a3ed2fe218a724b4fepeni,2026-01-07 04:00:00+08:00,0.0,1.1955,1.2511,0.055600000000000094,100.0,HOURLY_RECON_GT_5PCT,24.3,82.0,0.0,WX_CLEANED,4,2,0,0,0.0,,0.10400298402777765,0.13794257041284394
a3ed2fe218a724b4fepeni,2026-01-07 05:00:00+08:00,0.0,1.2679,1.3076,0.03970000000000007,100.0,HOURLY_RECON_GT_5PCT,24.0,83.0,0.0,WX_CLEANED,5,2,0,0,0.0,,0.10400298402777765,0.13668854704545447
a3ed2fe218a724b4fepeni,2026-01-07 06:00:00+08:00,0.0,1.3244,1.4083,0.08390000000000009,100.0,HOURLY_RECON_GT_5PCT,23.9,83.0,0.0,WX_CLEANED,6,2,0,0,0.0,,0.10400298402777765,0.13545711869369362
a3ed2fe218a724b4fepeni,2026-01-07 07:00:00+08:00,0.0,1.4251,1.4927,0.06759999999999988,100.0,HOURLY_RECON_GT_5PCT,24.1,79.0,0.0,WX_CLEANED,7,2,0,0,0.0,,0.10400298402777765,0.1342476801339285
a3ed2fe218a724b4fepeni,2026-01-07 08:00:00+08:00,0.0,1.5055,1.58,0.07450000000000001,100.0,HOURLY_RECON_GT_5PCT,24.3,86.0,0.0,WX_CLEANED,8,2,0,0,0.0,,0.10400298402777765,0.1330596475663716
a3ed2fe218a724b4fepeni,2026-01-07 09:00:00+08:00,0.0,1.5964,1.676,0.0795999999999999,100.0,HOURLY_RECON_GT_5PCT,25.5,78.0,0.0,WX_CLEANED,9,2,0,0,0.0,,0.10400298402777765,0.1318924576754385
a3ed2fe218a724b4fepeni,2026-01-07 10:00:00+08:00,0.0,1.6916,1.7695,0.07790000000000008,100.0,HOURLY_RECON_GT_5PCT,26.5,70.0,0.0,WX_CLEANED,10,2,0,0,0.0,,0.10400298402777765,0.13074556673913035
a3ed2fe218a724b4fepeni,2026-01-07 11:00:00+08:00,0.0,1.785,1.8555,0.07050000000000001,100.0,HOURLY_RECON_GT_5PCT,27.4,65.0,0.0,WX_CLEANED,11,2,0,0,0.0,,0.10400298402777765,0.12961844978448267
a3ed2fe218a724b4fepeni,2026-01-07 12:00:00+08:00,0.014734133333333099,1.871,1.9478,0.07679999999999998,80.81493055555585,HOURLY_RECON_GT_5PCT,28.4,60.0,0.0,WX_CLEANED,12,2,0,0,0.0211506166666663,,0.10373563055555544,0.12863653254985746
a3ed2fe218a724b4fepeni,2026-01-07 13:00:00+08:00,0.1522239916666666,1.9646,2.0485,0.08390000000000031,81.43503178386896,HOURLY_RECON_GT_5PCT,29.6,54.0,0.0,WX_CLEANED,13,2,0,0,0.2185154416666665,,0.10097348680555546,0.12883642627118636
a3ed2fe218a724b4fepeni,2026-01-07 14:00:00+08:00,0.2081067583333331,2.0653,2.1493,0.08400000000000007,147.74614087301535,HOURLY_RECON_GT_5PCT,29.1,57.0,0.0,WX_CLEANED,14,2,0,0,0.29873448333333297,,0.09719733159722212,0.1295025635154061
a3ed2fe218a724b4fepeni,2026-01-07 15:00:00+08:00,0.2306281499999998,2.166,2.25,0.08400000000000007,174.55732142857096,HOURLY_RECON_GT_5PCT,29.8,53.0,0.0,WX_CLEANED,15,2,0,0,0.3310635249999996,,0.09301252430555546,0.13034527673611102
a3ed2fe218a724b4fepeni,2026-01-07 16:00:00+08:00,0.48563481666666614,0.0242,0.145,0.12079999999999999,302.0155767108164,HOURLY_RECON_GT_5PCT,29.2,55.0,0.0,WX_CLEANED,16,2,0,0,0.3053452833333328,,0.10052458819444433,0.13328155392561974
a3ed2fe218a724b4fepeni,2026-01-07 17:00:00+08:00,0.5562236749999995,0.1692,0.29,0.12079999999999999,360.4500620860923,HOURLY_RECON_GT_5PCT,28.4,59.0,0.0,WX_CLEANED,17,2,0,0,0.331097425,,0.109904848611111,0.1367482926229507
a3ed2fe218a724b4fepeni,2026-01-07 18:00:00+08:00,0.5695034999999999,0.3142,0.435,0.12080000000000002,371.44329470198664,HOURLY_RECON_GT_5PCT,27.5,66.0,0.0,WX_CLEANED,18,2,0,0,0.3390024333333331,,0.1195090597222221,0.14026662764227632
a3ed2fe218a724b4fepeni,2026-01-07 19:00:00+08:00,0.5631468,0.4592,0.5801,0.12089999999999995,365.7955334987594,HOURLY_RECON_GT_5PCT,27.1,69.0,0.0,WX_CLEANED,19,2,0,0,0.33521845833333297,,0.12900607395833322,0.14367695161290314
a3ed2fe218a724b4fepeni,2026-01-07 20:00:00+08:00,0.5307666833333331,0.6042,0.7251,0.12090000000000001,339.0129721532945,HOURLY_RECON_GT_5PCT,26.2,72.0,0.0,WX_CLEANED,20,2,0,0,0.3159439499999996,,0.13795702118055544,0.14677366946666656
a3ed2fe218a724b4fepeni,2026-01-07 21:00:00+08:00,0.0,0.7492,0.8701,0.12090000000000001,100.0,HOURLY_RECON_GT_5PCT,26.0,74.0,0.0,WX_CLEANED,21,2,0,0,0.0,,0.13795702118055544,0.14560879907407398
a3ed2fe218a724b4fepeni,2026-01-07 22:00:00+08:00,0.0,0.8942,1.0151,0.1208999999999999,100.0,HOURLY_RECON_GT_5PCT,25.6,76.0,0.0,WX_CLEANED,22,2,0,0,0.0,,0.13795702118055544,0.14446227309711276
a3ed2fe218a724b4fepeni,2026-01-07 23:00:00+08:00,0.0,1.0393,1.1601,0.12080000000000002,100.0,HOURLY_RECON_GT_5PCT,25.2,79.0,0.0,WX_CLEANED,23,2,0,0,0.0,,0.13795702118055544,0.14333366158854158
a3ed2fe218a724b4fepeni,2026-01-08 00:00:00+08:00,0.0,1.1843,1.3051,0.12080000000000002,100.0,HOURLY_RECON_GT_5PCT,24.7,81.0,0.0,WX_CLEANED,0,3,0,0,0.0,,0.13795702118055544,0.14222254793281644
a3ed2fe218a724b4fepeni,2026-01-08 01:00:00+08:00,0.0,1.3293,1.4501,0.12080000000000002,100.0,HOURLY_RECON_GT_5PCT,24.5,82.0,0.1,WX_CLEANED,1,3,0,0,0.0,,0.13795702118055544,0.14112852833333325
a3ed2fe218a724b4fepeni,2026-01-08 02:00:00+08:00,0.0,1.4743,1.5951,0.12080000000000002,100.0,HOURLY_RECON_GT_5PCT,24.5,82.0,0.2,WX_CLEANED,2,3,0,0,0.0,,0.13795702118055544,0.14005121132315512
a3ed2fe218a724b4fepeni,2026-01-08 03:00:00+08:00,0.0,1.6193,1.7402,0.12090000000000001,100.0,HOURLY_RECON_GT_5PCT,24.2,84.0,0.0,WX_CLEANED,3,3,0,0,0.0,,0.13795702118055544,0.13899021729797972
a3ed2fe218a724b4fepeni,2026-01-08 04:00:00+08:00,0.0,1.7452,1.8469,0.1016999999999999,100.0,HOURLY_RECON_GT_5PCT,23.9,86.0,0.0,WX_CLEANED,4,3,0,0,0.0,,0.13795702118055544,0.13794517807017534
a3ed2fe218a724b4fepeni,2026-01-08 05:00:00+08:00,0.0,1.8711,2.0196,0.14850000000000008,100.0,HOURLY_RECON_GT_5PCT,23.5,87.0,0.0,WX_CLEANED,5,3,0,0,0.0,,0.13795702118055544,0.13691573644278598
a3ed2fe218a724b4fepeni,2026-01-08 06:00:00+08:00,0.0,2.0627,2.2781,0.2153999999999998,100.0,HOURLY_RECON_GT_5PCT,23.5,88.0,0.0,WX_CLEANED,6,3,0,0,0.0,,0.13795702118055544,0.13590154580246905
a3ed2fe218a724b4fepeni,2026-01-08 07:00:00+08:00,0.0,2.2971,2.4829,0.18579999999999997,100.0,HOURLY_RECON_GT_5PCT,23.6,87.0,0.0,WX_CLEANED,7,3,0,0,0.0,,0.13795702118055544,0.13490226973039207
a3ed2fe218a724b4fepeni,2026-01-08 08:00:00+08:00,0.0,2.5244,2.7112,0.18679999999999986,100.0,HOURLY_RECON_GT_5PCT,24.7,83.0,0.0,WX_CLEANED,8,3,0,0,0.0,,0.13795702118055544,0.13391758163017023
a3ed2fe218a724b4fepeni,2026-01-08 09:00:00+08:00,0.0,2.7442,2.9382,0.19399999999999995,100.0,HOURLY_RECON_GT_5PCT,26.0,76.0,0.0,WX_CLEANED,9,3,0,0,0.0,,0.13795702118055544,0.1329471643719806
a3ed2fe218a724b4fepeni,2026-01-08 10:00:00+08:00,0.0,2.9624,3.0578,0.09539999999999971,100.0,HOURLY_RECON_GT_5PCT,27.2,69.0,0.0,WX_CLEANED,10,3,0,0,0.0,,0.13795702118055544,0.1319907099520383
a3ed2fe218a724b4fepeni,2026-01-08 11:00:00+08:00,0.0,3.082,3.1999,0.11790000000000012,100.0,HOURLY_RECON_GT_5PCT,27.6,67.0,0.1,WX_CLEANED,11,3,0,0,0.0,,0.13795702118055544,0.13104791916666658
a3ed2fe218a724b4fepeni,2026-01-08 12:00:00+08:00,0.0247523833333331,3.2241,3.345,0.12090000000000023,79.52656465398424,HOURLY_RECON_GT_5PCT,28.4,64.0,0.2,WX_CLEANED,12,3,0,0,0.014734133333333099,,0.1383744482638888,0.13029405011820322
a3ed2fe218a724b4fepeni,2026-01-08 13:00:00+08:00,0.2545334999999997,3.3691,3.49,0.12090000000000023,110.53225806451547,HOURLY_RECON_GT_5PCT,28.0,65.0,0.4,WX_CLEANED,13,3,0,0,0.1522239916666666,,0.14263734444444434,0.13116897582159617
a3ed2fe218a724b4fepeni,2026-01-08 14:00:00+08:00,0.3496068583333331,3.5141,3.635,0.12089999999999979,189.17027157430414,HOURLY_RECON_GT_5PCT,27.6,68.0,0.8,WX_CLEANED,14,3,0,0,0.2081067583333331,,0.14853318194444434,0.13269651346153838
a3ed2fe218a724b4fepeni,2026-01-08 15:00:00+08:00,0.3874413249999998,3.6592,3.78,0.12080000000000002,220.72957367549643,HOURLY_RECON_GT_5PCT,27.9,66.0,0.0,WX_CLEANED,15,3,0,0,0.2306281499999998,,0.15506706423611102,0.1344655746527777
a3ed2fe218a724b4fepeni,2026-01-08 16:00:00+08:00,0.3520136666666666,0.02,0.12,0.09999999999999999,252.01366666666667,HOURLY_RECON_GT_5PCT,27.5,68.0,0.0,WX_CLEANED,16,3,0,0,0.48563481666666614,,0.1494995163194444,0.135965906321839
a3ed2fe218a724b4fepeni,2026-01-08 17:00:00+08:00,0.3811230666666663,0.14,0.2399,0.09989999999999999,281.50457123790426,HOURLY_RECON_GT_5PCT,27.3,69.0,0.1,WX_CLEANED,17,3,0,0,0.5562236749999995,,0.14220365763888881,0.13764506495433781
a3ed2fe218a724b4fepeni,2026-01-08 18:00:00+08:00,0.39022231666666646,0.2599,0.3599,0.09999999999999998,290.22231666666653,HOURLY_RECON_GT_5PCT,26.9,71.0,0.1,WX_CLEANED,18,3,0,0,0.5695034999999999,,0.13473360833333325,0.13936327755102032
a3ed2fe218a724b4fepeni,2026-01-08 19:00:00+08:00,0.3858667749999998,0.3799,0.4799,0.09999999999999998,285.86677499999985,HOURLY_RECON_GT_5PCT,26.5,75.0,0.0,WX_CLEANED,19,3,0,0,0.5631468,,0.12734694062499993,0.14102884172297286
a3ed2fe218a724b4fepeni,2026-01-08 20:00:00+08:00,0.3636799749999998,0.4999,0.5998,0.09989999999999999,264.0440190190189,HOURLY_RECON_GT_5PCT,26.2,76.0,0.0,WX_CLEANED,20,3,0,0,0.5307666833333331,,0.12038499444444438,0.1425231446308724
a3ed2fe218a724b4fepeni,2026-01-08 21:00:00+08:00,0.0,0.6198,0.7198,0.09999999999999998,100.0,HOURLY_RECON_GT_5PCT,26.4,75.0,0.0,WX_CLEANED,21,3,0,0,0.0,,0.12038499444444435,0.14157299033333323
a3ed2fe218a724b4fepeni,2026-01-08 22:00:00+08:00,0.0,0.7398,0.8398,0.09999999999999998,100.0,HOURLY_RECON_GT_5PCT,26.2,76.0,0.0,WX_CLEANED,22,3,0,0,0.0,,0.12038499444444435,0.14063542086092706
a3ed2fe218a724b4fepeni,2026-01-08 23:00:00+08:00,0.0,0.8598,0.9598,0.09999999999999998,100.0,HOURLY_RECON_GT_5PCT,25.9,77.0,0.1,WX_CLEANED,23,3,0,0,0.0,,0.12038499444444435,0.13971018782894729
a3ed2fe218a724b4fepeni,2026-01-09 00:00:00+08:00,0.0,0.9797,1.0797,0.10000000000000009,100.0,HOURLY_RECON_GT_5PCT,25.8,79.0,0.1,WX_CLEANED,0,4,0,0,0.0,,0.12038499444444435,0.13879704934640513
a3ed2fe218a724b4fepeni,2026-01-09 01:00:00+08:00,0.0,1.0997,1.1997,0.10000000000000009,100.0,HOURLY_RECON_GT_5PCT,25.5,81.0,0.0,WX_CLEANED,1,4,0,0,0.0,,0.12038499444444435,0.13789576980519472
a3ed2fe218a724b4fepeni,2026-01-09 02:00:00+08:00,0.0,1.2197,1.3197,0.10000000000000009,100.0,HOURLY_RECON_GT_5PCT,25.1,82.0,0.0,WX_CLEANED,2,4,0,0,0.0,,0.12038499444444435,0.13700611967741927
a3ed2fe218a724b4fepeni,2026-01-09 03:00:00+08:00,0.0,1.3397,1.4396,0.0999000000000001,100.0,HOURLY_RECON_GT_5PCT,25.1,82.0,0.0,WX_CLEANED,3,4,0,0,0.0,,0.12038499444444435,0.13612787532051274
a3ed2fe218a724b4fepeni,2026-01-09 04:00:00+08:00,0.0,1.4596,1.5253,0.06570000000000009,100.0,HOURLY_RECON_GT_5PCT,25.0,81.0,0.0,WX_CLEANED,4,4,0,0,0.0,,0.12038499444444435,0.13526081878980883
a3ed2fe218a724b4fepeni,2026-01-09 05:00:00+08:00,0.0,1.5439,1.5756,0.03169999999999984,100.0,HOURLY_RECON_GT_5PCT,25.0,80.0,0.0,WX_CLEANED,5,4,0,0,0.0,,0.12038499444444435,0.13440473765822775
a3ed2fe218a724b4fepeni,2026-01-09 06:00:00+08:00,0.0,1.5756,1.6641,0.08850000000000002,100.0,HOURLY_RECON_GT_5PCT,24.9,76.0,0.0,WX_CLEANED,6,4,0,0,0.0,,0.12038499444444435,0.1335594248427672
a3ed2fe218a724b4fepeni,2026-01-09 07:00:00+08:00,0.0,1.6816,1.755,0.07339999999999991,100.0,HOURLY_RECON_GT_5PCT,24.8,74.0,0.0,WX_CLEANED,7,4,0,0,0.0,,0.12038499444444435,0.1327246784374999
a3ed2fe218a724b4fepeni,2026-01-09 08:00:00+08:00,0.0,1.7722,1.8584,0.08620000000000005,100.0,HOURLY_RECON_GT_5PCT,25.5,73.0,0.0,WX_CLEANED,8,4,0,0,0.0,,0.12038499444444435,0.13190030155279495
a3ed2fe218a724b4fepeni,2026-01-09 09:00:00+08:00,0.0,1.8757,1.9582,0.08250000000000002,100.0,HOURLY_RECON_GT_5PCT,25.5,73.0,0.2,WX_CLEANED,9,4,0,0,0.0,,0.12038499444444435,0.13108610216049374
a3ed2fe218a724b4fepeni,2026-01-09 10:00:00+08:00,0.0,1.9753,2.0434,0.06810000000000005,100.0,HOURLY_RECON_GT_5PCT,26.2,69.0,0.0,WX_CLEANED,10,4,0,0,0.0,,0.12038499444444435,0.13028189294478518
a3ed2fe218a724b4fepeni,2026-01-09 11:00:00+08:00,0.0,2.051,2.1269,0.07589999999999986,100.0,HOURLY_RECON_GT_5PCT,26.9,67.0,0.0,WX_CLEANED,11,4,0,0,0.0,,0.12038499444444435,0.1294874911585365
a3ed2fe218a724b4fepeni,2026-01-09 12:00:00+08:00,0.0169602583333331,2.1436,2.2301,0.08650000000000002,80.39276493256288,HOURLY_RECON_GT_5PCT,28.1,61.0,0.0,WX_CLEANED,12,4,0,0,0.0247523833333331,,0.12006032256944436,0.12880550792929285
a3ed2fe218a724b4fepeni,2026-01-09 13:00:00+08:00,0.17522359166666662,2.2501,2.3501,0.09999999999999964,75.22359166666725,HOURLY_RECON_GT_5PCT,28.5,60.0,0.0,WX_CLEANED,13,4,0,0,0.2545334999999997,,0.11675574305555549,0.12908513493975896
a3ed2fe218a724b4fepeni,2026-01-09 14:00:00+08:00,0.2395496916666663,2.3701,2.47,0.09990000000000032,139.78948114781332,HOURLY_RECON_GT_5PCT,27.5,69.0,0.0,WX_CLEANED,14,4,0,0,0.3496068583333331,,0.1121700277777777,0.12974659935129731
a3ed2fe218a724b4fepeni,2026-01-09 15:00:00+08:00,0.2654738333333333,2.49,2.59,0.09999999999999964,165.47383333333423,HOURLY_RECON_GT_5PCT,29.1,58.0,0.0,WX_CLEANED,15,4,0,0,0.3874413249999998,,0.10708804895833325,0.13055449955357135
a3ed2fe218a724b4fepeni,2026-01-09 16:00:00+08:00,0.44786234999999985,0.0257,0.1545,0.1288,247.71921583850917,HOURLY_RECON_GT_5PCT,28.5,61.0,0.1,WX_CLEANED,16,4,0,0,0.3520136666666666,0.2366135,0.11108174409722214,0.13181193318452372
a3ed2fe218a724b4fepeni,2026-01-09 17:00:00+08:00,0.5076751583333331,0.1802,0.309,0.1288,294.1577316252586,HOURLY_RECON_GT_5PCT,27.9,64.0,0.1,WX_CLEANED,17,4,0,0,0.3811230666666663,0.3104840583333331,0.1163547479166666,0.13298568973214278
a3ed2fe218a724b4fepeni,2026-01-09 18:00:00+08:00,0.5197959583333329,0.3347,0.4634,0.12869999999999998,303.8818635068632,HOURLY_RECON_GT_5PCT,27.0,67.0,0.0,WX_CLEANED,18,4,0,0,0.39022231666666646,0.31789681666666664,0.12175364965277768,0.13418747033730152
a3ed2fe218a724b4fepeni,2026-01-09 19:00:00+08:00,0.5139940083333333,0.4892,0.6179,0.12869999999999998,299.37374384874386,HOURLY_RECON_GT_5PCT,26.5,70.0,0.0,WX_CLEANED,19,4,0,0,0.3858667749999998,0.3143484916666663,0.12709228437499995,0.13537583650793641
a3ed2fe218a724b4fepeni,2026-01-09 20:00:00+08:00,0.484440125,0.6437,0.7724,0.12869999999999993,276.41035353535375,HOURLY_RECON_GT_5PCT,26.2,70.0,0.0,WX_CLEANED,20,4,0,0,0.3636799749999998,0.2962739583333333,0.1321239572916666,0.13649587321428563
a3ed2fe218a724b4fepeni,2026-01-09 21:00:00+08:00,0.0,0.7981,0.9269,0.12879999999999991,100.0,HOURLY_RECON_GT_5PCT,26.0,70.0,0.2,WX_CLEANED,21,4,0,0,0.0,0.0,0.1321239572916666,0.13649587321428563
a3ed2fe218a724b4fepeni,2026-01-09 22:00:00+08:00,0.0,0.9526,1.0813,0.12869999999999993,100.0,HOURLY_RECON_GT_5PCT,25.4,74.0,0.2,WX_CLEANED,22,4,0,0,0.0,0.0,0.1321239572916666,0.13649587321428563
a3ed2fe218a724b4fepeni,2026-01-09 23:00:00+08:00,0.0,1.1071,1.2358,0.12870000000000004,100.0,HOURLY_RECON_GT_5PCT,25.2,75.0,0.1,WX_CLEANED,23,4,0,0,0.0,0.0,0.1321239572916666,0.13649587321428563
a3ed2fe218a724b4fepeni,2026-01-10 00:00:00+08:00,0.0,1.2616,1.3903,0.12870000000000004,100.0,HOURLY_RECON_GT_5PCT,25.0,77.0,0.0,WX_CLEANED,0,5,1,0,0.0,0.0,0.1321239572916666,0.13649587321428563
a3ed2fe218a724b4fepeni,2026-01-10 01:00:00+08:00,0.0,1.416,1.5448,0.12880000000000003,100.0,HOURLY_RECON_GT_5PCT,25.0,78.0,0.0,WX_CLEANED,1,5,1,0,0.0,0.0,0.1321239572916666,0.13649587321428563
a3ed2fe218a724b4fepeni,2026-01-10 02:00:00+08:00,0.0,1.5705,1.6993,0.12880000000000003,100.0,HOURLY_RECON_GT_5PCT,24.7,81.0,0.0,WX_CLEANED,2,5,1,0,0.0,0.0,0.1321239572916666,0.13649587321428563
a3ed2fe218a724b4fepeni,2026-01-10 03:00:00+08:00,0.0,1.725,1.832,0.10699999999999998,100.0,HOURLY_RECON_GT_5PCT,24.3,81.0,0.4,WX_CLEANED,3,5,1,0,0.0,0.0,0.1321239572916666,0.13649587321428563
a3ed2fe218a724b4fepeni,2026-01-10 04:00:00+08:00,0.0,1.8372,1.8668,0.02960000000000007,100.0,HOURLY_RECON_GT_5PCT,24.2,78.0,0.0,WX_CLEANED,4,5,1,0,0.0,0.0,0.1321239572916666,0.13649587321428563
a3ed2fe218a724b4fepeni,2026-01-10 05:00:00+08:00,0.0,1.8808,1.9293,0.04849999999999999,100.0,HOURLY_RECON_GT_5PCT,23.9,79.0,0.1,WX_CLEANED,5,5,1,0,0.0,0.0,0.1321239572916666,0.13649587321428563
a3ed2fe218a724b4fepeni,2026-01-10 06:00:00+08:00,0.0,1.9293,2.066,0.13669999999999982,100.0,HOURLY_RECON_GT_5PCT,23.6,83.0,0.5,WX_CLEANED,6,5,1,0,0.0,0.0,0.1321239572916666,0.13649587321428563
a3ed2fe218a724b4fepeni,2026-01-10 07:00:00+08:00,0.0,2.0856,2.2147,0.12910000000000021,100.0,HOURLY_RECON_GT_5PCT,23.8,82.0,0.2,WX_CLEANED,7,5,1,0,0.0,0.0,0.1321239572916666,0.13649587321428563
a3ed2fe218a724b4fepeni,2026-01-10 08:00:00+08:00,0.0,2.2521,2.4362,0.18409999999999993,100.0,HOURLY_RECON_GT_5PCT,24.0,86.0,0.0,WX_CLEANED,8,5,1,0,0.0,0.0,0.1321239572916666,0.13649587321428563
a3ed2fe218a724b4fepeni,2026-01-10 09:00:00+08:00,0.0,2.4701,2.6375,0.16740000000000022,100.0,HOURLY_RECON_GT_5PCT,25.2,79.0,0.1,WX_CLEANED,9,5,1,0,0.0,0.0,0.1321239572916666,0.13649587321428563
a3ed2fe218a724b4fepeni,2026-01-10 10:00:00+08:00,0.0,2.6707,2.7752,0.10449999999999982,100.0,HOURLY_RECON_GT_5PCT,27.4,65.0,0.0,WX_CLEANED,10,5,1,0,0.0,0.0,0.1321239572916666,0.13649587321428563
a3ed2fe218a724b4fepeni,2026-01-10 11:00:00+08:00,0.0,2.7942,2.9156,0.12139999999999995,100.0,HOURLY_RECON_GT_5PCT,29.0,59.0,0.0,WX_CLEANED,11,5,1,0,0.0,0.0,0.1321239572916666,0.13649587321428563
a3ed2fe218a724b4fepeni,2026-01-10 12:00:00+08:00,0.0225918916666663,2.9381,3.008,0.06990000000000007,67.6796971864574,HOURLY_RECON_GT_5PCT,30.2,54.0,0.0,WX_CLEANED,12,5,1,0,0.0169602583333331,0.0138167333333331,0.1323586086805555,0.1365481062996031
a3ed2fe218a724b4fepeni,2026-01-10 13:00:00+08:00,0.2334066333333333,3.0123,3.141,0.12869999999999981,81.3571354571357,HOURLY_RECON_GT_5PCT,30.3,55.0,0.0,WX_CLEANED,13,5,1,0,0.17522359166666662,0.1427468666666666,0.13478290208333327,0.13708774776785707
a3ed2fe218a724b4fepeni,2026-01-10 14:00:00+08:00,0.3190922916666663,3.1668,3.2955,0.12870000000000026,147.93495855995778,HOURLY_RECON_GT_5PCT,27.7,67.0,0.0,WX_CLEANED,14,5,1,0,0.2395496916666663,0.19515049166666631,0.13809717708333327,0.13782549657738088
a3ed2fe218a724b4fepeni,2026-01-10 15:00:00+08:00,0.3536245083333333,3.3213,3.45,0.12870000000000026,174.76651774151716,HOURLY_RECON_GT_5PCT,28.0,65.0,0.4,WX_CLEANED,15,5,1,0,0.2654738333333333,0.2162697333333333,0.14177012187499993,0.13864308452380944
a3ed2fe218a724b4fepeni,2026-01-10 16:00:00+08:00,0.4811687416666663,0.0268,0.1605,0.1337,259.88686736474665,HOURLY_RECON_GT_5PCT,27.2,70.0,0.3,WX_CLEANED,16,5,1,0,0.44786234999999985,0.5769562083333332,0.1431578881944444,0.13807292103174595
a3ed2fe218a724b4fepeni,2026-01-10 17:00:00+08:00,0.5385795333333333,0.1873,0.3211,0.1338,302.52580966616836,HOURLY_RECON_GT_5PCT,27.1,69.0,0.0,WX_CLEANED,17,5,1,0,0.5076751583333331,0.6665995083333329,0.14444557048611104,0.13731089737103166
a3ed2fe218a724b4fepeni,2026-01-10 18:00:00+08:00,0.5514381249999994,0.3478,0.4816,0.13379999999999997,312.1361173393121,HOURLY_RECON_GT_5PCT,27.0,71.0,0.0,WX_CLEANED,18,5,1,0,0.5197959583333329,0.6825146249999996,0.14576399409722215,0.1365306801091269
a3ed2fe218a724b4fepeni,2026-01-10 19:00:00+08:00,0.5452830249999999,0.5083,0.6421,0.13380000000000003,307.53589312406564,HOURLY_RECON_GT_5PCT,26.6,75.0,0.0,WX_CLEANED,19,5,1,0,0.5139940083333333,0.6748964666666664,0.14706770312499992,0.1357591715277777
a3ed2fe218a724b4fepeni,2026-01-10 20:00:00+08:00,0.5139300833333331,0.6689,0.8026,0.13369999999999993,284.39048865619554,HOURLY_RECON_GT_5PCT,26.1,78.0,0.5,WX_CLEANED,20,5,1,0,0.484440125,0.6360909499999998,0.1482964513888888,0.13503202351190466
a3ed2fe218a724b4fepeni,2026-01-10 21:00:00+08:00,0.0,0.8294,0.9632,0.13379999999999992,100.0,HOURLY_RECON_GT_5PCT,26.1,82.0,0.0,WX_CLEANED,21,5,1,0,0.0,0.0,0.1482964513888888,0.13503202351190466
a3ed2fe218a724b4fepeni,2026-01-10 22:00:00+08:00,0.0,0.9899,1.1237,0.13379999999999992,100.0,HOURLY_RECON_GT_5PCT,26.1,83.0,0.0,WX_CLEANED,22,5,1,0,0.0,0.0,0.1482964513888888,0.13503202351190466
a3ed2fe218a724b4fepeni,2026-01-10 23:00:00+08:00,0.0,1.1504,1.2842,0.13379999999999992,100.0,HOURLY_RECON_GT_5PCT,26.1,82.0,0.0,WX_CLEANED,23,5,1,0,0.0,0.0,0.1482964513888888,0.13503202351190466
a3ed2fe218a724b4fepeni,2026-01-11 00:00:00+08:00,0.0,1.311,1.4447,0.13370000000000015,100.0,HOURLY_RECON_GT_5PCT,26.0,82.0,0.0,WX_CLEANED,0,6,1,0,0.0,0.0,0.1482964513888888,0.13503202351190466
a3ed2fe218a724b4fepeni,2026-01-11 01:00:00+08:00,0.0,1.4715,1.6053,0.13379999999999992,100.0,HOURLY_RECON_GT_5PCT,26.0,84.0,0.0,WX_CLEANED,1,6,1,0,0.0,0.0,0.1482964513888888,0.13503202351190466
a3ed2fe218a724b4fepeni,2026-01-11 02:00:00+08:00,0.0,1.632,1.7658,0.13380000000000014,100.0,HOURLY_RECON_GT_5PCT,25.4,86.0,0.0,WX_CLEANED,2,6,1,0,0.0,0.0,0.1482964513888888,0.13503202351190466
a3ed2fe218a724b4fepeni,2026-01-11 03:00:00+08:00,0.0,1.7925,1.904,0.11149999999999993,100.0,HOURLY_RECON_GT_5PCT,25.2,85.0,0.0,WX_CLEANED,3,6,1,0,0.0,0.0,0.1482964513888888,0.13503202351190466
a3ed2fe218a724b4fepeni,2026-01-11 04:00:00+08:00,0.0,1.9097,1.9423,0.03259999999999996,100.0,HOURLY_RECON_GT_5PCT,25.0,84.0,0.0,WX_CLEANED,4,6,1,0,0.0,0.0,0.1482964513888888,0.13503202351190466
a3ed2fe218a724b4fepeni,2026-01-11 05:00:00+08:00,0.0,1.9578,2.0112,0.053400000000000114,100.0,HOURLY_RECON_GT_5PCT,24.9,82.0,0.0,WX_CLEANED,5,6,1,0,0.0,0.0,0.1482964513888888,0.13503202351190466
a3ed2fe218a724b4fepeni,2026-01-11 06:00:00+08:00,0.0,2.0112,2.162,0.15079999999999982,100.0,HOURLY_RECON_GT_5PCT,24.9,80.0,0.0,WX_CLEANED,6,6,1,0,0.0,0.0,0.1482964513888888,0.13503202351190466
a3ed2fe218a724b4fepeni,2026-01-11 07:00:00+08:00,0.0,2.1835,2.3259,0.14239999999999986,100.0,HOURLY_RECON_GT_5PCT,25.0,79.0,0.0,WX_CLEANED,7,6,1,0,0.0,0.0,0.1482964513888888,0.13503202351190466
a3ed2fe218a724b4fepeni,2026-01-11 08:00:00+08:00,0.0,2.3671,2.5701,0.20299999999999985,100.0,HOURLY_RECON_GT_5PCT,25.5,77.0,0.0,WX_CLEANED,8,6,1,0,0.0,0.0,0.1482964513888888,0.13503202351190466
a3ed2fe218a724b4fepeni,2026-01-11 09:00:00+08:00,0.0,2.6075,2.7919,0.18440000000000012,100.0,HOURLY_RECON_GT_5PCT,27.3,67.0,0.0,WX_CLEANED,9,6,1,0,0.0,0.0,0.1482964513888888,0.13503202351190466
a3ed2fe218a724b4fepeni,2026-01-11 10:00:00+08:00,0.0,2.8286,2.9438,0.11520000000000019,100.0,HOURLY_RECON_GT_5PCT,28.9,60.0,0.0,WX_CLEANED,10,6,1,0,0.0,0.0,0.1482964513888888,0.13503202351190466
a3ed2fe218a724b4fepeni,2026-01-11 11:00:00+08:00,0.0,2.9648,3.0986,0.13379999999999992,100.0,HOURLY_RECON_GT_5PCT,30.2,53.0,0.0,WX_CLEANED,11,6,1,0,0.0,0.0,0.1482964513888888,0.13503202351190466
a3ed2fe218a724b4fepeni,2026-01-11 12:00:00+08:00,0.0239671666666663,3.1233,3.2005,0.07719999999999994,68.95444732297108,HOURLY_RECON_GT_5PCT,30.5,52.0,0.0,WX_CLEANED,12,6,1,0,0.0225918916666663,0.0296641583333331,0.1483537545138888,0.13499811284722213
a3ed2fe218a724b4fepeni,2026-01-11 13:00:00+08:00,0.24761504999999961,3.2052,3.3389,0.13370000000000015,85.20198204936375,HOURLY_RECON_GT_5PCT,29.9,56.0,0.2,WX_CLEANED,13,6,1,0,0.2334066333333333,0.3058602499999995,0.14894577187499988,0.13465141522817453
a3ed2fe218a724b4fepeni,2026-01-11 14:00:00+08:00,0.33851682499999963,3.3657,3.4995,0.13379999999999992,153.00211136023904,HOURLY_RECON_GT_5PCT,29.9,59.0,0.2,WX_CLEANED,14,6,1,0,0.3190922916666663,0.4189820916666663,0.14975512743055544,0.1341724553075396
a3ed2fe218a724b4fepeni,2026-01-11 15:00:00+08:00,0.37515116666666654,3.5262,3.66,0.13380000000000036,180.382037867463,HOURLY_RECON_GT_5PCT,30.4,60.0,0.0,WX_CLEANED,15,6,1,0,0.3536245083333333,0.4643243583333333,0.15065207152777768,0.1336416624999999
a3ed2fe218a724b4fepeni,2026-01-11 16:00:00+08:00,0.5101018499999999,0.0278,0.1666,0.1388,267.50853746397684,HOURLY_RECON_GT_5PCT,27.25,76.5,7.2,WX_CLEANED,16,6,1,0,0.4811687416666663,0.501564,0.15185761770833325,0.1336924830357142
a3ed2fe218a724b4fepeni,2026-01-11 17:00:00+08:00,0.5709384999999998,0.1944,0.3332,0.1388,311.3389769452448,HOURLY_RECON_GT_5PCT,24.1,93.0,1.6,WX_CLEANED,17,6,1,0,0.5385795333333333,0.5518240833333331,0.153205907986111,0.13380625932539672
a3ed2fe218a724b4fepeni,2026-01-11 18:00:00+08:00,0.5845696583333331,0.361,0.4998,0.13880000000000003,321.15969620557127,HOURLY_RECON_GT_5PCT,25.1,89.0,0.0,WX_CLEANED,18,6,1,0,0.5514381249999994,0.564998933333333,0.15458638854166656,0.133922751736111
a3ed2fe218a724b4fepeni,2026-01-11 19:00:00+08:00,0.5780448416666665,0.5276,0.6664,0.13880000000000003,316.4588196445723,HOURLY_RECON_GT_5PCT,25.9,85.0,0.0,WX_CLEANED,19,6,1,0,0.5452830249999999,0.5586924499999996,0.155951464236111,0.1340379445436507
a3ed2fe218a724b4fepeni,2026-01-11 20:00:00+08:00,0.5448080916666665,0.6942,0.833,0.13879999999999992,292.513034341979,HOURLY_RECON_GT_5PCT,27.1,74.0,0.0,WX_CLEANED,20,6,1,0,0.5139300833333331,0.5265684666666666,0.1572380479166666,0.1341465137400793
a3ed2fe218a724b4fepeni,2026-01-11 21:00:00+08:00,0.0,0.8608,0.9996,0.13880000000000003,100.0,HOURLY_RECON_GT_5PCT,27.1,69.0,0.0,WX_CLEANED,21,6,1,0,0.0,0.0,0.1572380479166666,0.1341465137400793
a3ed2fe218a724b4fepeni,2026-01-11 22:00:00+08:00,0.0,1.0274,1.1662,0.1387999999999998,100.0,HOURLY_RECON_GT_5PCT,26.8,68.0,0.0,WX_CLEANED,22,6,1,0,0.0,0.0,0.1572380479166666,0.1341465137400793
a3ed2fe218a724b4fepeni,2026-01-11 23:00:00+08:00,0.0,1.194,1.3328,0.13880000000000003,100.0,HOURLY_RECON_GT_5PCT,26.1,69.0,0.0,WX_CLEANED,23,6,1,0,0.0,0.0,0.1572380479166666,0.1341465137400793
a3ed2fe218a724b4fepeni,2026-01-12 00:00:00+08:00,0.0,1.3606,1.4994,0.13880000000000003,100.0,HOURLY_RECON_GT_5PCT,25.7,71.0,0.0,WX_CLEANED,0,0,0,0,0.0,0.0,0.1572380479166666,0.1341465137400793
a3ed2fe218a724b4fepeni,2026-01-12 01:00:00+08:00,0.0,1.5272,1.666,0.13880000000000003,100.0,HOURLY_RECON_GT_5PCT,25.1,75.0,0.0,WX_CLEANED,1,0,0,0,0.0,0.0,0.1572380479166666,0.1341465137400793
a3ed2fe218a724b4fepeni,2026-01-12 02:00:00+08:00,0.0,1.6938,1.8326,0.13880000000000003,100.0,HOURLY_RECON_GT_5PCT,25.2,76.0,0.0,WX_CLEANED,2,0,0,0,0.0,0.0,0.1572380479166666,0.1341465137400793
a3ed2fe218a724b4fepeni,2026-01-12 03:00:00+08:00,0.0,1.8604,1.9763,0.11589999999999989,100.0,HOURLY_RECON_GT_5PCT,24.6,79.0,0.1,WX_CLEANED,3,0,0,0,0.0,0.0,0.1572380479166666,0.1341465137400793
a3ed2fe218a724b4fepeni,2026-01-12 04:00:00+08:00,0.0,1.9826,2.0185,0.03590000000000004,100.0,HOURLY_RECON_GT_5PCT,24.2,81.0,0.0,WX_CLEANED,4,0,0,0,0.0,0.0,0.1572380479166666,0.1341465137400793
a3ed2fe218a724b4fepeni,2026-01-12 05:00:00+08:00,0.0,2.0356,2.0943,0.058699999999999974,100.0,HOURLY_RECON_GT_5PCT,24.1,79.0,0.0,WX_CLEANED,5,0,0,0,0.0,0.0,0.1572380479166666,0.1341465137400793
a3ed2fe218a724b4fepeni,2026-01-12 06:00:00+08:00,0.0,2.0943,2.2602,0.16590000000000016,100.0,HOURLY_RECON_GT_5PCT,24.0,79.0,0.0,WX_CLEANED,6,0,0,0,0.0,0.0,0.1572380479166666,0.1341465137400793
a3ed2fe218a724b4fepeni,2026-01-12 07:00:00+08:00,0.0,2.2839,2.4405,0.15660000000000007,100.0,HOURLY_RECON_GT_5PCT,24.0,79.0,0.0,WX_CLEANED,7,0,0,0,0.0,0.0,0.1572380479166666,0.1341465137400793
a3ed2fe218a724b4fepeni,2026-01-12 08:00:00+08:00,0.0,2.4859,2.7092,0.22330000000000005,100.0,HOURLY_RECON_GT_5PCT,25.4,71.0,0.0,WX_CLEANED,8,0,0,0,0.0,0.0,0.1572380479166666,0.1341465137400793
a3ed2fe218a724b4fepeni,2026-01-12 09:00:00+08:00,0.0,2.7504,2.9533,0.20290000000000008,100.0,HOURLY_RECON_GT_5PCT,26.5,65.0,0.0,WX_CLEANED,9,0,0,0,0.0,0.0,0.1572380479166666,0.1341465137400793
a3ed2fe218a724b4fepeni,2026-01-12 10:00:00+08:00,0.0,2.9937,3.1204,0.12670000000000003,100.0,HOURLY_RECON_GT_5PCT,27.6,61.0,0.0,WX_CLEANED,10,0,0,0,0.0,0.0,0.1572380479166666,0.1341465137400793
a3ed2fe218a724b4fepeni,2026-01-12 11:00:00+08:00,0.0,3.1435,3.2907,0.14720000000000022,100.0,HOURLY_RECON_GT_5PCT,28.6,56.0,0.0,WX_CLEANED,11,0,0,0,0.0,0.0,0.1572380479166666,0.1341465137400793
a3ed2fe218a724b4fepeni,2026-01-12 12:00:00+08:00,0.0254071583333331,3.3179,3.4028,0.0849000000000002,70.0740184530824,HOURLY_RECON_GT_5PCT,29.1,54.0,0.0,WX_CLEANED,12,0,0,0,0.0239671666666663,0.024556583333333097,0.15729804756944435,0.13415157668650785
a3ed2fe218a724b4fepeni,2026-01-12 13:00:00+08:00,0.262492283333333,3.408,3.5468,0.13880000000000026,89.11547790585918,HOURLY_RECON_GT_5PCT,29.3,54.0,0.0,WX_CLEANED,13,0,0,0,0.24761504999999961,0.2534108333333329,0.1579179322916666,0.13420563293650786
a3ed2fe218a724b4fepeni,2026-01-12 14:00:00+08:00,0.3588556833333333,3.5746,3.7134,0.1387999999999998,158.54155859750273,HOURLY_RECON_GT_5PCT,29.9,53.0,0.0,WX_CLEANED,14,0,0,0,0.33851682499999963,0.3468415166666665,0.15876538472222215,0.13427714583333325
a3ed2fe218a724b4fepeni,2026-01-12 15:00:00+08:00,0.39769101666666634,3.7412,3.88,0.1387999999999998,186.52090537944298,HOURLY_RECON_GT_5PCT,30.5,51.0,0.0,WX_CLEANED,15,0,0,0,0.37515116666666654,0.38437674999999977,0.15970454513888882,0.13435639742063482
a3ed2fe218a724b4fepeni,2026-01-12 16:00:00+08:00,0.4971962583333333,0.0272,0.1633,0.1361,265.31686872397745,HOURLY_RECON_GT_5PCT,30.1,52.0,0.0,WX_CLEANED,16,0,0,0,0.5101018499999999,0.4306918666666666,0.1591668121527777,0.1347522568948412
a3ed2fe218a724b4fepeni,2026-01-12 17:00:00+08:00,0.5532862166666663,0.1905,0.3266,0.1361,306.52918197403847,HOURLY_RECON_GT_5PCT,29.1,57.0,0.0,WX_CLEANED,17,0,0,0,0.5709384999999998,0.475285825,0.15843130034722214,0.13521654494047614
a3ed2fe218a724b4fepeni,2026-01-12 18:00:00+08:00,0.5664959916666664,0.3539,0.49,0.1361,316.2351151114375,HOURLY_RECON_GT_5PCT,27.9,60.0,0.0,WX_CLEANED,18,0,0,0,0.5845696583333331,0.486633275,0.1576782309027777,0.13569191825396815
a3ed2fe218a724b4fepeni,2026-01-12 19:00:00+08:00,0.560172858333333,0.5172,0.6533,0.1361,311.58916850355104,HOURLY_RECON_GT_5PCT,27.3,63.0,0.0,WX_CLEANED,19,0,0,0,0.5780448416666665,0.4812015416666663,0.15693356493055546,0.13616198561507928
a3ed2fe218a724b4fepeni,2026-01-12 20:00:00+08:00,0.5279637499999996,0.6805,0.8166,0.1361,287.92340191035976,HOURLY_RECON_GT_5PCT,25.0,78.0,0.0,WX_CLEANED,20,0,0,0,0.5448080916666665,0.4535331666666665,0.156231717361111,0.1366050248015872
a3ed2fe218a724b4fepeni,2026-01-12 21:00:00+08:00,0.0,0.8438,0.9799,0.1361,100.0,HOURLY_RECON_GT_5PCT,25.4,78.0,0.0,WX_CLEANED,21,0,0,0,0.0,0.0,0.156231717361111,0.1366050248015872
a3ed2fe218a724b4fepeni,2026-01-12 22:00:00+08:00,0.0,1.0071,1.1432,0.1360999999999999,100.0,HOURLY_RECON_GT_5PCT,25.4,77.0,0.0,WX_CLEANED,22,0,0,0,0.0,0.0,0.156231717361111,0.1366050248015872
a3ed2fe218a724b4fepeni,2026-01-12 23:00:00+08:00,0.0,1.1705,1.3066,0.1360999999999999,100.0,HOURLY_RECON_GT_5PCT,25.2,79.0,0.0,WX_CLEANED,23,0,0,0,0.0,0.0,0.156231717361111,0.1366050248015872
a3ed2fe218a724b4fepeni,2026-01-13 00:00:00+08:00,0.0,1.3338,1.4699,0.1360999999999999,100.0,HOURLY_RECON_GT_5PCT,25.0,81.0,0.0,WX_CLEANED,0,1,0,0,0.0,0.0,0.156231717361111,0.1366050248015872
a3ed2fe218a724b4fepeni,2026-01-13 01:00:00+08:00,0.0,1.4971,1.6332,0.1360999999999999,100.0,HOURLY_RECON_GT_5PCT,24.7,84.0,0.0,WX_CLEANED,1,1,0,0,0.0,0.0,0.156231717361111,0.1366050248015872
a3ed2fe218a724b4fepeni,2026-01-13 02:00:00+08:00,0.0,1.6604,1.7965,0.1360999999999999,100.0,HOURLY_RECON_GT_5PCT,24.5,82.0,0.0,WX_CLEANED,2,1,0,0,0.0,0.0,0.156231717361111,0.1366050248015872
a3ed2fe218a724b4fepeni,2026-01-13 03:00:00+08:00,0.0,1.8237,1.9373,0.11359999999999992,100.0,HOURLY_RECON_GT_5PCT,24.2,85.0,0.0,WX_CLEANED,3,1,0,0,0.0,0.0,0.156231717361111,0.1366050248015872
a3ed2fe218a724b4fepeni,2026-01-13 04:00:00+08:00,0.0,1.9432,1.9773,0.03410000000000002,100.0,HOURLY_RECON_GT_5PCT,24.0,86.0,0.0,WX_CLEANED,4,1,0,0,0.0,0.0,0.156231717361111,0.1366050248015872
a3ed2fe218a724b4fepeni,2026-01-13 05:00:00+08:00,0.0,1.9935,2.0493,0.05580000000000007,100.0,HOURLY_RECON_GT_5PCT,23.9,86.0,0.0,WX_CLEANED,5,1,0,0,0.0,0.0,0.156231717361111,0.1366050248015872
a3ed2fe218a724b4fepeni,2026-01-13 06:00:00+08:00,0.0,2.0493,2.2069,0.15759999999999996,100.0,HOURLY_RECON_GT_5PCT,24.0,85.0,0.0,WX_CLEANED,6,1,0,0,0.0,0.0,0.156231717361111,0.1366050248015872
a3ed2fe218a724b4fepeni,2026-01-13 07:00:00+08:00,0.0,2.2294,2.3782,0.14880000000000004,100.0,HOURLY_RECON_GT_5PCT,24.2,82.0,0.0,WX_CLEANED,7,1,0,0,0.0,0.0,0.156231717361111,0.1366050248015872
a3ed2fe218a724b4fepeni,2026-01-13 08:00:00+08:00,0.0,2.4213,2.6335,0.21220000000000017,100.0,HOURLY_RECON_GT_5PCT,24.4,84.0,0.0,WX_CLEANED,8,1,0,0,0.0,0.0,0.156231717361111,0.1366050248015872
a3ed2fe218a724b4fepeni,2026-01-13 09:00:00+08:00,0.0,2.6725,2.8654,0.1929000000000003,100.0,HOURLY_RECON_GT_5PCT,25.2,80.0,0.0,WX_CLEANED,9,1,0,0,0.0,0.0,0.156231717361111,0.1366050248015872
a3ed2fe218a724b4fepeni,2026-01-13 10:00:00+08:00,0.0,2.9037,3.0241,0.12039999999999962,100.0,HOURLY_RECON_GT_5PCT,26.5,75.0,0.0,WX_CLEANED,10,1,0,0,0.0,0.0,0.156231717361111,0.1366050248015872
a3ed2fe218a724b4fepeni,2026-01-13 11:00:00+08:00,0.0,3.046,3.1859,0.13990000000000036,100.0,HOURLY_RECON_GT_5PCT,27.2,70.0,0.1,WX_CLEANED,11,1,0,0,0.0,0.0,0.156231717361111,0.1366050248015872
a3ed2fe218a724b4fepeni,2026-01-13 12:00:00+08:00,0.024621666666666302,3.2117,3.2923,0.0806,69.45202646815595,HOURLY_RECON_GT_5PCT,27.4,72.0,0.2,WX_CLEANED,12,1,0,0,0.0254071583333331,0.0211506166666663,0.15619898854166656,0.136625685813492
a3ed2fe218a724b4fepeni,2026-01-13 13:00:00+08:00,0.2543765749999996,3.2973,3.4334,0.1360999999999999,86.90416972814093,HOURLY_RECON_GT_5PCT,28.1,69.0,0.1,WX_CLEANED,13,1,0,0,0.262492283333333,0.2185154416666665,0.15586083402777767,0.13683914494047608
a3ed2fe218a724b4fepeni,2026-01-13 14:00:00+08:00,0.3477605499999996,3.4606,3.5967,0.1360999999999999,155.51840558412923,HOURLY_RECON_GT_5PCT,28.8,66.0,0.1,WX_CLEANED,14,1,0,0,0.3588556833333333,0.29873448333333297,0.15539853680555543,0.1371309667658729
a3ed2fe218a724b4fepeni,2026-01-13 15:00:00+08:00,0.3853952916666664,3.6239,3.76,0.1360999999999999,183.17067719813866,HOURLY_RECON_GT_5PCT,28.7,66.0,0.1,WX_CLEANED,15,1,0,0,0.39769101666666634,0.3310635249999996,0.15488621493055543,0.13745437013888878
a3ed2fe218a724b4fepeni,2026-01-13 16:00:00+08:00,0.49492524166666657,0.0272,0.163,0.1358,264.4515770741286,HOURLY_RECON_GT_5PCT,28.4,68.0,0.2,WX_CLEANED,16,1,0,0,0.4971962583333333,0.3053452833333328,0.154791589236111,0.1385828222718253
a3ed2fe218a724b4fepeni,2026-01-13 17:00:00+08:00,0.5518084,0.1902,0.3261,0.1359,306.0400294334069,HOURLY_RECON_GT_5PCT,28.0,71.0,0.0,WX_CLEANED,17,1,0,0,0.5532862166666663,0.331097425,0.15473001354166657,0.13989657807539674
a3ed2fe218a724b4fepeni,2026-01-13 18:00:00+08:00,0.5649828583333332,0.3533,0.4891,0.13579999999999998,316.0403964162984,HOURLY_RECON_GT_5PCT,27.3,77.0,0.0,WX_CLEANED,18,1,0,0,0.5664959916666664,0.3390024333333331,0.15466696631944435,0.14124169965277766
a3ed2fe218a724b4fepeni,2026-01-13 19:00:00+08:00,0.5586766249999998,0.5163,0.6522,0.13590000000000002,311.0939109639439,HOURLY_RECON_GT_5PCT,26.6,81.0,0.0,WX_CLEANED,19,1,0,0,0.560172858333333,0.33521845833333297,0.1546046232638888,0.14257180778769832
a3ed2fe218a724b4fepeni,2026-01-13 20:00:00+08:00,0.5265534916666665,0.6793,0.8152,0.13590000000000002,287.4565795928377,HOURLY_RECON_GT_5PCT,26.6,83.0,0.0,WX_CLEANED,20,1,0,0,0.5279637499999996,0.3159439499999996,0.15454586249999994,0.14382543601190467
a3ed2fe218a724b4fepeni,2026-01-13 21:00:00+08:00,0.0,0.8424,0.9783,0.1358999999999999,100.0,HOURLY_RECON_GT_5PCT,26.9,80.0,0.0,WX_CLEANED,21,1,0,0,0.0,0.0,0.15454586249999994,0.14382543601190467
a3ed2fe218a724b4fepeni,2026-01-13 22:00:00+08:00,0.0,1.0054,1.1413,0.1358999999999999,100.0,HOURLY_RECON_GT_5PCT,26.5,84.0,0.0,WX_CLEANED,22,1,0,0,0.0,0.0,0.15454586249999994,0.14382543601190467
a3ed2fe218a724b4fepeni,2026-01-13 23:00:00+08:00,0.0,1.1685,1.3043,0.13579999999999992,100.0,HOURLY_RECON_GT_5PCT,26.0,88.0,0.0,WX_CLEANED,23,1,0,0,0.0,0.0,0.15454586249999994,0.14382543601190467
a3ed2fe218a724b4fepeni,2026-01-14 00:00:00+08:00,0.0,1.3315,1.4674,0.13590000000000013,100.0,HOURLY_RECON_GT_5PCT,25.5,90.0,0.0,WX_CLEANED,0,2,0,0,0.0,0.0,0.15454586249999994,0.14382543601190467
a3ed2fe218a724b4fepeni,2026-01-14 01:00:00+08:00,0.0,1.4946,1.6304,0.13580000000000014,100.0,HOURLY_RECON_GT_5PCT,25.1,91.0,0.0,WX_CLEANED,1,2,0,0,0.0,0.0,0.15454586249999994,0.14382543601190467
a3ed2fe218a724b4fepeni,2026-01-14 02:00:00+08:00,0.0,1.6576,1.7935,0.13590000000000013,100.0,HOURLY_RECON_GT_5PCT,24.4,92.0,0.0,WX_CLEANED,2,2,0,0,0.0,0.0,0.15454586249999994,0.14382543601190467
a3ed2fe218a724b4fepeni,2026-01-14 03:00:00+08:00,0.0,1.8207,1.934,0.11329999999999996,100.0,HOURLY_RECON_GT_5PCT,24.4,93.0,0.0,WX_CLEANED,3,2,0,0,0.0,0.0,0.15454586249999994,0.14382543601190467
a3ed2fe218a724b4fepeni,2026-01-14 04:00:00+08:00,0.0,1.9399,1.9738,0.03390000000000004,100.0,HOURLY_RECON_GT_5PCT,24.2,93.0,0.0,WX_CLEANED,4,2,0,0,0.0,0.0,0.15454586249999994,0.14382543601190467
a3ed2fe218a724b4fepeni,2026-01-14 05:00:00+08:00,0.0,1.99,2.0456,0.05559999999999987,100.0,HOURLY_RECON_GT_5PCT,24.4,93.0,0.0,WX_CLEANED,5,2,0,0,0.0,0.0,0.15454586249999994,0.14382543601190467
a3ed2fe218a724b4fepeni,2026-01-14 06:00:00+08:00,0.0,2.0456,2.2024,0.15680000000000005,100.0,HOURLY_RECON_GT_5PCT,24.2,93.0,0.0,WX_CLEANED,6,2,0,0,0.0,0.0,0.15454586249999994,0.14382543601190467
a3ed2fe218a724b4fepeni,2026-01-14 07:00:00+08:00,0.0,2.2248,2.373,0.1482000000000001,100.0,HOURLY_RECON_GT_5PCT,24.2,94.0,0.0,WX_CLEANED,7,2,0,0,0.0,0.0,0.15454586249999994,0.14382543601190467
a3ed2fe218a724b4fepeni,2026-01-14 08:00:00+08:00,0.0,2.4159,2.6272,0.21130000000000004,100.0,HOURLY_RECON_GT_5PCT,25.0,87.0,0.0,WX_CLEANED,8,2,0,0,0.0,0.0,0.15454586249999994,0.14382543601190467
a3ed2fe218a724b4fepeni,2026-01-14 09:00:00+08:00,0.0,2.6661,2.858,0.19189999999999996,100.0,HOURLY_RECON_GT_5PCT,25.9,84.0,0.1,WX_CLEANED,9,2,0,0,0.0,0.0,0.15454586249999994,0.14382543601190467
a3ed2fe218a724b4fepeni,2026-01-14 10:00:00+08:00,0.0,2.8962,3.016,0.11980000000000013,100.0,HOURLY_RECON_GT_5PCT,26.2,81.0,0.1,WX_CLEANED,10,2,0,0,0.0,0.0,0.15454586249999994,0.14382543601190467
a3ed2fe218a724b4fepeni,2026-01-14 11:00:00+08:00,0.0,3.0379,3.1771,0.13919999999999977,100.0,HOURLY_RECON_GT_5PCT,26.7,79.0,0.1,WX_CLEANED,11,2,0,0,0.0,0.0,0.15454586249999994,0.14382543601190467
a3ed2fe218a724b4fepeni,2026-01-14 12:00:00+08:00,0.02455585,3.2028,3.2832,0.08040000000000003,69.45789800995026,HOURLY_RECON_GT_5PCT,27.6,75.0,0.0,WX_CLEANED,12,2,0,0,0.024621666666666302,0.014734133333333099,0.15454312013888882,0.143883898611111
a3ed2fe218a724b4fepeni,2026-01-14 13:00:00+08:00,0.25369711666666633,3.288,3.4239,0.13590000000000035,86.67926171204243,HOURLY_RECON_GT_5PCT,29.0,70.0,0.0,WX_CLEANED,13,2,0,0,0.2543765749999996,0.1522239916666666,0.15451480937499995,0.1444879053075396
a3ed2fe218a724b4fepeni,2026-01-14 14:00:00+08:00,0.34683169999999963,3.4511,3.587,0.13590000000000035,155.2109639440756,HOURLY_RECON_GT_5PCT,28.8,68.0,0.1,WX_CLEANED,14,2,0,0,0.3477605499999996,0.2081067583333331,0.1544761072916666,0.14531364900793642
a3ed2fe218a724b4fepeni,2026-01-14 15:00:00+08:00,0.3843658333333333,3.6141,3.75,0.1358999999999999,182.82989943585986,HOURLY_RECON_GT_5PCT,29.8,61.0,0.1,WX_CLEANED,15,2,0,0,0.3853952916666664,0.2306281499999998,0.1544332131944444,0.14622875426587295
a3ed2fe218a724b4fepeni,2026-01-14 16:00:00+08:00,0.5380186833333331,0.0287,0.1724,0.1437,274.40409417768484,HOURLY_RECON_GT_5PCT,29.6,57.0,0.2,WX_CLEANED,16,2,0,0,0.49492524166666657,0.48563481666666614,0.15622877326388884,0.14654056299603166
a3ed2fe218a724b4fepeni,2026-01-14 17:00:00+08:00,0.6033180083333329,0.2012,0.3449,0.1437,319.84551728137296,HOURLY_RECON_GT_5PCT,27.9,65.0,0.0,WX_CLEANED,17,2,0,0,0.5518084,0.5562236749999995,0.15837500694444437,0.1468208864087301
a3ed2fe218a724b4fepeni,2026-01-14 18:00:00+08:00,0.6177222583333333,0.3736,0.5173,0.1437,329.8693516585479,HOURLY_RECON_GT_5PCT,26.6,72.0,0.0,WX_CLEANED,18,2,0,0,0.5649828583333332,0.5695034999999999,0.16057248194444437,0.14710790282738087
a3ed2fe218a724b4fepeni,2026-01-14 19:00:00+08:00,0.6108273,0.546,0.6897,0.14369999999999994,325.07118997912335,HOURLY_RECON_GT_5PCT,26.2,75.0,0.0,WX_CLEANED,19,2,0,0,0.5586766249999998,0.5631468,0.16274542673611106,0.14739171532738085
a3ed2fe218a724b4fepeni,2026-01-14 20:00:00+08:00,0.5757056916666663,0.7185,0.8621,0.14359999999999995,300.9092560352831,HOURLY_RECON_GT_5PCT,25.0,80.0,0.0,WX_CLEANED,20,2,0,0,0.5265534916666665,0.5307666833333331,0.16479343506944436,0.1476592094246031
a3ed2fe218a724b4fepeni,2026-01-14 21:00:00+08:00,0.0,0.8909,1.0346,0.14369999999999994,100.0,HOURLY_RECON_GT_5PCT,25.2,78.0,0.2,WX_CLEANED,21,2,0,0,0.0,0.0,0.16479343506944436,0.1476592094246031
a3ed2fe218a724b4fepeni,2026-01-14 22:00:00+08:00,0.0,1.0633,1.207,0.14370000000000016,100.0,HOURLY_RECON_GT_5PCT,24.5,84.0,0.3,WX_CLEANED,22,2,0,0,0.0,0.0,0.16479343506944436,0.1476592094246031
a3ed2fe218a724b4fepeni,2026-01-14 23:00:00+08:00,0.0,1.2357,1.3794,0.14369999999999994,100.0,HOURLY_RECON_GT_5PCT,24.2,87.0,0.6,WX_CLEANED,23,2,0,0,0.0,0.0,0.16479343506944436,0.1476592094246031
a3ed2fe218a724b4fepeni,2026-01-15 00:00:00+08:00,0.0,1.4082,1.5519,0.14370000000000016,100.0,HOURLY_RECON_GT_5PCT,24.4,86.0,0.0,WX_CLEANED,0,3,0,0,0.0,0.0,0.16479343506944436,0.1476592094246031
a3ed2fe218a724b4fepeni,2026-01-15 01:00:00+08:00,0.0,1.5806,1.7243,0.14369999999999994,100.0,HOURLY_RECON_GT_5PCT,24.2,88.0,0.0,WX_CLEANED,1,3,0,0,0.0,0.0,0.16479343506944436,0.1476592094246031
a3ed2fe218a724b4fepeni,2026-01-15 02:00:00+08:00,0.0,1.753,1.8967,0.14370000000000016,100.0,HOURLY_RECON_GT_5PCT,24.1,88.0,0.0,WX_CLEANED,2,3,0,0,0.0,0.0,0.16479343506944436,0.1476592094246031
a3ed2fe218a724b4fepeni,2026-01-15 03:00:00+08:00,0.0,1.9255,2.0457,0.12020000000000008,100.0,HOURLY_RECON_GT_5PCT,24.1,88.0,0.0,WX_CLEANED,3,3,0,0,0.0,0.0,0.16479343506944436,0.1476592094246031
a3ed2fe218a724b4fepeni,2026-01-15 04:00:00+08:00,0.0,2.0526,2.0919,0.03929999999999989,100.0,HOURLY_RECON_GT_5PCT,24.1,88.0,0.0,WX_CLEANED,4,3,0,0,0.0,0.0,0.16479343506944436,0.1476592094246031
a3ed2fe218a724b4fepeni,2026-01-15 05:00:00+08:00,0.0,2.1105,2.1748,0.0642999999999998,100.0,HOURLY_RECON_GT_5PCT,23.9,89.0,0.0,WX_CLEANED,5,3,0,0,0.0,0.0,0.16479343506944436,0.1476592094246031
a3ed2fe218a724b4fepeni,2026-01-15 06:00:00+08:00,0.0,2.1748,2.3562,0.1814,100.0,HOURLY_RECON_GT_5PCT,23.6,90.0,0.0,WX_CLEANED,6,3,0,0,0.0,0.0,0.16479343506944436,0.1476592094246031
a3ed2fe218a724b4fepeni,2026-01-15 07:00:00+08:00,0.0,2.3821,2.5534,0.1713,100.0,HOURLY_RECON_GT_5PCT,23.7,90.0,0.0,WX_CLEANED,7,3,0,0,0.0,0.0,0.16479343506944436,0.1476592094246031
a3ed2fe218a724b4fepeni,2026-01-15 08:00:00+08:00,0.0,2.603,2.8473,0.24429999999999996,100.0,HOURLY_RECON_GT_5PCT,24.4,90.0,0.0,WX_CLEANED,8,3,0,0,0.0,0.0,0.16479343506944436,0.1476592094246031
a3ed2fe218a724b4fepeni,2026-01-15 09:00:00+08:00,0.0,2.8923,3.1142,0.22189999999999976,100.0,HOURLY_RECON_GT_5PCT,25.0,85.0,0.0,WX_CLEANED,9,3,0,0,0.0,0.0,0.16479343506944436,0.1476592094246031
a3ed2fe218a724b4fepeni,2026-01-15 10:00:00+08:00,0.0,3.1584,3.2969,0.13850000000000007,100.0,HOURLY_RECON_GT_5PCT,26.0,79.0,0.1,WX_CLEANED,10,3,0,0,0.0,0.0,0.16479343506944436,0.1476592094246031
a3ed2fe218a724b4fepeni,2026-01-15 11:00:00+08:00,0.0,3.3222,3.4832,0.16100000000000003,100.0,HOURLY_RECON_GT_5PCT,27.0,73.0,0.2,WX_CLEANED,11,3,0,0,0.0,0.0,0.16479343506944436,0.1476592094246031
a3ed2fe218a724b4fepeni,2026-01-15 12:00:00+08:00,0.0268480666666663,3.5129,3.6058,0.09289999999999976,71.10003588087582,HOURLY_RECON_GT_5PCT,27.5,69.0,0.1,WX_CLEANED,12,3,0,0,0.02455585,0.0247523833333331,0.16488894409722213,0.14767168373015865
a3ed2fe218a724b4fepeni,2026-01-15 13:00:00+08:00,0.2773789499999996,3.6114,3.7551,0.14369999999999994,93.02640918580359,HOURLY_RECON_GT_5PCT,28.1,67.0,0.4,WX_CLEANED,13,3,0,0,0.25369711666666633,0.2545334999999997,0.1658756871527777,0.1478076685515872
a3ed2fe218a724b4fepeni,2026-01-15 14:00:00+08:00,0.37920730833333327,3.7839,3.9276,0.14369999999999994,163.88817559730927,HOURLY_RECON_GT_5PCT,28.1,67.0,0.3,WX_CLEANED,14,3,0,0,0.34683169999999963,0.3496068583333331,0.16722467083333326,0.14798386170634914
a3ed2fe218a724b4fepeni,2026-01-15 15:00:00+08:00,0.4202452416666663,3.9563,4.1,0.1436999999999995,192.44623637207224,HOURLY_RECON_GT_5PCT,28.2,66.0,0.3,WX_CLEANED,15,3,0,0,0.3843658333333333,0.3874413249999998,0.16871964618055546,0.14817912311507928
a3ed2fe218a724b4fepeni,2026-01-15 16:00:00+08:00,0.4460538583333333,0.0252,0.1509,0.1257,254.85589366215856,HOURLY_RECON_GT_5PCT,28.4,65.0,0.0,WX_CLEANED,16,3,0,0,0.5380186833333331,0.3520136666666666,0.16488777847222214,0.14873888616071418
a3ed2fe218a724b4fepeni,2026-01-15 17:00:00+08:00,0.4900195,0.1761,0.3018,0.1257,289.832537788385,HOURLY_RECON_GT_5PCT,28.2,65.0,0.0,WX_CLEANED,17,3,0,0,0.6033180083333329,0.3811230666666663,0.16016700729166658,0.14938707921626976
a3ed2fe218a724b4fepeni,2026-01-15 18:00:00+08:00,0.5017188,0.327,0.4527,0.12569999999999998,299.1398568019094,HOURLY_RECON_GT_5PCT,27.3,72.0,0.0,WX_CLEANED,18,3,0,0,0.6177222583333333,0.39022231666666646,0.15533352986111104,0.15005074875992058
a3ed2fe218a724b4fepeni,2026-01-15 19:00:00+08:00,0.49611870833333316,0.4779,0.6036,0.12570000000000003,294.6847321665338,HOURLY_RECON_GT_5PCT,26.6,78.0,0.0,WX_CLEANED,19,3,0,0,0.6108273,0.3858667749999998,0.15055400520833326,0.15070701026785707
a3ed2fe218a724b4fepeni,2026-01-15 20:00:00+08:00,0.4675925749999998,0.6288,0.7545,0.12569999999999992,271.99091089896586,HOURLY_RECON_GT_5PCT,26.5,78.0,0.0,WX_CLEANED,20,3,0,0,0.5757056916666663,0.3636799749999998,0.1460492920138888,0.15132553764880946
a3ed2fe218a724b4fepeni,2026-01-15 21:00:00+08:00,0.0,0.7797,0.9054,0.12570000000000003,100.0,HOURLY_RECON_GT_5PCT,25.8,82.0,0.0,WX_CLEANED,21,3,0,0,0.0,0.0,0.1460492920138888,0.15132553764880946
a3ed2fe218a724b4fepeni,2026-01-15 22:00:00+08:00,0.0,0.9306,1.0563,0.12570000000000003,100.0,HOURLY_RECON_GT_5PCT,25.5,84.0,0.0,WX_CLEANED,22,3,0,0,0.0,0.0,0.1460492920138888,0.15132553764880946
a3ed2fe218a724b4fepeni,2026-01-15 23:00:00+08:00,0.0,1.0815,1.2073,0.12580000000000013,100.0,HOURLY_RECON_GT_5PCT,25.1,86.0,0.0,WX_CLEANED,23,3,0,0,0.0,0.0,0.1460492920138888,0.15132553764880946
a3ed2fe218a724b4fepeni,2026-01-16 00:00:00+08:00,0.0,1.2324,1.3582,0.12580000000000013,100.0,HOURLY_RECON_GT_5PCT,24.9,88.0,0.0,WX_CLEANED,0,4,0,0,0.0,0.0,0.1460492920138888,0.15132553764880946
a3ed2fe218a724b4fepeni,2026-01-16 01:00:00+08:00,0.0,1.3833,1.5091,0.12580000000000013,100.0,HOURLY_RECON_GT_5PCT,24.8,90.0,0.0,WX_CLEANED,1,4,0,0,0.0,0.0,0.1460492920138888,0.15132553764880946
a3ed2fe218a724b4fepeni,2026-01-16 02:00:00+08:00,0.0,1.5342,1.66,0.1257999999999999,100.0,HOURLY_RECON_GT_5PCT,24.5,91.0,0.0,WX_CLEANED,2,4,0,0,0.0,0.0,0.1460492920138888,0.15132553764880946
a3ed2fe218a724b4fepeni,2026-01-16 03:00:00+08:00,0.0,1.6851,1.7895,0.10440000000000005,100.0,HOURLY_RECON_GT_5PCT,24.7,87.0,0.0,WX_CLEANED,3,4,0,0,0.0,0.0,0.1460492920138888,0.15132553764880946
a3ed2fe218a724b4fepeni,2026-01-16 04:00:00+08:00,0.0,1.7944,1.8223,0.027900000000000036,100.0,HOURLY_RECON_GT_5PCT,24.6,82.0,0.0,WX_CLEANED,4,4,0,0,0.0,0.0,0.1460492920138888,0.15132553764880946
a3ed2fe218a724b4fepeni,2026-01-16 05:00:00+08:00,0.0,1.8356,1.8812,0.045600000000000085,100.0,HOURLY_RECON_GT_5PCT,24.1,82.0,0.0,WX_CLEANED,5,4,0,0,0.0,0.0,0.1460492920138888,0.15132553764880946
a3ed2fe218a724b4fepeni,2026-01-16 06:00:00+08:00,0.0,1.8812,2.0102,0.12900000000000023,100.0,HOURLY_RECON_GT_5PCT,23.8,84.0,0.0,WX_CLEANED,6,4,0,0,0.0,0.0,0.1460492920138888,0.15132553764880946
a3ed2fe218a724b4fepeni,2026-01-16 07:00:00+08:00,0.0,2.0286,2.1504,0.12179999999999991,100.0,HOURLY_RECON_GT_5PCT,23.7,84.0,0.0,WX_CLEANED,7,4,0,0,0.0,0.0,0.1460492920138888,0.15132553764880946
a3ed2fe218a724b4fepeni,2026-01-16 08:00:00+08:00,0.0,2.1856,2.3593,0.1737000000000002,100.0,HOURLY_RECON_GT_5PCT,24.7,82.0,0.0,WX_CLEANED,8,4,0,0,0.0,0.0,0.1460492920138888,0.15132553764880946
a3ed2fe218a724b4fepeni,2026-01-16 09:00:00+08:00,0.0,2.3912,2.549,0.15779999999999994,100.0,HOURLY_RECON_GT_5PCT,26.3,74.0,0.0,WX_CLEANED,9,4,0,0,0.0,0.0,0.1460492920138888,0.15132553764880946
a3ed2fe218a724b4fepeni,2026-01-16 10:00:00+08:00,0.0,2.5804,2.6789,0.09850000000000003,100.0,HOURLY_RECON_GT_5PCT,27.8,66.0,0.0,WX_CLEANED,10,4,0,0,0.0,0.0,0.1460492920138888,0.15132553764880946
a3ed2fe218a724b4fepeni,2026-01-16 11:00:00+08:00,0.0,2.6968,2.8113,0.11450000000000005,100.0,HOURLY_RECON_GT_5PCT,29.5,56.0,0.0,WX_CLEANED,11,4,0,0,0.0,0.0,0.1460492920138888,0.15132553764880946
a3ed2fe218a724b4fepeni,2026-01-16 12:00:00+08:00,0.021806216666666302,2.8324,2.8984,0.06600000000000028,66.96027777777847,HOURLY_RECON_GT_5PCT,30.6,49.0,0.0,WX_CLEANED,12,4,0,0,0.0268480666666663,0.0169602583333331,0.1458392149305555,0.15135438263888878
a3ed2fe218a724b4fepeni,2026-01-16 13:00:00+08:00,0.2252893499999996,2.9024,3.0282,0.1257999999999999,79.08533386327485,HOURLY_RECON_GT_5PCT,31.1,46.0,0.0,WX_CLEANED,13,4,0,0,0.2773789499999996,0.17522359166666662,0.14366881493055547,0.15165239310515866
a3ed2fe218a724b4fepeni,2026-01-16 14:00:00+08:00,0.3079950916666664,3.0533,3.1791,0.1257999999999999,144.8291666666666,HOURLY_RECON_GT_5PCT,30.6,45.0,0.0,WX_CLEANED,14,4,0,0,0.37920730833333327,0.2395496916666663,0.14070163923611104,0.15205980620039675
a3ed2fe218a724b4fepeni,2026-01-16 15:00:00+08:00,0.3413264083333329,3.2042,3.33,0.1257999999999999,171.32464891361934,HOURLY_RECON_GT_5PCT,30.6,45.0,0.0,WX_CLEANED,15,4,0,0,0.4202452416666663,0.2654738333333333,0.1374133545138888,0.1525113096230158
a3ed2fe218a724b4fepeni,2026-01-16 16:00:00+08:00,0.5097306166666665,0.0279,0.1671,0.1392,266.18578783524896,HOURLY_RECON_GT_5PCT,30.4,45.0,0.0,WX_CLEANED,16,4,0,0,0.4460538583333333,0.44786234999999985,0.1400665527777777,0.15287957311507927
a3ed2fe218a724b4fepeni,2026-01-16 17:00:00+08:00,0.5738827166666667,0.195,0.3343,0.13929999999999998,311.9761067240967,HOURLY_RECON_GT_5PCT,29.8,48.0,0.0,WX_CLEANED,17,4,0,0,0.4900195,0.5076751583333331,0.14356085347222214,0.15327366572420625
a3ed2fe218a724b4fepeni,2026-01-16 18:00:00+08:00,0.5875842416666663,0.3621,0.5014,0.13929999999999998,321.81209021296945,HOURLY_RECON_GT_5PCT,28.9,54.0,0.0,WX_CLEANED,18,4,0,0,0.5017188,0.5197959583333329,0.14713858020833323,0.1536771674107142
a3ed2fe218a724b4fepeni,2026-01-16 19:00:00+08:00,0.5810256999999995,0.5293,0.6686,0.13929999999999998,317.1038765254843,HOURLY_RECON_GT_5PCT,28.0,64.0,0.0,WX_CLEANED,19,4,0,0,0.49611870833333316,0.5139940083333333,0.15067637152777769,0.15407616557539675
a3ed2fe218a724b4fepeni,2026-01-16 20:00:00+08:00,0.5476175583333333,0.6964,0.8357,0.13929999999999998,293.12100382866714,HOURLY_RECON_GT_5PCT,26.6,67.0,0.0,WX_CLEANED,20,4,0,0,0.4675925749999998,0.484440125,0.15401074583333324,0.1544522217261904
a3ed2fe218a724b4fepeni,2026-01-16 21:00:00+08:00,0.0,0.8636,1.0029,0.13929999999999987,100.0,HOURLY_RECON_GT_5PCT,26.2,70.0,0.0,WX_CLEANED,21,4,0,0,0.0,0.0,0.15401074583333324,0.1544522217261904
a3ed2fe218a724b4fepeni,2026-01-16 22:00:00+08:00,0.0,1.0307,1.17,0.13929999999999998,100.0,HOURLY_RECON_GT_5PCT,26.1,70.0,0.0,WX_CLEANED,22,4,0,0,0.0,0.0,0.15401074583333324,0.1544522217261904
a3ed2fe218a724b4fepeni,2026-01-16 23:00:00+08:00,0.0,1.1979,1.3371,0.1392,100.0,HOURLY_RECON_GT_5PCT,26.1,70.0,0.0,WX_CLEANED,23,4,0,0,0.0,0.0,0.15401074583333324,0.1544522217261904
a3ed2fe218a724b4fepeni,2026-01-17 00:00:00+08:00,0.0,1.365,1.5043,0.13929999999999998,100.0,HOURLY_RECON_GT_5PCT,25.8,73.0,0.0,WX_CLEANED,0,5,1,0,0.0,0.0,0.15401074583333324,0.1544522217261904
a3ed2fe218a724b4fepeni,2026-01-17 01:00:00+08:00,0.0,1.5321,1.6714,0.13929999999999998,100.0,HOURLY_RECON_GT_5PCT,25.6,74.0,0.0,WX_CLEANED,1,5,1,0,0.0,0.0,0.15401074583333324,0.1544522217261904
a3ed2fe218a724b4fepeni,2026-01-17 02:00:00+08:00,0.0,1.6993,1.8386,0.13929999999999998,100.0,HOURLY_RECON_GT_5PCT,25.0,77.0,0.0,WX_CLEANED,2,5,1,0,0.0,0.0,0.15401074583333324,0.1544522217261904
a3ed2fe218a724b4fepeni,2026-01-17 03:00:00+08:00,0.0,1.8664,1.9828,0.11639999999999984,100.0,HOURLY_RECON_GT_5PCT,25.0,77.0,0.0,WX_CLEANED,3,5,1,0,0.0,0.0,0.15401074583333324,0.1544522217261904
a3ed2fe218a724b4fepeni,2026-01-17 04:00:00+08:00,0.0,1.9891,2.0253,0.03620000000000001,100.0,HOURLY_RECON_GT_5PCT,24.7,78.0,0.0,WX_CLEANED,4,5,1,0,0.0,0.0,0.15401074583333324,0.1544522217261904
a3ed2fe218a724b4fepeni,2026-01-17 05:00:00+08:00,0.0,2.0425,2.1017,0.05920000000000014,100.0,HOURLY_RECON_GT_5PCT,24.2,81.0,0.0,WX_CLEANED,5,5,1,0,0.0,0.0,0.15401074583333324,0.1544522217261904
a3ed2fe218a724b4fepeni,2026-01-17 06:00:00+08:00,0.0,2.1017,2.269,0.1673,100.0,HOURLY_RECON_GT_5PCT,24.0,80.0,0.0,WX_CLEANED,6,5,1,0,0.0,0.0,0.15401074583333324,0.1544522217261904
a3ed2fe218a724b4fepeni,2026-01-17 07:00:00+08:00,0.0,2.2929,2.4509,0.15799999999999992,100.0,HOURLY_RECON_GT_5PCT,23.8,84.0,0.0,WX_CLEANED,7,5,1,0,0.0,0.0,0.15401074583333324,0.1544522217261904
a3ed2fe218a724b4fepeni,2026-01-17 08:00:00+08:00,0.0,2.4966,2.7218,0.22520000000000007,100.0,HOURLY_RECON_GT_5PCT,24.0,86.0,0.0,WX_CLEANED,8,5,1,0,0.0,0.0,0.15401074583333324,0.1544522217261904
a3ed2fe218a724b4fepeni,2026-01-17 09:00:00+08:00,0.0,2.7633,2.968,0.20469999999999988,100.0,HOURLY_RECON_GT_5PCT,25.2,80.0,0.0,WX_CLEANED,9,5,1,0,0.0,0.0,0.15401074583333324,0.1544522217261904
a3ed2fe218a724b4fepeni,2026-01-17 10:00:00+08:00,0.0,3.0086,3.1364,0.12780000000000014,100.0,HOURLY_RECON_GT_5PCT,25.8,76.0,0.0,WX_CLEANED,10,5,1,0,0.0,0.0,0.15401074583333324,0.1544522217261904
a3ed2fe218a724b4fepeni,2026-01-17 11:00:00+08:00,0.0,3.1597,3.3082,0.14849999999999985,100.0,HOURLY_RECON_GT_5PCT,26.5,71.0,0.0,WX_CLEANED,11,5,1,0,0.0,0.0,0.15401074583333324,0.1544522217261904
a3ed2fe218a724b4fepeni,2026-01-17 12:00:00+08:00,0.025538241666666302,3.3356,3.4212,0.0855999999999999,70.16560552959541,HOURLY_RECON_GT_5PCT,27.4,63.0,0.0,WX_CLEANED,12,5,1,0,0.021806216666666302,0.0225918916666663,0.15416624687499988,0.15446975952380945
a3ed2fe218a724b4fepeni,2026-01-17 13:00:00+08:00,0.2638459249999996,3.4264,3.5657,0.13929999999999998,89.40841708542688,HOURLY_RECON_GT_5PCT,27.7,60.0,0.0,WX_CLEANED,13,5,1,0,0.2252893499999996,0.2334066333333333,0.15577277083333324,0.15465094578373006
a3ed2fe218a724b4fepeni,2026-01-17 14:00:00+08:00,0.3607062166666664,3.5936,3.7329,0.13929999999999998,158.94200765733416,HOURLY_RECON_GT_5PCT,28.6,57.0,0.0,WX_CLEANED,14,5,1,0,0.3079950916666664,0.3190922916666663,0.15796906770833322,0.15489864771825387
a3ed2fe218a724b4fepeni,2026-01-17 15:00:00+08:00,0.39974189999999976,3.7607,3.9,0.13929999999999998,186.9647523330939,HOURLY_RECON_GT_5PCT,28.1,60.0,0.0,WX_CLEANED,15,5,1,0,0.3413264083333329,0.3536245083333333,0.16040304652777768,0.15517315600198403
a3ed2fe218a724b4fepeni,2026-01-17 16:00:00+08:00,0.5010729416666662,0.0274,0.1641,0.1367,266.5493355279197,HOURLY_RECON_GT_5PCT,27.9,62.0,0.0,WX_CLEANED,16,5,1,0,0.5097306166666665,0.4811687416666663,0.16004231006944433,0.15529163338293644
a3ed2fe218a724b4fepeni,2026-01-17 17:00:00+08:00,0.5577054583333332,0.1915,0.3283,0.13679999999999998,307.67942860623776,HOURLY_RECON_GT_5PCT,27.8,62.0,0.0,WX_CLEANED,17,5,1,0,0.5738827166666667,0.5385795333333333,0.15936825763888876,0.1554054781746031
a3ed2fe218a724b4fepeni,2026-01-17 18:00:00+08:00,0.5710207249999998,0.3557,0.4924,0.1367,317.718160204828,HOURLY_RECON_GT_5PCT,27.4,63.0,0.0,WX_CLEANED,18,5,1,0,0.5875842416666663,0.5514381249999994,0.158678111111111,0.15552204126984118
a3ed2fe218a724b4fepeni,2026-01-17 19:00:00+08:00,0.5646470416666666,0.5198,0.6566,0.13679999999999992,312.7536854288501,HOURLY_RECON_GT_5PCT,27.2,65.0,0.0,WX_CLEANED,19,5,1,0,0.5810256999999995,0.5452830249999999,0.15799566701388879,0.15563730327380942
a3ed2fe218a724b4fepeni,2026-01-17 20:00:00+08:00,0.5321806666666663,0.684,0.8207,0.13669999999999993,289.3055352353084,HOURLY_RECON_GT_5PCT,26.8,70.0,0.0,WX_CLEANED,20,5,1,0,0.5476175583333333,0.5139300833333331,0.15735246319444432,0.1557459376984126
a3ed2fe218a724b4fepeni,2026-01-17 21:00:00+08:00,0.0,0.8481,0.9849,0.13680000000000003,100.0,HOURLY_RECON_GT_5PCT,26.6,73.0,0.0,WX_CLEANED,21,5,1,0,0.0,0.0,0.15735246319444432,0.1557459376984126
a3ed2fe218a724b4fepeni,2026-01-17 22:00:00+08:00,0.0,1.0122,1.149,0.13680000000000003,100.0,HOURLY_RECON_GT_5PCT,26.2,76.0,0.0,WX_CLEANED,22,5,1,0,0.0,0.0,0.15735246319444432,0.1557459376984126
a3ed2fe218a724b4fepeni,2026-01-17 23:00:00+08:00,0.0,1.1764,1.3132,0.13680000000000003,100.0,HOURLY_RECON_GT_5PCT,26.0,79.0,0.0,WX_CLEANED,23,5,1,0,0.0,0.0,0.15735246319444432,0.1557459376984126
a3ed2fe218a724b4fepeni,2026-01-18 00:00:00+08:00,0.0,1.3405,1.4773,0.13680000000000003,100.0,HOURLY_RECON_GT_5PCT,25.5,83.0,0.0,WX_CLEANED,0,6,1,0,0.0,0.0,0.15735246319444432,0.1557459376984126
a3ed2fe218a724b4fepeni,2026-01-18 01:00:00+08:00,0.0,1.5047,1.6415,0.13680000000000003,100.0,HOURLY_RECON_GT_5PCT,25.3,84.0,0.0,WX_CLEANED,1,6,1,0,0.0,0.0,0.15735246319444432,0.1557459376984126
a3ed2fe218a724b4fepeni,2026-01-18 02:00:00+08:00,0.0,1.6688,1.8056,0.13680000000000003,100.0,HOURLY_RECON_GT_5PCT,25.2,84.0,0.0,WX_CLEANED,2,6,1,0,0.0,0.0,0.15735246319444432,0.1557459376984126
a3ed2fe218a724b4fepeni,2026-01-18 03:00:00+08:00,0.0,1.833,1.9471,0.11410000000000009,100.0,HOURLY_RECON_GT_5PCT,24.7,85.0,0.0,WX_CLEANED,3,6,1,0,0.0,0.0,0.15735246319444432,0.1557459376984126
a3ed2fe218a724b4fepeni,2026-01-18 04:00:00+08:00,0.0,1.9532,1.9877,0.034499999999999975,100.0,HOURLY_RECON_GT_5PCT,24.4,84.0,0.0,WX_CLEANED,4,6,1,0,0.0,0.0,0.15735246319444432,0.1557459376984126
a3ed2fe218a724b4fepeni,2026-01-18 05:00:00+08:00,0.0,2.0041,2.0607,0.056599999999999984,100.0,HOURLY_RECON_GT_5PCT,24.0,85.0,0.0,WX_CLEANED,5,6,1,0,0.0,0.0,0.15735246319444432,0.1557459376984126
a3ed2fe218a724b4fepeni,2026-01-18 06:00:00+08:00,0.0,2.0607,2.2203,0.15959999999999974,100.0,HOURLY_RECON_GT_5PCT,23.9,82.0,0.0,WX_CLEANED,6,6,1,0,0.0,0.0,0.15735246319444432,0.1557459376984126
a3ed2fe218a724b4fepeni,2026-01-18 07:00:00+08:00,0.0,2.2431,2.3939,0.15079999999999982,100.0,HOURLY_RECON_GT_5PCT,24.0,80.0,0.0,WX_CLEANED,7,6,1,0,0.0,0.0,0.15735246319444432,0.1557459376984126
a3ed2fe218a724b4fepeni,2026-01-18 08:00:00+08:00,0.0,2.4375,2.6525,0.21499999999999986,100.0,HOURLY_RECON_GT_5PCT,25.2,70.0,0.0,WX_CLEANED,8,6,1,0,0.0,0.0,0.15735246319444432,0.1557459376984126
a3ed2fe218a724b4fepeni,2026-01-18 09:00:00+08:00,0.0,2.692,2.8874,0.1953999999999998,100.0,HOURLY_RECON_GT_5PCT,26.4,65.0,0.0,WX_CLEANED,9,6,1,0,0.0,0.0,0.15735246319444432,0.1557459376984126
a3ed2fe218a724b4fepeni,2026-01-18 10:00:00+08:00,0.0,2.9262,3.0482,0.12199999999999989,100.0,HOURLY_RECON_GT_5PCT,27.3,62.0,0.0,WX_CLEANED,10,6,1,0,0.0,0.0,0.15735246319444432,0.1557459376984126
a3ed2fe218a724b4fepeni,2026-01-18 11:00:00+08:00,0.0,3.0704,3.2121,0.14170000000000016,100.0,HOURLY_RECON_GT_5PCT,28.3,59.0,0.0,WX_CLEANED,11,6,1,0,0.0,0.0,0.15735246319444432,0.1557459376984126
a3ed2fe218a724b4fepeni,2026-01-18 12:00:00+08:00,0.0248182916666663,3.2382,3.3199,0.0817000000000001,69.62265401876834,HOURLY_RECON_GT_5PCT,28.8,60.0,0.0,WX_CLEANED,12,6,1,0,0.025538241666666302,0.0239671666666663,0.15732246527777768,0.1557510039186507
a3ed2fe218a724b4fepeni,2026-01-18 13:00:00+08:00,0.2564083666666665,3.3249,3.4617,0.13680000000000003,87.43301656920062,HOURLY_RECON_GT_5PCT,29.4,58.0,0.0,WX_CLEANED,13,6,1,0,0.2638459249999996,0.24761504999999961,0.1570125670138888,0.15580334508928562
a3ed2fe218a724b4fepeni,2026-01-18 14:00:00+08:00,0.3505381666666666,3.4891,3.6259,0.13680000000000003,156.241349902534,HOURLY_RECON_GT_5PCT,29.6,55.0,0.0,WX_CLEANED,14,6,1,0,0.3607062166666664,0.33851682499999963,0.1565888982638888,0.15587490069444435
a3ed2fe218a724b4fepeni,2026-01-18 15:00:00+08:00,0.38847346666666627,3.6532,3.79,0.13680000000000003,183.9718323586741,HOURLY_RECON_GT_5PCT,29.8,57.0,0.0,WX_CLEANED,15,6,1,0,0.39974189999999976,0.37515116666666654,0.15611938020833324,0.15595420009920627
a3ed2fe218a724b4fepeni,2026-01-18 16:00:00+08:00,0.4742162583333333,0.0264,0.1583,0.1319,259.52711018448326,HOURLY_RECON_GT_5PCT,29.4,61.0,0.0,WX_CLEANED,16,6,1,0,0.5010729416666662,0.5101018499999999,0.15500035173611101,0.15574059538690466
a3ed2fe218a724b4fepeni,2026-01-18 17:00:00+08:00,0.526796225,0.1846,0.3165,0.13190000000000002,299.3906178923426,HOURLY_RECON_GT_5PCT,29.1,62.0,0.0,WX_CLEANED,17,6,1,0,0.5577054583333332,0.5709384999999998,0.15371246701388883,0.1554778437499999
a3ed2fe218a724b4fepeni,2026-01-18 18:00:00+08:00,0.5393734749999999,0.3429,0.4748,0.13190000000000002,308.9260614101591,HOURLY_RECON_GT_5PCT,28.4,66.0,0.0,WX_CLEANED,18,6,1,0,0.5710207249999998,0.5845696583333331,0.15239383159722217,0.1552088188492063
a3ed2fe218a724b4fepeni,2026-01-18 19:00:00+08:00,0.5333531083333332,0.5011,0.633,0.13190000000000002,304.36171973717444,HOURLY_RECON_GT_5PCT,27.8,71.0,0.0,WX_CLEANED,19,6,1,0,0.5646470416666666,0.5780448416666665,0.15108991770833327,0.15494279662698404
a3ed2fe218a724b4fepeni,2026-01-18 20:00:00+08:00,0.502686083333333,0.6594,0.7913,0.13190000000000002,281.11151124589304,HOURLY_RECON_GT_5PCT,27.1,73.0,0.0,WX_CLEANED,20,6,1,0,0.5321806666666663,0.5448080916666665,0.14986097673611104,0.1546920703869047
a3ed2fe218a724b4fepeni,2026-01-18 21:00:00+08:00,0.0,0.8176,0.9495,0.13190000000000002,100.0,HOURLY_RECON_GT_5PCT,26.9,75.0,0.0,WX_CLEANED,21,6,1,0,0.0,0.0,0.14986097673611104,0.1546920703869047
a3ed2fe218a724b4fepeni,2026-01-18 22:00:00+08:00,0.0,0.9759,1.1078,0.1318999999999999,100.0,HOURLY_RECON_GT_5PCT,26.6,78.0,0.0,WX_CLEANED,22,6,1,0,0.0,0.0,0.14986097673611104,0.1546920703869047
a3ed2fe218a724b4fepeni,2026-01-18 23:00:00+08:00,0.0,1.1341,1.266,0.1318999999999999,100.0,HOURLY_RECON_GT_5PCT,26.4,79.0,0.0,WX_CLEANED,23,6,1,0,0.0,0.0,0.14986097673611104,0.1546920703869047
a3ed2fe218a724b4fepeni,2026-01-19 00:00:00+08:00,0.0,1.2924,1.4243,0.1318999999999999,100.0,HOURLY_RECON_GT_5PCT,26.2,81.0,0.0,WX_CLEANED,0,0,0,0,0.0,0.0,0.14986097673611104,0.1546920703869047
a3ed2fe218a724b4fepeni,2026-01-19 01:00:00+08:00,0.0,1.4506,1.5825,0.13190000000000013,100.0,HOURLY_RECON_GT_5PCT,25.9,82.0,0.0,WX_CLEANED,1,0,0,0,0.0,0.0,0.14986097673611104,0.1546920703869047
a3ed2fe218a724b4fepeni,2026-01-19 02:00:00+08:00,0.0,1.6089,1.7408,0.1318999999999999,100.0,HOURLY_RECON_GT_5PCT,25.5,82.0,0.2,WX_CLEANED,2,0,0,0,0.0,0.0,0.14986097673611104,0.1546920703869047
a3ed2fe218a724b4fepeni,2026-01-19 03:00:00+08:00,0.0,1.7671,1.8769,0.10980000000000012,100.0,HOURLY_RECON_GT_5PCT,25.5,83.0,0.0,WX_CLEANED,3,0,0,0,0.0,0.0,0.14986097673611104,0.1546920703869047
a3ed2fe218a724b4fepeni,2026-01-19 04:00:00+08:00,0.0,1.8824,1.9139,0.03149999999999986,100.0,HOURLY_RECON_GT_5PCT,25.5,82.0,0.0,WX_CLEANED,4,0,0,0,0.0,0.0,0.14986097673611104,0.1546920703869047
a3ed2fe218a724b4fepeni,2026-01-19 05:00:00+08:00,0.0,1.9288,1.9803,0.05149999999999988,100.0,HOURLY_RECON_GT_5PCT,25.4,81.0,0.0,WX_CLEANED,5,0,0,0,0.0,0.0,0.14986097673611104,0.1546920703869047
a3ed2fe218a724b4fepeni,2026-01-19 06:00:00+08:00,0.0,1.9803,2.1257,0.1454000000000002,100.0,HOURLY_RECON_GT_5PCT,25.3,80.0,0.0,WX_CLEANED,6,0,0,0,0.0,0.0,0.14986097673611104,0.1546920703869047
a3ed2fe218a724b4fepeni,2026-01-19 07:00:00+08:00,0.0,2.1465,2.2838,0.13729999999999976,100.0,HOURLY_RECON_GT_5PCT,25.0,83.0,0.0,WX_CLEANED,7,0,0,0,0.0,0.0,0.14986097673611104,0.1546920703869047
a3ed2fe218a724b4fepeni,2026-01-19 08:00:00+08:00,0.0,2.3235,2.5192,0.19569999999999999,100.0,HOURLY_RECON_GT_5PCT,25.2,83.0,0.0,WX_CLEANED,8,0,0,0,0.0,0.0,0.14986097673611104,0.1546920703869047
a3ed2fe218a724b4fepeni,2026-01-19 09:00:00+08:00,0.0,2.5553,2.7332,0.17790000000000017,100.0,HOURLY_RECON_GT_5PCT,26.4,74.0,0.0,WX_CLEANED,9,0,0,0,0.0,0.0,0.14986097673611104,0.1546920703869047
a3ed2fe218a724b4fepeni,2026-01-19 10:00:00+08:00,0.0,2.7685,2.8796,0.11109999999999998,100.0,HOURLY_RECON_GT_5PCT,27.7,66.0,0.0,WX_CLEANED,10,0,0,0,0.0,0.0,0.14986097673611104,0.1546920703869047
a3ed2fe218a724b4fepeni,2026-01-19 11:00:00+08:00,0.0,2.8998,3.0289,0.12910000000000021,100.0,HOURLY_RECON_GT_5PCT,28.1,63.0,0.0,WX_CLEANED,11,0,0,0,0.0,0.0,0.14986097673611104,0.1546920703869047
a3ed2fe218a724b4fepeni,2026-01-19 12:00:00+08:00,0.0234428333333331,3.0527,3.1271,0.0743999999999998,68.4908154121866,HOURLY_RECON_GT_5PCT,29.4,57.0,0.1,WX_CLEANED,12,0,0,0,0.0248182916666663,0.0254071583333331,0.14980366597222214,0.1546803779761904
a3ed2fe218a724b4fepeni,2026-01-19 13:00:00+08:00,0.2421976416666666,3.1316,3.2635,0.1318999999999999,83.62216957290886,HOURLY_RECON_GT_5PCT,29.8,56.0,0.4,WX_CLEANED,13,0,0,0,0.2564083666666665,0.262492283333333,0.14921155243055548,0.1545595765376983
a3ed2fe218a724b4fepeni,2026-01-19 14:00:00+08:00,0.3311105833333331,3.2899,3.4217,0.13180000000000014,151.22199038947858,HOURLY_RECON_GT_5PCT,29.4,60.0,0.2,WX_CLEANED,14,0,0,0,0.3505381666666666,0.3588556833333333,0.14840206979166662,0.15439442713293644
a3ed2fe218a724b4fepeni,2026-01-19 15:00:00+08:00,0.366943433333333,3.4481,3.58,0.1318999999999999,178.1982057113975,HOURLY_RECON_GT_5PCT,29.1,61.0,0.1,WX_CLEANED,15,0,0,0,0.38847346666666627,0.39769101666666634,0.14750498506944437,0.15421140580357134
a3ed2fe218a724b4fepeni,2026-01-19 16:00:00+08:00,0.4909191166666664,0.0271,0.1625,0.13540000000000002,262.5695100935497,HOURLY_RECON_GT_5PCT,29.0,61.0,0.0,WX_CLEANED,16,0,0,0,0.4742162583333333,0.4971962583333333,0.14820093749999994,0.15417404186507927
a3ed2fe218a724b4fepeni,2026-01-19 17:00:00+08:00,0.5488770916666665,0.1896,0.325,0.13540000000000002,305.37451378631204,HOURLY_RECON_GT_5PCT,28.8,61.0,0.0,WX_CLEANED,17,0,0,0,0.526796225,0.5532862166666663,0.149120973611111,0.15414779707341258
a3ed2fe218a724b4fepeni,2026-01-19 18:00:00+08:00,0.5619816416666663,0.3521,0.4875,0.13539999999999996,315.0529111275232,HOURLY_RECON_GT_5PCT,28.2,65.0,0.0,WX_CLEANED,18,0,0,0,0.5393734749999999,0.5664959916666664,0.15006298055555548,0.15412092594246024
a3ed2fe218a724b4fepeni,2026-01-19 19:00:00+08:00,0.5557088916666665,0.5145,0.65,0.13550000000000006,310.1172632226319,HOURLY_RECON_GT_5PCT,27.8,68.0,0.0,WX_CLEANED,19,0,0,0,0.5333531083333332,0.560172858333333,0.1509944715277777,0.1540943547123015
a3ed2fe218a724b4fepeni,2026-01-19 20:00:00+08:00,0.5237563916666667,0.677,0.8124,0.13539999999999996,286.82155957656335,HOURLY_RECON_GT_5PCT,27.4,70.0,0.0,WX_CLEANED,20,0,0,0,0.502686083333333,0.5279637499999996,0.15187240104166658,0.15406931091269835
a3ed2fe218a724b4fepeni,2026-01-19 21:00:00+08:00,0.0,0.8395,0.9749,0.13539999999999996,100.0,HOURLY_RECON_GT_5PCT,27.6,67.0,0.0,WX_CLEANED,21,0,0,0,0.0,0.0,0.15187240104166658,0.15406931091269835
a3ed2fe218a724b4fepeni,2026-01-19 22:00:00+08:00,0.0,1.002,1.1374,0.13539999999999996,100.0,HOURLY_RECON_GT_5PCT,27.3,67.0,0.0,WX_CLEANED,22,0,0,0,0.0,0.0,0.15187240104166658,0.15406931091269835
a3ed2fe218a724b4fepeni,2026-01-19 23:00:00+08:00,0.0,1.1645,1.2999,0.13539999999999996,100.0,HOURLY_RECON_GT_5PCT,27.0,70.0,0.0,WX_CLEANED,23,0,0,0,0.0,0.0,0.15187240104166658,0.15406931091269835
a3ed2fe218a724b4fepeni,2026-01-20 00:00:00+08:00,0.0,1.327,1.4624,0.13539999999999996,100.0,HOURLY_RECON_GT_5PCT,26.6,72.0,0.0,WX_CLEANED,0,1,0,0,0.0,0.0,0.15187240104166658,0.15406931091269835
a3ed2fe218a724b4fepeni,2026-01-20 01:00:00+08:00,0.0,1.4895,1.6249,0.13539999999999996,100.0,HOURLY_RECON_GT_5PCT,26.1,75.0,0.0,WX_CLEANED,1,1,0,0,0.0,0.0,0.15187240104166658,0.15406931091269835
a3ed2fe218a724b4fepeni,2026-01-20 02:00:00+08:00,0.0,1.652,1.7874,0.1354000000000002,100.0,HOURLY_RECON_GT_5PCT,25.5,78.0,0.0,WX_CLEANED,2,1,0,0,0.0,0.0,0.15187240104166658,0.15406931091269835
a3ed2fe218a724b4fepeni,2026-01-20 03:00:00+08:00,0.0,1.8144,1.9273,0.1129,100.0,HOURLY_RECON_GT_5PCT,24.8,80.0,0.0,WX_CLEANED,3,1,0,0,0.0,0.0,0.15187240104166658,0.15406931091269835
a3ed2fe218a724b4fepeni,2026-01-20 04:00:00+08:00,0.0,1.9332,1.9669,0.03370000000000006,100.0,HOURLY_RECON_GT_5PCT,24.3,81.0,0.4,WX_CLEANED,4,1,0,0,0.0,0.0,0.15187240104166658,0.15406931091269835
a3ed2fe218a724b4fepeni,2026-01-20 05:00:00+08:00,0.0,1.9829,2.038,0.055099999999999705,100.0,HOURLY_RECON_GT_5PCT,24.1,82.0,0.0,WX_CLEANED,5,1,0,0,0.0,0.0,0.15187240104166658,0.15406931091269835
a3ed2fe218a724b4fepeni,2026-01-20 06:00:00+08:00,0.0,2.038,2.1935,0.15549999999999997,100.0,HOURLY_RECON_GT_5PCT,24.1,82.0,0.0,WX_CLEANED,6,1,0,0,0.0,0.0,0.15187240104166658,0.15406931091269835
a3ed2fe218a724b4fepeni,2026-01-20 07:00:00+08:00,0.0,2.2157,2.3626,0.14690000000000003,100.0,HOURLY_RECON_GT_5PCT,24.0,82.0,0.0,WX_CLEANED,7,1,0,0,0.0,0.0,0.15187240104166658,0.15406931091269835
a3ed2fe218a724b4fepeni,2026-01-20 08:00:00+08:00,0.0,2.4051,2.6145,0.20940000000000003,100.0,HOURLY_RECON_GT_5PCT,25.2,79.0,0.0,WX_CLEANED,8,1,0,0,0.0,0.0,0.15187240104166658,0.15406931091269835
a3ed2fe218a724b4fepeni,2026-01-20 09:00:00+08:00,0.0,2.6531,2.8433,0.19020000000000037,100.0,HOURLY_RECON_GT_5PCT,26.2,74.0,0.0,WX_CLEANED,9,1,0,0,0.0,0.0,0.15187240104166658,0.15406931091269835
a3ed2fe218a724b4fepeni,2026-01-20 10:00:00+08:00,0.0,2.8812,3.0,0.1187999999999998,100.0,HOURLY_RECON_GT_5PCT,27.5,67.0,0.0,WX_CLEANED,10,1,0,0,0.0,0.0,0.15187240104166658,0.15406931091269835
a3ed2fe218a724b4fepeni,2026-01-20 11:00:00+08:00,0.0,3.0216,3.1597,0.1381000000000001,100.0,HOURLY_RECON_GT_5PCT,28.2,63.0,0.2,WX_CLEANED,11,1,0,0,0.0,0.0,0.15187240104166658,0.15406931091269835
a3ed2fe218a724b4fepeni,2026-01-20 12:00:00+08:00,0.0244254083333331,3.1852,3.2648,0.07960000000000012,69.31481365159162,HOURLY_RECON_GT_5PCT,28.9,60.0,0.3,WX_CLEANED,12,1,0,0,0.0234428333333331,0.024621666666666302,0.1519133416666666,0.15406814270833324
a3ed2fe218a724b4fepeni,2026-01-20 13:00:00+08:00,0.2523494916666666,3.2696,3.405,0.13539999999999974,86.3733321024129,HOURLY_RECON_GT_5PCT,29.1,57.0,0.1,WX_CLEANED,13,1,0,0,0.2421976416666666,0.2543765749999996,0.1523363354166666,0.15405607673611105
a3ed2fe218a724b4fepeni,2026-01-20 14:00:00+08:00,0.34498931666666627,3.4321,3.5675,0.13539999999999974,154.79270064007898,HOURLY_RECON_GT_5PCT,29.8,53.0,0.1,WX_CLEANED,14,1,0,0,0.3311105833333331,0.3477605499999996,0.15291461597222214,0.1540395812996031
a3ed2fe218a724b4fepeni,2026-01-20 15:00:00+08:00,0.3823240749999996,3.5946,3.73,0.1354000000000002,182.36637740029474,HOURLY_RECON_GT_5PCT,30.2,50.0,0.0,WX_CLEANED,15,1,0,0,0.366943433333333,0.3853952916666664,0.15355547604166658,0.1540213002480158
a3ed2fe218a724b4fepeni,2026-01-20 16:00:00+08:00,0.4798760083333333,0.0266,0.1597,0.1331,260.53794765840223,HOURLY_RECON_GT_5PCT,29.8,51.0,0.0,WX_CLEANED,16,1,0,0,0.4909191166666664,0.49492524166666657,0.1530953465277777,0.15393172147817452
a3ed2fe218a724b4fepeni,2026-01-20 17:00:00+08:00,0.5341635583333331,0.1863,0.3194,0.13310000000000002,301.32498747808637,HOURLY_RECON_GT_5PCT,29.2,54.0,0.0,WX_CLEANED,17,1,0,0,0.5488770916666665,0.5518084,0.15248228263888883,0.15382669265873009
a3ed2fe218a724b4fepeni,2026-01-20 18:00:00+08:00,0.5469166916666667,0.346,0.479,0.133,311.2155576441102,HOURLY_RECON_GT_5PCT,28.4,58.0,0.0,WX_CLEANED,18,1,0,0,0.5619816416666663,0.5649828583333332,0.1518545763888888,0.1537191559523809
a3ed2fe218a724b4fepeni,2026-01-20 19:00:00+08:00,0.5408121416666664,0.5056,0.6387,0.1331,306.3201665414473,HOURLY_RECON_GT_5PCT,27.5,63.0,0.0,WX_CLEANED,19,1,0,0,0.5557088916666665,0.5586766249999998,0.15123387847222214,0.15361281974206342
a3ed2fe218a724b4fepeni,2026-01-20 20:00:00+08:00,0.5097161916666665,0.6653,0.7984,0.1331,282.95731905835197,HOURLY_RECON_GT_5PCT,27.2,67.0,0.0,WX_CLEANED,20,1,0,0,0.5237563916666667,0.5265534916666665,0.1506488701388888,0.15351259771825387
a3ed2fe218a724b4fepeni,2026-01-20 21:00:00+08:00,0.0,0.825,0.9581,0.1331,100.0,HOURLY_RECON_GT_5PCT,27.0,67.0,0.0,WX_CLEANED,21,1,0,0,0.0,0.0,0.1506488701388888,0.15351259771825387
a3ed2fe218a724b4fepeni,2026-01-20 22:00:00+08:00,0.0,0.9847,1.1177,0.1329999999999999,100.0,HOURLY_RECON_GT_5PCT,26.4,70.0,0.0,WX_CLEANED,22,1,0,0,0.0,0.0,0.1506488701388888,0.15351259771825387
a3ed2fe218a724b4fepeni,2026-01-20 23:00:00+08:00,0.0,1.1444,1.2774,0.133,100.0,HOURLY_RECON_GT_5PCT,26.0,72.0,0.0,WX_CLEANED,23,1,0,0,0.0,0.0,0.1506488701388888,0.15351259771825387
a3ed2fe218a724b4fepeni,2026-01-21 00:00:00+08:00,0.0,1.304,1.4371,0.1331,100.0,HOURLY_RECON_GT_5PCT,25.6,74.0,0.0,WX_CLEANED,0,2,0,0,0.0,0.0,0.1506488701388888,0.15351259771825387
a3ed2fe218a724b4fepeni,2026-01-21 01:00:00+08:00,0.0,1.4637,1.5968,0.1331,100.0,HOURLY_RECON_GT_5PCT,24.4,82.0,0.3,WX_CLEANED,1,2,0,0,0.0,0.0,0.1506488701388888,0.15351259771825387
a3ed2fe218a724b4fepeni,2026-01-21 02:00:00+08:00,0.0,1.6234,1.7565,0.1331,100.0,HOURLY_RECON_GT_5PCT,24.6,75.0,0.4,WX_CLEANED,2,2,0,0,0.0,0.0,0.1506488701388888,0.15351259771825387
a3ed2fe218a724b4fepeni,2026-01-21 03:00:00+08:00,0.0,1.7831,1.8939,0.11080000000000001,100.0,HOURLY_RECON_GT_5PCT,24.2,79.0,0.0,WX_CLEANED,3,2,0,0,0.0,0.0,0.1506488701388888,0.15351259771825387
a3ed2fe218a724b4fepeni,2026-01-21 04:00:00+08:00,0.0,1.8995,1.9317,0.032200000000000006,100.0,HOURLY_RECON_GT_5PCT,24.0,82.0,0.2,WX_CLEANED,4,2,0,0,0.0,0.0,0.1506488701388888,0.15351259771825387
a3ed2fe218a724b4fepeni,2026-01-21 05:00:00+08:00,0.0,1.947,1.9997,0.05269999999999997,100.0,HOURLY_RECON_GT_5PCT,24.0,81.0,0.0,WX_CLEANED,5,2,0,0,0.0,0.0,0.1506488701388888,0.15351259771825387
a3ed2fe218a724b4fepeni,2026-01-21 06:00:00+08:00,0.0,1.9997,2.1484,0.14870000000000005,100.0,HOURLY_RECON_GT_5PCT,24.0,80.0,0.0,WX_CLEANED,6,2,0,0,0.0,0.0,0.1506488701388888,0.15351259771825387
a3ed2fe218a724b4fepeni,2026-01-21 07:00:00+08:00,0.0,2.1697,2.3101,0.14039999999999964,100.0,HOURLY_RECON_GT_5PCT,24.0,81.0,0.0,WX_CLEANED,7,2,0,0,0.0,0.0,0.1506488701388888,0.15351259771825387
a3ed2fe218a724b4fepeni,2026-01-21 08:00:00+08:00,0.0,2.3508,2.5511,0.20029999999999992,100.0,HOURLY_RECON_GT_5PCT,25.2,75.0,0.0,WX_CLEANED,8,2,0,0,0.0,0.0,0.1506488701388888,0.15351259771825387
a3ed2fe218a724b4fepeni,2026-01-21 09:00:00+08:00,0.0,2.5879,2.7699,0.18199999999999994,100.0,HOURLY_RECON_GT_5PCT,26.4,67.0,0.0,WX_CLEANED,9,2,0,0,0.0,0.0,0.1506488701388888,0.15351259771825387
a3ed2fe218a724b4fepeni,2026-01-21 10:00:00+08:00,0.0,2.8061,2.9197,0.11360000000000037,100.0,HOURLY_RECON_GT_5PCT,27.8,62.0,0.0,WX_CLEANED,10,2,0,0,0.0,0.0,0.1506488701388888,0.15351259771825387
a3ed2fe218a724b4fepeni,2026-01-21 11:00:00+08:00,0.0,2.9404,3.0724,0.13200000000000012,100.0,HOURLY_RECON_GT_5PCT,29.4,53.0,0.1,WX_CLEANED,11,2,0,0,0.0,0.0,0.1506488701388888,0.15351259771825387
a3ed2fe218a724b4fepeni,2026-01-21 12:00:00+08:00,0.023770725,3.0968,3.1729,0.07609999999999983,68.7638304862023,HOURLY_RECON_GT_5PCT,30.5,46.0,0.1,WX_CLEANED,12,2,0,0,0.0244254083333331,0.02455585,0.1506215916666666,0.15350792435515864
a3ed2fe218a724b4fepeni,2026-01-21 13:00:00+08:00,0.24558483333333309,3.1776,3.3106,0.133,84.65025062656622,HOURLY_RECON_GT_5PCT,30.5,46.0,0.3,WX_CLEANED,13,2,0,0,0.2523494916666666,0.25369711666666633,0.15033973090277772,0.153459636954365
a3ed2fe218a724b4fepeni,2026-01-21 14:00:00+08:00,0.3357412749999998,3.3373,3.4703,0.133,152.43704887218027,HOURLY_RECON_GT_5PCT,30.0,47.0,0.2,WX_CLEANED,14,2,0,0,0.34498931666666627,0.34683169999999963,0.14995439583333328,0.15339362251984118
a3ed2fe218a724b4fepeni,2026-01-21 15:00:00+08:00,0.372075183333333,3.4969,3.63,0.13309999999999977,179.5455922865016,HOURLY_RECON_GT_5PCT,29.5,49.0,0.2,WX_CLEANED,15,2,0,0,0.3823240749999996,0.3843658333333333,0.14952735868055547,0.15332046388888879
a3ed2fe218a724b4fepeni,2026-01-21 16:00:00+08:00,0.4000592416666665,0.0234,0.1403,0.1169,242.22347447961207,HOURLY_RECON_GT_5PCT,28.8,50.0,0.0,WX_CLEANED,16,2,0,0,0.4798760083333333,0.5380186833333331,0.14620166006944438,0.15249927673611102
a3ed2fe218a724b4fepeni,2026-01-21 17:00:00+08:00,0.4399756999999998,0.1637,0.2806,0.1169,276.3692899914455,HOURLY_RECON_GT_5PCT,27.7,53.0,0.0,WX_CLEANED,17,2,0,0,0.5341635583333331,0.6033180083333329,0.14227716597222215,0.15152700109126976
a3ed2fe218a724b4fepeni,2026-01-21 18:00:00+08:00,0.450480158333333,0.304,0.4209,0.1169,285.35513972055855,HOURLY_RECON_GT_5PCT,26.8,56.0,0.0,WX_CLEANED,18,2,0,0,0.5469166916666667,0.6177222583333333,0.13825897708333326,0.15053151240079357
a3ed2fe218a724b4fepeni,2026-01-21 19:00:00+08:00,0.4454519583333333,0.4443,0.5612,0.11690000000000006,281.0538565725689,HOURLY_RECON_GT_5PCT,26.1,59.0,0.0,WX_CLEANED,19,2,0,0,0.5408121416666664,0.6108273,0.13428563611111105,0.1495471353670634
a3ed2fe218a724b4fepeni,2026-01-21 20:00:00+08:00,0.4198391583333331,0.5846,0.7015,0.1169,259.143848018249,HOURLY_RECON_GT_5PCT,25.6,63.0,0.0,WX_CLEANED,20,2,0,0,0.5097161916666665,0.5757056916666663,0.13054075972222215,0.14861935838293644
a3ed2fe218a724b4fepeni,2026-01-21 21:00:00+08:00,0.0,0.7249,0.8418,0.1169,100.0,HOURLY_RECON_GT_5PCT,25.1,64.0,0.0,WX_CLEANED,21,2,0,0,0.0,0.0,0.13054075972222215,0.14861935838293644
a3ed2fe218a724b4fepeni,2026-01-21 22:00:00+08:00,0.0,0.8652,0.9821,0.1169,100.0,HOURLY_RECON_GT_5PCT,25.0,65.0,0.0,WX_CLEANED,22,2,0,0,0.0,0.0,0.13054075972222215,0.14861935838293644
a3ed2fe218a724b4fepeni,2026-01-21 23:00:00+08:00,0.0,1.0055,1.1224,0.1169,100.0,HOURLY_RECON_GT_5PCT,24.7,65.0,0.0,WX_CLEANED,23,2,0,0,0.0,0.0,0.13054075972222215,0.14861935838293644
a3ed2fe218a724b4fepeni,2026-01-22 00:00:00+08:00,0.0,1.1458,1.2627,0.1169,100.0,HOURLY_RECON_GT_5PCT,24.4,66.0,0.0,WX_CLEANED,0,3,0,0,0.0,0.0,0.13054075972222215,0.14861935838293644
a3ed2fe218a724b4fepeni,2026-01-22 01:00:00+08:00,0.0,1.2861,1.403,0.1169,100.0,HOURLY_RECON_GT_5PCT,24.1,66.0,0.0,WX_CLEANED,1,3,0,0,0.0,0.0,0.13054075972222215,0.14861935838293644
a3ed2fe218a724b4fepeni,2026-01-22 02:00:00+08:00,0.0,1.4264,1.5433,0.1169,100.0,HOURLY_RECON_GT_5PCT,23.8,66.0,0.0,WX_CLEANED,2,3,0,0,0.0,0.0,0.13054075972222215,0.14861935838293644
a3ed2fe218a724b4fepeni,2026-01-22 03:00:00+08:00,0.0,1.5667,1.6634,0.09670000000000001,100.0,HOURLY_RECON_GT_5PCT,23.7,65.0,0.0,WX_CLEANED,3,3,0,0,0.0,0.0,0.13054075972222215,0.14861935838293644
a3ed2fe218a724b4fepeni,2026-01-22 04:00:00+08:00,0.0,1.6675,1.6908,0.0233000000000001,100.0,HOURLY_RECON_GT_5PCT,23.4,67.0,0.0,WX_CLEANED,4,3,0,0,0.0,0.0,0.13054075972222215,0.14861935838293644
a3ed2fe218a724b4fepeni,2026-01-22 05:00:00+08:00,0.0,1.7019,1.74,0.03810000000000002,100.0,HOURLY_RECON_GT_5PCT,23.0,69.0,0.0,WX_CLEANED,5,3,0,0,0.0,0.0,0.13054075972222215,0.14861935838293644
a3ed2fe218a724b4fepeni,2026-01-22 06:00:00+08:00,0.0,1.74,1.8476,0.10759999999999992,100.0,HOURLY_RECON_GT_5PCT,22.8,72.0,0.0,WX_CLEANED,6,3,0,0,0.0,0.0,0.13054075972222215,0.14861935838293644
a3ed2fe218a724b4fepeni,2026-01-22 07:00:00+08:00,0.0,1.863,1.9647,0.1016999999999999,100.0,HOURLY_RECON_GT_5PCT,22.8,72.0,0.0,WX_CLEANED,7,3,0,0,0.0,0.0,0.13054075972222215,0.14861935838293644
a3ed2fe218a724b4fepeni,2026-01-22 08:00:00+08:00,0.0,1.9941,2.139,0.1448999999999998,100.0,HOURLY_RECON_GT_5PCT,24.1,62.0,0.0,WX_CLEANED,8,3,0,0,0.0,0.0,0.13054075972222215,0.14861935838293644
a3ed2fe218a724b4fepeni,2026-01-22 09:00:00+08:00,0.0,2.1657,2.2974,0.13169999999999993,100.0,HOURLY_RECON_GT_5PCT,25.1,57.0,0.0,WX_CLEANED,9,3,0,0,0.0,0.0,0.13054075972222215,0.14861935838293644
a3ed2fe218a724b4fepeni,2026-01-22 10:00:00+08:00,0.0,2.3236,2.4059,0.08230000000000004,100.0,HOURLY_RECON_GT_5PCT,26.7,52.0,0.0,WX_CLEANED,10,3,0,0,0.0,0.0,0.13054075972222215,0.14861935838293644
a3ed2fe218a724b4fepeni,2026-01-22 11:00:00+08:00,0.0,2.4208,2.5164,0.09560000000000013,100.0,HOURLY_RECON_GT_5PCT,28.7,45.0,0.0,WX_CLEANED,11,3,0,0,0.0,0.0,0.13054075972222215,0.14861935838293644
a3ed2fe218a724b4fepeni,2026-01-22 12:00:00+08:00,0.0195792666666663,2.534,2.5891,0.05510000000000037,64.4659407138545,HOURLY_RECON_GT_5PCT,30.2,38.0,0.0,WX_CLEANED,12,3,0,0,0.023770725,0.0268480666666663,0.13036611562499992,0.14857609171626976
a3ed2fe218a724b4fepeni,2026-01-22 13:00:00+08:00,0.20228142499999957,2.5925,2.7094,0.11690000000000023,73.03800256629528,HOURLY_RECON_GT_5PCT,30.0,40.0,0.1,WX_CLEANED,13,3,0,0,0.24558483333333309,0.2773789499999996,0.12856180694444433,0.1481290826388888
a3ed2fe218a724b4fepeni,2026-01-22 14:00:00+08:00,0.2765407749999996,2.7328,2.8497,0.11689999999999978,136.56182634730547,HOURLY_RECON_GT_5PCT,29.7,40.0,0.1,WX_CLEANED,14,3,0,0,0.3357412749999998,0.37920730833333327,0.12609511944444432,0.1475179723214285
a3ed2fe218a724b4fepeni,2026-01-22 15:00:00+08:00,0.3064680249999996,2.8731,2.99,0.11690000000000023,162.1625534644987,HOURLY_RECON_GT_5PCT,29.6,39.0,0.0,WX_CLEANED,15,3,0,0,0.372075183333333,0.4202452416666663,0.1233614878472221,0.1468407269841269
a3ed2fe218a724b4fepeni,2026-01-22 16:00:00+08:00,0.41676362499999964,0.0243,0.146,0.12169999999999999,242.45162284305644,HOURLY_RECON_GT_5PCT,28.5,45.0,0.0,WX_CLEANED,16,3,0,0,0.4000592416666665,0.4460538583333333,0.12405750381944432,0.14666638035714277
a3ed2fe218a724b4fepeni,2026-01-22 17:00:00+08:00,0.46647223333333326,0.1703,0.292,0.12169999999999997,283.2968227882772,HOURLY_RECON_GT_5PCT,27.2,50.0,0.0,WX_CLEANED,17,3,0,0,0.4399756999999998,0.4900195,0.12516152604166655,0.1465262180555555
a3ed2fe218a724b4fepeni,2026-01-22 18:00:00+08:00,0.47760927500000006,0.3164,0.438,0.12159999999999999,292.7707853618422,HOURLY_RECON_GT_5PCT,26.0,54.0,0.0,WX_CLEANED,18,3,0,0,0.450480158333333,0.5017188,0.1262919059027777,0.14638270897817451
a3ed2fe218a724b4fepeni,2026-01-22 19:00:00+08:00,0.47227821666666625,0.4624,0.584,0.12159999999999999,288.386691337719,HOURLY_RECON_GT_5PCT,25.1,57.0,0.0,WX_CLEANED,19,3,0,0,0.4454519583333333,0.49611870833333316,0.12740966666666656,0.14624080128968245
a3ed2fe218a724b4fepeni,2026-01-22 20:00:00+08:00,0.4451229583333333,0.6084,0.73,0.12159999999999993,266.05506441885984,HOURLY_RECON_GT_5PCT,24.6,60.0,0.0,WX_CLEANED,20,3,0,0,0.4198391583333331,0.4675925749999998,0.12846315833333322,0.14610705357142847
a3ed2fe218a724b4fepeni,2026-01-22 21:00:00+08:00,0.0,0.7544,0.876,0.12160000000000004,100.0,HOURLY_RECON_GT_5PCT,24.5,60.0,0.0,WX_CLEANED,21,3,0,0,0.0,0.0,0.12846315833333322,0.14610705357142847
a3ed2fe218a724b4fepeni,2026-01-22 22:00:00+08:00,0.0,0.9004,1.0221,0.12170000000000003,100.0,HOURLY_RECON_GT_5PCT,24.4,61.0,0.0,WX_CLEANED,22,3,0,0,0.0,0.0,0.12846315833333322,0.14610705357142847
a3ed2fe218a724b4fepeni,2026-01-22 23:00:00+08:00,0.0,1.0464,1.1681,0.12169999999999992,100.0,HOURLY_RECON_GT_5PCT,24.1,62.0,0.0,WX_CLEANED,23,3,0,0,0.0,0.0,0.12846315833333322,0.14610705357142847
a3ed2fe218a724b4fepeni,2026-01-23 00:00:00+08:00,0.0,1.1924,1.3141,0.12170000000000014,100.0,HOURLY_RECON_GT_5PCT,23.8,64.0,0.0,WX_CLEANED,0,4,0,0,0.0,0.0,0.12846315833333322,0.14610705357142847
a3ed2fe218a724b4fepeni,2026-01-23 01:00:00+08:00,0.0,1.3384,1.4601,0.12169999999999992,100.0,HOURLY_RECON_GT_5PCT,23.7,65.0,0.0,WX_CLEANED,1,4,0,0,0.0,0.0,0.12846315833333322,0.14610705357142847
a3ed2fe218a724b4fepeni,2026-01-23 02:00:00+08:00,0.0,1.4844,1.6061,0.12170000000000014,100.0,HOURLY_RECON_GT_5PCT,23.9,64.0,0.0,WX_CLEANED,2,4,0,0,0.0,0.0,0.12846315833333322,0.14610705357142847
a3ed2fe218a724b4fepeni,2026-01-23 03:00:00+08:00,0.0,1.6304,1.7312,0.1008,100.0,HOURLY_RECON_GT_5PCT,23.8,64.0,0.0,WX_CLEANED,3,4,0,0,0.0,0.0,0.12846315833333322,0.14610705357142847
a3ed2fe218a724b4fepeni,2026-01-23 04:00:00+08:00,0.0,1.7358,1.7615,0.025700000000000056,100.0,HOURLY_RECON_GT_5PCT,23.3,68.0,0.0,WX_CLEANED,4,4,0,0,0.0,0.0,0.12846315833333322,0.14610705357142847
a3ed2fe218a724b4fepeni,2026-01-23 05:00:00+08:00,0.0,1.7737,1.8157,0.04200000000000004,100.0,HOURLY_RECON_GT_5PCT,22.9,70.0,0.0,WX_CLEANED,5,4,0,0,0.0,0.0,0.12846315833333322,0.14610705357142847
a3ed2fe218a724b4fepeni,2026-01-23 06:00:00+08:00,0.0,1.8157,1.9345,0.11880000000000002,100.0,HOURLY_RECON_GT_5PCT,22.6,72.0,0.0,WX_CLEANED,6,4,0,0,0.0,0.0,0.12846315833333322,0.14610705357142847
a3ed2fe218a724b4fepeni,2026-01-23 07:00:00+08:00,0.0,1.9515,2.0636,0.11210000000000009,100.0,HOURLY_RECON_GT_5PCT,22.8,72.0,0.0,WX_CLEANED,7,4,0,0,0.0,0.0,0.12846315833333322,0.14610705357142847
a3ed2fe218a724b4fepeni,2026-01-23 08:00:00+08:00,0.0,2.0961,2.256,0.15989999999999993,100.0,HOURLY_RECON_GT_5PCT,24.0,65.0,0.0,WX_CLEANED,8,4,0,0,0.0,0.0,0.12846315833333322,0.14610705357142847
a3ed2fe218a724b4fepeni,2026-01-23 09:00:00+08:00,0.0,2.2855,2.4308,0.1453000000000002,100.0,HOURLY_RECON_GT_5PCT,25.2,58.0,0.0,WX_CLEANED,9,4,0,0,0.0,0.0,0.12846315833333322,0.14610705357142847
a3ed2fe218a724b4fepeni,2026-01-23 10:00:00+08:00,0.0,2.4597,2.5504,0.09069999999999956,100.0,HOURLY_RECON_GT_5PCT,26.8,51.0,0.0,WX_CLEANED,10,4,0,0,0.0,0.0,0.12846315833333322,0.14610705357142847
a3ed2fe218a724b4fepeni,2026-01-23 11:00:00+08:00,0.0,2.5669,2.6724,0.10550000000000015,100.0,HOURLY_RECON_GT_5PCT,28.1,45.0,0.0,WX_CLEANED,11,4,0,0,0.0,0.0,0.12846315833333322,0.14610705357142847
a3ed2fe218a724b4fepeni,2026-01-23 12:00:00+08:00,0.020758375,2.6918,2.7526,0.060799999999999965,65.85793585526315,HOURLY_RECON_GT_5PCT,29.0,41.0,0.0,WX_CLEANED,12,4,0,0,0.0195792666666663,0.021806216666666302,0.12851228784722213,0.14610081641865072
a3ed2fe218a724b4fepeni,2026-01-23 13:00:00+08:00,0.2144633166666663,2.7563,2.878,0.12170000000000014,76.22293892084309,HOURLY_RECON_GT_5PCT,30.0,36.0,0.0,WX_CLEANED,13,4,0,0,0.20228142499999957,0.2252893499999996,0.12901986666666657,0.14603637574404754
a3ed2fe218a724b4fepeni,2026-01-23 14:00:00+08:00,0.2931947666666665,2.9023,3.024,0.12170000000000014,140.9159956176386,HOURLY_RECON_GT_5PCT,30.0,36.0,0.0,WX_CLEANED,14,4,0,0,0.2765407749999996,0.3079950916666664,0.12971378298611105,0.1459482785714285
a3ed2fe218a724b4fepeni,2026-01-23 15:00:00+08:00,0.3249243499999998,3.0483,3.17,0.12170000000000014,166.98796220213595,HOURLY_RECON_GT_5PCT,29.8,37.0,0.0,WX_CLEANED,15,4,0,0,0.3064680249999996,0.3413264083333329,0.13048279652777772,0.14585064727182534
a3ed2fe218a724b4fepeni,2026-01-23 16:00:00+08:00,0.45160999999999973,0.0257,0.1542,0.1285,251.44747081712043,HOURLY_RECON_GT_5PCT,29.5,37.0,0.0,WX_CLEANED,16,4,0,0,0.41676362499999964,0.5097306166666665,0.13193472881944437,0.145504691220238
a3ed2fe218a724b4fepeni,2026-01-23 17:00:00+08:00,0.506192583333333,0.1799,0.3084,0.1285,293.9241893644614,HOURLY_RECON_GT_5PCT,27.9,45.0,0.0,WX_CLEANED,17,4,0,0,0.46647223333333326,0.5738827166666667,0.1335897434027777,0.14510177375992056
a3ed2fe218a724b4fepeni,2026-01-23 18:00:00+08:00,0.5182780249999996,0.3341,0.4625,0.12840000000000001,303.64332165109,HOURLY_RECON_GT_5PCT,26.4,51.0,0.0,WX_CLEANED,18,4,0,0,0.47760927500000006,0.5875842416666663,0.13528427465277768,0.1446892367559523
a3ed2fe218a724b4fepeni,2026-01-23 19:00:00+08:00,0.5124930666666664,0.4882,0.6167,0.1285,298.8272892347598,HOURLY_RECON_GT_5PCT,25.5,55.0,0.0,WX_CLEANED,19,4,0,0,0.47227821666666625,0.5810256999999995,0.1369598934027777,0.14428130441468245
a3ed2fe218a724b4fepeni,2026-01-23 20:00:00+08:00,0.48302544166666606,0.6424,0.7709,0.12850000000000006,275.89528534370885,HOURLY_RECON_GT_5PCT,25.0,59.0,0.0,WX_CLEANED,20,4,0,0,0.4451229583333333,0.5476175583333333,0.13853916354166657,0.1438968275297618
a3ed2fe218a724b4fepeni,2026-01-23 21:00:00+08:00,0.0,0.7966,0.9251,0.12850000000000006,100.0,HOURLY_RECON_GT_5PCT,24.6,61.0,0.0,WX_CLEANED,21,4,0,0,0.0,0.0,0.13853916354166654,0.1438968275297618
a3ed2fe218a724b4fepeni,2026-01-23 22:00:00+08:00,0.0,0.9508,1.0793,0.12849999999999995,100.0,HOURLY_RECON_GT_5PCT,24.1,62.0,0.0,WX_CLEANED,22,4,0,0,0.0,0.0,0.13853916354166654,0.1438968275297618
a3ed2fe218a724b4fepeni,2026-01-23 23:00:00+08:00,0.0,1.105,1.2335,0.12850000000000006,100.0,HOURLY_RECON_GT_5PCT,24.0,62.0,0.0,WX_CLEANED,23,4,0,0,0.0,0.0,0.13853916354166654,0.1438968275297618
a3ed2fe218a724b4fepeni,2026-01-24 00:00:00+08:00,0.0,1.2592,1.3876,0.12839999999999985,100.0,HOURLY_RECON_GT_5PCT,23.6,63.0,0.0,WX_CLEANED,0,5,1,0,0.0,0.0,0.13853916354166654,0.1438968275297618
a3ed2fe218a724b4fepeni,2026-01-24 01:00:00+08:00,0.0,1.4133,1.5418,0.12850000000000006,100.0,HOURLY_RECON_GT_5PCT,23.5,64.0,0.0,WX_CLEANED,1,5,1,0,0.0,0.0,0.13853916354166654,0.1438968275297618
a3ed2fe218a724b4fepeni,2026-01-24 02:00:00+08:00,0.0,1.5675,1.696,0.12850000000000006,100.0,HOURLY_RECON_GT_5PCT,23.5,67.0,0.0,WX_CLEANED,2,5,1,0,0.0,0.0,0.13853916354166654,0.1438968275297618
a3ed2fe218a724b4fepeni,2026-01-24 03:00:00+08:00,0.0,1.7217,1.8285,0.1068,100.0,HOURLY_RECON_GT_5PCT,23.0,70.0,0.0,WX_CLEANED,3,5,1,0,0.0,0.0,0.13853916354166654,0.1438968275297618
a3ed2fe218a724b4fepeni,2026-01-24 04:00:00+08:00,0.0,1.8337,1.8631,0.02939999999999987,100.0,HOURLY_RECON_GT_5PCT,22.8,70.0,0.0,WX_CLEANED,4,5,1,0,0.0,0.0,0.13853916354166654,0.1438968275297618
a3ed2fe218a724b4fepeni,2026-01-24 05:00:00+08:00,0.0,1.8771,1.9253,0.04820000000000002,100.0,HOURLY_RECON_GT_5PCT,22.4,73.0,0.0,WX_CLEANED,5,5,1,0,0.0,0.0,0.13853916354166654,0.1438968275297618
a3ed2fe218a724b4fepeni,2026-01-24 06:00:00+08:00,0.0,1.9253,2.0614,0.1360999999999999,100.0,HOURLY_RECON_GT_5PCT,22.4,74.0,0.0,WX_CLEANED,6,5,1,0,0.0,0.0,0.13853916354166654,0.1438968275297618
a3ed2fe218a724b4fepeni,2026-01-24 07:00:00+08:00,0.0,2.0808,2.2094,0.12860000000000005,100.0,HOURLY_RECON_GT_5PCT,22.4,74.0,0.0,WX_CLEANED,7,5,1,0,0.0,0.0,0.13853916354166654,0.1438968275297618
a3ed2fe218a724b4fepeni,2026-01-24 08:00:00+08:00,0.0,2.2466,2.4298,0.18320000000000025,100.0,HOURLY_RECON_GT_5PCT,23.5,67.0,0.0,WX_CLEANED,8,5,1,0,0.0,0.0,0.13853916354166654,0.1438968275297618
a3ed2fe218a724b4fepeni,2026-01-24 09:00:00+08:00,0.0,2.4636,2.6301,0.1665000000000001,100.0,HOURLY_RECON_GT_5PCT,25.1,59.0,0.0,WX_CLEANED,9,5,1,0,0.0,0.0,0.13853916354166654,0.1438968275297618
a3ed2fe218a724b4fepeni,2026-01-24 10:00:00+08:00,0.0,2.6632,2.7672,0.10400000000000009,100.0,HOURLY_RECON_GT_5PCT,27.0,51.0,0.0,WX_CLEANED,10,5,1,0,0.0,0.0,0.13853916354166654,0.1438968275297618
a3ed2fe218a724b4fepeni,2026-01-24 11:00:00+08:00,0.0,2.7861,2.9069,0.12080000000000002,100.0,HOURLY_RECON_GT_5PCT,28.2,45.0,0.0,WX_CLEANED,11,5,1,0,0.0,0.0,0.13853916354166654,0.1438968275297618
a3ed2fe218a724b4fepeni,2026-01-24 12:00:00+08:00,0.022525983333333097,2.9292,2.9989,0.0697000000000001,67.68151602104294,HOURLY_RECON_GT_5PCT,28.5,46.0,0.0,WX_CLEANED,12,5,1,0,0.020758375,0.025538241666666302,0.13861281388888877,0.1438788974206348
a3ed2fe218a724b4fepeni,2026-01-24 13:00:00+08:00,0.232725058333333,3.0031,3.1316,0.12850000000000028,81.10899481193191,HOURLY_RECON_GT_5PCT,29.2,43.0,0.0,WX_CLEANED,13,5,1,0,0.2144633166666663,0.2638459249999996,0.13937371979166654,0.14369365416666657
a3ed2fe218a724b4fepeni,2026-01-24 14:00:00+08:00,0.3181604999999996,3.1573,3.2858,0.12849999999999984,147.595719844358,HOURLY_RECON_GT_5PCT,29.2,43.0,0.0,WX_CLEANED,14,5,1,0,0.2931947666666665,0.3607062166666664,0.14041395868055542,0.1434404058531745
a3ed2fe218a724b4fepeni,2026-01-24 15:00:00+08:00,0.35259186666666653,3.3115,3.44,0.12849999999999984,174.39055771725057,HOURLY_RECON_GT_5PCT,29.1,44.0,0.1,WX_CLEANED,15,5,1,0,0.3249243499999998,0.39974189999999976,0.14156677187499986,0.14315975089285707
a3ed2fe218a724b4fepeni,2026-01-24 16:00:00+08:00,0.5464620249999999,0.0291,0.1747,0.1456,275.31732486263724,HOURLY_RECON_GT_5PCT,28.8,45.0,0.0,WX_CLEANED,16,5,1,0,0.45160999999999973,0.5010729416666662,0.1455189395833332,0.14342992400793642
a3ed2fe218a724b4fepeni,2026-01-24 17:00:00+08:00,0.616571883333333,0.2039,0.3495,0.14559999999999998,323.46970009157496,HOURLY_RECON_GT_5PCT,27.6,49.0,0.0,WX_CLEANED,17,5,1,0,0.506192583333333,0.5577054583333332,0.15011807708333322,0.1437803193948412
a3ed2fe218a724b4fepeni,2026-01-24 18:00:00+08:00,0.6312925583333333,0.3786,0.5242,0.1456,333.5800538003663,HOURLY_RECON_GT_5PCT,26.4,54.0,0.0,WX_CLEANED,18,5,1,0,0.5182780249999996,0.5710207249999998,0.15482701597222212,0.1441390803075396
a3ed2fe218a724b4fepeni,2026-01-24 19:00:00+08:00,0.6242462249999994,0.5534,0.699,0.14559999999999995,328.7405391483514,HOURLY_RECON_GT_5PCT,25.5,57.0,0.0,WX_CLEANED,19,5,1,0,0.5124930666666664,0.5646470416666666,0.15948339756944432,0.1444938373511904
a3ed2fe218a724b4fepeni,2026-01-24 20:00:00+08:00,0.588352933333333,0.7281,0.8737,0.14560000000000006,304.08855311355273,HOURLY_RECON_GT_5PCT,25.0,63.0,0.0,WX_CLEANED,20,5,1,0,0.48302544166666606,0.5321806666666663,0.16387204305555544,0.14482819608134911
a3ed2fe218a724b4fepeni,2026-01-24 21:00:00+08:00,0.0,0.9029,1.0485,0.14559999999999995,100.0,HOURLY_RECON_GT_5PCT,24.8,64.0,0.0,WX_CLEANED,21,5,1,0,0.0,0.0,0.16387204305555544,0.14482819608134911
a3ed2fe218a724b4fepeni,2026-01-24 22:00:00+08:00,0.0,1.0776,1.2232,0.14560000000000017,100.0,HOURLY_RECON_GT_5PCT,24.5,65.0,0.0,WX_CLEANED,22,5,1,0,0.0,0.0,0.16387204305555544,0.14482819608134911
a3ed2fe218a724b4fepeni,2026-01-24 23:00:00+08:00,0.0,1.2523,1.398,0.14569999999999994,100.0,HOURLY_RECON_GT_5PCT,24.2,67.0,0.0,WX_CLEANED,23,5,1,0,0.0,0.0,0.16387204305555544,0.14482819608134911
a3ed2fe218a724b4fepeni,2026-01-25 00:00:00+08:00,0.0,1.4271,1.5727,0.14559999999999995,100.0,HOURLY_RECON_GT_5PCT,24.0,68.0,0.0,WX_CLEANED,0,6,1,0,0.0,0.0,0.16387204305555544,0.14482819608134911
a3ed2fe218a724b4fepeni,2026-01-25 01:00:00+08:00,0.0,1.6018,1.7475,0.14570000000000016,100.0,HOURLY_RECON_GT_5PCT,23.8,69.0,0.0,WX_CLEANED,1,6,1,0,0.0,0.0,0.16387204305555544,0.14482819608134911
a3ed2fe218a724b4fepeni,2026-01-25 02:00:00+08:00,0.0,1.7766,1.9222,0.14559999999999995,100.0,HOURLY_RECON_GT_5PCT,23.6,71.0,0.0,WX_CLEANED,2,6,1,0,0.0,0.0,0.16387204305555544,0.14482819608134911
a3ed2fe218a724b4fepeni,2026-01-25 03:00:00+08:00,0.0,1.9513,2.0733,0.12200000000000011,100.0,HOURLY_RECON_GT_5PCT,23.6,71.0,0.0,WX_CLEANED,3,6,1,0,0.0,0.0,0.16387204305555544,0.14482819608134911
a3ed2fe218a724b4fepeni,2026-01-25 04:00:00+08:00,0.0,2.0805,2.1211,0.040600000000000414,100.0,HOURLY_RECON_GT_5PCT,23.2,73.0,0.0,WX_CLEANED,4,6,1,0,0.0,0.0,0.16387204305555544,0.14482819608134911
a3ed2fe218a724b4fepeni,2026-01-25 05:00:00+08:00,0.0,2.1404,2.207,0.06659999999999977,100.0,HOURLY_RECON_GT_5PCT,22.9,74.0,0.0,WX_CLEANED,5,6,1,0,0.0,0.0,0.16387204305555544,0.14482819608134911
a3ed2fe218a724b4fepeni,2026-01-25 06:00:00+08:00,0.0,2.207,2.3948,0.1878000000000002,100.0,HOURLY_RECON_GT_5PCT,22.5,77.0,0.0,WX_CLEANED,6,6,1,0,0.0,0.0,0.16387204305555544,0.14482819608134911
a3ed2fe218a724b4fepeni,2026-01-25 07:00:00+08:00,0.0,2.4217,2.5991,0.1774,100.0,HOURLY_RECON_GT_5PCT,22.4,77.0,0.0,WX_CLEANED,7,6,1,0,0.0,0.0,0.16387204305555544,0.14482819608134911
a3ed2fe218a724b4fepeni,2026-01-25 08:00:00+08:00,0.0,2.6505,2.9035,0.2530000000000001,100.0,HOURLY_RECON_GT_5PCT,23.6,72.0,0.0,WX_CLEANED,8,6,1,0,0.0,0.0,0.16387204305555544,0.14482819608134911
a3ed2fe218a724b4fepeni,2026-01-25 09:00:00+08:00,0.0,2.95,3.1799,0.22989999999999977,100.0,HOURLY_RECON_GT_5PCT,25.2,64.0,0.0,WX_CLEANED,9,6,1,0,0.0,0.0,0.16387204305555544,0.14482819608134911
a3ed2fe218a724b4fepeni,2026-01-25 10:00:00+08:00,0.0,3.2256,3.3692,0.14360000000000017,100.0,HOURLY_RECON_GT_5PCT,27.3,54.0,0.0,WX_CLEANED,10,6,1,0,0.0,0.0,0.16387204305555544,0.14482819608134911
a3ed2fe218a724b4fepeni,2026-01-25 11:00:00+08:00,0.0,3.3953,3.5621,0.16679999999999984,100.0,HOURLY_RECON_GT_5PCT,28.5,49.0,0.0,WX_CLEANED,11,6,1,0,0.0,0.0,0.16387204305555544,0.14482819608134911
a3ed2fe218a724b4fepeni,2026-01-25 12:00:00+08:00,0.027437941666666302,3.5929,3.689,0.09609999999999985,71.4485518557062,HOURLY_RECON_GT_5PCT,29.5,46.0,0.0,WX_CLEANED,12,6,1,0,0.022525983333333097,0.0248182916666663,0.16407670798611101,0.14484378923611102
a3ed2fe218a724b4fepeni,2026-01-25 13:00:00+08:00,0.2834725833333333,3.6949,3.8405,0.14559999999999995,94.69270833333337,HOURLY_RECON_GT_5PCT,30.1,44.0,0.0,WX_CLEANED,13,6,1,0,0.232725058333333,0.2564083666666665,0.16619118819444437,0.1450048857638888
a3ed2fe218a724b4fepeni,2026-01-25 14:00:00+08:00,0.3875378916666663,3.8696,4.0153,0.14569999999999972,165.98345344314828,HOURLY_RECON_GT_5PCT,29.7,45.0,0.0,WX_CLEANED,14,6,1,0,0.3181604999999996,0.3505381666666666,0.1690819128472221,0.1452251222222221
a3ed2fe218a724b4fepeni,2026-01-25 15:00:00+08:00,0.4294772833333333,4.0444,4.19,0.14559999999999995,194.9706616300367,HOURLY_RECON_GT_5PCT,29.5,48.0,0.0,WX_CLEANED,15,6,1,0,0.35259186666666653,0.38847346666666627,0.1722854718749999,0.1454691925595237
a3ed2fe218a724b4fepeni,2026-01-25 16:00:00+08:00,0.55536665,0.0292,0.1753,0.1461,280.1277549623545,HOURLY_RECON_GT_5PCT,29.2,48.0,0.0,WX_CLEANED,16,6,1,0,0.5464620249999999,0.4742162583333333,0.1726564979166666,0.14595223060515863
a3ed2fe218a724b4fepeni,2026-01-25 17:00:00+08:00,0.6194952583333331,0.2045,0.3505,0.146,324.31182077625556,HOURLY_RECON_GT_5PCT,28.5,50.0,0.0,WX_CLEANED,17,6,1,0,0.616571883333333,0.526796225,0.17277830520833326,0.1465040105654761
a3ed2fe218a724b4fepeni,2026-01-25 18:00:00+08:00,0.6342857749999998,0.3797,0.5258,0.14610000000000006,334.14495208761093,HOURLY_RECON_GT_5PCT,27.1,56.0,0.0,WX_CLEANED,18,6,1,0,0.6312925583333333,0.5393734749999999,0.17290302256944434,0.14706896473214276
a3ed2fe218a724b4fepeni,2026-01-25 19:00:00+08:00,0.627205958333333,0.555,0.701,0.1459999999999999,329.5931221461188,HOURLY_RECON_GT_5PCT,26.1,60.0,0.0,WX_CLEANED,19,6,1,0,0.6242462249999994,0.5333531083333332,0.1730263447916666,0.14762761264880944
a3ed2fe218a724b4fepeni,2026-01-25 20:00:00+08:00,0.5911425833333332,0.7302,0.8763,0.1461,304.61504677161753,HOURLY_RECON_GT_5PCT,26.0,61.0,0.0,WX_CLEANED,20,6,1,0,0.588352933333333,0.502686083333333,0.17314258020833329,0.1481541394345237
a3ed2fe218a724b4fepeni,2026-01-25 21:00:00+08:00,0.0,0.9055,1.0515,0.14600000000000013,100.0,HOURLY_RECON_GT_5PCT,25.5,62.0,0.0,WX_CLEANED,21,6,1,0,0.0,0.0,0.17314258020833329,0.1481541394345237
a3ed2fe218a724b4fepeni,2026-01-25 22:00:00+08:00,0.0,1.0807,1.2268,0.1460999999999999,100.0,HOURLY_RECON_GT_5PCT,25.2,64.0,0.0,WX_CLEANED,22,6,1,0,0.0,0.0,0.17314258020833329,0.1481541394345237
a3ed2fe218a724b4fepeni,2026-01-25 23:00:00+08:00,0.0,1.256,1.402,0.1459999999999999,100.0,HOURLY_RECON_GT_5PCT,25.0,65.0,0.0,WX_CLEANED,23,6,1,0,0.0,0.0,0.17314258020833329,0.1481541394345237
a3ed2fe218a724b4fepeni,2026-01-26 00:00:00+08:00,0.0,1.4312,1.5773,0.1460999999999999,100.0,HOURLY_RECON_GT_5PCT,24.7,66.0,0.0,WX_CLEANED,0,0,0,0,0.0,0.0,0.17314258020833329,0.1481541394345237
a3ed2fe218a724b4fepeni,2026-01-26 01:00:00+08:00,0.0,1.6065,1.7525,0.1459999999999999,100.0,HOURLY_RECON_GT_5PCT,24.5,68.0,0.0,WX_CLEANED,1,0,0,0,0.0,0.0,0.17314258020833329,0.1481541394345237
a3ed2fe218a724b4fepeni,2026-01-26 02:00:00+08:00,0.0,1.7818,1.9278,0.1459999999999999,100.0,HOURLY_RECON_GT_5PCT,24.2,73.0,0.0,WX_CLEANED,2,0,0,0,0.0,0.0,0.17314258020833329,0.1481541394345237
a3ed2fe218a724b4fepeni,2026-01-26 03:00:00+08:00,0.0,1.957,2.0794,0.12240000000000006,100.0,HOURLY_RECON_GT_5PCT,23.9,75.0,0.0,WX_CLEANED,3,0,0,0,0.0,0.0,0.17314258020833329,0.1481541394345237
a3ed2fe218a724b4fepeni,2026-01-26 04:00:00+08:00,0.0,2.0866,2.1275,0.04090000000000016,100.0,HOURLY_RECON_GT_5PCT,23.3,77.0,0.0,WX_CLEANED,4,0,0,0,0.0,0.0,0.17314258020833329,0.1481541394345237
a3ed2fe218a724b4fepeni,2026-01-26 05:00:00+08:00,0.0,2.147,2.2141,0.06710000000000038,100.0,HOURLY_RECON_GT_5PCT,23.0,78.0,0.0,WX_CLEANED,5,0,0,0,0.0,0.0,0.17314258020833329,0.1481541394345237
a3ed2fe218a724b4fepeni,2026-01-26 06:00:00+08:00,0.0,2.2141,2.4034,0.1892999999999998,100.0,HOURLY_RECON_GT_5PCT,23.0,79.0,0.0,WX_CLEANED,6,0,0,0,0.0,0.0,0.17314258020833329,0.1481541394345237
a3ed2fe218a724b4fepeni,2026-01-26 07:00:00+08:00,0.0,2.4304,2.6092,0.17879999999999985,100.0,HOURLY_RECON_GT_5PCT,23.1,78.0,0.0,WX_CLEANED,7,0,0,0,0.0,0.0,0.17314258020833329,0.1481541394345237
a3ed2fe218a724b4fepeni,2026-01-26 08:00:00+08:00,0.0,2.661,2.9159,0.2549000000000001,100.0,HOURLY_RECON_GT_5PCT,24.1,72.0,0.0,WX_CLEANED,8,0,0,0,0.0,0.0,0.17314258020833329,0.1481541394345237
a3ed2fe218a724b4fepeni,2026-01-26 09:00:00+08:00,0.0,2.9629,3.1945,0.23160000000000025,100.0,HOURLY_RECON_GT_5PCT,25.1,69.0,0.0,WX_CLEANED,9,0,0,0,0.0,0.0,0.17314258020833329,0.1481541394345237
a3ed2fe218a724b4fepeni,2026-01-26 10:00:00+08:00,0.0,3.2406,3.3852,0.14460000000000006,100.0,HOURLY_RECON_GT_5PCT,26.8,64.0,0.0,WX_CLEANED,10,0,0,0,0.0,0.0,0.17314258020833329,0.1481541394345237
a3ed2fe218a724b4fepeni,2026-01-26 11:00:00+08:00,0.0,3.4115,3.5796,0.16809999999999992,100.0,HOURLY_RECON_GT_5PCT,28.5,58.0,0.0,WX_CLEANED,11,0,0,0,0.0,0.0,0.17314258020833329,0.1481541394345237
a3ed2fe218a724b4fepeni,2026-01-26 12:00:00+08:00,0.027568016666666303,3.6106,3.7075,0.09690000000000021,71.55003439972523,HOURLY_RECON_GT_5PCT,27.8,62.0,0.4,WX_CLEANED,12,0,0,0,0.027437941666666302,0.0234428333333331,0.17314799999999994,0.14817869409722215
a3ed2fe218a724b4fepeni,2026-01-26 13:00:00+08:00,0.2848165999999996,3.7134,3.8595,0.14610000000000012,94.94633812457177,HOURLY_RECON_GT_5PCT,28.5,61.0,0.5,WX_CLEANED,13,0,0,0,0.2834725833333333,0.2421976416666666,0.17320400069444433,0.1484323783730158
a3ed2fe218a724b4fepeni,2026-01-26 14:00:00+08:00,0.3893753666666664,3.8887,4.0347,0.1459999999999999,166.69545662100452,HOURLY_RECON_GT_5PCT,28.2,62.0,1.2,WX_CLEANED,14,0,0,0,0.3875378916666663,0.3311105833333331,0.17328056215277768,0.1487791925595237
a3ed2fe218a724b4fepeni,2026-01-26 15:00:00+08:00,0.431513583333333,4.064,4.21,0.1459999999999999,195.55724885844745,HOURLY_RECON_GT_5PCT,28.2,63.0,0.4,WX_CLEANED,15,0,0,0,0.4294772833333333,0.366943433333333,0.17336540798611103,0.1491635386904761
a3ed2fe218a724b4fepeni,2026-01-26 16:00:00+08:00,0.4753703166666665,0.0263,0.1577,0.13140000000000002,261.773452562151,HOURLY_RECON_GT_5PCT,28.1,63.0,0.1,WX_CLEANED,16,0,0,0,0.55536665,0.4909191166666664,0.17003222743055546,0.14907098630952373
a3ed2fe218a724b4fepeni,2026-01-26 17:00:00+08:00,0.523862933333333,0.184,0.3154,0.13140000000000002,298.67803145611333,HOURLY_RECON_GT_5PCT,28.4,62.0,0.1,WX_CLEANED,17,0,0,0,0.6194952583333331,0.5488770916666665,0.16604754722222212,0.14892209250992056
a3ed2fe218a724b4fepeni,2026-01-26 18:00:00+08:00,0.5363702583333333,0.3416,0.473,0.13139999999999996,308.19654363267387,HOURLY_RECON_GT_5PCT,28.0,65.0,0.0,WX_CLEANED,18,0,0,0,0.6342857749999998,0.5619816416666663,0.16196773402777767,0.14876964379960309
a3ed2fe218a724b4fepeni,2026-01-26 19:00:00+08:00,0.530383375,0.4993,0.6307,0.13140000000000002,303.6403158295281,HOURLY_RECON_GT_5PCT,27.2,70.0,0.0,WX_CLEANED,19,0,0,0,0.627205958333333,0.5557088916666665,0.15793345972222214,0.1486188966765872
a3ed2fe218a724b4fepeni,2026-01-26 20:00:00+08:00,0.49988707499999996,0.657,0.7884,0.13139999999999996,280.4315639269407,HOURLY_RECON_GT_5PCT,27.0,73.0,0.0,WX_CLEANED,20,0,0,0,0.5911425833333332,0.5237563916666667,0.15413114687499993,0.1484768174107142
a3ed2fe218a724b4fepeni,2026-01-26 21:00:00+08:00,0.0,0.8147,0.9461,0.13140000000000007,100.0,HOURLY_RECON_GT_5PCT,26.8,75.0,0.0,WX_CLEANED,21,0,0,0,0.0,0.0,0.15413114687499993,0.1484768174107142
a3ed2fe218a724b4fepeni,2026-01-26 22:00:00+08:00,0.0,0.9723,1.1037,0.13139999999999985,100.0,HOURLY_RECON_GT_5PCT,26.3,77.0,0.0,WX_CLEANED,22,0,0,0,0.0,0.0,0.15413114687499993,0.1484768174107142
a3ed2fe218a724b4fepeni,2026-01-26 23:00:00+08:00,0.0,1.13,1.2614,0.13140000000000018,100.0,HOURLY_RECON_GT_5PCT,26.0,78.0,0.0,WX_CLEANED,23,0,0,0,0.0,0.0,0.15413114687499993,0.1484768174107142
a3ed2fe218a724b4fepeni,2026-01-27 00:00:00+08:00,0.0,1.2877,1.4191,0.13139999999999996,100.0,HOURLY_RECON_GT_5PCT,25.9,79.0,0.0,WX_CLEANED,0,1,0,0,0.0,0.0,0.15413114687499993,0.1484768174107142
a3ed2fe218a724b4fepeni,2026-01-27 01:00:00+08:00,0.0,1.4454,1.5768,0.13139999999999996,100.0,HOURLY_RECON_GT_5PCT,25.5,81.0,0.0,WX_CLEANED,1,1,0,0,0.0,0.0,0.15413114687499993,0.1484768174107142
a3ed2fe218a724b4fepeni,2026-01-27 02:00:00+08:00,0.0,1.6031,1.7344,0.13129999999999997,100.0,HOURLY_RECON_GT_5PCT,25.1,87.0,0.0,WX_CLEANED,2,1,0,0,0.0,0.0,0.15413114687499993,0.1484768174107142
a3ed2fe218a724b4fepeni,2026-01-27 03:00:00+08:00,0.0,1.7607,1.8701,0.10940000000000016,100.0,HOURLY_RECON_GT_5PCT,25.2,83.0,0.0,WX_CLEANED,3,1,0,0,0.0,0.0,0.15413114687499993,0.1484768174107142
a3ed2fe218a724b4fepeni,2026-01-27 04:00:00+08:00,0.0,1.8755,1.9067,0.031200000000000117,100.0,HOURLY_RECON_GT_5PCT,25.0,84.0,0.0,WX_CLEANED,4,1,0,0,0.0,0.0,0.15413114687499993,0.1484768174107142
a3ed2fe218a724b4fepeni,2026-01-27 05:00:00+08:00,0.0,1.9215,1.9725,0.050999999999999934,100.0,HOURLY_RECON_GT_5PCT,25.0,84.0,0.0,WX_CLEANED,5,1,0,0,0.0,0.0,0.15413114687499993,0.1484768174107142
a3ed2fe218a724b4fepeni,2026-01-27 06:00:00+08:00,0.0,1.9725,2.1166,0.14410000000000012,100.0,HOURLY_RECON_GT_5PCT,24.8,85.0,0.0,WX_CLEANED,6,1,0,0,0.0,0.0,0.15413114687499993,0.1484768174107142
a3ed2fe218a724b4fepeni,2026-01-27 07:00:00+08:00,0.0,2.1371,2.2732,0.1360999999999999,100.0,HOURLY_RECON_GT_5PCT,24.8,85.0,0.0,WX_CLEANED,7,1,0,0,0.0,0.0,0.15413114687499993,0.1484768174107142
a3ed2fe218a724b4fepeni,2026-01-27 08:00:00+08:00,0.0,2.3126,2.5065,0.19389999999999974,100.0,HOURLY_RECON_GT_5PCT,25.1,84.0,0.0,WX_CLEANED,8,1,0,0,0.0,0.0,0.15413114687499993,0.1484768174107142
a3ed2fe218a724b4fepeni,2026-01-27 09:00:00+08:00,0.0,2.5422,2.7184,0.17620000000000013,100.0,HOURLY_RECON_GT_5PCT,25.8,80.0,0.1,WX_CLEANED,9,1,0,0,0.0,0.0,0.15413114687499993,0.1484768174107142
a3ed2fe218a724b4fepeni,2026-01-27 10:00:00+08:00,0.0,2.7535,2.8635,0.11000000000000032,100.0,HOURLY_RECON_GT_5PCT,27.0,74.0,0.0,WX_CLEANED,10,1,0,0,0.0,0.0,0.15413114687499993,0.1484768174107142
a3ed2fe218a724b4fepeni,2026-01-27 11:00:00+08:00,0.0,2.8836,3.0114,0.12780000000000014,100.0,HOURLY_RECON_GT_5PCT,27.9,71.0,0.0,WX_CLEANED,11,1,0,0,0.0,0.0,0.15413114687499993,0.1484768174107142
a3ed2fe218a724b4fepeni,2026-01-27 12:00:00+08:00,0.023312299999999397,3.035,3.1088,0.07379999999999987,68.4115176151769,HOURLY_RECON_GT_5PCT,28.8,65.0,0.0,WX_CLEANED,12,1,0,0,0.027568016666666303,0.0244254083333331,0.15395382534722213,0.14847019176587292
a3ed2fe218a724b4fepeni,2026-01-27 13:00:00+08:00,0.2408490916666663,3.1132,3.2446,0.13140000000000018,83.29459030948702,HOURLY_RECON_GT_5PCT,29.1,61.0,0.2,WX_CLEANED,13,1,0,0,0.2848165999999996,0.2523494916666666,0.15212184583333324,0.14840173700396816
a3ed2fe218a724b4fepeni,2026-01-27 14:00:00+08:00,0.3292669249999996,3.2709,3.4023,0.13139999999999974,150.58365677321174,HOURLY_RECON_GT_5PCT,26.8,75.0,0.0,WX_CLEANED,14,1,0,0,0.3893753666666664,0.34498931666666627,0.14961732743055547,0.14830815133928563
a3ed2fe218a724b4fepeni,2026-01-27 15:00:00+08:00,0.3649002833333333,3.4286,3.56,0.13140000000000018,177.70188990360182,HOURLY_RECON_GT_5PCT,28.1,70.0,0.1,WX_CLEANED,15,1,0,0,0.431513583333333,0.3823240749999996,0.1468417732638888,0.1482044382936507
a3ed2fe218a724b4fepeni,2026-01-27 16:00:00+08:00,0.3599844666666663,0.0216,0.1296,0.10799999999999998,233.31895061728366,HOURLY_RECON_GT_5PCT,27.2,70.0,2.3,WX_CLEANED,16,1,0,0,0.4753703166666665,0.4798760083333333,0.1420340295138888,0.14749079816468244
a3ed2fe218a724b4fepeni,2026-01-27 17:00:00+08:00,0.3928887083333328,0.1512,0.2592,0.10799999999999998,263.78584104938227,HOURLY_RECON_GT_5PCT,27.0,72.0,0.8,WX_CLEANED,17,1,0,0,0.523862933333333,0.5341635583333331,0.13657677013888878,0.14664987643849198
a3ed2fe218a724b4fepeni,2026-01-27 18:00:00+08:00,0.4022689833333331,0.2808,0.3888,0.10799999999999998,272.47128086419735,HOURLY_RECON_GT_5PCT,26.9,72.0,0.0,WX_CLEANED,18,1,0,0,0.5363702583333333,0.5469166916666667,0.1309892170138888,0.14578887817460306
a3ed2fe218a724b4fepeni,2026-01-27 19:00:00+08:00,0.39777887499999975,0.4104,0.5184,0.10799999999999998,268.31377314814796,HOURLY_RECON_GT_5PCT,26.6,75.0,0.0,WX_CLEANED,19,1,0,0,0.530383375,0.5408121416666664,0.12546402951388877,0.14493748968253958
a3ed2fe218a724b4fepeni,2026-01-27 20:00:00+08:00,0.374907183333333,0.54,0.6481,0.10809999999999997,246.81515572001214,HOURLY_RECON_GT_5PCT,26.5,75.0,0.0,WX_CLEANED,20,1,0,0,0.49988707499999996,0.5097161916666665,0.12025653402777764,0.14413505510912689
a3ed2fe218a724b4fepeni,2026-01-27 21:00:00+08:00,0.0,0.6697,0.7777,0.10799999999999998,100.0,HOURLY_RECON_GT_5PCT,26.2,74.0,0.0,WX_CLEANED,21,1,0,0,0.0,0.0,0.12025653402777764,0.14413505510912689
a3ed2fe218a724b4fepeni,2026-01-27 22:00:00+08:00,0.0,0.7993,0.9073,0.10799999999999998,100.0,HOURLY_RECON_GT_5PCT,25.8,76.0,0.0,WX_CLEANED,22,1,0,0,0.0,0.0,0.12025653402777764,0.14413505510912689
a3ed2fe218a724b4fepeni,2026-01-27 23:00:00+08:00,0.0,0.9289,1.0369,0.10799999999999998,100.0,HOURLY_RECON_GT_5PCT,25.6,77.0,0.0,WX_CLEANED,23,1,0,0,0.0,0.0,0.12025653402777764,0.14413505510912689
a3ed2fe218a724b4fepeni,2026-01-28 00:00:00+08:00,0.0,1.0585,1.1665,0.1080000000000001,100.0,HOURLY_RECON_GT_5PCT,25.5,77.0,0.0,WX_CLEANED,0,2,0,0,0.0,0.0,0.12025653402777764,0.14413505510912689
a3ed2fe218a724b4fepeni,2026-01-28 01:00:00+08:00,0.0,1.1881,1.2961,0.1080000000000001,100.0,HOURLY_RECON_GT_5PCT,25.3,77.0,0.0,WX_CLEANED,1,2,0,0,0.0,0.0,0.12025653402777764,0.14413505510912689
a3ed2fe218a724b4fepeni,2026-01-28 02:00:00+08:00,0.0,1.3177,1.4257,0.10799999999999987,100.0,HOURLY_RECON_GT_5PCT,24.8,81.0,0.0,WX_CLEANED,2,2,0,0,0.0,0.0,0.12025653402777764,0.14413505510912689
a3ed2fe218a724b4fepeni,2026-01-28 03:00:00+08:00,0.0,1.4473,1.5363,0.08899999999999997,100.0,HOURLY_RECON_GT_5PCT,24.5,82.0,0.0,WX_CLEANED,3,2,0,0,0.0,0.0,0.12025653402777764,0.14413505510912689
a3ed2fe218a724b4fepeni,2026-01-28 04:00:00+08:00,0.0,1.5397,1.5589,0.019199999999999884,100.0,HOURLY_RECON_GT_5PCT,24.0,85.0,0.0,WX_CLEANED,4,2,0,0,0.0,0.0,0.12025653402777764,0.14413505510912689
a3ed2fe218a724b4fepeni,2026-01-28 05:00:00+08:00,0.0,1.5681,1.5995,0.03139999999999987,100.0,HOURLY_RECON_GT_5PCT,23.7,86.0,0.0,WX_CLEANED,5,2,0,0,0.0,0.0,0.12025653402777764,0.14413505510912689
a3ed2fe218a724b4fepeni,2026-01-28 06:00:00+08:00,0.0,1.5995,1.6883,0.08879999999999999,100.0,HOURLY_RECON_GT_5PCT,23.5,87.0,0.0,WX_CLEANED,6,2,0,0,0.0,0.0,0.12025653402777764,0.14413505510912689
a3ed2fe218a724b4fepeni,2026-01-28 07:00:00+08:00,0.0,1.701,1.7849,0.08389999999999986,100.0,HOURLY_RECON_GT_5PCT,23.5,86.0,0.0,WX_CLEANED,7,2,0,0,0.0,0.0,0.12025653402777764,0.14413505510912689
a3ed2fe218a724b4fepeni,2026-01-28 08:00:00+08:00,0.0,1.8091,1.9287,0.11960000000000015,100.0,HOURLY_RECON_GT_5PCT,24.8,79.0,0.0,WX_CLEANED,8,2,0,0,0.0,0.0,0.12025653402777764,0.14413505510912689
a3ed2fe218a724b4fepeni,2026-01-28 09:00:00+08:00,0.0,1.9507,2.0594,0.10870000000000002,100.0,HOURLY_RECON_GT_5PCT,26.0,71.0,0.0,WX_CLEANED,9,2,0,0,0.0,0.0,0.12025653402777764,0.14413505510912689
a3ed2fe218a724b4fepeni,2026-01-28 10:00:00+08:00,0.0,2.081,2.1488,0.06780000000000008,100.0,HOURLY_RECON_GT_5PCT,27.4,62.0,0.0,WX_CLEANED,10,2,0,0,0.0,0.0,0.12025653402777764,0.14413505510912689
a3ed2fe218a724b4fepeni,2026-01-28 11:00:00+08:00,0.0,2.1612,2.24,0.0788000000000002,100.0,HOURLY_RECON_GT_5PCT,28.8,56.0,0.0,WX_CLEANED,11,2,0,0,0.0,0.0,0.12025653402777764,0.14413505510912689
a3ed2fe218a724b4fepeni,2026-01-28 12:00:00+08:00,0.017483858333333102,2.2545,2.3,0.04549999999999965,61.57393772893794,HOURLY_RECON_GT_5PCT,29.7,51.0,0.0,WX_CLEANED,12,2,0,0,0.023312299999999397,0.023770725,0.12001368229166655,0.14409763328373007
a3ed2fe218a724b4fepeni,2026-01-28 13:00:00+08:00,0.1806328666666666,2.3028,2.4108,0.1080000000000001,67.25265432098746,HOURLY_RECON_GT_5PCT,29.4,51.0,0.1,WX_CLEANED,13,2,0,0,0.2408490916666663,0.24558483333333309,0.11750467291666657,0.14371101443452372
a3ed2fe218a724b4fepeni,2026-01-28 14:00:00+08:00,0.2469448416666663,2.4324,2.5404,0.1080000000000001,128.65263117283897,HOURLY_RECON_GT_5PCT,29.4,51.0,0.5,WX_CLEANED,14,2,0,0,0.3292669249999996,0.3357412749999998,0.114074586111111,0.14318246423611103
a3ed2fe218a724b4fepeni,2026-01-28 15:00:00+08:00,0.27366925833333333,2.562,2.67,0.1080000000000001,153.39746141975286,HOURLY_RECON_GT_5PCT,29.5,50.0,0.1,WX_CLEANED,15,2,0,0,0.3649002833333333,0.372075183333333,0.11027329340277768,0.1425967146825396
a3ed2fe218a724b4fepeni,2026-01-28 16:00:00+08:00,0.4312707666666663,0.0251,0.1503,0.12519999999999998,244.46546858359937,HOURLY_RECON_GT_5PCT,29.6,48.0,0.0,WX_CLEANED,16,2,0,0,0.3599844666666663,0.4000592416666665,0.11324355590277768,0.14278249756944433
a3ed2fe218a724b4fepeni,2026-01-28 17:00:00+08:00,0.48706228333333323,0.1754,0.3006,0.12519999999999998,289.0273828541001,HOURLY_RECON_GT_5PCT,28.5,51.0,0.0,WX_CLEANED,17,2,0,0,0.3928887083333328,0.4399756999999998,0.11716745486111103,0.14306277485119037
a3ed2fe218a724b4fepeni,2026-01-28 18:00:00+08:00,0.49869093333333314,0.3257,0.4509,0.12520000000000003,298.31544195953114,HOURLY_RECON_GT_5PCT,27.1,55.0,0.0,WX_CLEANED,18,2,0,0,0.4022689833333331,0.450480158333333,0.12118503611111103,0.14334974374999992
a3ed2fe218a724b4fepeni,2026-01-28 19:00:00+08:00,0.49312464166666664,0.476,0.6012,0.12519999999999998,293.8695220979766,HOURLY_RECON_GT_5PCT,26.0,60.0,0.0,WX_CLEANED,19,2,0,0,0.39777887499999975,0.4454519583333333,0.1251577763888888,0.14363350972222214
a3ed2fe218a724b4fepeni,2026-01-28 20:00:00+08:00,0.46477064166666626,0.6263,0.7515,0.12519999999999998,271.2225572417463,HOURLY_RECON_GT_5PCT,26.0,63.0,0.0,WX_CLEANED,20,2,0,0,0.374907183333333,0.4198391583333331,0.1289020871527777,0.1439009590277777
a3ed2fe218a724b4fepeni,2026-01-28 21:00:00+08:00,0.0,0.7766,0.9018,0.1252000000000001,100.0,HOURLY_RECON_GT_5PCT,25.4,67.0,0.0,WX_CLEANED,21,2,0,0,0.0,0.0,0.1289020871527777,0.1439009590277777
a3ed2fe218a724b4fepeni,2026-01-28 22:00:00+08:00,0.0,0.9269,1.0521,0.1252000000000001,100.0,HOURLY_RECON_GT_5PCT,25.0,69.0,0.0,WX_CLEANED,22,2,0,0,0.0,0.0,0.1289020871527777,0.1439009590277777
a3ed2fe218a724b4fepeni,2026-01-28 23:00:00+08:00,0.0,1.0772,1.2024,0.12519999999999998,100.0,HOURLY_RECON_GT_5PCT,24.7,70.0,0.0,WX_CLEANED,23,2,0,0,0.0,0.0,0.1289020871527777,0.1439009590277777
a3ed2fe218a724b4fepeni,2026-01-29 00:00:00+08:00,0.0,1.2275,1.3527,0.12519999999999998,100.0,HOURLY_RECON_GT_5PCT,24.2,73.0,0.0,WX_CLEANED,0,3,0,0,0.0,0.0,0.1289020871527777,0.1439009590277777
a3ed2fe218a724b4fepeni,2026-01-29 01:00:00+08:00,0.0,1.3778,1.503,0.12519999999999998,100.0,HOURLY_RECON_GT_5PCT,24.0,72.0,0.0,WX_CLEANED,1,3,0,0,0.0,0.0,0.1289020871527777,0.1439009590277777
a3ed2fe218a724b4fepeni,2026-01-29 02:00:00+08:00,0.0,1.5281,1.6533,0.12519999999999998,100.0,HOURLY_RECON_GT_5PCT,23.7,75.0,0.0,WX_CLEANED,2,3,0,0,0.0,0.0,0.1289020871527777,0.1439009590277777
a3ed2fe218a724b4fepeni,2026-01-29 03:00:00+08:00,0.0,1.6784,1.7823,0.1039000000000001,100.0,HOURLY_RECON_GT_5PCT,23.6,75.0,0.0,WX_CLEANED,3,3,0,0,0.0,0.0,0.1289020871527777,0.1439009590277777
a3ed2fe218a724b4fepeni,2026-01-29 04:00:00+08:00,0.0,1.7872,1.8148,0.02760000000000007,100.0,HOURLY_RECON_GT_5PCT,23.3,77.0,0.0,WX_CLEANED,4,3,0,0,0.0,0.0,0.1289020871527777,0.1439009590277777
a3ed2fe218a724b4fepeni,2026-01-29 05:00:00+08:00,0.0,1.8279,1.8731,0.04519999999999991,100.0,HOURLY_RECON_GT_5PCT,23.0,79.0,0.0,WX_CLEANED,5,3,0,0,0.0,0.0,0.1289020871527777,0.1439009590277777
a3ed2fe218a724b4fepeni,2026-01-29 06:00:00+08:00,0.0,1.8731,2.0008,0.12769999999999992,100.0,HOURLY_RECON_GT_5PCT,22.7,81.0,0.0,WX_CLEANED,6,3,0,0,0.0,0.0,0.1289020871527777,0.1439009590277777
a3ed2fe218a724b4fepeni,2026-01-29 07:00:00+08:00,0.0,2.019,2.1396,0.12060000000000004,100.0,HOURLY_RECON_GT_5PCT,22.6,81.0,0.0,WX_CLEANED,7,3,0,0,0.0,0.0,0.1289020871527777,0.1439009590277777
a3ed2fe218a724b4fepeni,2026-01-29 08:00:00+08:00,0.0,2.1745,2.3464,0.17189999999999994,100.0,HOURLY_RECON_GT_5PCT,24.0,76.0,0.0,WX_CLEANED,8,3,0,0,0.0,0.0,0.1289020871527777,0.1439009590277777
a3ed2fe218a724b4fepeni,2026-01-29 09:00:00+08:00,0.0,2.378,2.5342,0.15619999999999967,100.0,HOURLY_RECON_GT_5PCT,25.7,63.0,0.0,WX_CLEANED,9,3,0,0,0.0,0.0,0.1289020871527777,0.1439009590277777
a3ed2fe218a724b4fepeni,2026-01-29 10:00:00+08:00,0.0,2.5653,2.6628,0.0974999999999997,100.0,HOURLY_RECON_GT_5PCT,27.7,53.0,0.0,WX_CLEANED,10,3,0,0,0.0,0.0,0.1289020871527777,0.1439009590277777
a3ed2fe218a724b4fepeni,2026-01-29 11:00:00+08:00,0.0,2.6806,2.7939,0.11329999999999973,100.0,HOURLY_RECON_GT_5PCT,29.4,46.0,0.0,WX_CLEANED,11,3,0,0,0.0,0.0,0.1289020871527777,0.1439009590277777
a3ed2fe218a724b4fepeni,2026-01-29 12:00:00+08:00,0.021674675,2.8148,2.8802,0.0653999999999999,66.85829510703358,HOURLY_RECON_GT_5PCT,30.4,42.0,0.1,WX_CLEANED,12,3,0,0,0.017483858333333102,0.0195792666666663,0.12907670451388883,0.14391343169642848
a3ed2fe218a724b4fepeni,2026-01-29 13:00:00+08:00,0.2239297083333331,2.8841,3.0094,0.12529999999999974,78.71485102420873,HOURLY_RECON_GT_5PCT,30.4,42.0,0.1,WX_CLEANED,13,3,0,0,0.1806328666666666,0.20228142499999957,0.13088073958333327,0.14404229052579356
a3ed2fe218a724b4fepeni,2026-01-29 14:00:00+08:00,0.306136408333333,3.0344,3.1597,0.12529999999999974,144.32275206171877,HOURLY_RECON_GT_5PCT,30.2,43.0,0.0,WX_CLEANED,14,3,0,0,0.2469448416666663,0.2765407749999996,0.13334705486111106,0.14421845500992053
a3ed2fe218a724b4fepeni,2026-01-29 15:00:00+08:00,0.3392664916666665,3.1847,3.31,0.1253000000000002,170.76336126629369,HOURLY_RECON_GT_5PCT,29.9,44.0,0.0,WX_CLEANED,15,3,0,0,0.27366925833333333,0.3064680249999996,0.1360802729166666,0.1444136839781745
a3ed2fe218a724b4fepeni,2026-01-29 16:00:00+08:00,0.4515890749999998,0.0256,0.1539,0.1283,251.97901402961796,HOURLY_RECON_GT_5PCT,29.0,48.0,0.0,WX_CLEANED,16,3,0,0,0.4312707666666663,0.41676362499999964,0.13692686909722215,0.1446209783234126
a3ed2fe218a724b4fepeni,2026-01-29 17:00:00+08:00,0.5047314416666666,0.1795,0.3078,0.12830000000000003,293.3994089373862,HOURLY_RECON_GT_5PCT,27.8,53.0,0.0,WX_CLEANED,17,3,0,0,0.48706228333333323,0.46647223333333326,0.13766308402777772,0.1448487117063491
a3ed2fe218a724b4fepeni,2026-01-29 18:00:00+08:00,0.5167819666666663,0.3334,0.4617,0.12830000000000003,302.79186801766656,HOURLY_RECON_GT_5PCT,26.6,58.0,0.0,WX_CLEANED,18,3,0,0,0.49869093333333314,0.47760927500000006,0.13841687708333325,0.14508188249007928
a3ed2fe218a724b4fepeni,2026-01-29 19:00:00+08:00,0.5110136583333333,0.4873,0.6156,0.12830000000000003,298.2959145232527,HOURLY_RECON_GT_5PCT,25.8,62.0,0.0,WX_CLEANED,19,3,0,0,0.49312464166666664,0.47227821666666625,0.13916225277777772,0.145312450595238
a3ed2fe218a724b4fepeni,2026-01-29 20:00:00+08:00,0.4816311583333331,0.6412,0.7694,0.12819999999999998,275.6873309932396,HOURLY_RECON_GT_5PCT,25.9,60.0,0.0,WX_CLEANED,20,3,0,0,0.46477064166666626,0.4451229583333333,0.13986477430555547,0.14552976130952372
a3ed2fe218a724b4fepeni,2026-01-29 21:00:00+08:00,0.0,0.7951,0.9233,0.12819999999999998,100.0,HOURLY_RECON_GT_5PCT,25.7,62.0,0.0,WX_CLEANED,21,3,0,0,0.0,0.0,0.13986477430555547,0.14552976130952372
a3ed2fe218a724b4fepeni,2026-01-29 22:00:00+08:00,0.0,0.949,1.0772,0.12819999999999998,100.0,HOURLY_RECON_GT_5PCT,25.3,63.0,0.0,WX_CLEANED,22,3,0,0,0.0,0.0,0.13986477430555547,0.14552976130952372
a3ed2fe218a724b4fepeni,2026-01-29 23:00:00+08:00,0.0,1.1029,1.2311,0.1282000000000001,100.0,HOURLY_RECON_GT_5PCT,25.0,64.0,0.0,WX_CLEANED,23,3,0,0,0.0,0.0,0.13986477430555547,0.14552976130952372
a3ed2fe218a724b4fepeni,2026-01-30 00:00:00+08:00,0.0,1.2568,1.385,0.1282000000000001,100.0,HOURLY_RECON_GT_5PCT,24.6,66.0,0.0,WX_CLEANED,0,4,0,0,0.0,0.0,0.13986477430555547,0.14552976130952372
a3ed2fe218a724b4fepeni,2026-01-30 01:00:00+08:00,0.0,1.4106,1.5389,0.12829999999999986,100.0,HOURLY_RECON_GT_5PCT,24.0,69.0,0.0,WX_CLEANED,1,4,0,0,0.0,0.0,0.13986477430555547,0.14552976130952372
a3ed2fe218a724b4fepeni,2026-01-30 02:00:00+08:00,0.0,1.5645,1.6928,0.12830000000000008,100.0,HOURLY_RECON_GT_5PCT,23.5,72.0,0.0,WX_CLEANED,2,4,0,0,0.0,0.0,0.13986477430555547,0.14552976130952372
a3ed2fe218a724b4fepeni,2026-01-30 03:00:00+08:00,0.0,1.7184,1.825,0.10660000000000003,100.0,HOURLY_RECON_GT_5PCT,23.1,75.0,0.0,WX_CLEANED,3,4,0,0,0.0,0.0,0.13986477430555547,0.14552976130952372
a3ed2fe218a724b4fepeni,2026-01-30 04:00:00+08:00,0.0,1.8301,1.8594,0.02929999999999988,100.0,HOURLY_RECON_GT_5PCT,23.0,77.0,0.0,WX_CLEANED,4,4,0,0,0.0,0.0,0.13986477430555547,0.14552976130952372
a3ed2fe218a724b4fepeni,2026-01-30 05:00:00+08:00,0.0,1.8734,1.9213,0.047900000000000054,100.0,HOURLY_RECON_GT_5PCT,22.7,79.0,0.0,WX_CLEANED,5,4,0,0,0.0,0.0,0.13986477430555547,0.14552976130952372
a3ed2fe218a724b4fepeni,2026-01-30 06:00:00+08:00,0.0,1.9213,2.0568,0.13549999999999995,100.0,HOURLY_RECON_GT_5PCT,22.6,80.0,0.0,WX_CLEANED,6,4,0,0,0.0,0.0,0.13986477430555547,0.14552976130952372
a3ed2fe218a724b4fepeni,2026-01-30 07:00:00+08:00,0.0,2.0761,2.204,0.12790000000000035,100.0,HOURLY_RECON_GT_5PCT,22.8,79.0,0.0,WX_CLEANED,7,4,0,0,0.0,0.0,0.13986477430555547,0.14552976130952372
a3ed2fe218a724b4fepeni,2026-01-30 08:00:00+08:00,0.0,2.2411,2.4234,0.18230000000000013,100.0,HOURLY_RECON_GT_5PCT,24.0,75.0,0.0,WX_CLEANED,8,4,0,0,0.0,0.0,0.13986477430555547,0.14552976130952372
a3ed2fe218a724b4fepeni,2026-01-30 09:00:00+08:00,0.0,2.457,2.6227,0.16570000000000018,100.0,HOURLY_RECON_GT_5PCT,25.5,68.0,0.0,WX_CLEANED,9,4,0,0,0.0,0.0,0.13986477430555547,0.14552976130952372
a3ed2fe218a724b4fepeni,2026-01-30 10:00:00+08:00,0.0,2.6557,2.7592,0.10349999999999993,100.0,HOURLY_RECON_GT_5PCT,26.8,60.0,0.1,WX_CLEANED,10,4,0,0,0.0,0.0,0.13986477430555547,0.14552976130952372
a3ed2fe218a724b4fepeni,2026-01-30 11:00:00+08:00,0.0,2.778,2.8982,0.12020000000000008,100.0,HOURLY_RECON_GT_5PCT,28.4,52.0,0.2,WX_CLEANED,11,4,0,0,0.0,0.0,0.13986477430555547,0.14552976130952372
a3ed2fe218a724b4fepeni,2026-01-30 12:00:00+08:00,0.022460900000000002,2.9204,2.9898,0.0693999999999999,67.63559077809794,HOURLY_RECON_GT_5PCT,28.9,51.0,1.4,WX_CLEANED,12,4,0,0,0.021674675,0.020758375,0.1398975336805555,0.14553989538690468
a3ed2fe218a724b4fepeni,2026-01-30 13:00:00+08:00,0.2320532749999995,2.994,3.1222,0.12819999999999965,81.00879485179419,HOURLY_RECON_GT_5PCT,29.3,50.0,2.2,WX_CLEANED,13,4,0,0,0.2239297083333331,0.2144633166666663,0.14023601562499993,0.14564459751984118
a3ed2fe218a724b4fepeni,2026-01-30 14:00:00+08:00,0.3172420583333331,3.1479,3.2761,0.1282000000000001,147.45870384815353,HOURLY_RECON_GT_5PCT,29.6,49.0,1.7,WX_CLEANED,14,4,0,0,0.306136408333333,0.2931947666666665,0.1406987510416666,0.1457877361607142
a3ed2fe218a724b4fepeni,2026-01-30 15:00:00+08:00,0.3515740166666661,3.3018,3.43,0.1282000000000001,174.2387025481013,HOURLY_RECON_GT_5PCT,29.0,52.0,0.4,WX_CLEANED,15,4,0,0,0.3392664916666665,0.3249243499999998,0.14121156458333325,0.14594636512896816
a3ed2fe218a724b4fepeni,2026-01-30 16:00:00+08:00,0.5241736333333331,0.0283,0.1701,0.1418,269.65700517160303,HOURLY_RECON_GT_5PCT,28.4,55.0,0.7,WX_CLEANED,16,4,0,0,0.4515890749999998,0.45160999999999973,0.14423592118055548,0.14637829151785706
a3ed2fe218a724b4fepeni,2026-01-30 17:00:00+08:00,0.5900857666666666,0.1984,0.3402,0.1418,316.13946873530784,HOURLY_RECON_GT_5PCT,27.6,57.0,0.0,WX_CLEANED,17,4,0,0,0.5047314416666666,0.506192583333333,0.1477923513888888,0.146877655704365
a3ed2fe218a724b4fepeni,2026-01-30 18:00:00+08:00,0.6041740333333331,0.3685,0.5102,0.1417,326.37546459656534,HOURLY_RECON_GT_5PCT,26.3,64.0,0.0,WX_CLEANED,18,4,0,0,0.5167819666666663,0.5182780249999996,0.1514336874999999,0.14738894146825388
a3ed2fe218a724b4fepeni,2026-01-30 19:00:00+08:00,0.597430383333333,0.5386,0.6803,0.14170000000000005,321.6163608562687,HOURLY_RECON_GT_5PCT,25.5,68.0,0.0,WX_CLEANED,19,4,0,0,0.5110136583333333,0.5124930666666664,0.1550343843749999,0.14789452073412687
a3ed2fe218a724b4fepeni,2026-01-30 20:00:00+08:00,0.5630789833333333,0.7086,0.8504,0.14180000000000004,297.0937823225198,HOURLY_RECON_GT_5PCT,25.8,69.0,0.0,WX_CLEANED,20,4,0,0,0.4816311583333331,0.48302544166666606,0.15842804374999991,0.14837102991071419
a3ed2fe218a724b4fepeni,2026-01-30 21:00:00+08:00,0.0,0.8787,1.0205,0.14179999999999993,100.0,HOURLY_RECON_GT_5PCT,25.4,71.0,0.0,WX_CLEANED,21,4,0,0,0.0,0.0,0.15842804374999991,0.14837102991071419
a3ed2fe218a724b4fepeni,2026-01-30 22:00:00+08:00,0.0,1.0488,1.1905,0.14169999999999994,100.0,HOURLY_RECON_GT_5PCT,24.9,75.0,0.0,WX_CLEANED,22,4,0,0,0.0,0.0,0.15842804374999991,0.14837102991071419
a3ed2fe218a724b4fepeni,2026-01-30 23:00:00+08:00,0.0,1.2189,1.3606,0.14169999999999994,100.0,HOURLY_RECON_GT_5PCT,24.5,78.0,0.0,WX_CLEANED,23,4,0,0,0.0,0.0,0.15842804374999991,0.14837102991071419
a3ed2fe218a724b4fepeni,2026-01-31 00:00:00+08:00,0.0,1.3889,1.5307,0.14179999999999993,100.0,HOURLY_RECON_GT_5PCT,24.0,81.0,0.0,WX_CLEANED,0,5,1,0,0.0,0.0,0.15842804374999991,0.14837102991071419
a3ed2fe218a724b4fepeni,2026-01-31 01:00:00+08:00,0.0,1.559,1.7008,0.14180000000000015,100.0,HOURLY_RECON_GT_5PCT,23.9,83.0,0.0,WX_CLEANED,1,5,1,0,0.0,0.0,0.15842804374999991,0.14837102991071419
a3ed2fe218a724b4fepeni,2026-01-31 02:00:00+08:00,0.0,1.7291,1.8708,0.14169999999999994,100.0,HOURLY_RECON_GT_5PCT,23.9,81.0,0.0,WX_CLEANED,2,5,1,0,0.0,0.0,0.15842804374999991,0.14837102991071419
a3ed2fe218a724b4fepeni,2026-01-31 03:00:00+08:00,0.0,1.8992,2.0177,0.11850000000000005,100.0,HOURLY_RECON_GT_5PCT,23.4,81.0,0.0,WX_CLEANED,3,5,1,0,0.0,0.0,0.15842804374999991,0.14837102991071419
a3ed2fe218a724b4fepeni,2026-01-31 04:00:00+08:00,0.0,2.0243,2.0622,0.0378999999999996,100.0,HOURLY_RECON_GT_5PCT,23.0,82.0,0.0,WX_CLEANED,4,5,1,0,0.0,0.0,0.15842804374999991,0.14837102991071419
a3ed2fe218a724b4fepeni,2026-01-31 05:00:00+08:00,0.0,2.0802,2.1422,0.06199999999999983,100.0,HOURLY_RECON_GT_5PCT,23.0,81.0,0.0,WX_CLEANED,5,5,1,0,0.0,0.0,0.15842804374999991,0.14837102991071419
a3ed2fe218a724b4fepeni,2026-01-31 06:00:00+08:00,0.0,2.1422,2.3172,0.17500000000000027,100.0,HOURLY_RECON_GT_5PCT,22.8,79.0,0.0,WX_CLEANED,6,5,1,0,0.0,0.0,0.15842804374999991,0.14837102991071419
a3ed2fe218a724b4fepeni,2026-01-31 07:00:00+08:00,0.0,2.3422,2.5075,0.16529999999999978,100.0,HOURLY_RECON_GT_5PCT,22.8,79.0,0.0,WX_CLEANED,7,5,1,0,0.0,0.0,0.15842804374999991,0.14837102991071419
a3ed2fe218a724b4fepeni,2026-01-31 08:00:00+08:00,0.0,2.5553,2.7909,0.23560000000000025,100.0,HOURLY_RECON_GT_5PCT,24.0,75.0,0.0,WX_CLEANED,8,5,1,0,0.0,0.0,0.15842804374999991,0.14837102991071419
a3ed2fe218a724b4fepeni,2026-01-31 09:00:00+08:00,0.0,2.8343,3.0484,0.21410000000000018,100.0,HOURLY_RECON_GT_5PCT,25.1,68.0,0.0,WX_CLEANED,9,5,1,0,0.0,0.0,0.15842804374999991,0.14837102991071419
a3ed2fe218a724b4fepeni,2026-01-31 10:00:00+08:00,0.0,3.091,3.2247,0.1336999999999997,100.0,HOURLY_RECON_GT_5PCT,26.5,63.0,0.0,WX_CLEANED,10,5,1,0,0.0,0.0,0.15842804374999991,0.14837102991071419
a3ed2fe218a724b4fepeni,2026-01-31 11:00:00+08:00,0.0,3.2491,3.4044,0.1553,100.0,HOURLY_RECON_GT_5PCT,28.8,54.0,0.0,WX_CLEANED,11,5,1,0,0.0,0.0,0.15842804374999991,0.14837102991071419
a3ed2fe218a724b4fepeni,2026-01-31 12:00:00+08:00,0.0262592916666663,3.4331,3.5227,0.0895999999999999,70.6927548363099,HOURLY_RECON_GT_5PCT,29.9,50.0,0.0,WX_CLEANED,12,5,1,0,0.022460900000000002,0.022525983333333097,0.15858631006944435,0.14839325198412692
a3ed2fe218a724b4fepeni,2026-01-31 13:00:00+08:00,0.27129540833333277,3.5281,3.6698,0.14170000000000016,91.45759233121557,HOURLY_RECON_GT_5PCT,30.1,49.0,0.0,WX_CLEANED,13,5,1,0,0.2320532749999995,0.232725058333333,0.16022139895833323,0.14862283740079357
a3ed2fe218a724b4fepeni,2026-01-31 14:00:00+08:00,0.3708903749999999,3.6982,3.8399,0.14170000000000016,161.74338390966793,HOURLY_RECON_GT_5PCT,27.6,57.0,0.2,WX_CLEANED,14,5,1,0,0.3172420583333331,0.3181604999999996,0.162456745486111,0.14893670570436499
a3ed2fe218a724b4fepeni,2026-01-31 15:00:00+08:00,0.4110282,3.8683,4.01,0.14169999999999972,190.06930134086159,HOURLY_RECON_GT_5PCT,27.5,59.0,0.2,WX_CLEANED,15,5,1,0,0.3515740166666661,0.35259186666666653,0.16493400312499992,0.1492845410218253
a3ed2fe218a724b4fepeni,2026-01-31 16:00:00+08:00,0.43663378333333314,0.0248,0.1488,0.12399999999999999,252.12401881720416,HOURLY_RECON_GT_5PCT,27.8,59.0,0.0,WX_CLEANED,16,5,1,0,0.5241736333333331,0.5464620249999999,0.16128650937499991,0.14863080148809513
a3ed2fe218a724b4fepeni,2026-01-31 17:00:00+08:00,0.4797051749999998,0.1736,0.2976,0.12399999999999997,286.85901209677417,HOURLY_RECON_GT_5PCT,28.0,56.0,0.0,WX_CLEANED,17,5,1,0,0.5900857666666666,0.616571883333333,0.15668731805555547,0.14781611870039674
a3ed2fe218a724b4fepeni,2026-01-31 18:00:00+08:00,0.4911581999999998,0.3224,0.4463,0.12389999999999995,296.4150121065375,HOURLY_RECON_GT_5PCT,27.5,55.0,0.0,WX_CLEANED,18,5,1,0,0.6041740333333331,0.6312925583333333,0.15197832499999991,0.14698198561507927
a3ed2fe218a724b4fepeni,2026-01-31 19:00:00+08:00,0.4856759249999998,0.4711,0.5951,0.12399999999999994,291.6741330645161,HOURLY_RECON_GT_5PCT,26.5,59.0,0.0,WX_CLEANED,19,5,1,0,0.597430383333333,0.6242462249999994,0.14732188923611103,0.14615716240079357
a3ed2fe218a724b4fepeni,2026-01-31 20:00:00+08:00,0.457750283333333,0.6199,0.7439,0.124,269.153454301075,HOURLY_RECON_GT_5PCT,25.9,59.0,0.0,WX_CLEANED,20,5,1,0,0.5630789833333333,0.588352933333333,0.1429331934027777,0.1453797656746031
a3ed2fe218a724b4fepeni,2026-01-31 21:00:00+08:00,0.0,0.7687,0.8927,0.124,100.0,HOURLY_RECON_GT_5PCT,25.9,58.0,0.0,WX_CLEANED,21,5,1,0,0.0,0.0,0.1429331934027777,0.1453797656746031
a3ed2fe218a724b4fepeni,2026-01-31 22:00:00+08:00,0.0,0.9175,1.0415,0.12400000000000011,100.0,HOURLY_RECON_GT_5PCT,25.8,58.0,0.0,WX_CLEANED,22,5,1,0,0.0,0.0,0.1429331934027777,0.1453797656746031
a3ed2fe218a724b4fepeni,2026-01-31 23:00:00+08:00,0.0,1.0663,1.1903,0.12399999999999989,100.0,HOURLY_RECON_GT_5PCT,25.5,59.0,0.0,WX_CLEANED,23,5,1,0,0.0,0.0,0.1429331934027777,0.1453797656746031
a3ed2fe218a724b4fepeni,2026-02-01 00:00:00+08:00,0.0,1.2151,1.339,0.1238999999999999,100.0,HOURLY_RECON_GT_5PCT,25.0,63.0,0.0,WX_CLEANED,0,6,1,0,0.0,0.0,0.1429331934027777,0.1453797656746031
a3ed2fe218a724b4fepeni,2026-02-01 01:00:00+08:00,0.0,1.3638,1.4878,0.12400000000000011,100.0,HOURLY_RECON_GT_5PCT,24.6,65.0,0.0,WX_CLEANED,1,6,1,0,0.0,0.0,0.1429331934027777,0.1453797656746031
a3ed2fe218a724b4fepeni,2026-02-01 02:00:00+08:00,0.0,1.5126,1.6366,0.12400000000000011,100.0,HOURLY_RECON_GT_5PCT,24.0,68.0,0.0,WX_CLEANED,2,6,1,0,0.0,0.0,0.1429331934027777,0.1453797656746031
a3ed2fe218a724b4fepeni,2026-02-01 03:00:00+08:00,0.0,1.6614,1.7643,0.10289999999999999,100.0,HOURLY_RECON_GT_5PCT,23.9,68.0,0.0,WX_CLEANED,3,6,1,0,0.0,0.0,0.1429331934027777,0.1453797656746031
a3ed2fe218a724b4fepeni,2026-02-01 04:00:00+08:00,0.0,1.769,1.7959,0.026900000000000146,100.0,HOURLY_RECON_GT_5PCT,23.8,70.0,0.0,WX_CLEANED,4,6,1,0,0.0,0.0,0.1429331934027777,0.1453797656746031
a3ed2fe218a724b4fepeni,2026-02-01 05:00:00+08:00,0.0,1.8087,1.8528,0.04410000000000003,100.0,HOURLY_RECON_GT_5PCT,23.6,72.0,0.0,WX_CLEANED,5,6,1,0,0.0,0.0,0.1429331934027777,0.1453797656746031
a3ed2fe218a724b4fepeni,2026-02-01 06:00:00+08:00,0.0,1.8528,1.9772,0.12440000000000007,100.0,HOURLY_RECON_GT_5PCT,23.5,73.0,0.0,WX_CLEANED,6,6,1,0,0.0,0.0,0.1429331934027777,0.1453797656746031
a3ed2fe218a724b4fepeni,2026-02-01 07:00:00+08:00,0.0,1.995,2.1126,0.11759999999999993,100.0,HOURLY_RECON_GT_5PCT,23.6,74.0,0.0,WX_CLEANED,7,6,1,0,0.0,0.0,0.1429331934027777,0.1453797656746031
a3ed2fe218a724b4fepeni,2026-02-01 08:00:00+08:00,0.0,2.1466,2.3142,0.1676000000000002,100.0,HOURLY_RECON_GT_5PCT,25.5,62.0,0.0,WX_CLEANED,8,6,1,0,0.0,0.0,0.1429331934027777,0.1453797656746031
a3ed2fe218a724b4fepeni,2026-02-01 09:00:00+08:00,0.0,2.345,2.4973,0.15229999999999988,100.0,HOURLY_RECON_GT_5PCT,26.0,60.0,0.0,WX_CLEANED,9,6,1,0,0.0,0.0,0.1429331934027777,0.1453797656746031
a3ed2fe218a724b4fepeni,2026-02-01 10:00:00+08:00,0.0,2.5276,2.6227,0.09509999999999996,100.0,HOURLY_RECON_GT_5PCT,27.0,58.0,0.0,WX_CLEANED,10,6,1,0,0.0,0.0,0.1429331934027777,0.1453797656746031
a3ed2fe218a724b4fepeni,2026-02-01 11:00:00+08:00,0.0,2.64,2.7505,0.11050000000000004,100.0,HOURLY_RECON_GT_5PCT,28.4,54.0,0.0,WX_CLEANED,11,6,1,0,0.0,0.0,0.1429331934027777,0.1453797656746031
a3ed2fe218a724b4fepeni,2026-02-01 12:00:00+08:00,0.0213472416666663,2.7709,2.8346,0.06369999999999987,66.4878466771329,HOURLY_RECON_GT_5PCT,30.1,48.0,0.0,WX_CLEANED,12,6,1,0,0.0262592916666663,0.027437941666666302,0.1427285246527777,0.14534351150793642
a3ed2fe218a724b4fepeni,2026-02-01 13:00:00+08:00,0.22054732499999957,2.8384,2.9624,0.12400000000000011,77.86074596774142,HOURLY_RECON_GT_5PCT,30.8,45.0,0.0,WX_CLEANED,13,6,1,0,0.27129540833333277,0.2834725833333333,0.14061402118055547,0.1449689563988094
a3ed2fe218a724b4fepeni,2026-02-01 14:00:00+08:00,0.3015121999999996,2.9872,3.1112,0.12400000000000011,143.1549999999995,HOURLY_RECON_GT_5PCT,30.0,49.0,0.0,WX_CLEANED,14,6,1,0,0.3708903749999999,0.3875378916666663,0.1377232638888888,0.1444568987103174
a3ed2fe218a724b4fepeni,2026-02-01 15:00:00+08:00,0.3341418916666665,3.136,3.26,0.12399999999999967,169.4692674731189,HOURLY_RECON_GT_5PCT,29.8,48.0,0.0,WX_CLEANED,15,6,1,0,0.4110282,0.4294772833333333,0.13451966770833323,0.1438894261408729
a3ed2fe218a724b4fepeni,2026-02-01 16:00:00+08:00,0.48199565833333297,0.0268,0.1611,0.1343,258.89475676346456,HOURLY_RECON_GT_5PCT,29.4,48.0,0.0,WX_CLEANED,16,6,1,0,0.43663378333333314,0.55536665,0.13640974583333323,0.14345269404761898
a3ed2fe218a724b4fepeni,2026-02-01 17:00:00+08:00,0.5415168999999996,0.1879,0.3222,0.13429999999999997,303.2143708116156,HOURLY_RECON_GT_5PCT,28.1,52.0,0.0,WX_CLEANED,17,6,1,0,0.4797051749999998,0.6194952583333331,0.13898523437499988,0.14298853715277768
a3ed2fe218a724b4fepeni,2026-02-01 18:00:00+08:00,0.5544457166666664,0.349,0.4833,0.13430000000000003,312.8411888806153,HOURLY_RECON_GT_5PCT,27.3,53.0,0.0,WX_CLEANED,18,6,1,0,0.4911581999999998,0.6342857749999998,0.141622214236111,0.14251329871031737
a3ed2fe218a724b4fepeni,2026-02-01 19:00:00+08:00,0.5482570666666666,0.5101,0.6444,0.13429999999999997,308.2331099528419,HOURLY_RECON_GT_5PCT,26.8,55.0,0.0,WX_CLEANED,19,6,1,0,0.4856759249999998,0.627205958333333,0.14422976180555544,0.14204336483134913
a3ed2fe218a724b4fepeni,2026-02-01 20:00:00+08:00,0.5167331166666663,0.6712,0.8054,0.13419999999999999,285.0470317933431,HOURLY_RECON_GT_5PCT,26.4,57.0,0.0,WX_CLEANED,20,6,1,0,0.457750283333333,0.5911425833333332,0.146687379861111,0.14160045133928562
a3ed2fe218a724b4fepeni,2026-02-01 21:00:00+08:00,0.0,0.8323,0.9665,0.13419999999999999,100.0,HOURLY_RECON_GT_5PCT,26.2,58.0,0.0,WX_CLEANED,21,6,1,0,0.0,0.0,0.146687379861111,0.14160045133928562
a3ed2fe218a724b4fepeni,2026-02-01 22:00:00+08:00,0.0,0.9934,1.1276,0.13419999999999999,100.0,HOURLY_RECON_GT_5PCT,26.0,58.0,0.0,WX_CLEANED,22,6,1,0,0.0,0.0,0.146687379861111,0.14160045133928562
a3ed2fe218a724b4fepeni,2026-02-01 23:00:00+08:00,0.0,1.1545,1.2887,0.13419999999999987,100.0,HOURLY_RECON_GT_5PCT,26.0,58.0,0.0,WX_CLEANED,23,6,1,0,0.0,0.0,0.146687379861111,0.14160045133928562
a3ed2fe218a724b4fepeni,2026-02-02 00:00:00+08:00,0.0,1.3156,1.4498,0.13419999999999987,100.0,HOURLY_RECON_GT_5PCT,25.5,62.0,0.0,WX_CLEANED,0,0,0,0,0.0,0.0,0.146687379861111,0.14160045133928562
a3ed2fe218a724b4fepeni,2026-02-02 01:00:00+08:00,0.0,1.4767,1.6109,0.1342000000000001,100.0,HOURLY_RECON_GT_5PCT,25.2,64.0,0.0,WX_CLEANED,1,0,0,0,0.0,0.0,0.146687379861111,0.14160045133928562
a3ed2fe218a724b4fepeni,2026-02-02 02:00:00+08:00,0.0,1.6377,1.772,0.13430000000000009,100.0,HOURLY_RECON_GT_5PCT,24.6,67.0,0.0,WX_CLEANED,2,0,0,0,0.0,0.0,0.146687379861111,0.14160045133928562
a3ed2fe218a724b4fepeni,2026-02-02 03:00:00+08:00,0.0,1.7988,1.9107,0.11190000000000011,100.0,HOURLY_RECON_GT_5PCT,24.5,68.0,0.0,WX_CLEANED,3,0,0,0,0.0,0.0,0.146687379861111,0.14160045133928562
a3ed2fe218a724b4fepeni,2026-02-02 04:00:00+08:00,0.0,1.9165,1.9494,0.03289999999999993,100.0,HOURLY_RECON_GT_5PCT,24.5,68.0,0.0,WX_CLEANED,4,0,0,0,0.0,0.0,0.146687379861111,0.14160045133928562
a3ed2fe218a724b4fepeni,2026-02-02 05:00:00+08:00,0.0,1.965,2.0189,0.05389999999999984,100.0,HOURLY_RECON_GT_5PCT,24.3,69.0,0.0,WX_CLEANED,5,0,0,0,0.0,0.0,0.146687379861111,0.14160045133928562
a3ed2fe218a724b4fepeni,2026-02-02 06:00:00+08:00,0.0,2.0189,2.171,0.1520999999999999,100.0,HOURLY_RECON_GT_5PCT,24.0,69.0,0.0,WX_CLEANED,6,0,0,0,0.0,0.0,0.146687379861111,0.14160045133928562
a3ed2fe218a724b4fepeni,2026-02-02 07:00:00+08:00,0.0,2.1927,2.3364,0.14369999999999994,100.0,HOURLY_RECON_GT_5PCT,23.9,70.0,0.0,WX_CLEANED,7,0,0,0,0.0,0.0,0.146687379861111,0.14160045133928562
a3ed2fe218a724b4fepeni,2026-02-02 08:00:00+08:00,0.0,2.378,2.5828,0.2048000000000001,100.0,HOURLY_RECON_GT_5PCT,25.8,63.0,0.0,WX_CLEANED,8,0,0,0,0.0,0.0,0.146687379861111,0.14160045133928562
a3ed2fe218a724b4fepeni,2026-02-02 09:00:00+08:00,0.0,2.6205,2.8066,0.18610000000000015,100.0,HOURLY_RECON_GT_5PCT,27.0,56.0,0.0,WX_CLEANED,9,0,0,0,0.0,0.0,0.146687379861111,0.14160045133928562
a3ed2fe218a724b4fepeni,2026-02-02 10:00:00+08:00,0.0,2.8436,2.9599,0.11630000000000029,100.0,HOURLY_RECON_GT_5PCT,28.4,53.0,0.0,WX_CLEANED,10,0,0,0,0.0,0.0,0.146687379861111,0.14160045133928562
a3ed2fe218a724b4fepeni,2026-02-02 11:00:00+08:00,0.0,2.981,3.1161,0.1351,100.0,HOURLY_RECON_GT_5PCT,30.2,47.0,0.0,WX_CLEANED,11,0,0,0,0.0,0.0,0.146687379861111,0.14160045133928562
a3ed2fe218a724b4fepeni,2026-02-02 12:00:00+08:00,0.024097883333333098,3.141,3.2188,0.07779999999999987,69.02585689802937,HOURLY_RECON_GT_5PCT,30.6,46.0,0.0,WX_CLEANED,12,0,0,0,0.0213472416666663,0.027568016666666303,0.14680198993055546,0.14157979578373006
a3ed2fe218a724b4fepeni,2026-02-02 13:00:00+08:00,0.248965633333333,3.2236,3.3578,0.13420000000000032,85.51835568802713,HOURLY_RECON_GT_5PCT,30.6,47.0,0.0,WX_CLEANED,13,0,0,0,0.22054732499999957,0.2848165999999996,0.147986086111111,0.14136639717261895
a3ed2fe218a724b4fepeni,2026-02-02 14:00:00+08:00,0.3403631416666665,3.3847,3.5189,0.13419999999999987,153.62380153999015,HOURLY_RECON_GT_5PCT,30.2,49.0,0.0,WX_CLEANED,14,0,0,0,0.3015121999999996,0.3893753666666664,0.14960487534722214,0.14107465773809513
a3ed2fe218a724b4fepeni,2026-02-02 15:00:00+08:00,0.3771972916666666,3.5458,3.68,0.13420000000000032,181.07100720317862,HOURLY_RECON_GT_5PCT,30.8,47.0,0.0,WX_CLEANED,15,0,0,0,0.3341418916666665,0.431513583333333,0.15139885034722214,0.1407513464781745
a3ed2fe218a724b4fepeni,2026-02-02 16:00:00+08:00,0.547284483333333,0.0243,0.146,0.12169999999999999,349.6996576280469,HOURLY_RECON_GT_5PCT,30.5,47.0,0.0,WX_CLEANED,16,0,0,0,0.48199565833333297,0.4753703166666665,0.15411921805555548,0.14117940699404752
a3ed2fe218a724b4fepeni,2026-02-02 17:00:00+08:00,0.615089108333333,0.1704,0.2921,0.12170000000000003,405.41422213092255,HOURLY_RECON_GT_5PCT,29.3,50.0,0.0,WX_CLEANED,17,0,0,0,0.5415168999999996,0.523862933333333,0.15718472673611103,0.14172241994047607
a3ed2fe218a724b4fepeni,2026-02-02 18:00:00+08:00,0.6297744249999996,0.3164,0.4381,0.12169999999999997,417.48103944124864,HOURLY_RECON_GT_5PCT,28.0,54.0,0.0,WX_CLEANED,18,0,0,0,0.5544457166666664,0.5363702583333333,0.16032342291666657,0.1422783971230158
a3ed2fe218a724b4fepeni,2026-02-02 19:00:00+08:00,0.6227449916666665,0.4625,0.5842,0.12170000000000003,411.705005477951,HOURLY_RECON_GT_5PCT,27.0,57.0,0.0,WX_CLEANED,19,0,0,0,0.5482570666666666,0.530383375,0.16342708645833323,0.14282816865079356
a3ed2fe218a724b4fepeni,2026-02-02 20:00:00+08:00,0.5869380416666666,0.6085,0.7302,0.12169999999999992,382.28269652150124,HOURLY_RECON_GT_5PCT,26.7,56.0,0.0,WX_CLEANED,20,0,0,0,0.5167331166666663,0.49988707499999996,0.16635229166666657,0.1433463291666666
a3ed2fe218a724b4fepeni,2026-02-02 21:00:00+08:00,0.0,0.7545,0.8762,0.12170000000000003,100.0,HOURLY_RECON_GT_5PCT,26.4,58.0,0.0,WX_CLEANED,21,0,0,0,0.0,0.0,0.16635229166666657,0.1433463291666666
a3ed2fe218a724b4fepeni,2026-02-02 22:00:00+08:00,0.0,0.9006,1.0223,0.12170000000000003,100.0,HOURLY_RECON_GT_5PCT,26.1,61.0,0.0,WX_CLEANED,22,0,0,0,0.0,0.0,0.16635229166666657,0.1433463291666666
a3ed2fe218a724b4fepeni,2026-02-02 23:00:00+08:00,0.0,1.0466,1.1683,0.12169999999999992,100.0,HOURLY_RECON_GT_5PCT,26.0,62.0,0.0,WX_CLEANED,23,0,0,0,0.0,0.0,0.16635229166666657,0.1433463291666666
a3ed2fe218a724b4fepeni,2026-02-03 00:00:00+08:00,0.0,1.1927,1.3144,0.12169999999999992,100.0,HOURLY_RECON_GT_5PCT,26.0,62.0,0.0,WX_CLEANED,0,1,0,0,0.0,0.0,0.16635229166666657,0.1433463291666666
a3ed2fe218a724b4fepeni,2026-02-03 01:00:00+08:00,0.0,1.3387,1.4604,0.12169999999999992,100.0,HOURLY_RECON_GT_5PCT,25.7,64.0,0.0,WX_CLEANED,1,1,0,0,0.0,0.0,0.16635229166666657,0.1433463291666666
a3ed2fe218a724b4fepeni,2026-02-03 02:00:00+08:00,0.0,1.4847,1.6064,0.12170000000000014,100.0,HOURLY_RECON_GT_5PCT,25.4,66.0,0.0,WX_CLEANED,2,1,0,0,0.0,0.0,0.16635229166666657,0.1433463291666666
a3ed2fe218a724b4fepeni,2026-02-03 03:00:00+08:00,0.0,1.6308,1.7525,0.12169999999999992,100.0,HOURLY_RECON_GT_5PCT,25.0,69.0,0.0,WX_CLEANED,3,1,0,0,0.0,0.0,0.16635229166666657,0.1433463291666666
a3ed2fe218a724b4fepeni,2026-02-03 04:00:00+08:00,0.0,1.7768,1.885,0.10820000000000007,100.0,HOURLY_RECON_GT_5PCT,24.6,69.0,0.0,WX_CLEANED,4,1,0,0,0.0,0.0,0.16635229166666657,0.1433463291666666
a3ed2fe218a724b4fepeni,2026-02-03 05:00:00+08:00,0.0,1.9093,2.031,0.12170000000000014,100.0,HOURLY_RECON_GT_5PCT,24.2,72.0,0.0,WX_CLEANED,5,1,0,0,0.0,0.0,0.16635229166666657,0.1433463291666666
a3ed2fe218a724b4fepeni,2026-02-03 06:00:00+08:00,0.0,2.0554,2.2042,0.14880000000000004,100.0,HOURLY_RECON_GT_5PCT,23.9,75.0,0.0,WX_CLEANED,6,1,0,0,0.0,0.0,0.16635229166666657,0.1433463291666666
a3ed2fe218a724b4fepeni,2026-02-03 07:00:00+08:00,0.0,2.2286,2.3503,0.1216999999999997,100.0,HOURLY_RECON_GT_5PCT,24.1,74.0,0.0,WX_CLEANED,7,1,0,0,0.0,0.0,0.16635229166666657,0.1433463291666666
a3ed2fe218a724b4fepeni,2026-02-03 08:00:00+08:00,0.0,2.3746,2.5627,0.18809999999999993,100.0,HOURLY_RECON_GT_5PCT,25.7,65.0,0.0,WX_CLEANED,8,1,0,0,0.0,0.0,0.16635229166666657,0.1433463291666666
a3ed2fe218a724b4fepeni,2026-02-03 09:00:00+08:00,0.0,2.6335,2.9831,0.3495999999999997,100.0,HOURLY_RECON_GT_5PCT,26.6,59.0,0.0,WX_CLEANED,9,1,0,0,0.0,0.0,0.16635229166666657,0.1433463291666666
a3ed2fe218a724b4fepeni,2026-02-03 10:00:00+08:00,0.0,3.0526,3.2709,0.21830000000000016,100.0,HOURLY_RECON_GT_5PCT,29.0,50.0,0.0,WX_CLEANED,10,1,0,0,0.0,0.0,0.16635229166666657,0.1433463291666666
a3ed2fe218a724b4fepeni,2026-02-03 11:00:00+08:00,0.0,3.3106,3.5643,0.2536999999999998,100.0,HOURLY_RECON_GT_5PCT,30.5,44.0,0.0,WX_CLEANED,11,1,0,0,0.0,0.0,0.16635229166666657,0.1433463291666666
a3ed2fe218a724b4fepeni,2026-02-03 12:00:00+08:00,0.027371941666666302,3.6111,3.7573,0.14619999999999989,81.2777416780668,HOURLY_RECON_GT_5PCT,31.0,42.0,0.0,WX_CLEANED,12,1,0,0,0.024097883333333098,0.023312299999999397,0.1664887107638888,0.14337049370039673
a3ed2fe218a724b4fepeni,2026-02-03 13:00:00+08:00,0.2827908166666664,3.7662,3.8879,0.12170000000000014,132.3671459874002,HOURLY_RECON_GT_5PCT,31.3,40.0,0.0,WX_CLEANED,13,1,0,0,0.248965633333333,0.2408490916666663,0.1678980934027777,0.14362014682539673
a3ed2fe218a724b4fepeni,2026-02-03 14:00:00+08:00,0.38660589999999984,3.9123,4.034,0.1216999999999997,217.6712407559579,HOURLY_RECON_GT_5PCT,30.9,40.0,0.0,WX_CLEANED,14,1,0,0,0.3403631416666665,0.3292669249999996,0.1698248749999999,0.14396145024801577
a3ed2fe218a724b4fepeni,2026-02-03 15:00:00+08:00,0.42844444166666656,4.0583,4.18,0.1216999999999997,252.04966447548696,HOURLY_RECON_GT_5PCT,30.6,41.0,0.0,WX_CLEANED,15,1,0,0,0.3771972916666666,0.3649002833333333,0.17196017291666657,0.1443396892857142
a3ed2fe218a724b4fepeni,2026-02-03 16:00:00+08:00,0.3912325499999995,0.0219,0.1315,0.1096,256.9640054744521,HOURLY_RECON_GT_5PCT,30.0,42.0,0.0,WX_CLEANED,16,1,0,0,0.547284483333333,0.3599844666666663,0.16545800902777769,0.14452568978174596
a3ed2fe218a724b4fepeni,2026-02-03 17:00:00+08:00,0.423801625,0.1534,0.263,0.1096,286.68031478102193,HOURLY_RECON_GT_5PCT,28.7,45.0,0.0,WX_CLEANED,17,1,0,0,0.615089108333333,0.3928887083333328,0.15748769722222214,0.14470969523809515
a3ed2fe218a724b4fepeni,2026-02-03 18:00:00+08:00,0.4339199333333331,0.2849,0.3945,0.10960000000000003,295.91234793187317,HOURLY_RECON_GT_5PCT,27.5,47.0,0.0,WX_CLEANED,18,1,0,0,0.6297744249999996,0.4022689833333331,0.1493270934027777,0.1448980937499999
a3ed2fe218a724b4fepeni,2026-02-03 19:00:00+08:00,0.42907659999999975,0.4164,0.526,0.10960000000000003,291.49324817518215,HOURLY_RECON_GT_5PCT,27.0,48.0,0.0,WX_CLEANED,19,1,0,0,0.6227449916666665,0.39777887499999975,0.14125757708333325,0.14508438973214277
a3ed2fe218a724b4fepeni,2026-02-03 20:00:00+08:00,0.4044052916666666,0.5479,0.6575,0.10959999999999992,268.9829303527983,HOURLY_RECON_GT_5PCT,27.0,51.0,0.0,WX_CLEANED,20,1,0,0,0.5869380416666666,0.374907183333333,0.13365204583333326,0.14525997371031737
a3ed2fe218a724b4fepeni,2026-02-03 21:00:00+08:00,0.0,0.6795,0.789,0.10950000000000004,100.0,HOURLY_RECON_GT_5PCT,26.9,53.0,0.0,WX_CLEANED,21,1,0,0,0.0,0.0,0.13365204583333326,0.14525997371031737
a3ed2fe218a724b4fepeni,2026-02-03 22:00:00+08:00,0.0,0.811,0.9205,0.10949999999999993,100.0,HOURLY_RECON_GT_5PCT,26.3,58.0,0.0,WX_CLEANED,22,1,0,0,0.0,0.0,0.13365204583333326,0.14525997371031737
a3ed2fe218a724b4fepeni,2026-02-03 23:00:00+08:00,0.0,0.9425,1.0521,0.10960000000000003,100.0,HOURLY_RECON_GT_5PCT,25.8,62.0,0.0,WX_CLEANED,23,1,0,0,0.0,0.0,0.13365204583333326,0.14525997371031737
a3ed2fe218a724b4fepeni,2026-02-04 00:00:00+08:00,0.0,1.074,1.1836,0.10959999999999992,100.0,HOURLY_RECON_GT_5PCT,25.4,66.0,0.0,WX_CLEANED,0,2,0,0,0.0,0.0,0.13365204583333326,0.14525997371031737
a3ed2fe218a724b4fepeni,2026-02-04 01:00:00+08:00,0.0,1.2055,1.3151,0.10959999999999992,100.0,HOURLY_RECON_GT_5PCT,25.0,69.0,0.0,WX_CLEANED,1,2,0,0,0.0,0.0,0.13365204583333326,0.14525997371031737
a3ed2fe218a724b4fepeni,2026-02-04 02:00:00+08:00,0.0,1.337,1.4466,0.10960000000000014,100.0,HOURLY_RECON_GT_5PCT,24.3,75.0,0.0,WX_CLEANED,2,2,0,0,0.0,0.0,0.13365204583333326,0.14525997371031737
a3ed2fe218a724b4fepeni,2026-02-04 03:00:00+08:00,0.0,1.4685,1.5595,0.09100000000000019,100.0,HOURLY_RECON_GT_5PCT,24.0,73.0,0.0,WX_CLEANED,3,2,0,0,0.0,0.0,0.13365204583333326,0.14525997371031737
a3ed2fe218a724b4fepeni,2026-02-04 04:00:00+08:00,0.0,1.5639,1.5889,0.02499999999999991,100.0,HOURLY_RECON_GT_5PCT,23.6,74.0,0.0,WX_CLEANED,4,2,0,0,0.0,0.0,0.13365204583333326,0.14525997371031737
a3ed2fe218a724b4fepeni,2026-02-04 05:00:00+08:00,0.0,1.6007,1.6416,0.040899999999999936,100.0,HOURLY_RECON_GT_5PCT,23.4,74.0,0.0,WX_CLEANED,5,2,0,0,0.0,0.0,0.13365204583333326,0.14525997371031737
a3ed2fe218a724b4fepeni,2026-02-04 06:00:00+08:00,0.0,1.6416,1.7569,0.11529999999999996,100.0,HOURLY_RECON_GT_5PCT,23.4,74.0,0.0,WX_CLEANED,6,2,0,0,0.0,0.0,0.13365204583333326,0.14525997371031737
a3ed2fe218a724b4fepeni,2026-02-04 07:00:00+08:00,0.0,1.7734,1.8823,0.1089,100.0,HOURLY_RECON_GT_5PCT,23.4,74.0,0.0,WX_CLEANED,7,2,0,0,0.0,0.0,0.13365204583333326,0.14525997371031737
a3ed2fe218a724b4fepeni,2026-02-04 08:00:00+08:00,0.0,1.9138,2.0283,0.11450000000000027,100.0,HOURLY_RECON_GT_5PCT,24.6,73.0,0.0,WX_CLEANED,8,2,0,0,0.0,0.0,0.13365204583333326,0.14525997371031737
a3ed2fe218a724b4fepeni,2026-02-04 09:00:00+08:00,0.0,2.0502,2.1913,0.14110000000000023,100.0,HOURLY_RECON_GT_5PCT,26.5,63.0,0.0,WX_CLEANED,9,2,0,0,0.0,0.0,0.13365204583333326,0.14525997371031737
a3ed2fe218a724b4fepeni,2026-02-04 10:00:00+08:00,0.0,2.2194,2.3075,0.08810000000000029,100.0,HOURLY_RECON_GT_5PCT,28.1,55.0,0.0,WX_CLEANED,10,2,0,0,0.0,0.0,0.13365204583333326,0.14525997371031737
a3ed2fe218a724b4fepeni,2026-02-04 11:00:00+08:00,0.0,2.3235,2.4259,0.10239999999999982,100.0,HOURLY_RECON_GT_5PCT,29.8,48.0,0.0,WX_CLEANED,11,2,0,0,0.0,0.0,0.13365204583333326,0.14525997371031737
a3ed2fe218a724b4fepeni,2026-02-04 12:00:00+08:00,0.0188595,2.4448,2.5038,0.05900000000000016,68.03474576271195,HOURLY_RECON_GT_5PCT,30.9,44.0,0.0,WX_CLEANED,12,2,0,0,0.027371941666666302,0.017483858333333102,0.13329736076388884,0.14526816205357132
a3ed2fe218a724b4fepeni,2026-02-04 13:00:00+08:00,0.19484535,2.5074,2.617,0.10959999999999992,77.77860401459867,HOURLY_RECON_GT_5PCT,31.3,43.0,0.0,WX_CLEANED,13,2,0,0,0.2827908166666664,0.1806328666666666,0.1296329663194444,0.1453527601686507
a3ed2fe218a724b4fepeni,2026-02-04 14:00:00+08:00,0.2663747833333331,2.6389,2.7485,0.10959999999999992,143.0426855231143,HOURLY_RECON_GT_5PCT,31.0,42.0,0.0,WX_CLEANED,14,2,0,0,0.38660589999999984,0.2469448416666663,0.12462333645833328,0.14546841458333326
a3ed2fe218a724b4fepeni,2026-02-04 15:00:00+08:00,0.2952018749999998,2.7704,2.88,0.10959999999999992,169.34477645985402,HOURLY_RECON_GT_5PCT,30.8,42.0,0.0,WX_CLEANED,15,2,0,0,0.42844444166666656,0.27366925833333333,0.11907156284722216,0.14559658492063482
a3ed2fe218a724b4fepeni,2026-02-04 16:00:00+08:00,0.2936908666666666,0.0186,0.1117,0.09309999999999999,215.45742928750445,HOURLY_RECON_GT_5PCT,30.2,42.0,0.0,WX_CLEANED,16,2,0,0,0.3912325499999995,0.4312707666666663,0.11500732604166664,0.14477765694444436
a3ed2fe218a724b4fepeni,2026-02-04 17:00:00+08:00,0.32078578333333313,0.1304,0.2235,0.09310000000000002,244.5604547081988,HOURLY_RECON_GT_5PCT,29.1,47.0,0.0,WX_CLEANED,17,2,0,0,0.423801625,0.48706228333333323,0.11071499930555549,0.14378791587301581
a3ed2fe218a724b4fepeni,2026-02-04 18:00:00+08:00,0.328444533333333,0.2421,0.3352,0.09309999999999999,252.78682420336526,HOURLY_RECON_GT_5PCT,27.6,53.0,0.0,WX_CLEANED,18,2,0,0,0.4339199333333331,0.49869093333333314,0.10632019097222217,0.14277454444444435
a3ed2fe218a724b4fepeni,2026-02-04 19:00:00+08:00,0.3247784666666665,0.3538,0.4469,0.09310000000000002,248.8490511994269,HOURLY_RECON_GT_5PCT,26.5,60.0,0.0,WX_CLEANED,19,2,0,0,0.42907659999999975,0.49312464166666664,0.10197443541666662,0.14177248387896815
a3ed2fe218a724b4fepeni,2026-02-04 20:00:00+08:00,0.306104183333333,0.4655,0.5587,0.09319999999999995,228.43796494992827,HOURLY_RECON_GT_5PCT,26.9,57.0,0.0,WX_CLEANED,20,2,0,0,0.4044052916666666,0.46477064166666626,0.0978785559027777,0.14082804067460308
a3ed2fe218a724b4fepeni,2026-02-04 21:00:00+08:00,0.0,0.5773,0.6704,0.09309999999999996,100.0,HOURLY_RECON_GT_5PCT,26.6,60.0,0.0,WX_CLEANED,21,2,0,0,0.0,0.0,0.0978785559027777,0.14082804067460308
a3ed2fe218a724b4fepeni,2026-02-04 22:00:00+08:00,0.0,0.689,0.7821,0.09310000000000007,100.0,HOURLY_RECON_GT_5PCT,26.4,61.0,0.0,WX_CLEANED,22,2,0,0,0.0,0.0,0.0978785559027777,0.14082804067460308
a3ed2fe218a724b4fepeni,2026-02-04 23:00:00+08:00,0.0,0.8007,0.8938,0.09310000000000007,100.0,HOURLY_RECON_GT_5PCT,26.2,63.0,0.0,WX_CLEANED,23,2,0,0,0.0,0.0,0.0978785559027777,0.14082804067460308
a3ed2fe218a724b4fepeni,2026-02-05 00:00:00+08:00,0.0,0.9125,1.0056,0.09310000000000007,100.0,HOURLY_RECON_GT_5PCT,25.8,65.0,0.0,WX_CLEANED,0,3,0,0,0.0,0.0,0.0978785559027777,0.14082804067460308
a3ed2fe218a724b4fepeni,2026-02-05 01:00:00+08:00,0.0,1.0242,1.1173,0.09309999999999996,100.0,HOURLY_RECON_GT_5PCT,25.4,67.0,0.0,WX_CLEANED,1,3,0,0,0.0,0.0,0.0978785559027777,0.14082804067460308
a3ed2fe218a724b4fepeni,2026-02-05 02:00:00+08:00,0.0,1.1359,1.229,0.09310000000000018,100.0,HOURLY_RECON_GT_5PCT,25.0,69.0,0.0,WX_CLEANED,2,3,0,0,0.0,0.0,0.0978785559027777,0.14082804067460308
a3ed2fe218a724b4fepeni,2026-02-05 03:00:00+08:00,0.0,1.2477,1.324,0.07630000000000003,100.0,HOURLY_RECON_GT_5PCT,24.6,71.0,0.0,WX_CLEANED,3,3,0,0,0.0,0.0,0.0978785559027777,0.14082804067460308
a3ed2fe218a724b4fepeni,2026-02-05 04:00:00+08:00,0.0,1.3264,1.3399,0.013500000000000068,100.0,HOURLY_RECON_GT_5PCT,24.1,74.0,0.0,WX_CLEANED,4,3,0,0,0.0,0.0,0.0978785559027777,0.14082804067460308
a3ed2fe218a724b4fepeni,2026-02-05 05:00:00+08:00,0.0,1.3463,1.3684,0.02210000000000001,100.0,HOURLY_RECON_GT_5PCT,23.5,78.0,0.0,WX_CLEANED,5,3,0,0,0.0,0.0,0.0978785559027777,0.14082804067460308
a3ed2fe218a724b4fepeni,2026-02-05 06:00:00+08:00,0.0,1.3684,1.4309,0.0625,100.0,HOURLY_RECON_GT_5PCT,22.9,79.0,0.0,WX_CLEANED,6,3,0,0,0.0,0.0,0.0978785559027777,0.14082804067460308
a3ed2fe218a724b4fepeni,2026-02-05 07:00:00+08:00,0.0,1.4399,1.4989,0.05899999999999994,100.0,HOURLY_RECON_GT_5PCT,22.6,80.0,0.0,WX_CLEANED,7,3,0,0,0.0,0.0,0.0978785559027777,0.14082804067460308
a3ed2fe218a724b4fepeni,2026-02-05 08:00:00+08:00,0.0,1.516,1.6001,0.08410000000000006,100.0,HOURLY_RECON_GT_5PCT,24.0,75.0,0.0,WX_CLEANED,8,3,0,0,0.0,0.0,0.0978785559027777,0.14082804067460308
a3ed2fe218a724b4fepeni,2026-02-05 09:00:00+08:00,0.0,1.6156,1.6921,0.07650000000000001,100.0,HOURLY_RECON_GT_5PCT,26.0,64.0,0.0,WX_CLEANED,9,3,0,0,0.0,0.0,0.0978785559027777,0.14082804067460308
a3ed2fe218a724b4fepeni,2026-02-05 10:00:00+08:00,0.0,1.7073,1.7551,0.047800000000000065,100.0,HOURLY_RECON_GT_5PCT,28.5,50.0,0.0,WX_CLEANED,10,3,0,0,0.0,0.0,0.0978785559027777,0.14082804067460308
a3ed2fe218a724b4fepeni,2026-02-05 11:00:00+08:00,0.0,1.7638,1.8192,0.055399999999999894,100.0,HOURLY_RECON_GT_5PCT,30.2,39.0,0.0,WX_CLEANED,11,3,0,0,0.0,0.0,0.0978785559027777,0.14082804067460308
a3ed2fe218a724b4fepeni,2026-02-05 12:00:00+08:00,0.014275250000000001,1.8295,1.8615,0.03200000000000003,55.38984375000003,HOURLY_RECON_GT_5PCT,31.0,35.0,0.0,WX_CLEANED,12,3,0,0,0.0188595,0.021674675,0.09768754548611104,0.14078399647817452
a3ed2fe218a724b4fepeni,2026-02-05 13:00:00+08:00,0.1474831666666663,1.8634,1.9565,0.09309999999999996,58.41371285356216,HOURLY_RECON_GT_5PCT,31.5,33.0,0.0,WX_CLEANED,13,3,0,0,0.19484535,0.2239297083333331,0.09571412118055546,0.14032895753968244
a3ed2fe218a724b4fepeni,2026-02-05 14:00:00+08:00,0.2016255333333333,1.9752,2.0683,0.09309999999999974,116.56877909058419,HOURLY_RECON_GT_5PCT,31.9,31.0,0.0,WX_CLEANED,14,3,0,0,0.2663747833333331,0.306136408333333,0.09301623576388883,0.1397068689980158
a3ed2fe218a724b4fepeni,2026-02-05 15:00:00+08:00,0.2234455166666663,2.0869,2.18,0.09310000000000018,140.0059255281051,HOURLY_RECON_GT_5PCT,31.5,33.0,0.0,WX_CLEANED,15,3,0,0,0.2952018749999998,0.3392664916666665,0.09002638749999992,0.1390174584325396
a3ed2fe218a724b4fepeni,2026-02-05 16:00:00+08:00,0.0804338249999996,0.0053,0.0317,0.0264,204.673579545453,HOURLY_RECON_GT_5PCT,30.6,39.0,0.0,WX_CLEANED,16,3,0,0,0.2936908666666666,0.4515890749999998,0.08114067743055546,0.1368082009920634
a3ed2fe218a724b4fepeni,2026-02-05 17:00:00+08:00,0.07357509166666651,0.037,0.0634,0.0264,178.69352904040346,HOURLY_RECON_GT_5PCT,29.3,46.0,0.0,WX_CLEANED,17,3,0,0,0.32078578333333313,0.5047314416666666,0.07084023194444435,0.1342417941468253
a3ed2fe218a724b4fepeni,2026-02-05 18:00:00+08:00,0.0753316999999998,0.0687,0.0951,0.026400000000000007,185.34734848484763,HOURLY_RECON_GT_5PCT,27.7,52.0,0.0,WX_CLEANED,18,3,0,0,0.328444533333333,0.5167819666666663,0.0602938638888888,0.13161411398809514
a3ed2fe218a724b4fepeni,2026-02-05 19:00:00+08:00,0.0744909249999998,0.1004,0.1268,0.026399999999999993,182.16259469696902,HOURLY_RECON_GT_5PCT,26.8,57.0,0.0,WX_CLEANED,19,3,0,0,0.3247784666666665,0.5110136583333333,0.04986521631944436,0.12901576438492054
a3ed2fe218a724b4fepeni,2026-02-05 20:00:00+08:00,0.0702078333333329,0.132,0.1585,0.026499999999999996,164.93522012578455,HOURLY_RECON_GT_5PCT,26.6,59.0,0.0,WX_CLEANED,20,3,0,0,0.306104183333333,0.4816311583333331,0.04003620173611102,0.12656681602182532
a3ed2fe218a724b4fepeni,2026-02-05 21:00:00+08:00,0.0,0.1637,0.1901,0.02639999999999998,100.0,HOURLY_RECON_GT_5PCT,26.5,59.0,0.0,WX_CLEANED,21,3,0,0,0.0,0.0,0.04003620173611102,0.12656681602182532
a3ed2fe218a724b4fepeni,2026-02-05 22:00:00+08:00,0.0,0.1954,0.2218,0.026400000000000007,100.0,HOURLY_RECON_GT_5PCT,26.2,60.0,0.0,WX_CLEANED,22,3,0,0,0.0,0.0,0.04003620173611102,0.12656681602182532
a3ed2fe218a724b4fepeni,2026-02-05 23:00:00+08:00,0.0,0.2271,0.2535,0.026400000000000007,100.0,HOURLY_RECON_GT_5PCT,26.1,60.0,0.0,WX_CLEANED,23,3,0,0,0.0,0.0,0.04003620173611102,0.12656681602182532
a3ed2fe218a724b4fepeni,2026-02-06 00:00:00+08:00,0.0,0.2588,0.2852,0.026400000000000035,100.0,HOURLY_RECON_GT_5PCT,25.9,61.0,0.0,WX_CLEANED,0,4,0,0,0.0,0.0,0.04003620173611102,0.12656681602182532
a3ed2fe218a724b4fepeni,2026-02-06 01:00:00+08:00,0.0,0.2905,0.3169,0.026400000000000035,100.0,HOURLY_RECON_GT_5PCT,25.5,63.0,0.0,WX_CLEANED,1,4,0,0,0.0,0.0,0.04003620173611102,0.12656681602182532
a3ed2fe218a724b4fepeni,2026-02-06 02:00:00+08:00,0.0,0.3222,0.3486,0.026400000000000035,100.0,HOURLY_RECON_GT_5PCT,25.1,63.0,0.0,WX_CLEANED,2,4,0,0,0.0,0.0,0.04003620173611102,0.12656681602182532
a3ed2fe218a724b4fepeni,2026-02-06 03:00:00+08:00,0.0,0.3539,0.3751,0.021199999999999997,100.0,HOURLY_RECON_GT_5PCT,24.8,65.0,0.0,WX_CLEANED,3,4,0,0,0.0,0.0,0.04003620173611102,0.12656681602182532
a3ed2fe218a724b4fepeni,2026-02-06 04:00:00+08:00,0.0,0.3753,0.3762,0.0008999999999999564,100.0,HOURLY_RECON_GT_5PCT,24.2,68.0,0.0,WX_CLEANED,4,4,0,0,0.0,0.0,0.04003620173611102,0.12656681602182532
a3ed2fe218a724b4fepeni,2026-02-06 05:00:00+08:00,0.0,0.3766,0.378,0.0014000000000000123,100.0,HOURLY_RECON_GT_5PCT,23.8,70.0,0.0,WX_CLEANED,5,4,0,0,0.0,0.0,0.04003620173611102,0.12656681602182532
a3ed2fe218a724b4fepeni,2026-02-06 06:00:00+08:00,0.0,0.378,0.3821,0.0040999999999999925,100.0,HOURLY_RECON_GT_5PCT,23.4,71.0,0.0,WX_CLEANED,6,4,0,0,0.0,0.0,0.04003620173611102,0.12656681602182532
a3ed2fe218a724b4fepeni,2026-02-06 07:00:00+08:00,0.0,0.3827,0.3865,0.0038000000000000256,100.0,HOURLY_RECON_GT_5PCT,23.1,72.0,0.0,WX_CLEANED,7,4,0,0,0.0,0.0,0.04003620173611102,0.12656681602182532
a3ed2fe218a724b4fepeni,2026-02-06 08:00:00+08:00,0.0,0.3876,0.3931,0.005500000000000005,100.0,HOURLY_RECON_GT_5PCT,24.5,67.0,0.0,WX_CLEANED,8,4,0,0,0.0,0.0,0.04003620173611102,0.12656681602182532
a3ed2fe218a724b4fepeni,2026-02-06 09:00:00+08:00,0.0,0.3941,0.3991,0.0050000000000000044,100.0,HOURLY_RECON_GT_5PCT,26.0,60.0,0.0,WX_CLEANED,9,4,0,0,0.0,0.0,0.04003620173611102,0.12656681602182532
a3ed2fe218a724b4fepeni,2026-02-06 10:00:00+08:00,0.0,0.4001,0.4032,0.0030999999999999917,100.0,HOURLY_RECON_GT_5PCT,28.4,50.0,0.0,WX_CLEANED,10,4,0,0,0.0,0.0,0.04003620173611102,0.12656681602182532
a3ed2fe218a724b4fepeni,2026-02-06 11:00:00+08:00,0.0,0.4037,0.4073,0.003599999999999992,100.0,HOURLY_RECON_GT_5PCT,30.0,45.0,0.0,WX_CLEANED,11,4,0,0,0.0,0.0,0.04003620173611102,0.12656681602182532
a3ed2fe218a724b4fepeni,2026-02-06 12:00:00+08:00,0.00327885,0.408,0.4101,0.0021000000000000463,56.13571428571083,HOURLY_RECON_GT_5PCT,30.9,44.0,0.0,WX_CLEANED,12,4,0,0,0.014275250000000001,0.022460900000000002,0.039578018402777686,0.1264526371527777
a3ed2fe218a724b4fepeni,2026-02-06 13:00:00+08:00,0.0338265666666663,0.4102,0.4366,0.02639999999999998,28.13093434343306,HOURLY_RECON_GT_5PCT,31.1,44.0,0.0,WX_CLEANED,13,4,0,0,0.1474831666666663,0.2320532749999995,0.03484232673611102,0.12527271626984118
a3ed2fe218a724b4fepeni,2026-02-06 14:00:00+08:00,0.046244624999999595,0.4419,0.4683,0.02639999999999998,75.1690340909077,HOURLY_RECON_GT_5PCT,30.3,46.0,0.0,WX_CLEANED,14,4,0,0,0.2016255333333333,0.3172420583333331,0.028368122222222115,0.12365963630952373
a3ed2fe218a724b4fepeni,2026-02-06 15:00:00+08:00,0.051249233333333304,0.4736,0.5,0.02639999999999998,94.12588383838388,HOURLY_RECON_GT_5PCT,30.5,47.0,0.0,WX_CLEANED,15,4,0,0,0.2234455166666663,0.3515740166666661,0.02119327708333324,0.12187198878968244
a3ed2fe218a724b4fepeni,2026-02-06 16:00:00+08:00,0.2892557416666663,0.0196,0.1177,0.09809999999999999,194.85804451240193,HOURLY_RECON_GT_5PCT,29.5,51.0,0.0,WX_CLEANED,16,4,0,0,0.0804338249999996,0.5241736333333331,0.029894190277777687,0.1204736680059523
a3ed2fe218a724b4fepeni,2026-02-06 17:00:00+08:00,0.33992371666666654,0.1373,0.2353,0.098,246.8609353741495,HOURLY_RECON_GT_5PCT,28.0,55.0,0.1,WX_CLEANED,17,4,0,0,0.07357509166666651,0.5900857666666666,0.04099204965277769,0.11898460818452372
a3ed2fe218a724b4fepeni,2026-02-06 18:00:00+08:00,0.3480394166666661,0.2549,0.353,0.09809999999999997,254.78024125042427,HOURLY_RECON_GT_5PCT,27.0,58.0,0.2,WX_CLEANED,18,4,0,0,0.0753316999999998,0.6041740333333331,0.05235487118055545,0.11745999737103166
a3ed2fe218a724b4fepeni,2026-02-06 19:00:00+08:00,0.3441546916666663,0.3726,0.4706,0.09800000000000003,251.1782568027206,HOURLY_RECON_GT_5PCT,26.4,62.0,0.1,WX_CLEANED,19,4,0,0,0.0744909249999998,0.597430383333333,0.06359086145833322,0.11595240396825389
a3ed2fe218a724b4fepeni,2026-02-06 20:00:00+08:00,0.32436632499999957,0.4902,0.5883,0.09810000000000002,230.6486493374103,HOURLY_RECON_GT_5PCT,26.4,67.0,0.0,WX_CLEANED,20,4,0,0,0.0702078333333329,0.5630789833333333,0.074180798611111,0.11453149528769832
a3ed2fe218a724b4fepeni,2026-02-06 21:00:00+08:00,0.0,0.6079,0.7059,0.09799999999999998,100.0,HOURLY_RECON_GT_5PCT,26.6,67.0,0.0,WX_CLEANED,21,4,0,0,0.0,0.0,0.074180798611111,0.11453149528769832
a3ed2fe218a724b4fepeni,2026-02-06 22:00:00+08:00,0.0,0.7256,0.8236,0.09799999999999998,100.0,HOURLY_RECON_GT_5PCT,26.5,67.0,0.0,WX_CLEANED,22,4,0,0,0.0,0.0,0.074180798611111,0.11453149528769832
a3ed2fe218a724b4fepeni,2026-02-06 23:00:00+08:00,0.0,0.8432,0.9413,0.09810000000000008,100.0,HOURLY_RECON_GT_5PCT,26.2,69.0,0.0,WX_CLEANED,23,4,0,0,0.0,0.0,0.074180798611111,0.11453149528769832
a3ed2fe218a724b4fepeni,2026-02-07 00:00:00+08:00,0.0,0.9609,1.0589,0.09799999999999998,100.0,HOURLY_RECON_GT_5PCT,25.9,72.0,0.0,WX_CLEANED,0,5,1,0,0.0,0.0,0.074180798611111,0.11453149528769832
a3ed2fe218a724b4fepeni,2026-02-07 01:00:00+08:00,0.0,1.0785,1.1766,0.09810000000000008,100.0,HOURLY_RECON_GT_5PCT,25.7,72.0,0.0,WX_CLEANED,1,5,1,0,0.0,0.0,0.074180798611111,0.11453149528769832
a3ed2fe218a724b4fepeni,2026-02-07 02:00:00+08:00,0.0,1.1962,1.2942,0.09800000000000009,100.0,HOURLY_RECON_GT_5PCT,25.7,70.0,0.0,WX_CLEANED,2,5,1,0,0.0,0.0,0.074180798611111,0.11453149528769832
a3ed2fe218a724b4fepeni,2026-02-07 03:00:00+08:00,0.0,1.3138,1.3942,0.08040000000000003,100.0,HOURLY_RECON_GT_5PCT,25.4,72.0,0.0,WX_CLEANED,3,5,1,0,0.0,0.0,0.074180798611111,0.11453149528769832
a3ed2fe218a724b4fepeni,2026-02-07 04:00:00+08:00,0.0,1.3968,1.4113,0.014499999999999957,100.0,HOURLY_RECON_GT_5PCT,24.5,80.0,1.0,WX_CLEANED,4,5,1,0,0.0,0.0,0.074180798611111,0.11453149528769832
a3ed2fe218a724b4fepeni,2026-02-07 05:00:00+08:00,0.0,1.4182,1.442,0.023800000000000043,100.0,HOURLY_RECON_GT_5PCT,24.5,79.0,0.0,WX_CLEANED,5,5,1,0,0.0,0.0,0.074180798611111,0.11453149528769832
a3ed2fe218a724b4fepeni,2026-02-07 06:00:00+08:00,0.0,1.442,1.5092,0.06720000000000015,100.0,HOURLY_RECON_GT_5PCT,24.6,78.0,0.0,WX_CLEANED,6,5,1,0,0.0,0.0,0.074180798611111,0.11453149528769832
a3ed2fe218a724b4fepeni,2026-02-07 07:00:00+08:00,0.0,1.5188,1.5822,0.06340000000000012,100.0,HOURLY_RECON_GT_5PCT,24.9,77.0,0.0,WX_CLEANED,7,5,1,0,0.0,0.0,0.074180798611111,0.11453149528769832
a3ed2fe218a724b4fepeni,2026-02-07 08:00:00+08:00,0.0,1.6006,1.6911,0.09050000000000002,100.0,HOURLY_RECON_GT_5PCT,25.2,78.0,0.0,WX_CLEANED,8,5,1,0,0.0,0.0,0.074180798611111,0.11453149528769832
a3ed2fe218a724b4fepeni,2026-02-07 09:00:00+08:00,0.0,1.7077,1.7899,0.08220000000000005,100.0,HOURLY_RECON_GT_5PCT,26.3,74.0,0.0,WX_CLEANED,9,5,1,0,0.0,0.0,0.074180798611111,0.11453149528769832
a3ed2fe218a724b4fepeni,2026-02-07 10:00:00+08:00,0.0,1.8062,1.8576,0.05139999999999989,100.0,HOURLY_RECON_GT_5PCT,27.8,69.0,0.0,WX_CLEANED,10,5,1,0,0.0,0.0,0.074180798611111,0.11453149528769832
a3ed2fe218a724b4fepeni,2026-02-07 11:00:00+08:00,0.0,1.8669,1.9265,0.0596000000000001,100.0,HOURLY_RECON_GT_5PCT,27.1,74.0,1.7,WX_CLEANED,11,5,1,0,0.0,0.0,0.074180798611111,0.11453149528769832
a3ed2fe218a724b4fepeni,2026-02-07 12:00:00+08:00,0.0151268333333331,1.9376,1.9719,0.0343,55.89844509232332,HOURLY_RECON_GT_5PCT,27.5,72.0,0.1,WX_CLEANED,12,5,1,0,0.00327885,0.0262592916666663,0.07467446458333322,0.1144652306547618
a3ed2fe218a724b4fepeni,2026-02-07 13:00:00+08:00,0.156281933333333,1.974,2.0721,0.09809999999999985,59.30880054366284,HOURLY_RECON_GT_5PCT,27.4,71.0,0.1,WX_CLEANED,13,5,1,0,0.0338265666666663,0.27129540833333277,0.07977677152777767,0.11378062663690468
a3ed2fe218a724b4fepeni,2026-02-07 14:00:00+08:00,0.21365442499999962,2.0917,2.1897,0.09800000000000031,118.01471938775403,HOURLY_RECON_GT_5PCT,28.9,64.0,1.6,WX_CLEANED,14,5,1,0,0.046244624999999595,0.3708903749999999,0.086752179861111,0.11284469836309514
a3ed2fe218a724b4fepeni,2026-02-07 15:00:00+08:00,0.2367761583333328,2.2093,2.31,0.10070000000000023,135.13024660708265,HOURLY_RECON_GT_5PCT,28.0,66.0,0.0,WX_CLEANED,15,5,1,0,0.051249233333333304,0.4110282,0.09448246840277763,0.11180748382936498
a3ed2fe218a724b4fepeni,2026-02-07 16:00:00+08:00,0.3272526916666663,0.0,0.0,0.0,,,27.5,70.0,0.0,WX_CLEANED,16,5,1,0,0.2892557416666663,0.43663378333333314,0.09606567465277764,0.1111564059027777
a3ed2fe218a724b4fepeni,2026-02-07 17:00:00+08:00,0.3666725916666665,0.0,0.0,0.0,,,27.1,74.0,0.0,WX_CLEANED,17,5,1,0,0.33992371666666654,0.4797051749999998,0.09718021111111097,0.11048359290674593
a3ed2fe218a724b4fepeni,2026-02-07 18:00:00+08:00,0.3754268666666666,0.0,0.0,0.0,,,26.6,78.0,0.0,WX_CLEANED,18,5,1,0,0.3480394166666661,0.4911581999999998,0.09832135486111099,0.10979471592261895
a3ed2fe218a724b4fepeni,2026-02-07 19:00:00+08:00,0.3712364416666663,0.0,0.0,0.0,,,26.2,79.0,0.0,WX_CLEANED,19,5,1,0,0.3441546916666663,0.4856759249999998,0.09944976111111099,0.10911352852182532
a3ed2fe218a724b4fepeni,2026-02-07 20:00:00+08:00,0.3498909333333333,0.0,0.0,0.0,,,26.0,82.0,1.5,WX_CLEANED,20,5,1,0,0.32436632499999957,0.457750283333333,0.10051328645833324,0.10847150858134912
a3ed2fe218a724b4fepeni,2026-02-07 21:00:00+08:00,0.0,0.0,0.0,0.0,,,26.1,82.0,0.0,WX_CLEANED,21,5,1,0,0.0,0.0,0.10051328645833324,0.10847150858134912
a3ed2fe218a724b4fepeni,2026-02-07 22:00:00+08:00,0.0,0.0,0.0,0.0,,,25.9,85.0,0.0,WX_CLEANED,22,5,1,0,0.0,0.0,0.10051328645833324,0.10847150858134912
a3ed2fe218a724b4fepeni,2026-02-07 23:00:00+08:00,0.0,0.0,0.0,0.0,,,25.6,88.0,0.0,WX_CLEANED,23,5,1,0,0.0,0.0,0.10051328645833324,0.10847150858134912
a3ed2fe218a724b4fepeni,2026-02-08 00:00:00+08:00,0.0,0.0,0.0,0.0,,,25.4,89.0,0.0,WX_CLEANED,0,6,1,0,0.0,0.0,0.10051328645833324,0.10847150858134912
a3ed2fe218a724b4fepeni,2026-02-08 01:00:00+08:00,0.0,0.0,0.0,0.0,,,25.5,86.0,0.0,WX_CLEANED,1,6,1,0,0.0,0.0,0.10051328645833324,0.10847150858134912
a3ed2fe218a724b4fepeni,2026-02-08 02:00:00+08:00,0.0,0.0,0.0,0.0,,,25.5,86.0,0.0,WX_CLEANED,2,6,1,0,0.0,0.0,0.10051328645833324,0.10847150858134912
a3ed2fe218a724b4fepeni,2026-02-08 03:00:00+08:00,0.0,0.0,0.008,0.008,100.0,HOURLY_RECON_GT_5PCT,25.5,86.0,0.0,WX_CLEANED,3,6,1,0,0.0,0.0,0.10051328645833324,0.10847150858134912
a3ed2fe218a724b4fepeni,2026-02-08 04:00:00+08:00,0.0,0.017,0.073,0.055999999999999994,100.0,HOURLY_RECON_GT_5PCT,25.3,85.0,0.2,WX_CLEANED,4,6,1,0,0.0,0.0,0.10051328645833324,0.10847150858134912
a3ed2fe218a724b4fepeni,2026-02-08 05:00:00+08:00,0.0,0.1,0.191,0.091,100.0,HOURLY_RECON_GT_5PCT,25.2,85.0,0.0,WX_CLEANED,5,6,1,0,0.0,0.0,0.10051328645833324,0.10847150858134912
a3ed2fe218a724b4fepeni,2026-02-08 06:00:00+08:00,0.0,0.191,0.449,0.258,100.0,HOURLY_RECON_GT_5PCT,25.4,78.0,0.0,WX_CLEANED,6,6,1,0,0.0,0.0,0.10051328645833324,0.10847150858134912
a3ed2fe218a724b4fepeni,2026-02-08 07:00:00+08:00,0.0,0.486,0.73,0.244,100.0,HOURLY_RECON_GT_5PCT,25.5,74.0,0.0,WX_CLEANED,7,6,1,0,0.0,0.0,0.10051328645833324,0.10847150858134912
a3ed2fe218a724b4fepeni,2026-02-08 08:00:00+08:00,0.0,0.801,1.148,0.34699999999999986,100.0,HOURLY_RECON_GT_5PCT,24.9,84.0,0.0,WX_CLEANED,8,6,1,0,0.0,0.0,0.10051328645833324,0.10847150858134912
a3ed2fe218a724b4fepeni,2026-02-08 09:00:00+08:00,0.0,1.212,1.528,0.31600000000000006,100.0,HOURLY_RECON_GT_5PCT,25.1,81.0,0.2,WX_CLEANED,9,6,1,0,0.0,0.0,0.10051328645833324,0.10847150858134912
a3ed2fe218a724b4fepeni,2026-02-08 10:00:00+08:00,0.0,1.591,1.788,0.19700000000000006,100.0,HOURLY_RECON_GT_5PCT,25.4,81.0,0.3,WX_CLEANED,10,6,1,0,0.0,0.0,0.10051328645833324,0.10847150858134912
a3ed2fe218a724b4fepeni,2026-02-08 11:00:00+08:00,0.0,1.824,2.053,0.22899999999999987,100.0,HOURLY_RECON_GT_5PCT,26.0,76.0,0.4,WX_CLEANED,11,6,1,0,0.0,0.0,0.10051328645833324,0.10847150858134912
a3ed2fe218a724b4fepeni,2026-02-08 12:00:00+08:00,0.0163172166666663,2.095,2.228,0.133,87.73141604010053,HOURLY_RECON_GT_5PCT,26.5,72.0,0.4,WX_CLEANED,12,6,1,0,0.0151268333333331,0.0213472416666663,0.10056288576388879,0.10844156795634911
a3ed2fe218a724b4fepeni,2026-02-08 13:00:00+08:00,0.1685798916666665,2.236,2.236,0.0,,,26.6,71.0,2.0,WX_CLEANED,13,6,1,0,0.156281933333333,0.22054732499999957,0.10107530069444433,0.10813223799603167
a3ed2fe218a724b4fepeni,2026-02-08 14:00:00+08:00,0.2304670999999998,2.236,2.321,0.08499999999999996,171.13776470588223,HOURLY_RECON_GT_5PCT,27.2,68.0,0.2,WX_CLEANED,14,6,1,0,0.21365442499999962,0.3015121999999996,0.10177582881944434,0.10770935049603166
a3ed2fe218a724b4fepeni,2026-02-08 15:00:00+08:00,0.255408208333333,2.321,2.492,0.17099999999999982,49.361525341130566,HOURLY_RECON_GT_5PCT,27.0,69.0,0.1,WX_CLEANED,15,6,1,0,0.2367761583333328,0.3341418916666665,0.10255216423611103,0.10724069761904753
a3ed2fe218a724b4fepeni,2026-02-08 16:00:00+08:00,0.3182842249999996,0.0,0.171,0.171,86.1311257309939,HOURLY_RECON_GT_5PCT,27.1,66.0,0.0,WX_CLEANED,16,6,1,0,0.3272526916666663,0.48199565833333297,0.10217847812499992,0.10626622480158719
a3ed2fe218a724b4fepeni,2026-02-08 17:00:00+08:00,0.35410834999999957,0.171,0.171,0.0,,,26.7,69.0,0.0,WX_CLEANED,17,6,1,0,0.3666725916666665,0.5415168999999996,0.10165496805555546,0.10515069771825387
a3ed2fe218a724b4fepeni,2026-02-08 18:00:00+08:00,0.3625626583333333,0.171,0.171,0.0,,,25.9,75.0,0.0,WX_CLEANED,18,6,1,0,0.3754268666666666,0.5544457166666664,0.10111895937499991,0.10400853665674595
a3ed2fe218a724b4fepeni,2026-02-08 19:00:00+08:00,0.3585158166666663,0.171,0.171,0.0,,,25.4,80.0,0.0,WX_CLEANED,19,6,1,0,0.3712364416666663,0.5482570666666666,0.10058893333333324,0.10287912445436496
a3ed2fe218a724b4fepeni,2026-02-08 20:00:00+08:00,0.3379016833333333,0.171,0.171,0.0,,,25.0,75.0,0.0,WX_CLEANED,20,6,1,0,0.3498909333333333,0.5167331166666663,0.10008938124999993,0.10181465163690467
a3ed2fe218a724b4fepeni,2026-02-08 21:00:00+08:00,0.0,0.171,0.171,0.0,,,24.8,77.0,0.0,WX_CLEANED,21,6,1,0,0.0,0.0,0.10008938124999993,0.10181465163690467
a3ed2fe218a724b4fepeni,2026-02-08 22:00:00+08:00,0.0,0.171,0.171,0.0,,,24.6,80.0,0.0,WX_CLEANED,22,6,1,0,0.0,0.0,0.10008938124999993,0.10181465163690467
a3ed2fe218a724b4fepeni,2026-02-08 23:00:00+08:00,0.0,0.171,0.171,0.0,,,24.5,81.0,0.0,WX_CLEANED,23,6,1,0,0.0,0.0,0.10008938124999993,0.10181465163690467
a3ed2fe218a724b4fepeni,2026-02-09 00:00:00+08:00,0.0,0.171,0.171,0.0,,,24.1,80.0,0.0,WX_CLEANED,0,0,0,0,0.0,0.0,0.10008938124999993,0.10181465163690467
a3ed2fe218a724b4fepeni,2026-02-09 01:00:00+08:00,0.0,0.171,0.171,0.0,,,23.9,80.0,0.0,WX_CLEANED,1,0,0,0,0.0,0.0,0.10008938124999993,0.10181465163690467
a3ed2fe218a724b4fepeni,2026-02-09 02:00:00+08:00,0.0,0.171,0.171,0.0,,,23.5,82.0,0.0,WX_CLEANED,2,0,0,0,0.0,0.0,0.10008938124999993,0.10181465163690467
a3ed2fe218a724b4fepeni,2026-02-09 03:00:00+08:00,0.0,0.171,0.178,0.0069999999999999785,100.0,HOURLY_RECON_GT_5PCT,23.5,81.0,0.0,WX_CLEANED,3,0,0,0,0.0,0.0,0.10008938124999993,0.10181465163690467
a3ed2fe218a724b4fepeni,2026-02-09 04:00:00+08:00,0.0,0.188,0.244,0.055999999999999994,100.0,HOURLY_RECON_GT_5PCT,23.1,81.0,0.0,WX_CLEANED,4,0,0,0,0.0,0.0,0.10008938124999993,0.10181465163690467
a3ed2fe218a724b4fepeni,2026-02-09 05:00:00+08:00,0.0,0.271,0.362,0.09099999999999997,100.0,HOURLY_RECON_GT_5PCT,23.1,81.0,0.0,WX_CLEANED,5,0,0,0,0.0,0.0,0.10008938124999993,0.10181465163690467
a3ed2fe218a724b4fepeni,2026-02-09 06:00:00+08:00,0.0,0.362,0.62,0.258,100.0,HOURLY_RECON_GT_5PCT,23.0,83.0,0.0,WX_CLEANED,6,0,0,0,0.0,0.0,0.10008938124999993,0.10181465163690467
a3ed2fe218a724b4fepeni,2026-02-09 07:00:00+08:00,0.0,0.657,0.901,0.244,100.0,HOURLY_RECON_GT_5PCT,23.1,82.0,0.0,WX_CLEANED,7,0,0,0,0.0,0.0,0.10008938124999993,0.10181465163690467
a3ed2fe218a724b4fepeni,2026-02-09 08:00:00+08:00,0.0,0.971,1.319,0.348,100.0,HOURLY_RECON_GT_5PCT,24.4,72.0,0.0,WX_CLEANED,8,0,0,0,0.0,0.0,0.10008938124999993,0.10181465163690467
a3ed2fe218a724b4fepeni,2026-02-09 09:00:00+08:00,0.0,1.383,1.699,0.31600000000000006,100.0,HOURLY_RECON_GT_5PCT,24.9,68.0,0.0,WX_CLEANED,9,0,0,0,0.0,0.0,0.10008938124999993,0.10181465163690467
a3ed2fe218a724b4fepeni,2026-02-09 10:00:00+08:00,0.0,1.762,1.959,0.19700000000000006,100.0,HOURLY_RECON_GT_5PCT,25.2,66.0,0.0,WX_CLEANED,10,0,0,0,0.0,0.0,0.10008938124999993,0.10181465163690467
a3ed2fe218a724b4fepeni,2026-02-09 11:00:00+08:00,0.0,1.995,2.224,0.2290000000000001,100.0,HOURLY_RECON_GT_5PCT,26.2,62.0,0.0,WX_CLEANED,11,0,0,0,0.0,0.0,0.10008938124999993,0.10181465163690467
a3ed2fe218a724b4fepeni,2026-02-09 12:00:00+08:00,0.015758050000000003,2.266,2.398,0.13200000000000012,88.06208333333335,HOURLY_RECON_GT_5PCT,26.7,60.0,0.0,WX_CLEANED,12,0,0,0,0.0163172166666663,0.024097883333333098,0.10006608263888882,0.1017650097718253
a3ed2fe218a724b4fepeni,2026-02-09 13:00:00+08:00,0.162803375,2.406,2.406,0.0,,,27.0,59.0,0.0,WX_CLEANED,13,0,0,0,0.1685798916666665,0.248965633333333,0.09982539444444438,0.10125213918650784
a3ed2fe218a724b4fepeni,2026-02-09 14:00:00+08:00,0.2225699833333331,2.406,2.406,0.0,,,27.2,57.0,0.0,WX_CLEANED,14,0,0,0,0.2304670999999998,0.3403631416666665,0.0994963479166666,0.10055098943452372
a3ed2fe218a724b4fepeni,2026-02-09 15:00:00+08:00,0.24665654999999978,2.406,2.406,0.0,,,26.6,60.0,0.0,WX_CLEANED,15,0,0,0,0.255408208333333,0.3771972916666666,0.09913169548611105,0.09977396121031737
a3ed2fe218a724b4fepeni,2026-02-09 16:00:00+08:00,0.29648476666666657,0.0,0.0,0.0,,,26.4,61.0,0.0,WX_CLEANED,16,0,0,0,0.3182842249999996,0.547284483333333,0.09822338472222218,0.09828110575396816
a3ed2fe218a724b4fepeni,2026-02-09 17:00:00+08:00,0.3289798833333331,0.0,0.0,0.0,,,25.7,64.0,0.0,WX_CLEANED,17,0,0,0,0.35410834999999957,0.615089108333333,0.09717636527777773,0.09657807465277768
a3ed2fe218a724b4fepeni,2026-02-09 18:00:00+08:00,0.336834333333333,0.0,0.0,0.0,,,24.9,71.0,0.0,WX_CLEANED,18,0,0,0,0.3625626583333333,0.6297744249999996,0.09610435173611105,0.0948343836309523
a3ed2fe218a724b4fepeni,2026-02-09 19:00:00+08:00,0.3330745749999996,0.0,0.0,0.0,,,24.5,75.0,0.0,WX_CLEANED,19,0,0,0,0.3585158166666663,0.6227449916666665,0.09504429999999996,0.09311015496031738
a3ed2fe218a724b4fepeni,2026-02-09 20:00:00+08:00,0.3139232749999996,0.0,0.0,0.0,,,24.4,77.0,0.0,WX_CLEANED,20,0,0,0,0.3379016833333333,0.5869380416666666,0.0940451996527777,0.09148506706349198
a3ed2fe218a724b4fepeni,2026-02-09 21:00:00+08:00,0.0,0.0,0.0,0.0,,,24.0,78.0,0.0,WX_CLEANED,21,0,0,0,0.0,0.0,0.0940451996527777,0.09148506706349198
a3ed2fe218a724b4fepeni,2026-02-09 22:00:00+08:00,0.0,0.0,0.0,0.0,,,23.6,79.0,0.0,WX_CLEANED,22,0,0,0,0.0,0.0,0.0940451996527777,0.09148506706349198
a3ed2fe218a724b4fepeni,2026-02-09 23:00:00+08:00,0.0,0.0,0.0,0.0,,,23.5,79.0,0.0,WX_CLEANED,23,0,0,0,0.0,0.0,0.0940451996527777,0.09148506706349198
a3ed2fe218a724b4fepeni,2026-02-10 00:00:00+08:00,0.0,0.0,0.0,0.0,,,23.3,81.0,0.0,WX_CLEANED,0,1,0,0,0.0,0.0,0.0940451996527777,0.09148506706349198
a3ed2fe218a724b4fepeni,2026-02-10 01:00:00+08:00,0.0,0.0,0.0,0.0,,,23.1,83.0,0.0,WX_CLEANED,1,1,0,0,0.0,0.0,0.0940451996527777,0.09148506706349198
a3ed2fe218a724b4fepeni,2026-02-10 02:00:00+08:00,0.0,0.0,0.0,0.0,,,22.8,89.0,0.0,WX_CLEANED,2,1,0,0,0.0,0.0,0.0940451996527777,0.09148506706349198
a3ed2fe218a724b4fepeni,2026-02-10 03:00:00+08:00,0.0,0.0,0.008,0.008,100.0,HOURLY_RECON_GT_5PCT,22.9,86.0,0.0,WX_CLEANED,3,1,0,0,0.0,0.0,0.0940451996527777,0.09148506706349198
a3ed2fe218a724b4fepeni,2026-02-10 04:00:00+08:00,0.0,0.017,0.073,0.055999999999999994,100.0,HOURLY_RECON_GT_5PCT,22.6,87.0,0.0,WX_CLEANED,4,1,0,0,0.0,0.0,0.0940451996527777,0.09148506706349198
a3ed2fe218a724b4fepeni,2026-02-10 05:00:00+08:00,0.0,0.1,0.191,0.091,100.0,HOURLY_RECON_GT_5PCT,22.5,88.0,0.0,WX_CLEANED,5,1,0,0,0.0,0.0,0.0940451996527777,0.09148506706349198
a3ed2fe218a724b4fepeni,2026-02-10 06:00:00+08:00,0.0,0.191,0.449,0.258,100.0,HOURLY_RECON_GT_5PCT,22.4,88.0,0.0,WX_CLEANED,6,1,0,0,0.0,0.0,0.0940451996527777,0.09148506706349198
a3ed2fe218a724b4fepeni,2026-02-10 07:00:00+08:00,0.0,0.486,0.73,0.244,100.0,HOURLY_RECON_GT_5PCT,22.5,88.0,0.0,WX_CLEANED,7,1,0,0,0.0,0.0,0.0940451996527777,0.09148506706349198
a3ed2fe218a724b4fepeni,2026-02-10 08:00:00+08:00,0.0,0.801,1.148,0.34699999999999986,100.0,HOURLY_RECON_GT_5PCT,23.9,80.0,0.0,WX_CLEANED,8,1,0,0,0.0,0.0,0.0940451996527777,0.09148506706349198
a3ed2fe218a724b4fepeni,2026-02-10 09:00:00+08:00,0.0,1.212,1.528,0.31600000000000006,100.0,HOURLY_RECON_GT_5PCT,24.8,76.0,0.0,WX_CLEANED,9,1,0,0,0.0,0.0,0.0940451996527777,0.09148506706349198
a3ed2fe218a724b4fepeni,2026-02-10 10:00:00+08:00,0.0,1.591,1.788,0.19700000000000006,100.0,HOURLY_RECON_GT_5PCT,26.5,66.0,0.0,WX_CLEANED,10,1,0,0,0.0,0.0,0.0940451996527777,0.09148506706349198
a3ed2fe218a724b4fepeni,2026-02-10 11:00:00+08:00,0.0,1.824,2.053,0.22899999999999987,100.0,HOURLY_RECON_GT_5PCT,28.0,59.0,0.0,WX_CLEANED,11,1,0,0,0.0,0.0,0.0940451996527777,0.09148506706349198
a3ed2fe218a724b4fepeni,2026-02-10 12:00:00+08:00,0.0146398999999994,2.095,2.228,0.133,88.9925563909779,HOURLY_RECON_GT_5PCT,29.5,53.0,0.0,WX_CLEANED,12,1,0,0,0.015758050000000003,0.027371941666666302,0.09399861006944434,0.09140928110119038
a3ed2fe218a724b4fepeni,2026-02-10 13:00:00+08:00,0.1512504499999995,2.236,2.236,0.0,,,30.2,50.0,0.0,WX_CLEANED,13,1,0,0,0.162803375,0.2827908166666664,0.09351723819444434,0.09062630272817451
a3ed2fe218a724b4fepeni,2026-02-10 14:00:00+08:00,0.20677584999999998,2.236,2.236,0.0,,,29.6,53.0,0.0,WX_CLEANED,14,1,0,0,0.2225699833333331,0.38660589999999984,0.09285914930555546,0.0895558857638888
a3ed2fe218a724b4fepeni,2026-02-10 15:00:00+08:00,0.22915314999999997,2.236,2.236,0.0,,,29.5,53.0,0.0,WX_CLEANED,15,1,0,0,0.24665654999999978,0.42844444166666656,0.09212984097222211,0.08836962807539674
a3ed2fe218a724b4fepeni,2026-02-10 16:00:00+08:00,0.29501547499999997,0.0,0.0,0.0,,,28.8,55.0,0.0,WX_CLEANED,16,1,0,0,0.29648476666666657,0.3912325499999995,0.09206862048611102,0.08779690739087292
a3ed2fe218a724b4fepeni,2026-02-10 17:00:00+08:00,0.3289798833333331,0.0,0.0,0.0,,,28.0,58.0,0.0,WX_CLEANED,17,1,0,0,0.3289798833333331,0.423801625,0.09206862048611102,0.08723249226190467
a3ed2fe218a724b4fepeni,2026-02-10 18:00:00+08:00,0.336834333333333,0.0,0.0,0.0,,,26.5,64.0,0.0,WX_CLEANED,18,1,0,0,0.336834333333333,0.4339199333333331,0.09206862048611102,0.08665460178571419
a3ed2fe218a724b4fepeni,2026-02-10 19:00:00+08:00,0.3330745749999996,0.0,0.0,0.0,,,25.5,71.0,0.0,WX_CLEANED,19,1,0,0,0.3330745749999996,0.42907659999999975,0.09206862048611102,0.0860831611607142
a3ed2fe218a724b4fepeni,2026-02-10 20:00:00+08:00,0.3139232749999996,0.0,0.0,0.0,,,25.3,73.0,0.0,WX_CLEANED,20,1,0,0,0.3139232749999996,0.4044052916666666,0.09206862048611102,0.0855445777281745
a3ed2fe218a724b4fepeni,2026-02-10 21:00:00+08:00,0.0,0.0,0.0,0.0,,,25.1,74.0,0.0,WX_CLEANED,21,1,0,0,0.0,0.0,0.09206862048611102,0.0855445777281745
a3ed2fe218a724b4fepeni,2026-02-10 22:00:00+08:00,0.0,0.0,0.0,0.0,,,25.1,74.0,0.0,WX_CLEANED,22,1,0,0,0.0,0.0,0.09206862048611102,0.0855445777281745
a3ed2fe218a724b4fepeni,2026-02-10 23:00:00+08:00,0.0,0.0,0.0,0.0,,,24.8,78.0,0.0,WX_CLEANED,23,1,0,0,0.0,0.0,0.09206862048611102,0.0855445777281745
a3ed2fe218a724b4fepeni,2026-02-11 00:00:00+08:00,0.0,0.0,0.0,0.0,,,24.4,81.0,0.0,WX_CLEANED,0,2,0,0,0.0,0.0,0.09206862048611102,0.0855445777281745
a3ed2fe218a724b4fepeni,2026-02-11 01:00:00+08:00,0.0,0.0,0.0,0.0,,,24.1,83.0,0.0,WX_CLEANED,1,2,0,0,0.0,0.0,0.09206862048611102,0.0855445777281745
a3ed2fe218a724b4fepeni,2026-02-11 02:00:00+08:00,0.0,0.0,0.0,0.0,,,24.0,87.0,0.0,WX_CLEANED,2,2,0,0,0.0,0.0,0.09206862048611102,0.0855445777281745
a3ed2fe218a724b4fepeni,2026-02-11 03:00:00+08:00,0.0,0.0,0.008,0.008,100.0,HOURLY_RECON_GT_5PCT,24.1,81.0,0.0,WX_CLEANED,3,2,0,0,0.0,0.0,0.09206862048611102,0.0855445777281745
a3ed2fe218a724b4fepeni,2026-02-11 04:00:00+08:00,0.0,0.017,0.073,0.055999999999999994,100.0,HOURLY_RECON_GT_5PCT,23.9,78.0,0.0,WX_CLEANED,4,2,0,0,0.0,0.0,0.09206862048611102,0.0855445777281745
a3ed2fe218a724b4fepeni,2026-02-11 05:00:00+08:00,0.0,0.1,0.191,0.091,100.0,HOURLY_RECON_GT_5PCT,23.6,79.0,0.0,WX_CLEANED,5,2,0,0,0.0,0.0,0.09206862048611102,0.0855445777281745
a3ed2fe218a724b4fepeni,2026-02-11 06:00:00+08:00,0.0,0.191,0.449,0.258,100.0,HOURLY_RECON_GT_5PCT,23.2,81.0,0.0,WX_CLEANED,6,2,0,0,0.0,0.0,0.09206862048611102,0.0855445777281745
a3ed2fe218a724b4fepeni,2026-02-11 07:00:00+08:00,0.0,0.486,0.73,0.244,100.0,HOURLY_RECON_GT_5PCT,23.3,82.0,0.0,WX_CLEANED,7,2,0,0,0.0,0.0,0.09206862048611102,0.0855445777281745
a3ed2fe218a724b4fepeni,2026-02-11 08:00:00+08:00,0.0,0.801,1.148,0.34699999999999986,100.0,HOURLY_RECON_GT_5PCT,25.0,74.0,0.0,WX_CLEANED,8,2,0,0,0.0,0.0,0.09206862048611102,0.0855445777281745
a3ed2fe218a724b4fepeni,2026-02-11 09:00:00+08:00,0.0,1.212,1.528,0.31600000000000006,100.0,HOURLY_RECON_GT_5PCT,26.5,68.0,0.0,WX_CLEANED,9,2,0,0,0.0,0.0,0.09206862048611102,0.0855445777281745
a3ed2fe218a724b4fepeni,2026-02-11 10:00:00+08:00,0.0,1.591,1.788,0.19700000000000006,100.0,HOURLY_RECON_GT_5PCT,27.4,64.0,0.0,WX_CLEANED,10,2,0,0,0.0,0.0,0.09206862048611102,0.0855445777281745
a3ed2fe218a724b4fepeni,2026-02-11 11:00:00+08:00,0.0,1.824,2.053,0.22899999999999987,100.0,HOURLY_RECON_GT_5PCT,29.0,59.0,0.0,WX_CLEANED,11,2,0,0,0.0,0.0,0.09206862048611102,0.0855445777281745
a3ed2fe218a724b4fepeni,2026-02-11 12:00:00+08:00,0.0146398999999994,2.095,2.228,0.133,88.9925563909779,HOURLY_RECON_GT_5PCT,29.1,60.0,0.0,WX_CLEANED,12,2,0,0,0.0146398999999994,0.0188595,0.09206862048611102,0.08551946106150783
a3ed2fe218a724b4fepeni,2026-02-11 13:00:00+08:00,0.1512504499999995,2.236,2.236,0.0,,,30.0,55.0,0.1,WX_CLEANED,13,2,0,0,0.1512504499999995,0.19484535,0.09206862048611102,0.08525996760912688
a3ed2fe218a724b4fepeni,2026-02-11 14:00:00+08:00,0.20677584999999998,2.236,2.236,0.0,,,27.0,74.0,0.0,WX_CLEANED,14,2,0,0,0.20677584999999998,0.2663747833333331,0.09206862048611102,0.08490521205357134
a3ed2fe218a724b4fepeni,2026-02-11 15:00:00+08:00,0.22915314999999997,2.236,2.236,0.0,,,28.6,67.0,0.0,WX_CLEANED,15,2,0,0,0.22915314999999997,0.2952018749999998,0.09206862048611102,0.08451206488095228
a3ed2fe218a724b4fepeni,2026-02-11 16:00:00+08:00,1.019494596938875,0.12,0.12,0.0,,,29.0,63.0,0.1,WX_CLEANED,16,2,0,0,0.29501547499999997,0.2936908666666666,0.12225525056689746,0.08883232518019162
a3ed2fe218a724b4fepeni,2026-02-11 17:00:00+08:00,1.1933872145466664,0.12,0.12,0.0,,,28.8,65.0,0.0,WX_CLEANED,17,2,0,0,0.3289798833333331,0.32078578333333313,0.15827222270078636,0.09402638131836623
a3ed2fe218a724b4fepeni,2026-02-11 18:00:00+08:00,1.2199083314050971,0.12,0.12,0.0,,,28.0,70.0,0.0,WX_CLEANED,18,2,0,0,0.336834333333333,0.328444533333333,0.19506697262044317,0.09933271344974577
a3ed2fe218a724b4fepeni,2026-02-11 19:00:00+08:00,1.207541266061046,0.12,0.12,0.0,,,27.5,73.0,0.0,WX_CLEANED,19,2,0,0,0.3330745749999996,0.3247784666666665,0.23150308474798678,0.10458725392233138
a3ed2fe218a724b4fepeni,2026-02-11 20:00:00+08:00,1.1386914374986388,0.12,0.12,0.0,,,27.1,73.0,0.0,WX_CLEANED,20,2,0,0,0.3139232749999996,0.306104183333333,0.2658684248520968,0.10954313043522007
a3ed2fe218a724b4fepeni,2026-02-11 21:00:00+08:00,0.0,0.12,0.12,0.0,,,26.8,74.0,0.0,WX_CLEANED,21,2,0,0,0.0,0.0,0.2658684248520968,0.10954313043522007
a3ed2fe218a724b4fepeni,2026-02-11 22:00:00+08:00,0.0,0.12,0.12,0.0,,,26.5,75.0,0.0,WX_CLEANED,22,2,0,0,0.0,0.0,0.2658684248520968,0.10954313043522007
a3ed2fe218a724b4fepeni,2026-02-11 23:00:00+08:00,0.0,0.12,0.12,0.0,,,26.2,75.0,0.0,WX_CLEANED,23,2,0,0,0.0,0.0,0.2658684248520968,0.10954313043522007
a3ed2fe218a724b4fepeni,2026-02-12 00:00:00+08:00,0.0,0.12,0.12,0.0,,,25.7,77.0,0.0,WX_CLEANED,0,3,0,0,0.0,0.0,0.2658684248520968,0.10954313043522007
a3ed2fe218a724b4fepeni,2026-02-12 01:00:00+08:00,0.0,0.12,0.12,0.0,,,25.5,79.0,0.1,WX_CLEANED,1,3,0,0,0.0,0.0,0.2658684248520968,0.10954313043522007
a3ed2fe218a724b4fepeni,2026-02-12 02:00:00+08:00,0.0,0.12,0.12,0.0,,,25.9,73.0,0.0,WX_CLEANED,2,3,0,0,0.0,0.0,0.2658684248520968,0.10954313043522007
a3ed2fe218a724b4fepeni,2026-02-12 03:00:00+08:00,0.0,0.12,0.12,0.0,,,25.8,73.0,0.0,WX_CLEANED,3,3,0,0,0.0,0.0,0.2658684248520968,0.10954313043522007
a3ed2fe218a724b4fepeni,2026-02-12 04:00:00+08:00,0.0,0.12,0.12,0.0,,,25.5,74.0,0.0,WX_CLEANED,4,3,0,0,0.0,0.0,0.2658684248520968,0.10954313043522007
a3ed2fe218a724b4fepeni,2026-02-12 05:00:00+08:00,0.0,0.12,0.12,0.0,,,25.2,74.0,0.0,WX_CLEANED,5,3,0,0,0.0,0.0,0.2658684248520968,0.10954313043522007
a3ed2fe218a724b4fepeni,2026-02-12 06:00:00+08:00,0.0,0.12,0.12,0.0,,,25.0,77.0,0.0,WX_CLEANED,6,3,0,0,0.0,0.0,0.2658684248520968,0.10954313043522007
a3ed2fe218a724b4fepeni,2026-02-12 07:00:00+08:00,0.0,0.12,0.12,0.0,,,25.0,78.0,0.0,WX_CLEANED,7,3,0,0,0.0,0.0,0.2658684248520968,0.10954313043522007
a3ed2fe218a724b4fepeni,2026-02-12 08:00:00+08:00,0.0,0.12,0.12,0.0,,,25.3,80.0,0.0,WX_CLEANED,8,3,0,0,0.0,0.0,0.2658684248520968,0.10954313043522007
a3ed2fe218a724b4fepeni,2026-02-12 09:00:00+08:00,0.0,0.12,0.12,0.0,,,26.1,75.0,0.0,WX_CLEANED,9,3,0,0,0.0,0.0,0.2658684248520968,0.10954313043522007
a3ed2fe218a724b4fepeni,2026-02-12 10:00:00+08:00,0.0,0.12,0.12,0.0,,,27.0,70.0,0.0,WX_CLEANED,10,3,0,0,0.0,0.0,0.2658684248520968,0.10954313043522007
a3ed2fe218a724b4fepeni,2026-02-12 11:00:00+08:00,0.0,0.12,0.12,0.0,,,28.0,64.0,0.0,WX_CLEANED,11,3,0,0,0.0,0.0,0.2658684248520968,0.10954313043522007
a3ed2fe218a724b4fepeni,2026-02-12 12:00:00+08:00,0.0530983557400831,0.12,0.12,0.0,,,29.5,56.0,0.0,WX_CLEANED,12,3,0,0,0.0146398999999994,0.014275250000000001,0.26747086050793356,0.10977422035033961
a3ed2fe218a724b4fepeni,2026-02-12 13:00:00+08:00,0.548505734489472,0.12,0.12,0.0,,,30.4,52.0,0.5,WX_CLEANED,13,3,0,0,0.1512504499999995,0.1474831666666663,0.2840231640283283,0.112161259444523
a3ed2fe218a724b4fepeni,2026-02-12 14:00:00+08:00,0.7500323133347219,0.12,0.12,0.0,,,30.5,51.0,0.5,WX_CLEANED,14,3,0,0,0.20677584999999998,0.2016255333333333,0.30665885000060833,0.11542558551595983
a3ed2fe218a724b4fepeni,2026-02-12 15:00:00+08:00,0.8310390100571664,0.12,0.12,0.0,,,30.9,50.0,0.3,WX_CLEANED,15,3,0,0,0.22915314999999997,0.2234455166666663,0.3317374275029903,0.11904221345280806
a3ed2fe218a724b4fepeni,2026-02-12 16:00:00+08:00,0.0,0.12,0.12,0.0,,,30.6,50.0,0.0,WX_CLEANED,16,3,0,0,1.019494596938875,0.0804338249999996,0.2892584859638705,0.11856344068495092
a3ed2fe218a724b4fepeni,2026-02-12 17:00:00+08:00,0.0,0.12,0.12,0.0,,,29.4,55.0,0.0,WX_CLEANED,17,3,0,0,1.1933872145466664,0.07357509166666651,0.23953401869109273,0.11812549371074457
a3ed2fe218a724b4fepeni,2026-02-12 18:00:00+08:00,0.0,0.12,0.12,0.0,,,28.0,59.0,0.0,WX_CLEANED,18,3,0,0,1.2199083314050971,0.0753316999999998,0.188704504882547,0.1176770907345541
a3ed2fe218a724b4fepeni,2026-02-12 19:00:00+08:00,0.0,0.12,0.12,0.0,,,27.0,63.0,0.0,WX_CLEANED,19,3,0,0,1.207541266061046,0.0744909249999998,0.13839028546333676,0.11723369237145885
a3ed2fe218a724b4fepeni,2026-02-12 20:00:00+08:00,0.0,0.12,0.12,0.0,,,26.5,64.0,0.0,WX_CLEANED,20,3,0,0,1.1386914374986388,0.0702078333333329,0.09094480890089347,0.11681578860161759
a3ed2fe218a724b4fepeni,2026-02-12 21:00:00+08:00,0.0,0.12,0.12,0.0,,,26.5,63.0,0.0,WX_CLEANED,21,3,0,0,0.0,0.0,0.09094480890089347,0.11681578860161759
a3ed2fe218a724b4fepeni,2026-02-12 22:00:00+08:00,0.0,0.12,0.12,0.0,,,26.4,65.0,0.0,WX_CLEANED,22,3,0,0,0.0,0.0,0.09094480890089347,0.11681578860161759
a3ed2fe218a724b4fepeni,2026-02-12 23:00:00+08:00,0.0,0.12,0.12,0.0,,,26.1,67.0,0.0,WX_CLEANED,23,3,0,0,0.0,0.0,0.09094480890089347,0.11681578860161759
a3ed2fe218a724b4fepeni,2026-02-13 00:00:00+08:00,0.0,0.12,0.12,0.0,,,25.8,70.0,0.0,WX_CLEANED,0,4,0,0,0.0,0.0,0.09094480890089347,0.11681578860161759
a3ed2fe218a724b4fepeni,2026-02-13 01:00:00+08:00,0.0,0.12,0.12,0.0,,,25.5,74.0,0.0,WX_CLEANED,1,4,0,0,0.0,0.0,0.09094480890089347,0.11681578860161759
a3ed2fe218a724b4fepeni,2026-02-13 02:00:00+08:00,0.0,0.12,0.12,0.0,,,25.3,75.0,0.0,WX_CLEANED,2,4,0,0,0.0,0.0,0.09094480890089347,0.11681578860161759
a3ed2fe218a724b4fepeni,2026-02-13 03:00:00+08:00,0.0,0.12,0.12,0.0,,,25.1,75.0,0.0,WX_CLEANED,3,4,0,0,0.0,0.0,0.09094480890089347,0.11681578860161759
a3ed2fe218a724b4fepeni,2026-02-13 04:00:00+08:00,0.0,0.12,0.12,0.0,,,25.0,76.0,0.0,WX_CLEANED,4,4,0,0,0.0,0.0,0.09094480890089347,0.11681578860161759
a3ed2fe218a724b4fepeni,2026-02-13 05:00:00+08:00,0.0,0.12,0.12,0.0,,,24.8,77.0,0.0,WX_CLEANED,5,4,0,0,0.0,0.0,0.09094480890089347,0.11681578860161759
a3ed2fe218a724b4fepeni,2026-02-13 06:00:00+08:00,0.0,0.12,0.12,0.0,,,24.5,78.0,0.0,WX_CLEANED,6,4,0,0,0.0,0.0,0.09094480890089347,0.11681578860161759
a3ed2fe218a724b4fepeni,2026-02-13 07:00:00+08:00,0.0,0.12,0.12,0.0,,,24.5,77.0,0.0,WX_CLEANED,7,4,0,0,0.0,0.0,0.09094480890089347,0.11681578860161759
a3ed2fe218a724b4fepeni,2026-02-13 08:00:00+08:00,0.0,0.12,0.12,0.0,,,26.3,66.0,0.0,WX_CLEANED,8,4,0,0,0.0,0.0,0.09094480890089347,0.11681578860161759
a3ed2fe218a724b4fepeni,2026-02-13 09:00:00+08:00,0.0,0.12,0.12,0.0,,,27.4,61.0,0.0,WX_CLEANED,9,4,0,0,0.0,0.0,0.09094480890089347,0.11681578860161759
a3ed2fe218a724b4fepeni,2026-02-13 10:00:00+08:00,0.0,0.12,0.12,0.0,,,29.1,55.0,0.0,WX_CLEANED,10,4,0,0,0.0,0.0,0.09094480890089347,0.11681578860161759
a3ed2fe218a724b4fepeni,2026-02-13 11:00:00+08:00,0.0,0.12,0.12,0.0,,,31.0,48.0,0.0,WX_CLEANED,11,4,0,0,0.0,0.0,0.09094480890089347,0.11681578860161759
a3ed2fe218a724b4fepeni,2026-02-13 12:00:00+08:00,0.0,0.12,0.12,0.0,,,31.9,47.0,0.0,WX_CLEANED,12,4,0,0,0.0530983557400831,0.00327885,0.08873237741172335,0.11679627163733187
a3ed2fe218a724b4fepeni,2026-02-13 13:00:00+08:00,0.0,0.12,0.12,0.0,,,32.2,47.0,0.0,WX_CLEANED,13,4,0,0,0.548505734489472,0.0338265666666663,0.06587797180799536,0.11659492302622076
a3ed2fe218a724b4fepeni,2026-02-13 14:00:00+08:00,0.0,0.12,0.12,0.0,,,31.6,46.0,0.0,WX_CLEANED,14,4,0,0,0.7500323133347219,0.046244624999999595,0.03462662541904861,0.11631965740122077
a3ed2fe218a724b4fepeni,2026-02-13 15:00:00+08:00,0.0,0.12,0.12,0.0,,,31.7,45.0,0.0,WX_CLEANED,15,4,0,0,0.8310390100571664,0.051249233333333304,0.0,0.11601460244090331
a3ed2fe218a724b4fepeni,2026-02-13 16:00:00+08:00,0.0,0.12,0.12,0.0,,,31.2,48.0,0.0,WX_CLEANED,16,4,0,0,0.0,0.2892557416666663,0.0,0.11429284207383983
a3ed2fe218a724b4fepeni,2026-02-13 17:00:00+08:00,0.0,0.12,0.12,0.0,,,29.6,56.0,0.0,WX_CLEANED,17,4,0,0,0.0,0.33992371666666654,0.0,0.11226948661749062
a3ed2fe218a724b4fepeni,2026-02-13 18:00:00+08:00,0.0,0.12,0.12,0.0,,,28.4,60.0,0.0,WX_CLEANED,18,4,0,0,0.0,0.3480394166666661,0.0,0.11019782342304618
a3ed2fe218a724b4fepeni,2026-02-13 19:00:00+08:00,0.0,0.12,0.12,0.0,,,27.6,64.0,0.0,WX_CLEANED,19,4,0,0,0.0,0.3441546916666663,0.0,0.10814928359169697
a3ed2fe218a724b4fepeni,2026-02-13 20:00:00+08:00,0.0,0.12,0.12,0.0,,,27.5,66.0,0.0,WX_CLEANED,20,4,0,0,0.0,0.32436632499999957,0.0,0.10621853165717317
a3ed2fe218a724b4fepeni,2026-02-13 21:00:00+08:00,0.0,0.12,0.12,0.0,,,27.2,69.0,0.0,WX_CLEANED,21,4,0,0,0.0,0.0,0.0,0.10621853165717317
a3ed2fe218a724b4fepeni,2026-02-13 22:00:00+08:00,0.0,0.12,0.12,0.0,,,26.8,72.0,0.0,WX_CLEANED,22,4,0,0,0.0,0.0,0.0,0.10621853165717317
a3ed2fe218a724b4fepeni,2026-02-13 23:00:00+08:00,0.0,0.12,0.12,0.0,,,26.4,73.0,0.0,WX_CLEANED,23,4,0,0,0.0,0.0,0.0,0.10621853165717317
a3ed2fe218a724b4fepeni,2026-02-14 00:00:00+08:00,0.0,0.12,0.12,0.0,,,26.4,73.0,0.0,WX_CLEANED,0,5,1,0,0.0,0.0,0.0,0.10621853165717317
a3ed2fe218a724b4fepeni,2026-02-14 01:00:00+08:00,0.0,0.12,0.12,0.0,,,26.0,76.0,0.2,WX_CLEANED,1,5,1,0,0.0,0.0,0.0,0.10621853165717317
a3ed2fe218a724b4fepeni,2026-02-14 02:00:00+08:00,0.0,0.12,0.12,0.0,,,25.6,80.0,0.1,WX_CLEANED,2,5,1,0,0.0,0.0,0.0,0.10621853165717317
a3ed2fe218a724b4fepeni,2026-02-14 03:00:00+08:00,0.0,0.12,0.12,0.0,,,25.6,80.0,0.2,WX_CLEANED,3,5,1,0,0.0,0.0,0.0,0.10621853165717317
a3ed2fe218a724b4fepeni,2026-02-14 04:00:00+08:00,0.0,0.12,0.12,0.0,,,25.4,82.0,0.1,WX_CLEANED,4,5,1,0,0.0,0.0,0.0,0.10621853165717317
a3ed2fe218a724b4fepeni,2026-02-14 05:00:00+08:00,0.0,0.12,0.12,0.0,,,25.2,83.0,0.1,WX_CLEANED,5,5,1,0,0.0,0.0,0.0,0.10621853165717317
a3ed2fe218a724b4fepeni,2026-02-14 06:00:00+08:00,0.0,0.12,0.12,0.0,,,25.0,83.0,0.0,WX_CLEANED,6,5,1,0,0.0,0.0,0.0,0.10621853165717317
a3ed2fe218a724b4fepeni,2026-02-14 07:00:00+08:00,0.0,0.12,0.12,0.0,,,25.1,81.0,0.0,WX_CLEANED,7,5,1,0,0.0,0.0,0.0,0.10621853165717317
a3ed2fe218a724b4fepeni,2026-02-14 08:00:00+08:00,0.0,0.12,0.12,0.0,,,24.2,93.0,0.0,WX_CLEANED,8,5,1,0,0.0,0.0,0.0,0.10621853165717317
a3ed2fe218a724b4fepeni,2026-02-14 09:00:00+08:00,0.0,0.12,0.12,0.0,,,24.7,93.0,0.4,WX_CLEANED,9,5,1,0,0.0,0.0,0.0,0.10621853165717317
a3ed2fe218a724b4fepeni,2026-02-14 10:00:00+08:00,0.0,0.12,0.12,0.0,,,24.9,95.0,12.1,WX_CLEANED,10,5,1,0,0.0,0.0,0.0,0.10621853165717317
a3ed2fe218a724b4fepeni,2026-02-14 11:00:00+08:00,0.0,0.12,0.12,0.0,,,24.9,95.0,4.0,WX_CLEANED,11,5,1,0,0.0,0.0,0.0,0.10621853165717317
a3ed2fe218a724b4fepeni,2026-02-14 12:00:00+08:00,0.0,0.12,0.12,0.0,,,25.4,92.0,0.1,WX_CLEANED,12,5,1,0,0.0,0.0151268333333331,0.0,0.10612849098256999
a3ed2fe218a724b4fepeni,2026-02-14 13:00:00+08:00,0.0,0.12,0.12,0.0,,,28.0,77.0,0.4,WX_CLEANED,13,5,1,0,0.0,0.156281933333333,0.0,0.10519824137939539
a3ed2fe218a724b4fepeni,2026-02-14 14:00:00+08:00,0.0,0.12,0.12,0.0,,,28.9,71.0,0.3,WX_CLEANED,14,5,1,0,0.0,0.21365442499999962,0.0,0.10392648884963347
a3ed2fe218a724b4fepeni,2026-02-14 15:00:00+08:00,0.0,0.12,0.12,0.0,,,28.8,69.0,0.9,WX_CLEANED,15,5,1,0,0.0,0.2367761583333328,0.0,0.10251710695479221
a3ed2fe218a724b4fepeni,2026-02-14 16:00:00+08:00,0.0,0.12,0.12,0.0,,,28.5,74.0,0.1,WX_CLEANED,16,5,1,0,0.0,0.3272526916666663,0.0,0.10056917426630015
a3ed2fe218a724b4fepeni,2026-02-14 17:00:00+08:00,0.0,0.12,0.12,0.0,,,26.7,79.0,0.2,WX_CLEANED,17,5,1,0,0.0,0.3666725916666665,0.0,0.09838659931590334
a3ed2fe218a724b4fepeni,2026-02-14 18:00:00+08:00,0.0,0.12,0.12,0.0,,,24.1,94.0,6.6,WX_CLEANED,18,5,1,0,0.0,0.3754268666666666,0.0,0.0961519155857446
a3ed2fe218a724b4fepeni,2026-02-14 19:00:00+08:00,0.0,0.12,0.12,0.0,,,24.1,93.0,0.1,WX_CLEANED,19,5,1,0,0.0,0.3712364416666663,0.0,0.09394217486153825
a3ed2fe218a724b4fepeni,2026-02-14 20:00:00+08:00,0.0,0.12,0.12,0.0,,,25.3,93.0,0.0,WX_CLEANED,20,5,1,0,0.0,0.3498909333333333,0.0,0.09185949073455411
a3ed2fe218a724b4fepeni,2026-02-14 21:00:00+08:00,0.0,0.12,0.12,0.0,,,25.6,91.0,0.4,WX_CLEANED,21,5,1,0,0.0,0.0,0.0,0.09185949073455411
a3ed2fe218a724b4fepeni,2026-02-14 22:00:00+08:00,0.0,0.12,0.12,0.0,,,23.9,96.0,1.8,WX_CLEANED,22,5,1,0,0.0,0.0,0.0,0.09185949073455411
a3ed2fe218a724b4fepeni,2026-02-14 23:00:00+08:00,0.0,0.12,0.12,0.0,,,23.7,94.0,1.1,WX_CLEANED,23,5,1,0,0.0,0.0,0.0,0.09185949073455411
a3ed2fe218a724b4fepeni,2026-02-15 00:00:00+08:00,0.0,0.12,0.12,0.0,,,24.0,92.0,0.0,WX_CLEANED,0,6,1,0,0.0,0.0,0.0,0.09185949073455411
a3ed2fe218a724b4fepeni,2026-02-15 01:00:00+08:00,0.0,0.12,0.12,0.0,,,23.8,92.0,0.0,WX_CLEANED,1,6,1,0,0.0,0.0,0.0,0.09185949073455411
a3ed2fe218a724b4fepeni,2026-02-15 02:00:00+08:00,0.0,0.12,0.12,0.0,,,24.4,94.0,0.0,WX_CLEANED,2,6,1,0,0.0,0.0,0.0,0.09185949073455411
a3ed2fe218a724b4fepeni,2026-02-15 03:00:00+08:00,0.0,0.12,0.12,0.0,,,24.2,94.0,0.0,WX_CLEANED,3,6,1,0,0.0,0.0,0.0,0.09185949073455411
a3ed2fe218a724b4fepeni,2026-02-15 04:00:00+08:00,0.0,0.12,0.12,0.0,,,24.1,95.0,0.0,WX_CLEANED,4,6,1,0,0.0,0.0,0.0,0.09185949073455411
a3ed2fe218a724b4fepeni,2026-02-15 05:00:00+08:00,0.0,0.12,0.12,0.0,,,24.0,95.0,0.0,WX_CLEANED,5,6,1,0,0.0,0.0,0.0,0.09185949073455411
a3ed2fe218a724b4fepeni,2026-02-15 06:00:00+08:00,0.0,0.12,0.12,0.0,,,24.1,94.0,0.0,WX_CLEANED,6,6,1,0,0.0,0.0,0.0,0.09185949073455411
a3ed2fe218a724b4fepeni,2026-02-15 07:00:00+08:00,0.0,0.12,0.12,0.0,,,24.2,94.0,0.0,WX_CLEANED,7,6,1,0,0.0,0.0,0.0,0.09185949073455411
a3ed2fe218a724b4fepeni,2026-02-15 08:00:00+08:00,0.0,0.12,0.12,0.0,,,24.5,96.0,0.0,WX_CLEANED,8,6,1,0,0.0,0.0,0.0,0.09185949073455411
a3ed2fe218a724b4fepeni,2026-02-15 09:00:00+08:00,0.0,0.12,0.12,0.0,,,25.5,91.0,0.0,WX_CLEANED,9,6,1,0,0.0,0.0,0.0,0.09185949073455411
a3ed2fe218a724b4fepeni,2026-02-15 10:00:00+08:00,0.0,0.12,0.12,0.0,,,26.7,86.0,0.0,WX_CLEANED,10,6,1,0,0.0,0.0,0.0,0.09185949073455411
a3ed2fe218a724b4fepeni,2026-02-15 11:00:00+08:00,0.0,0.12,0.12,0.0,,,28.1,80.0,0.0,WX_CLEANED,11,6,1,0,0.0,0.0,0.0,0.09185949073455411
a3ed2fe218a724b4fepeni,2026-02-15 12:00:00+08:00,0.0,0.12,0.12,0.0,,,29.4,75.0,0.0,WX_CLEANED,12,6,1,0,0.0,0.0163172166666663,0.0,0.09176236444487158
a3ed2fe218a724b4fepeni,2026-02-15 13:00:00+08:00,0.0,0.12,0.12,0.0,,,30.1,67.0,0.0,WX_CLEANED,13,6,1,0,0.0,0.1685798916666665,0.0,0.09075891270876046
a3ed2fe218a724b4fepeni,2026-02-15 14:00:00+08:00,0.0,0.12,0.12,0.0,,,29.0,75.0,0.0,WX_CLEANED,14,6,1,0,0.0,0.2304670999999998,0.0,0.08938708473257
a3ed2fe218a724b4fepeni,2026-02-15 15:00:00+08:00,0.0,0.12,0.12,0.0,,,28.8,77.0,0.0,WX_CLEANED,15,6,1,0,0.0,0.255408208333333,0.0,0.08786679777820491
a3ed2fe218a724b4fepeni,2026-02-15 16:00:00+08:00,0.21781648020999958,0.12,0.12,0.0,,,28.6,79.0,0.1,WX_CLEANED,16,6,1,0,0.0,0.3182842249999996,0.009075686675416658,0.08726877548778826
a3ed2fe218a724b4fepeni,2026-02-15 17:00:00+08:00,0.2598664860265273,0.12,0.12,0.0,,,28.8,76.0,0.0,WX_CLEANED,17,6,1,0,0.0,0.35410834999999957,0.01990345692652196,0.08670781201175567
a3ed2fe218a724b4fepeni,2026-02-15 18:00:00+08:00,0.2660382292988052,0.12,0.12,0.0,,,28.0,78.0,0.1,WX_CLEANED,18,6,1,0,0.0,0.3625626583333333,0.03098838314730551,0.08613326183893111
a3ed2fe218a724b4fepeni,2026-02-15 19:00:00+08:00,0.2631326717750134,0.12,0.12,0.0,,,26.7,85.0,0.0,WX_CLEANED,19,6,1,0,0.0,0.3585158166666663,0.04195224447126441,0.08556550502409983
a3ed2fe218a724b4fepeni,2026-02-15 20:00:00+08:00,0.2478974228942219,0.12,0.12,0.0,,,26.4,88.0,0.0,WX_CLEANED,20,6,1,0,0.0,0.3379016833333333,0.052281303758523655,0.08502976537862894
a3ed2fe218a724b4fepeni,2026-02-15 21:00:00+08:00,0.0,0.12,0.12,0.0,,,26.2,89.0,0.1,WX_CLEANED,21,6,1,0,0.0,0.0,0.052281303758523655,0.08502976537862894
a3ed2fe218a724b4fepeni,2026-02-15 22:00:00+08:00,0.0,0.12,0.12,0.0,,,25.9,91.0,0.0,WX_CLEANED,22,6,1,0,0.0,0.0,0.052281303758523655,0.08502976537862894
a3ed2fe218a724b4fepeni,2026-02-15 23:00:00+08:00,0.0,0.12,0.12,0.0,,,25.7,91.0,0.0,WX_CLEANED,23,6,1,0,0.0,0.0,0.052281303758523655,0.08502976537862894
a3ed2fe218a724b4fepeni,2026-02-16 00:00:00+08:00,0.0,0.12,0.12,0.0,,,25.4,91.0,0.0,WX_CLEANED,0,0,0,0,0.0,0.0,0.052281303758523655,0.08502976537862894
a3ed2fe218a724b4fepeni,2026-02-16 01:00:00+08:00,0.0,0.12,0.12,0.0,,,25.3,91.0,0.0,WX_CLEANED,1,0,0,0,0.0,0.0,0.052281303758523655,0.08502976537862894
a3ed2fe218a724b4fepeni,2026-02-16 02:00:00+08:00,0.0,0.12,0.12,0.0,,,25.4,87.0,0.0,WX_CLEANED,2,0,0,0,0.0,0.0,0.052281303758523655,0.08502976537862894
a3ed2fe218a724b4fepeni,2026-02-16 03:00:00+08:00,0.0,0.12,0.12,0.0,,,25.3,88.0,0.0,WX_CLEANED,3,0,0,0,0.0,0.0,0.052281303758523655,0.08502976537862894
a3ed2fe218a724b4fepeni,2026-02-16 04:00:00+08:00,0.0,0.12,0.12,0.0,,,25.2,87.0,0.0,WX_CLEANED,4,0,0,0,0.0,0.0,0.052281303758523655,0.08502976537862894
a3ed2fe218a724b4fepeni,2026-02-16 05:00:00+08:00,0.0,0.12,0.12,0.0,,,25.0,89.0,0.0,WX_CLEANED,5,0,0,0,0.0,0.0,0.052281303758523655,0.08502976537862894
a3ed2fe218a724b4fepeni,2026-02-16 06:00:00+08:00,0.0,0.12,0.12,0.0,,,24.8,91.0,0.0,WX_CLEANED,6,0,0,0,0.0,0.0,0.052281303758523655,0.08502976537862894
a3ed2fe218a724b4fepeni,2026-02-16 07:00:00+08:00,0.0,0.12,0.12,0.0,,,24.8,92.0,0.0,WX_CLEANED,7,0,0,0,0.0,0.0,0.052281303758523655,0.08502976537862894
a3ed2fe218a724b4fepeni,2026-02-16 08:00:00+08:00,0.0,0.12,0.12,0.0,,,25.5,88.0,0.0,WX_CLEANED,8,0,0,0,0.0,0.0,0.052281303758523655,0.08502976537862894
a3ed2fe218a724b4fepeni,2026-02-16 09:00:00+08:00,0.0,0.12,0.12,0.0,,,26.6,84.0,0.0,WX_CLEANED,9,0,0,0,0.0,0.0,0.052281303758523655,0.08502976537862894
a3ed2fe218a724b4fepeni,2026-02-16 10:00:00+08:00,0.0,0.12,0.12,0.0,,,27.8,77.0,0.1,WX_CLEANED,10,0,0,0,0.0,0.0,0.052281303758523655,0.08502976537862894
a3ed2fe218a724b4fepeni,2026-02-16 11:00:00+08:00,0.0,0.12,0.12,0.0,,,29.0,70.0,0.2,WX_CLEANED,11,0,0,0,0.0,0.0,0.052281303758523655,0.08502976537862894
a3ed2fe218a724b4fepeni,2026-02-16 12:00:00+08:00,0.011563483760208099,0.12,1.0,0.88,98.68596775452181,HOURLY_RECON_GT_5PCT,30.0,64.0,0.1,WX_CLEANED,12,0,0,0,0.0,0.015758050000000003,0.05276311558186566,0.08500479772243971
a3ed2fe218a724b4fepeni,2026-02-16 13:00:00+08:00,0.11947824337983311,1.0,1.0,0.0,,,30.5,61.0,0.0,WX_CLEANED,13,0,0,0,0.0,0.162803375,0.057741375722692036,0.08474691003422442
a3ed2fe218a724b4fepeni,2026-02-16 14:00:00+08:00,0.1632852406610275,1.0,1.0,0.0,,,30.9,57.0,0.0,WX_CLEANED,14,0,0,0,0.0,0.2225699833333331,0.06454492741690152,0.08439402466117499
a3ed2fe218a724b4fepeni,2026-02-16 15:00:00+08:00,0.1810351680549441,1.0,1.0,0.0,,,30.2,65.0,0.1,WX_CLEANED,15,0,0,0,0.0,0.24665654999999978,0.07208805941919084,0.08400342119721634
a3ed2fe218a724b4fepeni,2026-02-16 16:00:00+08:00,0.5362083971271108,0.01,1.0,0.99,45.837535643726184,HOURLY_RECON_GT_5PCT,29.4,73.0,0.2,WX_CLEANED,16,0,0,0,0.21781648020999958,0.29648476666666657,0.08535438929073715,0.08543034756900468
a3ed2fe218a724b4fepeni,2026-02-16 17:00:00+08:00,0.6213950816256385,1.0,1.0,0.0,,,28.5,82.0,0.0,WX_CLEANED,17,0,0,0,0.2598664860265273,0.3289798833333331,0.10041808077403346,0.08717091422550649
a3ed2fe218a724b4fepeni,2026-02-16 18:00:00+08:00,0.6364767355757497,1.0,1.0,0.0,,,27.6,88.0,0.0,WX_CLEANED,18,0,0,0,0.2660382292988052,0.336834333333333,0.1158530185355728,0.08895449995313992
a3ed2fe218a724b4fepeni,2026-02-16 19:00:00+08:00,0.6290824539919997,1.0,1.0,0.0,,,27.2,89.0,0.0,WX_CLEANED,19,0,0,0,0.2631326717750134,0.3330745749999996,0.13110092612794724,0.09071645161380659
a3ed2fe218a724b4fepeni,2026-02-16 20:00:00+08:00,0.5930513930437776,1.0,1.0,0.0,,,27.0,87.0,0.0,WX_CLEANED,20,0,0,0,0.2478974228942219,0.3139232749999996,0.14548234155084538,0.09237792850692432
a3ed2fe218a724b4fepeni,2026-02-16 21:00:00+08:00,0.0,1.0,0.68,0.0,,,26.9,83.0,0.0,WX_CLEANED,21,0,0,0,0.0,0.0,0.14548234155084538,0.09237792850692432
a3ed2fe218a724b4fepeni,2026-02-16 22:00:00+08:00,0.0,0.68,0.68,0.0,,,26.3,84.0,0.0,WX_CLEANED,22,0,0,0,0.0,0.0,0.14548234155084538,0.09237792850692432
a3ed2fe218a724b4fepeni,2026-02-16 23:00:00+08:00,0.0,0.68,0.68,0.0,,,26.0,86.0,0.0,WX_CLEANED,23,0,0,0,0.0,0.0,0.14548234155084538,0.09237792850692432
a3ed2fe218a724b4fepeni,2026-02-17 00:00:00+08:00,0.0,0.68,0.68,0.0,,,25.8,85.0,0.0,WX_CLEANED,0,1,0,0,0.0,0.0,0.14548234155084538,0.09237792850692432
a3ed2fe218a724b4fepeni,2026-02-17 01:00:00+08:00,0.0,0.68,0.68,0.0,,,25.5,86.0,0.0,WX_CLEANED,1,1,0,0,0.0,0.0,0.14548234155084538,0.09237792850692432
a3ed2fe218a724b4fepeni,2026-02-17 02:00:00+08:00,0.0,0.68,0.68,0.0,,,25.0,89.0,0.0,WX_CLEANED,2,1,0,0,0.0,0.0,0.14548234155084538,0.09237792850692432
a3ed2fe218a724b4fepeni,2026-02-17 03:00:00+08:00,0.0,0.68,0.68,0.0,,,24.9,91.0,0.0,WX_CLEANED,3,1,0,0,0.0,0.0,0.14548234155084538,0.09237792850692432
a3ed2fe218a724b4fepeni,2026-02-17 04:00:00+08:00,0.0,0.68,0.68,0.0,,,24.8,91.0,0.0,WX_CLEANED,4,1,0,0,0.0,0.0,0.14548234155084538,0.09237792850692432
a3ed2fe218a724b4fepeni,2026-02-17 05:00:00+08:00,0.0,0.68,0.01,0.0,,,24.8,90.0,0.0,WX_CLEANED,5,1,0,0,0.0,0.0,0.14548234155084538,0.09237792850692432
a3ed2fe218a724b4fepeni,2026-02-17 06:00:00+08:00,0.0,0.01,0.01,0.0,,,24.6,90.0,0.0,WX_CLEANED,6,1,0,0,0.0,0.0,0.14548234155084538,0.09237792850692432
a3ed2fe218a724b4fepeni,2026-02-17 07:00:00+08:00,0.0,0.01,0.01,0.0,,,24.7,90.0,0.0,WX_CLEANED,7,1,0,0,0.0,0.0,0.14548234155084538,0.09237792850692432
a3ed2fe218a724b4fepeni,2026-02-17 08:00:00+08:00,0.0,0.01,0.01,0.0,,,25.8,88.0,0.0,WX_CLEANED,8,1,0,0,0.0,0.0,0.14548234155084538,0.09237792850692432
a3ed2fe218a724b4fepeni,2026-02-17 09:00:00+08:00,0.0,0.01,0.01,0.0,,,27.1,80.0,0.0,WX_CLEANED,9,1,0,0,0.0,0.0,0.14548234155084538,0.09237792850692432
a3ed2fe218a724b4fepeni,2026-02-17 10:00:00+08:00,0.0,0.01,0.01,0.0,,,28.5,72.0,0.0,WX_CLEANED,10,1,0,0,0.0,0.0,0.14548234155084538,0.09237792850692432
a3ed2fe218a724b4fepeni,2026-02-17 11:00:00+08:00,0.0,0.01,0.01,0.0,,,29.6,67.0,0.0,WX_CLEANED,11,1,0,0,0.0,0.0,0.14548234155084538,0.09237792850692432
a3ed2fe218a724b4fepeni,2026-02-17 12:00:00+08:00,0.0276589348136109,0.01,1.0,0.99,97.20616820064537,HOURLY_RECON_GT_5PCT,30.4,64.0,0.0,WX_CLEANED,12,1,0,0,0.011563483760208099,0.0146398999999994,0.14615298534473717,0.09245542276176724
a3ed2fe218a724b4fepeni,2026-02-17 13:00:00+08:00,0.2857546987665276,1.0,1.0,0.0,,,30.4,64.0,0.2,WX_CLEANED,13,1,0,0,0.11947824337983311,0.1512504499999995,0.15308117098584942,0.09325604329013944
a3ed2fe218a724b4fepeni,2026-02-17 14:00:00+08:00,0.3905568230569999,1.0,1.0,0.0,,,30.8,57.0,0.2,WX_CLEANED,14,1,0,0,0.1632852406610275,0.20677584999999998,0.1625508202523483,0.09434997765357396
a3ed2fe218a724b4fepeni,2026-02-17 15:00:00+08:00,0.432937127932722,1.0,1.0,0.0,,,30.9,57.0,0.4,WX_CLEANED,15,1,0,0,0.1810351680549441,0.22915314999999997,0.1730467352472557,0.09556297752222112
a3ed2fe218a724b4fepeni,2026-02-17 16:00:00+08:00,0.4967567758510554,0.01,1.0,0.99,49.82254789383279,HOURLY_RECON_GT_5PCT,30.7,56.0,0.3,WX_CLEANED,16,1,0,0,0.5362083971271108,0.29501547499999997,0.1714029176940867,0.09676381859871551
a3ed2fe218a724b4fepeni,2026-02-17 17:00:00+08:00,0.5013521663055553,1.0,1.0,0.0,,,30.0,60.0,0.1,WX_CLEANED,17,1,0,0,0.6213950816256385,0.3289798833333331,0.16640112955574993,0.09778984409259776
a3ed2fe218a724b4fepeni,2026-02-17 18:00:00+08:00,0.5012584788055554,1.0,1.0,0.0,,,28.5,67.0,0.0,WX_CLEANED,18,1,0,0,0.6364767355757497,0.336834333333333,0.16076703552365848,0.09876855924421815
a3ed2fe218a724b4fepeni,2026-02-17 19:00:00+08:00,0.5000870119861109,1.0,1.0,0.0,,,27.2,75.0,0.0,WX_CLEANED,19,1,0,0,0.6290824539919997,0.3330745749999996,0.1553922254400798,0.09976268089294499
a3ed2fe218a724b4fepeni,2026-02-17 20:00:00+08:00,0.41677140016666653,1.0,1.0,0.0,,,26.5,79.0,0.0,WX_CLEANED,20,1,0,0,0.5930513930437776,0.3139232749999996,0.14804722573686682,0.10037487211417517
a3ed2fe218a724b4fepeni,2026-02-17 21:00:00+08:00,0.0,1.0,0.31,0.0,,,26.2,81.0,0.0,WX_CLEANED,21,1,0,0,0.0,0.0,0.14804722573686682,0.10037487211417517
a3ed2fe218a724b4fepeni,2026-02-17 22:00:00+08:00,0.0,0.31,0.31,0.0,,,26.0,83.0,0.0,WX_CLEANED,22,1,0,0,0.0,0.0,0.14804722573686682,0.10037487211417517
a3ed2fe218a724b4fepeni,2026-02-17 23:00:00+08:00,0.0,0.31,0.31,0.0,,,25.6,85.0,0.0,WX_CLEANED,23,1,0,0,0.0,0.0,0.14804722573686682,0.10037487211417517
a3ed2fe218a724b4fepeni,2026-02-18 00:00:00+08:00,0.0,0.31,0.31,0.0,,,25.4,86.0,0.0,WX_CLEANED,0,2,0,0,0.0,0.0,0.14804722573686682,0.10037487211417517
a3ed2fe218a724b4fepeni,2026-02-18 01:00:00+08:00,0.0,0.31,0.31,0.0,,,25.1,84.0,0.0,WX_CLEANED,1,2,0,0,0.0,0.0,0.14804722573686682,0.10037487211417517
a3ed2fe218a724b4fepeni,2026-02-18 02:00:00+08:00,0.0,0.31,0.31,0.0,,,24.8,85.0,0.0,WX_CLEANED,2,2,0,0,0.0,0.0,0.14804722573686682,0.10037487211417517
a3ed2fe218a724b4fepeni,2026-02-18 03:00:00+08:00,0.0,0.31,0.31,0.0,,,24.7,85.0,0.0,WX_CLEANED,3,2,0,0,0.0,0.0,0.14804722573686682,0.10037487211417517
a3ed2fe218a724b4fepeni,2026-02-18 04:00:00+08:00,0.0,0.31,0.31,0.0,,,24.5,85.0,0.0,WX_CLEANED,4,2,0,0,0.0,0.0,0.14804722573686682,0.10037487211417517
a3ed2fe218a724b4fepeni,2026-02-18 05:00:00+08:00,0.0,0.31,0.31,0.0,,,24.4,84.0,0.0,WX_CLEANED,5,2,0,0,0.0,0.0,0.14804722573686682,0.10037487211417517
a3ed2fe218a724b4fepeni,2026-02-18 06:00:00+08:00,0.0,0.31,0.31,0.0,,,24.2,82.0,0.0,WX_CLEANED,6,2,0,0,0.0,0.0,0.14804722573686682,0.10037487211417517
a3ed2fe218a724b4fepeni,2026-02-18 07:00:00+08:00,0.0,0.31,0.31,0.0,,,24.3,81.0,0.0,WX_CLEANED,7,2,0,0,0.0,0.0,0.14804722573686682,0.10037487211417517
a3ed2fe218a724b4fepeni,2026-02-18 08:00:00+08:00,0.0,0.31,0.31,0.0,,,25.6,76.0,0.0,WX_CLEANED,8,2,0,0,0.0,0.0,0.14804722573686682,0.10037487211417517
a3ed2fe218a724b4fepeni,2026-02-18 09:00:00+08:00,0.0,0.31,0.31,0.0,,,27.0,64.0,0.0,WX_CLEANED,9,2,0,0,0.0,0.0,0.14804722573686682,0.10037487211417517
a3ed2fe218a724b4fepeni,2026-02-18 10:00:00+08:00,0.0,0.31,0.31,0.0,,,28.5,57.0,0.0,WX_CLEANED,10,2,0,0,0.0,0.0,0.14804722573686682,0.10037487211417517
a3ed2fe218a724b4fepeni,2026-02-18 11:00:00+08:00,0.0,0.31,0.31,0.0,,,30.0,50.0,0.0,WX_CLEANED,11,2,0,0,0.0,0.0,0.14804722573686682,0.10037487211417517
a3ed2fe218a724b4fepeni,2026-02-18 12:00:00+08:00,0.0,0.01,0.01,0.0,,,31.0,46.0,0.0,WX_CLEANED,12,2,0,0,0.0276589348136109,0.0146398999999994,0.14689477011963306,0.10028772985227039
a3ed2fe218a724b4fepeni,2026-02-18 13:00:00+08:00,0.0,0.01,0.01,0.0,,,32.1,40.0,0.0,WX_CLEANED,13,2,0,0,0.2857546987665276,0.1512504499999995,0.1349883243376944,0.09938742955465135
a3ed2fe218a724b4fepeni,2026-02-18 14:00:00+08:00,0.16846557704166648,0.01,1.0,0.99,82.98327504629631,HOURLY_RECON_GT_5PCT,30.6,47.0,0.0,WX_CLEANED,14,2,0,0,0.3905568230569999,0.20677584999999998,0.12573452242038885,0.09915939221561365
a3ed2fe218a724b4fepeni,2026-02-18 15:00:00+08:00,0.4507769826111109,1.0,1.0,0.0,,,30.6,48.0,0.0,WX_CLEANED,15,2,0,0,0.432937127932722,0.22915314999999997,0.12647784969865503,0.10047858169544169
a3ed2fe218a724b4fepeni,2026-02-18 16:00:00+08:00,0.5146405329166664,0.01,1.0,0.99,48.016107786195306,HOURLY_RECON_GT_5PCT,30.0,48.0,0.0,WX_CLEANED,16,2,0,0,0.4967567758510554,1.019494596938875,0.1272230062430555,0.09747349798102378
a3ed2fe218a724b4fepeni,2026-02-18 17:00:00+08:00,0.508180736722222,1.0,1.0,0.0,,,28.9,50.0,0.0,WX_CLEANED,17,2,0,0,0.5013521663055553,1.1933872145466664,0.12750753001041662,0.09339488799397351
a3ed2fe218a724b4fepeni,2026-02-18 18:00:00+08:00,0.4992217331111108,1.0,1.0,0.0,,,27.7,55.0,0.0,WX_CLEANED,18,2,0,0,0.5012584788055554,1.2199083314050971,0.12742266560648144,0.08910508681365219
a3ed2fe218a724b4fepeni,2026-02-18 19:00:00+08:00,0.4930402041944444,1.0,1.0,0.0,,,27.0,58.0,0.0,WX_CLEANED,19,2,0,0,0.5000870119861109,1.207541266061046,0.12712904861516197,0.08485210430254145
a3ed2fe218a724b4fepeni,2026-02-18 20:00:00+08:00,0.3263877853055555,1.0,1.0,0.0,,,26.7,60.0,0.0,WX_CLEANED,20,2,0,0,0.41677140016666653,1.1386914374986388,0.12336306466261569,0.08001696351567786
a3ed2fe218a724b4fepeni,2026-02-18 21:00:00+08:00,0.0,0.39,0.39,0.0,,,26.5,62.0,0.0,WX_CLEANED,21,2,0,0,0.0,0.0,0.12336306466261569,0.08001696351567786
a3ed2fe218a724b4fepeni,2026-02-18 22:00:00+08:00,0.0,0.39,0.39,0.0,,,26.2,65.0,0.0,WX_CLEANED,22,2,0,0,0.0,0.0,0.12336306466261569,0.08001696351567786
a3ed2fe218a724b4fepeni,2026-02-18 23:00:00+08:00,0.0,0.39,0.39,0.0,,,25.9,68.0,0.0,WX_CLEANED,23,2,0,0,0.0,0.0,0.12336306466261569,0.08001696351567786
a3ed2fe218a724b4fepeni,2026-02-19 00:00:00+08:00,0.0,0.39,0.39,0.0,,,25.5,70.0,0.0,WX_CLEANED,0,3,0,0,0.0,0.0,0.12336306466261569,0.08001696351567786
a3ed2fe218a724b4fepeni,2026-02-19 01:00:00+08:00,0.0,0.39,0.39,0.0,,,25.1,72.0,0.0,WX_CLEANED,1,3,0,0,0.0,0.0,0.12336306466261569,0.08001696351567786
a3ed2fe218a724b4fepeni,2026-02-19 02:00:00+08:00,0.0,0.39,0.39,0.0,,,24.8,72.0,0.0,WX_CLEANED,2,3,0,0,0.0,0.0,0.12336306466261569,0.08001696351567786
a3ed2fe218a724b4fepeni,2026-02-19 03:00:00+08:00,0.0,0.39,0.39,0.0,,,24.7,72.0,0.0,WX_CLEANED,3,3,0,0,0.0,0.0,0.12336306466261569,0.08001696351567786
a3ed2fe218a724b4fepeni,2026-02-19 04:00:00+08:00,0.0,0.39,0.01,0.0,,,24.3,73.0,0.0,WX_CLEANED,4,3,0,0,0.0,0.0,0.12336306466261569,0.08001696351567786
a3ed2fe218a724b4fepeni,2026-02-19 05:00:00+08:00,0.0,0.01,0.01,0.0,,,24.0,75.0,0.0,WX_CLEANED,5,3,0,0,0.0,0.0,0.12336306466261569,0.08001696351567786
a3ed2fe218a724b4fepeni,2026-02-19 06:00:00+08:00,0.0,0.01,0.01,0.0,,,24.0,75.0,0.0,WX_CLEANED,6,3,0,0,0.0,0.0,0.12336306466261569,0.08001696351567786
a3ed2fe218a724b4fepeni,2026-02-19 07:00:00+08:00,0.0,0.01,0.01,0.0,,,24.1,75.0,0.0,WX_CLEANED,7,3,0,0,0.0,0.0,0.12336306466261569,0.08001696351567786
a3ed2fe218a724b4fepeni,2026-02-19 08:00:00+08:00,0.0,0.01,0.01,0.0,,,25.7,67.0,0.0,WX_CLEANED,8,3,0,0,0.0,0.0,0.12336306466261569,0.08001696351567786
a3ed2fe218a724b4fepeni,2026-02-19 09:00:00+08:00,0.0252066688333332,0.01,0.21,0.19999999999999998,87.3966655833334,HOURLY_RECON_GT_5PCT,27.4,58.0,0.0,WX_CLEANED,9,3,0,0,0.0,0.0,0.12441334253067123,0.08016700321111436
a3ed2fe218a724b4fepeni,2026-02-19 10:00:00+08:00,0.0423464620694442,0.21,0.21,0.0,,,29.3,48.0,0.0,WX_CLEANED,10,3,0,0,0.0,0.0,0.1261777784502314,0.08041906548533724
a3ed2fe218a724b4fepeni,2026-02-19 11:00:00+08:00,0.014096212611110999,0.21,0.21,0.0,,,31.0,43.0,0.0,WX_CLEANED,11,3,0,0,0.0,0.0,0.12676512064236103,0.08050297151278434
a3ed2fe218a724b4fepeni,2026-02-19 12:00:00+08:00,0.0,0.21,0.21,0.0,,,31.1,41.0,0.0,WX_CLEANED,12,3,0,0,0.0,0.0530983557400831,0.12676512064236103,0.08018690987147432
a3ed2fe218a724b4fepeni,2026-02-19 13:00:00+08:00,0.3653141892361109,0.01,1.0,0.99,63.09957684483728,HOURLY_RECON_GT_5PCT,32.4,37.0,0.0,WX_CLEANED,13,3,0,0,0.0,0.548505734489472,0.14198654519386567,0.07909648400687097
a3ed2fe218a724b4fepeni,2026-02-19 14:00:00+08:00,0.4356712067499998,1.0,1.0,0.0,,,32.8,35.0,0.0,WX_CLEANED,14,3,0,0,0.16846557704166648,0.7500323133347219,0.15312011309837956,0.07722528694386668
a3ed2fe218a724b4fepeni,2026-02-19 15:00:00+08:00,0.5119368236388885,1.0,1.0,0.0,,,31.8,38.0,0.0,WX_CLEANED,15,3,0,0,0.4507769826111109,0.8310390100571664,0.1556684398078703,0.07532586916756741
a3ed2fe218a724b4fepeni,2026-02-19 16:00:00+08:00,0.5088445780277775,0.01,1.0,0.99,48.60155777497197,HOURLY_RECON_GT_5PCT,30.4,46.0,0.0,WX_CLEANED,16,3,0,0,0.5146405329166664,0.0,0.1554269416874999,0.07835470594154227
a3ed2fe218a724b4fepeni,2026-02-19 17:00:00+08:00,0.5027487070833332,1.0,1.0,0.0,,,28.6,54.0,0.0,WX_CLEANED,17,3,0,0,0.508180736722222,0.0,0.15520060711921288,0.08134725776941927
a3ed2fe218a724b4fepeni,2026-02-19 18:00:00+08:00,0.4986801538888886,1.0,1.0,0.0,,,27.4,57.0,0.0,WX_CLEANED,18,3,0,0,0.4992217331111108,0.0,0.15517804131828697,0.08431559201875788
a3ed2fe218a724b4fepeni,2026-02-19 19:00:00+08:00,0.49626596268055523,1.0,1.0,0.0,,,26.6,62.0,0.0,WX_CLEANED,19,3,0,0,0.4930402041944444,0.0,0.1553124479218749,0.08726955608233261
a3ed2fe218a724b4fepeni,2026-02-19 20:00:00+08:00,0.49231065274999986,1.0,1.0,0.0,,,27.0,62.0,0.0,WX_CLEANED,20,3,0,0,0.3263877853055555,0.0,0.16222590073206009,0.09019997663441595
a3ed2fe218a724b4fepeni,2026-02-19 21:00:00+08:00,0.0,1.0,0.01,0.0,,,26.7,63.0,0.0,WX_CLEANED,21,3,0,0,0.0,0.0,0.16222590073206009,0.09019997663441595
a3ed2fe218a724b4fepeni,2026-02-19 22:00:00+08:00,0.0,0.01,0.01,0.0,,,26.6,64.0,0.0,WX_CLEANED,22,3,0,0,0.0,0.0,0.16222590073206009,0.09019997663441595
a3ed2fe218a724b4fepeni,2026-02-19 23:00:00+08:00,0.0,0.01,0.01,0.0,,,26.3,65.0,0.0,WX_CLEANED,23,3,0,0,0.0,0.0,0.16222590073206009,0.09019997663441595
a3ed2fe218a724b4fepeni,2026-02-20 00:00:00+08:00,0.0,0.01,0.01,0.0,,,25.7,68.0,0.0,WX_CLEANED,0,4,0,0,0.0,0.0,0.16222590073206009,0.09019997663441595
a3ed2fe218a724b4fepeni,2026-02-20 01:00:00+08:00,0.0,0.01,0.01,0.0,,,25.2,71.0,0.0,WX_CLEANED,1,4,0,0,0.0,0.0,0.16222590073206009,0.09019997663441595
a3ed2fe218a724b4fepeni,2026-02-20 02:00:00+08:00,0.0,0.01,0.01,0.0,,,25.2,71.0,0.0,WX_CLEANED,2,4,0,0,0.0,0.0,0.16222590073206009,0.09019997663441595
a3ed2fe218a724b4fepeni,2026-02-20 03:00:00+08:00,0.0,0.01,0.01,0.0,,,25.1,72.0,0.0,WX_CLEANED,3,4,0,0,0.0,0.0,0.16222590073206009,0.09019997663441595
a3ed2fe218a724b4fepeni,2026-02-20 04:00:00+08:00,0.0,0.01,0.01,0.0,,,24.8,73.0,0.0,WX_CLEANED,4,4,0,0,0.0,0.0,0.16222590073206009,0.09019997663441595
a3ed2fe218a724b4fepeni,2026-02-20 05:00:00+08:00,0.0,0.01,0.01,0.0,,,24.6,73.0,0.0,WX_CLEANED,5,4,0,0,0.0,0.0,0.16222590073206009,0.09019997663441595
a3ed2fe218a724b4fepeni,2026-02-20 06:00:00+08:00,0.0,0.01,0.01,0.0,,,24.5,73.0,0.0,WX_CLEANED,6,4,0,0,0.0,0.0,0.16222590073206009,0.09019997663441595
a3ed2fe218a724b4fepeni,2026-02-20 07:00:00+08:00,0.0,0.01,0.01,0.0,,,24.7,72.0,0.0,WX_CLEANED,7,4,0,0,0.0,0.0,0.16222590073206009,0.09019997663441595
a3ed2fe218a724b4fepeni,2026-02-20 08:00:00+08:00,0.0,0.01,0.01,0.0,,,25.5,72.0,0.0,WX_CLEANED,8,4,0,0,0.0,0.0,0.16222590073206009,0.09019997663441595
a3ed2fe218a724b4fepeni,2026-02-20 09:00:00+08:00,0.0,0.01,0.01,0.0,,,26.5,65.0,0.0,WX_CLEANED,9,4,0,0,0.0252066688333332,0.0,0.16117562286400453,0.09019997663441595
a3ed2fe218a724b4fepeni,2026-02-20 10:00:00+08:00,0.0,0.01,0.01,0.0,,,27.9,58.0,0.0,WX_CLEANED,10,4,0,0,0.0423464620694442,0.0,0.15941118694444437,0.09019997663441595
a3ed2fe218a724b4fepeni,2026-02-20 11:00:00+08:00,0.0,0.01,0.01,0.0,,,29.2,51.0,0.0,WX_CLEANED,11,4,0,0,0.014096212611110999,0.0,0.15882384475231473,0.09019997663441595
a3ed2fe218a724b4fepeni,2026-02-20 12:00:00+08:00,0.170638706875,0.01,1.0,0.99,82.76376698232323,HOURLY_RECON_GT_5PCT,30.3,47.0,0.0,WX_CLEANED,12,4,0,0,0.0,0.0,0.1659337908721064,0.09121568322295762
a3ed2fe218a724b4fepeni,2026-02-20 13:00:00+08:00,0.4928749581249999,1.0,1.0,0.0,,,30.5,45.0,0.2,WX_CLEANED,13,4,0,0,0.3653141892361109,0.0,0.17124882290914345,0.09414946273560643
a3ed2fe218a724b4fepeni,2026-02-20 14:00:00+08:00,0.5169650982916665,1.0,1.0,0.0,,,30.1,48.0,0.5,WX_CLEANED,14,4,0,0,0.4356712067499998,0.0,0.17463606839004622,0.09722663593972347
a3ed2fe218a724b4fepeni,2026-02-20 15:00:00+08:00,0.4982650781249996,1.0,1.0,0.0,,,30.4,47.0,0.1,WX_CLEANED,15,4,0,0,0.5119368236388885,0.0,0.1740664123269675,0.10019249949999134
a3ed2fe218a724b4fepeni,2026-02-20 16:00:00+08:00,0.4906655395277776,0.01,1.0,0.99,50.43782429012348,HOURLY_RECON_GT_5PCT,30.5,47.0,0.0,WX_CLEANED,16,4,0,0,0.5088445780277775,0.0,0.17330895238946753,0.10311312771146622
a3ed2fe218a724b4fepeni,2026-02-20 17:00:00+08:00,0.490816773597222,1.0,1.0,0.0,,,30.1,49.0,0.0,WX_CLEANED,17,4,0,0,0.5027487070833332,0.0,0.1728117884942129,0.10603465612573539
a3ed2fe218a724b4fepeni,2026-02-20 18:00:00+08:00,0.4918544238333329,1.0,1.0,0.0,,,29.1,54.0,0.0,WX_CLEANED,18,4,0,0,0.4986801538888886,0.0,0.1725273830752314,0.10896236102950521
a3ed2fe218a724b4fepeni,2026-02-20 19:00:00+08:00,0.4860361161111108,1.0,1.0,0.0,,,28.0,58.0,0.0,WX_CLEANED,19,4,0,0,0.49626596268055523,0.0,0.1721011394681712,0.11185543314921421
a3ed2fe218a724b4fepeni,2026-02-20 20:00:00+08:00,0.3215344169166665,1.0,1.0,0.0,,,27.1,64.0,0.0,WX_CLEANED,20,4,0,0,0.49231065274999986,0.0,0.16498546297511565,0.11376932848800389
a3ed2fe218a724b4fepeni,2026-02-20 21:00:00+08:00,0.0,0.85,0.85,0.0,,,26.8,66.0,0.0,WX_CLEANED,21,4,0,0,0.0,0.0,0.16498546297511565,0.11376932848800389
a3ed2fe218a724b4fepeni,2026-02-20 22:00:00+08:00,0.0,0.85,0.85,0.0,,,26.3,68.0,0.0,WX_CLEANED,22,4,0,0,0.0,0.0,0.16498546297511565,0.11376932848800389
a3ed2fe218a724b4fepeni,2026-02-20 23:00:00+08:00,0.0,0.85,0.85,0.0,,,26.0,70.0,0.0,WX_CLEANED,23,4,0,0,0.0,0.0,0.16498546297511565,0.11376932848800389
a3ed2fe218a724b4fepeni,2026-02-21 00:00:00+08:00,0.0,0.85,0.85,0.0,,,25.6,71.0,0.0,WX_CLEANED,0,5,1,0,0.0,0.0,0.16498546297511565,0.11376932848800389
a3ed2fe218a724b4fepeni,2026-02-21 01:00:00+08:00,0.0,0.85,0.85,0.0,,,25.2,73.0,0.0,WX_CLEANED,1,5,1,0,0.0,0.0,0.16498546297511565,0.11376932848800389
a3ed2fe218a724b4fepeni,2026-02-21 02:00:00+08:00,0.0,0.85,0.85,0.0,,,25.0,73.0,0.0,WX_CLEANED,2,5,1,0,0.0,0.0,0.16498546297511565,0.11376932848800389
a3ed2fe218a724b4fepeni,2026-02-21 03:00:00+08:00,0.0,0.85,0.85,0.0,,,25.0,74.0,0.0,WX_CLEANED,3,5,1,0,0.0,0.0,0.16498546297511565,0.11376932848800389
a3ed2fe218a724b4fepeni,2026-02-21 04:00:00+08:00,0.0,0.85,0.85,0.0,,,24.7,76.0,0.0,WX_CLEANED,4,5,1,0,0.0,0.0,0.16498546297511565,0.11376932848800389
a3ed2fe218a724b4fepeni,2026-02-21 05:00:00+08:00,0.0112559124999998,0.85,0.01,0.0,,,24.5,76.0,0.0,WX_CLEANED,5,5,1,0,0.0,0.0,0.16545445932928232,0.11383632796717057
a3ed2fe218a724b4fepeni,2026-02-21 06:00:00+08:00,0.046502060833333095,0.01,0.26,0.25,81.39917566666676,HOURLY_RECON_GT_5PCT,24.4,76.0,0.0,WX_CLEANED,6,5,1,0,0.0,0.0,0.16739204519733786,0.11411312594832136
a3ed2fe218a724b4fepeni,2026-02-21 07:00:00+08:00,0.050644363611110896,0.26,0.25,0.0,,,24.5,76.0,0.0,WX_CLEANED,7,5,1,0,0.0,0.0,0.1695022270144675,0.11441458049362559
a3ed2fe218a724b4fepeni,2026-02-21 08:00:00+08:00,0.0505233350694442,0.25,0.25,0.0,,,25.4,72.0,0.0,WX_CLEANED,8,5,1,0,0.0,0.0,0.17160736597569434,0.11471531463094371
a3ed2fe218a724b4fepeni,2026-02-21 09:00:00+08:00,0.050424202083333,0.25,0.24,0.0,,,27.2,63.0,0.0,WX_CLEANED,9,5,1,0,0.0,0.0,0.1737083743958332,0.11501545869096355
a3ed2fe218a724b4fepeni,2026-02-21 10:00:00+08:00,0.1905661568333331,0.24,1.0,0.76,74.9255056798246,HOURLY_RECON_GT_5PCT,28.6,57.0,0.0,WX_CLEANED,10,5,1,0,0.0,0.0,0.18164863093055542,0.11614978105306673
a3ed2fe218a724b4fepeni,2026-02-21 11:00:00+08:00,0.13284570811111102,1.0,0.64,0.0,,,30.2,50.0,0.0,WX_CLEANED,11,5,1,0,0.0,0.0,0.18718386876851836,0.11694052931563285
a3ed2fe218a724b4fepeni,2026-02-21 12:00:00+08:00,0.1783339872222221,0.64,1.0,0.36,50.46278132716052,HOURLY_RECON_GT_5PCT,30.8,48.0,0.0,WX_CLEANED,12,5,1,0,0.170638706875,0.0,0.18750450544965266,0.11800204114433657
a3ed2fe218a724b4fepeni,2026-02-21 13:00:00+08:00,0.4641943819444442,1.0,1.0,0.0,,,30.6,48.0,0.0,WX_CLEANED,13,5,1,0,0.4928749581249999,0.0,0.18630948144212947,0.12076510294162493
a3ed2fe218a724b4fepeni,2026-02-21 14:00:00+08:00,0.5134568772916663,1.0,1.0,0.0,,,30.5,46.0,0.0,WX_CLEANED,14,5,1,0,0.5169650982916665,0.0,0.18616330556712946,0.12382139387788485
a3ed2fe218a724b4fepeni,2026-02-21 15:00:00+08:00,0.5100545035555555,1.0,1.0,0.0,,,31.0,45.0,0.0,WX_CLEANED,15,5,1,0,0.4982650781249996,0.0,0.18665453162673595,0.12685743258952506
a3ed2fe218a724b4fepeni,2026-02-21 16:00:00+08:00,0.5142028718888887,0.01,1.0,0.99,48.060315970819325,HOURLY_RECON_GT_5PCT,30.6,46.0,0.0,WX_CLEANED,16,5,1,0,0.4906655395277776,0.0,0.18763525380844892,0.12991816396981606
a3ed2fe218a724b4fepeni,2026-02-21 17:00:00+08:00,0.5082335919166665,1.0,1.0,0.0,,,29.8,49.0,0.0,WX_CLEANED,17,5,1,0,0.490816773597222,0.0,0.18836095457175914,0.13294336392170097
a3ed2fe218a724b4fepeni,2026-02-21 18:00:00+08:00,0.4977925994444442,1.0,1.0,0.0,,,28.2,57.0,0.0,WX_CLEANED,18,5,1,0,0.4918544238333329,0.0,0.18860837855555546,0.1359064151088703
a3ed2fe218a724b4fepeni,2026-02-21 19:00:00+08:00,0.4948416508194443,1.0,1.0,0.0,,,26.8,64.0,0.0,WX_CLEANED,19,5,1,0,0.4860361161111108,0.0,0.18897527583506932,0.13885190112565268
a3ed2fe218a724b4fepeni,2026-02-21 20:00:00+08:00,0.4848484814444442,1.0,1.0,0.0,,,26.6,65.0,0.0,WX_CLEANED,20,5,1,0,0.3215344169166665,0.0,0.19578002852372675,0.14173790399139344
a3ed2fe218a724b4fepeni,2026-02-21 21:00:00+08:00,0.3998763313888886,1.0,1.0,0.0,,,26.2,67.0,0.0,WX_CLEANED,21,5,1,0,0.0,0.0,0.2124415423315971,0.14411812024966061
a3ed2fe218a724b4fepeni,2026-02-21 22:00:00+08:00,0.0,1.0,0.56,0.0,,,26.0,68.0,0.0,WX_CLEANED,22,5,1,0,0.0,0.0,0.2124415423315971,0.14411812024966061
a3ed2fe218a724b4fepeni,2026-02-21 23:00:00+08:00,0.0,0.56,0.56,0.0,,,25.8,68.0,0.0,WX_CLEANED,23,5,1,0,0.0,0.0,0.2124415423315971,0.14411812024966061
a3ed2fe218a724b4fepeni,2026-02-22 00:00:00+08:00,0.0,0.56,0.56,0.0,,,25.6,67.0,0.0,WX_CLEANED,0,6,1,0,0.0,0.0,0.2124415423315971,0.14411812024966061
a3ed2fe218a724b4fepeni,2026-02-22 01:00:00+08:00,0.0,0.56,0.56,0.0,,,25.4,68.0,0.0,WX_CLEANED,1,6,1,0,0.0,0.0,0.2124415423315971,0.14411812024966061
a3ed2fe218a724b4fepeni,2026-02-22 02:00:00+08:00,0.0,0.56,0.56,0.0,,,25.1,70.0,0.0,WX_CLEANED,2,6,1,0,0.0,0.0,0.2124415423315971,0.14411812024966061
a3ed2fe218a724b4fepeni,2026-02-22 03:00:00+08:00,0.0,0.56,0.56,0.0,,,24.9,72.0,0.0,WX_CLEANED,3,6,1,0,0.0,0.0,0.2124415423315971,0.14411812024966061
a3ed2fe218a724b4fepeni,2026-02-22 04:00:00+08:00,0.0,0.56,0.56,0.0,,,24.6,74.0,0.0,WX_CLEANED,4,6,1,0,0.0,0.0,0.2124415423315971,0.14411812024966061
a3ed2fe218a724b4fepeni,2026-02-22 05:00:00+08:00,0.0,0.56,0.56,0.0,,,24.4,75.0,0.0,WX_CLEANED,5,6,1,0,0.0112559124999998,0.0,0.21197254597743043,0.14411812024966061
a3ed2fe218a724b4fepeni,2026-02-22 06:00:00+08:00,0.0,0.56,0.56,0.0,,,24.1,77.0,0.0,WX_CLEANED,6,6,1,0,0.046502060833333095,0.0,0.21003496010937492,0.14411812024966061
a3ed2fe218a724b4fepeni,2026-02-22 07:00:00+08:00,0.0,0.56,0.56,0.0,,,24.1,75.0,0.0,WX_CLEANED,7,6,1,0,0.050644363611110896,0.0,0.2079247782922453,0.14411812024966061
a3ed2fe218a724b4fepeni,2026-02-22 08:00:00+08:00,0.0,0.56,0.56,0.0,,,25.0,71.0,0.0,WX_CLEANED,8,6,1,0,0.0505233350694442,0.0,0.20581963933101843,0.14411812024966061
a3ed2fe218a724b4fepeni,2026-02-22 09:00:00+08:00,0.0,0.56,0.56,0.0,,,26.6,62.0,0.0,WX_CLEANED,9,6,1,0,0.050424202083333,0.0,0.20371863091087958,0.14411812024966061
a3ed2fe218a724b4fepeni,2026-02-22 10:00:00+08:00,0.0,0.56,0.56,0.0,,,28.3,56.0,0.0,WX_CLEANED,10,6,1,0,0.1905661568333331,0.0,0.19577837437615733,0.14411812024966061
a3ed2fe218a724b4fepeni,2026-02-22 11:00:00+08:00,0.0,0.56,0.56,0.0,,,30.2,50.0,0.0,WX_CLEANED,11,6,1,0,0.13284570811111102,0.0,0.19024313653819439,0.14411812024966061
a3ed2fe218a724b4fepeni,2026-02-22 12:00:00+08:00,0.0,0.56,0.56,0.0,,,31.0,47.0,0.0,WX_CLEANED,12,6,1,0,0.1783339872222221,0.0,0.18281255373726846,0.14411812024966061
a3ed2fe218a724b4fepeni,2026-02-22 13:00:00+08:00,0.1021338632499999,0.56,1.0,0.43999999999999995,76.78775835227275,HOURLY_RECON_GT_5PCT,30.7,52.0,0.0,WX_CLEANED,13,6,1,0,0.4641943819444442,0.0,0.1677266987916666,0.144726059911863
a3ed2fe218a724b4fepeni,2026-02-22 14:00:00+08:00,0.3607145310694442,1.0,1.0,0.0,,,31.1,48.0,0.0,WX_CLEANED,14,6,1,0,0.5134568772916663,0.0,0.1613624343657407,0.14687317021584778
a3ed2fe218a724b4fepeni,2026-02-22 15:00:00+08:00,0.4631322201944442,1.0,1.0,0.0,,,31.2,50.0,0.0,WX_CLEANED,15,6,1,0,0.5100545035555555,0.0,0.15940733922569436,0.14962990962176712
a3ed2fe218a724b4fepeni,2026-02-22 16:00:00+08:00,0.5167951489444442,0.01,1.0,0.99,47.798469803591495,HOURLY_RECON_GT_5PCT,31.5,44.0,0.0,WX_CLEANED,16,6,1,0,0.5142028718888887,0.21781648020999958,0.15951535076967585,0.1514095445547102
a3ed2fe218a724b4fepeni,2026-02-22 17:00:00+08:00,0.5126437787777774,1.0,1.0,0.0,,,30.6,47.0,0.0,WX_CLEANED,17,6,1,0,0.5082335919166665,0.2598664860265273,0.1596991085555555,0.1529141712972772
a3ed2fe218a724b4fepeni,2026-02-22 18:00:00+08:00,0.5053990261666665,1.0,1.0,0.0,,,29.0,55.0,0.0,WX_CLEANED,18,6,1,0,0.4977925994444442,0.2660382292988052,0.16001604300231473,0.15433893794530018
a3ed2fe218a724b4fepeni,2026-02-22 19:00:00+08:00,0.4976251100277777,1.0,1.0,0.0,,,27.8,60.0,0.0,WX_CLEANED,19,6,1,0,0.4948416508194443,0.2631326717750134,0.16013202046932865,0.1557347262682333
a3ed2fe218a724b4fepeni,2026-02-22 20:00:00+08:00,0.4909080350555553,1.0,1.0,0.0,,,27.0,65.0,0.0,WX_CLEANED,20,6,1,0,0.4848484814444442,0.2478974228942219,0.1603845018697916,0.15718121800728885
a3ed2fe218a724b4fepeni,2026-02-22 21:00:00+08:00,0.0,1.0,0.45,0.0,,,26.6,67.0,0.0,WX_CLEANED,21,6,1,0,0.3998763313888886,0.0,0.14372298806192124,0.15718121800728885
a3ed2fe218a724b4fepeni,2026-02-22 22:00:00+08:00,0.0,0.45,0.45,0.0,,,26.2,69.0,0.0,WX_CLEANED,22,6,1,0,0.0,0.0,0.14372298806192124,0.15718121800728885
a3ed2fe218a724b4fepeni,2026-02-22 23:00:00+08:00,0.0,0.45,0.45,0.0,,,25.9,70.0,0.0,WX_CLEANED,23,6,1,0,0.0,0.0,0.14372298806192124,0.15718121800728885
a3ed2fe218a724b4fepeni,2026-02-23 00:00:00+08:00,0.0,0.45,0.45,0.0,,,25.6,71.0,0.0,WX_CLEANED,0,0,0,0,0.0,0.0,0.14372298806192124,0.15718121800728885
a3ed2fe218a724b4fepeni,2026-02-23 01:00:00+08:00,0.0,0.45,0.45,0.0,,,25.4,72.0,0.0,WX_CLEANED,1,0,0,0,0.0,0.0,0.14372298806192124,0.15718121800728885
a3ed2fe218a724b4fepeni,2026-02-23 02:00:00+08:00,0.0,0.45,0.45,0.0,,,25.4,71.0,0.0,WX_CLEANED,2,0,0,0,0.0,0.0,0.14372298806192124,0.15718121800728885
a3ed2fe218a724b4fepeni,2026-02-23 03:00:00+08:00,0.0,0.45,0.45,0.0,,,25.3,71.0,0.0,WX_CLEANED,3,0,0,0,0.0,0.0,0.14372298806192124,0.15718121800728885
a3ed2fe218a724b4fepeni,2026-02-23 04:00:00+08:00,0.0,0.45,0.45,0.0,,,25.1,72.0,0.0,WX_CLEANED,4,0,0,0,0.0,0.0,0.14372298806192124,0.15718121800728885
a3ed2fe218a724b4fepeni,2026-02-23 05:00:00+08:00,0.0,0.45,0.45,0.0,,,24.8,75.0,0.0,WX_CLEANED,5,0,0,0,0.0,0.0,0.14372298806192124,0.15718121800728885
a3ed2fe218a724b4fepeni,2026-02-23 06:00:00+08:00,0.0,0.45,0.45,0.0,,,24.6,75.0,0.0,WX_CLEANED,6,0,0,0,0.0,0.0,0.14372298806192124,0.15718121800728885
a3ed2fe218a724b4fepeni,2026-02-23 07:00:00+08:00,0.025206468,0.45,0.2,0.0,,,24.9,73.0,0.0,WX_CLEANED,7,0,0,0,0.0,0.0,0.14477325756192125,0.15733125650728885
a3ed2fe218a724b4fepeni,2026-02-23 08:00:00+08:00,0.0424308057638886,0.2,0.2,0.0,,,25.9,70.0,0.0,WX_CLEANED,8,0,0,0,0.0,0.0,0.14654120780208327,0.157583820827312
a3ed2fe218a724b4fepeni,2026-02-23 09:00:00+08:00,0.0,0.2,0.01,0.0,,,27.4,62.0,0.0,WX_CLEANED,9,0,0,0,0.0,0.0,0.14654120780208327,0.157583820827312
a3ed2fe218a724b4fepeni,2026-02-23 10:00:00+08:00,0.0,0.01,0.01,0.0,,,29.7,51.0,0.0,WX_CLEANED,10,0,0,0,0.0,0.0,0.14654120780208327,0.157583820827312
a3ed2fe218a724b4fepeni,2026-02-23 11:00:00+08:00,0.0,0.01,0.01,0.0,,,32.2,40.0,0.0,WX_CLEANED,11,0,0,0,0.0,0.0,0.14654120780208327,0.157583820827312
a3ed2fe218a724b4fepeni,2026-02-23 12:00:00+08:00,0.0,0.01,0.01,0.0,,,32.7,39.0,0.0,WX_CLEANED,12,0,0,0,0.0,0.011563483760208099,0.14654120780208327,0.15751499056683457
a3ed2fe218a724b4fepeni,2026-02-23 13:00:00+08:00,0.2520247255555554,0.01,1.0,0.99,74.54295701459036,HOURLY_RECON_GT_5PCT,32.8,39.0,0.0,WX_CLEANED,13,0,0,0,0.1021338632499999,0.11947824337983311,0.1527866603981481,0.15830395772264244
a3ed2fe218a724b4fepeni,2026-02-23 14:00:00+08:00,0.4820425563888887,1.0,1.0,0.0,,,32.8,36.0,0.0,WX_CLEANED,14,0,0,0,0.3607145310694442,0.1632852406610275,0.15784199478645827,0.16020132269721304
a3ed2fe218a724b4fepeni,2026-02-23 15:00:00+08:00,0.5133519396666664,1.0,1.0,0.0,,,33.5,34.0,0.0,WX_CLEANED,15,0,0,0,0.4631322201944442,0.1810351680549441,0.15993448309780087,0.1621793987187114
a3ed2fe218a724b4fepeni,2026-02-23 16:00:00+08:00,0.5076814895972219,0.01,1.0,0.99,48.71904145482607,HOURLY_RECON_GT_5PCT,32.5,39.0,0.0,WX_CLEANED,16,0,0,0,0.5167951489444442,0.5362083971271108,0.1595547472916666,0.16200959569770013
a3ed2fe218a724b4fepeni,2026-02-23 17:00:00+08:00,0.5048079624444441,1.0,1.0,0.0,,,31.2,45.0,0.0,WX_CLEANED,17,0,0,0,0.5126437787777774,0.6213950816256385,0.15922825494444437,0.16131562475019304
a3ed2fe218a724b4fepeni,2026-02-23 18:00:00+08:00,0.5054872235694442,1.0,1.0,0.0,,,29.4,51.0,0.0,WX_CLEANED,18,0,0,0,0.5053990261666665,0.6364767355757497,0.15923192983622678,0.160535925273965
a3ed2fe218a724b4fepeni,2026-02-23 19:00:00+08:00,0.5017446524305554,1.0,1.0,0.0,,,28.1,56.0,0.0,WX_CLEANED,19,0,0,0,0.4976251100277777,0.6290824539919997,0.1594035774363425,0.1597779621694326
a3ed2fe218a724b4fepeni,2026-02-23 20:00:00+08:00,0.3325941865,1.0,1.0,0.0,,,27.5,56.0,0.0,WX_CLEANED,20,0,0,0,0.4909080350555553,0.5930513930437776,0.15280716707986106,0.15822762165429108
a3ed2fe218a724b4fepeni,2026-02-23 21:00:00+08:00,0.0,1.0,1.0,0.0,,,27.3,58.0,0.0,WX_CLEANED,21,0,0,0,0.0,0.0,0.15280716707986106,0.15822762165429108
a3ed2fe218a724b4fepeni,2026-02-23 22:00:00+08:00,0.0,1.0,1.0,0.0,,,27.0,60.0,0.0,WX_CLEANED,22,0,0,0,0.0,0.0,0.15280716707986106,0.15822762165429108
a3ed2fe218a724b4fepeni,2026-02-23 23:00:00+08:00,0.0,1.0,1.0,0.0,,,26.9,61.0,0.0,WX_CLEANED,23,0,0,0,0.0,0.0,0.15280716707986106,0.15822762165429108
a3ed2fe218a724b4fepeni,2026-02-24 00:00:00+08:00,0.0,1.0,1.0,0.0,,,26.9,63.0,0.0,WX_CLEANED,0,1,0,0,0.0,0.0,0.15280716707986106,0.15822762165429108
a3ed2fe218a724b4fepeni,2026-02-24 01:00:00+08:00,0.0,1.0,1.0,0.0,,,26.7,65.0,0.0,WX_CLEANED,1,1,0,0,0.0,0.0,0.15280716707986106,0.15822762165429108
a3ed2fe218a724b4fepeni,2026-02-24 02:00:00+08:00,0.0,1.0,1.0,0.0,,,26.6,68.0,0.0,WX_CLEANED,2,1,0,0,0.0,0.0,0.15280716707986106,0.15822762165429108
a3ed2fe218a724b4fepeni,2026-02-24 03:00:00+08:00,0.0,1.0,1.0,0.0,,,26.3,74.0,0.0,WX_CLEANED,3,1,0,0,0.0,0.0,0.15280716707986106,0.15822762165429108
a3ed2fe218a724b4fepeni,2026-02-24 04:00:00+08:00,0.0,1.0,1.0,0.0,,,26.0,77.0,0.0,WX_CLEANED,4,1,0,0,0.0,0.0,0.15280716707986106,0.15822762165429108
a3ed2fe218a724b4fepeni,2026-02-24 05:00:00+08:00,0.0,1.0,0.01,0.0,,,25.9,75.0,0.0,WX_CLEANED,5,1,0,0,0.0,0.0,0.15280716707986106,0.15822762165429108
a3ed2fe218a724b4fepeni,2026-02-24 06:00:00+08:00,0.0,0.01,0.01,0.0,,,25.6,74.0,0.0,WX_CLEANED,6,1,0,0,0.0,0.0,0.15280716707986106,0.15822762165429108
a3ed2fe218a724b4fepeni,2026-02-24 07:00:00+08:00,0.0,0.01,0.01,0.0,,,25.6,74.0,0.0,WX_CLEANED,7,1,0,0,0.025206468,0.0,0.15175689757986105,0.15822762165429108
a3ed2fe218a724b4fepeni,2026-02-24 08:00:00+08:00,0.0,0.01,0.01,0.0,,,26.3,72.0,0.0,WX_CLEANED,8,1,0,0,0.0424308057638886,0.0,0.149988947339699,0.15822762165429108
a3ed2fe218a724b4fepeni,2026-02-24 09:00:00+08:00,0.0,0.01,0.01,0.0,,,27.5,69.0,0.0,WX_CLEANED,9,1,0,0,0.0,0.0,0.149988947339699,0.15822762165429108
a3ed2fe218a724b4fepeni,2026-02-24 10:00:00+08:00,0.0,0.01,0.01,0.0,,,29.8,59.0,0.0,WX_CLEANED,10,1,0,0,0.0,0.0,0.149988947339699,0.15822762165429108
a3ed2fe218a724b4fepeni,2026-02-24 11:00:00+08:00,0.0,0.01,0.01,0.0,,,30.5,58.0,0.3,WX_CLEANED,11,1,0,0,0.0,0.0,0.149988947339699,0.15822762165429108
a3ed2fe218a724b4fepeni,2026-02-24 12:00:00+08:00,0.0,0.01,0.01,0.0,,,31.7,54.0,0.0,WX_CLEANED,12,1,0,0,0.0,0.0276589348136109,0.149988947339699,0.15806298513754338
a3ed2fe218a724b4fepeni,2026-02-24 13:00:00+08:00,0.1035334545416666,0.01,1.0,0.99,89.54207529882156,HOURLY_RECON_GT_5PCT,31.8,54.0,0.1,WX_CLEANED,13,1,0,0,0.2520247255555554,0.2857546987665276,0.14380181104745365,0.15697833487430018
a3ed2fe218a724b4fepeni,2026-02-24 14:00:00+08:00,0.44127501002777747,1.0,1.0,0.0,,,31.0,55.0,0.4,WX_CLEANED,14,1,0,0,0.4820425563888887,0.3905568230569999,0.14210316328240735,0.15728022884436435
a3ed2fe218a724b4fepeni,2026-02-24 15:00:00+08:00,0.518930097847222,1.0,1.0,0.0,,,32.0,51.0,0.3,WX_CLEANED,15,1,0,0,0.5133519396666664,0.432937127932722,0.1423355865399305,0.15779209176052206
a3ed2fe218a724b4fepeni,2026-02-24 16:00:00+08:00,0.5047105317499997,0.01,1.0,0.99,49.01913820707074,HOURLY_RECON_GT_5PCT,29.6,59.0,0.8,WX_CLEANED,16,1,0,0,0.5076814895972219,0.4967567758510554,0.14221179662962957,0.15783943554563484
a3ed2fe218a724b4fepeni,2026-02-24 17:00:00+08:00,0.4974850830138886,1.0,1.0,0.0,,,30.1,58.0,0.3,WX_CLEANED,17,1,0,0,0.5048079624444441,0.5013521663055553,0.14190667665335643,0.15781641719270825
a3ed2fe218a724b4fepeni,2026-02-24 18:00:00+08:00,0.49536341047222177,1.0,1.0,0.0,,,29.9,59.0,0.0,WX_CLEANED,18,1,0,0,0.5054872235694442,0.5012584788055554,0.14148485110763884,0.15778132750024793
a3ed2fe218a724b4fepeni,2026-02-24 19:00:00+08:00,0.4930853548888886,1.0,1.0,0.0,,,29.0,63.0,0.0,WX_CLEANED,19,1,0,0,0.5017446524305554,0.5000870119861109,0.1411240470434027,0.1577396509699073
a3ed2fe218a724b4fepeni,2026-02-24 20:00:00+08:00,0.4872126820833331,1.0,1.0,0.0,,,28.0,69.0,0.0,WX_CLEANED,20,1,0,0,0.3325941865,0.41677140016666653,0.14756648435937492,0.15815894431464939
a3ed2fe218a724b4fepeni,2026-02-24 21:00:00+08:00,0.0,1.0,0.04,0.0,,,27.5,70.0,0.0,WX_CLEANED,21,1,0,0,0.0,0.0,0.14756648435937492,0.15815894431464939
a3ed2fe218a724b4fepeni,2026-02-24 22:00:00+08:00,0.0,0.04,0.04,0.0,,,27.1,72.0,0.0,WX_CLEANED,22,1,0,0,0.0,0.0,0.14756648435937492,0.15815894431464939
a3ed2fe218a724b4fepeni,2026-02-24 23:00:00+08:00,0.0,0.04,0.04,0.0,,,26.9,73.0,0.0,WX_CLEANED,23,1,0,0,0.0,0.0,0.14756648435937492,0.15815894431464939
a3ed2fe218a724b4fepeni,2026-02-25 00:00:00+08:00,0.0,0.04,0.04,0.0,,,26.7,73.0,0.0,WX_CLEANED,0,2,0,0,0.0,0.0,0.14756648435937492,0.15815894431464939
a3ed2fe218a724b4fepeni,2026-02-25 01:00:00+08:00,0.0,0.04,0.04,0.0,,,26.5,74.0,0.0,WX_CLEANED,1,2,0,0,0.0,0.0,0.14756648435937492,0.15815894431464939
a3ed2fe218a724b4fepeni,2026-02-25 02:00:00+08:00,0.0,0.04,0.04,0.0,,,26.5,74.0,0.0,WX_CLEANED,2,2,0,0,0.0,0.0,0.14756648435937492,0.15815894431464939
a3ed2fe218a724b4fepeni,2026-02-25 03:00:00+08:00,0.0,0.04,0.04,0.0,,,26.4,74.0,0.0,WX_CLEANED,3,2,0,0,0.0,0.0,0.14756648435937492,0.15815894431464939
a3ed2fe218a724b4fepeni,2026-02-25 04:00:00+08:00,0.0,0.04,0.04,0.0,,,26.1,75.0,0.0,WX_CLEANED,4,2,0,0,0.0,0.0,0.14756648435937492,0.15815894431464939
a3ed2fe218a724b4fepeni,2026-02-25 05:00:00+08:00,0.0,0.04,0.04,0.0,,,25.9,76.0,0.0,WX_CLEANED,5,2,0,0,0.0,0.0,0.14756648435937492,0.15815894431464939
a3ed2fe218a724b4fepeni,2026-02-25 06:00:00+08:00,0.0,0.04,0.04,0.0,,,25.8,76.0,0.0,WX_CLEANED,6,2,0,0,0.0,0.0,0.14756648435937492,0.15815894431464939
a3ed2fe218a724b4fepeni,2026-02-25 07:00:00+08:00,0.0,0.04,0.04,0.0,,,26.0,75.0,0.0,WX_CLEANED,7,2,0,0,0.0,0.0,0.14756648435937492,0.15815894431464939
a3ed2fe218a724b4fepeni,2026-02-25 08:00:00+08:00,0.0,0.04,0.04,0.0,,,26.8,71.0,0.0,WX_CLEANED,8,2,0,0,0.0,0.0,0.14756648435937492,0.15815894431464939
a3ed2fe218a724b4fepeni,2026-02-25 09:00:00+08:00,0.0,0.04,0.04,0.0,,,28.3,63.0,0.0,WX_CLEANED,9,2,0,0,0.0,0.0,0.14756648435937492,0.15815894431464939
a3ed2fe218a724b4fepeni,2026-02-25 10:00:00+08:00,0.0,0.04,0.04,0.0,,,30.2,54.0,0.0,WX_CLEANED,10,2,0,0,0.0,0.0,0.14756648435937492,0.15815894431464939
a3ed2fe218a724b4fepeni,2026-02-25 11:00:00+08:00,0.0,0.04,0.04,0.0,,,31.4,49.0,0.0,WX_CLEANED,11,2,0,0,0.0,0.0,0.14756648435937492,0.15815894431464939
a3ed2fe218a724b4fepeni,2026-02-25 12:00:00+08:00,0.2727649050833332,0.04,1.0,0.96,71.58698905381947,HOURLY_RECON_GT_5PCT,31.4,51.0,0.0,WX_CLEANED,12,2,0,0,0.0,0.0,0.15893168873784713,0.1597825449401454
a3ed2fe218a724b4fepeni,2026-02-25 13:00:00+08:00,0.5273069831666664,1.0,1.0,0.0,,,32.5,46.0,0.0,WX_CLEANED,13,2,0,0,0.1035334545416666,0.0,0.1765889190972221,0.16292127698280415
a3ed2fe218a724b4fepeni,2026-02-25 14:00:00+08:00,0.5203807958472221,1.0,1.0,0.0,,,32.5,45.0,0.0,WX_CLEANED,14,2,0,0,0.44127501002777747,0.16846557704166648,0.17988499350636564,0.1650160104280753
a3ed2fe218a724b4fepeni,2026-02-25 15:00:00+08:00,0.49995667723611087,1.0,1.0,0.0,,,32.9,44.0,0.0,WX_CLEANED,15,2,0,0,0.518930097847222,0.4507769826111109,0.17909443431423602,0.16530874670560508
a3ed2fe218a724b4fepeni,2026-02-25 16:00:00+08:00,0.4920810829444443,0.01,1.0,0.99,50.294840106621784,HOURLY_RECON_GT_5PCT,32.7,44.0,0.0,WX_CLEANED,16,2,0,0,0.5047105317499997,0.5146405329166664,0.17856820728067122,0.1651744642652942
a3ed2fe218a724b4fepeni,2026-02-25 17:00:00+08:00,0.4908724479166663,1.0,1.0,0.0,,,32.0,49.0,0.0,WX_CLEANED,17,2,0,0,0.4974850830138886,0.508180736722222,0.17829268081828695,0.16507143873668972
a3ed2fe218a724b4fepeni,2026-02-25 18:00:00+08:00,0.4913528425555552,1.0,1.0,0.0,,,30.1,55.0,0.0,WX_CLEANED,18,2,0,0,0.49536341047222177,0.4992217331111108,0.17812557382175917,0.16502460010243047
a3ed2fe218a724b4fepeni,2026-02-25 19:00:00+08:00,0.4920727671666665,1.0,1.0,0.0,,,28.6,59.0,0.0,WX_CLEANED,19,2,0,0,0.4930853548888886,0.4930402041944444,0.17808338266666657,0.16501884154869367
a3ed2fe218a724b4fepeni,2026-02-25 20:00:00+08:00,0.4902101542777776,1.0,1.0,0.0,,,27.5,65.0,0.0,WX_CLEANED,20,2,0,0,0.4872126820833331,0.3263877853055555,0.1782082773414351,0.16599397469733787
a3ed2fe218a724b4fepeni,2026-02-25 21:00:00+08:00,0.0809696329166666,1.0,0.41,0.0,,,27.0,68.0,0.0,WX_CLEANED,21,2,0,0,0.0,0.0,0.1815820120462962,0.16647593679803233
a3ed2fe218a724b4fepeni,2026-02-25 22:00:00+08:00,0.0,0.41,0.41,0.0,,,26.5,71.0,0.0,WX_CLEANED,22,2,0,0,0.0,0.0,0.1815820120462962,0.16647593679803233
a3ed2fe218a724b4fepeni,2026-02-25 23:00:00+08:00,0.0,0.41,0.41,0.0,,,26.1,73.0,0.0,WX_CLEANED,23,2,0,0,0.0,0.0,0.1815820120462962,0.16647593679803233
a3ed2fe218a724b4fepeni,2026-02-26 00:00:00+08:00,0.0,0.41,0.41,0.0,,,25.8,73.0,0.0,WX_CLEANED,0,3,0,0,0.0,0.0,0.1815820120462962,0.16647593679803233
a3ed2fe218a724b4fepeni,2026-02-26 01:00:00+08:00,0.0,0.41,0.41,0.0,,,25.6,73.0,0.0,WX_CLEANED,1,3,0,0,0.0,0.0,0.1815820120462962,0.16647593679803233
a3ed2fe218a724b4fepeni,2026-02-26 02:00:00+08:00,0.0,0.41,0.41,0.0,,,25.4,74.0,0.0,WX_CLEANED,2,3,0,0,0.0,0.0,0.1815820120462962,0.16647593679803233
a3ed2fe218a724b4fepeni,2026-02-26 03:00:00+08:00,0.0,0.41,0.41,0.0,,,25.3,74.0,0.0,WX_CLEANED,3,3,0,0,0.0,0.0,0.1815820120462962,0.16647593679803233
a3ed2fe218a724b4fepeni,2026-02-26 04:00:00+08:00,0.0,0.01,0.01,0.0,,,25.4,73.0,0.0,WX_CLEANED,4,3,0,0,0.0,0.0,0.1815820120462962,0.16647593679803233
a3ed2fe218a724b4fepeni,2026-02-26 05:00:00+08:00,0.0,0.01,0.01,0.0,,,25.4,73.0,0.0,WX_CLEANED,5,3,0,0,0.0,0.0,0.1815820120462962,0.16647593679803233
a3ed2fe218a724b4fepeni,2026-02-26 06:00:00+08:00,0.0,0.01,0.01,0.0,,,25.2,74.0,0.0,WX_CLEANED,6,3,0,0,0.0,0.0,0.1815820120462962,0.16647593679803233
a3ed2fe218a724b4fepeni,2026-02-26 07:00:00+08:00,0.0,0.01,0.01,0.0,,,25.4,73.0,0.0,WX_CLEANED,7,3,0,0,0.0,0.0,0.1815820120462962,0.16647593679803233
a3ed2fe218a724b4fepeni,2026-02-26 08:00:00+08:00,0.0,0.01,0.01,0.0,,,26.5,70.0,0.0,WX_CLEANED,8,3,0,0,0.0,0.0,0.1815820120462962,0.16647593679803233
a3ed2fe218a724b4fepeni,2026-02-26 09:00:00+08:00,0.0,0.01,0.01,0.0,,,28.1,63.0,0.0,WX_CLEANED,9,3,0,0,0.0,0.0252066688333332,0.1815820120462962,0.1663258971025958
a3ed2fe218a724b4fepeni,2026-02-26 10:00:00+08:00,0.0,0.01,0.01,0.0,,,29.5,57.0,0.0,WX_CLEANED,10,3,0,0,0.0,0.0423464620694442,0.1815820120462962,0.1660738348283729
a3ed2fe218a724b4fepeni,2026-02-26 11:00:00+08:00,0.0,0.01,0.01,0.0,,,30.9,51.0,0.0,WX_CLEANED,11,3,0,0,0.0,0.014096212611110999,0.1815820120462962,0.1659899288009258
a3ed2fe218a724b4fepeni,2026-02-26 12:00:00+08:00,0.0,0.01,0.01,0.0,,,32.1,45.0,0.0,WX_CLEANED,12,3,0,0,0.2727649050833332,0.0,0.170216807667824,0.1659899288009258
a3ed2fe218a724b4fepeni,2026-02-26 13:00:00+08:00,0.0,0.01,0.01,0.0,,,32.2,46.0,0.0,WX_CLEANED,13,3,0,0,0.5273069831666664,0.3653141892361109,0.1482456833692129,0.1638154395792823
a3ed2fe218a724b4fepeni,2026-02-26 14:00:00+08:00,0.1011297191666666,0.01,0.01,0.0,,,31.5,51.0,0.0,WX_CLEANED,14,3,0,0,0.5203807958472221,0.4356712067499998,0.1307768885075231,0.16182412120081008
a3ed2fe218a724b4fepeni,2026-02-26 15:00:00+08:00,0.4342823809305552,1.0,1.0,0.0,,,31.1,51.0,0.0,WX_CLEANED,15,3,0,0,0.49995667723611087,0.5119368236388885,0.1280404594947916,0.16136189237516524
a3ed2fe218a724b4fepeni,2026-02-26 16:00:00+08:00,0.5138237163888888,0.01,1.0,0.99,48.09861450617285,HOURLY_RECON_GT_5PCT,30.6,52.0,0.0,WX_CLEANED,16,3,0,0,0.4920810829444443,0.5088445780277775,0.1289464025549768,0.1613915301035052
a3ed2fe218a724b4fepeni,2026-02-26 17:00:00+08:00,0.49330112501388856,1.0,1.0,0.0,,,30.0,55.0,0.0,WX_CLEANED,17,3,0,0,0.4908724479166663,0.5027487070833332,0.12904759743402772,0.16133529449594897
a3ed2fe218a724b4fepeni,2026-02-26 18:00:00+08:00,0.4833472938611108,1.0,1.0,0.0,,,28.7,59.0,0.0,WX_CLEANED,18,3,0,0,0.4913528425555552,0.4986801538888886,0.12871403290509256,0.1612440274719741
a3ed2fe218a724b4fepeni,2026-02-26 19:00:00+08:00,0.4803590646111108,1.0,1.0,0.0,,,27.9,61.0,0.0,WX_CLEANED,19,3,0,0,0.4920727671666665,0.49626596268055523,0.12822596196527772,0.16114934355489408
a3ed2fe218a724b4fepeni,2026-02-26 20:00:00+08:00,0.3190306682499998,1.0,1.0,0.0,,,27.4,67.0,0.0,WX_CLEANED,20,3,0,0,0.4902101542777776,0.49231065274999986,0.12109348338078697,0.16011791507572742
a3ed2fe218a724b4fepeni,2026-02-26 21:00:00+08:00,0.0,1.0,0.05,0.0,,,26.9,69.0,0.0,WX_CLEANED,21,3,0,0,0.0809696329166666,0.0,0.11771974867592588,0.16011791507572742
a3ed2fe218a724b4fepeni,2026-02-26 22:00:00+08:00,0.0,0.05,0.05,0.0,,,26.2,73.0,0.0,WX_CLEANED,22,3,0,0,0.0,0.0,0.11771974867592588,0.16011791507572742
a3ed2fe218a724b4fepeni,2026-02-26 23:00:00+08:00,0.0,0.05,0.05,0.0,,,25.7,76.0,0.0,WX_CLEANED,23,3,0,0,0.0,0.0,0.11771974867592588,0.16011791507572742
a3ed2fe218a724b4fepeni,2026-02-27 00:00:00+08:00,0.0,0.05,0.05,0.0,,,25.2,78.0,0.0,WX_CLEANED,0,4,0,0,0.0,0.0,0.11771974867592588,0.16011791507572742
a3ed2fe218a724b4fepeni,2026-02-27 01:00:00+08:00,0.0,0.05,0.05,0.0,,,24.7,78.0,0.0,WX_CLEANED,1,4,0,0,0.0,0.0,0.11771974867592588,0.16011791507572742
a3ed2fe218a724b4fepeni,2026-02-27 02:00:00+08:00,0.0,0.05,0.05,0.0,,,24.4,78.0,0.0,WX_CLEANED,2,4,0,0,0.0,0.0,0.11771974867592588,0.16011791507572742
a3ed2fe218a724b4fepeni,2026-02-27 03:00:00+08:00,0.0,0.05,0.01,0.0,,,24.2,79.0,0.0,WX_CLEANED,3,4,0,0,0.0,0.0,0.11771974867592588,0.16011791507572742
a3ed2fe218a724b4fepeni,2026-02-27 04:00:00+08:00,0.0,0.01,0.01,0.0,,,24.0,80.0,0.0,WX_CLEANED,4,4,0,0,0.0,0.0,0.11771974867592588,0.16011791507572742
a3ed2fe218a724b4fepeni,2026-02-27 05:00:00+08:00,0.0,0.01,0.01,0.0,,,24.0,81.0,0.0,WX_CLEANED,5,4,0,0,0.0,0.0,0.11771974867592588,0.16011791507572742
a3ed2fe218a724b4fepeni,2026-02-27 06:00:00+08:00,0.0,0.01,0.01,0.0,,,24.0,80.0,0.0,WX_CLEANED,6,4,0,0,0.0,0.0,0.11771974867592588,0.16011791507572742
a3ed2fe218a724b4fepeni,2026-02-27 07:00:00+08:00,0.0,0.01,0.01,0.0,,,24.0,79.0,0.0,WX_CLEANED,7,4,0,0,0.0,0.0,0.11771974867592588,0.16011791507572742
a3ed2fe218a724b4fepeni,2026-02-27 08:00:00+08:00,0.0,0.01,0.01,0.0,,,25.1,72.0,0.0,WX_CLEANED,8,4,0,0,0.0,0.0,0.11771974867592588,0.16011791507572742
a3ed2fe218a724b4fepeni,2026-02-27 09:00:00+08:00,0.0,0.01,0.01,0.0,,,27.0,63.0,0.0,WX_CLEANED,9,4,0,0,0.0,0.0,0.11771974867592588,0.16011791507572742
a3ed2fe218a724b4fepeni,2026-02-27 10:00:00+08:00,0.0,0.01,0.01,0.0,,,28.8,58.0,0.0,WX_CLEANED,10,4,0,0,0.0,0.0,0.11771974867592588,0.16011791507572742
a3ed2fe218a724b4fepeni,2026-02-27 11:00:00+08:00,0.0,0.01,0.01,0.0,,,29.6,55.0,0.0,WX_CLEANED,11,4,0,0,0.0,0.0,0.11771974867592588,0.16011791507572742
a3ed2fe218a724b4fepeni,2026-02-27 12:00:00+08:00,0.0,0.01,0.01,0.0,,,30.3,54.0,0.0,WX_CLEANED,12,4,0,0,0.0,0.170638706875,0.11771974867592588,0.15910220848718576
a3ed2fe218a724b4fepeni,2026-02-27 13:00:00+08:00,0.0,0.01,0.01,0.0,,,31.2,52.0,0.0,WX_CLEANED,13,4,0,0,0.0,0.4928749581249999,0.11771974867592588,0.15616842897453695
a3ed2fe218a724b4fepeni,2026-02-27 14:00:00+08:00,0.2355924316666665,0.01,1.0,0.99,76.2027846801347,HOURLY_RECON_GT_5PCT,31.3,51.0,0.0,WX_CLEANED,14,4,0,0,0.1011297191666666,0.5169650982916665,0.1233223616967592,0.15449359167319768
a3ed2fe218a724b4fepeni,2026-02-27 15:00:00+08:00,0.4662873777777777,1.0,1.0,0.0,,,32.9,45.0,0.0,WX_CLEANED,15,4,0,0,0.4342823809305552,0.4982650781249996,0.12465590323206012,0.1543032482187499
a3ed2fe218a724b4fepeni,2026-02-27 16:00:00+08:00,0.49987499277777747,0.01,1.0,0.99,49.50757648709319,HOURLY_RECON_GT_5PCT,32.5,46.0,0.0,WX_CLEANED,16,4,0,0,0.5138237163888888,0.4906655395277776,0.1240747064149305,0.15435806639285704
a3ed2fe218a724b4fepeni,2026-02-27 17:00:00+08:00,0.4872758342222221,1.0,1.0,0.0,,,30.4,59.0,0.0,WX_CLEANED,17,4,0,0,0.49330112501388856,0.490816773597222,0.12382365263194439,0.15433698937276777
a3ed2fe218a724b4fepeni,2026-02-27 18:00:00+08:00,0.4844759104166664,1.0,1.0,0.0,,,29.5,60.0,0.0,WX_CLEANED,18,4,0,0,0.4833472938611108,0.4918544238333329,0.1238706783217592,0.15429306965004952
a3ed2fe218a724b4fepeni,2026-02-27 19:00:00+08:00,0.4821103088472219,1.0,1.0,0.0,,,29.0,63.0,0.0,WX_CLEANED,19,4,0,0,0.4803590646111108,0.4860361161111108,0.12394364683159718,0.15426970174966922
a3ed2fe218a724b4fepeni,2026-02-27 20:00:00+08:00,0.4770063718055554,1.0,1.0,0.0,,,28.1,64.0,0.0,WX_CLEANED,20,4,0,0,0.3190306682499998,0.3215344169166665,0.13052596781307865,0.1551951300525793
a3ed2fe218a724b4fepeni,2026-02-27 21:00:00+08:00,0.3171229058611109,1.0,1.0,0.0,,,27.5,68.0,0.0,WX_CLEANED,21,4,0,0,0.0,0.0,0.14373942222395827,0.15708276639699065
a3ed2fe218a724b4fepeni,2026-02-27 22:00:00+08:00,0.0,0.74,0.74,0.0,,,26.7,71.0,0.0,WX_CLEANED,22,4,0,0,0.0,0.0,0.14373942222395827,0.15708276639699065
a3ed2fe218a724b4fepeni,2026-02-27 23:00:00+08:00,0.0,0.74,0.74,0.0,,,26.2,74.0,0.0,WX_CLEANED,23,4,0,0,0.0,0.0,0.14373942222395827,0.15708276639699065
a3ed2fe218a724b4fepeni,2026-02-28 00:00:00+08:00,0.0,0.74,0.74,0.0,,,26.0,75.0,0.0,WX_CLEANED,0,5,1,0,0.0,0.0,0.14373942222395827,0.15708276639699065
a3ed2fe218a724b4fepeni,2026-02-28 01:00:00+08:00,0.0,0.74,0.74,0.0,,,25.7,76.0,0.0,WX_CLEANED,1,5,1,0,0.0,0.0,0.14373942222395827,0.15708276639699065
a3ed2fe218a724b4fepeni,2026-02-28 02:00:00+08:00,0.0,0.74,0.74,0.0,,,25.3,78.0,0.0,WX_CLEANED,2,5,1,0,0.0,0.0,0.14373942222395827,0.15708276639699065
a3ed2fe218a724b4fepeni,2026-02-28 03:00:00+08:00,0.0,0.74,0.74,0.0,,,25.1,79.0,0.0,WX_CLEANED,3,5,1,0,0.0,0.0,0.14373942222395827,0.15708276639699065
a3ed2fe218a724b4fepeni,2026-02-28 04:00:00+08:00,0.0,0.74,0.74,0.0,,,24.8,80.0,0.0,WX_CLEANED,4,5,1,0,0.0,0.0,0.14373942222395827,0.15708276639699065
a3ed2fe218a724b4fepeni,2026-02-28 05:00:00+08:00,0.0,0.74,0.74,0.0,,,24.5,81.0,0.0,WX_CLEANED,5,5,1,0,0.0,0.0112559124999998,0.14373942222395827,0.15701576691782398
a3ed2fe218a724b4fepeni,2026-02-28 06:00:00+08:00,0.0,0.74,0.74,0.0,,,24.5,81.0,0.0,WX_CLEANED,6,5,1,0,0.0,0.046502060833333095,0.14373942222395827,0.1567389689366732
a3ed2fe218a724b4fepeni,2026-02-28 07:00:00+08:00,0.0,0.74,0.74,0.0,,,24.8,77.0,0.0,WX_CLEANED,7,5,1,0,0.0,0.050644363611110896,0.14373942222395827,0.15643751439136896
a3ed2fe218a724b4fepeni,2026-02-28 08:00:00+08:00,0.0,0.74,0.74,0.0,,,25.5,73.0,0.0,WX_CLEANED,8,5,1,0,0.0,0.0505233350694442,0.14373942222395827,0.15613678025405084
a3ed2fe218a724b4fepeni,2026-02-28 09:00:00+08:00,0.0,0.74,0.74,0.0,,,27.5,63.0,0.0,WX_CLEANED,9,5,1,0,0.0,0.050424202083333,0.14373942222395827,0.15583663619403101
a3ed2fe218a724b4fepeni,2026-02-28 10:00:00+08:00,0.0,0.74,0.74,0.0,,,29.5,54.0,0.0,WX_CLEANED,10,5,1,0,0.0,0.1905661568333331,0.14373942222395827,0.15470231383192784
a3ed2fe218a724b4fepeni,2026-02-28 11:00:00+08:00,0.0,0.74,0.74,0.0,,,31.2,45.0,0.0,WX_CLEANED,11,5,1,0,0.0,0.13284570811111102,0.14373942222395827,0.1539115655693617
a3ed2fe218a724b4fepeni,2026-02-28 12:00:00+08:00,0.0,0.74,0.74,0.0,,,31.8,43.0,0.0,WX_CLEANED,12,5,1,0,0.0,0.1783339872222221,0.14373942222395827,0.152850053740658
a3ed2fe218a724b4fepeni,2026-02-28 13:00:00+08:00,0.0,0.74,0.74,0.0,,,32.2,44.0,0.0,WX_CLEANED,13,5,1,0,0.0,0.4641943819444442,0.14373942222395827,0.15008699194336964
a3ed2fe218a724b4fepeni,2026-02-28 14:00:00+08:00,0.0,0.74,0.74,0.0,,,32.4,44.0,0.0,WX_CLEANED,14,5,1,0,0.2355924316666665,0.5134568772916663,0.13392307090451383,0.14703070100710972
a3ed2fe218a724b4fepeni,2026-02-28 15:00:00+08:00,0.0,0.74,0.74,0.0,,,33.0,41.0,0.0,WX_CLEANED,15,5,1,0,0.4662873777777777,0.5100545035555555,0.1144944301637731,0.1439946622954695
a3ed2fe218a724b4fepeni,2026-02-28 16:00:00+08:00,0.3716023947499999,0.74,1.0,0.26,42.92399798076919,HOURLY_RECON_GT_5PCT,33.0,40.0,0.0,WX_CLEANED,16,5,1,0,0.49987499277777747,0.5142028718888887,0.10914973857928235,0.14314584993154755
a3ed2fe218a724b4fepeni,2026-02-28 17:00:00+08:00,0.45241667827777754,1.0,1.0,0.0,,,32.0,43.0,0.0,WX_CLEANED,17,5,1,0,0.4872758342222221,0.5082335919166665,0.10769727374826384,0.14281360639798274
a3ed2fe218a724b4fepeni,2026-02-28 18:00:00+08:00,0.4976848692499997,1.0,1.0,0.0,,,30.2,50.0,0.0,WX_CLEANED,18,5,1,0,0.4844759104166664,0.4977925994444442,0.10824764703298606,0.14281296514682532
a3ed2fe218a724b4fepeni,2026-02-28 19:00:00+08:00,0.48062496111111097,1.0,1.0,0.0,,,28.8,55.0,0.0,WX_CLEANED,19,5,1,0,0.4821103088472219,0.4948416508194443,0.10818575754398145,0.14272834199379952
a3ed2fe218a724b4fepeni,2026-02-28 20:00:00+08:00,0.47402561694444423,1.0,1.0,0.0,,,27.7,65.0,0.0,WX_CLEANED,20,5,1,0,0.4770063718055554,0.4848484814444442,0.10806155942476847,0.14266392018129953
a3ed2fe218a724b4fepeni,2026-02-28 21:00:00+08:00,0.4739015718055553,1.0,1.0,0.0,,,27.1,67.0,0.0,WX_CLEANED,21,5,1,0,0.3171229058611109,0.3998763313888886,0.11459400383912033,0.1431045466123511
a3ed2fe218a724b4fepeni,2026-02-28 22:00:00+08:00,0.0,1.0,0.04,0.0,,,26.2,72.0,0.0,WX_CLEANED,22,5,1,0,0.0,0.0,0.11459400383912033,0.1431045466123511
a3ed2fe218a724b4fepeni,2026-02-28 23:00:00+08:00,0.0,0.04,0.04,0.0,,,25.7,73.0,0.0,WX_CLEANED,23,5,1,0,0.0,0.0,0.11459400383912033,0.1431045466123511
a3ed2fe218a724b4fepeni,2026-03-01 00:00:00+08:00,0.0,0.04,0.04,0.0,,,25.5,73.0,0.0,WX_CLEANED,0,6,1,0,0.0,0.0,0.11459400383912033,0.1431045466123511
a3ed2fe218a724b4fepeni,2026-03-01 01:00:00+08:00,0.0,0.04,0.04,0.0,,,25.3,72.0,0.0,WX_CLEANED,1,6,1,0,0.0,0.0,0.11459400383912033,0.1431045466123511
a3ed2fe218a724b4fepeni,2026-03-01 02:00:00+08:00,0.0,0.04,0.04,0.0,,,25.2,71.0,0.0,WX_CLEANED,2,6,1,0,0.0,0.0,0.11459400383912033,0.1431045466123511
a3ed2fe218a724b4fepeni,2026-03-01 03:00:00+08:00,0.0,0.04,0.04,0.0,,,25.4,69.0,0.0,WX_CLEANED,3,6,1,0,0.0,0.0,0.11459400383912033,0.1431045466123511
a3ed2fe218a724b4fepeni,2026-03-01 04:00:00+08:00,0.0,0.04,0.04,0.0,,,25.1,71.0,0.0,WX_CLEANED,4,6,1,0,0.0,0.0,0.11459400383912033,0.1431045466123511
a3ed2fe218a724b4fepeni,2026-03-01 05:00:00+08:00,0.031299732833333,0.04,0.2,0.16,80.43766697916686,HOURLY_RECON_GT_5PCT,24.9,73.0,0.0,WX_CLEANED,5,6,1,0,0.0,0.0,0.11589815937384253,0.14329085454588286
a3ed2fe218a724b4fepeni,2026-03-01 06:00:00+08:00,0.0415338568472219,0.2,0.21,0.009999999999999981,315.3385684722198,HOURLY_RECON_GT_5PCT,24.7,74.0,0.0,WX_CLEANED,6,6,1,0,0.0,0.0,0.11762873674247677,0.1435380798842592
a3ed2fe218a724b4fepeni,2026-03-01 07:00:00+08:00,0.0069311031111111,0.21,0.2,0.0,,,25.0,72.0,0.0,WX_CLEANED,7,6,1,0,0.0,0.0,0.11791753270543975,0.14357933645039675
a3ed2fe218a724b4fepeni,2026-03-01 08:00:00+08:00,0.0,0.2,0.2,0.0,,,26.0,66.0,0.0,WX_CLEANED,8,6,1,0,0.0,0.0,0.11791753270543975,0.14357933645039675
a3ed2fe218a724b4fepeni,2026-03-01 09:00:00+08:00,0.024413689541666398,0.2,0.2,0.0,,,27.8,58.0,0.0,WX_CLEANED,9,6,1,0,0.0,0.0,0.11893476976967583,0.14372465603100193
a3ed2fe218a724b4fepeni,2026-03-01 10:00:00+08:00,0.0,0.2,0.01,0.0,,,29.4,53.0,0.0,WX_CLEANED,10,6,1,0,0.0,0.0,0.11893476976967583,0.14372465603100193
a3ed2fe218a724b4fepeni,2026-03-01 11:00:00+08:00,0.0,0.01,0.01,0.0,,,30.3,51.0,0.0,WX_CLEANED,11,6,1,0,0.0,0.0,0.11893476976967583,0.14372465603100193
a3ed2fe218a724b4fepeni,2026-03-01 12:00:00+08:00,0.0,0.01,0.01,0.0,,,31.2,51.0,0.0,WX_CLEANED,12,6,1,0,0.0,0.0,0.11893476976967583,0.14372465603100193
a3ed2fe218a724b4fepeni,2026-03-01 13:00:00+08:00,0.0,0.01,0.01,0.0,,,31.5,50.0,0.2,WX_CLEANED,13,6,1,0,0.0,0.1021338632499999,0.11893476976967583,0.14311671636879955
a3ed2fe218a724b4fepeni,2026-03-01 14:00:00+08:00,0.0,0.01,0.01,0.0,,,31.8,52.0,0.3,WX_CLEANED,14,6,1,0,0.0,0.3607145310694442,0.11893476976967583,0.14096960606481476
a3ed2fe218a724b4fepeni,2026-03-01 15:00:00+08:00,0.0,0.01,0.01,0.0,,,32.1,52.0,0.1,WX_CLEANED,15,6,1,0,0.0,0.4631322201944442,0.11893476976967583,0.13821286665889543
a3ed2fe218a724b4fepeni,2026-03-01 16:00:00+08:00,0.0,0.01,0.01,0.0,,,31.6,56.0,0.0,WX_CLEANED,16,6,1,0,0.3716023947499999,0.5167951489444442,0.1034513366550925,0.13513670505803566
a3ed2fe218a724b4fepeni,2026-03-01 17:00:00+08:00,0.0,0.01,0.01,0.0,,,31.4,55.0,0.0,WX_CLEANED,17,6,1,0,0.45241667827777754,0.5126437787777774,0.08460064172685178,0.1320852539938822
a3ed2fe218a724b4fepeni,2026-03-01 18:00:00+08:00,0.0,0.01,0.01,0.0,,,30.5,57.0,0.0,WX_CLEANED,18,6,1,0,0.4976848692499997,0.5053990261666665,0.06386377217476846,0.12907692645717586
a3ed2fe218a724b4fepeni,2026-03-01 19:00:00+08:00,0.0,0.01,0.01,0.0,,,29.5,61.0,0.0,WX_CLEANED,19,6,1,0,0.48062496111111097,0.4976251100277777,0.043837732128472175,0.12611487223082005
a3ed2fe218a724b4fepeni,2026-03-01 20:00:00+08:00,0.0,0.01,0.01,0.0,,,29.0,63.0,0.0,WX_CLEANED,20,6,1,0,0.47402561694444423,0.4909080350555553,0.024086664755786996,0.1231928005935846
a3ed2fe218a724b4fepeni,2026-03-01 21:00:00+08:00,0.0,0.01,0.01,0.0,,,28.5,64.0,0.0,WX_CLEANED,21,6,1,0,0.4739015718055553,0.0,0.004340765930555526,0.1231928005935846
a3ed2fe218a724b4fepeni,2026-03-01 22:00:00+08:00,0.0,0.01,0.01,0.0,,,28.1,66.0,0.0,WX_CLEANED,22,6,1,0,0.0,0.0,0.004340765930555526,0.1231928005935846
a3ed2fe218a724b4fepeni,2026-03-01 23:00:00+08:00,0.0,0.01,0.01,0.0,,,27.6,70.0,0.0,WX_CLEANED,23,6,1,0,0.0,0.0,0.004340765930555526,0.1231928005935846
a3ed2fe218a724b4fepeni,2026-03-02 00:00:00+08:00,0.0,0.01,0.01,0.0,,,27.3,74.0,0.0,WX_CLEANED,0,0,0,0,0.0,0.0,0.004340765930555526,0.1231928005935846
a3ed2fe218a724b4fepeni,2026-03-02 01:00:00+08:00,0.0,0.01,0.01,0.0,,,27.2,75.0,0.0,WX_CLEANED,1,0,0,0,0.0,0.0,0.004340765930555526,0.1231928005935846
a3ed2fe218a724b4fepeni,2026-03-02 02:00:00+08:00,0.0,0.01,0.01,0.0,,,26.8,78.0,0.0,WX_CLEANED,2,0,0,0,0.0,0.0,0.004340765930555526,0.1231928005935846
a3ed2fe218a724b4fepeni,2026-03-02 03:00:00+08:00,0.0,0.01,0.01,0.0,,,26.8,76.0,0.0,WX_CLEANED,3,0,0,0,0.0,0.0,0.004340765930555526,0.1231928005935846
a3ed2fe218a724b4fepeni,2026-03-02 04:00:00+08:00,0.0,0.01,0.01,0.0,,,26.5,76.0,0.1,WX_CLEANED,4,0,0,0,0.0,0.0,0.004340765930555526,0.1231928005935846
a3ed2fe218a724b4fepeni,2026-03-02 05:00:00+08:00,0.0,0.01,0.01,0.0,,,26.2,75.0,0.1,WX_CLEANED,5,0,0,0,0.031299732833333,0.0,0.0030366103958333174,0.1231928005935846
a3ed2fe218a724b4fepeni,2026-03-02 06:00:00+08:00,0.0,0.01,0.01,0.0,,,26.0,77.0,0.1,WX_CLEANED,6,0,0,0,0.0415338568472219,0.0,0.0013060330271990716,0.1231928005935846
a3ed2fe218a724b4fepeni,2026-03-02 07:00:00+08:00,0.0,0.01,0.01,0.0,,,26.0,77.0,0.0,WX_CLEANED,7,0,0,0,0.0069311031111111,0.025206468,0.001017237064236109,0.1230427620935846
a3ed2fe218a724b4fepeni,2026-03-02 08:00:00+08:00,0.0,0.01,0.01,0.0,,,26.4,78.0,0.0,WX_CLEANED,8,0,0,0,0.0,0.0424308057638886,0.001017237064236109,0.12279019777356145
a3ed2fe218a724b4fepeni,2026-03-02 09:00:00+08:00,0.0,0.01,0.01,0.0,,,27.0,76.0,0.4,WX_CLEANED,9,0,0,0,0.024413689541666398,0.0,0.0,0.12279019777356145
a3ed2fe218a724b4fepeni,2026-03-02 10:00:00+08:00,0.0,0.01,0.01,0.0,,,29.0,67.0,0.1,WX_CLEANED,10,0,0,0,0.0,0.0,0.0,0.12279019777356145
a3ed2fe218a724b4fepeni,2026-03-02 11:00:00+08:00,0.0,0.01,0.01,0.0,,,30.5,59.0,0.2,WX_CLEANED,11,0,0,0,0.0,0.0,0.0,0.12279019777356145
a3ed2fe218a724b4fepeni,2026-03-02 12:00:00+08:00,0.0348905036111111,0.01,0.01,0.0,,,31.2,55.0,0.2,WX_CLEANED,12,0,0,0,0.0,0.0,0.0014537709837963051,0.1229978793426752
a3ed2fe218a724b4fepeni,2026-03-02 13:00:00+08:00,0.427103623972222,1.0,1.0,0.0,,,31.6,54.0,0.1,WX_CLEANED,13,0,0,0,0.0,0.2520247255555554,0.019249755315972224,0.12404001564277439
a3ed2fe218a724b4fepeni,2026-03-02 14:00:00+08:00,0.5186414770555555,1.0,1.0,0.0,,,31.3,58.0,0.0,WX_CLEANED,14,0,0,0,0.0,0.4820425563888887,0.040859816859953706,0.12425786636102838
a3ed2fe218a724b4fepeni,2026-03-02 15:00:00+08:00,0.5000333170555554,1.0,1.0,0.0,,,31.5,57.0,0.0,WX_CLEANED,15,0,0,0,0.0,0.5133519396666664,0.061694538403935184,0.12417858884548603
a3ed2fe218a724b4fepeni,2026-03-02 16:00:00+08:00,0.4129021388888886,0.01,1.0,0.99,58.2927132435466,HOURLY_RECON_GT_5PCT,31.2,58.0,0.0,WX_CLEANED,16,0,0,0,0.0,0.5076814895972219,0.0788987941909722,0.12361442604365072
a3ed2fe218a724b4fepeni,2026-03-02 17:00:00+08:00,0.5825437676805554,1.0,1.0,0.0,,,30.8,60.0,0.0,WX_CLEANED,17,0,0,0,0.0,0.5048079624444441,0.10317145117766202,0.12407713917005617
a3ed2fe218a724b4fepeni,2026-03-02 18:00:00+08:00,0.4924056097222219,1.0,1.0,0.0,,,30.0,64.0,0.0,WX_CLEANED,18,0,0,0,0.0,0.5054872235694442,0.1236883515827546,0.12399927242096555
a3ed2fe218a724b4fepeni,2026-03-02 19:00:00+08:00,0.4895889561944442,1.0,1.0,0.0,,,29.0,69.0,0.0,WX_CLEANED,19,0,0,0,0.0,0.5017446524305554,0.14408789142418976,0.12392691708622679
a3ed2fe218a724b4fepeni,2026-03-02 20:00:00+08:00,0.4906909152499998,1.0,1.0,0.0,,,28.7,69.0,0.0,WX_CLEANED,20,0,0,0,0.0,0.3325941865,0.1645333462262731,0.12486796904307203
a3ed2fe218a724b4fepeni,2026-03-02 21:00:00+08:00,0.0,1.0,0.16,0.0,,,28.1,71.0,0.0,WX_CLEANED,21,0,0,0,0.0,0.0,0.1645333462262731,0.12486796904307203
a3ed2fe218a724b4fepeni,2026-03-02 22:00:00+08:00,0.0,0.16,0.16,0.0,,,27.4,74.0,0.0,WX_CLEANED,22,0,0,0,0.0,0.0,0.1645333462262731,0.12486796904307203
a3ed2fe218a724b4fepeni,2026-03-02 23:00:00+08:00,0.0,0.16,0.16,0.0,,,26.9,77.0,0.0,WX_CLEANED,23,0,0,0,0.0,0.0,0.1645333462262731,0.12486796904307203
a3ed2fe218a724b4fepeni,2026-03-03 00:00:00+08:00,0.0,0.16,0.16,0.0,,,,,,,0,1,0,0,0.0,0.0,0.1645333462262731,0.12486796904307203
a3ed2fe218a724b4fepeni,2026-03-03 01:00:00+08:00,0.0,0.16,0.16,0.0,,,,,,,1,1,0,0,0.0,0.0,0.1645333462262731,0.12486796904307203
a3ed2fe218a724b4fepeni,2026-03-03 02:00:00+08:00,0.0,0.16,0.16,0.0,,,,,,,2,1,0,0,0.0,0.0,0.1645333462262731,0.12486796904307203
a3ed2fe218a724b4fepeni,2026-03-03 03:00:00+08:00,0.0,0.16,0.16,0.0,,,,,,,3,1,0,0,0.0,0.0,0.1645333462262731,0.12486796904307203
a3ed2fe218a724b4fepeni,2026-03-03 04:00:00+08:00,0.0,0.16,0.16,0.0,,,,,,,4,1,0,0,0.0,0.0,0.1645333462262731,0.12486796904307203
a3ed2fe218a724b4fepeni,2026-03-03 05:00:00+08:00,0.0,0.16,0.16,0.0,,,,,,,5,1,0,0,0.0,0.0,0.1645333462262731,0.12486796904307203
a3ed2fe218a724b4fepeni,2026-03-03 06:00:00+08:00,0.0,0.16,0.16,0.0,,,,,,,6,1,0,0,0.0,0.0,0.1645333462262731,0.12486796904307203
a3ed2fe218a724b4fepeni,2026-03-03 07:00:00+08:00,0.0,0.16,0.16,0.0,,,,,,,7,1,0,0,0.0,0.0,0.1645333462262731,0.12486796904307203
a3ed2fe218a724b4fepeni,2026-03-03 08:00:00+08:00,0.0,0.16,0.16,0.0,,,,,,,8,1,0,0,0.0,0.0,0.1645333462262731,0.12486796904307203
a3ed2fe218a724b4fepeni,2026-03-03 09:00:00+08:00,0.0,0.16,0.16,0.0,,,,,,,9,1,0,0,0.0,0.0,0.1645333462262731,0.12486796904307203
a3ed2fe218a724b4fepeni,2026-03-03 10:00:00+08:00,0.0,0.16,0.16,0.0,,,,,,,10,1,0,0,0.0,0.0,0.1645333462262731,0.12486796904307203
a3ed2fe218a724b4fepeni,2026-03-03 11:00:00+08:00,0.0,0.16,0.01,0.0,,,,,,,11,1,0,0,0.0,0.0,0.1645333462262731,0.12486796904307203
a3ed2fe218a724b4fepeni,2026-03-03 12:00:00+08:00,0.0,0.01,0.01,0.0,,,,,,,12,1,0,0,0.0348905036111111,0.0,0.16307957524247682,0.12486796904307203
a3ed2fe218a724b4fepeni,2026-03-03 13:00:00+08:00,0.24418364812499999,0.01,1.0,0.99,75.3349850378788,HOURLY_RECON_GT_5PCT,,,,,13,1,0,0,0.427103623972222,0.1035334545416666,0.1554579095821759,0.12570517257630615
a3ed2fe218a724b4fepeni,2026-03-03 14:00:00+08:00,0.4813698211944441,1.0,1.0,0.0,,,,,,,14,1,0,0,0.5186414770555555,0.44127501002777747,0.15390492392129623,0.12594383216658392
a3ed2fe218a724b4fepeni,2026-03-03 15:00:00+08:00,0.5111251109583331,1.0,1.0,0.0,,,,,,,15,1,0,0,0.5000333170555554,0.518930097847222,0.15436708200057866,0.12589737391129294
a3ed2fe218a724b4fepeni,2026-03-03 16:00:00+08:00,0.4961720855833332,0.01,1.0,0.99,49.88160751683503,HOURLY_RECON_GT_5PCT,,,,,16,1,0,0,0.4129021388888886,0.5047105317499997,0.15783666311284716,0.12584654982696752
a3ed2fe218a724b4fepeni,2026-03-03 17:00:00+08:00,0.4894005908333332,1.0,1.0,0.0,,,,,,,17,1,0,0,0.5825437676805554,0.4974850830138886,0.15395569741087958,0.12579842784970233
a3ed2fe218a724b4fepeni,2026-03-03 18:00:00+08:00,0.484212300972222,1.0,1.0,0.0,,,,,,,18,1,0,0,0.4924056097222219,0.49536341047222177,0.15361430954629626,0.1257320521979166
a3ed2fe218a724b4fepeni,2026-03-03 19:00:00+08:00,0.484009220847222,1.0,1.0,0.0,,,,,,,19,1,0,0,0.4895889561944442,0.4930853548888886,0.1533818205734953,0.12567802759052574
a3ed2fe218a724b4fepeni,2026-03-03 20:00:00+08:00,0.4009000214166665,1.0,1.0,0.0,,,,,,,20,1,0,0,0.4906909152499998,0.4872126820833331,0.14964053333043978,0.12516426175322412
a3ed2fe218a724b4fepeni,2026-03-03 21:00:00+08:00,0.0,1.0,0.6,0.0,,,,,,,21,1,0,0,0.0,0.0,0.14964053333043978,0.12516426175322412
a3ed2fe218a724b4fepeni,2026-03-03 22:00:00+08:00,0.0,0.6,0.6,0.0,,,,,,,22,1,0,0,0.0,0.0,0.14964053333043978,0.12516426175322412
a3ed2fe218a724b4fepeni,2026-03-03 23:00:00+08:00,0.0,0.6,0.6,0.0,,,,,,,23,1,0,0,0.0,0.0,0.14964053333043978,0.12516426175322412
a3ed2fe218a724b4fepeni,2026-03-04 00:00:00+08:00,0.0,0.6,0.6,0.0,,,,,,,0,2,0,0,0.0,0.0,0.14964053333043978,0.12516426175322412
a3ed2fe218a724b4fepeni,2026-03-04 01:00:00+08:00,0.0,0.6,0.01,0.0,,,,,,,1,2,0,0,0.0,0.0,0.14964053333043978,0.12516426175322412
a3ed2fe218a724b4fepeni,2026-03-04 02:00:00+08:00,0.0,0.01,0.01,0.0,,,,,,,2,2,0,0,0.0,0.0,0.14964053333043978,0.12516426175322412
a3ed2fe218a724b4fepeni,2026-03-04 03:00:00+08:00,0.0,0.01,0.01,0.0,,,,,,,3,2,0,0,0.0,0.0,0.14964053333043978,0.12516426175322412
