device_id,timestamp,kWh,temperature,humidity,pressure,hour_of_day,day_of_week,is_weekend,is_holiday,lag_24,lag_168,rolling_mean_24,rolling_mean_168
a3986d20c19f33c7c107fw,2026-01-09 16:00:00,0.1271858333333329,28.5,61.0,1009.5,16,5,0,0,0.0919474999999999,0.0117883333333332,0.0951892361111108,0.0775337599206346
a3986d20c19f33c7c107fw,2026-01-09 17:00:00,0.1487483333333331,27.9,64.0,1010.3,17,5,0,0,0.1262274999999998,0.0149883333333331,0.0961276041666664,0.0783299503968251
a3986d20c19f33c7c107fw,2026-01-09 18:00:00,0.1498574999999997,27.0,67.0,1010.6,18,5,0,0,0.1483999999999998,0.0173616666666664,0.096188333333333,0.0791186160714283
a3986d20c19f33c7c107fw,2026-01-09 19:00:00,0.1384008333333331,26.5,70.0,1011.1,19,5,0,0,0.1217858333333332,0.0140183333333331,0.0968806249999997,0.0798589880952378
a3986d20c19f33c7c107fw,2026-01-09 20:00:00,0.0997566666666664,26.2,70.0,1011.9,20,5,0,0,0.0544324999999997,0.0086066666666664,0.0987691319444442,0.0804015476190473
a3986d20c19f33c7c107fw,2026-01-09 21:00:00,0.1198691666666663,26.0,70.0,1012.2,21,5,0,0,0.1054558333333331,0.0139199999999997,0.0993696874999997,0.0810321974206346
a3986d20c19f33c7c107fw,2026-01-09 22:00:00,0.1101883333333331,25.4,74.0,1012.1,22,5,0,0,0.0882166666666665,0.0116374999999998,0.1002851736111108,0.0816188095238092
a3986d20c19f33c7c107fw,2026-01-09 23:00:00,0.0864808333333331,25.2,75.0,1011.6,23,5,0,0,0.0608758333333332,0.0152566666666663,0.1013520486111108,0.0820427628968251
a3986d20c19f33c7c107fw,2026-01-10 00:00:00,0.1287949999999997,25.0,77.0,1011.4,0,6,1,0,0.0655024999999998,0.0128108333333331,0.1039892361111108,0.0827331448412695
a3986d20c19f33c7c107fw,2026-01-10 01:00:00,0.1249691666666661,25.0,78.0,1011.2,1,6,1,0,0.0781699999999997,0.0093224999999996,0.1059392013888886,0.0834215178571426
a3986d20c19f33c7c107fw,2026-01-10 02:00:00,0.1305941666666666,24.7,81.0,1010.5,2,6,1,0,0.0898383333333332,0.0091741666666665,0.1076373611111108,0.0841442559523807
a3986d20c19f33c7c107fw,2026-01-10 03:00:00,0.1234999999999998,24.3,81.0,1010.1,3,6,1,0,0.1374999999999997,0.0109874999999997,0.1070540277777775,0.0848139732142854
a3986d20c19f33c7c107fw,2026-01-10 04:00:00,0.0500608333333334,24.2,78.0,1010.5,4,6,1,0,0.0614816666666663,0.0061233333333332,0.1065781597222219,0.0850755059523807
a3986d20c19f33c7c107fw,2026-01-10 05:00:00,0.036045,23.9,79.0,1010.5,5,6,1,0,0.0383725,0.0044666666666664,0.1064811805555552,0.0852634722222219
a3986d20c19f33c7c107fw,2026-01-10 06:00:00,0.0783299999999998,23.6,83.0,1010.8,6,6,1,0,0.1162008333333333,0.016175833333333,0.1049032291666664,0.0856334374999997
a3986d20c19f33c7c107fw,2026-01-10 07:00:00,0.077735,23.8,82.0,1011.6,7,6,1,0,0.1369999999999996,0.0226633333333331,0.1024338541666664,0.0859612450396822
a3986d20c19f33c7c107fw,2026-01-10 08:00:00,0.0789424999999999,24.0,86.0,1012.5,8,6,1,0,0.0852116666666664,0.0301716666666664,0.1021726388888886,0.0862515476190473
a3986d20c19f33c7c107fw,2026-01-10 09:00:00,0.0590658333333329,25.2,79.0,1012.8,9,6,1,0,0.100163333333333,0.0246458333333332,0.1004602430555553,0.0864564285714283
a3986d20c19f33c7c107fw,2026-01-10 10:00:00,0.0493616666666664,27.4,65.0,1012.3,10,6,1,0,0.0720674999999998,0.0258633333333331,0.0995141666666664,0.0865962996031743
a3986d20c19f33c7c107fw,2026-01-10 11:00:00,0.0516716666666664,29.0,59.0,1011.7,11,6,1,0,0.0528074999999998,0.0246649999999997,0.0994668402777775,0.0867570535714283
a3986d20c19f33c7c107fw,2026-01-10 12:00:00,0.0481466666666662,30.2,54.0,1010.7,12,6,1,0,0.1186599999999995,0.0317933333333331,0.0965287847222219,0.0868543948412695
a3986d20c19f33c7c107fw,2026-01-10 13:00:00,0.0654558333333333,30.3,55.0,1009.6,13,6,1,0,0.0592599999999997,0.0288933333333331,0.0967869444444442,0.087072028769841
a3986d20c19f33c7c107fw,2026-01-10 14:00:00,0.0703774999999994,27.7,67.0,1009.5,14,6,1,0,0.1151733333333329,0.0248183333333329,0.0949204513888886,0.087343214285714
a3986d20c19f33c7c107fw,2026-01-10 15:00:00,0.074740833333333,28.0,65.0,1009.5,15,6,1,0,0.1245524999999997,0.0259966666666663,0.0928449652777775,0.0876333581349203
a3986d20c19f33c7c107fw,2026-01-10 16:00:00,0.1500099999999998,27.2,70.0,1009.7,16,6,1,0,0.1271858333333329,0.0642416666666664,0.0937959722222219,0.0881438839285711
a3986d20c19f33c7c107fw,2026-01-10 17:00:00,0.1528899999999998,27.1,69.0,1010.2,17,6,1,0,0.1487483333333331,0.0861366666666664,0.0939685416666664,0.0885412251984124
a3986d20c19f33c7c107fw,2026-01-10 18:00:00,0.1849999999999997,27.0,71.0,1010.6,18,6,1,0,0.1498574999999997,0.1147424999999996,0.0954328124999997,0.0889594246031743
a3986d20c19f33c7c107fw,2026-01-10 19:00:00,0.1557158333333329,26.6,75.0,1011.4,19,6,1,0,0.1384008333333331,0.0873824999999998,0.096154270833333,0.0893661706349203
a3986d20c19f33c7c107fw,2026-01-10 20:00:00,0.0948741666666663,26.1,78.0,1012.5,20,6,1,0,0.0997566666666664,0.0846916666666664,0.095950833333333,0.089426780753968
a3986d20c19f33c7c107fw,2026-01-10 21:00:00,0.1531774999999996,26.1,82.0,1012.9,21,6,1,0,0.1198691666666663,0.1105658333333331,0.0973386805555553,0.0896804216269838
a3986d20c19f33c7c107fw,2026-01-10 22:00:00,0.1282124999999997,26.1,83.0,1012.8,22,6,1,0,0.1101883333333331,0.0898016666666664,0.0980896874999997,0.0899090575396822
a3986d20c19f33c7c107fw,2026-01-10 23:00:00,0.0844149999999998,26.1,82.0,1012.5,23,6,1,0,0.0864808333333331,0.0666016666666662,0.0980036111111108,0.090015089285714
a3986d20c19f33c7c107fw,2026-01-11 00:00:00,0.1129808333333329,26.0,82.0,1012.3,0,7,1,0,0.1287949999999997,0.0896199999999997,0.0973446874999997,0.0901541418650791
a3986d20c19f33c7c107fw,2026-01-11 01:00:00,0.1024866666666663,26.0,84.0,1012.2,1,7,1,0,0.1249691666666661,0.0899858333333329,0.0964079166666664,0.0902285515873013
a3986d20c19f33c7c107fw,2026-01-11 02:00:00,0.100783333333333,25.4,86.0,1011.9,2,7,1,0,0.1305941666666666,0.1159999999999997,0.0951657986111108,0.0901379761904759
a3986d20c19f33c7c107fw,2026-01-11 03:00:00,0.1217483333333332,25.2,85.0,1011.8,3,7,1,0,0.1234999999999998,0.086160833333333,0.0950928124999997,0.0903498065476188
a3986d20c19f33c7c107fw,2026-01-11 04:00:00,0.067973333333333,25.0,84.0,1011.7,4,7,1,0,0.0500608333333334,0.1147616666666665,0.0958391666666664,0.0900713045634918
a3986d20c19f33c7c107fw,2026-01-11 05:00:00,0.0488658333333331,24.9,82.0,1011.7,5,7,1,0,0.036045,0.0837599999999997,0.0963733680555552,0.0898636011904759
a3986d20c19f33c7c107fw,2026-01-11 06:00:00,0.1063591666666666,24.9,80.0,1012.1,6,7,1,0,0.0783299999999998,0.1219999999999996,0.0975412499999997,0.0897705009920632
a3986d20c19f33c7c107fw,2026-01-11 07:00:00,0.1053991666666666,25.0,79.0,1012.7,7,7,1,0,0.077735,0.0609274999999998,0.0986939236111108,0.0900352132936505
a3986d20c19f33c7c107fw,2026-01-11 08:00:00,0.1072749999999997,25.5,77.0,1013.3,8,7,1,0,0.0789424999999999,0.1052258333333329,0.0998744444444441,0.0900474107142854
a3986d20c19f33c7c107fw,2026-01-11 09:00:00,0.0802958333333334,27.3,67.0,1013.6,9,7,1,0,0.0590658333333329,0.0937674999999998,0.1007590277777775,0.0899672222222219
a3986d20c19f33c7c107fw,2026-01-11 10:00:00,0.0639116666666664,28.9,60.0,1013.6,10,7,1,0,0.0493616666666664,0.0683674999999995,0.1013652777777775,0.0899406994047616
a3986d20c19f33c7c107fw,2026-01-11 11:00:00,0.0701124999999995,30.2,53.0,1013.0,11,7,1,0,0.0516716666666664,0.113828333333333,0.102133645833333,0.0896804861111108
a3986d20c19f33c7c107fw,2026-01-11 12:00:00,0.0653149999999997,30.5,52.0,1012.2,12,7,1,0,0.0481466666666662,0.0683933333333328,0.1028489930555552,0.0896621626984124
a3986d20c19f33c7c107fw,2026-01-11 13:00:00,0.0888199999999999,29.9,56.0,1011.5,13,7,1,0,0.0654558333333333,0.0902716666666664,0.1038224999999997,0.0896535218253965
a3986d20c19f33c7c107fw,2026-01-11 14:00:00,0.0956124999999994,29.9,59.0,1010.7,14,7,1,0,0.0703774999999994,0.116848333333333,0.104873958333333,0.0895271180555553
a3986d20c19f33c7c107fw,2026-01-11 15:00:00,0.1014641666666666,30.4,60.0,1010.3,15,7,1,0,0.074740833333333,0.1087149999999997,0.1059874305555553,0.089483958333333
a3986d20c19f33c7c107fw,2026-01-11 16:00:00,0.1339749999999999,27.25,76.5,1011.6,16,7,1,0,0.1500099999999998,0.0882258333333331,0.1053193055555553,0.089756274801587
a3986d20c19f33c7c107fw,2026-01-11 17:00:00,0.1554199999999998,24.1,93.0,1011.6,17,7,1,0,0.1528899999999998,0.0839049999999999,0.1054247222222219,0.0901819593253965
a3986d20c19f33c7c107fw,2026-01-11 18:00:00,0.1803716666666664,25.1,89.0,1012.0,18,7,1,0,0.1849999999999997,0.1179949999999998,0.1052318749999997,0.0905532490079362
a3986d20c19f33c7c107fw,2026-01-11 19:00:00,0.1466558333333332,25.9,85.0,1012.5,19,7,1,0,0.1557158333333329,0.084395833333333,0.1048543749999997,0.0909238442460315
a3986d20c19f33c7c107fw,2026-01-11 20:00:00,0.0894199999999998,27.1,74.0,1013.5,20,7,1,0,0.0948741666666663,0.0842958333333332,0.1046271180555553,0.090954345238095
a3986d20c19f33c7c107fw,2026-01-11 21:00:00,0.144193333333333,27.1,69.0,1014.0,21,7,1,0,0.1531774999999996,0.1196016666666662,0.1042527777777775,0.0911007242063489
a3986d20c19f33c7c107fw,2026-01-11 22:00:00,0.1207549999999997,26.8,68.0,1014.0,22,7,1,0,0.1282124999999997,0.0862816666666663,0.1039420486111108,0.0913059226190473
a3986d20c19f33c7c107fw,2026-01-11 23:00:00,0.0803591666666665,26.1,69.0,1013.8,23,7,1,0,0.0844149999999998,0.1006816666666663,0.1037730555555553,0.0911849553571426
a3986d20c19f33c7c107fw,2026-01-12 00:00:00,0.1065083333333332,25.7,71.0,1013.8,0,1,0,0,0.1129808333333329,0.0944033333333331,0.1035033680555553,0.0912570089285711
a3986d20c19f33c7c107fw,2026-01-12 01:00:00,0.0964774999999997,25.1,75.0,1013.3,1,1,0,0,0.1024866666666663,0.0788291666666665,0.1032529861111108,0.0913620585317458
a3986d20c19f33c7c107fw,2026-01-12 02:00:00,0.0948691666666664,25.2,76.0,1012.8,2,1,0,0,0.100783333333333,0.0906016666666664,0.1030065624999997,0.09138746031746
a3986d20c19f33c7c107fw,2026-01-12 03:00:00,0.1146666666666665,24.6,79.0,1012.4,3,1,0,0,0.1217483333333332,0.1047999999999997,0.1027114930555553,0.0914461904761902
a3986d20c19f33c7c107fw,2026-01-12 04:00:00,0.0639699999999998,24.2,81.0,1012.3,4,1,0,0,0.067973333333333,0.0590016666666664,0.1025446874999997,0.0914757638888886
a3986d20c19f33c7c107fw,2026-01-12 05:00:00,0.0460083333333334,24.1,79.0,1012.6,5,1,0,0,0.0488658333333331,0.0972649999999998,0.1024256249999998,0.0911706646825394
a3986d20c19f33c7c107fw,2026-01-12 06:00:00,0.1000841666666663,24.0,79.0,1013.2,6,1,0,0,0.1063591666666666,0.0857924999999996,0.1021641666666664,0.0912557341269838
a3986d20c19f33c7c107fw,2026-01-12 07:00:00,0.0993049999999998,24.0,79.0,1013.6,7,1,0,0,0.1053991666666666,0.074065833333333,0.1019102430555553,0.0914059672619045
a3986d20c19f33c7c107fw,2026-01-12 08:00:00,0.1010049999999999,25.4,71.0,1014.6,8,1,0,0,0.1072749999999997,0.0991508333333328,0.1016489930555553,0.0914170039682537
a3986d20c19f33c7c107fw,2026-01-12 09:00:00,0.0756216666666665,26.5,65.0,1014.9,9,1,0,0,0.0802958333333334,0.0643183333333331,0.1014542361111108,0.0914842857142854
a3986d20c19f33c7c107fw,2026-01-12 10:00:00,0.0607533333333331,27.6,61.0,1014.3,10,1,0,0,0.0639116666666664,0.1006674999999997,0.1013226388888886,0.0912467013888886
a3986d20c19f33c7c107fw,2026-01-12 11:00:00,0.0660549999999998,28.6,56.0,1013.9,11,1,0,0,0.0701124999999995,0.1020849999999998,0.1011535763888886,0.0910322371031743
a3986d20c19f33c7c107fw,2026-01-12 12:00:00,0.061448333333333,29.1,54.0,1013.2,12,1,0,0,0.0653149999999997,0.1079391666666664,0.1009924652777775,0.0907555059523807
a3986d20c19f33c7c107fw,2026-01-12 13:00:00,0.0836249999999994,29.3,54.0,1012.1,13,1,0,0,0.0888199999999999,0.1284999999999998,0.1007760069444442,0.0904883928571426
a3986d20c19f33c7c107fw,2026-01-12 14:00:00,0.0900758333333327,29.9,53.0,1011.2,14,1,0,0,0.0956124999999994,0.0890774999999998,0.1005453124999997,0.09049433531746
a3986d20c19f33c7c107fw,2026-01-12 15:00:00,0.0956083333333331,30.5,51.0,1010.4,15,1,0,0,0.1014641666666666,0.1224249999999999,0.1003013194444442,0.090334712301587
a3986d20c19f33c7c107fw,2026-01-12 16:00:00,0.1293908333333332,30.1,52.0,1010.5,16,1,0,0,0.1339749999999999,0.0701016666666662,0.1001103124999997,0.0906876240079362
a3986d20c19f33c7c107fw,2026-01-12 17:00:00,0.1503191666666663,29.1,57.0,1011.1,17,1,0,0,0.1554199999999998,0.0956891666666665,0.0998977777777775,0.0910128025793648
a3986d20c19f33c7c107fw,2026-01-12 18:00:00,0.1743258333333331,27.9,60.0,1011.5,18,1,0,0,0.1803716666666664,0.1227149999999996,0.0996458680555553,0.0913200099206346
a3986d20c19f33c7c107fw,2026-01-12 19:00:00,0.1417466666666664,27.3,63.0,1012.1,19,1,0,0,0.1466558333333332,0.0855166666666664,0.0994413194444442,0.091654712301587
a3986d20c19f33c7c107fw,2026-01-12 20:00:00,0.0863833333333332,25.0,78.0,1012.6,20,1,0,0,0.0894199999999998,0.0855166666666664,0.0993147916666664,0.0916598710317458
a3986d20c19f33c7c107fw,2026-01-12 21:00:00,0.1393974999999996,25.4,78.0,1012.9,21,1,0,0,0.144193333333333,0.1330691666666663,0.0991149652777775,0.0916975396825394
a3986d20c19f33c7c107fw,2026-01-12 22:00:00,0.1167391666666665,25.4,77.0,1012.8,22,1,0,0,0.1207549999999997,0.0921599999999997,0.0989476388888886,0.0918438442460315
a3986d20c19f33c7c107fw,2026-01-12 23:00:00,0.0781824999999997,25.2,79.0,1012.9,23,1,0,0,0.0803591666666665,0.0842908333333331,0.0988569444444442,0.0918074851190473
a3986d20c19f33c7c107fw,2026-01-13 00:00:00,0.1029199999999997,25.0,81.0,1012.3,0,2,0,0,0.1065083333333332,0.1087199999999997,0.0987074305555553,0.0917729613095235
a3986d20c19f33c7c107fw,2026-01-13 01:00:00,0.0932208333333331,24.7,84.0,1012.0,1,2,0,0,0.0964774999999997,0.1022199999999996,0.0985717361111108,0.0917193948412696
a3986d20c19f33c7c107fw,2026-01-13 02:00:00,0.0917433333333331,24.5,82.0,1011.6,2,2,0,0,0.0948691666666664,0.0786541666666665,0.0984414930555553,0.0917973065476188
a3986d20c19f33c7c107fw,2026-01-13 03:00:00,0.1107750000000001,24.2,85.0,1011.2,3,2,0,0,0.1146666666666665,0.1023341666666664,0.0982793402777775,0.0918475496031743
a3986d20c19f33c7c107fw,2026-01-13 04:00:00,0.0618866666666663,24.0,86.0,1011.1,4,2,0,0,0.0639699999999998,0.1159941666666665,0.0981925347222219,0.0915254811507934
a3986d20c19f33c7c107fw,2026-01-13 05:00:00,0.0445066666666665,23.9,86.0,1011.5,5,2,0,0,0.0460083333333334,0.1315999999999997,0.0981299652777775,0.0910070684523807
a3986d20c19f33c7c107fw,2026-01-13 06:00:00,0.0967266666666666,24.0,85.0,1011.5,6,2,0,0,0.1000841666666663,0.0761783333333331,0.0979900694444442,0.0911293799603172
a3986d20c19f33c7c107fw,2026-01-13 07:00:00,0.0960274999999997,24.2,82.0,1012.0,7,2,0,0,0.0993049999999998,0.0986108333333332,0.0978535069444442,0.0911140029761902
a3986d20c19f33c7c107fw,2026-01-13 08:00:00,0.0976058333333332,24.4,84.0,1012.7,8,2,0,0,0.1010049999999999,0.1045833333333333,0.0977118749999997,0.091072470238095
a3986d20c19f33c7c107fw,2026-01-13 09:00:00,0.0731958333333332,25.2,80.0,1013.1,9,2,0,0,0.0756216666666665,0.059453333333333,0.0976107986111108,0.0911542708333331
a3986d20c19f33c7c107fw,2026-01-13 10:00:00,0.0590449999999996,26.5,75.0,1013.1,10,2,0,0,0.0607533333333331,0.0493283333333331,0.0975396180555553,0.0912121081349204
a3986d20c19f33c7c107fw,2026-01-13 11:00:00,0.0638599999999997,27.2,70.0,1012.6,11,2,0,0,0.0660549999999998,0.0690591666666665,0.0974481597222219,0.0911811607142854
a3986d20c19f33c7c107fw,2026-01-13 12:00:00,0.0593041666666668,27.4,72.0,1011.8,12,2,0,0,0.061448333333333,0.0646983333333333,0.0973588194444442,0.0911490525793648
a3986d20c19f33c7c107fw,2026-01-13 13:00:00,0.0809866666666664,28.1,69.0,1010.8,13,2,0,0,0.0836249999999994,0.1161016666666664,0.0972488888888886,0.0909400347222219
a3986d20c19f33c7c107fw,2026-01-13 14:00:00,0.0869466666666666,28.8,66.0,1009.5,14,2,0,0,0.0900758333333327,0.0845341666666659,0.0971185069444442,0.0909543948412696
a3986d20c19f33c7c107fw,2026-01-13 15:00:00,0.09236,28.7,66.0,1009.1,15,2,0,0,0.0956083333333331,0.084434166666667,0.096983159722222,0.0910015724206346
a3986d20c19f33c7c107fw,2026-01-13 16:00:00,0.1244141666666664,28.4,68.0,1009.1,16,2,0,0,0.1293908333333332,0.1042349999999999,0.0967757986111109,0.0911216865079362
a3986d20c19f33c7c107fw,2026-01-13 17:00:00,0.1443066666666664,28.0,71.0,1009.5,17,2,0,0,0.1503191666666663,0.1180291666666664,0.0965252777777776,0.0912781001984124
a3986d20c19f33c7c107fw,2026-01-13 18:00:00,0.1676141666666665,27.3,77.0,1010.1,18,2,0,0,0.1743258333333331,0.0859533333333331,0.0962456249999998,0.0917641765873013
a3986d20c19f33c7c107fw,2026-01-13 19:00:00,0.1361224999999996,26.6,81.0,1010.9,19,2,0,0,0.1417466666666664,0.1129541666666663,0.096011284722222,0.091902083333333
a3986d20c19f33c7c107fw,2026-01-13 20:00:00,0.0830408333333332,26.6,83.0,1011.1,20,2,0,0,0.0863833333333332,0.0755533333333331,0.0958720138888887,0.091946651785714
a3986d20c19f33c7c107fw,2026-01-13 21:00:00,0.1340433333333331,26.9,80.0,1011.2,21,2,0,0,0.1393974999999996,0.0848841666666664,0.0956489236111109,0.0922392658730156
a3986d20c19f33c7c107fw,2026-01-13 22:00:00,0.1121224999999996,26.5,84.0,1011.6,22,2,0,0,0.1167391666666665,0.1258908333333331,0.0954565624999998,0.0921573115079362
a3986d20c19f33c7c107fw,2026-01-13 23:00:00,0.0757308333333331,26.0,88.0,1011.3,23,2,0,0,0.0781824999999997,0.0781149999999998,0.095354409722222,0.0921431200396823
a3986d20c19f33c7c107fw,2026-01-14 00:00:00,0.0989574999999998,25.5,90.0,1011.1,0,3,0,0,0.1029199999999997,0.0733624999999998,0.0951893055555553,0.0922954712301585
a3986d20c19f33c7c107fw,2026-01-14 01:00:00,0.0896199999999996,25.1,91.0,1010.4,1,3,0,0,0.0932208333333331,0.0818933333333331,0.0950392708333331,0.0923414632936505
a3986d20c19f33c7c107fw,2026-01-14 02:00:00,0.088113333333333,24.4,92.0,1010.0,2,3,0,0,0.0917433333333331,0.0516899999999997,0.0948880208333331,0.0925582688492061
a3986d20c19f33c7c107fw,2026-01-14 03:00:00,0.1064974999999998,24.4,93.0,1009.5,3,3,0,0,0.1107750000000001,0.0781349999999997,0.0947097916666664,0.092727093253968
a3986d20c19f33c7c107fw,2026-01-14 04:00:00,0.0594824999999998,24.2,93.0,1009.4,4,3,0,0,0.0618866666666663,0.0573616666666665,0.0946096180555553,0.0927397172619045
a3986d20c19f33c7c107fw,2026-01-14 05:00:00,0.0427674999999999,24.4,93.0,1009.7,5,3,0,0,0.0445066666666665,0.0379474999999999,0.0945371527777775,0.092768407738095
a3986d20c19f33c7c107fw,2026-01-14 06:00:00,0.0929724999999996,24.2,93.0,1010.1,6,3,0,0,0.0967266666666666,0.1241616666666663,0.0943807291666664,0.0925827579365077
a3986d20c19f33c7c107fw,2026-01-14 07:00:00,0.0938391666666663,24.2,94.0,1010.8,7,3,0,0,0.0960274999999997,0.078925833333333,0.0942895486111108,0.0926715277777775
a3986d20c19f33c7c107fw,2026-01-14 08:00:00,0.0938916666666663,25.0,87.0,1011.5,8,3,0,0,0.0976058333333332,0.1109966666666663,0.0941347916666664,0.092569712301587
a3986d20c19f33c7c107fw,2026-01-14 09:00:00,0.0702249999999996,25.9,84.0,1012.0,9,3,0,0,0.0731958333333332,0.0998466666666663,0.0940110069444442,0.0923933928571426
a3986d20c19f33c7c107fw,2026-01-14 10:00:00,0.0571241666666664,26.2,81.0,1011.7,10,3,0,0,0.0590449999999996,0.0926591666666664,0.0939309722222219,0.0921818749999997
a3986d20c19f33c7c107fw,2026-01-14 11:00:00,0.0613649999999996,26.7,79.0,1011.4,11,3,0,0,0.0638599999999997,0.1181041666666665,0.0938270138888886,0.0918441418650791
a3986d20c19f33c7c107fw,2026-01-14 12:00:00,0.0570541666666665,27.6,75.0,1010.6,12,3,0,0,0.0593041666666668,0.071233333333333,0.0937332638888886,0.0917597420634918
a3986d20c19f33c7c107fw,2026-01-14 13:00:00,0.0778908333333333,29.0,70.0,1009.2,13,3,0,0,0.0809866666666664,0.085433333333333,0.0936042708333331,0.0917148462301584
a3986d20c19f33c7c107fw,2026-01-14 14:00:00,0.0836124999999997,28.8,68.0,1008.5,14,3,0,0,0.0869466666666666,0.1142999999999998,0.0934653472222219,0.0915321825396823
a3986d20c19f33c7c107fw,2026-01-14 15:00:00,0.0886949999999995,29.8,61.0,1008.0,15,3,0,0,0.09236,0.0645891666666667,0.0933126388888886,0.0916756696428569
a3986d20c19f33c7c107fw,2026-01-14 16:00:00,0.1242766666666664,29.6,57.0,1008.2,16,3,0,0,0.1244141666666664,0.0536999999999998,0.0933069097222219,0.0920957688492061
a3986d20c19f33c7c107fw,2026-01-14 17:00:00,0.1443066666666664,27.9,65.0,1008.9,17,3,0,0,0.1443066666666664,0.0431999999999996,0.0933069097222219,0.0926975942460315
a3986d20c19f33c7c107fw,2026-01-14 18:00:00,0.1676141666666665,26.6,72.0,1009.2,18,3,0,0,0.1676141666666665,0.0528191666666663,0.0933069097222219,0.09338089781746
a3986d20c19f33c7c107fw,2026-01-14 19:00:00,0.1361224999999996,26.2,75.0,1010.1,19,3,0,0,0.1361224999999996,0.0489558333333331,0.0933069097222219,0.0938997470238092
a3986d20c19f33c7c107fw,2026-01-14 20:00:00,0.0830408333333332,25.0,80.0,1011.4,20,3,0,0,0.0830408333333332,0.0432999999999998,0.0933069097222219,0.0941362996031743
a3986d20c19f33c7c107fw,2026-01-14 21:00:00,0.1340433333333331,25.2,78.0,1011.6,21,3,0,0,0.1340433333333331,0.0587391666666666,0.0933069097222219,0.0945845386904759
a3986d20c19f33c7c107fw,2026-01-14 22:00:00,0.1121224999999996,24.5,84.0,1011.9,22,3,0,0,0.1121224999999996,0.0589724999999998,0.0933069097222219,0.094900907738095
a3986d20c19f33c7c107fw,2026-01-14 23:00:00,0.0757308333333331,24.2,87.0,1011.8,23,3,0,0,0.0757308333333331,0.0481566666666664,0.0933069097222219,0.0950650396825394
a3986d20c19f33c7c107fw,2026-01-15 00:00:00,0.0989574999999998,24.4,86.0,1011.3,0,4,0,0,0.0989574999999998,0.0499983333333332,0.0933069097222219,0.0953564632936505
a3986d20c19f33c7c107fw,2026-01-15 01:00:00,0.0896199999999996,24.2,88.0,1010.8,1,4,0,0,0.0896199999999996,0.0476308333333331,0.0933069097222219,0.0956063988095235
a3986d20c19f33c7c107fw,2026-01-15 02:00:00,0.088113333333333,24.1,88.0,1010.4,2,4,0,0,0.088113333333333,0.0419124999999996,0.0933069097222219,0.095881403769841
a3986d20c19f33c7c107fw,2026-01-15 03:00:00,0.1064974999999998,24.1,88.0,1010.1,3,4,0,0,0.1064974999999998,0.0485891666666666,0.0933069097222219,0.0962260962301584
a3986d20c19f33c7c107fw,2026-01-15 04:00:00,0.0594824999999998,24.1,88.0,1010.2,4,4,0,0,0.0594824999999998,0.0511041666666664,0.0933069097222219,0.0962759672619045
a3986d20c19f33c7c107fw,2026-01-15 05:00:00,0.0427674999999999,23.9,89.0,1010.0,5,4,0,0,0.0427674999999999,0.0877916666666664,0.0933069097222219,0.096007966269841
a3986d20c19f33c7c107fw,2026-01-15 06:00:00,0.0929724999999996,23.6,90.0,1010.5,6,4,0,0,0.0929724999999996,0.0935083333333332,0.0933069097222219,0.096004776785714
a3986d20c19f33c7c107fw,2026-01-15 07:00:00,0.0938391666666663,23.7,90.0,1010.8,7,4,0,0,0.0938391666666663,0.0975999999999998,0.0933069097222219,0.0959823908730156
a3986d20c19f33c7c107fw,2026-01-15 08:00:00,0.0938916666666663,24.4,90.0,1011.8,8,4,0,0,0.0938916666666663,0.0691299999999996,0.0933069097222219,0.0961297817460315
a3986d20c19f33c7c107fw,2026-01-15 09:00:00,0.0702249999999996,25.0,85.0,1012.2,9,4,0,0,0.0702249999999996,0.0705099999999998,0.0933069097222219,0.09612808531746
a3986d20c19f33c7c107fw,2026-01-15 10:00:00,0.0571241666666664,26.0,79.0,1011.8,10,4,0,0,0.0571241666666664,0.0377141666666663,0.0933069097222219,0.0962436210317458
a3986d20c19f33c7c107fw,2026-01-15 11:00:00,0.0613649999999996,27.0,73.0,1011.2,11,4,0,0,0.0613649999999996,0.0380325,0.0933069097222219,0.0963825049603172
a3986d20c19f33c7c107fw,2026-01-15 12:00:00,0.0570541666666665,27.5,69.0,1010.5,12,4,0,0,0.0570541666666665,0.0592549999999995,0.0933069097222219,0.0963694047619045
a3986d20c19f33c7c107fw,2026-01-15 13:00:00,0.0778908333333333,28.1,67.0,1009.3,13,4,0,0,0.0778908333333333,0.0727374999999998,0.0933069097222219,0.0964000793650791
a3986d20c19f33c7c107fw,2026-01-15 14:00:00,0.0836124999999997,28.1,67.0,1008.2,14,4,0,0,0.0836124999999997,0.0478883333333329,0.0933069097222219,0.0966127232142854
a3986d20c19f33c7c107fw,2026-01-15 15:00:00,0.0886949999999995,28.2,66.0,1008.0,15,4,0,0,0.0886949999999995,0.0846549999999999,0.0933069097222219,0.0966367708333331
a3986d20c19f33c7c107fw,2026-01-15 16:00:00,0.1285349999999999,28.4,65.0,1007.9,16,4,0,0,0.1242766666666664,0.0919474999999999,0.0934843402777775,0.0968545535714283
a3986d20c19f33c7c107fw,2026-01-15 17:00:00,0.1497066666666665,28.2,65.0,1008.1,17,4,0,0,0.1443066666666664,0.1262274999999998,0.0937093402777775,0.0969943105158727
a3986d20c19f33c7c107fw,2026-01-15 18:00:00,0.1735583333333331,27.3,72.0,1008.5,18,4,0,0,0.1676141666666665,0.1483999999999998,0.0939570138888886,0.0971440624999997
a3986d20c19f33c7c107fw,2026-01-15 19:00:00,0.141233333333333,26.6,78.0,1008.8,19,4,0,0,0.1361224999999996,0.1217858333333332,0.0941699652777775,0.0972598214285711
a3986d20c19f33c7c107fw,2026-01-15 20:00:00,0.0859783333333331,26.5,78.0,1009.4,20,4,0,0,0.0830408333333332,0.0544324999999997,0.0942923611111108,0.0974475942460315
a3986d20c19f33c7c107fw,2026-01-15 21:00:00,0.1388366666666663,25.8,82.0,1009.6,21,4,0,0,0.1340433333333331,0.1054558333333331,0.094492083333333,0.0976462896825394
a3986d20c19f33c7c107fw,2026-01-15 22:00:00,0.1161383333333331,25.5,84.0,1009.4,22,4,0,0,0.1121224999999996,0.0882166666666665,0.0946594097222219,0.0978124900793648
a3986d20c19f33c7c107fw,2026-01-15 23:00:00,0.0779099999999998,25.1,86.0,1009.2,23,4,0,0,0.0757308333333331,0.0608758333333332,0.094750208333333,0.0979138839285712
a3986d20c19f33c7c107fw,2026-01-16 00:00:00,0.1024458333333331,24.9,88.0,1008.8,0,5,0,0,0.0989574999999998,0.0655024999999998,0.0948955555555552,0.0981337847222219
a3986d20c19f33c7c107fw,2026-01-16 01:00:00,0.0928766666666662,24.8,90.0,1008.6,1,5,0,0,0.0896199999999996,0.0781699999999997,0.0950312499999997,0.0982213244047616
a3986d20c19f33c7c107fw,2026-01-16 02:00:00,0.091338333333333,24.5,91.0,1007.9,2,5,0,0,0.088113333333333,0.0898383333333332,0.0951656249999997,0.0982302529761902
a3986d20c19f33c7c107fw,2026-01-16 03:00:00,0.1103883333333334,24.7,87.0,1007.2,3,5,0,0,0.1064974999999998,0.1374999999999997,0.0953277430555552,0.0980688740079362
a3986d20c19f33c7c107fw,2026-01-16 04:00:00,0.0616641666666663,24.6,82.0,1007.6,4,5,0,0,0.0594824999999998,0.0614816666666663,0.095418645833333,0.09806996031746
a3986d20c19f33c7c107fw,2026-01-16 05:00:00,0.0442683333333331,24.1,82.0,1007.6,5,5,0,0,0.0427674999999999,0.0383725,0.0954811805555552,0.0981050545634918
a3986d20c19f33c7c107fw,2026-01-16 06:00:00,0.0963299999999997,23.8,84.0,1008.3,6,5,0,0,0.0929724999999996,0.1162008333333333,0.0956210763888886,0.0979867757936505
a3986d20c19f33c7c107fw,2026-01-16 07:00:00,0.0955058333333334,23.7,84.0,1008.9,7,5,0,0,0.0938391666666663,0.1369999999999996,0.095690520833333,0.0977397867063489
a3986d20c19f33c7c107fw,2026-01-16 08:00:00,0.0971933333333333,24.7,82.0,1009.1,8,5,0,0,0.0938916666666663,0.0852116666666664,0.0958280902777775,0.0978111061507933
a3986d20c19f33c7c107fw,2026-01-16 09:00:00,0.0728549999999998,26.3,74.0,1009.5,9,5,0,0,0.0702249999999996,0.100163333333333,0.0959376736111108,0.0976485565476188
a3986d20c19f33c7c107fw,2026-01-16 10:00:00,0.0588333333333331,27.8,66.0,1009.4,10,5,0,0,0.0571241666666664,0.0720674999999998,0.0960088888888886,0.0975697817460315
a3986d20c19f33c7c107fw,2026-01-16 11:00:00,0.0635616666666666,29.5,56.0,1009.0,11,5,0,0,0.0613649999999996,0.0528074999999998,0.0961004166666664,0.0976337946428569
a3986d20c19f33c7c107fw,2026-01-16 12:00:00,0.058999166666666,30.6,49.0,1008.0,12,5,0,0,0.0570541666666665,0.1186599999999995,0.0961814583333331,0.0972786706349203
a3986d20c19f33c7c107fw,2026-01-16 13:00:00,0.0805308333333326,31.1,46.0,1006.9,13,5,0,0,0.0778908333333333,0.0592599999999997,0.096291458333333,0.0974052827380949
a3986d20c19f33c7c107fw,2026-01-16 14:00:00,0.0866425,30.6,45.0,1006.3,14,5,0,0,0.0836124999999997,0.1151733333333329,0.096417708333333,0.097235456349206
a3986d20c19f33c7c107fw,2026-01-16 15:00:00,0.0919416666666665,30.6,45.0,1005.8,15,5,0,0,0.0886949999999995,0.1245524999999997,0.0965529861111108,0.0970413442460315
a3986d20c19f33c7c107fw,2026-01-16 16:00:00,0.1222183333333331,30.4,45.0,1005.9,16,5,0,0,0.1285349999999999,0.1271858333333329,0.0962897916666664,0.0970117757936505
a3986d20c19f33c7c107fw,2026-01-16 17:00:00,0.1418574999999998,29.8,48.0,1006.4,17,5,0,0,0.1497066666666665,0.1487483333333331,0.0959627430555553,0.0969707589285712
a3986d20c19f33c7c107fw,2026-01-16 18:00:00,0.1645424999999998,28.9,54.0,1006.7,18,5,0,0,0.1735583333333331,0.1498574999999997,0.0955870833333331,0.0970581696428568
a3986d20c19f33c7c107fw,2026-01-16 19:00:00,0.1337666666666665,28.0,64.0,1006.8,19,5,0,0,0.141233333333333,0.1384008333333331,0.0952759722222219,0.09703058531746
a3986d20c19f33c7c107fw,2026-01-16 20:00:00,0.0815216666666665,26.6,67.0,1007.7,20,5,0,0,0.0859783333333331,0.0997566666666664,0.0950902777777775,0.0969220436507934
a3986d20c19f33c7c107fw,2026-01-16 21:00:00,0.1315966666666665,26.2,70.0,1007.5,21,5,0,0,0.1388366666666663,0.1198691666666663,0.0947886111111109,0.0969918501984124
a3986d20c19f33c7c107fw,2026-01-16 22:00:00,0.1101208333333331,26.1,70.0,1007.0,22,5,0,0,0.1161383333333331,0.1101883333333331,0.0945378819444442,0.0969914484126981
a3986d20c19f33c7c107fw,2026-01-16 23:00:00,0.0745424999999997,26.1,70.0,1007.1,23,5,0,0,0.0779099999999998,0.0864808333333331,0.0943975694444442,0.0969203869047616
a3986d20c19f33c7c107fw,2026-01-17 00:00:00,0.0972616666666665,25.8,73.0,1006.9,0,6,1,0,0.1024458333333331,0.1287949999999997,0.0941815624999997,0.0967326884920632
a3986d20c19f33c7c107fw,2026-01-17 01:00:00,0.0880433333333332,25.6,74.0,1006.8,1,6,1,0,0.0928766666666662,0.1249691666666661,0.0939801736111109,0.0965128918650791
a3986d20c19f33c7c107fw,2026-01-17 02:00:00,0.0865008333333331,25.0,77.0,1006.2,2,6,1,0,0.091338333333333,0.1305941666666666,0.0937786111111109,0.0962504315476188
a3986d20c19f33c7c107fw,2026-01-17 03:00:00,0.1046508333333331,25.0,77.0,1006.1,3,6,1,0,0.1103883333333334,0.1234999999999998,0.0935395486111109,0.0961382341269839
a3986d20c19f33c7c107fw,2026-01-17 04:00:00,0.0583891666666665,24.7,78.0,1006.0,4,6,1,0,0.0616641666666663,0.0500608333333334,0.0934030902777775,0.0961878075396823
a3986d20c19f33c7c107fw,2026-01-17 05:00:00,0.0419166666666665,24.2,81.0,1006.1,5,6,1,0,0.0442683333333331,0.036045,0.0933051041666664,0.0962227579365077
a3986d20c19f33c7c107fw,2026-01-17 06:00:00,0.091293333333333,24.0,80.0,1006.4,6,6,1,0,0.0963299999999997,0.0783299999999998,0.0930952430555553,0.0962999206349203
a3986d20c19f33c7c107fw,2026-01-17 07:00:00,0.0905391666666664,23.8,84.0,1006.9,7,6,1,0,0.0955058333333334,0.077735,0.0928882986111109,0.0963761359126981
a3986d20c19f33c7c107fw,2026-01-17 08:00:00,0.0937791666666665,24.0,86.0,1006.7,8,6,1,0,0.0971933333333333,0.0789424999999999,0.0927460416666664,0.0964644494047616
a3986d20c19f33c7c107fw,2026-01-17 09:00:00,0.068963333333333,25.2,80.0,1007.5,9,6,1,0,0.0728549999999998,0.0590658333333329,0.0925838888888886,0.0965233630952378
a3986d20c19f33c7c107fw,2026-01-17 10:00:00,0.0562716666666665,25.8,76.0,1007.3,10,6,1,0,0.0588333333333331,0.0493616666666664,0.0924771527777775,0.0965644940476188
a3986d20c19f33c7c107fw,2026-01-17 11:00:00,0.0602674999999996,26.5,71.0,1006.8,11,6,1,0,0.0635616666666666,0.0516716666666664,0.092339895833333,0.0966156597222219
a3986d20c19f33c7c107fw,2026-01-17 12:00:00,0.0561308333333327,27.4,63.0,1006.3,12,6,1,0,0.058999166666666,0.0481466666666662,0.0922203819444442,0.0966631845238092
a3986d20c19f33c7c107fw,2026-01-17 13:00:00,0.0763716666666666,27.7,60.0,1005.3,13,6,1,0,0.0805308333333326,0.0654558333333333,0.0920470833333331,0.0967281597222219
a3986d20c19f33c7c107fw,2026-01-17 14:00:00,0.0804174999999997,28.6,57.0,1004.2,14,6,1,0,0.0866425,0.0703774999999994,0.0917877083333331,0.0967879216269838
a3986d20c19f33c7c107fw,2026-01-17 15:00:00,0.0871216666666666,28.1,60.0,1004.1,15,6,1,0,0.0919416666666665,0.074740833333333,0.0915868749999997,0.0968616170634918
a3986d20c19f33c7c107fw,2026-01-17 16:00:00,0.1356083333333331,27.9,62.0,1004.1,16,6,1,0,0.1222183333333331,0.1500099999999998,0.0921447916666664,0.0967758928571426
a3986d20c19f33c7c107fw,2026-01-17 17:00:00,0.1580708333333331,27.8,62.0,1004.1,17,6,1,0,0.1418574999999998,0.1528899999999998,0.092820347222222,0.0968067311507934
a3986d20c19f33c7c107fw,2026-01-17 18:00:00,0.183343333333333,27.4,63.0,1004.4,18,6,1,0,0.1645424999999998,0.1849999999999997,0.0936037152777775,0.0967968700396822
a3986d20c19f33c7c107fw,2026-01-17 19:00:00,0.1491124999999999,27.2,65.0,1005.0,19,6,1,0,0.1337666666666665,0.1557158333333329,0.0942431249999997,0.0967575644841267
a3986d20c19f33c7c107fw,2026-01-17 20:00:00,0.0908391666666664,26.8,70.0,1005.3,20,6,1,0,0.0815216666666665,0.0948741666666663,0.0946313541666664,0.0967335466269838
a3986d20c19f33c7c107fw,2026-01-17 21:00:00,0.1465399999999998,26.6,73.0,1006.0,21,6,1,0,0.1315966666666665,0.1531774999999996,0.0952539930555553,0.0966940376984124
a3986d20c19f33c7c107fw,2026-01-17 22:00:00,0.1226599999999999,26.2,76.0,1006.0,22,6,1,0,0.1101208333333331,0.1282124999999997,0.095776458333333,0.0966609871031743
a3986d20c19f33c7c107fw,2026-01-17 23:00:00,0.0815499999999997,26.0,79.0,1005.8,23,6,1,0,0.0745424999999997,0.0844149999999998,0.0960684374999997,0.0966439335317457
a3986d20c19f33c7c107fw,2026-01-18 00:00:00,0.1082049999999997,25.5,83.0,1005.4,0,7,1,0,0.0972616666666665,0.1129808333333329,0.0965244097222219,0.0966155059523807
a3986d20c19f33c7c107fw,2026-01-18 01:00:00,0.0980549999999996,25.3,84.0,1004.7,1,7,1,0,0.0880433333333332,0.1024866666666663,0.0969415624999997,0.0965891269841267
a3986d20c19f33c7c107fw,2026-01-18 02:00:00,0.0964816666666666,25.2,84.0,1004.3,2,7,1,0,0.0865008333333331,0.100783333333333,0.0973574305555553,0.0965635218253966
a3986d20c19f33c7c107fw,2026-01-18 03:00:00,0.1166116666666663,24.7,85.0,1004.1,3,7,1,0,0.1046508333333331,0.1217483333333332,0.0978557986111108,0.0965329464285712
a3986d20c19f33c7c107fw,2026-01-18 04:00:00,0.0650624999999996,24.4,84.0,1004.3,4,7,1,0,0.0583891666666665,0.067973333333333,0.0981338541666664,0.0965156200396823
a3986d20c19f33c7c107fw,2026-01-18 05:00:00,0.046758333333333,24.0,85.0,1004.3,5,7,1,0,0.0419166666666665,0.0488658333333331,0.0983355902777775,0.0965030753968251
a3986d20c19f33c7c107fw,2026-01-18 06:00:00,0.1017624999999998,23.9,82.0,1004.7,6,7,1,0,0.091293333333333,0.1063591666666666,0.0987718055555553,0.096475714285714
a3986d20c19f33c7c107fw,2026-01-18 07:00:00,0.1009941666666663,24.0,80.0,1005.6,7,7,1,0,0.0905391666666664,0.1053991666666666,0.0992074305555553,0.0964494940476188
a3986d20c19f33c7c107fw,2026-01-18 08:00:00,0.1027541666666665,25.2,70.0,1006.1,8,7,1,0,0.0937791666666665,0.1072749999999997,0.0995813888888886,0.0964225843253965
a3986d20c19f33c7c107fw,2026-01-18 09:00:00,0.0768866666666661,26.4,65.0,1006.7,9,7,1,0,0.068963333333333,0.0802958333333334,0.0999115277777775,0.0964022916666664
a3986d20c19f33c7c107fw,2026-01-18 10:00:00,0.0616041666666665,27.3,62.0,1006.8,10,7,1,0,0.0562716666666665,0.0639116666666664,0.1001337152777775,0.0963885565476188
a3986d20c19f33c7c107fw,2026-01-18 11:00:00,0.0671525000000001,28.3,59.0,1006.3,11,7,1,0,0.0602674999999996,0.0701124999999995,0.1004205902777775,0.0963709374999997
a3986d20c19f33c7c107fw,2026-01-18 12:00:00,0.0625708333333328,28.8,60.0,1005.2,12,7,1,0,0.0561308333333327,0.0653149999999997,0.1006889236111108,0.0963546031746029
a3986d20c19f33c7c107fw,2026-01-18 13:00:00,0.0850433333333331,29.4,58.0,1004.2,13,7,1,0,0.0763716666666666,0.0888199999999999,0.1010502430555553,0.0963321230158727
a3986d20c19f33c7c107fw,2026-01-18 14:00:00,0.0896191666666665,29.6,55.0,1003.5,14,7,1,0,0.0804174999999997,0.0956124999999994,0.101433645833333,0.0962964484126981
a3986d20c19f33c7c107fw,2026-01-18 15:00:00,0.0971816666666665,29.8,57.0,1003.0,15,7,1,0,0.0871216666666666,0.1014641666666666,0.1018528124999997,0.0962709573412696
a3986d20c19f33c7c107fw,2026-01-18 16:00:00,0.124598333333333,29.4,61.0,1003.0,16,7,1,0,0.1356083333333331,0.1339749999999999,0.1013940624999997,0.0962151438492061
a3986d20c19f33c7c107fw,2026-01-18 17:00:00,0.1443066666666664,29.1,62.0,1003.1,17,7,1,0,0.1580708333333331,0.1554199999999998,0.1008205555555553,0.0961489930555553
a3986d20c19f33c7c107fw,2026-01-18 18:00:00,0.1676141666666665,28.4,66.0,1003.4,18,7,1,0,0.183343333333333,0.1803716666666664,0.1001651736111108,0.0960730555555553
a3986d20c19f33c7c107fw,2026-01-18 19:00:00,0.1361224999999996,27.8,71.0,1004.3,19,7,1,0,0.1491124999999999,0.1466558333333332,0.0996239236111108,0.0960103571428569
a3986d20c19f33c7c107fw,2026-01-18 20:00:00,0.0830408333333332,27.1,73.0,1005.3,20,7,1,0,0.0908391666666664,0.0894199999999998,0.0992989930555553,0.0959723859126981
a3986d20c19f33c7c107fw,2026-01-18 21:00:00,0.1340433333333331,26.9,75.0,1006.0,21,7,1,0,0.1465399999999998,0.144193333333333,0.0987782986111108,0.0959119692460315
a3986d20c19f33c7c107fw,2026-01-18 22:00:00,0.1121224999999996,26.6,78.0,1006.3,22,7,1,0,0.1226599999999999,0.1207549999999997,0.0983392361111108,0.09586058531746
a3986d20c19f33c7c107fw,2026-01-18 23:00:00,0.0757308333333331,26.4,79.0,1006.1,23,7,1,0,0.0815499999999997,0.0803591666666665,0.098096770833333,0.0958330357142854
a3986d20c19f33c7c107fw,2026-01-19 00:00:00,0.0989574999999998,26.2,81.0,1006.0,0,1,0,0,0.1082049999999997,0.1065083333333332,0.097711458333333,0.0957880902777775
a3986d20c19f33c7c107fw,2026-01-19 01:00:00,0.0896199999999996,25.9,82.0,1005.7,1,1,0,0,0.0980549999999996,0.0964774999999997,0.0973599999999997,0.0957472718253965
a3986d20c19f33c7c107fw,2026-01-19 02:00:00,0.088113333333333,25.5,82.0,1005.4,2,1,0,0,0.0964816666666666,0.0948691666666664,0.0970113194444441,0.0957070585317457
a3986d20c19f33c7c107fw,2026-01-19 03:00:00,0.1064974999999998,25.5,83.0,1005.4,3,1,0,0,0.1166116666666663,0.1146666666666665,0.096589895833333,0.0956584325396822
a3986d20c19f33c7c107fw,2026-01-19 04:00:00,0.0594824999999998,25.5,82.0,1005.3,4,1,0,0,0.0650624999999996,0.0639699999999998,0.096357395833333,0.0956317212301584
a3986d20c19f33c7c107fw,2026-01-19 05:00:00,0.0427674999999999,25.4,81.0,1005.4,5,1,0,0,0.046758333333333,0.0460083333333334,0.0961911111111108,0.0956124305555553
a3986d20c19f33c7c107fw,2026-01-19 06:00:00,0.0929724999999996,25.3,80.0,1006.0,6,1,0,0,0.1017624999999998,0.1000841666666663,0.0958248611111108,0.0955700992063489
a3986d20c19f33c7c107fw,2026-01-19 07:00:00,0.0938391666666663,25.0,83.0,1007.0,7,1,0,0,0.1009941666666663,0.0993049999999998,0.0955267361111108,0.0955375644841267
a3986d20c19f33c7c107fw,2026-01-19 08:00:00,0.0938916666666663,25.2,83.0,1008.1,8,1,0,0,0.1027541666666665,0.1010049999999999,0.0951574652777775,0.0954952232142854
a3986d20c19f33c7c107fw,2026-01-19 09:00:00,0.0702249999999996,26.4,74.0,1008.7,9,1,0,0,0.0768866666666661,0.0756216666666665,0.094879895833333,0.0954631001984124
a3986d20c19f33c7c107fw,2026-01-19 10:00:00,0.0571241666666664,27.7,66.0,1008.6,10,1,0,0,0.0616041666666665,0.0607533333333331,0.0946932291666663,0.0954414980158727
a3986d20c19f33c7c107fw,2026-01-19 11:00:00,0.0613649999999996,28.1,63.0,1007.9,11,1,0,0,0.0671525000000001,0.0660549999999998,0.094452083333333,0.0954135813492061
a3986d20c19f33c7c107fw,2026-01-19 12:00:00,0.0570541666666665,29.4,57.0,1007.0,12,1,0,0,0.0625708333333328,0.061448333333333,0.0942222222222219,0.0953874255952378
a3986d20c19f33c7c107fw,2026-01-19 13:00:00,0.0778908333333333,29.8,56.0,1005.8,13,1,0,0,0.0850433333333331,0.0836249999999994,0.0939242013888886,0.0953532936507934
a3986d20c19f33c7c107fw,2026-01-19 14:00:00,0.0836124999999997,29.4,60.0,1005.2,14,1,0,0,0.0896191666666665,0.0900758333333327,0.0936739236111108,0.0953148214285711
a3986d20c19f33c7c107fw,2026-01-19 15:00:00,0.0886949999999995,29.1,61.0,1004.7,15,1,0,0,0.0971816666666665,0.0956083333333331,0.0933203124999997,0.0952736706349204
a3986d20c19f33c7c107fw,2026-01-19 16:00:00,0.1334891666666665,29.0,61.0,1004.8,16,1,0,0,0.124598333333333,0.1293908333333332,0.0936907638888886,0.0952980654761902
a3986d20c19f33c7c107fw,2026-01-19 17:00:00,0.1554199999999998,28.8,61.0,1005.2,17,1,0,0,0.1443066666666664,0.1503191666666663,0.0941538194444441,0.0953284275793648
a3986d20c19f33c7c107fw,2026-01-19 18:00:00,0.1803716666666664,28.2,65.0,1005.7,18,1,0,0,0.1676141666666665,0.1743258333333331,0.0946853819444441,0.0953644146825394
a3986d20c19f33c7c107fw,2026-01-19 19:00:00,0.1466558333333332,27.8,68.0,1006.3,19,1,0,0,0.1361224999999996,0.1417466666666664,0.095124270833333,0.0953936359126981
a3986d20c19f33c7c107fw,2026-01-19 20:00:00,0.0894199999999998,27.4,70.0,1006.8,20,1,0,0,0.0830408333333332,0.0863833333333332,0.0953900694444441,0.0954117113095235
a3986d20c19f33c7c107fw,2026-01-19 21:00:00,0.144193333333333,27.6,67.0,1006.7,21,1,0,0,0.1340433333333331,0.1393974999999996,0.0958129861111108,0.0954402579365077
a3986d20c19f33c7c107fw,2026-01-19 22:00:00,0.1207549999999997,27.3,67.0,1007.0,22,1,0,0,0.1121224999999996,0.1167391666666665,0.0961726736111108,0.0954641617063489
a3986d20c19f33c7c107fw,2026-01-19 23:00:00,0.0803591666666665,27.0,70.0,1007.1,23,1,0,0,0.0757308333333331,0.0781824999999997,0.096365520833333,0.0954771180555553
a3986d20c19f33c7c107fw,2026-01-20 00:00:00,0.1065083333333332,26.6,72.0,1007.2,0,2,0,0,0.0989574999999998,0.1029199999999997,0.0966801388888886,0.0954984771825394
a3986d20c19f33c7c107fw,2026-01-20 01:00:00,0.0964774999999997,26.1,75.0,1007.2,1,2,0,0,0.0896199999999996,0.0932208333333331,0.0969658680555553,0.0955178621031743
a3986d20c19f33c7c107fw,2026-01-20 02:00:00,0.0948691666666664,25.5,78.0,1007.0,2,2,0,0,0.088113333333333,0.0917433333333331,0.0972473611111108,0.095536468253968
a3986d20c19f33c7c107fw,2026-01-20 03:00:00,0.1146666666666665,24.8,80.0,1006.9,3,2,0,0,0.1064974999999998,0.1107750000000001,0.0975877430555552,0.0955596329365077
a3986d20c19f33c7c107fw,2026-01-20 04:00:00,0.0639699999999998,24.3,81.0,1007.2,4,2,0,0,0.0594824999999998,0.0618866666666663,0.0977747222222219,0.0955720337301584
a3986d20c19f33c7c107fw,2026-01-20 05:00:00,0.0460083333333334,24.1,82.0,1007.7,5,2,0,0,0.0427674999999999,0.0445066666666665,0.0979097569444441,0.0955809722222219
a3986d20c19f33c7c107fw,2026-01-20 06:00:00,0.1000841666666663,24.1,82.0,1008.4,6,2,0,0,0.0929724999999996,0.0967266666666666,0.0982060763888886,0.0956009573412696
a3986d20c19f33c7c107fw,2026-01-20 07:00:00,0.0993049999999998,24.0,82.0,1009.2,7,2,0,0,0.0938391666666663,0.0960274999999997,0.0984338194444442,0.095620466269841
a3986d20c19f33c7c107fw,2026-01-20 08:00:00,0.1010049999999999,25.2,79.0,1010.1,8,2,0,0,0.0938916666666663,0.0976058333333332,0.0987302083333331,0.0956406994047616
a3986d20c19f33c7c107fw,2026-01-20 09:00:00,0.0756216666666665,26.2,74.0,1010.7,9,2,0,0,0.0702249999999996,0.0731958333333332,0.0989550694444442,0.0956551388888886
a3986d20c19f33c7c107fw,2026-01-20 10:00:00,0.0607533333333331,27.5,67.0,1010.4,10,2,0,0,0.0571241666666664,0.0590449999999996,0.099106284722222,0.0956653075396823
a3986d20c19f33c7c107fw,2026-01-20 11:00:00,0.0660549999999998,28.2,63.0,1010.3,11,2,0,0,0.0613649999999996,0.0638599999999997,0.0993017013888886,0.0956783730158727
a3986d20c19f33c7c107fw,2026-01-20 12:00:00,0.061448333333333,28.9,60.0,1009.6,12,2,0,0,0.0570541666666665,0.0593041666666668,0.0994847916666664,0.0956911359126981
a3986d20c19f33c7c107fw,2026-01-20 13:00:00,0.0836249999999994,29.1,57.0,1008.5,13,2,0,0,0.0778908333333333,0.0809866666666664,0.0997237152777775,0.0957068402777775
a3986d20c19f33c7c107fw,2026-01-20 14:00:00,0.0900758333333327,29.8,53.0,1007.6,14,2,0,0,0.0836124999999997,0.0869466666666666,0.0999930208333331,0.095725466269841
a3986d20c19f33c7c107fw,2026-01-20 15:00:00,0.0956083333333331,30.2,50.0,1007.1,15,2,0,0,0.0886949999999995,0.09236,0.1002810763888886,0.0957448015873013
a3986d20c19f33c7c107fw,2026-01-20 16:00:00,0.1223558333333331,29.8,51.0,1007.0,16,2,0,0,0.1334891666666665,0.1244141666666664,0.0998171874999997,0.0957325496031743
a3986d20c19f33c7c107fw,2026-01-20 17:00:00,0.1418574999999998,29.2,54.0,1007.3,17,2,0,0,0.1554199999999998,0.1443066666666664,0.099252083333333,0.0957179712301584
a3986d20c19f33c7c107fw,2026-01-20 18:00:00,0.1645424999999998,28.4,58.0,1007.7,18,2,0,0,0.1803716666666664,0.1676141666666665,0.0985925347222219,0.0956996874999997
a3986d20c19f33c7c107fw,2026-01-20 19:00:00,0.1337666666666665,27.5,63.0,1008.5,19,2,0,0,0.1466558333333332,0.1361224999999996,0.0980554861111108,0.0956856646825394
a3986d20c19f33c7c107fw,2026-01-20 20:00:00,0.0815216666666665,27.2,67.0,1009.0,20,2,0,0,0.0894199999999998,0.0830408333333332,0.0977263888888886,0.0956766220238092
a3986d20c19f33c7c107fw,2026-01-20 21:00:00,0.1315966666666665,27.0,67.0,1009.2,21,2,0,0,0.144193333333333,0.1340433333333331,0.0972015277777775,0.0956620585317457
a3986d20c19f33c7c107fw,2026-01-20 22:00:00,0.1101208333333331,26.4,70.0,1009.4,22,2,0,0,0.1207549999999997,0.1121224999999996,0.0967584374999997,0.0956501438492061
a3986d20c19f33c7c107fw,2026-01-20 23:00:00,0.0745424999999997,26.0,72.0,1009.5,23,2,0,0,0.0803591666666665,0.0757308333333331,0.0965160763888886,0.0956430704365076
a3986d20c19f33c7c107fw,2026-01-21 00:00:00,0.0972616666666665,25.6,74.0,1010.1,0,3,0,0,0.1065083333333332,0.0989574999999998,0.0961307986111108,0.0956329761904759
a3986d20c19f33c7c107fw,2026-01-21 01:00:00,0.0880433333333332,24.4,82.0,1010.0,1,3,0,0,0.0964774999999997,0.0896199999999996,0.0957793749999997,0.095623591269841
a3986d20c19f33c7c107fw,2026-01-21 02:00:00,0.0865008333333331,24.6,75.0,1009.3,2,3,0,0,0.0948691666666664,0.088113333333333,0.0954306944444442,0.0956139930555553
a3986d20c19f33c7c107fw,2026-01-21 03:00:00,0.1046508333333331,24.2,79.0,1009.4,3,3,0,0,0.1146666666666665,0.1064974999999998,0.0950133680555553,0.0956030009920632
a3986d20c19f33c7c107fw,2026-01-21 04:00:00,0.0583891666666665,24.0,82.0,1009.4,4,3,0,0,0.0639699999999998,0.0594824999999998,0.0947808333333331,0.0955964930555553
a3986d20c19f33c7c107fw,2026-01-21 05:00:00,0.0419166666666665,24.0,81.0,1009.9,5,3,0,0,0.0460083333333334,0.0427674999999999,0.0946103472222219,0.0955914285714283
a3986d20c19f33c7c107fw,2026-01-21 06:00:00,0.091293333333333,24.0,80.0,1010.7,6,3,0,0,0.1000841666666663,0.0929724999999996,0.0942440624999997,0.0955814335317457
a3986d20c19f33c7c107fw,2026-01-21 07:00:00,0.0905391666666664,24.0,81.0,1011.1,7,3,0,0,0.0993049999999998,0.0938391666666663,0.0938788194444442,0.0955617906746029
a3986d20c19f33c7c107fw,2026-01-21 08:00:00,0.0937791666666665,25.2,75.0,1011.8,8,3,0,0,0.1010049999999999,0.0938916666666663,0.0935777430555553,0.0955611210317458
a3986d20c19f33c7c107fw,2026-01-21 09:00:00,0.068963333333333,26.4,67.0,1012.2,9,3,0,0,0.0756216666666665,0.0702249999999996,0.0933003124999997,0.0955536111111108
a3986d20c19f33c7c107fw,2026-01-21 10:00:00,0.0562716666666665,27.8,62.0,1012.2,10,3,0,0,0.0607533333333331,0.0571241666666664,0.0931135763888886,0.0955485367063489
a3986d20c19f33c7c107fw,2026-01-21 11:00:00,0.0602674999999996,29.4,53.0,1011.8,11,3,0,0,0.0660549999999998,0.0613649999999996,0.0928724305555552,0.0955420039682537
a3986d20c19f33c7c107fw,2026-01-21 12:00:00,0.0561308333333327,30.5,46.0,1010.9,12,3,0,0,0.061448333333333,0.0570541666666665,0.0926508680555553,0.0955365079365077
a3986d20c19f33c7c107fw,2026-01-21 13:00:00,0.0763716666666666,30.5,46.0,1009.7,13,3,0,0,0.0836249999999994,0.0778908333333333,0.092348645833333,0.0955274652777775
a3986d20c19f33c7c107fw,2026-01-21 14:00:00,0.0804174999999997,30.0,47.0,1009.4,14,3,0,0,0.0900758333333327,0.0836124999999997,0.0919462152777775,0.0955084474206346
a3986d20c19f33c7c107fw,2026-01-21 15:00:00,0.0871216666666666,29.5,49.0,1009.1,15,3,0,0,0.0956083333333331,0.0886949999999995,0.0915926041666664,0.0954990823412696
a3986d20c19f33c7c107fw,2026-01-21 16:00:00,0.1181749999999998,28.8,50.0,1009.2,16,3,0,0,0.1223558333333331,0.1242766666666664,0.0914184027777775,0.0954627628968251
a3986d20c19f33c7c107fw,2026-01-21 17:00:00,0.1372691666666663,27.7,53.0,1009.7,17,3,0,0,0.1418574999999998,0.1443066666666664,0.091227222222222,0.0954208730158727
a3986d20c19f33c7c107fw,2026-01-21 18:00:00,0.1592666666666665,26.8,56.0,1010.3,18,3,0,0,0.1645424999999998,0.1676141666666665,0.0910073958333331,0.0953711855158727
a3986d20c19f33c7c107fw,2026-01-21 19:00:00,0.1293674999999998,26.1,59.0,1011.1,19,3,0,0,0.1337666666666665,0.1361224999999996,0.090824097222222,0.0953309771825394
a3986d20c19f33c7c107fw,2026-01-21 20:00:00,0.0788891666666664,25.6,63.0,1012.2,20,3,0,0,0.0815216666666665,0.0830408333333332,0.0907144097222219,0.0953062648809521
a3986d20c19f33c7c107fw,2026-01-21 21:00:00,0.1273633333333331,25.1,64.0,1012.2,21,3,0,0,0.1315966666666665,0.1340433333333331,0.0905380208333331,0.0952665029761902
a3986d20c19f33c7c107fw,2026-01-21 22:00:00,0.1066066666666665,25.0,65.0,1012.4,22,3,0,0,0.1101208333333331,0.1121224999999996,0.090391597222222,0.0952336706349204
a3986d20c19f33c7c107fw,2026-01-21 23:00:00,0.0726366666666665,24.7,65.0,1012.5,23,3,0,0,0.0745424999999997,0.0757308333333331,0.0903121874999997,0.0952152529761902
a3986d20c19f33c7c107fw,2026-01-22 00:00:00,0.0941474999999995,24.4,66.0,1012.5,0,4,0,0,0.0972616666666665,0.0989574999999998,0.0901824305555553,0.0951866220238092
a3986d20c19f33c7c107fw,2026-01-22 01:00:00,0.085130833333333,24.1,66.0,1012.5,1,4,0,0,0.0880433333333332,0.0896199999999996,0.0900610763888886,0.0951599007936505
a3986d20c19f33c7c107fw,2026-01-22 02:00:00,0.0837799999999998,23.8,66.0,1012.0,2,4,0,0,0.0865008333333331,0.088113333333333,0.0899477083333331,0.0951341071428568
a3986d20c19f33c7c107fw,2026-01-22 03:00:00,0.1012466666666664,23.7,65.0,1011.9,3,4,0,0,0.1046508333333331,0.1064974999999998,0.0898058680555553,0.0951028521825394
a3986d20c19f33c7c107fw,2026-01-22 04:00:00,0.0565308333333331,23.4,67.0,1012.1,4,4,0,0,0.0583891666666665,0.0594824999999998,0.0897284374999997,0.095085282738095
a3986d20c19f33c7c107fw,2026-01-22 05:00:00,0.0406524999999999,23.0,69.0,1012.6,5,4,0,0,0.0419166666666665,0.0427674999999999,0.0896757638888886,0.0950726934523807
a3986d20c19f33c7c107fw,2026-01-22 06:00:00,0.0884299999999997,22.8,72.0,1013.1,6,4,0,0,0.091293333333333,0.0929724999999996,0.089556458333333,0.0950456547619045
a3986d20c19f33c7c107fw,2026-01-22 07:00:00,0.089223333333333,22.8,72.0,1013.6,7,4,0,0,0.0905391666666664,0.0938391666666663,0.0895016319444442,0.0950181795634918
a3986d20c19f33c7c107fw,2026-01-22 08:00:00,0.0891549999999996,24.1,62.0,1014.7,8,4,0,0,0.0937791666666665,0.0938916666666663,0.089308958333333,0.0949899851190473
a3986d20c19f33c7c107fw,2026-01-22 09:00:00,0.066773333333333,25.1,57.0,1015.0,9,4,0,0,0.068963333333333,0.0702249999999996,0.089217708333333,0.0949694394841267
a3986d20c19f33c7c107fw,2026-01-22 10:00:00,0.0547758333333331,26.7,52.0,1015.1,10,4,0,0,0.0562716666666665,0.0571241666666664,0.0891553819444441,0.0949554613095235
a3986d20c19f33c7c107fw,2026-01-22 11:00:00,0.0583724999999998,28.7,45.0,1014.4,11,4,0,0,0.0602674999999996,0.0613649999999996,0.0890764236111108,0.0949376488095235
a3986d20c19f33c7c107fw,2026-01-22 12:00:00,0.0542924999999994,30.2,38.0,1013.5,12,4,0,0,0.0561308333333327,0.0570541666666665,0.0889998263888886,0.09492121031746
a3986d20c19f33c7c107fw,2026-01-22 13:00:00,0.0738874999999996,30.0,40.0,1012.6,13,4,0,0,0.0763716666666666,0.0778908333333333,0.0888963194444441,0.0948973809523807
a3986d20c19f33c7c107fw,2026-01-22 14:00:00,0.0794733333333331,29.7,40.0,1011.9,14,4,0,0,0.0804174999999997,0.0836124999999997,0.0888569791666664,0.0948727430555553
a3986d20c19f33c7c107fw,2026-01-22 15:00:00,0.0843924999999999,29.6,39.0,1011.7,15,4,0,0,0.0871216666666666,0.0886949999999995,0.0887432638888886,0.0948471329365076
a3986d20c19f33c7c107fw,2026-01-22 16:00:00,0.1104383333333331,28.5,45.0,1011.8,16,4,0,0,0.1181749999999998,0.1285349999999999,0.0884209027777775,0.0947394146825394
a3986d20c19f33c7c107fw,2026-01-22 17:00:00,0.1281941666666664,27.2,50.0,1012.3,17,4,0,0,0.1372691666666663,0.1497066666666665,0.0880427777777775,0.0946113640873013
a3986d20c19f33c7c107fw,2026-01-22 18:00:00,0.1487149999999997,26.0,54.0,1012.9,18,4,0,0,0.1592666666666665,0.1735583333333331,0.0876031249999997,0.0944634871031743
a3986d20c19f33c7c107fw,2026-01-22 19:00:00,0.1207733333333332,25.1,57.0,1013.5,19,4,0,0,0.1293674999999998,0.141233333333333,0.0872450347222219,0.0943417013888886
a3986d20c19f33c7c107fw,2026-01-22 20:00:00,0.0738241666666664,24.6,60.0,1014.3,20,4,0,0,0.0788891666666664,0.0859783333333331,0.0870339930555552,0.0942693551587299
a3986d20c19f33c7c107fw,2026-01-22 21:00:00,0.1188966666666662,24.5,60.0,1014.7,21,4,0,0,0.1273633333333331,0.1388366666666663,0.0866812152777775,0.0941506646825394
a3986d20c19f33c7c107fw,2026-01-22 22:00:00,0.0994791666666664,24.4,61.0,1014.9,22,4,0,0,0.1066066666666665,0.1161383333333331,0.0863842361111108,0.0940515029761902
a3986d20c19f33c7c107fw,2026-01-22 23:00:00,0.0689216666666663,24.1,62.0,1014.8,23,4,0,0,0.0726366666666665,0.0779099999999998,0.0862294444444441,0.0939980009920632
a3986d20c19f33c7c107fw,2026-01-23 00:00:00,0.0878158333333331,23.8,64.0,1015.0,0,5,0,0,0.0941474999999995,0.1024458333333331,0.0859656249999997,0.0939109176587299
a3986d20c19f33c7c107fw,2026-01-23 01:00:00,0.0796058333333331,23.7,65.0,1014.7,1,5,0,0,0.085130833333333,0.0928766666666662,0.0857354166666664,0.0938319246031743
a3986d20c19f33c7c107fw,2026-01-23 02:00:00,0.0782349999999998,23.9,64.0,1014.3,2,5,0,0,0.0837799999999998,0.091338333333333,0.0855043749999997,0.0937539285714283
a3986d20c19f33c7c107fw,2026-01-23 03:00:00,0.0945366666666666,23.8,64.0,1014.2,3,5,0,0,0.1012466666666664,0.1103883333333334,0.0852247916666664,0.0936595734126981
a3986d20c19f33c7c107fw,2026-01-23 04:00:00,0.0528108333333331,23.3,68.0,1014.3,4,5,0,0,0.0565308333333331,0.0616641666666663,0.0850697916666664,0.0936068749999997
a3986d20c19f33c7c107fw,2026-01-23 05:00:00,0.0379249999999998,22.9,70.0,1014.7,5,5,0,0,0.0406524999999999,0.0442683333333331,0.084956145833333,0.0935691170634918
a3986d20c19f33c7c107fw,2026-01-23 06:00:00,0.0825041666666666,22.6,72.0,1015.4,6,5,0,0,0.0884299999999997,0.0963299999999997,0.0847092361111108,0.0934868204365076
a3986d20c19f33c7c107fw,2026-01-23 07:00:00,0.081875,22.8,72.0,1015.9,7,5,0,0,0.089223333333333,0.0955058333333334,0.0844030555555553,0.0934056845238092
a3986d20c19f33c7c107fw,2026-01-23 08:00:00,0.0832774999999999,24.0,65.0,1016.9,8,5,0,0,0.0891549999999996,0.0971933333333333,0.084158159722222,0.0933228521825394
a3986d20c19f33c7c107fw,2026-01-23 09:00:00,0.0622983333333329,25.2,58.0,1017.3,9,5,0,0,0.066773333333333,0.0728549999999998,0.0839717013888886,0.0932600148809521
a3986d20c19f33c7c107fw,2026-01-23 10:00:00,0.0517891666666664,26.8,51.0,1017.2,10,5,0,0,0.0547758333333331,0.0588333333333331,0.0838472569444442,0.09321808531746
a3986d20c19f33c7c107fw,2026-01-23 11:00:00,0.054385,28.1,45.0,1016.5,11,5,0,0,0.0583724999999998,0.0635616666666666,0.0836811111111108,0.093163462301587
a3986d20c19f33c7c107fw,2026-01-23 12:00:00,0.0506133333333332,29.0,41.0,1015.7,12,5,0,0,0.0542924999999994,0.058999166666666,0.0835278124999997,0.0931135466269838
a3986d20c19f33c7c107fw,2026-01-23 13:00:00,0.0690199999999995,30.0,36.0,1014.8,13,5,0,0,0.0738874999999996,0.0805308333333326,0.0833249999999997,0.0930450297619045
a3986d20c19f33c7c107fw,2026-01-23 14:00:00,0.0742233333333331,30.0,36.0,1013.5,14,5,0,0,0.0794733333333331,0.0866425,0.0831062499999997,0.0929711061507934
a3986d20c19f33c7c107fw,2026-01-23 15:00:00,0.0788349999999998,29.8,37.0,1013.2,15,5,0,0,0.0843924999999999,0.0919416666666665,0.0828746874999997,0.0928930902777775
a3986d20c19f33c7c107fw,2026-01-23 16:00:00,0.0607033333333332,29.5,37.0,1013.2,16,5,0,0,0.1104383333333331,0.1222183333333331,0.0808023958333331,0.0925269295634918
a3986d20c19f33c7c107fw,2026-01-23 17:00:00,0.0689533333333329,27.9,45.0,1013.5,17,5,0,0,0.1281941666666664,0.1418574999999998,0.0783340277777775,0.0920929761904759
a3986d20c19f33c7c107fw,2026-01-23 18:00:00,0.080033333333333,26.4,51.0,1014.4,18,5,0,0,0.1487149999999997,0.1645424999999998,0.0754722916666664,0.0915899454365077
a3986d20c19f33c7c107fw,2026-01-23 19:00:00,0.0652108333333332,25.5,55.0,1015.0,19,5,0,0,0.1207733333333332,0.1337666666666665,0.0731571874999997,0.0911818749999997
a3986d20c19f33c7c107fw,2026-01-23 20:00:00,0.039603333333333,25.0,59.0,1015.8,20,5,0,0,0.0738241666666664,0.0815216666666665,0.0717313194444442,0.0909323611111108
a3986d20c19f33c7c107fw,2026-01-23 21:00:00,0.0640783333333331,24.6,61.0,1015.9,21,5,0,0,0.1188966666666662,0.1315966666666665,0.069447222222222,0.090530466269841
a3986d20c19f33c7c107fw,2026-01-23 22:00:00,0.0535266666666665,24.1,62.0,1015.8,22,5,0,0,0.0994791666666664,0.1101208333333331,0.067532534722222,0.0901935962301584
a3986d20c19f33c7c107fw,2026-01-23 23:00:00,0.043715833333333,24.0,62.0,1015.7,23,5,0,0,0.0689216666666663,0.0745424999999997,0.0664822916666664,0.0900101041666664
a3986d20c19f33c7c107fw,2026-01-24 00:00:00,0.0496816666666663,23.6,63.0,1015.5,0,6,1,0,0.0878158333333331,0.0972616666666665,0.0648933680555553,0.0897268898809521
a3986d20c19f33c7c107fw,2026-01-24 01:00:00,0.042858333333333,23.5,64.0,1015.3,1,6,1,0,0.0796058333333331,0.0880433333333332,0.063362222222222,0.0894579315476187
a3986d20c19f33c7c107fw,2026-01-24 02:00:00,0.0420516666666663,23.5,67.0,1014.7,2,6,1,0,0.0782349999999998,0.0865008333333331,0.0618545833333331,0.0891933531746029
a3986d20c19f33c7c107fw,2026-01-24 03:00:00,0.0509708333333332,23.0,70.0,1014.6,3,6,1,0,0.0945366666666666,0.1046508333333331,0.0600393402777775,0.0888738293650791
a3986d20c19f33c7c107fw,2026-01-24 04:00:00,0.0283374999999997,22.8,70.0,1014.6,4,6,1,0,0.0528108333333331,0.0583891666666665,0.0590196180555553,0.0886949503968251
a3986d20c19f33c7c107fw,2026-01-24 05:00:00,0.0204974999999998,22.4,73.0,1015.0,5,6,1,0,0.0379249999999998,0.0419166666666665,0.0582934722222219,0.0885674553571426
a3986d20c19f33c7c107fw,2026-01-24 06:00:00,0.0443799999999997,22.4,74.0,1015.5,6,6,1,0,0.0825041666666666,0.091293333333333,0.0567049652777775,0.0882882093253965
a3986d20c19f33c7c107fw,2026-01-24 07:00:00,0.0440658333333332,22.4,74.0,1015.9,7,6,1,0,0.081875,0.0905391666666664,0.055129583333333,0.0880115823412695
a3986d20c19f33c7c107fw,2026-01-24 08:00:00,0.0456216666666665,23.5,67.0,1016.5,8,6,1,0,0.0832774999999999,0.0937791666666665,0.0535605902777775,0.0877249305555553
a3986d20c19f33c7c107fw,2026-01-24 09:00:00,0.0335716666666663,25.1,59.0,1017.1,9,6,1,0,0.0622983333333329,0.068963333333333,0.052363645833333,0.0875142658730156
a3986d20c19f33c7c107fw,2026-01-24 10:00:00,0.0323099999999997,27.0,51.0,1016.8,10,6,1,0,0.0517891666666664,0.0562716666666665,0.0515520138888886,0.0873716369047616
a3986d20c19f33c7c107fw,2026-01-24 11:00:00,0.0293474999999997,28.2,45.0,1016.0,11,6,1,0,0.054385,0.0602674999999996,0.0505087847222219,0.087187589285714
a3986d20c19f33c7c107fw,2026-01-24 12:00:00,0.0273058333333331,28.5,46.0,1015.2,12,6,1,0,0.0506133333333332,0.0561308333333327,0.0495376388888886,0.0870160119047616
a3986d20c19f33c7c107fw,2026-01-24 13:00:00,0.0371283333333331,29.2,43.0,1014.4,13,6,1,0,0.0690199999999995,0.0763716666666666,0.0482088194444441,0.0867824206349203
a3986d20c19f33c7c107fw,2026-01-24 14:00:00,0.0390524999999998,29.2,43.0,1013.2,14,6,1,0,0.0742233333333331,0.0804174999999997,0.0467433680555553,0.0865362003968251
a3986d20c19f33c7c107fw,2026-01-24 15:00:00,0.0432166666666665,29.1,44.0,1012.8,15,6,1,0,0.0788349999999998,0.0871216666666666,0.045259270833333,0.0862748611111108
a3986d20c19f33c7c107fw,2026-01-24 16:00:00,0.1219108333333332,28.8,45.0,1012.9,16,6,1,0,0.0607033333333332,0.1356083333333331,0.047809583333333,0.0861933283730156
a3986d20c19f33c7c107fw,2026-01-24 17:00:00,0.1437941666666664,27.6,49.0,1013.4,17,6,1,0,0.0689533333333329,0.1580708333333331,0.0509279513888886,0.0861083482142854
a3986d20c19f33c7c107fw,2026-01-24 18:00:00,0.1668466666666664,26.4,54.0,1014.2,18,6,1,0,0.080033333333333,0.183343333333333,0.0545451736111108,0.086010153769841
a3986d20c19f33c7c107fw,2026-01-24 19:00:00,0.1356091666666665,25.5,57.0,1014.5,19,6,1,0,0.0652108333333332,0.1491124999999999,0.0574784374999997,0.085929776785714
a3986d20c19f33c7c107fw,2026-01-24 20:00:00,0.0826366666666664,25.0,63.0,1015.4,20,6,1,0,0.039603333333333,0.0908391666666664,0.0592714930555553,0.0858809523809521
a3986d20c19f33c7c107fw,2026-01-24 21:00:00,0.133380833333333,24.8,64.0,1015.7,21,6,1,0,0.0640783333333331,0.1465399999999998,0.0621590972222219,0.0858026240079362
a3986d20c19f33c7c107fw,2026-01-24 22:00:00,0.1116216666666663,24.5,65.0,1015.8,22,6,1,0,0.0535266666666665,0.1226599999999999,0.0645797222222219,0.0857369196428569
a3986d20c19f33c7c107fw,2026-01-24 23:00:00,0.0754599999999998,24.2,67.0,1015.6,23,6,1,0,0.043715833333333,0.0815499999999997,0.065902395833333,0.0857006696428569
a3986d20c19f33c7c107fw,2026-01-25 00:00:00,0.0984816666666664,24.0,68.0,1015.1,0,7,1,0,0.0496816666666663,0.1082049999999997,0.0679357291666664,0.0856427926587299
a3986d20c19f33c7c107fw,2026-01-25 01:00:00,0.0891774999999996,23.8,69.0,1014.6,1,7,1,0,0.042858333333333,0.0980549999999996,0.0698656944444442,0.0855899503968251
a3986d20c19f33c7c107fw,2026-01-25 02:00:00,0.08771,23.6,71.0,1014.3,2,7,1,0,0.0420516666666663,0.0964816666666666,0.0717681249999997,0.0855377380952378
a3986d20c19f33c7c107fw,2026-01-25 03:00:00,0.1060108333333329,23.6,71.0,1013.7,3,7,1,0,0.0509708333333332,0.1166116666666663,0.0740614583333331,0.0854746378968251
a3986d20c19f33c7c107fw,2026-01-25 04:00:00,0.0591583333333328,23.2,73.0,1013.4,4,7,1,0,0.0283374999999997,0.0650624999999996,0.0753456597222219,0.0854394940476188
a3986d20c19f33c7c107fw,2026-01-25 05:00:00,0.0425291666666663,22.9,74.0,1013.6,5,7,1,0,0.0204974999999998,0.046758333333333,0.076263645833333,0.0854143204365076
a3986d20c19f33c7c107fw,2026-01-25 06:00:00,0.0925766666666663,22.5,77.0,1014.2,6,7,1,0,0.0443799999999997,0.1017624999999998,0.0782718402777775,0.0853596428571426
a3986d20c19f33c7c107fw,2026-01-25 07:00:00,0.0918066666666662,22.4,77.0,1014.9,7,7,1,0,0.0440658333333332,0.1009941666666663,0.0802610416666664,0.0853049553571426
a3986d20c19f33c7c107fw,2026-01-25 08:00:00,0.0934791666666663,23.6,72.0,1016.0,8,7,1,0,0.0456216666666665,0.1027541666666665,0.0822551041666663,0.0852497470238092
a3986d20c19f33c7c107fw,2026-01-25 09:00:00,0.0699841666666663,25.2,64.0,1016.2,9,7,1,0,0.0335716666666663,0.0768866666666661,0.0837722916666663,0.0852086607142854
a3986d20c19f33c7c107fw,2026-01-25 10:00:00,0.0569116666666665,27.3,54.0,1015.8,10,7,1,0,0.0323099999999997,0.0616041666666665,0.0847973611111108,0.0851807291666664
a3986d20c19f33c7c107fw,2026-01-25 11:00:00,0.0610649999999997,28.5,49.0,1015.0,11,7,1,0,0.0293474999999997,0.0671525000000001,0.0861189236111108,0.0851444940476188
a3986d20c19f33c7c107fw,2026-01-25 12:00:00,0.056848333333333,29.5,46.0,1014.0,12,7,1,0,0.0273058333333331,0.0625708333333328,0.0873498611111108,0.0851104315476188
a3986d20c19f33c7c107fw,2026-01-25 13:00:00,0.0774366666666662,30.1,44.0,1013.2,13,7,1,0,0.0371283333333331,0.0850433333333331,0.0890293749999997,0.085065153769841
a3986d20c19f33c7c107fw,2026-01-25 14:00:00,0.0832091666666666,29.7,45.0,1012.8,14,7,1,0,0.0390524999999998,0.0896191666666665,0.0908692361111108,0.0850269990079362
a3986d20c19f33c7c107fw,2026-01-25 15:00:00,0.0899974999999998,29.5,48.0,1012.6,15,7,1,0,0.0432166666666665,0.0971816666666665,0.0928184374999997,0.0849842361111108
a3986d20c19f33c7c107fw,2026-01-25 16:00:00,0.1133649999999999,29.2,48.0,1012.7,16,7,1,0,0.1219108333333332,0.124598333333333,0.0924623611111108,0.0849173710317457
a3986d20c19f33c7c107fw,2026-01-25 17:00:00,0.131455833333333,28.5,50.0,1013.2,17,7,1,0,0.1437941666666664,0.1443066666666664,0.0919482638888886,0.0848408779761902
a3986d20c19f33c7c107fw,2026-01-25 18:00:00,0.1525549999999998,27.1,56.0,1014.0,18,7,1,0,0.1668466666666664,0.1676141666666665,0.0913527777777775,0.0847512400793648
a3986d20c19f33c7c107fw,2026-01-25 19:00:00,0.1238433333333332,26.1,60.0,1014.7,19,7,1,0,0.1356091666666665,0.1361224999999996,0.0908625347222219,0.084678149801587
a3986d20c19f33c7c107fw,2026-01-25 20:00:00,0.0756491666666664,26.0,61.0,1015.2,20,7,1,0,0.0826366666666664,0.0830408333333332,0.0905713888888886,0.084634151785714
a3986d20c19f33c7c107fw,2026-01-25 21:00:00,0.1219058333333333,25.5,62.0,1015.2,21,7,1,0,0.133380833333333,0.1340433333333331,0.0900932638888886,0.0845619047619045
a3986d20c19f33c7c107fw,2026-01-25 22:00:00,0.1020908333333331,25.2,64.0,1015.0,22,7,1,0,0.1116216666666663,0.1121224999999996,0.089696145833333,0.0845021924603172
a3986d20c19f33c7c107fw,2026-01-25 23:00:00,0.0701841666666664,25.0,65.0,1015.0,23,7,1,0,0.0754599999999998,0.0757308333333331,0.0894763194444441,0.0844691765873013
a3986d20c19f33c7c107fw,2026-01-26 00:00:00,0.0899833333333329,24.7,66.0,1014.6,0,1,0,0,0.0984816666666664,0.0989574999999998,0.0891222222222219,0.0844157589285711
a3986d20c19f33c7c107fw,2026-01-26 01:00:00,0.081628333333333,24.5,68.0,1014.2,1,1,0,0,0.0891774999999996,0.0896199999999996,0.0888076736111108,0.0843681894841267
a3986d20c19f33c7c107fw,2026-01-26 02:00:00,0.0801524999999999,24.2,73.0,1013.6,2,1,0,0,0.08771,0.088113333333333,0.0884927777777775,0.0843208035714283
a3986d20c19f33c7c107fw,2026-01-26 03:00:00,0.0969683333333332,23.9,75.0,1013.2,3,1,0,0,0.1060108333333329,0.1064974999999998,0.0881160069444441,0.0842640823412695
a3986d20c19f33c7c107fw,2026-01-26 04:00:00,0.0540249999999999,23.3,77.0,1012.8,4,1,0,0,0.0591583333333328,0.0594824999999998,0.0879021180555553,0.0842315972222219
a3986d20c19f33c7c107fw,2026-01-26 05:00:00,0.0389133333333331,23.0,78.0,1013.4,5,1,0,0,0.0425291666666663,0.0427674999999999,0.087751458333333,0.084208655753968
a3986d20c19f33c7c107fw,2026-01-26 06:00:00,0.0845774999999997,23.0,79.0,1014.3,6,1,0,0,0.0925766666666663,0.0929724999999996,0.0874181597222219,0.0841586855158727
a3986d20c19f33c7c107fw,2026-01-26 07:00:00,0.0838866666666663,23.1,78.0,1014.7,7,1,0,0,0.0918066666666662,0.0938391666666663,0.0870881597222219,0.0840994444444442
a3986d20c19f33c7c107fw,2026-01-26 08:00:00,0.0853408333333332,24.1,72.0,1015.4,8,1,0,0,0.0934791666666663,0.0938916666666663,0.0867490624999997,0.0840485466269838
a3986d20c19f33c7c107fw,2026-01-26 09:00:00,0.0639041666666663,25.1,69.0,1015.7,9,1,0,0,0.0699841666666663,0.0702249999999996,0.0864957291666664,0.0840109226190473
a3986d20c19f33c7c107fw,2026-01-26 10:00:00,0.0528558333333331,26.8,64.0,1015.3,10,1,0,0,0.0569116666666665,0.0571241666666664,0.0863267361111108,0.0839855158730156
a3986d20c19f33c7c107fw,2026-01-26 11:00:00,0.0558808333333332,28.5,58.0,1014.5,11,1,0,0,0.0610649999999997,0.0613649999999996,0.0861107291666664,0.0839528720238092
a3986d20c19f33c7c107fw,2026-01-26 12:00:00,0.0519433333333332,27.8,62.0,1013.9,12,1,0,0,0.056848333333333,0.0570541666666665,0.0859063541666664,0.0839224503968251
a3986d20c19f33c7c107fw,2026-01-26 13:00:00,0.0706924999999996,28.5,61.0,1013.0,13,1,0,0,0.0774366666666662,0.0778908333333333,0.085625347222222,0.0838796031746029
a3986d20c19f33c7c107fw,2026-01-26 14:00:00,0.0761408333333329,28.2,62.0,1012.3,14,1,0,0,0.0832091666666666,0.0836124999999997,0.085330833333333,0.0838351289682537
a3986d20c19f33c7c107fw,2026-01-26 15:00:00,0.0807274999999999,28.2,63.0,1012.0,15,1,0,0,0.0899974999999998,0.0886949999999995,0.0849445833333331,0.0837877033730156
a3986d20c19f33c7c107fw,2026-01-26 16:00:00,0.111390833333333,28.1,63.0,1011.9,16,1,0,0,0.1133649999999999,0.1334891666666665,0.0848623263888886,0.0836561656746029
a3986d20c19f33c7c107fw,2026-01-26 17:00:00,0.1295183333333332,28.4,62.0,1012.3,17,1,0,0,0.131455833333333,0.1554199999999998,0.0847815972222219,0.0835019890873013
a3986d20c19f33c7c107fw,2026-01-26 18:00:00,0.1502524999999998,28.0,65.0,1012.6,18,1,0,0,0.1525549999999998,0.1803716666666664,0.0846856597222219,0.083322708333333
a3986d20c19f33c7c107fw,2026-01-26 19:00:00,0.1218999999999997,27.2,70.0,1012.8,19,1,0,0,0.1238433333333332,0.1466558333333332,0.0846046874999997,0.0831753521825394
a3986d20c19f33c7c107fw,2026-01-26 20:00:00,0.0745341666666664,27.0,73.0,1013.9,20,1,0,0,0.0756491666666664,0.0894199999999998,0.0845582291666664,0.0830867460317457
a3986d20c19f33c7c107fw,2026-01-26 21:00:00,0.120220833333333,26.8,75.0,1014.2,21,1,0,0,0.1219058333333333,0.144193333333333,0.084488020833333,0.0829440525793648
a3986d20c19f33c7c107fw,2026-01-26 22:00:00,0.1004841666666664,26.3,77.0,1014.0,22,1,0,0,0.1020908333333331,0.1207549999999997,0.0844210763888886,0.0828233928571426
a3986d20c19f33c7c107fw,2026-01-26 23:00:00,0.0694683333333331,26.0,78.0,1013.7,23,1,0,0,0.0701841666666664,0.0803591666666665,0.0843912499999997,0.0827585664682537
a3986d20c19f33c7c107fw,2026-01-27 00:00:00,0.088760833333333,25.9,79.0,1013.5,0,2,0,0,0.0899833333333329,0.1065083333333332,0.0843403124999997,0.0826529265873013
a3986d20c19f33c7c107fw,2026-01-27 01:00:00,0.0803933333333331,25.5,81.0,1012.9,1,2,0,0,0.081628333333333,0.0964774999999997,0.0842888541666664,0.0825571874999997
a3986d20c19f33c7c107fw,2026-01-27 02:00:00,0.0789424999999999,25.1,87.0,1012.4,2,2,0,0,0.0801524999999999,0.0948691666666664,0.0842384374999997,0.0824623859126981
a3986d20c19f33c7c107fw,2026-01-27 03:00:00,0.0955091666666664,25.2,83.0,1012.3,3,2,0,0,0.0969683333333332,0.1146666666666665,0.0841776388888886,0.0823483531746029
a3986d20c19f33c7c107fw,2026-01-27 04:00:00,0.0532558333333332,25.0,84.0,1012.1,4,2,0,0,0.0540249999999999,0.0639699999999998,0.0841455902777775,0.0822845783730156
a3986d20c19f33c7c107fw,2026-01-27 05:00:00,0.0383000000000001,25.0,84.0,1012.4,5,2,0,0,0.0389133333333331,0.0460083333333334,0.084120034722222,0.0822386954365076
a3986d20c19f33c7c107fw,2026-01-27 06:00:00,0.0832916666666662,24.8,85.0,1013.1,6,2,0,0,0.0845774999999997,0.1000841666666663,0.0840664583333331,0.0821387400793648
a3986d20c19f33c7c107fw,2026-01-27 07:00:00,0.0827183333333331,24.8,85.0,1013.7,7,2,0,0,0.0838866666666663,0.0993049999999998,0.0840177777777775,0.0820400099206346
a3986d20c19f33c7c107fw,2026-01-27 08:00:00,0.0841041666666663,25.1,84.0,1014.6,8,2,0,0,0.0853408333333332,0.1010049999999999,0.0839662499999997,0.0819394097222219
a3986d20c19f33c7c107fw,2026-01-27 09:00:00,0.0629791666666661,25.8,80.0,1015.4,9,2,0,0,0.0639041666666663,0.0756216666666665,0.083927708333333,0.0818641567460315
a3986d20c19f33c7c107fw,2026-01-27 10:00:00,0.0522174999999998,27.0,74.0,1015.1,10,2,0,0,0.0528558333333331,0.0607533333333331,0.0839011111111108,0.0818133482142854
a3986d20c19f33c7c107fw,2026-01-27 11:00:00,0.0549841666666665,27.9,71.0,1014.4,11,2,0,0,0.0558808333333332,0.0660549999999998,0.0838637499999997,0.0817474503968251
a3986d20c19f33c7c107fw,2026-01-27 12:00:00,0.0511249999999997,28.8,65.0,1013.5,12,2,0,0,0.0519433333333332,0.061448333333333,0.0838296527777775,0.0816860019841267
a3986d20c19f33c7c107fw,2026-01-27 13:00:00,0.0696291666666664,29.1,61.0,1012.7,13,2,0,0,0.0706924999999996,0.0836249999999994,0.0837853472222219,0.0816026934523807
a3986d20c19f33c7c107fw,2026-01-27 14:00:00,0.0749299999999999,26.8,75.0,1012.0,14,2,0,0,0.0761408333333329,0.0900758333333327,0.0837348958333331,0.0815125396825394
a3986d20c19f33c7c107fw,2026-01-27 15:00:00,0.0795733333333331,28.1,70.0,1011.8,15,2,0,0,0.0807274999999999,0.0956083333333331,0.0836868055555553,0.081417093253968
a3986d20c19f33c7c107fw,2026-01-27 16:00:00,0.1135241666666665,27.2,70.0,1012.0,16,2,0,0,0.111390833333333,0.1223558333333331,0.0837756944444442,0.0813645238095235
a3986d20c19f33c7c107fw,2026-01-27 17:00:00,0.1319683333333329,27.0,72.0,1012.3,17,2,0,0,0.1295183333333332,0.1418574999999998,0.0838777777777775,0.0813056597222219
a3986d20c19f33c7c107fw,2026-01-27 18:00:00,0.1532241666666663,26.9,72.0,1012.9,18,2,0,0,0.1502524999999998,0.1645424999999998,0.0840015972222219,0.0812382886904759
a3986d20c19f33c7c107fw,2026-01-27 19:00:00,0.1244566666666664,26.6,75.0,1013.2,19,2,0,0,0.1218999999999997,0.1337666666666665,0.0841081249999997,0.0811828720238092
a3986d20c19f33c7c107fw,2026-01-27 20:00:00,0.0759533333333329,26.5,75.0,1013.8,20,2,0,0,0.0745341666666664,0.0815216666666665,0.0841672569444442,0.0811497271825394
a3986d20c19f33c7c107fw,2026-01-27 21:00:00,0.1225675,26.2,74.0,1014.3,21,2,0,0,0.120220833333333,0.1315966666666665,0.0842650347222219,0.0810959821428568
a3986d20c19f33c7c107fw,2026-01-27 22:00:00,0.1024941666666665,25.8,76.0,1014.5,22,2,0,0,0.1004841666666664,0.1101208333333331,0.084348784722222,0.08105058531746
a3986d20c19f33c7c107fw,2026-01-27 23:00:00,0.0705583333333332,25.6,77.0,1014.3,23,2,0,0,0.0694683333333331,0.0745424999999997,0.0843942013888886,0.0810268700396822
a3986d20c19f33c7c107fw,2026-01-28 00:00:00,0.0903566666666664,25.5,77.0,1014.2,0,3,0,0,0.088760833333333,0.0972616666666665,0.0844606944444442,0.0809857688492061
a3986d20c19f33c7c107fw,2026-01-28 01:00:00,0.0819716666666664,25.3,77.0,1013.5,1,3,0,0,0.0803933333333331,0.0880433333333332,0.0845264583333331,0.0809496279761902
a3986d20c19f33c7c107fw,2026-01-28 02:00:00,0.0805549999999999,24.8,81.0,1012.6,2,3,0,0,0.0789424999999999,0.0865008333333331,0.0845936458333331,0.0809142361111108
a3986d20c19f33c7c107fw,2026-01-28 03:00:00,0.0973549999999999,24.5,82.0,1012.3,3,3,0,0,0.0955091666666664,0.1046508333333331,0.0846705555555553,0.0808708085317457
a3986d20c19f33c7c107fw,2026-01-28 04:00:00,0.0543474999999998,24.0,85.0,1012.0,4,3,0,0,0.0532558333333332,0.0583891666666665,0.0847160416666664,0.0808467509920632
a3986d20c19f33c7c107fw,2026-01-28 05:00:00,0.0390508333333331,23.7,86.0,1012.4,5,3,0,0,0.0383000000000001,0.0419166666666665,0.0847473263888886,0.0808296924603172
a3986d20c19f33c7c107fw,2026-01-28 06:00:00,0.0850724999999998,23.5,87.0,1013.1,6,3,0,0,0.0832916666666662,0.091293333333333,0.0848215277777775,0.0807926636904759
a3986d20c19f33c7c107fw,2026-01-28 07:00:00,0.0843074999999997,23.5,86.0,1013.6,7,3,0,0,0.0827183333333331,0.0905391666666664,0.0848877430555553,0.0807555704365076
a3986d20c19f33c7c107fw,2026-01-28 08:00:00,0.085755,24.8,79.0,1014.5,8,3,0,0,0.0841041666666663,0.0937791666666665,0.0849565277777775,0.0807078075396822
a3986d20c19f33c7c107fw,2026-01-28 09:00:00,0.0641441666666663,26.0,71.0,1014.8,9,3,0,0,0.0629791666666661,0.068963333333333,0.0850050694444442,0.0806791220238092
a3986d20c19f33c7c107fw,2026-01-28 10:00:00,0.0530699999999998,27.4,62.0,1014.6,10,3,0,0,0.0522174999999998,0.0562716666666665,0.0850405902777775,0.0806600644841267
a3986d20c19f33c7c107fw,2026-01-28 11:00:00,0.0560791666666665,28.8,56.0,1013.7,11,3,0,0,0.0549841666666665,0.0602674999999996,0.0850862152777775,0.0806351339285711
a3986d20c19f33c7c107fw,2026-01-28 12:00:00,0.0523483333333329,29.7,51.0,1013.0,12,3,0,0,0.0511249999999997,0.0561308333333327,0.0851371874999997,0.0806126190476188
a3986d20c19f33c7c107fw,2026-01-28 13:00:00,0.0710466666666663,29.4,51.0,1012.4,13,3,0,0,0.0696291666666664,0.0763716666666666,0.0851962499999997,0.0805809226190473
a3986d20c19f33c7c107fw,2026-01-28 14:00:00,0.0764449999999999,29.4,51.0,1011.6,14,3,0,0,0.0749299999999999,0.0804174999999997,0.0852593749999997,0.080557276785714
a3986d20c19f33c7c107fw,2026-01-28 15:00:00,0.0812449999999997,29.5,50.0,1011.2,15,3,0,0,0.0795733333333331,0.0871216666666666,0.0853290277777775,0.0805222966269838
a3986d20c19f33c7c107fw,2026-01-28 16:00:00,0.1064516666666664,29.6,48.0,1011.2,16,3,0,0,0.1135241666666665,0.1181749999999998,0.0850343402777775,0.0804525148809521
a3986d20c19f33c7c107fw,2026-01-28 17:00:00,0.1237058333333332,28.5,51.0,1011.8,17,3,0,0,0.1319683333333329,0.1372691666666663,0.0846900694444442,0.080371780753968
a3986d20c19f33c7c107fw,2026-01-28 18:00:00,0.1434399999999998,27.1,55.0,1012.5,18,3,0,0,0.1532241666666663,0.1592666666666665,0.0842823958333331,0.0802775744047616
a3986d20c19f33c7c107fw,2026-01-28 19:00:00,0.1164741666666666,26.0,60.0,1013.3,19,3,0,0,0.1244566666666664,0.1293674999999998,0.0839497916666664,0.0802008283730156
a3986d20c19f33c7c107fw,2026-01-28 20:00:00,0.0709924999999997,26.0,63.0,1013.9,20,3,0,0,0.0759533333333329,0.0788891666666664,0.0837430902777775,0.0801538244047616
a3986d20c19f33c7c107fw,2026-01-28 21:00:00,0.1147649999999997,25.4,67.0,1014.3,21,3,0,0,0.1225675,0.1273633333333331,0.0834179861111109,0.0800788343253965
a3986d20c19f33c7c107fw,2026-01-28 22:00:00,0.0959691666666664,25.0,69.0,1014.6,22,3,0,0,0.1024941666666665,0.1066066666666665,0.0831461111111108,0.0800155158730156
a3986d20c19f33c7c107fw,2026-01-28 23:00:00,0.0668183333333331,24.7,70.0,1014.7,23,3,0,0,0.0705583333333332,0.0726366666666665,0.0829902777777775,0.0799808829365077
a3986d20c19f33c7c107fw,2026-01-29 00:00:00,0.0847999999999997,24.2,73.0,1014.4,0,4,0,0,0.0903566666666664,0.0941474999999995,0.0827587499999997,0.0799252430555553
a3986d20c19f33c7c107fw,2026-01-29 01:00:00,0.0767908333333331,24.0,72.0,1014.1,1,4,0,0,0.0819716666666664,0.085130833333333,0.0825428819444442,0.0798756001984124
a3986d20c19f33c7c107fw,2026-01-29 02:00:00,0.0754125,23.7,75.0,1013.5,2,4,0,0,0.0805549999999999,0.0837799999999998,0.0823286111111109,0.0798257936507934
a3986d20c19f33c7c107fw,2026-01-29 03:00:00,0.0912316666666662,23.6,75.0,1013.2,3,4,0,0,0.0973549999999999,0.1012466666666664,0.0820734722222219,0.0797661805555553
a3986d20c19f33c7c107fw,2026-01-29 04:00:00,0.0508491666666665,23.3,77.0,1013.3,4,4,0,0,0.0543474999999998,0.0565308333333331,0.0819277083333331,0.0797323611111108
a3986d20c19f33c7c107fw,2026-01-29 05:00:00,0.0365608333333333,23.0,79.0,1013.6,5,4,0,0,0.0390508333333331,0.0406524999999999,0.0818239583333331,0.0797080059523807
a3986d20c19f33c7c107fw,2026-01-29 06:00:00,0.0796391666666665,22.7,81.0,1014.2,6,4,0,0,0.0850724999999998,0.0884299999999997,0.0815975694444442,0.0796556795634918
a3986d20c19f33c7c107fw,2026-01-29 07:00:00,0.07892,22.6,81.0,1014.6,7,4,0,0,0.0843074999999997,0.089223333333333,0.0813730902777775,0.0795943501984124
a3986d20c19f33c7c107fw,2026-01-29 08:00:00,0.0802908333333331,24.0,76.0,1015.5,8,4,0,0,0.085755,0.0891549999999996,0.0811454166666664,0.079541587301587
a3986d20c19f33c7c107fw,2026-01-29 09:00:00,0.0602108333333329,25.7,63.0,1016.0,9,4,0,0,0.0641441666666663,0.066773333333333,0.0809815277777775,0.079502524801587
a3986d20c19f33c7c107fw,2026-01-29 10:00:00,0.0502941666666664,27.7,53.0,1015.8,10,4,0,0,0.0530699999999998,0.0547758333333331,0.0808658680555553,0.0794758482142854
a3986d20c19f33c7c107fw,2026-01-29 11:00:00,0.0524891666666662,29.4,46.0,1015.0,11,4,0,0,0.0560791666666665,0.0583724999999998,0.0807162847222219,0.0794408283730156
a3986d20c19f33c7c107fw,2026-01-29 12:00:00,0.0489733333333329,30.4,42.0,1014.0,12,4,0,0,0.0523483333333329,0.0542924999999994,0.080575659722222,0.0794091666666664
a3986d20c19f33c7c107fw,2026-01-29 13:00:00,0.066435833333333,30.4,42.0,1013.2,13,4,0,0,0.0710466666666663,0.0738874999999996,0.0803835416666664,0.0793648115079362
a3986d20c19f33c7c107fw,2026-01-29 14:00:00,0.0715974999999995,30.2,43.0,1012.8,14,4,0,0,0.0764449999999999,0.0794733333333331,0.0801815624999997,0.0793179315476188
a3986d20c19f33c7c107fw,2026-01-29 15:00:00,0.0760066666666663,29.9,44.0,1012.4,15,4,0,0,0.0812449999999997,0.0843924999999999,0.0799632986111108,0.0792680158730156
a3986d20c19f33c7c107fw,2026-01-29 16:00:00,0.100310833333333,29.0,48.0,1012.8,16,4,0,0,0.1064516666666664,0.1104383333333331,0.0797074305555553,0.0792077331349204
a3986d20c19f33c7c107fw,2026-01-29 17:00:00,0.1166666666666663,27.8,53.0,1013.4,17,4,0,0,0.1237058333333332,0.1281941666666664,0.0794141319444441,0.0791391170634918
a3986d20c19f33c7c107fw,2026-01-29 18:00:00,0.1350899999999998,26.6,58.0,1014.0,18,4,0,0,0.1434399999999998,0.1487149999999997,0.0790662152777775,0.0790580158730156
a3986d20c19f33c7c107fw,2026-01-29 19:00:00,0.109920833333333,25.8,62.0,1014.6,19,4,0,0,0.1164741666666666,0.1207733333333332,0.0787931597222219,0.0789934176587299
a3986d20c19f33c7c107fw,2026-01-29 20:00:00,0.0669416666666664,25.9,60.0,1015.4,20,4,0,0,0.0709924999999997,0.0738241666666664,0.0786243749999997,0.0789524503968251
a3986d20c19f33c7c107fw,2026-01-29 21:00:00,0.1079849999999996,25.7,62.0,1015.7,21,4,0,0,0.1147649999999997,0.1188966666666662,0.0783418749999997,0.0788874999999997
a3986d20c19f33c7c107fw,2026-01-29 22:00:00,0.0904483333333333,25.3,63.0,1015.7,22,4,0,0,0.0959691666666664,0.0994791666666664,0.0781118402777775,0.0788337450396823
a3986d20c19f33c7c107fw,2026-01-29 23:00:00,0.0638191666666665,25.0,64.0,1015.8,23,4,0,0,0.0668183333333331,0.0689216666666663,0.0779868749999997,0.0788033730158727
a3986d20c19f33c7c107fw,2026-01-30 00:00:00,0.0806491666666664,24.6,66.0,1015.7,0,5,0,0,0.0847999999999997,0.0878158333333331,0.0778139236111108,0.078760714285714
a3986d20c19f33c7c107fw,2026-01-30 01:00:00,0.0723016666666665,24.0,69.0,1015.0,1,5,0,0,0.0767908333333331,0.0796058333333331,0.0776268749999997,0.0787172371031743
a3986d20c19f33c7c107fw,2026-01-30 02:00:00,0.0709774999999998,23.5,72.0,1014.5,2,5,0,0,0.0754125,0.0782349999999998,0.077442083333333,0.0786740376984124
a3986d20c19f33c7c107fw,2026-01-30 03:00:00,0.0859799999999998,23.1,75.0,1014.2,3,5,0,0,0.0912316666666662,0.0945366666666666,0.0772232638888886,0.0786231051587299
a3986d20c19f33c7c107fw,2026-01-30 04:00:00,0.0479016666666665,23.0,77.0,1014.1,4,5,0,0,0.0508491666666665,0.0528108333333331,0.0771004513888886,0.0785938839285711
a3986d20c19f33c7c107fw,2026-01-30 05:00:00,0.0344475,22.7,79.0,1014.5,5,5,0,0,0.0365608333333333,0.0379249999999998,0.077012395833333,0.0785731845238092
a3986d20c19f33c7c107fw,2026-01-30 06:00:00,0.0749974999999998,22.6,80.0,1015.1,6,5,0,0,0.0796391666666665,0.0825041666666666,0.0768189930555553,0.0785285019841267
a3986d20c19f33c7c107fw,2026-01-30 07:00:00,0.0743783333333332,22.8,79.0,1015.8,7,5,0,0,0.07892,0.081875,0.0766297569444441,0.0784838789682537
a3986d20c19f33c7c107fw,2026-01-30 08:00:00,0.0756541666666665,24.0,75.0,1016.5,8,5,0,0,0.0802908333333331,0.0832774999999999,0.0764365624999997,0.0784385019841267
a3986d20c19f33c7c107fw,2026-01-30 09:00:00,0.0566591666666663,25.5,68.0,1016.9,9,5,0,0,0.0602108333333329,0.0622983333333329,0.0762885763888886,0.0784049355158727
a3986d20c19f33c7c107fw,2026-01-30 10:00:00,0.0479458333333332,26.8,60.0,1016.9,10,5,0,0,0.0502941666666664,0.0517891666666664,0.0761907291666664,0.0783820585317457
a3986d20c19f33c7c107fw,2026-01-30 11:00:00,0.049395833333333,28.4,52.0,1016.0,11,5,0,0,0.0524891666666662,0.054385,0.0760618402777775,0.0783523611111108
a3986d20c19f33c7c107fw,2026-01-30 12:00:00,0.0460133333333327,28.9,51.0,1015.2,12,5,0,0,0.0489733333333329,0.0506133333333332,0.0759385069444441,0.0783249801587299
a3986d20c19f33c7c107fw,2026-01-30 13:00:00,0.0628308333333331,29.3,50.0,1014.2,13,5,0,0,0.066435833333333,0.0690199999999995,0.0757882986111108,0.0782881398809521
a3986d20c19f33c7c107fw,2026-01-30 14:00:00,0.0674574999999996,29.6,49.0,1013.4,14,5,0,0,0.0715974999999995,0.0742233333333331,0.0756157986111108,0.0782478670634918
a3986d20c19f33c7c107fw,2026-01-30 15:00:00,0.0715041666666666,29.0,52.0,1012.9,15,5,0,0,0.0760066666666663,0.0788349999999998,0.0754281944444442,0.0782042311507934
a3986d20c19f33c7c107fw,2026-01-30 16:00:00,0.108365833333333,28.4,55.0,1013.1,16,5,0,0,0.100310833333333,0.0607033333333332,0.0757638194444442,0.0784879365079362
a3986d20c19f33c7c107fw,2026-01-30 17:00:00,0.1260558333333328,27.6,57.0,1013.5,17,5,0,0,0.1166666666666663,0.0689533333333329,0.0761550347222219,0.0788278323412696
a3986d20c19f33c7c107fw,2026-01-30 18:00:00,0.1465116666666664,26.3,64.0,1014.1,18,5,0,0,0.1350899999999998,0.080033333333333,0.0766309374999997,0.0792235367063489
a3986d20c19f33c7c107fw,2026-01-30 19:00:00,0.1190308333333328,25.5,68.0,1014.8,19,5,0,0,0.109920833333333,0.0652108333333332,0.077010520833333,0.0795438938492061
a3986d20c19f33c7c107fw,2026-01-30 20:00:00,0.072510833333333,25.8,69.0,1015.1,20,5,0,0,0.0669416666666664,0.039603333333333,0.0772425694444442,0.0797397718253965
a3986d20c19f33c7c107fw,2026-01-30 21:00:00,0.1171116666666665,25.4,71.0,1015.2,21,5,0,0,0.1079849999999996,0.0640783333333331,0.0776228472222219,0.0800554464285711
a3986d20c19f33c7c107fw,2026-01-30 22:00:00,0.0979741666666665,24.9,75.0,1015.4,22,5,0,0,0.0904483333333333,0.0535266666666665,0.0779364236111108,0.0803200148809521
a3986d20c19f33c7c107fw,2026-01-30 23:00:00,0.0680041666666665,24.5,78.0,1015.2,23,5,0,0,0.0638191666666665,0.043715833333333,0.0781107986111108,0.0804645882936505
a3986d20c19f33c7c107fw,2026-01-31 00:00:00,0.086493333333333,24.0,81.0,1015.0,0,6,1,0,0.0806491666666664,0.0496816666666663,0.0783543055555553,0.0806837053571426
a3986d20c19f33c7c107fw,2026-01-31 01:00:00,0.0783691666666663,23.9,83.0,1014.4,1,6,1,0,0.0723016666666665,0.042858333333333,0.0786071180555553,0.0808950793650791
a3986d20c19f33c7c107fw,2026-01-31 02:00:00,0.0770274999999998,23.9,81.0,1014.0,2,6,1,0,0.0709774999999998,0.0420516666666663,0.0788592013888886,0.0811032688492061
a3986d20c19f33c7c107fw,2026-01-31 03:00:00,0.0930766666666663,23.4,81.0,1013.5,3,6,1,0,0.0859799999999998,0.0509708333333332,0.079154895833333,0.0813538988095235
a3986d20c19f33c7c107fw,2026-01-31 04:00:00,0.0519408333333331,23.0,82.0,1013.5,4,6,1,0,0.0479016666666665,0.0283374999999997,0.0793231944444441,0.0814943948412696
a3986d20c19f33c7c107fw,2026-01-31 05:00:00,0.0374116666666664,23.0,81.0,1013.9,5,6,1,0,0.0344475,0.0204974999999998,0.0794467013888886,0.0815950744047616
a3986d20c19f33c7c107fw,2026-01-31 06:00:00,0.0812174999999999,22.8,79.0,1013.9,6,6,1,0,0.0749974999999998,0.0443799999999997,0.0797058680555553,0.0818143452380949
a3986d20c19f33c7c107fw,2026-01-31 07:00:00,0.0806091666666662,22.8,79.0,1014.9,7,6,1,0,0.0743783333333332,0.0440658333333332,0.0799654861111108,0.0820318650793648
a3986d20c19f33c7c107fw,2026-01-31 08:00:00,0.0819416666666664,24.0,75.0,1015.6,8,6,1,0,0.0756541666666665,0.0456216666666665,0.0802274652777775,0.0822480555555553
a3986d20c19f33c7c107fw,2026-01-31 09:00:00,0.0613758333333331,25.1,68.0,1016.1,9,6,1,0,0.0566591666666663,0.0335716666666663,0.0804239930555552,0.0824135565476188
a3986d20c19f33c7c107fw,2026-01-31 10:00:00,0.051148333333333,26.5,63.0,1015.9,10,6,1,0,0.0479458333333332,0.0323099999999997,0.0805574305555552,0.0825256894841267
a3986d20c19f33c7c107fw,2026-01-31 11:00:00,0.0535874999999999,28.8,54.0,1015.0,11,6,1,0,0.049395833333333,0.0293474999999997,0.080732083333333,0.0826699751984124
a3986d20c19f33c7c107fw,2026-01-31 12:00:00,0.0497966666666664,29.9,50.0,1013.9,12,6,1,0,0.0460133333333327,0.0273058333333331,0.0808897222222219,0.0828038492063489
a3986d20c19f33c7c107fw,2026-01-31 13:00:00,0.0679541666666665,30.1,49.0,1013.3,13,6,1,0,0.0628308333333331,0.0371283333333331,0.0811031944444442,0.0829873363095235
a3986d20c19f33c7c107fw,2026-01-31 14:00:00,0.0714899999999997,27.6,57.0,1013.3,14,6,1,0,0.0674574999999996,0.0390524999999998,0.0812712152777775,0.0831804166666664
a3986d20c19f33c7c107fw,2026-01-31 15:00:00,0.0775808333333329,27.5,59.0,1013.0,15,6,1,0,0.0715041666666666,0.0432166666666665,0.0815244097222219,0.0833849652777775
a3986d20c19f33c7c107fw,2026-01-31 16:00:00,0.1145374999999999,27.8,59.0,1013.0,16,6,1,0,0.108365833333333,0.1219108333333332,0.0817815624999997,0.0833410763888886
a3986d20c19f33c7c107fw,2026-01-31 17:00:00,0.1334941666666665,28.0,56.0,1013.1,17,6,1,0,0.1260558333333328,0.1437941666666664,0.0820914930555553,0.0832797668650791
a3986d20c19f33c7c107fw,2026-01-31 18:00:00,0.1547599999999998,27.5,55.0,1013.4,18,6,1,0,0.1465116666666664,0.1668466666666664,0.0824351736111108,0.0832078224206346
a3986d20c19f33c7c107fw,2026-01-31 19:00:00,0.1256849999999998,26.5,59.0,1013.6,19,6,1,0,0.1190308333333328,0.1356091666666665,0.0827124305555553,0.0831487499999997
a3986d20c19f33c7c107fw,2026-01-31 20:00:00,0.0766624999999995,25.9,59.0,1014.2,20,6,1,0,0.072510833333333,0.0826366666666664,0.0828854166666664,0.0831131894841267
a3986d20c19f33c7c107fw,2026-01-31 21:00:00,0.1236916666666664,25.9,58.0,1014.4,21,6,1,0,0.1171116666666665,0.133380833333333,0.083159583333333,0.0830555158730156
a3986d20c19f33c7c107fw,2026-01-31 22:00:00,0.1035949999999998,25.8,58.0,1014.6,22,6,1,0,0.0979741666666665,0.1116216666666663,0.0833937847222219,0.0830077380952378
a3986d20c19f33c7c107fw,2026-01-31 23:00:00,0.0711024999999997,25.5,59.0,1014.6,23,6,1,0,0.0680041666666665,0.0754599999999998,0.0835228819444442,0.0829818005952378
a3986d20c19f33c7c107fw,2026-02-01 00:00:00,0.0913049999999996,25.0,63.0,1014.5,0,7,1,0,0.086493333333333,0.0984816666666664,0.0837233680555553,0.0829390823412696
a3986d20c19f33c7c107fw,2026-02-01 01:00:00,0.0827599999999997,24.6,65.0,1014.1,1,7,1,0,0.0783691666666663,0.0891774999999996,0.0839063194444442,0.0829008829365076
a3986d20c19f33c7c107fw,2026-02-01 02:00:00,0.0814624999999999,24.0,68.0,1013.5,2,7,1,0,0.0770274999999998,0.08771,0.0840911111111108,0.0828636954365076
a3986d20c19f33c7c107fw,2026-02-01 03:00:00,0.0983283333333332,23.9,68.0,1013.0,3,7,1,0,0.0930766666666663,0.1060108333333329,0.0843099305555553,0.082817966269841
a3986d20c19f33c7c107fw,2026-02-01 04:00:00,0.054890833333333,23.8,70.0,1013.0,4,7,1,0,0.0519408333333331,0.0591583333333328,0.0844328472222219,0.0827925644841267
a3986d20c19f33c7c107fw,2026-02-01 05:00:00,0.0394258333333333,23.6,72.0,1013.2,5,7,1,0,0.0374116666666664,0.0425291666666663,0.0845167708333331,0.0827740922619045
a3986d20c19f33c7c107fw,2026-02-01 06:00:00,0.0858616666666663,23.5,73.0,1013.4,6,7,1,0,0.0812174999999999,0.0925766666666663,0.0847102777777775,0.0827341220238092
a3986d20c19f33c7c107fw,2026-02-01 07:00:00,0.0852524999999995,23.6,74.0,1014.1,7,7,1,0,0.0806091666666662,0.0918066666666662,0.0849037499999997,0.0826951091269838
a3986d20c19f33c7c107fw,2026-02-01 08:00:00,0.0866799999999995,25.5,62.0,1015.2,8,7,1,0,0.0819416666666664,0.0934791666666663,0.0851011805555553,0.0826546378968251
a3986d20c19f33c7c107fw,2026-02-01 09:00:00,0.0649274999999996,26.0,60.0,1015.4,9,7,1,0,0.0613758333333331,0.0699841666666663,0.0852491666666664,0.0826245386904759
a3986d20c19f33c7c107fw,2026-02-01 10:00:00,0.0534966666666665,27.0,58.0,1015.3,10,7,1,0,0.051148333333333,0.0569116666666665,0.0853470138888886,0.0826042113095235
a3986d20c19f33c7c107fw,2026-02-01 11:00:00,0.0566791666666663,28.4,54.0,1014.8,11,7,1,0,0.0535874999999999,0.0610649999999997,0.085475833333333,0.0825781051587299
a3986d20c19f33c7c107fw,2026-02-01 12:00:00,0.0527583333333332,30.1,48.0,1013.5,12,7,1,0,0.0497966666666664,0.056848333333333,0.0855992361111108,0.0825537599206346
a3986d20c19f33c7c107fw,2026-02-01 13:00:00,0.0718583333333331,30.8,45.0,1012.7,13,7,1,0,0.0679541666666665,0.0774366666666662,0.0857619097222219,0.0825205555555553
a3986d20c19f33c7c107fw,2026-02-01 14:00:00,0.0771516666666661,30.0,49.0,1011.9,14,7,1,0,0.0714899999999997,0.0832091666666666,0.0859978124999997,0.0824844990079362
a3986d20c19f33c7c107fw,2026-02-01 15:00:00,0.0818833333333335,29.8,48.0,1011.8,15,7,1,0,0.0775808333333329,0.0899974999999998,0.086177083333333,0.0824362003968251
a3986d20c19f33c7c107fw,2026-02-01 16:00:00,0.1162908333333331,29.4,48.0,1012.2,16,7,1,0,0.1145374999999999,0.1133649999999999,0.0862501388888886,0.0824536160714283
a3986d20c19f33c7c107fw,2026-02-01 17:00:00,0.1353316666666665,28.1,52.0,1012.8,17,7,1,0,0.1334941666666665,0.131455833333333,0.0863267013888886,0.0824766865079362
a3986d20c19f33c7c107fw,2026-02-01 18:00:00,0.1570624999999996,27.3,53.0,1013.6,18,7,1,0,0.1547599999999998,0.1525549999999998,0.0864226388888886,0.0825035168650791
a3986d20c19f33c7c107fw,2026-02-01 19:00:00,0.1276283333333331,26.8,55.0,1014.0,19,7,1,0,0.1256849999999998,0.1238433333333332,0.0865036111111108,0.0825260466269838
a3986d20c19f33c7c107fw,2026-02-01 20:00:00,0.0777766666666664,26.4,57.0,1014.9,20,7,1,0,0.0766624999999995,0.0756491666666664,0.0865500347222219,0.08253871031746
a3986d20c19f33c7c107fw,2026-02-01 21:00:00,0.125478333333333,26.2,58.0,1015.2,21,7,1,0,0.1236916666666664,0.1219058333333333,0.0866244791666664,0.0825599751984124
a3986d20c19f33c7c107fw,2026-02-01 22:00:00,0.1051041666666665,26.0,58.0,1015.3,22,7,1,0,0.1035949999999998,0.1020908333333331,0.0866873611111108,0.0825779117063489
a3986d20c19f33c7c107fw,2026-02-01 23:00:00,0.0719191666666663,26.0,58.0,1015.1,23,7,1,0,0.0711024999999997,0.0701841666666664,0.0867213888888886,0.0825882390873013
a3986d20c19f33c7c107fw,2026-02-02 00:00:00,0.0925249999999998,25.5,62.0,1014.3,0,1,0,0,0.0913049999999996,0.0899833333333329,0.0867722222222219,0.0826033680555553
a3986d20c19f33c7c107fw,2026-02-02 01:00:00,0.0839958333333329,25.2,64.0,1014.2,1,1,0,0,0.0827599999999997,0.081628333333333,0.0868237152777775,0.08261746031746
a3986d20c19f33c7c107fw,2026-02-02 02:00:00,0.0825691666666664,24.6,67.0,1013.6,2,1,0,0,0.0814624999999999,0.0801524999999999,0.0868698263888886,0.082631845238095
a3986d20c19f33c7c107fw,2026-02-02 03:00:00,0.0997866666666665,24.5,68.0,1013.4,3,1,0,0,0.0983283333333332,0.0969683333333332,0.0869305902777775,0.0826486210317457
a3986d20c19f33c7c107fw,2026-02-02 04:00:00,0.0557616666666663,24.5,68.0,1013.2,4,1,0,0,0.054890833333333,0.0540249999999999,0.0869668749999997,0.082658958333333
a3986d20c19f33c7c107fw,2026-02-02 05:00:00,0.0400391666666665,24.3,69.0,1013.7,5,1,0,0,0.0394258333333333,0.0389133333333331,0.0869924305555552,0.0826656597222219
a3986d20c19f33c7c107fw,2026-02-02 06:00:00,0.0871458333333329,24.0,69.0,1014.1,6,1,0,0,0.0858616666666663,0.0845774999999997,0.0870459374999997,0.0826809474206346
a3986d20c19f33c7c107fw,2026-02-02 07:00:00,0.0864191666666664,23.9,70.0,1014.6,7,1,0,0,0.0852524999999995,0.0838866666666663,0.0870945486111108,0.0826960218253965
a3986d20c19f33c7c107fw,2026-02-02 08:00:00,0.087915833333333,25.8,63.0,1015.6,8,1,0,0,0.0866799999999995,0.0853408333333332,0.0871460416666664,0.0827113492063489
a3986d20c19f33c7c107fw,2026-02-02 09:00:00,0.0658499999999995,27.0,56.0,1015.9,9,1,0,0,0.0649274999999996,0.0639041666666663,0.0871844791666664,0.0827229315476188
a3986d20c19f33c7c107fw,2026-02-02 10:00:00,0.0541374999999998,28.4,53.0,1015.8,10,1,0,0,0.0534966666666665,0.0528558333333331,0.0872111805555552,0.0827305605158727
a3986d20c19f33c7c107fw,2026-02-02 11:00:00,0.0574758333333332,30.2,47.0,1015.1,11,1,0,0,0.0566791666666663,0.0558808333333332,0.0872443749999997,0.0827400545634918
a3986d20c19f33c7c107fw,2026-02-02 12:00:00,0.0535766666666665,30.6,46.0,1014.1,12,1,0,0,0.0527583333333332,0.0519433333333332,0.0872784722222219,0.082749776785714
a3986d20c19f33c7c107fw,2026-02-02 13:00:00,0.0728216666666665,30.6,47.0,1013.7,13,1,0,0,0.0718583333333331,0.0706924999999996,0.0873186111111108,0.0827624503968251
a3986d20c19f33c7c107fw,2026-02-02 14:00:00,0.0783633333333332,30.2,49.0,1012.9,14,1,0,0,0.0771516666666661,0.0761408333333329,0.0873690972222219,0.0827756795634918
a3986d20c19f33c7c107fw,2026-02-02 15:00:00,0.083138333333333,30.8,47.0,1012.4,15,1,0,0,0.0818833333333335,0.0807274999999999,0.0874213888888886,0.0827900297619045
a3986d20c19f33c7c107fw,2026-02-02 16:00:00,0.0930683333333331,30.5,47.0,1012.4,16,1,0,0,0.1162908333333331,0.111390833333333,0.0864537847222219,0.0826809672619045
a3986d20c19f33c7c107fw,2026-02-02 17:00:00,0.1073958333333331,29.3,50.0,1012.8,17,1,0,0,0.1353316666666665,0.1295183333333332,0.0852897916666663,0.0825492857142854
a3986d20c19f33c7c107fw,2026-02-02 18:00:00,0.1245474999999998,28.0,54.0,1013.6,18,1,0,0,0.1570624999999996,0.1502524999999998,0.0839349999999997,0.0823962797619045
a3986d20c19f33c7c107fw,2026-02-02 19:00:00,0.101235833333333,27.0,57.0,1014.5,19,1,0,0,0.1276283333333331,0.1218999999999997,0.0828353124999997,0.082273278769841
a3986d20c19f33c7c107fw,2026-02-02 20:00:00,0.0617808333333328,26.7,56.0,1015.1,20,1,0,0,0.0777766666666664,0.0745341666666664,0.0821688194444441,0.0821973660714283
a3986d20c19f33c7c107fw,2026-02-02 21:00:00,0.0995266666666665,26.4,58.0,1015.2,21,1,0,0,0.125478333333333,0.120220833333333,0.0810874999999997,0.0820741865079362
a3986d20c19f33c7c107fw,2026-02-02 22:00:00,0.0834341666666665,26.1,61.0,1015.5,22,1,0,0,0.1051041666666665,0.1004841666666664,0.080184583333333,0.0819726984126981
a3986d20c19f33c7c107fw,2026-02-02 23:00:00,0.0589333333333331,26.0,62.0,1015.5,23,1,0,0,0.0719191666666663,0.0694683333333331,0.0796435069444441,0.0819099900793648
a3986d20c19f33c7c107fw,2026-02-03 00:00:00,0.0743258333333331,26.0,62.0,1015.4,0,2,0,0,0.0925249999999998,0.088760833333333,0.078885208333333,0.0818240674603172
a3986d20c19f33c7c107fw,2026-02-03 01:00:00,0.0666874999999998,25.7,64.0,1015.1,1,2,0,0,0.0839958333333329,0.0803933333333331,0.0781640277777775,0.0817424851190473
a3986d20c19f33c7c107fw,2026-02-03 02:00:00,0.0974816666666664,25.4,66.0,1014.4,2,2,0,0,0.0825691666666664,0.0789424999999999,0.0787853819444441,0.081852837301587
a3986d20c19f33c7c107fw,2026-02-03 03:00:00,0.1118666666666662,25.0,69.0,1014.1,3,2,0,0,0.0997866666666665,0.0955091666666664,0.0792887152777775,0.0819502033730156
a3986d20c19f33c7c107fw,2026-02-03 04:00:00,0.0862391666666664,24.6,69.0,1014.2,4,2,0,0,0.0557616666666663,0.0532558333333332,0.0805586111111108,0.082146532738095
a3986d20c19f33c7c107fw,2026-02-03 05:00:00,0.1108333333333332,24.2,72.0,1014.5,5,2,0,0,0.0400391666666665,0.0383000000000001,0.0835083680555553,0.082578278769841
a3986d20c19f33c7c107fw,2026-02-03 06:00:00,0.0874666666666668,23.9,75.0,1014.8,6,2,0,0,0.0871458333333329,0.0832916666666662,0.0835217361111108,0.0826031299603172
a3986d20c19f33c7c107fw,2026-02-03 07:00:00,0.1161116666666662,24.1,74.0,1015.3,7,2,0,0,0.0864191666666664,0.0827183333333331,0.0847589236111108,0.082801899801587
a3986d20c19f33c7c107fw,2026-02-03 08:00:00,0.0992816666666663,25.7,65.0,1016.2,8,2,0,0,0.087915833333333,0.0841041666666663,0.0852324999999997,0.0828922420634918
a3986d20c19f33c7c107fw,2026-02-03 09:00:00,0.0522925,26.6,59.0,1016.4,9,2,0,0,0.0658499999999995,0.0629791666666661,0.0846676041666664,0.0828286309523807
a3986d20c19f33c7c107fw,2026-02-03 10:00:00,0.0442016666666664,29.0,50.0,1016.2,10,2,0,0,0.0541374999999998,0.0522174999999998,0.0842536111111108,0.0827809176587299
a3986d20c19f33c7c107fw,2026-02-03 11:00:00,0.0456091666666664,30.5,44.0,1015.3,11,2,0,0,0.0574758333333332,0.0549841666666665,0.0837591666666664,0.0827251140873013
a3986d20c19f33c7c107fw,2026-02-03 12:00:00,0.0424358333333332,31.0,42.0,1014.6,12,2,0,0,0.0535766666666665,0.0511249999999997,0.0832949652777775,0.0826733928571426
a3986d20c19f33c7c107fw,2026-02-03 13:00:00,0.0578683333333333,31.3,40.0,1013.9,13,2,0,0,0.0728216666666665,0.0696291666666664,0.0826719097222219,0.0826033878968251
a3986d20c19f33c7c107fw,2026-02-03 14:00:00,0.0621108333333332,30.9,40.0,1013.3,14,2,0,0,0.0783633333333332,0.0749299999999999,0.081994722222222,0.082527083333333
a3986d20c19f33c7c107fw,2026-02-03 15:00:00,0.0660499999999997,30.6,41.0,1012.5,15,2,0,0,0.083138333333333,0.0795733333333331,0.0812827083333331,0.082446587301587
a3986d20c19f33c7c107fw,2026-02-03 16:00:00,0.1074016666666664,30.0,42.0,1012.6,16,2,0,0,0.0930683333333331,0.1135241666666665,0.0818799305555553,0.0824101438492061
a3986d20c19f33c7c107fw,2026-02-03 17:00:00,0.1252591666666666,28.7,45.0,1013.3,17,2,0,0,0.1073958333333331,0.1319683333333329,0.0826242361111108,0.0823702083333331
a3986d20c19f33c7c107fw,2026-02-03 18:00:00,0.1454383333333331,27.5,47.0,1013.7,18,2,0,0,0.1245474999999998,0.1532241666666663,0.0834946874999997,0.0823238640873013
a3986d20c19f33c7c107fw,2026-02-03 19:00:00,0.1181949999999996,27.0,48.0,1013.9,19,2,0,0,0.101235833333333,0.1244566666666664,0.0842013194444442,0.0822865922619045
a3986d20c19f33c7c107fw,2026-02-03 20:00:00,0.0719649999999999,27.0,51.0,1014.8,20,2,0,0,0.0617808333333328,0.0759533333333329,0.084625659722222,0.0822628521825394
a3986d20c19f33c7c107fw,2026-02-03 21:00:00,0.1162458333333329,26.9,53.0,1015.0,21,2,0,0,0.0995266666666665,0.1225675,0.0853222916666664,0.0822252232142854
a3986d20c19f33c7c107fw,2026-02-03 22:00:00,0.0973133333333332,26.3,58.0,1014.9,22,2,0,0,0.0834341666666665,0.1024941666666665,0.0859005902777775,0.0821943849206346
a3986d20c19f33c7c107fw,2026-02-03 23:00:00,0.0672724999999997,25.8,62.0,1014.6,23,2,0,0,0.0589333333333331,0.0705583333333332,0.0862480555555553,0.0821748263888886
a3986d20c19f33c7c107fw,2026-02-04 00:00:00,0.0858533333333331,25.4,66.0,1014.4,0,3,0,0,0.0743258333333331,0.0903566666666664,0.0867283680555553,0.0821480208333331
a3986d20c19f33c7c107fw,2026-02-04 01:00:00,0.0777883333333331,25.0,69.0,1013.7,1,3,0,0,0.0666874999999998,0.0819716666666664,0.0871909027777775,0.0821231200396822
a3986d20c19f33c7c107fw,2026-02-04 02:00:00,0.0764449999999999,24.3,75.0,1013.6,2,3,0,0,0.0974816666666664,0.0805549999999999,0.0863143749999997,0.082098655753968
a3986d20c19f33c7c107fw,2026-02-04 03:00:00,0.0924558333333332,24.0,73.0,1013.3,3,3,0,0,0.1118666666666662,0.0973549999999999,0.0855055902777775,0.0820694940476188
a3986d20c19f33c7c107fw,2026-02-04 04:00:00,0.0515333333333331,23.6,74.0,1013.2,4,3,0,0,0.0862391666666664,0.0543474999999998,0.0840595138888887,0.0820527430555553
a3986d20c19f33c7c107fw,2026-02-04 05:00:00,0.0371591666666665,23.4,74.0,1013.2,5,3,0,0,0.1108333333333332,0.0390508333333331,0.0809897569444442,0.0820414831349203
a3986d20c19f33c7c107fw,2026-02-04 06:00:00,0.0807066666666666,23.4,74.0,1013.6,6,3,0,0,0.0874666666666668,0.0850724999999998,0.0807080902777775,0.0820154960317457
a3986d20c19f33c7c107fw,2026-02-04 07:00:00,0.0800999999999998,23.4,74.0,1014.3,7,3,0,0,0.1161116666666662,0.0843074999999997,0.0792076041666664,0.0819904513888886
a3986d20c19f33c7c107fw,2026-02-04 08:00:00,0.0733124999999999,24.6,73.0,1014.9,8,3,0,0,0.0992816666666663,0.085755,0.0781255555555553,0.0819163888888886
a3986d20c19f33c7c107fw,2026-02-04 09:00:00,0.084795,26.5,63.0,1015.2,9,3,0,0,0.0522925,0.0641441666666663,0.0794798263888887,0.0820393105158727
a3986d20c19f33c7c107fw,2026-02-04 10:00:00,0.0506591666666664,28.1,55.0,1015.1,10,3,0,0,0.0442016666666664,0.0530699999999998,0.0797488888888887,0.08202496031746
a3986d20c19f33c7c107fw,2026-02-04 11:00:00,0.0533099999999999,29.8,48.0,1014.0,11,3,0,0,0.0456091666666664,0.0560791666666665,0.0800697569444442,0.0820084771825394
a3986d20c19f33c7c107fw,2026-02-04 12:00:00,0.0495491666666663,30.9,44.0,1013.2,12,3,0,0,0.0424358333333332,0.0523483333333329,0.0803661458333331,0.0819918154761902
a3986d20c19f33c7c107fw,2026-02-04 13:00:00,0.0674383333333329,31.3,43.0,1012.3,13,3,0,0,0.0578683333333333,0.0710466666666663,0.0807648958333331,0.081970337301587
a3986d20c19f33c7c107fw,2026-02-04 14:00:00,0.0724675,31.0,42.0,1011.7,14,3,0,0,0.0621108333333332,0.0764449999999999,0.0811964236111109,0.0819466617063489
a3986d20c19f33c7c107fw,2026-02-04 15:00:00,0.0770158333333331,30.8,42.0,1011.2,15,3,0,0,0.0660499999999997,0.0812449999999997,0.0816533333333331,0.0819214880952378
a3986d20c19f33c7c107fw,2026-02-04 16:00:00,0.1062933333333331,30.2,42.0,1011.5,16,3,0,0,0.1074016666666664,0.1064516666666664,0.0816071527777775,0.0819205456349203
a3986d20c19f33c7c107fw,2026-02-04 17:00:00,0.1237058333333332,29.1,47.0,1011.9,17,3,0,0,0.1252591666666666,0.1237058333333332,0.0815424305555553,0.0819205456349204
a3986d20c19f33c7c107fw,2026-02-04 18:00:00,0.1434399999999998,27.6,53.0,1012.7,18,3,0,0,0.1454383333333331,0.1434399999999998,0.0814591666666664,0.0819205456349204
a3986d20c19f33c7c107fw,2026-02-04 19:00:00,0.1164741666666666,26.5,60.0,1013.6,19,3,0,0,0.1181949999999996,0.1164741666666666,0.0813874652777776,0.0819205456349204
a3986d20c19f33c7c107fw,2026-02-04 20:00:00,0.0709924999999997,26.9,57.0,1014.2,20,3,0,0,0.0719649999999999,0.0709924999999997,0.0813469444444442,0.0819205456349203
a3986d20c19f33c7c107fw,2026-02-04 21:00:00,0.1147649999999997,26.6,60.0,1014.4,21,3,0,0,0.1162458333333329,0.1147649999999997,0.0812852430555553,0.0819205456349204
a3986d20c19f33c7c107fw,2026-02-04 22:00:00,0.0959691666666664,26.4,61.0,1014.6,22,3,0,0,0.0973133333333332,0.0959691666666664,0.0812292361111109,0.0819205456349204
a3986d20c19f33c7c107fw,2026-02-04 23:00:00,0.0668183333333331,26.2,63.0,1014.5,23,3,0,0,0.0672724999999997,0.0668183333333331,0.0812103124999998,0.0819205456349203
a3986d20c19f33c7c107fw,2026-02-05 00:00:00,0.0847999999999997,25.8,65.0,1013.9,0,4,0,0,0.0858533333333331,0.0847999999999997,0.0811664236111109,0.0819205456349203
a3986d20c19f33c7c107fw,2026-02-05 01:00:00,0.0767908333333331,25.4,67.0,1013.5,1,4,0,0,0.0777883333333331,0.0767908333333331,0.0811248611111109,0.0819205456349203
a3986d20c19f33c7c107fw,2026-02-05 02:00:00,0.0754125,25.0,69.0,1012.6,2,4,0,0,0.0764449999999999,0.0754125,0.0810818402777775,0.0819205456349204
a3986d20c19f33c7c107fw,2026-02-05 03:00:00,0.0912316666666662,24.6,71.0,1012.1,3,4,0,0,0.0924558333333332,0.0912316666666662,0.0810308333333331,0.0819205456349203
a3986d20c19f33c7c107fw,2026-02-05 04:00:00,0.0508491666666665,24.1,74.0,1012.2,4,4,0,0,0.0515333333333331,0.0508491666666665,0.0810023263888887,0.0819205456349204
a3986d20c19f33c7c107fw,2026-02-05 05:00:00,0.0365608333333333,23.5,78.0,1012.7,5,4,0,0,0.0371591666666665,0.0365608333333333,0.0809773958333331,0.0819205456349203
a3986d20c19f33c7c107fw,2026-02-05 06:00:00,0.0796391666666665,22.9,79.0,1013.3,6,4,0,0,0.0807066666666666,0.0796391666666665,0.0809329166666664,0.0819205456349203
a3986d20c19f33c7c107fw,2026-02-05 07:00:00,0.07892,22.6,80.0,1013.6,7,4,0,0,0.0800999999999998,0.07892,0.0808837499999998,0.0819205456349204
a3986d20c19f33c7c107fw,2026-02-05 08:00:00,0.0802908333333331,24.0,75.0,1014.6,8,4,0,0,0.0733124999999999,0.0802908333333331,0.0811745138888886,0.0819205456349203
a3986d20c19f33c7c107fw,2026-02-05 09:00:00,0.0602108333333329,26.0,64.0,1014.8,9,4,0,0,0.084795,0.0602108333333329,0.0801501736111109,0.0819205456349203
a3986d20c19f33c7c107fw,2026-02-05 10:00:00,0.0502941666666664,28.5,50.0,1014.5,10,4,0,0,0.0506591666666664,0.0502941666666664,0.0801349652777775,0.0819205456349204
a3986d20c19f33c7c107fw,2026-02-05 11:00:00,0.0524891666666662,30.2,39.0,1013.7,11,4,0,0,0.0533099999999999,0.0524891666666662,0.0801007638888886,0.0819205456349203
a3986d20c19f33c7c107fw,2026-02-05 12:00:00,0.0489733333333329,31.0,35.0,1012.8,12,4,0,0,0.0495491666666663,0.0489733333333329,0.0800767708333331,0.0819205456349203
a3986d20c19f33c7c107fw,2026-02-05 13:00:00,0.066435833333333,31.5,33.0,1012.0,13,4,0,0,0.0674383333333329,0.066435833333333,0.0800349999999997,0.0819205456349203
a3986d20c19f33c7c107fw,2026-02-05 14:00:00,0.0715974999999995,31.9,31.0,1011.3,14,4,0,0,0.0724675,0.0715974999999995,0.0799987499999997,0.0819205456349203
a3986d20c19f33c7c107fw,2026-02-05 15:00:00,0.0760066666666663,31.5,33.0,1010.7,15,4,0,0,0.0770158333333331,0.0760066666666663,0.0799567013888886,0.0819205456349203
a3986d20c19f33c7c107fw,2026-02-05 16:00:00,0.1118016666666666,30.6,39.0,1011.0,16,4,0,0,0.1062933333333331,0.100310833333333,0.0801862152777775,0.0819889434523807
a3986d20c19f33c7c107fw,2026-02-05 17:00:00,0.1301316666666663,29.3,46.0,1011.4,17,4,0,0,0.1237058333333332,0.1166666666666663,0.080453958333333,0.0820690922619045
a3986d20c19f33c7c107fw,2026-02-05 18:00:00,0.1510191666666663,27.7,52.0,1012.1,18,4,0,0,0.1434399999999998,0.1350899999999998,0.0807697569444441,0.0821639087301585
a3986d20c19f33c7c107fw,2026-02-05 19:00:00,0.122615833333333,26.8,57.0,1012.4,19,4,0,0,0.1164741666666666,0.109920833333333,0.0810256597222219,0.0822394742063489
a3986d20c19f33c7c107fw,2026-02-05 20:00:00,0.0749391666666664,26.6,59.0,1013.4,20,4,0,0,0.0709924999999997,0.0669416666666664,0.0811901041666664,0.0822870783730156
a3986d20c19f33c7c107fw,2026-02-05 21:00:00,0.1207816666666664,26.5,59.0,1014.1,21,4,0,0,0.1147649999999997,0.1079849999999996,0.0814407986111108,0.0823632490079362
a3986d20c19f33c7c107fw,2026-02-05 22:00:00,0.100988333333333,26.2,60.0,1013.8,22,4,0,0,0.0959691666666664,0.0904483333333333,0.0816499305555552,0.0824259871031743
a3986d20c19f33c7c107fw,2026-02-05 23:00:00,0.0697399999999998,26.1,60.0,1013.2,23,4,0,0,0.0668183333333331,0.0638191666666665,0.0817716666666664,0.0824612301587299
a3986d20c19f33c7c107fw,2026-02-06 00:00:00,0.0891349999999999,25.9,61.0,1013.0,0,5,0,0,0.0847999999999997,0.0806491666666664,0.0819522916666664,0.0825117410714283
a3986d20c19f33c7c107fw,2026-02-06 01:00:00,0.0807366666666665,25.5,63.0,1012.9,1,5,0,0,0.0767908333333331,0.0723016666666665,0.0821167013888886,0.0825619494047616
a3986d20c19f33c7c107fw,2026-02-06 02:00:00,0.0793458333333331,25.1,63.0,1012.2,2,5,0,0,0.0754125,0.0709774999999998,0.0822805902777775,0.0826117609126981
a3986d20c19f33c7c107fw,2026-02-06 03:00:00,0.0958958333333333,24.8,65.0,1011.5,3,5,0,0,0.0912316666666662,0.0859799999999998,0.0824749305555553,0.0826707837301585
a3986d20c19f33c7c107fw,2026-02-06 04:00:00,0.0535783333333332,24.2,68.0,1011.6,4,5,0,0,0.0508491666666665,0.0479016666666665,0.082588645833333,0.0827045734126981
a3986d20c19f33c7c107fw,2026-02-06 05:00:00,0.0385374999999999,23.8,70.0,1012.0,5,5,0,0,0.0365608333333333,0.0344475,0.0826710069444442,0.0827289186507934
a3986d20c19f33c7c107fw,2026-02-06 06:00:00,0.0837874999999997,23.4,71.0,1012.3,6,5,0,0,0.0796391666666665,0.0749974999999998,0.0828438541666664,0.0827812400793648
a3986d20c19f33c7c107fw,2026-02-06 07:00:00,0.0830424999999997,23.1,72.0,1012.8,7,5,0,0,0.07892,0.0743783333333332,0.0830156249999997,0.0828328124999997
a3986d20c19f33c7c107fw,2026-02-06 08:00:00,0.0845166666666665,24.5,67.0,1013.4,8,5,0,0,0.0802908333333331,0.0756541666666665,0.0831917013888886,0.0828855654761902
a3986d20c19f33c7c107fw,2026-02-06 09:00:00,0.0633191666666664,26.0,60.0,1013.7,9,5,0,0,0.0602108333333329,0.0566591666666663,0.0833212152777775,0.0829252083333331
a3986d20c19f33c7c107fw,2026-02-06 10:00:00,0.0524308333333332,28.4,50.0,1013.0,10,5,0,0,0.0502941666666664,0.0479458333333332,0.0834102430555553,0.0829519047619045
a3986d20c19f33c7c107fw,2026-02-06 11:00:00,0.0552824999999995,30.0,45.0,1011.7,11,5,0,0,0.0524891666666662,0.049395833333333,0.0835266319444442,0.0829869444444442
a3986d20c19f33c7c107fw,2026-02-06 12:00:00,0.0514308333333331,30.9,44.0,1010.4,12,5,0,0,0.0489733333333329,0.0460133333333327,0.0836290277777775,0.0830191914682537
a3986d20c19f33c7c107fw,2026-02-06 13:00:00,0.0699833333333334,31.1,44.0,1009.8,13,5,0,0,0.066435833333333,0.0628308333333331,0.0837768402777775,0.0830617658730156
a3986d20c19f33c7c107fw,2026-02-06 14:00:00,0.0753341666666663,30.3,46.0,1009.4,14,5,0,0,0.0715974999999995,0.0674574999999996,0.083932534722222,0.0831086507936505
a3986d20c19f33c7c107fw,2026-02-06 15:00:00,0.0798908333333328,30.5,47.0,1008.7,15,5,0,0,0.0760066666666663,0.0715041666666666,0.0840943749999997,0.0831585714285711
a3986d20c19f33c7c107fw,2026-02-06 16:00:00,0.1279324999999999,29.5,51.0,1008.9,16,5,0,0,0.1118016666666666,0.108365833333333,0.0847664930555553,0.0832750396825394
a3986d20c19f33c7c107fw,2026-02-06 17:00:00,0.1491599999999997,28.0,55.0,1009.5,17,5,0,0,0.1301316666666663,0.1260558333333328,0.0855593402777775,0.0834125644841267
a3986d20c19f33c7c107fw,2026-02-06 18:00:00,0.1730749999999997,27.0,58.0,1010.0,18,5,0,0,0.1510191666666663,0.1465116666666664,0.0864783333333331,0.0835706795634918
a3986d20c19f33c7c107fw,2026-02-06 19:00:00,0.1408174999999997,26.4,62.0,1010.4,19,5,0,0,0.122615833333333,0.1190308333333328,0.0872367361111108,0.0837003621031743
a3986d20c19f33c7c107fw,2026-02-06 20:00:00,0.0857066666666664,26.4,67.0,1011.5,20,5,0,0,0.0749391666666664,0.072510833333333,0.0876853819444442,0.0837789087301585
a3986d20c19f33c7c107fw,2026-02-06 21:00:00,0.1383574999999998,26.6,67.0,1011.8,21,5,0,0,0.1207816666666664,0.1171116666666665,0.0884177083333331,0.0839053720238093
a3986d20c19f33c7c107fw,2026-02-06 22:00:00,0.1158624999999998,26.5,67.0,1011.6,22,5,0,0,0.100988333333333,0.0979741666666665,0.0890374652777775,0.0840118501984124
a3986d20c19f33c7c107fw,2026-02-06 23:00:00,0.0777949999999998,26.2,69.0,1011.0,23,5,0,0,0.0697399999999998,0.0680041666666665,0.0893730902777775,0.0840701289682537
a3986d20c19f33c7c107fw,2026-02-07 00:00:00,0.1021258333333331,25.9,72.0,1010.5,0,6,1,0,0.0891349999999999,0.086493333333333,0.0899143749999997,0.0841631795634918
a3986d20c19f33c7c107fw,2026-02-07 01:00:00,0.0925366666666666,25.7,72.0,1010.0,1,6,1,0,0.0807366666666665,0.0783691666666663,0.0904060416666664,0.0842475099206346
a3986d20c19f33c7c107fw,2026-02-07 02:00:00,0.0910999999999997,25.7,70.0,1009.2,2,6,1,0,0.0793458333333331,0.0770274999999998,0.0908957986111109,0.084331274801587
a3986d20c19f33c7c107fw,2026-02-07 03:00:00,0.1101299999999999,25.4,72.0,1009.5,3,6,1,0,0.0958958333333333,0.0930766666666663,0.0914888888888886,0.084432782738095
a3986d20c19f33c7c107fw,2026-02-07 04:00:00,0.0614099999999997,24.5,80.0,1009.7,4,6,1,0,0.0535783333333332,0.0519408333333331,0.0918152083333331,0.0844891468253965
a3986d20c19f33c7c107fw,2026-02-07 05:00:00,0.0441424999999998,24.5,79.0,1009.6,5,6,1,0,0.0385374999999999,0.0374116666666664,0.0920487499999997,0.0845292113095235
a3986d20c19f33c7c107fw,2026-02-07 06:00:00,0.096030833333333,24.6,78.0,1010.1,6,6,1,0,0.0837874999999997,0.0812174999999999,0.0925588888888886,0.0846173859126981
a3986d20c19f33c7c107fw,2026-02-07 07:00:00,0.0952541666666664,24.9,77.0,1011.0,7,6,1,0,0.0830424999999997,0.0806091666666662,0.0930677083333331,0.0847045585317458
a3986d20c19f33c7c107fw,2026-02-07 08:00:00,0.0969141666666663,25.2,78.0,1011.2,8,6,1,0,0.0845166666666665,0.0819416666666664,0.0935842708333331,0.0847936805555553
a3986d20c19f33c7c107fw,2026-02-07 09:00:00,0.0724899999999998,26.3,74.0,1011.3,9,6,1,0,0.0633191666666664,0.0613758333333331,0.0939663888888886,0.0848598363095235
a3986d20c19f33c7c107fw,2026-02-07 10:00:00,0.0586866666666664,27.8,69.0,1011.6,10,6,1,0,0.0524308333333332,0.051148333333333,0.0942270486111108,0.0849047073412696
a3986d20c19f33c7c107fw,2026-02-07 11:00:00,0.0633258333333329,27.1,74.0,1010.9,11,6,1,0,0.0552824999999995,0.0535874999999999,0.0945621874999997,0.0849626736111108
a3986d20c19f33c7c107fw,2026-02-07 12:00:00,0.0590258333333327,27.5,72.0,1010.5,12,6,1,0,0.0514308333333331,0.0497966666666664,0.094878645833333,0.0850176091269838
a3986d20c19f33c7c107fw,2026-02-07 13:00:00,0.0803249999999997,27.4,71.0,1009.3,13,6,1,0,0.0699833333333334,0.0679541666666665,0.0953095486111108,0.0850912450396823
a3986d20c19f33c7c107fw,2026-02-07 14:00:00,0.0863716666666666,28.9,64.0,1008.4,14,6,1,0,0.0753341666666663,0.0714899999999997,0.0957694444444441,0.0851798263888886
a3986d20c19f33c7c107fw,2026-02-07 15:00:00,0.1051766666666664,28.0,66.0,1007.7,15,6,1,0,0.0798908333333328,0.0775808333333329,0.096823020833333,0.085344087301587
a3986d20c19f33c7c107fw,2026-02-07 16:00:00,0.1438783333333332,27.5,70.0,1007.7,16,6,1,0,0.1279324999999999,0.1145374999999999,0.0974874305555553,0.0855187351190473
a3986d20c19f33c7c107fw,2026-02-07 17:00:00,0.1518158333333329,27.1,74.0,1008.0,17,6,1,0,0.1491599999999997,0.1334941666666665,0.0975980902777775,0.0856277926587299
a3986d20c19f33c7c107fw,2026-02-07 18:00:00,0.1761516666666664,26.6,78.0,1008.6,18,6,1,0,0.1730749999999997,0.1547599999999998,0.0977262847222219,0.0857551240079362
a3986d20c19f33c7c107fw,2026-02-07 19:00:00,0.1430774999999997,26.2,79.0,1009.1,19,6,1,0,0.1408174999999997,0.1256849999999998,0.0978204513888886,0.0858586507936505
a3986d20c19f33c7c107fw,2026-02-07 20:00:00,0.0873274999999998,26.0,82.0,1010.1,20,6,1,0,0.0857066666666664,0.0766624999999995,0.0978879861111108,0.0859221329365077
a3986d20c19f33c7c107fw,2026-02-07 21:00:00,0.1408083333333331,26.1,82.0,1010.5,21,6,1,0,0.1383574999999998,0.1236916666666664,0.0979901041666664,0.0860240178571426
a3986d20c19f33c7c107fw,2026-02-07 22:00:00,0.1178766666666665,25.9,85.0,1010.7,22,6,1,0,0.1158624999999998,0.1035949999999998,0.0980740277777775,0.0861090277777775
a3986d20c19f33c7c107fw,2026-02-07 23:00:00,0.0787249999999999,25.6,88.0,1010.6,23,6,1,0,0.0777949999999998,0.0711024999999997,0.0981127777777775,0.086154399801587
a3986d20c19f33c7c107fw,2026-02-08 00:00:00,0.1040224999999997,25.4,89.0,1010.6,0,7,1,0,0.1021258333333331,0.0913049999999996,0.0981918055555552,0.0862300992063489
a3986d20c19f33c7c107fw,2026-02-08 01:00:00,0.0942224999999999,25.5,86.0,1010.1,1,7,1,0,0.0925366666666666,0.0827599999999997,0.0982620486111108,0.0862983283730156
a3986d20c19f33c7c107fw,2026-02-08 02:00:00,0.0926166666666665,25.5,86.0,1009.2,2,7,1,0,0.0910999999999997,0.0814624999999999,0.0983252430555553,0.086364722222222
a3986d20c19f33c7c107fw,2026-02-08 03:00:00,0.1119766666666666,25.5,86.0,1009.0,3,7,1,0,0.1101299999999999,0.0983283333333332,0.0984021874999997,0.086445962301587
a3986d20c19f33c7c107fw,2026-02-08 04:00:00,0.0625066666666665,25.3,85.0,1008.9,4,7,1,0,0.0614099999999997,0.054890833333333,0.0984478819444441,0.0864912946428569
a3986d20c19f33c7c107fw,2026-02-08 05:00:00,0.0448941666666665,25.2,85.0,1009.2,5,7,1,0,0.0441424999999998,0.0394258333333333,0.0984792013888886,0.0865238442460315
a3986d20c19f33c7c107fw,2026-02-08 06:00:00,0.0977141666666662,25.4,78.0,1010.3,6,7,1,0,0.096030833333333,0.0858616666666663,0.0985493402777775,0.0865943948412696
a3986d20c19f33c7c107fw,2026-02-08 07:00:00,0.0969466666666663,25.5,74.0,1011.0,7,7,1,0,0.0952541666666664,0.0852524999999995,0.0986198611111108,0.0866640029761902
a3986d20c19f33c7c107fw,2026-02-08 08:00:00,0.0985674999999995,24.9,84.0,1012.4,8,7,1,0,0.0969141666666663,0.0866799999999995,0.0986887499999997,0.0867347619047616
a3986d20c19f33c7c107fw,2026-02-08 09:00:00,0.0738541666666666,25.1,81.0,1013.2,9,7,1,0,0.0724899999999998,0.0649274999999996,0.0987455902777775,0.0867878968253965
a3986d20c19f33c7c107fw,2026-02-08 10:00:00,0.0594158333333331,25.4,81.0,1012.9,10,7,1,0,0.0586866666666664,0.0534966666666665,0.0987759722222219,0.0868231299603172
a3986d20c19f33c7c107fw,2026-02-08 11:00:00,0.0644249999999999,26.0,76.0,1012.1,11,7,1,0,0.0633258333333329,0.0566791666666663,0.0988217708333331,0.0868692361111108
a3986d20c19f33c7c107fw,2026-02-08 12:00:00,0.0599508333333328,26.5,72.0,1011.7,12,7,1,0,0.0590258333333327,0.0527583333333332,0.0988603124999997,0.0869120486111108
a3986d20c19f33c7c107fw,2026-02-08 13:00:00,0.0817466666666662,26.6,71.0,1011.0,13,7,1,0,0.0803249999999997,0.0718583333333331,0.0989195486111108,0.086970907738095
a3986d20c19f33c7c107fw,2026-02-08 14:00:00,0.0782174999999996,27.2,68.0,1010.1,14,7,1,0,0.0863716666666666,0.0771516666666661,0.0985797916666664,0.0869772519841267
a3986d20c19f33c7c107fw,2026-02-08 15:00:00,0.0871916666666664,27.0,69.0,1009.7,15,7,1,0,0.1051766666666664,0.0818833333333335,0.0978304166666664,0.0870088492063489
a3986d20c19f33c7c107fw,2026-02-08 16:00:00,0.0870449999999997,27.1,66.0,1009.9,16,7,1,0,0.1438783333333332,0.1162908333333331,0.0954623611111108,0.0868347668650791
a3986d20c19f33c7c107fw,2026-02-08 17:00:00,0.1299999999999998,26.7,69.0,1010.1,17,7,1,0,0.1518158333333329,0.1353316666666665,0.0945533680555553,0.086803030753968
a3986d20c19f33c7c107fw,2026-02-08 18:00:00,0.1508791666666663,25.9,75.0,1011.1,18,7,1,0,0.1761516666666664,0.1570624999999996,0.0935003472222219,0.0867662251984124
a3986d20c19f33c7c107fw,2026-02-08 19:00:00,0.122668333333333,25.4,80.0,1011.5,19,7,1,0,0.1430774999999997,0.1276283333333331,0.0926499652777775,0.0867367013888886
a3986d20c19f33c7c107fw,2026-02-08 20:00:00,0.0747249999999996,25.0,75.0,1012.4,20,7,1,0,0.0873274999999998,0.0777766666666664,0.0921248611111108,0.0867185367063489
a3986d20c19f33c7c107fw,2026-02-08 21:00:00,0.1206458333333332,24.8,77.0,1012.8,21,7,1,0,0.1408083333333331,0.125478333333333,0.0912847569444441,0.0866897718253965
a3986d20c19f33c7c107fw,2026-02-08 22:00:00,0.1010241666666664,24.6,80.0,1013.1,22,7,1,0,0.1178766666666665,0.1051041666666665,0.0905825694444441,0.0866654861111108
a3986d20c19f33c7c107fw,2026-02-08 23:00:00,0.0694674999999996,24.5,81.0,1013.1,23,7,1,0,0.0787249999999999,0.0719191666666663,0.0901968402777775,0.0866508928571426
a3986d20c19f33c7c107fw,2026-02-09 00:00:00,0.0891124999999998,24.1,80.0,1013.0,0,1,0,0,0.1040224999999997,0.0925249999999998,0.0895755902777775,0.0866305803571426
a3986d20c19f33c7c107fw,2026-02-09 01:00:00,0.0806874999999999,23.9,80.0,1012.3,1,1,0,0,0.0942224999999999,0.0839958333333329,0.0890116319444441,0.0866108878968251
a3986d20c19f33c7c107fw,2026-02-09 02:00:00,0.0794166666666665,23.5,82.0,1011.7,2,1,0,0,0.0926166666666665,0.0825691666666664,0.0884616319444441,0.0865921230158727
a3986d20c19f33c7c107fw,2026-02-09 03:00:00,0.0958816666666661,23.5,81.0,1011.1,3,1,0,0,0.1119766666666666,0.0997866666666665,0.0877910069444441,0.0865688789682537
a3986d20c19f33c7c107fw,2026-02-09 04:00:00,0.0535474999999995,23.1,81.0,1011.3,4,1,0,0,0.0625066666666665,0.0557616666666663,0.087417708333333,0.0865556994047616
a3986d20c19f33c7c107fw,2026-02-09 05:00:00,0.0385324999999997,23.1,81.0,1011.5,5,1,0,0,0.0448941666666665,0.0400391666666665,0.0871526388888885,0.0865467311507934
a3986d20c19f33c7c107fw,2026-02-09 06:00:00,0.0836441666666663,23.0,83.0,1012.1,6,1,0,0,0.0977141666666662,0.0871458333333329,0.0865663888888885,0.0865258878968251
a3986d20c19f33c7c107fw,2026-02-09 07:00:00,0.0830099999999997,23.1,82.0,1012.7,7,1,0,0,0.0969466666666663,0.0864191666666664,0.0859856944444441,0.086505595238095
a3986d20c19f33c7c107fw,2026-02-09 08:00:00,0.0859708333333331,24.4,72.0,1014.0,8,1,0,0,0.0985674999999995,0.087915833333333,0.085460833333333,0.0864940178571426
a3986d20c19f33c7c107fw,2026-02-09 09:00:00,0.0632858333333333,24.9,68.0,1014.7,9,1,0,0,0.0738541666666666,0.0658499999999995,0.0850204861111108,0.0864787549603172
a3986d20c19f33c7c107fw,2026-02-09 10:00:00,0.0523008333333331,25.2,66.0,1014.6,10,1,0,0,0.0594158333333331,0.0541374999999998,0.0847240277777774,0.0864678224206346
a3986d20c19f33c7c107fw,2026-02-09 11:00:00,0.055253333333333,26.2,62.0,1013.8,11,1,0,0,0.0644249999999999,0.0574758333333332,0.0843418749999997,0.086454593253968
a3986d20c19f33c7c107fw,2026-02-09 12:00:00,0.0514149999999994,26.7,60.0,1013.0,12,1,0,0,0.0599508333333328,0.0535766666666665,0.0839862152777774,0.0864417261904759
a3986d20c19f33c7c107fw,2026-02-09 13:00:00,0.0699616666666665,27.0,59.0,1012.0,13,1,0,0,0.0817466666666662,0.0728216666666665,0.0834951736111108,0.0864247023809521
a3986d20c19f33c7c107fw,2026-02-09 14:00:00,0.0752191666666663,27.2,57.0,1011.3,14,1,0,0,0.0782174999999996,0.0783633333333332,0.0833702430555552,0.0864059871031743
a3986d20c19f33c7c107fw,2026-02-09 15:00:00,0.0799733333333332,26.6,60.0,1011.2,15,1,0,0,0.0871916666666664,0.083138333333333,0.0830694791666663,0.08638714781746
a3986d20c19f33c7c107fw,2026-02-09 16:00:00,0.1092783333333333,26.4,61.0,1011.6,16,1,0,0,0.0870449999999997,0.0930683333333331,0.0839958680555552,0.0864836359126981
a3986d20c19f33c7c107fw,2026-02-09 17:00:00,0.1268683333333332,25.7,64.0,1011.9,17,1,0,0,0.1299999999999998,0.1073958333333331,0.0838653819444441,0.0865995436507934
a3986d20c19f33c7c107fw,2026-02-09 18:00:00,0.1471791666666665,24.9,71.0,1012.7,18,1,0,0,0.1508791666666663,0.1245474999999998,0.0837112152777775,0.0867342559523807
a3986d20c19f33c7c107fw,2026-02-09 19:00:00,0.1197458333333332,24.5,75.0,1013.4,19,1,0,0,0.122668333333333,0.101235833333333,0.0835894444444442,0.0868444345238092
a3986d20c19f33c7c107fw,2026-02-09 20:00:00,0.0729158333333331,24.4,77.0,1014.3,20,1,0,0,0.0747249999999996,0.0617808333333328,0.0835140624999997,0.086910714285714
a3986d20c19f33c7c107fw,2026-02-09 21:00:00,0.117773333333333,24.0,78.0,1014.5,21,1,0,0,0.1206458333333332,0.0995266666666665,0.0833943749999997,0.0870193253968251
a3986d20c19f33c7c107fw,2026-02-09 22:00:00,0.0984774999999999,23.6,79.0,1014.6,22,1,0,0,0.1010241666666664,0.0834341666666665,0.0832882638888886,0.0871088690476188
a3986d20c19f33c7c107fw,2026-02-09 23:00:00,0.0683783333333332,23.5,79.0,1014.6,23,1,0,0,0.0694674999999996,0.0589333333333331,0.0832428819444442,0.087165089285714
a3986d20c19f33c7c107fw,2026-02-10 00:00:00,0.0869666666666665,23.3,81.0,1014.3,0,2,0,0,0.0891124999999998,0.0743258333333331,0.0831534722222219,0.0872403323412696
a3986d20c19f33c7c107fw,2026-02-10 01:00:00,0.0788158333333331,23.1,83.0,1014.0,1,2,0,0,0.0806874999999999,0.0666874999999998,0.0830754861111108,0.087312524801587
a3986d20c19f33c7c107fw,2026-02-10 02:00:00,0.0774299999999996,22.8,89.0,1013.7,2,2,0,0,0.0794166666666665,0.0974816666666664,0.0829927083333331,0.0871931696428569
a3986d20c19f33c7c107fw,2026-02-10 03:00:00,0.0935633333333331,22.9,86.0,1013.5,3,2,0,0,0.0958816666666661,0.1118666666666662,0.0828961111111108,0.0870842212301585
a3986d20c19f33c7c107fw,2026-02-10 04:00:00,0.0522649999999997,22.6,87.0,1013.7,4,2,0,0,0.0535474999999995,0.0862391666666664,0.0828426736111108,0.0868819940476188
a3986d20c19f33c7c107fw,2026-02-10 05:00:00,0.0375491666666665,22.5,88.0,1013.8,5,2,0,0,0.0385324999999997,0.1108333333333332,0.0828017013888886,0.086445778769841
a3986d20c19f33c7c107fw,2026-02-10 06:00:00,0.0817133333333331,22.4,88.0,1014.6,6,2,0,0,0.0836441666666663,0.0874666666666668,0.0827212499999997,0.086411532738095
a3986d20c19f33c7c107fw,2026-02-10 07:00:00,0.0809316666666665,22.5,88.0,1015.1,7,2,0,0,0.0830099999999997,0.1161116666666662,0.0826346527777775,0.0862021279761902
a3986d20c19f33c7c107fw,2026-02-10 08:00:00,0.0823533333333331,23.9,80.0,1015.5,8,2,0,0,0.0859708333333331,0.0992816666666663,0.0824839236111109,0.0861013640873013
a3986d20c19f33c7c107fw,2026-02-10 09:00:00,0.0617174999999997,24.8,76.0,1015.9,9,2,0,0,0.0632858333333333,0.0522925,0.0824185763888886,0.0861574652777775
a3986d20c19f33c7c107fw,2026-02-10 10:00:00,0.0513624999999998,26.5,66.0,1016.0,10,2,0,0,0.0523008333333331,0.0442016666666664,0.0823794791666664,0.086200089285714
a3986d20c19f33c7c107fw,2026-02-10 11:00:00,0.0538858333333331,28.0,59.0,1015.1,11,2,0,0,0.055253333333333,0.0456091666666664,0.0823224999999997,0.0862493551587299
a3986d20c19f33c7c107fw,2026-02-10 12:00:00,0.0501025000000001,29.5,53.0,1014.1,12,2,0,0,0.0514149999999994,0.0424358333333332,0.0822678124999998,0.0862949900793648
a3986d20c19f33c7c107fw,2026-02-10 13:00:00,0.0683091666666663,30.2,50.0,1013.3,13,2,0,0,0.0699616666666665,0.0578683333333333,0.0821989583333331,0.0863571378968251
a3986d20c19f33c7c107fw,2026-02-10 14:00:00,0.0734158333333331,29.6,53.0,1012.7,14,2,0,0,0.0752191666666663,0.0621108333333332,0.0821238194444442,0.0864244295634918
a3986d20c19f33c7c107fw,2026-02-10 15:00:00,0.0779999999999994,29.5,53.0,1012.4,15,2,0,0,0.0799733333333332,0.0660499999999997,0.082041597222222,0.0864955605158727
a3986d20c19f33c7c107fw,2026-02-10 16:00:00,0.1031608333333329,28.8,55.0,1012.3,16,2,0,0,0.1092783333333333,0.1074016666666664,0.0817867013888886,0.0864703174603172
a3986d20c19f33c7c107fw,2026-02-10 17:00:00,0.1196291666666665,28.0,58.0,1013.0,17,2,0,0,0.1268683333333332,0.1252591666666666,0.0814850694444442,0.0864368055555553
a3986d20c19f33c7c107fw,2026-02-10 18:00:00,0.1388299999999998,26.5,64.0,1013.9,18,2,0,0,0.1471791666666665,0.1454383333333331,0.0811371874999997,0.0863974702380949
a3986d20c19f33c7c107fw,2026-02-10 19:00:00,0.112990833333333,25.5,71.0,1014.9,19,2,0,0,0.1197458333333332,0.1181949999999996,0.0808557291666664,0.0863664930555553
a3986d20c19f33c7c107fw,2026-02-10 20:00:00,0.0687649999999997,25.3,73.0,1015.7,20,2,0,0,0.0729158333333331,0.0719649999999999,0.0806827777777775,0.0863474454365077
a3986d20c19f33c7c107fw,2026-02-10 21:00:00,0.1110933333333332,25.1,74.0,1015.7,21,2,0,0,0.117773333333333,0.1162458333333329,0.0804044444444442,0.0863167757936505
a3986d20c19f33c7c107fw,2026-02-10 22:00:00,0.0928574999999999,25.1,74.0,1015.4,22,2,0,0,0.0984774999999999,0.0973133333333332,0.0801702777777775,0.0862902529761902
a3986d20c19f33c7c107fw,2026-02-10 23:00:00,0.0652824999999996,24.8,78.0,1015.1,23,2,0,0,0.0683783333333332,0.0672724999999997,0.0800412847222219,0.086278407738095
a3986d20c19f33c7c107fw,2026-02-11 00:00:00,0.0819574999999996,24.4,81.0,1014.5,0,3,0,0,0.0869666666666665,0.0858533333333331,0.0798325694444441,0.086255218253968
a3986d20c19f33c7c107fw,2026-02-11 01:00:00,0.0743241666666665,24.1,83.0,1014.3,1,3,0,0,0.0788158333333331,0.0777883333333331,0.0796454166666664,0.0862345982142854
a3986d20c19f33c7c107fw,2026-02-11 02:00:00,0.0730941666666666,24.0,87.0,1013.8,2,3,0,0,0.0774299999999996,0.0764449999999999,0.0794647569444442,0.0862146527777775
a3986d20c19f33c7c107fw,2026-02-11 03:00:00,0.0883124999999998,24.1,81.0,1013.5,3,3,0,0,0.0935633333333331,0.0924558333333332,0.0792459722222219,0.0861899900793648
a3986d20c19f33c7c107fw,2026-02-11 04:00:00,0.0493141666666666,23.9,78.0,1013.5,4,3,0,0,0.0522649999999997,0.0515333333333331,0.0791230208333331,0.086176780753968
a3986d20c19f33c7c107fw,2026-02-11 05:00:00,0.0354349999999999,23.6,79.0,1013.7,5,3,0,0,0.0375491666666665,0.0371591666666665,0.0790349305555553,0.0861665178571426
a3986d20c19f33c7c107fw,2026-02-11 06:00:00,0.0770716666666663,23.2,81.0,1014.4,6,3,0,0,0.0817133333333331,0.0807066666666666,0.0788415277777775,0.0861448809523807
a3986d20c19f33c7c107fw,2026-02-11 07:00:00,0.0778124999999999,23.3,82.0,1014.9,7,3,0,0,0.0809316666666665,0.0800999999999998,0.0787115624999997,0.0861312648809521
a3986d20c19f33c7c107fw,2026-02-11 08:00:00,0.077815833333333,25.0,74.0,1015.9,8,3,0,0,0.0823533333333331,0.0733124999999999,0.0785224999999997,0.0861580704365077
a3986d20c19f33c7c107fw,2026-02-11 09:00:00,0.0582666666666665,26.5,68.0,1016.3,9,3,0,0,0.0617174999999997,0.084795,0.0783787152777775,0.0860001636904759
a3986d20c19f33c7c107fw,2026-02-11 10:00:00,0.0490116666666664,27.4,64.0,1016.5,10,3,0,0,0.0513624999999998,0.0506591666666664,0.0782807638888886,0.0859903571428569
a3986d20c19f33c7c107fw,2026-02-11 11:00:00,0.0508933333333334,29.0,59.0,1015.4,11,3,0,0,0.0538858333333331,0.0533099999999999,0.0781560763888886,0.0859759722222219
a3986d20c19f33c7c107fw,2026-02-11 12:00:00,0.0473391666666666,29.1,60.0,1014.5,12,3,0,0,0.0501025000000001,0.0495491666666663,0.0780409374999997,0.0859628174603172
a3986d20c19f33c7c107fw,2026-02-11 13:00:00,0.0644049999999998,30.0,55.0,1013.5,13,3,0,0,0.0683091666666663,0.0674383333333329,0.0778782638888886,0.0859447619047616
a3986d20c19f33c7c107fw,2026-02-11 14:00:00,0.0678683333333331,27.0,74.0,1013.1,14,3,0,0,0.0734158333333331,0.0724675,0.0776471180555553,0.0859173859126981
a3986d20c19f33c7c107fw,2026-02-11 15:00:00,0.0735966666666667,28.6,67.0,1012.6,15,3,0,0,0.0779999999999994,0.0770158333333331,0.0774636458333331,0.0858970337301585
a3986d20c19f33c7c107fw,2026-02-11 16:00:00,0.122945158694444,29.0,63.0,1012.4,16,3,0,0,0.1031608333333329,0.1062933333333331,0.0782879927233794,0.0859961517382603
a3986d20c19f33c7c107fw,2026-02-11 17:00:00,0.0671672335694442,28.8,65.0,1012.5,17,3,0,0,0.1196291666666665,0.1237058333333332,0.0761020788443285,0.0856596124539514
a3986d20c19f33c7c107fw,2026-02-11 18:00:00,0.0714642617083332,28.0,70.0,1012.5,18,3,0,0,0.1388299999999998,0.1434399999999998,0.0732951730821757,0.0852311854403106
a3986d20c19f33c7c107fw,2026-02-11 19:00:00,0.087640699361111,27.5,73.0,1012.8,19,3,0,0,0.112990833333333,0.1164741666666666,0.0722389174999998,0.0850595576587299
a3986d20c19f33c7c107fw,2026-02-11 20:00:00,0.0732665520555554,27.1,73.0,1013.3,20,3,0,0,0.0687649999999997,0.0709924999999997,0.0724264821689813,0.0850730936828701
a3986d20c19f33c7c107fw,2026-02-11 21:00:00,0.1310344871805552,26.8,74.0,1013.6,21,3,0,0,0.1110933333333332,0.1147649999999997,0.0732573635792822,0.0851699358684686
a3986d20c19f33c7c107fw,2026-02-11 22:00:00,0.0986648902916665,26.5,75.0,1013.8,22,3,0,0,0.0928574999999999,0.0959691666666664,0.0734993381747683,0.085185981842427
a3986d20c19f33c7c107fw,2026-02-11 23:00:00,0.0699445916249999,26.2,75.0,1013.6,23,3,0,0,0.0652824999999996,0.0668183333333331,0.0736935919924766,0.0852045905227345
a3986d20c19f33c7c107fw,2026-02-12 00:00:00,0.0860786833333333,25.7,77.0,1013.6,0,4,0,0,0.0819574999999996,0.0847999999999997,0.0738653079646989,0.085212201733052
a3986d20c19f33c7c107fw,2026-02-12 01:00:00,0.0733533054583332,25.5,79.0,1013.1,1,4,0,0,0.0743241666666665,0.0767908333333331,0.0738248554143517,0.0851917402576055
a3986d20c19f33c7c107fw,2026-02-12 02:00:00,0.0750132008611109,25.9,73.0,1012.4,2,4,0,0,0.0730941666666666,0.0754125,0.0739048151724535,0.0851893634770169
a3986d20c19f33c7c107fw,2026-02-12 03:00:00,0.0743571252083332,25.8,73.0,1011.8,3,4,0,0,0.0883124999999998,0.0912316666666662,0.0733233412228007,0.0850889197778602
a3986d20c19f33c7c107fw,2026-02-12 04:00:00,0.075085811083333,25.5,74.0,1011.8,4,4,0,0,0.0493141666666666,0.0508491666666665,0.0743971597401618,0.0852331855184356
a3986d20c19f33c7c107fw,2026-02-12 05:00:00,0.0746890585833331,25.2,74.0,1012.0,5,4,0,0,0.0354349999999999,0.0365608333333333,0.0760327455144674,0.0854601392401618
a3986d20c19f33c7c107fw,2026-02-12 06:00:00,0.0749386692638887,25.0,77.0,1012.8,6,4,0,0,0.0770716666666663,0.0796391666666665,0.075943870622685,0.0854321600889548
a3986d20c19f33c7c107fw,2026-02-12 07:00:00,0.0750337360833331,25.0,78.0,1013.5,7,4,0,0,0.0778124999999999,0.07892,0.0758280887928239,0.0854090275656413
a3986d20c19f33c7c107fw,2026-02-12 08:00:00,0.074669705736111,25.3,80.0,1014.0,8,4,0,0,0.077815833333333,0.0802908333333331,0.0756970001429396,0.0853755684728007
a3986d20c19f33c7c107fw,2026-02-12 09:00:00,0.0741398268888888,26.1,75.0,1014.3,9,4,0,0,0.0582666666666665,0.0602108333333329,0.0763583818188655,0.0854584791487266
a3986d20c19f33c7c107fw,2026-02-12 10:00:00,0.0811401416249999,27.0,70.0,1014.5,10,4,0,0,0.0490116666666664,0.0502941666666664,0.0776970682754628,0.0856420861425262
a3986d20c19f33c7c107fw,2026-02-12 11:00:00,0.149860607833333,28.0,64.0,1014.1,11,4,0,0,0.0508933333333334,0.0524891666666662,0.0818207047129628,0.0862216780542325
a3986d20c19f33c7c107fw,2026-02-12 12:00:00,0.1496909663888887,29.5,56.0,1013.1,12,4,0,0,0.0473391666666666,0.0489733333333329,0.086085363034722,0.0868211877748013
a3986d20c19f33c7c107fw,2026-02-12 13:00:00,0.1213520927916664,30.4,52.0,1012.1,13,4,0,0,0.0644049999999998,0.066435833333333,0.0884581585677081,0.0871480702715771
a3986d20c19f33c7c107fw,2026-02-12 14:00:00,0.10289608,30.5,51.0,1011.3,14,4,0,0,0.0678683333333331,0.0715974999999995,0.0899176480121526,0.0873343713430057
a3986d20c19f33c7c107fw,2026-02-12 15:00:00,0.1095362871111109,30.9,50.0,1010.8,15,4,0,0,0.0735966666666667,0.0760066666666663,0.0914151321973378,0.0875339524170798
a3986d20c19f33c7c107fw,2026-02-12 16:00:00,0.1010740478333332,30.6,50.0,1010.5,16,4,0,0,0.122945158694444,0.1118016666666666,0.0905038359114581,0.0874700975430718
a3986d20c19f33c7c107fw,2026-02-12 17:00:00,0.1004207324444442,29.4,55.0,1010.8,17,4,0,0,0.0671672335694442,0.1301316666666663,0.0918893983645831,0.08729324674413
a3986d20c19f33c7c107fw,2026-02-12 18:00:00,0.0737993699999998,28.0,59.0,1011.2,18,4,0,0,0.0714642617083332,0.1510191666666663,0.0919866945434026,0.0868336050973046
a3986d20c19f33c7c107fw,2026-02-12 19:00:00,0.0735847497499999,27.0,63.0,1011.9,19,4,0,0,0.087640699361111,0.122615833333333,0.0914010299762729,0.0865417534093086
a3986d20c19f33c7c107fw,2026-02-12 20:00:00,0.0734355614722221,26.5,64.0,1012.6,20,4,0,0,0.0732665520555554,0.0749391666666664,0.0914080720353007,0.0865328033783893
a3986d20c19f33c7c107fw,2026-02-12 21:00:00,0.1026043826388887,26.5,63.0,1012.9,21,4,0,0,0.1310344871805552,0.1207816666666664,0.0902234843460646,0.0864246052591763
a3986d20c19f33c7c107fw,2026-02-12 22:00:00,0.1601127903333331,26.4,65.0,1012.9,22,4,0,0,0.0986648902916665,0.100988333333333,0.0927838135144674,0.086776536550843
a3986d20c19f33c7c107fw,2026-02-12 23:00:00,0.089140531986111,26.1,67.0,1012.5,23,4,0,0,0.0699445916249999,0.0697399999999998,0.093583644362847,0.0868920159079032
a3986d20c19f33c7c107fw,2026-02-13 00:00:00,0.1779117066388887,25.8,70.0,1012.1,0,5,0,0,0.0860786833333333,0.0891349999999999,0.0974100203339118,0.0874204486855156
a3986d20c19f33c7c107fw,2026-02-13 01:00:00,0.0488817847499999,25.5,74.0,1011.4,1,5,0,0,0.0733533054583332,0.0807366666666665,0.0963903736377313,0.0872308362931545
a3986d20c19f33c7c107fw,2026-02-13 02:00:00,0.1336097069999995,25.3,75.0,1011.2,2,5,0,0,0.0750132008611109,0.0793458333333331,0.0988318947268516,0.0875538355411704
a3986d20c19f33c7c107fw,2026-02-13 03:00:00,0.0739378068333332,25.1,75.0,1010.8,3,5,0,0,0.0743571252083332,0.0958958333333333,0.0988144231278933,0.0874231330024799
a3986d20c19f33c7c107fw,2026-02-13 04:00:00,0.0735080279444443,25.0,76.0,1010.8,4,5,0,0,0.075085811083333,0.0535783333333332,0.0987486821637729,0.0875417621370698
a3986d20c19f33c7c107fw,2026-02-13 05:00:00,0.0721749273888887,24.8,77.0,1011.1,5,5,0,0,0.0746890585833331,0.0385374999999999,0.0986439266973377,0.0877419849191466
a3986d20c19f33c7c107fw,2026-02-13 06:00:00,0.0878684484999998,24.5,78.0,1011.9,6,5,0,0,0.0749386692638887,0.0837874999999997,0.0991826674988424,0.0877662762792656
a3986d20c19f33c7c107fw,2026-02-13 07:00:00,0.1650123749999999,24.5,77.0,1012.2,7,5,0,0,0.0750337360833331,0.0830424999999997,0.1029317774537035,0.0882541922018847
a3986d20c19f33c7c107fw,2026-02-13 08:00:00,0.0744482318194443,26.3,66.0,1012.5,8,5,0,0,0.074669705736111,0.0845166666666665,0.1029225493738424,0.0881942610420798
a3986d20c19f33c7c107fw,2026-02-13 09:00:00,0.0743604293055555,27.4,61.0,1012.7,9,5,0,0,0.0741398268888888,0.0633191666666664,0.1029317411412035,0.0882599828435017
a3986d20c19f33c7c107fw,2026-02-13 10:00:00,0.1748733184999997,29.1,55.0,1012.9,10,5,0,0,0.0811401416249999,0.0524308333333332,0.1068372901776618,0.08898880715997
a3986d20c19f33c7c107fw,2026-02-13 11:00:00,0.0690164647499999,31.0,48.0,1011.7,11,5,0,0,0.149860607833333,0.0552824999999995,0.1034687842158563,0.0890705569501485
a3986d20c19f33c7c107fw,2026-02-13 12:00:00,0.0737337820833332,31.9,47.0,1010.6,12,5,0,0,0.1496909663888887,0.0514308333333331,0.1003039015364581,0.08920331259747
a3986d20c19f33c7c107fw,2026-02-13 13:00:00,0.1158264892499999,32.2,47.0,1009.9,13,5,0,0,0.1213520927916664,0.0699833333333334,0.1000736680555554,0.0894761885255454
a3986d20c19f33c7c107fw,2026-02-13 14:00:00,0.1037921228749998,31.6,46.0,1009.4,14,5,0,0,0.10289608,0.0753341666666663,0.100111003175347,0.0896455811220235
a3986d20c19f33c7c107fw,2026-02-13 15:00:00,0.1031722568055554,31.7,45.0,1009.0,15,5,0,0,0.1095362871111109,0.0798908333333328,0.0998458352459489,0.0897841610236439
a3986d20c19f33c7c107fw,2026-02-13 16:00:00,0.0441424410972221,31.2,48.0,1009.2,16,5,0,0,0.1010740478333332,0.1279324999999999,0.0974736849652776,0.0892854106730322
a3986d20c19f33c7c107fw,2026-02-13 17:00:00,0.0585746219722221,29.6,56.0,1009.7,17,5,0,0,0.1004207324444442,0.1491599999999997,0.095730097028935,0.0887462119942954
a3986d20c19f33c7c107fw,2026-02-13 18:00:00,0.1056395789861109,28.4,60.0,1010.4,18,5,0,0,0.0737993699999998,0.1730749999999997,0.0970567724033563,0.0883448106787365
a3986d20c19f33c7c107fw,2026-02-13 19:00:00,0.0738334563888888,27.6,64.0,1010.7,19,5,0,0,0.0735847497499999,0.1408174999999997,0.0970671351799766,0.0879460961334323
a3986d20c19f33c7c107fw,2026-02-13 20:00:00,0.1056359066805554,27.5,66.0,1011.7,20,5,0,0,0.0734355614722221,0.0857066666666664,0.0984088162303239,0.0880647225620864
a3986d20c19f33c7c107fw,2026-02-13 21:00:00,0.0749794749999998,27.2,69.0,1012.4,21,5,0,0,0.1026043826388887,0.1383574999999998,0.0972577784120368,0.0876874724132769
a3986d20c19f33c7c107fw,2026-02-13 22:00:00,0.0741526506666666,26.8,72.0,1012.4,22,5,0,0,0.1601127903333331,0.1158624999999998,0.0936761059259257,0.0874391995005784
a3986d20c19f33c7c107fw,2026-02-13 23:00:00,0.1131890101666664,26.4,73.0,1012.1,23,5,0,0,0.089140531986111,0.0777949999999998,0.0946781258501155,0.0876498781325229
a3986d20c19f33c7c107fw,2026-02-14 00:00:00,0.1006410520833331,26.4,73.0,1011.8,0,6,1,0,0.1779117066388887,0.1021258333333331,0.091458515243634,0.0876410401488919
a3986d20c19f33c7c107fw,2026-02-14 01:00:00,0.0999844759999999,26.0,76.0,1011.4,1,6,1,0,0.0488817847499999,0.0925366666666666,0.0935877940457174,0.0876853723473046
a3986d20c19f33c7c107fw,2026-02-14 02:00:00,0.0720482224583332,25.6,80.0,1010.8,2,6,1,0,0.1336097069999995,0.0910999999999997,0.0910227321898146,0.0875719689095566
a3986d20c19f33c7c107fw,2026-02-14 03:00:00,0.0717015819722221,25.6,80.0,1010.6,3,6,1,0,0.0739378068333332,0.1101299999999999,0.090929556153935,0.0873432283260579
a3986d20c19f33c7c107fw,2026-02-14 04:00:00,0.0858183993333332,25.4,82.0,1010.3,4,6,1,0,0.0735080279444443,0.0614099999999997,0.0914424882951387,0.0874885164173278
a3986d20c19f33c7c107fw,2026-02-14 05:00:00,0.1015360872222219,25.2,83.0,1010.2,5,6,1,0,0.0721749273888887,0.0441424999999998,0.0926658699548609,0.0878301449126982
a3986d20c19f33c7c107fw,2026-02-14 06:00:00,0.0736204683888887,25.0,83.0,1010.7,6,6,1,0,0.0878684484999998,0.096030833333333,0.0920722041168979,0.0876967498832669
a3986d20c19f33c7c107fw,2026-02-14 07:00:00,0.0747622236805554,25.1,81.0,1011.6,7,6,1,0,0.1650123749999999,0.0952541666666664,0.0883117811452544,0.0875747740321591
a3986d20c19f33c7c107fw,2026-02-14 08:00:00,0.075205726111111,24.2,93.0,1012.3,8,6,1,0,0.0744482318194443,0.0969141666666663,0.0883433434074072,0.0874455571240904
a3986d20c19f33c7c107fw,2026-02-14 09:00:00,0.0758413463888887,24.7,93.0,1012.9,9,6,1,0,0.0743604293055555,0.0724899999999998,0.0884050482858794,0.0874655056145004
a3986d20c19f33c7c107fw,2026-02-14 10:00:00,0.0755051560277776,24.9,95.0,1013.3,10,6,1,0,0.1748733184999997,0.0586866666666664,0.0842647081828702,0.0875656156702213
a3986d20c19f33c7c107fw,2026-02-14 11:00:00,0.0452706288888887,24.9,95.0,1012.8,11,6,1,0,0.0690164647499999,0.0633258333333329,0.0832752983553239,0.0874581442151949
a3986d20c19f33c7c107fw,2026-02-14 12:00:00,0.0760160018888888,25.4,92.0,1011.7,12,6,1,0,0.0737337820833332,0.0590258333333327,0.083370390847222,0.0875592761708827
a3986d20c19f33c7c107fw,2026-02-14 13:00:00,0.0610094041666666,28.0,77.0,1010.8,13,6,1,0,0.1158264892499999,0.0803249999999997,0.0810863456354165,0.0874443023861605
a3986d20c19f33c7c107fw,2026-02-14 14:00:00,0.0759612450694444,28.9,71.0,1010.0,14,6,1,0,0.1037921228749998,0.0863716666666666,0.0799267257268517,0.0873823355909389
a3986d20c19f33c7c107fw,2026-02-14 15:00:00,0.0758549942916665,28.8,69.0,1009.5,15,6,1,0,0.1031722568055554,0.1051766666666664,0.0787885064554396,0.087207801826802
a3986d20c19f33c7c107fw,2026-02-14 16:00:00,0.076266973597222,28.5,74.0,1009.2,16,6,1,0,0.0441424410972221,0.1438783333333332,0.0801270286429396,0.0868053532569442
a3986d20c19f33c7c107fw,2026-02-14 17:00:00,0.0761769999444443,26.7,79.0,1010.1,17,6,1,0,0.0585746219722221,0.1518158333333329,0.0808604610584489,0.0863551221058199
a3986d20c19f33c7c107fw,2026-02-14 18:00:00,0.0931163500138888,24.1,94.0,1010.9,18,6,1,0,0.1056395789861109,0.1761516666666664,0.0803386598512729,0.0858608642686009
a3986d20c19f33c7c107fw,2026-02-14 19:00:00,0.0746693048888887,24.1,93.0,1011.5,19,6,1,0,0.0738334563888888,0.1430774999999997,0.0803734868721063,0.0854536726310348
a3986d20c19f33c7c107fw,2026-02-14 20:00:00,0.0446933663888887,25.3,93.0,1011.8,20,6,1,0,0.1056359066805554,0.0873274999999998,0.0778342143599535,0.0851998980262068
a3986d20c19f33c7c107fw,2026-02-14 21:00:00,0.0447497667499999,25.6,91.0,1012.3,21,6,1,0,0.0749794749999998,0.1408083333333331,0.0765746431828702,0.0846281208441631
a3986d20c19f33c7c107fw,2026-02-14 22:00:00,0.0748849497777776,23.9,96.0,1013.1,22,6,1,0,0.0741526506666666,0.1178766666666665,0.0766051556458331,0.0843722177674436
a3986d20c19f33c7c107fw,2026-02-14 23:00:00,0.0594898739999999,23.7,94.0,1013.0,23,6,1,0,0.1131890101666664,0.0787249999999999,0.0743676916388887,0.0842577229698245
a3986d20c19f33c7c107fw,2026-02-15 00:00:00,0.0736205824999998,24.0,92.0,1012.8,0,7,1,0,0.1006410520833331,0.1040224999999997,0.0732418387395831,0.0840767591751816
a3986d20c19f33c7c107fw,2026-02-15 01:00:00,0.1023620812499997,23.8,92.0,1011.8,1,7,1,0,0.0999844759999999,0.0942224999999999,0.0733409056249998,0.0841252090635745
a3986d20c19f33c7c107fw,2026-02-15 02:00:00,0.1211996048194442,24.4,94.0,1011.4,2,7,1,0,0.0720482224583332,0.0926166666666665,0.0753888798900461,0.0842953456001982
a3986d20c19f33c7c107fw,2026-02-15 03:00:00,0.0748669097916665,24.2,94.0,1010.7,3,7,1,0,0.0717015819722221,0.1119766666666666,0.0755207685491896,0.0840744541902279
a3986d20c19f33c7c107fw,2026-02-15 04:00:00,0.1568172611527775,24.1,95.0,1010.7,4,7,1,0,0.0858183993333332,0.0625066666666665,0.0784790544583331,0.0846358267764548
a3986d20c19f33c7c107fw,2026-02-15 05:00:00,0.0710244509027775,24.0,95.0,1010.8,5,7,1,0,0.1015360872222219,0.0448941666666665,0.0772077362783563,0.0847913641826221
a3986d20c19f33c7c107fw,2026-02-15 06:00:00,0.0852794112499999,24.1,94.0,1011.4,6,7,1,0,0.0736204683888887,0.0977141666666662,0.0776935255642359,0.0847173477813324
a3986d20c19f33c7c107fw,2026-02-15 07:00:00,0.1283138784999997,24.2,94.0,1012.1,7,7,1,0,0.0747622236805554,0.0969466666666663,0.0799248445150461,0.0849040573755785
a3986d20c19f33c7c107fw,2026-02-15 08:00:00,0.1004909597499996,24.5,96.0,1012.6,8,7,1,0,0.075205726111111,0.0985674999999995,0.0809783959166665,0.084915506540757
a3986d20c19f33c7c107fw,2026-02-15 09:00:00,0.0723645538749997,25.5,91.0,1013.1,9,7,1,0,0.0758413463888887,0.0738541666666666,0.0808335295619211,0.0849066397979495
a3986d20c19f33c7c107fw,2026-02-15 10:00:00,0.0579124484999999,26.7,86.0,1013.2,10,7,1,0,0.0755051560277776,0.0594158333333331,0.080100500081597,0.0848976910787035
a3986d20c19f33c7c107fw,2026-02-15 11:00:00,0.128113162847222,28.1,80.0,1012.4,11,7,1,0,0.0452706288888887,0.0644249999999999,0.0835522723298609,0.0852767872861274
a3986d20c19f33c7c107fw,2026-02-15 12:00:00,0.0951394406527776,29.4,75.0,1011.3,12,7,1,0,0.0760160018888888,0.0599508333333328,0.0843490822783563,0.0854862432820765
a3986d20c19f33c7c107fw,2026-02-15 13:00:00,0.1542409566666664,30.1,67.0,1010.6,13,7,1,0,0.0610094041666666,0.0817466666666662,0.0882337302991896,0.0859177569130289
a3986d20c19f33c7c107fw,2026-02-15 14:00:00,0.1210325106249997,29.0,75.0,1010.1,14,7,1,0,0.0759612450694444,0.0782174999999996,0.0901116996973377,0.0861726081667491
a3986d20c19f33c7c107fw,2026-02-15 15:00:00,0.0714121198055555,28.8,77.0,1009.6,15,7,1,0,0.0758549942916665,0.0871916666666664,0.0899265799270831,0.0860786822925758
a3986d20c19f33c7c107fw,2026-02-15 16:00:00,0.0857186159444443,28.6,79.0,1009.5,16,7,1,0,0.076266973597222,0.0870449999999997,0.0903203983582174,0.086070787149388
a3986d20c19f33c7c107fw,2026-02-15 17:00:00,0.1273696213333331,28.8,76.0,1009.9,17,7,1,0,0.0761769999444443,0.1299999999999998,0.0924534242494211,0.086055130133515
a3986d20c19f33c7c107fw,2026-02-15 18:00:00,0.1007919599999999,28.0,78.0,1010.5,18,7,1,0,0.0931163500138888,0.1508791666666663,0.0927732413321757,0.0857569919985943
a3986d20c19f33c7c107fw,2026-02-15 19:00:00,0.0733127746666665,26.7,85.0,1011.2,19,7,1,0,0.0746693048888887,0.122668333333333,0.0927167192395831,0.0854632089112928
a3986d20c19f33c7c107fw,2026-02-15 20:00:00,0.0423679128888888,26.4,88.0,1011.6,20,7,1,0,0.0446933663888887,0.0747249999999996,0.0926198253437498,0.0852706072022981
a3986d20c19f33c7c107fw,2026-02-15 21:00:00,0.0687517193055554,26.2,89.0,1011.8,21,7,1,0,0.0447497667499999,0.1206458333333332,0.0936199067002312,0.0849617136664184
a3986d20c19f33c7c107fw,2026-02-15 22:00:00,0.1156531959999999,25.9,91.0,1011.7,22,7,1,0,0.0748849497777776,0.1010241666666664,0.0953185836261572,0.085048791221974
a3986d20c19f33c7c107fw,2026-02-15 23:00:00,0.0719062089583333,25.7,91.0,1011.7,23,7,1,0,0.0594898739999999,0.0694674999999996,0.0958359309160877,0.085063307346726
a3986d20c19f33c7c107fw,2026-02-16 00:00:00,0.1565794054999997,25.4,91.0,1011.3,0,1,0,0,0.0736205824999998,0.0891124999999998,0.0992925485410877,0.0854648960699403
a3986d20c19f33c7c107fw,2026-02-16 01:00:00,0.0711804729999998,25.3,91.0,1010.9,1,1,0,0,0.1023620812499997,0.0806874999999999,0.0979933148640044,0.0854083066235117
a3986d20c19f33c7c107fw,2026-02-16 02:00:00,0.0718255478888887,25.4,87.0,1010.2,2,1,0,0,0.1211996048194442,0.0794166666666665,0.0959360624918979,0.0853631213926916
a3986d20c19f33c7c107fw,2026-02-16 03:00:00,0.0720277779999997,25.3,88.0,1009.8,3,1,0,0,0.0748669097916665,0.0958816666666661,0.0958177653339118,0.0852211339601519
a3986d20c19f33c7c107fw,2026-02-16 04:00:00,0.1554453647361107,25.2,87.0,1010.2,4,1,0,0,0.1568172611527775,0.0535474999999995,0.0957606029832174,0.0858276688692954
a3986d20c19f33c7c107fw,2026-02-16 05:00:00,0.0659724449166665,25.0,89.0,1010.4,5,1,0,0,0.0710244509027775,0.0385324999999997,0.0955501027337961,0.0859910018747518
a3986d20c19f33c7c107fw,2026-02-16 06:00:00,0.0875017499999999,24.8,91.0,1011.0,6,1,0,0,0.0852794112499999,0.0836441666666663,0.0956427001817127,0.0860139636803073
a3986d20c19f33c7c107fw,2026-02-16 07:00:00,0.1016565290416666,24.8,92.0,1011.7,7,1,0,0,0.1283138784999997,0.0830099999999997,0.0945319772876155,0.086124954924603
a3986d20c19f33c7c107fw,2026-02-16 08:00:00,0.1026053283749999,25.5,88.0,1012.1,8,1,0,0,0.1004909597499996,0.0859708333333331,0.0946200759803239,0.0862239697760414
a3986d20c19f33c7c107fw,2026-02-16 09:00:00,0.1239280545972218,26.6,84.0,1012.4,9,1,0,0,0.0723645538749997,0.0632858333333333,0.0967685551770831,0.0865849353788027
a3986d20c19f33c7c107fw,2026-02-16 10:00:00,0.1214780476805555,27.8,77.0,1012.5,10,1,0,0,0.0579124484999999,0.0523008333333331,0.0994171218096063,0.0869967045118219
a3986d20c19f33c7c107fw,2026-02-16 11:00:00,0.152377403458333,29.0,70.0,1011.9,11,1,0,0,0.128113162847222,0.055253333333333,0.1004281318350692,0.0875748239768516
a3986d20c19f33c7c107fw,2026-02-16 12:00:00,0.1245758205555553,30.0,64.0,1010.8,12,1,0,0,0.0951394406527776,0.0514149999999994,0.1016546476643516,0.0880103050515871
a3986d20c19f33c7c107fw,2026-02-16 13:00:00,0.0935397900833331,30.5,61.0,1009.9,13,1,0,0,0.1542409566666664,0.0699616666666665,0.0991254323900461,0.0881506510243053
a3986d20c19f33c7c107fw,2026-02-16 14:00:00,0.0892786671111109,30.9,57.0,1009.1,14,1,0,0,0.1210325106249997,0.0752191666666663,0.0978023555769674,0.0882343385269508
a3986d20c19f33c7c107fw,2026-02-16 15:00:00,0.1415879583888886,30.2,65.0,1008.7,15,1,0,0,0.0714121198055555,0.0799733333333332,0.1007263488512729,0.0886010922475196
a3986d20c19f33c7c107fw,2026-02-16 16:00:00,0.0962534755138886,29.4,73.0,1008.7,16,1,0,0,0.0857186159444443,0.1092783333333333,0.1011653013333331,0.0885235633319277
a3986d20c19f33c7c107fw,2026-02-16 17:00:00,0.0910412204861109,28.5,82.0,1009.2,17,1,0,0,0.1273696213333331,0.1268683333333332,0.0996516179646989,0.0883103067078371
a3986d20c19f33c7c107fw,2026-02-16 18:00:00,0.0755782163055555,27.6,88.0,1009.9,18,1,0,0,0.1007919599999999,0.1471791666666665,0.0986010453107637,0.0878841105747352
a3986d20c19f33c7c107fw,2026-02-16 19:00:00,0.1189325831944441,27.2,89.0,1010.5,19,1,0,0,0.0733127746666665,0.1197458333333332,0.1005018706660877,0.087879269800099
a3986d20c19f33c7c107fw,2026-02-16 20:00:00,0.0920960521805554,27.0,87.0,1010.9,20,1,0,0,0.0423679128888888,0.0729158333333331,0.1025738764699072,0.0879934377694277
a3986d20c19f33c7c107fw,2026-02-16 21:00:00,0.0699216159999999,26.9,83.0,1011.2,21,1,0,0,0.0687517193055554,0.117773333333333,0.102622622165509,0.087708606118634
a3986d20c19f33c7c107fw,2026-02-16 22:00:00,0.0500923207916666,26.3,84.0,1011.5,22,1,0,0,0.1156531959999999,0.0984774999999999,0.0998909190318285,0.0874205990995368
a3986d20c19f33c7c107fw,2026-02-16 23:00:00,0.1475446163888888,26.0,86.0,1011.6,23,1,0,0,0.0719062089583333,0.0683783333333332,0.1030425193414349,0.0878918269748675
a3986d20c19f33c7c107fw,2026-02-17 00:00:00,0.0719846353333332,25.8,85.0,1011.7,0,2,0,0,0.1565794054999997,0.0869666666666665,0.0995177372511572,0.087802648216931
a3986d20c19f33c7c107fw,2026-02-17 01:00:00,0.1780511487499998,25.5,86.0,1010.9,1,2,0,0,0.0711804729999998,0.0788158333333331,0.1039706820740739,0.0883933346182207
a3986d20c19f33c7c107fw,2026-02-17 02:00:00,0.0979969021944442,25.0,89.0,1010.3,2,2,0,0,0.0718255478888887,0.0774299999999996,0.1050611551701387,0.0885157566550924
a3986d20c19f33c7c107fw,2026-02-17 03:00:00,0.1591074125555552,24.9,91.0,1010.0,3,2,0,0,0.0720277779999997,0.0935633333333331,0.1086894732766201,0.0889058999837961
a3986d20c19f33c7c107fw,2026-02-17 04:00:00,0.0438309650694444,24.8,91.0,1010.3,4,2,0,0,0.1554453647361107,0.0522649999999997,0.104038873290509,0.0888556973949237
a3986d20c19f33c7c107fw,2026-02-17 05:00:00,0.0876482956944443,24.8,90.0,1010.5,5,2,0,0,0.0659724449166665,0.0375491666666665,0.1049420337395831,0.0891539064962795
a3986d20c19f33c7c107fw,2026-02-17 06:00:00,0.1187803814444442,24.6,90.0,1011.2,6,2,0,0,0.0875017499999999,0.0817133333333331,0.1062453100497683,0.0893745436874171
a3986d20c19f33c7c107fw,2026-02-17 07:00:00,0.096454603347222,24.7,90.0,1011.7,7,2,0,0,0.1016565290416666,0.0809316666666665,0.1060285631458331,0.0894669421200395
a3986d20c19f33c7c107fw,2026-02-17 08:00:00,0.0695503991666665,25.8,88.0,1012.3,8,2,0,0,0.1026053283749999,0.0823533333333331,0.1046512744288192,0.0893907341785712
a3986d20c19f33c7c107fw,2026-02-17 09:00:00,0.0592771694999999,27.1,80.0,1012.6,9,2,0,0,0.1239280545972218,0.0617174999999997,0.1019574875497683,0.0893762084017855
a3986d20c19f33c7c107fw,2026-02-17 10:00:00,0.163701560083333,28.5,72.0,1013.0,10,2,0,0,0.1214780476805555,0.0513624999999998,0.1037168005665507,0.0900448932832339
a3986d20c19f33c7c107fw,2026-02-17 11:00:00,0.0979712707222222,29.6,67.0,1012.2,11,2,0,0,0.152377403458333,0.0538858333333331,0.1014498783692127,0.0903073066010249
a3986d20c19f33c7c107fw,2026-02-17 12:00:00,0.127279686472222,30.4,64.0,1011.2,12,2,0,0,0.1245758205555553,0.0501025000000001,0.1015625394490739,0.0907666946157405
a3986d20c19f33c7c107fw,2026-02-17 13:00:00,0.1296768010416665,30.4,64.0,1010.2,13,2,0,0,0.0935397900833331,0.0683091666666663,0.1030682482390044,0.091131978153687
a3986d20c19f33c7c107fw,2026-02-17 14:00:00,0.069904445472222,30.8,57.0,1009.5,14,2,0,0,0.0892786671111109,0.0734158333333331,0.1022609890040507,0.0911110770354661
a3986d20c19f33c7c107fw,2026-02-17 15:00:00,0.1159627514166665,30.9,57.0,1009.1,15,2,0,0,0.1415879583888886,0.0779999999999994,0.1011932720468748,0.0913370457938986
a3986d20c19f33c7c107fw,2026-02-17 16:00:00,0.1019778741666666,30.7,56.0,1009.2,16,2,0,0,0.0962534755138886,0.1031608333333329,0.1014317886574072,0.0913300043702875
a3986d20c19f33c7c107fw,2026-02-17 17:00:00,0.073389184361111,30.0,60.0,1009.5,17,2,0,0,0.0910412204861109,0.1196291666666665,0.1006962871521989,0.0910547663803735
a3986d20c19f33c7c107fw,2026-02-17 18:00:00,0.0440703364166666,28.5,67.0,1010.2,18,2,0,0,0.0755782163055555,0.1388299999999998,0.0993834588234952,0.090490720763806
a3986d20c19f33c7c107fw,2026-02-17 19:00:00,0.0587320607777777,27.2,75.0,1011.2,19,2,0,0,0.1189325831944441,0.112990833333333,0.0968751037228007,0.0901677518795468
a3986d20c19f33c7c107fw,2026-02-17 20:00:00,0.0747506976666666,26.5,79.0,1011.8,20,2,0,0,0.0920960521805554,0.0687649999999997,0.0961523806180554,0.0902033810323245
a3986d20c19f33c7c107fw,2026-02-17 21:00:00,0.1208172501388887,26.2,81.0,1012.1,21,2,0,0,0.0699216159999999,0.1110933333333332,0.098273032040509,0.0902612614895004
a3986d20c19f33c7c107fw,2026-02-17 22:00:00,0.0411593268888888,26.0,83.0,1012.2,22,2,0,0,0.0500923207916666,0.0928574999999999,0.0979008239612266,0.089953534268601
a3986d20c19f33c7c107fw,2026-02-17 23:00:00,0.057929471111111,25.6,85.0,1012.0,23,2,0,0,0.1475446163888888,0.0652824999999996,0.0941668595746526,0.0899097662395004
a3986d20c19f33c7c107fw,2026-02-18 00:00:00,0.0735853691388887,25.4,86.0,1012.0,0,3,0,0,0.0719846353333332,0.0819574999999996,0.0942335568165507,0.0898599321272319
a3986d20c19f33c7c107fw,2026-02-18 01:00:00,0.1060056222361109,25.1,84.0,1011.5,1,3,0,0,0.1780511487499998,0.0743241666666665,0.091231659878472,0.0900485122199072
a3986d20c19f33c7c107fw,2026-02-18 02:00:00,0.104591716472222,24.8,85.0,1011.0,2,3,0,0,0.0979969021944442,0.0730941666666666,0.0915064438067128,0.0902359976354165
a3986d20c19f33c7c107fw,2026-02-18 03:00:00,0.1018353044999999,24.7,85.0,1010.9,3,3,0,0,0.1591074125555552,0.0883124999999998,0.0891201059710646,0.090316490519345
a3986d20c19f33c7c107fw,2026-02-18 04:00:00,0.0439057219722222,24.5,85.0,1011.1,4,3,0,0,0.0438309650694444,0.0493141666666666,0.0891232208420137,0.0902842973961638
a3986d20c19f33c7c107fw,2026-02-18 05:00:00,0.0887371805555555,24.4,84.0,1011.4,5,3,0,0,0.0876482956944443,0.0354349999999999,0.08916859104456,0.0906015722804231
a3986d20c19f33c7c107fw,2026-02-18 06:00:00,0.0741464962499999,24.2,82.0,1012.3,6,3,0,0,0.1187803814444442,0.0770716666666663,0.0873088458281248,0.0905841605517524
a3986d20c19f33c7c107fw,2026-02-18 07:00:00,0.105982455486111,24.3,81.0,1012.8,7,3,0,0,0.096454603347222,0.0778124999999999,0.0877058396672452,0.0907518388582174
a3986d20c19f33c7c107fw,2026-02-18 08:00:00,0.1049584073611109,25.6,76.0,1014.0,8,3,0,0,0.0695503991666665,0.077815833333333,0.0891811733420137,0.0909134017988589
a3986d20c19f33c7c107fw,2026-02-18 09:00:00,0.0738976947222221,27.0,64.0,1014.4,9,3,0,0,0.0592771694999999,0.0582666666666665,0.0897903618929396,0.0910064436325229
a3986d20c19f33c7c107fw,2026-02-18 10:00:00,0.0739757390138887,28.5,57.0,1014.3,10,3,0,0,0.163701560083333,0.0490116666666664,0.0860517860150461,0.0911550393012564
a3986d20c19f33c7c107fw,2026-02-18 11:00:00,0.0890592018333332,30.0,50.0,1013.6,11,3,0,0,0.0979712707222222,0.0508933333333334,0.0856804498113424,0.0913822170899469
a3986d20c19f33c7c107fw,2026-02-18 12:00:00,0.0736754575555554,31.0,46.0,1012.8,12,3,0,0,0.127279686472222,0.0473391666666666,0.083446940273148,0.0915389807261903
a3986d20c19f33c7c107fw,2026-02-18 13:00:00,0.1008790728333332,32.1,40.0,1011.8,13,3,0,0,0.1296768010416665,0.0644049999999998,0.0822470349311341,0.0917560883025792
a3986d20c19f33c7c107fw,2026-02-18 14:00:00,0.0681126153888888,30.6,47.0,1011.4,14,3,0,0,0.069904445472222,0.0678683333333331,0.0821723753443285,0.0917575423624336
a3986d20c19f33c7c107fw,2026-02-18 15:00:00,0.0726303251666665,30.6,48.0,1011.6,15,3,0,0,0.1159627514166665,0.0735966666666667,0.0803668575839119,0.0917517903296955
a3986d20c19f33c7c107fw,2026-02-18 16:00:00,0.1455770732499999,30.0,48.0,1011.8,16,3,0,0,0.1019778741666666,0.122945158694444,0.0821834908790508,0.091886504106812
a3986d20c19f33c7c107fw,2026-02-18 17:00:00,0.0726655282222221,28.9,50.0,1012.0,17,3,0,0,0.073389184361111,0.0671672335694442,0.0821533385399304,0.0919192320511737
a3986d20c19f33c7c107fw,2026-02-18 18:00:00,0.0733486639444442,27.7,55.0,1012.7,18,3,0,0,0.0440703364166666,0.0714642617083332,0.0833732688535878,0.0919304487311506
a3986d20c19f33c7c107fw,2026-02-18 19:00:00,0.0590917699999999,27.0,58.0,1013.2,19,3,0,0,0.0587320607777777,0.087640699361111,0.0833882567378471,0.0917605146278106
a3986d20c19f33c7c107fw,2026-02-18 20:00:00,0.0740628919444444,26.7,60.0,1013.6,20,3,0,0,0.0747506976666666,0.0732665520555554,0.0833595981660878,0.0917652547461969
a3986d20c19f33c7c107fw,2026-02-18 21:00:00,0.1229301236944443,26.5,62.0,1013.6,21,3,0,0,0.1208172501388887,0.1310344871805552,0.0834476345642359,0.091717014487351
a3986d20c19f33c7c107fw,2026-02-18 22:00:00,0.0698122086805555,26.2,65.0,1013.7,22,3,0,0,0.0411593268888888,0.0986648902916665,0.0846415046388887,0.0915452723349039
a3986d20c19f33c7c107fw,2026-02-18 23:00:00,0.0837271083333332,25.9,68.0,1013.9,23,3,0,0,0.057929471111111,0.0699445916249999,0.0857164061898146,0.0916273111248344
a3986d20c19f33c7c107fw,2026-02-19 00:00:00,0.0984175884027776,25.5,70.0,1013.7,0,4,0,0,0.0735853691388887,0.0860786833333333,0.0867510819924767,0.091700756988343
a3986d20c19f33c7c107fw,2026-02-19 01:00:00,0.1269906602499998,25.1,72.0,1013.0,1,4,0,0,0.1060056222361109,0.0733533054583332,0.0876254585763887,0.0920200269573411
a3986d20c19f33c7c107fw,2026-02-19 02:00:00,0.0725188741666666,24.8,72.0,1013.1,2,4,0,0,0.104591716472222,0.0750132008611109,0.0862890901469906,0.092005179774636
a3986d20c19f33c7c107fw,2026-02-19 03:00:00,0.0437192291666666,24.7,72.0,1013.0,3,4,0,0,0.1018353044999999,0.0743571252083332,0.0838675870081017,0.0918228113458166
a3986d20c19f33c7c107fw,2026-02-19 04:00:00,0.0590193225,24.3,73.0,1013.1,4,4,0,0,0.0439057219722222,0.075085811083333,0.0844973203634258,0.0917271774852015
a3986d20c19f33c7c107fw,2026-02-19 05:00:00,0.074928853111111,24.0,75.0,1013.1,5,4,0,0,0.0887371805555555,0.0746890585833331,0.0839219733865739,0.0917286048335812
a3986d20c19f33c7c107fw,2026-02-19 06:00:00,0.1044010290277775,24.0,75.0,1013.9,6,4,0,0,0.0741464962499999,0.0749386692638887,0.0851825789189813,0.0919039760226519
a3986d20c19f33c7c107fw,2026-02-19 07:00:00,0.0696837331388887,24.1,75.0,1014.5,7,4,0,0,0.105982455486111,0.0750337360833331,0.0836701321545137,0.0918721307670302
a3986d20c19f33c7c107fw,2026-02-19 08:00:00,0.0414608497777777,25.7,67.0,1015.2,8,4,0,0,0.1049584073611109,0.074669705736111,0.0810244005885415,0.0916744590053735
a3986d20c19f33c7c107fw,2026-02-19 09:00:00,0.0702358383749999,27.4,58.0,1015.5,9,4,0,0,0.0738976947222221,0.0741398268888888,0.0808718232407406,0.0916512209785051
a3986d20c19f33c7c107fw,2026-02-19 10:00:00,0.0531810130694443,29.3,48.0,1015.4,10,4,0,0,0.0739757390138887,0.0811401416249999,0.0800053763263887,0.0914847975942458
a3986d20c19f33c7c107fw,2026-02-19 11:00:00,0.144722497958333,31.0,43.0,1014.4,11,4,0,0,0.0890592018333332,0.149860607833333,0.0823246803315971,0.0914542136068947
a3986d20c19f33c7c107fw,2026-02-19 12:00:00,0.129925554083333,31.1,41.0,1013.4,12,4,0,0,0.0736754575555554,0.1496909663888887,0.0846684343535878,0.0913365623431711
a3986d20c19f33c7c107fw,2026-02-19 13:00:00,0.1032603004166665,32.4,37.0,1012.4,13,4,0,0,0.1008790728333332,0.1213520927916664,0.08476765216956,0.0912288731028437
a3986d20c19f33c7c107fw,2026-02-19 14:00:00,0.0735043505555554,32.8,35.0,1011.8,14,4,0,0,0.0681126153888888,0.10289608,0.0849923078015045,0.0910539223323411
a3986d20c19f33c7c107fw,2026-02-19 15:00:00,0.1024706315138886,31.8,38.0,1011.7,15,4,0,0,0.0726303251666665,0.1095362871111109,0.0862356538993054,0.0910118648585481
a3986d20c19f33c7c107fw,2026-02-19 16:00:00,0.1160708257222221,30.4,46.0,1012.3,16,4,0,0,0.1455770732499999,0.1010740478333332,0.0850062269189813,0.091101131393601
a3986d20c19f33c7c107fw,2026-02-19 17:00:00,0.0926993484444443,28.6,54.0,1013.1,17,4,0,0,0.0726655282222221,0.1004207324444442,0.0858409694282406,0.0910551707745534
a3986d20c19f33c7c107fw,2026-02-19 18:00:00,0.0660153663333331,27.4,57.0,1013.6,18,4,0,0,0.0733486639444442,0.0737993699999998,0.0855354153611109,0.0910088374193946
a3986d20c19f33c7c107fw,2026-02-19 19:00:00,0.0415332400277776,26.6,62.0,1014.0,19,4,0,0,0.0590917699999999,0.0735847497499999,0.0848038099456017,0.090818054623429
a3986d20c19f33c7c107fw,2026-02-19 20:00:00,0.039752090111111,27.0,62.0,1014.2,20,4,0,0,0.0740628919444444,0.0734355614722221,0.0833741932025461,0.0906175577700891
a3986d20c19f33c7c107fw,2026-02-19 21:00:00,0.0773693964999999,26.7,63.0,1014.5,21,4,0,0,0.1229301236944443,0.1026043826388887,0.0814758295694443,0.0904673495192624
a3986d20c19f33c7c107fw,2026-02-19 22:00:00,0.1166330825555553,26.6,64.0,1014.8,22,4,0,0,0.0698122086805555,0.1601127903333331,0.0834266993142359,0.0902085417348708
a3986d20c19f33c7c107fw,2026-02-19 23:00:00,0.0662010957083332,26.3,65.0,1014.8,23,4,0,0,0.0837271083333332,0.089140531986111,0.0826964487881942,0.0900719974713126
a3986d20c19f33c7c107fw,2026-02-20 00:00:00,0.0677063288472221,25.7,68.0,1014.5,0,5,0,0,0.0984175884027776,0.1779117066388887,0.0814168129733794,0.0894160130796956
a3986d20c19f33c7c107fw,2026-02-20 01:00:00,0.0686297458749999,25.2,71.0,1013.9,1,5,0,0,0.1269906602499998,0.0488817847499999,0.0789851082077544,0.0895335604673444
a3986d20c19f33c7c107fw,2026-02-20 02:00:00,0.0667975739444443,25.2,71.0,1013.6,2,5,0,0,0.0725188741666666,0.1336097069999995,0.0787467206984952,0.0891358691991565
a3986d20c19f33c7c107fw,2026-02-20 03:00:00,0.0819938185138888,25.1,72.0,1013.6,3,5,0,0,0.0437192291666666,0.0739378068333332,0.0803414952546294,0.089183821649636
a3986d20c19f33c7c107fw,2026-02-20 04:00:00,0.1031973422083331,24.8,73.0,1012.9,4,5,0,0,0.0590193225,0.0735080279444443,0.08218224607581,0.0893605437583497
a3986d20c19f33c7c107fw,2026-02-20 05:00:00,0.0927432192916664,24.6,73.0,1013.2,5,5,0,0,0.074928853111111,0.0721749273888887,0.0829245113333331,0.0894829740672948
a3986d20c19f33c7c107fw,2026-02-20 06:00:00,0.0381571591388888,24.5,73.0,1013.8,6,5,0,0,0.1044010290277775,0.0878684484999998,0.0801643500879627,0.0891870735353834
a3986d20c19f33c7c107fw,2026-02-20 07:00:00,0.0773854312499999,24.7,72.0,1014.3,7,5,0,0,0.0696837331388887,0.1650123749999999,0.0804852541759257,0.0886654845844905
a3986d20c19f33c7c107fw,2026-02-20 08:00:00,0.1018408577499999,25.5,72.0,1014.7,8,5,0,0,0.0414608497777777,0.0744482318194443,0.083001087841435,0.0888285359293153
a3986d20c19f33c7c107fw,2026-02-20 09:00:00,0.105110309611111,26.5,65.0,1015.2,9,5,0,0,0.0702358383749999,0.0743604293055555,0.0844541908096063,0.0890115709311341
a3986d20c19f33c7c107fw,2026-02-20 10:00:00,0.1040923364444444,27.9,58.0,1015.3,10,5,0,0,0.0531810130694443,0.1748733184999997,0.0865754959502313,0.0885902555617557
a3986d20c19f33c7c107fw,2026-02-20 11:00:00,0.0748108631944443,29.2,51.0,1014.3,11,5,0,0,0.144722497958333,0.0690164647499999,0.0836625111684026,0.088624746028687
a3986d20c19f33c7c107fw,2026-02-20 12:00:00,0.0746234515972221,30.3,47.0,1013.1,12,5,0,0,0.129925554083333,0.0737337820833332,0.081358256898148,0.0886300416805554
a3986d20c19f33c7c107fw,2026-02-20 13:00:00,0.1133263662499999,30.5,45.0,1012.4,13,5,0,0,0.1032603004166665,0.1158264892499999,0.0817776763078702,0.0886151599960315
a3986d20c19f33c7c107fw,2026-02-20 14:00:00,0.1000121067222221,30.1,48.0,1011.6,14,5,0,0,0.0735043505555554,0.1037921228749998,0.082882166148148,0.0885926598998841
a3986d20c19f33c7c107fw,2026-02-20 15:00:00,0.1038165099999999,30.4,47.0,1011.0,15,5,0,0,0.1024706315138886,0.1031722568055554,0.0829382444184026,0.0885964947403272
a3986d20c19f33c7c107fw,2026-02-20 16:00:00,0.044202617236111,30.5,47.0,1010.7,16,5,0,0,0.1160708257222221,0.0441424410972221,0.0799437357314813,0.0885968529316301
a3986d20c19f33c7c107fw,2026-02-20 17:00:00,0.0445303788055554,30.1,49.0,1010.9,17,5,0,0,0.0926993484444443,0.0585746219722221,0.0779366953298609,0.0885132562461142
a3986d20c19f33c7c107fw,2026-02-20 18:00:00,0.0600087499999999,29.1,54.0,1011.6,18,5,0,0,0.0660153663333331,0.1056395789861109,0.0776864196493054,0.0882416441688159
a3986d20c19f33c7c107fw,2026-02-20 19:00:00,0.0750696681666664,28.0,58.0,1012.1,19,5,0,0,0.0415332400277776,0.0738334563888888,0.0790837708217591,0.0882490025722551
a3986d20c19f33c7c107fw,2026-02-20 20:00:00,0.0751252999444443,27.1,64.0,1012.8,20,5,0,0,0.039752090111111,0.1056359066805554,0.0805576545648146,0.0880673918178735
a3986d20c19f33c7c107fw,2026-02-20 21:00:00,0.0879985088888887,26.8,66.0,1013.0,21,5,0,0,0.0773693964999999,0.0749794749999998,0.081000534247685,0.0881448860672121
a3986d20c19f33c7c107fw,2026-02-20 22:00:00,0.0986319903888886,26.3,68.0,1013.1,22,5,0,0,0.1166330825555553,0.0741526506666666,0.0802504887407406,0.0882905964227015
a3986d20c19f33c7c107fw,2026-02-20 23:00:00,0.0717193286111109,26.0,70.0,1012.7,23,5,0,0,0.0662010957083332,0.1131890101666664,0.0804804151116896,0.0880437530801089
a3986d20c19f33c7c107fw,2026-02-21 00:00:00,0.0726351417638887,25.6,71.0,1012.4,0,6,1,0,0.0677063288472221,0.1006410520833331,0.0806857823165507,0.0878770512329694
a3986d20c19f33c7c107fw,2026-02-21 01:00:00,0.0586598649166666,25.2,73.0,1011.4,1,6,1,0,0.0686297458749999,0.0999844759999999,0.0802703706099535,0.0876310714050924
a3986d20c19f33c7c107fw,2026-02-21 02:00:00,0.0732479734166666,25.0,73.0,1011.1,2,6,1,0,0.0667975739444443,0.0720482224583332,0.0805391372546295,0.0876382127798444
a3986d20c19f33c7c107fw,2026-02-21 03:00:00,0.0694777863888888,25.0,74.0,1010.8,3,6,1,0,0.0819938185138888,0.0717015819722221,0.0800176359160878,0.0876249759013721
a3986d20c19f33c7c107fw,2026-02-21 04:00:00,0.0738154275833332,24.7,76.0,1010.5,4,6,1,0,0.1031973422083331,0.0858183993333332,0.0787933894733795,0.0875535296409555
a3986d20c19f33c7c107fw,2026-02-21 05:00:00,0.102609823597222,24.5,76.0,1010.4,5,6,1,0,0.0927432192916664,0.1015360872222219,0.0792044979861109,0.0875599209289019
a3986d20c19f33c7c107fw,2026-02-21 06:00:00,0.044802934625,24.4,76.0,1010.7,6,6,1,0,0.0381571591388888,0.0736204683888887,0.0794814052980322,0.0873883879898312
a3986d20c19f33c7c107fw,2026-02-21 07:00:00,0.1463671964166664,24.5,76.0,1010.9,7,6,1,0,0.0773854312499999,0.0747622236805554,0.08235564551331,0.0878146080656413
a3986d20c19f33c7c107fw,2026-02-21 08:00:00,0.0986276454583331,25.4,72.0,1011.3,8,6,1,0,0.1018408577499999,0.075205726111111,0.0822217616678239,0.0879540242522319
a3986d20c19f33c7c107fw,2026-02-21 09:00:00,0.0827359366527775,27.2,63.0,1011.2,9,6,1,0,0.105110309611111,0.0758413463888887,0.0812894961278933,0.0879950634799932
a3986d20c19f33c7c107fw,2026-02-21 10:00:00,0.1586918051249998,28.6,57.0,1010.9,10,6,1,0,0.1040923364444444,0.0755051560277776,0.0835644739895831,0.0884902221055719
a3986d20c19f33c7c107fw,2026-02-21 11:00:00,0.0745102561666666,30.2,50.0,1009.8,11,6,1,0,0.0748108631944443,0.0452706288888887,0.0835519486967591,0.0886642675060348
a3986d20c19f33c7c107fw,2026-02-21 12:00:00,0.141103279611111,30.8,48.0,1009.0,12,6,1,0,0.0746234515972221,0.0760160018888888,0.0863219415306711,0.0890516917781909
a3986d20c19f33c7c107fw,2026-02-21 13:00:00,0.1012966048749998,30.6,48.0,1008.2,13,6,1,0,0.1133263662499999,0.0610094041666666,0.0858207014733794,0.089291496544312
a3986d20c19f33c7c107fw,2026-02-21 14:00:00,0.1518664606944442,30.5,46.0,1007.3,14,6,1,0,0.1000121067222221,0.0759612450694444,0.0879812995555554,0.0897433133039846
a3986d20c19f33c7c107fw,2026-02-21 15:00:00,0.0733267267777777,31.0,45.0,1006.8,15,6,1,0,0.1038165099999999,0.0758549942916665,0.0867108919212961,0.0897282640925924
a3986d20c19f33c7c107fw,2026-02-21 16:00:00,0.1023134509999999,30.6,46.0,1007.0,16,6,1,0,0.044202617236111,0.076266973597222,0.0891321766614581,0.0898833026485613
a3986d20c19f33c7c107fw,2026-02-21 17:00:00,0.0715237097083332,29.8,49.0,1007.3,17,6,1,0,0.0445303788055554,0.0761769999444443,0.0902568987824072,0.089855604492394
a3986d20c19f33c7c107fw,2026-02-21 18:00:00,0.0712399811249999,28.2,57.0,1008.0,18,6,1,0,0.0600087499999999,0.0931163500138888,0.0907248667459489,0.0897253880109125
a3986d20c19f33c7c107fw,2026-02-21 19:00:00,0.0510699766388886,26.8,64.0,1008.4,19,6,1,0,0.0750696681666664,0.0746693048888887,0.0897248795989581,0.0895849158189482
a3986d20c19f33c7c107fw,2026-02-21 20:00:00,0.0659690877638888,26.6,65.0,1009.2,20,6,1,0,0.0751252999444443,0.0446933663888887,0.0893433707581017,0.0897115570176089
a3986d20c19f33c7c107fw,2026-02-21 21:00:00,0.0664951363055555,26.2,67.0,1009.6,21,6,1,0,0.0879985088888887,0.0447497667499999,0.0884473969004628,0.0898409937411539
a3986d20c19f33c7c107fw,2026-02-21 22:00:00,0.0656245319166666,26.0,68.0,1009.9,22,6,1,0,0.0986319903888886,0.0748849497777776,0.0870720861307869,0.0897858722062663
a3986d20c19f33c7c107fw,2026-02-21 23:00:00,0.0947197219861109,25.8,68.0,1009.9,23,6,1,0,0.0717193286111109,0.0594898739999999,0.0880304358547452,0.0899955736823742
a3986d20c19f33c7c107fw,2026-02-22 00:00:00,0.0724785878194443,25.6,67.0,1009.7,0,7,1,0,0.0726351417638887,0.0736205824999998,0.0880239127737267,0.0899887760949899
a3986d20c19f33c7c107fw,2026-02-22 01:00:00,0.0644282990833333,25.4,68.0,1009.2,1,7,1,0,0.0586598649166666,0.1023620812499997,0.0882642641973378,0.0897629797725692
a3986d20c19f33c7c107fw,2026-02-22 02:00:00,0.0792326814305554,25.1,70.0,1009.2,2,7,1,0,0.0732479734166666,0.1211996048194442,0.0885136270312498,0.0895131766571592
a3986d20c19f33c7c107fw,2026-02-22 03:00:00,0.0920052389999999,24.9,72.0,1008.9,3,7,1,0,0.0694777863888888,0.0748669097916665,0.0894522708900461,0.0896151905214945
a3986d20c19f33c7c107fw,2026-02-22 04:00:00,0.1013611255555553,24.6,74.0,1008.7,4,7,1,0,0.0738154275833332,0.1568172611527775,0.0906000083055554,0.0892850944762729
a3986d20c19f33c7c107fw,2026-02-22 05:00:00,0.1349881843611108,24.4,75.0,1008.9,5,7,1,0,0.102609823597222,0.0710244509027775,0.0919491066707174,0.0896658309849535
a3986d20c19f33c7c107fw,2026-02-22 06:00:00,0.1003713254027775,24.1,77.0,1009.7,6,7,1,0,0.044802934625,0.0852794112499999,0.0942644562864581,0.0897556638072915
a3986d20c19f33c7c107fw,2026-02-22 07:00:00,0.0723425347777776,24.1,75.0,1010.2,7,7,1,0,0.1463671964166664,0.1283138784999997,0.0911800953848378,0.0894225010470401
a3986d20c19f33c7c107fw,2026-02-22 08:00:00,0.116344433472222,25.0,71.0,1010.7,8,7,1,0,0.0986276454583331,0.1004909597499996,0.0919182948854165,0.0895168669620534
a3986d20c19f33c7c107fw,2026-02-22 09:00:00,0.1303035157499997,26.6,62.0,1010.8,9,7,1,0,0.0827359366527775,0.0723645538749997,0.0939002773478007,0.0898617417351188
a3986d20c19f33c7c107fw,2026-02-22 10:00:00,0.1524621054027773,28.3,56.0,1010.6,10,7,1,0,0.1586918051249998,0.0579124484999999,0.0936407065260415,0.0904245373119211
a3986d20c19f33c7c107fw,2026-02-22 11:00:00,0.071957659611111,30.2,50.0,1009.5,11,7,1,0,0.0745102561666666,0.128113162847222,0.0935343483362266,0.0900902783640871
a3986d20c19f33c7c107fw,2026-02-22 12:00:00,0.1560082748611109,31.0,47.0,1008.2,12,7,1,0,0.141103279611111,0.0951394406527776,0.0941553898049766,0.0904525928534224
a3986d20c19f33c7c107fw,2026-02-22 13:00:00,0.1489533429444441,30.7,52.0,1007.7,13,7,1,0,0.1012966048749998,0.1542409566666664,0.0961410872245368,0.0904211189622187
a3986d20c19f33c7c107fw,2026-02-22 14:00:00,0.0968685811388888,31.1,48.0,1007.0,14,7,1,0,0.1518664606944442,0.1210325106249997,0.093849508909722,0.0902772860486109
a3986d20c19f33c7c107fw,2026-02-22 15:00:00,0.1282572199999997,31.2,50.0,1006.1,15,7,1,0,0.0733267267777777,0.0714121198055555,0.0961382794606479,0.0906156497402445
a3986d20c19f33c7c107fw,2026-02-22 16:00:00,0.1280828540972221,31.5,44.0,1006.1,16,7,1,0,0.1023134509999999,0.0857186159444443,0.0972120045896989,0.0908678178244872
a3986d20c19f33c7c107fw,2026-02-22 17:00:00,0.100675446472222,30.6,47.0,1006.6,17,7,1,0,0.0715237097083332,0.1273696213333331,0.0984266602881942,0.0907089239265044
a3986d20c19f33c7c107fw,2026-02-22 18:00:00,0.0575458947777777,29.0,55.0,1007.3,18,7,1,0,0.0712399811249999,0.1007919599999999,0.09785607335706,0.0904515068716102
a3986d20c19f33c7c107fw,2026-02-22 19:00:00,0.1000528856249998,27.8,60.0,1008.0,19,7,1,0,0.0510699766388886,0.0733127746666665,0.0998970278981479,0.0906106741987432
a3986d20c19f33c7c107fw,2026-02-22 20:00:00,0.1009274070833332,27.0,65.0,1008.8,20,7,1,0,0.0659690877638888,0.0423679128888888,0.1013536245364581,0.0909592426165673
a3986d20c19f33c7c107fw,2026-02-22 21:00:00,0.0709506698333332,26.6,67.0,1009.2,21,7,1,0,0.0664951363055555,0.0687517193055554,0.1015392717667822,0.090972331607804
a3986d20c19f33c7c107fw,2026-02-22 22:00:00,0.0728575575833332,26.2,69.0,1009.9,22,7,1,0,0.0656245319166666,0.1156531959999999,0.1018406478362266,0.0907175956648477
a3986d20c19f33c7c107fw,2026-02-22 23:00:00,0.0592774828333332,25.9,70.0,1010.0,23,7,1,0,0.0947197219861109,0.0719062089583333,0.1003638878715275,0.0906424246760084
a3986d20c19f33c7c107fw,2026-02-23 00:00:00,0.0739759107638887,25.6,71.0,1009.6,0,1,0,0,0.0724785878194443,0.1565794054999997,0.1004262763275461,0.0901507372073411
a3986d20c19f33c7c107fw,2026-02-23 01:00:00,0.1047974210416665,25.4,72.0,1009.2,1,1,0,0,0.0644282990833333,0.0711804729999998,0.1021083230758099,0.0903508380885415
a3986d20c19f33c7c107fw,2026-02-23 02:00:00,0.0741074844999999,25.4,71.0,1008.6,2,1,0,0,0.0792326814305554,0.0718255478888887,0.1018947732037035,0.09036442104456
a3986d20c19f33c7c107fw,2026-02-23 03:00:00,0.0461948923333333,25.3,71.0,1008.2,3,1,0,0,0.0920052389999999,0.0720277779999997,0.099986008759259,0.0902106538679727
a3986d20c19f33c7c107fw,2026-02-23 04:00:00,0.0307774133333333,25.1,72.0,1008.3,4,1,0,0,0.1013611255555553,0.1554453647361107,0.0970450207499998,0.0894685827286704
a3986d20c19f33c7c107fw,2026-02-23 05:00:00,0.0755864322499998,24.8,75.0,1008.4,5,1,0,0,0.1349881843611108,0.0659724449166665,0.0945699477453702,0.0895258088437498
a3986d20c19f33c7c107fw,2026-02-23 06:00:00,0.1050144499999998,24.6,75.0,1009.3,6,1,0,0,0.1003713254027775,0.0875017499999999,0.0947634112702544,0.0896300511056546
a3986d20c19f33c7c107fw,2026-02-23 07:00:00,0.1053186915277776,24.9,73.0,1010.1,7,1,0,0,0.0723425347777776,0.1016565290416666,0.0961374178015044,0.0896518496918814
a3986d20c19f33c7c107fw,2026-02-23 08:00:00,0.1127751215972221,25.9,70.0,1010.8,8,1,0,0,0.116344433472222,0.1026053283749999,0.0959886964733794,0.089712384175347
a3986d20c19f33c7c107fw,2026-02-23 09:00:00,0.1401790235416665,27.4,62.0,1011.2,9,1,0,0,0.1303035157499997,0.1239280545972218,0.0964001759646989,0.0898091161333497
a3986d20c19f33c7c107fw,2026-02-23 10:00:00,0.0728056184027777,29.7,51.0,1011.0,10,1,0,0,0.1524621054027773,0.1214780476805555,0.0930811556730322,0.0895193992924105
a3986d20c19f33c7c107fw,2026-02-23 11:00:00,0.1141417492222219,32.2,40.0,1009.9,11,1,0,0,0.071957659611111,0.152377403458333,0.0948388260734952,0.0892918061124337
a3986d20c19f33c7c107fw,2026-02-23 12:00:00,0.1012271773611108,32.7,39.0,1008.8,12,1,0,0,0.1560082748611109,0.1245758205555553,0.0925562803443285,0.0891528260934191
a3986d20c19f33c7c107fw,2026-02-23 13:00:00,0.0438793913888888,32.8,39.0,1007.7,13,1,0,0,0.1489533429444441,0.0935397900833331,0.0881781990295137,0.0888572284821427
a3986d20c19f33c7c107fw,2026-02-23 14:00:00,0.0878104384444443,32.8,36.0,1007.0,14,1,0,0,0.0968685811388888,0.0892786671111109,0.0878007764172452,0.0888484890257935
a3986d20c19f33c7c107fw,2026-02-23 15:00:00,0.1015591312916664,33.5,34.0,1006.2,15,1,0,0,0.1282572199999997,0.1415879583888886,0.086688356054398,0.0886102221978338
a3986d20c19f33c7c107fw,2026-02-23 16:00:00,0.1042228783472219,32.5,39.0,1006.6,16,1,0,0,0.1280828540972221,0.0962534755138886,0.0856941903981479,0.0886576591194608
a3986d20c19f33c7c107fw,2026-02-23 17:00:00,0.1019356722499996,31.2,45.0,1007.4,17,1,0,0,0.100675446472222,0.0910412204861109,0.0857466998055554,0.0887225070466268
a3986d20c19f33c7c107fw,2026-02-23 18:00:00,0.0416478886666666,29.4,51.0,1008.1,18,1,0,0,0.0575458947777777,0.0755782163055555,0.0850842828842591,0.088520540810681
a3986d20c19f33c7c107fw,2026-02-23 19:00:00,0.0737611182916665,28.1,56.0,1008.7,19,1,0,0,0.1000528856249998,0.1189325831944441,0.0839887925787035,0.0882516630434026
a3986d20c19f33c7c107fw,2026-02-23 20:00:00,0.0872304172222221,27.5,56.0,1010.0,20,1,0,0,0.1009274070833332,0.0920960521805554,0.0834180846678239,0.0882227009305554
a3986d20c19f33c7c107fw,2026-02-23 21:00:00,0.132291768,27.3,58.0,1010.5,21,1,0,0,0.0709506698333332,0.0699216159999999,0.0859739637581016,0.0885939518353173
a3986d20c19f33c7c107fw,2026-02-23 22:00:00,0.0996267859999998,27.0,60.0,1010.4,22,1,0,0,0.0728575575833332,0.0500923207916666,0.0870893482754628,0.0888887998425097
a3986d20c19f33c7c107fw,2026-02-23 23:00:00,0.0432913399999999,26.9,61.0,1010.2,23,1,0,0,0.0592774828333332,0.1475446163888888,0.0864232589907405,0.0882682446259092
a3986d20c19f33c7c107fw,2026-02-24 00:00:00,0.0435038059999999,26.9,63.0,1009.7,0,2,0,0,0.0739759107638887,0.0719846353333332,0.0851535879589118,0.0880987158798775
a3986d20c19f33c7c107fw,2026-02-24 01:00:00,0.0586930666666666,26.7,65.0,1009.0,1,2,0,0,0.1047974210416665,0.1780511487499998,0.0832325731932868,0.0873882511055719
a3986d20c19f33c7c107fw,2026-02-24 02:00:00,0.0738893421388887,26.6,68.0,1008.5,2,2,0,0,0.0741074844999999,0.0979969021944442,0.0832234839282406,0.0872447537242888
a3986d20c19f33c7c107fw,2026-02-24 03:00:00,0.0738721681249999,26.3,74.0,1008.2,3,2,0,0,0.0461948923333333,0.1591074125555552,0.0843767037528933,0.0867374010788689
a3986d20c19f33c7c107fw,2026-02-24 04:00:00,0.0742708889999997,26.0,77.0,1008.3,4,2,0,0,0.0307774133333333,0.0438309650694444,0.0861889319056711,0.086918591102265
a3986d20c19f33c7c107fw,2026-02-24 05:00:00,0.1005725809444442,25.9,75.0,1008.9,5,2,0,0,0.0755864322499998,0.0876482956944443,0.0872300214346063,0.0869955213716102
a3986d20c19f33c7c107fw,2026-02-24 06:00:00,0.0437521640416666,25.6,74.0,1009.6,6,2,0,0,0.1050144499999998,0.1187803814444442,0.0846774261863424,0.0865489248394509
a3986d20c19f33c7c107fw,2026-02-24 07:00:00,0.116736883972222,25.6,74.0,1010.3,7,2,0,0,0.1053186915277776,0.096454603347222,0.0851531842048609,0.086669652700314
a3986d20c19f33c7c107fw,2026-02-24 08:00:00,0.096549659486111,26.3,72.0,1011.0,8,2,0,0,0.1127751215972221,0.0695503991666665,0.0844771232835646,0.0868303625831678
a3986d20c19f33c7c107fw,2026-02-24 09:00:00,0.0686142981805555,27.5,69.0,1011.5,9,2,0,0,0.1401790235416665,0.0592771694999999,0.0814952597268516,0.0868859407300759
a3986d20c19f33c7c107fw,2026-02-24 10:00:00,0.0435090723888888,29.8,59.0,1011.6,10,2,0,0,0.0728056184027777,0.163701560083333,0.0802745703096063,0.0861705092557042
a3986d20c19f33c7c107fw,2026-02-24 11:00:00,0.1018276934305554,30.5,58.0,1010.9,11,2,0,0,0.1141417492222219,0.0979712707222222,0.0797614846516202,0.0861934641527776
a3986d20c19f33c7c107fw,2026-02-24 12:00:00,0.0948995990138888,31.7,54.0,1009.8,12,2,0,0,0.1012271773611108,0.127279686472222,0.0794978355538193,0.0860007255369542
a3986d20c19f33c7c107fw,2026-02-24 13:00:00,0.0727777391944443,31.8,54.0,1008.8,13,2,0,0,0.0438793913888888,0.1296768010416665,0.0807019333790507,0.0856620406450064
a3986d20c19f33c7c107fw,2026-02-24 14:00:00,0.1009538621527776,31.0,55.0,1008.4,14,2,0,0,0.0878104384444443,0.069904445472222,0.0812495760335646,0.0858468586014383
a3986d20c19f33c7c107fw,2026-02-24 15:00:00,0.1129243659583332,32.0,51.0,1007.8,15,2,0,0,0.1015591312916664,0.1159627514166665,0.0817231274780091,0.0858287729737101
a3986d20c19f33c7c107fw,2026-02-24 16:00:00,0.129993581611111,29.6,59.0,1008.3,16,2,0,0,0.1042228783472219,0.1019778741666666,0.0827969067806711,0.0859955331370699
a3986d20c19f33c7c107fw,2026-02-24 17:00:00,0.0723038875277777,30.1,58.0,1008.5,17,2,0,0,0.1019356722499996,0.073389184361111,0.0815622490839119,0.0859890730368715
a3986d20c19f33c7c107fw,2026-02-24 18:00:00,0.0579419267777777,29.9,59.0,1009.0,18,2,0,0,0.0416478886666666,0.0440703364166666,0.0822411673385415,0.0860716420271162
a3986d20c19f33c7c107fw,2026-02-24 19:00:00,0.1013261097499996,29.0,63.0,1009.9,19,2,0,0,0.0737611182916665,0.0587320607777777,0.0833897086493054,0.0863251780329032
a3986d20c19f33c7c107fw,2026-02-24 20:00:00,0.1025391345833332,28.0,69.0,1010.4,20,2,0,0,0.0872304172222221,0.0747506976666666,0.084027571872685,0.0864905853955025
a3986d20c19f33c7c107fw,2026-02-24 21:00:00,0.1026886666666666,27.5,70.0,1011.2,21,2,0,0,0.132291768,0.1208172501388887,0.0827941093171294,0.0863826771605487
a3986d20c19f33c7c107fw,2026-02-24 22:00:00,0.134216731361111,27.1,72.0,1011.6,22,2,0,0,0.0996267859999998,0.0411593268888888,0.0842353570405091,0.0869365902824072
a3986d20c19f33c7c107fw,2026-02-24 23:00:00,0.0713007919999998,26.9,73.0,1011.5,23,2,0,0,0.0432913399999999,0.057929471111111,0.0854024175405091,0.0870161814781744
a3986d20c19f33c7c107fw,2026-02-25 00:00:00,0.0723086981805554,26.7,73.0,1011.5,0,3,0,0,0.0435038059999999,0.0735853691388887,0.0866026213813656,0.0870085822462796
a3986d20c19f33c7c107fw,2026-02-25 01:00:00,0.0731664787222221,26.5,74.0,1010.8,1,3,0,0,0.0586930666666666,0.1060056222361109,0.0872056802170137,0.086813111153935
a3986d20c19f33c7c107fw,2026-02-25 02:00:00,0.0889292382222221,26.5,74.0,1010.3,2,3,0,0,0.0738893421388887,0.104591716472222,0.0878323425538192,0.0867198821167326
a3986d20c19f33c7c107fw,2026-02-25 03:00:00,0.1343258208749999,26.4,74.0,1009.8,3,3,0,0,0.0738721681249999,0.1018353044999999,0.0903512447517359,0.0869132780475362
a3986d20c19f33c7c107fw,2026-02-25 04:00:00,0.0748977120833333,26.1,75.0,1009.6,4,3,0,0,0.0742708889999997,0.0439057219722222,0.0903773623802082,0.0870977541791499
a3986d20c19f33c7c107fw,2026-02-25 05:00:00,0.0447732836249998,25.9,76.0,1009.7,5,3,0,0,0.1005725809444442,0.0887371805555555,0.0880523916585646,0.0868360643164681
a3986d20c19f33c7c107fw,2026-02-25 06:00:00,0.0745776459444444,25.8,76.0,1010.5,6,3,0,0,0.0437521640416666,0.0741464962499999,0.0893367867378471,0.0868386306836969
a3986d20c19f33c7c107fw,2026-02-25 07:00:00,0.0892951877222221,26.0,75.0,1010.9,7,3,0,0,0.116736883972222,0.105982455486111,0.0881933827274304,0.0867393017089118
a3986d20c19f33c7c107fw,2026-02-25 08:00:00,0.072463139736111,26.8,71.0,1011.0,8,3,0,0,0.096549659486111,0.1049584073611109,0.087189777737847,0.0865458774968583
a3986d20c19f33c7c107fw,2026-02-25 09:00:00,0.119665518958333,28.3,63.0,1011.4,9,3,0,0,0.0686142981805555,0.0738976947222221,0.0893169119369211,0.0868183050220732
a3986d20c19f33c7c107fw,2026-02-25 10:00:00,0.0694597154999999,30.2,54.0,1011.5,10,3,0,0,0.0435090723888888,0.0739757390138887,0.0903981887332174,0.0867914239297286
a3986d20c19f33c7c107fw,2026-02-25 11:00:00,0.0688034317777777,31.4,49.0,1010.6,11,3,0,0,0.1018276934305554,0.0890592018333332,0.0890221778310183,0.0866708538698741
a3986d20c19f33c7c107fw,2026-02-25 12:00:00,0.1689114941111109,31.4,51.0,1009.7,12,3,0,0,0.0948995990138888,0.0736754575555554,0.0921060067934026,0.0872377350398477
a3986d20c19f33c7c107fw,2026-02-25 13:00:00,0.1001987456666665,32.5,46.0,1008.6,13,3,0,0,0.0727777391944443,0.1008790728333332,0.0932485487297452,0.0872336854733794
a3986d20c19f33c7c107fw,2026-02-25 14:00:00,0.0937873051527777,32.5,45.0,1007.9,14,3,0,0,0.1009538621527776,0.0681126153888888,0.0929499421880785,0.0873865110076883
a3986d20c19f33c7c107fw,2026-02-25 15:00:00,0.0720806628333332,32.9,44.0,1007.5,15,3,0,0,0.1129243659583332,0.0726303251666665,0.0912481212245369,0.0873832392080851
a3986d20c19f33c7c107fw,2026-02-25 16:00:00,0.1137784550555554,32.7,44.0,1007.3,16,3,0,0,0.129993581611111,0.1455770732499999,0.0905724909513887,0.0871939617188325
a3986d20c19f33c7c107fw,2026-02-25 17:00:00,0.1018275687499997,32.0,49.0,1007.4,17,3,0,0,0.0723038875277777,0.0726655282222221,0.091802644335648,0.0873675452934026
a3986d20c19f33c7c107fw,2026-02-25 18:00:00,0.0722503853333333,30.1,55.0,1007.9,18,3,0,0,0.0579419267777777,0.0733486639444442,0.0923988301087961,0.0873610079207174
a3986d20c19f33c7c107fw,2026-02-25 19:00:00,0.0762513532777776,28.6,59.0,1008.9,19,3,0,0,0.1013261097499996,0.0590917699999999,0.0913540485891202,0.0874631482973708
a3986d20c19f33c7c107fw,2026-02-25 20:00:00,0.0546199026388888,27.5,65.0,1009.9,20,3,0,0,0.1025391345833332,0.0740628919444444,0.0893574139247683,0.0873474162181711
a3986d20c19f33c7c107fw,2026-02-25 21:00:00,0.1409829359861107,27.0,68.0,1010.5,21,3,0,0,0.1026886666666666,0.1229301236944443,0.0909530084797452,0.0874548734341929
a3986d20c19f33c7c107fw,2026-02-25 22:00:00,0.095609272861111,26.5,71.0,1011.0,22,3,0,0,0.134216731361111,0.0698122086805555,0.0893443643755785,0.0876084273876486
a3986d20c19f33c7c107fw,2026-02-25 23:00:00,0.0954016910277777,26.1,73.0,1011.2,23,3,0,0,0.0713007919999998,0.0837271083333332,0.0903485685017359,0.087677918951306
a3986d20c19f33c7c107fw,2026-02-26 00:00:00,0.152856824722222,25.8,73.0,1011.0,0,4,0,0,0.0723086981805554,0.0984175884027776,0.093704740440972,0.0880019620246361
a3986d20c19f33c7c107fw,2026-02-26 01:00:00,0.0724420901111109,25.6,73.0,1010.2,1,4,0,0,0.0731664787222221,0.1269906602499998,0.0936745575821757,0.0876772681547617
a3986d20c19f33c7c107fw,2026-02-26 02:00:00,0.153445536,25.4,74.0,1009.7,2,4,0,0,0.0889292382222221,0.0725188741666666,0.0963627366562498,0.0881589744751982
a3986d20c19f33c7c107fw,2026-02-26 03:00:00,0.0681963969999999,25.3,74.0,1009.3,3,4,0,0,0.1343258208749999,0.0437192291666666,0.0936073439947915,0.0883046719027776
a3986d20c19f33c7c107fw,2026-02-26 04:00:00,0.0700713897222221,25.4,73.0,1009.4,4,4,0,0,0.0748977120833333,0.0590193225,0.0934062472297452,0.0883704580171956
a3986d20c19f33c7c107fw,2026-02-26 05:00:00,0.1415037733333332,25.4,73.0,1009.7,5,4,0,0,0.0447732836249998,0.074928853111111,0.0974366843009257,0.0887667373042326
a3986d20c19f33c7c107fw,2026-02-26 06:00:00,0.0695266879999998,25.2,74.0,1010.4,6,4,0,0,0.0745776459444444,0.1044010290277775,0.0972262277199072,0.088559151940972
a3986d20c19f33c7c107fw,2026-02-26 07:00:00,0.0699675911527776,25.4,73.0,1010.9,7,4,0,0,0.0892951877222221,0.0696837331388887,0.0964209111961804,0.0885608415720071
a3986d20c19f33c7c107fw,2026-02-26 08:00:00,0.0882200529166665,26.5,70.0,1011.3,8,4,0,0,0.072463139736111,0.0414608497777777,0.0970774492453702,0.0888391701621195
a3986d20c19f33c7c107fw,2026-02-26 09:00:00,0.0652596184999999,28.1,63.0,1011.4,9,4,0,0,0.119665518958333,0.0702358383749999,0.094810536726273,0.0888095498057207
a3986d20c19f33c7c107fw,2026-02-26 10:00:00,0.0906810638611109,29.5,57.0,1011.0,10,4,0,0,0.0694597154999999,0.0531810130694443,0.0956947595746526,0.0890327643937664
a3986d20c19f33c7c107fw,2026-02-26 11:00:00,0.0878854890277777,30.9,51.0,1009.6,11,4,0,0,0.0688034317777777,0.144722497958333,0.0964898452934026,0.0886944488644178
a3986d20c19f33c7c107fw,2026-02-26 12:00:00,0.0667379453888887,32.1,45.0,1008.4,12,4,0,0,0.1689114941111109,0.129925554083333,0.0922326140966433,0.0883183321459985
a3986d20c19f33c7c107fw,2026-02-26 13:00:00,0.1090937969999998,32.2,46.0,1007.2,13,4,0,0,0.1001987456666665,0.1032603004166665,0.0926032412355322,0.0883530553399469
a3986d20c19f33c7c107fw,2026-02-26 14:00:00,0.1547229239999997,31.5,51.0,1006.2,14,4,0,0,0.0937873051527777,0.0735043505555554,0.0951422253541665,0.0888364992294972
a3986d20c19f33c7c107fw,2026-02-26 15:00:00,0.0939517033888886,31.1,51.0,1005.4,15,4,0,0,0.0720806628333332,0.1024706315138886,0.0960535187106479,0.0887857913239912
a3986d20c19f33c7c107fw,2026-02-26 16:00:00,0.081713389722222,30.6,52.0,1005.2,16,4,0,0,0.1137784550555554,0.1160708257222221,0.094717474321759,0.0885812827763722
a3986d20c19f33c7c107fw,2026-02-26 17:00:00,0.1528943009999998,30.0,55.0,1005.6,17,4,0,0,0.1018275687499997,0.0926993484444443,0.0968452548321757,0.0889395860653933
a3986d20c19f33c7c107fw,2026-02-26 18:00:00,0.0712319974999999,28.7,59.0,1006.1,18,4,0,0,0.0722503853333333,0.0660153663333331,0.0968028220057868,0.0889706374413854
a3986d20c19f33c7c107fw,2026-02-26 19:00:00,0.0427493500555554,27.9,61.0,1006.7,19,4,0,0,0.0762513532777776,0.0415332400277776,0.0954069052048609,0.0889778761915507
a3986d20c19f33c7c107fw,2026-02-26 20:00:00,0.0570591528888888,27.4,67.0,1007.5,20,4,0,0,0.0546199026388888,0.039752090111111,0.0955085406319442,0.0890808944223708
a3986d20c19f33c7c107fw,2026-02-26 21:00:00,0.1006118947916665,26.9,69.0,1008.3,21,4,0,0,0.1409829359861107,0.0773693964999999,0.0938264139155091,0.0892192426264879
a3986d20c19f33c7c107fw,2026-02-26 22:00:00,0.1261638297777775,26.2,73.0,1008.6,22,4,0,0,0.095609272861111,0.1166330825555553,0.0950995204537035,0.0892759732647154
a3986d20c19f33c7c107fw,2026-02-26 23:00:00,0.0424793364166665,25.7,76.0,1008.5,23,4,0,0,0.0954016910277777,0.0662010957083332,0.0928944223449072,0.0891347723165507
a3986d20c19f33c7c107fw,2026-02-27 00:00:00,0.0867402647222221,25.2,78.0,1008.5,0,5,0,0,0.152856824722222,0.0677063288472221,0.0901395656782405,0.0892480695539019
a3986d20c19f33c7c107fw,2026-02-27 01:00:00,0.1009236587499998,24.7,78.0,1007.9,1,5,0,0,0.0724420901111109,0.0686297458749999,0.0913262977048609,0.0894402952257769
a3986d20c19f33c7c107fw,2026-02-27 02:00:00,0.1015477664305553,24.4,78.0,1007.2,2,5,0,0,0.153445536,0.0667975739444443,0.0891638906394674,0.0896471416096228
a3986d20c19f33c7c107fw,2026-02-27 03:00:00,0.071773731111111,24.2,79.0,1006.5,3,5,0,0,0.0681963969999999,0.0819938185138888,0.0893129462274304,0.0895863077560349
a3986d20c19f33c7c107fw,2026-02-27 04:00:00,0.0569902149999999,24.0,80.0,1007.2,4,5,0,0,0.0700713897222221,0.1031973422083331,0.0887678972806711,0.0893112653321757
a3986d20c19f33c7c107fw,2026-02-27 05:00:00,0.1023844818749999,24.0,81.0,1007.6,5,5,0,0,0.1415037733333332,0.0927432192916664,0.0871379268032405,0.0893686537999337
a3986d20c19f33c7c107fw,2026-02-27 06:00:00,0.0952294596527776,24.0,80.0,1008.5,6,5,0,0,0.0695266879999998,0.0381571591388888,0.0882088756221063,0.0897083698744211
a3986d20c19f33c7c107fw,2026-02-27 07:00:00,0.0673822833194444,24.0,79.0,1008.9,7,5,0,0,0.0699675911527776,0.0773854312499999,0.0881011544623841,0.0896488273272154
a3986d20c19f33c7c107fw,2026-02-27 08:00:00,0.0391967163888888,25.1,72.0,1009.1,8,5,0,0,0.0882200529166665,0.1018408577499999,0.0860585154403933,0.0892759455333993
a3986d20c19f33c7c107fw,2026-02-27 09:00:00,0.0798165224166665,27.0,63.0,1009.5,9,5,0,0,0.0652596184999999,0.105110309611111,0.0866650531035878,0.0891253872762895
a3986d20c19f33c7c107fw,2026-02-27 10:00:00,0.0667118417638888,28.8,58.0,1009.6,10,5,0,0,0.0906810638611109,0.1040923364444444,0.0856663355162035,0.0889028843317624
a3986d20c19f33c7c107fw,2026-02-27 11:00:00,0.1152992999305553,29.6,55.0,1008.6,11,5,0,0,0.0878854890277777,0.0748108631944443,0.0868085776371526,0.0891438869313821
a3986d20c19f33c7c107fw,2026-02-27 12:00:00,0.0653985706388887,30.3,54.0,1007.8,12,5,0,0,0.0667379453888887,0.0746234515972221,0.0867527703559026,0.0890889769256777
a3986d20c19f33c7c107fw,2026-02-27 13:00:00,0.1012544491111109,31.2,52.0,1006.8,13,5,0,0,0.1090937969999998,0.1133263662499999,0.0864261308605322,0.0890171202760415
a3986d20c19f33c7c107fw,2026-02-27 14:00:00,0.1255118002499999,31.3,51.0,1005.9,14,5,0,0,0.1547229239999997,0.1000121067222221,0.0852090007042822,0.0891689041660878
a3986d20c19f33c7c107fw,2026-02-27 15:00:00,0.0701987592083333,32.9,45.0,1004.9,15,5,0,0,0.0939517033888886,0.1038165099999999,0.0842192946967591,0.0889687985066136
a3986d20c19f33c7c107fw,2026-02-27 16:00:00,0.0845825047777776,32.5,46.0,1004.4,16,5,0,0,0.081713389722222,0.044202617236111,0.0843388411574072,0.0892091549800759
a3986d20c19f33c7c107fw,2026-02-27 17:00:00,0.1010846143194443,30.4,59.0,1004.9,17,5,0,0,0.1528943009999998,0.0445303788055554,0.0821801042123841,0.0895457873343252
a3986d20c19f33c7c107fw,2026-02-27 18:00:00,0.0958393989305553,29.5,60.0,1005.6,18,5,0,0,0.0712319974999999,0.0600087499999999,0.0832054126053239,0.0897590650065309
a3986d20c19f33c7c107fw,2026-02-27 19:00:00,0.0414104570138888,29.0,63.0,1006.3,19,5,0,0,0.0427493500555554,0.0750696681666664,0.0831496253952544,0.0895587125591929
a3986d20c19f33c7c107fw,2026-02-27 20:00:00,0.0670311382499999,28.1,64.0,1007.2,20,5,0,0,0.0570591528888888,0.0751252999444443,0.0835651247853007,0.0895105330252974
a3986d20c19f33c7c107fw,2026-02-27 21:00:00,0.0876508154444443,27.5,68.0,1007.8,21,5,0,0,0.1006118947916665,0.0879985088888887,0.0830250798124998,0.0895084634214614
a3986d20c19f33c7c107fw,2026-02-27 22:00:00,0.1018946242361109,26.7,71.0,1008.4,22,5,0,0,0.1261638297777775,0.0986319903888886,0.0820138629149304,0.0895278838610282
a3986d20c19f33c7c107fw,2026-02-27 23:00:00,0.098148375875,26.2,74.0,1008.6,23,5,0,0,0.0424793364166665,0.0717193286111109,0.0843334062256943,0.0896851996185514
a3986d20c19f33c7c107fw,2026-02-28 00:00:00,0.0432640802777777,26.0,75.0,1008.5,0,6,1,0,0.0867402647222221,0.0726351417638887,0.0825218985405091,0.0895103718716103
a3986d20c19f33c7c107fw,2026-02-28 01:00:00,0.1662009590416663,25.7,76.0,1008.3,1,6,1,0,0.1009236587499998,0.0586598649166666,0.0852417860526619,0.0901504974318781
a3986d20c19f33c7c107fw,2026-02-28 02:00:00,0.0385072283194444,25.3,78.0,1007.8,2,6,1,0,0.1015477664305553,0.0732479734166666,0.0826150969646989,0.0899437072824899
a3986d20c19f33c7c107fw,2026-02-28 03:00:00,0.1699992360277775,25.1,79.0,1007.6,3,6,1,0,0.071773731111111,0.0694777863888888,0.0867078263362267,0.0905420492446261
a3986d20c19f33c7c107fw,2026-02-28 04:00:00,0.0728908784722221,24.8,80.0,1007.5,4,6,1,0,0.0569902149999999,0.0738154275833332,0.0873703539809026,0.0905365459761076
a3986d20c19f33c7c107fw,2026-02-28 05:00:00,0.072961704861111,24.5,81.0,1008.0,5,6,1,0,0.1023844818749999,0.102609823597222,0.0861444049386572,0.0903600690788688
a3986d20c19f33c7c107fw,2026-02-28 06:00:00,0.0874843958333332,24.5,81.0,1008.9,6,6,1,0,0.0952294596527776,0.044802934625,0.0858216939461804,0.0906141253955851
a3986d20c19f33c7c107fw,2026-02-28 07:00:00,0.1343026124999997,24.8,77.0,1009.7,7,6,1,0,0.0673822833194444,0.1463671964166664,0.0886100409953702,0.0905423123960812
a3986d20c19f33c7c107fw,2026-02-28 08:00:00,0.0419335366388887,25.5,73.0,1010.4,8,6,1,0,0.0391967163888888,0.0986276454583331,0.0887240751724535,0.0902048474626321
a3986d20c19f33c7c107fw,2026-02-28 09:00:00,0.0874299836666666,27.5,63.0,1010.5,9,6,1,0,0.0798165224166665,0.0827359366527775,0.0890413027245368,0.0902327882186671
a3986d20c19f33c7c107fw,2026-02-28 10:00:00,0.1571916597222218,29.5,54.0,1010.7,10,6,1,0,0.0667118417638888,0.1586918051249998,0.0928112951394674,0.0902238587817458
a3986d20c19f33c7c107fw,2026-02-28 11:00:00,0.0695476349166664,31.2,45.0,1009.7,11,6,1,0,0.1152992999305553,0.0745102561666666,0.0909049757638887,0.0901943193695435
a3986d20c19f33c7c107fw,2026-02-28 12:00:00,0.1148613540833332,31.8,43.0,1008.5,12,6,1,0,0.0653985706388887,0.141103279611111,0.0929659250740739,0.0900381174318781
a3986d20c19f33c7c107fw,2026-02-28 13:00:00,0.1195552244305553,32.2,44.0,1007.2,13,6,1,0,0.1012544491111109,0.1012966048749998,0.0937284573790507,0.0901467996911374
a3986d20c19f33c7c107fw,2026-02-28 14:00:00,0.0642270308055553,32.4,44.0,1006.5,14,6,1,0,0.1255118002499999,0.1518664606944442,0.0911749253188655,0.0896251364179892
a3986d20c19f33c7c107fw,2026-02-28 15:00:00,0.1451911998333331,33.0,41.0,1005.6,15,6,1,0,0.0701987592083333,0.0733267267777777,0.0942996103449072,0.090052901138558
a3986d20c19f33c7c107fw,2026-02-28 16:00:00,0.100773192,33.0,40.0,1005.4,16,6,1,0,0.0845825047777776,0.1023134509999999,0.0949742223124998,0.0900437329302247
a3986d20c19f33c7c107fw,2026-02-28 17:00:00,0.0720389279999998,32.0,43.0,1005.9,17,6,1,0,0.1010846143194443,0.0715237097083332,0.093763985382523,0.0900467997057703
a3986d20c19f33c7c107fw,2026-02-28 18:00:00,0.0722326350277777,30.2,50.0,1006.7,18,6,1,0,0.0958393989305553,0.0712399811249999,0.0927803702199072,0.0900527083599535
a3986d20c19f33c7c107fw,2026-02-28 19:00:00,0.0879675411388888,28.8,55.0,1007.7,19,6,1,0,0.0414104570138888,0.0510699766388886,0.0947202487251155,0.0902723367200726
a3986d20c19f33c7c107fw,2026-02-28 20:00:00,0.1037553074583332,27.7,65.0,1008.5,20,6,1,0,0.0670311382499999,0.0659690877638888,0.0962504224421294,0.0904972546944442
a3986d20c19f33c7c107fw,2026-02-28 21:00:00,0.1043627312916665,27.1,67.0,1009.0,21,6,1,0,0.0876508154444443,0.0664951363055555,0.096946752269097,0.090722657045552
a3986d20c19f33c7c107fw,2026-02-28 22:00:00,0.1038202058333331,26.2,72.0,1009.2,22,6,1,0,0.1018946242361109,0.0656245319166666,0.0970269848356479,0.090950012247437
a3986d20c19f33c7c107fw,2026-02-28 23:00:00,0.0440430009444443,25.7,73.0,1009.4,23,6,1,0,0.098148375875,0.0947197219861109,0.0947725942135415,0.0906483650983794
a3986d20c19f33c7c107fw,2026-03-01 00:00:00,0.0437085564166666,25.5,73.0,1009.1,0,7,1,0,0.0432640802777777,0.0724785878194443,0.0947911140526618,0.0904771149114581
a3986d20c19f33c7c107fw,2026-03-01 01:00:00,0.1434431031388888,25.3,72.0,1008.6,1,7,1,0,0.1662009590416663,0.0644282990833333,0.0938428700567128,0.0909474411260745
a3986d20c19f33c7c107fw,2026-03-01 02:00:00,0.1251012973333332,25.2,71.0,1008.1,2,7,1,0,0.0385072283194444,0.0792326814305554,0.0974509562656248,0.0912204686016863
a3986d20c19f33c7c107fw,2026-03-01 03:00:00,0.0703625919999999,25.4,69.0,1007.6,3,7,1,0,0.1699992360277775,0.0920052389999999,0.0932994294311341,0.0910916433219244
a3986d20c19f33c7c107fw,2026-03-01 04:00:00,0.0406313106944443,25.1,71.0,1007.8,4,7,1,0,0.0728908784722221,0.1013611255555553,0.0919552807737267,0.0907301563287035
a3986d20c19f33c7c107fw,2026-03-01 05:00:00,0.0683434846805554,24.9,73.0,1008.0,5,7,1,0,0.072961704861111,0.1349881843611108,0.0917628549328702,0.0903334616877478
a3986d20c19f33c7c107fw,2026-03-01 06:00:00,0.0804894376388888,24.7,74.0,1009.0,6,7,1,0,0.0874843958333332,0.1003713254027775,0.091471398341435,0.0902151171177247
a3986d20c19f33c7c107fw,2026-03-01 07:00:00,0.1193883184444441,25.0,72.0,1009.9,7,7,1,0,0.1343026124999997,0.0723425347777776,0.0908499694224535,0.090495151544312
a3986d20c19f33c7c107fw,2026-03-01 08:00:00,0.0676194969583331,26.0,66.0,1010.5,8,7,1,0,0.0419335366388887,0.116344433472222,0.091920217769097,0.0902051221603007
a3986d20c19f33c7c107fw,2026-03-01 09:00:00,0.1018710047499997,27.8,58.0,1010.9,9,7,1,0,0.0874299836666666,0.1303035157499997,0.0925219269809026,0.090035881023396
a3986d20c19f33c7c107fw,2026-03-01 10:00:00,0.0946248572916666,29.4,53.0,1010.8,10,7,1,0,0.1571916597222218,0.1524621054027773,0.0899149768796294,0.0896916116894012
a3986d20c19f33c7c107fw,2026-03-01 11:00:00,0.1518063807499997,30.3,51.0,1009.9,11,7,1,0,0.0695476349166664,0.071957659611111,0.093342424622685,0.0901669016961804
a3986d20c19f33c7c107fw,2026-03-01 12:00:00,0.148863518972222,31.2,51.0,1009.0,12,7,1,0,0.1148613540833332,0.1560082748611109,0.0947591814930554,0.0901243733873179
a3986d20c19f33c7c107fw,2026-03-01 13:00:00,0.0247488807222222,31.5,50.0,1008.2,13,7,1,0,0.1195552244305553,0.1489533429444441,0.0908089171718748,0.0893850611121856
