device_id,timestamp,kWh,temperature,humidity,rainfall,hour_of_day,day_of_week,is_weekend,is_holiday,lag_24,lag_168,rolling_mean_24,rolling_mean_168
a3ed2fe218a724b4fepeni,2026-01-09 16:00:00,0.4478623499999998,28.5,61.0,0.1,16,5,0,0,0.3520136666666666,0.2366135,0.1110817440972221,0.1318119331845237
a3ed2fe218a724b4fepeni,2026-01-09 17:00:00,0.5076751583333331,27.9,64.0,0.1,17,5,0,0,0.3811230666666663,0.3104840583333331,0.1163547479166666,0.1329856897321427
a3ed2fe218a724b4fepeni,2026-01-09 18:00:00,0.5197959583333329,27.0,67.0,0.0,18,5,0,0,0.3902223166666664,0.3178968166666666,0.1217536496527776,0.1341874703373015
a3ed2fe218a724b4fepeni,2026-01-09 19:00:00,0.5139940083333333,26.5,70.0,0.0,19,5,0,0,0.3858667749999998,0.3143484916666663,0.1270922843749999,0.1353758365079364
a3ed2fe218a724b4fepeni,2026-01-09 20:00:00,0.484440125,26.2,70.0,0.0,20,5,0,0,0.3636799749999998,0.2962739583333333,0.1321239572916666,0.1364958732142856
a3ed2fe218a724b4fepeni,2026-01-09 21:00:00,0.0,26.0,70.0,0.2,21,5,0,0,0.0,0.0,0.1321239572916666,0.1364958732142856
a3ed2fe218a724b4fepeni,2026-01-09 22:00:00,0.0,25.4,74.0,0.2,22,5,0,0,0.0,0.0,0.1321239572916666,0.1364958732142856
a3ed2fe218a724b4fepeni,2026-01-09 23:00:00,0.0,25.2,75.0,0.1,23,5,0,0,0.0,0.0,0.1321239572916666,0.1364958732142856
a3ed2fe218a724b4fepeni,2026-01-10 00:00:00,0.0,25.0,77.0,0.0,0,6,1,0,0.0,0.0,0.1321239572916666,0.1364958732142856
a3ed2fe218a724b4fepeni,2026-01-10 01:00:00,0.0,25.0,78.0,0.0,1,6,1,0,0.0,0.0,0.1321239572916666,0.1364958732142856
a3ed2fe218a724b4fepeni,2026-01-10 02:00:00,0.0,24.7,81.0,0.0,2,6,1,0,0.0,0.0,0.1321239572916666,0.1364958732142856
a3ed2fe218a724b4fepeni,2026-01-10 03:00:00,0.0,24.3,81.0,0.4,3,6,1,0,0.0,0.0,0.1321239572916666,0.1364958732142856
a3ed2fe218a724b4fepeni,2026-01-10 04:00:00,0.0,24.2,78.0,0.0,4,6,1,0,0.0,0.0,0.1321239572916666,0.1364958732142856
a3ed2fe218a724b4fepeni,2026-01-10 05:00:00,0.0,23.9,79.0,0.1,5,6,1,0,0.0,0.0,0.1321239572916666,0.1364958732142856
a3ed2fe218a724b4fepeni,2026-01-10 06:00:00,0.0,23.6,83.0,0.5,6,6,1,0,0.0,0.0,0.1321239572916666,0.1364958732142856
a3ed2fe218a724b4fepeni,2026-01-10 07:00:00,0.0,23.8,82.0,0.2,7,6,1,0,0.0,0.0,0.1321239572916666,0.1364958732142856
a3ed2fe218a724b4fepeni,2026-01-10 08:00:00,0.0,24.0,86.0,0.0,8,6,1,0,0.0,0.0,0.1321239572916666,0.1364958732142856
a3ed2fe218a724b4fepeni,2026-01-10 09:00:00,0.0,25.2,79.0,0.1,9,6,1,0,0.0,0.0,0.1321239572916666,0.1364958732142856
a3ed2fe218a724b4fepeni,2026-01-10 10:00:00,0.0,27.4,65.0,0.0,10,6,1,0,0.0,0.0,0.1321239572916666,0.1364958732142856
a3ed2fe218a724b4fepeni,2026-01-10 11:00:00,0.0,29.0,59.0,0.0,11,6,1,0,0.0,0.0,0.1321239572916666,0.1364958732142856
a3ed2fe218a724b4fepeni,2026-01-10 12:00:00,0.0225918916666663,30.2,54.0,0.0,12,6,1,0,0.0169602583333331,0.0138167333333331,0.1323586086805555,0.1365481062996031
a3ed2fe218a724b4fepeni,2026-01-10 13:00:00,0.2334066333333333,30.3,55.0,0.0,13,6,1,0,0.1752235916666666,0.1427468666666666,0.1347829020833332,0.137087747767857
a3ed2fe218a724b4fepeni,2026-01-10 14:00:00,0.3190922916666663,27.7,67.0,0.0,14,6,1,0,0.2395496916666663,0.1951504916666663,0.1380971770833332,0.1378254965773808
a3ed2fe218a724b4fepeni,2026-01-10 15:00:00,0.3536245083333333,28.0,65.0,0.4,15,6,1,0,0.2654738333333333,0.2162697333333333,0.1417701218749999,0.1386430845238094
a3ed2fe218a724b4fepeni,2026-01-10 16:00:00,0.4811687416666663,27.2,70.0,0.3,16,6,1,0,0.4478623499999998,0.5769562083333332,0.1431578881944444,0.1380729210317459
a3ed2fe218a724b4fepeni,2026-01-10 17:00:00,0.5385795333333333,27.1,69.0,0.0,17,6,1,0,0.5076751583333331,0.6665995083333329,0.144445570486111,0.1373108973710316
a3ed2fe218a724b4fepeni,2026-01-10 18:00:00,0.5514381249999994,27.0,71.0,0.0,18,6,1,0,0.5197959583333329,0.6825146249999996,0.1457639940972221,0.1365306801091269
a3ed2fe218a724b4fepeni,2026-01-10 19:00:00,0.5452830249999999,26.6,75.0,0.0,19,6,1,0,0.5139940083333333,0.6748964666666664,0.1470677031249999,0.1357591715277777
a3ed2fe218a724b4fepeni,2026-01-10 20:00:00,0.5139300833333331,26.1,78.0,0.5,20,6,1,0,0.484440125,0.6360909499999998,0.1482964513888888,0.1350320235119046
a3ed2fe218a724b4fepeni,2026-01-10 21:00:00,0.0,26.1,82.0,0.0,21,6,1,0,0.0,0.0,0.1482964513888888,0.1350320235119046
a3ed2fe218a724b4fepeni,2026-01-10 22:00:00,0.0,26.1,83.0,0.0,22,6,1,0,0.0,0.0,0.1482964513888888,0.1350320235119046
a3ed2fe218a724b4fepeni,2026-01-10 23:00:00,0.0,26.1,82.0,0.0,23,6,1,0,0.0,0.0,0.1482964513888888,0.1350320235119046
a3ed2fe218a724b4fepeni,2026-01-11 00:00:00,0.0,26.0,82.0,0.0,0,7,1,0,0.0,0.0,0.1482964513888888,0.1350320235119046
a3ed2fe218a724b4fepeni,2026-01-11 01:00:00,0.0,26.0,84.0,0.0,1,7,1,0,0.0,0.0,0.1482964513888888,0.1350320235119046
a3ed2fe218a724b4fepeni,2026-01-11 02:00:00,0.0,25.4,86.0,0.0,2,7,1,0,0.0,0.0,0.1482964513888888,0.1350320235119046
a3ed2fe218a724b4fepeni,2026-01-11 03:00:00,0.0,25.2,85.0,0.0,3,7,1,0,0.0,0.0,0.1482964513888888,0.1350320235119046
a3ed2fe218a724b4fepeni,2026-01-11 04:00:00,0.0,25.0,84.0,0.0,4,7,1,0,0.0,0.0,0.1482964513888888,0.1350320235119046
a3ed2fe218a724b4fepeni,2026-01-11 05:00:00,0.0,24.9,82.0,0.0,5,7,1,0,0.0,0.0,0.1482964513888888,0.1350320235119046
a3ed2fe218a724b4fepeni,2026-01-11 06:00:00,0.0,24.9,80.0,0.0,6,7,1,0,0.0,0.0,0.1482964513888888,0.1350320235119046
a3ed2fe218a724b4fepeni,2026-01-11 07:00:00,0.0,25.0,79.0,0.0,7,7,1,0,0.0,0.0,0.1482964513888888,0.1350320235119046
a3ed2fe218a724b4fepeni,2026-01-11 08:00:00,0.0,25.5,77.0,0.0,8,7,1,0,0.0,0.0,0.1482964513888888,0.1350320235119046
a3ed2fe218a724b4fepeni,2026-01-11 09:00:00,0.0,27.3,67.0,0.0,9,7,1,0,0.0,0.0,0.1482964513888888,0.1350320235119046
a3ed2fe218a724b4fepeni,2026-01-11 10:00:00,0.0,28.9,60.0,0.0,10,7,1,0,0.0,0.0,0.1482964513888888,0.1350320235119046
a3ed2fe218a724b4fepeni,2026-01-11 11:00:00,0.0,30.2,53.0,0.0,11,7,1,0,0.0,0.0,0.1482964513888888,0.1350320235119046
a3ed2fe218a724b4fepeni,2026-01-11 12:00:00,0.0239671666666663,30.5,52.0,0.0,12,7,1,0,0.0225918916666663,0.0296641583333331,0.1483537545138888,0.1349981128472221
a3ed2fe218a724b4fepeni,2026-01-11 13:00:00,0.2476150499999996,29.9,56.0,0.2,13,7,1,0,0.2334066333333333,0.3058602499999995,0.1489457718749998,0.1346514152281745
a3ed2fe218a724b4fepeni,2026-01-11 14:00:00,0.3385168249999996,29.9,59.0,0.2,14,7,1,0,0.3190922916666663,0.4189820916666663,0.1497551274305554,0.1341724553075396
a3ed2fe218a724b4fepeni,2026-01-11 15:00:00,0.3751511666666665,30.4,60.0,0.0,15,7,1,0,0.3536245083333333,0.4643243583333333,0.1506520715277776,0.1336416624999999
a3ed2fe218a724b4fepeni,2026-01-11 16:00:00,0.5101018499999999,27.25,76.5,7.2,16,7,1,0,0.4811687416666663,0.501564,0.1518576177083332,0.1336924830357142
a3ed2fe218a724b4fepeni,2026-01-11 17:00:00,0.5709384999999998,24.1,93.0,1.6,17,7,1,0,0.5385795333333333,0.5518240833333331,0.153205907986111,0.1338062593253967
a3ed2fe218a724b4fepeni,2026-01-11 18:00:00,0.5845696583333331,25.1,89.0,0.0,18,7,1,0,0.5514381249999994,0.564998933333333,0.1545863885416665,0.133922751736111
a3ed2fe218a724b4fepeni,2026-01-11 19:00:00,0.5780448416666665,25.9,85.0,0.0,19,7,1,0,0.5452830249999999,0.5586924499999996,0.155951464236111,0.1340379445436507
a3ed2fe218a724b4fepeni,2026-01-11 20:00:00,0.5448080916666665,27.1,74.0,0.0,20,7,1,0,0.5139300833333331,0.5265684666666666,0.1572380479166666,0.1341465137400793
a3ed2fe218a724b4fepeni,2026-01-11 21:00:00,0.0,27.1,69.0,0.0,21,7,1,0,0.0,0.0,0.1572380479166666,0.1341465137400793
a3ed2fe218a724b4fepeni,2026-01-11 22:00:00,0.0,26.8,68.0,0.0,22,7,1,0,0.0,0.0,0.1572380479166666,0.1341465137400793
a3ed2fe218a724b4fepeni,2026-01-11 23:00:00,0.0,26.1,69.0,0.0,23,7,1,0,0.0,0.0,0.1572380479166666,0.1341465137400793
a3ed2fe218a724b4fepeni,2026-01-12 00:00:00,0.0,25.7,71.0,0.0,0,1,0,0,0.0,0.0,0.1572380479166666,0.1341465137400793
a3ed2fe218a724b4fepeni,2026-01-12 01:00:00,0.0,25.1,75.0,0.0,1,1,0,0,0.0,0.0,0.1572380479166666,0.1341465137400793
a3ed2fe218a724b4fepeni,2026-01-12 02:00:00,0.0,25.2,76.0,0.0,2,1,0,0,0.0,0.0,0.1572380479166666,0.1341465137400793
a3ed2fe218a724b4fepeni,2026-01-12 03:00:00,0.0,24.6,79.0,0.1,3,1,0,0,0.0,0.0,0.1572380479166666,0.1341465137400793
a3ed2fe218a724b4fepeni,2026-01-12 04:00:00,0.0,24.2,81.0,0.0,4,1,0,0,0.0,0.0,0.1572380479166666,0.1341465137400793
a3ed2fe218a724b4fepeni,2026-01-12 05:00:00,0.0,24.1,79.0,0.0,5,1,0,0,0.0,0.0,0.1572380479166666,0.1341465137400793
a3ed2fe218a724b4fepeni,2026-01-12 06:00:00,0.0,24.0,79.0,0.0,6,1,0,0,0.0,0.0,0.1572380479166666,0.1341465137400793
a3ed2fe218a724b4fepeni,2026-01-12 07:00:00,0.0,24.0,79.0,0.0,7,1,0,0,0.0,0.0,0.1572380479166666,0.1341465137400793
a3ed2fe218a724b4fepeni,2026-01-12 08:00:00,0.0,25.4,71.0,0.0,8,1,0,0,0.0,0.0,0.1572380479166666,0.1341465137400793
a3ed2fe218a724b4fepeni,2026-01-12 09:00:00,0.0,26.5,65.0,0.0,9,1,0,0,0.0,0.0,0.1572380479166666,0.1341465137400793
a3ed2fe218a724b4fepeni,2026-01-12 10:00:00,0.0,27.6,61.0,0.0,10,1,0,0,0.0,0.0,0.1572380479166666,0.1341465137400793
a3ed2fe218a724b4fepeni,2026-01-12 11:00:00,0.0,28.6,56.0,0.0,11,1,0,0,0.0,0.0,0.1572380479166666,0.1341465137400793
a3ed2fe218a724b4fepeni,2026-01-12 12:00:00,0.0254071583333331,29.1,54.0,0.0,12,1,0,0,0.0239671666666663,0.024556583333333,0.1572980475694443,0.1341515766865078
a3ed2fe218a724b4fepeni,2026-01-12 13:00:00,0.262492283333333,29.3,54.0,0.0,13,1,0,0,0.2476150499999996,0.2534108333333329,0.1579179322916666,0.1342056329365078
a3ed2fe218a724b4fepeni,2026-01-12 14:00:00,0.3588556833333333,29.9,53.0,0.0,14,1,0,0,0.3385168249999996,0.3468415166666665,0.1587653847222221,0.1342771458333332
a3ed2fe218a724b4fepeni,2026-01-12 15:00:00,0.3976910166666663,30.5,51.0,0.0,15,1,0,0,0.3751511666666665,0.3843767499999997,0.1597045451388888,0.1343563974206348
a3ed2fe218a724b4fepeni,2026-01-12 16:00:00,0.4971962583333333,30.1,52.0,0.0,16,1,0,0,0.5101018499999999,0.4306918666666666,0.1591668121527777,0.1347522568948412
a3ed2fe218a724b4fepeni,2026-01-12 17:00:00,0.5532862166666663,29.1,57.0,0.0,17,1,0,0,0.5709384999999998,0.475285825,0.1584313003472221,0.1352165449404761
a3ed2fe218a724b4fepeni,2026-01-12 18:00:00,0.5664959916666664,27.9,60.0,0.0,18,1,0,0,0.5845696583333331,0.486633275,0.1576782309027777,0.1356919182539681
a3ed2fe218a724b4fepeni,2026-01-12 19:00:00,0.560172858333333,27.3,63.0,0.0,19,1,0,0,0.5780448416666665,0.4812015416666663,0.1569335649305554,0.1361619856150792
a3ed2fe218a724b4fepeni,2026-01-12 20:00:00,0.5279637499999996,25.0,78.0,0.0,20,1,0,0,0.5448080916666665,0.4535331666666665,0.156231717361111,0.1366050248015872
a3ed2fe218a724b4fepeni,2026-01-12 21:00:00,0.0,25.4,78.0,0.0,21,1,0,0,0.0,0.0,0.156231717361111,0.1366050248015872
a3ed2fe218a724b4fepeni,2026-01-12 22:00:00,0.0,25.4,77.0,0.0,22,1,0,0,0.0,0.0,0.156231717361111,0.1366050248015872
a3ed2fe218a724b4fepeni,2026-01-12 23:00:00,0.0,25.2,79.0,0.0,23,1,0,0,0.0,0.0,0.156231717361111,0.1366050248015872
a3ed2fe218a724b4fepeni,2026-01-13 00:00:00,0.0,25.0,81.0,0.0,0,2,0,0,0.0,0.0,0.156231717361111,0.1366050248015872
a3ed2fe218a724b4fepeni,2026-01-13 01:00:00,0.0,24.7,84.0,0.0,1,2,0,0,0.0,0.0,0.156231717361111,0.1366050248015872
a3ed2fe218a724b4fepeni,2026-01-13 02:00:00,0.0,24.5,82.0,0.0,2,2,0,0,0.0,0.0,0.156231717361111,0.1366050248015872
a3ed2fe218a724b4fepeni,2026-01-13 03:00:00,0.0,24.2,85.0,0.0,3,2,0,0,0.0,0.0,0.156231717361111,0.1366050248015872
a3ed2fe218a724b4fepeni,2026-01-13 04:00:00,0.0,24.0,86.0,0.0,4,2,0,0,0.0,0.0,0.156231717361111,0.1366050248015872
a3ed2fe218a724b4fepeni,2026-01-13 05:00:00,0.0,23.9,86.0,0.0,5,2,0,0,0.0,0.0,0.156231717361111,0.1366050248015872
a3ed2fe218a724b4fepeni,2026-01-13 06:00:00,0.0,24.0,85.0,0.0,6,2,0,0,0.0,0.0,0.156231717361111,0.1366050248015872
a3ed2fe218a724b4fepeni,2026-01-13 07:00:00,0.0,24.2,82.0,0.0,7,2,0,0,0.0,0.0,0.156231717361111,0.1366050248015872
a3ed2fe218a724b4fepeni,2026-01-13 08:00:00,0.0,24.4,84.0,0.0,8,2,0,0,0.0,0.0,0.156231717361111,0.1366050248015872
a3ed2fe218a724b4fepeni,2026-01-13 09:00:00,0.0,25.2,80.0,0.0,9,2,0,0,0.0,0.0,0.156231717361111,0.1366050248015872
a3ed2fe218a724b4fepeni,2026-01-13 10:00:00,0.0,26.5,75.0,0.0,10,2,0,0,0.0,0.0,0.156231717361111,0.1366050248015872
a3ed2fe218a724b4fepeni,2026-01-13 11:00:00,0.0,27.2,70.0,0.1,11,2,0,0,0.0,0.0,0.156231717361111,0.1366050248015872
a3ed2fe218a724b4fepeni,2026-01-13 12:00:00,0.0246216666666663,27.4,72.0,0.2,12,2,0,0,0.0254071583333331,0.0211506166666663,0.1561989885416665,0.136625685813492
a3ed2fe218a724b4fepeni,2026-01-13 13:00:00,0.2543765749999996,28.1,69.0,0.1,13,2,0,0,0.262492283333333,0.2185154416666665,0.1558608340277776,0.136839144940476
a3ed2fe218a724b4fepeni,2026-01-13 14:00:00,0.3477605499999996,28.8,66.0,0.1,14,2,0,0,0.3588556833333333,0.2987344833333329,0.1553985368055554,0.1371309667658729
a3ed2fe218a724b4fepeni,2026-01-13 15:00:00,0.3853952916666664,28.7,66.0,0.1,15,2,0,0,0.3976910166666663,0.3310635249999996,0.1548862149305554,0.1374543701388887
a3ed2fe218a724b4fepeni,2026-01-13 16:00:00,0.4949252416666665,28.4,68.0,0.2,16,2,0,0,0.4971962583333333,0.3053452833333328,0.154791589236111,0.1385828222718253
a3ed2fe218a724b4fepeni,2026-01-13 17:00:00,0.5518084,28.0,71.0,0.0,17,2,0,0,0.5532862166666663,0.331097425,0.1547300135416665,0.1398965780753967
a3ed2fe218a724b4fepeni,2026-01-13 18:00:00,0.5649828583333332,27.3,77.0,0.0,18,2,0,0,0.5664959916666664,0.3390024333333331,0.1546669663194443,0.1412416996527776
a3ed2fe218a724b4fepeni,2026-01-13 19:00:00,0.5586766249999998,26.6,81.0,0.0,19,2,0,0,0.560172858333333,0.3352184583333329,0.1546046232638888,0.1425718077876983
a3ed2fe218a724b4fepeni,2026-01-13 20:00:00,0.5265534916666665,26.6,83.0,0.0,20,2,0,0,0.5279637499999996,0.3159439499999996,0.1545458624999999,0.1438254360119046
a3ed2fe218a724b4fepeni,2026-01-13 21:00:00,0.0,26.9,80.0,0.0,21,2,0,0,0.0,0.0,0.1545458624999999,0.1438254360119046
a3ed2fe218a724b4fepeni,2026-01-13 22:00:00,0.0,26.5,84.0,0.0,22,2,0,0,0.0,0.0,0.1545458624999999,0.1438254360119046
a3ed2fe218a724b4fepeni,2026-01-13 23:00:00,0.0,26.0,88.0,0.0,23,2,0,0,0.0,0.0,0.1545458624999999,0.1438254360119046
a3ed2fe218a724b4fepeni,2026-01-14 00:00:00,0.0,25.5,90.0,0.0,0,3,0,0,0.0,0.0,0.1545458624999999,0.1438254360119046
a3ed2fe218a724b4fepeni,2026-01-14 01:00:00,0.0,25.1,91.0,0.0,1,3,0,0,0.0,0.0,0.1545458624999999,0.1438254360119046
a3ed2fe218a724b4fepeni,2026-01-14 02:00:00,0.0,24.4,92.0,0.0,2,3,0,0,0.0,0.0,0.1545458624999999,0.1438254360119046
a3ed2fe218a724b4fepeni,2026-01-14 03:00:00,0.0,24.4,93.0,0.0,3,3,0,0,0.0,0.0,0.1545458624999999,0.1438254360119046
a3ed2fe218a724b4fepeni,2026-01-14 04:00:00,0.0,24.2,93.0,0.0,4,3,0,0,0.0,0.0,0.1545458624999999,0.1438254360119046
a3ed2fe218a724b4fepeni,2026-01-14 05:00:00,0.0,24.4,93.0,0.0,5,3,0,0,0.0,0.0,0.1545458624999999,0.1438254360119046
a3ed2fe218a724b4fepeni,2026-01-14 06:00:00,0.0,24.2,93.0,0.0,6,3,0,0,0.0,0.0,0.1545458624999999,0.1438254360119046
a3ed2fe218a724b4fepeni,2026-01-14 07:00:00,0.0,24.2,94.0,0.0,7,3,0,0,0.0,0.0,0.1545458624999999,0.1438254360119046
a3ed2fe218a724b4fepeni,2026-01-14 08:00:00,0.0,25.0,87.0,0.0,8,3,0,0,0.0,0.0,0.1545458624999999,0.1438254360119046
a3ed2fe218a724b4fepeni,2026-01-14 09:00:00,0.0,25.9,84.0,0.1,9,3,0,0,0.0,0.0,0.1545458624999999,0.1438254360119046
a3ed2fe218a724b4fepeni,2026-01-14 10:00:00,0.0,26.2,81.0,0.1,10,3,0,0,0.0,0.0,0.1545458624999999,0.1438254360119046
a3ed2fe218a724b4fepeni,2026-01-14 11:00:00,0.0,26.7,79.0,0.1,11,3,0,0,0.0,0.0,0.1545458624999999,0.1438254360119046
a3ed2fe218a724b4fepeni,2026-01-14 12:00:00,0.02455585,27.6,75.0,0.0,12,3,0,0,0.0246216666666663,0.014734133333333,0.1545431201388888,0.143883898611111
a3ed2fe218a724b4fepeni,2026-01-14 13:00:00,0.2536971166666663,29.0,70.0,0.0,13,3,0,0,0.2543765749999996,0.1522239916666666,0.1545148093749999,0.1444879053075396
a3ed2fe218a724b4fepeni,2026-01-14 14:00:00,0.3468316999999996,28.8,68.0,0.1,14,3,0,0,0.3477605499999996,0.2081067583333331,0.1544761072916666,0.1453136490079364
a3ed2fe218a724b4fepeni,2026-01-14 15:00:00,0.3843658333333333,29.8,61.0,0.1,15,3,0,0,0.3853952916666664,0.2306281499999998,0.1544332131944444,0.1462287542658729
a3ed2fe218a724b4fepeni,2026-01-14 16:00:00,0.5380186833333331,29.6,57.0,0.2,16,3,0,0,0.4949252416666665,0.4856348166666661,0.1562287732638888,0.1465405629960316
a3ed2fe218a724b4fepeni,2026-01-14 17:00:00,0.6033180083333329,27.9,65.0,0.0,17,3,0,0,0.5518084,0.5562236749999995,0.1583750069444443,0.1468208864087301
a3ed2fe218a724b4fepeni,2026-01-14 18:00:00,0.6177222583333333,26.6,72.0,0.0,18,3,0,0,0.5649828583333332,0.5695034999999999,0.1605724819444443,0.1471079028273808
a3ed2fe218a724b4fepeni,2026-01-14 19:00:00,0.6108273,26.2,75.0,0.0,19,3,0,0,0.5586766249999998,0.5631468,0.162745426736111,0.1473917153273808
a3ed2fe218a724b4fepeni,2026-01-14 20:00:00,0.5757056916666663,25.0,80.0,0.0,20,3,0,0,0.5265534916666665,0.5307666833333331,0.1647934350694443,0.1476592094246031
a3ed2fe218a724b4fepeni,2026-01-14 21:00:00,0.0,25.2,78.0,0.2,21,3,0,0,0.0,0.0,0.1647934350694443,0.1476592094246031
a3ed2fe218a724b4fepeni,2026-01-14 22:00:00,0.0,24.5,84.0,0.3,22,3,0,0,0.0,0.0,0.1647934350694443,0.1476592094246031
a3ed2fe218a724b4fepeni,2026-01-14 23:00:00,0.0,24.2,87.0,0.6,23,3,0,0,0.0,0.0,0.1647934350694443,0.1476592094246031
a3ed2fe218a724b4fepeni,2026-01-15 00:00:00,0.0,24.4,86.0,0.0,0,4,0,0,0.0,0.0,0.1647934350694443,0.1476592094246031
a3ed2fe218a724b4fepeni,2026-01-15 01:00:00,0.0,24.2,88.0,0.0,1,4,0,0,0.0,0.0,0.1647934350694443,0.1476592094246031
a3ed2fe218a724b4fepeni,2026-01-15 02:00:00,0.0,24.1,88.0,0.0,2,4,0,0,0.0,0.0,0.1647934350694443,0.1476592094246031
a3ed2fe218a724b4fepeni,2026-01-15 03:00:00,0.0,24.1,88.0,0.0,3,4,0,0,0.0,0.0,0.1647934350694443,0.1476592094246031
a3ed2fe218a724b4fepeni,2026-01-15 04:00:00,0.0,24.1,88.0,0.0,4,4,0,0,0.0,0.0,0.1647934350694443,0.1476592094246031
a3ed2fe218a724b4fepeni,2026-01-15 05:00:00,0.0,23.9,89.0,0.0,5,4,0,0,0.0,0.0,0.1647934350694443,0.1476592094246031
a3ed2fe218a724b4fepeni,2026-01-15 06:00:00,0.0,23.6,90.0,0.0,6,4,0,0,0.0,0.0,0.1647934350694443,0.1476592094246031
a3ed2fe218a724b4fepeni,2026-01-15 07:00:00,0.0,23.7,90.0,0.0,7,4,0,0,0.0,0.0,0.1647934350694443,0.1476592094246031
a3ed2fe218a724b4fepeni,2026-01-15 08:00:00,0.0,24.4,90.0,0.0,8,4,0,0,0.0,0.0,0.1647934350694443,0.1476592094246031
a3ed2fe218a724b4fepeni,2026-01-15 09:00:00,0.0,25.0,85.0,0.0,9,4,0,0,0.0,0.0,0.1647934350694443,0.1476592094246031
a3ed2fe218a724b4fepeni,2026-01-15 10:00:00,0.0,26.0,79.0,0.1,10,4,0,0,0.0,0.0,0.1647934350694443,0.1476592094246031
a3ed2fe218a724b4fepeni,2026-01-15 11:00:00,0.0,27.0,73.0,0.2,11,4,0,0,0.0,0.0,0.1647934350694443,0.1476592094246031
a3ed2fe218a724b4fepeni,2026-01-15 12:00:00,0.0268480666666663,27.5,69.0,0.1,12,4,0,0,0.02455585,0.0247523833333331,0.1648889440972221,0.1476716837301586
a3ed2fe218a724b4fepeni,2026-01-15 13:00:00,0.2773789499999996,28.1,67.0,0.4,13,4,0,0,0.2536971166666663,0.2545334999999997,0.1658756871527777,0.1478076685515872
a3ed2fe218a724b4fepeni,2026-01-15 14:00:00,0.3792073083333332,28.1,67.0,0.3,14,4,0,0,0.3468316999999996,0.3496068583333331,0.1672246708333332,0.1479838617063491
a3ed2fe218a724b4fepeni,2026-01-15 15:00:00,0.4202452416666663,28.2,66.0,0.3,15,4,0,0,0.3843658333333333,0.3874413249999998,0.1687196461805554,0.1481791231150792
a3ed2fe218a724b4fepeni,2026-01-15 16:00:00,0.4460538583333333,28.4,65.0,0.0,16,4,0,0,0.5380186833333331,0.3520136666666666,0.1648877784722221,0.1487388861607141
a3ed2fe218a724b4fepeni,2026-01-15 17:00:00,0.4900195,28.2,65.0,0.0,17,4,0,0,0.6033180083333329,0.3811230666666663,0.1601670072916665,0.1493870792162697
a3ed2fe218a724b4fepeni,2026-01-15 18:00:00,0.5017188,27.3,72.0,0.0,18,4,0,0,0.6177222583333333,0.3902223166666664,0.155333529861111,0.1500507487599205
a3ed2fe218a724b4fepeni,2026-01-15 19:00:00,0.4961187083333331,26.6,78.0,0.0,19,4,0,0,0.6108273,0.3858667749999998,0.1505540052083332,0.150707010267857
a3ed2fe218a724b4fepeni,2026-01-15 20:00:00,0.4675925749999998,26.5,78.0,0.0,20,4,0,0,0.5757056916666663,0.3636799749999998,0.1460492920138888,0.1513255376488094
a3ed2fe218a724b4fepeni,2026-01-15 21:00:00,0.0,25.8,82.0,0.0,21,4,0,0,0.0,0.0,0.1460492920138888,0.1513255376488094
a3ed2fe218a724b4fepeni,2026-01-15 22:00:00,0.0,25.5,84.0,0.0,22,4,0,0,0.0,0.0,0.1460492920138888,0.1513255376488094
a3ed2fe218a724b4fepeni,2026-01-15 23:00:00,0.0,25.1,86.0,0.0,23,4,0,0,0.0,0.0,0.1460492920138888,0.1513255376488094
a3ed2fe218a724b4fepeni,2026-01-16 00:00:00,0.0,24.9,88.0,0.0,0,5,0,0,0.0,0.0,0.1460492920138888,0.1513255376488094
a3ed2fe218a724b4fepeni,2026-01-16 01:00:00,0.0,24.8,90.0,0.0,1,5,0,0,0.0,0.0,0.1460492920138888,0.1513255376488094
a3ed2fe218a724b4fepeni,2026-01-16 02:00:00,0.0,24.5,91.0,0.0,2,5,0,0,0.0,0.0,0.1460492920138888,0.1513255376488094
a3ed2fe218a724b4fepeni,2026-01-16 03:00:00,0.0,24.7,87.0,0.0,3,5,0,0,0.0,0.0,0.1460492920138888,0.1513255376488094
a3ed2fe218a724b4fepeni,2026-01-16 04:00:00,0.0,24.6,82.0,0.0,4,5,0,0,0.0,0.0,0.1460492920138888,0.1513255376488094
a3ed2fe218a724b4fepeni,2026-01-16 05:00:00,0.0,24.1,82.0,0.0,5,5,0,0,0.0,0.0,0.1460492920138888,0.1513255376488094
a3ed2fe218a724b4fepeni,2026-01-16 06:00:00,0.0,23.8,84.0,0.0,6,5,0,0,0.0,0.0,0.1460492920138888,0.1513255376488094
a3ed2fe218a724b4fepeni,2026-01-16 07:00:00,0.0,23.7,84.0,0.0,7,5,0,0,0.0,0.0,0.1460492920138888,0.1513255376488094
a3ed2fe218a724b4fepeni,2026-01-16 08:00:00,0.0,24.7,82.0,0.0,8,5,0,0,0.0,0.0,0.1460492920138888,0.1513255376488094
a3ed2fe218a724b4fepeni,2026-01-16 09:00:00,0.0,26.3,74.0,0.0,9,5,0,0,0.0,0.0,0.1460492920138888,0.1513255376488094
a3ed2fe218a724b4fepeni,2026-01-16 10:00:00,0.0,27.8,66.0,0.0,10,5,0,0,0.0,0.0,0.1460492920138888,0.1513255376488094
a3ed2fe218a724b4fepeni,2026-01-16 11:00:00,0.0,29.5,56.0,0.0,11,5,0,0,0.0,0.0,0.1460492920138888,0.1513255376488094
a3ed2fe218a724b4fepeni,2026-01-16 12:00:00,0.0218062166666663,30.6,49.0,0.0,12,5,0,0,0.0268480666666663,0.0169602583333331,0.1458392149305555,0.1513543826388887
a3ed2fe218a724b4fepeni,2026-01-16 13:00:00,0.2252893499999996,31.1,46.0,0.0,13,5,0,0,0.2773789499999996,0.1752235916666666,0.1436688149305554,0.1516523931051586
a3ed2fe218a724b4fepeni,2026-01-16 14:00:00,0.3079950916666664,30.6,45.0,0.0,14,5,0,0,0.3792073083333332,0.2395496916666663,0.140701639236111,0.1520598062003967
a3ed2fe218a724b4fepeni,2026-01-16 15:00:00,0.3413264083333329,30.6,45.0,0.0,15,5,0,0,0.4202452416666663,0.2654738333333333,0.1374133545138888,0.1525113096230158
a3ed2fe218a724b4fepeni,2026-01-16 16:00:00,0.5097306166666665,30.4,45.0,0.0,16,5,0,0,0.4460538583333333,0.4478623499999998,0.1400665527777777,0.1528795731150792
a3ed2fe218a724b4fepeni,2026-01-16 17:00:00,0.5738827166666667,29.8,48.0,0.0,17,5,0,0,0.4900195,0.5076751583333331,0.1435608534722221,0.1532736657242062
a3ed2fe218a724b4fepeni,2026-01-16 18:00:00,0.5875842416666663,28.9,54.0,0.0,18,5,0,0,0.5017188,0.5197959583333329,0.1471385802083332,0.1536771674107142
a3ed2fe218a724b4fepeni,2026-01-16 19:00:00,0.5810256999999995,28.0,64.0,0.0,19,5,0,0,0.4961187083333331,0.5139940083333333,0.1506763715277776,0.1540761655753967
a3ed2fe218a724b4fepeni,2026-01-16 20:00:00,0.5476175583333333,26.6,67.0,0.0,20,5,0,0,0.4675925749999998,0.484440125,0.1540107458333332,0.1544522217261904
a3ed2fe218a724b4fepeni,2026-01-16 21:00:00,0.0,26.2,70.0,0.0,21,5,0,0,0.0,0.0,0.1540107458333332,0.1544522217261904
a3ed2fe218a724b4fepeni,2026-01-16 22:00:00,0.0,26.1,70.0,0.0,22,5,0,0,0.0,0.0,0.1540107458333332,0.1544522217261904
a3ed2fe218a724b4fepeni,2026-01-16 23:00:00,0.0,26.1,70.0,0.0,23,5,0,0,0.0,0.0,0.1540107458333332,0.1544522217261904
a3ed2fe218a724b4fepeni,2026-01-17 00:00:00,0.0,25.8,73.0,0.0,0,6,1,0,0.0,0.0,0.1540107458333332,0.1544522217261904
a3ed2fe218a724b4fepeni,2026-01-17 01:00:00,0.0,25.6,74.0,0.0,1,6,1,0,0.0,0.0,0.1540107458333332,0.1544522217261904
a3ed2fe218a724b4fepeni,2026-01-17 02:00:00,0.0,25.0,77.0,0.0,2,6,1,0,0.0,0.0,0.1540107458333332,0.1544522217261904
a3ed2fe218a724b4fepeni,2026-01-17 03:00:00,0.0,25.0,77.0,0.0,3,6,1,0,0.0,0.0,0.1540107458333332,0.1544522217261904
a3ed2fe218a724b4fepeni,2026-01-17 04:00:00,0.0,24.7,78.0,0.0,4,6,1,0,0.0,0.0,0.1540107458333332,0.1544522217261904
a3ed2fe218a724b4fepeni,2026-01-17 05:00:00,0.0,24.2,81.0,0.0,5,6,1,0,0.0,0.0,0.1540107458333332,0.1544522217261904
a3ed2fe218a724b4fepeni,2026-01-17 06:00:00,0.0,24.0,80.0,0.0,6,6,1,0,0.0,0.0,0.1540107458333332,0.1544522217261904
a3ed2fe218a724b4fepeni,2026-01-17 07:00:00,0.0,23.8,84.0,0.0,7,6,1,0,0.0,0.0,0.1540107458333332,0.1544522217261904
a3ed2fe218a724b4fepeni,2026-01-17 08:00:00,0.0,24.0,86.0,0.0,8,6,1,0,0.0,0.0,0.1540107458333332,0.1544522217261904
a3ed2fe218a724b4fepeni,2026-01-17 09:00:00,0.0,25.2,80.0,0.0,9,6,1,0,0.0,0.0,0.1540107458333332,0.1544522217261904
a3ed2fe218a724b4fepeni,2026-01-17 10:00:00,0.0,25.8,76.0,0.0,10,6,1,0,0.0,0.0,0.1540107458333332,0.1544522217261904
a3ed2fe218a724b4fepeni,2026-01-17 11:00:00,0.0,26.5,71.0,0.0,11,6,1,0,0.0,0.0,0.1540107458333332,0.1544522217261904
a3ed2fe218a724b4fepeni,2026-01-17 12:00:00,0.0255382416666663,27.4,63.0,0.0,12,6,1,0,0.0218062166666663,0.0225918916666663,0.1541662468749998,0.1544697595238094
a3ed2fe218a724b4fepeni,2026-01-17 13:00:00,0.2638459249999996,27.7,60.0,0.0,13,6,1,0,0.2252893499999996,0.2334066333333333,0.1557727708333332,0.15465094578373
a3ed2fe218a724b4fepeni,2026-01-17 14:00:00,0.3607062166666664,28.6,57.0,0.0,14,6,1,0,0.3079950916666664,0.3190922916666663,0.1579690677083332,0.1548986477182538
a3ed2fe218a724b4fepeni,2026-01-17 15:00:00,0.3997418999999997,28.1,60.0,0.0,15,6,1,0,0.3413264083333329,0.3536245083333333,0.1604030465277776,0.155173156001984
a3ed2fe218a724b4fepeni,2026-01-17 16:00:00,0.5010729416666662,27.9,62.0,0.0,16,6,1,0,0.5097306166666665,0.4811687416666663,0.1600423100694443,0.1552916333829364
a3ed2fe218a724b4fepeni,2026-01-17 17:00:00,0.5577054583333332,27.8,62.0,0.0,17,6,1,0,0.5738827166666667,0.5385795333333333,0.1593682576388887,0.1554054781746031
a3ed2fe218a724b4fepeni,2026-01-17 18:00:00,0.5710207249999998,27.4,63.0,0.0,18,6,1,0,0.5875842416666663,0.5514381249999994,0.158678111111111,0.1555220412698411
a3ed2fe218a724b4fepeni,2026-01-17 19:00:00,0.5646470416666666,27.2,65.0,0.0,19,6,1,0,0.5810256999999995,0.5452830249999999,0.1579956670138887,0.1556373032738094
a3ed2fe218a724b4fepeni,2026-01-17 20:00:00,0.5321806666666663,26.8,70.0,0.0,20,6,1,0,0.5476175583333333,0.5139300833333331,0.1573524631944443,0.1557459376984126
a3ed2fe218a724b4fepeni,2026-01-17 21:00:00,0.0,26.6,73.0,0.0,21,6,1,0,0.0,0.0,0.1573524631944443,0.1557459376984126
a3ed2fe218a724b4fepeni,2026-01-17 22:00:00,0.0,26.2,76.0,0.0,22,6,1,0,0.0,0.0,0.1573524631944443,0.1557459376984126
a3ed2fe218a724b4fepeni,2026-01-17 23:00:00,0.0,26.0,79.0,0.0,23,6,1,0,0.0,0.0,0.1573524631944443,0.1557459376984126
a3ed2fe218a724b4fepeni,2026-01-18 00:00:00,0.0,25.5,83.0,0.0,0,7,1,0,0.0,0.0,0.1573524631944443,0.1557459376984126
a3ed2fe218a724b4fepeni,2026-01-18 01:00:00,0.0,25.3,84.0,0.0,1,7,1,0,0.0,0.0,0.1573524631944443,0.1557459376984126
a3ed2fe218a724b4fepeni,2026-01-18 02:00:00,0.0,25.2,84.0,0.0,2,7,1,0,0.0,0.0,0.1573524631944443,0.1557459376984126
a3ed2fe218a724b4fepeni,2026-01-18 03:00:00,0.0,24.7,85.0,0.0,3,7,1,0,0.0,0.0,0.1573524631944443,0.1557459376984126
a3ed2fe218a724b4fepeni,2026-01-18 04:00:00,0.0,24.4,84.0,0.0,4,7,1,0,0.0,0.0,0.1573524631944443,0.1557459376984126
a3ed2fe218a724b4fepeni,2026-01-18 05:00:00,0.0,24.0,85.0,0.0,5,7,1,0,0.0,0.0,0.1573524631944443,0.1557459376984126
a3ed2fe218a724b4fepeni,2026-01-18 06:00:00,0.0,23.9,82.0,0.0,6,7,1,0,0.0,0.0,0.1573524631944443,0.1557459376984126
a3ed2fe218a724b4fepeni,2026-01-18 07:00:00,0.0,24.0,80.0,0.0,7,7,1,0,0.0,0.0,0.1573524631944443,0.1557459376984126
a3ed2fe218a724b4fepeni,2026-01-18 08:00:00,0.0,25.2,70.0,0.0,8,7,1,0,0.0,0.0,0.1573524631944443,0.1557459376984126
a3ed2fe218a724b4fepeni,2026-01-18 09:00:00,0.0,26.4,65.0,0.0,9,7,1,0,0.0,0.0,0.1573524631944443,0.1557459376984126
a3ed2fe218a724b4fepeni,2026-01-18 10:00:00,0.0,27.3,62.0,0.0,10,7,1,0,0.0,0.0,0.1573524631944443,0.1557459376984126
a3ed2fe218a724b4fepeni,2026-01-18 11:00:00,0.0,28.3,59.0,0.0,11,7,1,0,0.0,0.0,0.1573524631944443,0.1557459376984126
a3ed2fe218a724b4fepeni,2026-01-18 12:00:00,0.0248182916666663,28.8,60.0,0.0,12,7,1,0,0.0255382416666663,0.0239671666666663,0.1573224652777776,0.1557510039186507
a3ed2fe218a724b4fepeni,2026-01-18 13:00:00,0.2564083666666665,29.4,58.0,0.0,13,7,1,0,0.2638459249999996,0.2476150499999996,0.1570125670138888,0.1558033450892856
a3ed2fe218a724b4fepeni,2026-01-18 14:00:00,0.3505381666666666,29.6,55.0,0.0,14,7,1,0,0.3607062166666664,0.3385168249999996,0.1565888982638888,0.1558749006944443
a3ed2fe218a724b4fepeni,2026-01-18 15:00:00,0.3884734666666662,29.8,57.0,0.0,15,7,1,0,0.3997418999999997,0.3751511666666665,0.1561193802083332,0.1559542000992062
a3ed2fe218a724b4fepeni,2026-01-18 16:00:00,0.4742162583333333,29.4,61.0,0.0,16,7,1,0,0.5010729416666662,0.5101018499999999,0.155000351736111,0.1557405953869046
a3ed2fe218a724b4fepeni,2026-01-18 17:00:00,0.526796225,29.1,62.0,0.0,17,7,1,0,0.5577054583333332,0.5709384999999998,0.1537124670138888,0.1554778437499999
a3ed2fe218a724b4fepeni,2026-01-18 18:00:00,0.5393734749999999,28.4,66.0,0.0,18,7,1,0,0.5710207249999998,0.5845696583333331,0.1523938315972221,0.1552088188492063
a3ed2fe218a724b4fepeni,2026-01-18 19:00:00,0.5333531083333332,27.8,71.0,0.0,19,7,1,0,0.5646470416666666,0.5780448416666665,0.1510899177083332,0.154942796626984
a3ed2fe218a724b4fepeni,2026-01-18 20:00:00,0.502686083333333,27.1,73.0,0.0,20,7,1,0,0.5321806666666663,0.5448080916666665,0.149860976736111,0.1546920703869047
a3ed2fe218a724b4fepeni,2026-01-18 21:00:00,0.0,26.9,75.0,0.0,21,7,1,0,0.0,0.0,0.149860976736111,0.1546920703869047
a3ed2fe218a724b4fepeni,2026-01-18 22:00:00,0.0,26.6,78.0,0.0,22,7,1,0,0.0,0.0,0.149860976736111,0.1546920703869047
a3ed2fe218a724b4fepeni,2026-01-18 23:00:00,0.0,26.4,79.0,0.0,23,7,1,0,0.0,0.0,0.149860976736111,0.1546920703869047
a3ed2fe218a724b4fepeni,2026-01-19 00:00:00,0.0,26.2,81.0,0.0,0,1,0,0,0.0,0.0,0.149860976736111,0.1546920703869047
a3ed2fe218a724b4fepeni,2026-01-19 01:00:00,0.0,25.9,82.0,0.0,1,1,0,0,0.0,0.0,0.149860976736111,0.1546920703869047
a3ed2fe218a724b4fepeni,2026-01-19 02:00:00,0.0,25.5,82.0,0.2,2,1,0,0,0.0,0.0,0.149860976736111,0.1546920703869047
a3ed2fe218a724b4fepeni,2026-01-19 03:00:00,0.0,25.5,83.0,0.0,3,1,0,0,0.0,0.0,0.149860976736111,0.1546920703869047
a3ed2fe218a724b4fepeni,2026-01-19 04:00:00,0.0,25.5,82.0,0.0,4,1,0,0,0.0,0.0,0.149860976736111,0.1546920703869047
a3ed2fe218a724b4fepeni,2026-01-19 05:00:00,0.0,25.4,81.0,0.0,5,1,0,0,0.0,0.0,0.149860976736111,0.1546920703869047
a3ed2fe218a724b4fepeni,2026-01-19 06:00:00,0.0,25.3,80.0,0.0,6,1,0,0,0.0,0.0,0.149860976736111,0.1546920703869047
a3ed2fe218a724b4fepeni,2026-01-19 07:00:00,0.0,25.0,83.0,0.0,7,1,0,0,0.0,0.0,0.149860976736111,0.1546920703869047
a3ed2fe218a724b4fepeni,2026-01-19 08:00:00,0.0,25.2,83.0,0.0,8,1,0,0,0.0,0.0,0.149860976736111,0.1546920703869047
a3ed2fe218a724b4fepeni,2026-01-19 09:00:00,0.0,26.4,74.0,0.0,9,1,0,0,0.0,0.0,0.149860976736111,0.1546920703869047
a3ed2fe218a724b4fepeni,2026-01-19 10:00:00,0.0,27.7,66.0,0.0,10,1,0,0,0.0,0.0,0.149860976736111,0.1546920703869047
a3ed2fe218a724b4fepeni,2026-01-19 11:00:00,0.0,28.1,63.0,0.0,11,1,0,0,0.0,0.0,0.149860976736111,0.1546920703869047
a3ed2fe218a724b4fepeni,2026-01-19 12:00:00,0.0234428333333331,29.4,57.0,0.1,12,1,0,0,0.0248182916666663,0.0254071583333331,0.1498036659722221,0.1546803779761904
a3ed2fe218a724b4fepeni,2026-01-19 13:00:00,0.2421976416666666,29.8,56.0,0.4,13,1,0,0,0.2564083666666665,0.262492283333333,0.1492115524305554,0.1545595765376983
a3ed2fe218a724b4fepeni,2026-01-19 14:00:00,0.3311105833333331,29.4,60.0,0.2,14,1,0,0,0.3505381666666666,0.3588556833333333,0.1484020697916666,0.1543944271329364
a3ed2fe218a724b4fepeni,2026-01-19 15:00:00,0.366943433333333,29.1,61.0,0.1,15,1,0,0,0.3884734666666662,0.3976910166666663,0.1475049850694443,0.1542114058035713
a3ed2fe218a724b4fepeni,2026-01-19 16:00:00,0.4909191166666664,29.0,61.0,0.0,16,1,0,0,0.4742162583333333,0.4971962583333333,0.1482009374999999,0.1541740418650792
a3ed2fe218a724b4fepeni,2026-01-19 17:00:00,0.5488770916666665,28.8,61.0,0.0,17,1,0,0,0.526796225,0.5532862166666663,0.149120973611111,0.1541477970734125
a3ed2fe218a724b4fepeni,2026-01-19 18:00:00,0.5619816416666663,28.2,65.0,0.0,18,1,0,0,0.5393734749999999,0.5664959916666664,0.1500629805555554,0.1541209259424602
a3ed2fe218a724b4fepeni,2026-01-19 19:00:00,0.5557088916666665,27.8,68.0,0.0,19,1,0,0,0.5333531083333332,0.560172858333333,0.1509944715277777,0.1540943547123015
a3ed2fe218a724b4fepeni,2026-01-19 20:00:00,0.5237563916666667,27.4,70.0,0.0,20,1,0,0,0.502686083333333,0.5279637499999996,0.1518724010416665,0.1540693109126983
a3ed2fe218a724b4fepeni,2026-01-19 21:00:00,0.0,27.6,67.0,0.0,21,1,0,0,0.0,0.0,0.1518724010416665,0.1540693109126983
a3ed2fe218a724b4fepeni,2026-01-19 22:00:00,0.0,27.3,67.0,0.0,22,1,0,0,0.0,0.0,0.1518724010416665,0.1540693109126983
a3ed2fe218a724b4fepeni,2026-01-19 23:00:00,0.0,27.0,70.0,0.0,23,1,0,0,0.0,0.0,0.1518724010416665,0.1540693109126983
a3ed2fe218a724b4fepeni,2026-01-20 00:00:00,0.0,26.6,72.0,0.0,0,2,0,0,0.0,0.0,0.1518724010416665,0.1540693109126983
a3ed2fe218a724b4fepeni,2026-01-20 01:00:00,0.0,26.1,75.0,0.0,1,2,0,0,0.0,0.0,0.1518724010416665,0.1540693109126983
a3ed2fe218a724b4fepeni,2026-01-20 02:00:00,0.0,25.5,78.0,0.0,2,2,0,0,0.0,0.0,0.1518724010416665,0.1540693109126983
a3ed2fe218a724b4fepeni,2026-01-20 03:00:00,0.0,24.8,80.0,0.0,3,2,0,0,0.0,0.0,0.1518724010416665,0.1540693109126983
a3ed2fe218a724b4fepeni,2026-01-20 04:00:00,0.0,24.3,81.0,0.4,4,2,0,0,0.0,0.0,0.1518724010416665,0.1540693109126983
a3ed2fe218a724b4fepeni,2026-01-20 05:00:00,0.0,24.1,82.0,0.0,5,2,0,0,0.0,0.0,0.1518724010416665,0.1540693109126983
a3ed2fe218a724b4fepeni,2026-01-20 06:00:00,0.0,24.1,82.0,0.0,6,2,0,0,0.0,0.0,0.1518724010416665,0.1540693109126983
a3ed2fe218a724b4fepeni,2026-01-20 07:00:00,0.0,24.0,82.0,0.0,7,2,0,0,0.0,0.0,0.1518724010416665,0.1540693109126983
a3ed2fe218a724b4fepeni,2026-01-20 08:00:00,0.0,25.2,79.0,0.0,8,2,0,0,0.0,0.0,0.1518724010416665,0.1540693109126983
a3ed2fe218a724b4fepeni,2026-01-20 09:00:00,0.0,26.2,74.0,0.0,9,2,0,0,0.0,0.0,0.1518724010416665,0.1540693109126983
a3ed2fe218a724b4fepeni,2026-01-20 10:00:00,0.0,27.5,67.0,0.0,10,2,0,0,0.0,0.0,0.1518724010416665,0.1540693109126983
a3ed2fe218a724b4fepeni,2026-01-20 11:00:00,0.0,28.2,63.0,0.2,11,2,0,0,0.0,0.0,0.1518724010416665,0.1540693109126983
a3ed2fe218a724b4fepeni,2026-01-20 12:00:00,0.0244254083333331,28.9,60.0,0.3,12,2,0,0,0.0234428333333331,0.0246216666666663,0.1519133416666666,0.1540681427083332
a3ed2fe218a724b4fepeni,2026-01-20 13:00:00,0.2523494916666666,29.1,57.0,0.1,13,2,0,0,0.2421976416666666,0.2543765749999996,0.1523363354166666,0.154056076736111
a3ed2fe218a724b4fepeni,2026-01-20 14:00:00,0.3449893166666662,29.8,53.0,0.1,14,2,0,0,0.3311105833333331,0.3477605499999996,0.1529146159722221,0.1540395812996031
a3ed2fe218a724b4fepeni,2026-01-20 15:00:00,0.3823240749999996,30.2,50.0,0.0,15,2,0,0,0.366943433333333,0.3853952916666664,0.1535554760416665,0.1540213002480158
a3ed2fe218a724b4fepeni,2026-01-20 16:00:00,0.4798760083333333,29.8,51.0,0.0,16,2,0,0,0.4909191166666664,0.4949252416666665,0.1530953465277777,0.1539317214781745
a3ed2fe218a724b4fepeni,2026-01-20 17:00:00,0.5341635583333331,29.2,54.0,0.0,17,2,0,0,0.5488770916666665,0.5518084,0.1524822826388888,0.15382669265873
a3ed2fe218a724b4fepeni,2026-01-20 18:00:00,0.5469166916666667,28.4,58.0,0.0,18,2,0,0,0.5619816416666663,0.5649828583333332,0.1518545763888888,0.1537191559523809
a3ed2fe218a724b4fepeni,2026-01-20 19:00:00,0.5408121416666664,27.5,63.0,0.0,19,2,0,0,0.5557088916666665,0.5586766249999998,0.1512338784722221,0.1536128197420634
a3ed2fe218a724b4fepeni,2026-01-20 20:00:00,0.5097161916666665,27.2,67.0,0.0,20,2,0,0,0.5237563916666667,0.5265534916666665,0.1506488701388888,0.1535125977182538
a3ed2fe218a724b4fepeni,2026-01-20 21:00:00,0.0,27.0,67.0,0.0,21,2,0,0,0.0,0.0,0.1506488701388888,0.1535125977182538
a3ed2fe218a724b4fepeni,2026-01-20 22:00:00,0.0,26.4,70.0,0.0,22,2,0,0,0.0,0.0,0.1506488701388888,0.1535125977182538
a3ed2fe218a724b4fepeni,2026-01-20 23:00:00,0.0,26.0,72.0,0.0,23,2,0,0,0.0,0.0,0.1506488701388888,0.1535125977182538
a3ed2fe218a724b4fepeni,2026-01-21 00:00:00,0.0,25.6,74.0,0.0,0,3,0,0,0.0,0.0,0.1506488701388888,0.1535125977182538
a3ed2fe218a724b4fepeni,2026-01-21 01:00:00,0.0,24.4,82.0,0.3,1,3,0,0,0.0,0.0,0.1506488701388888,0.1535125977182538
a3ed2fe218a724b4fepeni,2026-01-21 02:00:00,0.0,24.6,75.0,0.4,2,3,0,0,0.0,0.0,0.1506488701388888,0.1535125977182538
a3ed2fe218a724b4fepeni,2026-01-21 03:00:00,0.0,24.2,79.0,0.0,3,3,0,0,0.0,0.0,0.1506488701388888,0.1535125977182538
a3ed2fe218a724b4fepeni,2026-01-21 04:00:00,0.0,24.0,82.0,0.2,4,3,0,0,0.0,0.0,0.1506488701388888,0.1535125977182538
a3ed2fe218a724b4fepeni,2026-01-21 05:00:00,0.0,24.0,81.0,0.0,5,3,0,0,0.0,0.0,0.1506488701388888,0.1535125977182538
a3ed2fe218a724b4fepeni,2026-01-21 06:00:00,0.0,24.0,80.0,0.0,6,3,0,0,0.0,0.0,0.1506488701388888,0.1535125977182538
a3ed2fe218a724b4fepeni,2026-01-21 07:00:00,0.0,24.0,81.0,0.0,7,3,0,0,0.0,0.0,0.1506488701388888,0.1535125977182538
a3ed2fe218a724b4fepeni,2026-01-21 08:00:00,0.0,25.2,75.0,0.0,8,3,0,0,0.0,0.0,0.1506488701388888,0.1535125977182538
a3ed2fe218a724b4fepeni,2026-01-21 09:00:00,0.0,26.4,67.0,0.0,9,3,0,0,0.0,0.0,0.1506488701388888,0.1535125977182538
a3ed2fe218a724b4fepeni,2026-01-21 10:00:00,0.0,27.8,62.0,0.0,10,3,0,0,0.0,0.0,0.1506488701388888,0.1535125977182538
a3ed2fe218a724b4fepeni,2026-01-21 11:00:00,0.0,29.4,53.0,0.1,11,3,0,0,0.0,0.0,0.1506488701388888,0.1535125977182538
a3ed2fe218a724b4fepeni,2026-01-21 12:00:00,0.023770725,30.5,46.0,0.1,12,3,0,0,0.0244254083333331,0.02455585,0.1506215916666666,0.1535079243551586
a3ed2fe218a724b4fepeni,2026-01-21 13:00:00,0.245584833333333,30.5,46.0,0.3,13,3,0,0,0.2523494916666666,0.2536971166666663,0.1503397309027777,0.153459636954365
a3ed2fe218a724b4fepeni,2026-01-21 14:00:00,0.3357412749999998,30.0,47.0,0.2,14,3,0,0,0.3449893166666662,0.3468316999999996,0.1499543958333332,0.1533936225198411
a3ed2fe218a724b4fepeni,2026-01-21 15:00:00,0.372075183333333,29.5,49.0,0.2,15,3,0,0,0.3823240749999996,0.3843658333333333,0.1495273586805554,0.1533204638888887
a3ed2fe218a724b4fepeni,2026-01-21 16:00:00,0.4000592416666665,28.8,50.0,0.0,16,3,0,0,0.4798760083333333,0.5380186833333331,0.1462016600694443,0.152499276736111
a3ed2fe218a724b4fepeni,2026-01-21 17:00:00,0.4399756999999998,27.7,53.0,0.0,17,3,0,0,0.5341635583333331,0.6033180083333329,0.1422771659722221,0.1515270010912697
a3ed2fe218a724b4fepeni,2026-01-21 18:00:00,0.450480158333333,26.8,56.0,0.0,18,3,0,0,0.5469166916666667,0.6177222583333333,0.1382589770833332,0.1505315124007935
a3ed2fe218a724b4fepeni,2026-01-21 19:00:00,0.4454519583333333,26.1,59.0,0.0,19,3,0,0,0.5408121416666664,0.6108273,0.134285636111111,0.1495471353670634
a3ed2fe218a724b4fepeni,2026-01-21 20:00:00,0.4198391583333331,25.6,63.0,0.0,20,3,0,0,0.5097161916666665,0.5757056916666663,0.1305407597222221,0.1486193583829364
a3ed2fe218a724b4fepeni,2026-01-21 21:00:00,0.0,25.1,64.0,0.0,21,3,0,0,0.0,0.0,0.1305407597222221,0.1486193583829364
a3ed2fe218a724b4fepeni,2026-01-21 22:00:00,0.0,25.0,65.0,0.0,22,3,0,0,0.0,0.0,0.1305407597222221,0.1486193583829364
a3ed2fe218a724b4fepeni,2026-01-21 23:00:00,0.0,24.7,65.0,0.0,23,3,0,0,0.0,0.0,0.1305407597222221,0.1486193583829364
a3ed2fe218a724b4fepeni,2026-01-22 00:00:00,0.0,24.4,66.0,0.0,0,4,0,0,0.0,0.0,0.1305407597222221,0.1486193583829364
a3ed2fe218a724b4fepeni,2026-01-22 01:00:00,0.0,24.1,66.0,0.0,1,4,0,0,0.0,0.0,0.1305407597222221,0.1486193583829364
a3ed2fe218a724b4fepeni,2026-01-22 02:00:00,0.0,23.8,66.0,0.0,2,4,0,0,0.0,0.0,0.1305407597222221,0.1486193583829364
a3ed2fe218a724b4fepeni,2026-01-22 03:00:00,0.0,23.7,65.0,0.0,3,4,0,0,0.0,0.0,0.1305407597222221,0.1486193583829364
a3ed2fe218a724b4fepeni,2026-01-22 04:00:00,0.0,23.4,67.0,0.0,4,4,0,0,0.0,0.0,0.1305407597222221,0.1486193583829364
a3ed2fe218a724b4fepeni,2026-01-22 05:00:00,0.0,23.0,69.0,0.0,5,4,0,0,0.0,0.0,0.1305407597222221,0.1486193583829364
a3ed2fe218a724b4fepeni,2026-01-22 06:00:00,0.0,22.8,72.0,0.0,6,4,0,0,0.0,0.0,0.1305407597222221,0.1486193583829364
a3ed2fe218a724b4fepeni,2026-01-22 07:00:00,0.0,22.8,72.0,0.0,7,4,0,0,0.0,0.0,0.1305407597222221,0.1486193583829364
a3ed2fe218a724b4fepeni,2026-01-22 08:00:00,0.0,24.1,62.0,0.0,8,4,0,0,0.0,0.0,0.1305407597222221,0.1486193583829364
a3ed2fe218a724b4fepeni,2026-01-22 09:00:00,0.0,25.1,57.0,0.0,9,4,0,0,0.0,0.0,0.1305407597222221,0.1486193583829364
a3ed2fe218a724b4fepeni,2026-01-22 10:00:00,0.0,26.7,52.0,0.0,10,4,0,0,0.0,0.0,0.1305407597222221,0.1486193583829364
a3ed2fe218a724b4fepeni,2026-01-22 11:00:00,0.0,28.7,45.0,0.0,11,4,0,0,0.0,0.0,0.1305407597222221,0.1486193583829364
a3ed2fe218a724b4fepeni,2026-01-22 12:00:00,0.0195792666666663,30.2,38.0,0.0,12,4,0,0,0.023770725,0.0268480666666663,0.1303661156249999,0.1485760917162697
a3ed2fe218a724b4fepeni,2026-01-22 13:00:00,0.2022814249999995,30.0,40.0,0.1,13,4,0,0,0.245584833333333,0.2773789499999996,0.1285618069444443,0.1481290826388888
a3ed2fe218a724b4fepeni,2026-01-22 14:00:00,0.2765407749999996,29.7,40.0,0.1,14,4,0,0,0.3357412749999998,0.3792073083333332,0.1260951194444443,0.1475179723214285
a3ed2fe218a724b4fepeni,2026-01-22 15:00:00,0.3064680249999996,29.6,39.0,0.0,15,4,0,0,0.372075183333333,0.4202452416666663,0.1233614878472221,0.1468407269841269
a3ed2fe218a724b4fepeni,2026-01-22 16:00:00,0.4167636249999996,28.5,45.0,0.0,16,4,0,0,0.4000592416666665,0.4460538583333333,0.1240575038194443,0.1466663803571427
a3ed2fe218a724b4fepeni,2026-01-22 17:00:00,0.4664722333333332,27.2,50.0,0.0,17,4,0,0,0.4399756999999998,0.4900195,0.1251615260416665,0.1465262180555555
a3ed2fe218a724b4fepeni,2026-01-22 18:00:00,0.477609275,26.0,54.0,0.0,18,4,0,0,0.450480158333333,0.5017188,0.1262919059027777,0.1463827089781745
a3ed2fe218a724b4fepeni,2026-01-22 19:00:00,0.4722782166666662,25.1,57.0,0.0,19,4,0,0,0.4454519583333333,0.4961187083333331,0.1274096666666665,0.1462408012896824
a3ed2fe218a724b4fepeni,2026-01-22 20:00:00,0.4451229583333333,24.6,60.0,0.0,20,4,0,0,0.4198391583333331,0.4675925749999998,0.1284631583333332,0.1461070535714284
a3ed2fe218a724b4fepeni,2026-01-22 21:00:00,0.0,24.5,60.0,0.0,21,4,0,0,0.0,0.0,0.1284631583333332,0.1461070535714284
a3ed2fe218a724b4fepeni,2026-01-22 22:00:00,0.0,24.4,61.0,0.0,22,4,0,0,0.0,0.0,0.1284631583333332,0.1461070535714284
a3ed2fe218a724b4fepeni,2026-01-22 23:00:00,0.0,24.1,62.0,0.0,23,4,0,0,0.0,0.0,0.1284631583333332,0.1461070535714284
a3ed2fe218a724b4fepeni,2026-01-23 00:00:00,0.0,23.8,64.0,0.0,0,5,0,0,0.0,0.0,0.1284631583333332,0.1461070535714284
a3ed2fe218a724b4fepeni,2026-01-23 01:00:00,0.0,23.7,65.0,0.0,1,5,0,0,0.0,0.0,0.1284631583333332,0.1461070535714284
a3ed2fe218a724b4fepeni,2026-01-23 02:00:00,0.0,23.9,64.0,0.0,2,5,0,0,0.0,0.0,0.1284631583333332,0.1461070535714284
a3ed2fe218a724b4fepeni,2026-01-23 03:00:00,0.0,23.8,64.0,0.0,3,5,0,0,0.0,0.0,0.1284631583333332,0.1461070535714284
a3ed2fe218a724b4fepeni,2026-01-23 04:00:00,0.0,23.3,68.0,0.0,4,5,0,0,0.0,0.0,0.1284631583333332,0.1461070535714284
a3ed2fe218a724b4fepeni,2026-01-23 05:00:00,0.0,22.9,70.0,0.0,5,5,0,0,0.0,0.0,0.1284631583333332,0.1461070535714284
a3ed2fe218a724b4fepeni,2026-01-23 06:00:00,0.0,22.6,72.0,0.0,6,5,0,0,0.0,0.0,0.1284631583333332,0.1461070535714284
a3ed2fe218a724b4fepeni,2026-01-23 07:00:00,0.0,22.8,72.0,0.0,7,5,0,0,0.0,0.0,0.1284631583333332,0.1461070535714284
a3ed2fe218a724b4fepeni,2026-01-23 08:00:00,0.0,24.0,65.0,0.0,8,5,0,0,0.0,0.0,0.1284631583333332,0.1461070535714284
a3ed2fe218a724b4fepeni,2026-01-23 09:00:00,0.0,25.2,58.0,0.0,9,5,0,0,0.0,0.0,0.1284631583333332,0.1461070535714284
a3ed2fe218a724b4fepeni,2026-01-23 10:00:00,0.0,26.8,51.0,0.0,10,5,0,0,0.0,0.0,0.1284631583333332,0.1461070535714284
a3ed2fe218a724b4fepeni,2026-01-23 11:00:00,0.0,28.1,45.0,0.0,11,5,0,0,0.0,0.0,0.1284631583333332,0.1461070535714284
a3ed2fe218a724b4fepeni,2026-01-23 12:00:00,0.020758375,29.0,41.0,0.0,12,5,0,0,0.0195792666666663,0.0218062166666663,0.1285122878472221,0.1461008164186507
a3ed2fe218a724b4fepeni,2026-01-23 13:00:00,0.2144633166666663,30.0,36.0,0.0,13,5,0,0,0.2022814249999995,0.2252893499999996,0.1290198666666665,0.1460363757440475
a3ed2fe218a724b4fepeni,2026-01-23 14:00:00,0.2931947666666665,30.0,36.0,0.0,14,5,0,0,0.2765407749999996,0.3079950916666664,0.129713782986111,0.1459482785714285
a3ed2fe218a724b4fepeni,2026-01-23 15:00:00,0.3249243499999998,29.8,37.0,0.0,15,5,0,0,0.3064680249999996,0.3413264083333329,0.1304827965277777,0.1458506472718253
a3ed2fe218a724b4fepeni,2026-01-23 16:00:00,0.4516099999999997,29.5,37.0,0.0,16,5,0,0,0.4167636249999996,0.5097306166666665,0.1319347288194443,0.145504691220238
a3ed2fe218a724b4fepeni,2026-01-23 17:00:00,0.506192583333333,27.9,45.0,0.0,17,5,0,0,0.4664722333333332,0.5738827166666667,0.1335897434027777,0.1451017737599205
a3ed2fe218a724b4fepeni,2026-01-23 18:00:00,0.5182780249999996,26.4,51.0,0.0,18,5,0,0,0.477609275,0.5875842416666663,0.1352842746527776,0.1446892367559523
a3ed2fe218a724b4fepeni,2026-01-23 19:00:00,0.5124930666666664,25.5,55.0,0.0,19,5,0,0,0.4722782166666662,0.5810256999999995,0.1369598934027777,0.1442813044146824
a3ed2fe218a724b4fepeni,2026-01-23 20:00:00,0.483025441666666,25.0,59.0,0.0,20,5,0,0,0.4451229583333333,0.5476175583333333,0.1385391635416665,0.1438968275297618
a3ed2fe218a724b4fepeni,2026-01-23 21:00:00,0.0,24.6,61.0,0.0,21,5,0,0,0.0,0.0,0.1385391635416665,0.1438968275297618
a3ed2fe218a724b4fepeni,2026-01-23 22:00:00,0.0,24.1,62.0,0.0,22,5,0,0,0.0,0.0,0.1385391635416665,0.1438968275297618
a3ed2fe218a724b4fepeni,2026-01-23 23:00:00,0.0,24.0,62.0,0.0,23,5,0,0,0.0,0.0,0.1385391635416665,0.1438968275297618
a3ed2fe218a724b4fepeni,2026-01-24 00:00:00,0.0,23.6,63.0,0.0,0,6,1,0,0.0,0.0,0.1385391635416665,0.1438968275297618
a3ed2fe218a724b4fepeni,2026-01-24 01:00:00,0.0,23.5,64.0,0.0,1,6,1,0,0.0,0.0,0.1385391635416665,0.1438968275297618
a3ed2fe218a724b4fepeni,2026-01-24 02:00:00,0.0,23.5,67.0,0.0,2,6,1,0,0.0,0.0,0.1385391635416665,0.1438968275297618
a3ed2fe218a724b4fepeni,2026-01-24 03:00:00,0.0,23.0,70.0,0.0,3,6,1,0,0.0,0.0,0.1385391635416665,0.1438968275297618
a3ed2fe218a724b4fepeni,2026-01-24 04:00:00,0.0,22.8,70.0,0.0,4,6,1,0,0.0,0.0,0.1385391635416665,0.1438968275297618
a3ed2fe218a724b4fepeni,2026-01-24 05:00:00,0.0,22.4,73.0,0.0,5,6,1,0,0.0,0.0,0.1385391635416665,0.1438968275297618
a3ed2fe218a724b4fepeni,2026-01-24 06:00:00,0.0,22.4,74.0,0.0,6,6,1,0,0.0,0.0,0.1385391635416665,0.1438968275297618
a3ed2fe218a724b4fepeni,2026-01-24 07:00:00,0.0,22.4,74.0,0.0,7,6,1,0,0.0,0.0,0.1385391635416665,0.1438968275297618
a3ed2fe218a724b4fepeni,2026-01-24 08:00:00,0.0,23.5,67.0,0.0,8,6,1,0,0.0,0.0,0.1385391635416665,0.1438968275297618
a3ed2fe218a724b4fepeni,2026-01-24 09:00:00,0.0,25.1,59.0,0.0,9,6,1,0,0.0,0.0,0.1385391635416665,0.1438968275297618
a3ed2fe218a724b4fepeni,2026-01-24 10:00:00,0.0,27.0,51.0,0.0,10,6,1,0,0.0,0.0,0.1385391635416665,0.1438968275297618
a3ed2fe218a724b4fepeni,2026-01-24 11:00:00,0.0,28.2,45.0,0.0,11,6,1,0,0.0,0.0,0.1385391635416665,0.1438968275297618
a3ed2fe218a724b4fepeni,2026-01-24 12:00:00,0.022525983333333,28.5,46.0,0.0,12,6,1,0,0.020758375,0.0255382416666663,0.1386128138888887,0.1438788974206348
a3ed2fe218a724b4fepeni,2026-01-24 13:00:00,0.232725058333333,29.2,43.0,0.0,13,6,1,0,0.2144633166666663,0.2638459249999996,0.1393737197916665,0.1436936541666665
a3ed2fe218a724b4fepeni,2026-01-24 14:00:00,0.3181604999999996,29.2,43.0,0.0,14,6,1,0,0.2931947666666665,0.3607062166666664,0.1404139586805554,0.1434404058531745
a3ed2fe218a724b4fepeni,2026-01-24 15:00:00,0.3525918666666665,29.1,44.0,0.1,15,6,1,0,0.3249243499999998,0.3997418999999997,0.1415667718749998,0.143159750892857
a3ed2fe218a724b4fepeni,2026-01-24 16:00:00,0.5464620249999999,28.8,45.0,0.0,16,6,1,0,0.4516099999999997,0.5010729416666662,0.1455189395833332,0.1434299240079364
a3ed2fe218a724b4fepeni,2026-01-24 17:00:00,0.616571883333333,27.6,49.0,0.0,17,6,1,0,0.506192583333333,0.5577054583333332,0.1501180770833332,0.1437803193948412
a3ed2fe218a724b4fepeni,2026-01-24 18:00:00,0.6312925583333333,26.4,54.0,0.0,18,6,1,0,0.5182780249999996,0.5710207249999998,0.1548270159722221,0.1441390803075396
a3ed2fe218a724b4fepeni,2026-01-24 19:00:00,0.6242462249999994,25.5,57.0,0.0,19,6,1,0,0.5124930666666664,0.5646470416666666,0.1594833975694443,0.1444938373511904
a3ed2fe218a724b4fepeni,2026-01-24 20:00:00,0.588352933333333,25.0,63.0,0.0,20,6,1,0,0.483025441666666,0.5321806666666663,0.1638720430555554,0.1448281960813491
a3ed2fe218a724b4fepeni,2026-01-24 21:00:00,0.0,24.8,64.0,0.0,21,6,1,0,0.0,0.0,0.1638720430555554,0.1448281960813491
a3ed2fe218a724b4fepeni,2026-01-24 22:00:00,0.0,24.5,65.0,0.0,22,6,1,0,0.0,0.0,0.1638720430555554,0.1448281960813491
a3ed2fe218a724b4fepeni,2026-01-24 23:00:00,0.0,24.2,67.0,0.0,23,6,1,0,0.0,0.0,0.1638720430555554,0.1448281960813491
a3ed2fe218a724b4fepeni,2026-01-25 00:00:00,0.0,24.0,68.0,0.0,0,7,1,0,0.0,0.0,0.1638720430555554,0.1448281960813491
a3ed2fe218a724b4fepeni,2026-01-25 01:00:00,0.0,23.8,69.0,0.0,1,7,1,0,0.0,0.0,0.1638720430555554,0.1448281960813491
a3ed2fe218a724b4fepeni,2026-01-25 02:00:00,0.0,23.6,71.0,0.0,2,7,1,0,0.0,0.0,0.1638720430555554,0.1448281960813491
a3ed2fe218a724b4fepeni,2026-01-25 03:00:00,0.0,23.6,71.0,0.0,3,7,1,0,0.0,0.0,0.1638720430555554,0.1448281960813491
a3ed2fe218a724b4fepeni,2026-01-25 04:00:00,0.0,23.2,73.0,0.0,4,7,1,0,0.0,0.0,0.1638720430555554,0.1448281960813491
a3ed2fe218a724b4fepeni,2026-01-25 05:00:00,0.0,22.9,74.0,0.0,5,7,1,0,0.0,0.0,0.1638720430555554,0.1448281960813491
a3ed2fe218a724b4fepeni,2026-01-25 06:00:00,0.0,22.5,77.0,0.0,6,7,1,0,0.0,0.0,0.1638720430555554,0.1448281960813491
a3ed2fe218a724b4fepeni,2026-01-25 07:00:00,0.0,22.4,77.0,0.0,7,7,1,0,0.0,0.0,0.1638720430555554,0.1448281960813491
a3ed2fe218a724b4fepeni,2026-01-25 08:00:00,0.0,23.6,72.0,0.0,8,7,1,0,0.0,0.0,0.1638720430555554,0.1448281960813491
a3ed2fe218a724b4fepeni,2026-01-25 09:00:00,0.0,25.2,64.0,0.0,9,7,1,0,0.0,0.0,0.1638720430555554,0.1448281960813491
a3ed2fe218a724b4fepeni,2026-01-25 10:00:00,0.0,27.3,54.0,0.0,10,7,1,0,0.0,0.0,0.1638720430555554,0.1448281960813491
a3ed2fe218a724b4fepeni,2026-01-25 11:00:00,0.0,28.5,49.0,0.0,11,7,1,0,0.0,0.0,0.1638720430555554,0.1448281960813491
a3ed2fe218a724b4fepeni,2026-01-25 12:00:00,0.0274379416666663,29.5,46.0,0.0,12,7,1,0,0.022525983333333,0.0248182916666663,0.164076707986111,0.144843789236111
a3ed2fe218a724b4fepeni,2026-01-25 13:00:00,0.2834725833333333,30.1,44.0,0.0,13,7,1,0,0.232725058333333,0.2564083666666665,0.1661911881944443,0.1450048857638888
a3ed2fe218a724b4fepeni,2026-01-25 14:00:00,0.3875378916666663,29.7,45.0,0.0,14,7,1,0,0.3181604999999996,0.3505381666666666,0.1690819128472221,0.1452251222222221
a3ed2fe218a724b4fepeni,2026-01-25 15:00:00,0.4294772833333333,29.5,48.0,0.0,15,7,1,0,0.3525918666666665,0.3884734666666662,0.1722854718749999,0.1454691925595237
a3ed2fe218a724b4fepeni,2026-01-25 16:00:00,0.55536665,29.2,48.0,0.0,16,7,1,0,0.5464620249999999,0.4742162583333333,0.1726564979166666,0.1459522306051586
a3ed2fe218a724b4fepeni,2026-01-25 17:00:00,0.6194952583333331,28.5,50.0,0.0,17,7,1,0,0.616571883333333,0.526796225,0.1727783052083332,0.1465040105654761
a3ed2fe218a724b4fepeni,2026-01-25 18:00:00,0.6342857749999998,27.1,56.0,0.0,18,7,1,0,0.6312925583333333,0.5393734749999999,0.1729030225694443,0.1470689647321427
a3ed2fe218a724b4fepeni,2026-01-25 19:00:00,0.627205958333333,26.1,60.0,0.0,19,7,1,0,0.6242462249999994,0.5333531083333332,0.1730263447916666,0.1476276126488094
a3ed2fe218a724b4fepeni,2026-01-25 20:00:00,0.5911425833333332,26.0,61.0,0.0,20,7,1,0,0.588352933333333,0.502686083333333,0.1731425802083332,0.1481541394345237
a3ed2fe218a724b4fepeni,2026-01-25 21:00:00,0.0,25.5,62.0,0.0,21,7,1,0,0.0,0.0,0.1731425802083332,0.1481541394345237
a3ed2fe218a724b4fepeni,2026-01-25 22:00:00,0.0,25.2,64.0,0.0,22,7,1,0,0.0,0.0,0.1731425802083332,0.1481541394345237
a3ed2fe218a724b4fepeni,2026-01-25 23:00:00,0.0,25.0,65.0,0.0,23,7,1,0,0.0,0.0,0.1731425802083332,0.1481541394345237
a3ed2fe218a724b4fepeni,2026-01-26 00:00:00,0.0,24.7,66.0,0.0,0,1,0,0,0.0,0.0,0.1731425802083332,0.1481541394345237
a3ed2fe218a724b4fepeni,2026-01-26 01:00:00,0.0,24.5,68.0,0.0,1,1,0,0,0.0,0.0,0.1731425802083332,0.1481541394345237
a3ed2fe218a724b4fepeni,2026-01-26 02:00:00,0.0,24.2,73.0,0.0,2,1,0,0,0.0,0.0,0.1731425802083332,0.1481541394345237
a3ed2fe218a724b4fepeni,2026-01-26 03:00:00,0.0,23.9,75.0,0.0,3,1,0,0,0.0,0.0,0.1731425802083332,0.1481541394345237
a3ed2fe218a724b4fepeni,2026-01-26 04:00:00,0.0,23.3,77.0,0.0,4,1,0,0,0.0,0.0,0.1731425802083332,0.1481541394345237
a3ed2fe218a724b4fepeni,2026-01-26 05:00:00,0.0,23.0,78.0,0.0,5,1,0,0,0.0,0.0,0.1731425802083332,0.1481541394345237
a3ed2fe218a724b4fepeni,2026-01-26 06:00:00,0.0,23.0,79.0,0.0,6,1,0,0,0.0,0.0,0.1731425802083332,0.1481541394345237
a3ed2fe218a724b4fepeni,2026-01-26 07:00:00,0.0,23.1,78.0,0.0,7,1,0,0,0.0,0.0,0.1731425802083332,0.1481541394345237
a3ed2fe218a724b4fepeni,2026-01-26 08:00:00,0.0,24.1,72.0,0.0,8,1,0,0,0.0,0.0,0.1731425802083332,0.1481541394345237
a3ed2fe218a724b4fepeni,2026-01-26 09:00:00,0.0,25.1,69.0,0.0,9,1,0,0,0.0,0.0,0.1731425802083332,0.1481541394345237
a3ed2fe218a724b4fepeni,2026-01-26 10:00:00,0.0,26.8,64.0,0.0,10,1,0,0,0.0,0.0,0.1731425802083332,0.1481541394345237
a3ed2fe218a724b4fepeni,2026-01-26 11:00:00,0.0,28.5,58.0,0.0,11,1,0,0,0.0,0.0,0.1731425802083332,0.1481541394345237
a3ed2fe218a724b4fepeni,2026-01-26 12:00:00,0.0275680166666663,27.8,62.0,0.4,12,1,0,0,0.0274379416666663,0.0234428333333331,0.1731479999999999,0.1481786940972221
a3ed2fe218a724b4fepeni,2026-01-26 13:00:00,0.2848165999999996,28.5,61.0,0.5,13,1,0,0,0.2834725833333333,0.2421976416666666,0.1732040006944443,0.1484323783730158
a3ed2fe218a724b4fepeni,2026-01-26 14:00:00,0.3893753666666664,28.2,62.0,1.2,14,1,0,0,0.3875378916666663,0.3311105833333331,0.1732805621527776,0.1487791925595237
a3ed2fe218a724b4fepeni,2026-01-26 15:00:00,0.431513583333333,28.2,63.0,0.4,15,1,0,0,0.4294772833333333,0.366943433333333,0.173365407986111,0.1491635386904761
a3ed2fe218a724b4fepeni,2026-01-26 16:00:00,0.4753703166666665,28.1,63.0,0.1,16,1,0,0,0.55536665,0.4909191166666664,0.1700322274305554,0.1490709863095237
a3ed2fe218a724b4fepeni,2026-01-26 17:00:00,0.523862933333333,28.4,62.0,0.1,17,1,0,0,0.6194952583333331,0.5488770916666665,0.1660475472222221,0.1489220925099205
a3ed2fe218a724b4fepeni,2026-01-26 18:00:00,0.5363702583333333,28.0,65.0,0.0,18,1,0,0,0.6342857749999998,0.5619816416666663,0.1619677340277776,0.148769643799603
a3ed2fe218a724b4fepeni,2026-01-26 19:00:00,0.530383375,27.2,70.0,0.0,19,1,0,0,0.627205958333333,0.5557088916666665,0.1579334597222221,0.1486188966765872
a3ed2fe218a724b4fepeni,2026-01-26 20:00:00,0.4998870749999999,27.0,73.0,0.0,20,1,0,0,0.5911425833333332,0.5237563916666667,0.1541311468749999,0.1484768174107142
a3ed2fe218a724b4fepeni,2026-01-26 21:00:00,0.0,26.8,75.0,0.0,21,1,0,0,0.0,0.0,0.1541311468749999,0.1484768174107142
a3ed2fe218a724b4fepeni,2026-01-26 22:00:00,0.0,26.3,77.0,0.0,22,1,0,0,0.0,0.0,0.1541311468749999,0.1484768174107142
a3ed2fe218a724b4fepeni,2026-01-26 23:00:00,0.0,26.0,78.0,0.0,23,1,0,0,0.0,0.0,0.1541311468749999,0.1484768174107142
a3ed2fe218a724b4fepeni,2026-01-27 00:00:00,0.0,25.9,79.0,0.0,0,2,0,0,0.0,0.0,0.1541311468749999,0.1484768174107142
a3ed2fe218a724b4fepeni,2026-01-27 01:00:00,0.0,25.5,81.0,0.0,1,2,0,0,0.0,0.0,0.1541311468749999,0.1484768174107142
a3ed2fe218a724b4fepeni,2026-01-27 02:00:00,0.0,25.1,87.0,0.0,2,2,0,0,0.0,0.0,0.1541311468749999,0.1484768174107142
a3ed2fe218a724b4fepeni,2026-01-27 03:00:00,0.0,25.2,83.0,0.0,3,2,0,0,0.0,0.0,0.1541311468749999,0.1484768174107142
a3ed2fe218a724b4fepeni,2026-01-27 04:00:00,0.0,25.0,84.0,0.0,4,2,0,0,0.0,0.0,0.1541311468749999,0.1484768174107142
a3ed2fe218a724b4fepeni,2026-01-27 05:00:00,0.0,25.0,84.0,0.0,5,2,0,0,0.0,0.0,0.1541311468749999,0.1484768174107142
a3ed2fe218a724b4fepeni,2026-01-27 06:00:00,0.0,24.8,85.0,0.0,6,2,0,0,0.0,0.0,0.1541311468749999,0.1484768174107142
a3ed2fe218a724b4fepeni,2026-01-27 07:00:00,0.0,24.8,85.0,0.0,7,2,0,0,0.0,0.0,0.1541311468749999,0.1484768174107142
a3ed2fe218a724b4fepeni,2026-01-27 08:00:00,0.0,25.1,84.0,0.0,8,2,0,0,0.0,0.0,0.1541311468749999,0.1484768174107142
a3ed2fe218a724b4fepeni,2026-01-27 09:00:00,0.0,25.8,80.0,0.1,9,2,0,0,0.0,0.0,0.1541311468749999,0.1484768174107142
a3ed2fe218a724b4fepeni,2026-01-27 10:00:00,0.0,27.0,74.0,0.0,10,2,0,0,0.0,0.0,0.1541311468749999,0.1484768174107142
a3ed2fe218a724b4fepeni,2026-01-27 11:00:00,0.0,27.9,71.0,0.0,11,2,0,0,0.0,0.0,0.1541311468749999,0.1484768174107142
a3ed2fe218a724b4fepeni,2026-01-27 12:00:00,0.0233122999999993,28.8,65.0,0.0,12,2,0,0,0.0275680166666663,0.0244254083333331,0.1539538253472221,0.1484701917658729
a3ed2fe218a724b4fepeni,2026-01-27 13:00:00,0.2408490916666663,29.1,61.0,0.2,13,2,0,0,0.2848165999999996,0.2523494916666666,0.1521218458333332,0.1484017370039681
a3ed2fe218a724b4fepeni,2026-01-27 14:00:00,0.3292669249999996,26.8,75.0,0.0,14,2,0,0,0.3893753666666664,0.3449893166666662,0.1496173274305554,0.1483081513392856
a3ed2fe218a724b4fepeni,2026-01-27 15:00:00,0.3649002833333333,28.1,70.0,0.1,15,2,0,0,0.431513583333333,0.3823240749999996,0.1468417732638888,0.1482044382936507
a3ed2fe218a724b4fepeni,2026-01-27 16:00:00,0.3599844666666663,27.2,70.0,2.3,16,2,0,0,0.4753703166666665,0.4798760083333333,0.1420340295138888,0.1474907981646824
a3ed2fe218a724b4fepeni,2026-01-27 17:00:00,0.3928887083333328,27.0,72.0,0.8,17,2,0,0,0.523862933333333,0.5341635583333331,0.1365767701388887,0.1466498764384919
a3ed2fe218a724b4fepeni,2026-01-27 18:00:00,0.4022689833333331,26.9,72.0,0.0,18,2,0,0,0.5363702583333333,0.5469166916666667,0.1309892170138888,0.145788878174603
a3ed2fe218a724b4fepeni,2026-01-27 19:00:00,0.3977788749999997,26.6,75.0,0.0,19,2,0,0,0.530383375,0.5408121416666664,0.1254640295138887,0.1449374896825395
a3ed2fe218a724b4fepeni,2026-01-27 20:00:00,0.374907183333333,26.5,75.0,0.0,20,2,0,0,0.4998870749999999,0.5097161916666665,0.1202565340277776,0.1441350551091268
a3ed2fe218a724b4fepeni,2026-01-27 21:00:00,0.0,26.2,74.0,0.0,21,2,0,0,0.0,0.0,0.1202565340277776,0.1441350551091268
a3ed2fe218a724b4fepeni,2026-01-27 22:00:00,0.0,25.8,76.0,0.0,22,2,0,0,0.0,0.0,0.1202565340277776,0.1441350551091268
a3ed2fe218a724b4fepeni,2026-01-27 23:00:00,0.0,25.6,77.0,0.0,23,2,0,0,0.0,0.0,0.1202565340277776,0.1441350551091268
a3ed2fe218a724b4fepeni,2026-01-28 00:00:00,0.0,25.5,77.0,0.0,0,3,0,0,0.0,0.0,0.1202565340277776,0.1441350551091268
a3ed2fe218a724b4fepeni,2026-01-28 01:00:00,0.0,25.3,77.0,0.0,1,3,0,0,0.0,0.0,0.1202565340277776,0.1441350551091268
a3ed2fe218a724b4fepeni,2026-01-28 02:00:00,0.0,24.8,81.0,0.0,2,3,0,0,0.0,0.0,0.1202565340277776,0.1441350551091268
a3ed2fe218a724b4fepeni,2026-01-28 03:00:00,0.0,24.5,82.0,0.0,3,3,0,0,0.0,0.0,0.1202565340277776,0.1441350551091268
a3ed2fe218a724b4fepeni,2026-01-28 04:00:00,0.0,24.0,85.0,0.0,4,3,0,0,0.0,0.0,0.1202565340277776,0.1441350551091268
a3ed2fe218a724b4fepeni,2026-01-28 05:00:00,0.0,23.7,86.0,0.0,5,3,0,0,0.0,0.0,0.1202565340277776,0.1441350551091268
a3ed2fe218a724b4fepeni,2026-01-28 06:00:00,0.0,23.5,87.0,0.0,6,3,0,0,0.0,0.0,0.1202565340277776,0.1441350551091268
a3ed2fe218a724b4fepeni,2026-01-28 07:00:00,0.0,23.5,86.0,0.0,7,3,0,0,0.0,0.0,0.1202565340277776,0.1441350551091268
a3ed2fe218a724b4fepeni,2026-01-28 08:00:00,0.0,24.8,79.0,0.0,8,3,0,0,0.0,0.0,0.1202565340277776,0.1441350551091268
a3ed2fe218a724b4fepeni,2026-01-28 09:00:00,0.0,26.0,71.0,0.0,9,3,0,0,0.0,0.0,0.1202565340277776,0.1441350551091268
a3ed2fe218a724b4fepeni,2026-01-28 10:00:00,0.0,27.4,62.0,0.0,10,3,0,0,0.0,0.0,0.1202565340277776,0.1441350551091268
a3ed2fe218a724b4fepeni,2026-01-28 11:00:00,0.0,28.8,56.0,0.0,11,3,0,0,0.0,0.0,0.1202565340277776,0.1441350551091268
a3ed2fe218a724b4fepeni,2026-01-28 12:00:00,0.0174838583333331,29.7,51.0,0.0,12,3,0,0,0.0233122999999993,0.023770725,0.1200136822916665,0.14409763328373
a3ed2fe218a724b4fepeni,2026-01-28 13:00:00,0.1806328666666666,29.4,51.0,0.1,13,3,0,0,0.2408490916666663,0.245584833333333,0.1175046729166665,0.1437110144345237
a3ed2fe218a724b4fepeni,2026-01-28 14:00:00,0.2469448416666663,29.4,51.0,0.5,14,3,0,0,0.3292669249999996,0.3357412749999998,0.114074586111111,0.143182464236111
a3ed2fe218a724b4fepeni,2026-01-28 15:00:00,0.2736692583333333,29.5,50.0,0.1,15,3,0,0,0.3649002833333333,0.372075183333333,0.1102732934027776,0.1425967146825396
a3ed2fe218a724b4fepeni,2026-01-28 16:00:00,0.4312707666666663,29.6,48.0,0.0,16,3,0,0,0.3599844666666663,0.4000592416666665,0.1132435559027776,0.1427824975694443
a3ed2fe218a724b4fepeni,2026-01-28 17:00:00,0.4870622833333332,28.5,51.0,0.0,17,3,0,0,0.3928887083333328,0.4399756999999998,0.117167454861111,0.1430627748511903
a3ed2fe218a724b4fepeni,2026-01-28 18:00:00,0.4986909333333331,27.1,55.0,0.0,18,3,0,0,0.4022689833333331,0.450480158333333,0.121185036111111,0.1433497437499999
a3ed2fe218a724b4fepeni,2026-01-28 19:00:00,0.4931246416666666,26.0,60.0,0.0,19,3,0,0,0.3977788749999997,0.4454519583333333,0.1251577763888888,0.1436335097222221
a3ed2fe218a724b4fepeni,2026-01-28 20:00:00,0.4647706416666662,26.0,63.0,0.0,20,3,0,0,0.374907183333333,0.4198391583333331,0.1289020871527777,0.1439009590277777
a3ed2fe218a724b4fepeni,2026-01-28 21:00:00,0.0,25.4,67.0,0.0,21,3,0,0,0.0,0.0,0.1289020871527777,0.1439009590277777
a3ed2fe218a724b4fepeni,2026-01-28 22:00:00,0.0,25.0,69.0,0.0,22,3,0,0,0.0,0.0,0.1289020871527777,0.1439009590277777
a3ed2fe218a724b4fepeni,2026-01-28 23:00:00,0.0,24.7,70.0,0.0,23,3,0,0,0.0,0.0,0.1289020871527777,0.1439009590277777
a3ed2fe218a724b4fepeni,2026-01-29 00:00:00,0.0,24.2,73.0,0.0,0,4,0,0,0.0,0.0,0.1289020871527777,0.1439009590277777
a3ed2fe218a724b4fepeni,2026-01-29 01:00:00,0.0,24.0,72.0,0.0,1,4,0,0,0.0,0.0,0.1289020871527777,0.1439009590277777
a3ed2fe218a724b4fepeni,2026-01-29 02:00:00,0.0,23.7,75.0,0.0,2,4,0,0,0.0,0.0,0.1289020871527777,0.1439009590277777
a3ed2fe218a724b4fepeni,2026-01-29 03:00:00,0.0,23.6,75.0,0.0,3,4,0,0,0.0,0.0,0.1289020871527777,0.1439009590277777
a3ed2fe218a724b4fepeni,2026-01-29 04:00:00,0.0,23.3,77.0,0.0,4,4,0,0,0.0,0.0,0.1289020871527777,0.1439009590277777
a3ed2fe218a724b4fepeni,2026-01-29 05:00:00,0.0,23.0,79.0,0.0,5,4,0,0,0.0,0.0,0.1289020871527777,0.1439009590277777
a3ed2fe218a724b4fepeni,2026-01-29 06:00:00,0.0,22.7,81.0,0.0,6,4,0,0,0.0,0.0,0.1289020871527777,0.1439009590277777
a3ed2fe218a724b4fepeni,2026-01-29 07:00:00,0.0,22.6,81.0,0.0,7,4,0,0,0.0,0.0,0.1289020871527777,0.1439009590277777
a3ed2fe218a724b4fepeni,2026-01-29 08:00:00,0.0,24.0,76.0,0.0,8,4,0,0,0.0,0.0,0.1289020871527777,0.1439009590277777
a3ed2fe218a724b4fepeni,2026-01-29 09:00:00,0.0,25.7,63.0,0.0,9,4,0,0,0.0,0.0,0.1289020871527777,0.1439009590277777
a3ed2fe218a724b4fepeni,2026-01-29 10:00:00,0.0,27.7,53.0,0.0,10,4,0,0,0.0,0.0,0.1289020871527777,0.1439009590277777
a3ed2fe218a724b4fepeni,2026-01-29 11:00:00,0.0,29.4,46.0,0.0,11,4,0,0,0.0,0.0,0.1289020871527777,0.1439009590277777
a3ed2fe218a724b4fepeni,2026-01-29 12:00:00,0.021674675,30.4,42.0,0.1,12,4,0,0,0.0174838583333331,0.0195792666666663,0.1290767045138888,0.1439134316964284
a3ed2fe218a724b4fepeni,2026-01-29 13:00:00,0.2239297083333331,30.4,42.0,0.1,13,4,0,0,0.1806328666666666,0.2022814249999995,0.1308807395833332,0.1440422905257935
a3ed2fe218a724b4fepeni,2026-01-29 14:00:00,0.306136408333333,30.2,43.0,0.0,14,4,0,0,0.2469448416666663,0.2765407749999996,0.133347054861111,0.1442184550099205
a3ed2fe218a724b4fepeni,2026-01-29 15:00:00,0.3392664916666665,29.9,44.0,0.0,15,4,0,0,0.2736692583333333,0.3064680249999996,0.1360802729166666,0.1444136839781745
a3ed2fe218a724b4fepeni,2026-01-29 16:00:00,0.4515890749999998,29.0,48.0,0.0,16,4,0,0,0.4312707666666663,0.4167636249999996,0.1369268690972221,0.1446209783234126
a3ed2fe218a724b4fepeni,2026-01-29 17:00:00,0.5047314416666666,27.8,53.0,0.0,17,4,0,0,0.4870622833333332,0.4664722333333332,0.1376630840277777,0.1448487117063491
a3ed2fe218a724b4fepeni,2026-01-29 18:00:00,0.5167819666666663,26.6,58.0,0.0,18,4,0,0,0.4986909333333331,0.477609275,0.1384168770833332,0.1450818824900792
a3ed2fe218a724b4fepeni,2026-01-29 19:00:00,0.5110136583333333,25.8,62.0,0.0,19,4,0,0,0.4931246416666666,0.4722782166666662,0.1391622527777777,0.145312450595238
a3ed2fe218a724b4fepeni,2026-01-29 20:00:00,0.4816311583333331,25.9,60.0,0.0,20,4,0,0,0.4647706416666662,0.4451229583333333,0.1398647743055554,0.1455297613095237
a3ed2fe218a724b4fepeni,2026-01-29 21:00:00,0.0,25.7,62.0,0.0,21,4,0,0,0.0,0.0,0.1398647743055554,0.1455297613095237
a3ed2fe218a724b4fepeni,2026-01-29 22:00:00,0.0,25.3,63.0,0.0,22,4,0,0,0.0,0.0,0.1398647743055554,0.1455297613095237
a3ed2fe218a724b4fepeni,2026-01-29 23:00:00,0.0,25.0,64.0,0.0,23,4,0,0,0.0,0.0,0.1398647743055554,0.1455297613095237
a3ed2fe218a724b4fepeni,2026-01-30 00:00:00,0.0,24.6,66.0,0.0,0,5,0,0,0.0,0.0,0.1398647743055554,0.1455297613095237
a3ed2fe218a724b4fepeni,2026-01-30 01:00:00,0.0,24.0,69.0,0.0,1,5,0,0,0.0,0.0,0.1398647743055554,0.1455297613095237
a3ed2fe218a724b4fepeni,2026-01-30 02:00:00,0.0,23.5,72.0,0.0,2,5,0,0,0.0,0.0,0.1398647743055554,0.1455297613095237
a3ed2fe218a724b4fepeni,2026-01-30 03:00:00,0.0,23.1,75.0,0.0,3,5,0,0,0.0,0.0,0.1398647743055554,0.1455297613095237
a3ed2fe218a724b4fepeni,2026-01-30 04:00:00,0.0,23.0,77.0,0.0,4,5,0,0,0.0,0.0,0.1398647743055554,0.1455297613095237
a3ed2fe218a724b4fepeni,2026-01-30 05:00:00,0.0,22.7,79.0,0.0,5,5,0,0,0.0,0.0,0.1398647743055554,0.1455297613095237
a3ed2fe218a724b4fepeni,2026-01-30 06:00:00,0.0,22.6,80.0,0.0,6,5,0,0,0.0,0.0,0.1398647743055554,0.1455297613095237
a3ed2fe218a724b4fepeni,2026-01-30 07:00:00,0.0,22.8,79.0,0.0,7,5,0,0,0.0,0.0,0.1398647743055554,0.1455297613095237
a3ed2fe218a724b4fepeni,2026-01-30 08:00:00,0.0,24.0,75.0,0.0,8,5,0,0,0.0,0.0,0.1398647743055554,0.1455297613095237
a3ed2fe218a724b4fepeni,2026-01-30 09:00:00,0.0,25.5,68.0,0.0,9,5,0,0,0.0,0.0,0.1398647743055554,0.1455297613095237
a3ed2fe218a724b4fepeni,2026-01-30 10:00:00,0.0,26.8,60.0,0.1,10,5,0,0,0.0,0.0,0.1398647743055554,0.1455297613095237
a3ed2fe218a724b4fepeni,2026-01-30 11:00:00,0.0,28.4,52.0,0.2,11,5,0,0,0.0,0.0,0.1398647743055554,0.1455297613095237
a3ed2fe218a724b4fepeni,2026-01-30 12:00:00,0.0224609,28.9,51.0,1.4,12,5,0,0,0.021674675,0.020758375,0.1398975336805555,0.1455398953869046
a3ed2fe218a724b4fepeni,2026-01-30 13:00:00,0.2320532749999995,29.3,50.0,2.2,13,5,0,0,0.2239297083333331,0.2144633166666663,0.1402360156249999,0.1456445975198411
a3ed2fe218a724b4fepeni,2026-01-30 14:00:00,0.3172420583333331,29.6,49.0,1.7,14,5,0,0,0.306136408333333,0.2931947666666665,0.1406987510416666,0.1457877361607142
a3ed2fe218a724b4fepeni,2026-01-30 15:00:00,0.3515740166666661,29.0,52.0,0.4,15,5,0,0,0.3392664916666665,0.3249243499999998,0.1412115645833332,0.1459463651289681
a3ed2fe218a724b4fepeni,2026-01-30 16:00:00,0.5241736333333331,28.4,55.0,0.7,16,5,0,0,0.4515890749999998,0.4516099999999997,0.1442359211805554,0.146378291517857
a3ed2fe218a724b4fepeni,2026-01-30 17:00:00,0.5900857666666666,27.6,57.0,0.0,17,5,0,0,0.5047314416666666,0.506192583333333,0.1477923513888888,0.146877655704365
a3ed2fe218a724b4fepeni,2026-01-30 18:00:00,0.6041740333333331,26.3,64.0,0.0,18,5,0,0,0.5167819666666663,0.5182780249999996,0.1514336874999999,0.1473889414682538
a3ed2fe218a724b4fepeni,2026-01-30 19:00:00,0.597430383333333,25.5,68.0,0.0,19,5,0,0,0.5110136583333333,0.5124930666666664,0.1550343843749999,0.1478945207341268
a3ed2fe218a724b4fepeni,2026-01-30 20:00:00,0.5630789833333333,25.8,69.0,0.0,20,5,0,0,0.4816311583333331,0.483025441666666,0.1584280437499999,0.1483710299107141
a3ed2fe218a724b4fepeni,2026-01-30 21:00:00,0.0,25.4,71.0,0.0,21,5,0,0,0.0,0.0,0.1584280437499999,0.1483710299107141
a3ed2fe218a724b4fepeni,2026-01-30 22:00:00,0.0,24.9,75.0,0.0,22,5,0,0,0.0,0.0,0.1584280437499999,0.1483710299107141
a3ed2fe218a724b4fepeni,2026-01-30 23:00:00,0.0,24.5,78.0,0.0,23,5,0,0,0.0,0.0,0.1584280437499999,0.1483710299107141
a3ed2fe218a724b4fepeni,2026-01-31 00:00:00,0.0,24.0,81.0,0.0,0,6,1,0,0.0,0.0,0.1584280437499999,0.1483710299107141
a3ed2fe218a724b4fepeni,2026-01-31 01:00:00,0.0,23.9,83.0,0.0,1,6,1,0,0.0,0.0,0.1584280437499999,0.1483710299107141
a3ed2fe218a724b4fepeni,2026-01-31 02:00:00,0.0,23.9,81.0,0.0,2,6,1,0,0.0,0.0,0.1584280437499999,0.1483710299107141
a3ed2fe218a724b4fepeni,2026-01-31 03:00:00,0.0,23.4,81.0,0.0,3,6,1,0,0.0,0.0,0.1584280437499999,0.1483710299107141
a3ed2fe218a724b4fepeni,2026-01-31 04:00:00,0.0,23.0,82.0,0.0,4,6,1,0,0.0,0.0,0.1584280437499999,0.1483710299107141
a3ed2fe218a724b4fepeni,2026-01-31 05:00:00,0.0,23.0,81.0,0.0,5,6,1,0,0.0,0.0,0.1584280437499999,0.1483710299107141
a3ed2fe218a724b4fepeni,2026-01-31 06:00:00,0.0,22.8,79.0,0.0,6,6,1,0,0.0,0.0,0.1584280437499999,0.1483710299107141
a3ed2fe218a724b4fepeni,2026-01-31 07:00:00,0.0,22.8,79.0,0.0,7,6,1,0,0.0,0.0,0.1584280437499999,0.1483710299107141
a3ed2fe218a724b4fepeni,2026-01-31 08:00:00,0.0,24.0,75.0,0.0,8,6,1,0,0.0,0.0,0.1584280437499999,0.1483710299107141
a3ed2fe218a724b4fepeni,2026-01-31 09:00:00,0.0,25.1,68.0,0.0,9,6,1,0,0.0,0.0,0.1584280437499999,0.1483710299107141
a3ed2fe218a724b4fepeni,2026-01-31 10:00:00,0.0,26.5,63.0,0.0,10,6,1,0,0.0,0.0,0.1584280437499999,0.1483710299107141
a3ed2fe218a724b4fepeni,2026-01-31 11:00:00,0.0,28.8,54.0,0.0,11,6,1,0,0.0,0.0,0.1584280437499999,0.1483710299107141
a3ed2fe218a724b4fepeni,2026-01-31 12:00:00,0.0262592916666663,29.9,50.0,0.0,12,6,1,0,0.0224609,0.022525983333333,0.1585863100694443,0.1483932519841269
a3ed2fe218a724b4fepeni,2026-01-31 13:00:00,0.2712954083333327,30.1,49.0,0.0,13,6,1,0,0.2320532749999995,0.232725058333333,0.1602213989583332,0.1486228374007935
a3ed2fe218a724b4fepeni,2026-01-31 14:00:00,0.3708903749999999,27.6,57.0,0.2,14,6,1,0,0.3172420583333331,0.3181604999999996,0.162456745486111,0.1489367057043649
a3ed2fe218a724b4fepeni,2026-01-31 15:00:00,0.4110282,27.5,59.0,0.2,15,6,1,0,0.3515740166666661,0.3525918666666665,0.1649340031249999,0.1492845410218253
a3ed2fe218a724b4fepeni,2026-01-31 16:00:00,0.4366337833333331,27.8,59.0,0.0,16,6,1,0,0.5241736333333331,0.5464620249999999,0.1612865093749999,0.1486308014880951
a3ed2fe218a724b4fepeni,2026-01-31 17:00:00,0.4797051749999998,28.0,56.0,0.0,17,6,1,0,0.5900857666666666,0.616571883333333,0.1566873180555554,0.1478161187003967
a3ed2fe218a724b4fepeni,2026-01-31 18:00:00,0.4911581999999998,27.5,55.0,0.0,18,6,1,0,0.6041740333333331,0.6312925583333333,0.1519783249999999,0.1469819856150792
a3ed2fe218a724b4fepeni,2026-01-31 19:00:00,0.4856759249999998,26.5,59.0,0.0,19,6,1,0,0.597430383333333,0.6242462249999994,0.147321889236111,0.1461571624007935
a3ed2fe218a724b4fepeni,2026-01-31 20:00:00,0.457750283333333,25.9,59.0,0.0,20,6,1,0,0.5630789833333333,0.588352933333333,0.1429331934027777,0.1453797656746031
a3ed2fe218a724b4fepeni,2026-01-31 21:00:00,0.0,25.9,58.0,0.0,21,6,1,0,0.0,0.0,0.1429331934027777,0.1453797656746031
a3ed2fe218a724b4fepeni,2026-01-31 22:00:00,0.0,25.8,58.0,0.0,22,6,1,0,0.0,0.0,0.1429331934027777,0.1453797656746031
a3ed2fe218a724b4fepeni,2026-01-31 23:00:00,0.0,25.5,59.0,0.0,23,6,1,0,0.0,0.0,0.1429331934027777,0.1453797656746031
a3ed2fe218a724b4fepeni,2026-02-01 00:00:00,0.0,25.0,63.0,0.0,0,7,1,0,0.0,0.0,0.1429331934027777,0.1453797656746031
a3ed2fe218a724b4fepeni,2026-02-01 01:00:00,0.0,24.6,65.0,0.0,1,7,1,0,0.0,0.0,0.1429331934027777,0.1453797656746031
a3ed2fe218a724b4fepeni,2026-02-01 02:00:00,0.0,24.0,68.0,0.0,2,7,1,0,0.0,0.0,0.1429331934027777,0.1453797656746031
a3ed2fe218a724b4fepeni,2026-02-01 03:00:00,0.0,23.9,68.0,0.0,3,7,1,0,0.0,0.0,0.1429331934027777,0.1453797656746031
a3ed2fe218a724b4fepeni,2026-02-01 04:00:00,0.0,23.8,70.0,0.0,4,7,1,0,0.0,0.0,0.1429331934027777,0.1453797656746031
a3ed2fe218a724b4fepeni,2026-02-01 05:00:00,0.0,23.6,72.0,0.0,5,7,1,0,0.0,0.0,0.1429331934027777,0.1453797656746031
a3ed2fe218a724b4fepeni,2026-02-01 06:00:00,0.0,23.5,73.0,0.0,6,7,1,0,0.0,0.0,0.1429331934027777,0.1453797656746031
a3ed2fe218a724b4fepeni,2026-02-01 07:00:00,0.0,23.6,74.0,0.0,7,7,1,0,0.0,0.0,0.1429331934027777,0.1453797656746031
a3ed2fe218a724b4fepeni,2026-02-01 08:00:00,0.0,25.5,62.0,0.0,8,7,1,0,0.0,0.0,0.1429331934027777,0.1453797656746031
a3ed2fe218a724b4fepeni,2026-02-01 09:00:00,0.0,26.0,60.0,0.0,9,7,1,0,0.0,0.0,0.1429331934027777,0.1453797656746031
a3ed2fe218a724b4fepeni,2026-02-01 10:00:00,0.0,27.0,58.0,0.0,10,7,1,0,0.0,0.0,0.1429331934027777,0.1453797656746031
a3ed2fe218a724b4fepeni,2026-02-01 11:00:00,0.0,28.4,54.0,0.0,11,7,1,0,0.0,0.0,0.1429331934027777,0.1453797656746031
a3ed2fe218a724b4fepeni,2026-02-01 12:00:00,0.0213472416666663,30.1,48.0,0.0,12,7,1,0,0.0262592916666663,0.0274379416666663,0.1427285246527777,0.1453435115079364
a3ed2fe218a724b4fepeni,2026-02-01 13:00:00,0.2205473249999995,30.8,45.0,0.0,13,7,1,0,0.2712954083333327,0.2834725833333333,0.1406140211805554,0.1449689563988094
a3ed2fe218a724b4fepeni,2026-02-01 14:00:00,0.3015121999999996,30.0,49.0,0.0,14,7,1,0,0.3708903749999999,0.3875378916666663,0.1377232638888888,0.1444568987103174
a3ed2fe218a724b4fepeni,2026-02-01 15:00:00,0.3341418916666665,29.8,48.0,0.0,15,7,1,0,0.4110282,0.4294772833333333,0.1345196677083332,0.1438894261408729
a3ed2fe218a724b4fepeni,2026-02-01 16:00:00,0.4819956583333329,29.4,48.0,0.0,16,7,1,0,0.4366337833333331,0.55536665,0.1364097458333332,0.1434526940476189
a3ed2fe218a724b4fepeni,2026-02-01 17:00:00,0.5415168999999996,28.1,52.0,0.0,17,7,1,0,0.4797051749999998,0.6194952583333331,0.1389852343749998,0.1429885371527776
a3ed2fe218a724b4fepeni,2026-02-01 18:00:00,0.5544457166666664,27.3,53.0,0.0,18,7,1,0,0.4911581999999998,0.6342857749999998,0.141622214236111,0.1425132987103173
a3ed2fe218a724b4fepeni,2026-02-01 19:00:00,0.5482570666666666,26.8,55.0,0.0,19,7,1,0,0.4856759249999998,0.627205958333333,0.1442297618055554,0.1420433648313491
a3ed2fe218a724b4fepeni,2026-02-01 20:00:00,0.5167331166666663,26.4,57.0,0.0,20,7,1,0,0.457750283333333,0.5911425833333332,0.146687379861111,0.1416004513392856
a3ed2fe218a724b4fepeni,2026-02-01 21:00:00,0.0,26.2,58.0,0.0,21,7,1,0,0.0,0.0,0.146687379861111,0.1416004513392856
a3ed2fe218a724b4fepeni,2026-02-01 22:00:00,0.0,26.0,58.0,0.0,22,7,1,0,0.0,0.0,0.146687379861111,0.1416004513392856
a3ed2fe218a724b4fepeni,2026-02-01 23:00:00,0.0,26.0,58.0,0.0,23,7,1,0,0.0,0.0,0.146687379861111,0.1416004513392856
a3ed2fe218a724b4fepeni,2026-02-02 00:00:00,0.0,25.5,62.0,0.0,0,1,0,0,0.0,0.0,0.146687379861111,0.1416004513392856
a3ed2fe218a724b4fepeni,2026-02-02 01:00:00,0.0,25.2,64.0,0.0,1,1,0,0,0.0,0.0,0.146687379861111,0.1416004513392856
a3ed2fe218a724b4fepeni,2026-02-02 02:00:00,0.0,24.6,67.0,0.0,2,1,0,0,0.0,0.0,0.146687379861111,0.1416004513392856
a3ed2fe218a724b4fepeni,2026-02-02 03:00:00,0.0,24.5,68.0,0.0,3,1,0,0,0.0,0.0,0.146687379861111,0.1416004513392856
a3ed2fe218a724b4fepeni,2026-02-02 04:00:00,0.0,24.5,68.0,0.0,4,1,0,0,0.0,0.0,0.146687379861111,0.1416004513392856
a3ed2fe218a724b4fepeni,2026-02-02 05:00:00,0.0,24.3,69.0,0.0,5,1,0,0,0.0,0.0,0.146687379861111,0.1416004513392856
a3ed2fe218a724b4fepeni,2026-02-02 06:00:00,0.0,24.0,69.0,0.0,6,1,0,0,0.0,0.0,0.146687379861111,0.1416004513392856
a3ed2fe218a724b4fepeni,2026-02-02 07:00:00,0.0,23.9,70.0,0.0,7,1,0,0,0.0,0.0,0.146687379861111,0.1416004513392856
a3ed2fe218a724b4fepeni,2026-02-02 08:00:00,0.0,25.8,63.0,0.0,8,1,0,0,0.0,0.0,0.146687379861111,0.1416004513392856
a3ed2fe218a724b4fepeni,2026-02-02 09:00:00,0.0,27.0,56.0,0.0,9,1,0,0,0.0,0.0,0.146687379861111,0.1416004513392856
a3ed2fe218a724b4fepeni,2026-02-02 10:00:00,0.0,28.4,53.0,0.0,10,1,0,0,0.0,0.0,0.146687379861111,0.1416004513392856
a3ed2fe218a724b4fepeni,2026-02-02 11:00:00,0.0,30.2,47.0,0.0,11,1,0,0,0.0,0.0,0.146687379861111,0.1416004513392856
a3ed2fe218a724b4fepeni,2026-02-02 12:00:00,0.024097883333333,30.6,46.0,0.0,12,1,0,0,0.0213472416666663,0.0275680166666663,0.1468019899305554,0.14157979578373
a3ed2fe218a724b4fepeni,2026-02-02 13:00:00,0.248965633333333,30.6,47.0,0.0,13,1,0,0,0.2205473249999995,0.2848165999999996,0.147986086111111,0.1413663971726189
a3ed2fe218a724b4fepeni,2026-02-02 14:00:00,0.3403631416666665,30.2,49.0,0.0,14,1,0,0,0.3015121999999996,0.3893753666666664,0.1496048753472221,0.1410746577380951
a3ed2fe218a724b4fepeni,2026-02-02 15:00:00,0.3771972916666666,30.8,47.0,0.0,15,1,0,0,0.3341418916666665,0.431513583333333,0.1513988503472221,0.1407513464781745
a3ed2fe218a724b4fepeni,2026-02-02 16:00:00,0.547284483333333,30.5,47.0,0.0,16,1,0,0,0.4819956583333329,0.4753703166666665,0.1541192180555554,0.1411794069940475
a3ed2fe218a724b4fepeni,2026-02-02 17:00:00,0.615089108333333,29.3,50.0,0.0,17,1,0,0,0.5415168999999996,0.523862933333333,0.157184726736111,0.141722419940476
a3ed2fe218a724b4fepeni,2026-02-02 18:00:00,0.6297744249999996,28.0,54.0,0.0,18,1,0,0,0.5544457166666664,0.5363702583333333,0.1603234229166665,0.1422783971230158
a3ed2fe218a724b4fepeni,2026-02-02 19:00:00,0.6227449916666665,27.0,57.0,0.0,19,1,0,0,0.5482570666666666,0.530383375,0.1634270864583332,0.1428281686507935
a3ed2fe218a724b4fepeni,2026-02-02 20:00:00,0.5869380416666666,26.7,56.0,0.0,20,1,0,0,0.5167331166666663,0.4998870749999999,0.1663522916666665,0.1433463291666666
a3ed2fe218a724b4fepeni,2026-02-02 21:00:00,0.0,26.4,58.0,0.0,21,1,0,0,0.0,0.0,0.1663522916666665,0.1433463291666666
a3ed2fe218a724b4fepeni,2026-02-02 22:00:00,0.0,26.1,61.0,0.0,22,1,0,0,0.0,0.0,0.1663522916666665,0.1433463291666666
a3ed2fe218a724b4fepeni,2026-02-02 23:00:00,0.0,26.0,62.0,0.0,23,1,0,0,0.0,0.0,0.1663522916666665,0.1433463291666666
a3ed2fe218a724b4fepeni,2026-02-03 00:00:00,0.0,26.0,62.0,0.0,0,2,0,0,0.0,0.0,0.1663522916666665,0.1433463291666666
a3ed2fe218a724b4fepeni,2026-02-03 01:00:00,0.0,25.7,64.0,0.0,1,2,0,0,0.0,0.0,0.1663522916666665,0.1433463291666666
a3ed2fe218a724b4fepeni,2026-02-03 02:00:00,0.0,25.4,66.0,0.0,2,2,0,0,0.0,0.0,0.1663522916666665,0.1433463291666666
a3ed2fe218a724b4fepeni,2026-02-03 03:00:00,0.0,25.0,69.0,0.0,3,2,0,0,0.0,0.0,0.1663522916666665,0.1433463291666666
a3ed2fe218a724b4fepeni,2026-02-03 04:00:00,0.0,24.6,69.0,0.0,4,2,0,0,0.0,0.0,0.1663522916666665,0.1433463291666666
a3ed2fe218a724b4fepeni,2026-02-03 05:00:00,0.0,24.2,72.0,0.0,5,2,0,0,0.0,0.0,0.1663522916666665,0.1433463291666666
a3ed2fe218a724b4fepeni,2026-02-03 06:00:00,0.0,23.9,75.0,0.0,6,2,0,0,0.0,0.0,0.1663522916666665,0.1433463291666666
a3ed2fe218a724b4fepeni,2026-02-03 07:00:00,0.0,24.1,74.0,0.0,7,2,0,0,0.0,0.0,0.1663522916666665,0.1433463291666666
a3ed2fe218a724b4fepeni,2026-02-03 08:00:00,0.0,25.7,65.0,0.0,8,2,0,0,0.0,0.0,0.1663522916666665,0.1433463291666666
a3ed2fe218a724b4fepeni,2026-02-03 09:00:00,0.0,26.6,59.0,0.0,9,2,0,0,0.0,0.0,0.1663522916666665,0.1433463291666666
a3ed2fe218a724b4fepeni,2026-02-03 10:00:00,0.0,29.0,50.0,0.0,10,2,0,0,0.0,0.0,0.1663522916666665,0.1433463291666666
a3ed2fe218a724b4fepeni,2026-02-03 11:00:00,0.0,30.5,44.0,0.0,11,2,0,0,0.0,0.0,0.1663522916666665,0.1433463291666666
a3ed2fe218a724b4fepeni,2026-02-03 12:00:00,0.0273719416666663,31.0,42.0,0.0,12,2,0,0,0.024097883333333,0.0233122999999993,0.1664887107638888,0.1433704937003967
a3ed2fe218a724b4fepeni,2026-02-03 13:00:00,0.2827908166666664,31.3,40.0,0.0,13,2,0,0,0.248965633333333,0.2408490916666663,0.1678980934027777,0.1436201468253967
a3ed2fe218a724b4fepeni,2026-02-03 14:00:00,0.3866058999999998,30.9,40.0,0.0,14,2,0,0,0.3403631416666665,0.3292669249999996,0.1698248749999999,0.1439614502480157
a3ed2fe218a724b4fepeni,2026-02-03 15:00:00,0.4284444416666665,30.6,41.0,0.0,15,2,0,0,0.3771972916666666,0.3649002833333333,0.1719601729166665,0.1443396892857142
a3ed2fe218a724b4fepeni,2026-02-03 16:00:00,0.3912325499999995,30.0,42.0,0.0,16,2,0,0,0.547284483333333,0.3599844666666663,0.1654580090277776,0.1445256897817459
a3ed2fe218a724b4fepeni,2026-02-03 17:00:00,0.423801625,28.7,45.0,0.0,17,2,0,0,0.615089108333333,0.3928887083333328,0.1574876972222221,0.1447096952380951
a3ed2fe218a724b4fepeni,2026-02-03 18:00:00,0.4339199333333331,27.5,47.0,0.0,18,2,0,0,0.6297744249999996,0.4022689833333331,0.1493270934027777,0.1448980937499999
a3ed2fe218a724b4fepeni,2026-02-03 19:00:00,0.4290765999999997,27.0,48.0,0.0,19,2,0,0,0.6227449916666665,0.3977788749999997,0.1412575770833332,0.1450843897321427
a3ed2fe218a724b4fepeni,2026-02-03 20:00:00,0.4044052916666666,27.0,51.0,0.0,20,2,0,0,0.5869380416666666,0.374907183333333,0.1336520458333332,0.1452599737103173
a3ed2fe218a724b4fepeni,2026-02-03 21:00:00,0.0,26.9,53.0,0.0,21,2,0,0,0.0,0.0,0.1336520458333332,0.1452599737103173
a3ed2fe218a724b4fepeni,2026-02-03 22:00:00,0.0,26.3,58.0,0.0,22,2,0,0,0.0,0.0,0.1336520458333332,0.1452599737103173
a3ed2fe218a724b4fepeni,2026-02-03 23:00:00,0.0,25.8,62.0,0.0,23,2,0,0,0.0,0.0,0.1336520458333332,0.1452599737103173
a3ed2fe218a724b4fepeni,2026-02-04 00:00:00,0.0,25.4,66.0,0.0,0,3,0,0,0.0,0.0,0.1336520458333332,0.1452599737103173
a3ed2fe218a724b4fepeni,2026-02-04 01:00:00,0.0,25.0,69.0,0.0,1,3,0,0,0.0,0.0,0.1336520458333332,0.1452599737103173
a3ed2fe218a724b4fepeni,2026-02-04 02:00:00,0.0,24.3,75.0,0.0,2,3,0,0,0.0,0.0,0.1336520458333332,0.1452599737103173
a3ed2fe218a724b4fepeni,2026-02-04 03:00:00,0.0,24.0,73.0,0.0,3,3,0,0,0.0,0.0,0.1336520458333332,0.1452599737103173
a3ed2fe218a724b4fepeni,2026-02-04 04:00:00,0.0,23.6,74.0,0.0,4,3,0,0,0.0,0.0,0.1336520458333332,0.1452599737103173
a3ed2fe218a724b4fepeni,2026-02-04 05:00:00,0.0,23.4,74.0,0.0,5,3,0,0,0.0,0.0,0.1336520458333332,0.1452599737103173
a3ed2fe218a724b4fepeni,2026-02-04 06:00:00,0.0,23.4,74.0,0.0,6,3,0,0,0.0,0.0,0.1336520458333332,0.1452599737103173
a3ed2fe218a724b4fepeni,2026-02-04 07:00:00,0.0,23.4,74.0,0.0,7,3,0,0,0.0,0.0,0.1336520458333332,0.1452599737103173
a3ed2fe218a724b4fepeni,2026-02-04 08:00:00,0.0,24.6,73.0,0.0,8,3,0,0,0.0,0.0,0.1336520458333332,0.1452599737103173
a3ed2fe218a724b4fepeni,2026-02-04 09:00:00,0.0,26.5,63.0,0.0,9,3,0,0,0.0,0.0,0.1336520458333332,0.1452599737103173
a3ed2fe218a724b4fepeni,2026-02-04 10:00:00,0.0,28.1,55.0,0.0,10,3,0,0,0.0,0.0,0.1336520458333332,0.1452599737103173
a3ed2fe218a724b4fepeni,2026-02-04 11:00:00,0.0,29.8,48.0,0.0,11,3,0,0,0.0,0.0,0.1336520458333332,0.1452599737103173
a3ed2fe218a724b4fepeni,2026-02-04 12:00:00,0.0188595,30.9,44.0,0.0,12,3,0,0,0.0273719416666663,0.0174838583333331,0.1332973607638888,0.1452681620535713
a3ed2fe218a724b4fepeni,2026-02-04 13:00:00,0.19484535,31.3,43.0,0.0,13,3,0,0,0.2827908166666664,0.1806328666666666,0.1296329663194444,0.1453527601686507
a3ed2fe218a724b4fepeni,2026-02-04 14:00:00,0.2663747833333331,31.0,42.0,0.0,14,3,0,0,0.3866058999999998,0.2469448416666663,0.1246233364583332,0.1454684145833332
a3ed2fe218a724b4fepeni,2026-02-04 15:00:00,0.2952018749999998,30.8,42.0,0.0,15,3,0,0,0.4284444416666665,0.2736692583333333,0.1190715628472221,0.1455965849206348
a3ed2fe218a724b4fepeni,2026-02-04 16:00:00,0.2936908666666666,30.2,42.0,0.0,16,3,0,0,0.3912325499999995,0.4312707666666663,0.1150073260416666,0.1447776569444443
a3ed2fe218a724b4fepeni,2026-02-04 17:00:00,0.3207857833333331,29.1,47.0,0.0,17,3,0,0,0.423801625,0.4870622833333332,0.1107149993055554,0.1437879158730158
a3ed2fe218a724b4fepeni,2026-02-04 18:00:00,0.328444533333333,27.6,53.0,0.0,18,3,0,0,0.4339199333333331,0.4986909333333331,0.1063201909722221,0.1427745444444443
a3ed2fe218a724b4fepeni,2026-02-04 19:00:00,0.3247784666666665,26.5,60.0,0.0,19,3,0,0,0.4290765999999997,0.4931246416666666,0.1019744354166666,0.1417724838789681
a3ed2fe218a724b4fepeni,2026-02-04 20:00:00,0.306104183333333,26.9,57.0,0.0,20,3,0,0,0.4044052916666666,0.4647706416666662,0.0978785559027777,0.140828040674603
a3ed2fe218a724b4fepeni,2026-02-04 21:00:00,0.0,26.6,60.0,0.0,21,3,0,0,0.0,0.0,0.0978785559027777,0.140828040674603
a3ed2fe218a724b4fepeni,2026-02-04 22:00:00,0.0,26.4,61.0,0.0,22,3,0,0,0.0,0.0,0.0978785559027777,0.140828040674603
a3ed2fe218a724b4fepeni,2026-02-04 23:00:00,0.0,26.2,63.0,0.0,23,3,0,0,0.0,0.0,0.0978785559027777,0.140828040674603
a3ed2fe218a724b4fepeni,2026-02-05 00:00:00,0.0,25.8,65.0,0.0,0,4,0,0,0.0,0.0,0.0978785559027777,0.140828040674603
a3ed2fe218a724b4fepeni,2026-02-05 01:00:00,0.0,25.4,67.0,0.0,1,4,0,0,0.0,0.0,0.0978785559027777,0.140828040674603
a3ed2fe218a724b4fepeni,2026-02-05 02:00:00,0.0,25.0,69.0,0.0,2,4,0,0,0.0,0.0,0.0978785559027777,0.140828040674603
a3ed2fe218a724b4fepeni,2026-02-05 03:00:00,0.0,24.6,71.0,0.0,3,4,0,0,0.0,0.0,0.0978785559027777,0.140828040674603
a3ed2fe218a724b4fepeni,2026-02-05 04:00:00,0.0,24.1,74.0,0.0,4,4,0,0,0.0,0.0,0.0978785559027777,0.140828040674603
a3ed2fe218a724b4fepeni,2026-02-05 05:00:00,0.0,23.5,78.0,0.0,5,4,0,0,0.0,0.0,0.0978785559027777,0.140828040674603
a3ed2fe218a724b4fepeni,2026-02-05 06:00:00,0.0,22.9,79.0,0.0,6,4,0,0,0.0,0.0,0.0978785559027777,0.140828040674603
a3ed2fe218a724b4fepeni,2026-02-05 07:00:00,0.0,22.6,80.0,0.0,7,4,0,0,0.0,0.0,0.0978785559027777,0.140828040674603
a3ed2fe218a724b4fepeni,2026-02-05 08:00:00,0.0,24.0,75.0,0.0,8,4,0,0,0.0,0.0,0.0978785559027777,0.140828040674603
a3ed2fe218a724b4fepeni,2026-02-05 09:00:00,0.0,26.0,64.0,0.0,9,4,0,0,0.0,0.0,0.0978785559027777,0.140828040674603
a3ed2fe218a724b4fepeni,2026-02-05 10:00:00,0.0,28.5,50.0,0.0,10,4,0,0,0.0,0.0,0.0978785559027777,0.140828040674603
a3ed2fe218a724b4fepeni,2026-02-05 11:00:00,0.0,30.2,39.0,0.0,11,4,0,0,0.0,0.0,0.0978785559027777,0.140828040674603
a3ed2fe218a724b4fepeni,2026-02-05 12:00:00,0.01427525,31.0,35.0,0.0,12,4,0,0,0.0188595,0.021674675,0.097687545486111,0.1407839964781745
a3ed2fe218a724b4fepeni,2026-02-05 13:00:00,0.1474831666666663,31.5,33.0,0.0,13,4,0,0,0.19484535,0.2239297083333331,0.0957141211805554,0.1403289575396824
a3ed2fe218a724b4fepeni,2026-02-05 14:00:00,0.2016255333333333,31.9,31.0,0.0,14,4,0,0,0.2663747833333331,0.306136408333333,0.0930162357638888,0.1397068689980158
a3ed2fe218a724b4fepeni,2026-02-05 15:00:00,0.2234455166666663,31.5,33.0,0.0,15,4,0,0,0.2952018749999998,0.3392664916666665,0.0900263874999999,0.1390174584325396
a3ed2fe218a724b4fepeni,2026-02-05 16:00:00,0.0804338249999996,30.6,39.0,0.0,16,4,0,0,0.2936908666666666,0.4515890749999998,0.0811406774305554,0.1368082009920634
a3ed2fe218a724b4fepeni,2026-02-05 17:00:00,0.0735750916666665,29.3,46.0,0.0,17,4,0,0,0.3207857833333331,0.5047314416666666,0.0708402319444443,0.1342417941468253
a3ed2fe218a724b4fepeni,2026-02-05 18:00:00,0.0753316999999998,27.7,52.0,0.0,18,4,0,0,0.328444533333333,0.5167819666666663,0.0602938638888888,0.1316141139880951
a3ed2fe218a724b4fepeni,2026-02-05 19:00:00,0.0744909249999998,26.8,57.0,0.0,19,4,0,0,0.3247784666666665,0.5110136583333333,0.0498652163194443,0.1290157643849205
a3ed2fe218a724b4fepeni,2026-02-05 20:00:00,0.0702078333333329,26.6,59.0,0.0,20,4,0,0,0.306104183333333,0.4816311583333331,0.040036201736111,0.1265668160218253
a3ed2fe218a724b4fepeni,2026-02-05 21:00:00,0.0,26.5,59.0,0.0,21,4,0,0,0.0,0.0,0.040036201736111,0.1265668160218253
a3ed2fe218a724b4fepeni,2026-02-05 22:00:00,0.0,26.2,60.0,0.0,22,4,0,0,0.0,0.0,0.040036201736111,0.1265668160218253
a3ed2fe218a724b4fepeni,2026-02-05 23:00:00,0.0,26.1,60.0,0.0,23,4,0,0,0.0,0.0,0.040036201736111,0.1265668160218253
a3ed2fe218a724b4fepeni,2026-02-06 00:00:00,0.0,25.9,61.0,0.0,0,5,0,0,0.0,0.0,0.040036201736111,0.1265668160218253
a3ed2fe218a724b4fepeni,2026-02-06 01:00:00,0.0,25.5,63.0,0.0,1,5,0,0,0.0,0.0,0.040036201736111,0.1265668160218253
a3ed2fe218a724b4fepeni,2026-02-06 02:00:00,0.0,25.1,63.0,0.0,2,5,0,0,0.0,0.0,0.040036201736111,0.1265668160218253
a3ed2fe218a724b4fepeni,2026-02-06 03:00:00,0.0,24.8,65.0,0.0,3,5,0,0,0.0,0.0,0.040036201736111,0.1265668160218253
a3ed2fe218a724b4fepeni,2026-02-06 04:00:00,0.0,24.2,68.0,0.0,4,5,0,0,0.0,0.0,0.040036201736111,0.1265668160218253
a3ed2fe218a724b4fepeni,2026-02-06 05:00:00,0.0,23.8,70.0,0.0,5,5,0,0,0.0,0.0,0.040036201736111,0.1265668160218253
a3ed2fe218a724b4fepeni,2026-02-06 06:00:00,0.0,23.4,71.0,0.0,6,5,0,0,0.0,0.0,0.040036201736111,0.1265668160218253
a3ed2fe218a724b4fepeni,2026-02-06 07:00:00,0.0,23.1,72.0,0.0,7,5,0,0,0.0,0.0,0.040036201736111,0.1265668160218253
a3ed2fe218a724b4fepeni,2026-02-06 08:00:00,0.0,24.5,67.0,0.0,8,5,0,0,0.0,0.0,0.040036201736111,0.1265668160218253
a3ed2fe218a724b4fepeni,2026-02-06 09:00:00,0.0,26.0,60.0,0.0,9,5,0,0,0.0,0.0,0.040036201736111,0.1265668160218253
a3ed2fe218a724b4fepeni,2026-02-06 10:00:00,0.0,28.4,50.0,0.0,10,5,0,0,0.0,0.0,0.040036201736111,0.1265668160218253
a3ed2fe218a724b4fepeni,2026-02-06 11:00:00,0.0,30.0,45.0,0.0,11,5,0,0,0.0,0.0,0.040036201736111,0.1265668160218253
a3ed2fe218a724b4fepeni,2026-02-06 12:00:00,0.00327885,30.9,44.0,0.0,12,5,0,0,0.01427525,0.0224609,0.0395780184027776,0.1264526371527777
a3ed2fe218a724b4fepeni,2026-02-06 13:00:00,0.0338265666666663,31.1,44.0,0.0,13,5,0,0,0.1474831666666663,0.2320532749999995,0.034842326736111,0.1252727162698411
a3ed2fe218a724b4fepeni,2026-02-06 14:00:00,0.0462446249999995,30.3,46.0,0.0,14,5,0,0,0.2016255333333333,0.3172420583333331,0.0283681222222221,0.1236596363095237
a3ed2fe218a724b4fepeni,2026-02-06 15:00:00,0.0512492333333333,30.5,47.0,0.0,15,5,0,0,0.2234455166666663,0.3515740166666661,0.0211932770833332,0.1218719887896824
a3ed2fe218a724b4fepeni,2026-02-06 16:00:00,0.2892557416666663,29.5,51.0,0.0,16,5,0,0,0.0804338249999996,0.5241736333333331,0.0298941902777776,0.1204736680059523
a3ed2fe218a724b4fepeni,2026-02-06 17:00:00,0.3399237166666665,28.0,55.0,0.1,17,5,0,0,0.0735750916666665,0.5900857666666666,0.0409920496527776,0.1189846081845237
a3ed2fe218a724b4fepeni,2026-02-06 18:00:00,0.3480394166666661,27.0,58.0,0.2,18,5,0,0,0.0753316999999998,0.6041740333333331,0.0523548711805554,0.1174599973710316
a3ed2fe218a724b4fepeni,2026-02-06 19:00:00,0.3441546916666663,26.4,62.0,0.1,19,5,0,0,0.0744909249999998,0.597430383333333,0.0635908614583332,0.1159524039682538
a3ed2fe218a724b4fepeni,2026-02-06 20:00:00,0.3243663249999995,26.4,67.0,0.0,20,5,0,0,0.0702078333333329,0.5630789833333333,0.074180798611111,0.1145314952876983
a3ed2fe218a724b4fepeni,2026-02-06 21:00:00,0.0,26.6,67.0,0.0,21,5,0,0,0.0,0.0,0.074180798611111,0.1145314952876983
a3ed2fe218a724b4fepeni,2026-02-06 22:00:00,0.0,26.5,67.0,0.0,22,5,0,0,0.0,0.0,0.074180798611111,0.1145314952876983
a3ed2fe218a724b4fepeni,2026-02-06 23:00:00,0.0,26.2,69.0,0.0,23,5,0,0,0.0,0.0,0.074180798611111,0.1145314952876983
a3ed2fe218a724b4fepeni,2026-02-07 00:00:00,0.0,25.9,72.0,0.0,0,6,1,0,0.0,0.0,0.074180798611111,0.1145314952876983
a3ed2fe218a724b4fepeni,2026-02-07 01:00:00,0.0,25.7,72.0,0.0,1,6,1,0,0.0,0.0,0.074180798611111,0.1145314952876983
a3ed2fe218a724b4fepeni,2026-02-07 02:00:00,0.0,25.7,70.0,0.0,2,6,1,0,0.0,0.0,0.074180798611111,0.1145314952876983
a3ed2fe218a724b4fepeni,2026-02-07 03:00:00,0.0,25.4,72.0,0.0,3,6,1,0,0.0,0.0,0.074180798611111,0.1145314952876983
a3ed2fe218a724b4fepeni,2026-02-07 04:00:00,0.0,24.5,80.0,1.0,4,6,1,0,0.0,0.0,0.074180798611111,0.1145314952876983
a3ed2fe218a724b4fepeni,2026-02-07 05:00:00,0.0,24.5,79.0,0.0,5,6,1,0,0.0,0.0,0.074180798611111,0.1145314952876983
a3ed2fe218a724b4fepeni,2026-02-07 06:00:00,0.0,24.6,78.0,0.0,6,6,1,0,0.0,0.0,0.074180798611111,0.1145314952876983
a3ed2fe218a724b4fepeni,2026-02-07 07:00:00,0.0,24.9,77.0,0.0,7,6,1,0,0.0,0.0,0.074180798611111,0.1145314952876983
a3ed2fe218a724b4fepeni,2026-02-07 08:00:00,0.0,25.2,78.0,0.0,8,6,1,0,0.0,0.0,0.074180798611111,0.1145314952876983
a3ed2fe218a724b4fepeni,2026-02-07 09:00:00,0.0,26.3,74.0,0.0,9,6,1,0,0.0,0.0,0.074180798611111,0.1145314952876983
a3ed2fe218a724b4fepeni,2026-02-07 10:00:00,0.0,27.8,69.0,0.0,10,6,1,0,0.0,0.0,0.074180798611111,0.1145314952876983
a3ed2fe218a724b4fepeni,2026-02-07 11:00:00,0.0,27.1,74.0,1.7,11,6,1,0,0.0,0.0,0.074180798611111,0.1145314952876983
a3ed2fe218a724b4fepeni,2026-02-07 12:00:00,0.0151268333333331,27.5,72.0,0.1,12,6,1,0,0.00327885,0.0262592916666663,0.0746744645833332,0.1144652306547618
a3ed2fe218a724b4fepeni,2026-02-07 13:00:00,0.156281933333333,27.4,71.0,0.1,13,6,1,0,0.0338265666666663,0.2712954083333327,0.0797767715277776,0.1137806266369046
a3ed2fe218a724b4fepeni,2026-02-07 14:00:00,0.2136544249999996,28.9,64.0,1.6,14,6,1,0,0.0462446249999995,0.3708903749999999,0.086752179861111,0.1128446983630951
a3ed2fe218a724b4fepeni,2026-02-07 15:00:00,0.2367761583333328,28.0,66.0,0.0,15,6,1,0,0.0512492333333333,0.4110282,0.0944824684027776,0.1118074838293649
a3ed2fe218a724b4fepeni,2026-02-07 16:00:00,0.3272526916666663,27.5,70.0,0.0,16,6,1,0,0.2892557416666663,0.4366337833333331,0.0960656746527776,0.1111564059027777
a3ed2fe218a724b4fepeni,2026-02-07 17:00:00,0.3666725916666665,27.1,74.0,0.0,17,6,1,0,0.3399237166666665,0.4797051749999998,0.0971802111111109,0.1104835929067459
a3ed2fe218a724b4fepeni,2026-02-07 18:00:00,0.3754268666666666,26.6,78.0,0.0,18,6,1,0,0.3480394166666661,0.4911581999999998,0.0983213548611109,0.1097947159226189
a3ed2fe218a724b4fepeni,2026-02-07 19:00:00,0.3712364416666663,26.2,79.0,0.0,19,6,1,0,0.3441546916666663,0.4856759249999998,0.0994497611111109,0.1091135285218253
a3ed2fe218a724b4fepeni,2026-02-07 20:00:00,0.3498909333333333,26.0,82.0,1.5,20,6,1,0,0.3243663249999995,0.457750283333333,0.1005132864583332,0.1084715085813491
a3ed2fe218a724b4fepeni,2026-02-07 21:00:00,0.0,26.1,82.0,0.0,21,6,1,0,0.0,0.0,0.1005132864583332,0.1084715085813491
a3ed2fe218a724b4fepeni,2026-02-07 22:00:00,0.0,25.9,85.0,0.0,22,6,1,0,0.0,0.0,0.1005132864583332,0.1084715085813491
a3ed2fe218a724b4fepeni,2026-02-07 23:00:00,0.0,25.6,88.0,0.0,23,6,1,0,0.0,0.0,0.1005132864583332,0.1084715085813491
a3ed2fe218a724b4fepeni,2026-02-08 00:00:00,0.0,25.4,89.0,0.0,0,7,1,0,0.0,0.0,0.1005132864583332,0.1084715085813491
a3ed2fe218a724b4fepeni,2026-02-08 01:00:00,0.0,25.5,86.0,0.0,1,7,1,0,0.0,0.0,0.1005132864583332,0.1084715085813491
a3ed2fe218a724b4fepeni,2026-02-08 02:00:00,0.0,25.5,86.0,0.0,2,7,1,0,0.0,0.0,0.1005132864583332,0.1084715085813491
a3ed2fe218a724b4fepeni,2026-02-08 03:00:00,0.0,25.5,86.0,0.0,3,7,1,0,0.0,0.0,0.1005132864583332,0.1084715085813491
a3ed2fe218a724b4fepeni,2026-02-08 04:00:00,0.0,25.3,85.0,0.2,4,7,1,0,0.0,0.0,0.1005132864583332,0.1084715085813491
a3ed2fe218a724b4fepeni,2026-02-08 05:00:00,0.0,25.2,85.0,0.0,5,7,1,0,0.0,0.0,0.1005132864583332,0.1084715085813491
a3ed2fe218a724b4fepeni,2026-02-08 06:00:00,0.0,25.4,78.0,0.0,6,7,1,0,0.0,0.0,0.1005132864583332,0.1084715085813491
a3ed2fe218a724b4fepeni,2026-02-08 07:00:00,0.0,25.5,74.0,0.0,7,7,1,0,0.0,0.0,0.1005132864583332,0.1084715085813491
a3ed2fe218a724b4fepeni,2026-02-08 08:00:00,0.0,24.9,84.0,0.0,8,7,1,0,0.0,0.0,0.1005132864583332,0.1084715085813491
a3ed2fe218a724b4fepeni,2026-02-08 09:00:00,0.0,25.1,81.0,0.2,9,7,1,0,0.0,0.0,0.1005132864583332,0.1084715085813491
a3ed2fe218a724b4fepeni,2026-02-08 10:00:00,0.0,25.4,81.0,0.3,10,7,1,0,0.0,0.0,0.1005132864583332,0.1084715085813491
a3ed2fe218a724b4fepeni,2026-02-08 11:00:00,0.0,26.0,76.0,0.4,11,7,1,0,0.0,0.0,0.1005132864583332,0.1084715085813491
a3ed2fe218a724b4fepeni,2026-02-08 12:00:00,0.0163172166666663,26.5,72.0,0.4,12,7,1,0,0.0151268333333331,0.0213472416666663,0.1005628857638887,0.1084415679563491
a3ed2fe218a724b4fepeni,2026-02-08 13:00:00,0.1685798916666665,26.6,71.0,2.0,13,7,1,0,0.156281933333333,0.2205473249999995,0.1010753006944443,0.1081322379960316
a3ed2fe218a724b4fepeni,2026-02-08 14:00:00,0.2304670999999998,27.2,68.0,0.2,14,7,1,0,0.2136544249999996,0.3015121999999996,0.1017758288194443,0.1077093504960316
a3ed2fe218a724b4fepeni,2026-02-08 15:00:00,0.255408208333333,27.0,69.0,0.1,15,7,1,0,0.2367761583333328,0.3341418916666665,0.102552164236111,0.1072406976190475
a3ed2fe218a724b4fepeni,2026-02-08 16:00:00,0.3182842249999996,27.1,66.0,0.0,16,7,1,0,0.3272526916666663,0.4819956583333329,0.1021784781249999,0.1062662248015871
a3ed2fe218a724b4fepeni,2026-02-08 17:00:00,0.3541083499999995,26.7,69.0,0.0,17,7,1,0,0.3666725916666665,0.5415168999999996,0.1016549680555554,0.1051506977182538
a3ed2fe218a724b4fepeni,2026-02-08 18:00:00,0.3625626583333333,25.9,75.0,0.0,18,7,1,0,0.3754268666666666,0.5544457166666664,0.1011189593749999,0.1040085366567459
a3ed2fe218a724b4fepeni,2026-02-08 19:00:00,0.3585158166666663,25.4,80.0,0.0,19,7,1,0,0.3712364416666663,0.5482570666666666,0.1005889333333332,0.1028791244543649
a3ed2fe218a724b4fepeni,2026-02-08 20:00:00,0.3379016833333333,25.0,75.0,0.0,20,7,1,0,0.3498909333333333,0.5167331166666663,0.1000893812499999,0.1018146516369046
a3ed2fe218a724b4fepeni,2026-02-08 21:00:00,0.0,24.8,77.0,0.0,21,7,1,0,0.0,0.0,0.1000893812499999,0.1018146516369046
a3ed2fe218a724b4fepeni,2026-02-08 22:00:00,0.0,24.6,80.0,0.0,22,7,1,0,0.0,0.0,0.1000893812499999,0.1018146516369046
a3ed2fe218a724b4fepeni,2026-02-08 23:00:00,0.0,24.5,81.0,0.0,23,7,1,0,0.0,0.0,0.1000893812499999,0.1018146516369046
a3ed2fe218a724b4fepeni,2026-02-09 00:00:00,0.0,24.1,80.0,0.0,0,1,0,0,0.0,0.0,0.1000893812499999,0.1018146516369046
a3ed2fe218a724b4fepeni,2026-02-09 01:00:00,0.0,23.9,80.0,0.0,1,1,0,0,0.0,0.0,0.1000893812499999,0.1018146516369046
a3ed2fe218a724b4fepeni,2026-02-09 02:00:00,0.0,23.5,82.0,0.0,2,1,0,0,0.0,0.0,0.1000893812499999,0.1018146516369046
a3ed2fe218a724b4fepeni,2026-02-09 03:00:00,0.0,23.5,81.0,0.0,3,1,0,0,0.0,0.0,0.1000893812499999,0.1018146516369046
a3ed2fe218a724b4fepeni,2026-02-09 04:00:00,0.0,23.1,81.0,0.0,4,1,0,0,0.0,0.0,0.1000893812499999,0.1018146516369046
a3ed2fe218a724b4fepeni,2026-02-09 05:00:00,0.0,23.1,81.0,0.0,5,1,0,0,0.0,0.0,0.1000893812499999,0.1018146516369046
a3ed2fe218a724b4fepeni,2026-02-09 06:00:00,0.0,23.0,83.0,0.0,6,1,0,0,0.0,0.0,0.1000893812499999,0.1018146516369046
a3ed2fe218a724b4fepeni,2026-02-09 07:00:00,0.0,23.1,82.0,0.0,7,1,0,0,0.0,0.0,0.1000893812499999,0.1018146516369046
a3ed2fe218a724b4fepeni,2026-02-09 08:00:00,0.0,24.4,72.0,0.0,8,1,0,0,0.0,0.0,0.1000893812499999,0.1018146516369046
a3ed2fe218a724b4fepeni,2026-02-09 09:00:00,0.0,24.9,68.0,0.0,9,1,0,0,0.0,0.0,0.1000893812499999,0.1018146516369046
a3ed2fe218a724b4fepeni,2026-02-09 10:00:00,0.0,25.2,66.0,0.0,10,1,0,0,0.0,0.0,0.1000893812499999,0.1018146516369046
a3ed2fe218a724b4fepeni,2026-02-09 11:00:00,0.0,26.2,62.0,0.0,11,1,0,0,0.0,0.0,0.1000893812499999,0.1018146516369046
a3ed2fe218a724b4fepeni,2026-02-09 12:00:00,0.01575805,26.7,60.0,0.0,12,1,0,0,0.0163172166666663,0.024097883333333,0.1000660826388888,0.1017650097718253
a3ed2fe218a724b4fepeni,2026-02-09 13:00:00,0.162803375,27.0,59.0,0.0,13,1,0,0,0.1685798916666665,0.248965633333333,0.0998253944444443,0.1012521391865078
a3ed2fe218a724b4fepeni,2026-02-09 14:00:00,0.2225699833333331,27.2,57.0,0.0,14,1,0,0,0.2304670999999998,0.3403631416666665,0.0994963479166666,0.1005509894345237
a3ed2fe218a724b4fepeni,2026-02-09 15:00:00,0.2466565499999997,26.6,60.0,0.0,15,1,0,0,0.255408208333333,0.3771972916666666,0.099131695486111,0.0997739612103173
a3ed2fe218a724b4fepeni,2026-02-09 16:00:00,0.2964847666666665,26.4,61.0,0.0,16,1,0,0,0.3182842249999996,0.547284483333333,0.0982233847222221,0.0982811057539681
a3ed2fe218a724b4fepeni,2026-02-09 17:00:00,0.3289798833333331,25.7,64.0,0.0,17,1,0,0,0.3541083499999995,0.615089108333333,0.0971763652777777,0.0965780746527776
a3ed2fe218a724b4fepeni,2026-02-09 18:00:00,0.336834333333333,24.9,71.0,0.0,18,1,0,0,0.3625626583333333,0.6297744249999996,0.096104351736111,0.0948343836309523
a3ed2fe218a724b4fepeni,2026-02-09 19:00:00,0.3330745749999996,24.5,75.0,0.0,19,1,0,0,0.3585158166666663,0.6227449916666665,0.0950442999999999,0.0931101549603173
a3ed2fe218a724b4fepeni,2026-02-09 20:00:00,0.3139232749999996,24.4,77.0,0.0,20,1,0,0,0.3379016833333333,0.5869380416666666,0.0940451996527777,0.0914850670634919
a3ed2fe218a724b4fepeni,2026-02-09 21:00:00,0.0,24.0,78.0,0.0,21,1,0,0,0.0,0.0,0.0940451996527777,0.0914850670634919
a3ed2fe218a724b4fepeni,2026-02-09 22:00:00,0.0,23.6,79.0,0.0,22,1,0,0,0.0,0.0,0.0940451996527777,0.0914850670634919
a3ed2fe218a724b4fepeni,2026-02-09 23:00:00,0.0,23.5,79.0,0.0,23,1,0,0,0.0,0.0,0.0940451996527777,0.0914850670634919
a3ed2fe218a724b4fepeni,2026-02-10 00:00:00,0.0,23.3,81.0,0.0,0,2,0,0,0.0,0.0,0.0940451996527777,0.0914850670634919
a3ed2fe218a724b4fepeni,2026-02-10 01:00:00,0.0,23.1,83.0,0.0,1,2,0,0,0.0,0.0,0.0940451996527777,0.0914850670634919
a3ed2fe218a724b4fepeni,2026-02-10 02:00:00,0.0,22.8,89.0,0.0,2,2,0,0,0.0,0.0,0.0940451996527777,0.0914850670634919
a3ed2fe218a724b4fepeni,2026-02-10 03:00:00,0.0,22.9,86.0,0.0,3,2,0,0,0.0,0.0,0.0940451996527777,0.0914850670634919
a3ed2fe218a724b4fepeni,2026-02-10 04:00:00,0.0,22.6,87.0,0.0,4,2,0,0,0.0,0.0,0.0940451996527777,0.0914850670634919
a3ed2fe218a724b4fepeni,2026-02-10 05:00:00,0.0,22.5,88.0,0.0,5,2,0,0,0.0,0.0,0.0940451996527777,0.0914850670634919
a3ed2fe218a724b4fepeni,2026-02-10 06:00:00,0.0,22.4,88.0,0.0,6,2,0,0,0.0,0.0,0.0940451996527777,0.0914850670634919
a3ed2fe218a724b4fepeni,2026-02-10 07:00:00,0.0,22.5,88.0,0.0,7,2,0,0,0.0,0.0,0.0940451996527777,0.0914850670634919
a3ed2fe218a724b4fepeni,2026-02-10 08:00:00,0.0,23.9,80.0,0.0,8,2,0,0,0.0,0.0,0.0940451996527777,0.0914850670634919
a3ed2fe218a724b4fepeni,2026-02-10 09:00:00,0.0,24.8,76.0,0.0,9,2,0,0,0.0,0.0,0.0940451996527777,0.0914850670634919
a3ed2fe218a724b4fepeni,2026-02-10 10:00:00,0.0,26.5,66.0,0.0,10,2,0,0,0.0,0.0,0.0940451996527777,0.0914850670634919
a3ed2fe218a724b4fepeni,2026-02-10 11:00:00,0.0,28.0,59.0,0.0,11,2,0,0,0.0,0.0,0.0940451996527777,0.0914850670634919
a3ed2fe218a724b4fepeni,2026-02-10 12:00:00,0.0146398999999994,29.5,53.0,0.0,12,2,0,0,0.01575805,0.0273719416666663,0.0939986100694443,0.0914092811011903
a3ed2fe218a724b4fepeni,2026-02-10 13:00:00,0.1512504499999995,30.2,50.0,0.0,13,2,0,0,0.162803375,0.2827908166666664,0.0935172381944443,0.0906263027281745
a3ed2fe218a724b4fepeni,2026-02-10 14:00:00,0.2067758499999999,29.6,53.0,0.0,14,2,0,0,0.2225699833333331,0.3866058999999998,0.0928591493055554,0.0895558857638888
a3ed2fe218a724b4fepeni,2026-02-10 15:00:00,0.2291531499999999,29.5,53.0,0.0,15,2,0,0,0.2466565499999997,0.4284444416666665,0.0921298409722221,0.0883696280753967
a3ed2fe218a724b4fepeni,2026-02-10 16:00:00,0.2950154749999999,28.8,55.0,0.0,16,2,0,0,0.2964847666666665,0.3912325499999995,0.092068620486111,0.0877969073908729
a3ed2fe218a724b4fepeni,2026-02-10 17:00:00,0.3289798833333331,28.0,58.0,0.0,17,2,0,0,0.3289798833333331,0.423801625,0.092068620486111,0.0872324922619046
a3ed2fe218a724b4fepeni,2026-02-10 18:00:00,0.336834333333333,26.5,64.0,0.0,18,2,0,0,0.336834333333333,0.4339199333333331,0.092068620486111,0.0866546017857141
a3ed2fe218a724b4fepeni,2026-02-10 19:00:00,0.3330745749999996,25.5,71.0,0.0,19,2,0,0,0.3330745749999996,0.4290765999999997,0.092068620486111,0.0860831611607142
a3ed2fe218a724b4fepeni,2026-02-10 20:00:00,0.3139232749999996,25.3,73.0,0.0,20,2,0,0,0.3139232749999996,0.4044052916666666,0.092068620486111,0.0855445777281745
a3ed2fe218a724b4fepeni,2026-02-10 21:00:00,0.0,25.1,74.0,0.0,21,2,0,0,0.0,0.0,0.092068620486111,0.0855445777281745
a3ed2fe218a724b4fepeni,2026-02-10 22:00:00,0.0,25.1,74.0,0.0,22,2,0,0,0.0,0.0,0.092068620486111,0.0855445777281745
a3ed2fe218a724b4fepeni,2026-02-10 23:00:00,0.0,24.8,78.0,0.0,23,2,0,0,0.0,0.0,0.092068620486111,0.0855445777281745
a3ed2fe218a724b4fepeni,2026-02-11 00:00:00,0.0,24.4,81.0,0.0,0,3,0,0,0.0,0.0,0.092068620486111,0.0855445777281745
a3ed2fe218a724b4fepeni,2026-02-11 01:00:00,0.0,24.1,83.0,0.0,1,3,0,0,0.0,0.0,0.092068620486111,0.0855445777281745
a3ed2fe218a724b4fepeni,2026-02-11 02:00:00,0.0,24.0,87.0,0.0,2,3,0,0,0.0,0.0,0.092068620486111,0.0855445777281745
a3ed2fe218a724b4fepeni,2026-02-11 03:00:00,0.0,24.1,81.0,0.0,3,3,0,0,0.0,0.0,0.092068620486111,0.0855445777281745
a3ed2fe218a724b4fepeni,2026-02-11 04:00:00,0.0,23.9,78.0,0.0,4,3,0,0,0.0,0.0,0.092068620486111,0.0855445777281745
a3ed2fe218a724b4fepeni,2026-02-11 05:00:00,0.0,23.6,79.0,0.0,5,3,0,0,0.0,0.0,0.092068620486111,0.0855445777281745
a3ed2fe218a724b4fepeni,2026-02-11 06:00:00,0.0,23.2,81.0,0.0,6,3,0,0,0.0,0.0,0.092068620486111,0.0855445777281745
a3ed2fe218a724b4fepeni,2026-02-11 07:00:00,0.0,23.3,82.0,0.0,7,3,0,0,0.0,0.0,0.092068620486111,0.0855445777281745
a3ed2fe218a724b4fepeni,2026-02-11 08:00:00,0.0,25.0,74.0,0.0,8,3,0,0,0.0,0.0,0.092068620486111,0.0855445777281745
a3ed2fe218a724b4fepeni,2026-02-11 09:00:00,0.0,26.5,68.0,0.0,9,3,0,0,0.0,0.0,0.092068620486111,0.0855445777281745
a3ed2fe218a724b4fepeni,2026-02-11 10:00:00,0.0,27.4,64.0,0.0,10,3,0,0,0.0,0.0,0.092068620486111,0.0855445777281745
a3ed2fe218a724b4fepeni,2026-02-11 11:00:00,0.0,29.0,59.0,0.0,11,3,0,0,0.0,0.0,0.092068620486111,0.0855445777281745
a3ed2fe218a724b4fepeni,2026-02-11 12:00:00,0.0146398999999994,29.1,60.0,0.0,12,3,0,0,0.0146398999999994,0.0188595,0.092068620486111,0.0855194610615078
a3ed2fe218a724b4fepeni,2026-02-11 13:00:00,0.1512504499999995,30.0,55.0,0.1,13,3,0,0,0.1512504499999995,0.19484535,0.092068620486111,0.0852599676091268
a3ed2fe218a724b4fepeni,2026-02-11 14:00:00,0.2067758499999999,27.0,74.0,0.0,14,3,0,0,0.2067758499999999,0.2663747833333331,0.092068620486111,0.0849052120535713
a3ed2fe218a724b4fepeni,2026-02-11 15:00:00,0.2291531499999999,28.6,67.0,0.0,15,3,0,0,0.2291531499999999,0.2952018749999998,0.092068620486111,0.0845120648809522
a3ed2fe218a724b4fepeni,2026-02-11 16:00:00,1.019494596938875,29.0,63.0,0.1,16,3,0,0,0.2950154749999999,0.2936908666666666,0.1222552505668974,0.0888323251801916
a3ed2fe218a724b4fepeni,2026-02-11 17:00:00,1.1933872145466664,28.8,65.0,0.0,17,3,0,0,0.3289798833333331,0.3207857833333331,0.1582722227007863,0.0940263813183662
a3ed2fe218a724b4fepeni,2026-02-11 18:00:00,1.2199083314050971,28.0,70.0,0.0,18,3,0,0,0.336834333333333,0.328444533333333,0.1950669726204431,0.0993327134497457
a3ed2fe218a724b4fepeni,2026-02-11 19:00:00,1.207541266061046,27.5,73.0,0.0,19,3,0,0,0.3330745749999996,0.3247784666666665,0.2315030847479867,0.1045872539223313
a3ed2fe218a724b4fepeni,2026-02-11 20:00:00,1.1386914374986388,27.1,73.0,0.0,20,3,0,0,0.3139232749999996,0.306104183333333,0.2658684248520968,0.10954313043522
a3ed2fe218a724b4fepeni,2026-02-11 21:00:00,0.0,26.8,74.0,0.0,21,3,0,0,0.0,0.0,0.2658684248520968,0.10954313043522
a3ed2fe218a724b4fepeni,2026-02-11 22:00:00,0.0,26.5,75.0,0.0,22,3,0,0,0.0,0.0,0.2658684248520968,0.10954313043522
a3ed2fe218a724b4fepeni,2026-02-11 23:00:00,0.0,26.2,75.0,0.0,23,3,0,0,0.0,0.0,0.2658684248520968,0.10954313043522
a3ed2fe218a724b4fepeni,2026-02-12 00:00:00,0.0,25.7,77.0,0.0,0,4,0,0,0.0,0.0,0.2658684248520968,0.10954313043522
a3ed2fe218a724b4fepeni,2026-02-12 01:00:00,0.0,25.5,79.0,0.1,1,4,0,0,0.0,0.0,0.2658684248520968,0.10954313043522
a3ed2fe218a724b4fepeni,2026-02-12 02:00:00,0.0,25.9,73.0,0.0,2,4,0,0,0.0,0.0,0.2658684248520968,0.10954313043522
a3ed2fe218a724b4fepeni,2026-02-12 03:00:00,0.0,25.8,73.0,0.0,3,4,0,0,0.0,0.0,0.2658684248520968,0.10954313043522
a3ed2fe218a724b4fepeni,2026-02-12 04:00:00,0.0,25.5,74.0,0.0,4,4,0,0,0.0,0.0,0.2658684248520968,0.10954313043522
a3ed2fe218a724b4fepeni,2026-02-12 05:00:00,0.0,25.2,74.0,0.0,5,4,0,0,0.0,0.0,0.2658684248520968,0.10954313043522
a3ed2fe218a724b4fepeni,2026-02-12 06:00:00,0.0,25.0,77.0,0.0,6,4,0,0,0.0,0.0,0.2658684248520968,0.10954313043522
a3ed2fe218a724b4fepeni,2026-02-12 07:00:00,0.0,25.0,78.0,0.0,7,4,0,0,0.0,0.0,0.2658684248520968,0.10954313043522
a3ed2fe218a724b4fepeni,2026-02-12 08:00:00,0.0,25.3,80.0,0.0,8,4,0,0,0.0,0.0,0.2658684248520968,0.10954313043522
a3ed2fe218a724b4fepeni,2026-02-12 09:00:00,0.0,26.1,75.0,0.0,9,4,0,0,0.0,0.0,0.2658684248520968,0.10954313043522
a3ed2fe218a724b4fepeni,2026-02-12 10:00:00,0.0,27.0,70.0,0.0,10,4,0,0,0.0,0.0,0.2658684248520968,0.10954313043522
a3ed2fe218a724b4fepeni,2026-02-12 11:00:00,0.0,28.0,64.0,0.0,11,4,0,0,0.0,0.0,0.2658684248520968,0.10954313043522
a3ed2fe218a724b4fepeni,2026-02-12 12:00:00,0.0530983557400831,29.5,56.0,0.0,12,4,0,0,0.0146398999999994,0.01427525,0.2674708605079335,0.1097742203503396
a3ed2fe218a724b4fepeni,2026-02-12 13:00:00,0.548505734489472,30.4,52.0,0.5,13,4,0,0,0.1512504499999995,0.1474831666666663,0.2840231640283283,0.112161259444523
a3ed2fe218a724b4fepeni,2026-02-12 14:00:00,0.7500323133347219,30.5,51.0,0.5,14,4,0,0,0.2067758499999999,0.2016255333333333,0.3066588500006083,0.1154255855159598
a3ed2fe218a724b4fepeni,2026-02-12 15:00:00,0.8310390100571664,30.9,50.0,0.3,15,4,0,0,0.2291531499999999,0.2234455166666663,0.3317374275029903,0.119042213452808
a3ed2fe218a724b4fepeni,2026-02-12 16:00:00,0.0,30.6,50.0,0.0,16,4,0,0,1.019494596938875,0.0804338249999996,0.2892584859638705,0.1185634406849509
a3ed2fe218a724b4fepeni,2026-02-12 17:00:00,0.0,29.4,55.0,0.0,17,4,0,0,1.1933872145466664,0.0735750916666665,0.2395340186910927,0.1181254937107445
a3ed2fe218a724b4fepeni,2026-02-12 18:00:00,0.0,28.0,59.0,0.0,18,4,0,0,1.2199083314050971,0.0753316999999998,0.188704504882547,0.1176770907345541
a3ed2fe218a724b4fepeni,2026-02-12 19:00:00,0.0,27.0,63.0,0.0,19,4,0,0,1.207541266061046,0.0744909249999998,0.1383902854633367,0.1172336923714588
a3ed2fe218a724b4fepeni,2026-02-12 20:00:00,0.0,26.5,64.0,0.0,20,4,0,0,1.1386914374986388,0.0702078333333329,0.0909448089008934,0.1168157886016175
a3ed2fe218a724b4fepeni,2026-02-12 21:00:00,0.0,26.5,63.0,0.0,21,4,0,0,0.0,0.0,0.0909448089008934,0.1168157886016175
a3ed2fe218a724b4fepeni,2026-02-12 22:00:00,0.0,26.4,65.0,0.0,22,4,0,0,0.0,0.0,0.0909448089008934,0.1168157886016175
a3ed2fe218a724b4fepeni,2026-02-12 23:00:00,0.0,26.1,67.0,0.0,23,4,0,0,0.0,0.0,0.0909448089008934,0.1168157886016175
a3ed2fe218a724b4fepeni,2026-02-13 00:00:00,0.0,25.8,70.0,0.0,0,5,0,0,0.0,0.0,0.0909448089008934,0.1168157886016175
a3ed2fe218a724b4fepeni,2026-02-13 01:00:00,0.0,25.5,74.0,0.0,1,5,0,0,0.0,0.0,0.0909448089008934,0.1168157886016175
a3ed2fe218a724b4fepeni,2026-02-13 02:00:00,0.0,25.3,75.0,0.0,2,5,0,0,0.0,0.0,0.0909448089008934,0.1168157886016175
a3ed2fe218a724b4fepeni,2026-02-13 03:00:00,0.0,25.1,75.0,0.0,3,5,0,0,0.0,0.0,0.0909448089008934,0.1168157886016175
a3ed2fe218a724b4fepeni,2026-02-13 04:00:00,0.0,25.0,76.0,0.0,4,5,0,0,0.0,0.0,0.0909448089008934,0.1168157886016175
a3ed2fe218a724b4fepeni,2026-02-13 05:00:00,0.0,24.8,77.0,0.0,5,5,0,0,0.0,0.0,0.0909448089008934,0.1168157886016175
a3ed2fe218a724b4fepeni,2026-02-13 06:00:00,0.0,24.5,78.0,0.0,6,5,0,0,0.0,0.0,0.0909448089008934,0.1168157886016175
a3ed2fe218a724b4fepeni,2026-02-13 07:00:00,0.0,24.5,77.0,0.0,7,5,0,0,0.0,0.0,0.0909448089008934,0.1168157886016175
a3ed2fe218a724b4fepeni,2026-02-13 08:00:00,0.0,26.3,66.0,0.0,8,5,0,0,0.0,0.0,0.0909448089008934,0.1168157886016175
a3ed2fe218a724b4fepeni,2026-02-13 09:00:00,0.0,27.4,61.0,0.0,9,5,0,0,0.0,0.0,0.0909448089008934,0.1168157886016175
a3ed2fe218a724b4fepeni,2026-02-13 10:00:00,0.0,29.1,55.0,0.0,10,5,0,0,0.0,0.0,0.0909448089008934,0.1168157886016175
a3ed2fe218a724b4fepeni,2026-02-13 11:00:00,0.0,31.0,48.0,0.0,11,5,0,0,0.0,0.0,0.0909448089008934,0.1168157886016175
a3ed2fe218a724b4fepeni,2026-02-13 12:00:00,0.0,31.9,47.0,0.0,12,5,0,0,0.0530983557400831,0.00327885,0.0887323774117233,0.1167962716373318
a3ed2fe218a724b4fepeni,2026-02-13 13:00:00,0.0,32.2,47.0,0.0,13,5,0,0,0.548505734489472,0.0338265666666663,0.0658779718079953,0.1165949230262207
a3ed2fe218a724b4fepeni,2026-02-13 14:00:00,0.0,31.6,46.0,0.0,14,5,0,0,0.7500323133347219,0.0462446249999995,0.0346266254190486,0.1163196574012207
a3ed2fe218a724b4fepeni,2026-02-13 15:00:00,0.0,31.7,45.0,0.0,15,5,0,0,0.8310390100571664,0.0512492333333333,0.0,0.1160146024409033
a3ed2fe218a724b4fepeni,2026-02-13 16:00:00,0.0,31.2,48.0,0.0,16,5,0,0,0.0,0.2892557416666663,0.0,0.1142928420738398
a3ed2fe218a724b4fepeni,2026-02-13 17:00:00,0.0,29.6,56.0,0.0,17,5,0,0,0.0,0.3399237166666665,0.0,0.1122694866174906
a3ed2fe218a724b4fepeni,2026-02-13 18:00:00,0.0,28.4,60.0,0.0,18,5,0,0,0.0,0.3480394166666661,0.0,0.1101978234230461
a3ed2fe218a724b4fepeni,2026-02-13 19:00:00,0.0,27.6,64.0,0.0,19,5,0,0,0.0,0.3441546916666663,0.0,0.1081492835916969
a3ed2fe218a724b4fepeni,2026-02-13 20:00:00,0.0,27.5,66.0,0.0,20,5,0,0,0.0,0.3243663249999995,0.0,0.1062185316571731
a3ed2fe218a724b4fepeni,2026-02-13 21:00:00,0.0,27.2,69.0,0.0,21,5,0,0,0.0,0.0,0.0,0.1062185316571731
a3ed2fe218a724b4fepeni,2026-02-13 22:00:00,0.0,26.8,72.0,0.0,22,5,0,0,0.0,0.0,0.0,0.1062185316571731
a3ed2fe218a724b4fepeni,2026-02-13 23:00:00,0.0,26.4,73.0,0.0,23,5,0,0,0.0,0.0,0.0,0.1062185316571731
a3ed2fe218a724b4fepeni,2026-02-14 00:00:00,0.0,26.4,73.0,0.0,0,6,1,0,0.0,0.0,0.0,0.1062185316571731
a3ed2fe218a724b4fepeni,2026-02-14 01:00:00,0.0,26.0,76.0,0.2,1,6,1,0,0.0,0.0,0.0,0.1062185316571731
a3ed2fe218a724b4fepeni,2026-02-14 02:00:00,0.0,25.6,80.0,0.1,2,6,1,0,0.0,0.0,0.0,0.1062185316571731
a3ed2fe218a724b4fepeni,2026-02-14 03:00:00,0.0,25.6,80.0,0.2,3,6,1,0,0.0,0.0,0.0,0.1062185316571731
a3ed2fe218a724b4fepeni,2026-02-14 04:00:00,0.0,25.4,82.0,0.1,4,6,1,0,0.0,0.0,0.0,0.1062185316571731
a3ed2fe218a724b4fepeni,2026-02-14 05:00:00,0.0,25.2,83.0,0.1,5,6,1,0,0.0,0.0,0.0,0.1062185316571731
a3ed2fe218a724b4fepeni,2026-02-14 06:00:00,0.0,25.0,83.0,0.0,6,6,1,0,0.0,0.0,0.0,0.1062185316571731
a3ed2fe218a724b4fepeni,2026-02-14 07:00:00,0.0,25.1,81.0,0.0,7,6,1,0,0.0,0.0,0.0,0.1062185316571731
a3ed2fe218a724b4fepeni,2026-02-14 08:00:00,0.0,24.2,93.0,0.0,8,6,1,0,0.0,0.0,0.0,0.1062185316571731
a3ed2fe218a724b4fepeni,2026-02-14 09:00:00,0.0,24.7,93.0,0.4,9,6,1,0,0.0,0.0,0.0,0.1062185316571731
a3ed2fe218a724b4fepeni,2026-02-14 10:00:00,0.0,24.9,95.0,12.1,10,6,1,0,0.0,0.0,0.0,0.1062185316571731
a3ed2fe218a724b4fepeni,2026-02-14 11:00:00,0.0,24.9,95.0,4.0,11,6,1,0,0.0,0.0,0.0,0.1062185316571731
a3ed2fe218a724b4fepeni,2026-02-14 12:00:00,0.0,25.4,92.0,0.1,12,6,1,0,0.0,0.0151268333333331,0.0,0.1061284909825699
a3ed2fe218a724b4fepeni,2026-02-14 13:00:00,0.0,28.0,77.0,0.4,13,6,1,0,0.0,0.156281933333333,0.0,0.1051982413793953
a3ed2fe218a724b4fepeni,2026-02-14 14:00:00,0.0,28.9,71.0,0.3,14,6,1,0,0.0,0.2136544249999996,0.0,0.1039264888496334
a3ed2fe218a724b4fepeni,2026-02-14 15:00:00,0.0,28.8,69.0,0.9,15,6,1,0,0.0,0.2367761583333328,0.0,0.1025171069547922
a3ed2fe218a724b4fepeni,2026-02-14 16:00:00,0.0,28.5,74.0,0.1,16,6,1,0,0.0,0.3272526916666663,0.0,0.1005691742663001
a3ed2fe218a724b4fepeni,2026-02-14 17:00:00,0.0,26.7,79.0,0.2,17,6,1,0,0.0,0.3666725916666665,0.0,0.0983865993159033
a3ed2fe218a724b4fepeni,2026-02-14 18:00:00,0.0,24.1,94.0,6.6,18,6,1,0,0.0,0.3754268666666666,0.0,0.0961519155857446
a3ed2fe218a724b4fepeni,2026-02-14 19:00:00,0.0,24.1,93.0,0.1,19,6,1,0,0.0,0.3712364416666663,0.0,0.0939421748615382
a3ed2fe218a724b4fepeni,2026-02-14 20:00:00,0.0,25.3,93.0,0.0,20,6,1,0,0.0,0.3498909333333333,0.0,0.0918594907345541
a3ed2fe218a724b4fepeni,2026-02-14 21:00:00,0.0,25.6,91.0,0.4,21,6,1,0,0.0,0.0,0.0,0.0918594907345541
a3ed2fe218a724b4fepeni,2026-02-14 22:00:00,0.0,23.9,96.0,1.8,22,6,1,0,0.0,0.0,0.0,0.0918594907345541
a3ed2fe218a724b4fepeni,2026-02-14 23:00:00,0.0,23.7,94.0,1.1,23,6,1,0,0.0,0.0,0.0,0.0918594907345541
a3ed2fe218a724b4fepeni,2026-02-15 00:00:00,0.0,24.0,92.0,0.0,0,7,1,0,0.0,0.0,0.0,0.0918594907345541
a3ed2fe218a724b4fepeni,2026-02-15 01:00:00,0.0,23.8,92.0,0.0,1,7,1,0,0.0,0.0,0.0,0.0918594907345541
a3ed2fe218a724b4fepeni,2026-02-15 02:00:00,0.0,24.4,94.0,0.0,2,7,1,0,0.0,0.0,0.0,0.0918594907345541
a3ed2fe218a724b4fepeni,2026-02-15 03:00:00,0.0,24.2,94.0,0.0,3,7,1,0,0.0,0.0,0.0,0.0918594907345541
a3ed2fe218a724b4fepeni,2026-02-15 04:00:00,0.0,24.1,95.0,0.0,4,7,1,0,0.0,0.0,0.0,0.0918594907345541
a3ed2fe218a724b4fepeni,2026-02-15 05:00:00,0.0,24.0,95.0,0.0,5,7,1,0,0.0,0.0,0.0,0.0918594907345541
a3ed2fe218a724b4fepeni,2026-02-15 06:00:00,0.0,24.1,94.0,0.0,6,7,1,0,0.0,0.0,0.0,0.0918594907345541
a3ed2fe218a724b4fepeni,2026-02-15 07:00:00,0.0,24.2,94.0,0.0,7,7,1,0,0.0,0.0,0.0,0.0918594907345541
a3ed2fe218a724b4fepeni,2026-02-15 08:00:00,0.0,24.5,96.0,0.0,8,7,1,0,0.0,0.0,0.0,0.0918594907345541
a3ed2fe218a724b4fepeni,2026-02-15 09:00:00,0.0,25.5,91.0,0.0,9,7,1,0,0.0,0.0,0.0,0.0918594907345541
a3ed2fe218a724b4fepeni,2026-02-15 10:00:00,0.0,26.7,86.0,0.0,10,7,1,0,0.0,0.0,0.0,0.0918594907345541
a3ed2fe218a724b4fepeni,2026-02-15 11:00:00,0.0,28.1,80.0,0.0,11,7,1,0,0.0,0.0,0.0,0.0918594907345541
a3ed2fe218a724b4fepeni,2026-02-15 12:00:00,0.0,29.4,75.0,0.0,12,7,1,0,0.0,0.0163172166666663,0.0,0.0917623644448715
a3ed2fe218a724b4fepeni,2026-02-15 13:00:00,0.0,30.1,67.0,0.0,13,7,1,0,0.0,0.1685798916666665,0.0,0.0907589127087604
a3ed2fe218a724b4fepeni,2026-02-15 14:00:00,0.0,29.0,75.0,0.0,14,7,1,0,0.0,0.2304670999999998,0.0,0.08938708473257
a3ed2fe218a724b4fepeni,2026-02-15 15:00:00,0.0,28.8,77.0,0.0,15,7,1,0,0.0,0.255408208333333,0.0,0.0878667977782049
a3ed2fe218a724b4fepeni,2026-02-15 16:00:00,0.2178164802099995,28.6,79.0,0.1,16,7,1,0,0.0,0.3182842249999996,0.0090756866754166,0.0872687754877882
a3ed2fe218a724b4fepeni,2026-02-15 17:00:00,0.2598664860265273,28.8,76.0,0.0,17,7,1,0,0.0,0.3541083499999995,0.0199034569265219,0.0867078120117556
a3ed2fe218a724b4fepeni,2026-02-15 18:00:00,0.2660382292988052,28.0,78.0,0.1,18,7,1,0,0.0,0.3625626583333333,0.0309883831473055,0.0861332618389311
a3ed2fe218a724b4fepeni,2026-02-15 19:00:00,0.2631326717750134,26.7,85.0,0.0,19,7,1,0,0.0,0.3585158166666663,0.0419522444712644,0.0855655050240998
a3ed2fe218a724b4fepeni,2026-02-15 20:00:00,0.2478974228942219,26.4,88.0,0.0,20,7,1,0,0.0,0.3379016833333333,0.0522813037585236,0.0850297653786289
a3ed2fe218a724b4fepeni,2026-02-15 21:00:00,0.0,26.2,89.0,0.1,21,7,1,0,0.0,0.0,0.0522813037585236,0.0850297653786289
a3ed2fe218a724b4fepeni,2026-02-15 22:00:00,0.0,25.9,91.0,0.0,22,7,1,0,0.0,0.0,0.0522813037585236,0.0850297653786289
a3ed2fe218a724b4fepeni,2026-02-15 23:00:00,0.0,25.7,91.0,0.0,23,7,1,0,0.0,0.0,0.0522813037585236,0.0850297653786289
a3ed2fe218a724b4fepeni,2026-02-16 00:00:00,0.0,25.4,91.0,0.0,0,1,0,0,0.0,0.0,0.0522813037585236,0.0850297653786289
a3ed2fe218a724b4fepeni,2026-02-16 01:00:00,0.0,25.3,91.0,0.0,1,1,0,0,0.0,0.0,0.0522813037585236,0.0850297653786289
a3ed2fe218a724b4fepeni,2026-02-16 02:00:00,0.0,25.4,87.0,0.0,2,1,0,0,0.0,0.0,0.0522813037585236,0.0850297653786289
a3ed2fe218a724b4fepeni,2026-02-16 03:00:00,0.0,25.3,88.0,0.0,3,1,0,0,0.0,0.0,0.0522813037585236,0.0850297653786289
a3ed2fe218a724b4fepeni,2026-02-16 04:00:00,0.0,25.2,87.0,0.0,4,1,0,0,0.0,0.0,0.0522813037585236,0.0850297653786289
a3ed2fe218a724b4fepeni,2026-02-16 05:00:00,0.0,25.0,89.0,0.0,5,1,0,0,0.0,0.0,0.0522813037585236,0.0850297653786289
a3ed2fe218a724b4fepeni,2026-02-16 06:00:00,0.0,24.8,91.0,0.0,6,1,0,0,0.0,0.0,0.0522813037585236,0.0850297653786289
a3ed2fe218a724b4fepeni,2026-02-16 07:00:00,0.0,24.8,92.0,0.0,7,1,0,0,0.0,0.0,0.0522813037585236,0.0850297653786289
a3ed2fe218a724b4fepeni,2026-02-16 08:00:00,0.0,25.5,88.0,0.0,8,1,0,0,0.0,0.0,0.0522813037585236,0.0850297653786289
a3ed2fe218a724b4fepeni,2026-02-16 09:00:00,0.0,26.6,84.0,0.0,9,1,0,0,0.0,0.0,0.0522813037585236,0.0850297653786289
a3ed2fe218a724b4fepeni,2026-02-16 10:00:00,0.0,27.8,77.0,0.1,10,1,0,0,0.0,0.0,0.0522813037585236,0.0850297653786289
a3ed2fe218a724b4fepeni,2026-02-16 11:00:00,0.0,29.0,70.0,0.2,11,1,0,0,0.0,0.0,0.0522813037585236,0.0850297653786289
a3ed2fe218a724b4fepeni,2026-02-16 12:00:00,0.011563483760208,30.0,64.0,0.1,12,1,0,0,0.0,0.01575805,0.0527631155818656,0.0850047977224397
a3ed2fe218a724b4fepeni,2026-02-16 13:00:00,0.1194782433798331,30.5,61.0,0.0,13,1,0,0,0.0,0.162803375,0.057741375722692,0.0847469100342244
a3ed2fe218a724b4fepeni,2026-02-16 14:00:00,0.1632852406610275,30.9,57.0,0.0,14,1,0,0,0.0,0.2225699833333331,0.0645449274169015,0.0843940246611749
a3ed2fe218a724b4fepeni,2026-02-16 15:00:00,0.1810351680549441,30.2,65.0,0.1,15,1,0,0,0.0,0.2466565499999997,0.0720880594191908,0.0840034211972163
a3ed2fe218a724b4fepeni,2026-02-16 16:00:00,0.5362083971271108,29.4,73.0,0.2,16,1,0,0,0.2178164802099995,0.2964847666666665,0.0853543892907371,0.0854303475690046
a3ed2fe218a724b4fepeni,2026-02-16 17:00:00,0.6213950816256385,28.5,82.0,0.0,17,1,0,0,0.2598664860265273,0.3289798833333331,0.1004180807740334,0.0871709142255064
a3ed2fe218a724b4fepeni,2026-02-16 18:00:00,0.6364767355757497,27.6,88.0,0.0,18,1,0,0,0.2660382292988052,0.336834333333333,0.1158530185355728,0.0889544999531399
a3ed2fe218a724b4fepeni,2026-02-16 19:00:00,0.6290824539919997,27.2,89.0,0.0,19,1,0,0,0.2631326717750134,0.3330745749999996,0.1311009261279472,0.0907164516138065
a3ed2fe218a724b4fepeni,2026-02-16 20:00:00,0.5930513930437776,27.0,87.0,0.0,20,1,0,0,0.2478974228942219,0.3139232749999996,0.1454823415508453,0.0923779285069243
a3ed2fe218a724b4fepeni,2026-02-16 21:00:00,0.0,26.9,83.0,0.0,21,1,0,0,0.0,0.0,0.1454823415508453,0.0923779285069243
a3ed2fe218a724b4fepeni,2026-02-16 22:00:00,0.0,26.3,84.0,0.0,22,1,0,0,0.0,0.0,0.1454823415508453,0.0923779285069243
a3ed2fe218a724b4fepeni,2026-02-16 23:00:00,0.0,26.0,86.0,0.0,23,1,0,0,0.0,0.0,0.1454823415508453,0.0923779285069243
a3ed2fe218a724b4fepeni,2026-02-17 00:00:00,0.0,25.8,85.0,0.0,0,2,0,0,0.0,0.0,0.1454823415508453,0.0923779285069243
a3ed2fe218a724b4fepeni,2026-02-17 01:00:00,0.0,25.5,86.0,0.0,1,2,0,0,0.0,0.0,0.1454823415508453,0.0923779285069243
a3ed2fe218a724b4fepeni,2026-02-17 02:00:00,0.0,25.0,89.0,0.0,2,2,0,0,0.0,0.0,0.1454823415508453,0.0923779285069243
a3ed2fe218a724b4fepeni,2026-02-17 03:00:00,0.0,24.9,91.0,0.0,3,2,0,0,0.0,0.0,0.1454823415508453,0.0923779285069243
a3ed2fe218a724b4fepeni,2026-02-17 04:00:00,0.0,24.8,91.0,0.0,4,2,0,0,0.0,0.0,0.1454823415508453,0.0923779285069243
a3ed2fe218a724b4fepeni,2026-02-17 05:00:00,0.0,24.8,90.0,0.0,5,2,0,0,0.0,0.0,0.1454823415508453,0.0923779285069243
a3ed2fe218a724b4fepeni,2026-02-17 06:00:00,0.0,24.6,90.0,0.0,6,2,0,0,0.0,0.0,0.1454823415508453,0.0923779285069243
a3ed2fe218a724b4fepeni,2026-02-17 07:00:00,0.0,24.7,90.0,0.0,7,2,0,0,0.0,0.0,0.1454823415508453,0.0923779285069243
a3ed2fe218a724b4fepeni,2026-02-17 08:00:00,0.0,25.8,88.0,0.0,8,2,0,0,0.0,0.0,0.1454823415508453,0.0923779285069243
a3ed2fe218a724b4fepeni,2026-02-17 09:00:00,0.0,27.1,80.0,0.0,9,2,0,0,0.0,0.0,0.1454823415508453,0.0923779285069243
a3ed2fe218a724b4fepeni,2026-02-17 10:00:00,0.0,28.5,72.0,0.0,10,2,0,0,0.0,0.0,0.1454823415508453,0.0923779285069243
a3ed2fe218a724b4fepeni,2026-02-17 11:00:00,0.0,29.6,67.0,0.0,11,2,0,0,0.0,0.0,0.1454823415508453,0.0923779285069243
a3ed2fe218a724b4fepeni,2026-02-17 12:00:00,0.0276589348136109,30.4,64.0,0.0,12,2,0,0,0.011563483760208,0.0146398999999994,0.1461529853447371,0.0924554227617672
a3ed2fe218a724b4fepeni,2026-02-17 13:00:00,0.2857546987665276,30.4,64.0,0.2,13,2,0,0,0.1194782433798331,0.1512504499999995,0.1530811709858494,0.0932560432901394
a3ed2fe218a724b4fepeni,2026-02-17 14:00:00,0.3905568230569999,30.8,57.0,0.2,14,2,0,0,0.1632852406610275,0.2067758499999999,0.1625508202523483,0.0943499776535739
a3ed2fe218a724b4fepeni,2026-02-17 15:00:00,0.432937127932722,30.9,57.0,0.4,15,2,0,0,0.1810351680549441,0.2291531499999999,0.1730467352472557,0.0955629775222211
a3ed2fe218a724b4fepeni,2026-02-17 16:00:00,0.4967567758510554,30.7,56.0,0.3,16,2,0,0,0.5362083971271108,0.2950154749999999,0.1714029176940867,0.0967638185987155
a3ed2fe218a724b4fepeni,2026-02-17 17:00:00,0.5013521663055553,30.0,60.0,0.1,17,2,0,0,0.6213950816256385,0.3289798833333331,0.1664011295557499,0.0977898440925977
a3ed2fe218a724b4fepeni,2026-02-17 18:00:00,0.5012584788055554,28.5,67.0,0.0,18,2,0,0,0.6364767355757497,0.336834333333333,0.1607670355236584,0.0987685592442181
a3ed2fe218a724b4fepeni,2026-02-17 19:00:00,0.5000870119861109,27.2,75.0,0.0,19,2,0,0,0.6290824539919997,0.3330745749999996,0.1553922254400798,0.0997626808929449
a3ed2fe218a724b4fepeni,2026-02-17 20:00:00,0.4167714001666665,26.5,79.0,0.0,20,2,0,0,0.5930513930437776,0.3139232749999996,0.1480472257368668,0.1003748721141751
a3ed2fe218a724b4fepeni,2026-02-17 21:00:00,0.0,26.2,81.0,0.0,21,2,0,0,0.0,0.0,0.1480472257368668,0.1003748721141751
a3ed2fe218a724b4fepeni,2026-02-17 22:00:00,0.0,26.0,83.0,0.0,22,2,0,0,0.0,0.0,0.1480472257368668,0.1003748721141751
a3ed2fe218a724b4fepeni,2026-02-17 23:00:00,0.0,25.6,85.0,0.0,23,2,0,0,0.0,0.0,0.1480472257368668,0.1003748721141751
a3ed2fe218a724b4fepeni,2026-02-18 00:00:00,0.0,25.4,86.0,0.0,0,3,0,0,0.0,0.0,0.1480472257368668,0.1003748721141751
a3ed2fe218a724b4fepeni,2026-02-18 01:00:00,0.0,25.1,84.0,0.0,1,3,0,0,0.0,0.0,0.1480472257368668,0.1003748721141751
a3ed2fe218a724b4fepeni,2026-02-18 02:00:00,0.0,24.8,85.0,0.0,2,3,0,0,0.0,0.0,0.1480472257368668,0.1003748721141751
a3ed2fe218a724b4fepeni,2026-02-18 03:00:00,0.0,24.7,85.0,0.0,3,3,0,0,0.0,0.0,0.1480472257368668,0.1003748721141751
a3ed2fe218a724b4fepeni,2026-02-18 04:00:00,0.0,24.5,85.0,0.0,4,3,0,0,0.0,0.0,0.1480472257368668,0.1003748721141751
a3ed2fe218a724b4fepeni,2026-02-18 05:00:00,0.0,24.4,84.0,0.0,5,3,0,0,0.0,0.0,0.1480472257368668,0.1003748721141751
a3ed2fe218a724b4fepeni,2026-02-18 06:00:00,0.0,24.2,82.0,0.0,6,3,0,0,0.0,0.0,0.1480472257368668,0.1003748721141751
a3ed2fe218a724b4fepeni,2026-02-18 07:00:00,0.0,24.3,81.0,0.0,7,3,0,0,0.0,0.0,0.1480472257368668,0.1003748721141751
a3ed2fe218a724b4fepeni,2026-02-18 08:00:00,0.0,25.6,76.0,0.0,8,3,0,0,0.0,0.0,0.1480472257368668,0.1003748721141751
a3ed2fe218a724b4fepeni,2026-02-18 09:00:00,0.0,27.0,64.0,0.0,9,3,0,0,0.0,0.0,0.1480472257368668,0.1003748721141751
a3ed2fe218a724b4fepeni,2026-02-18 10:00:00,0.0,28.5,57.0,0.0,10,3,0,0,0.0,0.0,0.1480472257368668,0.1003748721141751
a3ed2fe218a724b4fepeni,2026-02-18 11:00:00,0.0,30.0,50.0,0.0,11,3,0,0,0.0,0.0,0.1480472257368668,0.1003748721141751
a3ed2fe218a724b4fepeni,2026-02-18 12:00:00,0.0,31.0,46.0,0.0,12,3,0,0,0.0276589348136109,0.0146398999999994,0.146894770119633,0.1002877298522703
a3ed2fe218a724b4fepeni,2026-02-18 13:00:00,0.0,32.1,40.0,0.0,13,3,0,0,0.2857546987665276,0.1512504499999995,0.1349883243376944,0.0993874295546513
a3ed2fe218a724b4fepeni,2026-02-18 14:00:00,0.1684655770416664,30.6,47.0,0.0,14,3,0,0,0.3905568230569999,0.2067758499999999,0.1257345224203888,0.0991593922156136
a3ed2fe218a724b4fepeni,2026-02-18 15:00:00,0.4507769826111109,30.6,48.0,0.0,15,3,0,0,0.432937127932722,0.2291531499999999,0.126477849698655,0.1004785816954416
a3ed2fe218a724b4fepeni,2026-02-18 16:00:00,0.5146405329166664,30.0,48.0,0.0,16,3,0,0,0.4967567758510554,1.019494596938875,0.1272230062430555,0.0974734979810237
a3ed2fe218a724b4fepeni,2026-02-18 17:00:00,0.508180736722222,28.9,50.0,0.0,17,3,0,0,0.5013521663055553,1.1933872145466664,0.1275075300104166,0.0933948879939735
a3ed2fe218a724b4fepeni,2026-02-18 18:00:00,0.4992217331111108,27.7,55.0,0.0,18,3,0,0,0.5012584788055554,1.2199083314050971,0.1274226656064814,0.0891050868136521
a3ed2fe218a724b4fepeni,2026-02-18 19:00:00,0.4930402041944444,27.0,58.0,0.0,19,3,0,0,0.5000870119861109,1.207541266061046,0.1271290486151619,0.0848521043025414
a3ed2fe218a724b4fepeni,2026-02-18 20:00:00,0.3263877853055555,26.7,60.0,0.0,20,3,0,0,0.4167714001666665,1.1386914374986388,0.1233630646626156,0.0800169635156778
a3ed2fe218a724b4fepeni,2026-02-18 21:00:00,0.0,26.5,62.0,0.0,21,3,0,0,0.0,0.0,0.1233630646626156,0.0800169635156778
a3ed2fe218a724b4fepeni,2026-02-18 22:00:00,0.0,26.2,65.0,0.0,22,3,0,0,0.0,0.0,0.1233630646626156,0.0800169635156778
a3ed2fe218a724b4fepeni,2026-02-18 23:00:00,0.0,25.9,68.0,0.0,23,3,0,0,0.0,0.0,0.1233630646626156,0.0800169635156778
a3ed2fe218a724b4fepeni,2026-02-19 00:00:00,0.0,25.5,70.0,0.0,0,4,0,0,0.0,0.0,0.1233630646626156,0.0800169635156778
a3ed2fe218a724b4fepeni,2026-02-19 01:00:00,0.0,25.1,72.0,0.0,1,4,0,0,0.0,0.0,0.1233630646626156,0.0800169635156778
a3ed2fe218a724b4fepeni,2026-02-19 02:00:00,0.0,24.8,72.0,0.0,2,4,0,0,0.0,0.0,0.1233630646626156,0.0800169635156778
a3ed2fe218a724b4fepeni,2026-02-19 03:00:00,0.0,24.7,72.0,0.0,3,4,0,0,0.0,0.0,0.1233630646626156,0.0800169635156778
a3ed2fe218a724b4fepeni,2026-02-19 04:00:00,0.0,24.3,73.0,0.0,4,4,0,0,0.0,0.0,0.1233630646626156,0.0800169635156778
a3ed2fe218a724b4fepeni,2026-02-19 05:00:00,0.0,24.0,75.0,0.0,5,4,0,0,0.0,0.0,0.1233630646626156,0.0800169635156778
a3ed2fe218a724b4fepeni,2026-02-19 06:00:00,0.0,24.0,75.0,0.0,6,4,0,0,0.0,0.0,0.1233630646626156,0.0800169635156778
a3ed2fe218a724b4fepeni,2026-02-19 07:00:00,0.0,24.1,75.0,0.0,7,4,0,0,0.0,0.0,0.1233630646626156,0.0800169635156778
a3ed2fe218a724b4fepeni,2026-02-19 08:00:00,0.0,25.7,67.0,0.0,8,4,0,0,0.0,0.0,0.1233630646626156,0.0800169635156778
a3ed2fe218a724b4fepeni,2026-02-19 09:00:00,0.0252066688333332,27.4,58.0,0.0,9,4,0,0,0.0,0.0,0.1244133425306712,0.0801670032111143
a3ed2fe218a724b4fepeni,2026-02-19 10:00:00,0.0423464620694442,29.3,48.0,0.0,10,4,0,0,0.0,0.0,0.1261777784502314,0.0804190654853372
a3ed2fe218a724b4fepeni,2026-02-19 11:00:00,0.0140962126111109,31.0,43.0,0.0,11,4,0,0,0.0,0.0,0.126765120642361,0.0805029715127843
a3ed2fe218a724b4fepeni,2026-02-19 12:00:00,0.0,31.1,41.0,0.0,12,4,0,0,0.0,0.0530983557400831,0.126765120642361,0.0801869098714743
a3ed2fe218a724b4fepeni,2026-02-19 13:00:00,0.3653141892361109,32.4,37.0,0.0,13,4,0,0,0.0,0.548505734489472,0.1419865451938656,0.0790964840068709
a3ed2fe218a724b4fepeni,2026-02-19 14:00:00,0.4356712067499998,32.8,35.0,0.0,14,4,0,0,0.1684655770416664,0.7500323133347219,0.1531201130983795,0.0772252869438666
a3ed2fe218a724b4fepeni,2026-02-19 15:00:00,0.5119368236388885,31.8,38.0,0.0,15,4,0,0,0.4507769826111109,0.8310390100571664,0.1556684398078703,0.0753258691675674
a3ed2fe218a724b4fepeni,2026-02-19 16:00:00,0.5088445780277775,30.4,46.0,0.0,16,4,0,0,0.5146405329166664,0.0,0.1554269416874999,0.0783547059415422
a3ed2fe218a724b4fepeni,2026-02-19 17:00:00,0.5027487070833332,28.6,54.0,0.0,17,4,0,0,0.508180736722222,0.0,0.1552006071192128,0.0813472577694192
a3ed2fe218a724b4fepeni,2026-02-19 18:00:00,0.4986801538888886,27.4,57.0,0.0,18,4,0,0,0.4992217331111108,0.0,0.1551780413182869,0.0843155920187578
a3ed2fe218a724b4fepeni,2026-02-19 19:00:00,0.4962659626805552,26.6,62.0,0.0,19,4,0,0,0.4930402041944444,0.0,0.1553124479218749,0.0872695560823326
a3ed2fe218a724b4fepeni,2026-02-19 20:00:00,0.4923106527499998,27.0,62.0,0.0,20,4,0,0,0.3263877853055555,0.0,0.16222590073206,0.0901999766344159
a3ed2fe218a724b4fepeni,2026-02-19 21:00:00,0.0,26.7,63.0,0.0,21,4,0,0,0.0,0.0,0.16222590073206,0.0901999766344159
a3ed2fe218a724b4fepeni,2026-02-19 22:00:00,0.0,26.6,64.0,0.0,22,4,0,0,0.0,0.0,0.16222590073206,0.0901999766344159
a3ed2fe218a724b4fepeni,2026-02-19 23:00:00,0.0,26.3,65.0,0.0,23,4,0,0,0.0,0.0,0.16222590073206,0.0901999766344159
a3ed2fe218a724b4fepeni,2026-02-20 00:00:00,0.0,25.7,68.0,0.0,0,5,0,0,0.0,0.0,0.16222590073206,0.0901999766344159
a3ed2fe218a724b4fepeni,2026-02-20 01:00:00,0.0,25.2,71.0,0.0,1,5,0,0,0.0,0.0,0.16222590073206,0.0901999766344159
a3ed2fe218a724b4fepeni,2026-02-20 02:00:00,0.0,25.2,71.0,0.0,2,5,0,0,0.0,0.0,0.16222590073206,0.0901999766344159
a3ed2fe218a724b4fepeni,2026-02-20 03:00:00,0.0,25.1,72.0,0.0,3,5,0,0,0.0,0.0,0.16222590073206,0.0901999766344159
a3ed2fe218a724b4fepeni,2026-02-20 04:00:00,0.0,24.8,73.0,0.0,4,5,0,0,0.0,0.0,0.16222590073206,0.0901999766344159
a3ed2fe218a724b4fepeni,2026-02-20 05:00:00,0.0,24.6,73.0,0.0,5,5,0,0,0.0,0.0,0.16222590073206,0.0901999766344159
a3ed2fe218a724b4fepeni,2026-02-20 06:00:00,0.0,24.5,73.0,0.0,6,5,0,0,0.0,0.0,0.16222590073206,0.0901999766344159
a3ed2fe218a724b4fepeni,2026-02-20 07:00:00,0.0,24.7,72.0,0.0,7,5,0,0,0.0,0.0,0.16222590073206,0.0901999766344159
a3ed2fe218a724b4fepeni,2026-02-20 08:00:00,0.0,25.5,72.0,0.0,8,5,0,0,0.0,0.0,0.16222590073206,0.0901999766344159
a3ed2fe218a724b4fepeni,2026-02-20 09:00:00,0.0,26.5,65.0,0.0,9,5,0,0,0.0252066688333332,0.0,0.1611756228640045,0.0901999766344159
a3ed2fe218a724b4fepeni,2026-02-20 10:00:00,0.0,27.9,58.0,0.0,10,5,0,0,0.0423464620694442,0.0,0.1594111869444443,0.0901999766344159
a3ed2fe218a724b4fepeni,2026-02-20 11:00:00,0.0,29.2,51.0,0.0,11,5,0,0,0.0140962126111109,0.0,0.1588238447523147,0.0901999766344159
a3ed2fe218a724b4fepeni,2026-02-20 12:00:00,0.170638706875,30.3,47.0,0.0,12,5,0,0,0.0,0.0,0.1659337908721064,0.0912156832229576
a3ed2fe218a724b4fepeni,2026-02-20 13:00:00,0.4928749581249999,30.5,45.0,0.2,13,5,0,0,0.3653141892361109,0.0,0.1712488229091434,0.0941494627356064
a3ed2fe218a724b4fepeni,2026-02-20 14:00:00,0.5169650982916665,30.1,48.0,0.5,14,5,0,0,0.4356712067499998,0.0,0.1746360683900462,0.0972266359397234
a3ed2fe218a724b4fepeni,2026-02-20 15:00:00,0.4982650781249996,30.4,47.0,0.1,15,5,0,0,0.5119368236388885,0.0,0.1740664123269675,0.1001924994999913
a3ed2fe218a724b4fepeni,2026-02-20 16:00:00,0.4906655395277776,30.5,47.0,0.0,16,5,0,0,0.5088445780277775,0.0,0.1733089523894675,0.1031131277114662
a3ed2fe218a724b4fepeni,2026-02-20 17:00:00,0.490816773597222,30.1,49.0,0.0,17,5,0,0,0.5027487070833332,0.0,0.1728117884942129,0.1060346561257353
a3ed2fe218a724b4fepeni,2026-02-20 18:00:00,0.4918544238333329,29.1,54.0,0.0,18,5,0,0,0.4986801538888886,0.0,0.1725273830752314,0.1089623610295052
a3ed2fe218a724b4fepeni,2026-02-20 19:00:00,0.4860361161111108,28.0,58.0,0.0,19,5,0,0,0.4962659626805552,0.0,0.1721011394681712,0.1118554331492142
a3ed2fe218a724b4fepeni,2026-02-20 20:00:00,0.3215344169166665,27.1,64.0,0.0,20,5,0,0,0.4923106527499998,0.0,0.1649854629751156,0.1137693284880038
a3ed2fe218a724b4fepeni,2026-02-20 21:00:00,0.0,26.8,66.0,0.0,21,5,0,0,0.0,0.0,0.1649854629751156,0.1137693284880038
a3ed2fe218a724b4fepeni,2026-02-20 22:00:00,0.0,26.3,68.0,0.0,22,5,0,0,0.0,0.0,0.1649854629751156,0.1137693284880038
a3ed2fe218a724b4fepeni,2026-02-20 23:00:00,0.0,26.0,70.0,0.0,23,5,0,0,0.0,0.0,0.1649854629751156,0.1137693284880038
a3ed2fe218a724b4fepeni,2026-02-21 00:00:00,0.0,25.6,71.0,0.0,0,6,1,0,0.0,0.0,0.1649854629751156,0.1137693284880038
a3ed2fe218a724b4fepeni,2026-02-21 01:00:00,0.0,25.2,73.0,0.0,1,6,1,0,0.0,0.0,0.1649854629751156,0.1137693284880038
a3ed2fe218a724b4fepeni,2026-02-21 02:00:00,0.0,25.0,73.0,0.0,2,6,1,0,0.0,0.0,0.1649854629751156,0.1137693284880038
a3ed2fe218a724b4fepeni,2026-02-21 03:00:00,0.0,25.0,74.0,0.0,3,6,1,0,0.0,0.0,0.1649854629751156,0.1137693284880038
a3ed2fe218a724b4fepeni,2026-02-21 04:00:00,0.0,24.7,76.0,0.0,4,6,1,0,0.0,0.0,0.1649854629751156,0.1137693284880038
a3ed2fe218a724b4fepeni,2026-02-21 05:00:00,0.0112559124999998,24.5,76.0,0.0,5,6,1,0,0.0,0.0,0.1654544593292823,0.1138363279671705
a3ed2fe218a724b4fepeni,2026-02-21 06:00:00,0.046502060833333,24.4,76.0,0.0,6,6,1,0,0.0,0.0,0.1673920451973378,0.1141131259483213
a3ed2fe218a724b4fepeni,2026-02-21 07:00:00,0.0506443636111108,24.5,76.0,0.0,7,6,1,0,0.0,0.0,0.1695022270144675,0.1144145804936255
a3ed2fe218a724b4fepeni,2026-02-21 08:00:00,0.0505233350694442,25.4,72.0,0.0,8,6,1,0,0.0,0.0,0.1716073659756943,0.1147153146309437
a3ed2fe218a724b4fepeni,2026-02-21 09:00:00,0.050424202083333,27.2,63.0,0.0,9,6,1,0,0.0,0.0,0.1737083743958332,0.1150154586909635
a3ed2fe218a724b4fepeni,2026-02-21 10:00:00,0.1905661568333331,28.6,57.0,0.0,10,6,1,0,0.0,0.0,0.1816486309305554,0.1161497810530667
a3ed2fe218a724b4fepeni,2026-02-21 11:00:00,0.132845708111111,30.2,50.0,0.0,11,6,1,0,0.0,0.0,0.1871838687685183,0.1169405293156328
a3ed2fe218a724b4fepeni,2026-02-21 12:00:00,0.1783339872222221,30.8,48.0,0.0,12,6,1,0,0.170638706875,0.0,0.1875045054496526,0.1180020411443365
a3ed2fe218a724b4fepeni,2026-02-21 13:00:00,0.4641943819444442,30.6,48.0,0.0,13,6,1,0,0.4928749581249999,0.0,0.1863094814421294,0.1207651029416249
a3ed2fe218a724b4fepeni,2026-02-21 14:00:00,0.5134568772916663,30.5,46.0,0.0,14,6,1,0,0.5169650982916665,0.0,0.1861633055671294,0.1238213938778848
a3ed2fe218a724b4fepeni,2026-02-21 15:00:00,0.5100545035555555,31.0,45.0,0.0,15,6,1,0,0.4982650781249996,0.0,0.1866545316267359,0.126857432589525
a3ed2fe218a724b4fepeni,2026-02-21 16:00:00,0.5142028718888887,30.6,46.0,0.0,16,6,1,0,0.4906655395277776,0.0,0.1876352538084489,0.129918163969816
a3ed2fe218a724b4fepeni,2026-02-21 17:00:00,0.5082335919166665,29.8,49.0,0.0,17,6,1,0,0.490816773597222,0.0,0.1883609545717591,0.1329433639217009
a3ed2fe218a724b4fepeni,2026-02-21 18:00:00,0.4977925994444442,28.2,57.0,0.0,18,6,1,0,0.4918544238333329,0.0,0.1886083785555554,0.1359064151088703
a3ed2fe218a724b4fepeni,2026-02-21 19:00:00,0.4948416508194443,26.8,64.0,0.0,19,6,1,0,0.4860361161111108,0.0,0.1889752758350693,0.1388519011256526
a3ed2fe218a724b4fepeni,2026-02-21 20:00:00,0.4848484814444442,26.6,65.0,0.0,20,6,1,0,0.3215344169166665,0.0,0.1957800285237267,0.1417379039913934
a3ed2fe218a724b4fepeni,2026-02-21 21:00:00,0.3998763313888886,26.2,67.0,0.0,21,6,1,0,0.0,0.0,0.2124415423315971,0.1441181202496606
a3ed2fe218a724b4fepeni,2026-02-21 22:00:00,0.0,26.0,68.0,0.0,22,6,1,0,0.0,0.0,0.2124415423315971,0.1441181202496606
a3ed2fe218a724b4fepeni,2026-02-21 23:00:00,0.0,25.8,68.0,0.0,23,6,1,0,0.0,0.0,0.2124415423315971,0.1441181202496606
a3ed2fe218a724b4fepeni,2026-02-22 00:00:00,0.0,25.6,67.0,0.0,0,7,1,0,0.0,0.0,0.2124415423315971,0.1441181202496606
a3ed2fe218a724b4fepeni,2026-02-22 01:00:00,0.0,25.4,68.0,0.0,1,7,1,0,0.0,0.0,0.2124415423315971,0.1441181202496606
a3ed2fe218a724b4fepeni,2026-02-22 02:00:00,0.0,25.1,70.0,0.0,2,7,1,0,0.0,0.0,0.2124415423315971,0.1441181202496606
a3ed2fe218a724b4fepeni,2026-02-22 03:00:00,0.0,24.9,72.0,0.0,3,7,1,0,0.0,0.0,0.2124415423315971,0.1441181202496606
a3ed2fe218a724b4fepeni,2026-02-22 04:00:00,0.0,24.6,74.0,0.0,4,7,1,0,0.0,0.0,0.2124415423315971,0.1441181202496606
a3ed2fe218a724b4fepeni,2026-02-22 05:00:00,0.0,24.4,75.0,0.0,5,7,1,0,0.0112559124999998,0.0,0.2119725459774304,0.1441181202496606
a3ed2fe218a724b4fepeni,2026-02-22 06:00:00,0.0,24.1,77.0,0.0,6,7,1,0,0.046502060833333,0.0,0.2100349601093749,0.1441181202496606
a3ed2fe218a724b4fepeni,2026-02-22 07:00:00,0.0,24.1,75.0,0.0,7,7,1,0,0.0506443636111108,0.0,0.2079247782922453,0.1441181202496606
a3ed2fe218a724b4fepeni,2026-02-22 08:00:00,0.0,25.0,71.0,0.0,8,7,1,0,0.0505233350694442,0.0,0.2058196393310184,0.1441181202496606
a3ed2fe218a724b4fepeni,2026-02-22 09:00:00,0.0,26.6,62.0,0.0,9,7,1,0,0.050424202083333,0.0,0.2037186309108795,0.1441181202496606
a3ed2fe218a724b4fepeni,2026-02-22 10:00:00,0.0,28.3,56.0,0.0,10,7,1,0,0.1905661568333331,0.0,0.1957783743761573,0.1441181202496606
a3ed2fe218a724b4fepeni,2026-02-22 11:00:00,0.0,30.2,50.0,0.0,11,7,1,0,0.132845708111111,0.0,0.1902431365381943,0.1441181202496606
a3ed2fe218a724b4fepeni,2026-02-22 12:00:00,0.0,31.0,47.0,0.0,12,7,1,0,0.1783339872222221,0.0,0.1828125537372684,0.1441181202496606
a3ed2fe218a724b4fepeni,2026-02-22 13:00:00,0.1021338632499999,30.7,52.0,0.0,13,7,1,0,0.4641943819444442,0.0,0.1677266987916666,0.144726059911863
a3ed2fe218a724b4fepeni,2026-02-22 14:00:00,0.3607145310694442,31.1,48.0,0.0,14,7,1,0,0.5134568772916663,0.0,0.1613624343657407,0.1468731702158477
a3ed2fe218a724b4fepeni,2026-02-22 15:00:00,0.4631322201944442,31.2,50.0,0.0,15,7,1,0,0.5100545035555555,0.0,0.1594073392256943,0.1496299096217671
a3ed2fe218a724b4fepeni,2026-02-22 16:00:00,0.5167951489444442,31.5,44.0,0.0,16,7,1,0,0.5142028718888887,0.2178164802099995,0.1595153507696758,0.1514095445547102
a3ed2fe218a724b4fepeni,2026-02-22 17:00:00,0.5126437787777774,30.6,47.0,0.0,17,7,1,0,0.5082335919166665,0.2598664860265273,0.1596991085555555,0.1529141712972772
a3ed2fe218a724b4fepeni,2026-02-22 18:00:00,0.5053990261666665,29.0,55.0,0.0,18,7,1,0,0.4977925994444442,0.2660382292988052,0.1600160430023147,0.1543389379453001
a3ed2fe218a724b4fepeni,2026-02-22 19:00:00,0.4976251100277777,27.8,60.0,0.0,19,7,1,0,0.4948416508194443,0.2631326717750134,0.1601320204693286,0.1557347262682333
a3ed2fe218a724b4fepeni,2026-02-22 20:00:00,0.4909080350555553,27.0,65.0,0.0,20,7,1,0,0.4848484814444442,0.2478974228942219,0.1603845018697916,0.1571812180072888
a3ed2fe218a724b4fepeni,2026-02-22 21:00:00,0.0,26.6,67.0,0.0,21,7,1,0,0.3998763313888886,0.0,0.1437229880619212,0.1571812180072888
a3ed2fe218a724b4fepeni,2026-02-22 22:00:00,0.0,26.2,69.0,0.0,22,7,1,0,0.0,0.0,0.1437229880619212,0.1571812180072888
a3ed2fe218a724b4fepeni,2026-02-22 23:00:00,0.0,25.9,70.0,0.0,23,7,1,0,0.0,0.0,0.1437229880619212,0.1571812180072888
a3ed2fe218a724b4fepeni,2026-02-23 00:00:00,0.0,25.6,71.0,0.0,0,1,0,0,0.0,0.0,0.1437229880619212,0.1571812180072888
a3ed2fe218a724b4fepeni,2026-02-23 01:00:00,0.0,25.4,72.0,0.0,1,1,0,0,0.0,0.0,0.1437229880619212,0.1571812180072888
a3ed2fe218a724b4fepeni,2026-02-23 02:00:00,0.0,25.4,71.0,0.0,2,1,0,0,0.0,0.0,0.1437229880619212,0.1571812180072888
a3ed2fe218a724b4fepeni,2026-02-23 03:00:00,0.0,25.3,71.0,0.0,3,1,0,0,0.0,0.0,0.1437229880619212,0.1571812180072888
a3ed2fe218a724b4fepeni,2026-02-23 04:00:00,0.0,25.1,72.0,0.0,4,1,0,0,0.0,0.0,0.1437229880619212,0.1571812180072888
a3ed2fe218a724b4fepeni,2026-02-23 05:00:00,0.0,24.8,75.0,0.0,5,1,0,0,0.0,0.0,0.1437229880619212,0.1571812180072888
a3ed2fe218a724b4fepeni,2026-02-23 06:00:00,0.0,24.6,75.0,0.0,6,1,0,0,0.0,0.0,0.1437229880619212,0.1571812180072888
a3ed2fe218a724b4fepeni,2026-02-23 07:00:00,0.025206468,24.9,73.0,0.0,7,1,0,0,0.0,0.0,0.1447732575619212,0.1573312565072888
a3ed2fe218a724b4fepeni,2026-02-23 08:00:00,0.0424308057638886,25.9,70.0,0.0,8,1,0,0,0.0,0.0,0.1465412078020832,0.157583820827312
a3ed2fe218a724b4fepeni,2026-02-23 09:00:00,0.0,27.4,62.0,0.0,9,1,0,0,0.0,0.0,0.1465412078020832,0.157583820827312
a3ed2fe218a724b4fepeni,2026-02-23 10:00:00,0.0,29.7,51.0,0.0,10,1,0,0,0.0,0.0,0.1465412078020832,0.157583820827312
a3ed2fe218a724b4fepeni,2026-02-23 11:00:00,0.0,32.2,40.0,0.0,11,1,0,0,0.0,0.0,0.1465412078020832,0.157583820827312
a3ed2fe218a724b4fepeni,2026-02-23 12:00:00,0.0,32.7,39.0,0.0,12,1,0,0,0.0,0.011563483760208,0.1465412078020832,0.1575149905668345
a3ed2fe218a724b4fepeni,2026-02-23 13:00:00,0.2520247255555554,32.8,39.0,0.0,13,1,0,0,0.1021338632499999,0.1194782433798331,0.1527866603981481,0.1583039577226424
a3ed2fe218a724b4fepeni,2026-02-23 14:00:00,0.4820425563888887,32.8,36.0,0.0,14,1,0,0,0.3607145310694442,0.1632852406610275,0.1578419947864582,0.160201322697213
a3ed2fe218a724b4fepeni,2026-02-23 15:00:00,0.5133519396666664,33.5,34.0,0.0,15,1,0,0,0.4631322201944442,0.1810351680549441,0.1599344830978008,0.1621793987187114
a3ed2fe218a724b4fepeni,2026-02-23 16:00:00,0.5076814895972219,32.5,39.0,0.0,16,1,0,0,0.5167951489444442,0.5362083971271108,0.1595547472916666,0.1620095956977001
a3ed2fe218a724b4fepeni,2026-02-23 17:00:00,0.5048079624444441,31.2,45.0,0.0,17,1,0,0,0.5126437787777774,0.6213950816256385,0.1592282549444443,0.161315624750193
a3ed2fe218a724b4fepeni,2026-02-23 18:00:00,0.5054872235694442,29.4,51.0,0.0,18,1,0,0,0.5053990261666665,0.6364767355757497,0.1592319298362267,0.160535925273965
a3ed2fe218a724b4fepeni,2026-02-23 19:00:00,0.5017446524305554,28.1,56.0,0.0,19,1,0,0,0.4976251100277777,0.6290824539919997,0.1594035774363425,0.1597779621694326
a3ed2fe218a724b4fepeni,2026-02-23 20:00:00,0.3325941865,27.5,56.0,0.0,20,1,0,0,0.4909080350555553,0.5930513930437776,0.152807167079861,0.158227621654291
a3ed2fe218a724b4fepeni,2026-02-23 21:00:00,0.0,27.3,58.0,0.0,21,1,0,0,0.0,0.0,0.152807167079861,0.158227621654291
a3ed2fe218a724b4fepeni,2026-02-23 22:00:00,0.0,27.0,60.0,0.0,22,1,0,0,0.0,0.0,0.152807167079861,0.158227621654291
a3ed2fe218a724b4fepeni,2026-02-23 23:00:00,0.0,26.9,61.0,0.0,23,1,0,0,0.0,0.0,0.152807167079861,0.158227621654291
a3ed2fe218a724b4fepeni,2026-02-24 00:00:00,0.0,26.9,63.0,0.0,0,2,0,0,0.0,0.0,0.152807167079861,0.158227621654291
a3ed2fe218a724b4fepeni,2026-02-24 01:00:00,0.0,26.7,65.0,0.0,1,2,0,0,0.0,0.0,0.152807167079861,0.158227621654291
a3ed2fe218a724b4fepeni,2026-02-24 02:00:00,0.0,26.6,68.0,0.0,2,2,0,0,0.0,0.0,0.152807167079861,0.158227621654291
a3ed2fe218a724b4fepeni,2026-02-24 03:00:00,0.0,26.3,74.0,0.0,3,2,0,0,0.0,0.0,0.152807167079861,0.158227621654291
a3ed2fe218a724b4fepeni,2026-02-24 04:00:00,0.0,26.0,77.0,0.0,4,2,0,0,0.0,0.0,0.152807167079861,0.158227621654291
a3ed2fe218a724b4fepeni,2026-02-24 05:00:00,0.0,25.9,75.0,0.0,5,2,0,0,0.0,0.0,0.152807167079861,0.158227621654291
a3ed2fe218a724b4fepeni,2026-02-24 06:00:00,0.0,25.6,74.0,0.0,6,2,0,0,0.0,0.0,0.152807167079861,0.158227621654291
a3ed2fe218a724b4fepeni,2026-02-24 07:00:00,0.0,25.6,74.0,0.0,7,2,0,0,0.025206468,0.0,0.151756897579861,0.158227621654291
a3ed2fe218a724b4fepeni,2026-02-24 08:00:00,0.0,26.3,72.0,0.0,8,2,0,0,0.0424308057638886,0.0,0.149988947339699,0.158227621654291
a3ed2fe218a724b4fepeni,2026-02-24 09:00:00,0.0,27.5,69.0,0.0,9,2,0,0,0.0,0.0,0.149988947339699,0.158227621654291
a3ed2fe218a724b4fepeni,2026-02-24 10:00:00,0.0,29.8,59.0,0.0,10,2,0,0,0.0,0.0,0.149988947339699,0.158227621654291
a3ed2fe218a724b4fepeni,2026-02-24 11:00:00,0.0,30.5,58.0,0.3,11,2,0,0,0.0,0.0,0.149988947339699,0.158227621654291
a3ed2fe218a724b4fepeni,2026-02-24 12:00:00,0.0,31.7,54.0,0.0,12,2,0,0,0.0,0.0276589348136109,0.149988947339699,0.1580629851375433
a3ed2fe218a724b4fepeni,2026-02-24 13:00:00,0.1035334545416666,31.8,54.0,0.1,13,2,0,0,0.2520247255555554,0.2857546987665276,0.1438018110474536,0.1569783348743001
a3ed2fe218a724b4fepeni,2026-02-24 14:00:00,0.4412750100277774,31.0,55.0,0.4,14,2,0,0,0.4820425563888887,0.3905568230569999,0.1421031632824073,0.1572802288443643
a3ed2fe218a724b4fepeni,2026-02-24 15:00:00,0.518930097847222,32.0,51.0,0.3,15,2,0,0,0.5133519396666664,0.432937127932722,0.1423355865399305,0.157792091760522
a3ed2fe218a724b4fepeni,2026-02-24 16:00:00,0.5047105317499997,29.6,59.0,0.8,16,2,0,0,0.5076814895972219,0.4967567758510554,0.1422117966296295,0.1578394355456348
a3ed2fe218a724b4fepeni,2026-02-24 17:00:00,0.4974850830138886,30.1,58.0,0.3,17,2,0,0,0.5048079624444441,0.5013521663055553,0.1419066766533564,0.1578164171927082
a3ed2fe218a724b4fepeni,2026-02-24 18:00:00,0.4953634104722217,29.9,59.0,0.0,18,2,0,0,0.5054872235694442,0.5012584788055554,0.1414848511076388,0.1577813275002479
a3ed2fe218a724b4fepeni,2026-02-24 19:00:00,0.4930853548888886,29.0,63.0,0.0,19,2,0,0,0.5017446524305554,0.5000870119861109,0.1411240470434027,0.1577396509699073
a3ed2fe218a724b4fepeni,2026-02-24 20:00:00,0.4872126820833331,28.0,69.0,0.0,20,2,0,0,0.3325941865,0.4167714001666665,0.1475664843593749,0.1581589443146493
a3ed2fe218a724b4fepeni,2026-02-24 21:00:00,0.0,27.5,70.0,0.0,21,2,0,0,0.0,0.0,0.1475664843593749,0.1581589443146493
a3ed2fe218a724b4fepeni,2026-02-24 22:00:00,0.0,27.1,72.0,0.0,22,2,0,0,0.0,0.0,0.1475664843593749,0.1581589443146493
a3ed2fe218a724b4fepeni,2026-02-24 23:00:00,0.0,26.9,73.0,0.0,23,2,0,0,0.0,0.0,0.1475664843593749,0.1581589443146493
a3ed2fe218a724b4fepeni,2026-02-25 00:00:00,0.0,26.7,73.0,0.0,0,3,0,0,0.0,0.0,0.1475664843593749,0.1581589443146493
a3ed2fe218a724b4fepeni,2026-02-25 01:00:00,0.0,26.5,74.0,0.0,1,3,0,0,0.0,0.0,0.1475664843593749,0.1581589443146493
a3ed2fe218a724b4fepeni,2026-02-25 02:00:00,0.0,26.5,74.0,0.0,2,3,0,0,0.0,0.0,0.1475664843593749,0.1581589443146493
a3ed2fe218a724b4fepeni,2026-02-25 03:00:00,0.0,26.4,74.0,0.0,3,3,0,0,0.0,0.0,0.1475664843593749,0.1581589443146493
a3ed2fe218a724b4fepeni,2026-02-25 04:00:00,0.0,26.1,75.0,0.0,4,3,0,0,0.0,0.0,0.1475664843593749,0.1581589443146493
a3ed2fe218a724b4fepeni,2026-02-25 05:00:00,0.0,25.9,76.0,0.0,5,3,0,0,0.0,0.0,0.1475664843593749,0.1581589443146493
a3ed2fe218a724b4fepeni,2026-02-25 06:00:00,0.0,25.8,76.0,0.0,6,3,0,0,0.0,0.0,0.1475664843593749,0.1581589443146493
a3ed2fe218a724b4fepeni,2026-02-25 07:00:00,0.0,26.0,75.0,0.0,7,3,0,0,0.0,0.0,0.1475664843593749,0.1581589443146493
a3ed2fe218a724b4fepeni,2026-02-25 08:00:00,0.0,26.8,71.0,0.0,8,3,0,0,0.0,0.0,0.1475664843593749,0.1581589443146493
a3ed2fe218a724b4fepeni,2026-02-25 09:00:00,0.0,28.3,63.0,0.0,9,3,0,0,0.0,0.0,0.1475664843593749,0.1581589443146493
a3ed2fe218a724b4fepeni,2026-02-25 10:00:00,0.0,30.2,54.0,0.0,10,3,0,0,0.0,0.0,0.1475664843593749,0.1581589443146493
a3ed2fe218a724b4fepeni,2026-02-25 11:00:00,0.0,31.4,49.0,0.0,11,3,0,0,0.0,0.0,0.1475664843593749,0.1581589443146493
a3ed2fe218a724b4fepeni,2026-02-25 12:00:00,0.2727649050833332,31.4,51.0,0.0,12,3,0,0,0.0,0.0,0.1589316887378471,0.1597825449401454
a3ed2fe218a724b4fepeni,2026-02-25 13:00:00,0.5273069831666664,32.5,46.0,0.0,13,3,0,0,0.1035334545416666,0.0,0.1765889190972221,0.1629212769828041
a3ed2fe218a724b4fepeni,2026-02-25 14:00:00,0.5203807958472221,32.5,45.0,0.0,14,3,0,0,0.4412750100277774,0.1684655770416664,0.1798849935063656,0.1650160104280753
a3ed2fe218a724b4fepeni,2026-02-25 15:00:00,0.4999566772361108,32.9,44.0,0.0,15,3,0,0,0.518930097847222,0.4507769826111109,0.179094434314236,0.165308746705605
a3ed2fe218a724b4fepeni,2026-02-25 16:00:00,0.4920810829444443,32.7,44.0,0.0,16,3,0,0,0.5047105317499997,0.5146405329166664,0.1785682072806712,0.1651744642652942
a3ed2fe218a724b4fepeni,2026-02-25 17:00:00,0.4908724479166663,32.0,49.0,0.0,17,3,0,0,0.4974850830138886,0.508180736722222,0.1782926808182869,0.1650714387366897
a3ed2fe218a724b4fepeni,2026-02-25 18:00:00,0.4913528425555552,30.1,55.0,0.0,18,3,0,0,0.4953634104722217,0.4992217331111108,0.1781255738217591,0.1650246001024304
a3ed2fe218a724b4fepeni,2026-02-25 19:00:00,0.4920727671666665,28.6,59.0,0.0,19,3,0,0,0.4930853548888886,0.4930402041944444,0.1780833826666665,0.1650188415486936
a3ed2fe218a724b4fepeni,2026-02-25 20:00:00,0.4902101542777776,27.5,65.0,0.0,20,3,0,0,0.4872126820833331,0.3263877853055555,0.1782082773414351,0.1659939746973378
a3ed2fe218a724b4fepeni,2026-02-25 21:00:00,0.0809696329166666,27.0,68.0,0.0,21,3,0,0,0.0,0.0,0.1815820120462962,0.1664759367980323
a3ed2fe218a724b4fepeni,2026-02-25 22:00:00,0.0,26.5,71.0,0.0,22,3,0,0,0.0,0.0,0.1815820120462962,0.1664759367980323
a3ed2fe218a724b4fepeni,2026-02-25 23:00:00,0.0,26.1,73.0,0.0,23,3,0,0,0.0,0.0,0.1815820120462962,0.1664759367980323
a3ed2fe218a724b4fepeni,2026-02-26 00:00:00,0.0,25.8,73.0,0.0,0,4,0,0,0.0,0.0,0.1815820120462962,0.1664759367980323
a3ed2fe218a724b4fepeni,2026-02-26 01:00:00,0.0,25.6,73.0,0.0,1,4,0,0,0.0,0.0,0.1815820120462962,0.1664759367980323
a3ed2fe218a724b4fepeni,2026-02-26 02:00:00,0.0,25.4,74.0,0.0,2,4,0,0,0.0,0.0,0.1815820120462962,0.1664759367980323
a3ed2fe218a724b4fepeni,2026-02-26 03:00:00,0.0,25.3,74.0,0.0,3,4,0,0,0.0,0.0,0.1815820120462962,0.1664759367980323
a3ed2fe218a724b4fepeni,2026-02-26 04:00:00,0.0,25.4,73.0,0.0,4,4,0,0,0.0,0.0,0.1815820120462962,0.1664759367980323
a3ed2fe218a724b4fepeni,2026-02-26 05:00:00,0.0,25.4,73.0,0.0,5,4,0,0,0.0,0.0,0.1815820120462962,0.1664759367980323
a3ed2fe218a724b4fepeni,2026-02-26 06:00:00,0.0,25.2,74.0,0.0,6,4,0,0,0.0,0.0,0.1815820120462962,0.1664759367980323
a3ed2fe218a724b4fepeni,2026-02-26 07:00:00,0.0,25.4,73.0,0.0,7,4,0,0,0.0,0.0,0.1815820120462962,0.1664759367980323
a3ed2fe218a724b4fepeni,2026-02-26 08:00:00,0.0,26.5,70.0,0.0,8,4,0,0,0.0,0.0,0.1815820120462962,0.1664759367980323
a3ed2fe218a724b4fepeni,2026-02-26 09:00:00,0.0,28.1,63.0,0.0,9,4,0,0,0.0,0.0252066688333332,0.1815820120462962,0.1663258971025958
a3ed2fe218a724b4fepeni,2026-02-26 10:00:00,0.0,29.5,57.0,0.0,10,4,0,0,0.0,0.0423464620694442,0.1815820120462962,0.1660738348283729
a3ed2fe218a724b4fepeni,2026-02-26 11:00:00,0.0,30.9,51.0,0.0,11,4,0,0,0.0,0.0140962126111109,0.1815820120462962,0.1659899288009258
a3ed2fe218a724b4fepeni,2026-02-26 12:00:00,0.0,32.1,45.0,0.0,12,4,0,0,0.2727649050833332,0.0,0.170216807667824,0.1659899288009258
a3ed2fe218a724b4fepeni,2026-02-26 13:00:00,0.0,32.2,46.0,0.0,13,4,0,0,0.5273069831666664,0.3653141892361109,0.1482456833692129,0.1638154395792823
a3ed2fe218a724b4fepeni,2026-02-26 14:00:00,0.1011297191666666,31.5,51.0,0.0,14,4,0,0,0.5203807958472221,0.4356712067499998,0.1307768885075231,0.16182412120081
a3ed2fe218a724b4fepeni,2026-02-26 15:00:00,0.4342823809305552,31.1,51.0,0.0,15,4,0,0,0.4999566772361108,0.5119368236388885,0.1280404594947916,0.1613618923751652
a3ed2fe218a724b4fepeni,2026-02-26 16:00:00,0.5138237163888888,30.6,52.0,0.0,16,4,0,0,0.4920810829444443,0.5088445780277775,0.1289464025549768,0.1613915301035052
a3ed2fe218a724b4fepeni,2026-02-26 17:00:00,0.4933011250138885,30.0,55.0,0.0,17,4,0,0,0.4908724479166663,0.5027487070833332,0.1290475974340277,0.1613352944959489
a3ed2fe218a724b4fepeni,2026-02-26 18:00:00,0.4833472938611108,28.7,59.0,0.0,18,4,0,0,0.4913528425555552,0.4986801538888886,0.1287140329050925,0.1612440274719741
a3ed2fe218a724b4fepeni,2026-02-26 19:00:00,0.4803590646111108,27.9,61.0,0.0,19,4,0,0,0.4920727671666665,0.4962659626805552,0.1282259619652777,0.161149343554894
a3ed2fe218a724b4fepeni,2026-02-26 20:00:00,0.3190306682499998,27.4,67.0,0.0,20,4,0,0,0.4902101542777776,0.4923106527499998,0.1210934833807869,0.1601179150757274
a3ed2fe218a724b4fepeni,2026-02-26 21:00:00,0.0,26.9,69.0,0.0,21,4,0,0,0.0809696329166666,0.0,0.1177197486759258,0.1601179150757274
a3ed2fe218a724b4fepeni,2026-02-26 22:00:00,0.0,26.2,73.0,0.0,22,4,0,0,0.0,0.0,0.1177197486759258,0.1601179150757274
a3ed2fe218a724b4fepeni,2026-02-26 23:00:00,0.0,25.7,76.0,0.0,23,4,0,0,0.0,0.0,0.1177197486759258,0.1601179150757274
a3ed2fe218a724b4fepeni,2026-02-27 00:00:00,0.0,25.2,78.0,0.0,0,5,0,0,0.0,0.0,0.1177197486759258,0.1601179150757274
a3ed2fe218a724b4fepeni,2026-02-27 01:00:00,0.0,24.7,78.0,0.0,1,5,0,0,0.0,0.0,0.1177197486759258,0.1601179150757274
a3ed2fe218a724b4fepeni,2026-02-27 02:00:00,0.0,24.4,78.0,0.0,2,5,0,0,0.0,0.0,0.1177197486759258,0.1601179150757274
a3ed2fe218a724b4fepeni,2026-02-27 03:00:00,0.0,24.2,79.0,0.0,3,5,0,0,0.0,0.0,0.1177197486759258,0.1601179150757274
a3ed2fe218a724b4fepeni,2026-02-27 04:00:00,0.0,24.0,80.0,0.0,4,5,0,0,0.0,0.0,0.1177197486759258,0.1601179150757274
a3ed2fe218a724b4fepeni,2026-02-27 05:00:00,0.0,24.0,81.0,0.0,5,5,0,0,0.0,0.0,0.1177197486759258,0.1601179150757274
a3ed2fe218a724b4fepeni,2026-02-27 06:00:00,0.0,24.0,80.0,0.0,6,5,0,0,0.0,0.0,0.1177197486759258,0.1601179150757274
a3ed2fe218a724b4fepeni,2026-02-27 07:00:00,0.0,24.0,79.0,0.0,7,5,0,0,0.0,0.0,0.1177197486759258,0.1601179150757274
a3ed2fe218a724b4fepeni,2026-02-27 08:00:00,0.0,25.1,72.0,0.0,8,5,0,0,0.0,0.0,0.1177197486759258,0.1601179150757274
a3ed2fe218a724b4fepeni,2026-02-27 09:00:00,0.0,27.0,63.0,0.0,9,5,0,0,0.0,0.0,0.1177197486759258,0.1601179150757274
a3ed2fe218a724b4fepeni,2026-02-27 10:00:00,0.0,28.8,58.0,0.0,10,5,0,0,0.0,0.0,0.1177197486759258,0.1601179150757274
a3ed2fe218a724b4fepeni,2026-02-27 11:00:00,0.0,29.6,55.0,0.0,11,5,0,0,0.0,0.0,0.1177197486759258,0.1601179150757274
a3ed2fe218a724b4fepeni,2026-02-27 12:00:00,0.0,30.3,54.0,0.0,12,5,0,0,0.0,0.170638706875,0.1177197486759258,0.1591022084871857
a3ed2fe218a724b4fepeni,2026-02-27 13:00:00,0.0,31.2,52.0,0.0,13,5,0,0,0.0,0.4928749581249999,0.1177197486759258,0.1561684289745369
a3ed2fe218a724b4fepeni,2026-02-27 14:00:00,0.2355924316666665,31.3,51.0,0.0,14,5,0,0,0.1011297191666666,0.5169650982916665,0.1233223616967592,0.1544935916731976
a3ed2fe218a724b4fepeni,2026-02-27 15:00:00,0.4662873777777777,32.9,45.0,0.0,15,5,0,0,0.4342823809305552,0.4982650781249996,0.1246559032320601,0.1543032482187499
a3ed2fe218a724b4fepeni,2026-02-27 16:00:00,0.4998749927777774,32.5,46.0,0.0,16,5,0,0,0.5138237163888888,0.4906655395277776,0.1240747064149305,0.154358066392857
a3ed2fe218a724b4fepeni,2026-02-27 17:00:00,0.4872758342222221,30.4,59.0,0.0,17,5,0,0,0.4933011250138885,0.490816773597222,0.1238236526319443,0.1543369893727677
a3ed2fe218a724b4fepeni,2026-02-27 18:00:00,0.4844759104166664,29.5,60.0,0.0,18,5,0,0,0.4833472938611108,0.4918544238333329,0.1238706783217592,0.1542930696500495
a3ed2fe218a724b4fepeni,2026-02-27 19:00:00,0.4821103088472219,29.0,63.0,0.0,19,5,0,0,0.4803590646111108,0.4860361161111108,0.1239436468315971,0.1542697017496692
a3ed2fe218a724b4fepeni,2026-02-27 20:00:00,0.4770063718055554,28.1,64.0,0.0,20,5,0,0,0.3190306682499998,0.3215344169166665,0.1305259678130786,0.1551951300525793
a3ed2fe218a724b4fepeni,2026-02-27 21:00:00,0.3171229058611109,27.5,68.0,0.0,21,5,0,0,0.0,0.0,0.1437394222239582,0.1570827663969906
a3ed2fe218a724b4fepeni,2026-02-27 22:00:00,0.0,26.7,71.0,0.0,22,5,0,0,0.0,0.0,0.1437394222239582,0.1570827663969906
a3ed2fe218a724b4fepeni,2026-02-27 23:00:00,0.0,26.2,74.0,0.0,23,5,0,0,0.0,0.0,0.1437394222239582,0.1570827663969906
a3ed2fe218a724b4fepeni,2026-02-28 00:00:00,0.0,26.0,75.0,0.0,0,6,1,0,0.0,0.0,0.1437394222239582,0.1570827663969906
a3ed2fe218a724b4fepeni,2026-02-28 01:00:00,0.0,25.7,76.0,0.0,1,6,1,0,0.0,0.0,0.1437394222239582,0.1570827663969906
a3ed2fe218a724b4fepeni,2026-02-28 02:00:00,0.0,25.3,78.0,0.0,2,6,1,0,0.0,0.0,0.1437394222239582,0.1570827663969906
a3ed2fe218a724b4fepeni,2026-02-28 03:00:00,0.0,25.1,79.0,0.0,3,6,1,0,0.0,0.0,0.1437394222239582,0.1570827663969906
a3ed2fe218a724b4fepeni,2026-02-28 04:00:00,0.0,24.8,80.0,0.0,4,6,1,0,0.0,0.0,0.1437394222239582,0.1570827663969906
a3ed2fe218a724b4fepeni,2026-02-28 05:00:00,0.0,24.5,81.0,0.0,5,6,1,0,0.0,0.0112559124999998,0.1437394222239582,0.1570157669178239
a3ed2fe218a724b4fepeni,2026-02-28 06:00:00,0.0,24.5,81.0,0.0,6,6,1,0,0.0,0.046502060833333,0.1437394222239582,0.1567389689366732
a3ed2fe218a724b4fepeni,2026-02-28 07:00:00,0.0,24.8,77.0,0.0,7,6,1,0,0.0,0.0506443636111108,0.1437394222239582,0.1564375143913689
a3ed2fe218a724b4fepeni,2026-02-28 08:00:00,0.0,25.5,73.0,0.0,8,6,1,0,0.0,0.0505233350694442,0.1437394222239582,0.1561367802540508
a3ed2fe218a724b4fepeni,2026-02-28 09:00:00,0.0,27.5,63.0,0.0,9,6,1,0,0.0,0.050424202083333,0.1437394222239582,0.155836636194031
a3ed2fe218a724b4fepeni,2026-02-28 10:00:00,0.0,29.5,54.0,0.0,10,6,1,0,0.0,0.1905661568333331,0.1437394222239582,0.1547023138319278
a3ed2fe218a724b4fepeni,2026-02-28 11:00:00,0.0,31.2,45.0,0.0,11,6,1,0,0.0,0.132845708111111,0.1437394222239582,0.1539115655693617
a3ed2fe218a724b4fepeni,2026-02-28 12:00:00,0.0,31.8,43.0,0.0,12,6,1,0,0.0,0.1783339872222221,0.1437394222239582,0.152850053740658
a3ed2fe218a724b4fepeni,2026-02-28 13:00:00,0.0,32.2,44.0,0.0,13,6,1,0,0.0,0.4641943819444442,0.1437394222239582,0.1500869919433696
a3ed2fe218a724b4fepeni,2026-02-28 14:00:00,0.0,32.4,44.0,0.0,14,6,1,0,0.2355924316666665,0.5134568772916663,0.1339230709045138,0.1470307010071097
a3ed2fe218a724b4fepeni,2026-02-28 15:00:00,0.0,33.0,41.0,0.0,15,6,1,0,0.4662873777777777,0.5100545035555555,0.1144944301637731,0.1439946622954695
a3ed2fe218a724b4fepeni,2026-02-28 16:00:00,0.3716023947499999,33.0,40.0,0.0,16,6,1,0,0.4998749927777774,0.5142028718888887,0.1091497385792823,0.1431458499315475
a3ed2fe218a724b4fepeni,2026-02-28 17:00:00,0.4524166782777775,32.0,43.0,0.0,17,6,1,0,0.4872758342222221,0.5082335919166665,0.1076972737482638,0.1428136063979827
a3ed2fe218a724b4fepeni,2026-02-28 18:00:00,0.4976848692499997,30.2,50.0,0.0,18,6,1,0,0.4844759104166664,0.4977925994444442,0.108247647032986,0.1428129651468253
a3ed2fe218a724b4fepeni,2026-02-28 19:00:00,0.4806249611111109,28.8,55.0,0.0,19,6,1,0,0.4821103088472219,0.4948416508194443,0.1081857575439814,0.1427283419937995
a3ed2fe218a724b4fepeni,2026-02-28 20:00:00,0.4740256169444442,27.7,65.0,0.0,20,6,1,0,0.4770063718055554,0.4848484814444442,0.1080615594247684,0.1426639201812995
a3ed2fe218a724b4fepeni,2026-02-28 21:00:00,0.4739015718055553,27.1,67.0,0.0,21,6,1,0,0.3171229058611109,0.3998763313888886,0.1145940038391203,0.1431045466123511
a3ed2fe218a724b4fepeni,2026-02-28 22:00:00,0.0,26.2,72.0,0.0,22,6,1,0,0.0,0.0,0.1145940038391203,0.1431045466123511
a3ed2fe218a724b4fepeni,2026-02-28 23:00:00,0.0,25.7,73.0,0.0,23,6,1,0,0.0,0.0,0.1145940038391203,0.1431045466123511
a3ed2fe218a724b4fepeni,2026-03-01 00:00:00,0.0,25.5,73.0,0.0,0,7,1,0,0.0,0.0,0.1145940038391203,0.1431045466123511
a3ed2fe218a724b4fepeni,2026-03-01 01:00:00,0.0,25.3,72.0,0.0,1,7,1,0,0.0,0.0,0.1145940038391203,0.1431045466123511
a3ed2fe218a724b4fepeni,2026-03-01 02:00:00,0.0,25.2,71.0,0.0,2,7,1,0,0.0,0.0,0.1145940038391203,0.1431045466123511
a3ed2fe218a724b4fepeni,2026-03-01 03:00:00,0.0,25.4,69.0,0.0,3,7,1,0,0.0,0.0,0.1145940038391203,0.1431045466123511
a3ed2fe218a724b4fepeni,2026-03-01 04:00:00,0.0,25.1,71.0,0.0,4,7,1,0,0.0,0.0,0.1145940038391203,0.1431045466123511
a3ed2fe218a724b4fepeni,2026-03-01 05:00:00,0.031299732833333,24.9,73.0,0.0,5,7,1,0,0.0,0.0,0.1158981593738425,0.1432908545458828
a3ed2fe218a724b4fepeni,2026-03-01 06:00:00,0.0415338568472219,24.7,74.0,0.0,6,7,1,0,0.0,0.0,0.1176287367424767,0.1435380798842592
a3ed2fe218a724b4fepeni,2026-03-01 07:00:00,0.0069311031111111,25.0,72.0,0.0,7,7,1,0,0.0,0.0,0.1179175327054397,0.1435793364503967
a3ed2fe218a724b4fepeni,2026-03-01 08:00:00,0.0,26.0,66.0,0.0,8,7,1,0,0.0,0.0,0.1179175327054397,0.1435793364503967
a3ed2fe218a724b4fepeni,2026-03-01 09:00:00,0.0244136895416663,27.8,58.0,0.0,9,7,1,0,0.0,0.0,0.1189347697696758,0.1437246560310019
a3ed2fe218a724b4fepeni,2026-03-01 10:00:00,0.0,29.4,53.0,0.0,10,7,1,0,0.0,0.0,0.1189347697696758,0.1437246560310019
a3ed2fe218a724b4fepeni,2026-03-01 11:00:00,0.0,30.3,51.0,0.0,11,7,1,0,0.0,0.0,0.1189347697696758,0.1437246560310019
a3ed2fe218a724b4fepeni,2026-03-01 12:00:00,0.0,31.2,51.0,0.0,12,7,1,0,0.0,0.0,0.1189347697696758,0.1437246560310019
a3ed2fe218a724b4fepeni,2026-03-01 13:00:00,0.0,31.5,50.0,0.2,13,7,1,0,0.0,0.1021338632499999,0.1189347697696758,0.1431167163687995
a3ed2fe218a724b4fepeni,2026-03-01 14:00:00,0.0,31.8,52.0,0.3,14,7,1,0,0.0,0.3607145310694442,0.1189347697696758,0.1409696060648147
a3ed2fe218a724b4fepeni,2026-03-01 15:00:00,0.0,32.1,52.0,0.1,15,7,1,0,0.0,0.4631322201944442,0.1189347697696758,0.1382128666588954
a3ed2fe218a724b4fepeni,2026-03-01 16:00:00,0.0,31.6,56.0,0.0,16,7,1,0,0.3716023947499999,0.5167951489444442,0.1034513366550925,0.1351367050580356
a3ed2fe218a724b4fepeni,2026-03-01 17:00:00,0.0,31.4,55.0,0.0,17,7,1,0,0.4524166782777775,0.5126437787777774,0.0846006417268517,0.1320852539938822
a3ed2fe218a724b4fepeni,2026-03-01 18:00:00,0.0,30.5,57.0,0.0,18,7,1,0,0.4976848692499997,0.5053990261666665,0.0638637721747684,0.1290769264571758
a3ed2fe218a724b4fepeni,2026-03-01 19:00:00,0.0,29.5,61.0,0.0,19,7,1,0,0.4806249611111109,0.4976251100277777,0.0438377321284721,0.12611487223082
a3ed2fe218a724b4fepeni,2026-03-01 20:00:00,0.0,29.0,63.0,0.0,20,7,1,0,0.4740256169444442,0.4909080350555553,0.0240866647557869,0.1231928005935846
a3ed2fe218a724b4fepeni,2026-03-01 21:00:00,0.0,28.5,64.0,0.0,21,7,1,0,0.4739015718055553,0.0,0.0043407659305555,0.1231928005935846
a3ed2fe218a724b4fepeni,2026-03-01 22:00:00,0.0,28.1,66.0,0.0,22,7,1,0,0.0,0.0,0.0043407659305555,0.1231928005935846
a3ed2fe218a724b4fepeni,2026-03-01 23:00:00,0.0,27.6,70.0,0.0,23,7,1,0,0.0,0.0,0.0043407659305555,0.1231928005935846
a3ed2fe218a724b4fepeni,2026-03-02 00:00:00,0.0,27.3,74.0,0.0,0,1,0,0,0.0,0.0,0.0043407659305555,0.1231928005935846
a3ed2fe218a724b4fepeni,2026-03-02 01:00:00,0.0,27.2,75.0,0.0,1,1,0,0,0.0,0.0,0.0043407659305555,0.1231928005935846
a3ed2fe218a724b4fepeni,2026-03-02 02:00:00,0.0,26.8,78.0,0.0,2,1,0,0,0.0,0.0,0.0043407659305555,0.1231928005935846
a3ed2fe218a724b4fepeni,2026-03-02 03:00:00,0.0,26.8,76.0,0.0,3,1,0,0,0.0,0.0,0.0043407659305555,0.1231928005935846
a3ed2fe218a724b4fepeni,2026-03-02 04:00:00,0.0,26.5,76.0,0.1,4,1,0,0,0.0,0.0,0.0043407659305555,0.1231928005935846
a3ed2fe218a724b4fepeni,2026-03-02 05:00:00,0.0,26.2,75.0,0.1,5,1,0,0,0.031299732833333,0.0,0.0030366103958333,0.1231928005935846
a3ed2fe218a724b4fepeni,2026-03-02 06:00:00,0.0,26.0,77.0,0.1,6,1,0,0,0.0415338568472219,0.0,0.001306033027199,0.1231928005935846
a3ed2fe218a724b4fepeni,2026-03-02 07:00:00,0.0,26.0,77.0,0.0,7,1,0,0,0.0069311031111111,0.025206468,0.0010172370642361,0.1230427620935846
a3ed2fe218a724b4fepeni,2026-03-02 08:00:00,0.0,26.4,78.0,0.0,8,1,0,0,0.0,0.0424308057638886,0.0010172370642361,0.1227901977735614
a3ed2fe218a724b4fepeni,2026-03-02 09:00:00,0.0,27.0,76.0,0.4,9,1,0,0,0.0244136895416663,0.0,0.0,0.1227901977735614
a3ed2fe218a724b4fepeni,2026-03-02 10:00:00,0.0,29.0,67.0,0.1,10,1,0,0,0.0,0.0,0.0,0.1227901977735614
a3ed2fe218a724b4fepeni,2026-03-02 11:00:00,0.0,30.5,59.0,0.2,11,1,0,0,0.0,0.0,0.0,0.1227901977735614
a3ed2fe218a724b4fepeni,2026-03-02 12:00:00,0.0348905036111111,31.2,55.0,0.2,12,1,0,0,0.0,0.0,0.0014537709837963,0.1229978793426752
a3ed2fe218a724b4fepeni,2026-03-02 13:00:00,0.427103623972222,31.6,54.0,0.1,13,1,0,0,0.0,0.2520247255555554,0.0192497553159722,0.1240400156427743
a3ed2fe218a724b4fepeni,2026-03-02 14:00:00,0.5186414770555555,31.3,58.0,0.0,14,1,0,0,0.0,0.4820425563888887,0.0408598168599537,0.1242578663610283
a3ed2fe218a724b4fepeni,2026-03-02 15:00:00,0.5000333170555554,31.5,57.0,0.0,15,1,0,0,0.0,0.5133519396666664,0.0616945384039351,0.124178588845486
a3ed2fe218a724b4fepeni,2026-03-02 16:00:00,0.4129021388888886,31.2,58.0,0.0,16,1,0,0,0.0,0.5076814895972219,0.0788987941909722,0.1236144260436507
a3ed2fe218a724b4fepeni,2026-03-02 17:00:00,0.5825437676805554,30.8,60.0,0.0,17,1,0,0,0.0,0.5048079624444441,0.103171451177662,0.1240771391700561
a3ed2fe218a724b4fepeni,2026-03-02 18:00:00,0.4924056097222219,30.0,64.0,0.0,18,1,0,0,0.0,0.5054872235694442,0.1236883515827546,0.1239992724209655
a3ed2fe218a724b4fepeni,2026-03-02 19:00:00,0.4895889561944442,29.0,69.0,0.0,19,1,0,0,0.0,0.5017446524305554,0.1440878914241897,0.1239269170862267
a3ed2fe218a724b4fepeni,2026-03-02 20:00:00,0.4906909152499998,28.7,69.0,0.0,20,1,0,0,0.0,0.3325941865,0.1645333462262731,0.124867969043072
a3ed2fe218a724b4fepeni,2026-03-02 21:00:00,0.0,28.1,71.0,0.0,21,1,0,0,0.0,0.0,0.1645333462262731,0.124867969043072
a3ed2fe218a724b4fepeni,2026-03-02 22:00:00,0.0,27.4,74.0,0.0,22,1,0,0,0.0,0.0,0.1645333462262731,0.124867969043072
a3ed2fe218a724b4fepeni,2026-03-02 23:00:00,0.0,26.9,77.0,0.0,23,1,0,0,0.0,0.0,0.1645333462262731,0.124867969043072
a3ed2fe218a724b4fepeni,2026-03-03 00:00:00,0.0,26.9,77.0,0.0,0,2,0,0,0.0,0.0,0.1645333462262731,0.124867969043072
a3ed2fe218a724b4fepeni,2026-03-03 01:00:00,0.0,26.9,77.0,0.0,1,2,0,0,0.0,0.0,0.1645333462262731,0.124867969043072
a3ed2fe218a724b4fepeni,2026-03-03 02:00:00,0.0,26.9,77.0,0.0,2,2,0,0,0.0,0.0,0.1645333462262731,0.124867969043072
a3ed2fe218a724b4fepeni,2026-03-03 03:00:00,0.0,26.9,77.0,0.0,3,2,0,0,0.0,0.0,0.1645333462262731,0.124867969043072
a3ed2fe218a724b4fepeni,2026-03-03 04:00:00,0.0,26.9,77.0,0.0,4,2,0,0,0.0,0.0,0.1645333462262731,0.124867969043072
a3ed2fe218a724b4fepeni,2026-03-03 05:00:00,0.0,26.9,77.0,0.0,5,2,0,0,0.0,0.0,0.1645333462262731,0.124867969043072
a3ed2fe218a724b4fepeni,2026-03-03 06:00:00,0.0,26.9,77.0,0.0,6,2,0,0,0.0,0.0,0.1645333462262731,0.124867969043072
a3ed2fe218a724b4fepeni,2026-03-03 07:00:00,0.0,26.9,77.0,0.0,7,2,0,0,0.0,0.0,0.1645333462262731,0.124867969043072
a3ed2fe218a724b4fepeni,2026-03-03 08:00:00,0.0,26.9,77.0,0.0,8,2,0,0,0.0,0.0,0.1645333462262731,0.124867969043072
a3ed2fe218a724b4fepeni,2026-03-03 09:00:00,0.0,26.9,77.0,0.0,9,2,0,0,0.0,0.0,0.1645333462262731,0.124867969043072
a3ed2fe218a724b4fepeni,2026-03-03 10:00:00,0.0,26.9,77.0,0.0,10,2,0,0,0.0,0.0,0.1645333462262731,0.124867969043072
a3ed2fe218a724b4fepeni,2026-03-03 11:00:00,0.0,26.9,77.0,0.0,11,2,0,0,0.0,0.0,0.1645333462262731,0.124867969043072
a3ed2fe218a724b4fepeni,2026-03-03 12:00:00,0.0,26.9,77.0,0.0,12,2,0,0,0.0348905036111111,0.0,0.1630795752424768,0.124867969043072
a3ed2fe218a724b4fepeni,2026-03-03 13:00:00,0.2441836481249999,26.9,77.0,0.0,13,2,0,0,0.427103623972222,0.1035334545416666,0.1554579095821759,0.1257051725763061
a3ed2fe218a724b4fepeni,2026-03-03 14:00:00,0.4813698211944441,26.9,77.0,0.0,14,2,0,0,0.5186414770555555,0.4412750100277774,0.1539049239212962,0.1259438321665839
a3ed2fe218a724b4fepeni,2026-03-03 15:00:00,0.5111251109583331,26.9,77.0,0.0,15,2,0,0,0.5000333170555554,0.518930097847222,0.1543670820005786,0.1258973739112929
a3ed2fe218a724b4fepeni,2026-03-03 16:00:00,0.4961720855833332,26.9,77.0,0.0,16,2,0,0,0.4129021388888886,0.5047105317499997,0.1578366631128471,0.1258465498269675
a3ed2fe218a724b4fepeni,2026-03-03 17:00:00,0.4894005908333332,26.9,77.0,0.0,17,2,0,0,0.5825437676805554,0.4974850830138886,0.1539556974108795,0.1257984278497023
a3ed2fe218a724b4fepeni,2026-03-03 18:00:00,0.484212300972222,26.9,77.0,0.0,18,2,0,0,0.4924056097222219,0.4953634104722217,0.1536143095462962,0.1257320521979166
a3ed2fe218a724b4fepeni,2026-03-03 19:00:00,0.484009220847222,26.9,77.0,0.0,19,2,0,0,0.4895889561944442,0.4930853548888886,0.1533818205734953,0.1256780275905257
a3ed2fe218a724b4fepeni,2026-03-03 20:00:00,0.4009000214166665,26.9,77.0,0.0,20,2,0,0,0.4906909152499998,0.4872126820833331,0.1496405333304397,0.1251642617532241
a3ed2fe218a724b4fepeni,2026-03-03 21:00:00,0.0,26.9,77.0,0.0,21,2,0,0,0.0,0.0,0.1496405333304397,0.1251642617532241
a3ed2fe218a724b4fepeni,2026-03-03 22:00:00,0.0,26.9,77.0,0.0,22,2,0,0,0.0,0.0,0.1496405333304397,0.1251642617532241
a3ed2fe218a724b4fepeni,2026-03-03 23:00:00,0.0,26.9,77.0,0.0,23,2,0,0,0.0,0.0,0.1496405333304397,0.1251642617532241
a3ed2fe218a724b4fepeni,2026-03-04 00:00:00,0.0,26.9,77.0,0.0,0,3,0,0,0.0,0.0,0.1496405333304397,0.1251642617532241
a3ed2fe218a724b4fepeni,2026-03-04 01:00:00,0.0,26.9,77.0,0.0,1,3,0,0,0.0,0.0,0.1496405333304397,0.1251642617532241
a3ed2fe218a724b4fepeni,2026-03-04 02:00:00,0.0,26.9,77.0,0.0,2,3,0,0,0.0,0.0,0.1496405333304397,0.1251642617532241
a3ed2fe218a724b4fepeni,2026-03-04 03:00:00,0.0,26.9,77.0,0.0,3,3,0,0,0.0,0.0,0.1496405333304397,0.1251642617532241
