device_id,timestamp,kWh,temperature,humidity,rainfall,hour_of_day,day_of_week,is_weekend,is_holiday,lag_24,lag_168,rolling_mean_24,rolling_mean_168
a3c772d3fde52dbae832bi,2026-01-09 16:00:00,0.0595066916666661,28.5,61.0,0.1,16,5,0,0,0.0522074416666663,0.0556319166666665,0.0151032482638887,0.0151413593749999
a3c772d3fde52dbae832bi,2026-01-09 17:00:00,0.0617779333333331,27.9,64.0,0.1,17,5,0,0,0.0542437249999996,0.0663021666666666,0.0154171736111109,0.0151144294146824
a3c772d3fde52dbae832bi,2026-01-09 18:00:00,0.061978733333333,27.0,67.0,0.0,18,5,0,0,0.0544200833333333,0.0665176416666663,0.0157321173611109,0.0150874121031745
a3c772d3fde52dbae832bi,2026-01-09 19:00:00,0.0620842833333332,26.5,70.0,0.0,19,5,0,0,0.0545127166666662,0.0666309249999996,0.0160475993055554,0.0150603487599205
a3c772d3fde52dbae832bi,2026-01-09 20:00:00,0.0621936499999995,26.2,70.0,0.0,20,5,0,0,0.0546087749999996,0.0667483666666665,0.0163636357638887,0.0150332373511903
a3c772d3fde52dbae832bi,2026-01-09 21:00:00,0.0,26.0,70.0,0.2,21,5,0,0,0.0,0.0,0.0163636357638887,0.0150332373511903
a3c772d3fde52dbae832bi,2026-01-09 22:00:00,0.0,25.4,74.0,0.2,22,5,0,0,0.0,0.0,0.0163636357638887,0.0150332373511903
a3c772d3fde52dbae832bi,2026-01-09 23:00:00,0.0,25.2,75.0,0.1,23,5,0,0,0.0,0.0,0.0163636357638887,0.0150332373511903
a3c772d3fde52dbae832bi,2026-01-10 00:00:00,0.0,25.0,77.0,0.0,0,6,1,0,0.0,0.0,0.0163636357638887,0.0150332373511903
a3c772d3fde52dbae832bi,2026-01-10 01:00:00,0.0,25.0,78.0,0.0,1,6,1,0,0.0,0.0,0.0163636357638887,0.0150332373511903
a3c772d3fde52dbae832bi,2026-01-10 02:00:00,0.0,24.7,81.0,0.0,2,6,1,0,0.0,0.0,0.0163636357638887,0.0150332373511903
a3c772d3fde52dbae832bi,2026-01-10 03:00:00,0.0,24.3,81.0,0.4,3,6,1,0,0.0,0.0,0.0163636357638887,0.0150332373511903
a3c772d3fde52dbae832bi,2026-01-10 04:00:00,0.0,24.2,78.0,0.0,4,6,1,0,0.0,0.0,0.0163636357638887,0.0150332373511903
a3c772d3fde52dbae832bi,2026-01-10 05:00:00,0.0,23.9,79.0,0.1,5,6,1,0,0.0,0.0,0.0163636357638887,0.0150332373511903
a3c772d3fde52dbae832bi,2026-01-10 06:00:00,0.0,23.6,83.0,0.5,6,6,1,0,0.0,0.0,0.0163636357638887,0.0150332373511903
a3c772d3fde52dbae832bi,2026-01-10 07:00:00,0.0,23.8,82.0,0.2,7,6,1,0,0.0,0.0,0.0163636357638887,0.0150332373511903
a3c772d3fde52dbae832bi,2026-01-10 08:00:00,0.0,24.0,86.0,0.0,8,6,1,0,0.0,0.0,0.0163636357638887,0.0150332373511903
a3c772d3fde52dbae832bi,2026-01-10 09:00:00,0.0,25.2,79.0,0.1,9,6,1,0,0.0,0.0,0.0163636357638887,0.0150332373511903
a3c772d3fde52dbae832bi,2026-01-10 10:00:00,0.0,27.4,65.0,0.0,10,6,1,0,0.0,0.0,0.0163636357638887,0.0150332373511903
a3c772d3fde52dbae832bi,2026-01-10 11:00:00,0.0,29.0,59.0,0.0,11,6,1,0,0.0,0.0,0.0163636357638887,0.0150332373511903
a3c772d3fde52dbae832bi,2026-01-10 12:00:00,0.0061772333333331,30.2,54.0,0.0,12,6,1,0,0.0054238249999994,0.006629608333333,0.0163950277777776,0.015030544642857
a3c772d3fde52dbae832bi,2026-01-10 13:00:00,0.0283469249999998,30.3,55.0,0.0,13,6,1,0,0.0249789166666665,0.0304229583333329,0.0165353614583332,0.0150181873015872
a3c772d3fde52dbae832bi,2026-01-10 14:00:00,0.0288388583333328,27.7,67.0,0.0,14,6,1,0,0.025321833333333,0.0309508666666665,0.0166819041666665,0.0150056158234125
a3c772d3fde52dbae832bi,2026-01-10 15:00:00,0.0335534333333333,28.0,65.0,0.4,15,6,1,0,0.0294613916666664,0.0360106583333329,0.0168524059027776,0.0149909894841268
a3c772d3fde52dbae832bi,2026-01-10 16:00:00,0.0612435833333331,27.2,70.0,0.3,16,6,1,0,0.0595066916666661,0.0572891916666665,0.0169247763888887,0.0150145275297618
a3c772d3fde52dbae832bi,2026-01-10 17:00:00,0.0632854749999998,27.1,69.0,0.0,17,6,1,0,0.0617779333333331,0.058776258333333,0.0169875906249999,0.0150413681051586
a3c772d3fde52dbae832bi,2026-01-10 18:00:00,0.0634911999999998,27.0,71.0,0.0,18,6,1,0,0.061978733333333,0.0589672916666665,0.0170506100694443,0.0150682961309522
a3c772d3fde52dbae832bi,2026-01-10 19:00:00,0.0635992999999998,26.6,75.0,0.0,19,6,1,0,0.0620842833333332,0.0590677499999998,0.0171137357638887,0.015095269642857
a3c772d3fde52dbae832bi,2026-01-10 20:00:00,0.0637113249999998,26.1,78.0,0.5,20,6,1,0,0.0621936499999995,0.0591717999999998,0.0171769722222221,0.0151222906249999
a3c772d3fde52dbae832bi,2026-01-10 21:00:00,0.0,26.1,82.0,0.0,21,6,1,0,0.0,0.0,0.0171769722222221,0.0151222906249999
a3c772d3fde52dbae832bi,2026-01-10 22:00:00,0.0,26.1,83.0,0.0,22,6,1,0,0.0,0.0,0.0171769722222221,0.0151222906249999
a3c772d3fde52dbae832bi,2026-01-10 23:00:00,0.0,26.1,82.0,0.0,23,6,1,0,0.0,0.0,0.0171769722222221,0.0151222906249999
a3c772d3fde52dbae832bi,2026-01-11 00:00:00,0.0,26.0,82.0,0.0,0,7,1,0,0.0,0.0,0.0171769722222221,0.0151222906249999
a3c772d3fde52dbae832bi,2026-01-11 01:00:00,0.0,26.0,84.0,0.0,1,7,1,0,0.0,0.0,0.0171769722222221,0.0151222906249999
a3c772d3fde52dbae832bi,2026-01-11 02:00:00,0.0,25.4,86.0,0.0,2,7,1,0,0.0,0.0,0.0171769722222221,0.0151222906249999
a3c772d3fde52dbae832bi,2026-01-11 03:00:00,0.0,25.2,85.0,0.0,3,7,1,0,0.0,0.0,0.0171769722222221,0.0151222906249999
a3c772d3fde52dbae832bi,2026-01-11 04:00:00,0.0,25.0,84.0,0.0,4,7,1,0,0.0,0.0,0.0171769722222221,0.0151222906249999
a3c772d3fde52dbae832bi,2026-01-11 05:00:00,0.0,24.9,82.0,0.0,5,7,1,0,0.0,0.0,0.0171769722222221,0.0151222906249999
a3c772d3fde52dbae832bi,2026-01-11 06:00:00,0.0,24.9,80.0,0.0,6,7,1,0,0.0,0.0,0.0171769722222221,0.0151222906249999
a3c772d3fde52dbae832bi,2026-01-11 07:00:00,0.0,25.0,79.0,0.0,7,7,1,0,0.0,0.0,0.0171769722222221,0.0151222906249999
a3c772d3fde52dbae832bi,2026-01-11 08:00:00,0.0,25.5,77.0,0.0,8,7,1,0,0.0,0.0,0.0171769722222221,0.0151222906249999
a3c772d3fde52dbae832bi,2026-01-11 09:00:00,0.0,27.3,67.0,0.0,9,7,1,0,0.0,0.0,0.0171769722222221,0.0151222906249999
a3c772d3fde52dbae832bi,2026-01-11 10:00:00,0.0,28.9,60.0,0.0,10,7,1,0,0.0,0.0,0.0171769722222221,0.0151222906249999
a3c772d3fde52dbae832bi,2026-01-11 11:00:00,0.0,30.2,53.0,0.0,11,7,1,0,0.0,0.0,0.0171769722222221,0.0151222906249999
a3c772d3fde52dbae832bi,2026-01-11 12:00:00,0.0063279333333331,30.5,52.0,0.0,12,7,1,0,0.0061772333333331,0.0058770249999999,0.0171832513888888,0.0151249746031745
a3c772d3fde52dbae832bi,2026-01-11 13:00:00,0.029038683333333,29.9,56.0,0.2,13,7,1,0,0.0283469249999998,0.0269321666666665,0.0172120746527776,0.015137513392857
a3c772d3fde52dbae832bi,2026-01-11 14:00:00,0.0295426249999996,29.9,59.0,0.2,14,7,1,0,0.0288388583333328,0.0274376583333329,0.0172413982638888,0.0151500429563491
a3c772d3fde52dbae832bi,2026-01-11 15:00:00,0.0343721833333333,30.4,60.0,0.0,15,7,1,0,0.0335534333333333,0.0319231499999996,0.0172755128472221,0.0151646205357141
a3c772d3fde52dbae832bi,2026-01-11 16:00:00,0.0432388833333331,27.25,76.5,7.2,16,7,1,0,0.0612435833333331,0.0708415833333327,0.0165253170138888,0.0150003187499999
a3c772d3fde52dbae832bi,2026-01-11 17:00:00,0.0437032333333329,24.1,93.0,1.6,17,7,1,0,0.0632854749999998,0.073833575,0.0157093902777776,0.0148209714781745
a3c772d3fde52dbae832bi,2026-01-11 18:00:00,0.0438452999999996,25.1,89.0,0.0,18,7,1,0,0.0634911999999998,0.0740734916666663,0.014890811111111,0.0146410417658729
a3c772d3fde52dbae832bi,2026-01-11 19:00:00,0.0439200083333333,25.9,85.0,0.0,19,7,1,0,0.0635992999999998,0.0741996916666665,0.0140708406249999,0.0144608055555554
a3c772d3fde52dbae832bi,2026-01-11 20:00:00,0.0439973583333331,27.1,74.0,0.0,20,7,1,0,0.0637113249999998,0.0743304416666661,0.0132494253472221,0.0142802514880951
a3c772d3fde52dbae832bi,2026-01-11 21:00:00,0.0,27.1,69.0,0.0,21,7,1,0,0.0,0.0,0.0132494253472221,0.0142802514880951
a3c772d3fde52dbae832bi,2026-01-11 22:00:00,0.0,26.8,68.0,0.0,22,7,1,0,0.0,0.0,0.0132494253472221,0.0142802514880951
a3c772d3fde52dbae832bi,2026-01-11 23:00:00,0.0,26.1,69.0,0.0,23,7,1,0,0.0,0.0,0.0132494253472221,0.0142802514880951
a3c772d3fde52dbae832bi,2026-01-12 00:00:00,0.0,25.7,71.0,0.0,0,1,0,0,0.0,0.0,0.0132494253472221,0.0142802514880951
a3c772d3fde52dbae832bi,2026-01-12 01:00:00,0.0,25.1,75.0,0.0,1,1,0,0,0.0,0.0,0.0132494253472221,0.0142802514880951
a3c772d3fde52dbae832bi,2026-01-12 02:00:00,0.0,25.2,76.0,0.0,2,1,0,0,0.0,0.0,0.0132494253472221,0.0142802514880951
a3c772d3fde52dbae832bi,2026-01-12 03:00:00,0.0,24.6,79.0,0.1,3,1,0,0,0.0,0.0,0.0132494253472221,0.0142802514880951
a3c772d3fde52dbae832bi,2026-01-12 04:00:00,0.0,24.2,81.0,0.0,4,1,0,0,0.0,0.0,0.0132494253472221,0.0142802514880951
a3c772d3fde52dbae832bi,2026-01-12 05:00:00,0.0,24.1,79.0,0.0,5,1,0,0,0.0,0.0,0.0132494253472221,0.0142802514880951
a3c772d3fde52dbae832bi,2026-01-12 06:00:00,0.0,24.0,79.0,0.0,6,1,0,0,0.0,0.0,0.0132494253472221,0.0142802514880951
a3c772d3fde52dbae832bi,2026-01-12 07:00:00,0.0,24.0,79.0,0.0,7,1,0,0,0.0,0.0,0.0132494253472221,0.0142802514880951
a3c772d3fde52dbae832bi,2026-01-12 08:00:00,0.0,25.4,71.0,0.0,8,1,0,0,0.0,0.0,0.0132494253472221,0.0142802514880951
a3c772d3fde52dbae832bi,2026-01-12 09:00:00,0.0,26.5,65.0,0.0,9,1,0,0,0.0,0.0,0.0132494253472221,0.0142802514880951
a3c772d3fde52dbae832bi,2026-01-12 10:00:00,0.0,27.6,61.0,0.0,10,1,0,0,0.0,0.0,0.0132494253472221,0.0142802514880951
a3c772d3fde52dbae832bi,2026-01-12 11:00:00,0.0,28.6,56.0,0.0,11,1,0,0,0.0,0.0,0.0132494253472221,0.0142802514880951
a3c772d3fde52dbae832bi,2026-01-12 12:00:00,0.0043699333333331,29.1,54.0,0.0,12,1,0,0,0.0063279333333331,0.00738265,0.0131678420138887,0.0142623186507935
a3c772d3fde52dbae832bi,2026-01-12 13:00:00,0.0200533499999998,29.3,54.0,0.0,13,1,0,0,0.029038683333333,0.0338786833333331,0.0127934531249999,0.0141800249999999
a3c772d3fde52dbae832bi,2026-01-12 14:00:00,0.0204013916666666,29.9,53.0,0.0,14,1,0,0,0.0295426249999996,0.034466583333333,0.0124125684027777,0.0140963036210316
a3c772d3fde52dbae832bi,2026-01-12 15:00:00,0.0237365,30.5,51.0,0.0,15,1,0,0,0.0343721833333333,0.0401011249999996,0.0119694149305554,0.0139988951388887
a3c772d3fde52dbae832bi,2026-01-12 16:00:00,0.0478947416666662,30.1,52.0,0.0,16,1,0,0,0.0432388833333331,0.0520726666666664,0.0121634090277776,0.0139740265376983
a3c772d3fde52dbae832bi,2026-01-12 17:00:00,0.0497204999999996,29.1,57.0,0.0,17,1,0,0,0.0437032333333329,0.0527502833333329,0.0124141284722221,0.0139559921130951
a3c772d3fde52dbae832bi,2026-01-12 18:00:00,0.0498821749999996,27.9,60.0,0.0,18,1,0,0,0.0438452999999996,0.0529217166666665,0.0126656649305554,0.0139378996031745
a3c772d3fde52dbae832bi,2026-01-12 19:00:00,0.0499670749999996,27.3,63.0,0.0,19,1,0,0,0.0439200083333333,0.0530118916666665,0.0129176260416665,0.0139197756944443
a3c772d3fde52dbae832bi,2026-01-12 20:00:00,0.0500551499999996,25.0,78.0,0.0,20,1,0,0,0.0439973583333331,0.0531052083333331,0.0131700340277776,0.0139016205853173
a3c772d3fde52dbae832bi,2026-01-12 21:00:00,0.0,25.4,78.0,0.0,21,1,0,0,0.0,0.0,0.0131700340277776,0.0139016205853173
a3c772d3fde52dbae832bi,2026-01-12 22:00:00,0.0,25.4,77.0,0.0,22,1,0,0,0.0,0.0,0.0131700340277776,0.0139016205853173
a3c772d3fde52dbae832bi,2026-01-12 23:00:00,0.0,25.2,79.0,0.0,23,1,0,0,0.0,0.0,0.0131700340277776,0.0139016205853173
a3c772d3fde52dbae832bi,2026-01-13 00:00:00,0.0,25.0,81.0,0.0,0,2,0,0,0.0,0.0,0.0131700340277776,0.0139016205853173
a3c772d3fde52dbae832bi,2026-01-13 01:00:00,0.0,24.7,84.0,0.0,1,2,0,0,0.0,0.0,0.0131700340277776,0.0139016205853173
a3c772d3fde52dbae832bi,2026-01-13 02:00:00,0.0,24.5,82.0,0.0,2,2,0,0,0.0,0.0,0.0131700340277776,0.0139016205853173
a3c772d3fde52dbae832bi,2026-01-13 03:00:00,0.0,24.2,85.0,0.0,3,2,0,0,0.0,0.0,0.0131700340277776,0.0139016205853173
a3c772d3fde52dbae832bi,2026-01-13 04:00:00,0.0,24.0,86.0,0.0,4,2,0,0,0.0,0.0,0.0131700340277776,0.0139016205853173
a3c772d3fde52dbae832bi,2026-01-13 05:00:00,0.0,23.9,86.0,0.0,5,2,0,0,0.0,0.0,0.0131700340277776,0.0139016205853173
a3c772d3fde52dbae832bi,2026-01-13 06:00:00,0.0,24.0,85.0,0.0,6,2,0,0,0.0,0.0,0.0131700340277776,0.0139016205853173
a3c772d3fde52dbae832bi,2026-01-13 07:00:00,0.0,24.2,82.0,0.0,7,2,0,0,0.0,0.0,0.0131700340277776,0.0139016205853173
a3c772d3fde52dbae832bi,2026-01-13 08:00:00,0.0,24.4,84.0,0.0,8,2,0,0,0.0,0.0,0.0131700340277776,0.0139016205853173
a3c772d3fde52dbae832bi,2026-01-13 09:00:00,0.0,25.2,80.0,0.0,9,2,0,0,0.0,0.0,0.0131700340277776,0.0139016205853173
a3c772d3fde52dbae832bi,2026-01-13 10:00:00,0.0,26.5,75.0,0.0,10,2,0,0,0.0,0.0,0.0131700340277776,0.0139016205853173
a3c772d3fde52dbae832bi,2026-01-13 11:00:00,0.0,27.2,70.0,0.1,11,2,0,0,0.0,0.0,0.0131700340277776,0.0139016205853173
a3c772d3fde52dbae832bi,2026-01-13 12:00:00,0.0049715416666663,27.4,72.0,0.2,12,2,0,0,0.0043699333333331,0.0052744999999994,0.0131951010416665,0.0138998172619046
a3c772d3fde52dbae832bi,2026-01-13 13:00:00,0.0228144083333333,28.1,69.0,0.1,13,2,0,0,0.0200533499999998,0.0244682499999999,0.0133101451388887,0.0138899729662697
a3c772d3fde52dbae832bi,2026-01-13 14:00:00,0.0232103333333331,28.8,66.0,0.1,14,2,0,0,0.0204013916666666,0.0246246,0.0134271843749998,0.0138815547123014
a3c772d3fde52dbae832bi,2026-01-13 15:00:00,0.0270046666666661,28.7,66.0,0.1,15,2,0,0,0.0237365,0.0286502416666663,0.0135633579861109,0.0138717596230157
a3c772d3fde52dbae832bi,2026-01-13 16:00:00,0.0439991,28.4,68.0,0.2,16,2,0,0,0.0478947416666662,0.0358031499999995,0.0134010395833332,0.0139205450396824
a3c772d3fde52dbae832bi,2026-01-13 17:00:00,0.045200775,28.0,71.0,0.0,17,2,0,0,0.0497204999999996,0.0361704166666665,0.0132127177083332,0.0139742971726189
a3c772d3fde52dbae832bi,2026-01-13 18:00:00,0.045347675,27.3,77.0,0.0,18,2,0,0,0.0498821749999996,0.036287958333333,0.0130237802083332,0.0140282240575395
a3c772d3fde52dbae832bi,2026-01-13 19:00:00,0.045424925,26.6,81.0,0.0,19,2,0,0,0.0499670749999996,0.0363497416666665,0.0128345239583332,0.0140822430059522
a3c772d3fde52dbae832bi,2026-01-13 20:00:00,0.045505025,26.6,83.0,0.0,20,2,0,0,0.0500551499999996,0.0364137833333329,0.0126449354166666,0.0141363575396824
a3c772d3fde52dbae832bi,2026-01-13 21:00:00,0.0,26.9,80.0,0.0,21,2,0,0,0.0,0.0,0.0126449354166666,0.0141363575396824
a3c772d3fde52dbae832bi,2026-01-13 22:00:00,0.0,26.5,84.0,0.0,22,2,0,0,0.0,0.0,0.0126449354166666,0.0141363575396824
a3c772d3fde52dbae832bi,2026-01-13 23:00:00,0.0,26.0,88.0,0.0,23,2,0,0,0.0,0.0,0.0126449354166666,0.0141363575396824
a3c772d3fde52dbae832bi,2026-01-14 00:00:00,0.0,25.5,90.0,0.0,0,3,0,0,0.0,0.0,0.0126449354166666,0.0141363575396824
a3c772d3fde52dbae832bi,2026-01-14 01:00:00,0.0,25.1,91.0,0.0,1,3,0,0,0.0,0.0,0.0126449354166666,0.0141363575396824
a3c772d3fde52dbae832bi,2026-01-14 02:00:00,0.0,24.4,92.0,0.0,2,3,0,0,0.0,0.0,0.0126449354166666,0.0141363575396824
a3c772d3fde52dbae832bi,2026-01-14 03:00:00,0.0,24.4,93.0,0.0,3,3,0,0,0.0,0.0,0.0126449354166666,0.0141363575396824
a3c772d3fde52dbae832bi,2026-01-14 04:00:00,0.0,24.2,93.0,0.0,4,3,0,0,0.0,0.0,0.0126449354166666,0.0141363575396824
a3c772d3fde52dbae832bi,2026-01-14 05:00:00,0.0,24.4,93.0,0.0,5,3,0,0,0.0,0.0,0.0126449354166666,0.0141363575396824
a3c772d3fde52dbae832bi,2026-01-14 06:00:00,0.0,24.2,93.0,0.0,6,3,0,0,0.0,0.0,0.0126449354166666,0.0141363575396824
a3c772d3fde52dbae832bi,2026-01-14 07:00:00,0.0,24.2,94.0,0.0,7,3,0,0,0.0,0.0,0.0126449354166666,0.0141363575396824
a3c772d3fde52dbae832bi,2026-01-14 08:00:00,0.0,25.0,87.0,0.0,8,3,0,0,0.0,0.0,0.0126449354166666,0.0141363575396824
a3c772d3fde52dbae832bi,2026-01-14 09:00:00,0.0,25.9,84.0,0.1,9,3,0,0,0.0,0.0,0.0126449354166666,0.0141363575396824
a3c772d3fde52dbae832bi,2026-01-14 10:00:00,0.0,26.2,81.0,0.1,10,3,0,0,0.0,0.0,0.0126449354166666,0.0141363575396824
a3c772d3fde52dbae832bi,2026-01-14 11:00:00,0.0,26.7,79.0,0.1,11,3,0,0,0.0,0.0,0.0126449354166666,0.0141363575396824
a3c772d3fde52dbae832bi,2026-01-14 12:00:00,0.004519625,27.6,75.0,0.0,12,3,0,0,0.0049715416666663,0.0036167083333331,0.0126261055555555,0.0141417320436507
a3c772d3fde52dbae832bi,2026-01-14 13:00:00,0.020740525,29.0,70.0,0.0,13,3,0,0,0.0228144083333333,0.0165891666666664,0.0125396937499999,0.0141664425099205
a3c772d3fde52dbae832bi,2026-01-14 14:00:00,0.0211004416666663,28.8,68.0,0.1,14,3,0,0,0.0232103333333331,0.0168848749999998,0.0124517815972221,0.0141915351686507
a3c772d3fde52dbae832bi,2026-01-14 15:00:00,0.0245499083333332,29.8,61.0,0.1,15,3,0,0,0.0270046666666661,0.0196452333333329,0.0123494999999999,0.0142207296626983
a3c772d3fde52dbae832bi,2026-01-14 16:00:00,0.0396195499999999,29.6,57.0,0.2,16,3,0,0,0.0439991,0.0447717333333333,0.0121670187499999,0.0141900619047618
a3c772d3fde52dbae832bi,2026-01-14 17:00:00,0.0406803416666663,27.9,65.0,0.0,17,3,0,0,0.045200775,0.0467111166666663,0.011978667361111,0.0141541644345237
a3c772d3fde52dbae832bi,2026-01-14 18:00:00,0.0408125666666664,26.6,72.0,0.0,18,3,0,0,0.045347675,0.0468629416666663,0.0117897045138888,0.0141181502976189
a3c772d3fde52dbae832bi,2026-01-14 19:00:00,0.040882083333333,26.2,75.0,0.0,19,3,0,0,0.045424925,0.0469427416666666,0.0116004194444443,0.0140820749503967
a3c772d3fde52dbae832bi,2026-01-14 20:00:00,0.0409541083333333,25.0,80.0,0.0,20,3,0,0,0.045505025,0.0470255,0.0114107979166666,0.0140459357142856
a3c772d3fde52dbae832bi,2026-01-14 21:00:00,0.0,25.2,78.0,0.2,21,3,0,0,0.0,0.0,0.0114107979166666,0.0140459357142856
a3c772d3fde52dbae832bi,2026-01-14 22:00:00,0.0,24.5,84.0,0.3,22,3,0,0,0.0,0.0,0.0114107979166666,0.0140459357142856
a3c772d3fde52dbae832bi,2026-01-14 23:00:00,0.0,24.2,87.0,0.6,23,3,0,0,0.0,0.0,0.0114107979166666,0.0140459357142856
a3c772d3fde52dbae832bi,2026-01-15 00:00:00,0.0,24.4,86.0,0.0,0,4,0,0,0.0,0.0,0.0114107979166666,0.0140459357142856
a3c772d3fde52dbae832bi,2026-01-15 01:00:00,0.0,24.2,88.0,0.0,1,4,0,0,0.0,0.0,0.0114107979166666,0.0140459357142856
a3c772d3fde52dbae832bi,2026-01-15 02:00:00,0.0,24.1,88.0,0.0,2,4,0,0,0.0,0.0,0.0114107979166666,0.0140459357142856
a3c772d3fde52dbae832bi,2026-01-15 03:00:00,0.0,24.1,88.0,0.0,3,4,0,0,0.0,0.0,0.0114107979166666,0.0140459357142856
a3c772d3fde52dbae832bi,2026-01-15 04:00:00,0.0,24.1,88.0,0.0,4,4,0,0,0.0,0.0,0.0114107979166666,0.0140459357142856
a3c772d3fde52dbae832bi,2026-01-15 05:00:00,0.0,23.9,89.0,0.0,5,4,0,0,0.0,0.0,0.0114107979166666,0.0140459357142856
a3c772d3fde52dbae832bi,2026-01-15 06:00:00,0.0,23.6,90.0,0.0,6,4,0,0,0.0,0.0,0.0114107979166666,0.0140459357142856
a3c772d3fde52dbae832bi,2026-01-15 07:00:00,0.0,23.7,90.0,0.0,7,4,0,0,0.0,0.0,0.0114107979166666,0.0140459357142856
a3c772d3fde52dbae832bi,2026-01-15 08:00:00,0.0,24.4,90.0,0.0,8,4,0,0,0.0,0.0,0.0114107979166666,0.0140459357142856
a3c772d3fde52dbae832bi,2026-01-15 09:00:00,0.0,25.0,85.0,0.0,9,4,0,0,0.0,0.0,0.0114107979166666,0.0140459357142856
a3c772d3fde52dbae832bi,2026-01-15 10:00:00,0.0,26.0,79.0,0.1,10,4,0,0,0.0,0.0,0.0114107979166666,0.0140459357142856
a3c772d3fde52dbae832bi,2026-01-15 11:00:00,0.0,27.0,73.0,0.2,11,4,0,0,0.0,0.0,0.0114107979166666,0.0140459357142856
a3c772d3fde52dbae832bi,2026-01-15 12:00:00,0.0040676166666663,27.5,69.0,0.1,12,4,0,0,0.004519625,0.0046706916666663,0.011391964236111,0.0140423459821427
a3c772d3fde52dbae832bi,2026-01-15 13:00:00,0.0186662666666665,28.1,67.0,0.4,13,4,0,0,0.020740525,0.021499,0.0113055368055554,0.0140254844742062
a3c772d3fde52dbae832bi,2026-01-15 14:00:00,0.0189902416666666,28.1,67.0,0.3,14,4,0,0,0.0211004416666663,0.0218054166666663,0.0112176118055554,0.0140087274801586
a3c772d3fde52dbae832bi,2026-01-15 15:00:00,0.0220946666666663,28.2,66.0,0.3,15,4,0,0,0.0245499083333332,0.0253701333333328,0.0111153100694443,0.0139892306547618
a3c772d3fde52dbae832bi,2026-01-15 16:00:00,0.0394122583333333,28.4,65.0,0.0,16,4,0,0,0.0396195499999999,0.0522074416666663,0.0111066729166665,0.0139130688492062
a3c772d3fde52dbae832bi,2026-01-15 17:00:00,0.0406803416666663,28.2,65.0,0.0,17,4,0,0,0.0406803416666663,0.0542437249999996,0.0111066729166665,0.013832334424603
a3c772d3fde52dbae832bi,2026-01-15 18:00:00,0.0408125666666664,27.3,72.0,0.0,18,4,0,0,0.0408125666666664,0.0544200833333333,0.0111066729166665,0.0137513373015872
a3c772d3fde52dbae832bi,2026-01-15 19:00:00,0.040882083333333,26.6,78.0,0.0,19,4,0,0,0.040882083333333,0.0545127166666662,0.0111066729166665,0.0136702025793649
a3c772d3fde52dbae832bi,2026-01-15 20:00:00,0.0409541083333333,26.5,78.0,0.0,20,4,0,0,0.0409541083333333,0.0546087749999996,0.0111066729166665,0.0135889248015872
a3c772d3fde52dbae832bi,2026-01-15 21:00:00,0.0,25.8,82.0,0.0,21,4,0,0,0.0,0.0,0.0111066729166665,0.0135889248015872
a3c772d3fde52dbae832bi,2026-01-15 22:00:00,0.0,25.5,84.0,0.0,22,4,0,0,0.0,0.0,0.0111066729166665,0.0135889248015872
a3c772d3fde52dbae832bi,2026-01-15 23:00:00,0.0,25.1,86.0,0.0,23,4,0,0,0.0,0.0,0.0111066729166665,0.0135889248015872
a3c772d3fde52dbae832bi,2026-01-16 00:00:00,0.0,24.9,88.0,0.0,0,5,0,0,0.0,0.0,0.0111066729166665,0.0135889248015872
a3c772d3fde52dbae832bi,2026-01-16 01:00:00,0.0,24.8,90.0,0.0,1,5,0,0,0.0,0.0,0.0111066729166665,0.0135889248015872
a3c772d3fde52dbae832bi,2026-01-16 02:00:00,0.0,24.5,91.0,0.0,2,5,0,0,0.0,0.0,0.0111066729166665,0.0135889248015872
a3c772d3fde52dbae832bi,2026-01-16 03:00:00,0.0,24.7,87.0,0.0,3,5,0,0,0.0,0.0,0.0111066729166665,0.0135889248015872
a3c772d3fde52dbae832bi,2026-01-16 04:00:00,0.0,24.6,82.0,0.0,4,5,0,0,0.0,0.0,0.0111066729166665,0.0135889248015872
a3c772d3fde52dbae832bi,2026-01-16 05:00:00,0.0,24.1,82.0,0.0,5,5,0,0,0.0,0.0,0.0111066729166665,0.0135889248015872
a3c772d3fde52dbae832bi,2026-01-16 06:00:00,0.0,23.8,84.0,0.0,6,5,0,0,0.0,0.0,0.0111066729166665,0.0135889248015872
a3c772d3fde52dbae832bi,2026-01-16 07:00:00,0.0,23.7,84.0,0.0,7,5,0,0,0.0,0.0,0.0111066729166665,0.0135889248015872
a3c772d3fde52dbae832bi,2026-01-16 08:00:00,0.0,24.7,82.0,0.0,8,5,0,0,0.0,0.0,0.0111066729166665,0.0135889248015872
a3c772d3fde52dbae832bi,2026-01-16 09:00:00,0.0,26.3,74.0,0.0,9,5,0,0,0.0,0.0,0.0111066729166665,0.0135889248015872
a3c772d3fde52dbae832bi,2026-01-16 10:00:00,0.0,27.8,66.0,0.0,10,5,0,0,0.0,0.0,0.0111066729166665,0.0135889248015872
a3c772d3fde52dbae832bi,2026-01-16 11:00:00,0.0,29.5,56.0,0.0,11,5,0,0,0.0,0.0,0.0111066729166665,0.0135889248015872
a3c772d3fde52dbae832bi,2026-01-16 12:00:00,0.0040676166666663,30.6,49.0,0.0,12,5,0,0,0.0040676166666663,0.0054238249999994,0.0111066729166665,0.0135808521329364
a3c772d3fde52dbae832bi,2026-01-16 13:00:00,0.0186662666666665,31.1,46.0,0.0,13,5,0,0,0.0186662666666665,0.0249789166666665,0.0111066729166665,0.0135432768353173
a3c772d3fde52dbae832bi,2026-01-16 14:00:00,0.0189902416666666,30.6,45.0,0.0,14,5,0,0,0.0189902416666666,0.025321833333333,0.0111066729166665,0.0135055887896824
a3c772d3fde52dbae832bi,2026-01-16 15:00:00,0.0220946666666663,30.6,45.0,0.0,15,5,0,0,0.0220946666666663,0.0294613916666664,0.0111066729166665,0.013461739236111
a3c772d3fde52dbae832bi,2026-01-16 16:00:00,0.0477561249999995,30.4,45.0,0.0,16,5,0,0,0.0394122583333333,0.0595066916666661,0.0114543340277776,0.0133917953869046
a3c772d3fde52dbae832bi,2026-01-16 17:00:00,0.0497204999999996,29.8,48.0,0.0,17,5,0,0,0.0406803416666663,0.0617779333333331,0.0118310072916665,0.0133200249503967
a3c772d3fde52dbae832bi,2026-01-16 18:00:00,0.0498821749999996,28.9,54.0,0.0,18,5,0,0,0.0408125666666664,0.061978733333333,0.0122089076388887,0.013248021626984
a3c772d3fde52dbae832bi,2026-01-16 19:00:00,0.0499670749999996,28.0,64.0,0.0,19,5,0,0,0.040882083333333,0.0620842833333332,0.0125874489583332,0.0131758953869046
a3c772d3fde52dbae832bi,2026-01-16 20:00:00,0.0500551499999996,26.6,67.0,0.0,20,5,0,0,0.0409541083333333,0.0621936499999995,0.0129666590277776,0.0131036424107142
a3c772d3fde52dbae832bi,2026-01-16 21:00:00,0.0,26.2,70.0,0.0,21,5,0,0,0.0,0.0,0.0129666590277776,0.0131036424107142
a3c772d3fde52dbae832bi,2026-01-16 22:00:00,0.0,26.1,70.0,0.0,22,5,0,0,0.0,0.0,0.0129666590277776,0.0131036424107142
a3c772d3fde52dbae832bi,2026-01-16 23:00:00,0.0,26.1,70.0,0.0,23,5,0,0,0.0,0.0,0.0129666590277776,0.0131036424107142
a3c772d3fde52dbae832bi,2026-01-17 00:00:00,0.0,25.8,73.0,0.0,0,6,1,0,0.0,0.0,0.0129666590277776,0.0131036424107142
a3c772d3fde52dbae832bi,2026-01-17 01:00:00,0.0,25.6,74.0,0.0,1,6,1,0,0.0,0.0,0.0129666590277776,0.0131036424107142
a3c772d3fde52dbae832bi,2026-01-17 02:00:00,0.0,25.0,77.0,0.0,2,6,1,0,0.0,0.0,0.0129666590277776,0.0131036424107142
a3c772d3fde52dbae832bi,2026-01-17 03:00:00,0.0,25.0,77.0,0.0,3,6,1,0,0.0,0.0,0.0129666590277776,0.0131036424107142
a3c772d3fde52dbae832bi,2026-01-17 04:00:00,0.0,24.7,78.0,0.0,4,6,1,0,0.0,0.0,0.0129666590277776,0.0131036424107142
a3c772d3fde52dbae832bi,2026-01-17 05:00:00,0.0,24.2,81.0,0.0,5,6,1,0,0.0,0.0,0.0129666590277776,0.0131036424107142
a3c772d3fde52dbae832bi,2026-01-17 06:00:00,0.0,24.0,80.0,0.0,6,6,1,0,0.0,0.0,0.0129666590277776,0.0131036424107142
a3c772d3fde52dbae832bi,2026-01-17 07:00:00,0.0,23.8,84.0,0.0,7,6,1,0,0.0,0.0,0.0129666590277776,0.0131036424107142
a3c772d3fde52dbae832bi,2026-01-17 08:00:00,0.0,24.0,86.0,0.0,8,6,1,0,0.0,0.0,0.0129666590277776,0.0131036424107142
a3c772d3fde52dbae832bi,2026-01-17 09:00:00,0.0,25.2,80.0,0.0,9,6,1,0,0.0,0.0,0.0129666590277776,0.0131036424107142
a3c772d3fde52dbae832bi,2026-01-17 10:00:00,0.0,25.8,76.0,0.0,10,6,1,0,0.0,0.0,0.0129666590277776,0.0131036424107142
a3c772d3fde52dbae832bi,2026-01-17 11:00:00,0.0,26.5,71.0,0.0,11,6,1,0,0.0,0.0,0.0129666590277776,0.0131036424107142
a3c772d3fde52dbae832bi,2026-01-17 12:00:00,0.0049715416666663,27.4,63.0,0.0,12,6,1,0,0.0040676166666663,0.0061772333333331,0.0130043225694443,0.013096465674603
a3c772d3fde52dbae832bi,2026-01-17 13:00:00,0.0228144083333333,27.7,60.0,0.0,13,6,1,0,0.0186662666666665,0.0283469249999998,0.0131771618055554,0.0130635340277776
a3c772d3fde52dbae832bi,2026-01-17 14:00:00,0.0232103333333331,28.6,57.0,0.0,14,6,1,0,0.0189902416666666,0.0288388583333328,0.0133529989583332,0.0130300309027776
a3c772d3fde52dbae832bi,2026-01-17 15:00:00,0.0270046666666661,28.1,60.0,0.0,15,6,1,0,0.0220946666666663,0.0335534333333333,0.0135575822916665,0.0129910501488094
a3c772d3fde52dbae832bi,2026-01-17 16:00:00,0.0648683916666663,27.9,62.0,0.0,16,6,1,0,0.0477561249999995,0.0612435833333331,0.0142705934027776,0.0130126263888888
a3c772d3fde52dbae832bi,2026-01-17 17:00:00,0.0678118083333333,27.8,62.0,0.0,17,6,1,0,0.0497204999999996,0.0632854749999998,0.0150243979166665,0.0130395688492062
a3c772d3fde52dbae832bi,2026-01-17 18:00:00,0.0680322083333331,27.4,63.0,0.0,18,6,1,0,0.0498821749999996,0.0634911999999998,0.0157806493055554,0.0130665986607141
a3c772d3fde52dbae832bi,2026-01-17 19:00:00,0.0681480416666666,27.2,65.0,0.0,19,6,1,0,0.0499670749999996,0.0635992999999998,0.0165381895833332,0.0130936745039681
a3c772d3fde52dbae832bi,2026-01-17 20:00:00,0.0682681416666663,26.8,70.0,0.0,20,6,1,0,0.0500551499999996,0.0637113249999998,0.017297064236111,0.0131207984126983
a3c772d3fde52dbae832bi,2026-01-17 21:00:00,0.0,26.6,73.0,0.0,21,6,1,0,0.0,0.0,0.017297064236111,0.0131207984126983
a3c772d3fde52dbae832bi,2026-01-17 22:00:00,0.0,26.2,76.0,0.0,22,6,1,0,0.0,0.0,0.017297064236111,0.0131207984126983
a3c772d3fde52dbae832bi,2026-01-17 23:00:00,0.0,26.0,79.0,0.0,23,6,1,0,0.0,0.0,0.017297064236111,0.0131207984126983
a3c772d3fde52dbae832bi,2026-01-18 00:00:00,0.0,25.5,83.0,0.0,0,7,1,0,0.0,0.0,0.017297064236111,0.0131207984126983
a3c772d3fde52dbae832bi,2026-01-18 01:00:00,0.0,25.3,84.0,0.0,1,7,1,0,0.0,0.0,0.017297064236111,0.0131207984126983
a3c772d3fde52dbae832bi,2026-01-18 02:00:00,0.0,25.2,84.0,0.0,2,7,1,0,0.0,0.0,0.017297064236111,0.0131207984126983
a3c772d3fde52dbae832bi,2026-01-18 03:00:00,0.0,24.7,85.0,0.0,3,7,1,0,0.0,0.0,0.017297064236111,0.0131207984126983
a3c772d3fde52dbae832bi,2026-01-18 04:00:00,0.0,24.4,84.0,0.0,4,7,1,0,0.0,0.0,0.017297064236111,0.0131207984126983
a3c772d3fde52dbae832bi,2026-01-18 05:00:00,0.0,24.0,85.0,0.0,5,7,1,0,0.0,0.0,0.017297064236111,0.0131207984126983
a3c772d3fde52dbae832bi,2026-01-18 06:00:00,0.0,23.9,82.0,0.0,6,7,1,0,0.0,0.0,0.017297064236111,0.0131207984126983
a3c772d3fde52dbae832bi,2026-01-18 07:00:00,0.0,24.0,80.0,0.0,7,7,1,0,0.0,0.0,0.017297064236111,0.0131207984126983
a3c772d3fde52dbae832bi,2026-01-18 08:00:00,0.0,25.2,70.0,0.0,8,7,1,0,0.0,0.0,0.017297064236111,0.0131207984126983
a3c772d3fde52dbae832bi,2026-01-18 09:00:00,0.0,26.4,65.0,0.0,9,7,1,0,0.0,0.0,0.017297064236111,0.0131207984126983
a3c772d3fde52dbae832bi,2026-01-18 10:00:00,0.0,27.3,62.0,0.0,10,7,1,0,0.0,0.0,0.017297064236111,0.0131207984126983
a3c772d3fde52dbae832bi,2026-01-18 11:00:00,0.0,28.3,59.0,0.0,11,7,1,0,0.0,0.0,0.017297064236111,0.0131207984126983
a3c772d3fde52dbae832bi,2026-01-18 12:00:00,0.0067804916666663,28.8,60.0,0.0,12,7,1,0,0.0049715416666663,0.0063279333333331,0.0173724371527776,0.0131234922123015
a3c772d3fde52dbae832bi,2026-01-18 13:00:00,0.0311156499999996,29.4,58.0,0.0,13,7,1,0,0.0228144083333333,0.029038683333333,0.0177183222222221,0.0131358551091268
a3c772d3fde52dbae832bi,2026-01-18 14:00:00,0.0316555416666665,29.6,55.0,0.0,14,7,1,0,0.0232103333333331,0.0295426249999996,0.0180702059027776,0.0131484319940475
a3c772d3fde52dbae832bi,2026-01-18 15:00:00,0.036830583333333,29.8,57.0,0.0,15,7,1,0,0.0270046666666661,0.0343721833333333,0.0184796190972221,0.0131630653273808
a3c772d3fde52dbae832bi,2026-01-18 16:00:00,0.0448286833333333,29.4,61.0,0.0,16,7,1,0,0.0648683916666663,0.0432388833333331,0.0176446312499999,0.0131725284226189
a3c772d3fde52dbae832bi,2026-01-18 17:00:00,0.045200775,29.1,62.0,0.0,17,7,1,0,0.0678118083333333,0.0437032333333329,0.016702504861111,0.013181442361111
a3c772d3fde52dbae832bi,2026-01-18 18:00:00,0.045347675,28.4,66.0,0.0,18,7,1,0,0.0680322083333331,0.0438452999999996,0.0157573159722221,0.0131903850694443
a3c772d3fde52dbae832bi,2026-01-18 19:00:00,0.045424925,27.8,71.0,0.0,19,7,1,0,0.0681480416666666,0.0439200083333333,0.0148105194444443,0.0131993429067459
a3c772d3fde52dbae832bi,2026-01-18 20:00:00,0.045505025,27.1,73.0,0.0,20,7,1,0,0.0682681416666663,0.0439973583333331,0.0138620562499999,0.0132083171130951
a3c772d3fde52dbae832bi,2026-01-18 21:00:00,0.0,26.9,75.0,0.0,21,7,1,0,0.0,0.0,0.0138620562499999,0.0132083171130951
a3c772d3fde52dbae832bi,2026-01-18 22:00:00,0.0,26.6,78.0,0.0,22,7,1,0,0.0,0.0,0.0138620562499999,0.0132083171130951
a3c772d3fde52dbae832bi,2026-01-18 23:00:00,0.0,26.4,79.0,0.0,23,7,1,0,0.0,0.0,0.0138620562499999,0.0132083171130951
a3c772d3fde52dbae832bi,2026-01-19 00:00:00,0.0,26.2,81.0,0.0,0,1,0,0,0.0,0.0,0.0138620562499999,0.0132083171130951
a3c772d3fde52dbae832bi,2026-01-19 01:00:00,0.0,25.9,82.0,0.0,1,1,0,0,0.0,0.0,0.0138620562499999,0.0132083171130951
a3c772d3fde52dbae832bi,2026-01-19 02:00:00,0.0,25.5,82.0,0.2,2,1,0,0,0.0,0.0,0.0138620562499999,0.0132083171130951
a3c772d3fde52dbae832bi,2026-01-19 03:00:00,0.0,25.5,83.0,0.0,3,1,0,0,0.0,0.0,0.0138620562499999,0.0132083171130951
a3c772d3fde52dbae832bi,2026-01-19 04:00:00,0.0,25.5,82.0,0.0,4,1,0,0,0.0,0.0,0.0138620562499999,0.0132083171130951
a3c772d3fde52dbae832bi,2026-01-19 05:00:00,0.0,25.4,81.0,0.0,5,1,0,0,0.0,0.0,0.0138620562499999,0.0132083171130951
a3c772d3fde52dbae832bi,2026-01-19 06:00:00,0.0,25.3,80.0,0.0,6,1,0,0,0.0,0.0,0.0138620562499999,0.0132083171130951
a3c772d3fde52dbae832bi,2026-01-19 07:00:00,0.0,25.0,83.0,0.0,7,1,0,0,0.0,0.0,0.0138620562499999,0.0132083171130951
a3c772d3fde52dbae832bi,2026-01-19 08:00:00,0.0,25.2,83.0,0.0,8,1,0,0,0.0,0.0,0.0138620562499999,0.0132083171130951
a3c772d3fde52dbae832bi,2026-01-19 09:00:00,0.0,26.4,74.0,0.0,9,1,0,0,0.0,0.0,0.0138620562499999,0.0132083171130951
a3c772d3fde52dbae832bi,2026-01-19 10:00:00,0.0,27.7,66.0,0.0,10,1,0,0,0.0,0.0,0.0138620562499999,0.0132083171130951
a3c772d3fde52dbae832bi,2026-01-19 11:00:00,0.0,28.1,63.0,0.0,11,1,0,0,0.0,0.0,0.0138620562499999,0.0132083171130951
a3c772d3fde52dbae832bi,2026-01-19 12:00:00,0.004519625,29.4,57.0,0.1,12,1,0,0,0.0067804916666663,0.0043699333333331,0.0137678534722221,0.0132092081349205
a3c772d3fde52dbae832bi,2026-01-19 13:00:00,0.020740525,29.8,56.0,0.4,13,1,0,0,0.0311156499999996,0.0200533499999998,0.0133355565972222,0.0132132984623015
a3c772d3fde52dbae832bi,2026-01-19 14:00:00,0.0211004416666663,29.4,60.0,0.2,14,1,0,0,0.0316555416666665,0.0204013916666666,0.0128957607638888,0.0132174594742062
a3c772d3fde52dbae832bi,2026-01-19 15:00:00,0.0245499083333332,29.1,61.0,0.1,15,1,0,0,0.036830583333333,0.0237365,0.0123840659722222,0.0132223011904761
a3c772d3fde52dbae832bi,2026-01-19 16:00:00,0.0465811749999999,29.0,61.0,0.0,16,1,0,0,0.0448286833333333,0.0478947416666662,0.0124570864583333,0.0132144823412697
a3c772d3fde52dbae832bi,2026-01-19 17:00:00,0.04822305,28.8,61.0,0.0,17,1,0,0,0.045200775,0.0497204999999996,0.0125830145833333,0.0132055689484126
a3c772d3fde52dbae832bi,2026-01-19 18:00:00,0.0483797166666663,28.2,65.0,0.0,18,1,0,0,0.045347675,0.0498821749999996,0.0127093496527777,0.0131966257440475
a3c772d3fde52dbae832bi,2026-01-19 19:00:00,0.0484621499999996,27.8,68.0,0.0,19,1,0,0,0.045424925,0.0499670749999996,0.0128359006944443,0.0131876678571427
a3c772d3fde52dbae832bi,2026-01-19 20:00:00,0.0485474833333332,27.4,70.0,0.0,20,1,0,0,0.045505025,0.0500551499999996,0.0129626697916666,0.0131786936507935
a3c772d3fde52dbae832bi,2026-01-19 21:00:00,0.0,27.6,67.0,0.0,21,1,0,0,0.0,0.0,0.0129626697916666,0.0131786936507935
a3c772d3fde52dbae832bi,2026-01-19 22:00:00,0.0,27.3,67.0,0.0,22,1,0,0,0.0,0.0,0.0129626697916666,0.0131786936507935
a3c772d3fde52dbae832bi,2026-01-19 23:00:00,0.0,27.0,70.0,0.0,23,1,0,0,0.0,0.0,0.0129626697916666,0.0131786936507935
a3c772d3fde52dbae832bi,2026-01-20 00:00:00,0.0,26.6,72.0,0.0,0,2,0,0,0.0,0.0,0.0129626697916666,0.0131786936507935
a3c772d3fde52dbae832bi,2026-01-20 01:00:00,0.0,26.1,75.0,0.0,1,2,0,0,0.0,0.0,0.0129626697916666,0.0131786936507935
a3c772d3fde52dbae832bi,2026-01-20 02:00:00,0.0,25.5,78.0,0.0,2,2,0,0,0.0,0.0,0.0129626697916666,0.0131786936507935
a3c772d3fde52dbae832bi,2026-01-20 03:00:00,0.0,24.8,80.0,0.0,3,2,0,0,0.0,0.0,0.0129626697916666,0.0131786936507935
a3c772d3fde52dbae832bi,2026-01-20 04:00:00,0.0,24.3,81.0,0.4,4,2,0,0,0.0,0.0,0.0129626697916666,0.0131786936507935
a3c772d3fde52dbae832bi,2026-01-20 05:00:00,0.0,24.1,82.0,0.0,5,2,0,0,0.0,0.0,0.0129626697916666,0.0131786936507935
a3c772d3fde52dbae832bi,2026-01-20 06:00:00,0.0,24.1,82.0,0.0,6,2,0,0,0.0,0.0,0.0129626697916666,0.0131786936507935
a3c772d3fde52dbae832bi,2026-01-20 07:00:00,0.0,24.0,82.0,0.0,7,2,0,0,0.0,0.0,0.0129626697916666,0.0131786936507935
a3c772d3fde52dbae832bi,2026-01-20 08:00:00,0.0,25.2,79.0,0.0,8,2,0,0,0.0,0.0,0.0129626697916666,0.0131786936507935
a3c772d3fde52dbae832bi,2026-01-20 09:00:00,0.0,26.2,74.0,0.0,9,2,0,0,0.0,0.0,0.0129626697916666,0.0131786936507935
a3c772d3fde52dbae832bi,2026-01-20 10:00:00,0.0,27.5,67.0,0.0,10,2,0,0,0.0,0.0,0.0129626697916666,0.0131786936507935
a3c772d3fde52dbae832bi,2026-01-20 11:00:00,0.0,28.2,63.0,0.2,11,2,0,0,0.0,0.0,0.0129626697916666,0.0131786936507935
a3c772d3fde52dbae832bi,2026-01-20 12:00:00,0.00482185,28.9,60.0,0.3,12,2,0,0,0.004519625,0.0049715416666663,0.0129752624999999,0.0131778026289681
a3c772d3fde52dbae832bi,2026-01-20 13:00:00,0.0221272333333331,29.1,57.0,0.1,13,2,0,0,0.020740525,0.0228144083333333,0.0130330420138888,0.0131737123015872
a3c772d3fde52dbae832bi,2026-01-20 14:00:00,0.0225111916666666,29.8,53.0,0.1,14,2,0,0,0.0211004416666663,0.0232103333333331,0.0130918232638888,0.0131695507440475
a3c772d3fde52dbae832bi,2026-01-20 15:00:00,0.0261913416666663,30.2,50.0,0.0,15,2,0,0,0.0245499083333332,0.0270046666666661,0.0131602163194443,0.0131647095238094
a3c772d3fde52dbae832bi,2026-01-20 16:00:00,0.0578437833333333,29.8,51.0,0.0,16,2,0,0,0.0465811749999999,0.0439991,0.0136294916666666,0.0132471183531745
a3c772d3fde52dbae832bi,2026-01-20 17:00:00,0.0602753916666663,29.2,54.0,0.0,17,2,0,0,0.04822305,0.045200775,0.0141316725694443,0.0133368482142856
a3c772d3fde52dbae832bi,2026-01-20 18:00:00,0.0604712666666665,28.4,58.0,0.0,18,2,0,0,0.0483797166666663,0.045347675,0.0146354871527777,0.0134268695932538
a3c772d3fde52dbae832bi,2026-01-20 19:00:00,0.0605742666666661,27.5,63.0,0.0,19,2,0,0,0.0484621499999996,0.045424925,0.0151401586805554,0.0135170442460316
a3c772d3fde52dbae832bi,2026-01-20 20:00:00,0.060680975,27.2,67.0,0.0,20,2,0,0,0.0485474833333332,0.045505025,0.0156457208333332,0.0136073772817459
a3c772d3fde52dbae832bi,2026-01-20 21:00:00,0.0,27.0,67.0,0.0,21,2,0,0,0.0,0.0,0.0156457208333332,0.0136073772817459
a3c772d3fde52dbae832bi,2026-01-20 22:00:00,0.0,26.4,70.0,0.0,22,2,0,0,0.0,0.0,0.0156457208333332,0.0136073772817459
a3c772d3fde52dbae832bi,2026-01-20 23:00:00,0.0,26.0,72.0,0.0,23,2,0,0,0.0,0.0,0.0156457208333332,0.0136073772817459
a3c772d3fde52dbae832bi,2026-01-21 00:00:00,0.0,25.6,74.0,0.0,0,3,0,0,0.0,0.0,0.0156457208333332,0.0136073772817459
a3c772d3fde52dbae832bi,2026-01-21 01:00:00,0.0,24.4,82.0,0.3,1,3,0,0,0.0,0.0,0.0156457208333332,0.0136073772817459
a3c772d3fde52dbae832bi,2026-01-21 02:00:00,0.0,24.6,75.0,0.4,2,3,0,0,0.0,0.0,0.0156457208333332,0.0136073772817459
a3c772d3fde52dbae832bi,2026-01-21 03:00:00,0.0,24.2,79.0,0.0,3,3,0,0,0.0,0.0,0.0156457208333332,0.0136073772817459
a3c772d3fde52dbae832bi,2026-01-21 04:00:00,0.0,24.0,82.0,0.2,4,3,0,0,0.0,0.0,0.0156457208333332,0.0136073772817459
a3c772d3fde52dbae832bi,2026-01-21 05:00:00,0.0,24.0,81.0,0.0,5,3,0,0,0.0,0.0,0.0156457208333332,0.0136073772817459
a3c772d3fde52dbae832bi,2026-01-21 06:00:00,0.0,24.0,80.0,0.0,6,3,0,0,0.0,0.0,0.0156457208333332,0.0136073772817459
a3c772d3fde52dbae832bi,2026-01-21 07:00:00,0.0,24.0,81.0,0.0,7,3,0,0,0.0,0.0,0.0156457208333332,0.0136073772817459
a3c772d3fde52dbae832bi,2026-01-21 08:00:00,0.0,25.2,75.0,0.0,8,3,0,0,0.0,0.0,0.0156457208333332,0.0136073772817459
a3c772d3fde52dbae832bi,2026-01-21 09:00:00,0.0,26.4,67.0,0.0,9,3,0,0,0.0,0.0,0.0156457208333332,0.0136073772817459
a3c772d3fde52dbae832bi,2026-01-21 10:00:00,0.0,27.8,62.0,0.0,10,3,0,0,0.0,0.0,0.0156457208333332,0.0136073772817459
a3c772d3fde52dbae832bi,2026-01-21 11:00:00,0.0,29.4,53.0,0.1,11,3,0,0,0.0,0.0,0.0156457208333332,0.0136073772817459
a3c772d3fde52dbae832bi,2026-01-21 12:00:00,0.0060269916666663,30.5,46.0,0.1,12,3,0,0,0.00482185,0.004519625,0.0156959350694443,0.0136163497023808
a3c772d3fde52dbae832bi,2026-01-21 13:00:00,0.0276574999999996,30.5,46.0,0.3,13,3,0,0,0.0221272333333331,0.020740525,0.0159263628472221,0.0136575221726189
a3c772d3fde52dbae832bi,2026-01-21 14:00:00,0.0281374999999996,30.0,47.0,0.2,14,3,0,0,0.0225111916666666,0.0211004416666663,0.016160792361111,0.013699409424603
a3c772d3fde52dbae832bi,2026-01-21 15:00:00,0.0327373583333333,29.5,49.0,0.2,15,3,0,0,0.0261913416666663,0.0245499083333332,0.0164335430555554,0.0137481442460316
a3c772d3fde52dbae832bi,2026-01-21 16:00:00,0.0486546666666663,28.8,50.0,0.0,16,3,0,0,0.0578437833333333,0.0396195499999999,0.0160506631944443,0.0138019247023808
a3c772d3fde52dbae832bi,2026-01-21 17:00:00,0.0497204999999996,27.7,53.0,0.0,17,3,0,0,0.0602753916666663,0.0406803416666663,0.0156108760416665,0.0138557351686507
a3c772d3fde52dbae832bi,2026-01-21 18:00:00,0.0498821749999996,26.8,56.0,0.0,18,3,0,0,0.0604712666666665,0.0408125666666664,0.0151696638888887,0.0139097209325395
a3c772d3fde52dbae832bi,2026-01-21 19:00:00,0.0499670749999996,26.1,59.0,0.0,19,3,0,0,0.0605742666666661,0.040882083333333,0.0147276975694443,0.0139637982638888
a3c772d3fde52dbae832bi,2026-01-21 20:00:00,0.0500551499999996,25.6,63.0,0.0,20,3,0,0,0.060680975,0.0409541083333333,0.0142849548611109,0.0140179711309522
a3c772d3fde52dbae832bi,2026-01-21 21:00:00,0.0,25.1,64.0,0.0,21,3,0,0,0.0,0.0,0.0142849548611109,0.0140179711309522
a3c772d3fde52dbae832bi,2026-01-21 22:00:00,0.0,25.0,65.0,0.0,22,3,0,0,0.0,0.0,0.0142849548611109,0.0140179711309522
a3c772d3fde52dbae832bi,2026-01-21 23:00:00,0.0,24.7,65.0,0.0,23,3,0,0,0.0,0.0,0.0142849548611109,0.0140179711309522
a3c772d3fde52dbae832bi,2026-01-22 00:00:00,0.0,24.4,66.0,0.0,0,4,0,0,0.0,0.0,0.0142849548611109,0.0140179711309522
a3c772d3fde52dbae832bi,2026-01-22 01:00:00,0.0,24.1,66.0,0.0,1,4,0,0,0.0,0.0,0.0142849548611109,0.0140179711309522
a3c772d3fde52dbae832bi,2026-01-22 02:00:00,0.0,23.8,66.0,0.0,2,4,0,0,0.0,0.0,0.0142849548611109,0.0140179711309522
a3c772d3fde52dbae832bi,2026-01-22 03:00:00,0.0,23.7,65.0,0.0,3,4,0,0,0.0,0.0,0.0142849548611109,0.0140179711309522
a3c772d3fde52dbae832bi,2026-01-22 04:00:00,0.0,23.4,67.0,0.0,4,4,0,0,0.0,0.0,0.0142849548611109,0.0140179711309522
a3c772d3fde52dbae832bi,2026-01-22 05:00:00,0.0,23.0,69.0,0.0,5,4,0,0,0.0,0.0,0.0142849548611109,0.0140179711309522
a3c772d3fde52dbae832bi,2026-01-22 06:00:00,0.0,22.8,72.0,0.0,6,4,0,0,0.0,0.0,0.0142849548611109,0.0140179711309522
a3c772d3fde52dbae832bi,2026-01-22 07:00:00,0.0,22.8,72.0,0.0,7,4,0,0,0.0,0.0,0.0142849548611109,0.0140179711309522
a3c772d3fde52dbae832bi,2026-01-22 08:00:00,0.0,24.1,62.0,0.0,8,4,0,0,0.0,0.0,0.0142849548611109,0.0140179711309522
a3c772d3fde52dbae832bi,2026-01-22 09:00:00,0.0,25.1,57.0,0.0,9,4,0,0,0.0,0.0,0.0142849548611109,0.0140179711309522
a3c772d3fde52dbae832bi,2026-01-22 10:00:00,0.0,26.7,52.0,0.0,10,4,0,0,0.0,0.0,0.0142849548611109,0.0140179711309522
a3c772d3fde52dbae832bi,2026-01-22 11:00:00,0.0,28.7,45.0,0.0,11,4,0,0,0.0,0.0,0.0142849548611109,0.0140179711309522
a3c772d3fde52dbae832bi,2026-01-22 12:00:00,0.0049715416666663,30.2,38.0,0.0,12,4,0,0,0.0060269916666663,0.0040676166666663,0.0142409777777776,0.0140233516369046
a3c772d3fde52dbae832bi,2026-01-22 13:00:00,0.0228144083333333,30.0,40.0,0.1,13,4,0,0,0.0276574999999996,0.0186662666666665,0.0140391822916665,0.0140480429563491
a3c772d3fde52dbae832bi,2026-01-22 14:00:00,0.0232103333333331,29.7,40.0,0.1,14,4,0,0,0.0281374999999996,0.0189902416666666,0.0138338836805554,0.014073162549603
a3c772d3fde52dbae832bi,2026-01-22 15:00:00,0.0270046666666661,29.6,39.0,0.0,15,4,0,0,0.0327373583333333,0.0220946666666663,0.0135950215277776,0.0141023887400792
a3c772d3fde52dbae832bi,2026-01-22 16:00:00,0.0481706666666662,28.5,45.0,0.0,16,4,0,0,0.0486546666666663,0.0394122583333333,0.0135748548611109,0.0141545221230157
a3c772d3fde52dbae832bi,2026-01-22 17:00:00,0.0497204999999996,27.2,50.0,0.0,17,4,0,0,0.0497204999999996,0.0406803416666663,0.0135748548611109,0.0142083325892856
a3c772d3fde52dbae832bi,2026-01-22 18:00:00,0.0498821749999996,26.0,54.0,0.0,18,4,0,0,0.0498821749999996,0.0408125666666664,0.0135748548611109,0.0142623183531745
a3c772d3fde52dbae832bi,2026-01-22 19:00:00,0.0499670749999996,25.1,57.0,0.0,19,4,0,0,0.0499670749999996,0.040882083333333,0.0135748548611109,0.0143163956845237
a3c772d3fde52dbae832bi,2026-01-22 20:00:00,0.0500551499999996,24.6,60.0,0.0,20,4,0,0,0.0500551499999996,0.0409541083333333,0.0135748548611109,0.0143705685515872
a3c772d3fde52dbae832bi,2026-01-22 21:00:00,0.0,24.5,60.0,0.0,21,4,0,0,0.0,0.0,0.0135748548611109,0.0143705685515872
a3c772d3fde52dbae832bi,2026-01-22 22:00:00,0.0,24.4,61.0,0.0,22,4,0,0,0.0,0.0,0.0135748548611109,0.0143705685515872
a3c772d3fde52dbae832bi,2026-01-22 23:00:00,0.0,24.1,62.0,0.0,23,4,0,0,0.0,0.0,0.0135748548611109,0.0143705685515872
a3c772d3fde52dbae832bi,2026-01-23 00:00:00,0.0,23.8,64.0,0.0,0,5,0,0,0.0,0.0,0.0135748548611109,0.0143705685515872
a3c772d3fde52dbae832bi,2026-01-23 01:00:00,0.0,23.7,65.0,0.0,1,5,0,0,0.0,0.0,0.0135748548611109,0.0143705685515872
a3c772d3fde52dbae832bi,2026-01-23 02:00:00,0.0,23.9,64.0,0.0,2,5,0,0,0.0,0.0,0.0135748548611109,0.0143705685515872
a3c772d3fde52dbae832bi,2026-01-23 03:00:00,0.0,23.8,64.0,0.0,3,5,0,0,0.0,0.0,0.0135748548611109,0.0143705685515872
a3c772d3fde52dbae832bi,2026-01-23 04:00:00,0.0,23.3,68.0,0.0,4,5,0,0,0.0,0.0,0.0135748548611109,0.0143705685515872
a3c772d3fde52dbae832bi,2026-01-23 05:00:00,0.0,22.9,70.0,0.0,5,5,0,0,0.0,0.0,0.0135748548611109,0.0143705685515872
a3c772d3fde52dbae832bi,2026-01-23 06:00:00,0.0,22.6,72.0,0.0,6,5,0,0,0.0,0.0,0.0135748548611109,0.0143705685515872
a3c772d3fde52dbae832bi,2026-01-23 07:00:00,0.0,22.8,72.0,0.0,7,5,0,0,0.0,0.0,0.0135748548611109,0.0143705685515872
a3c772d3fde52dbae832bi,2026-01-23 08:00:00,0.0,24.0,65.0,0.0,8,5,0,0,0.0,0.0,0.0135748548611109,0.0143705685515872
a3c772d3fde52dbae832bi,2026-01-23 09:00:00,0.0,25.2,58.0,0.0,9,5,0,0,0.0,0.0,0.0135748548611109,0.0143705685515872
a3c772d3fde52dbae832bi,2026-01-23 10:00:00,0.0,26.8,51.0,0.0,10,5,0,0,0.0,0.0,0.0135748548611109,0.0143705685515872
a3c772d3fde52dbae832bi,2026-01-23 11:00:00,0.0,28.1,45.0,0.0,11,5,0,0,0.0,0.0,0.0135748548611109,0.0143705685515872
a3c772d3fde52dbae832bi,2026-01-23 12:00:00,0.0049715416666663,29.0,41.0,0.0,12,5,0,0,0.0049715416666663,0.0040676166666663,0.0135748548611109,0.0143759490575395
a3c772d3fde52dbae832bi,2026-01-23 13:00:00,0.0228144083333333,30.0,36.0,0.0,13,5,0,0,0.0228144083333333,0.0186662666666665,0.0135748548611109,0.014400640376984
a3c772d3fde52dbae832bi,2026-01-23 14:00:00,0.0232103333333331,30.0,36.0,0.0,14,5,0,0,0.0232103333333331,0.0189902416666666,0.0135748548611109,0.0144257599702379
a3c772d3fde52dbae832bi,2026-01-23 15:00:00,0.0270046666666661,29.8,37.0,0.0,15,5,0,0,0.0270046666666661,0.0220946666666663,0.0135748548611109,0.0144549861607141
a3c772d3fde52dbae832bi,2026-01-23 16:00:00,0.056515175,29.5,37.0,0.0,16,5,0,0,0.0481706666666662,0.0477561249999995,0.0139225427083332,0.0145071233630951
a3c772d3fde52dbae832bi,2026-01-23 17:00:00,0.05876145,27.9,45.0,0.0,17,5,0,0,0.0497204999999996,0.0497204999999996,0.0142992489583332,0.0145609385416665
a3c772d3fde52dbae832bi,2026-01-23 18:00:00,0.0589524916666663,26.4,51.0,0.0,18,5,0,0,0.0498821749999996,0.0498821749999996,0.0146771788194443,0.0146149285218253
a3c772d3fde52dbae832bi,2026-01-23 19:00:00,0.0590528583333328,25.5,55.0,0.0,19,5,0,0,0.0499670749999996,0.0499670749999996,0.0150557531249998,0.014669010565476
a3c772d3fde52dbae832bi,2026-01-23 20:00:00,0.0591568999999999,25.0,59.0,0.0,20,5,0,0,0.0500551499999996,0.0500551499999996,0.0154349927083332,0.0147231876488094
a3c772d3fde52dbae832bi,2026-01-23 21:00:00,0.0,24.6,61.0,0.0,21,5,0,0,0.0,0.0,0.0154349927083332,0.0147231876488094
a3c772d3fde52dbae832bi,2026-01-23 22:00:00,0.0,24.1,62.0,0.0,22,5,0,0,0.0,0.0,0.0154349927083332,0.0147231876488094
a3c772d3fde52dbae832bi,2026-01-23 23:00:00,0.0,24.0,62.0,0.0,23,5,0,0,0.0,0.0,0.0154349927083332,0.0147231876488094
a3c772d3fde52dbae832bi,2026-01-24 00:00:00,0.0,23.6,63.0,0.0,0,6,1,0,0.0,0.0,0.0154349927083332,0.0147231876488094
a3c772d3fde52dbae832bi,2026-01-24 01:00:00,0.0,23.5,64.0,0.0,1,6,1,0,0.0,0.0,0.0154349927083332,0.0147231876488094
a3c772d3fde52dbae832bi,2026-01-24 02:00:00,0.0,23.5,67.0,0.0,2,6,1,0,0.0,0.0,0.0154349927083332,0.0147231876488094
a3c772d3fde52dbae832bi,2026-01-24 03:00:00,0.0,23.0,70.0,0.0,3,6,1,0,0.0,0.0,0.0154349927083332,0.0147231876488094
a3c772d3fde52dbae832bi,2026-01-24 04:00:00,0.0,22.8,70.0,0.0,4,6,1,0,0.0,0.0,0.0154349927083332,0.0147231876488094
a3c772d3fde52dbae832bi,2026-01-24 05:00:00,0.0,22.4,73.0,0.0,5,6,1,0,0.0,0.0,0.0154349927083332,0.0147231876488094
a3c772d3fde52dbae832bi,2026-01-24 06:00:00,0.0,22.4,74.0,0.0,6,6,1,0,0.0,0.0,0.0154349927083332,0.0147231876488094
a3c772d3fde52dbae832bi,2026-01-24 07:00:00,0.0,22.4,74.0,0.0,7,6,1,0,0.0,0.0,0.0154349927083332,0.0147231876488094
a3c772d3fde52dbae832bi,2026-01-24 08:00:00,0.0,23.5,67.0,0.0,8,6,1,0,0.0,0.0,0.0154349927083332,0.0147231876488094
a3c772d3fde52dbae832bi,2026-01-24 09:00:00,0.0,25.1,59.0,0.0,9,6,1,0,0.0,0.0,0.0154349927083332,0.0147231876488094
a3c772d3fde52dbae832bi,2026-01-24 10:00:00,0.0,27.0,51.0,0.0,10,6,1,0,0.0,0.0,0.0154349927083332,0.0147231876488094
a3c772d3fde52dbae832bi,2026-01-24 11:00:00,0.0,28.2,45.0,0.0,11,6,1,0,0.0,0.0,0.0154349927083332,0.0147231876488094
a3c772d3fde52dbae832bi,2026-01-24 12:00:00,0.0058755583333331,28.5,46.0,0.0,12,6,1,0,0.0049715416666663,0.0049715416666663,0.0154726600694443,0.0147285687003967
a3c772d3fde52dbae832bi,2026-01-24 13:00:00,0.0269628333333328,29.2,43.0,0.0,13,6,1,0,0.0228144083333333,0.0228144083333333,0.015645511111111,0.0147532617063491
a3c772d3fde52dbae832bi,2026-01-24 14:00:00,0.0274307249999996,29.2,43.0,0.0,14,6,1,0,0.0232103333333331,0.0232103333333331,0.0158213607638887,0.0147783830853173
a3c772d3fde52dbae832bi,2026-01-24 15:00:00,0.0319150583333328,29.1,44.0,0.1,15,6,1,0,0.0270046666666661,0.0270046666666661,0.0160259604166665,0.0148076116071427
a3c772d3fde52dbae832bi,2026-01-24 16:00:00,0.06945655,28.8,45.0,0.0,16,6,1,0,0.056515175,0.0648683916666663,0.0165651843749998,0.0148349220734126
a3c772d3fde52dbae832bi,2026-01-24 17:00:00,0.0723337333333331,27.6,49.0,0.0,17,6,1,0,0.05876145,0.0678118083333333,0.0171306961805554,0.0148618382936507
a3c772d3fde52dbae832bi,2026-01-24 18:00:00,0.0725688166666666,26.4,54.0,0.0,18,6,1,0,0.0589524916666663,0.0680322083333331,0.0176980430555554,0.0148888419146824
a3c772d3fde52dbae832bi,2026-01-24 19:00:00,0.0726923833333331,25.5,57.0,0.0,19,6,1,0,0.0590528583333328,0.0681480416666666,0.0182663565972221,0.0149158915674602
a3c772d3fde52dbae832bi,2026-01-24 20:00:00,0.0728204666666666,25.0,63.0,0.0,20,6,1,0,0.0591568999999999,0.0682681416666663,0.0188356718749999,0.0149429887400792
a3c772d3fde52dbae832bi,2026-01-24 21:00:00,0.0,24.8,64.0,0.0,21,6,1,0,0.0,0.0,0.0188356718749999,0.0149429887400792
a3c772d3fde52dbae832bi,2026-01-24 22:00:00,0.0,24.5,65.0,0.0,22,6,1,0,0.0,0.0,0.0188356718749999,0.0149429887400792
a3c772d3fde52dbae832bi,2026-01-24 23:00:00,0.0,24.2,67.0,0.0,23,6,1,0,0.0,0.0,0.0188356718749999,0.0149429887400792
a3c772d3fde52dbae832bi,2026-01-25 00:00:00,0.0,24.0,68.0,0.0,0,7,1,0,0.0,0.0,0.0188356718749999,0.0149429887400792
a3c772d3fde52dbae832bi,2026-01-25 01:00:00,0.0,23.8,69.0,0.0,1,7,1,0,0.0,0.0,0.0188356718749999,0.0149429887400792
a3c772d3fde52dbae832bi,2026-01-25 02:00:00,0.0,23.6,71.0,0.0,2,7,1,0,0.0,0.0,0.0188356718749999,0.0149429887400792
a3c772d3fde52dbae832bi,2026-01-25 03:00:00,0.0,23.6,71.0,0.0,3,7,1,0,0.0,0.0,0.0188356718749999,0.0149429887400792
a3c772d3fde52dbae832bi,2026-01-25 04:00:00,0.0,23.2,73.0,0.0,4,7,1,0,0.0,0.0,0.0188356718749999,0.0149429887400792
a3c772d3fde52dbae832bi,2026-01-25 05:00:00,0.0,22.9,74.0,0.0,5,7,1,0,0.0,0.0,0.0188356718749999,0.0149429887400792
a3c772d3fde52dbae832bi,2026-01-25 06:00:00,0.0,22.5,77.0,0.0,6,7,1,0,0.0,0.0,0.0188356718749999,0.0149429887400792
a3c772d3fde52dbae832bi,2026-01-25 07:00:00,0.0,22.4,77.0,0.0,7,7,1,0,0.0,0.0,0.0188356718749999,0.0149429887400792
a3c772d3fde52dbae832bi,2026-01-25 08:00:00,0.0,23.6,72.0,0.0,8,7,1,0,0.0,0.0,0.0188356718749999,0.0149429887400792
a3c772d3fde52dbae832bi,2026-01-25 09:00:00,0.0,25.2,64.0,0.0,9,7,1,0,0.0,0.0,0.0188356718749999,0.0149429887400792
a3c772d3fde52dbae832bi,2026-01-25 10:00:00,0.0,27.3,54.0,0.0,10,7,1,0,0.0,0.0,0.0188356718749999,0.0149429887400792
a3c772d3fde52dbae832bi,2026-01-25 11:00:00,0.0,28.5,49.0,0.0,11,7,1,0,0.0,0.0,0.0188356718749999,0.0149429887400792
a3c772d3fde52dbae832bi,2026-01-25 12:00:00,0.007232683333333,29.5,46.0,0.0,12,7,1,0,0.0058755583333331,0.0067804916666663,0.0188922187499999,0.0149456803571427
a3c772d3fde52dbae832bi,2026-01-25 13:00:00,0.0331905666666666,30.1,44.0,0.0,13,7,1,0,0.0269628333333328,0.0311156499999996,0.0191517076388888,0.0149580310515872
a3c772d3fde52dbae832bi,2026-01-25 14:00:00,0.0337665333333331,29.7,45.0,0.0,14,7,1,0,0.0274307249999996,0.0316555416666665,0.0194156996527777,0.0149705964781745
a3c772d3fde52dbae832bi,2026-01-25 15:00:00,0.0392865333333329,29.5,48.0,0.0,15,7,1,0,0.0319150583333328,0.036830583333333,0.0197228444444443,0.0149852152281745
a3c772d3fde52dbae832bi,2026-01-25 16:00:00,0.0617266999999996,29.2,48.0,0.0,16,7,1,0,0.06945655,0.0448286833333333,0.019400767361111,0.0150857986607141
a3c772d3fde52dbae832bi,2026-01-25 17:00:00,0.0632844749999996,28.5,50.0,0.0,17,7,1,0,0.0723337333333331,0.045200775,0.0190237149305554,0.0151934397321427
a3c772d3fde52dbae832bi,2026-01-25 18:00:00,0.0634901999999996,27.1,56.0,0.0,18,7,1,0,0.0725688166666666,0.045347675,0.018645439236111,0.0153014309523808
a3c772d3fde52dbae832bi,2026-01-25 19:00:00,0.0635982999999996,26.1,60.0,0.0,19,7,1,0,0.0726923833333331,0.045424925,0.0182665190972221,0.0154096058035713
a3c772d3fde52dbae832bi,2026-01-25 20:00:00,0.0637103249999996,26.0,61.0,0.0,20,7,1,0,0.0728204666666666,0.045505025,0.0178869298611109,0.0155179706845237
a3c772d3fde52dbae832bi,2026-01-25 21:00:00,0.0,25.5,62.0,0.0,21,7,1,0,0.0,0.0,0.0178869298611109,0.0155179706845237
a3c772d3fde52dbae832bi,2026-01-25 22:00:00,0.0,25.2,64.0,0.0,22,7,1,0,0.0,0.0,0.0178869298611109,0.0155179706845237
a3c772d3fde52dbae832bi,2026-01-25 23:00:00,0.0,25.0,65.0,0.0,23,7,1,0,0.0,0.0,0.0178869298611109,0.0155179706845237
a3c772d3fde52dbae832bi,2026-01-26 00:00:00,0.0,24.7,66.0,0.0,0,1,0,0,0.0,0.0,0.0178869298611109,0.0155179706845237
a3c772d3fde52dbae832bi,2026-01-26 01:00:00,0.0,24.5,68.0,0.0,1,1,0,0,0.0,0.0,0.0178869298611109,0.0155179706845237
a3c772d3fde52dbae832bi,2026-01-26 02:00:00,0.0,24.2,73.0,0.0,2,1,0,0,0.0,0.0,0.0178869298611109,0.0155179706845237
a3c772d3fde52dbae832bi,2026-01-26 03:00:00,0.0,23.9,75.0,0.0,3,1,0,0,0.0,0.0,0.0178869298611109,0.0155179706845237
a3c772d3fde52dbae832bi,2026-01-26 04:00:00,0.0,23.3,77.0,0.0,4,1,0,0,0.0,0.0,0.0178869298611109,0.0155179706845237
a3c772d3fde52dbae832bi,2026-01-26 05:00:00,0.0,23.0,78.0,0.0,5,1,0,0,0.0,0.0,0.0178869298611109,0.0155179706845237
a3c772d3fde52dbae832bi,2026-01-26 06:00:00,0.0,23.0,79.0,0.0,6,1,0,0,0.0,0.0,0.0178869298611109,0.0155179706845237
a3c772d3fde52dbae832bi,2026-01-26 07:00:00,0.0,23.1,78.0,0.0,7,1,0,0,0.0,0.0,0.0178869298611109,0.0155179706845237
a3c772d3fde52dbae832bi,2026-01-26 08:00:00,0.0,24.1,72.0,0.0,8,1,0,0,0.0,0.0,0.0178869298611109,0.0155179706845237
a3c772d3fde52dbae832bi,2026-01-26 09:00:00,0.0,25.1,69.0,0.0,9,1,0,0,0.0,0.0,0.0178869298611109,0.0155179706845237
a3c772d3fde52dbae832bi,2026-01-26 10:00:00,0.0,26.8,64.0,0.0,10,1,0,0,0.0,0.0,0.0178869298611109,0.0155179706845237
a3c772d3fde52dbae832bi,2026-01-26 11:00:00,0.0,28.5,58.0,0.0,11,1,0,0,0.0,0.0,0.0178869298611109,0.0155179706845237
a3c772d3fde52dbae832bi,2026-01-26 12:00:00,0.0063278416666663,27.8,62.0,0.4,12,1,0,0,0.007232683333333,0.004519625,0.0178492281249998,0.0155287338789681
a3c772d3fde52dbae832bi,2026-01-26 13:00:00,0.0290382166666665,28.5,61.0,0.5,13,1,0,0,0.0331905666666666,0.020740525,0.0176762135416665,0.0155781249007935
a3c772d3fde52dbae832bi,2026-01-26 14:00:00,0.0295421249999997,28.2,62.0,1.2,14,1,0,0,0.0337665333333331,0.0211004416666663,0.0175001965277776,0.0156283730158729
a3c772d3fde52dbae832bi,2026-01-26 15:00:00,0.034371683333333,28.2,63.0,0.4,15,1,0,0,0.0392865333333329,0.0245499083333332,0.0172954111111109,0.0156868359623014
a3c772d3fde52dbae832bi,2026-01-26 16:00:00,0.0487911833333333,28.1,63.0,0.1,16,1,0,0,0.0617266999999996,0.0465811749999999,0.0167564312499998,0.0156999907738094
a3c772d3fde52dbae832bi,2026-01-26 17:00:00,0.0497189916666663,28.4,62.0,0.1,17,1,0,0,0.0632844749999996,0.04822305,0.0161912027777776,0.0157088951884919
a3c772d3fde52dbae832bi,2026-01-26 18:00:00,0.0498805833333333,28.0,65.0,0.0,18,1,0,0,0.0634901999999996,0.0483797166666663,0.0156241354166665,0.0157178289186506
a3c772d3fde52dbae832bi,2026-01-26 19:00:00,0.0499655666666662,27.2,70.0,0.0,19,1,0,0,0.0635982999999996,0.0484621499999996,0.015056104861111,0.0157267778273808
a3c772d3fde52dbae832bi,2026-01-26 20:00:00,0.0500535583333333,27.0,73.0,0.0,20,1,0,0,0.0637103249999996,0.0485474833333332,0.0144870729166665,0.0157357425595237
a3c772d3fde52dbae832bi,2026-01-26 21:00:00,0.0,26.8,75.0,0.0,21,1,0,0,0.0,0.0,0.0144870729166665,0.0157357425595237
a3c772d3fde52dbae832bi,2026-01-26 22:00:00,0.0,26.3,77.0,0.0,22,1,0,0,0.0,0.0,0.0144870729166665,0.0157357425595237
a3c772d3fde52dbae832bi,2026-01-26 23:00:00,0.0,26.0,78.0,0.0,23,1,0,0,0.0,0.0,0.0144870729166665,0.0157357425595237
a3c772d3fde52dbae832bi,2026-01-27 00:00:00,0.0,25.9,79.0,0.0,0,2,0,0,0.0,0.0,0.0144870729166665,0.0157357425595237
a3c772d3fde52dbae832bi,2026-01-27 01:00:00,0.0,25.5,81.0,0.0,1,2,0,0,0.0,0.0,0.0144870729166665,0.0157357425595237
a3c772d3fde52dbae832bi,2026-01-27 02:00:00,0.0,25.1,87.0,0.0,2,2,0,0,0.0,0.0,0.0144870729166665,0.0157357425595237
a3c772d3fde52dbae832bi,2026-01-27 03:00:00,0.0,25.2,83.0,0.0,3,2,0,0,0.0,0.0,0.0144870729166665,0.0157357425595237
a3c772d3fde52dbae832bi,2026-01-27 04:00:00,0.0,25.0,84.0,0.0,4,2,0,0,0.0,0.0,0.0144870729166665,0.0157357425595237
a3c772d3fde52dbae832bi,2026-01-27 05:00:00,0.0,25.0,84.0,0.0,5,2,0,0,0.0,0.0,0.0144870729166665,0.0157357425595237
a3c772d3fde52dbae832bi,2026-01-27 06:00:00,0.0,24.8,85.0,0.0,6,2,0,0,0.0,0.0,0.0144870729166665,0.0157357425595237
a3c772d3fde52dbae832bi,2026-01-27 07:00:00,0.0,24.8,85.0,0.0,7,2,0,0,0.0,0.0,0.0144870729166665,0.0157357425595237
a3c772d3fde52dbae832bi,2026-01-27 08:00:00,0.0,25.1,84.0,0.0,8,2,0,0,0.0,0.0,0.0144870729166665,0.0157357425595237
a3c772d3fde52dbae832bi,2026-01-27 09:00:00,0.0,25.8,80.0,0.1,9,2,0,0,0.0,0.0,0.0144870729166665,0.0157357425595237
a3c772d3fde52dbae832bi,2026-01-27 10:00:00,0.0,27.0,74.0,0.0,10,2,0,0,0.0,0.0,0.0144870729166665,0.0157357425595237
a3c772d3fde52dbae832bi,2026-01-27 11:00:00,0.0,27.9,71.0,0.0,11,2,0,0,0.0,0.0,0.0144870729166665,0.0157357425595237
a3c772d3fde52dbae832bi,2026-01-27 12:00:00,0.00497145,28.8,65.0,0.0,12,2,0,0,0.0063278416666663,0.00482185,0.0144305565972221,0.0157366330357141
a3c772d3fde52dbae832bi,2026-01-27 13:00:00,0.0228136666666663,29.1,61.0,0.2,13,2,0,0,0.0290382166666665,0.0221272333333331,0.0141712003472221,0.0157407189484125
a3c772d3fde52dbae832bi,2026-01-27 14:00:00,0.0232096249999996,26.8,75.0,0.0,14,2,0,0,0.0295421249999997,0.0225111916666666,0.0139073461805554,0.0157448762896824
a3c772d3fde52dbae832bi,2026-01-27 15:00:00,0.0270038749999996,28.1,70.0,0.1,15,2,0,0,0.034371683333333,0.0261913416666663,0.0136003541666665,0.0157497127976189
a3c772d3fde52dbae832bi,2026-01-27 16:00:00,0.0356520499999996,27.2,70.0,2.3,16,2,0,0,0.0487911833333333,0.0578437833333333,0.0130528902777776,0.0156176191468252
a3c772d3fde52dbae832bi,2026-01-27 17:00:00,0.0361573083333328,27.0,72.0,0.8,17,2,0,0,0.0497189916666663,0.0602753916666663,0.0124878201388887,0.015474059126984
a3c772d3fde52dbae832bi,2026-01-27 18:00:00,0.0362748583333331,26.9,72.0,0.0,18,2,0,0,0.0498805833333333,0.0604712666666665,0.0119209149305554,0.0153300328869046
a3c772d3fde52dbae832bi,2026-01-27 19:00:00,0.0363366416666666,26.6,75.0,0.0,19,2,0,0,0.0499655666666662,0.0605742666666661,0.0113530430555554,0.0151857613095237
a3c772d3fde52dbae832bi,2026-01-27 20:00:00,0.0364005916666663,26.5,75.0,0.0,20,2,0,0,0.0500535583333333,0.060680975,0.0107841694444443,0.0150412352182538
a3c772d3fde52dbae832bi,2026-01-27 21:00:00,0.0,26.2,74.0,0.0,21,2,0,0,0.0,0.0,0.0107841694444443,0.0150412352182538
a3c772d3fde52dbae832bi,2026-01-27 22:00:00,0.0,25.8,76.0,0.0,22,2,0,0,0.0,0.0,0.0107841694444443,0.0150412352182538
a3c772d3fde52dbae832bi,2026-01-27 23:00:00,0.0,25.6,77.0,0.0,23,2,0,0,0.0,0.0,0.0107841694444443,0.0150412352182538
a3c772d3fde52dbae832bi,2026-01-28 00:00:00,0.0,25.5,77.0,0.0,0,3,0,0,0.0,0.0,0.0107841694444443,0.0150412352182538
a3c772d3fde52dbae832bi,2026-01-28 01:00:00,0.0,25.3,77.0,0.0,1,3,0,0,0.0,0.0,0.0107841694444443,0.0150412352182538
a3c772d3fde52dbae832bi,2026-01-28 02:00:00,0.0,24.8,81.0,0.0,2,3,0,0,0.0,0.0,0.0107841694444443,0.0150412352182538
a3c772d3fde52dbae832bi,2026-01-28 03:00:00,0.0,24.5,82.0,0.0,3,3,0,0,0.0,0.0,0.0107841694444443,0.0150412352182538
a3c772d3fde52dbae832bi,2026-01-28 04:00:00,0.0,24.0,85.0,0.0,4,3,0,0,0.0,0.0,0.0107841694444443,0.0150412352182538
a3c772d3fde52dbae832bi,2026-01-28 05:00:00,0.0,23.7,86.0,0.0,5,3,0,0,0.0,0.0,0.0107841694444443,0.0150412352182538
a3c772d3fde52dbae832bi,2026-01-28 06:00:00,0.0,23.5,87.0,0.0,6,3,0,0,0.0,0.0,0.0107841694444443,0.0150412352182538
a3c772d3fde52dbae832bi,2026-01-28 07:00:00,0.0,23.5,86.0,0.0,7,3,0,0,0.0,0.0,0.0107841694444443,0.0150412352182538
a3c772d3fde52dbae832bi,2026-01-28 08:00:00,0.0,24.8,79.0,0.0,8,3,0,0,0.0,0.0,0.0107841694444443,0.0150412352182538
a3c772d3fde52dbae832bi,2026-01-28 09:00:00,0.0,26.0,71.0,0.0,9,3,0,0,0.0,0.0,0.0107841694444443,0.0150412352182538
a3c772d3fde52dbae832bi,2026-01-28 10:00:00,0.0,27.4,62.0,0.0,10,3,0,0,0.0,0.0,0.0107841694444443,0.0150412352182538
a3c772d3fde52dbae832bi,2026-01-28 11:00:00,0.0,28.8,56.0,0.0,11,3,0,0,0.0,0.0,0.0107841694444443,0.0150412352182538
a3c772d3fde52dbae832bi,2026-01-28 12:00:00,0.003615425,29.7,51.0,0.0,12,3,0,0,0.00497145,0.0060269916666663,0.0107276684027776,0.0150268806547618
a3c772d3fde52dbae832bi,2026-01-28 13:00:00,0.0166838333333328,29.4,51.0,0.1,13,3,0,0,0.0228136666666663,0.0276574999999996,0.0104722586805554,0.0149615612103173
a3c772d3fde52dbae832bi,2026-01-28 14:00:00,0.0168787499999996,29.4,51.0,0.5,14,3,0,0,0.0232096249999996,0.0281374999999996,0.0102084722222221,0.0148945448412697
a3c772d3fde52dbae832bi,2026-01-28 15:00:00,0.0196381249999996,29.5,50.0,0.1,15,3,0,0,0.0270038749999996,0.0327373583333333,0.0099015659722221,0.0148165732142856
a3c772d3fde52dbae832bi,2026-01-28 16:00:00,0.0503308999999995,29.6,48.0,0.0,16,3,0,0,0.0356520499999996,0.0486546666666663,0.0105131847222221,0.0148265507936506
a3c772d3fde52dbae832bi,2026-01-28 17:00:00,0.0527349749999996,28.5,51.0,0.0,17,3,0,0,0.0361573083333328,0.0497204999999996,0.0112039208333332,0.0148444940972221
a3c772d3fde52dbae832bi,2026-01-28 18:00:00,0.0529063249999996,27.1,55.0,0.0,18,3,0,0,0.0362748583333331,0.0498821749999996,0.0118968986111109,0.0148624949900792
a3c772d3fde52dbae832bi,2026-01-28 19:00:00,0.0529964916666665,26.0,60.0,0.0,19,3,0,0,0.0363366416666666,0.0499670749999996,0.0125910590277776,0.0148805272321427
a3c772d3fde52dbae832bi,2026-01-28 20:00:00,0.053089808333333,26.0,63.0,0.0,20,3,0,0,0.0364005916666663,0.0500551499999996,0.0132864430555554,0.014898590674603
a3c772d3fde52dbae832bi,2026-01-28 21:00:00,0.0,25.4,67.0,0.0,21,3,0,0,0.0,0.0,0.0132864430555554,0.014898590674603
a3c772d3fde52dbae832bi,2026-01-28 22:00:00,0.0,25.0,69.0,0.0,22,3,0,0,0.0,0.0,0.0132864430555554,0.014898590674603
a3c772d3fde52dbae832bi,2026-01-28 23:00:00,0.0,24.7,70.0,0.0,23,3,0,0,0.0,0.0,0.0132864430555554,0.014898590674603
a3c772d3fde52dbae832bi,2026-01-29 00:00:00,0.0,24.2,73.0,0.0,0,4,0,0,0.0,0.0,0.0132864430555554,0.014898590674603
a3c772d3fde52dbae832bi,2026-01-29 01:00:00,0.0,24.0,72.0,0.0,1,4,0,0,0.0,0.0,0.0132864430555554,0.014898590674603
a3c772d3fde52dbae832bi,2026-01-29 02:00:00,0.0,23.7,75.0,0.0,2,4,0,0,0.0,0.0,0.0132864430555554,0.014898590674603
a3c772d3fde52dbae832bi,2026-01-29 03:00:00,0.0,23.6,75.0,0.0,3,4,0,0,0.0,0.0,0.0132864430555554,0.014898590674603
a3c772d3fde52dbae832bi,2026-01-29 04:00:00,0.0,23.3,77.0,0.0,4,4,0,0,0.0,0.0,0.0132864430555554,0.014898590674603
a3c772d3fde52dbae832bi,2026-01-29 05:00:00,0.0,23.0,79.0,0.0,5,4,0,0,0.0,0.0,0.0132864430555554,0.014898590674603
a3c772d3fde52dbae832bi,2026-01-29 06:00:00,0.0,22.7,81.0,0.0,6,4,0,0,0.0,0.0,0.0132864430555554,0.014898590674603
a3c772d3fde52dbae832bi,2026-01-29 07:00:00,0.0,22.6,81.0,0.0,7,4,0,0,0.0,0.0,0.0132864430555554,0.014898590674603
a3c772d3fde52dbae832bi,2026-01-29 08:00:00,0.0,24.0,76.0,0.0,8,4,0,0,0.0,0.0,0.0132864430555554,0.014898590674603
a3c772d3fde52dbae832bi,2026-01-29 09:00:00,0.0,25.7,63.0,0.0,9,4,0,0,0.0,0.0,0.0132864430555554,0.014898590674603
a3c772d3fde52dbae832bi,2026-01-29 10:00:00,0.0,27.7,53.0,0.0,10,4,0,0,0.0,0.0,0.0132864430555554,0.014898590674603
a3c772d3fde52dbae832bi,2026-01-29 11:00:00,0.0,29.4,46.0,0.0,11,4,0,0,0.0,0.0,0.0132864430555554,0.014898590674603
a3c772d3fde52dbae832bi,2026-01-29 12:00:00,0.0052729416666663,30.4,42.0,0.1,12,4,0,0,0.003615425,0.0049715416666663,0.0133555062499998,0.0149003847222221
a3c772d3fde52dbae832bi,2026-01-29 13:00:00,0.0241975583333333,30.4,42.0,0.1,13,4,0,0,0.0166838333333328,0.0228144083333333,0.0136685781249998,0.0149086177579364
a3c772d3fde52dbae832bi,2026-01-29 14:00:00,0.0246174666666663,30.2,43.0,0.0,14,4,0,0,0.0168787499999996,0.0232103333333331,0.0139910246527776,0.0149169935515871
a3c772d3fde52dbae832bi,2026-01-29 15:00:00,0.0286418583333332,29.9,44.0,0.0,15,4,0,0,0.0196381249999996,0.0270046666666661,0.0143661802083332,0.0149267387400792
a3c772d3fde52dbae832bi,2026-01-29 16:00:00,0.0789078666666663,29.0,48.0,0.0,16,4,0,0,0.0503308999999995,0.0481706666666662,0.0155568871527776,0.0151096982638887
a3c772d3fde52dbae832bi,2026-01-29 17:00:00,0.0828732249999996,27.8,53.0,0.0,17,4,0,0,0.0527349749999996,0.0497204999999996,0.0168126475694443,0.0153070359126983
a3c772d3fde52dbae832bi,2026-01-29 18:00:00,0.0831425999999996,26.6,58.0,0.0,18,4,0,0,0.0529063249999996,0.0498821749999996,0.018072492361111,0.0155050146329364
a3c772d3fde52dbae832bi,2026-01-29 19:00:00,0.0832841833333333,25.8,62.0,0.0,19,4,0,0,0.0529964916666665,0.0499670749999996,0.0193344795138887,0.0157033307539681
a3c772d3fde52dbae832bi,2026-01-29 20:00:00,0.0834308916666663,25.9,60.0,0.0,20,4,0,0,0.053089808333333,0.0500551499999996,0.0205986913194443,0.0159019958829364
a3c772d3fde52dbae832bi,2026-01-29 21:00:00,0.0,25.7,62.0,0.0,21,4,0,0,0.0,0.0,0.0205986913194443,0.0159019958829364
a3c772d3fde52dbae832bi,2026-01-29 22:00:00,0.0,25.3,63.0,0.0,22,4,0,0,0.0,0.0,0.0205986913194443,0.0159019958829364
a3c772d3fde52dbae832bi,2026-01-29 23:00:00,0.0,25.0,64.0,0.0,23,4,0,0,0.0,0.0,0.0205986913194443,0.0159019958829364
a3c772d3fde52dbae832bi,2026-01-30 00:00:00,0.0,24.6,66.0,0.0,0,5,0,0,0.0,0.0,0.0205986913194443,0.0159019958829364
a3c772d3fde52dbae832bi,2026-01-30 01:00:00,0.0,24.0,69.0,0.0,1,5,0,0,0.0,0.0,0.0205986913194443,0.0159019958829364
a3c772d3fde52dbae832bi,2026-01-30 02:00:00,0.0,23.5,72.0,0.0,2,5,0,0,0.0,0.0,0.0205986913194443,0.0159019958829364
a3c772d3fde52dbae832bi,2026-01-30 03:00:00,0.0,23.1,75.0,0.0,3,5,0,0,0.0,0.0,0.0205986913194443,0.0159019958829364
a3c772d3fde52dbae832bi,2026-01-30 04:00:00,0.0,23.0,77.0,0.0,4,5,0,0,0.0,0.0,0.0205986913194443,0.0159019958829364
a3c772d3fde52dbae832bi,2026-01-30 05:00:00,0.0,22.7,79.0,0.0,5,5,0,0,0.0,0.0,0.0205986913194443,0.0159019958829364
a3c772d3fde52dbae832bi,2026-01-30 06:00:00,0.0,22.6,80.0,0.0,6,5,0,0,0.0,0.0,0.0205986913194443,0.0159019958829364
a3c772d3fde52dbae832bi,2026-01-30 07:00:00,0.0,22.8,79.0,0.0,7,5,0,0,0.0,0.0,0.0205986913194443,0.0159019958829364
a3c772d3fde52dbae832bi,2026-01-30 08:00:00,0.0,24.0,75.0,0.0,8,5,0,0,0.0,0.0,0.0205986913194443,0.0159019958829364
a3c772d3fde52dbae832bi,2026-01-30 09:00:00,0.0,25.5,68.0,0.0,9,5,0,0,0.0,0.0,0.0205986913194443,0.0159019958829364
a3c772d3fde52dbae832bi,2026-01-30 10:00:00,0.0,26.8,60.0,0.1,10,5,0,0,0.0,0.0,0.0205986913194443,0.0159019958829364
a3c772d3fde52dbae832bi,2026-01-30 11:00:00,0.0,28.4,52.0,0.2,11,5,0,0,0.0,0.0,0.0205986913194443,0.0159019958829364
a3c772d3fde52dbae832bi,2026-01-30 12:00:00,0.0082864833333331,28.9,51.0,1.4,12,5,0,0,0.0052729416666663,0.0049715416666663,0.0207242555555554,0.0159217276785713
a3c772d3fde52dbae832bi,2026-01-30 13:00:00,0.038026633333333,29.3,50.0,2.2,13,5,0,0,0.0241975583333333,0.0228144083333333,0.0213004670138887,0.0160122766369046
a3c772d3fde52dbae832bi,2026-01-30 14:00:00,0.0386864749999996,29.6,49.0,1.7,14,5,0,0,0.0246174666666663,0.0232103333333331,0.0218866756944443,0.0161043965277776
a3c772d3fde52dbae832bi,2026-01-30 15:00:00,0.0450108333333333,29.0,52.0,0.4,15,5,0,0,0.0286418583333332,0.0270046666666661,0.0225687163194443,0.0162115760912697
a3c772d3fde52dbae832bi,2026-01-30 16:00:00,0.1039332666666663,28.4,55.0,0.7,16,5,0,0,0.0789078666666663,0.056515175,0.0236114413194443,0.0164938266369046
a3c772d3fde52dbae832bi,2026-01-30 17:00:00,0.1084897499999996,27.6,57.0,0.0,17,5,0,0,0.0828732249999996,0.05876145,0.0246787965277776,0.0167898284226189
a3c772d3fde52dbae832bi,2026-01-30 18:00:00,0.1088423749999995,26.3,64.0,0.0,18,5,0,0,0.0831425999999996,0.0589524916666663,0.025749620486111,0.0170867920138887
a3c772d3fde52dbae832bi,2026-01-30 19:00:00,0.1090278166666665,25.5,68.0,0.0,19,5,0,0,0.0832841833333333,0.0590528583333328,0.0268222718749998,0.0173842620039681
a3c772d3fde52dbae832bi,2026-01-30 20:00:00,0.1092198583333329,25.8,69.0,0.0,20,5,0,0,0.0834308916666663,0.0591568999999999,0.0278968121527776,0.0176822558035713
a3c772d3fde52dbae832bi,2026-01-30 21:00:00,0.0,25.4,71.0,0.0,21,5,0,0,0.0,0.0,0.0278968121527776,0.0176822558035713
a3c772d3fde52dbae832bi,2026-01-30 22:00:00,0.0,24.9,75.0,0.0,22,5,0,0,0.0,0.0,0.0278968121527776,0.0176822558035713
a3c772d3fde52dbae832bi,2026-01-30 23:00:00,0.0,24.5,78.0,0.0,23,5,0,0,0.0,0.0,0.0278968121527776,0.0176822558035713
a3c772d3fde52dbae832bi,2026-01-31 00:00:00,0.0,24.0,81.0,0.0,0,6,1,0,0.0,0.0,0.0278968121527776,0.0176822558035713
a3c772d3fde52dbae832bi,2026-01-31 01:00:00,0.0,23.9,83.0,0.0,1,6,1,0,0.0,0.0,0.0278968121527776,0.0176822558035713
a3c772d3fde52dbae832bi,2026-01-31 02:00:00,0.0,23.9,81.0,0.0,2,6,1,0,0.0,0.0,0.0278968121527776,0.0176822558035713
a3c772d3fde52dbae832bi,2026-01-31 03:00:00,0.0,23.4,81.0,0.0,3,6,1,0,0.0,0.0,0.0278968121527776,0.0176822558035713
a3c772d3fde52dbae832bi,2026-01-31 04:00:00,0.0,23.0,82.0,0.0,4,6,1,0,0.0,0.0,0.0278968121527776,0.0176822558035713
a3c772d3fde52dbae832bi,2026-01-31 05:00:00,0.0,23.0,81.0,0.0,5,6,1,0,0.0,0.0,0.0278968121527776,0.0176822558035713
a3c772d3fde52dbae832bi,2026-01-31 06:00:00,0.0,22.8,79.0,0.0,6,6,1,0,0.0,0.0,0.0278968121527776,0.0176822558035713
a3c772d3fde52dbae832bi,2026-01-31 07:00:00,0.0,22.8,79.0,0.0,7,6,1,0,0.0,0.0,0.0278968121527776,0.0176822558035713
a3c772d3fde52dbae832bi,2026-01-31 08:00:00,0.0,24.0,75.0,0.0,8,6,1,0,0.0,0.0,0.0278968121527776,0.0176822558035713
a3c772d3fde52dbae832bi,2026-01-31 09:00:00,0.0,25.1,68.0,0.0,9,6,1,0,0.0,0.0,0.0278968121527776,0.0176822558035713
a3c772d3fde52dbae832bi,2026-01-31 10:00:00,0.0,26.5,63.0,0.0,10,6,1,0,0.0,0.0,0.0278968121527776,0.0176822558035713
a3c772d3fde52dbae832bi,2026-01-31 11:00:00,0.0,28.8,54.0,0.0,11,6,1,0,0.0,0.0,0.0278968121527776,0.0176822558035713
a3c772d3fde52dbae832bi,2026-01-31 12:00:00,0.010847925,29.9,50.0,0.0,12,6,1,0,0.0082864833333331,0.0058755583333331,0.0280035388888887,0.0177118532242062
a3c772d3fde52dbae832bi,2026-01-31 13:00:00,0.0497808,30.1,49.0,0.0,13,6,1,0,0.038026633333333,0.0269628333333328,0.0284932958333332,0.0178476744543649
a3c772d3fde52dbae832bi,2026-01-31 14:00:00,0.0506446749999999,27.6,57.0,0.2,14,6,1,0,0.0386864749999996,0.0274307249999996,0.0289915541666665,0.0179858527281745
a3c772d3fde52dbae832bi,2026-01-31 15:00:00,0.0589239666666663,27.5,59.0,0.2,15,6,1,0,0.0450108333333333,0.0319150583333328,0.0295712680555554,0.0181466200396824
a3c772d3fde52dbae832bi,2026-01-31 16:00:00,0.0578227749999996,27.8,59.0,0.0,16,6,1,0,0.1039332666666663,0.06945655,0.0276499975694443,0.0180773713789681
a3c772d3fde52dbae832bi,2026-01-31 17:00:00,0.0572584083333333,28.0,56.0,0.0,17,6,1,0,0.1084897499999996,0.0723337333333331,0.0255153583333332,0.0179876373015872
a3c772d3fde52dbae832bi,2026-01-31 18:00:00,0.0574445249999999,27.5,55.0,0.0,18,6,1,0,0.1088423749999995,0.0725688166666666,0.0233737812499999,0.0178976117559522
a3c772d3fde52dbae832bi,2026-01-31 19:00:00,0.0575423416666663,26.5,59.0,0.0,19,6,1,0,0.1090278166666665,0.0726923833333331,0.0212285531249999,0.0178074329365078
a3c772d3fde52dbae832bi,2026-01-31 20:00:00,0.0576437249999996,25.9,59.0,0.0,20,6,1,0,0.1092198583333329,0.0728204666666666,0.0190795475694443,0.0177170951884919
a3c772d3fde52dbae832bi,2026-01-31 21:00:00,0.0,25.9,58.0,0.0,21,6,1,0,0.0,0.0,0.0190795475694443,0.0177170951884919
a3c772d3fde52dbae832bi,2026-01-31 22:00:00,0.0,25.8,58.0,0.0,22,6,1,0,0.0,0.0,0.0190795475694443,0.0177170951884919
a3c772d3fde52dbae832bi,2026-01-31 23:00:00,0.0,25.5,59.0,0.0,23,6,1,0,0.0,0.0,0.0190795475694443,0.0177170951884919
a3c772d3fde52dbae832bi,2026-02-01 00:00:00,0.0,25.0,63.0,0.0,0,7,1,0,0.0,0.0,0.0190795475694443,0.0177170951884919
a3c772d3fde52dbae832bi,2026-02-01 01:00:00,0.0,24.6,65.0,0.0,1,7,1,0,0.0,0.0,0.0190795475694443,0.0177170951884919
a3c772d3fde52dbae832bi,2026-02-01 02:00:00,0.0,24.0,68.0,0.0,2,7,1,0,0.0,0.0,0.0190795475694443,0.0177170951884919
a3c772d3fde52dbae832bi,2026-02-01 03:00:00,0.0,23.9,68.0,0.0,3,7,1,0,0.0,0.0,0.0190795475694443,0.0177170951884919
a3c772d3fde52dbae832bi,2026-02-01 04:00:00,0.0,23.8,70.0,0.0,4,7,1,0,0.0,0.0,0.0190795475694443,0.0177170951884919
a3c772d3fde52dbae832bi,2026-02-01 05:00:00,0.0,23.6,72.0,0.0,5,7,1,0,0.0,0.0,0.0190795475694443,0.0177170951884919
a3c772d3fde52dbae832bi,2026-02-01 06:00:00,0.0,23.5,73.0,0.0,6,7,1,0,0.0,0.0,0.0190795475694443,0.0177170951884919
a3c772d3fde52dbae832bi,2026-02-01 07:00:00,0.0,23.6,74.0,0.0,7,7,1,0,0.0,0.0,0.0190795475694443,0.0177170951884919
a3c772d3fde52dbae832bi,2026-02-01 08:00:00,0.0,25.5,62.0,0.0,8,7,1,0,0.0,0.0,0.0190795475694443,0.0177170951884919
a3c772d3fde52dbae832bi,2026-02-01 09:00:00,0.0,26.0,60.0,0.0,9,7,1,0,0.0,0.0,0.0190795475694443,0.0177170951884919
a3c772d3fde52dbae832bi,2026-02-01 10:00:00,0.0,27.0,58.0,0.0,10,7,1,0,0.0,0.0,0.0190795475694443,0.0177170951884919
a3c772d3fde52dbae832bi,2026-02-01 11:00:00,0.0,28.4,54.0,0.0,11,7,1,0,0.0,0.0,0.0190795475694443,0.0177170951884919
a3c772d3fde52dbae832bi,2026-02-01 12:00:00,0.0057253166666663,30.1,48.0,0.0,12,7,1,0,0.010847925,0.007232683333333,0.0188661055555554,0.017708122767857
a3c772d3fde52dbae832bi,2026-02-01 13:00:00,0.0262732249999996,30.8,45.0,0.0,13,7,1,0,0.0497808,0.0331905666666666,0.0178866232638887,0.0176669481150792
a3c772d3fde52dbae832bi,2026-02-01 14:00:00,0.0267290749999996,30.0,49.0,0.0,14,7,1,0,0.0506446749999999,0.0337665333333331,0.0168901399305554,0.0176250584821427
a3c772d3fde52dbae832bi,2026-02-01 15:00:00,0.0310986833333333,29.8,48.0,0.0,15,7,1,0,0.0589239666666663,0.0392865333333329,0.0157307531249998,0.0175763212797618
a3c772d3fde52dbae832bi,2026-02-01 16:00:00,0.0429625083333331,29.4,48.0,0.0,16,7,1,0,0.0578227749999996,0.0617266999999996,0.0151115753472221,0.0174646296626983
a3c772d3fde52dbae832bi,2026-02-01 17:00:00,0.0437032333333329,28.1,52.0,0.0,17,7,1,0,0.0572584083333333,0.0632844749999996,0.0145467763888887,0.0173480746527776
a3c772d3fde52dbae832bi,2026-02-01 18:00:00,0.0438452999999996,27.3,53.0,0.0,18,7,1,0,0.0574445249999999,0.0634901999999996,0.0139801420138887,0.0172311407242062
a3c772d3fde52dbae832bi,2026-02-01 19:00:00,0.0439200083333333,26.8,55.0,0.0,19,7,1,0,0.0575423416666663,0.0635982999999996,0.0134125447916665,0.0171140080357141
a3c772d3fde52dbae832bi,2026-02-01 20:00:00,0.0439973583333331,26.4,57.0,0.0,20,7,1,0,0.0576437249999996,0.0637103249999996,0.0128439461805554,0.0169966689484125
a3c772d3fde52dbae832bi,2026-02-01 21:00:00,0.0,26.2,58.0,0.0,21,7,1,0,0.0,0.0,0.0128439461805554,0.0169966689484125
a3c772d3fde52dbae832bi,2026-02-01 22:00:00,0.0,26.0,58.0,0.0,22,7,1,0,0.0,0.0,0.0128439461805554,0.0169966689484125
a3c772d3fde52dbae832bi,2026-02-01 23:00:00,0.0,26.0,58.0,0.0,23,7,1,0,0.0,0.0,0.0128439461805554,0.0169966689484125
a3c772d3fde52dbae832bi,2026-02-02 00:00:00,0.0,25.5,62.0,0.0,0,1,0,0,0.0,0.0,0.0128439461805554,0.0169966689484125
a3c772d3fde52dbae832bi,2026-02-02 01:00:00,0.0,25.2,64.0,0.0,1,1,0,0,0.0,0.0,0.0128439461805554,0.0169966689484125
a3c772d3fde52dbae832bi,2026-02-02 02:00:00,0.0,24.6,67.0,0.0,2,1,0,0,0.0,0.0,0.0128439461805554,0.0169966689484125
a3c772d3fde52dbae832bi,2026-02-02 03:00:00,0.0,24.5,68.0,0.0,3,1,0,0,0.0,0.0,0.0128439461805554,0.0169966689484125
a3c772d3fde52dbae832bi,2026-02-02 04:00:00,0.0,24.5,68.0,0.0,4,1,0,0,0.0,0.0,0.0128439461805554,0.0169966689484125
a3c772d3fde52dbae832bi,2026-02-02 05:00:00,0.0,24.3,69.0,0.0,5,1,0,0,0.0,0.0,0.0128439461805554,0.0169966689484125
a3c772d3fde52dbae832bi,2026-02-02 06:00:00,0.0,24.0,69.0,0.0,6,1,0,0,0.0,0.0,0.0128439461805554,0.0169966689484125
a3c772d3fde52dbae832bi,2026-02-02 07:00:00,0.0,23.9,70.0,0.0,7,1,0,0,0.0,0.0,0.0128439461805554,0.0169966689484125
a3c772d3fde52dbae832bi,2026-02-02 08:00:00,0.0,25.8,63.0,0.0,8,1,0,0,0.0,0.0,0.0128439461805554,0.0169966689484125
a3c772d3fde52dbae832bi,2026-02-02 09:00:00,0.0,27.0,56.0,0.0,9,1,0,0,0.0,0.0,0.0128439461805554,0.0169966689484125
a3c772d3fde52dbae832bi,2026-02-02 10:00:00,0.0,28.4,53.0,0.0,10,1,0,0,0.0,0.0,0.0128439461805554,0.0169966689484125
a3c772d3fde52dbae832bi,2026-02-02 11:00:00,0.0,30.2,47.0,0.0,11,1,0,0,0.0,0.0,0.0128439461805554,0.0169966689484125
a3c772d3fde52dbae832bi,2026-02-02 12:00:00,0.0043699333333331,30.6,46.0,0.0,12,1,0,0,0.0057253166666663,0.0063278416666663,0.0127874718749999,0.0169850147321427
a3c772d3fde52dbae832bi,2026-02-02 13:00:00,0.0200533499999998,30.6,47.0,0.0,13,1,0,0,0.0262732249999996,0.0290382166666665,0.0125283104166665,0.0169315333829364
a3c772d3fde52dbae832bi,2026-02-02 14:00:00,0.0204013916666666,30.2,49.0,0.0,14,1,0,0,0.0267290749999996,0.0295421249999997,0.0122646569444443,0.0168771242559522
a3c772d3fde52dbae832bi,2026-02-02 15:00:00,0.0237365,30.8,47.0,0.0,15,1,0,0,0.0310986833333333,0.034371683333333,0.0119578993055554,0.0168138195932538
a3c772d3fde52dbae832bi,2026-02-02 16:00:00,0.043721525,30.5,47.0,0.0,16,1,0,0,0.0429625083333331,0.0487911833333333,0.0119895249999999,0.0167836430555554
a3c772d3fde52dbae832bi,2026-02-02 17:00:00,0.0451990666666663,29.3,50.0,0.0,17,1,0,0,0.0437032333333329,0.0497189916666663,0.0120518513888888,0.0167567387400792
a3c772d3fde52dbae832bi,2026-02-02 18:00:00,0.0453459749999995,28.0,54.0,0.0,18,1,0,0,0.0438452999999996,0.0498805833333333,0.0121143795138888,0.0167297470238094
a3c772d3fde52dbae832bi,2026-02-02 19:00:00,0.0454232249999996,27.0,57.0,0.0,19,1,0,0,0.0439200083333333,0.0499655666666662,0.0121770135416665,0.0167027092757935
a3c772d3fde52dbae832bi,2026-02-02 20:00:00,0.0455032333333332,26.7,56.0,0.0,20,1,0,0,0.0439973583333331,0.0500535583333333,0.0122397583333332,0.0166756240079364
a3c772d3fde52dbae832bi,2026-02-02 21:00:00,0.0,26.4,58.0,0.0,21,1,0,0,0.0,0.0,0.0122397583333332,0.0166756240079364
a3c772d3fde52dbae832bi,2026-02-02 22:00:00,0.0,26.1,61.0,0.0,22,1,0,0,0.0,0.0,0.0122397583333332,0.0166756240079364
a3c772d3fde52dbae832bi,2026-02-02 23:00:00,0.0,26.0,62.0,0.0,23,1,0,0,0.0,0.0,0.0122397583333332,0.0166756240079364
a3c772d3fde52dbae832bi,2026-02-03 00:00:00,0.0,26.0,62.0,0.0,0,2,0,0,0.0,0.0,0.0122397583333332,0.0166756240079364
a3c772d3fde52dbae832bi,2026-02-03 01:00:00,0.0,25.7,64.0,0.0,1,2,0,0,0.0,0.0,0.0122397583333332,0.0166756240079364
a3c772d3fde52dbae832bi,2026-02-03 02:00:00,0.0,25.4,66.0,0.0,2,2,0,0,0.0,0.0,0.0122397583333332,0.0166756240079364
a3c772d3fde52dbae832bi,2026-02-03 03:00:00,0.0,25.0,69.0,0.0,3,2,0,0,0.0,0.0,0.0122397583333332,0.0166756240079364
a3c772d3fde52dbae832bi,2026-02-03 04:00:00,0.0,24.6,69.0,0.0,4,2,0,0,0.0,0.0,0.0122397583333332,0.0166756240079364
a3c772d3fde52dbae832bi,2026-02-03 05:00:00,0.0,24.2,72.0,0.0,5,2,0,0,0.0,0.0,0.0122397583333332,0.0166756240079364
a3c772d3fde52dbae832bi,2026-02-03 06:00:00,0.0,23.9,75.0,0.0,6,2,0,0,0.0,0.0,0.0122397583333332,0.0166756240079364
a3c772d3fde52dbae832bi,2026-02-03 07:00:00,0.0,24.1,74.0,0.0,7,2,0,0,0.0,0.0,0.0122397583333332,0.0166756240079364
a3c772d3fde52dbae832bi,2026-02-03 08:00:00,0.0,25.7,65.0,0.0,8,2,0,0,0.0,0.0,0.0122397583333332,0.0166756240079364
a3c772d3fde52dbae832bi,2026-02-03 09:00:00,0.0,26.6,59.0,0.0,9,2,0,0,0.0,0.0,0.0122397583333332,0.0166756240079364
a3c772d3fde52dbae832bi,2026-02-03 10:00:00,0.0,29.0,50.0,0.0,10,2,0,0,0.0,0.0,0.0122397583333332,0.0166756240079364
a3c772d3fde52dbae832bi,2026-02-03 11:00:00,0.0,30.5,44.0,0.0,11,2,0,0,0.0,0.0,0.0122397583333332,0.0166756240079364
a3c772d3fde52dbae832bi,2026-02-03 12:00:00,0.0045194416666663,31.0,42.0,0.0,12,2,0,0,0.0043699333333331,0.00497145,0.0122459878472221,0.0166729334821427
a3c772d3fde52dbae832bi,2026-02-03 13:00:00,0.0207396833333333,31.3,40.0,0.0,13,2,0,0,0.0200533499999998,0.0228136666666663,0.0122745850694443,0.0166605883432538
a3c772d3fde52dbae832bi,2026-02-03 14:00:00,0.0210996333333331,30.9,40.0,0.0,14,2,0,0,0.0204013916666666,0.0232096249999996,0.0123036784722221,0.0166480288690475
a3c772d3fde52dbae832bi,2026-02-03 15:00:00,0.0245489249999998,30.6,41.0,0.0,15,2,0,0,0.0237365,0.0270038749999996,0.0123375295138888,0.0166334160714284
a3c772d3fde52dbae832bi,2026-02-03 16:00:00,0.0368425166666666,30.0,42.0,0.0,16,2,0,0,0.043721525,0.0356520499999996,0.0120509041666665,0.0166405021825395
a3c772d3fde52dbae832bi,2026-02-03 17:00:00,0.0376716583333331,28.7,45.0,0.0,17,2,0,0,0.0451990666666663,0.0361573083333328,0.0117372621527776,0.0166495161706348
a3c772d3fde52dbae832bi,2026-02-03 18:00:00,0.0377941249999998,27.5,47.0,0.0,18,2,0,0,0.0453459749999995,0.0362748583333331,0.011422601736111,0.016658559424603
a3c772d3fde52dbae832bi,2026-02-03 19:00:00,0.037858458333333,27.0,48.0,0.0,19,2,0,0,0.0454232249999996,0.0363366416666666,0.0111074031249999,0.0166676178571427
a3c772d3fde52dbae832bi,2026-02-03 20:00:00,0.0379251583333333,27.0,51.0,0.0,20,2,0,0,0.0455032333333332,0.0364005916666663,0.0107916499999999,0.01667669265873
a3c772d3fde52dbae832bi,2026-02-03 21:00:00,0.0,26.9,53.0,0.0,21,2,0,0,0.0,0.0,0.0107916499999999,0.01667669265873
a3c772d3fde52dbae832bi,2026-02-03 22:00:00,0.0,26.3,58.0,0.0,22,2,0,0,0.0,0.0,0.0107916499999999,0.01667669265873
a3c772d3fde52dbae832bi,2026-02-03 23:00:00,0.0,25.8,62.0,0.0,23,2,0,0,0.0,0.0,0.0107916499999999,0.01667669265873
a3c772d3fde52dbae832bi,2026-02-04 00:00:00,0.0,25.4,66.0,0.0,0,3,0,0,0.0,0.0,0.0107916499999999,0.01667669265873
a3c772d3fde52dbae832bi,2026-02-04 01:00:00,0.0,25.0,69.0,0.0,1,3,0,0,0.0,0.0,0.0107916499999999,0.01667669265873
a3c772d3fde52dbae832bi,2026-02-04 02:00:00,0.0,24.3,75.0,0.0,2,3,0,0,0.0,0.0,0.0107916499999999,0.01667669265873
a3c772d3fde52dbae832bi,2026-02-04 03:00:00,0.0,24.0,73.0,0.0,3,3,0,0,0.0,0.0,0.0107916499999999,0.01667669265873
a3c772d3fde52dbae832bi,2026-02-04 04:00:00,0.0,23.6,74.0,0.0,4,3,0,0,0.0,0.0,0.0107916499999999,0.01667669265873
a3c772d3fde52dbae832bi,2026-02-04 05:00:00,0.0,23.4,74.0,0.0,5,3,0,0,0.0,0.0,0.0107916499999999,0.01667669265873
a3c772d3fde52dbae832bi,2026-02-04 06:00:00,0.0,23.4,74.0,0.0,6,3,0,0,0.0,0.0,0.0107916499999999,0.01667669265873
a3c772d3fde52dbae832bi,2026-02-04 07:00:00,0.0,23.4,74.0,0.0,7,3,0,0,0.0,0.0,0.0107916499999999,0.01667669265873
a3c772d3fde52dbae832bi,2026-02-04 08:00:00,0.0,24.6,73.0,0.0,8,3,0,0,0.0,0.0,0.0107916499999999,0.01667669265873
a3c772d3fde52dbae832bi,2026-02-04 09:00:00,0.0,26.5,63.0,0.0,9,3,0,0,0.0,0.0,0.0107916499999999,0.01667669265873
a3c772d3fde52dbae832bi,2026-02-04 10:00:00,0.0,28.1,55.0,0.0,10,3,0,0,0.0,0.0,0.0107916499999999,0.01667669265873
a3c772d3fde52dbae832bi,2026-02-04 11:00:00,0.0,29.8,48.0,0.0,11,3,0,0,0.0,0.0,0.0107916499999999,0.01667669265873
a3c772d3fde52dbae832bi,2026-02-04 12:00:00,0.0037667666666663,30.9,44.0,0.0,12,3,0,0,0.0045194416666663,0.003615425,0.0107602885416665,0.016677593501984
a3c772d3fde52dbae832bi,2026-02-04 13:00:00,0.0174029999999995,31.3,43.0,0.0,13,3,0,0,0.0207396833333333,0.0166838333333328,0.0106212600694443,0.0166818742559522
a3c772d3fde52dbae832bi,2026-02-04 14:00:00,0.017585725,31.0,42.0,0.0,14,3,0,0,0.0210996333333331,0.0168787499999996,0.0104748472222221,0.016686082440476
a3c772d3fde52dbae832bi,2026-02-04 15:00:00,0.0204606249999999,30.8,42.0,0.0,15,3,0,0,0.0245489249999998,0.0196381249999996,0.0103045013888888,0.0166909782738094
a3c772d3fde52dbae832bi,2026-02-04 16:00:00,0.0350996166666663,30.2,42.0,0.0,16,3,0,0,0.0368425166666666,0.0503308999999995,0.0102318805555554,0.0166003158730157
a3c772d3fde52dbae832bi,2026-02-04 17:00:00,0.0361573083333328,29.1,47.0,0.0,17,3,0,0,0.0376716583333331,0.0527349749999996,0.0101687826388887,0.0165016392857141
a3c772d3fde52dbae832bi,2026-02-04 18:00:00,0.0362748583333331,27.6,53.0,0.0,18,3,0,0,0.0377941249999998,0.0529063249999996,0.010105479861111,0.0164026424603173
a3c772d3fde52dbae832bi,2026-02-04 19:00:00,0.0363366416666666,26.5,60.0,0.0,19,3,0,0,0.037858458333333,0.0529964916666665,0.0100420708333332,0.0163034766865078
a3c772d3fde52dbae832bi,2026-02-04 20:00:00,0.0364005916666663,26.9,57.0,0.0,20,3,0,0,0.0379251583333333,0.053089808333333,0.0099785472222221,0.016204136111111
a3c772d3fde52dbae832bi,2026-02-04 21:00:00,0.0,26.6,60.0,0.0,21,3,0,0,0.0,0.0,0.0099785472222221,0.016204136111111
a3c772d3fde52dbae832bi,2026-02-04 22:00:00,0.0,26.4,61.0,0.0,22,3,0,0,0.0,0.0,0.0099785472222221,0.016204136111111
a3c772d3fde52dbae832bi,2026-02-04 23:00:00,0.0,26.2,63.0,0.0,23,3,0,0,0.0,0.0,0.0099785472222221,0.016204136111111
a3c772d3fde52dbae832bi,2026-02-05 00:00:00,0.0,25.8,65.0,0.0,0,4,0,0,0.0,0.0,0.0099785472222221,0.016204136111111
a3c772d3fde52dbae832bi,2026-02-05 01:00:00,0.0,25.4,67.0,0.0,1,4,0,0,0.0,0.0,0.0099785472222221,0.016204136111111
a3c772d3fde52dbae832bi,2026-02-05 02:00:00,0.0,25.0,69.0,0.0,2,4,0,0,0.0,0.0,0.0099785472222221,0.016204136111111
a3c772d3fde52dbae832bi,2026-02-05 03:00:00,0.0,24.6,71.0,0.0,3,4,0,0,0.0,0.0,0.0099785472222221,0.016204136111111
a3c772d3fde52dbae832bi,2026-02-05 04:00:00,0.0,24.1,74.0,0.0,4,4,0,0,0.0,0.0,0.0099785472222221,0.016204136111111
a3c772d3fde52dbae832bi,2026-02-05 05:00:00,0.0,23.5,78.0,0.0,5,4,0,0,0.0,0.0,0.0099785472222221,0.016204136111111
a3c772d3fde52dbae832bi,2026-02-05 06:00:00,0.0,22.9,79.0,0.0,6,4,0,0,0.0,0.0,0.0099785472222221,0.016204136111111
a3c772d3fde52dbae832bi,2026-02-05 07:00:00,0.0,22.6,80.0,0.0,7,4,0,0,0.0,0.0,0.0099785472222221,0.016204136111111
a3c772d3fde52dbae832bi,2026-02-05 08:00:00,0.0,24.0,75.0,0.0,8,4,0,0,0.0,0.0,0.0099785472222221,0.016204136111111
a3c772d3fde52dbae832bi,2026-02-05 09:00:00,0.0,26.0,64.0,0.0,9,4,0,0,0.0,0.0,0.0099785472222221,0.016204136111111
a3c772d3fde52dbae832bi,2026-02-05 10:00:00,0.0,28.5,50.0,0.0,10,4,0,0,0.0,0.0,0.0099785472222221,0.016204136111111
a3c772d3fde52dbae832bi,2026-02-05 11:00:00,0.0,30.2,39.0,0.0,11,4,0,0,0.0,0.0,0.0099785472222221,0.016204136111111
a3c772d3fde52dbae832bi,2026-02-05 12:00:00,0.003615425,31.0,35.0,0.0,12,4,0,0,0.0037667666666663,0.0052729416666663,0.0099722413194443,0.0161942699404761
a3c772d3fde52dbae832bi,2026-02-05 13:00:00,0.0166838333333328,31.5,33.0,0.0,13,4,0,0,0.0174029999999995,0.0241975583333333,0.0099422760416665,0.0161495453869046
a3c772d3fde52dbae832bi,2026-02-05 14:00:00,0.0168787499999996,31.9,31.0,0.0,14,4,0,0,0.017585725,0.0246174666666663,0.0099128187499998,0.0161034815972221
a3c772d3fde52dbae832bi,2026-02-05 15:00:00,0.0196381249999996,31.5,33.0,0.0,15,4,0,0,0.0204606249999999,0.0286418583333332,0.0098785479166665,0.0160498879464284
a3c772d3fde52dbae832bi,2026-02-05 16:00:00,0.0461655666666665,30.6,39.0,0.0,16,4,0,0,0.0350996166666663,0.0789078666666663,0.0103396291666665,0.0158549933035713
a3c772d3fde52dbae832bi,2026-02-05 17:00:00,0.048221958333333,29.3,46.0,0.0,17,4,0,0,0.0361573083333328,0.0828732249999996,0.0108423229166665,0.0156487357638888
a3c772d3fde52dbae832bi,2026-02-05 18:00:00,0.0483787083333328,27.7,52.0,0.0,18,4,0,0,0.0362748583333331,0.0831425999999996,0.0113466499999998,0.0154418078373014
a3c772d3fde52dbae832bi,2026-02-05 19:00:00,0.0484610583333331,26.8,57.0,0.0,19,4,0,0,0.0363366416666666,0.0832841833333333,0.0118518340277776,0.0152345273313491
a3c772d3fde52dbae832bi,2026-02-05 20:00:00,0.0485464749999998,26.6,59.0,0.0,20,4,0,0,0.0364005916666663,0.0834308916666663,0.0123579124999998,0.0150268819940475
a3c772d3fde52dbae832bi,2026-02-05 21:00:00,0.0,26.5,59.0,0.0,21,4,0,0,0.0,0.0,0.0123579124999998,0.0150268819940475
a3c772d3fde52dbae832bi,2026-02-05 22:00:00,0.0,26.2,60.0,0.0,22,4,0,0,0.0,0.0,0.0123579124999998,0.0150268819940475
a3c772d3fde52dbae832bi,2026-02-05 23:00:00,0.0,26.1,60.0,0.0,23,4,0,0,0.0,0.0,0.0123579124999998,0.0150268819940475
a3c772d3fde52dbae832bi,2026-02-06 00:00:00,0.0,25.9,61.0,0.0,0,5,0,0,0.0,0.0,0.0123579124999998,0.0150268819940475
a3c772d3fde52dbae832bi,2026-02-06 01:00:00,0.0,25.5,63.0,0.0,1,5,0,0,0.0,0.0,0.0123579124999998,0.0150268819940475
a3c772d3fde52dbae832bi,2026-02-06 02:00:00,0.0,25.1,63.0,0.0,2,5,0,0,0.0,0.0,0.0123579124999998,0.0150268819940475
a3c772d3fde52dbae832bi,2026-02-06 03:00:00,0.0,24.8,65.0,0.0,3,5,0,0,0.0,0.0,0.0123579124999998,0.0150268819940475
a3c772d3fde52dbae832bi,2026-02-06 04:00:00,0.0,24.2,68.0,0.0,4,5,0,0,0.0,0.0,0.0123579124999998,0.0150268819940475
a3c772d3fde52dbae832bi,2026-02-06 05:00:00,0.0,23.8,70.0,0.0,5,5,0,0,0.0,0.0,0.0123579124999998,0.0150268819940475
a3c772d3fde52dbae832bi,2026-02-06 06:00:00,0.0,23.4,71.0,0.0,6,5,0,0,0.0,0.0,0.0123579124999998,0.0150268819940475
a3c772d3fde52dbae832bi,2026-02-06 07:00:00,0.0,23.1,72.0,0.0,7,5,0,0,0.0,0.0,0.0123579124999998,0.0150268819940475
a3c772d3fde52dbae832bi,2026-02-06 08:00:00,0.0,24.5,67.0,0.0,8,5,0,0,0.0,0.0,0.0123579124999998,0.0150268819940475
a3c772d3fde52dbae832bi,2026-02-06 09:00:00,0.0,26.0,60.0,0.0,9,5,0,0,0.0,0.0,0.0123579124999998,0.0150268819940475
a3c772d3fde52dbae832bi,2026-02-06 10:00:00,0.0,28.4,50.0,0.0,10,5,0,0,0.0,0.0,0.0123579124999998,0.0150268819940475
a3c772d3fde52dbae832bi,2026-02-06 11:00:00,0.0,30.0,45.0,0.0,11,5,0,0,0.0,0.0,0.0123579124999998,0.0150268819940475
a3c772d3fde52dbae832bi,2026-02-06 12:00:00,0.0048217583333331,30.9,44.0,0.0,12,5,0,0,0.003615425,0.0082864833333331,0.0124081763888887,0.0150062586309522
a3c772d3fde52dbae832bi,2026-02-06 13:00:00,0.0221267666666666,31.1,44.0,0.0,13,5,0,0,0.0166838333333328,0.038026633333333,0.0126349652777776,0.0149116165674602
a3c772d3fde52dbae832bi,2026-02-06 14:00:00,0.0225107833333331,30.3,46.0,0.0,14,5,0,0,0.0168787499999996,0.0386864749999996,0.0128696333333332,0.0148153326884919
a3c772d3fde52dbae832bi,2026-02-06 15:00:00,0.026190758333333,30.5,47.0,0.0,15,5,0,0,0.0196381249999996,0.0450108333333333,0.0131426597222221,0.0147033084325395
a3c772d3fde52dbae832bi,2026-02-06 16:00:00,0.0912149833333332,29.5,51.0,0.0,16,5,0,0,0.0461655666666665,0.1039332666666663,0.0150197187499999,0.0146276043650792
a3c772d3fde52dbae832bi,2026-02-06 17:00:00,0.0964316083333331,28.0,55.0,0.1,17,5,0,0,0.048221958333333,0.1084897499999996,0.0170284541666665,0.0145558297123015
a3c772d3fde52dbae832bi,2026-02-06 18:00:00,0.0967450249999998,27.0,58.0,0.2,18,5,0,0,0.0483787083333328,0.1088423749999995,0.019043717361111,0.0144838216765872
a3c772d3fde52dbae832bi,2026-02-06 19:00:00,0.096909808333333,26.4,62.0,0.1,19,5,0,0,0.0484610583333331,0.1090278166666665,0.0210624152777777,0.014411690674603
a3c772d3fde52dbae832bi,2026-02-06 20:00:00,0.0970805583333332,26.4,67.0,0.0,20,5,0,0,0.0485464749999998,0.1092198583333329,0.0230846687499999,0.0143394329365078
a3c772d3fde52dbae832bi,2026-02-06 21:00:00,0.0,26.6,67.0,0.0,21,5,0,0,0.0,0.0,0.0230846687499999,0.0143394329365078
a3c772d3fde52dbae832bi,2026-02-06 22:00:00,0.0,26.5,67.0,0.0,22,5,0,0,0.0,0.0,0.0230846687499999,0.0143394329365078
a3c772d3fde52dbae832bi,2026-02-06 23:00:00,0.0,26.2,69.0,0.0,23,5,0,0,0.0,0.0,0.0230846687499999,0.0143394329365078
a3c772d3fde52dbae832bi,2026-02-07 00:00:00,0.0,25.9,72.0,0.0,0,6,1,0,0.0,0.0,0.0230846687499999,0.0143394329365078
a3c772d3fde52dbae832bi,2026-02-07 01:00:00,0.0,25.7,72.0,0.0,1,6,1,0,0.0,0.0,0.0230846687499999,0.0143394329365078
a3c772d3fde52dbae832bi,2026-02-07 02:00:00,0.0,25.7,70.0,0.0,2,6,1,0,0.0,0.0,0.0230846687499999,0.0143394329365078
a3c772d3fde52dbae832bi,2026-02-07 03:00:00,0.0,25.4,72.0,0.0,3,6,1,0,0.0,0.0,0.0230846687499999,0.0143394329365078
a3c772d3fde52dbae832bi,2026-02-07 04:00:00,0.0,24.5,80.0,1.0,4,6,1,0,0.0,0.0,0.0230846687499999,0.0143394329365078
a3c772d3fde52dbae832bi,2026-02-07 05:00:00,0.0,24.5,79.0,0.0,5,6,1,0,0.0,0.0,0.0230846687499999,0.0143394329365078
a3c772d3fde52dbae832bi,2026-02-07 06:00:00,0.0,24.6,78.0,0.0,6,6,1,0,0.0,0.0,0.0230846687499999,0.0143394329365078
a3c772d3fde52dbae832bi,2026-02-07 07:00:00,0.0,24.9,77.0,0.0,7,6,1,0,0.0,0.0,0.0230846687499999,0.0143394329365078
a3c772d3fde52dbae832bi,2026-02-07 08:00:00,0.0,25.2,78.0,0.0,8,6,1,0,0.0,0.0,0.0230846687499999,0.0143394329365078
a3c772d3fde52dbae832bi,2026-02-07 09:00:00,0.0,26.3,74.0,0.0,9,6,1,0,0.0,0.0,0.0230846687499999,0.0143394329365078
a3c772d3fde52dbae832bi,2026-02-07 10:00:00,0.0,27.8,69.0,0.0,10,6,1,0,0.0,0.0,0.0230846687499999,0.0143394329365078
a3c772d3fde52dbae832bi,2026-02-07 11:00:00,0.0,27.1,74.0,1.7,11,6,1,0,0.0,0.0,0.0230846687499999,0.0143394329365078
a3c772d3fde52dbae832bi,2026-02-07 12:00:00,0.0096422333333331,27.5,72.0,0.1,12,6,1,0,0.0048217583333331,0.010847925,0.0232855218749999,0.0143322562003967
a3c772d3fde52dbae832bi,2026-02-07 13:00:00,0.0442479166666666,27.4,71.0,0.1,13,6,1,0,0.0221267666666666,0.0497808,0.0242072364583332,0.0142993223710316
a3c772d3fde52dbae832bi,2026-02-07 14:00:00,0.04501575,28.9,64.0,1.6,14,6,1,0,0.0225107833333331,0.0506446749999999,0.0251449434027777,0.0142658168650792
a3c772d3fde52dbae832bi,2026-02-07 15:00:00,0.0523748,28.0,66.0,0.0,15,6,1,0,0.026190758333333,0.0589239666666663,0.0262359451388888,0.0142268337301586
a3c772d3fde52dbae832bi,2026-02-07 16:00:00,0.0489294583333331,27.5,70.0,0.0,16,6,1,0,0.0912149833333332,0.0578227749999996,0.0244740482638888,0.0141738973214284
a3c772d3fde52dbae832bi,2026-02-07 17:00:00,0.048221958333333,27.1,74.0,0.0,17,6,1,0,0.0964316083333331,0.0572584083333333,0.0224653128472221,0.0141201089285713
a3c772d3fde52dbae832bi,2026-02-07 18:00:00,0.0483787083333328,26.6,78.0,0.0,18,6,1,0,0.0967450249999998,0.0574445249999999,0.0204500496527777,0.0140661457341268
a3c772d3fde52dbae832bi,2026-02-07 19:00:00,0.0484610583333331,26.2,79.0,0.0,19,6,1,0,0.096909808333333,0.0575423416666663,0.018431351736111,0.0140120904761903
a3c772d3fde52dbae832bi,2026-02-07 20:00:00,0.0485464749999998,26.0,82.0,1.5,20,6,1,0,0.0970805583333332,0.0576437249999996,0.0164090982638888,0.0139579401785713
a3c772d3fde52dbae832bi,2026-02-07 21:00:00,0.0,26.1,82.0,0.0,21,6,1,0,0.0,0.0,0.0164090982638888,0.0139579401785713
a3c772d3fde52dbae832bi,2026-02-07 22:00:00,0.0,25.9,85.0,0.0,22,6,1,0,0.0,0.0,0.0164090982638888,0.0139579401785713
a3c772d3fde52dbae832bi,2026-02-07 23:00:00,0.0,25.6,88.0,0.0,23,6,1,0,0.0,0.0,0.0164090982638888,0.0139579401785713
a3c772d3fde52dbae832bi,2026-02-08 00:00:00,0.0,25.4,89.0,0.0,0,7,1,0,0.0,0.0,0.0164090982638888,0.0139579401785713
a3c772d3fde52dbae832bi,2026-02-08 01:00:00,0.0,25.5,86.0,0.0,1,7,1,0,0.0,0.0,0.0164090982638888,0.0139579401785713
a3c772d3fde52dbae832bi,2026-02-08 02:00:00,0.0,25.5,86.0,0.0,2,7,1,0,0.0,0.0,0.0164090982638888,0.0139579401785713
a3c772d3fde52dbae832bi,2026-02-08 03:00:00,0.0,25.5,86.0,0.0,3,7,1,0,0.0,0.0,0.0164090982638888,0.0139579401785713
a3c772d3fde52dbae832bi,2026-02-08 04:00:00,0.0,25.3,85.0,0.2,4,7,1,0,0.0,0.0,0.0164090982638888,0.0139579401785713
a3c772d3fde52dbae832bi,2026-02-08 05:00:00,0.0,25.2,85.0,0.0,5,7,1,0,0.0,0.0,0.0164090982638888,0.0139579401785713
a3c772d3fde52dbae832bi,2026-02-08 06:00:00,0.0,25.4,78.0,0.0,6,7,1,0,0.0,0.0,0.0164090982638888,0.0139579401785713
a3c772d3fde52dbae832bi,2026-02-08 07:00:00,0.0,25.5,74.0,0.0,7,7,1,0,0.0,0.0,0.0164090982638888,0.0139579401785713
a3c772d3fde52dbae832bi,2026-02-08 08:00:00,0.0,24.9,84.0,0.0,8,7,1,0,0.0,0.0,0.0164090982638888,0.0139579401785713
a3c772d3fde52dbae832bi,2026-02-08 09:00:00,0.0,25.1,81.0,0.2,9,7,1,0,0.0,0.0,0.0164090982638888,0.0139579401785713
a3c772d3fde52dbae832bi,2026-02-08 10:00:00,0.0,25.4,81.0,0.3,10,7,1,0,0.0,0.0,0.0164090982638888,0.0139579401785713
a3c772d3fde52dbae832bi,2026-02-08 11:00:00,0.0,26.0,76.0,0.4,11,7,1,0,0.0,0.0,0.0164090982638888,0.0139579401785713
a3c772d3fde52dbae832bi,2026-02-08 12:00:00,0.0048217583333331,26.5,72.0,0.4,12,7,1,0,0.0096422333333331,0.0057253166666663,0.0162082451388888,0.0139525618551586
a3c772d3fde52dbae832bi,2026-02-08 13:00:00,0.0221267666666666,26.6,71.0,2.0,13,7,1,0,0.0442479166666666,0.0262732249999996,0.0152865305555554,0.0139278805555554
a3c772d3fde52dbae832bi,2026-02-08 14:00:00,0.0225107833333331,27.2,68.0,0.2,14,7,1,0,0.04501575,0.0267290749999996,0.014348823611111,0.0139027716765872
a3c772d3fde52dbae832bi,2026-02-08 15:00:00,0.026190758333333,27.0,69.0,0.1,15,7,1,0,0.0523748,0.0310986833333333,0.0132578218749999,0.0138735578373015
a3c772d3fde52dbae832bi,2026-02-08 16:00:00,0.0425460333333333,27.1,66.0,0.0,16,7,1,0,0.0489294583333331,0.0429625083333331,0.0129918458333332,0.0138710788194443
a3c772d3fde52dbae832bi,2026-02-08 17:00:00,0.0437010249999994,26.7,69.0,0.0,17,7,1,0,0.048221958333333,0.0437032333333329,0.012803473611111,0.013871065674603
a3c772d3fde52dbae832bi,2026-02-08 18:00:00,0.0438430083333331,25.9,75.0,0.0,18,7,1,0,0.0483787083333328,0.0438452999999996,0.012614486111111,0.01387105203373
a3c772d3fde52dbae832bi,2026-02-08 19:00:00,0.043917708333333,25.4,80.0,0.0,19,7,1,0,0.0484610583333331,0.0439200083333333,0.012425179861111,0.0138710383432538
a3c772d3fde52dbae832bi,2026-02-08 20:00:00,0.0439950583333333,25.0,75.0,0.0,20,7,1,0,0.0485464749999998,0.0439973583333331,0.0122355374999999,0.0138710246527776
a3c772d3fde52dbae832bi,2026-02-08 21:00:00,0.0,24.8,77.0,0.0,21,7,1,0,0.0,0.0,0.0122355374999999,0.0138710246527776
a3c772d3fde52dbae832bi,2026-02-08 22:00:00,0.0,24.6,80.0,0.0,22,7,1,0,0.0,0.0,0.0122355374999999,0.0138710246527776
a3c772d3fde52dbae832bi,2026-02-08 23:00:00,0.0,24.5,81.0,0.0,23,7,1,0,0.0,0.0,0.0122355374999999,0.0138710246527776
a3c772d3fde52dbae832bi,2026-02-09 00:00:00,0.0,24.1,80.0,0.0,0,1,0,0,0.0,0.0,0.0122355374999999,0.0138710246527776
a3c772d3fde52dbae832bi,2026-02-09 01:00:00,0.0,23.9,80.0,0.0,1,1,0,0,0.0,0.0,0.0122355374999999,0.0138710246527776
a3c772d3fde52dbae832bi,2026-02-09 02:00:00,0.0,23.5,82.0,0.0,2,1,0,0,0.0,0.0,0.0122355374999999,0.0138710246527776
a3c772d3fde52dbae832bi,2026-02-09 03:00:00,0.0,23.5,81.0,0.0,3,1,0,0,0.0,0.0,0.0122355374999999,0.0138710246527776
a3c772d3fde52dbae832bi,2026-02-09 04:00:00,0.0,23.1,81.0,0.0,4,1,0,0,0.0,0.0,0.0122355374999999,0.0138710246527776
a3c772d3fde52dbae832bi,2026-02-09 05:00:00,0.0,23.1,81.0,0.0,5,1,0,0,0.0,0.0,0.0122355374999999,0.0138710246527776
a3c772d3fde52dbae832bi,2026-02-09 06:00:00,0.0,23.0,83.0,0.0,6,1,0,0,0.0,0.0,0.0122355374999999,0.0138710246527776
a3c772d3fde52dbae832bi,2026-02-09 07:00:00,0.0,23.1,82.0,0.0,7,1,0,0,0.0,0.0,0.0122355374999999,0.0138710246527776
a3c772d3fde52dbae832bi,2026-02-09 08:00:00,0.0,24.4,72.0,0.0,8,1,0,0,0.0,0.0,0.0122355374999999,0.0138710246527776
a3c772d3fde52dbae832bi,2026-02-09 09:00:00,0.0,24.9,68.0,0.0,9,1,0,0,0.0,0.0,0.0122355374999999,0.0138710246527776
a3c772d3fde52dbae832bi,2026-02-09 10:00:00,0.0,25.2,66.0,0.0,10,1,0,0,0.0,0.0,0.0122355374999999,0.0138710246527776
a3c772d3fde52dbae832bi,2026-02-09 11:00:00,0.0,26.2,62.0,0.0,11,1,0,0,0.0,0.0,0.0122355374999999,0.0138710246527776
a3c772d3fde52dbae832bi,2026-02-09 12:00:00,0.0043696583333331,26.7,60.0,0.0,12,1,0,0,0.0048217583333331,0.0043699333333331,0.0122166999999999,0.0138710230158729
a3c772d3fde52dbae832bi,2026-02-09 13:00:00,0.0200523166666665,27.0,59.0,0.0,13,1,0,0,0.0221267666666666,0.0200533499999998,0.0121302645833332,0.0138710168650792
a3c772d3fde52dbae832bi,2026-02-09 14:00:00,0.0204002916666663,27.2,57.0,0.0,14,1,0,0,0.0225107833333331,0.0204013916666666,0.0120423274305554,0.0138710103174602
a3c772d3fde52dbae832bi,2026-02-09 15:00:00,0.0237353083333333,26.6,60.0,0.0,15,1,0,0,0.026190758333333,0.0237365,0.0119400170138888,0.0138710032242062
a3c772d3fde52dbae832bi,2026-02-09 16:00:00,0.047893175,26.4,61.0,0.0,16,1,0,0,0.0425460333333333,0.043721525,0.0121628145833332,0.0138958344742062
a3c772d3fde52dbae832bi,2026-02-09 17:00:00,0.0497189916666663,25.7,64.0,0.0,17,1,0,0,0.0437010249999994,0.0451990666666663,0.0124135631944443,0.0139227387896824
a3c772d3fde52dbae832bi,2026-02-09 18:00:00,0.0498805833333333,24.9,71.0,0.0,18,1,0,0,0.0438430083333331,0.0453459749999995,0.0126651288194443,0.0139497305059522
a3c772d3fde52dbae832bi,2026-02-09 19:00:00,0.0499655666666662,24.5,75.0,0.0,19,1,0,0,0.043917708333333,0.0454232249999996,0.0129171229166666,0.0139767682539681
a3c772d3fde52dbae832bi,2026-02-09 20:00:00,0.0500535583333333,24.4,77.0,0.0,20,1,0,0,0.0439950583333333,0.0455032333333332,0.0131695604166666,0.0140038535218253
a3c772d3fde52dbae832bi,2026-02-09 21:00:00,0.0,24.0,78.0,0.0,21,1,0,0,0.0,0.0,0.0131695604166666,0.0140038535218253
a3c772d3fde52dbae832bi,2026-02-09 22:00:00,0.0,23.6,79.0,0.0,22,1,0,0,0.0,0.0,0.0131695604166666,0.0140038535218253
a3c772d3fde52dbae832bi,2026-02-09 23:00:00,0.0,23.5,79.0,0.0,23,1,0,0,0.0,0.0,0.0131695604166666,0.0140038535218253
a3c772d3fde52dbae832bi,2026-02-10 00:00:00,0.0,23.3,81.0,0.0,0,2,0,0,0.0,0.0,0.0131695604166666,0.0140038535218253
a3c772d3fde52dbae832bi,2026-02-10 01:00:00,0.0,23.1,83.0,0.0,1,2,0,0,0.0,0.0,0.0131695604166666,0.0140038535218253
a3c772d3fde52dbae832bi,2026-02-10 02:00:00,0.0,22.8,89.0,0.0,2,2,0,0,0.0,0.0,0.0131695604166666,0.0140038535218253
a3c772d3fde52dbae832bi,2026-02-10 03:00:00,0.0,22.9,86.0,0.0,3,2,0,0,0.0,0.0,0.0131695604166666,0.0140038535218253
a3c772d3fde52dbae832bi,2026-02-10 04:00:00,0.0,22.6,87.0,0.0,4,2,0,0,0.0,0.0,0.0131695604166666,0.0140038535218253
a3c772d3fde52dbae832bi,2026-02-10 05:00:00,0.0,22.5,88.0,0.0,5,2,0,0,0.0,0.0,0.0131695604166666,0.0140038535218253
a3c772d3fde52dbae832bi,2026-02-10 06:00:00,0.0,22.4,88.0,0.0,6,2,0,0,0.0,0.0,0.0131695604166666,0.0140038535218253
a3c772d3fde52dbae832bi,2026-02-10 07:00:00,0.0,22.5,88.0,0.0,7,2,0,0,0.0,0.0,0.0131695604166666,0.0140038535218253
a3c772d3fde52dbae832bi,2026-02-10 08:00:00,0.0,23.9,80.0,0.0,8,2,0,0,0.0,0.0,0.0131695604166666,0.0140038535218253
a3c772d3fde52dbae832bi,2026-02-10 09:00:00,0.0,24.8,76.0,0.0,9,2,0,0,0.0,0.0,0.0131695604166666,0.0140038535218253
a3c772d3fde52dbae832bi,2026-02-10 10:00:00,0.0,26.5,66.0,0.0,10,2,0,0,0.0,0.0,0.0131695604166666,0.0140038535218253
a3c772d3fde52dbae832bi,2026-02-10 11:00:00,0.0,28.0,59.0,0.0,11,2,0,0,0.0,0.0,0.0131695604166666,0.0140038535218253
a3c772d3fde52dbae832bi,2026-02-10 12:00:00,0.00497145,29.5,53.0,0.0,12,2,0,0,0.0043696583333331,0.0045194416666663,0.0131946350694443,0.0140065440476189
a3c772d3fde52dbae832bi,2026-02-10 13:00:00,0.0228136666666663,30.2,50.0,0.0,13,2,0,0,0.0200523166666665,0.0207396833333333,0.0133096913194443,0.0140188891865078
a3c772d3fde52dbae832bi,2026-02-10 14:00:00,0.0232096249999996,29.6,53.0,0.0,14,2,0,0,0.0204002916666663,0.0210996333333331,0.0134267468749999,0.0140314486607141
a3c772d3fde52dbae832bi,2026-02-10 15:00:00,0.0270038749999996,29.5,53.0,0.0,15,2,0,0,0.0237353083333333,0.0245489249999998,0.0135629371527776,0.0140460614583332
a3c772d3fde52dbae832bi,2026-02-10 16:00:00,0.0495633833333333,28.8,55.0,0.0,16,2,0,0,0.047893175,0.0368425166666666,0.0136325291666665,0.0141217809027776
a3c772d3fde52dbae832bi,2026-02-10 17:00:00,0.0512296333333331,28.0,58.0,0.0,17,2,0,0,0.0497189916666663,0.0376716583333331,0.0136954725694443,0.0142024831349205
a3c772d3fde52dbae832bi,2026-02-10 18:00:00,0.0513961499999998,26.5,64.0,0.0,18,2,0,0,0.0498805833333333,0.0377941249999998,0.0137586211805554,0.0142834475694443
a3c772d3fde52dbae832bi,2026-02-10 19:00:00,0.051483683333333,25.5,71.0,0.0,19,2,0,0,0.0499655666666662,0.037858458333333,0.0138218760416665,0.0143645500992062
a3c772d3fde52dbae832bi,2026-02-10 20:00:00,0.0515743333333333,25.3,73.0,0.0,20,2,0,0,0.0500535583333333,0.0379251583333333,0.0138852416666665,0.0144457951884919
a3c772d3fde52dbae832bi,2026-02-10 21:00:00,0.0,25.1,74.0,0.0,21,2,0,0,0.0,0.0,0.0138852416666665,0.0144457951884919
a3c772d3fde52dbae832bi,2026-02-10 22:00:00,0.0,25.1,74.0,0.0,22,2,0,0,0.0,0.0,0.0138852416666665,0.0144457951884919
a3c772d3fde52dbae832bi,2026-02-10 23:00:00,0.0,24.8,78.0,0.0,23,2,0,0,0.0,0.0,0.0138852416666665,0.0144457951884919
a3c772d3fde52dbae832bi,2026-02-11 00:00:00,0.0,24.4,81.0,0.0,0,3,0,0,0.0,0.0,0.0138852416666665,0.0144457951884919
a3c772d3fde52dbae832bi,2026-02-11 01:00:00,0.0,24.1,83.0,0.0,1,3,0,0,0.0,0.0,0.0138852416666665,0.0144457951884919
a3c772d3fde52dbae832bi,2026-02-11 02:00:00,0.0,24.0,87.0,0.0,2,3,0,0,0.0,0.0,0.0138852416666665,0.0144457951884919
a3c772d3fde52dbae832bi,2026-02-11 03:00:00,0.0,24.1,81.0,0.0,3,3,0,0,0.0,0.0,0.0138852416666665,0.0144457951884919
a3c772d3fde52dbae832bi,2026-02-11 04:00:00,0.0,23.9,78.0,0.0,4,3,0,0,0.0,0.0,0.0138852416666665,0.0144457951884919
a3c772d3fde52dbae832bi,2026-02-11 05:00:00,0.0,23.6,79.0,0.0,5,3,0,0,0.0,0.0,0.0138852416666665,0.0144457951884919
a3c772d3fde52dbae832bi,2026-02-11 06:00:00,0.0,23.2,81.0,0.0,6,3,0,0,0.0,0.0,0.0138852416666665,0.0144457951884919
a3c772d3fde52dbae832bi,2026-02-11 07:00:00,0.0,23.3,82.0,0.0,7,3,0,0,0.0,0.0,0.0138852416666665,0.0144457951884919
a3c772d3fde52dbae832bi,2026-02-11 08:00:00,0.0,25.0,74.0,0.0,8,3,0,0,0.0,0.0,0.0138852416666665,0.0144457951884919
a3c772d3fde52dbae832bi,2026-02-11 09:00:00,0.0,26.5,68.0,0.0,9,3,0,0,0.0,0.0,0.0138852416666665,0.0144457951884919
a3c772d3fde52dbae832bi,2026-02-11 10:00:00,0.0,27.4,64.0,0.0,10,3,0,0,0.0,0.0,0.0138852416666665,0.0144457951884919
a3c772d3fde52dbae832bi,2026-02-11 11:00:00,0.0,29.0,59.0,0.0,11,3,0,0,0.0,0.0,0.0138852416666665,0.0144457951884919
a3c772d3fde52dbae832bi,2026-02-11 12:00:00,0.005122425,29.1,60.0,0.0,12,3,0,0,0.00497145,0.0037667666666663,0.0138915322916665,0.0144538645833332
a3c772d3fde52dbae832bi,2026-02-11 13:00:00,0.023506825,30.0,55.0,0.1,13,3,0,0,0.0228136666666663,0.0174029999999995,0.0139204138888888,0.0144901968749999
a3c772d3fde52dbae832bi,2026-02-11 14:00:00,0.0239148,27.0,74.0,0.0,14,3,0,0,0.0232096249999996,0.017585725,0.0139497961805555,0.0145278699404761
a3c772d3fde52dbae832bi,2026-02-11 15:00:00,0.0278243,28.6,67.0,0.0,15,3,0,0,0.0270038749999996,0.0204606249999999,0.0139839805555555,0.0145717013392856
a3c772d3fde52dbae832bi,2026-02-11 16:00:00,0.0900595128789997,29.0,63.0,0.1,16,3,0,0,0.0495633833333333,0.0350996166666663,0.0156713192866249,0.0148988435786447
a3c772d3fde52dbae832bi,2026-02-11 17:00:00,0.0950438041742358,28.8,65.0,0.0,17,3,0,0,0.0512296333333331,0.0361573083333328,0.0174969097383292,0.0152493584348406
a3c772d3fde52dbae832bi,2026-02-11 18:00:00,0.0953252926639858,28.0,70.0,0.0,18,3,0,0,0.0513961499999998,0.0362748583333331,0.0193272906826619,0.0156008491153802
a3c772d3fde52dbae832bi,2026-02-11 19:00:00,0.0954959222168053,27.5,73.0,0.0,19,3,0,0,0.051483683333333,0.0363366416666666,0.0211611339694733,0.0159529876900834
a3c772d3fde52dbae832bi,2026-02-11 20:00:00,0.0956756046788886,27.1,73.0,0.0,20,3,0,0,0.0515743333333333,0.0364005916666663,0.0229986869422048,0.0163058151484895
a3c772d3fde52dbae832bi,2026-02-11 21:00:00,0.0,26.8,74.0,0.0,21,3,0,0,0.0,0.0,0.0229986869422048,0.0163058151484895
a3c772d3fde52dbae832bi,2026-02-11 22:00:00,0.0,26.5,75.0,0.0,22,3,0,0,0.0,0.0,0.0229986869422048,0.0163058151484895
a3c772d3fde52dbae832bi,2026-02-11 23:00:00,0.0,26.2,75.0,0.0,23,3,0,0,0.0,0.0,0.0229986869422048,0.0163058151484895
a3c772d3fde52dbae832bi,2026-02-12 00:00:00,0.0,25.7,77.0,0.0,0,4,0,0,0.0,0.0,0.0229986869422048,0.0163058151484895
a3c772d3fde52dbae832bi,2026-02-12 01:00:00,0.0,25.5,79.0,0.1,1,4,0,0,0.0,0.0,0.0229986869422048,0.0163058151484895
a3c772d3fde52dbae832bi,2026-02-12 02:00:00,0.0,25.9,73.0,0.0,2,4,0,0,0.0,0.0,0.0229986869422048,0.0163058151484895
a3c772d3fde52dbae832bi,2026-02-12 03:00:00,0.0,25.8,73.0,0.0,3,4,0,0,0.0,0.0,0.0229986869422048,0.0163058151484895
a3c772d3fde52dbae832bi,2026-02-12 04:00:00,0.0,25.5,74.0,0.0,4,4,0,0,0.0,0.0,0.0229986869422048,0.0163058151484895
a3c772d3fde52dbae832bi,2026-02-12 05:00:00,0.0,25.2,74.0,0.0,5,4,0,0,0.0,0.0,0.0229986869422048,0.0163058151484895
a3c772d3fde52dbae832bi,2026-02-12 06:00:00,0.0,25.0,77.0,0.0,6,4,0,0,0.0,0.0,0.0229986869422048,0.0163058151484895
a3c772d3fde52dbae832bi,2026-02-12 07:00:00,0.0,25.0,78.0,0.0,7,4,0,0,0.0,0.0,0.0229986869422048,0.0163058151484895
a3c772d3fde52dbae832bi,2026-02-12 08:00:00,0.0,25.3,80.0,0.0,8,4,0,0,0.0,0.0,0.0229986869422048,0.0163058151484895
a3c772d3fde52dbae832bi,2026-02-12 09:00:00,0.0,26.1,75.0,0.0,9,4,0,0,0.0,0.0,0.0229986869422048,0.0163058151484895
a3c772d3fde52dbae832bi,2026-02-12 10:00:00,0.0,27.0,70.0,0.0,10,4,0,0,0.0,0.0,0.0229986869422048,0.0163058151484895
a3c772d3fde52dbae832bi,2026-02-12 11:00:00,0.0,28.0,64.0,0.0,11,4,0,0,0.0,0.0,0.0229986869422048,0.0163058151484895
a3c772d3fde52dbae832bi,2026-02-12 12:00:00,0.0095019046237914,29.5,56.0,0.0,12,4,0,0,0.005122425,0.003615425,0.0231811652598627,0.0163408537176787
a3c772d3fde52dbae832bi,2026-02-12 13:00:00,0.0435984582092219,30.4,52.0,0.5,13,4,0,0,0.023506825,0.0166838333333328,0.0240183166435803,0.0165010598181304
a3c772d3fde52dbae832bi,2026-02-12 14:00:00,0.0443653462813191,30.5,51.0,0.5,14,4,0,0,0.0239148,0.0168787499999996,0.0248704227386353,0.0166646705102811
a3c772d3fde52dbae832bi,2026-02-12 15:00:00,0.0516069842098191,30.9,50.0,0.3,15,4,0,0,0.0278243,0.0196381249999996,0.0258613679140444,0.016854961338911
a3c772d3fde52dbae832bi,2026-02-12 16:00:00,0.0423754344343054,30.6,50.0,0.0,16,4,0,0,0.0900595128789997,0.0461655666666665,0.0238745313121821,0.0168324010280041
a3c772d3fde52dbae832bi,2026-02-12 17:00:00,0.0411983315138887,29.4,55.0,0.0,17,4,0,0,0.0950438041742358,0.048221958333333,0.0216309699513343,0.0167905937255074
a3c772d3fde52dbae832bi,2026-02-12 18:00:00,0.041314045557611,28.0,59.0,0.0,18,4,0,0,0.0953252926639858,0.0483787083333328,0.0193805013219021,0.0167485421613662
a3c772d3fde52dbae832bi,2026-02-12 19:00:00,0.0413936533613609,27.0,63.0,0.0,19,4,0,0,0.0954959222168053,0.0484610583333331,0.0171262401195919,0.0167064742746283
a3c772d3fde52dbae832bi,2026-02-12 20:00:00,0.0414699939036803,26.5,64.0,0.0,20,4,0,0,0.0956756046788886,0.0485464749999998,0.0148676730039582,0.0166643523633406
a3c772d3fde52dbae832bi,2026-02-12 21:00:00,0.0,26.5,63.0,0.0,21,4,0,0,0.0,0.0,0.0148676730039582,0.0166643523633406
a3c772d3fde52dbae832bi,2026-02-12 22:00:00,0.0,26.4,65.0,0.0,22,4,0,0,0.0,0.0,0.0148676730039582,0.0166643523633406
a3c772d3fde52dbae832bi,2026-02-12 23:00:00,0.0,26.1,67.0,0.0,23,4,0,0,0.0,0.0,0.0148676730039582,0.0166643523633406
a3c772d3fde52dbae832bi,2026-02-13 00:00:00,0.0,25.8,70.0,0.0,0,5,0,0,0.0,0.0,0.0148676730039582,0.0166643523633406
a3c772d3fde52dbae832bi,2026-02-13 01:00:00,0.0,25.5,74.0,0.0,1,5,0,0,0.0,0.0,0.0148676730039582,0.0166643523633406
a3c772d3fde52dbae832bi,2026-02-13 02:00:00,0.0,25.3,75.0,0.0,2,5,0,0,0.0,0.0,0.0148676730039582,0.0166643523633406
a3c772d3fde52dbae832bi,2026-02-13 03:00:00,0.0,25.1,75.0,0.0,3,5,0,0,0.0,0.0,0.0148676730039582,0.0166643523633406
a3c772d3fde52dbae832bi,2026-02-13 04:00:00,0.0,25.0,76.0,0.0,4,5,0,0,0.0,0.0,0.0148676730039582,0.0166643523633406
a3c772d3fde52dbae832bi,2026-02-13 05:00:00,0.0,24.8,77.0,0.0,5,5,0,0,0.0,0.0,0.0148676730039582,0.0166643523633406
a3c772d3fde52dbae832bi,2026-02-13 06:00:00,0.0,24.5,78.0,0.0,6,5,0,0,0.0,0.0,0.0148676730039582,0.0166643523633406
a3c772d3fde52dbae832bi,2026-02-13 07:00:00,0.0,24.5,77.0,0.0,7,5,0,0,0.0,0.0,0.0148676730039582,0.0166643523633406
a3c772d3fde52dbae832bi,2026-02-13 08:00:00,0.0,26.3,66.0,0.0,8,5,0,0,0.0,0.0,0.0148676730039582,0.0166643523633406
a3c772d3fde52dbae832bi,2026-02-13 09:00:00,0.0,27.4,61.0,0.0,9,5,0,0,0.0,0.0,0.0148676730039582,0.0166643523633406
a3c772d3fde52dbae832bi,2026-02-13 10:00:00,0.0,29.1,55.0,0.0,10,5,0,0,0.0,0.0,0.0148676730039582,0.0166643523633406
a3c772d3fde52dbae832bi,2026-02-13 11:00:00,0.0,31.0,48.0,0.0,11,5,0,0,0.0,0.0,0.0148676730039582,0.0166643523633406
a3c772d3fde52dbae832bi,2026-02-13 12:00:00,0.0041175412935137,31.9,47.0,0.0,12,5,0,0,0.0095019046237914,0.0048217583333331,0.0146433245318633,0.0166601605952465
a3c772d3fde52dbae832bi,2026-02-13 13:00:00,0.0189024123120969,32.2,47.0,0.0,13,5,0,0,0.0435984582092219,0.0221267666666666,0.0136143226194831,0.0166409680098026
a3c772d3fde52dbae832bi,2026-02-13 14:00:00,0.0192259019084444,31.6,46.0,0.0,14,5,0,0,0.0443653462813191,0.0225107833333331,0.0125668457706133,0.0166214151441783
a3c772d3fde52dbae832bi,2026-02-13 15:00:00,0.0223705927076109,31.7,45.0,0.0,15,5,0,0,0.0516069842098191,0.026190758333333,0.0113486627913546,0.0165986760630728
a3c772d3fde52dbae832bi,2026-02-13 16:00:00,0.0671723869153748,31.2,48.0,0.0,16,5,0,0,0.0423754344343054,0.0912149833333332,0.0123818691447325,0.0164555653701088
a3c772d3fde52dbae832bi,2026-02-13 17:00:00,0.0707391179678885,29.6,56.0,0.0,17,5,0,0,0.0411983315138887,0.0964316083333331,0.0136127352469825,0.0163026338798382
a3c772d3fde52dbae832bi,2026-02-13 18:00:00,0.0709799352927916,28.4,60.0,0.0,18,5,0,0,0.041314045557611,0.0967450249999998,0.0148488139859484,0.0161492702506287
a3c772d3fde52dbae832bi,2026-02-13 19:00:00,0.0710849359378609,27.6,64.0,0.0,19,5,0,0,0.0413936533613609,0.096909808333333,0.0160859507599692,0.0159955507720842
a3c772d3fde52dbae832bi,2026-02-13 20:00:00,0.0712123138296248,27.5,66.0,0.0,20,5,0,0,0.0414699939036803,0.0970805583333332,0.0173252140902169,0.0158415731262288
a3c772d3fde52dbae832bi,2026-02-13 21:00:00,0.0,27.2,69.0,0.0,21,5,0,0,0.0,0.0,0.0173252140902169,0.0158415731262288
a3c772d3fde52dbae832bi,2026-02-13 22:00:00,0.0,26.8,72.0,0.0,22,5,0,0,0.0,0.0,0.0173252140902169,0.0158415731262288
a3c772d3fde52dbae832bi,2026-02-13 23:00:00,0.0,26.4,73.0,0.0,23,5,0,0,0.0,0.0,0.0173252140902169,0.0158415731262288
a3c772d3fde52dbae832bi,2026-02-14 00:00:00,0.0,26.4,73.0,0.0,0,6,1,0,0.0,0.0,0.0173252140902169,0.0158415731262288
a3c772d3fde52dbae832bi,2026-02-14 01:00:00,0.0,26.0,76.0,0.2,1,6,1,0,0.0,0.0,0.0173252140902169,0.0158415731262288
a3c772d3fde52dbae832bi,2026-02-14 02:00:00,0.0,25.6,80.0,0.1,2,6,1,0,0.0,0.0,0.0173252140902169,0.0158415731262288
a3c772d3fde52dbae832bi,2026-02-14 03:00:00,0.0,25.6,80.0,0.2,3,6,1,0,0.0,0.0,0.0173252140902169,0.0158415731262288
a3c772d3fde52dbae832bi,2026-02-14 04:00:00,0.0,25.4,82.0,0.1,4,6,1,0,0.0,0.0,0.0173252140902169,0.0158415731262288
a3c772d3fde52dbae832bi,2026-02-14 05:00:00,0.0,25.2,83.0,0.1,5,6,1,0,0.0,0.0,0.0173252140902169,0.0158415731262288
a3c772d3fde52dbae832bi,2026-02-14 06:00:00,0.0,25.0,83.0,0.0,6,6,1,0,0.0,0.0,0.0173252140902169,0.0158415731262288
a3c772d3fde52dbae832bi,2026-02-14 07:00:00,0.0,25.1,81.0,0.0,7,6,1,0,0.0,0.0,0.0173252140902169,0.0158415731262288
a3c772d3fde52dbae832bi,2026-02-14 08:00:00,0.0,24.2,93.0,0.0,8,6,1,0,0.0,0.0,0.0173252140902169,0.0158415731262288
a3c772d3fde52dbae832bi,2026-02-14 09:00:00,0.0,24.7,93.0,0.4,9,6,1,0,0.0,0.0,0.0173252140902169,0.0158415731262288
a3c772d3fde52dbae832bi,2026-02-14 10:00:00,0.0,24.9,95.0,12.1,10,6,1,0,0.0,0.0,0.0173252140902169,0.0158415731262288
a3c772d3fde52dbae832bi,2026-02-14 11:00:00,0.0,24.9,95.0,4.0,11,6,1,0,0.0,0.0,0.0173252140902169,0.0158415731262288
a3c772d3fde52dbae832bi,2026-02-14 12:00:00,0.007073603929972,25.4,92.0,0.1,12,6,1,0,0.0041175412935137,0.0096422333333331,0.017448383366736,0.0158262836654945
a3c772d3fde52dbae832bi,2026-02-14 13:00:00,0.0324565990218192,28.0,77.0,0.4,13,6,1,0,0.0189024123120969,0.0442479166666666,0.0180131411463078,0.0157560972509418
a3c772d3fde52dbae832bi,2026-02-14 14:00:00,0.0330269442962081,28.9,71.0,0.3,14,6,1,0,0.0192259019084444,0.04501575,0.0185881845791312,0.0156847353122288
a3c772d3fde52dbae832bi,2026-02-14 15:00:00,0.0384160987251802,28.8,69.0,0.9,15,6,1,0,0.0223705927076109,0.0523748,0.0192567473298633,0.0156016478046406
a3c772d3fde52dbae832bi,2026-02-14 16:00:00,0.0672893289116664,28.5,74.0,0.1,16,6,1,0,0.0671723869153748,0.0489294583333331,0.0192616199130421,0.0157109327485592
a3c772d3fde52dbae832bi,2026-02-14 17:00:00,0.0693819306330831,26.7,79.0,0.2,17,6,1,0,0.0707391179678885,0.048221958333333,0.0192050704407585,0.0158368849646292
a3c772d3fde52dbae832bi,2026-02-14 18:00:00,0.0696081345191802,24.1,94.0,6.6,18,6,1,0,0.0709799352927916,0.0483787083333328,0.0191479120751914,0.0159632505966878
a3c772d3fde52dbae832bi,2026-02-14 19:00:00,0.0697411815680275,24.1,93.0,0.1,19,6,1,0,0.0710849359378609,0.0484610583333331,0.0190919223097817,0.0160899179968943
a3c772d3fde52dbae832bi,2026-02-14 20:00:00,0.0698566486771943,25.3,93.0,0.0,20,6,1,0,0.0712123138296248,0.0485464749999998,0.0190354362617637,0.0162167642687824
a3c772d3fde52dbae832bi,2026-02-14 21:00:00,0.0,25.6,91.0,0.4,21,6,1,0,0.0,0.0,0.0190354362617637,0.0162167642687824
a3c772d3fde52dbae832bi,2026-02-14 22:00:00,0.0,23.9,96.0,1.8,22,6,1,0,0.0,0.0,0.0190354362617637,0.0162167642687824
a3c772d3fde52dbae832bi,2026-02-14 23:00:00,0.0,23.7,94.0,1.1,23,6,1,0,0.0,0.0,0.0190354362617637,0.0162167642687824
a3c772d3fde52dbae832bi,2026-02-15 00:00:00,0.0,24.0,92.0,0.0,0,7,1,0,0.0,0.0,0.0190354362617637,0.0162167642687824
a3c772d3fde52dbae832bi,2026-02-15 01:00:00,0.0,23.8,92.0,0.0,1,7,1,0,0.0,0.0,0.0190354362617637,0.0162167642687824
a3c772d3fde52dbae832bi,2026-02-15 02:00:00,0.0,24.4,94.0,0.0,2,7,1,0,0.0,0.0,0.0190354362617637,0.0162167642687824
a3c772d3fde52dbae832bi,2026-02-15 03:00:00,0.0,24.2,94.0,0.0,3,7,1,0,0.0,0.0,0.0190354362617637,0.0162167642687824
a3c772d3fde52dbae832bi,2026-02-15 04:00:00,0.0,24.1,95.0,0.0,4,7,1,0,0.0,0.0,0.0190354362617637,0.0162167642687824
a3c772d3fde52dbae832bi,2026-02-15 05:00:00,0.0,24.0,95.0,0.0,5,7,1,0,0.0,0.0,0.0190354362617637,0.0162167642687824
a3c772d3fde52dbae832bi,2026-02-15 06:00:00,0.0,24.1,94.0,0.0,6,7,1,0,0.0,0.0,0.0190354362617637,0.0162167642687824
a3c772d3fde52dbae832bi,2026-02-15 07:00:00,0.0,24.2,94.0,0.0,7,7,1,0,0.0,0.0,0.0190354362617637,0.0162167642687824
a3c772d3fde52dbae832bi,2026-02-15 08:00:00,0.0,24.5,96.0,0.0,8,7,1,0,0.0,0.0,0.0190354362617637,0.0162167642687824
a3c772d3fde52dbae832bi,2026-02-15 09:00:00,0.0,25.5,91.0,0.0,9,7,1,0,0.0,0.0,0.0190354362617637,0.0162167642687824
a3c772d3fde52dbae832bi,2026-02-15 10:00:00,0.0,26.7,86.0,0.0,10,7,1,0,0.0,0.0,0.0190354362617637,0.0162167642687824
a3c772d3fde52dbae832bi,2026-02-15 11:00:00,0.0,28.1,80.0,0.0,11,7,1,0,0.0,0.0,0.0190354362617637,0.0162167642687824
a3c772d3fde52dbae832bi,2026-02-15 12:00:00,0.0069386351588331,29.4,75.0,0.0,12,7,1,0,0.007073603929972,0.0048217583333331,0.0190298125629663,0.016229364726077
a3c772d3fde52dbae832bi,2026-02-15 13:00:00,0.0318380885478053,30.1,67.0,0.0,13,7,1,0,0.0324565990218192,0.0221267666666666,0.0190040412932157,0.0162871702134647
a3c772d3fde52dbae832bi,2026-02-15 14:00:00,0.0323888216104165,29.0,75.0,0.0,14,7,1,0,0.0330269442962081,0.0225107833333331,0.0189774528479744,0.0163459680603521
a3c772d3fde52dbae832bi,2026-02-15 15:00:00,0.0376898969928332,28.8,77.0,0.0,15,7,1,0,0.0384160987251802,0.026190758333333,0.0189471944424599,0.0164144153142777
a3c772d3fde52dbae832bi,2026-02-15 16:00:00,0.0295968410741387,28.6,79.0,0.1,16,7,1,0,0.0672893289116664,0.0425460333333333,0.0173766741158963,0.0163373367889254
a3c772d3fde52dbae832bi,2026-02-15 17:00:00,0.0286243699748052,28.8,76.0,0.0,17,7,1,0,0.0693819306330831,0.0437010249999994,0.0156784424218014,0.0162475947947278
a3c772d3fde52dbae832bi,2026-02-15 18:00:00,0.0287136520648331,28.0,78.0,0.1,18,7,1,0,0.0696081345191802,0.0438430083333331,0.0139745056528702,0.0161575391026534
a3c772d3fde52dbae832bi,2026-02-15 19:00:00,0.0287695729590275,26.7,85.0,0.0,19,7,1,0,0.0697411815680275,0.043917708333333,0.0122673552941619,0.0160673716301873
a3c772d3fde52dbae832bi,2026-02-15 20:00:00,0.0288080628729997,26.4,88.0,0.0,20,7,1,0,0.0698566486771943,0.0439950583333333,0.0105569975523205,0.0159769728476853
a3c772d3fde52dbae832bi,2026-02-15 21:00:00,0.0,26.2,89.0,0.1,21,7,1,0,0.0,0.0,0.0105569975523205,0.0159769728476853
a3c772d3fde52dbae832bi,2026-02-15 22:00:00,0.0,25.9,91.0,0.0,22,7,1,0,0.0,0.0,0.0105569975523205,0.0159769728476853
a3c772d3fde52dbae832bi,2026-02-15 23:00:00,0.0,25.7,91.0,0.0,23,7,1,0,0.0,0.0,0.0105569975523205,0.0159769728476853
a3c772d3fde52dbae832bi,2026-02-16 00:00:00,0.0,25.4,91.0,0.0,0,1,0,0,0.0,0.0,0.0105569975523205,0.0159769728476853
a3c772d3fde52dbae832bi,2026-02-16 01:00:00,0.0,25.3,91.0,0.0,1,1,0,0,0.0,0.0,0.0105569975523205,0.0159769728476853
a3c772d3fde52dbae832bi,2026-02-16 02:00:00,0.0,25.4,87.0,0.0,2,1,0,0,0.0,0.0,0.0105569975523205,0.0159769728476853
a3c772d3fde52dbae832bi,2026-02-16 03:00:00,0.0,25.3,88.0,0.0,3,1,0,0,0.0,0.0,0.0105569975523205,0.0159769728476853
a3c772d3fde52dbae832bi,2026-02-16 04:00:00,0.0,25.2,87.0,0.0,4,1,0,0,0.0,0.0,0.0105569975523205,0.0159769728476853
a3c772d3fde52dbae832bi,2026-02-16 05:00:00,0.0,25.0,89.0,0.0,5,1,0,0,0.0,0.0,0.0105569975523205,0.0159769728476853
a3c772d3fde52dbae832bi,2026-02-16 06:00:00,0.0,24.8,91.0,0.0,6,1,0,0,0.0,0.0,0.0105569975523205,0.0159769728476853
a3c772d3fde52dbae832bi,2026-02-16 07:00:00,0.0,24.8,92.0,0.0,7,1,0,0,0.0,0.0,0.0105569975523205,0.0159769728476853
a3c772d3fde52dbae832bi,2026-02-16 08:00:00,0.0,25.5,88.0,0.0,8,1,0,0,0.0,0.0,0.0105569975523205,0.0159769728476853
a3c772d3fde52dbae832bi,2026-02-16 09:00:00,0.0,26.6,84.0,0.0,9,1,0,0,0.0,0.0,0.0105569975523205,0.0159769728476853
a3c772d3fde52dbae832bi,2026-02-16 10:00:00,0.0,27.8,77.0,0.1,10,1,0,0,0.0,0.0,0.0105569975523205,0.0159769728476853
a3c772d3fde52dbae832bi,2026-02-16 11:00:00,0.0,29.0,70.0,0.2,11,1,0,0,0.0,0.0,0.0105569975523205,0.0159769728476853
a3c772d3fde52dbae832bi,2026-02-16 12:00:00,0.002861927168125,30.0,64.0,0.1,12,1,0,0,0.0069386351588331,0.0043696583333331,0.0103871347193743,0.0159679982574162
a3c772d3fde52dbae832bi,2026-02-16 13:00:00,0.0131347570199164,30.5,61.0,0.0,13,1,0,0,0.0318380885478053,0.0200523166666665,0.0096078292390456,0.0159268223071379
a3c772d3fde52dbae832bi,2026-02-16 14:00:00,0.0133579833320277,30.9,57.0,0.0,14,1,0,0,0.0323888216104165,0.0204002916666663,0.0088148776441127,0.015884903805146
a3c772d3fde52dbae832bi,2026-02-16 15:00:00,0.0155485994473886,30.2,65.0,0.1,15,1,0,0,0.0376898969928332,0.0237353083333333,0.0078923235797192,0.0158361733951107
a3c772d3fde52dbae832bi,2026-02-16 16:00:00,0.0731707924773746,29.4,73.0,0.2,16,1,0,0,0.0295968410741387,0.047893175,0.0097079048881874,0.0159866354039045
a3c772d3fde52dbae832bi,2026-02-16 17:00:00,0.065953277988583,28.5,82.0,0.0,17,1,0,0,0.0286243699748052,0.0497189916666663,0.0112632760554281,0.0160832680605826
a3c772d3fde52dbae832bi,2026-02-16 18:00:00,0.064257790948083,27.6,88.0,0.0,18,1,0,0,0.0287136520648331,0.0498805833333333,0.0127442818422302,0.0161688466773371
a3c772d3fde52dbae832bi,2026-02-16 19:00:00,0.065182342485833,27.2,89.0,0.0,19,1,0,0,0.0287695729590275,0.0499655666666662,0.0142614805725137,0.0162594227238797
a3c772d3fde52dbae832bi,2026-02-16 20:00:00,0.0653123210374441,27.0,87.0,0.0,20,1,0,0,0.0288080628729997,0.0500535583333333,0.0157824913293656,0.0163502486923566
a3c772d3fde52dbae832bi,2026-02-16 21:00:00,0.0,26.9,83.0,0.0,21,1,0,0,0.0,0.0,0.0157824913293656,0.0163502486923566
a3c772d3fde52dbae832bi,2026-02-16 22:00:00,0.0,26.3,84.0,0.0,22,1,0,0,0.0,0.0,0.0157824913293656,0.0163502486923566
a3c772d3fde52dbae832bi,2026-02-16 23:00:00,0.0,26.0,86.0,0.0,23,1,0,0,0.0,0.0,0.0157824913293656,0.0163502486923566
a3c772d3fde52dbae832bi,2026-02-17 00:00:00,0.0,25.8,85.0,0.0,0,2,0,0,0.0,0.0,0.0157824913293656,0.0163502486923566
a3c772d3fde52dbae832bi,2026-02-17 01:00:00,0.0,25.5,86.0,0.0,1,2,0,0,0.0,0.0,0.0157824913293656,0.0163502486923566
a3c772d3fde52dbae832bi,2026-02-17 02:00:00,0.0,25.0,89.0,0.0,2,2,0,0,0.0,0.0,0.0157824913293656,0.0163502486923566
a3c772d3fde52dbae832bi,2026-02-17 03:00:00,0.0,24.9,91.0,0.0,3,2,0,0,0.0,0.0,0.0157824913293656,0.0163502486923566
a3c772d3fde52dbae832bi,2026-02-17 04:00:00,0.0,24.8,91.0,0.0,4,2,0,0,0.0,0.0,0.0157824913293656,0.0163502486923566
a3c772d3fde52dbae832bi,2026-02-17 05:00:00,0.0,24.8,90.0,0.0,5,2,0,0,0.0,0.0,0.0157824913293656,0.0163502486923566
a3c772d3fde52dbae832bi,2026-02-17 06:00:00,0.0,24.6,90.0,0.0,6,2,0,0,0.0,0.0,0.0157824913293656,0.0163502486923566
a3c772d3fde52dbae832bi,2026-02-17 07:00:00,0.0,24.7,90.0,0.0,7,2,0,0,0.0,0.0,0.0157824913293656,0.0163502486923566
a3c772d3fde52dbae832bi,2026-02-17 08:00:00,0.0,25.8,88.0,0.0,8,2,0,0,0.0,0.0,0.0157824913293656,0.0163502486923566
a3c772d3fde52dbae832bi,2026-02-17 09:00:00,0.0,27.1,80.0,0.0,9,2,0,0,0.0,0.0,0.0157824913293656,0.0163502486923566
a3c772d3fde52dbae832bi,2026-02-17 10:00:00,0.0,28.5,72.0,0.0,10,2,0,0,0.0,0.0,0.0157824913293656,0.0163502486923566
a3c772d3fde52dbae832bi,2026-02-17 11:00:00,0.0,29.6,67.0,0.0,11,2,0,0,0.0,0.0,0.0157824913293656,0.0163502486923566
a3c772d3fde52dbae832bi,2026-02-17 12:00:00,0.0064873799444998,30.4,64.0,0.0,12,2,0,0,0.002861927168125,0.00497145,0.0159335518617145,0.0163592720848834
a3c772d3fde52dbae832bi,2026-02-17 13:00:00,0.0297703175381385,30.4,64.0,0.2,13,2,0,0,0.0131347570199164,0.0228136666666663,0.0166267002166405,0.0164006807210231
a3c772d3fde52dbae832bi,2026-02-17 14:00:00,0.0302789502681803,30.8,57.0,0.2,14,2,0,0,0.0133579833320277,0.0232096249999996,0.0173317405056468,0.0164427600380956
a3c772d3fde52dbae832bi,2026-02-17 15:00:00,0.035238279851722,30.9,57.0,0.4,15,2,0,0,0.0155485994473886,0.0270038749999996,0.0181521438558274,0.0164917743526892
a3c772d3fde52dbae832bi,2026-02-17 16:00:00,0.0412687001226943,30.7,56.0,0.3,16,2,0,0,0.0731707924773746,0.0495633833333333,0.0168228900077157,0.0164424012383401
a3c772d3fde52dbae832bi,2026-02-17 17:00:00,0.0416377065277774,30.0,60.0,0.1,17,2,0,0,0.065953277988583,0.0512296333333331,0.0158097411968488,0.0163853064359261
a3c772d3fde52dbae832bi,2026-02-17 18:00:00,0.0420090006249998,28.5,67.0,0.0,18,2,0,0,0.064257790948083,0.0513961499999998,0.0148827082667203,0.0163294305467892
a3c772d3fde52dbae832bi,2026-02-17 19:00:00,0.0422426944861109,27.2,75.0,0.0,19,2,0,0,0.065182342485833,0.051483683333333,0.0139268896000652,0.0162744246607938
a3c772d3fde52dbae832bi,2026-02-17 20:00:00,0.0420276599583331,26.5,79.0,0.0,20,2,0,0,0.0653123210374441,0.0515743333333333,0.0129566953884356,0.0162175992240379
a3c772d3fde52dbae832bi,2026-02-17 21:00:00,0.0278888064722221,26.2,81.0,0.0,21,2,0,0,0.0,0.0,0.0141187289914449,0.0163836040244678
a3c772d3fde52dbae832bi,2026-02-17 22:00:00,0.0,26.0,83.0,0.0,22,2,0,0,0.0,0.0,0.0141187289914449,0.0163836040244678
a3c772d3fde52dbae832bi,2026-02-17 23:00:00,0.0,25.6,85.0,0.0,23,2,0,0,0.0,0.0,0.0141187289914449,0.0163836040244678
a3c772d3fde52dbae832bi,2026-02-18 00:00:00,0.0,25.4,86.0,0.0,0,3,0,0,0.0,0.0,0.0141187289914449,0.0163836040244678
a3c772d3fde52dbae832bi,2026-02-18 01:00:00,0.0,25.1,84.0,0.0,1,3,0,0,0.0,0.0,0.0141187289914449,0.0163836040244678
a3c772d3fde52dbae832bi,2026-02-18 02:00:00,0.0,24.8,85.0,0.0,2,3,0,0,0.0,0.0,0.0141187289914449,0.0163836040244678
a3c772d3fde52dbae832bi,2026-02-18 03:00:00,0.0,24.7,85.0,0.0,3,3,0,0,0.0,0.0,0.0141187289914449,0.0163836040244678
a3c772d3fde52dbae832bi,2026-02-18 04:00:00,0.0,24.5,85.0,0.0,4,3,0,0,0.0,0.0,0.0141187289914449,0.0163836040244678
a3c772d3fde52dbae832bi,2026-02-18 05:00:00,0.0,24.4,84.0,0.0,5,3,0,0,0.0,0.0,0.0141187289914449,0.0163836040244678
a3c772d3fde52dbae832bi,2026-02-18 06:00:00,0.0,24.2,82.0,0.0,6,3,0,0,0.0,0.0,0.0141187289914449,0.0163836040244678
a3c772d3fde52dbae832bi,2026-02-18 07:00:00,0.0,24.3,81.0,0.0,7,3,0,0,0.0,0.0,0.0141187289914449,0.0163836040244678
a3c772d3fde52dbae832bi,2026-02-18 08:00:00,0.0,25.6,76.0,0.0,8,3,0,0,0.0,0.0,0.0141187289914449,0.0163836040244678
a3c772d3fde52dbae832bi,2026-02-18 09:00:00,0.0,27.0,64.0,0.0,9,3,0,0,0.0,0.0,0.0141187289914449,0.0163836040244678
a3c772d3fde52dbae832bi,2026-02-18 10:00:00,0.0,28.5,57.0,0.0,10,3,0,0,0.0,0.0,0.0141187289914449,0.0163836040244678
a3c772d3fde52dbae832bi,2026-02-18 11:00:00,0.0,30.0,50.0,0.0,11,3,0,0,0.0,0.0,0.0141187289914449,0.0163836040244678
a3c772d3fde52dbae832bi,2026-02-18 12:00:00,0.0,31.0,46.0,0.0,12,3,0,0,0.0064873799444998,0.005122425,0.0138484214937574,0.0163531133994678
a3c772d3fde52dbae832bi,2026-02-18 13:00:00,0.0084749246666666,32.1,40.0,0.0,13,3,0,0,0.0297703175381385,0.023506825,0.0129611134574461,0.0162636378022456
a3c772d3fde52dbae832bi,2026-02-18 14:00:00,0.0334268426111108,30.6,47.0,0.0,14,3,0,0,0.0302789502681803,0.0239148,0.0130922756384015,0.0163202571035022
a3c772d3fde52dbae832bi,2026-02-18 15:00:00,0.0320204712916663,30.6,48.0,0.0,15,3,0,0,0.035238279851722,0.0278243,0.0129582002817325,0.0163452343135716
a3c772d3fde52dbae832bi,2026-02-18 16:00:00,0.032206253972222,30.0,48.0,0.0,16,3,0,0,0.0412687001226943,0.0900595128789997,0.0125805983587962,0.0160008696772218
a3c772d3fde52dbae832bi,2026-02-18 17:00:00,0.0325455969999998,28.9,50.0,0.0,17,3,0,0,0.0416377065277774,0.0950438041742358,0.0122017604618054,0.0156288565392799
a3c772d3fde52dbae832bi,2026-02-18 18:00:00,0.0327503503888885,27.7,55.0,0.0,18,3,0,0,0.0420090006249998,0.0953252926639858,0.0118159833686341,0.0152563866447852
a3c772d3fde52dbae832bi,2026-02-18 19:00:00,0.0328732399305553,27.0,58.0,0.0,19,3,0,0,0.0422426944861109,0.0954959222168053,0.0114255894288193,0.0148836325835576
a3c772d3fde52dbae832bi,2026-02-18 20:00:00,0.0217469471111109,26.7,60.0,0.0,20,3,0,0,0.0420276599583331,0.0956756046788886,0.0105805597268517,0.014443581050416
a3c772d3fde52dbae832bi,2026-02-18 21:00:00,0.0,26.5,62.0,0.0,21,3,0,0,0.0278888064722221,0.0,0.0094185261238425,0.014443581050416
a3c772d3fde52dbae832bi,2026-02-18 22:00:00,0.0,26.2,65.0,0.0,22,3,0,0,0.0,0.0,0.0094185261238425,0.014443581050416
a3c772d3fde52dbae832bi,2026-02-18 23:00:00,0.0,25.9,68.0,0.0,23,3,0,0,0.0,0.0,0.0094185261238425,0.014443581050416
a3c772d3fde52dbae832bi,2026-02-19 00:00:00,0.0,25.5,70.0,0.0,0,4,0,0,0.0,0.0,0.0094185261238425,0.014443581050416
a3c772d3fde52dbae832bi,2026-02-19 01:00:00,0.0,25.1,72.0,0.0,1,4,0,0,0.0,0.0,0.0094185261238425,0.014443581050416
a3c772d3fde52dbae832bi,2026-02-19 02:00:00,0.0,24.8,72.0,0.0,2,4,0,0,0.0,0.0,0.0094185261238425,0.014443581050416
a3c772d3fde52dbae832bi,2026-02-19 03:00:00,0.0,24.7,72.0,0.0,3,4,0,0,0.0,0.0,0.0094185261238425,0.014443581050416
a3c772d3fde52dbae832bi,2026-02-19 04:00:00,0.0,24.3,73.0,0.0,4,4,0,0,0.0,0.0,0.0094185261238425,0.014443581050416
a3c772d3fde52dbae832bi,2026-02-19 05:00:00,0.0,24.0,75.0,0.0,5,4,0,0,0.0,0.0,0.0094185261238425,0.014443581050416
a3c772d3fde52dbae832bi,2026-02-19 06:00:00,0.0,24.0,75.0,0.0,6,4,0,0,0.0,0.0,0.0094185261238425,0.014443581050416
a3c772d3fde52dbae832bi,2026-02-19 07:00:00,0.0,24.1,75.0,0.0,7,4,0,0,0.0,0.0,0.0094185261238425,0.014443581050416
a3c772d3fde52dbae832bi,2026-02-19 08:00:00,0.0,25.7,67.0,0.0,8,4,0,0,0.0,0.0,0.0094185261238425,0.014443581050416
a3c772d3fde52dbae832bi,2026-02-19 09:00:00,0.0,27.4,58.0,0.0,9,4,0,0,0.0,0.0,0.0094185261238425,0.014443581050416
a3c772d3fde52dbae832bi,2026-02-19 10:00:00,0.0,29.3,48.0,0.0,10,4,0,0,0.0,0.0,0.0094185261238425,0.014443581050416
a3c772d3fde52dbae832bi,2026-02-19 11:00:00,0.0,31.0,43.0,0.0,11,4,0,0,0.0,0.0,0.0094185261238425,0.014443581050416
a3c772d3fde52dbae832bi,2026-02-19 12:00:00,0.0,31.1,41.0,0.0,12,4,0,0,0.0,0.0095019046237914,0.0094185261238425,0.014387022094322
a3c772d3fde52dbae832bi,2026-02-19 13:00:00,0.0400642389027776,32.4,37.0,0.0,13,4,0,0,0.0084749246666666,0.0435984582092219,0.0107347475503471,0.0143659850746408
a3c772d3fde52dbae832bi,2026-02-19 14:00:00,0.042050736583333,32.8,35.0,0.0,14,4,0,0,0.0334268426111108,0.0443653462813191,0.0110940764658563,0.0143522076359623
a3c772d3fde52dbae832bi,2026-02-19 15:00:00,0.0417997469583331,31.8,38.0,0.0,15,4,0,0,0.0320204712916663,0.0516069842098191,0.0115015462853008,0.0142938312237511
a3c772d3fde52dbae832bi,2026-02-19 16:00:00,0.0415835840555553,30.4,46.0,0.0,16,4,0,0,0.032206253972222,0.0423754344343054,0.0118922683721063,0.0142891178286395
a3c772d3fde52dbae832bi,2026-02-19 17:00:00,0.0407751231666663,28.6,54.0,0.0,17,4,0,0,0.0325455969999998,0.0411983315138887,0.0122351652957175,0.0142865987313346
a3c772d3fde52dbae832bi,2026-02-19 18:00:00,0.0410045951527775,27.4,57.0,0.0,18,4,0,0,0.0327503503888885,0.041314045557611,0.0125790921608795,0.0142847567646392
a3c772d3fde52dbae832bi,2026-02-19 19:00:00,0.0406756545416664,26.6,62.0,0.0,19,4,0,0,0.0328732399305553,0.0413936533613609,0.0129041927696758,0.014280482962141
a3c772d3fde52dbae832bi,2026-02-19 20:00:00,0.0336890360972219,27.0,62.0,0.0,20,4,0,0,0.0217469471111109,0.0414699939036803,0.0134017798107637,0.0142341677371025
a3c772d3fde52dbae832bi,2026-02-19 21:00:00,0.0,26.7,63.0,0.0,21,4,0,0,0.0,0.0,0.0134017798107637,0.0142341677371025
a3c772d3fde52dbae832bi,2026-02-19 22:00:00,0.0,26.6,64.0,0.0,22,4,0,0,0.0,0.0,0.0134017798107637,0.0142341677371025
a3c772d3fde52dbae832bi,2026-02-19 23:00:00,0.0,26.3,65.0,0.0,23,4,0,0,0.0,0.0,0.0134017798107637,0.0142341677371025
a3c772d3fde52dbae832bi,2026-02-20 00:00:00,0.0,25.7,68.0,0.0,0,5,0,0,0.0,0.0,0.0134017798107637,0.0142341677371025
a3c772d3fde52dbae832bi,2026-02-20 01:00:00,0.0,25.2,71.0,0.0,1,5,0,0,0.0,0.0,0.0134017798107637,0.0142341677371025
a3c772d3fde52dbae832bi,2026-02-20 02:00:00,0.0,25.2,71.0,0.0,2,5,0,0,0.0,0.0,0.0134017798107637,0.0142341677371025
a3c772d3fde52dbae832bi,2026-02-20 03:00:00,0.0,25.1,72.0,0.0,3,5,0,0,0.0,0.0,0.0134017798107637,0.0142341677371025
a3c772d3fde52dbae832bi,2026-02-20 04:00:00,0.0,24.8,73.0,0.0,4,5,0,0,0.0,0.0,0.0134017798107637,0.0142341677371025
a3c772d3fde52dbae832bi,2026-02-20 05:00:00,0.0,24.6,73.0,0.0,5,5,0,0,0.0,0.0,0.0134017798107637,0.0142341677371025
a3c772d3fde52dbae832bi,2026-02-20 06:00:00,0.0,24.5,73.0,0.0,6,5,0,0,0.0,0.0,0.0134017798107637,0.0142341677371025
a3c772d3fde52dbae832bi,2026-02-20 07:00:00,0.0,24.7,72.0,0.0,7,5,0,0,0.0,0.0,0.0134017798107637,0.0142341677371025
a3c772d3fde52dbae832bi,2026-02-20 08:00:00,0.0,25.5,72.0,0.0,8,5,0,0,0.0,0.0,0.0134017798107637,0.0142341677371025
a3c772d3fde52dbae832bi,2026-02-20 09:00:00,0.0,26.5,65.0,0.0,9,5,0,0,0.0,0.0,0.0134017798107637,0.0142341677371025
a3c772d3fde52dbae832bi,2026-02-20 10:00:00,0.0,27.9,58.0,0.0,10,5,0,0,0.0,0.0,0.0134017798107637,0.0142341677371025
a3c772d3fde52dbae832bi,2026-02-20 11:00:00,0.0,29.2,51.0,0.0,11,5,0,0,0.0,0.0,0.0134017798107637,0.0142341677371025
a3c772d3fde52dbae832bi,2026-02-20 12:00:00,0.0,30.3,47.0,0.0,12,5,0,0,0.0,0.0041175412935137,0.0134017798107637,0.0142096585627364
a3c772d3fde52dbae832bi,2026-02-20 13:00:00,0.0,30.5,45.0,0.2,13,5,0,0,0.0400642389027776,0.0189024123120969,0.011732436523148,0.0140971442037358
a3c772d3fde52dbae832bi,2026-02-20 14:00:00,0.0142924365277777,30.1,48.0,0.5,14,5,0,0,0.042050736583333,0.0192259019084444,0.0105758406874999,0.0140677783383747
a3c772d3fde52dbae832bi,2026-02-20 15:00:00,0.0274975683611108,30.4,47.0,0.1,15,5,0,0,0.0417997469583331,0.0223705927076109,0.0099799165792823,0.0140982960505979
a3c772d3fde52dbae832bi,2026-02-20 16:00:00,0.0299540646388886,30.5,47.0,0.0,16,5,0,0,0.0415835840555553,0.0671723869153748,0.0094953532702545,0.0138767584179998
a3c772d3fde52dbae832bi,2026-02-20 17:00:00,0.0325539194999997,30.1,49.0,0.0,17,5,0,0,0.0407751231666663,0.0707391179678885,0.0091528031174767,0.0136494655699766
a3c772d3fde52dbae832bi,2026-02-20 18:00:00,0.0330719477638885,29.1,54.0,0.0,18,5,0,0,0.0410045951527775,0.0709799352927916,0.0088222761429397,0.0134238227870665
a3c772d3fde52dbae832bi,2026-02-20 19:00:00,0.0327995899999997,28.0,58.0,0.0,19,5,0,0,0.0406756545416664,0.0710849359378609,0.0084941067870369,0.0131959338231507
a3c772d3fde52dbae832bi,2026-02-20 20:00:00,0.0324339042777775,27.1,64.0,0.0,20,5,0,0,0.0336890360972219,0.0712123138296248,0.0084418096278934,0.0129651099567706
a3c772d3fde52dbae832bi,2026-02-20 21:00:00,0.0317570669444442,26.8,66.0,0.0,21,5,0,0,0.0,0.0,0.0097650207505786,0.0131541401171542
a3c772d3fde52dbae832bi,2026-02-20 22:00:00,0.0327110004999997,26.3,68.0,0.0,22,5,0,0,0.0,0.0,0.0111279791047452,0.0133488484534637
a3c772d3fde52dbae832bi,2026-02-20 23:00:00,0.0328015215555552,26.0,70.0,0.0,23,5,0,0,0.0,0.0,0.01249470916956,0.0135440956055801
a3c772d3fde52dbae832bi,2026-02-21 00:00:00,0.0332546525555553,25.6,71.0,0.0,0,6,1,0,0.0,0.0,0.0138803196927082,0.0137420399660299
a3c772d3fde52dbae832bi,2026-02-21 01:00:00,0.0332130921944442,25.2,73.0,0.0,1,6,1,0,0.0,0.0,0.0152641985341433,0.0139397369433777
a3c772d3fde52dbae832bi,2026-02-21 02:00:00,0.0,25.0,73.0,0.0,2,6,1,0,0.0,0.0,0.0152641985341433,0.0139397369433777
a3c772d3fde52dbae832bi,2026-02-21 03:00:00,0.0,25.0,74.0,0.0,3,6,1,0,0.0,0.0,0.0152641985341433,0.0139397369433777
a3c772d3fde52dbae832bi,2026-02-21 04:00:00,0.0,24.7,76.0,0.0,4,6,1,0,0.0,0.0,0.0152641985341433,0.0139397369433777
a3c772d3fde52dbae832bi,2026-02-21 05:00:00,0.0,24.5,76.0,0.0,5,6,1,0,0.0,0.0,0.0152641985341433,0.0139397369433777
a3c772d3fde52dbae832bi,2026-02-21 06:00:00,0.0,24.4,76.0,0.0,6,6,1,0,0.0,0.0,0.0152641985341433,0.0139397369433777
a3c772d3fde52dbae832bi,2026-02-21 07:00:00,0.0,24.5,76.0,0.0,7,6,1,0,0.0,0.0,0.0152641985341433,0.0139397369433777
a3c772d3fde52dbae832bi,2026-02-21 08:00:00,0.0,25.4,72.0,0.0,8,6,1,0,0.0,0.0,0.0152641985341433,0.0139397369433777
a3c772d3fde52dbae832bi,2026-02-21 09:00:00,0.0,27.2,63.0,0.0,9,6,1,0,0.0,0.0,0.0152641985341433,0.0139397369433777
a3c772d3fde52dbae832bi,2026-02-21 10:00:00,0.0,28.6,57.0,0.0,10,6,1,0,0.0,0.0,0.0152641985341433,0.0139397369433777
a3c772d3fde52dbae832bi,2026-02-21 11:00:00,0.0,30.2,50.0,0.0,11,6,1,0,0.0,0.0,0.0152641985341433,0.0139397369433777
a3c772d3fde52dbae832bi,2026-02-21 12:00:00,0.0,30.8,48.0,0.0,12,6,1,0,0.0,0.007073603929972,0.0152641985341433,0.0138976321580803
a3c772d3fde52dbae832bi,2026-02-21 13:00:00,0.0,30.6,48.0,0.0,13,6,1,0,0.0,0.0324565990218192,0.0152641985341433,0.0137044381162837
a3c772d3fde52dbae832bi,2026-02-21 14:00:00,0.0,30.5,46.0,0.0,14,6,1,0,0.0142924365277777,0.0330269442962081,0.0146686803454859,0.0135078491621397
a3c772d3fde52dbae832bi,2026-02-21 15:00:00,0.0142115061805554,31.0,45.0,0.0,15,6,1,0,0.0274975683611108,0.0384160987251802,0.0141150944212961,0.0133637742065169
a3c772d3fde52dbae832bi,2026-02-21 16:00:00,0.0334763828333332,30.6,46.0,0.0,16,6,1,0,0.0299540646388886,0.0672893289116664,0.014261857679398,0.0131625066703363
a3c772d3fde52dbae832bi,2026-02-21 17:00:00,0.0327494984166665,29.8,49.0,0.0,17,6,1,0,0.0325539194999997,0.0693819306330831,0.0142700068009258,0.0129444564785719
a3c772d3fde52dbae832bi,2026-02-21 18:00:00,0.0325833682638885,28.2,57.0,0.0,18,6,1,0,0.0330719477638885,0.0696081345191802,0.0142496493217591,0.0127240709651476
a3c772d3fde52dbae832bi,2026-02-21 19:00:00,0.0325821783888885,26.8,64.0,0.0,19,6,1,0,0.0327995899999997,0.0697411815680275,0.0142405905046295,0.0125028864224146
a3c772d3fde52dbae832bi,2026-02-21 20:00:00,0.0327137691666664,26.6,65.0,0.0,20,6,1,0,0.0324339042777775,0.0698566486771943,0.0142522515416665,0.0122817978538996
a3c772d3fde52dbae832bi,2026-02-21 21:00:00,0.0328104312777776,26.2,67.0,0.0,21,6,1,0,0.0317570669444442,0.0,0.0142961417222221,0.0124770980400768
a3c772d3fde52dbae832bi,2026-02-21 22:00:00,0.0323810325694441,26.0,68.0,0.0,22,6,1,0,0.0327110004999997,0.0,0.0142823930584489,0.0126698422815616
a3c772d3fde52dbae832bi,2026-02-21 23:00:00,0.0327025077361107,25.8,68.0,0.0,23,6,1,0,0.0328015215555552,0.0,0.0142782674826387,0.0128645000657051
a3c772d3fde52dbae832bi,2026-02-22 00:00:00,0.0334331939444441,25.6,67.0,0.0,0,7,1,0,0.0332546525555553,0.0,0.0142857067071758,0.0130635071725173
a3c772d3fde52dbae832bi,2026-02-22 01:00:00,0.032292510597222,25.4,68.0,0.0,1,7,1,0,0.0332130921944442,0.0,0.0142473491406248,0.0132557244975008
a3c772d3fde52dbae832bi,2026-02-22 02:00:00,0.0325466601666663,25.1,70.0,0.0,2,7,1,0,0.0,0.0,0.0156034599809026,0.0134494546175404
a3c772d3fde52dbae832bi,2026-02-22 03:00:00,0.0325082195694441,24.9,72.0,0.0,3,7,1,0,0.0,0.0,0.0169579691296294,0.0136429559245014
a3c772d3fde52dbae832bi,2026-02-22 04:00:00,0.0,24.6,74.0,0.0,4,7,1,0,0.0,0.0,0.0169579691296294,0.0136429559245014
a3c772d3fde52dbae832bi,2026-02-22 05:00:00,0.0,24.4,75.0,0.0,5,7,1,0,0.0,0.0,0.0169579691296294,0.0136429559245014
a3c772d3fde52dbae832bi,2026-02-22 06:00:00,0.0,24.1,77.0,0.0,6,7,1,0,0.0,0.0,0.0169579691296294,0.0136429559245014
a3c772d3fde52dbae832bi,2026-02-22 07:00:00,0.0,24.1,75.0,0.0,7,7,1,0,0.0,0.0,0.0169579691296294,0.0136429559245014
a3c772d3fde52dbae832bi,2026-02-22 08:00:00,0.0,25.0,71.0,0.0,8,7,1,0,0.0,0.0,0.0169579691296294,0.0136429559245014
a3c772d3fde52dbae832bi,2026-02-22 09:00:00,0.0,26.6,62.0,0.0,9,7,1,0,0.0,0.0,0.0169579691296294,0.0136429559245014
a3c772d3fde52dbae832bi,2026-02-22 10:00:00,0.0,28.3,56.0,0.0,10,7,1,0,0.0,0.0,0.0169579691296294,0.0136429559245014
a3c772d3fde52dbae832bi,2026-02-22 11:00:00,0.0,30.2,50.0,0.0,11,7,1,0,0.0,0.0,0.0169579691296294,0.0136429559245014
a3c772d3fde52dbae832bi,2026-02-22 12:00:00,0.024557672597222,31.0,47.0,0.0,12,7,1,0,0.0,0.0069386351588331,0.017981205487847,0.013747831147349
a3c772d3fde52dbae832bi,2026-02-22 13:00:00,0.0415801195138886,30.7,52.0,0.0,13,7,1,0,0.0,0.0318380885478053,0.0197137104675924,0.013805819426909
a3c772d3fde52dbae832bi,2026-02-22 14:00:00,0.0414873288194443,31.1,48.0,0.0,14,7,1,0,0.0,0.0323888216104165,0.0214423491684025,0.0138599772079151
a3c772d3fde52dbae832bi,2026-02-22 15:00:00,0.0421104564444442,31.2,50.0,0.0,15,7,1,0,0.0142115061805554,0.0376898969928332,0.0226048054293979,0.0138862900617937
a3c772d3fde52dbae832bi,2026-02-22 16:00:00,0.0422767697777775,31.5,44.0,0.0,16,7,1,0,0.0334763828333332,0.0295968410741387,0.0229714882187498,0.0139617658278868
a3c772d3fde52dbae832bi,2026-02-22 17:00:00,0.0425534775277776,30.6,47.0,0.0,17,7,1,0,0.0327494984166665,0.0286243699748052,0.0233799873483794,0.0140446771823688
a3c772d3fde52dbae832bi,2026-02-22 18:00:00,0.0428560430972221,29.0,55.0,0.0,18,7,1,0,0.0325833682638885,0.0287136520648331,0.023808015466435,0.0141288580813711
a3c772d3fde52dbae832bi,2026-02-22 19:00:00,0.0423159735277775,27.8,60.0,0.0,19,7,1,0,0.0325821783888885,0.0287695729590275,0.0242135902638887,0.0142094914180899
a3c772d3fde52dbae832bi,2026-02-22 20:00:00,0.0418422571805553,27.0,65.0,0.0,20,7,1,0,0.0327137691666664,0.0288080628729997,0.024593943931134,0.0142870759080158
a3c772d3fde52dbae832bi,2026-02-22 21:00:00,0.0274492333749999,26.6,67.0,0.0,21,7,1,0,0.0328104312777776,0.0,0.024370560685185,0.0144504642019146
a3c772d3fde52dbae832bi,2026-02-22 22:00:00,0.0,26.2,69.0,0.0,22,7,1,0,0.0323810325694441,0.0,0.0230213509947915,0.0144504642019146
a3c772d3fde52dbae832bi,2026-02-22 23:00:00,0.0,25.9,70.0,0.0,23,7,1,0,0.0327025077361107,0.0,0.0216587465057868,0.0144504642019146
a3c772d3fde52dbae832bi,2026-02-23 00:00:00,0.0,25.6,71.0,0.0,0,1,0,0,0.0334331939444441,0.0,0.0202656967581017,0.0144504642019146
a3c772d3fde52dbae832bi,2026-02-23 01:00:00,0.0,25.4,72.0,0.0,1,1,0,0,0.032292510597222,0.0,0.0189201754832174,0.0144504642019146
a3c772d3fde52dbae832bi,2026-02-23 02:00:00,0.0,25.4,71.0,0.0,2,1,0,0,0.0325466601666663,0.0,0.0175640646429397,0.0144504642019146
a3c772d3fde52dbae832bi,2026-02-23 03:00:00,0.0,25.3,71.0,0.0,3,1,0,0,0.0325082195694441,0.0,0.0162095554942128,0.0144504642019146
a3c772d3fde52dbae832bi,2026-02-23 04:00:00,0.0,25.1,72.0,0.0,4,1,0,0,0.0,0.0,0.0162095554942128,0.0144504642019146
a3c772d3fde52dbae832bi,2026-02-23 05:00:00,0.0,24.8,75.0,0.0,5,1,0,0,0.0,0.0,0.0162095554942128,0.0144504642019146
a3c772d3fde52dbae832bi,2026-02-23 06:00:00,0.0,24.6,75.0,0.0,6,1,0,0,0.0,0.0,0.0162095554942128,0.0144504642019146
a3c772d3fde52dbae832bi,2026-02-23 07:00:00,0.0,24.9,73.0,0.0,7,1,0,0,0.0,0.0,0.0162095554942128,0.0144504642019146
a3c772d3fde52dbae832bi,2026-02-23 08:00:00,0.0,25.9,70.0,0.0,8,1,0,0,0.0,0.0,0.0162095554942128,0.0144504642019146
a3c772d3fde52dbae832bi,2026-02-23 09:00:00,0.0,27.4,62.0,0.0,9,1,0,0,0.0,0.0,0.0162095554942128,0.0144504642019146
a3c772d3fde52dbae832bi,2026-02-23 10:00:00,0.0107002377777776,29.7,51.0,0.0,10,1,0,0,0.0,0.0,0.0166553987349536,0.014514156093449
a3c772d3fde52dbae832bi,2026-02-23 11:00:00,0.0428042562222218,32.2,40.0,0.0,11,1,0,0,0.0,0.0,0.0184389094108795,0.014768943332867
a3c772d3fde52dbae832bi,2026-02-23 12:00:00,0.0424498829999997,32.7,39.0,0.0,12,1,0,0,0.024557672597222,0.002861927168125,0.0191844181776619,0.0150045859271043
a3c772d3fde52dbae832bi,2026-02-23 13:00:00,0.0414925930555555,32.8,39.0,0.0,13,1,0,0,0.0415801195138886,0.0131347570199164,0.019180771241898,0.0151733825701736
a3c772d3fde52dbae832bi,2026-02-23 14:00:00,0.0417761866805552,32.8,36.0,0.0,14,1,0,0,0.0414873288194443,0.0133579833320277,0.0191928069861109,0.0153425385424863
a3c772d3fde52dbae832bi,2026-02-23 15:00:00,0.0417021892499998,33.5,34.0,0.0,15,1,0,0,0.0421104564444442,0.0155485994473886,0.0191757958530091,0.0154982146722637
a3c772d3fde52dbae832bi,2026-02-23 16:00:00,0.0415491477499999,32.5,39.0,0.0,16,1,0,0,0.0422767697777775,0.0731707924773746,0.0191454782685184,0.0153099905965055
a3c772d3fde52dbae832bi,2026-02-23 17:00:00,0.041181104458333,31.2,45.0,0.0,17,1,0,0,0.0425534775277776,0.065953277988583,0.0190882960572915,0.015162537182635
a3c772d3fde52dbae832bi,2026-02-23 18:00:00,0.0420927554722219,29.4,51.0,0.0,18,1,0,0,0.0428560430972221,0.064257790948083,0.0190564924062498,0.0150306024476596
a3c772d3fde52dbae832bi,2026-02-23 19:00:00,0.0422710862777774,28.1,56.0,0.0,19,1,0,0,0.0423159735277775,0.065182342485833,0.0190546221041665,0.0148942259226117
a3c772d3fde52dbae832bi,2026-02-23 20:00:00,0.0420773153611108,27.5,56.0,0.0,20,1,0,0,0.0418422571805553,0.0653123210374441,0.019064416195023,0.0147559223173954
a3c772d3fde52dbae832bi,2026-02-23 21:00:00,0.0417747452499998,27.3,58.0,0.0,21,1,0,0,0.0274492333749999,0.0,0.019661312523148,0.0150045815153121
a3c772d3fde52dbae832bi,2026-02-23 22:00:00,0.0,27.0,60.0,0.0,22,1,0,0,0.0,0.0,0.019661312523148,0.0150045815153121
a3c772d3fde52dbae832bi,2026-02-23 23:00:00,0.0,26.9,61.0,0.0,23,1,0,0,0.0,0.0,0.019661312523148,0.0150045815153121
a3c772d3fde52dbae832bi,2026-02-24 00:00:00,0.0,26.9,63.0,0.0,0,2,0,0,0.0,0.0,0.019661312523148,0.0150045815153121
a3c772d3fde52dbae832bi,2026-02-24 01:00:00,0.0,26.7,65.0,0.0,1,2,0,0,0.0,0.0,0.019661312523148,0.0150045815153121
a3c772d3fde52dbae832bi,2026-02-24 02:00:00,0.0,26.6,68.0,0.0,2,2,0,0,0.0,0.0,0.019661312523148,0.0150045815153121
a3c772d3fde52dbae832bi,2026-02-24 03:00:00,0.0,26.3,74.0,0.0,3,2,0,0,0.0,0.0,0.019661312523148,0.0150045815153121
a3c772d3fde52dbae832bi,2026-02-24 04:00:00,0.0,26.0,77.0,0.0,4,2,0,0,0.0,0.0,0.019661312523148,0.0150045815153121
a3c772d3fde52dbae832bi,2026-02-24 05:00:00,0.0,25.9,75.0,0.0,5,2,0,0,0.0,0.0,0.019661312523148,0.0150045815153121
a3c772d3fde52dbae832bi,2026-02-24 06:00:00,0.0,25.6,74.0,0.0,6,2,0,0,0.0,0.0,0.019661312523148,0.0150045815153121
a3c772d3fde52dbae832bi,2026-02-24 07:00:00,0.0,25.6,74.0,0.0,7,2,0,0,0.0,0.0,0.019661312523148,0.0150045815153121
a3c772d3fde52dbae832bi,2026-02-24 08:00:00,0.0,26.3,72.0,0.0,8,2,0,0,0.0,0.0,0.019661312523148,0.0150045815153121
a3c772d3fde52dbae832bi,2026-02-24 09:00:00,0.0,27.5,69.0,0.0,9,2,0,0,0.0,0.0,0.019661312523148,0.0150045815153121
a3c772d3fde52dbae832bi,2026-02-24 10:00:00,0.0,29.8,59.0,0.0,10,2,0,0,0.0107002377777776,0.0,0.0192154692824072,0.0150045815153121
a3c772d3fde52dbae832bi,2026-02-24 11:00:00,0.0,30.5,58.0,0.3,11,2,0,0,0.0428042562222218,0.0,0.0174319586064813,0.0150045815153121
a3c772d3fde52dbae832bi,2026-02-24 12:00:00,0.0,31.7,54.0,0.0,12,2,0,0,0.0424498829999997,0.0064873799444998,0.0156632134814813,0.0149659661584996
a3c772d3fde52dbae832bi,2026-02-24 13:00:00,0.0246746481527775,31.8,54.0,0.1,13,2,0,0,0.0414925930555555,0.0297703175381385,0.0149624657771989,0.0149356347931105
a3c772d3fde52dbae832bi,2026-02-24 14:00:00,0.0324889426388885,31.0,55.0,0.4,14,2,0,0,0.0417761866805552,0.0302789502681803,0.0145754972754628,0.0149487895096028
a3c772d3fde52dbae832bi,2026-02-24 15:00:00,0.0328252079722219,32.0,51.0,0.3,15,2,0,0,0.0417021892499998,0.035238279851722,0.0142056230555554,0.0149344259865106
a3c772d3fde52dbae832bi,2026-02-24 16:00:00,0.0402582796388885,29.6,59.0,0.8,16,2,0,0,0.0415491477499999,0.0412687001226943,0.0141518368842591,0.0149284115788689
a3c772d3fde52dbae832bi,2026-02-24 17:00:00,0.0420173280555552,30.1,58.0,0.3,17,2,0,0,0.041181104458333,0.0416377065277774,0.0141866795341433,0.0149306712308199
a3c772d3fde52dbae832bi,2026-02-24 18:00:00,0.041807465944444,29.9,59.0,0.0,18,2,0,0,0.0420927554722219,0.0420090006249998,0.0141747924704859,0.0149294716196262
a3c772d3fde52dbae832bi,2026-02-24 19:00:00,0.0416423991388886,29.0,63.0,0.0,19,2,0,0,0.0422710862777774,0.0422426944861109,0.0141485971730322,0.0149258984330356
a3c772d3fde52dbae832bi,2026-02-24 20:00:00,0.0418967021666664,28.0,69.0,0.0,20,2,0,0,0.0420773153611108,0.0420276599583331,0.0141410716232637,0.0149251189223709
a3c772d3fde52dbae832bi,2026-02-24 21:00:00,0.0280457372777776,27.5,70.0,0.0,21,2,0,0,0.0417747452499998,0.0278888064722221,0.0135690296244211,0.0149260530343087
a3c772d3fde52dbae832bi,2026-02-24 22:00:00,0.0,27.1,72.0,0.0,22,2,0,0,0.0,0.0,0.0135690296244211,0.0149260530343087
a3c772d3fde52dbae832bi,2026-02-24 23:00:00,0.0,26.9,73.0,0.0,23,2,0,0,0.0,0.0,0.0135690296244211,0.0149260530343087
a3c772d3fde52dbae832bi,2026-02-25 00:00:00,0.0,26.7,73.0,0.0,0,3,0,0,0.0,0.0,0.0135690296244211,0.0149260530343087
a3c772d3fde52dbae832bi,2026-02-25 01:00:00,0.0,26.5,74.0,0.0,1,3,0,0,0.0,0.0,0.0135690296244211,0.0149260530343087
a3c772d3fde52dbae832bi,2026-02-25 02:00:00,0.0,26.5,74.0,0.0,2,3,0,0,0.0,0.0,0.0135690296244211,0.0149260530343087
a3c772d3fde52dbae832bi,2026-02-25 03:00:00,0.0,26.4,74.0,0.0,3,3,0,0,0.0,0.0,0.0135690296244211,0.0149260530343087
a3c772d3fde52dbae832bi,2026-02-25 04:00:00,0.0,26.1,75.0,0.0,4,3,0,0,0.0,0.0,0.0135690296244211,0.0149260530343087
a3c772d3fde52dbae832bi,2026-02-25 05:00:00,0.0,25.9,76.0,0.0,5,3,0,0,0.0,0.0,0.0135690296244211,0.0149260530343087
a3c772d3fde52dbae832bi,2026-02-25 06:00:00,0.0,25.8,76.0,0.0,6,3,0,0,0.0,0.0,0.0135690296244211,0.0149260530343087
a3c772d3fde52dbae832bi,2026-02-25 07:00:00,0.0,26.0,75.0,0.0,7,3,0,0,0.0,0.0,0.0135690296244211,0.0149260530343087
a3c772d3fde52dbae832bi,2026-02-25 08:00:00,0.0,26.8,71.0,0.0,8,3,0,0,0.0,0.0,0.0135690296244211,0.0149260530343087
a3c772d3fde52dbae832bi,2026-02-25 09:00:00,0.0,28.3,63.0,0.0,9,3,0,0,0.0,0.0,0.0135690296244211,0.0149260530343087
a3c772d3fde52dbae832bi,2026-02-25 10:00:00,0.0,30.2,54.0,0.0,10,3,0,0,0.0,0.0,0.0135690296244211,0.0149260530343087
a3c772d3fde52dbae832bi,2026-02-25 11:00:00,0.0,31.4,49.0,0.0,11,3,0,0,0.0,0.0,0.0135690296244211,0.0149260530343087
a3c772d3fde52dbae832bi,2026-02-25 12:00:00,0.0,31.4,51.0,0.0,12,3,0,0,0.0,0.0,0.0135690296244211,0.0149260530343087
a3c772d3fde52dbae832bi,2026-02-25 13:00:00,0.0241915901944442,32.5,46.0,0.0,13,3,0,0,0.0246746481527775,0.0084749246666666,0.0135489022094906,0.0150196046148312
a3c772d3fde52dbae832bi,2026-02-25 14:00:00,0.0420899293333331,32.5,45.0,0.0,14,3,0,0,0.0324889426388885,0.0334268426111108,0.0139489433217591,0.0150711706072254
a3c772d3fde52dbae832bi,2026-02-25 15:00:00,0.0406214658055553,32.9,44.0,0.0,15,3,0,0,0.0328252079722219,0.0320204712916663,0.014273787398148,0.0151223670031414
a3c772d3fde52dbae832bi,2026-02-25 16:00:00,0.0402790298611109,32.7,44.0,0.0,16,3,0,0,0.0402582796388885,0.032206253972222,0.0142746519907406,0.0151704192405752
a3c772d3fde52dbae832bi,2026-02-25 17:00:00,0.0410906957638886,32.0,49.0,0.0,17,3,0,0,0.0420173280555552,0.0325455969999998,0.0142360423119212,0.0152212829236936
a3c772d3fde52dbae832bi,2026-02-25 18:00:00,0.0419126703333331,30.1,55.0,0.0,18,3,0,0,0.041807465944444,0.0327503503888885,0.0142404258281249,0.0152758205424105
a3c772d3fde52dbae832bi,2026-02-25 19:00:00,0.0427068627499996,28.6,59.0,0.0,19,3,0,0,0.0416423991388886,0.0328732399305553,0.0142847784785878,0.0153343540115739
a3c772d3fde52dbae832bi,2026-02-25 20:00:00,0.0421951476388885,27.5,65.0,0.0,20,3,0,0,0.0418967021666664,0.0217469471111109,0.0142972137065971,0.0154560694909059
a3c772d3fde52dbae832bi,2026-02-25 21:00:00,0.0346120716805554,27.0,68.0,0.0,21,3,0,0,0.0280457372777776,0.0,0.0145708109733795,0.0156620937270997
a3c772d3fde52dbae832bi,2026-02-25 22:00:00,0.0,26.5,71.0,0.0,22,3,0,0,0.0,0.0,0.0145708109733795,0.0156620937270997
a3c772d3fde52dbae832bi,2026-02-25 23:00:00,0.0,26.1,73.0,0.0,23,3,0,0,0.0,0.0,0.0145708109733795,0.0156620937270997
a3c772d3fde52dbae832bi,2026-02-26 00:00:00,0.0,25.8,73.0,0.0,0,4,0,0,0.0,0.0,0.0145708109733795,0.0156620937270997
a3c772d3fde52dbae832bi,2026-02-26 01:00:00,0.0,25.6,73.0,0.0,1,4,0,0,0.0,0.0,0.0145708109733795,0.0156620937270997
a3c772d3fde52dbae832bi,2026-02-26 02:00:00,0.0,25.4,74.0,0.0,2,4,0,0,0.0,0.0,0.0145708109733795,0.0156620937270997
a3c772d3fde52dbae832bi,2026-02-26 03:00:00,0.0,25.3,74.0,0.0,3,4,0,0,0.0,0.0,0.0145708109733795,0.0156620937270997
a3c772d3fde52dbae832bi,2026-02-26 04:00:00,0.0,25.4,73.0,0.0,4,4,0,0,0.0,0.0,0.0145708109733795,0.0156620937270997
a3c772d3fde52dbae832bi,2026-02-26 05:00:00,0.0,25.4,73.0,0.0,5,4,0,0,0.0,0.0,0.0145708109733795,0.0156620937270997
a3c772d3fde52dbae832bi,2026-02-26 06:00:00,0.0,25.2,74.0,0.0,6,4,0,0,0.0,0.0,0.0145708109733795,0.0156620937270997
a3c772d3fde52dbae832bi,2026-02-26 07:00:00,0.0,25.4,73.0,0.0,7,4,0,0,0.0,0.0,0.0145708109733795,0.0156620937270997
a3c772d3fde52dbae832bi,2026-02-26 08:00:00,0.0,26.5,70.0,0.0,8,4,0,0,0.0,0.0,0.0145708109733795,0.0156620937270997
a3c772d3fde52dbae832bi,2026-02-26 09:00:00,0.0,28.1,63.0,0.0,9,4,0,0,0.0,0.0,0.0145708109733795,0.0156620937270997
a3c772d3fde52dbae832bi,2026-02-26 10:00:00,0.0,29.5,57.0,0.0,10,4,0,0,0.0,0.0,0.0145708109733795,0.0156620937270997
a3c772d3fde52dbae832bi,2026-02-26 11:00:00,0.0,30.9,51.0,0.0,11,4,0,0,0.0,0.0,0.0145708109733795,0.0156620937270997
a3c772d3fde52dbae832bi,2026-02-26 12:00:00,0.0,32.1,45.0,0.0,12,4,0,0,0.0,0.0,0.0145708109733795,0.0156620937270997
a3c772d3fde52dbae832bi,2026-02-26 13:00:00,0.0036700644444444,32.2,46.0,0.0,13,4,0,0,0.0241915901944442,0.0400642389027776,0.0137157474004628,0.0154454617362763
a3c772d3fde52dbae832bi,2026-02-26 14:00:00,0.0438361203611108,31.5,51.0,0.0,14,4,0,0,0.0420899293333331,0.042050736583333,0.0137885053599536,0.0154560890206678
a3c772d3fde52dbae832bi,2026-02-26 15:00:00,0.0420215365972219,31.1,51.0,0.0,15,4,0,0,0.0406214658055553,0.0417997469583331,0.0138468416429397,0.0154574091970898
a3c772d3fde52dbae832bi,2026-02-26 16:00:00,0.0411717854999996,30.6,52.0,0.0,16,4,0,0,0.0402790298611109,0.0415835840555553,0.01388403979456,0.0154549580152115
a3c772d3fde52dbae832bi,2026-02-26 17:00:00,0.0408562680416663,30.0,55.0,0.0,17,4,0,0,0.0410906957638886,0.0407751231666663,0.0138742719728008,0.0154554410204198
a3c772d3fde52dbae832bi,2026-02-26 18:00:00,0.0415323793888887,28.7,59.0,0.0,18,4,0,0,0.0419126703333331,0.0410045951527775,0.0138584265167823,0.0154585825932538
a3c772d3fde52dbae832bi,2026-02-26 19:00:00,0.0418786705416665,27.9,61.0,0.0,19,4,0,0,0.0427068627499996,0.0406756545416664,0.0138239185081017,0.0154657434027776
a3c772d3fde52dbae832bi,2026-02-26 20:00:00,0.0415699736666664,27.4,67.0,0.0,20,4,0,0,0.0421951476388885,0.0336890360972219,0.0137978695925924,0.0155126537454529
a3c772d3fde52dbae832bi,2026-02-26 21:00:00,0.0343280574444442,26.9,69.0,0.0,21,4,0,0,0.0346120716805554,0.0,0.0137860356660878,0.0157169874207174
a3c772d3fde52dbae832bi,2026-02-26 22:00:00,0.0,26.2,73.0,0.0,22,4,0,0,0.0,0.0,0.0137860356660878,0.0157169874207174
a3c772d3fde52dbae832bi,2026-02-26 23:00:00,0.0,25.7,76.0,0.0,23,4,0,0,0.0,0.0,0.0137860356660878,0.0157169874207174
a3c772d3fde52dbae832bi,2026-02-27 00:00:00,0.0,25.2,78.0,0.0,0,5,0,0,0.0,0.0,0.0137860356660878,0.0157169874207174
a3c772d3fde52dbae832bi,2026-02-27 01:00:00,0.0,24.7,78.0,0.0,1,5,0,0,0.0,0.0,0.0137860356660878,0.0157169874207174
a3c772d3fde52dbae832bi,2026-02-27 02:00:00,0.0,24.4,78.0,0.0,2,5,0,0,0.0,0.0,0.0137860356660878,0.0157169874207174
a3c772d3fde52dbae832bi,2026-02-27 03:00:00,0.0,24.2,79.0,0.0,3,5,0,0,0.0,0.0,0.0137860356660878,0.0157169874207174
a3c772d3fde52dbae832bi,2026-02-27 04:00:00,0.0,24.0,80.0,0.0,4,5,0,0,0.0,0.0,0.0137860356660878,0.0157169874207174
a3c772d3fde52dbae832bi,2026-02-27 05:00:00,0.0,24.0,81.0,0.0,5,5,0,0,0.0,0.0,0.0137860356660878,0.0157169874207174
a3c772d3fde52dbae832bi,2026-02-27 06:00:00,0.0,24.0,80.0,0.0,6,5,0,0,0.0,0.0,0.0137860356660878,0.0157169874207174
a3c772d3fde52dbae832bi,2026-02-27 07:00:00,0.0,24.0,79.0,0.0,7,5,0,0,0.0,0.0,0.0137860356660878,0.0157169874207174
a3c772d3fde52dbae832bi,2026-02-27 08:00:00,0.0,25.1,72.0,0.0,8,5,0,0,0.0,0.0,0.0137860356660878,0.0157169874207174
a3c772d3fde52dbae832bi,2026-02-27 09:00:00,0.0,27.0,63.0,0.0,9,5,0,0,0.0,0.0,0.0137860356660878,0.0157169874207174
a3c772d3fde52dbae832bi,2026-02-27 10:00:00,0.0,28.8,58.0,0.0,10,5,0,0,0.0,0.0,0.0137860356660878,0.0157169874207174
a3c772d3fde52dbae832bi,2026-02-27 11:00:00,0.0,29.6,55.0,0.0,11,5,0,0,0.0,0.0,0.0137860356660878,0.0157169874207174
a3c772d3fde52dbae832bi,2026-02-27 12:00:00,0.0,30.3,54.0,0.0,12,5,0,0,0.0,0.0,0.0137860356660878,0.0157169874207174
a3c772d3fde52dbae832bi,2026-02-27 13:00:00,0.0,31.2,52.0,0.0,13,5,0,0,0.0036700644444444,0.0,0.013633116314236,0.0157169874207174
a3c772d3fde52dbae832bi,2026-02-27 14:00:00,0.0,31.3,51.0,0.0,14,5,0,0,0.0438361203611108,0.0142924365277777,0.0118066112991897,0.0156319133937664
a3c772d3fde52dbae832bi,2026-02-27 15:00:00,0.0035488521666666,32.9,45.0,0.0,15,5,0,0,0.0420215365972219,0.0274975683611108,0.0102035827812499,0.0154893615116566
a3c772d3fde52dbae832bi,2026-02-27 16:00:00,0.0425867007499997,32.5,46.0,0.0,16,5,0,0,0.0411717854999996,0.0299540646388886,0.0102625375833332,0.0155645557742227
a3c772d3fde52dbae832bi,2026-02-27 17:00:00,0.0423718688333331,30.4,59.0,0.0,17,5,0,0,0.0408562680416663,0.0325539194999997,0.0103256876163193,0.0156229959488259
a3c772d3fde52dbae832bi,2026-02-27 18:00:00,0.0422572892777776,29.5,60.0,0.0,18,5,0,0,0.0415323793888887,0.0330719477638885,0.010355892195023,0.0156776706006943
a3c772d3fde52dbae832bi,2026-02-27 19:00:00,0.0424879156249998,29.0,63.0,0.0,19,5,0,0,0.0418786705416665,0.0327995899999997,0.0103812774068286,0.015735339205605
a3c772d3fde52dbae832bi,2026-02-27 20:00:00,0.0420113565555553,28.1,64.0,0.0,20,5,0,0,0.0415699736666664,0.0324339042777775,0.0103996683605323,0.0157923478501156
a3c772d3fde52dbae832bi,2026-02-27 21:00:00,0.042210245222222,27.5,68.0,0.0,21,5,0,0,0.0343280574444442,0.0317570669444442,0.010728092851273,0.0158545691493881
a3c772d3fde52dbae832bi,2026-02-27 22:00:00,0.0421410545555553,26.7,71.0,0.0,22,5,0,0,0.0,0.0327110004999997,0.0124839701244212,0.0159107004235283
a3c772d3fde52dbae832bi,2026-02-27 23:00:00,0.041574074458333,26.2,74.0,0.0,23,5,0,0,0.0,0.0328015215555552,0.0142162232268517,0.0159629180003305
a3c772d3fde52dbae832bi,2026-02-28 00:00:00,0.0413415780833329,26.0,75.0,0.0,0,6,1,0,0.0,0.0332546525555553,0.0159387889803239,0.0160110544618054
a3c772d3fde52dbae832bi,2026-02-28 01:00:00,0.041689836736111,25.7,76.0,0.0,1,6,1,0,0.0,0.0332130921944442,0.0176758655109952,0.0160615112745534
a3c772d3fde52dbae832bi,2026-02-28 02:00:00,0.0415349037916666,25.3,78.0,0.0,2,6,1,0,0.0,0.0,0.0194064865023147,0.0163087428447419
a3c772d3fde52dbae832bi,2026-02-28 03:00:00,0.0136431834166666,25.1,79.0,0.0,3,6,1,0,0.0,0.0,0.0199749524780091,0.0163899522698411
a3c772d3fde52dbae832bi,2026-02-28 04:00:00,0.0,24.8,80.0,0.0,4,6,1,0,0.0,0.0,0.0199749524780091,0.0163899522698411
a3c772d3fde52dbae832bi,2026-02-28 05:00:00,0.0325450873611109,24.5,81.0,0.0,5,6,1,0,0.0,0.0,0.0213309977847221,0.016583673027943
a3c772d3fde52dbae832bi,2026-02-28 06:00:00,0.0423496365833331,24.5,81.0,0.0,6,6,1,0,0.0,0.0,0.0230955659756943,0.0168357541980818
a3c772d3fde52dbae832bi,2026-02-28 07:00:00,0.0425195691666663,24.8,77.0,0.0,7,6,1,0,0.0,0.0,0.024867214690972,0.017088846871693
a3c772d3fde52dbae832bi,2026-02-28 08:00:00,0.0101026296388888,25.5,73.0,0.0,8,6,1,0,0.0,0.0,0.0252881575925924,0.0171489815719244
a3c772d3fde52dbae832bi,2026-02-28 09:00:00,0.0059492265,27.5,63.0,0.0,9,6,1,0,0.0,0.0,0.0255360420300924,0.0171843936344244
a3c772d3fde52dbae832bi,2026-02-28 10:00:00,0.0,29.5,54.0,0.0,10,6,1,0,0.0,0.0,0.0255360420300924,0.0171843936344244
a3c772d3fde52dbae832bi,2026-02-28 11:00:00,0.0,31.2,45.0,0.0,11,6,1,0,0.0,0.0,0.0255360420300924,0.0171843936344244
a3c772d3fde52dbae832bi,2026-02-28 12:00:00,0.0,31.8,43.0,0.0,12,6,1,0,0.0,0.0,0.0255360420300924,0.0171843936344244
a3c772d3fde52dbae832bi,2026-02-28 13:00:00,0.0,32.2,44.0,0.0,13,6,1,0,0.0,0.0,0.0255360420300924,0.0171843936344244
a3c772d3fde52dbae832bi,2026-02-28 14:00:00,0.0,32.4,44.0,0.0,14,6,1,0,0.0,0.0,0.0255360420300924,0.0171843936344244
a3c772d3fde52dbae832bi,2026-02-28 15:00:00,0.0327718924444443,33.0,41.0,0.0,15,6,1,0,0.0035488521666666,0.0142115061805554,0.0267536687083331,0.0172948721240904
a3c772d3fde52dbae832bi,2026-02-28 16:00:00,0.0433933700277776,33.0,40.0,0.0,16,6,1,0,0.0425867007499997,0.0334763828333332,0.0267872799282406,0.0173539018097717
a3c772d3fde52dbae832bi,2026-02-28 17:00:00,0.0421814794027775,32.0,43.0,0.0,17,6,1,0,0.0423718688333331,0.0327494984166665,0.0267793470353007,0.0174100445537366
a3c772d3fde52dbae832bi,2026-02-28 18:00:00,0.0420237883472219,30.2,50.0,0.0,18,6,1,0,0.0422572892777776,0.0325833682638885,0.0267696178298609,0.0174662375304231
a3c772d3fde52dbae832bi,2026-02-28 19:00:00,0.0415748193611109,28.8,55.0,0.0,19,6,1,0,0.0424879156249998,0.0325821783888885,0.0267315721521989,0.0175197651552578
a3c772d3fde52dbae832bi,2026-02-28 20:00:00,0.0416949276111109,27.7,65.0,0.0,20,6,1,0,0.0420113565555553,0.0327137691666664,0.026718387612847,0.0175732244317128
a3c772d3fde52dbae832bi,2026-02-28 21:00:00,0.0417986879444442,27.1,67.0,0.0,21,6,1,0,0.042210245222222,0.0328104312777776,0.0267012393929396,0.0176267259594906
a3c772d3fde52dbae832bi,2026-02-28 22:00:00,0.0418032627222219,26.2,72.0,0.0,22,6,1,0,0.0421410545555553,0.0323810325694441,0.0266871647332174,0.0176828106627809
a3c772d3fde52dbae832bi,2026-02-28 23:00:00,0.0414290769027774,25.7,73.0,0.0,23,6,1,0,0.041574074458333,0.0327025077361107,0.0266811231684026,0.0177347545268682
a3c772d3fde52dbae832bi,2026-03-01 00:00:00,0.041142926472222,25.5,73.0,0.0,0,7,1,0,0.0413415780833329,0.0334331939444441,0.0266728460179396,0.0177806457919145
a3c772d3fde52dbae832bi,2026-03-01 01:00:00,0.0416287186388887,25.3,72.0,0.0,1,7,1,0,0.041689836736111,0.032292510597222,0.0266702994305554,0.0178362184588292
a3c772d3fde52dbae832bi,2026-03-01 02:00:00,0.0414998691666663,25.2,71.0,0.0,2,7,1,0,0.0415349037916666,0.0325466601666663,0.0266688396545137,0.0178895113695435
a3c772d3fde52dbae832bi,2026-03-01 03:00:00,0.0,25.4,69.0,0.0,3,7,1,0,0.0136431834166666,0.0325082195694441,0.0261003736788192,0.0176960100625825
a3c772d3fde52dbae832bi,2026-03-01 04:00:00,0.0,25.1,71.0,0.0,4,7,1,0,0.0,0.0,0.0261003736788192,0.0176960100625825
a3c772d3fde52dbae832bi,2026-03-01 05:00:00,0.0,24.9,73.0,0.0,5,7,1,0,0.0325450873611109,0.0,0.0247443283721063,0.0176960100625825
a3c772d3fde52dbae832bi,2026-03-01 06:00:00,0.0,24.7,74.0,0.0,6,7,1,0,0.0423496365833331,0.0,0.0229797601811341,0.0176960100625825
a3c772d3fde52dbae832bi,2026-03-01 07:00:00,0.0,25.0,72.0,0.0,7,7,1,0,0.0425195691666663,0.0,0.0212081114658563,0.0176960100625825
a3c772d3fde52dbae832bi,2026-03-01 08:00:00,0.0,26.0,66.0,0.0,8,7,1,0,0.0101026296388888,0.0,0.0207871685642359,0.0176960100625825
a3c772d3fde52dbae832bi,2026-03-01 09:00:00,0.0,27.8,58.0,0.0,9,7,1,0,0.0059492265,0.0,0.0205392841267359,0.0176960100625825
a3c772d3fde52dbae832bi,2026-03-01 10:00:00,0.0104510672222221,29.4,53.0,0.0,10,7,1,0,0.0,0.0,0.0209747452609952,0.0177582187960481
a3c772d3fde52dbae832bi,2026-03-01 11:00:00,0.034798765097222,30.3,51.0,0.0,11,7,1,0,0.0,0.0,0.0224246938067128,0.0179653543025792
a3c772d3fde52dbae832bi,2026-03-01 12:00:00,0.0200630881111111,31.2,51.0,0.0,12,7,1,0,0.0,0.024557672597222,0.0232606558113424,0.0179386008234952
a3c772d3fde52dbae832bi,2026-03-01 13:00:00,0.0337600152361108,31.5,50.0,0.2,13,7,1,0,0.0,0.0415801195138886,0.024667323112847,0.0178920525837465
a3c772d3fde52dbae832bi,2026-03-01 14:00:00,0.0323127663194443,31.8,52.0,0.3,14,7,1,0,0.0,0.0414873288194443,0.0260136883761572,0.0178374420926751
a3c772d3fde52dbae832bi,2026-03-01 15:00:00,0.0317169086388887,32.1,52.0,0.1,15,7,1,0,0.0327718924444443,0.0421104564444442,0.0259697307175924,0.0177755757366896
a3c772d3fde52dbae832bi,2026-03-01 16:00:00,0.0316224842083332,31.6,56.0,0.0,16,7,1,0,0.0433933700277776,0.0422767697777775,0.0254792771417822,0.0177121573702049
a3c772d3fde52dbae832bi,2026-03-01 17:00:00,0.0317916945138886,31.4,55.0,0.0,17,7,1,0,0.0421814794027775,0.0425534775277776,0.0250463694380785,0.0176480991379793
a3c772d3fde52dbae832bi,2026-03-01 18:00:00,0.0320601453055554,30.5,57.0,0.0,18,7,1,0,0.0420237883472219,0.0428560430972221,0.0246312176446757,0.0175838378416004
a3c772d3fde52dbae832bi,2026-03-01 19:00:00,0.0322180587499998,29.5,61.0,0.0,19,7,1,0,0.0415748193611109,0.0423159735277775,0.0242413526192128,0.0175237312060184
a3c772d3fde52dbae832bi,2026-03-01 20:00:00,0.0321824199722221,29.0,63.0,0.0,20,7,1,0,0.0416949276111109,0.0418422571805553,0.0238449981342591,0.0174662321750164
a3c772d3fde52dbae832bi,2026-03-01 21:00:00,0.0320428374722219,28.5,64.0,0.0,21,7,1,0,0.0417986879444442,0.0274492333749999,0.0234385043645831,0.0174935750565475
a3c772d3fde52dbae832bi,2026-03-01 22:00:00,0.0,28.1,66.0,0.0,22,7,1,0,0.0418032627222219,0.0,0.0216967017511572,0.0174935750565475
a3c772d3fde52dbae832bi,2026-03-01 23:00:00,0.0,27.6,70.0,0.0,23,7,1,0,0.0414290769027774,0.0,0.0199704902135415,0.0174935750565475
a3c772d3fde52dbae832bi,2026-03-02 00:00:00,0.0,27.3,74.0,0.0,0,1,0,0,0.041142926472222,0.0,0.0182562016105322,0.0174935750565475
a3c772d3fde52dbae832bi,2026-03-02 01:00:00,0.0,27.2,75.0,0.0,1,1,0,0,0.0416287186388887,0.0,0.0165216716672452,0.0174935750565475
a3c772d3fde52dbae832bi,2026-03-02 02:00:00,0.0,26.8,78.0,0.0,2,1,0,0,0.0414998691666663,0.0,0.0147925104519675,0.0174935750565475
a3c772d3fde52dbae832bi,2026-03-02 03:00:00,0.0,26.8,76.0,0.0,3,1,0,0,0.0,0.0,0.0147925104519675,0.0174935750565475
a3c772d3fde52dbae832bi,2026-03-02 04:00:00,0.0,26.5,76.0,0.1,4,1,0,0,0.0,0.0,0.0147925104519675,0.0174935750565475
a3c772d3fde52dbae832bi,2026-03-02 05:00:00,0.0,26.2,75.0,0.1,5,1,0,0,0.0,0.0,0.0147925104519675,0.0174935750565475
a3c772d3fde52dbae832bi,2026-03-02 06:00:00,0.0,26.0,77.0,0.1,6,1,0,0,0.0,0.0,0.0147925104519675,0.0174935750565475
a3c772d3fde52dbae832bi,2026-03-02 07:00:00,0.0,26.0,77.0,0.0,7,1,0,0,0.0,0.0,0.0147925104519675,0.0174935750565475
a3c772d3fde52dbae832bi,2026-03-02 08:00:00,0.0,26.4,78.0,0.0,8,1,0,0,0.0,0.0,0.0147925104519675,0.0174935750565475
a3c772d3fde52dbae832bi,2026-03-02 09:00:00,0.0,27.0,76.0,0.4,9,1,0,0,0.0,0.0,0.0147925104519675,0.0174935750565475
a3c772d3fde52dbae832bi,2026-03-02 10:00:00,0.0,29.0,67.0,0.1,10,1,0,0,0.0104510672222221,0.0107002377777776,0.0143570493177082,0.0174298831650131
a3c772d3fde52dbae832bi,2026-03-02 11:00:00,0.0,30.5,59.0,0.2,11,1,0,0,0.034798765097222,0.0428042562222218,0.0129071007719906,0.0171750959255951
a3c772d3fde52dbae832bi,2026-03-02 12:00:00,0.0,31.2,55.0,0.2,12,1,0,0,0.0200630881111111,0.0424498829999997,0.012071138767361,0.0169224180505951
a3c772d3fde52dbae832bi,2026-03-02 13:00:00,0.0,31.6,54.0,0.1,13,1,0,0,0.0337600152361108,0.0414925930555555,0.0106644714658564,0.0166754383300263
a3c772d3fde52dbae832bi,2026-03-02 14:00:00,0.0,31.3,58.0,0.0,14,1,0,0,0.0323127663194443,0.0417761866805552,0.0093181062025462,0.0164267705521658
a3c772d3fde52dbae832bi,2026-03-02 15:00:00,0.0105954066666665,31.5,57.0,0.0,15,1,0,0,0.0317169086388887,0.0417021892499998,0.0084380436203703,0.016241611132027
a3c772d3fde52dbae832bi,2026-03-02 16:00:00,0.0422537956388886,31.2,58.0,0.0,16,1,0,0,0.0316224842083332,0.0415491477499999,0.0088810149299767,0.0162458054646989
a3c772d3fde52dbae832bi,2026-03-02 17:00:00,0.0418801781666664,30.8,60.0,0.0,17,1,0,0,0.0317916945138886,0.041181104458333,0.0093013684155091,0.0162499666177247
a3c772d3fde52dbae832bi,2026-03-02 18:00:00,0.0420483424722219,30.0,64.0,0.0,18,1,0,0,0.0320601453055554,0.0420927554722219,0.0097175432974536,0.0162497022546295
a3c772d3fde52dbae832bi,2026-03-02 19:00:00,0.0420011813611108,29.0,69.0,0.0,19,1,0,0,0.0322180587499998,0.0422710862777774,0.0101251734062499,0.0162480956777446
a3c772d3fde52dbae832bi,2026-03-02 20:00:00,0.0422670263194442,28.7,69.0,0.0,20,1,0,0,0.0321824199722221,0.0420773153611108,0.0105453653373841,0.0162492249096394
a3c772d3fde52dbae832bi,2026-03-02 21:00:00,0.0281399563888887,28.1,71.0,0.0,21,1,0,0,0.0320428374722219,0.0417747452499998,0.0103827452922452,0.0161680654521328
a3c772d3fde52dbae832bi,2026-03-02 22:00:00,0.0,27.4,74.0,0.0,22,1,0,0,0.0,0.0,0.0103827452922452,0.0161680654521328
a3c772d3fde52dbae832bi,2026-03-02 23:00:00,0.0,26.9,77.0,0.0,23,1,0,0,0.0,0.0,0.0103827452922452,0.0161680654521328
a3c772d3fde52dbae832bi,2026-03-03 00:00:00,0.0,26.9,77.0,0.0,0,2,0,0,0.0,0.0,0.0103827452922452,0.0161680654521328
a3c772d3fde52dbae832bi,2026-03-03 01:00:00,0.0,26.9,77.0,0.0,1,2,0,0,0.0,0.0,0.0103827452922452,0.0161680654521328
a3c772d3fde52dbae832bi,2026-03-03 02:00:00,0.0,26.9,77.0,0.0,2,2,0,0,0.0,0.0,0.0103827452922452,0.0161680654521328
a3c772d3fde52dbae832bi,2026-03-03 03:00:00,0.0,26.9,77.0,0.0,3,2,0,0,0.0,0.0,0.0103827452922452,0.0161680654521328
a3c772d3fde52dbae832bi,2026-03-03 04:00:00,0.0,26.9,77.0,0.0,4,2,0,0,0.0,0.0,0.0103827452922452,0.0161680654521328
a3c772d3fde52dbae832bi,2026-03-03 05:00:00,0.0,26.9,77.0,0.0,5,2,0,0,0.0,0.0,0.0103827452922452,0.0161680654521328
a3c772d3fde52dbae832bi,2026-03-03 06:00:00,0.0,26.9,77.0,0.0,6,2,0,0,0.0,0.0,0.0103827452922452,0.0161680654521328
a3c772d3fde52dbae832bi,2026-03-03 07:00:00,0.0,26.9,77.0,0.0,7,2,0,0,0.0,0.0,0.0103827452922452,0.0161680654521328
a3c772d3fde52dbae832bi,2026-03-03 08:00:00,0.0,26.9,77.0,0.0,8,2,0,0,0.0,0.0,0.0103827452922452,0.0161680654521328
a3c772d3fde52dbae832bi,2026-03-03 09:00:00,0.0,26.9,77.0,0.0,9,2,0,0,0.0,0.0,0.0103827452922452,0.0161680654521328
a3c772d3fde52dbae832bi,2026-03-03 10:00:00,0.0,26.9,77.0,0.0,10,2,0,0,0.0,0.0,0.0103827452922452,0.0161680654521328
a3c772d3fde52dbae832bi,2026-03-03 11:00:00,0.0,26.9,77.0,0.0,11,2,0,0,0.0,0.0,0.0103827452922452,0.0161680654521328
a3c772d3fde52dbae832bi,2026-03-03 12:00:00,0.0,26.9,77.0,0.0,12,2,0,0,0.0,0.0,0.0103827452922452,0.0161680654521328
a3c772d3fde52dbae832bi,2026-03-03 13:00:00,0.0400644877499998,26.9,77.0,0.0,13,2,0,0,0.0,0.0246746481527775,0.0120520989484952,0.0162596716402115
a3c772d3fde52dbae832bi,2026-03-03 14:00:00,0.0413100393888886,26.9,77.0,0.0,14,2,0,0,0.0,0.0324889426388885,0.0137733505896989,0.0163121781684853
a3c772d3fde52dbae832bi,2026-03-03 15:00:00,0.0409220269444442,26.9,77.0,0.0,15,2,0,0,0.0105954066666665,0.0328252079722219,0.0150369597679397,0.0163603735195104
a3c772d3fde52dbae832bi,2026-03-03 16:00:00,0.0415350634166664,26.9,77.0,0.0,16,2,0,0,0.0422537956388886,0.0402582796388885,0.0150070125920137,0.0163679734229496
a3c772d3fde52dbae832bi,2026-03-03 17:00:00,0.0417919405833331,26.9,77.0,0.0,17,2,0,0,0.0418801781666664,0.0420173280555552,0.0150033360260415,0.016366631830853
a3c772d3fde52dbae832bi,2026-03-03 18:00:00,0.0420659189999997,26.9,77.0,0.0,18,2,0,0,0.0420483424722219,0.041807465944444,0.0150040683813656,0.016368170241898
a3c772d3fde52dbae832bi,2026-03-03 19:00:00,0.0426500746111108,26.9,77.0,0.0,19,2,0,0,0.0420011813611108,0.0416423991388886,0.0150311056001156,0.016374168310185
a3c772d3fde52dbae832bi,2026-03-03 20:00:00,0.0426153297916664,26.9,77.0,0.0,20,2,0,0,0.0422670263194442,0.0418967021666664,0.0150456182447915,0.0163784458555719
a3c772d3fde52dbae832bi,2026-03-03 21:00:00,0.0422313712222219,26.9,77.0,0.0,21,2,0,0,0.0281399563888887,0.0280457372777776,0.0156327605295137,0.0164628841528603
a3c772d3fde52dbae832bi,2026-03-03 22:00:00,0.0070070484722222,26.9,77.0,0.0,22,2,0,0,0.0,0.0,0.015924720882523,0.0165045927747188
a3c772d3fde52dbae832bi,2026-03-03 23:00:00,0.0,26.9,77.0,0.0,23,2,0,0,0.0,0.0,0.015924720882523,0.0165045927747188
a3c772d3fde52dbae832bi,2026-03-04 00:00:00,0.0,26.9,77.0,0.0,0,3,0,0,0.0,0.0,0.015924720882523,0.0165045927747188
a3c772d3fde52dbae832bi,2026-03-04 01:00:00,0.0,26.9,77.0,0.0,1,3,0,0,0.0,0.0,0.015924720882523,0.0165045927747188
a3c772d3fde52dbae832bi,2026-03-04 02:00:00,0.0,26.9,77.0,0.0,2,3,0,0,0.0,0.0,0.015924720882523,0.0165045927747188
a3c772d3fde52dbae832bi,2026-03-04 03:00:00,0.0,26.9,77.0,0.0,3,3,0,0,0.0,0.0,0.015924720882523,0.0165045927747188
