date,device_id,timestamp,interval_index,raw_switch_1,raw_add_ele,raw_cur_current,raw_cur_power,raw_cur_voltage,proc_power_w,proc_voltage_v,proc_current_a,proc_is_active,proc_total_kwh_accumulated,weather_temp,weather_humidity,weather_pressure,raw_countdown_1,raw_voltage_coe,raw_electric_coe,raw_power_coe,raw_electricity_coe,raw_fault,raw_relay_status,raw_overcharge_switch,raw_light_mode,raw_child_lock,raw_cycle_time,raw_random_time,raw_switch_inching
2026-01-03,a3c772d3fde52dbae832bi,2026-01-02 16:00:00,0,True,0,95,128,2290,12.89,229.09,0.096,True,0.0021,,,,,,,,,,,,,,,,
2026-01-03,a3c772d3fde52dbae832bi,2026-01-02 16:10:00,1,True,0,111,150,2287,15.02,228.74,0.112,True,0.0047,,,,,,,,,,,,,,,,
2026-01-03,a3c772d3fde52dbae832bi,2026-01-02 16:20:00,2,True,0,111,150,2295,15.05,229.51,0.112,True,0.0072,,,,,,,,,,,,,,,,
2026-01-03,a3c772d3fde52dbae832bi,2026-01-02 16:30:00,3,True,0,51,69,2295,6.94,229.51,0.052,True,0.0083,,,,,,,,,,,,,,,,
2026-01-03,a3c772d3fde52dbae832bi,2026-01-02 16:40:00,4,True,0,52,71,2310,7.14,231.03,0.053,True,0.0095,,,,,,,,,,,,,,,,
2026-01-03,a3c772d3fde52dbae832bi,2026-01-02 16:50:00,5,True,1,32,44,2308,4.44,230.84,0.033,True,0.0102,,,,,,,,,,,,,,,,
2026-01-03,a3c772d3fde52dbae832bi,2026-01-02 17:00:00,6,True,1,32,44,2308,4.44,230.82,0.033,True,0.011,,,,,,,,,,,,,,,,
2026-01-03,a3c772d3fde52dbae832bi,2026-01-02 17:10:00,7,True,1,32,44,2300,4.44,230.06,0.033,True,0.0117,,,,,,,,,,,,,,,,
2026-01-03,a3c772d3fde52dbae832bi,2026-01-02 17:20:00,8,True,1,32,44,2301,4.44,230.17,0.033,True,0.0125,,,,,,,,,,,,,,,,
2026-01-03,a3c772d3fde52dbae832bi,2026-01-02 17:30:00,9,True,1,32,44,2302,4.44,230.28,0.033,True,0.0132,,,,,,,,,,,,,,,,
2026-01-03,a3c772d3fde52dbae832bi,2026-01-02 17:40:00,10,True,1,32,44,2301,4.44,230.19,0.033,True,0.0139,,,,,,,,,,,,,,,,
2026-01-03,a3c772d3fde52dbae832bi,2026-01-02 17:50:00,11,True,1,32,43,2300,4.36,230.02,0.032,True,0.0147,,,,,,,,,,,,,,,,
2026-01-03,a3c772d3fde52dbae832bi,2026-01-02 18:00:00,12,True,1,32,43,2296,4.36,229.62,0.032,True,0.0154,,,,,,,,,,,,,,,,
2026-01-03,a3c772d3fde52dbae832bi,2026-01-02 18:10:00,13,True,1,32,43,2295,4.36,229.57,0.032,True,0.0161,,,,,,,,,,,,,,,,
2026-01-03,a3c772d3fde52dbae832bi,2026-01-02 18:20:00,14,True,1,32,43,2303,4.36,230.37,0.032,True,0.0169,,,,,,,,,,,,,,,,
2026-01-03,a3c772d3fde52dbae832bi,2026-01-02 18:30:00,15,True,1,31,42,2299,4.28,229.93,0.032,True,0.0176,,,,,,,,,,,,,,,,
2026-01-03,a3c772d3fde52dbae832bi,2026-01-02 18:40:00,16,True,1,31,42,2303,4.28,230.39,0.032,True,0.0183,,,,,,,,,,,,,,,,
2026-01-03,a3c772d3fde52dbae832bi,2026-01-02 18:50:00,17,True,1,31,42,2303,4.28,230.3,0.032,True,0.019,,,,,,,,,,,,,,,,
2026-01-03,a3c772d3fde52dbae832bi,2026-01-02 19:00:00,18,True,1,31,42,2301,4.28,230.17,0.032,True,0.0197,,,,,,,,,,,,,,,,
2026-01-03,a3c772d3fde52dbae832bi,2026-01-02 19:10:00,19,True,2,31,42,2301,4.28,230.17,0.032,True,0.0204,,,,,,,,,,,,,,,,
2026-01-03,a3c772d3fde52dbae832bi,2026-01-02 19:20:00,20,True,2,31,42,2303,4.28,230.35,0.032,True,0.0211,,,,,,,,,,,,,,,,
2026-01-03,a3c772d3fde52dbae832bi,2026-01-02 19:30:00,21,True,2,31,42,2302,4.28,230.27,0.032,True,0.0218,,,,,,,,,,,,,,,,
2026-01-03,a3c772d3fde52dbae832bi,2026-01-02 19:40:00,22,True,2,31,43,2309,4.3,230.96,0.032,True,0.0226,,,,,,,,,,,,,,,,
2026-01-03,a3c772d3fde52dbae832bi,2026-01-02 19:50:00,23,True,2,32,43,2302,4.33,230.25,0.032,True,0.0233,,,,,,,,,,,,,,,,
2026-01-03,a3c772d3fde52dbae832bi,2026-01-02 20:00:00,24,True,2,32,43,2301,4.33,230.12,0.032,True,0.024,,,,,,,,,,,,,,,,
2026-01-03,a3c772d3fde52dbae832bi,2026-01-02 20:10:00,25,True,2,31,43,2305,4.33,230.57,0.032,True,0.0247,,,,,,,,,,,,,,,,
2026-01-03,a3c772d3fde52dbae832bi,2026-01-02 20:20:00,26,True,2,32,43,2300,4.33,230.06,0.032,True,0.0255,,,,,,,,,,,,,,,,
2026-01-03,a3c772d3fde52dbae832bi,2026-01-02 20:30:00,27,True,2,32,43,2304,4.33,230.4,0.032,True,0.0262,,,,,,,,,,,,,,,,
2026-01-03,a3c772d3fde52dbae832bi,2026-01-02 20:40:00,28,True,2,32,43,2316,4.39,231.62,0.032,True,0.0269,,,,,,,,,,,,,,,,
2026-01-03,a3c772d3fde52dbae832bi,2026-01-02 20:50:00,29,True,3,0,212,2319,21.22,231.99,0.0,True,0.0304,,,,,,,,,,,,,,,,
2026-01-03,a3c772d3fde52dbae832bi,2026-01-02 21:00:00,30,True,3,0,212,2311,21.22,231.14,0.0,True,0.034,,,,,,,,,,,,,,,,
2026-01-03,a3c772d3fde52dbae832bi,2026-01-02 21:10:00,31,True,3,0,212,2318,21.22,231.83,0.0,True,0.0375,,,,,,,,,,,,,,,,
2026-01-03,a3c772d3fde52dbae832bi,2026-01-02 21:20:00,32,True,4,0,212,2314,21.22,231.41,0.0,True,0.0411,,,,,,,,,,,,,,,,
2026-01-03,a3c772d3fde52dbae832bi,2026-01-02 21:30:00,33,True,4,0,212,2308,21.22,230.84,0.0,True,0.0446,,,,,,,,,,,,,,,,
2026-01-03,a3c772d3fde52dbae832bi,2026-01-02 21:40:00,34,True,4,0,212,2314,21.22,231.42,0.0,True,0.0481,,,,,,,,,,,,,,,,
2026-01-03,a3c772d3fde52dbae832bi,2026-01-02 21:50:00,35,True,5,0,212,2315,21.22,231.52,0.0,True,0.0517,,,,,,,,,,,,,,,,
2026-01-03,a3c772d3fde52dbae832bi,2026-01-02 22:00:00,36,True,5,0,212,2309,21.22,230.92,0.0,True,0.0552,,,,,,,,,,,,,,,,
2026-01-03,a3c772d3fde52dbae832bi,2026-01-02 22:10:00,37,True,5,0,212,2309,21.22,230.95,0.0,True,0.0587,,,,,,,,,,,,,,,,
2026-01-03,a3c772d3fde52dbae832bi,2026-01-02 22:20:00,38,True,6,0,212,2312,21.22,231.26,0.0,True,0.0623,,,,,,,,,,,,,,,,
2026-01-03,a3c772d3fde52dbae832bi,2026-01-02 22:30:00,39,True,6,0,212,2312,21.22,231.26,0.0,True,0.0658,,,,,,,,,,,,,,,,
2026-01-03,a3c772d3fde52dbae832bi,2026-01-02 22:40:00,40,True,6,0,212,2315,21.22,231.56,0.0,True,0.0693,,,,,,,,,,,,,,,,
2026-01-03,a3c772d3fde52dbae832bi,2026-01-02 22:50:00,41,True,7,0,212,2309,21.22,230.91,0.0,True,0.0729,,,,,,,,,,,,,,,,
2026-01-03,a3c772d3fde52dbae832bi,2026-01-02 23:00:00,42,True,7,0,212,2313,21.22,231.38,0.0,True,0.0764,,,,,,,,,,,,,,,,
2026-01-03,a3c772d3fde52dbae832bi,2026-01-02 23:10:00,43,True,7,0,212,2310,21.22,231.0,0.0,True,0.08,,,,,,,,,,,,,,,,
2026-01-03,a3c772d3fde52dbae832bi,2026-01-02 23:20:00,44,True,8,0,212,2315,21.22,231.54,0.0,True,0.0835,,,,,,,,,,,,,,,,
2026-01-03,a3c772d3fde52dbae832bi,2026-01-02 23:30:00,45,True,8,0,212,2305,21.22,230.53,0.0,True,0.087,,,,,,,,,,,,,,,,
2026-01-03,a3c772d3fde52dbae832bi,2026-01-02 23:40:00,46,True,9,0,212,2309,21.22,230.98,0.0,True,0.0906,,,,,,,,,,,,,,,,
2026-01-03,a3c772d3fde52dbae832bi,2026-01-02 23:50:00,47,True,9,0,212,2306,21.22,230.69,0.0,True,0.0941,,,,,,,,,,,,,,,,
2026-01-03,a3c772d3fde52dbae832bi,2026-01-03 00:00:00,48,True,9,0,212,2301,21.22,230.17,0.0,True,0.0976,,,,,,,,,,,,,,,,
2026-01-03,a3c772d3fde52dbae832bi,2026-01-03 00:10:00,49,True,10,0,212,2323,21.22,232.31,0.0,True,0.1012,,,,,,,,,,,,,,,,
2026-01-03,a3c772d3fde52dbae832bi,2026-01-03 00:20:00,50,True,10,0,212,2317,21.22,231.75,0.0,True,0.1047,,,,,,,,,,,,,,,,
2026-01-03,a3c772d3fde52dbae832bi,2026-01-03 00:30:00,51,True,10,0,212,2321,21.22,232.13,0.0,True,0.1082,,,,,,,,,,,,,,,,
2026-01-03,a3c772d3fde52dbae832bi,2026-01-03 00:40:00,52,True,11,0,212,2328,21.22,232.87,0.0,True,0.1118,,,,,,,,,,,,,,,,
2026-01-03,a3c772d3fde52dbae832bi,2026-01-03 00:50:00,53,False,11,0,0,2317,0.0,231.72,0.0,False,0.1118,,,,,,,,,,,,,,,,
2026-01-03,a3c772d3fde52dbae832bi,2026-01-03 01:00:00,54,True,11,0,212,2321,21.22,232.18,0.0,True,0.1153,,,,,,,,,,,,,,,,
2026-01-03,a3c772d3fde52dbae832bi,2026-01-03 01:10:00,55,True,11,0,212,2310,21.22,231.09,0.0,True,0.1188,,,,,,,,,,,,,,,,
2026-01-03,a3c772d3fde52dbae832bi,2026-01-03 01:20:00,56,True,12,0,212,2334,21.22,233.4,0.0,True,0.1224,,,,,,,,,,,,,,,,
2026-01-03,a3c772d3fde52dbae832bi,2026-01-03 01:30:00,57,True,12,0,212,2334,21.22,233.4,0.0,True,0.1259,,,,,,,,,,,,,,,,
2026-01-03,a3c772d3fde52dbae832bi,2026-01-03 01:40:00,58,True,12,0,212,2328,21.22,232.81,0.0,True,0.1295,,,,,,,,,,,,,,,,
2026-01-03,a3c772d3fde52dbae832bi,2026-01-03 01:50:00,59,True,13,0,212,2313,21.22,231.31,0.0,True,0.133,,,,,,,,,,,,,,,,
2026-01-03,a3c772d3fde52dbae832bi,2026-01-03 02:00:00,60,True,13,0,212,2303,21.22,230.3,0.0,True,0.1365,,,,,,,,,,,,,,,,
2026-01-03,a3c772d3fde52dbae832bi,2026-01-03 02:10:00,61,True,14,0,212,2297,21.22,229.76,0.0,True,0.1401,,,,,,,,,,,,,,,,
2026-01-03,a3c772d3fde52dbae832bi,2026-01-03 02:20:00,62,True,14,0,212,2299,21.22,229.97,0.0,True,0.1436,,,,,,,,,,,,,,,,
2026-01-03,a3c772d3fde52dbae832bi,2026-01-03 02:30:00,63,True,14,0,212,2300,21.22,230.07,0.0,True,0.1471,,,,,,,,,,,,,,,,
2026-01-03,a3c772d3fde52dbae832bi,2026-01-03 02:40:00,64,True,15,0,212,2300,21.22,230.01,0.0,True,0.1507,,,,,,,,,,,,,,,,
2026-01-03,a3c772d3fde52dbae832bi,2026-01-03 02:50:00,65,True,15,0,212,2298,21.22,229.81,0.0,True,0.1542,,,,,,,,,,,,,,,,
2026-01-03,a3c772d3fde52dbae832bi,2026-01-03 03:00:00,66,True,15,0,212,2302,21.22,230.23,0.0,True,0.1577,,,,,,,,,,,,,,,,
2026-01-03,a3c772d3fde52dbae832bi,2026-01-03 03:10:00,67,True,16,0,212,2298,21.22,229.81,0.0,True,0.1613,,,,,,,,,,,,,,,,
2026-01-03,a3c772d3fde52dbae832bi,2026-01-03 03:20:00,68,True,16,0,212,2301,21.22,230.12,0.0,True,0.1648,,,,,,,,,,,,,,,,
2026-01-03,a3c772d3fde52dbae832bi,2026-01-03 03:30:00,69,True,16,0,212,2310,21.22,231.09,0.0,True,0.1684,,,,,,,,,,,,,,,,
2026-01-03,a3c772d3fde52dbae832bi,2026-01-03 03:40:00,70,True,17,0,212,2312,21.22,231.29,0.0,True,0.1719,,,,,,,,,,,,,,,,
2026-01-03,a3c772d3fde52dbae832bi,2026-01-03 03:50:00,71,True,17,0,212,2323,21.22,232.3,0.0,True,0.1754,,,,,,,,,,,,,,,,
2026-01-03,a3c772d3fde52dbae832bi,2026-01-03 04:00:00,72,True,17,0,212,2304,21.22,230.46,0.0,True,0.179,,,,,,,,,,,,,,,,
2026-01-03,a3c772d3fde52dbae832bi,2026-01-03 04:10:00,73,True,18,0,212,2305,21.22,230.57,0.0,True,0.1825,,,,,,,,,,,,,,,,
2026-01-03,a3c772d3fde52dbae832bi,2026-01-03 04:20:00,74,True,18,0,212,2322,21.22,232.22,0.0,True,0.186,,,,,,,,,,,,,,,,
2026-01-03,a3c772d3fde52dbae832bi,2026-01-03 04:30:00,75,True,18,0,212,2297,21.22,229.72,0.0,True,0.1896,,,,,,,,,,,,,,,,
2026-01-03,a3c772d3fde52dbae832bi,2026-01-03 04:40:00,76,True,19,0,212,2305,21.22,230.56,0.0,True,0.1931,,,,,,,,,,,,,,,,
2026-01-03,a3c772d3fde52dbae832bi,2026-01-03 04:50:00,77,True,19,0,212,2305,21.22,230.52,0.0,True,0.1966,,,,,,,,,,,,,,,,
2026-01-03,a3c772d3fde52dbae832bi,2026-01-03 05:00:00,78,True,19,41,56,2309,5.66,230.9,0.042,True,0.1976,,,,,,,,,,,,,,,,
2026-01-03,a3c772d3fde52dbae832bi,2026-01-03 05:10:00,79,False,19,0,0,2321,0.0,232.15,0.0,False,0.1976,,,,,,,,,,,,,,,,
2026-01-03,a3c772d3fde52dbae832bi,2026-01-03 05:20:00,80,True,19,20,28,2317,2.83,231.78,0.021,True,0.1981,,,,,,,,,,,,,,,,
2026-01-03,a3c772d3fde52dbae832bi,2026-01-03 05:30:00,81,False,19,0,0,2330,0.0,233.07,0.0,False,0.1981,,,,,,,,,,,,,,,,
2026-01-03,a3c772d3fde52dbae832bi,2026-01-03 05:40:00,82,True,19,20,28,2309,2.83,230.9,0.021,True,0.1985,,,,,,,,,,,,,,,,
2026-01-03,a3c772d3fde52dbae832bi,2026-01-03 05:50:00,83,True,19,20,28,2309,2.83,230.9,0.021,True,0.199,,,,,,,,,,,,,,,,
2026-01-03,a3c772d3fde52dbae832bi,2026-01-03 06:00:00,84,True,20,60,82,2317,8.26,231.75,0.061,True,0.2004,,,,,,,,,,,,,,,,
2026-01-03,a3c772d3fde52dbae832bi,2026-01-03 06:10:00,85,True,20,40,55,2324,5.52,232.48,0.04,True,0.2013,,,,,,,,,,,,,,,,
2026-01-03,a3c772d3fde52dbae832bi,2026-01-03 06:20:00,86,True,20,82,111,2317,11.19,231.76,0.082,True,0.2032,,,,,,,,,,,,,,,,
2026-01-03,a3c772d3fde52dbae832bi,2026-01-03 06:30:00,87,True,20,215,281,2277,28.12,227.7,0.215,True,0.2078,24.62,73.0,1015.0,0,558,29647,15912,2620,0,last,False,relay,False,,,
2026-01-03,a3c772d3fde52dbae832bi,2026-01-03 06:40:00,88,True,21,99,135,2314,13.51,231.41,0.099,True,0.2101,,,,,,,,,,,,,,,,
2026-01-03,a3c772d3fde52dbae832bi,2026-01-03 06:50:00,89,True,21,215,281,2277,28.12,227.7,0.215,True,0.2148,24.62,73.0,1015.0,0,558,29647,15912,2620,0,last,False,relay,False,,,
2026-01-03,a3c772d3fde52dbae832bi,2026-01-03 07:00:00,90,True,21,215,281,2277,28.12,227.7,0.215,True,0.2195,24.62,73.0,1015.0,0,558,29647,15912,2620,0,last,False,relay,False,,,
2026-01-03,a3c772d3fde52dbae832bi,2026-01-03 07:10:00,91,True,22,210,283,2286,28.35,228.6,0.21,True,0.2242,24.62,75.0,1015.0,0,558,29647,15912,2620,0,last,False,relay,False,,,
2026-01-03,a3c772d3fde52dbae832bi,2026-01-03 07:20:00,92,True,22,208,283,2294,28.35,229.4,0.208,True,0.2289,24.62,75.0,1015.0,0,558,29647,15912,2620,0,last,False,relay,False,,,
2026-01-03,a3c772d3fde52dbae832bi,2026-01-03 07:30:00,93,True,23,0,212,0,21.22,0.0,0.0,True,0.2325,24.18,78.0,1015.0,0,558,29647,15912,2620,0,last,False,relay,False,,,
2026-01-03,a3c772d3fde52dbae832bi,2026-01-03 07:40:00,94,True,23,185,251,2307,25.18,230.7,0.185,True,0.2367,24.18,78.0,1015.0,0,558,29647,15912,2620,0,last,False,relay,False,,,
2026-01-03,a3c772d3fde52dbae832bi,2026-01-03 07:50:00,95,True,24,185,251,2307,25.18,230.7,0.185,True,0.2409,24.18,78.0,1015.0,0,558,29647,15912,2620,0,last,False,relay,False,,,
2026-01-03,a3c772d3fde52dbae832bi,2026-01-03 08:00:00,96,True,24,185,251,2307,25.18,230.7,0.185,True,0.2451,24.62,75.0,1015.0,0,558,29647,15912,2620,0,last,False,relay,False,,,
2026-01-03,a3c772d3fde52dbae832bi,2026-01-03 08:10:00,97,True,24,185,251,2307,25.18,230.7,0.185,True,0.2492,24.43,76.0,1015.0,0,558,29647,15912,2620,0,last,False,relay,False,,,
2026-01-03,a3c772d3fde52dbae832bi,2026-01-03 08:20:00,98,True,25,185,251,2307,25.18,230.7,0.185,True,0.2534,24.34,76.0,1015.0,0,558,29647,15912,2620,0,last,False,relay,False,,,
2026-01-03,a3c772d3fde52dbae832bi,2026-01-03 08:30:00,99,True,25,185,251,2307,25.18,230.7,0.185,True,0.2576,24.34,76.0,1015.0,0,558,29647,15912,2620,0,last,False,relay,False,,,
2026-01-03,a3c772d3fde52dbae832bi,2026-01-03 08:40:00,100,True,26,184,251,2333,25.12,233.3,0.184,True,0.2618,24.29,77.0,1014.0,0,558,29647,15912,2620,0,last,False,relay,False,,,
2026-01-03,a3c772d3fde52dbae832bi,2026-01-03 08:50:00,101,True,26,184,251,2333,25.12,233.3,0.184,True,0.266,23.89,77.0,1014.0,0,558,29647,15912,2620,0,last,False,relay,False,,,
2026-01-03,a3c772d3fde52dbae832bi,2026-01-03 09:00:00,102,True,27,184,251,2333,25.12,233.3,0.184,True,0.2702,23.95,77.0,1014.0,0,558,29647,15912,2620,0,last,False,relay,False,,,
2026-01-03,a3c772d3fde52dbae832bi,2026-01-03 09:10:00,103,True,27,184,251,2333,25.12,233.3,0.184,True,0.2744,23.95,77.0,1015.0,0,558,29647,15912,2620,0,last,False,relay,False,,,
2026-01-03,a3c772d3fde52dbae832bi,2026-01-03 09:20:00,104,True,27,184,251,2333,25.12,233.3,0.184,True,0.2786,23.89,77.0,1014.0,0,558,29647,15912,2620,0,last,False,relay,False,,,
2026-01-03,a3c772d3fde52dbae832bi,2026-01-03 09:30:00,105,True,28,184,251,2333,25.12,233.3,0.184,True,0.2828,23.89,77.0,1014.0,0,558,29647,15912,2620,0,last,False,relay,False,,,
2026-01-03,a3c772d3fde52dbae832bi,2026-01-03 09:40:00,106,True,28,183,247,2307,24.71,230.7,0.183,True,0.2869,23.89,77.0,1014.0,0,558,29647,15912,2620,0,last,False,relay,False,,,
2026-01-03,a3c772d3fde52dbae832bi,2026-01-03 09:50:00,107,True,29,183,247,2307,24.71,230.7,0.183,True,0.291,23.89,77.0,1014.0,0,558,29647,15912,2620,0,last,False,relay,False,,,
2026-01-03,a3c772d3fde52dbae832bi,2026-01-03 10:00:00,108,True,29,183,247,2307,24.71,230.7,0.183,True,0.2951,23.89,77.0,1014.0,0,558,29647,15912,2620,0,last,False,relay,False,,,
2026-01-03,a3c772d3fde52dbae832bi,2026-01-03 10:10:00,109,True,29,183,247,2307,24.71,230.7,0.183,True,0.2992,23.84,77.0,1014.0,0,558,29647,15912,2620,0,last,False,relay,False,,,
2026-01-03,a3c772d3fde52dbae832bi,2026-01-03 10:20:00,110,True,30,183,247,2307,24.71,230.7,0.183,True,0.3034,23.56,80.0,1014.0,0,558,29647,15912,2620,0,last,False,relay,False,,,
2026-01-03,a3c772d3fde52dbae832bi,2026-01-03 10:30:00,111,True,30,183,247,2307,24.71,230.7,0.183,True,0.3075,23.56,80.0,1014.0,0,558,29647,15912,2620,0,last,False,relay,False,,,
2026-01-03,a3c772d3fde52dbae832bi,2026-01-03 10:40:00,112,True,31,182,247,2316,24.77,231.6,0.182,True,0.3116,23.89,77.0,1013.0,0,558,29647,15912,2620,0,last,False,relay,False,,,
2026-01-03,a3c772d3fde52dbae832bi,2026-01-03 10:50:00,113,True,31,182,247,2316,24.77,231.6,0.182,True,0.3157,23.89,77.0,1013.0,0,558,29647,15912,2620,0,last,False,relay,False,,,
2026-01-03,a3c772d3fde52dbae832bi,2026-01-03 11:00:00,114,True,31,182,247,2316,24.77,231.6,0.182,True,0.3199,23.89,77.0,1013.0,0,558,29647,15912,2620,0,last,False,relay,False,,,
2026-01-03,a3c772d3fde52dbae832bi,2026-01-03 11:10:00,115,True,32,182,247,2316,24.77,231.6,0.182,True,0.324,23.76,78.0,1014.0,0,558,29647,15912,2620,0,last,False,relay,False,,,
2026-01-03,a3c772d3fde52dbae832bi,2026-01-03 11:20:00,116,True,32,182,247,2316,24.77,231.6,0.182,True,0.3281,23.76,77.0,1013.0,0,558,29647,15912,2620,0,last,False,relay,False,,,
2026-01-03,a3c772d3fde52dbae832bi,2026-01-03 11:30:00,117,True,33,182,247,2316,24.77,231.6,0.182,True,0.3322,23.84,77.0,1013.0,0,558,29647,15912,2620,0,last,False,relay,False,,,
2026-01-03,a3c772d3fde52dbae832bi,2026-01-03 11:40:00,118,True,33,182,247,2320,24.71,232.0,0.182,True,0.3364,23.76,78.0,1013.0,0,558,29647,15912,2620,0,last,False,relay,False,,,
2026-01-03,a3c772d3fde52dbae832bi,2026-01-03 11:50:00,119,True,34,182,247,2320,24.71,232.0,0.182,True,0.3405,23.76,78.0,1013.0,0,558,29647,15912,2620,0,last,False,relay,False,,,
2026-01-03,a3c772d3fde52dbae832bi,2026-01-03 12:00:00,120,True,34,182,247,2320,24.71,232.0,0.182,True,0.3446,23.81,78.0,1013.0,0,558,29647,15912,2620,0,last,False,relay,False,,,
2026-01-03,a3c772d3fde52dbae832bi,2026-01-03 12:10:00,121,True,34,182,247,2320,24.71,232.0,0.182,True,0.3487,23.76,77.0,1014.0,0,558,29647,15912,2620,0,last,False,relay,False,,,
2026-01-03,a3c772d3fde52dbae832bi,2026-01-03 12:20:00,122,True,35,182,247,2320,24.71,232.0,0.182,True,0.3528,23.84,77.0,1014.0,0,558,29647,15912,2620,0,last,False,relay,False,,,
2026-01-03,a3c772d3fde52dbae832bi,2026-01-03 12:30:00,123,True,35,182,247,2320,24.71,232.0,0.182,True,0.357,23.79,77.0,1014.0,0,558,29647,15912,2620,0,last,False,relay,False,,,
2026-01-03,a3c772d3fde52dbae832bi,2026-01-03 12:40:00,124,True,36,183,249,2320,24.94,232.0,0.183,True,0.3611,23.65,77.0,1014.0,0,558,29647,15912,2620,0,last,False,relay,False,,,
2026-01-03,a3c772d3fde52dbae832bi,2026-01-03 12:50:00,125,True,36,183,249,2320,24.94,232.0,0.183,True,0.3653,23.71,77.0,1014.0,0,558,29647,15912,2620,0,last,False,relay,False,,,
2026-01-03,a3c772d3fde52dbae832bi,2026-01-03 13:00:00,126,True,36,183,249,2320,24.94,232.0,0.183,True,0.3694,23.71,77.0,1014.0,0,558,29647,15912,2620,0,last,False,relay,False,,,
2026-01-03,a3c772d3fde52dbae832bi,2026-01-03 13:10:00,127,True,37,183,249,2320,24.94,232.0,0.183,True,0.3736,23.4,77.0,1014.0,0,558,29647,15912,2620,0,last,False,relay,False,,,
2026-01-03,a3c772d3fde52dbae832bi,2026-01-03 13:20:00,128,True,37,183,249,2320,24.94,232.0,0.183,True,0.3777,,,,0,558,29647,15912,2620,0,last,False,relay,False,,,
2026-01-03,a3c772d3fde52dbae832bi,2026-01-03 13:30:00,129,True,38,183,249,2320,24.94,232.0,0.183,True,0.3819,23.2,78.0,1014.0,0,558,29647,15912,2620,0,last,False,relay,False,,,
2026-01-03,a3c772d3fde52dbae832bi,2026-01-03 13:40:00,130,True,38,183,250,2333,25.07,233.3,0.183,True,0.3861,23.28,78.0,1014.0,0,558,29647,15912,2620,0,last,False,relay,False,,,
2026-01-03,a3c772d3fde52dbae832bi,2026-01-03 13:50:00,131,True,39,183,250,2333,25.07,233.3,0.183,True,0.3903,23.28,78.0,1014.0,0,558,29647,15912,2620,0,last,False,relay,False,,,
2026-01-03,a3c772d3fde52dbae832bi,2026-01-03 14:00:00,132,True,39,183,250,2333,25.07,233.3,0.183,True,0.3944,23.2,78.0,1014.0,0,558,29647,15912,2620,0,last,False,relay,False,,,
2026-01-03,a3c772d3fde52dbae832bi,2026-01-03 14:10:00,133,True,39,183,250,2333,25.07,233.3,0.183,True,0.3986,23.2,78.0,1014.0,0,558,29647,15912,2620,0,last,False,relay,False,,,
2026-01-03,a3c772d3fde52dbae832bi,2026-01-03 14:20:00,134,True,40,183,250,2333,25.07,233.3,0.183,True,0.4028,23.15,79.0,1014.0,0,558,29647,15912,2620,0,last,False,relay,False,,,
2026-01-03,a3c772d3fde52dbae832bi,2026-01-03 14:30:00,135,True,40,183,250,2333,25.07,233.3,0.183,True,0.407,23.15,79.0,1014.0,0,558,29647,15912,2620,0,last,False,relay,False,,,
2026-01-03,a3c772d3fde52dbae832bi,2026-01-03 14:40:00,136,True,41,183,248,2320,24.89,232.0,0.183,True,0.4111,23.2,79.0,1014.0,0,558,29647,15912,2620,0,last,False,relay,False,,,
2026-01-03,a3c772d3fde52dbae832bi,2026-01-03 14:50:00,137,True,41,183,248,2320,24.89,232.0,0.183,True,0.4153,23.38,80.0,1015.0,0,558,29647,15912,2620,0,last,False,relay,False,,,
2026-01-03,a3c772d3fde52dbae832bi,2026-01-03 15:00:00,138,True,41,183,248,2320,24.89,232.0,0.183,True,0.4194,23.51,79.0,1015.0,0,558,29647,15912,2620,0,last,False,relay,False,,,
2026-01-03,a3c772d3fde52dbae832bi,2026-01-03 15:10:00,139,True,42,183,248,2320,24.89,232.0,0.183,True,0.4236,23.51,79.0,1015.0,0,558,29647,15912,2620,0,last,False,relay,False,,,
2026-01-03,a3c772d3fde52dbae832bi,2026-01-03 15:20:00,140,True,42,183,248,2320,24.89,232.0,0.183,True,0.4277,23.56,79.0,1015.0,0,558,29647,15912,2620,0,last,False,relay,False,,,
2026-01-03,a3c772d3fde52dbae832bi,2026-01-03 15:30:00,141,True,43,183,248,2320,24.89,232.0,0.183,True,0.4319,23.56,79.0,1015.0,0,558,29647,15912,2620,0,last,False,relay,False,,,
2026-01-03,a3c772d3fde52dbae832bi,2026-01-03 15:40:00,142,True,43,181,244,2303,24.42,230.3,0.181,True,0.4359,23.96,78.0,1015.0,0,558,29647,15912,2620,0,last,False,relay,False,,,
2026-01-03,a3c772d3fde52dbae832bi,2026-01-03 15:50:00,143,True,44,181,244,2303,24.42,230.3,0.181,True,0.44,,,,0,558,29647,15912,2620,0,last,False,relay,False,,,
2026-01-04,a3c772d3fde52dbae832bi,2026-01-03 16:00:00,0,True,0,181,217,2286,21.76,228.6,0.181,True,0.0036,24.4,77.0,1015.0,0,558,29647,15912,2620,0,last,False,relay,False,,,
2026-01-04,a3c772d3fde52dbae832bi,2026-01-03 16:10:00,1,True,0,181,217,2286,21.76,228.6,0.181,True,0.0073,24.8,76.0,1015.0,0,558,29647,15912,2620,0,last,False,relay,False,,,
2026-01-04,a3c772d3fde52dbae832bi,2026-01-03 16:20:00,2,True,1,181,217,2286,21.76,228.6,0.181,True,0.0109,25.06,77.0,1015.0,0,558,29647,15912,2620,0,last,False,relay,False,,,
2026-01-04,a3c772d3fde52dbae832bi,2026-01-03 16:30:00,3,True,1,0,158,2316,15.83,231.6,0.0,True,0.0135,25.06,77.0,1015.0,0,558,29647,15912,2620,0,last,False,relay,False,,,
2026-01-04,a3c772d3fde52dbae832bi,2026-01-03 16:40:00,4,True,1,0,158,2316,15.83,231.6,0.0,True,0.0162,25.89,72.0,1016.0,0,558,29647,15912,2620,0,last,False,relay,False,,,
2026-01-04,a3c772d3fde52dbae832bi,2026-01-03 16:50:00,5,True,1,0,158,2316,15.83,231.6,0.0,True,0.0188,26.25,72.0,1016.0,0,558,29647,15912,2620,0,last,False,relay,False,,,
2026-01-04,a3c772d3fde52dbae832bi,2026-01-03 17:00:00,6,True,2,0,158,2316,15.83,231.6,0.0,True,0.0214,26.94,72.0,1016.0,0,558,29647,15912,2620,0,last,False,relay,False,,,
2026-01-04,a3c772d3fde52dbae832bi,2026-01-03 17:10:00,7,True,2,32,39,2300,3.97,230.06,0.033,True,0.0221,,,,,,,,,,,,,,,,
2026-01-04,a3c772d3fde52dbae832bi,2026-01-03 17:20:00,8,True,2,0,158,2277,15.83,227.7,0.0,True,0.0247,,,,0,558,29647,15912,2620,0,last,False,relay,False,,,
2026-01-04,a3c772d3fde52dbae832bi,2026-01-03 17:30:00,9,True,2,0,158,2277,15.83,227.7,0.0,True,0.0274,27.73,73.0,1016.0,0,558,29647,15912,2620,0,last,False,relay,False,,,
2026-01-04,a3c772d3fde52dbae832bi,2026-01-03 17:40:00,10,True,3,0,158,2277,15.83,227.7,0.0,True,0.03,,,,0,558,29647,15912,2620,0,last,False,relay,False,,,
2026-01-04,a3c772d3fde52dbae832bi,2026-01-03 17:50:00,11,True,3,0,158,2277,15.83,227.7,0.0,True,0.0326,,,,0,558,29647,15912,2620,0,last,False,relay,False,,,
2026-01-04,a3c772d3fde52dbae832bi,2026-01-03 18:00:00,12,True,3,0,158,2277,15.83,227.7,0.0,True,0.0353,,,,0,558,29647,15912,2620,0,last,False,relay,False,,,
2026-01-04,a3c772d3fde52dbae832bi,2026-01-03 18:10:00,13,True,3,0,158,2277,15.83,227.7,0.0,True,0.0379,27.78,73.0,1016.0,0,558,29647,15912,2620,0,last,False,relay,False,,,
2026-01-04,a3c772d3fde52dbae832bi,2026-01-03 18:20:00,14,True,4,0,158,2325,15.83,232.5,0.0,True,0.0406,28.01,63.0,1016.0,0,558,29647,15912,2620,0,last,False,relay,False,,,
2026-01-04,a3c772d3fde52dbae832bi,2026-01-03 18:30:00,15,True,4,0,158,2325,15.83,232.5,0.0,True,0.0432,27.95,64.0,1016.0,0,558,29647,15912,2620,0,last,False,relay,False,,,
2026-01-04,a3c772d3fde52dbae832bi,2026-01-03 18:40:00,16,True,4,0,158,2325,15.83,232.5,0.0,True,0.0458,,,,0,558,29647,15912,2620,0,last,False,relay,False,,,
2026-01-04,a3c772d3fde52dbae832bi,2026-01-03 18:50:00,17,True,4,0,158,2325,15.83,232.5,0.0,True,0.0485,27.64,68.0,1015.0,0,558,29647,15912,2620,0,last,False,relay,False,,,
2026-01-04,a3c772d3fde52dbae832bi,2026-01-03 19:00:00,18,True,5,0,158,2325,15.83,232.5,0.0,True,0.0511,28.01,67.0,1015.0,0,558,29647,15912,2620,0,last,False,relay,False,,,
2026-01-04,a3c772d3fde52dbae832bi,2026-01-03 19:10:00,19,True,5,0,158,2325,15.83,232.5,0.0,True,0.0537,27.89,69.0,1015.0,0,558,29647,15912,2620,0,last,False,relay,False,,,
2026-01-04,a3c772d3fde52dbae832bi,2026-01-03 19:20:00,20,True,5,0,158,2329,15.83,232.9,0.0,True,0.0564,29.0,58.0,1015.0,0,558,29647,15912,2620,0,last,False,relay,False,,,
2026-01-04,a3c772d3fde52dbae832bi,2026-01-03 19:30:00,21,True,5,0,158,2329,15.83,232.9,0.0,True,0.059,28.56,67.0,1015.0,0,558,29647,15912,2620,0,last,False,relay,False,,,
2026-01-04,a3c772d3fde52dbae832bi,2026-01-03 19:40:00,22,True,6,0,158,2329,15.83,232.9,0.0,True,0.0617,,,,0,558,29647,15912,2620,0,last,False,relay,False,,,
2026-01-04,a3c772d3fde52dbae832bi,2026-01-03 19:50:00,23,True,6,0,158,2329,15.83,232.9,0.0,True,0.0643,,,,0,558,29647,15912,2620,0,last,False,relay,False,,,
2026-01-04,a3c772d3fde52dbae832bi,2026-01-03 20:00:00,24,True,6,0,158,2329,15.83,232.9,0.0,True,0.0669,,,,0,558,29647,15912,2620,0,last,False,relay,False,,,
2026-01-04,a3c772d3fde52dbae832bi,2026-01-03 20:10:00,25,True,6,0,158,2329,15.83,232.9,0.0,True,0.0696,29.0,58.0,1014.0,0,558,29647,15912,2620,0,last,False,relay,False,,,
2026-01-04,a3c772d3fde52dbae832bi,2026-01-03 20:20:00,26,True,7,32,38,2300,3.88,230.06,0.032,True,0.0702,,,,,,,,,,,,,,,,
2026-01-04,a3c772d3fde52dbae832bi,2026-01-03 20:30:00,27,True,7,32,38,2304,3.88,230.4,0.032,True,0.0709,,,,,,,,,,,,,,,,
2026-01-04,a3c772d3fde52dbae832bi,2026-01-03 20:40:00,28,True,7,0,158,2329,15.83,232.9,0.0,True,0.0735,30.0,54.0,1014.0,0,558,29647,15912,2620,0,last,False,relay,False,,,
2026-01-04,a3c772d3fde52dbae832bi,2026-01-03 20:50:00,29,True,7,0,158,2329,15.83,232.9,0.0,True,0.0761,30.0,54.0,1014.0,0,558,29647,15912,2620,0,last,False,relay,False,,,
2026-01-04,a3c772d3fde52dbae832bi,2026-01-03 21:00:00,30,True,7,0,158,2329,15.83,232.9,0.0,True,0.0788,30.0,54.0,1014.0,0,558,29647,15912,2620,0,last,False,relay,False,,,
2026-01-04,a3c772d3fde52dbae832bi,2026-01-03 21:10:00,31,True,8,0,158,2329,15.83,232.9,0.0,True,0.0814,30.0,54.0,1014.0,0,558,29647,15912,2620,0,last,False,relay,False,,,
2026-01-04,a3c772d3fde52dbae832bi,2026-01-03 21:20:00,32,True,8,0,158,2320,15.83,232.0,0.0,True,0.0841,28.36,68.0,1013.0,0,558,29647,15912,2620,0,last,False,relay,False,,,
2026-01-04,a3c772d3fde52dbae832bi,2026-01-03 21:30:00,33,True,8,0,158,2320,15.83,232.0,0.0,True,0.0867,30.0,51.0,1013.0,0,558,29647,15912,2620,0,last,False,relay,False,,,
2026-01-04,a3c772d3fde52dbae832bi,2026-01-03 21:40:00,34,True,8,0,158,2320,15.83,232.0,0.0,True,0.0893,30.0,51.0,1013.0,0,558,29647,15912,2620,0,last,False,relay,False,,,
2026-01-04,a3c772d3fde52dbae832bi,2026-01-03 21:50:00,35,True,9,0,158,2320,15.83,232.0,0.0,True,0.092,30.0,51.0,1013.0,0,558,29647,15912,2620,0,last,False,relay,False,,,
2026-01-04,a3c772d3fde52dbae832bi,2026-01-03 22:00:00,36,True,9,0,158,2320,15.83,232.0,0.0,True,0.0946,30.0,51.0,1013.0,0,558,29647,15912,2620,0,last,False,relay,False,,,
2026-01-04,a3c772d3fde52dbae832bi,2026-01-03 22:10:00,37,True,9,0,158,2320,15.83,232.0,0.0,True,0.0972,,,,0,558,29647,15912,2620,0,last,False,relay,False,,,
2026-01-04,a3c772d3fde52dbae832bi,2026-01-03 22:20:00,38,True,9,0,158,2320,15.83,232.0,0.0,True,0.0999,29.48,59.0,1013.0,0,558,29647,15912,2620,0,last,False,relay,False,,,
2026-01-04,a3c772d3fde52dbae832bi,2026-01-03 22:30:00,39,True,10,0,158,2320,15.83,232.0,0.0,True,0.1025,29.48,60.0,1013.0,0,558,29647,15912,2620,0,last,False,relay,False,,,
2026-01-04,a3c772d3fde52dbae832bi,2026-01-03 22:40:00,40,True,10,0,158,2320,15.83,232.0,0.0,True,0.1052,,,,0,558,29647,15912,2620,0,last,False,relay,False,,,
2026-01-04,a3c772d3fde52dbae832bi,2026-01-03 22:50:00,41,True,10,0,158,2320,15.83,232.0,0.0,True,0.1078,27.28,71.0,1012.0,0,558,29647,15912,2620,0,last,False,relay,False,,,
2026-01-04,a3c772d3fde52dbae832bi,2026-01-03 23:00:00,42,True,11,0,158,2320,15.83,232.0,0.0,True,0.1104,27.28,71.0,1012.0,0,558,29647,15912,2620,0,last,False,relay,False,,,
2026-01-04,a3c772d3fde52dbae832bi,2026-01-03 23:10:00,43,True,11,0,158,2320,15.83,232.0,0.0,True,0.1131,,,,0,558,29647,15912,2620,0,last,False,relay,False,,,
2026-01-04,a3c772d3fde52dbae832bi,2026-01-03 23:20:00,44,True,11,0,158,2320,15.83,232.0,0.0,True,0.1157,,,,0,558,29647,15912,2620,0,last,False,relay,False,,,
2026-01-04,a3c772d3fde52dbae832bi,2026-01-03 23:30:00,45,True,11,0,158,2320,15.83,232.0,0.0,True,0.1183,29.3,61.0,1012.0,0,558,29647,15912,2620,0,last,False,relay,False,,,
2026-01-04,a3c772d3fde52dbae832bi,2026-01-03 23:40:00,46,True,12,0,158,2320,15.83,232.0,0.0,True,0.121,29.3,61.0,1012.0,0,558,29647,15912,2620,0,last,False,relay,False,,,
2026-01-04,a3c772d3fde52dbae832bi,2026-01-03 23:50:00,47,True,12,0,158,2320,15.83,232.0,0.0,True,0.1236,,,,0,558,29647,15912,2620,0,last,False,relay,False,,,
2026-01-04,a3c772d3fde52dbae832bi,2026-01-04 00:00:00,48,True,12,0,158,2320,15.83,232.0,0.0,True,0.1263,,,,0,558,29647,15912,2620,0,last,False,relay,False,,,
2026-01-04,a3c772d3fde52dbae832bi,2026-01-04 00:10:00,49,True,12,0,158,2320,15.83,232.0,0.0,True,0.1289,27.28,74.0,1013.0,0,558,29647,15912,2620,0,last,False,relay,False,,,
2026-01-04,a3c772d3fde52dbae832bi,2026-01-04 00:20:00,50,True,13,0,158,2320,15.83,232.0,0.0,True,0.1315,,,,0,558,29647,15912,2620,0,last,False,relay,False,,,
2026-01-04,a3c772d3fde52dbae832bi,2026-01-04 00:30:00,51,True,13,0,158,2320,15.83,232.0,0.0,True,0.1342,27.82,71.0,1013.0,0,558,29647,15912,2620,0,last,False,relay,False,,,
2026-01-04,a3c772d3fde52dbae832bi,2026-01-04 00:40:00,52,True,13,0,158,2328,15.83,232.87,0.0,True,0.1368,,,,,,,,,,,,,,,,
2026-01-04,a3c772d3fde52dbae832bi,2026-01-04 00:50:00,53,False,13,0,0,2317,0.0,231.72,0.0,False,0.1368,,,,,,,,,,,,,,,,
2026-01-04,a3c772d3fde52dbae832bi,2026-01-04 01:00:00,54,True,13,0,158,2320,15.83,232.0,0.0,True,0.1394,27.03,73.0,1013.0,0,558,29647,15912,2620,0,last,False,relay,False,,,
2026-01-04,a3c772d3fde52dbae832bi,2026-01-04 01:10:00,55,True,14,0,158,2320,15.83,232.0,0.0,True,0.1421,26.74,75.0,1013.0,0,558,29647,15912,2620,0,last,False,relay,False,,,
2026-01-04,a3c772d3fde52dbae832bi,2026-01-04 01:20:00,56,True,14,0,158,2316,15.83,231.6,0.0,True,0.1447,,,,0,558,29647,15912,2620,0,last,False,relay,False,,,
2026-01-04,a3c772d3fde52dbae832bi,2026-01-04 01:30:00,57,True,14,0,158,2316,15.83,231.6,0.0,True,0.1474,,,,0,558,29647,15912,2620,0,last,False,relay,False,,,
2026-01-04,a3c772d3fde52dbae832bi,2026-01-04 01:40:00,58,True,14,0,158,2316,15.83,231.6,0.0,True,0.15,,,,0,558,29647,15912,2620,0,last,False,relay,False,,,
2026-01-04,a3c772d3fde52dbae832bi,2026-01-04 01:50:00,59,True,15,0,158,2316,15.83,231.6,0.0,True,0.1526,,,,0,558,29647,15912,2620,0,last,False,relay,False,,,
2026-01-04,a3c772d3fde52dbae832bi,2026-01-04 02:00:00,60,True,15,0,158,2316,15.83,231.6,0.0,True,0.1553,,,,0,558,29647,15912,2620,0,last,False,relay,False,,,
2026-01-04,a3c772d3fde52dbae832bi,2026-01-04 02:10:00,61,True,15,0,158,2290,15.83,229.0,0.0,True,0.1579,,,,0,558,29647,15912,2620,0,last,False,relay,False,,,
2026-01-04,a3c772d3fde52dbae832bi,2026-01-04 02:20:00,62,True,16,0,158,2290,15.83,229.0,0.0,True,0.1605,,,,0,558,29647,15912,2620,0,last,False,relay,False,,,
2026-01-04,a3c772d3fde52dbae832bi,2026-01-04 02:30:00,63,True,16,0,158,2290,15.83,229.0,0.0,True,0.1632,,,,0,558,29647,15912,2620,0,last,False,relay,False,,,
2026-01-04,a3c772d3fde52dbae832bi,2026-01-04 02:40:00,64,True,16,0,158,2290,15.83,229.0,0.0,True,0.1658,25.72,78.0,1014.0,0,558,29647,15912,2620,0,last,False,relay,False,,,
2026-01-04,a3c772d3fde52dbae832bi,2026-01-04 02:50:00,65,True,16,0,158,2290,15.83,229.0,0.0,True,0.1685,,,,0,558,29647,15912,2620,0,last,False,relay,False,,,
2026-01-04,a3c772d3fde52dbae832bi,2026-01-04 03:00:00,66,True,17,0,158,2290,15.83,229.0,0.0,True,0.1711,25.72,78.0,1014.0,0,558,29647,15912,2620,0,last,False,relay,False,,,
2026-01-04,a3c772d3fde52dbae832bi,2026-01-04 03:10:00,67,True,17,0,158,2290,15.83,229.0,0.0,True,0.1737,25.72,76.0,1014.0,0,558,29647,15912,2620,0,last,False,relay,False,,,
2026-01-04,a3c772d3fde52dbae832bi,2026-01-04 03:20:00,68,True,17,0,158,2290,15.83,229.0,0.0,True,0.1764,25.81,76.0,1014.0,0,558,29647,15912,2620,0,last,False,relay,False,,,
2026-01-04,a3c772d3fde52dbae832bi,2026-01-04 03:30:00,69,True,17,0,158,2311,15.83,231.1,0.0,True,0.179,25.41,76.0,1014.0,0,558,29647,15912,2620,0,last,False,relay,False,,,
2026-01-04,a3c772d3fde52dbae832bi,2026-01-04 03:40:00,70,True,18,0,158,2311,15.83,231.1,0.0,True,0.1816,25.46,76.0,1014.0,0,558,29647,15912,2620,0,last,False,relay,False,,,
2026-01-04,a3c772d3fde52dbae832bi,2026-01-04 03:50:00,71,True,18,0,158,2311,15.83,231.1,0.0,True,0.1843,25.46,76.0,1014.0,0,558,29647,15912,2620,0,last,False,relay,False,,,
2026-01-04,a3c772d3fde52dbae832bi,2026-01-04 04:00:00,72,True,18,0,158,2311,15.83,231.1,0.0,True,0.1869,25.46,77.0,1014.0,0,558,29647,15912,2620,0,last,False,relay,False,,,
2026-01-04,a3c772d3fde52dbae832bi,2026-01-04 04:10:00,73,True,18,0,158,2311,15.83,231.1,0.0,True,0.1896,25.41,77.0,1014.0,0,558,29647,15912,2620,0,last,False,relay,False,,,
2026-01-04,a3c772d3fde52dbae832bi,2026-01-04 04:20:00,74,True,19,0,158,2316,15.83,231.6,0.0,True,0.1922,25.41,76.0,1014.0,0,558,29647,15912,2620,0,last,False,relay,False,,,
2026-01-04,a3c772d3fde52dbae832bi,2026-01-04 04:30:00,75,True,19,0,158,2316,15.83,231.6,0.0,True,0.1948,25.41,77.0,1014.0,0,558,29647,15912,2620,0,last,False,relay,False,,,
2026-01-04,a3c772d3fde52dbae832bi,2026-01-04 04:40:00,76,True,19,0,158,2316,15.83,231.6,0.0,True,0.1975,25.41,77.0,1015.0,0,558,29647,15912,2620,0,last,False,relay,False,,,
2026-01-04,a3c772d3fde52dbae832bi,2026-01-04 04:50:00,77,True,20,0,158,2316,15.83,231.6,0.0,True,0.2001,,,,0,558,29647,15912,2620,0,last,False,relay,False,,,
2026-01-04,a3c772d3fde52dbae832bi,2026-01-04 05:00:00,78,True,20,0,158,2316,15.83,231.6,0.0,True,0.2027,25.15,77.0,1015.0,0,558,29647,15912,2620,0,last,False,relay,False,,,
2026-01-04,a3c772d3fde52dbae832bi,2026-01-04 05:10:00,79,True,20,0,158,2316,15.83,231.6,0.0,True,0.2054,25.15,76.0,1015.0,0,558,29647,15912,2620,0,last,False,relay,False,,,
2026-01-04,a3c772d3fde52dbae832bi,2026-01-04 05:20:00,80,True,20,0,158,2338,15.83,233.8,0.0,True,0.208,,,,0,558,29647,15912,2620,0,last,False,relay,False,,,
2026-01-04,a3c772d3fde52dbae832bi,2026-01-04 05:30:00,81,True,21,0,158,2338,15.83,233.8,0.0,True,0.2107,25.15,77.0,1015.0,0,558,29647,15912,2620,0,last,False,relay,False,,,
2026-01-04,a3c772d3fde52dbae832bi,2026-01-04 05:40:00,82,True,21,0,158,2338,15.83,233.8,0.0,True,0.2133,25.1,77.0,1015.0,0,558,29647,15912,2620,0,last,False,relay,False,,,
2026-01-04,a3c772d3fde52dbae832bi,2026-01-04 05:50:00,83,True,21,0,158,2338,15.83,233.8,0.0,True,0.2159,,,,0,558,29647,15912,2620,0,last,False,relay,False,,,
2026-01-04,a3c772d3fde52dbae832bi,2026-01-04 06:00:00,84,True,21,0,158,2338,15.83,233.8,0.0,True,0.2186,25.07,77.0,1015.0,0,558,29647,15912,2620,0,last,False,relay,False,,,
2026-01-04,a3c772d3fde52dbae832bi,2026-01-04 06:10:00,85,True,22,0,158,2338,15.83,233.8,0.0,True,0.2212,25.07,78.0,1015.0,0,558,29647,15912,2620,0,last,False,relay,False,,,
2026-01-04,a3c772d3fde52dbae832bi,2026-01-04 06:20:00,86,True,22,0,158,2316,15.83,231.6,0.0,True,0.2238,25.01,79.0,1015.0,0,558,29647,15912,2620,0,last,False,relay,False,,,
2026-01-04,a3c772d3fde52dbae832bi,2026-01-04 06:30:00,87,True,22,0,158,2316,15.83,231.6,0.0,True,0.2265,25.01,79.0,1015.0,0,558,29647,15912,2620,0,last,False,relay,False,,,
2026-01-04,a3c772d3fde52dbae832bi,2026-01-04 06:40:00,88,True,22,160,187,2316,18.77,231.6,0.16,True,0.2296,25.07,79.0,1015.0,0,558,29647,15912,2620,0,last,False,relay,False,,,
2026-01-04,a3c772d3fde52dbae832bi,2026-01-04 06:50:00,89,True,23,160,187,2316,18.77,231.6,0.16,True,0.2327,25.01,79.0,1014.0,0,558,29647,15912,2620,0,last,False,relay,False,,,
2026-01-04,a3c772d3fde52dbae832bi,2026-01-04 07:00:00,90,True,23,160,187,2316,18.77,231.6,0.16,True,0.2359,24.93,79.0,1014.0,0,558,29647,15912,2620,0,last,False,relay,False,,,
2026-01-04,a3c772d3fde52dbae832bi,2026-01-04 07:10:00,91,True,23,160,187,2316,18.77,231.6,0.16,True,0.239,24.93,79.0,1014.0,0,558,29647,15912,2620,0,last,False,relay,False,,,
2026-01-04,a3c772d3fde52dbae832bi,2026-01-04 07:20:00,92,True,24,160,187,2316,18.77,231.6,0.16,True,0.2421,24.98,79.0,1014.0,0,558,29647,15912,2620,0,last,False,relay,False,,,
2026-01-04,a3c772d3fde52dbae832bi,2026-01-04 07:30:00,93,True,24,160,187,2316,18.77,231.6,0.16,True,0.2452,24.98,79.0,1014.0,0,558,29647,15912,2620,0,last,False,relay,False,,,
2026-01-04,a3c772d3fde52dbae832bi,2026-01-04 07:40:00,94,True,24,157,175,2316,17.5,231.6,0.157,True,0.2482,24.98,79.0,1014.0,0,558,29647,15912,2620,0,last,False,relay,False,,,
2026-01-04,a3c772d3fde52dbae832bi,2026-01-04 07:50:00,95,True,25,157,175,2316,17.5,231.6,0.157,True,0.2511,24.93,79.0,1014.0,0,558,29647,15912,2620,0,last,False,relay,False,,,
2026-01-04,a3c772d3fde52dbae832bi,2026-01-04 08:00:00,96,True,25,157,175,2316,17.5,231.6,0.157,True,0.254,24.98,79.0,1014.0,0,558,29647,15912,2620,0,last,False,relay,False,,,
2026-01-04,a3c772d3fde52dbae832bi,2026-01-04 08:10:00,97,True,25,157,175,2316,17.5,231.6,0.157,True,0.2569,24.98,79.0,1014.0,0,558,29647,15912,2620,0,last,False,relay,False,,,
2026-01-04,a3c772d3fde52dbae832bi,2026-01-04 08:20:00,98,True,25,157,175,2316,17.5,231.6,0.157,True,0.2598,24.98,79.0,1014.0,0,558,29647,15912,2620,0,last,False,relay,False,,,
2026-01-04,a3c772d3fde52dbae832bi,2026-01-04 08:30:00,99,True,26,157,175,2316,17.5,231.6,0.157,True,0.2628,,,,0,558,29647,15912,2620,0,last,False,relay,False,,,
2026-01-04,a3c772d3fde52dbae832bi,2026-01-04 08:40:00,100,True,26,155,173,2316,17.35,231.6,0.155,True,0.2656,24.93,79.0,1014.0,0,558,29647,15912,2620,0,last,False,relay,False,,,
2026-01-04,a3c772d3fde52dbae832bi,2026-01-04 08:50:00,101,True,26,155,173,2316,17.35,231.6,0.155,True,0.2685,24.93,79.0,1014.0,0,558,29647,15912,2620,0,last,False,relay,False,,,
2026-01-04,a3c772d3fde52dbae832bi,2026-01-04 09:00:00,102,True,27,155,173,2316,17.35,231.6,0.155,True,0.2714,24.62,79.0,1014.0,0,558,29647,15912,2620,0,last,False,relay,False,,,
2026-01-04,a3c772d3fde52dbae832bi,2026-01-04 09:10:00,103,True,27,155,173,2316,17.35,231.6,0.155,True,0.2743,24.67,81.0,1014.0,0,558,29647,15912,2620,0,last,False,relay,False,,,
2026-01-04,a3c772d3fde52dbae832bi,2026-01-04 09:20:00,104,True,27,155,173,2316,17.35,231.6,0.155,True,0.2772,24.67,81.0,1014.0,0,558,29647,15912,2620,0,last,False,relay,False,,,
2026-01-04,a3c772d3fde52dbae832bi,2026-01-04 09:30:00,105,True,28,155,173,2316,17.35,231.6,0.155,True,0.2801,24.73,81.0,1014.0,0,558,29647,15912,2620,0,last,False,relay,False,,,
2026-01-04,a3c772d3fde52dbae832bi,2026-01-04 09:40:00,106,True,28,155,174,2320,17.45,232.0,0.155,True,0.283,24.73,81.0,1013.0,0,558,29647,15912,2620,0,last,False,relay,False,,,
2026-01-04,a3c772d3fde52dbae832bi,2026-01-04 09:50:00,107,True,28,155,174,2320,17.45,232.0,0.155,True,0.2859,24.73,81.0,1013.0,0,558,29647,15912,2620,0,last,False,relay,False,,,
2026-01-04,a3c772d3fde52dbae832bi,2026-01-04 10:00:00,108,True,28,155,174,2320,17.45,232.0,0.155,True,0.2888,,,,0,558,29647,15912,2620,0,last,False,relay,False,,,
2026-01-04,a3c772d3fde52dbae832bi,2026-01-04 10:10:00,109,True,29,155,174,2320,17.45,232.0,0.155,True,0.2917,24.28,82.0,1013.0,0,558,29647,15912,2620,0,last,False,relay,False,,,
2026-01-04,a3c772d3fde52dbae832bi,2026-01-04 10:20:00,110,True,29,155,174,2320,17.45,232.0,0.155,True,0.2946,24.43,81.0,1013.0,0,558,29647,15912,2620,0,last,False,relay,False,,,
2026-01-04,a3c772d3fde52dbae832bi,2026-01-04 10:30:00,111,True,29,155,174,2320,17.45,232.0,0.155,True,0.2975,24.43,81.0,1013.0,0,558,29647,15912,2620,0,last,False,relay,False,,,
2026-01-04,a3c772d3fde52dbae832bi,2026-01-04 10:40:00,112,True,30,158,176,2347,17.66,234.7,0.158,True,0.3005,,,,0,558,29647,15912,2620,0,last,False,relay,False,,,
2026-01-04,a3c772d3fde52dbae832bi,2026-01-04 10:50:00,113,True,30,158,176,2347,17.66,234.7,0.158,True,0.3034,24.43,81.0,1012.0,0,558,29647,15912,2620,0,last,False,relay,False,,,
2026-01-04,a3c772d3fde52dbae832bi,2026-01-04 11:00:00,114,True,30,158,176,2347,17.66,234.7,0.158,True,0.3064,24.43,81.0,1012.0,0,558,29647,15912,2620,0,last,False,relay,False,,,
2026-01-04,a3c772d3fde52dbae832bi,2026-01-04 11:10:00,115,True,30,158,176,2347,17.66,234.7,0.158,True,0.3093,24.34,81.0,1013.0,0,558,29647,15912,2620,0,last,False,relay,False,,,
2026-01-04,a3c772d3fde52dbae832bi,2026-01-04 11:20:00,116,True,31,158,176,2347,17.66,234.7,0.158,True,0.3123,24.29,81.0,1012.0,0,558,29647,15912,2620,0,last,False,relay,False,,,
2026-01-04,a3c772d3fde52dbae832bi,2026-01-04 11:30:00,117,True,31,158,176,2347,17.66,234.7,0.158,True,0.3152,,,,0,558,29647,15912,2620,0,last,False,relay,False,,,
2026-01-04,a3c772d3fde52dbae832bi,2026-01-04 11:40:00,118,True,31,156,176,2329,17.61,232.9,0.156,True,0.3181,24.34,81.0,1012.0,0,558,29647,15912,2620,0,last,False,relay,False,,,
2026-01-04,a3c772d3fde52dbae832bi,2026-01-04 11:50:00,119,True,32,156,176,2329,17.61,232.9,0.156,True,0.3211,,,,0,558,29647,15912,2620,0,last,False,relay,False,,,
2026-01-04,a3c772d3fde52dbae832bi,2026-01-04 12:00:00,120,True,32,156,176,2329,17.61,232.9,0.156,True,0.324,24.37,81.0,1012.0,0,558,29647,15912,2620,0,last,False,relay,False,,,
2026-01-04,a3c772d3fde52dbae832bi,2026-01-04 12:10:00,121,True,32,156,176,2329,17.61,232.9,0.156,True,0.3269,24.29,82.0,1012.0,0,558,29647,15912,2620,0,last,False,relay,False,,,
2026-01-04,a3c772d3fde52dbae832bi,2026-01-04 12:20:00,122,True,32,156,176,2329,17.61,232.9,0.156,True,0.3299,,,,0,558,29647,15912,2620,0,last,False,relay,False,,,
2026-01-04,a3c772d3fde52dbae832bi,2026-01-04 12:30:00,123,True,33,156,176,2329,17.61,232.9,0.156,True,0.3328,23.98,82.0,1012.0,0,558,29647,15912,2620,0,last,False,relay,False,,,
2026-01-04,a3c772d3fde52dbae832bi,2026-01-04 12:40:00,124,True,33,155,173,2320,17.35,232.0,0.155,True,0.3357,23.92,82.0,1012.0,0,558,29647,15912,2620,0,last,False,relay,False,,,
2026-01-04,a3c772d3fde52dbae832bi,2026-01-04 12:50:00,125,True,33,155,173,2320,17.35,232.0,0.155,True,0.3386,,,,0,558,29647,15912,2620,0,last,False,relay,False,,,
2026-01-04,a3c772d3fde52dbae832bi,2026-01-04 13:00:00,126,True,34,155,173,2320,17.35,232.0,0.155,True,0.3415,23.92,82.0,1012.0,0,558,29647,15912,2620,0,last,False,relay,False,,,
2026-01-04,a3c772d3fde52dbae832bi,2026-01-04 13:10:00,127,True,34,155,173,2320,17.35,232.0,0.155,True,0.3444,23.92,82.0,1013.0,0,558,29647,15912,2620,0,last,False,relay,False,,,
2026-01-04,a3c772d3fde52dbae832bi,2026-01-04 13:20:00,128,True,34,155,173,2320,17.35,232.0,0.155,True,0.3473,23.92,82.0,1013.0,0,558,29647,15912,2620,0,last,False,relay,False,,,
2026-01-04,a3c772d3fde52dbae832bi,2026-01-04 13:30:00,129,True,35,155,173,2320,17.35,232.0,0.155,True,0.3502,,,,0,558,29647,15912,2620,0,last,False,relay,False,,,
2026-01-04,a3c772d3fde52dbae832bi,2026-01-04 13:40:00,130,True,35,154,169,2281,16.97,228.1,0.154,True,0.353,23.62,82.0,1013.0,0,558,29647,15912,2620,0,last,False,relay,False,,,
2026-01-04,a3c772d3fde52dbae832bi,2026-01-04 13:50:00,131,True,35,154,169,2281,16.97,228.1,0.154,True,0.3558,23.53,82.0,1013.0,0,558,29647,15912,2620,0,last,False,relay,False,,,
2026-01-04,a3c772d3fde52dbae832bi,2026-01-04 14:00:00,132,True,35,154,169,2281,16.97,228.1,0.154,True,0.3586,23.53,82.0,1013.0,0,558,29647,15912,2620,0,last,False,relay,False,,,
2026-01-04,a3c772d3fde52dbae832bi,2026-01-04 14:10:00,133,True,36,154,169,2281,16.97,228.1,0.154,True,0.3615,23.17,84.0,1013.0,0,558,29647,15912,2620,0,last,False,relay,False,,,
2026-01-04,a3c772d3fde52dbae832bi,2026-01-04 14:20:00,134,True,36,154,169,2281,16.97,228.1,0.154,True,0.3643,23.17,84.0,1013.0,0,558,29647,15912,2620,0,last,False,relay,False,,,
2026-01-04,a3c772d3fde52dbae832bi,2026-01-04 14:30:00,135,True,36,154,169,2281,16.97,228.1,0.154,True,0.3671,23.11,84.0,1013.0,0,558,29647,15912,2620,0,last,False,relay,False,,,
2026-01-04,a3c772d3fde52dbae832bi,2026-01-04 14:40:00,136,True,37,155,171,2303,17.19,230.3,0.155,True,0.37,23.11,84.0,1013.0,0,558,29647,15912,2620,0,last,False,relay,False,,,
2026-01-04,a3c772d3fde52dbae832bi,2026-01-04 14:50:00,137,True,37,155,171,2303,17.19,230.3,0.155,True,0.3729,23.11,84.0,1014.0,0,558,29647,15912,2620,0,last,False,relay,False,,,
2026-01-04,a3c772d3fde52dbae832bi,2026-01-04 15:00:00,138,True,37,155,171,2303,17.19,230.3,0.155,True,0.3757,23.53,80.0,1014.0,0,558,29647,15912,2620,0,last,False,relay,False,,,
2026-01-04,a3c772d3fde52dbae832bi,2026-01-04 15:10:00,139,True,37,155,171,2303,17.19,230.3,0.155,True,0.3786,,,,0,558,29647,15912,2620,0,last,False,relay,False,,,
2026-01-04,a3c772d3fde52dbae832bi,2026-01-04 15:20:00,140,True,38,155,171,2303,17.19,230.3,0.155,True,0.3815,,,,0,558,29647,15912,2620,0,last,False,relay,False,,,
2026-01-04,a3c772d3fde52dbae832bi,2026-01-04 15:30:00,141,True,38,155,171,2303,17.19,230.3,0.155,True,0.3843,23.42,80.0,1014.0,0,558,29647,15912,2620,0,last,False,relay,False,,,
2026-01-04,a3c772d3fde52dbae832bi,2026-01-04 15:40:00,142,True,38,153,170,2290,17.03,229.0,0.153,True,0.3872,,,,0,558,29647,15912,2620,0,last,False,relay,False,,,
2026-01-04,a3c772d3fde52dbae832bi,2026-01-04 15:50:00,143,True,39,153,170,2290,17.03,229.0,0.153,True,0.39,24.09,79.0,1014.0,0,558,29647,15912,2620,0,last,False,relay,False,,,
2026-01-05,a3c772d3fde52dbae832bi,2026-01-04 16:00:00,0,True,0,95,135,2290,13.58,229.09,0.096,True,0.0023,,,,,,,,,,,,,,,,
2026-01-05,a3c772d3fde52dbae832bi,2026-01-04 16:10:00,1,True,0,153,200,2290,20.03,229.0,0.153,True,0.0056,24.65,77.0,1015.0,0,558,29647,15912,2620,0,last,False,relay,False,,,
2026-01-05,a3c772d3fde52dbae832bi,2026-01-04 16:20:00,2,True,0,153,200,2290,20.03,229.0,0.153,True,0.0089,24.65,77.0,1015.0,0,558,29647,15912,2620,0,last,False,relay,False,,,
2026-01-05,a3c772d3fde52dbae832bi,2026-01-04 16:30:00,3,True,1,153,200,2290,20.03,229.0,0.153,True,0.0123,,,,0,558,29647,15912,2620,0,last,False,relay,False,,,
2026-01-05,a3c772d3fde52dbae832bi,2026-01-04 16:40:00,4,True,1,157,210,2356,21.02,235.6,0.157,True,0.0158,,,,0,558,29647,15912,2620,0,last,False,relay,False,,,
2026-01-05,a3c772d3fde52dbae832bi,2026-01-04 16:50:00,5,True,1,157,210,2356,21.02,235.6,0.157,True,0.0193,25.58,75.0,1015.0,0,558,29647,15912,2620,0,last,False,relay,False,,,
2026-01-05,a3c772d3fde52dbae832bi,2026-01-04 17:00:00,6,True,2,157,210,2356,21.02,235.6,0.157,True,0.0228,25.85,74.0,1015.0,0,558,29647,15912,2620,0,last,False,relay,False,,,
2026-01-05,a3c772d3fde52dbae832bi,2026-01-04 17:10:00,7,True,2,157,210,2356,21.02,235.6,0.157,True,0.0263,25.8,75.0,1015.0,0,558,29647,15912,2620,0,last,False,relay,False,,,
2026-01-05,a3c772d3fde52dbae832bi,2026-01-04 17:20:00,8,True,2,157,210,2356,21.02,235.6,0.157,True,0.0298,26.81,73.0,1015.0,0,558,29647,15912,2620,0,last,False,relay,False,,,
2026-01-05,a3c772d3fde52dbae832bi,2026-01-04 17:30:00,9,True,3,157,210,2356,21.02,235.6,0.157,True,0.0333,26.95,72.0,1015.0,0,558,29647,15912,2620,0,last,False,relay,False,,,
2026-01-05,a3c772d3fde52dbae832bi,2026-01-04 17:40:00,10,True,3,157,210,2356,21.02,235.6,0.157,True,0.0368,27.16,73.0,1015.0,0,558,29647,15912,2620,0,last,False,relay,False,,,
2026-01-05,a3c772d3fde52dbae832bi,2026-01-04 17:50:00,11,True,4,157,207,2342,20.71,234.2,0.157,True,0.0403,27.08,71.0,1015.0,0,558,29647,15912,2620,0,last,False,relay,False,,,
2026-01-05,a3c772d3fde52dbae832bi,2026-01-04 18:00:00,12,True,4,157,207,2342,20.71,234.2,0.157,True,0.0437,27.08,71.0,1015.0,0,558,29647,15912,2620,0,last,False,relay,False,,,
2026-01-05,a3c772d3fde52dbae832bi,2026-01-04 18:10:00,13,True,4,157,207,2342,20.71,234.2,0.157,True,0.0472,,,,0,558,29647,15912,2620,0,last,False,relay,False,,,
2026-01-05,a3c772d3fde52dbae832bi,2026-01-04 18:20:00,14,True,5,157,207,2342,20.71,234.2,0.157,True,0.0506,27.29,78.0,1014.0,0,558,29647,15912,2620,0,last,False,relay,False,,,
2026-01-05,a3c772d3fde52dbae832bi,2026-01-04 18:30:00,15,True,5,154,202,2316,20.28,231.6,0.154,True,0.054,,,,0,558,29647,15912,2620,0,last,False,relay,False,,,
2026-01-05,a3c772d3fde52dbae832bi,2026-01-04 18:40:00,16,True,5,154,202,2316,20.28,231.6,0.154,True,0.0574,,,,0,558,29647,15912,2620,0,last,False,relay,False,,,
2026-01-05,a3c772d3fde52dbae832bi,2026-01-04 18:50:00,17,True,6,154,202,2316,20.28,231.6,0.154,True,0.0608,,,,0,558,29647,15912,2620,0,last,False,relay,False,,,
2026-01-05,a3c772d3fde52dbae832bi,2026-01-04 19:00:00,18,True,6,154,202,2316,20.28,231.6,0.154,True,0.0641,27.48,71.0,1014.0,0,558,29647,15912,2620,0,last,False,relay,False,,,
2026-01-05,a3c772d3fde52dbae832bi,2026-01-04 19:10:00,19,True,6,154,202,2316,20.28,231.6,0.154,True,0.0675,27.89,73.0,1014.0,0,558,29647,15912,2620,0,last,False,relay,False,,,
2026-01-05,a3c772d3fde52dbae832bi,2026-01-04 19:20:00,20,True,7,154,202,2316,20.28,231.6,0.154,True,0.0709,27.86,74.0,1014.0,0,558,29647,15912,2620,0,last,False,relay,False,,,
2026-01-05,a3c772d3fde52dbae832bi,2026-01-04 19:30:00,21,True,7,154,202,2316,20.28,231.6,0.154,True,0.0743,27.86,74.0,1014.0,0,558,29647,15912,2620,0,last,False,relay,False,,,
2026-01-05,a3c772d3fde52dbae832bi,2026-01-04 19:40:00,22,True,7,154,202,2316,20.28,231.6,0.154,True,0.0777,27.86,74.0,1013.0,0,558,29647,15912,2620,0,last,False,relay,False,,,
2026-01-05,a3c772d3fde52dbae832bi,2026-01-04 19:50:00,23,True,8,155,205,2333,20.53,233.3,0.155,True,0.0811,,,,0,558,29647,15912,2620,0,last,False,relay,False,,,
2026-01-05,a3c772d3fde52dbae832bi,2026-01-04 20:00:00,24,True,8,155,205,2333,20.53,233.3,0.155,True,0.0845,27.85,77.0,1013.0,0,558,29647,15912,2620,0,last,False,relay,False,,,
2026-01-05,a3c772d3fde52dbae832bi,2026-01-04 20:10:00,25,True,8,155,205,2333,20.53,233.3,0.155,True,0.0879,27.85,77.0,1013.0,0,558,29647,15912,2620,0,last,False,relay,False,,,
2026-01-05,a3c772d3fde52dbae832bi,2026-01-04 20:20:00,26,True,9,155,205,2333,20.53,233.3,0.155,True,0.0913,27.85,77.0,1013.0,0,558,29647,15912,2620,0,last,False,relay,False,,,
2026-01-05,a3c772d3fde52dbae832bi,2026-01-04 20:30:00,27,True,9,155,205,2333,20.53,233.3,0.155,True,0.0948,28.4,76.0,1013.0,0,558,29647,15912,2620,0,last,False,relay,False,,,
2026-01-05,a3c772d3fde52dbae832bi,2026-01-04 20:40:00,28,True,9,157,208,2338,20.84,233.8,0.157,True,0.0982,28.4,77.0,1013.0,0,558,29647,15912,2620,0,last,False,relay,False,,,
2026-01-05,a3c772d3fde52dbae832bi,2026-01-04 20:50:00,29,True,10,0,190,2329,19.09,232.9,0.0,True,0.1014,28.4,77.0,1013.0,0,558,29647,15912,2620,0,last,False,relay,False,,,
2026-01-05,a3c772d3fde52dbae832bi,2026-01-04 21:00:00,30,True,10,0,190,2329,19.09,232.9,0.0,True,0.1046,28.4,78.0,1012.0,0,558,29647,15912,2620,0,last,False,relay,False,,,
2026-01-05,a3c772d3fde52dbae832bi,2026-01-04 21:10:00,31,True,10,0,190,2329,19.09,232.9,0.0,True,0.1078,27.85,77.0,1012.0,0,558,29647,15912,2620,0,last,False,relay,False,,,
2026-01-05,a3c772d3fde52dbae832bi,2026-01-04 21:20:00,32,True,11,0,190,2329,19.09,232.9,0.0,True,0.111,28.4,76.0,1012.0,0,558,29647,15912,2620,0,last,False,relay,False,,,
2026-01-05,a3c772d3fde52dbae832bi,2026-01-04 21:30:00,33,True,11,0,190,2329,19.09,232.9,0.0,True,0.1141,28.4,77.0,1012.0,0,558,29647,15912,2620,0,last,False,relay,False,,,
2026-01-05,a3c772d3fde52dbae832bi,2026-01-04 21:40:00,34,True,11,0,190,2329,19.09,232.9,0.0,True,0.1173,28.0,65.0,1012.0,0,558,29647,15912,2620,0,last,False,relay,False,,,
2026-01-05,a3c772d3fde52dbae832bi,2026-01-04 21:50:00,35,True,12,0,190,2347,19.09,234.7,0.0,True,0.1205,28.0,65.0,1012.0,0,558,29647,15912,2620,0,last,False,relay,False,,,
2026-01-05,a3c772d3fde52dbae832bi,2026-01-04 22:00:00,36,True,12,0,190,2347,19.09,234.7,0.0,True,0.1237,28.0,65.0,1012.0,0,558,29647,15912,2620,0,last,False,relay,False,,,
2026-01-05,a3c772d3fde52dbae832bi,2026-01-04 22:10:00,37,True,12,0,190,2347,19.09,234.7,0.0,True,0.1269,28.0,65.0,1012.0,0,558,29647,15912,2620,0,last,False,relay,False,,,
2026-01-05,a3c772d3fde52dbae832bi,2026-01-04 22:20:00,38,True,13,0,190,2347,19.09,234.7,0.0,True,0.13,28.0,65.0,1012.0,0,558,29647,15912,2620,0,last,False,relay,False,,,
2026-01-05,a3c772d3fde52dbae832bi,2026-01-04 22:30:00,39,True,13,0,190,2347,19.09,234.7,0.0,True,0.1332,,,,0,558,29647,15912,2620,0,last,False,relay,False,,,
2026-01-05,a3c772d3fde52dbae832bi,2026-01-04 22:40:00,40,True,13,0,190,2347,19.09,234.7,0.0,True,0.1364,,,,0,558,29647,15912,2620,0,last,False,relay,False,,,
2026-01-05,a3c772d3fde52dbae832bi,2026-01-04 22:50:00,41,True,13,0,190,2325,19.09,232.5,0.0,True,0.1396,28.0,65.0,1011.0,0,558,29647,15912,2620,0,last,False,relay,False,,,
2026-01-05,a3c772d3fde52dbae832bi,2026-01-04 23:00:00,42,True,14,0,190,2325,19.09,232.5,0.0,True,0.1428,,,,0,558,29647,15912,2620,0,last,False,relay,False,,,
2026-01-05,a3c772d3fde52dbae832bi,2026-01-04 23:10:00,43,True,14,0,190,2325,19.09,232.5,0.0,True,0.146,,,,0,558,29647,15912,2620,0,last,False,relay,False,,,
2026-01-05,a3c772d3fde52dbae832bi,2026-01-04 23:20:00,44,True,14,0,190,2325,19.09,232.5,0.0,True,0.1491,,,,0,558,29647,15912,2620,0,last,False,relay,False,,,
2026-01-05,a3c772d3fde52dbae832bi,2026-01-04 23:30:00,45,True,15,0,190,2325,19.09,232.5,0.0,True,0.1523,28.0,65.0,1012.0,0,558,29647,15912,2620,0,last,False,relay,False,,,
2026-01-05,a3c772d3fde52dbae832bi,2026-01-04 23:40:00,46,True,15,0,190,2333,19.09,233.3,0.0,True,0.1555,,,,0,558,29647,15912,2620,0,last,False,relay,False,,,
2026-01-05,a3c772d3fde52dbae832bi,2026-01-04 23:50:00,47,True,15,0,190,2333,19.09,233.3,0.0,True,0.1587,,,,0,558,29647,15912,2620,0,last,False,relay,False,,,
2026-01-05,a3c772d3fde52dbae832bi,2026-01-05 00:00:00,48,True,16,0,190,2333,19.09,233.3,0.0,True,0.1619,28.0,65.0,1012.0,0,558,29647,15912,2620,0,last,False,relay,False,,,
2026-01-05,a3c772d3fde52dbae832bi,2026-01-05 00:10:00,49,True,16,0,190,2333,19.09,233.3,0.0,True,0.165,29.0,74.0,1012.0,0,558,29647,15912,2620,0,last,False,relay,False,,,
2026-01-05,a3c772d3fde52dbae832bi,2026-01-05 00:20:00,50,True,16,0,190,2333,19.09,233.3,0.0,True,0.1682,29.0,74.0,1012.0,0,558,29647,15912,2620,0,last,False,relay,False,,,
2026-01-05,a3c772d3fde52dbae832bi,2026-01-05 00:30:00,51,True,17,0,190,2333,19.09,233.3,0.0,True,0.1714,,,,0,558,29647,15912,2620,0,last,False,relay,False,,,
2026-01-05,a3c772d3fde52dbae832bi,2026-01-05 00:40:00,52,True,17,0,190,2347,19.09,234.7,0.0,True,0.1746,29.0,74.0,1012.0,0,558,29647,15912,2620,0,last,False,relay,False,,,
2026-01-05,a3c772d3fde52dbae832bi,2026-01-05 00:50:00,53,False,17,0,0,2317,0.0,231.72,0.0,False,0.1746,,,,,,,,,,,,,,,,
2026-01-05,a3c772d3fde52dbae832bi,2026-01-05 01:00:00,54,True,17,0,190,2347,19.09,234.7,0.0,True,0.1778,,,,0,558,29647,15912,2620,0,last,False,relay,False,,,
2026-01-05,a3c772d3fde52dbae832bi,2026-01-05 01:10:00,55,True,18,0,190,2310,19.09,231.09,0.0,True,0.181,,,,,,,,,,,,,,,,
2026-01-05,a3c772d3fde52dbae832bi,2026-01-05 01:20:00,56,True,18,0,190,2334,19.09,233.4,0.0,True,0.1841,,,,,,,,,,,,,,,,
2026-01-05,a3c772d3fde52dbae832bi,2026-01-05 01:30:00,57,True,18,0,190,2334,19.09,233.4,0.0,True,0.1873,,,,,,,,,,,,,,,,
2026-01-05,a3c772d3fde52dbae832bi,2026-01-05 01:40:00,58,True,19,0,190,2328,19.09,232.81,0.0,True,0.1905,,,,,,,,,,,,,,,,
2026-01-05,a3c772d3fde52dbae832bi,2026-01-05 01:50:00,59,True,19,0,190,2313,19.09,231.31,0.0,True,0.1937,,,,,,,,,,,,,,,,
2026-01-05,a3c772d3fde52dbae832bi,2026-01-05 02:00:00,60,True,19,0,190,2303,19.09,230.3,0.0,True,0.1969,,,,,,,,,,,,,,,,
2026-01-05,a3c772d3fde52dbae832bi,2026-01-05 02:10:00,61,True,20,0,190,2311,19.09,231.1,0.0,True,0.2,,,,0,558,29647,15912,2620,0,last,False,relay,False,,,
2026-01-05,a3c772d3fde52dbae832bi,2026-01-05 02:20:00,62,True,20,0,190,2311,19.09,231.1,0.0,True,0.2032,,,,0,558,29647,15912,2620,0,last,False,relay,False,,,
2026-01-05,a3c772d3fde52dbae832bi,2026-01-05 02:30:00,63,True,20,0,190,2300,19.09,230.07,0.0,True,0.2064,,,,,,,,,,,,,,,,
2026-01-05,a3c772d3fde52dbae832bi,2026-01-05 02:40:00,64,True,20,0,190,2333,19.09,233.3,0.0,True,0.2096,,,,0,558,29647,15912,2620,0,last,False,relay,False,,,
2026-01-05,a3c772d3fde52dbae832bi,2026-01-05 02:50:00,65,True,21,0,190,2333,19.09,233.3,0.0,True,0.2128,,,,0,558,29647,15912,2620,0,last,False,relay,False,,,
2026-01-05,a3c772d3fde52dbae832bi,2026-01-05 03:00:00,66,True,21,0,190,2333,19.09,233.3,0.0,True,0.216,,,,0,558,29647,15912,2620,0,last,False,relay,False,,,
2026-01-05,a3c772d3fde52dbae832bi,2026-01-05 03:10:00,67,True,21,0,190,2333,19.09,233.3,0.0,True,0.2191,,,,0,558,29647,15912,2620,0,last,False,relay,False,,,
2026-01-05,a3c772d3fde52dbae832bi,2026-01-05 03:20:00,68,True,22,0,190,2333,19.09,233.3,0.0,True,0.2223,,,,0,558,29647,15912,2620,0,last,False,relay,False,,,
2026-01-05,a3c772d3fde52dbae832bi,2026-01-05 03:30:00,69,True,22,0,190,2333,19.09,233.3,0.0,True,0.2255,25.19,87.0,1014.0,0,558,29647,15912,2620,0,last,False,relay,False,,,
2026-01-05,a3c772d3fde52dbae832bi,2026-01-05 03:40:00,70,True,22,0,190,2333,19.09,233.3,0.0,True,0.2287,25.12,87.0,1014.0,0,558,29647,15912,2620,0,last,False,relay,False,,,
2026-01-05,a3c772d3fde52dbae832bi,2026-01-05 03:50:00,71,True,23,0,190,2323,19.09,232.3,0.0,True,0.2319,,,,,,,,,,,,,,,,
2026-01-05,a3c772d3fde52dbae832bi,2026-01-05 04:00:00,72,True,23,0,190,2304,19.09,230.46,0.0,True,0.235,,,,,,,,,,,,,,,,
2026-01-05,a3c772d3fde52dbae832bi,2026-01-05 04:10:00,73,True,23,0,190,2325,19.09,232.5,0.0,True,0.2382,25.1,90.0,1014.0,0,558,29647,15912,2620,0,last,False,relay,False,,,
2026-01-05,a3c772d3fde52dbae832bi,2026-01-05 04:20:00,74,True,24,0,190,2325,19.09,232.5,0.0,True,0.2414,25.1,90.0,1014.0,0,558,29647,15912,2620,0,last,False,relay,False,,,
2026-01-05,a3c772d3fde52dbae832bi,2026-01-05 04:30:00,75,True,24,0,190,2325,19.09,232.5,0.0,True,0.2446,25.05,90.0,1014.0,0,558,29647,15912,2620,0,last,False,relay,False,,,
2026-01-05,a3c772d3fde52dbae832bi,2026-01-05 04:40:00,76,True,24,0,190,2325,19.09,232.5,0.0,True,0.2478,,,,0,558,29647,15912,2620,0,last,False,relay,False,,,
2026-01-05,a3c772d3fde52dbae832bi,2026-01-05 04:50:00,77,True,25,0,190,2338,19.09,233.8,0.0,True,0.251,,,,0,558,29647,15912,2620,0,last,False,relay,False,,,
2026-01-05,a3c772d3fde52dbae832bi,2026-01-05 05:00:00,78,True,25,41,59,2309,5.96,230.9,0.042,True,0.2519,,,,,,,,,,,,,,,,
2026-01-05,a3c772d3fde52dbae832bi,2026-01-05 05:10:00,79,True,25,0,190,2338,19.09,233.8,0.0,True,0.2551,,,,0,558,29647,15912,2620,0,last,False,relay,False,,,
2026-01-05,a3c772d3fde52dbae832bi,2026-01-05 05:20:00,80,True,25,0,190,2338,19.09,233.8,0.0,True,0.2583,,,,0,558,29647,15912,2620,0,last,False,relay,False,,,
2026-01-05,a3c772d3fde52dbae832bi,2026-01-05 05:30:00,81,True,26,0,190,2338,19.09,233.8,0.0,True,0.2615,,,,0,558,29647,15912,2620,0,last,False,relay,False,,,
2026-01-05,a3c772d3fde52dbae832bi,2026-01-05 05:40:00,82,True,26,20,29,2309,2.98,230.9,0.021,True,0.262,,,,,,,,,,,,,,,,
2026-01-05,a3c772d3fde52dbae832bi,2026-01-05 05:50:00,83,True,26,20,29,2309,2.98,230.9,0.021,True,0.2625,,,,,,,,,,,,,,,,
2026-01-05,a3c772d3fde52dbae832bi,2026-01-05 06:00:00,84,True,26,184,259,2281,25.97,228.1,0.184,True,0.2668,,,,0,558,29647,15912,2620,0,last,False,relay,False,,,
2026-01-05,a3c772d3fde52dbae832bi,2026-01-05 06:10:00,85,True,26,40,58,2324,5.82,232.48,0.04,True,0.2678,,,,,,,,,,,,,,,,
2026-01-05,a3c772d3fde52dbae832bi,2026-01-05 06:20:00,86,True,27,0,190,2286,19.09,228.6,0.0,True,0.271,,,,0,558,29647,15912,2620,0,last,False,relay,False,,,
2026-01-05,a3c772d3fde52dbae832bi,2026-01-05 06:30:00,87,True,27,84,120,2311,12.09,231.17,0.085,True,0.273,,,,,,,,,,,,,,,,
2026-01-05,a3c772d3fde52dbae832bi,2026-01-05 06:40:00,88,True,27,0,190,2286,19.09,228.6,0.0,True,0.2762,,,,0,558,29647,15912,2620,0,last,False,relay,False,,,
2026-01-05,a3c772d3fde52dbae832bi,2026-01-05 06:50:00,89,True,27,122,175,2311,17.52,231.16,0.123,True,0.2791,,,,,,,,,,,,,,,,
2026-01-05,a3c772d3fde52dbae832bi,2026-01-05 07:00:00,90,True,28,81,116,2304,11.62,230.43,0.082,True,0.281,,,,,,,,,,,,,,,,
2026-01-05,a3c772d3fde52dbae832bi,2026-01-05 07:10:00,91,True,28,143,205,2311,20.5,231.16,0.143,True,0.2844,,,,,,,,,,,,,,,,
2026-01-05,a3c772d3fde52dbae832bi,2026-01-05 07:20:00,92,True,28,185,262,2303,26.27,230.3,0.185,True,0.2888,,,,0,558,29647,15912,2620,0,last,False,relay,False,,,
2026-01-05,a3c772d3fde52dbae832bi,2026-01-05 07:30:00,93,True,29,138,169,1980,16.98,198.06,0.139,True,0.2916,,,,,,,,,,,,,,,,
2026-01-05,a3c772d3fde52dbae832bi,2026-01-05 07:40:00,94,True,29,185,262,2303,26.27,230.3,0.185,True,0.296,,,,0,558,29647,15912,2620,0,last,False,relay,False,,,
2026-01-05,a3c772d3fde52dbae832bi,2026-01-05 07:50:00,95,True,30,181,257,2316,25.78,231.6,0.181,True,0.3003,,,,0,558,29647,15912,2620,0,last,False,relay,False,,,
2026-01-05,a3c772d3fde52dbae832bi,2026-01-05 08:00:00,96,True,30,181,257,2316,25.78,231.6,0.181,True,0.3046,,,,0,558,29647,15912,2620,0,last,False,relay,False,,,
2026-01-05,a3c772d3fde52dbae832bi,2026-01-05 08:10:00,97,True,30,181,257,2316,25.78,231.6,0.181,True,0.3089,,,,0,558,29647,15912,2620,0,last,False,relay,False,,,
2026-01-05,a3c772d3fde52dbae832bi,2026-01-05 08:20:00,98,True,31,181,257,2316,25.78,231.6,0.181,True,0.3132,25.0,89.0,1014.0,0,558,29647,15912,2620,0,last,False,relay,False,,,
2026-01-05,a3c772d3fde52dbae832bi,2026-01-05 08:30:00,99,True,31,181,257,2316,25.78,231.6,0.181,True,0.3175,25.0,89.0,1014.0,0,558,29647,15912,2620,0,last,False,relay,False,,,
2026-01-05,a3c772d3fde52dbae832bi,2026-01-05 08:40:00,100,True,32,181,257,2316,25.78,231.6,0.181,True,0.3218,,,,0,558,29647,15912,2620,0,last,False,relay,False,,,
2026-01-05,a3c772d3fde52dbae832bi,2026-01-05 08:50:00,101,True,32,182,259,2307,25.97,230.7,0.182,True,0.3261,,,,0,558,29647,15912,2620,0,last,False,relay,False,,,
2026-01-05,a3c772d3fde52dbae832bi,2026-01-05 09:00:00,102,True,33,182,259,2307,25.97,230.7,0.182,True,0.3305,,,,0,558,29647,15912,2620,0,last,False,relay,False,,,
2026-01-05,a3c772d3fde52dbae832bi,2026-01-05 09:10:00,103,True,33,182,259,2307,25.97,230.7,0.182,True,0.3348,,,,0,558,29647,15912,2620,0,last,False,relay,False,,,
2026-01-05,a3c772d3fde52dbae832bi,2026-01-05 09:20:00,104,True,33,182,259,2307,25.97,230.7,0.182,True,0.3391,,,,0,558,29647,15912,2620,0,last,False,relay,False,,,
2026-01-05,a3c772d3fde52dbae832bi,2026-01-05 09:30:00,105,True,34,182,259,2307,25.97,230.7,0.182,True,0.3434,,,,0,558,29647,15912,2620,0,last,False,relay,False,,,
2026-01-05,a3c772d3fde52dbae832bi,2026-01-05 09:40:00,106,True,34,182,259,2307,25.97,230.7,0.182,True,0.3478,,,,0,558,29647,15912,2620,0,last,False,relay,False,,,
2026-01-05,a3c772d3fde52dbae832bi,2026-01-05 09:50:00,107,True,35,182,259,2307,25.97,230.7,0.182,True,0.3521,24.73,89.0,1012.0,0,558,29647,15912,2620,0,last,False,relay,False,,,
2026-01-05,a3c772d3fde52dbae832bi,2026-01-05 10:00:00,108,True,35,184,263,2316,26.34,231.6,0.184,True,0.3565,24.68,89.0,1012.0,0,558,29647,15912,2620,0,last,False,relay,False,,,
2026-01-05,a3c772d3fde52dbae832bi,2026-01-05 10:10:00,109,True,36,184,263,2316,26.34,231.6,0.184,True,0.3609,24.73,89.0,1012.0,0,558,29647,15912,2620,0,last,False,relay,False,,,
2026-01-05,a3c772d3fde52dbae832bi,2026-01-05 10:20:00,110,True,36,184,263,2316,26.34,231.6,0.184,True,0.3653,24.73,89.0,1012.0,0,558,29647,15912,2620,0,last,False,relay,False,,,
2026-01-05,a3c772d3fde52dbae832bi,2026-01-05 10:30:00,111,True,36,184,263,2316,26.34,231.6,0.184,True,0.3697,24.73,89.0,1012.0,0,558,29647,15912,2620,0,last,False,relay,False,,,
2026-01-05,a3c772d3fde52dbae832bi,2026-01-05 10:40:00,112,True,37,184,263,2316,26.34,231.6,0.184,True,0.3741,24.73,89.0,1012.0,0,558,29647,15912,2620,0,last,False,relay,False,,,
2026-01-05,a3c772d3fde52dbae832bi,2026-01-05 10:50:00,113,True,37,184,263,2316,26.34,231.6,0.184,True,0.3784,24.68,89.0,1012.0,0,558,29647,15912,2620,0,last,False,relay,False,,,
2026-01-05,a3c772d3fde52dbae832bi,2026-01-05 11:00:00,114,True,38,185,266,2347,26.65,234.7,0.185,True,0.3829,24.73,89.0,1012.0,0,558,29647,15912,2620,0,last,False,relay,False,,,
2026-01-05,a3c772d3fde52dbae832bi,2026-01-05 11:10:00,115,True,38,185,266,2347,26.65,234.7,0.185,True,0.3873,24.68,89.0,1012.0,0,558,29647,15912,2620,0,last,False,relay,False,,,
2026-01-05,a3c772d3fde52dbae832bi,2026-01-05 11:20:00,116,True,39,185,266,2347,26.65,234.7,0.185,True,0.3918,24.68,90.0,1012.0,0,558,29647,15912,2620,0,last,False,relay,False,,,
2026-01-05,a3c772d3fde52dbae832bi,2026-01-05 11:30:00,117,True,39,185,266,2347,26.65,234.7,0.185,True,0.3962,24.37,90.0,1012.0,0,558,29647,15912,2620,0,last,False,relay,False,,,
2026-01-05,a3c772d3fde52dbae832bi,2026-01-05 11:40:00,118,True,40,185,266,2347,26.65,234.7,0.185,True,0.4006,24.37,90.0,1012.0,0,558,29647,15912,2620,0,last,False,relay,False,,,
2026-01-05,a3c772d3fde52dbae832bi,2026-01-05 11:50:00,119,True,40,185,266,2347,26.65,234.7,0.185,True,0.4051,24.37,91.0,1012.0,0,558,29647,15912,2620,0,last,False,relay,False,,,
2026-01-05,a3c772d3fde52dbae832bi,2026-01-05 12:00:00,120,True,40,184,264,2347,26.46,234.7,0.184,True,0.4095,24.68,91.0,1012.0,0,558,29647,15912,2620,0,last,False,relay,False,,,
2026-01-05,a3c772d3fde52dbae832bi,2026-01-05 12:10:00,121,True,41,184,264,2347,26.46,234.7,0.184,True,0.4139,24.68,91.0,1012.0,0,558,29647,15912,2620,0,last,False,relay,False,,,
2026-01-05,a3c772d3fde52dbae832bi,2026-01-05 12:20:00,122,True,41,184,264,2347,26.46,234.7,0.184,True,0.4183,24.68,91.0,1012.0,0,558,29647,15912,2620,0,last,False,relay,False,,,
2026-01-05,a3c772d3fde52dbae832bi,2026-01-05 12:30:00,123,True,42,184,264,2347,26.46,234.7,0.184,True,0.4227,,,,0,558,29647,15912,2620,0,last,False,relay,False,,,
2026-01-05,a3c772d3fde52dbae832bi,2026-01-05 12:40:00,124,True,42,184,264,2347,26.46,234.7,0.184,True,0.4271,24.68,91.0,1012.0,0,558,29647,15912,2620,0,last,False,relay,False,,,
2026-01-05,a3c772d3fde52dbae832bi,2026-01-05 12:50:00,125,True,43,184,264,2347,26.46,234.7,0.184,True,0.4316,24.73,91.0,1012.0,0,558,29647,15912,2620,0,last,False,relay,False,,,
2026-01-05,a3c772d3fde52dbae832bi,2026-01-05 13:00:00,126,True,43,183,261,2316,26.15,231.6,0.183,True,0.4359,24.68,91.0,1012.0,0,558,29647,15912,2620,0,last,False,relay,False,,,
2026-01-05,a3c772d3fde52dbae832bi,2026-01-05 13:10:00,127,True,43,0,190,2298,19.09,229.8,0.0,True,0.4391,24.68,91.0,1012.0,0,558,29647,15912,2620,0,last,False,relay,False,,,
2026-01-05,a3c772d3fde52dbae832bi,2026-01-05 13:20:00,128,True,44,0,190,2298,19.09,229.8,0.0,True,0.4423,24.68,91.0,1013.0,0,558,29647,15912,2620,0,last,False,relay,False,,,
2026-01-05,a3c772d3fde52dbae832bi,2026-01-05 13:30:00,129,True,44,0,190,2298,19.09,229.8,0.0,True,0.4455,24.73,90.0,1013.0,0,558,29647,15912,2620,0,last,False,relay,False,,,
2026-01-05,a3c772d3fde52dbae832bi,2026-01-05 13:40:00,130,True,44,0,190,2298,19.09,229.8,0.0,True,0.4486,24.37,90.0,1012.0,0,558,29647,15912,2620,0,last,False,relay,False,,,
2026-01-05,a3c772d3fde52dbae832bi,2026-01-05 13:50:00,131,True,45,0,190,2298,19.09,229.8,0.0,True,0.4518,24.73,90.0,1012.0,0,558,29647,15912,2620,0,last,False,relay,False,,,
2026-01-05,a3c772d3fde52dbae832bi,2026-01-05 14:00:00,132,True,45,0,190,2298,19.09,229.8,0.0,True,0.455,24.73,90.0,1012.0,0,558,29647,15912,2620,0,last,False,relay,False,,,
2026-01-05,a3c772d3fde52dbae832bi,2026-01-05 14:10:00,133,True,45,0,190,2290,19.09,229.0,0.0,True,0.4582,24.73,91.0,1012.0,0,558,29647,15912,2620,0,last,False,relay,False,,,
2026-01-05,a3c772d3fde52dbae832bi,2026-01-05 14:20:00,134,True,46,0,190,2290,19.09,229.0,0.0,True,0.4614,24.56,90.0,1013.0,0,558,29647,15912,2620,0,last,False,relay,False,,,
2026-01-05,a3c772d3fde52dbae832bi,2026-01-05 14:30:00,135,True,46,0,190,2290,19.09,229.0,0.0,True,0.4645,24.6,89.0,1013.0,0,558,29647,15912,2620,0,last,False,relay,False,,,
2026-01-05,a3c772d3fde52dbae832bi,2026-01-05 14:40:00,136,True,46,0,190,2290,19.09,229.0,0.0,True,0.4677,24.57,89.0,1013.0,0,558,29647,15912,2620,0,last,False,relay,False,,,
2026-01-05,a3c772d3fde52dbae832bi,2026-01-05 14:50:00,137,True,47,0,190,2290,19.09,229.0,0.0,True,0.4709,24.68,89.0,1013.0,0,558,29647,15912,2620,0,last,False,relay,False,,,
2026-01-05,a3c772d3fde52dbae832bi,2026-01-05 15:00:00,138,True,47,0,190,2290,19.09,229.0,0.0,True,0.4741,24.65,90.0,1013.0,0,558,29647,15912,2620,0,last,False,relay,False,,,
2026-01-05,a3c772d3fde52dbae832bi,2026-01-05 15:10:00,139,True,47,0,190,2290,19.09,229.0,0.0,True,0.4773,24.73,89.0,1014.0,0,558,29647,15912,2620,0,last,False,relay,False,,,
2026-01-05,a3c772d3fde52dbae832bi,2026-01-05 15:20:00,140,True,48,0,190,2290,19.09,229.0,0.0,True,0.4805,24.93,87.0,1014.0,0,558,29647,15912,2620,0,last,False,relay,False,,,
2026-01-05,a3c772d3fde52dbae832bi,2026-01-05 15:30:00,141,True,48,0,190,2290,19.09,229.0,0.0,True,0.4836,25.24,87.0,1014.0,0,558,29647,15912,2620,0,last,False,relay,False,,,
2026-01-05,a3c772d3fde52dbae832bi,2026-01-05 15:40:00,142,True,48,0,190,2290,19.09,229.0,0.0,True,0.4868,25.24,87.0,1014.0,0,558,29647,15912,2620,0,last,False,relay,False,,,
2026-01-05,a3c772d3fde52dbae832bi,2026-01-05 15:50:00,143,True,48,0,190,2290,19.09,229.0,0.0,True,0.49,25.33,86.0,1014.0,0,558,29647,15912,2620,0,last,False,relay,False,,,
2026-01-06,a3c772d3fde52dbae832bi,2026-01-05 16:00:00,0,True,0,0,138,2290,13.82,229.0,0.0,True,0.0023,25.72,85.0,1014.0,0,558,29647,15912,2620,0,last,False,relay,False,,,
2026-01-06,a3c772d3fde52dbae832bi,2026-01-05 16:10:00,1,True,0,0,138,2290,13.82,229.0,0.0,True,0.0046,25.68,85.0,1014.0,0,558,29647,15912,2620,0,last,False,relay,False,,,
2026-01-06,a3c772d3fde52dbae832bi,2026-01-05 16:20:00,2,True,0,0,138,2290,13.82,229.0,0.0,True,0.0069,26.03,87.0,1014.0,0,558,29647,15912,2620,0,last,False,relay,False,,,
2026-01-06,a3c772d3fde52dbae832bi,2026-01-05 16:30:00,3,True,0,0,138,2290,13.82,229.0,0.0,True,0.0092,26.03,87.0,1014.0,0,558,29647,15912,2620,0,last,False,relay,False,,,
2026-01-06,a3c772d3fde52dbae832bi,2026-01-05 16:40:00,4,True,1,0,138,2290,13.82,229.0,0.0,True,0.0115,26.4,86.0,1014.0,0,558,29647,15912,2620,0,last,False,relay,False,,,
2026-01-06,a3c772d3fde52dbae832bi,2026-01-05 16:50:00,5,True,1,0,138,2290,13.82,229.0,0.0,True,0.0138,26.27,87.0,1014.0,0,558,29647,15912,2620,0,last,False,relay,False,,,
2026-01-06,a3c772d3fde52dbae832bi,2026-01-05 17:00:00,6,True,1,0,138,2290,13.82,229.0,0.0,True,0.0161,,,,0,558,29647,15912,2620,0,last,False,relay,False,,,
2026-01-06,a3c772d3fde52dbae832bi,2026-01-05 17:10:00,7,True,1,0,138,2290,13.82,229.0,0.0,True,0.0184,27.35,81.0,1015.0,0,558,29647,15912,2620,0,last,False,relay,False,,,
2026-01-06,a3c772d3fde52dbae832bi,2026-01-05 17:20:00,8,True,2,0,138,2290,13.82,229.0,0.0,True,0.0207,27.4,81.0,1015.0,0,558,29647,15912,2620,0,last,False,relay,False,,,
2026-01-06,a3c772d3fde52dbae832bi,2026-01-05 17:30:00,9,True,2,0,138,2290,13.82,229.0,0.0,True,0.023,27.4,81.0,1015.0,0,558,29647,15912,2620,0,last,False,relay,False,,,
2026-01-06,a3c772d3fde52dbae832bi,2026-01-05 17:40:00,10,True,2,0,138,2290,13.82,229.0,0.0,True,0.0253,,,,0,558,29647,15912,2620,0,last,False,relay,False,,,
2026-01-06,a3c772d3fde52dbae832bi,2026-01-05 17:50:00,11,True,2,0,138,2290,13.82,229.0,0.0,True,0.0276,26.83,82.0,1014.0,0,558,29647,15912,2620,0,last,False,relay,False,,,
2026-01-06,a3c772d3fde52dbae832bi,2026-01-05 18:00:00,12,True,2,0,138,2290,13.82,229.0,0.0,True,0.0299,26.95,82.0,1014.0,0,558,29647,15912,2620,0,last,False,relay,False,,,
2026-01-06,a3c772d3fde52dbae832bi,2026-01-05 18:10:00,13,True,3,0,138,2290,13.82,229.0,0.0,True,0.0322,,,,0,558,29647,15912,2620,0,last,False,relay,False,,,
2026-01-06,a3c772d3fde52dbae832bi,2026-01-05 18:20:00,14,True,3,0,138,2290,13.82,229.0,0.0,True,0.0345,28.33,79.0,1014.0,0,558,29647,15912,2620,0,last,False,relay,False,,,
2026-01-06,a3c772d3fde52dbae832bi,2026-01-05 18:30:00,15,True,3,0,138,2290,13.82,229.0,0.0,True,0.0368,28.33,79.0,1014.0,0,558,29647,15912,2620,0,last,False,relay,False,,,
2026-01-06,a3c772d3fde52dbae832bi,2026-01-05 18:40:00,16,True,3,0,138,2290,13.82,229.0,0.0,True,0.0391,28.33,79.0,1014.0,0,558,29647,15912,2620,0,last,False,relay,False,,,
2026-01-06,a3c772d3fde52dbae832bi,2026-01-05 18:50:00,17,True,4,0,138,2290,13.82,229.0,0.0,True,0.0414,28.38,79.0,1014.0,0,558,29647,15912,2620,0,last,False,relay,False,,,
2026-01-06,a3c772d3fde52dbae832bi,2026-01-05 19:00:00,18,True,4,0,138,2290,13.82,229.0,0.0,True,0.0437,,,,0,558,29647,15912,2620,0,last,False,relay,False,,,
2026-01-06,a3c772d3fde52dbae832bi,2026-01-05 19:10:00,19,True,4,0,138,2290,13.82,229.0,0.0,True,0.0461,28.38,79.0,1014.0,0,558,29647,15912,2620,0,last,False,relay,False,,,
2026-01-06,a3c772d3fde52dbae832bi,2026-01-05 19:20:00,20,True,4,0,138,2290,13.82,229.0,0.0,True,0.0484,28.63,77.0,1014.0,0,558,29647,15912,2620,0,last,False,relay,False,,,
2026-01-06,a3c772d3fde52dbae832bi,2026-01-05 19:30:00,21,True,5,0,138,2290,13.82,229.0,0.0,True,0.0507,28.63,77.0,1014.0,0,558,29647,15912,2620,0,last,False,relay,False,,,
2026-01-06,a3c772d3fde52dbae832bi,2026-01-05 19:40:00,22,True,5,0,138,2290,13.82,229.0,0.0,True,0.053,28.63,76.0,1013.0,0,558,29647,15912,2620,0,last,False,relay,False,,,
2026-01-06,a3c772d3fde52dbae832bi,2026-01-05 19:50:00,23,True,5,0,138,2290,13.82,229.0,0.0,True,0.0553,28.71,76.0,1013.0,0,558,29647,15912,2620,0,last,False,relay,False,,,
2026-01-06,a3c772d3fde52dbae832bi,2026-01-05 20:00:00,24,True,5,0,138,2290,13.82,229.0,0.0,True,0.0576,28.34,77.0,1013.0,0,558,29647,15912,2620,0,last,False,relay,False,,,
2026-01-06,a3c772d3fde52dbae832bi,2026-01-05 20:10:00,25,True,5,0,138,2290,13.82,229.0,0.0,True,0.0599,28.52,77.0,1013.0,0,558,29647,15912,2620,0,last,False,relay,False,,,
2026-01-06,a3c772d3fde52dbae832bi,2026-01-05 20:20:00,26,True,6,0,138,2290,13.82,229.0,0.0,True,0.0622,28.13,78.0,1013.0,0,558,29647,15912,2620,0,last,False,relay,False,,,
2026-01-06,a3c772d3fde52dbae832bi,2026-01-05 20:30:00,27,True,6,0,138,2290,13.82,229.0,0.0,True,0.0645,28.13,78.0,1013.0,0,558,29647,15912,2620,0,last,False,relay,False,,,
2026-01-06,a3c772d3fde52dbae832bi,2026-01-05 20:40:00,28,True,6,0,138,2290,13.82,229.0,0.0,True,0.0668,28.13,77.0,1012.0,0,558,29647,15912,2620,0,last,False,relay,False,,,
2026-01-06,a3c772d3fde52dbae832bi,2026-01-05 20:50:00,29,True,6,0,138,2290,13.82,229.0,0.0,True,0.0691,28.13,77.0,1012.0,0,558,29647,15912,2620,0,last,False,relay,False,,,
2026-01-06,a3c772d3fde52dbae832bi,2026-01-05 21:00:00,30,True,7,0,138,2290,13.82,229.0,0.0,True,0.0714,28.41,77.0,1012.0,0,558,29647,15912,2620,0,last,False,relay,False,,,
2026-01-06,a3c772d3fde52dbae832bi,2026-01-05 21:10:00,31,True,7,0,138,2290,13.82,229.0,0.0,True,0.0737,28.15,78.0,1012.0,0,558,29647,15912,2620,0,last,False,relay,False,,,
2026-01-06,a3c772d3fde52dbae832bi,2026-01-05 21:20:00,32,True,7,0,138,2290,13.82,229.0,0.0,True,0.076,28.74,76.0,1012.0,0,558,29647,15912,2620,0,last,False,relay,False,,,
2026-01-06,a3c772d3fde52dbae832bi,2026-01-05 21:30:00,33,True,7,0,138,2290,13.82,229.0,0.0,True,0.0783,28.56,76.0,1012.0,0,558,29647,15912,2620,0,last,False,relay,False,,,
2026-01-06,a3c772d3fde52dbae832bi,2026-01-05 21:40:00,34,True,8,0,138,2290,13.82,229.0,0.0,True,0.0806,28.51,77.0,1011.0,0,558,29647,15912,2620,0,last,False,relay,False,,,
2026-01-06,a3c772d3fde52dbae832bi,2026-01-05 21:50:00,35,True,8,0,138,2290,13.82,229.0,0.0,True,0.0829,28.15,78.0,1011.0,0,558,29647,15912,2620,0,last,False,relay,False,,,
2026-01-06,a3c772d3fde52dbae832bi,2026-01-05 22:00:00,36,True,8,0,138,2290,13.82,229.0,0.0,True,0.0852,28.15,78.0,1011.0,0,558,29647,15912,2620,0,last,False,relay,False,,,
2026-01-06,a3c772d3fde52dbae832bi,2026-01-05 22:10:00,37,True,8,0,138,2290,13.82,229.0,0.0,True,0.0875,28.4,83.0,1011.0,0,558,29647,15912,2620,0,last,False,relay,False,,,
2026-01-06,a3c772d3fde52dbae832bi,2026-01-05 22:20:00,38,True,8,0,138,2290,13.82,229.0,0.0,True,0.0898,,,,0,558,29647,15912,2620,0,last,False,relay,False,,,
2026-01-06,a3c772d3fde52dbae832bi,2026-01-05 22:30:00,39,True,9,0,138,2290,13.82,229.0,0.0,True,0.0921,,,,0,558,29647,15912,2620,0,last,False,relay,False,,,
2026-01-06,a3c772d3fde52dbae832bi,2026-01-05 22:40:00,40,True,9,0,138,2290,13.82,229.0,0.0,True,0.0944,28.63,74.0,1011.0,0,558,29647,15912,2620,0,last,False,relay,False,,,
2026-01-06,a3c772d3fde52dbae832bi,2026-01-05 22:50:00,41,True,9,0,138,2290,13.82,229.0,0.0,True,0.0967,28.63,74.0,1011.0,0,558,29647,15912,2620,0,last,False,relay,False,,,
2026-01-06,a3c772d3fde52dbae832bi,2026-01-05 23:00:00,42,True,9,0,138,2290,13.82,229.0,0.0,True,0.099,28.15,78.0,1011.0,0,558,29647,15912,2620,0,last,False,relay,False,,,
2026-01-06,a3c772d3fde52dbae832bi,2026-01-05 23:10:00,43,True,10,0,138,2290,13.82,229.0,0.0,True,0.1013,28.15,78.0,1011.0,0,558,29647,15912,2620,0,last,False,relay,False,,,
2026-01-06,a3c772d3fde52dbae832bi,2026-01-05 23:20:00,44,True,10,0,138,2290,13.82,229.0,0.0,True,0.1036,29.0,70.0,1011.0,0,558,29647,15912,2620,0,last,False,relay,False,,,
2026-01-06,a3c772d3fde52dbae832bi,2026-01-05 23:30:00,45,True,10,0,138,2290,13.82,229.0,0.0,True,0.1059,29.0,70.0,1011.0,0,558,29647,15912,2620,0,last,False,relay,False,,,
2026-01-06,a3c772d3fde52dbae832bi,2026-01-05 23:40:00,46,True,10,0,138,2290,13.82,229.0,0.0,True,0.1082,29.0,70.0,1011.0,0,558,29647,15912,2620,0,last,False,relay,False,,,
2026-01-06,a3c772d3fde52dbae832bi,2026-01-05 23:50:00,47,True,11,0,138,2290,13.82,229.0,0.0,True,0.1105,29.0,70.0,1011.0,0,558,29647,15912,2620,0,last,False,relay,False,,,
2026-01-06,a3c772d3fde52dbae832bi,2026-01-06 00:00:00,48,True,11,0,138,2290,13.82,229.0,0.0,True,0.1128,29.0,70.0,1011.0,0,558,29647,15912,2620,0,last,False,relay,False,,,
2026-01-06,a3c772d3fde52dbae832bi,2026-01-06 00:10:00,49,True,11,0,138,2290,13.82,229.0,0.0,True,0.1151,28.63,74.0,1011.0,0,558,29647,15912,2620,0,last,False,relay,False,,,
2026-01-06,a3c772d3fde52dbae832bi,2026-01-06 00:20:00,50,True,11,0,138,2290,13.82,229.0,0.0,True,0.1174,27.84,80.0,1011.0,0,558,29647,15912,2620,0,last,False,relay,False,,,
2026-01-06,a3c772d3fde52dbae832bi,2026-01-06 00:30:00,51,True,11,0,138,2290,13.82,229.0,0.0,True,0.1197,27.95,76.0,1011.0,0,558,29647,15912,2620,0,last,False,relay,False,,,
2026-01-06,a3c772d3fde52dbae832bi,2026-01-06 00:40:00,52,True,12,0,138,2290,13.82,229.0,0.0,True,0.122,27.82,78.0,1011.0,0,558,29647,15912,2620,0,last,False,relay,False,,,
2026-01-06,a3c772d3fde52dbae832bi,2026-01-06 00:50:00,53,True,12,0,138,2290,13.82,229.0,0.0,True,0.1243,,,,0,558,29647,15912,2620,0,last,False,relay,False,,,
2026-01-06,a3c772d3fde52dbae832bi,2026-01-06 01:00:00,54,True,12,0,138,2290,13.82,229.0,0.0,True,0.1266,27.88,78.0,1011.0,0,558,29647,15912,2620,0,last,False,relay,False,,,
2026-01-06,a3c772d3fde52dbae832bi,2026-01-06 01:10:00,55,True,12,0,138,2290,13.82,229.0,0.0,True,0.1289,27.82,78.0,1012.0,0,558,29647,15912,2620,0,last,False,relay,False,,,
2026-01-06,a3c772d3fde52dbae832bi,2026-01-06 01:20:00,56,True,13,0,138,2290,13.82,229.0,0.0,True,0.1312,,,,0,558,29647,15912,2620,0,last,False,relay,False,,,
2026-01-06,a3c772d3fde52dbae832bi,2026-01-06 01:30:00,57,True,13,0,138,2290,13.82,229.0,0.0,True,0.1336,27.82,77.0,1012.0,0,558,29647,15912,2620,0,last,False,relay,False,,,
2026-01-06,a3c772d3fde52dbae832bi,2026-01-06 01:40:00,58,True,13,0,138,2290,13.82,229.0,0.0,True,0.1359,27.77,77.0,1012.0,0,558,29647,15912,2620,0,last,False,relay,False,,,
2026-01-06,a3c772d3fde52dbae832bi,2026-01-06 01:50:00,59,True,13,0,138,2290,13.82,229.0,0.0,True,0.1382,27.5,77.0,1012.0,0,558,29647,15912,2620,0,last,False,relay,False,,,
2026-01-06,a3c772d3fde52dbae832bi,2026-01-06 02:00:00,60,True,14,0,138,2290,13.82,229.0,0.0,True,0.1405,27.5,78.0,1012.0,0,558,29647,15912,2620,0,last,False,relay,False,,,
2026-01-06,a3c772d3fde52dbae832bi,2026-01-06 02:10:00,61,True,14,0,138,2290,13.82,229.0,0.0,True,0.1428,27.2,78.0,1012.0,0,558,29647,15912,2620,0,last,False,relay,False,,,
2026-01-06,a3c772d3fde52dbae832bi,2026-01-06 02:20:00,62,True,14,0,138,2290,13.82,229.0,0.0,True,0.1451,27.38,79.0,1012.0,0,558,29647,15912,2620,0,last,False,relay,False,,,
2026-01-06,a3c772d3fde52dbae832bi,2026-01-06 02:30:00,63,True,14,0,138,2290,13.82,229.0,0.0,True,0.1474,,,,0,558,29647,15912,2620,0,last,False,relay,False,,,
2026-01-06,a3c772d3fde52dbae832bi,2026-01-06 02:40:00,64,True,14,0,138,2290,13.82,229.0,0.0,True,0.1497,26.86,79.0,1012.0,0,558,29647,15912,2620,0,last,False,relay,False,,,
2026-01-06,a3c772d3fde52dbae832bi,2026-01-06 02:50:00,65,True,15,0,138,2290,13.82,229.0,0.0,True,0.152,26.92,79.0,1012.0,0,558,29647,15912,2620,0,last,False,relay,False,,,
2026-01-06,a3c772d3fde52dbae832bi,2026-01-06 03:00:00,66,True,15,0,138,2290,13.82,229.0,0.0,True,0.1543,26.86,79.0,1012.0,0,558,29647,15912,2620,0,last,False,relay,False,,,
2026-01-06,a3c772d3fde52dbae832bi,2026-01-06 03:10:00,67,True,15,0,138,2290,13.82,229.0,0.0,True,0.1566,26.86,79.0,1013.0,0,558,29647,15912,2620,0,last,False,relay,False,,,
2026-01-06,a3c772d3fde52dbae832bi,2026-01-06 03:20:00,68,True,15,0,138,2290,13.82,229.0,0.0,True,0.1589,26.81,80.0,1013.0,0,558,29647,15912,2620,0,last,False,relay,False,,,
2026-01-06,a3c772d3fde52dbae832bi,2026-01-06 03:30:00,69,True,16,0,138,2290,13.82,229.0,0.0,True,0.1612,26.78,80.0,1013.0,0,558,29647,15912,2620,0,last,False,relay,False,,,
2026-01-06,a3c772d3fde52dbae832bi,2026-01-06 03:40:00,70,True,16,0,138,2290,13.82,229.0,0.0,True,0.1635,26.78,80.0,1013.0,0,558,29647,15912,2620,0,last,False,relay,False,,,
2026-01-06,a3c772d3fde52dbae832bi,2026-01-06 03:50:00,71,True,16,0,138,2290,13.82,229.0,0.0,True,0.1658,,,,0,558,29647,15912,2620,0,last,False,relay,False,,,
2026-01-06,a3c772d3fde52dbae832bi,2026-01-06 04:00:00,72,True,16,0,138,2290,13.82,229.0,0.0,True,0.1681,26.78,80.0,1013.0,0,558,29647,15912,2620,0,last,False,relay,False,,,
2026-01-06,a3c772d3fde52dbae832bi,2026-01-06 04:10:00,73,True,17,0,138,2290,13.82,229.0,0.0,True,0.1704,26.78,80.0,1013.0,0,558,29647,15912,2620,0,last,False,relay,False,,,
2026-01-06,a3c772d3fde52dbae832bi,2026-01-06 04:20:00,74,True,17,0,138,2290,13.82,229.0,0.0,True,0.1727,26.73,80.0,1013.0,0,558,29647,15912,2620,0,last,False,relay,False,,,
2026-01-06,a3c772d3fde52dbae832bi,2026-01-06 04:30:00,75,True,17,0,138,2290,13.82,229.0,0.0,True,0.175,26.73,80.0,1013.0,0,558,29647,15912,2620,0,last,False,relay,False,,,
2026-01-06,a3c772d3fde52dbae832bi,2026-01-06 04:40:00,76,True,17,0,138,2290,13.82,229.0,0.0,True,0.1773,,,,0,558,29647,15912,2620,0,last,False,relay,False,,,
2026-01-06,a3c772d3fde52dbae832bi,2026-01-06 04:50:00,77,True,17,0,138,2290,13.82,229.0,0.0,True,0.1796,26.73,80.0,1014.0,0,558,29647,15912,2620,0,last,False,relay,False,,,
2026-01-06,a3c772d3fde52dbae832bi,2026-01-06 05:00:00,78,True,18,187,176,2316,17.65,231.6,0.187,True,0.1825,26.73,80.0,1014.0,0,558,29647,15912,2620,0,last,False,relay,False,,,
2026-01-06,a3c772d3fde52dbae832bi,2026-01-06 05:10:00,79,True,18,187,176,2316,17.65,231.6,0.187,True,0.1855,26.73,80.0,1014.0,0,558,29647,15912,2620,0,last,False,relay,False,,,
2026-01-06,a3c772d3fde52dbae832bi,2026-01-06 05:20:00,80,True,18,187,176,2316,17.65,231.6,0.187,True,0.1884,26.73,80.0,1014.0,0,558,29647,15912,2620,0,last,False,relay,False,,,
2026-01-06,a3c772d3fde52dbae832bi,2026-01-06 05:30:00,81,True,19,187,176,2316,17.65,231.6,0.187,True,0.1914,26.73,81.0,1013.0,0,558,29647,15912,2620,0,last,False,relay,False,,,
2026-01-06,a3c772d3fde52dbae832bi,2026-01-06 05:40:00,82,True,19,187,176,2316,17.65,231.6,0.187,True,0.1943,26.73,81.0,1013.0,0,558,29647,15912,2620,0,last,False,relay,False,,,
2026-01-06,a3c772d3fde52dbae832bi,2026-01-06 05:50:00,83,True,19,187,176,2316,17.65,231.6,0.187,True,0.1973,26.73,81.0,1013.0,0,558,29647,15912,2620,0,last,False,relay,False,,,
2026-01-06,a3c772d3fde52dbae832bi,2026-01-06 06:00:00,84,True,20,181,167,2290,16.8,229.0,0.181,True,0.2001,26.65,81.0,1013.0,0,558,29647,15912,2620,0,last,False,relay,False,,,
2026-01-06,a3c772d3fde52dbae832bi,2026-01-06 06:10:00,85,True,20,181,167,2290,16.8,229.0,0.181,True,0.2029,26.65,80.0,1014.0,0,558,29647,15912,2620,0,last,False,relay,False,,,
2026-01-06,a3c772d3fde52dbae832bi,2026-01-06 06:20:00,86,True,20,181,167,2290,16.8,229.0,0.181,True,0.2057,26.45,82.0,1014.0,0,558,29647,15912,2620,0,last,False,relay,False,,,
2026-01-06,a3c772d3fde52dbae832bi,2026-01-06 06:30:00,87,True,20,181,167,2290,16.8,229.0,0.181,True,0.2085,26.45,82.0,1014.0,0,558,29647,15912,2620,0,last,False,relay,False,,,
2026-01-06,a3c772d3fde52dbae832bi,2026-01-06 06:40:00,88,True,21,181,167,2290,16.8,229.0,0.181,True,0.2113,,,,0,558,29647,15912,2620,0,last,False,relay,False,,,
2026-01-06,a3c772d3fde52dbae832bi,2026-01-06 06:50:00,89,True,21,181,167,2290,16.8,229.0,0.181,True,0.2141,26.45,82.0,1013.0,0,558,29647,15912,2620,0,last,False,relay,False,,,
2026-01-06,a3c772d3fde52dbae832bi,2026-01-06 07:00:00,90,True,21,184,171,2307,17.12,230.7,0.184,True,0.2169,26.45,82.0,1013.0,0,558,29647,15912,2620,0,last,False,relay,False,,,
2026-01-06,a3c772d3fde52dbae832bi,2026-01-06 07:10:00,91,True,21,184,171,2307,17.12,230.7,0.184,True,0.2198,26.56,81.0,1014.0,0,558,29647,15912,2620,0,last,False,relay,False,,,
2026-01-06,a3c772d3fde52dbae832bi,2026-01-06 07:20:00,92,True,22,184,171,2307,17.12,230.7,0.184,True,0.2226,,,,0,558,29647,15912,2620,0,last,False,relay,False,,,
2026-01-06,a3c772d3fde52dbae832bi,2026-01-06 07:30:00,93,True,22,184,171,2307,17.12,230.7,0.184,True,0.2255,26.14,82.0,1014.0,0,558,29647,15912,2620,0,last,False,relay,False,,,
2026-01-06,a3c772d3fde52dbae832bi,2026-01-06 07:40:00,94,True,22,184,171,2307,17.12,230.7,0.184,True,0.2283,,,,0,558,29647,15912,2620,0,last,False,relay,False,,,
2026-01-06,a3c772d3fde52dbae832bi,2026-01-06 07:50:00,95,True,23,183,172,2325,17.25,232.5,0.183,True,0.2312,26.14,82.0,1013.0,0,558,29647,15912,2620,0,last,False,relay,False,,,
2026-01-06,a3c772d3fde52dbae832bi,2026-01-06 08:00:00,96,True,23,183,172,2325,17.25,232.5,0.183,True,0.2341,26.08,82.0,1014.0,0,558,29647,15912,2620,0,last,False,relay,False,,,
2026-01-06,a3c772d3fde52dbae832bi,2026-01-06 08:10:00,97,True,23,182,171,2316,17.16,231.6,0.182,True,0.2369,,,,0,558,29647,15912,2620,0,last,False,relay,False,,,
2026-01-06,a3c772d3fde52dbae832bi,2026-01-06 08:20:00,98,True,23,158,149,2316,14.92,231.64,0.158,True,0.2394,,,,,,,,,,,,,,,,
2026-01-06,a3c772d3fde52dbae832bi,2026-01-06 08:30:00,99,True,24,158,149,2316,14.92,231.64,0.158,True,0.2419,,,,,,,,,,,,,,,,
2026-01-06,a3c772d3fde52dbae832bi,2026-01-06 08:40:00,100,True,24,182,171,2316,17.16,231.6,0.182,True,0.2448,26.08,82.0,1013.0,0,558,29647,15912,2620,0,last,False,relay,False,,,
2026-01-06,a3c772d3fde52dbae832bi,2026-01-06 08:50:00,101,True,24,158,149,2319,14.92,231.96,0.158,True,0.2473,,,,,,,,,,,,,,,,
2026-01-06,a3c772d3fde52dbae832bi,2026-01-06 09:00:00,102,True,25,181,172,2329,17.25,232.9,0.181,True,0.2501,,,,0,558,29647,15912,2620,0,last,False,relay,False,,,
2026-01-06,a3c772d3fde52dbae832bi,2026-01-06 09:10:00,103,True,25,181,172,2329,17.25,232.9,0.181,True,0.253,,,,0,558,29647,15912,2620,0,last,False,relay,False,,,
2026-01-06,a3c772d3fde52dbae832bi,2026-01-06 09:20:00,104,True,25,181,172,2329,17.25,232.9,0.181,True,0.2559,,,,0,558,29647,15912,2620,0,last,False,relay,False,,,
2026-01-06,a3c772d3fde52dbae832bi,2026-01-06 09:30:00,105,True,25,181,172,2329,17.25,232.9,0.181,True,0.2588,,,,0,558,29647,15912,2620,0,last,False,relay,False,,,
2026-01-06,a3c772d3fde52dbae832bi,2026-01-06 09:40:00,106,True,26,117,110,2315,11.05,231.5,0.117,True,0.2606,,,,,,,,,,,,,,,,
2026-01-06,a3c772d3fde52dbae832bi,2026-01-06 09:50:00,107,True,26,181,172,2329,17.25,232.9,0.181,True,0.2635,,,,0,558,29647,15912,2620,0,last,False,relay,False,,,
2026-01-06,a3c772d3fde52dbae832bi,2026-01-06 10:00:00,108,True,26,137,129,2314,12.99,231.46,0.138,True,0.2656,,,,,,,,,,,,,,,,
2026-01-06,a3c772d3fde52dbae832bi,2026-01-06 10:10:00,109,True,26,117,110,2315,11.05,231.52,0.117,True,0.2675,,,,,,,,,,,,,,,,
2026-01-06,a3c772d3fde52dbae832bi,2026-01-06 10:20:00,110,True,26,117,109,2308,10.99,230.8,0.117,True,0.2693,,,,,,,,,,,,,,,,
2026-01-06,a3c772d3fde52dbae832bi,2026-01-06 10:30:00,111,True,27,116,109,2308,10.96,230.8,0.117,True,0.2711,,,,,,,,,,,,,,,,
2026-01-06,a3c772d3fde52dbae832bi,2026-01-06 10:40:00,112,True,27,96,90,2313,9.09,231.36,0.097,True,0.2726,,,,,,,,,,,,,,,,
2026-01-06,a3c772d3fde52dbae832bi,2026-01-06 10:50:00,113,True,27,182,170,2307,17.04,230.7,0.182,True,0.2755,,,,0,558,29647,15912,2620,0,last,False,relay,False,,,
2026-01-06,a3c772d3fde52dbae832bi,2026-01-06 11:00:00,114,True,27,182,170,2307,17.04,230.7,0.182,True,0.2783,,,,0,558,29647,15912,2620,0,last,False,relay,False,,,
2026-01-06,a3c772d3fde52dbae832bi,2026-01-06 11:10:00,115,True,28,182,170,2307,17.04,230.7,0.182,True,0.2812,25.33,83.0,1012.0,0,558,29647,15912,2620,0,last,False,relay,False,,,
2026-01-06,a3c772d3fde52dbae832bi,2026-01-06 11:20:00,116,True,28,182,172,2316,17.25,231.6,0.182,True,0.284,,,,0,558,29647,15912,2620,0,last,False,relay,False,,,
2026-01-06,a3c772d3fde52dbae832bi,2026-01-06 11:30:00,117,True,28,182,172,2316,17.25,231.6,0.182,True,0.2869,,,,0,558,29647,15912,2620,0,last,False,relay,False,,,
2026-01-06,a3c772d3fde52dbae832bi,2026-01-06 11:40:00,118,True,28,97,91,2320,9.16,232.04,0.097,True,0.2884,,,,,,,,,,,,,,,,
2026-01-06,a3c772d3fde52dbae832bi,2026-01-06 11:50:00,119,True,29,183,172,2325,17.29,232.5,0.183,True,0.2913,,,,0,558,29647,15912,2620,0,last,False,relay,False,,,
2026-01-06,a3c772d3fde52dbae832bi,2026-01-06 12:00:00,120,True,29,183,172,2325,17.29,232.5,0.183,True,0.2942,,,,0,558,29647,15912,2620,0,last,False,relay,False,,,
2026-01-06,a3c772d3fde52dbae832bi,2026-01-06 12:10:00,121,True,29,117,110,2326,11.09,232.6,0.117,True,0.2961,,,,,,,,,,,,,,,,
2026-01-06,a3c772d3fde52dbae832bi,2026-01-06 12:20:00,122,True,29,183,172,2325,17.29,232.5,0.183,True,0.2989,25.17,83.0,1013.0,0,558,29647,15912,2620,0,last,False,relay,False,,,
2026-01-06,a3c772d3fde52dbae832bi,2026-01-06 12:30:00,123,True,30,183,172,2325,17.29,232.5,0.183,True,0.3018,,,,0,558,29647,15912,2620,0,last,False,relay,False,,,
2026-01-06,a3c772d3fde52dbae832bi,2026-01-06 12:40:00,124,True,30,183,172,2325,17.29,232.5,0.183,True,0.3047,25.17,84.0,1012.0,0,558,29647,15912,2620,0,last,False,relay,False,,,
2026-01-06,a3c772d3fde52dbae832bi,2026-01-06 12:50:00,125,True,30,117,110,2320,11.07,232.08,0.117,True,0.3065,,,,,,,,,,,,,,,,
2026-01-06,a3c772d3fde52dbae832bi,2026-01-06 13:00:00,126,True,30,181,168,2290,16.88,229.0,0.181,True,0.3094,,,,0,558,29647,15912,2620,0,last,False,relay,False,,,
2026-01-06,a3c772d3fde52dbae832bi,2026-01-06 13:10:00,127,True,31,181,168,2290,16.88,229.0,0.181,True,0.3122,,,,0,558,29647,15912,2620,0,last,False,relay,False,,,
2026-01-06,a3c772d3fde52dbae832bi,2026-01-06 13:20:00,128,True,31,181,167,2281,16.8,228.1,0.181,True,0.315,,,,0,558,29647,15912,2620,0,last,False,relay,False,,,
2026-01-06,a3c772d3fde52dbae832bi,2026-01-06 13:30:00,129,True,31,181,167,2281,16.8,228.1,0.181,True,0.3178,,,,0,558,29647,15912,2620,0,last,False,relay,False,,,
2026-01-06,a3c772d3fde52dbae832bi,2026-01-06 13:40:00,130,True,32,0,138,2281,13.82,228.1,0.0,True,0.3201,25.39,83.0,1013.0,0,558,29647,15912,2620,0,last,False,relay,False,,,
2026-01-06,a3c772d3fde52dbae832bi,2026-01-06 13:50:00,131,True,32,0,138,2281,13.82,228.1,0.0,True,0.3224,,,,0,558,29647,15912,2620,0,last,False,relay,False,,,
2026-01-06,a3c772d3fde52dbae832bi,2026-01-06 14:00:00,132,True,32,0,138,2281,13.82,228.1,0.0,True,0.3247,,,,0,558,29647,15912,2620,0,last,False,relay,False,,,
2026-01-06,a3c772d3fde52dbae832bi,2026-01-06 14:10:00,133,True,32,0,138,2281,13.82,228.1,0.0,True,0.327,,,,0,558,29647,15912,2620,0,last,False,relay,False,,,
2026-01-06,a3c772d3fde52dbae832bi,2026-01-06 14:20:00,134,True,32,0,138,2281,13.82,228.1,0.0,True,0.3293,25.59,78.0,1014.0,0,558,29647,15912,2620,0,last,False,relay,False,,,
2026-01-06,a3c772d3fde52dbae832bi,2026-01-06 14:30:00,135,True,33,0,138,2281,13.82,228.1,0.0,True,0.3316,25.59,78.0,1014.0,0,558,29647,15912,2620,0,last,False,relay,False,,,
2026-01-06,a3c772d3fde52dbae832bi,2026-01-06 14:40:00,136,True,33,0,138,2281,13.82,228.1,0.0,True,0.3339,,,,0,558,29647,15912,2620,0,last,False,relay,False,,,
2026-01-06,a3c772d3fde52dbae832bi,2026-01-06 14:50:00,137,True,33,0,138,2281,13.82,228.1,0.0,True,0.3362,25.64,78.0,1013.0,0,558,29647,15912,2620,0,last,False,relay,False,,,
2026-01-06,a3c772d3fde52dbae832bi,2026-01-06 15:00:00,138,True,33,0,138,2281,13.82,228.1,0.0,True,0.3385,25.64,78.0,1013.0,0,558,29647,15912,2620,0,last,False,relay,False,,,
2026-01-06,a3c772d3fde52dbae832bi,2026-01-06 15:10:00,139,True,34,0,138,2281,13.82,228.1,0.0,True,0.3408,25.64,78.0,1013.0,0,558,29647,15912,2620,0,last,False,relay,False,,,
2026-01-06,a3c772d3fde52dbae832bi,2026-01-06 15:20:00,140,True,34,0,138,2281,13.82,228.1,0.0,True,0.3431,25.64,78.0,1014.0,0,558,29647,15912,2620,0,last,False,relay,False,,,
2026-01-06,a3c772d3fde52dbae832bi,2026-01-06 15:30:00,141,True,34,0,138,2281,13.82,228.1,0.0,True,0.3454,,,,0,558,29647,15912,2620,0,last,False,relay,False,,,
2026-01-06,a3c772d3fde52dbae832bi,2026-01-06 15:40:00,142,True,34,0,138,2281,13.82,228.1,0.0,True,0.3477,25.64,78.0,1014.0,0,558,29647,15912,2620,0,last,False,relay,False,,,
2026-01-06,a3c772d3fde52dbae832bi,2026-01-06 15:50:00,143,True,35,0,138,2281,13.82,228.1,0.0,True,0.35,25.64,78.0,1014.0,0,558,29647,15912,2620,0,last,False,relay,False,,,
2026-01-07,a3c772d3fde52dbae832bi,2026-01-06 16:00:00,0,True,0,95,55,2290,5.57,229.09,0.096,True,0.0009,,,,,,,,,,,,,,,,
2026-01-07,a3c772d3fde52dbae832bi,2026-01-06 16:10:00,1,True,0,111,64,2287,6.49,228.74,0.112,True,0.002,,,,,,,,,,,,,,,,
2026-01-07,a3c772d3fde52dbae832bi,2026-01-06 16:20:00,2,True,0,0,105,2281,10.58,228.1,0.0,True,0.0038,,,,0,558,29647,15912,2620,0,last,False,relay,False,,,
2026-01-07,a3c772d3fde52dbae832bi,2026-01-06 16:30:00,3,True,0,0,105,2281,10.58,228.1,0.0,True,0.0055,26.17,76.0,1014.0,0,558,29647,15912,2620,0,last,False,relay,False,,,
2026-01-07,a3c772d3fde52dbae832bi,2026-01-06 16:40:00,4,True,0,0,105,2281,10.58,228.1,0.0,True,0.0073,26.22,76.0,1015.0,0,558,29647,15912,2620,0,last,False,relay,False,,,
2026-01-07,a3c772d3fde52dbae832bi,2026-01-06 16:50:00,5,True,0,0,105,2281,10.58,228.1,0.0,True,0.0091,26.27,76.0,1015.0,0,558,29647,15912,2620,0,last,False,relay,False,,,
2026-01-07,a3c772d3fde52dbae832bi,2026-01-06 17:00:00,6,True,0,32,19,2308,1.92,230.82,0.033,True,0.0094,,,,,,,,,,,,,,,,
2026-01-07,a3c772d3fde52dbae832bi,2026-01-06 17:10:00,7,True,1,0,105,2281,10.58,228.1,0.0,True,0.0111,26.78,74.0,1016.0,0,558,29647,15912,2620,0,last,False,relay,False,,,
2026-01-07,a3c772d3fde52dbae832bi,2026-01-06 17:20:00,8,True,1,0,105,2281,10.58,228.1,0.0,True,0.0129,26.78,74.0,1016.0,0,558,29647,15912,2620,0,last,False,relay,False,,,
2026-01-07,a3c772d3fde52dbae832bi,2026-01-06 17:30:00,9,True,1,0,105,2281,10.58,228.1,0.0,True,0.0147,,,,0,558,29647,15912,2620,0,last,False,relay,False,,,
2026-01-07,a3c772d3fde52dbae832bi,2026-01-06 17:40:00,10,True,1,0,105,2281,10.58,228.1,0.0,True,0.0164,26.83,74.0,1016.0,0,558,29647,15912,2620,0,last,False,relay,False,,,
2026-01-07,a3c772d3fde52dbae832bi,2026-01-06 17:50:00,11,True,1,0,105,2281,10.58,228.1,0.0,True,0.0182,,,,0,558,29647,15912,2620,0,last,False,relay,False,,,
2026-01-07,a3c772d3fde52dbae832bi,2026-01-06 18:00:00,12,True,1,0,105,2281,10.58,228.1,0.0,True,0.02,27.28,73.0,1015.0,0,558,29647,15912,2620,0,last,False,relay,False,,,
2026-01-07,a3c772d3fde52dbae832bi,2026-01-06 18:10:00,13,True,2,0,105,2281,10.58,228.1,0.0,True,0.0217,27.69,72.0,1016.0,0,558,29647,15912,2620,0,last,False,relay,False,,,
2026-01-07,a3c772d3fde52dbae832bi,2026-01-06 18:20:00,14,True,2,0,105,2281,10.58,228.1,0.0,True,0.0235,27.58,72.0,1015.0,0,558,29647,15912,2620,0,last,False,relay,False,,,
2026-01-07,a3c772d3fde52dbae832bi,2026-01-06 18:30:00,15,True,2,0,105,2281,10.58,228.1,0.0,True,0.0252,27.69,71.0,1015.0,0,558,29647,15912,2620,0,last,False,relay,False,,,
2026-01-07,a3c772d3fde52dbae832bi,2026-01-06 18:40:00,16,True,2,31,18,2303,1.85,230.39,0.032,True,0.0256,,,,,,,,,,,,,,,,
2026-01-07,a3c772d3fde52dbae832bi,2026-01-06 18:50:00,17,True,2,0,105,2281,10.58,228.1,0.0,True,0.0273,28.06,71.0,1015.0,0,558,29647,15912,2620,0,last,False,relay,False,,,
2026-01-07,a3c772d3fde52dbae832bi,2026-01-06 19:00:00,18,True,2,0,105,2281,10.58,228.1,0.0,True,0.0291,28.14,70.0,1015.0,0,558,29647,15912,2620,0,last,False,relay,False,,,
2026-01-07,a3c772d3fde52dbae832bi,2026-01-06 19:10:00,19,True,3,0,105,2281,10.58,228.1,0.0,True,0.0308,,,,0,558,29647,15912,2620,0,last,False,relay,False,,,
2026-01-07,a3c772d3fde52dbae832bi,2026-01-06 19:20:00,20,True,3,0,105,2281,10.58,228.1,0.0,True,0.0326,,,,0,558,29647,15912,2620,0,last,False,relay,False,,,
2026-01-07,a3c772d3fde52dbae832bi,2026-01-06 19:30:00,21,True,3,0,105,2281,10.58,228.1,0.0,True,0.0344,,,,0,558,29647,15912,2620,0,last,False,relay,False,,,
2026-01-07,a3c772d3fde52dbae832bi,2026-01-06 19:40:00,22,True,3,0,105,2281,10.58,228.1,0.0,True,0.0361,28.99,68.0,1014.0,0,558,29647,15912,2620,0,last,False,relay,False,,,
2026-01-07,a3c772d3fde52dbae832bi,2026-01-06 19:50:00,23,True,3,0,105,2281,10.58,228.1,0.0,True,0.0379,,,,0,558,29647,15912,2620,0,last,False,relay,False,,,
2026-01-07,a3c772d3fde52dbae832bi,2026-01-06 20:00:00,24,True,3,0,105,2281,10.58,228.1,0.0,True,0.0397,29.33,68.0,1014.0,0,558,29647,15912,2620,0,last,False,relay,False,,,
2026-01-07,a3c772d3fde52dbae832bi,2026-01-06 20:10:00,25,True,4,0,105,2281,10.58,228.1,0.0,True,0.0414,,,,0,558,29647,15912,2620,0,last,False,relay,False,,,
2026-01-07,a3c772d3fde52dbae832bi,2026-01-06 20:20:00,26,True,4,0,105,2281,10.58,228.1,0.0,True,0.0432,29.33,67.0,1014.0,0,558,29647,15912,2620,0,last,False,relay,False,,,
2026-01-07,a3c772d3fde52dbae832bi,2026-01-06 20:30:00,27,True,4,0,105,2281,10.58,228.1,0.0,True,0.0449,,,,0,558,29647,15912,2620,0,last,False,relay,False,,,
2026-01-07,a3c772d3fde52dbae832bi,2026-01-06 20:40:00,28,True,4,32,18,2316,1.9,231.62,0.032,True,0.0453,,,,,,,,,,,,,,,,
2026-01-07,a3c772d3fde52dbae832bi,2026-01-06 20:50:00,29,True,4,0,105,2319,10.58,231.99,0.0,True,0.047,,,,,,,,,,,,,,,,
2026-01-07,a3c772d3fde52dbae832bi,2026-01-06 21:00:00,30,True,4,0,105,2281,10.58,228.1,0.0,True,0.0488,29.39,67.0,1013.0,0,558,29647,15912,2620,0,last,False,relay,False,,,
2026-01-07,a3c772d3fde52dbae832bi,2026-01-06 21:10:00,31,True,5,0,105,2318,10.58,231.83,0.0,True,0.0505,,,,,,,,,,,,,,,,
2026-01-07,a3c772d3fde52dbae832bi,2026-01-06 21:20:00,32,True,5,0,105,2314,10.58,231.41,0.0,True,0.0523,,,,,,,,,,,,,,,,
2026-01-07,a3c772d3fde52dbae832bi,2026-01-06 21:30:00,33,True,5,0,105,2281,10.58,228.1,0.0,True,0.0541,,,,0,558,29647,15912,2620,0,last,False,relay,False,,,
2026-01-07,a3c772d3fde52dbae832bi,2026-01-06 21:40:00,34,True,5,0,105,2281,10.58,228.1,0.0,True,0.0558,,,,0,558,29647,15912,2620,0,last,False,relay,False,,,
2026-01-07,a3c772d3fde52dbae832bi,2026-01-06 21:50:00,35,True,5,0,105,2281,10.58,228.1,0.0,True,0.0576,,,,0,558,29647,15912,2620,0,last,False,relay,False,,,
2026-01-07,a3c772d3fde52dbae832bi,2026-01-06 22:00:00,36,True,5,0,105,2281,10.58,228.1,0.0,True,0.0594,29.99,66.0,1012.0,0,558,29647,15912,2620,0,last,False,relay,False,,,
2026-01-07,a3c772d3fde52dbae832bi,2026-01-06 22:10:00,37,True,6,0,105,2281,10.58,228.1,0.0,True,0.0611,29.99,66.0,1012.0,0,558,29647,15912,2620,0,last,False,relay,False,,,
2026-01-07,a3c772d3fde52dbae832bi,2026-01-06 22:20:00,38,True,6,0,105,2281,10.58,228.1,0.0,True,0.0629,,,,0,558,29647,15912,2620,0,last,False,relay,False,,,
2026-01-07,a3c772d3fde52dbae832bi,2026-01-06 22:30:00,39,True,6,0,105,2281,10.58,228.1,0.0,True,0.0647,,,,0,558,29647,15912,2620,0,last,False,relay,False,,,
2026-01-07,a3c772d3fde52dbae832bi,2026-01-06 22:40:00,40,True,6,0,105,2281,10.58,228.1,0.0,True,0.0664,30.25,64.0,1011.0,0,558,29647,15912,2620,0,last,False,relay,False,,,
2026-01-07,a3c772d3fde52dbae832bi,2026-01-06 22:50:00,41,True,6,0,105,2309,10.58,230.91,0.0,True,0.0682,,,,,,,,,,,,,,,,
2026-01-07,a3c772d3fde52dbae832bi,2026-01-06 23:00:00,42,True,6,0,105,2313,10.58,231.38,0.0,True,0.0699,,,,,,,,,,,,,,,,
2026-01-07,a3c772d3fde52dbae832bi,2026-01-06 23:10:00,43,True,7,0,105,2310,10.58,231.0,0.0,True,0.0717,,,,,,,,,,,,,,,,
2026-01-07,a3c772d3fde52dbae832bi,2026-01-06 23:20:00,44,True,7,0,105,2315,10.58,231.54,0.0,True,0.0735,,,,,,,,,,,,,,,,
2026-01-07,a3c772d3fde52dbae832bi,2026-01-06 23:30:00,45,True,7,0,105,2281,10.58,228.1,0.0,True,0.0752,,,,0,558,29647,15912,2620,0,last,False,relay,False,,,
2026-01-07,a3c772d3fde52dbae832bi,2026-01-06 23:40:00,46,True,7,0,105,2281,10.58,228.1,0.0,True,0.077,,,,0,558,29647,15912,2620,0,last,False,relay,False,,,
2026-01-07,a3c772d3fde52dbae832bi,2026-01-06 23:50:00,47,True,7,0,105,2281,10.58,228.1,0.0,True,0.0788,,,,0,558,29647,15912,2620,0,last,False,relay,False,,,
2026-01-07,a3c772d3fde52dbae832bi,2026-01-07 00:00:00,48,True,8,0,105,2301,10.58,230.17,0.0,True,0.0805,,,,,,,,,,,,,,,,
2026-01-07,a3c772d3fde52dbae832bi,2026-01-07 00:10:00,49,True,8,0,105,2323,10.58,232.31,0.0,True,0.0823,,,,,,,,,,,,,,,,
2026-01-07,a3c772d3fde52dbae832bi,2026-01-07 00:20:00,50,True,8,0,105,2317,10.58,231.75,0.0,True,0.084,,,,,,,,,,,,,,,,
2026-01-07,a3c772d3fde52dbae832bi,2026-01-07 00:30:00,51,True,8,0,105,2281,10.58,228.1,0.0,True,0.0858,,,,0,558,29647,15912,2620,0,last,False,relay,False,,,
2026-01-07,a3c772d3fde52dbae832bi,2026-01-07 00:40:00,52,True,8,0,105,2328,10.58,232.87,0.0,True,0.0876,,,,,,,,,,,,,,,,
2026-01-07,a3c772d3fde52dbae832bi,2026-01-07 00:50:00,53,False,8,0,0,2317,0.0,231.72,0.0,False,0.0876,,,,,,,,,,,,,,,,
2026-01-07,a3c772d3fde52dbae832bi,2026-01-07 01:00:00,54,True,8,0,105,2321,10.58,232.18,0.0,True,0.0893,,,,,,,,,,,,,,,,
2026-01-07,a3c772d3fde52dbae832bi,2026-01-07 01:10:00,55,True,9,0,105,2310,10.58,231.09,0.0,True,0.0911,,,,,,,,,,,,,,,,
2026-01-07,a3c772d3fde52dbae832bi,2026-01-07 01:20:00,56,True,9,0,105,2334,10.58,233.4,0.0,True,0.0929,,,,,,,,,,,,,,,,
2026-01-07,a3c772d3fde52dbae832bi,2026-01-07 01:30:00,57,True,9,0,105,2334,10.58,233.4,0.0,True,0.0946,,,,,,,,,,,,,,,,
2026-01-07,a3c772d3fde52dbae832bi,2026-01-07 01:40:00,58,True,9,0,105,2281,10.58,228.1,0.0,True,0.0964,,,,0,558,29647,15912,2620,0,last,False,relay,False,,,
2026-01-07,a3c772d3fde52dbae832bi,2026-01-07 01:50:00,59,True,9,0,105,2281,10.58,228.1,0.0,True,0.0981,,,,0,558,29647,15912,2620,0,last,False,relay,False,,,
2026-01-07,a3c772d3fde52dbae832bi,2026-01-07 02:00:00,60,True,9,0,105,2303,10.58,230.3,0.0,True,0.0999,,,,,,,,,,,,,,,,
2026-01-07,a3c772d3fde52dbae832bi,2026-01-07 02:10:00,61,True,10,0,105,2281,10.58,228.1,0.0,True,0.1017,,,,0,558,29647,15912,2620,0,last,False,relay,False,,,
2026-01-07,a3c772d3fde52dbae832bi,2026-01-07 02:20:00,62,True,10,0,105,2281,10.58,228.1,0.0,True,0.1034,,,,0,558,29647,15912,2620,0,last,False,relay,False,,,
2026-01-07,a3c772d3fde52dbae832bi,2026-01-07 02:30:00,63,True,10,0,105,2281,10.58,228.1,0.0,True,0.1052,,,,0,558,29647,15912,2620,0,last,False,relay,False,,,
2026-01-07,a3c772d3fde52dbae832bi,2026-01-07 02:40:00,64,True,10,0,105,2281,10.58,228.1,0.0,True,0.107,27.5,75.0,1013.0,0,558,29647,15912,2620,0,last,False,relay,False,,,
2026-01-07,a3c772d3fde52dbae832bi,2026-01-07 02:50:00,65,True,10,0,105,2281,10.58,228.1,0.0,True,0.1087,,,,0,558,29647,15912,2620,0,last,False,relay,False,,,
2026-01-07,a3c772d3fde52dbae832bi,2026-01-07 03:00:00,66,True,11,0,105,2302,10.58,230.23,0.0,True,0.1105,,,,,,,,,,,,,,,,
2026-01-07,a3c772d3fde52dbae832bi,2026-01-07 03:10:00,67,True,11,0,105,2281,10.58,228.1,0.0,True,0.1122,27.2,75.0,1014.0,0,558,29647,15912,2620,0,last,False,relay,False,,,
2026-01-07,a3c772d3fde52dbae832bi,2026-01-07 03:20:00,68,True,11,0,105,2281,10.58,228.1,0.0,True,0.114,,,,0,558,29647,15912,2620,0,last,False,relay,False,,,
2026-01-07,a3c772d3fde52dbae832bi,2026-01-07 03:30:00,69,True,11,0,105,2310,10.58,231.09,0.0,True,0.1158,,,,,,,,,,,,,,,,
2026-01-07,a3c772d3fde52dbae832bi,2026-01-07 03:40:00,70,True,11,0,105,2312,10.58,231.29,0.0,True,0.1175,,,,,,,,,,,,,,,,
2026-01-07,a3c772d3fde52dbae832bi,2026-01-07 03:50:00,71,True,11,0,105,2323,10.58,232.3,0.0,True,0.1193,,,,,,,,,,,,,,,,
2026-01-07,a3c772d3fde52dbae832bi,2026-01-07 04:00:00,72,True,12,0,105,2281,10.58,228.1,0.0,True,0.1211,,,,0,558,29647,15912,2620,0,last,False,relay,False,,,
2026-01-07,a3c772d3fde52dbae832bi,2026-01-07 04:10:00,73,True,12,0,105,2281,10.58,228.1,0.0,True,0.1228,,,,0,558,29647,15912,2620,0,last,False,relay,False,,,
2026-01-07,a3c772d3fde52dbae832bi,2026-01-07 04:20:00,74,True,12,0,105,2322,10.58,232.22,0.0,True,0.1246,,,,,,,,,,,,,,,,
2026-01-07,a3c772d3fde52dbae832bi,2026-01-07 04:30:00,75,True,12,0,105,2281,10.58,228.1,0.0,True,0.1264,26.47,79.0,1014.0,0,558,29647,15912,2620,0,last,False,relay,False,,,
2026-01-07,a3c772d3fde52dbae832bi,2026-01-07 04:40:00,76,True,12,0,105,2281,10.58,228.1,0.0,True,0.1281,,,,0,558,29647,15912,2620,0,last,False,relay,False,,,
2026-01-07,a3c772d3fde52dbae832bi,2026-01-07 04:50:00,77,True,12,0,105,2281,10.58,228.1,0.0,True,0.1299,,,,0,558,29647,15912,2620,0,last,False,relay,False,,,
2026-01-07,a3c772d3fde52dbae832bi,2026-01-07 05:00:00,78,True,13,0,105,2281,10.58,228.1,0.0,True,0.1316,,,,0,558,29647,15912,2620,0,last,False,relay,False,,,
2026-01-07,a3c772d3fde52dbae832bi,2026-01-07 05:10:00,79,False,13,0,0,2321,0.0,232.15,0.0,False,0.1316,,,,,,,,,,,,,,,,
2026-01-07,a3c772d3fde52dbae832bi,2026-01-07 05:20:00,80,True,13,0,105,2281,10.58,228.1,0.0,True,0.1334,,,,0,558,29647,15912,2620,0,last,False,relay,False,,,
2026-01-07,a3c772d3fde52dbae832bi,2026-01-07 05:30:00,81,False,13,0,0,2330,0.0,233.07,0.0,False,0.1334,,,,,,,,,,,,,,,,
2026-01-07,a3c772d3fde52dbae832bi,2026-01-07 05:40:00,82,True,13,0,105,2281,10.58,228.1,0.0,True,0.1352,,,,0,558,29647,15912,2620,0,last,False,relay,False,,,
2026-01-07,a3c772d3fde52dbae832bi,2026-01-07 05:50:00,83,True,13,0,105,2281,10.58,228.1,0.0,True,0.1369,,,,0,558,29647,15912,2620,0,last,False,relay,False,,,
2026-01-07,a3c772d3fde52dbae832bi,2026-01-07 06:00:00,84,True,13,0,105,2342,10.58,234.2,0.0,True,0.1387,26.02,80.0,1015.0,0,558,29647,15912,2620,0,last,False,relay,False,,,
2026-01-07,a3c772d3fde52dbae832bi,2026-01-07 06:10:00,85,True,14,0,105,2342,10.58,234.2,0.0,True,0.1405,26.02,80.0,1015.0,0,558,29647,15912,2620,0,last,False,relay,False,,,
2026-01-07,a3c772d3fde52dbae832bi,2026-01-07 06:20:00,86,True,14,0,105,2342,10.58,234.2,0.0,True,0.1422,,,,0,558,29647,15912,2620,0,last,False,relay,False,,,
2026-01-07,a3c772d3fde52dbae832bi,2026-01-07 06:30:00,87,True,14,0,105,2342,10.58,234.2,0.0,True,0.144,,,,0,558,29647,15912,2620,0,last,False,relay,False,,,
2026-01-07,a3c772d3fde52dbae832bi,2026-01-07 06:40:00,88,True,14,0,105,2342,10.58,234.2,0.0,True,0.1457,25.66,81.0,1015.0,0,558,29647,15912,2620,0,last,False,relay,False,,,
2026-01-07,a3c772d3fde52dbae832bi,2026-01-07 06:50:00,89,True,14,0,105,2303,10.58,230.3,0.0,True,0.1475,,,,0,558,29647,15912,2620,0,last,False,relay,False,,,
2026-01-07,a3c772d3fde52dbae832bi,2026-01-07 07:00:00,90,True,14,0,105,2303,10.58,230.3,0.0,True,0.1493,,,,0,558,29647,15912,2620,0,last,False,relay,False,,,
2026-01-07,a3c772d3fde52dbae832bi,2026-01-07 07:10:00,91,True,15,187,109,2307,10.95,230.7,0.187,True,0.1511,,,,0,558,29647,15912,2620,0,last,False,relay,False,,,
2026-01-07,a3c772d3fde52dbae832bi,2026-01-07 07:20:00,92,True,15,187,109,2307,10.95,230.7,0.187,True,0.1529,25.66,82.0,1015.0,0,558,29647,15912,2620,0,last,False,relay,False,,,
2026-01-07,a3c772d3fde52dbae832bi,2026-01-07 07:30:00,93,True,15,187,109,2307,10.95,230.7,0.187,True,0.1547,,,,0,558,29647,15912,2620,0,last,False,relay,False,,,
2026-01-07,a3c772d3fde52dbae832bi,2026-01-07 07:40:00,94,True,15,187,109,2307,10.95,230.7,0.187,True,0.1566,,,,0,558,29647,15912,2620,0,last,False,relay,False,,,
2026-01-07,a3c772d3fde52dbae832bi,2026-01-07 07:50:00,95,True,15,187,109,2307,10.95,230.7,0.187,True,0.1584,25.23,85.0,1014.0,0,558,29647,15912,2620,0,last,False,relay,False,,,
2026-01-07,a3c772d3fde52dbae832bi,2026-01-07 08:00:00,96,True,16,187,109,2307,10.95,230.7,0.187,True,0.1602,,,,0,558,29647,15912,2620,0,last,False,relay,False,,,
2026-01-07,a3c772d3fde52dbae832bi,2026-01-07 08:10:00,97,True,16,183,106,2307,10.7,230.7,0.183,True,0.162,25.38,83.0,1015.0,0,558,29647,15912,2620,0,last,False,relay,False,,,
2026-01-07,a3c772d3fde52dbae832bi,2026-01-07 08:20:00,98,True,16,183,106,2307,10.7,230.7,0.183,True,0.1638,25.38,84.0,1014.0,0,558,29647,15912,2620,0,last,False,relay,False,,,
2026-01-07,a3c772d3fde52dbae832bi,2026-01-07 08:30:00,99,True,16,183,106,2307,10.7,230.7,0.183,True,0.1656,,,,0,558,29647,15912,2620,0,last,False,relay,False,,,
2026-01-07,a3c772d3fde52dbae832bi,2026-01-07 08:40:00,100,True,16,183,106,2307,10.7,230.7,0.183,True,0.1674,25.33,84.0,1014.0,0,558,29647,15912,2620,0,last,False,relay,False,,,
2026-01-07,a3c772d3fde52dbae832bi,2026-01-07 08:50:00,101,True,16,183,106,2307,10.7,230.7,0.183,True,0.1691,25.07,84.0,1014.0,0,558,29647,15912,2620,0,last,False,relay,False,,,
2026-01-07,a3c772d3fde52dbae832bi,2026-01-07 09:00:00,102,True,17,183,106,2307,10.7,230.7,0.183,True,0.1709,,,,0,558,29647,15912,2620,0,last,False,relay,False,,,
2026-01-07,a3c772d3fde52dbae832bi,2026-01-07 09:10:00,103,True,17,182,107,2311,10.75,231.1,0.182,True,0.1727,25.01,84.0,1014.0,0,558,29647,15912,2620,0,last,False,relay,False,,,
2026-01-07,a3c772d3fde52dbae832bi,2026-01-07 09:20:00,104,True,17,182,107,2311,10.75,231.1,0.182,True,0.1745,25.01,84.0,1014.0,0,558,29647,15912,2620,0,last,False,relay,False,,,
2026-01-07,a3c772d3fde52dbae832bi,2026-01-07 09:30:00,105,True,17,182,107,2311,10.75,231.1,0.182,True,0.1763,25.01,85.0,1014.0,0,558,29647,15912,2620,0,last,False,relay,False,,,
2026-01-07,a3c772d3fde52dbae832bi,2026-01-07 09:40:00,106,True,17,182,107,2311,10.75,231.1,0.182,True,0.1781,,,,0,558,29647,15912,2620,0,last,False,relay,False,,,
2026-01-07,a3c772d3fde52dbae832bi,2026-01-07 09:50:00,107,True,17,182,107,2311,10.75,231.1,0.182,True,0.1799,24.93,85.0,1013.0,0,558,29647,15912,2620,0,last,False,relay,False,,,
2026-01-07,a3c772d3fde52dbae832bi,2026-01-07 10:00:00,108,True,18,182,107,2311,10.75,231.1,0.182,True,0.1817,24.93,85.0,1013.0,0,558,29647,15912,2620,0,last,False,relay,False,,,
2026-01-07,a3c772d3fde52dbae832bi,2026-01-07 10:10:00,109,True,18,182,106,2316,10.62,231.6,0.182,True,0.1834,24.67,87.0,1013.0,0,558,29647,15912,2620,0,last,False,relay,False,,,
2026-01-07,a3c772d3fde52dbae832bi,2026-01-07 10:20:00,110,True,18,182,106,2316,10.62,231.6,0.182,True,0.1852,,,,0,558,29647,15912,2620,0,last,False,relay,False,,,
2026-01-07,a3c772d3fde52dbae832bi,2026-01-07 10:30:00,111,True,18,182,106,2316,10.62,231.6,0.182,True,0.187,24.93,85.0,1013.0,0,558,29647,15912,2620,0,last,False,relay,False,,,
2026-01-07,a3c772d3fde52dbae832bi,2026-01-07 10:40:00,112,True,18,182,106,2316,10.62,231.6,0.182,True,0.1888,,,,0,558,29647,15912,2620,0,last,False,relay,False,,,
2026-01-07,a3c772d3fde52dbae832bi,2026-01-07 10:50:00,113,True,19,182,106,2316,10.62,231.6,0.182,True,0.1905,24.62,86.0,1013.0,0,558,29647,15912,2620,0,last,False,relay,False,,,
2026-01-07,a3c772d3fde52dbae832bi,2026-01-07 11:00:00,114,True,19,182,106,2316,10.62,231.6,0.182,True,0.1923,24.62,86.0,1013.0,0,558,29647,15912,2620,0,last,False,relay,False,,,
2026-01-07,a3c772d3fde52dbae832bi,2026-01-07 11:10:00,115,True,19,183,107,2320,10.77,232.0,0.183,True,0.1941,,,,0,558,29647,15912,2620,0,last,False,relay,False,,,
2026-01-07,a3c772d3fde52dbae832bi,2026-01-07 11:20:00,116,True,19,97,57,2322,5.71,232.24,0.097,True,0.195,,,,,,,,,,,,,,,,
2026-01-07,a3c772d3fde52dbae832bi,2026-01-07 11:30:00,117,True,19,117,69,2325,6.92,232.57,0.117,True,0.1962,,,,,,,,,,,,,,,,
2026-01-07,a3c772d3fde52dbae832bi,2026-01-07 11:40:00,118,True,19,183,107,2320,10.77,232.0,0.183,True,0.198,24.34,87.0,1012.0,0,558,29647,15912,2620,0,last,False,relay,False,,,
2026-01-07,a3c772d3fde52dbae832bi,2026-01-07 11:50:00,119,True,19,183,107,2320,10.77,232.0,0.183,True,0.1998,,,,0,558,29647,15912,2620,0,last,False,relay,False,,,
2026-01-07,a3c772d3fde52dbae832bi,2026-01-07 12:00:00,120,True,20,183,107,2320,10.77,232.0,0.183,True,0.2016,24.29,88.0,1013.0,0,558,29647,15912,2620,0,last,False,relay,False,,,
2026-01-07,a3c772d3fde52dbae832bi,2026-01-07 12:10:00,121,True,20,183,107,2320,10.77,232.0,0.183,True,0.2034,24.29,88.0,1013.0,0,558,29647,15912,2620,0,last,False,relay,False,,,
2026-01-07,a3c772d3fde52dbae832bi,2026-01-07 12:20:00,122,True,20,183,107,2298,10.72,229.8,0.183,True,0.2052,,,,0,558,29647,15912,2620,0,last,False,relay,False,,,
2026-01-07,a3c772d3fde52dbae832bi,2026-01-07 12:30:00,123,True,20,183,107,2298,10.72,229.8,0.183,True,0.2069,24.29,87.0,1013.0,0,558,29647,15912,2620,0,last,False,relay,False,,,
2026-01-07,a3c772d3fde52dbae832bi,2026-01-07 12:40:00,124,True,20,183,107,2298,10.72,229.8,0.183,True,0.2087,,,,0,558,29647,15912,2620,0,last,False,relay,False,,,
2026-01-07,a3c772d3fde52dbae832bi,2026-01-07 12:50:00,125,True,21,183,107,2298,10.72,229.8,0.183,True,0.2105,,,,0,558,29647,15912,2620,0,last,False,relay,False,,,
2026-01-07,a3c772d3fde52dbae832bi,2026-01-07 13:00:00,126,True,21,183,107,2298,10.72,229.8,0.183,True,0.2123,23.92,87.0,1013.0,0,558,29647,15912,2620,0,last,False,relay,False,,,
2026-01-07,a3c772d3fde52dbae832bi,2026-01-07 13:10:00,127,True,21,181,104,2290,10.5,229.0,0.181,True,0.2141,23.98,88.0,1013.0,0,558,29647,15912,2620,0,last,False,relay,False,,,
2026-01-07,a3c772d3fde52dbae832bi,2026-01-07 13:20:00,128,True,21,181,104,2290,10.5,229.0,0.181,True,0.2158,,,,0,558,29647,15912,2620,0,last,False,relay,False,,,
2026-01-07,a3c772d3fde52dbae832bi,2026-01-07 13:30:00,129,True,21,181,104,2290,10.5,229.0,0.181,True,0.2176,23.92,88.0,1013.0,0,558,29647,15912,2620,0,last,False,relay,False,,,
2026-01-07,a3c772d3fde52dbae832bi,2026-01-07 13:40:00,130,True,21,0,105,2273,10.58,227.3,0.0,True,0.2193,,,,0,558,29647,15912,2620,0,last,False,relay,False,,,
2026-01-07,a3c772d3fde52dbae832bi,2026-01-07 13:50:00,131,True,22,0,105,2273,10.58,227.3,0.0,True,0.2211,23.92,88.0,1013.0,0,558,29647,15912,2620,0,last,False,relay,False,,,
2026-01-07,a3c772d3fde52dbae832bi,2026-01-07 14:00:00,132,True,22,76,44,2297,4.45,229.75,0.076,True,0.2218,,,,,,,,,,,,,,,,
2026-01-07,a3c772d3fde52dbae832bi,2026-01-07 14:10:00,133,True,22,0,105,2273,10.58,227.3,0.0,True,0.2236,,,,0,558,29647,15912,2620,0,last,False,relay,False,,,
2026-01-07,a3c772d3fde52dbae832bi,2026-01-07 14:20:00,134,True,22,0,105,2273,10.58,227.3,0.0,True,0.2254,,,,0,558,29647,15912,2620,0,last,False,relay,False,,,
2026-01-07,a3c772d3fde52dbae832bi,2026-01-07 14:30:00,135,True,22,0,105,2273,10.58,227.3,0.0,True,0.2271,,,,0,558,29647,15912,2620,0,last,False,relay,False,,,
2026-01-07,a3c772d3fde52dbae832bi,2026-01-07 14:40:00,136,True,22,0,105,2273,10.58,227.3,0.0,True,0.2289,23.92,88.0,1013.0,0,558,29647,15912,2620,0,last,False,relay,False,,,
2026-01-07,a3c772d3fde52dbae832bi,2026-01-07 14:50:00,137,True,23,0,105,2273,10.58,227.3,0.0,True,0.2306,,,,0,558,29647,15912,2620,0,last,False,relay,False,,,
2026-01-07,a3c772d3fde52dbae832bi,2026-01-07 15:00:00,138,True,23,0,105,2273,10.58,227.3,0.0,True,0.2324,,,,0,558,29647,15912,2620,0,last,False,relay,False,,,
2026-01-07,a3c772d3fde52dbae832bi,2026-01-07 15:10:00,139,True,23,0,105,2273,10.58,227.3,0.0,True,0.2342,,,,0,558,29647,15912,2620,0,last,False,relay,False,,,
2026-01-07,a3c772d3fde52dbae832bi,2026-01-07 15:20:00,140,True,23,0,105,2273,10.58,227.3,0.0,True,0.2359,,,,0,558,29647,15912,2620,0,last,False,relay,False,,,
2026-01-07,a3c772d3fde52dbae832bi,2026-01-07 15:30:00,141,True,23,56,32,2302,3.28,230.22,0.056,True,0.2365,,,,,,,,,,,,,,,,
2026-01-07,a3c772d3fde52dbae832bi,2026-01-07 15:40:00,142,True,23,0,105,2273,10.58,227.3,0.0,True,0.2382,24.01,88.0,1014.0,0,558,29647,15912,2620,0,last,False,relay,False,,,
2026-01-07,a3c772d3fde52dbae832bi,2026-01-07 15:50:00,143,True,23,0,105,2273,10.58,227.3,0.0,True,0.24,24.06,88.0,1014.0,0,558,29647,15912,2620,0,last,False,relay,False,,,
2026-01-08,a3c772d3fde52dbae832bi,2026-01-07 16:00:00,0,True,0,95,75,2290,7.55,229.09,0.096,True,0.0013,,,,,,,,,,,,,,,,
2026-01-08,a3c772d3fde52dbae832bi,2026-01-07 16:10:00,1,True,0,111,87,2287,8.8,228.74,0.112,True,0.0027,,,,,,,,,,,,,,,,
2026-01-08,a3c772d3fde52dbae832bi,2026-01-07 16:20:00,2,True,0,0,139,2273,13.97,227.3,0.0,True,0.0051,25.28,83.0,1014.0,0,558,29647,15912,2620,0,last,False,relay,False,,,
2026-01-08,a3c772d3fde52dbae832bi,2026-01-07 16:30:00,3,True,0,0,139,2273,13.97,227.3,0.0,True,0.0074,,,,0,558,29647,15912,2620,0,last,False,relay,False,,,
2026-01-08,a3c772d3fde52dbae832bi,2026-01-07 16:40:00,4,True,0,0,139,2273,13.97,227.3,0.0,True,0.0097,25.78,82.0,1015.0,0,558,29647,15912,2620,0,last,False,relay,False,,,
2026-01-08,a3c772d3fde52dbae832bi,2026-01-07 16:50:00,5,True,1,0,139,2273,13.97,227.3,0.0,True,0.012,,,,0,558,29647,15912,2620,0,last,False,relay,False,,,
2026-01-08,a3c772d3fde52dbae832bi,2026-01-07 17:00:00,6,True,1,0,139,2273,13.97,227.3,0.0,True,0.0144,25.84,82.0,1015.0,0,558,29647,15912,2620,0,last,False,relay,False,,,
2026-01-08,a3c772d3fde52dbae832bi,2026-01-07 17:10:00,7,True,1,0,139,2273,13.97,227.3,0.0,True,0.0167,26.2,82.0,1015.0,0,558,29647,15912,2620,0,last,False,relay,False,,,
2026-01-08,a3c772d3fde52dbae832bi,2026-01-07 17:20:00,8,True,1,0,139,2273,13.97,227.3,0.0,True,0.019,26.63,80.0,1015.0,0,558,29647,15912,2620,0,last,False,relay,False,,,
2026-01-08,a3c772d3fde52dbae832bi,2026-01-07 17:30:00,9,True,2,0,139,2273,13.97,227.3,0.0,True,0.0214,,,,0,558,29647,15912,2620,0,last,False,relay,False,,,
2026-01-08,a3c772d3fde52dbae832bi,2026-01-07 17:40:00,10,True,2,0,139,2273,13.97,227.3,0.0,True,0.0237,26.75,79.0,1015.0,0,558,29647,15912,2620,0,last,False,relay,False,,,
2026-01-08,a3c772d3fde52dbae832bi,2026-01-07 17:50:00,11,True,2,0,139,2273,13.97,227.3,0.0,True,0.026,,,,0,558,29647,15912,2620,0,last,False,relay,False,,,
2026-01-08,a3c772d3fde52dbae832bi,2026-01-07 18:00:00,12,True,2,0,139,2273,13.97,227.3,0.0,True,0.0283,26.75,79.0,1014.0,0,558,29647,15912,2620,0,last,False,relay,False,,,
2026-01-08,a3c772d3fde52dbae832bi,2026-01-07 18:10:00,13,True,3,0,139,2273,13.97,227.3,0.0,True,0.0307,,,,0,558,29647,15912,2620,0,last,False,relay,False,,,
2026-01-08,a3c772d3fde52dbae832bi,2026-01-07 18:20:00,14,True,3,0,139,2273,13.97,227.3,0.0,True,0.033,27.76,76.0,1014.0,0,558,29647,15912,2620,0,last,False,relay,False,,,
2026-01-08,a3c772d3fde52dbae832bi,2026-01-07 18:30:00,15,True,3,0,139,2273,13.97,227.3,0.0,True,0.0353,,,,0,558,29647,15912,2620,0,last,False,relay,False,,,
2026-01-08,a3c772d3fde52dbae832bi,2026-01-07 18:40:00,16,True,3,0,139,2273,13.97,227.3,0.0,True,0.0376,,,,0,558,29647,15912,2620,0,last,False,relay,False,,,
2026-01-08,a3c772d3fde52dbae832bi,2026-01-07 18:50:00,17,True,3,0,139,2273,13.97,227.3,0.0,True,0.04,,,,0,558,29647,15912,2620,0,last,False,relay,False,,,
2026-01-08,a3c772d3fde52dbae832bi,2026-01-07 19:00:00,18,True,4,0,139,2273,13.97,227.3,0.0,True,0.0423,27.73,77.0,1014.0,0,558,29647,15912,2620,0,last,False,relay,False,,,
2026-01-08,a3c772d3fde52dbae832bi,2026-01-07 19:10:00,19,True,4,0,139,2273,13.97,227.3,0.0,True,0.0446,28.21,75.0,1014.0,0,558,29647,15912,2620,0,last,False,relay,False,,,
2026-01-08,a3c772d3fde52dbae832bi,2026-01-07 19:20:00,20,True,4,0,139,2273,13.97,227.3,0.0,True,0.047,,,,0,558,29647,15912,2620,0,last,False,relay,False,,,
2026-01-08,a3c772d3fde52dbae832bi,2026-01-07 19:30:00,21,True,4,0,139,2273,13.97,227.3,0.0,True,0.0493,28.29,74.0,1014.0,0,558,29647,15912,2620,0,last,False,relay,False,,,
2026-01-08,a3c772d3fde52dbae832bi,2026-01-07 19:40:00,22,True,4,31,25,2309,2.52,230.96,0.032,True,0.0497,,,,,,,,,,,,,,,,
2026-01-08,a3c772d3fde52dbae832bi,2026-01-07 19:50:00,23,True,5,0,139,2273,13.97,227.3,0.0,True,0.052,,,,0,558,29647,15912,2620,0,last,False,relay,False,,,
2026-01-08,a3c772d3fde52dbae832bi,2026-01-07 20:00:00,24,True,5,0,139,2273,13.97,227.3,0.0,True,0.0544,28.29,74.0,1013.0,0,558,29647,15912,2620,0,last,False,relay,False,,,
2026-01-08,a3c772d3fde52dbae832bi,2026-01-07 20:10:00,25,True,5,0,139,2273,13.97,227.3,0.0,True,0.0567,28.29,74.0,1014.0,0,558,29647,15912,2620,0,last,False,relay,False,,,
2026-01-08,a3c772d3fde52dbae832bi,2026-01-07 20:20:00,26,True,5,0,139,2273,13.97,227.3,0.0,True,0.059,,,,0,558,29647,15912,2620,0,last,False,relay,False,,,
2026-01-08,a3c772d3fde52dbae832bi,2026-01-07 20:30:00,27,True,6,0,139,2273,13.97,227.3,0.0,True,0.0614,,,,0,558,29647,15912,2620,0,last,False,relay,False,,,
2026-01-08,a3c772d3fde52dbae832bi,2026-01-07 20:40:00,28,True,6,0,139,2273,13.97,227.3,0.0,True,0.0637,,,,0,558,29647,15912,2620,0,last,False,relay,False,,,
2026-01-08,a3c772d3fde52dbae832bi,2026-01-07 20:50:00,29,True,6,0,139,2319,13.97,231.99,0.0,True,0.066,,,,,,,,,,,,,,,,
2026-01-08,a3c772d3fde52dbae832bi,2026-01-07 21:00:00,30,True,6,0,139,2273,13.97,227.3,0.0,True,0.0683,,,,0,558,29647,15912,2620,0,last,False,relay,False,,,
2026-01-08,a3c772d3fde52dbae832bi,2026-01-07 21:10:00,31,True,7,0,139,2318,13.97,231.83,0.0,True,0.0707,,,,,,,,,,,,,,,,
2026-01-08,a3c772d3fde52dbae832bi,2026-01-07 21:20:00,32,True,7,0,139,2273,13.97,227.3,0.0,True,0.073,,,,0,558,29647,15912,2620,0,last,False,relay,False,,,
2026-01-08,a3c772d3fde52dbae832bi,2026-01-07 21:30:00,33,True,7,0,139,2308,13.97,230.84,0.0,True,0.0753,,,,,,,,,,,,,,,,
2026-01-08,a3c772d3fde52dbae832bi,2026-01-07 21:40:00,34,True,7,0,139,2314,13.97,231.42,0.0,True,0.0777,,,,,,,,,,,,,,,,
2026-01-08,a3c772d3fde52dbae832bi,2026-01-07 21:50:00,35,True,7,0,139,2315,13.97,231.52,0.0,True,0.08,,,,,,,,,,,,,,,,
2026-01-08,a3c772d3fde52dbae832bi,2026-01-07 22:00:00,36,True,8,0,139,2309,13.97,230.92,0.0,True,0.0823,,,,,,,,,,,,,,,,
2026-01-08,a3c772d3fde52dbae832bi,2026-01-07 22:10:00,37,True,8,0,139,2309,13.97,230.95,0.0,True,0.0846,,,,,,,,,,,,,,,,
2026-01-08,a3c772d3fde52dbae832bi,2026-01-07 22:20:00,38,True,8,0,139,2312,13.97,231.26,0.0,True,0.087,,,,,,,,,,,,,,,,
2026-01-08,a3c772d3fde52dbae832bi,2026-01-07 22:30:00,39,True,8,0,139,2312,13.97,231.26,0.0,True,0.0893,,,,,,,,,,,,,,,,
2026-01-08,a3c772d3fde52dbae832bi,2026-01-07 22:40:00,40,True,9,0,139,2315,13.97,231.56,0.0,True,0.0916,,,,,,,,,,,,,,,,
2026-01-08,a3c772d3fde52dbae832bi,2026-01-07 22:50:00,41,True,9,0,139,2273,13.97,227.3,0.0,True,0.0939,,,,0,558,29647,15912,2620,0,last,False,relay,False,,,
2026-01-08,a3c772d3fde52dbae832bi,2026-01-07 23:00:00,42,True,9,0,139,2273,13.97,227.3,0.0,True,0.0963,,,,0,558,29647,15912,2620,0,last,False,relay,False,,,
2026-01-08,a3c772d3fde52dbae832bi,2026-01-07 23:10:00,43,True,9,0,139,2310,13.97,231.0,0.0,True,0.0986,,,,,,,,,,,,,,,,
2026-01-08,a3c772d3fde52dbae832bi,2026-01-07 23:20:00,44,True,10,0,139,2315,13.97,231.54,0.0,True,0.1009,,,,,,,,,,,,,,,,
2026-01-08,a3c772d3fde52dbae832bi,2026-01-07 23:30:00,45,True,10,0,139,2273,13.97,227.3,0.0,True,0.1033,27.94,76.0,1011.0,0,558,29647,15912,2620,0,last,False,relay,False,,,
2026-01-08,a3c772d3fde52dbae832bi,2026-01-07 23:40:00,46,True,10,0,139,2273,13.97,227.3,0.0,True,0.1056,,,,0,558,29647,15912,2620,0,last,False,relay,False,,,
2026-01-08,a3c772d3fde52dbae832bi,2026-01-07 23:50:00,47,True,10,0,139,2273,13.97,227.3,0.0,True,0.1079,,,,0,558,29647,15912,2620,0,last,False,relay,False,,,
2026-01-08,a3c772d3fde52dbae832bi,2026-01-08 00:00:00,48,True,11,0,139,2273,13.97,227.3,0.0,True,0.1102,27.94,75.0,1011.0,0,558,29647,15912,2620,0,last,False,relay,False,,,
2026-01-08,a3c772d3fde52dbae832bi,2026-01-08 00:10:00,49,True,11,0,139,2323,13.97,232.31,0.0,True,0.1126,,,,,,,,,,,,,,,,
2026-01-08,a3c772d3fde52dbae832bi,2026-01-08 00:20:00,50,True,11,0,139,2273,13.97,227.3,0.0,True,0.1149,,,,0,558,29647,15912,2620,0,last,False,relay,False,,,
2026-01-08,a3c772d3fde52dbae832bi,2026-01-08 00:30:00,51,True,11,0,139,2321,13.97,232.13,0.0,True,0.1172,,,,,,,,,,,,,,,,
2026-01-08,a3c772d3fde52dbae832bi,2026-01-08 00:40:00,52,True,11,0,139,2328,13.97,232.87,0.0,True,0.1196,,,,,,,,,,,,,,,,
2026-01-08,a3c772d3fde52dbae832bi,2026-01-08 00:50:00,53,False,11,0,0,2317,0.0,231.72,0.0,False,0.1196,,,,,,,,,,,,,,,,
2026-01-08,a3c772d3fde52dbae832bi,2026-01-08 01:00:00,54,True,12,0,139,2273,13.97,227.3,0.0,True,0.1219,,,,0,558,29647,15912,2620,0,last,False,relay,False,,,
2026-01-08,a3c772d3fde52dbae832bi,2026-01-08 01:10:00,55,True,12,0,139,2273,13.97,227.3,0.0,True,0.1242,,,,0,558,29647,15912,2620,0,last,False,relay,False,,,
2026-01-08,a3c772d3fde52dbae832bi,2026-01-08 01:20:00,56,True,12,0,139,2334,13.97,233.4,0.0,True,0.1265,,,,,,,,,,,,,,,,
2026-01-08,a3c772d3fde52dbae832bi,2026-01-08 01:30:00,57,True,12,0,139,2334,13.97,233.4,0.0,True,0.1289,,,,,,,,,,,,,,,,
2026-01-08,a3c772d3fde52dbae832bi,2026-01-08 01:40:00,58,True,13,0,139,2328,13.97,232.81,0.0,True,0.1312,,,,,,,,,,,,,,,,
2026-01-08,a3c772d3fde52dbae832bi,2026-01-08 01:50:00,59,True,13,0,139,2273,13.97,227.3,0.0,True,0.1335,,,,0,558,29647,15912,2620,0,last,False,relay,False,,,
2026-01-08,a3c772d3fde52dbae832bi,2026-01-08 02:00:00,60,True,13,0,139,2273,13.97,227.3,0.0,True,0.1359,,,,0,558,29647,15912,2620,0,last,False,relay,False,,,
2026-01-08,a3c772d3fde52dbae832bi,2026-01-08 02:10:00,61,True,13,0,139,2273,13.97,227.3,0.0,True,0.1382,,,,0,558,29647,15912,2620,0,last,False,relay,False,,,
2026-01-08,a3c772d3fde52dbae832bi,2026-01-08 02:20:00,62,True,14,0,139,2273,13.97,227.3,0.0,True,0.1405,,,,0,558,29647,15912,2620,0,last,False,relay,False,,,
2026-01-08,a3c772d3fde52dbae832bi,2026-01-08 02:30:00,63,True,14,0,139,2300,13.97,230.07,0.0,True,0.1428,,,,,,,,,,,,,,,,
2026-01-08,a3c772d3fde52dbae832bi,2026-01-08 02:40:00,64,True,14,0,139,2300,13.97,230.01,0.0,True,0.1452,,,,,,,,,,,,,,,,
2026-01-08,a3c772d3fde52dbae832bi,2026-01-08 02:50:00,65,True,14,0,139,2273,13.97,227.3,0.0,True,0.1475,,,,0,558,29647,15912,2620,0,last,False,relay,False,,,
2026-01-08,a3c772d3fde52dbae832bi,2026-01-08 03:00:00,66,True,14,0,139,2302,13.97,230.23,0.0,True,0.1498,,,,,,,,,,,,,,,,
2026-01-08,a3c772d3fde52dbae832bi,2026-01-08 03:10:00,67,True,15,0,139,2273,13.97,227.3,0.0,True,0.1522,,,,0,558,29647,15912,2620,0,last,False,relay,False,,,
2026-01-08,a3c772d3fde52dbae832bi,2026-01-08 03:20:00,68,True,15,0,139,2301,13.97,230.12,0.0,True,0.1545,,,,,,,,,,,,,,,,
2026-01-08,a3c772d3fde52dbae832bi,2026-01-08 03:30:00,69,True,15,0,139,2310,13.97,231.09,0.0,True,0.1568,,,,,,,,,,,,,,,,
2026-01-08,a3c772d3fde52dbae832bi,2026-01-08 03:40:00,70,True,15,0,139,2273,13.97,227.3,0.0,True,0.1591,,,,0,558,29647,15912,2620,0,last,False,relay,False,,,
2026-01-08,a3c772d3fde52dbae832bi,2026-01-08 03:50:00,71,True,16,0,139,2307,13.97,230.7,0.0,True,0.1615,,,,0,558,29647,15912,2620,0,last,False,relay,False,,,
2026-01-08,a3c772d3fde52dbae832bi,2026-01-08 04:00:00,72,True,16,0,139,2304,13.97,230.46,0.0,True,0.1638,,,,,,,,,,,,,,,,
2026-01-08,a3c772d3fde52dbae832bi,2026-01-08 04:10:00,73,True,16,0,139,2307,13.97,230.7,0.0,True,0.1661,,,,0,558,29647,15912,2620,0,last,False,relay,False,,,
2026-01-08,a3c772d3fde52dbae832bi,2026-01-08 04:20:00,74,True,16,0,139,2322,13.97,232.22,0.0,True,0.1685,,,,,,,,,,,,,,,,
2026-01-08,a3c772d3fde52dbae832bi,2026-01-08 04:30:00,75,True,17,0,139,2297,13.97,229.72,0.0,True,0.1708,,,,,,,,,,,,,,,,
2026-01-08,a3c772d3fde52dbae832bi,2026-01-08 04:40:00,76,True,17,0,139,2316,13.97,231.6,0.0,True,0.1731,,,,0,558,29647,15912,2620,0,last,False,relay,False,,,
2026-01-08,a3c772d3fde52dbae832bi,2026-01-08 04:50:00,77,True,17,0,139,2316,13.97,231.6,0.0,True,0.1754,,,,0,558,29647,15912,2620,0,last,False,relay,False,,,
2026-01-08,a3c772d3fde52dbae832bi,2026-01-08 05:00:00,78,True,17,0,139,2316,13.97,231.6,0.0,True,0.1778,,,,0,558,29647,15912,2620,0,last,False,relay,False,,,
2026-01-08,a3c772d3fde52dbae832bi,2026-01-08 05:10:00,79,False,17,0,0,2321,0.0,232.15,0.0,False,0.1778,,,,,,,,,,,,,,,,
2026-01-08,a3c772d3fde52dbae832bi,2026-01-08 05:20:00,80,True,18,0,139,2316,13.97,231.6,0.0,True,0.1801,25.94,81.0,1014.0,0,558,29647,15912,2620,0,last,False,relay,False,,,
2026-01-08,a3c772d3fde52dbae832bi,2026-01-08 05:30:00,81,False,18,0,0,2330,0.0,233.07,0.0,False,0.1801,,,,,,,,,,,,,,,,
2026-01-08,a3c772d3fde52dbae832bi,2026-01-08 05:40:00,82,True,18,20,16,2309,1.66,230.9,0.021,True,0.1804,,,,,,,,,,,,,,,,
2026-01-08,a3c772d3fde52dbae832bi,2026-01-08 05:50:00,83,True,18,20,16,2309,1.66,230.9,0.021,True,0.1806,,,,,,,,,,,,,,,,
2026-01-08,a3c772d3fde52dbae832bi,2026-01-08 06:00:00,84,True,18,188,149,2325,14.92,232.5,0.188,True,0.1831,25.94,81.0,1014.0,0,558,29647,15912,2620,0,last,False,relay,False,,,
2026-01-08,a3c772d3fde52dbae832bi,2026-01-08 06:10:00,85,True,18,188,149,2325,14.92,232.5,0.188,True,0.1856,,,,0,558,29647,15912,2620,0,last,False,relay,False,,,
2026-01-08,a3c772d3fde52dbae832bi,2026-01-08 06:20:00,86,True,18,188,149,2325,14.92,232.5,0.188,True,0.1881,,,,0,558,29647,15912,2620,0,last,False,relay,False,,,
2026-01-08,a3c772d3fde52dbae832bi,2026-01-08 06:30:00,87,True,19,188,149,2325,14.92,232.5,0.188,True,0.1906,,,,0,558,29647,15912,2620,0,last,False,relay,False,,,
2026-01-08,a3c772d3fde52dbae832bi,2026-01-08 06:40:00,88,True,19,188,149,2325,14.92,232.5,0.188,True,0.1931,,,,0,558,29647,15912,2620,0,last,False,relay,False,,,
2026-01-08,a3c772d3fde52dbae832bi,2026-01-08 06:50:00,89,True,19,188,149,2325,14.92,232.5,0.188,True,0.1956,,,,0,558,29647,15912,2620,0,last,False,relay,False,,,
2026-01-08,a3c772d3fde52dbae832bi,2026-01-08 07:00:00,90,True,19,81,64,2304,6.46,230.43,0.082,True,0.1966,,,,,,,,,,,,,,,,
2026-01-08,a3c772d3fde52dbae832bi,2026-01-08 07:10:00,91,True,19,183,146,2338,14.61,233.8,0.183,True,0.1991,,,,0,558,29647,15912,2620,0,last,False,relay,False,,,
2026-01-08,a3c772d3fde52dbae832bi,2026-01-08 07:20:00,92,True,20,122,96,2304,9.69,230.42,0.122,True,0.2007,,,,,,,,,,,,,,,,
2026-01-08,a3c772d3fde52dbae832bi,2026-01-08 07:30:00,93,True,20,183,146,2338,14.61,233.8,0.183,True,0.2031,,,,0,558,29647,15912,2620,0,last,False,relay,False,,,
2026-01-08,a3c772d3fde52dbae832bi,2026-01-08 07:40:00,94,True,20,183,146,2338,14.61,233.8,0.183,True,0.2056,,,,0,558,29647,15912,2620,0,last,False,relay,False,,,
2026-01-08,a3c772d3fde52dbae832bi,2026-01-08 07:50:00,95,True,20,184,146,2320,14.61,232.0,0.184,True,0.208,,,,0,558,29647,15912,2620,0,last,False,relay,False,,,
2026-01-08,a3c772d3fde52dbae832bi,2026-01-08 08:00:00,96,True,21,184,146,2320,14.61,232.0,0.184,True,0.2104,,,,0,558,29647,15912,2620,0,last,False,relay,False,,,
2026-01-08,a3c772d3fde52dbae832bi,2026-01-08 08:10:00,97,True,21,184,146,2320,14.61,232.0,0.184,True,0.2129,,,,0,558,29647,15912,2620,0,last,False,relay,False,,,
2026-01-08,a3c772d3fde52dbae832bi,2026-01-08 08:20:00,98,True,21,184,146,2320,14.61,232.0,0.184,True,0.2153,,,,0,558,29647,15912,2620,0,last,False,relay,False,,,
2026-01-08,a3c772d3fde52dbae832bi,2026-01-08 08:30:00,99,True,21,184,146,2320,14.61,232.0,0.184,True,0.2177,,,,0,558,29647,15912,2620,0,last,False,relay,False,,,
2026-01-08,a3c772d3fde52dbae832bi,2026-01-08 08:40:00,100,True,22,184,146,2329,14.65,232.9,0.184,True,0.2202,,,,0,558,29647,15912,2620,0,last,False,relay,False,,,
2026-01-08,a3c772d3fde52dbae832bi,2026-01-08 08:50:00,101,True,22,184,146,2329,14.65,232.9,0.184,True,0.2226,,,,0,558,29647,15912,2620,0,last,False,relay,False,,,
2026-01-08,a3c772d3fde52dbae832bi,2026-01-08 09:00:00,102,True,22,184,146,2329,14.65,232.9,0.184,True,0.2251,,,,0,558,29647,15912,2620,0,last,False,relay,False,,,
2026-01-08,a3c772d3fde52dbae832bi,2026-01-08 09:10:00,103,True,22,137,109,2317,10.98,231.76,0.138,True,0.2269,,,,,,,,,,,,,,,,
2026-01-08,a3c772d3fde52dbae832bi,2026-01-08 09:20:00,104,True,22,184,146,2329,14.65,232.9,0.184,True,0.2293,,,,0,558,29647,15912,2620,0,last,False,relay,False,,,
2026-01-08,a3c772d3fde52dbae832bi,2026-01-08 09:30:00,105,True,23,184,146,2329,14.65,232.9,0.184,True,0.2318,,,,0,558,29647,15912,2620,0,last,False,relay,False,,,
2026-01-08,a3c772d3fde52dbae832bi,2026-01-08 09:40:00,106,True,23,184,146,2329,14.65,232.9,0.184,True,0.2342,,,,0,558,29647,15912,2620,0,last,False,relay,False,,,
2026-01-08,a3c772d3fde52dbae832bi,2026-01-08 09:50:00,107,True,23,184,146,2316,14.61,231.6,0.184,True,0.2367,25.24,84.0,1012.0,0,558,29647,15912,2620,0,last,False,relay,False,,,
2026-01-08,a3c772d3fde52dbae832bi,2026-01-08 10:00:00,108,True,23,184,146,2316,14.61,231.6,0.184,True,0.2391,,,,0,558,29647,15912,2620,0,last,False,relay,False,,,
2026-01-08,a3c772d3fde52dbae832bi,2026-01-08 10:10:00,109,True,24,184,146,2316,14.61,231.6,0.184,True,0.2415,25.24,84.0,1012.0,0,558,29647,15912,2620,0,last,False,relay,False,,,
2026-01-08,a3c772d3fde52dbae832bi,2026-01-08 10:20:00,110,True,24,184,146,2316,14.61,231.6,0.184,True,0.244,,,,0,558,29647,15912,2620,0,last,False,relay,False,,,
2026-01-08,a3c772d3fde52dbae832bi,2026-01-08 10:30:00,111,True,24,116,92,2308,9.26,230.8,0.117,True,0.2455,,,,,,,,,,,,,,,,
2026-01-08,a3c772d3fde52dbae832bi,2026-01-08 10:40:00,112,True,24,96,76,2313,7.68,231.36,0.097,True,0.2468,,,,,,,,,,,,,,,,
2026-01-08,a3c772d3fde52dbae832bi,2026-01-08 10:50:00,113,True,24,136,108,2313,10.88,231.3,0.137,True,0.2486,,,,,,,,,,,,,,,,
2026-01-08,a3c772d3fde52dbae832bi,2026-01-08 11:00:00,114,True,25,116,93,2317,9.3,231.77,0.117,True,0.2502,,,,,,,,,,,,,,,,
2026-01-08,a3c772d3fde52dbae832bi,2026-01-08 11:10:00,115,True,25,97,77,2327,7.77,232.74,0.097,True,0.2514,,,,,,,,,,,,,,,,
2026-01-08,a3c772d3fde52dbae832bi,2026-01-08 11:20:00,116,True,25,97,77,2322,7.75,232.24,0.097,True,0.2527,,,,,,,,,,,,,,,,
2026-01-08,a3c772d3fde52dbae832bi,2026-01-08 11:30:00,117,True,25,185,147,2342,14.78,234.2,0.185,True,0.2552,,,,0,558,29647,15912,2620,0,last,False,relay,False,,,
2026-01-08,a3c772d3fde52dbae832bi,2026-01-08 11:40:00,118,True,25,97,77,2320,7.74,232.04,0.097,True,0.2565,,,,,,,,,,,,,,,,
2026-01-08,a3c772d3fde52dbae832bi,2026-01-08 11:50:00,119,True,25,184,148,2342,14.82,234.2,0.184,True,0.259,,,,0,558,29647,15912,2620,0,last,False,relay,False,,,
2026-01-08,a3c772d3fde52dbae832bi,2026-01-08 12:00:00,120,True,26,184,148,2342,14.82,234.2,0.184,True,0.2614,24.93,84.0,1011.0,0,558,29647,15912,2620,0,last,False,relay,False,,,
2026-01-08,a3c772d3fde52dbae832bi,2026-01-08 12:10:00,121,True,26,184,148,2342,14.82,234.2,0.184,True,0.2639,,,,0,558,29647,15912,2620,0,last,False,relay,False,,,
2026-01-08,a3c772d3fde52dbae832bi,2026-01-08 12:20:00,122,True,26,184,148,2342,14.82,234.2,0.184,True,0.2664,24.93,84.0,1012.0,0,558,29647,15912,2620,0,last,False,relay,False,,,
2026-01-08,a3c772d3fde52dbae832bi,2026-01-08 12:30:00,123,True,26,184,148,2342,14.82,234.2,0.184,True,0.2688,24.93,84.0,1012.0,0,558,29647,15912,2620,0,last,False,relay,False,,,
2026-01-08,a3c772d3fde52dbae832bi,2026-01-08 12:40:00,124,True,27,184,148,2342,14.82,234.2,0.184,True,0.2713,24.93,84.0,1011.0,0,558,29647,15912,2620,0,last,False,relay,False,,,
2026-01-08,a3c772d3fde52dbae832bi,2026-01-08 12:50:00,125,True,27,184,148,2342,14.82,234.2,0.184,True,0.2738,,,,0,558,29647,15912,2620,0,last,False,relay,False,,,
2026-01-08,a3c772d3fde52dbae832bi,2026-01-08 13:00:00,126,True,27,183,145,2320,14.58,232.0,0.183,True,0.2762,,,,0,558,29647,15912,2620,0,last,False,relay,False,,,
2026-01-08,a3c772d3fde52dbae832bi,2026-01-08 13:10:00,127,True,27,183,145,2320,14.58,232.0,0.183,True,0.2786,24.93,84.0,1012.0,0,558,29647,15912,2620,0,last,False,relay,False,,,
2026-01-08,a3c772d3fde52dbae832bi,2026-01-08 13:20:00,128,True,28,183,145,2320,14.58,232.0,0.183,True,0.2811,,,,0,558,29647,15912,2620,0,last,False,relay,False,,,
2026-01-08,a3c772d3fde52dbae832bi,2026-01-08 13:30:00,129,True,28,183,145,2320,14.58,232.0,0.183,True,0.2835,,,,0,558,29647,15912,2620,0,last,False,relay,False,,,
2026-01-08,a3c772d3fde52dbae832bi,2026-01-08 13:40:00,130,True,28,56,44,2294,4.46,229.4,0.057,True,0.2842,,,,,,,,,,,,,,,,
2026-01-08,a3c772d3fde52dbae832bi,2026-01-08 13:50:00,131,True,28,56,44,2294,4.46,229.4,0.057,True,0.285,,,,,,,,,,,,,,,,
2026-01-08,a3c772d3fde52dbae832bi,2026-01-08 14:00:00,132,True,28,181,142,2294,14.23,229.4,0.181,True,0.2874,24.9,84.0,1012.0,0,558,29647,15912,2620,0,last,False,relay,False,,,
2026-01-08,a3c772d3fde52dbae832bi,2026-01-08 14:10:00,133,True,28,181,142,2294,14.23,229.4,0.181,True,0.2897,24.56,86.0,1012.0,0,558,29647,15912,2620,0,last,False,relay,False,,,
2026-01-08,a3c772d3fde52dbae832bi,2026-01-08 14:20:00,134,True,29,181,142,2294,14.23,229.4,0.181,True,0.2921,24.65,86.0,1013.0,0,558,29647,15912,2620,0,last,False,relay,False,,,
2026-01-08,a3c772d3fde52dbae832bi,2026-01-08 14:30:00,135,True,29,181,142,2294,14.23,229.4,0.181,True,0.2945,,,,0,558,29647,15912,2620,0,last,False,relay,False,,,
2026-01-08,a3c772d3fde52dbae832bi,2026-01-08 14:40:00,136,True,29,181,142,2294,14.23,229.4,0.181,True,0.2968,24.65,86.0,1013.0,0,558,29647,15912,2620,0,last,False,relay,False,,,
2026-01-08,a3c772d3fde52dbae832bi,2026-01-08 14:50:00,137,True,29,181,142,2294,14.23,229.4,0.181,True,0.2992,24.65,86.0,1013.0,0,558,29647,15912,2620,0,last,False,relay,False,,,
2026-01-08,a3c772d3fde52dbae832bi,2026-01-08 15:00:00,138,True,30,0,139,2329,13.97,232.9,0.0,True,0.3015,24.68,85.0,1013.0,0,558,29647,15912,2620,0,last,False,relay,False,,,
2026-01-08,a3c772d3fde52dbae832bi,2026-01-08 15:10:00,139,True,30,0,139,2329,13.97,232.9,0.0,True,0.3039,,,,0,558,29647,15912,2620,0,last,False,relay,False,,,
2026-01-08,a3c772d3fde52dbae832bi,2026-01-08 15:20:00,140,True,30,0,139,2329,13.97,232.9,0.0,True,0.3062,,,,0,558,29647,15912,2620,0,last,False,relay,False,,,
2026-01-08,a3c772d3fde52dbae832bi,2026-01-08 15:30:00,141,True,30,0,139,2329,13.97,232.9,0.0,True,0.3085,,,,0,558,29647,15912,2620,0,last,False,relay,False,,,
2026-01-08,a3c772d3fde52dbae832bi,2026-01-08 15:40:00,142,True,30,55,44,2287,4.4,228.78,0.056,True,0.3093,,,,,,,,,,,,,,,,
2026-01-08,a3c772d3fde52dbae832bi,2026-01-08 15:50:00,143,True,30,55,44,2287,4.4,228.78,0.056,True,0.31,,,,,,,,,,,,,,,,
2026-01-09,a3c772d3fde52dbae832bi,2026-01-08 16:00:00,0,True,0,95,90,2290,9.08,229.09,0.096,True,0.0015,,,,,,,,,,,,,,,,
2026-01-09,a3c772d3fde52dbae832bi,2026-01-08 16:10:00,1,True,0,111,105,2287,10.58,228.74,0.112,True,0.0033,,,,,,,,,,,,,,,,
2026-01-09,a3c772d3fde52dbae832bi,2026-01-08 16:20:00,2,True,0,0,166,2333,16.65,233.3,0.0,True,0.0061,,,,0,558,29647,15912,2620,0,last,False,relay,False,,,
2026-01-09,a3c772d3fde52dbae832bi,2026-01-08 16:30:00,3,True,0,51,48,2295,4.89,229.51,0.052,True,0.0069,,,,,,,,,,,,,,,,
2026-01-09,a3c772d3fde52dbae832bi,2026-01-08 16:40:00,4,True,0,0,166,2333,16.65,233.3,0.0,True,0.0096,,,,0,558,29647,15912,2620,0,last,False,relay,False,,,
2026-01-09,a3c772d3fde52dbae832bi,2026-01-08 16:50:00,5,True,1,0,166,2333,16.65,233.3,0.0,True,0.0124,26.64,77.0,1014.0,0,558,29647,15912,2620,0,last,False,relay,False,,,
2026-01-09,a3c772d3fde52dbae832bi,2026-01-08 17:00:00,6,True,1,32,31,2308,3.13,230.82,0.033,True,0.0129,,,,,,,,,,,,,,,,
2026-01-09,a3c772d3fde52dbae832bi,2026-01-08 17:10:00,7,True,1,32,31,2300,3.13,230.06,0.033,True,0.0135,,,,,,,,,,,,,,,,
2026-01-09,a3c772d3fde52dbae832bi,2026-01-08 17:20:00,8,True,1,0,166,2333,16.65,233.3,0.0,True,0.0162,,,,0,558,29647,15912,2620,0,last,False,relay,False,,,
2026-01-09,a3c772d3fde52dbae832bi,2026-01-08 17:30:00,9,True,1,0,166,2333,16.65,233.3,0.0,True,0.019,27.48,73.0,1014.0,0,558,29647,15912,2620,0,last,False,relay,False,,,
2026-01-09,a3c772d3fde52dbae832bi,2026-01-08 17:40:00,10,True,2,0,166,2333,16.65,233.3,0.0,True,0.0218,27.94,73.0,1014.0,0,558,29647,15912,2620,0,last,False,relay,False,,,
2026-01-09,a3c772d3fde52dbae832bi,2026-01-08 17:50:00,11,True,2,0,166,2333,16.65,233.3,0.0,True,0.0246,,,,0,558,29647,15912,2620,0,last,False,relay,False,,,
2026-01-09,a3c772d3fde52dbae832bi,2026-01-08 18:00:00,12,True,2,0,166,2311,16.65,231.1,0.0,True,0.0273,28.01,72.0,1014.0,0,558,29647,15912,2620,0,last,False,relay,False,,,
2026-01-09,a3c772d3fde52dbae832bi,2026-01-08 18:10:00,13,True,3,0,166,2311,16.65,231.1,0.0,True,0.0301,28.31,71.0,1014.0,0,558,29647,15912,2620,0,last,False,relay,False,,,
2026-01-09,a3c772d3fde52dbae832bi,2026-01-08 18:20:00,14,True,3,0,166,2311,16.65,231.1,0.0,True,0.0329,28.36,70.0,1014.0,0,558,29647,15912,2620,0,last,False,relay,False,,,
2026-01-09,a3c772d3fde52dbae832bi,2026-01-08 18:30:00,15,True,3,0,166,2311,16.65,231.1,0.0,True,0.0357,28.37,73.0,1014.0,0,558,29647,15912,2620,0,last,False,relay,False,,,
2026-01-09,a3c772d3fde52dbae832bi,2026-01-08 18:40:00,16,True,3,0,166,2311,16.65,231.1,0.0,True,0.0384,,,,0,558,29647,15912,2620,0,last,False,relay,False,,,
2026-01-09,a3c772d3fde52dbae832bi,2026-01-08 18:50:00,17,True,4,0,166,2316,16.65,231.6,0.0,True,0.0412,,,,0,558,29647,15912,2620,0,last,False,relay,False,,,
2026-01-09,a3c772d3fde52dbae832bi,2026-01-08 19:00:00,18,True,4,31,30,2301,3.01,230.17,0.032,True,0.0417,,,,,,,,,,,,,,,,
2026-01-09,a3c772d3fde52dbae832bi,2026-01-08 19:10:00,19,True,4,31,30,2301,3.01,230.17,0.032,True,0.0422,,,,,,,,,,,,,,,,
2026-01-09,a3c772d3fde52dbae832bi,2026-01-08 19:20:00,20,True,4,31,30,2303,3.01,230.35,0.032,True,0.0427,,,,,,,,,,,,,,,,
2026-01-09,a3c772d3fde52dbae832bi,2026-01-08 19:30:00,21,True,4,0,166,2316,16.65,231.6,0.0,True,0.0455,28.54,72.0,1013.0,0,558,29647,15912,2620,0,last,False,relay,False,,,
2026-01-09,a3c772d3fde52dbae832bi,2026-01-08 19:40:00,22,True,4,0,166,2316,16.65,231.6,0.0,True,0.0483,,,,0,558,29647,15912,2620,0,last,False,relay,False,,,
2026-01-09,a3c772d3fde52dbae832bi,2026-01-08 19:50:00,23,True,4,32,30,2302,3.05,230.25,0.032,True,0.0488,,,,,,,,,,,,,,,,
2026-01-09,a3c772d3fde52dbae832bi,2026-01-08 20:00:00,24,True,4,32,30,2301,3.05,230.12,0.032,True,0.0493,,,,,,,,,,,,,,,,
2026-01-09,a3c772d3fde52dbae832bi,2026-01-08 20:10:00,25,True,4,31,30,2305,3.05,230.57,0.032,True,0.0498,,,,,,,,,,,,,,,,
2026-01-09,a3c772d3fde52dbae832bi,2026-01-08 20:20:00,26,True,5,32,30,2300,3.05,230.06,0.032,True,0.0503,,,,,,,,,,,,,,,,
2026-01-09,a3c772d3fde52dbae832bi,2026-01-08 20:30:00,27,True,5,32,30,2304,3.05,230.4,0.032,True,0.0508,,,,,,,,,,,,,,,,
2026-01-09,a3c772d3fde52dbae832bi,2026-01-08 20:40:00,28,True,5,32,30,2316,3.1,231.62,0.032,True,0.0513,,,,,,,,,,,,,,,,
2026-01-09,a3c772d3fde52dbae832bi,2026-01-08 20:50:00,29,True,5,0,166,2319,16.65,231.99,0.0,True,0.0541,,,,,,,,,,,,,,,,
2026-01-09,a3c772d3fde52dbae832bi,2026-01-08 21:00:00,30,True,5,0,166,2338,16.65,233.8,0.0,True,0.0569,,,,0,558,29647,15912,2620,0,last,False,relay,False,,,
2026-01-09,a3c772d3fde52dbae832bi,2026-01-08 21:10:00,31,True,5,0,166,2318,16.65,231.83,0.0,True,0.0597,,,,,,,,,,,,,,,,
2026-01-09,a3c772d3fde52dbae832bi,2026-01-08 21:20:00,32,True,6,0,166,2314,16.65,231.41,0.0,True,0.0624,,,,,,,,,,,,,,,,
2026-01-09,a3c772d3fde52dbae832bi,2026-01-08 21:30:00,33,True,6,0,166,2308,16.65,230.84,0.0,True,0.0652,,,,,,,,,,,,,,,,
2026-01-09,a3c772d3fde52dbae832bi,2026-01-08 21:40:00,34,True,6,0,166,2338,16.65,233.8,0.0,True,0.068,,,,0,558,29647,15912,2620,0,last,False,relay,False,,,
2026-01-09,a3c772d3fde52dbae832bi,2026-01-08 21:50:00,35,True,7,0,166,2315,16.65,231.52,0.0,True,0.0708,,,,,,,,,,,,,,,,
2026-01-09,a3c772d3fde52dbae832bi,2026-01-08 22:00:00,36,True,7,0,166,2307,16.65,230.7,0.0,True,0.0735,,,,0,558,29647,15912,2620,0,last,False,relay,False,,,
2026-01-09,a3c772d3fde52dbae832bi,2026-01-08 22:10:00,37,True,7,0,166,2309,16.65,230.95,0.0,True,0.0763,,,,,,,,,,,,,,,,
2026-01-09,a3c772d3fde52dbae832bi,2026-01-08 22:20:00,38,True,7,0,166,2312,16.65,231.26,0.0,True,0.0791,,,,,,,,,,,,,,,,
2026-01-09,a3c772d3fde52dbae832bi,2026-01-08 22:30:00,39,True,8,0,166,2312,16.65,231.26,0.0,True,0.0819,,,,,,,,,,,,,,,,
2026-01-09,a3c772d3fde52dbae832bi,2026-01-08 22:40:00,40,True,8,0,166,2315,16.65,231.56,0.0,True,0.0846,,,,,,,,,,,,,,,,
2026-01-09,a3c772d3fde52dbae832bi,2026-01-08 22:50:00,41,True,8,0,166,2309,16.65,230.91,0.0,True,0.0874,,,,,,,,,,,,,,,,
2026-01-09,a3c772d3fde52dbae832bi,2026-01-08 23:00:00,42,True,9,0,166,2313,16.65,231.38,0.0,True,0.0902,,,,,,,,,,,,,,,,
2026-01-09,a3c772d3fde52dbae832bi,2026-01-08 23:10:00,43,True,9,0,166,2310,16.65,231.0,0.0,True,0.093,,,,,,,,,,,,,,,,
2026-01-09,a3c772d3fde52dbae832bi,2026-01-08 23:20:00,44,True,9,0,166,2338,16.65,233.8,0.0,True,0.0957,,,,0,558,29647,15912,2620,0,last,False,relay,False,,,
2026-01-09,a3c772d3fde52dbae832bi,2026-01-08 23:30:00,45,True,9,0,166,2305,16.65,230.53,0.0,True,0.0985,,,,,,,,,,,,,,,,
2026-01-09,a3c772d3fde52dbae832bi,2026-01-08 23:40:00,46,True,10,0,166,2309,16.65,230.98,0.0,True,0.1013,,,,,,,,,,,,,,,,
2026-01-09,a3c772d3fde52dbae832bi,2026-01-08 23:50:00,47,True,10,0,166,2306,16.65,230.69,0.0,True,0.1041,,,,,,,,,,,,,,,,
2026-01-09,a3c772d3fde52dbae832bi,2026-01-09 00:00:00,48,True,10,0,166,2301,16.65,230.17,0.0,True,0.1068,,,,,,,,,,,,,,,,
2026-01-09,a3c772d3fde52dbae832bi,2026-01-09 00:10:00,49,True,10,0,166,2333,16.65,233.3,0.0,True,0.1096,28.01,76.0,1011.0,0,558,29647,15912,2620,0,last,False,relay,False,,,
2026-01-09,a3c772d3fde52dbae832bi,2026-01-09 00:20:00,50,True,11,0,166,2333,16.65,233.3,0.0,True,0.1124,28.01,76.0,1011.0,0,558,29647,15912,2620,0,last,False,relay,False,,,
2026-01-09,a3c772d3fde52dbae832bi,2026-01-09 00:30:00,51,True,11,0,166,2333,16.65,233.3,0.0,True,0.1152,28.42,70.0,1011.0,0,558,29647,15912,2620,0,last,False,relay,False,,,
2026-01-09,a3c772d3fde52dbae832bi,2026-01-09 00:40:00,52,True,11,0,166,2333,16.65,233.3,0.0,True,0.1179,28.34,70.0,1011.0,0,558,29647,15912,2620,0,last,False,relay,False,,,
2026-01-09,a3c772d3fde52dbae832bi,2026-01-09 00:50:00,53,True,12,0,166,2333,16.65,233.3,0.0,True,0.1207,28.34,70.0,1011.0,0,558,29647,15912,2620,0,last,False,relay,False,,,
2026-01-09,a3c772d3fde52dbae832bi,2026-01-09 01:00:00,54,True,12,0,166,2333,16.65,233.3,0.0,True,0.1235,,,,0,558,29647,15912,2620,0,last,False,relay,False,,,
2026-01-09,a3c772d3fde52dbae832bi,2026-01-09 01:10:00,55,True,12,0,166,2310,16.65,231.09,0.0,True,0.1263,,,,,,,,,,,,,,,,
2026-01-09,a3c772d3fde52dbae832bi,2026-01-09 01:20:00,56,True,12,0,166,2365,16.65,236.5,0.0,True,0.129,28.46,66.0,1012.0,0,558,29647,15912,2620,0,last,False,relay,False,,,
2026-01-09,a3c772d3fde52dbae832bi,2026-01-09 01:30:00,57,True,13,0,166,2365,16.65,236.5,0.0,True,0.1318,28.58,67.0,1012.0,0,558,29647,15912,2620,0,last,False,relay,False,,,
2026-01-09,a3c772d3fde52dbae832bi,2026-01-09 01:40:00,58,True,13,0,166,2365,16.65,236.5,0.0,True,0.1346,27.41,73.0,1011.0,0,558,29647,15912,2620,0,last,False,relay,False,,,
2026-01-09,a3c772d3fde52dbae832bi,2026-01-09 01:50:00,59,True,13,0,166,2365,16.65,236.5,0.0,True,0.1374,27.41,73.0,1011.0,0,558,29647,15912,2620,0,last,False,relay,False,,,
2026-01-09,a3c772d3fde52dbae832bi,2026-01-09 02:00:00,60,True,14,0,166,2329,16.65,232.9,0.0,True,0.1401,28.15,68.0,1011.0,0,558,29647,15912,2620,0,last,False,relay,False,,,
2026-01-09,a3c772d3fde52dbae832bi,2026-01-09 02:10:00,61,True,14,0,166,2329,16.65,232.9,0.0,True,0.1429,26.4,77.0,1012.0,0,558,29647,15912,2620,0,last,False,relay,False,,,
2026-01-09,a3c772d3fde52dbae832bi,2026-01-09 02:20:00,62,True,14,0,166,2329,16.65,232.9,0.0,True,0.1457,26.72,75.0,1012.0,0,558,29647,15912,2620,0,last,False,relay,False,,,
2026-01-09,a3c772d3fde52dbae832bi,2026-01-09 02:30:00,63,True,14,0,166,2329,16.65,232.9,0.0,True,0.1485,26.72,75.0,1012.0,0,558,29647,15912,2620,0,last,False,relay,False,,,
2026-01-09,a3c772d3fde52dbae832bi,2026-01-09 02:40:00,64,True,15,0,166,2329,16.65,232.9,0.0,True,0.1512,26.67,75.0,1012.0,0,558,29647,15912,2620,0,last,False,relay,False,,,
2026-01-09,a3c772d3fde52dbae832bi,2026-01-09 02:50:00,65,True,15,0,166,2329,16.65,232.9,0.0,True,0.154,26.27,75.0,1012.0,0,558,29647,15912,2620,0,last,False,relay,False,,,
2026-01-09,a3c772d3fde52dbae832bi,2026-01-09 03:00:00,66,True,15,0,166,2316,16.65,231.6,0.0,True,0.1568,26.27,75.0,1012.0,0,558,29647,15912,2620,0,last,False,relay,False,,,
2026-01-09,a3c772d3fde52dbae832bi,2026-01-09 03:10:00,67,True,15,0,166,2316,16.65,231.6,0.0,True,0.1596,25.79,78.0,1012.0,0,558,29647,15912,2620,0,last,False,relay,False,,,
2026-01-09,a3c772d3fde52dbae832bi,2026-01-09 03:20:00,68,True,16,0,166,2316,16.65,231.6,0.0,True,0.1623,26.08,76.0,1012.0,0,558,29647,15912,2620,0,last,False,relay,False,,,
2026-01-09,a3c772d3fde52dbae832bi,2026-01-09 03:30:00,69,True,16,0,166,2316,16.65,231.6,0.0,True,0.1651,26.02,76.0,1013.0,0,558,29647,15912,2620,0,last,False,relay,False,,,
2026-01-09,a3c772d3fde52dbae832bi,2026-01-09 03:40:00,70,True,16,0,166,2347,16.65,234.7,0.0,True,0.1679,26.02,76.0,1013.0,0,558,29647,15912,2620,0,last,False,relay,False,,,
2026-01-09,a3c772d3fde52dbae832bi,2026-01-09 03:50:00,71,True,17,0,166,2347,16.65,234.7,0.0,True,0.1707,,,,0,558,29647,15912,2620,0,last,False,relay,False,,,
2026-01-09,a3c772d3fde52dbae832bi,2026-01-09 04:00:00,72,True,17,0,166,2351,16.65,235.1,0.0,True,0.1734,26.02,76.0,1013.0,0,558,29647,15912,2620,0,last,False,relay,False,,,
2026-01-09,a3c772d3fde52dbae832bi,2026-01-09 04:10:00,73,True,17,0,166,2320,16.65,232.0,0.0,True,0.1762,,,,0,558,29647,15912,2620,0,last,False,relay,False,,,
2026-01-09,a3c772d3fde52dbae832bi,2026-01-09 04:20:00,74,True,17,0,166,2356,16.65,235.6,0.0,True,0.179,,,,0,558,29647,15912,2620,0,last,False,relay,False,,,
2026-01-09,a3c772d3fde52dbae832bi,2026-01-09 04:30:00,75,True,18,0,166,2297,16.65,229.72,0.0,True,0.1818,,,,,,,,,,,,,,,,
2026-01-09,a3c772d3fde52dbae832bi,2026-01-09 04:40:00,76,True,18,0,166,2305,16.65,230.56,0.0,True,0.1845,,,,,,,,,,,,,,,,
2026-01-09,a3c772d3fde52dbae832bi,2026-01-09 04:50:00,77,True,18,0,166,2305,16.65,230.52,0.0,True,0.1873,,,,,,,,,,,,,,,,
2026-01-09,a3c772d3fde52dbae832bi,2026-01-09 05:00:00,78,True,18,41,39,2309,3.99,230.9,0.042,True,0.188,,,,,,,,,,,,,,,,
2026-01-09,a3c772d3fde52dbae832bi,2026-01-09 05:10:00,79,False,18,0,0,2321,0.0,232.15,0.0,False,0.188,,,,,,,,,,,,,,,,
2026-01-09,a3c772d3fde52dbae832bi,2026-01-09 05:20:00,80,True,18,20,19,2317,1.99,231.78,0.021,True,0.1883,,,,,,,,,,,,,,,,
2026-01-09,a3c772d3fde52dbae832bi,2026-01-09 05:30:00,81,False,18,0,0,2330,0.0,233.07,0.0,False,0.1883,,,,,,,,,,,,,,,,
2026-01-09,a3c772d3fde52dbae832bi,2026-01-09 05:40:00,82,True,19,0,166,2329,16.65,232.9,0.0,True,0.1911,,,,0,558,29647,15912,2620,0,last,False,relay,False,,,
2026-01-09,a3c772d3fde52dbae832bi,2026-01-09 05:50:00,83,True,19,0,166,2329,16.65,232.9,0.0,True,0.1939,,,,0,558,29647,15912,2620,0,last,False,relay,False,,,
2026-01-09,a3c772d3fde52dbae832bi,2026-01-09 06:00:00,84,True,19,0,166,2329,16.65,232.9,0.0,True,0.1966,,,,0,558,29647,15912,2620,0,last,False,relay,False,,,
2026-01-09,a3c772d3fde52dbae832bi,2026-01-09 06:10:00,85,True,19,0,166,2329,16.65,232.9,0.0,True,0.1994,,,,0,558,29647,15912,2620,0,last,False,relay,False,,,
2026-01-09,a3c772d3fde52dbae832bi,2026-01-09 06:20:00,86,True,20,188,179,2320,17.94,232.0,0.188,True,0.2024,25.62,80.0,1013.0,0,558,29647,15912,2620,0,last,False,relay,False,,,
2026-01-09,a3c772d3fde52dbae832bi,2026-01-09 06:30:00,87,True,20,188,179,2320,17.94,232.0,0.188,True,0.2054,25.55,80.0,1013.0,0,558,29647,15912,2620,0,last,False,relay,False,,,
2026-01-09,a3c772d3fde52dbae832bi,2026-01-09 06:40:00,88,True,20,188,179,2320,17.94,232.0,0.188,True,0.2084,,,,0,558,29647,15912,2620,0,last,False,relay,False,,,
2026-01-09,a3c772d3fde52dbae832bi,2026-01-09 06:50:00,89,True,21,188,179,2320,17.94,232.0,0.188,True,0.2114,25.62,80.0,1013.0,0,558,29647,15912,2620,0,last,False,relay,False,,,
2026-01-09,a3c772d3fde52dbae832bi,2026-01-09 07:00:00,90,True,21,188,179,2320,17.94,232.0,0.188,True,0.2144,25.62,80.0,1013.0,0,558,29647,15912,2620,0,last,False,relay,False,,,
2026-01-09,a3c772d3fde52dbae832bi,2026-01-09 07:10:00,91,True,21,188,179,2320,17.94,232.0,0.188,True,0.2174,25.62,80.0,1013.0,0,558,29647,15912,2620,0,last,False,relay,False,,,
2026-01-09,a3c772d3fde52dbae832bi,2026-01-09 07:20:00,92,True,22,182,172,2298,17.28,229.8,0.182,True,0.2202,25.62,80.0,1013.0,0,558,29647,15912,2620,0,last,False,relay,False,,,
2026-01-09,a3c772d3fde52dbae832bi,2026-01-09 07:30:00,93,True,22,182,172,2298,17.28,229.8,0.182,True,0.2231,,,,0,558,29647,15912,2620,0,last,False,relay,False,,,
2026-01-09,a3c772d3fde52dbae832bi,2026-01-09 07:40:00,94,True,22,182,172,2298,17.28,229.8,0.182,True,0.226,,,,0,558,29647,15912,2620,0,last,False,relay,False,,,
2026-01-09,a3c772d3fde52dbae832bi,2026-01-09 07:50:00,95,True,22,182,172,2298,17.28,229.8,0.182,True,0.2289,,,,0,558,29647,15912,2620,0,last,False,relay,False,,,
2026-01-09,a3c772d3fde52dbae832bi,2026-01-09 08:00:00,96,True,23,182,172,2298,17.28,229.8,0.182,True,0.2318,,,,0,558,29647,15912,2620,0,last,False,relay,False,,,
2026-01-09,a3c772d3fde52dbae832bi,2026-01-09 08:10:00,97,True,23,184,176,2329,17.65,232.9,0.184,True,0.2347,,,,0,558,29647,15912,2620,0,last,False,relay,False,,,
2026-01-09,a3c772d3fde52dbae832bi,2026-01-09 08:20:00,98,True,23,184,176,2329,17.65,232.9,0.184,True,0.2376,25.62,81.0,1012.0,0,558,29647,15912,2620,0,last,False,relay,False,,,
2026-01-09,a3c772d3fde52dbae832bi,2026-01-09 08:30:00,99,True,24,184,176,2329,17.65,232.9,0.184,True,0.2406,,,,0,558,29647,15912,2620,0,last,False,relay,False,,,
2026-01-09,a3c772d3fde52dbae832bi,2026-01-09 08:40:00,100,True,24,184,176,2329,17.65,232.9,0.184,True,0.2435,,,,0,558,29647,15912,2620,0,last,False,relay,False,,,
2026-01-09,a3c772d3fde52dbae832bi,2026-01-09 08:50:00,101,True,24,184,176,2329,17.65,232.9,0.184,True,0.2465,,,,0,558,29647,15912,2620,0,last,False,relay,False,,,
2026-01-09,a3c772d3fde52dbae832bi,2026-01-09 09:00:00,102,True,24,184,176,2329,17.65,232.9,0.184,True,0.2494,25.69,79.0,1012.0,0,558,29647,15912,2620,0,last,False,relay,False,,,
2026-01-09,a3c772d3fde52dbae832bi,2026-01-09 09:10:00,103,True,25,183,174,2316,17.49,231.6,0.183,True,0.2523,,,,0,558,29647,15912,2620,0,last,False,relay,False,,,
2026-01-09,a3c772d3fde52dbae832bi,2026-01-09 09:20:00,104,True,25,183,174,2316,17.49,231.6,0.183,True,0.2552,25.64,81.0,1012.0,0,558,29647,15912,2620,0,last,False,relay,False,,,
2026-01-09,a3c772d3fde52dbae832bi,2026-01-09 09:30:00,105,True,25,183,174,2316,17.49,231.6,0.183,True,0.2582,,,,0,558,29647,15912,2620,0,last,False,relay,False,,,
2026-01-09,a3c772d3fde52dbae832bi,2026-01-09 09:40:00,106,True,26,183,174,2316,17.49,231.6,0.183,True,0.2611,25.61,82.0,1012.0,0,558,29647,15912,2620,0,last,False,relay,False,,,
2026-01-09,a3c772d3fde52dbae832bi,2026-01-09 09:50:00,107,True,26,183,174,2316,17.49,231.6,0.183,True,0.264,,,,0,558,29647,15912,2620,0,last,False,relay,False,,,
2026-01-09,a3c772d3fde52dbae832bi,2026-01-09 10:00:00,108,True,26,183,174,2316,17.49,231.6,0.183,True,0.2669,,,,0,558,29647,15912,2620,0,last,False,relay,False,,,
2026-01-09,a3c772d3fde52dbae832bi,2026-01-09 10:10:00,109,True,26,183,174,2316,17.49,231.6,0.183,True,0.2698,25.47,81.0,1012.0,0,558,29647,15912,2620,0,last,False,relay,False,,,
2026-01-09,a3c772d3fde52dbae832bi,2026-01-09 10:20:00,110,True,27,180,168,2273,16.87,227.3,0.18,True,0.2726,25.53,81.0,1012.0,0,558,29647,15912,2620,0,last,False,relay,False,,,
2026-01-09,a3c772d3fde52dbae832bi,2026-01-09 10:30:00,111,True,27,180,168,2273,16.87,227.3,0.18,True,0.2754,,,,0,558,29647,15912,2620,0,last,False,relay,False,,,
2026-01-09,a3c772d3fde52dbae832bi,2026-01-09 10:40:00,112,True,27,96,92,2313,9.23,231.36,0.097,True,0.277,,,,,,,,,,,,,,,,
2026-01-09,a3c772d3fde52dbae832bi,2026-01-09 10:50:00,113,True,27,180,168,2273,16.87,227.3,0.18,True,0.2798,,,,0,558,29647,15912,2620,0,last,False,relay,False,,,
2026-01-09,a3c772d3fde52dbae832bi,2026-01-09 11:00:00,114,True,28,180,168,2273,16.87,227.3,0.18,True,0.2826,,,,0,558,29647,15912,2620,0,last,False,relay,False,,,
2026-01-09,a3c772d3fde52dbae832bi,2026-01-09 11:10:00,115,True,28,97,93,2327,9.34,232.74,0.097,True,0.2842,,,,,,,,,,,,,,,,
2026-01-09,a3c772d3fde52dbae832bi,2026-01-09 11:20:00,116,True,28,182,171,2286,17.16,228.6,0.182,True,0.287,24.88,87.0,1011.0,0,558,29647,15912,2620,0,last,False,relay,False,,,
2026-01-09,a3c772d3fde52dbae832bi,2026-01-09 11:30:00,117,True,28,182,171,2286,17.16,228.6,0.182,True,0.2899,,,,0,558,29647,15912,2620,0,last,False,relay,False,,,
2026-01-09,a3c772d3fde52dbae832bi,2026-01-09 11:40:00,118,True,29,182,171,2286,17.16,228.6,0.182,True,0.2927,24.57,87.0,1011.0,0,558,29647,15912,2620,0,last,False,relay,False,,,
2026-01-09,a3c772d3fde52dbae832bi,2026-01-09 11:50:00,119,True,29,182,171,2286,17.16,228.6,0.182,True,0.2956,24.57,88.0,1011.0,0,558,29647,15912,2620,0,last,False,relay,False,,,
2026-01-09,a3c772d3fde52dbae832bi,2026-01-09 12:00:00,120,True,29,182,171,2286,17.16,228.6,0.182,True,0.2985,,,,0,558,29647,15912,2620,0,last,False,relay,False,,,
2026-01-09,a3c772d3fde52dbae832bi,2026-01-09 12:10:00,121,True,30,181,170,2298,17.08,229.8,0.181,True,0.3013,,,,0,558,29647,15912,2620,0,last,False,relay,False,,,
2026-01-09,a3c772d3fde52dbae832bi,2026-01-09 12:20:00,122,True,30,181,170,2298,17.08,229.8,0.181,True,0.3041,,,,0,558,29647,15912,2620,0,last,False,relay,False,,,
2026-01-09,a3c772d3fde52dbae832bi,2026-01-09 12:30:00,123,True,30,181,170,2298,17.08,229.8,0.181,True,0.307,24.52,87.0,1011.0,0,558,29647,15912,2620,0,last,False,relay,False,,,
2026-01-09,a3c772d3fde52dbae832bi,2026-01-09 12:40:00,124,True,30,181,170,2298,17.08,229.8,0.181,True,0.3098,24.52,87.0,1011.0,0,558,29647,15912,2620,0,last,False,relay,False,,,
2026-01-09,a3c772d3fde52dbae832bi,2026-01-09 12:50:00,125,True,31,181,170,2298,17.08,229.8,0.181,True,0.3127,24.52,87.0,1011.0,0,558,29647,15912,2620,0,last,False,relay,False,,,
2026-01-09,a3c772d3fde52dbae832bi,2026-01-09 13:00:00,126,True,31,181,170,2298,17.08,229.8,0.181,True,0.3155,24.52,87.0,1011.0,0,558,29647,15912,2620,0,last,False,relay,False,,,
2026-01-09,a3c772d3fde52dbae832bi,2026-01-09 13:10:00,127,True,31,181,170,2298,17.08,229.8,0.181,True,0.3184,24.52,86.0,1012.0,0,558,29647,15912,2620,0,last,False,relay,False,,,
2026-01-09,a3c772d3fde52dbae832bi,2026-01-09 13:20:00,128,True,32,181,172,2298,17.24,229.8,0.181,True,0.3212,24.52,86.0,1012.0,0,558,29647,15912,2620,0,last,False,relay,False,,,
2026-01-09,a3c772d3fde52dbae832bi,2026-01-09 13:30:00,129,True,32,181,172,2298,17.24,229.8,0.181,True,0.3241,24.52,87.0,1012.0,0,558,29647,15912,2620,0,last,False,relay,False,,,
2026-01-09,a3c772d3fde52dbae832bi,2026-01-09 13:40:00,130,True,32,181,172,2298,17.24,229.8,0.181,True,0.327,24.55,87.0,1012.0,0,558,29647,15912,2620,0,last,False,relay,False,,,
2026-01-09,a3c772d3fde52dbae832bi,2026-01-09 13:50:00,131,True,32,181,172,2298,17.24,229.8,0.181,True,0.3299,24.55,87.0,1012.0,0,558,29647,15912,2620,0,last,False,relay,False,,,
2026-01-09,a3c772d3fde52dbae832bi,2026-01-09 14:00:00,132,True,33,181,172,2298,17.24,229.8,0.181,True,0.3327,24.55,87.0,1012.0,0,558,29647,15912,2620,0,last,False,relay,False,,,
2026-01-09,a3c772d3fde52dbae832bi,2026-01-09 14:10:00,133,True,33,181,169,2281,16.95,228.1,0.181,True,0.3356,24.52,88.0,1012.0,0,558,29647,15912,2620,0,last,False,relay,False,,,
2026-01-09,a3c772d3fde52dbae832bi,2026-01-09 14:20:00,134,True,33,56,53,2292,5.35,229.2,0.056,True,0.3365,,,,,,,,,,,,,,,,
2026-01-09,a3c772d3fde52dbae832bi,2026-01-09 14:30:00,135,True,33,56,53,2292,5.35,229.2,0.056,True,0.3373,,,,,,,,,,,,,,,,
2026-01-09,a3c772d3fde52dbae832bi,2026-01-09 14:40:00,136,True,34,181,169,2281,16.95,228.1,0.181,True,0.3402,,,,0,558,29647,15912,2620,0,last,False,relay,False,,,
2026-01-09,a3c772d3fde52dbae832bi,2026-01-09 14:50:00,137,True,34,181,169,2281,16.95,228.1,0.181,True,0.343,,,,0,558,29647,15912,2620,0,last,False,relay,False,,,
2026-01-09,a3c772d3fde52dbae832bi,2026-01-09 15:00:00,138,True,34,181,169,2281,16.95,228.1,0.181,True,0.3458,,,,0,558,29647,15912,2620,0,last,False,relay,False,,,
2026-01-09,a3c772d3fde52dbae832bi,2026-01-09 15:10:00,139,True,34,181,169,2281,16.95,228.1,0.181,True,0.3486,24.6,87.0,1012.0,0,558,29647,15912,2620,0,last,False,relay,False,,,
2026-01-09,a3c772d3fde52dbae832bi,2026-01-09 15:20:00,140,True,35,180,170,2290,17.03,229.0,0.18,True,0.3515,24.88,87.0,1013.0,0,558,29647,15912,2620,0,last,False,relay,False,,,
2026-01-09,a3c772d3fde52dbae832bi,2026-01-09 15:30:00,141,True,35,180,170,2290,17.03,229.0,0.18,True,0.3543,,,,0,558,29647,15912,2620,0,last,False,relay,False,,,
2026-01-09,a3c772d3fde52dbae832bi,2026-01-09 15:40:00,142,True,35,180,170,2290,17.03,229.0,0.18,True,0.3572,24.88,87.0,1013.0,0,558,29647,15912,2620,0,last,False,relay,False,,,
2026-01-09,a3c772d3fde52dbae832bi,2026-01-09 15:50:00,143,True,35,180,170,2290,17.03,229.0,0.18,True,0.36,24.88,87.0,1013.0,0,558,29647,15912,2620,0,last,False,relay,False,,,
2026-01-10,a3c772d3fde52dbae832bi,2026-01-09 16:00:00,0,True,0,180,303,2290,30.32,229.0,0.18,True,0.0051,25.25,86.0,1013.0,0,558,29647,15912,2620,0,last,False,relay,False,,,
2026-01-10,a3c772d3fde52dbae832bi,2026-01-09 16:10:00,1,True,1,180,303,2290,30.32,229.0,0.18,True,0.0101,,,,0,558,29647,15912,2620,0,last,False,relay,False,,,
2026-01-10,a3c772d3fde52dbae832bi,2026-01-09 16:20:00,2,True,1,181,305,2298,30.54,229.8,0.181,True,0.0152,25.91,83.0,1013.0,0,558,29647,15912,2620,0,last,False,relay,False,,,
2026-01-10,a3c772d3fde52dbae832bi,2026-01-09 16:30:00,3,True,1,51,86,2295,8.7,229.51,0.052,True,0.0166,,,,,,,,,,,,,,,,
2026-01-10,a3c772d3fde52dbae832bi,2026-01-09 16:40:00,4,True,1,52,89,2310,8.96,231.03,0.053,True,0.0181,,,,,,,,,,,,,,,,
2026-01-10,a3c772d3fde52dbae832bi,2026-01-09 16:50:00,5,True,1,32,55,2308,5.56,230.84,0.033,True,0.0191,,,,,,,,,,,,,,,,
2026-01-10,a3c772d3fde52dbae832bi,2026-01-09 17:00:00,6,True,2,0,188,2303,18.88,230.3,0.0,True,0.0222,,,,0,558,29647,15912,2620,0,last,False,relay,False,,,
2026-01-10,a3c772d3fde52dbae832bi,2026-01-09 17:10:00,7,True,2,0,188,2303,18.88,230.3,0.0,True,0.0254,,,,0,558,29647,15912,2620,0,last,False,relay,False,,,
2026-01-10,a3c772d3fde52dbae832bi,2026-01-09 17:20:00,8,True,2,32,55,2301,5.56,230.17,0.033,True,0.0263,,,,,,,,,,,,,,,,
2026-01-10,a3c772d3fde52dbae832bi,2026-01-09 17:30:00,9,True,2,0,188,2303,18.88,230.3,0.0,True,0.0294,,,,0,558,29647,15912,2620,0,last,False,relay,False,,,
2026-01-10,a3c772d3fde52dbae832bi,2026-01-09 17:40:00,10,True,3,0,188,2303,18.88,230.3,0.0,True,0.0326,,,,0,558,29647,15912,2620,0,last,False,relay,False,,,
2026-01-10,a3c772d3fde52dbae832bi,2026-01-09 17:50:00,11,True,3,32,54,2300,5.48,230.02,0.032,True,0.0335,,,,,,,,,,,,,,,,
2026-01-10,a3c772d3fde52dbae832bi,2026-01-09 18:00:00,12,True,3,32,54,2296,5.48,229.62,0.032,True,0.0344,,,,,,,,,,,,,,,,
2026-01-10,a3c772d3fde52dbae832bi,2026-01-09 18:10:00,13,True,3,32,54,2295,5.48,229.57,0.032,True,0.0353,,,,,,,,,,,,,,,,
2026-01-10,a3c772d3fde52dbae832bi,2026-01-09 18:20:00,14,True,3,32,54,2303,5.48,230.37,0.032,True,0.0362,,,,,,,,,,,,,,,,
2026-01-10,a3c772d3fde52dbae832bi,2026-01-09 18:30:00,15,True,3,31,53,2299,5.36,229.93,0.032,True,0.0371,,,,,,,,,,,,,,,,
2026-01-10,a3c772d3fde52dbae832bi,2026-01-09 18:40:00,16,True,3,31,53,2303,5.36,230.39,0.032,True,0.038,,,,,,,,,,,,,,,,
2026-01-10,a3c772d3fde52dbae832bi,2026-01-09 18:50:00,17,True,4,0,188,2320,18.88,232.0,0.0,True,0.0412,,,,0,558,29647,15912,2620,0,last,False,relay,False,,,
2026-01-10,a3c772d3fde52dbae832bi,2026-01-09 19:00:00,18,True,4,0,188,2325,18.88,232.5,0.0,True,0.0443,,,,0,558,29647,15912,2620,0,last,False,relay,False,,,
2026-01-10,a3c772d3fde52dbae832bi,2026-01-09 19:10:00,19,True,4,0,188,2325,18.88,232.5,0.0,True,0.0475,,,,0,558,29647,15912,2620,0,last,False,relay,False,,,
2026-01-10,a3c772d3fde52dbae832bi,2026-01-09 19:20:00,20,True,5,0,188,2325,18.88,232.5,0.0,True,0.0506,,,,0,558,29647,15912,2620,0,last,False,relay,False,,,
2026-01-10,a3c772d3fde52dbae832bi,2026-01-09 19:30:00,21,True,5,31,53,2302,5.36,230.27,0.032,True,0.0515,,,,,,,,,,,,,,,,
2026-01-10,a3c772d3fde52dbae832bi,2026-01-09 19:40:00,22,True,5,0,188,2325,18.88,232.5,0.0,True,0.0546,,,,0,558,29647,15912,2620,0,last,False,relay,False,,,
2026-01-10,a3c772d3fde52dbae832bi,2026-01-09 19:50:00,23,True,5,32,54,2302,5.43,230.25,0.032,True,0.0556,,,,,,,,,,,,,,,,
2026-01-10,a3c772d3fde52dbae832bi,2026-01-09 20:00:00,24,True,5,32,54,2301,5.43,230.12,0.032,True,0.0565,,,,,,,,,,,,,,,,
2026-01-10,a3c772d3fde52dbae832bi,2026-01-09 20:10:00,25,True,5,0,188,2351,18.88,235.1,0.0,True,0.0596,,,,0,558,29647,15912,2620,0,last,False,relay,False,,,
2026-01-10,a3c772d3fde52dbae832bi,2026-01-09 20:20:00,26,True,6,32,54,2300,5.43,230.06,0.032,True,0.0605,,,,,,,,,,,,,,,,
2026-01-10,a3c772d3fde52dbae832bi,2026-01-09 20:30:00,27,True,6,32,54,2304,5.43,230.4,0.032,True,0.0614,,,,,,,,,,,,,,,,
2026-01-10,a3c772d3fde52dbae832bi,2026-01-09 20:40:00,28,True,6,0,188,2351,18.88,235.1,0.0,True,0.0646,,,,0,558,29647,15912,2620,0,last,False,relay,False,,,
2026-01-10,a3c772d3fde52dbae832bi,2026-01-09 20:50:00,29,True,6,0,188,2351,18.88,235.1,0.0,True,0.0677,29.57,72.0,1011.0,0,558,29647,15912,2620,0,last,False,relay,False,,,
2026-01-10,a3c772d3fde52dbae832bi,2026-01-09 21:00:00,30,True,7,0,188,2338,18.88,233.8,0.0,True,0.0709,29.63,71.0,1011.0,0,558,29647,15912,2620,0,last,False,relay,False,,,
2026-01-10,a3c772d3fde52dbae832bi,2026-01-09 21:10:00,31,True,7,0,188,2338,18.88,233.8,0.0,True,0.074,,,,0,558,29647,15912,2620,0,last,False,relay,False,,,
2026-01-10,a3c772d3fde52dbae832bi,2026-01-09 21:20:00,32,True,7,0,188,2338,18.88,233.8,0.0,True,0.0771,,,,0,558,29647,15912,2620,0,last,False,relay,False,,,
2026-01-10,a3c772d3fde52dbae832bi,2026-01-09 21:30:00,33,True,8,0,188,2308,18.88,230.84,0.0,True,0.0803,,,,,,,,,,,,,,,,
2026-01-10,a3c772d3fde52dbae832bi,2026-01-09 21:40:00,34,True,8,0,188,2338,18.88,233.8,0.0,True,0.0834,29.04,74.0,1010.0,0,558,29647,15912,2620,0,last,False,relay,False,,,
2026-01-10,a3c772d3fde52dbae832bi,2026-01-09 21:50:00,35,True,8,0,188,2338,18.88,233.8,0.0,True,0.0866,28.96,75.0,1010.0,0,558,29647,15912,2620,0,last,False,relay,False,,,
2026-01-10,a3c772d3fde52dbae832bi,2026-01-09 22:00:00,36,True,8,0,188,2309,18.88,230.92,0.0,True,0.0897,,,,,,,,,,,,,,,,
2026-01-10,a3c772d3fde52dbae832bi,2026-01-09 22:10:00,37,True,9,0,188,2309,18.88,230.95,0.0,True,0.0929,,,,,,,,,,,,,,,,
2026-01-10,a3c772d3fde52dbae832bi,2026-01-09 22:20:00,38,True,9,0,188,2325,18.88,232.5,0.0,True,0.096,,,,0,558,29647,15912,2620,0,last,False,relay,False,,,
2026-01-10,a3c772d3fde52dbae832bi,2026-01-09 22:30:00,39,True,9,0,188,2325,18.88,232.5,0.0,True,0.0992,28.88,76.0,1010.0,0,558,29647,15912,2620,0,last,False,relay,False,,,
2026-01-10,a3c772d3fde52dbae832bi,2026-01-09 22:40:00,40,True,10,0,188,2325,18.88,232.5,0.0,True,0.1023,,,,0,558,29647,15912,2620,0,last,False,relay,False,,,
2026-01-10,a3c772d3fde52dbae832bi,2026-01-09 22:50:00,41,True,10,0,188,2325,18.88,232.5,0.0,True,0.1055,,,,0,558,29647,15912,2620,0,last,False,relay,False,,,
2026-01-10,a3c772d3fde52dbae832bi,2026-01-09 23:00:00,42,True,10,0,188,2356,18.88,235.6,0.0,True,0.1086,,,,0,558,29647,15912,2620,0,last,False,relay,False,,,
2026-01-10,a3c772d3fde52dbae832bi,2026-01-09 23:10:00,43,True,11,0,188,2310,18.88,231.0,0.0,True,0.1118,,,,,,,,,,,,,,,,
2026-01-10,a3c772d3fde52dbae832bi,2026-01-09 23:20:00,44,True,11,0,188,2315,18.88,231.54,0.0,True,0.1149,,,,,,,,,,,,,,,,
2026-01-10,a3c772d3fde52dbae832bi,2026-01-09 23:30:00,45,True,11,0,188,2356,18.88,235.6,0.0,True,0.1181,,,,0,558,29647,15912,2620,0,last,False,relay,False,,,
2026-01-10,a3c772d3fde52dbae832bi,2026-01-09 23:40:00,46,True,12,0,188,2356,18.88,235.6,0.0,True,0.1212,,,,0,558,29647,15912,2620,0,last,False,relay,False,,,
2026-01-10,a3c772d3fde52dbae832bi,2026-01-09 23:50:00,47,True,12,0,188,2356,18.88,235.6,0.0,True,0.1244,,,,0,558,29647,15912,2620,0,last,False,relay,False,,,
2026-01-10,a3c772d3fde52dbae832bi,2026-01-10 00:00:00,48,True,12,0,188,2301,18.88,230.17,0.0,True,0.1275,,,,,,,,,,,,,,,,
2026-01-10,a3c772d3fde52dbae832bi,2026-01-10 00:10:00,49,True,13,0,188,2356,18.88,235.6,0.0,True,0.1306,,,,0,558,29647,15912,2620,0,last,False,relay,False,,,
2026-01-10,a3c772d3fde52dbae832bi,2026-01-10 00:20:00,50,True,13,0,188,2356,18.88,235.6,0.0,True,0.1338,,,,0,558,29647,15912,2620,0,last,False,relay,False,,,
2026-01-10,a3c772d3fde52dbae832bi,2026-01-10 00:30:00,51,True,13,0,188,2356,18.88,235.6,0.0,True,0.1369,26.56,87.0,1011.0,0,558,29647,15912,2620,0,last,False,relay,False,,,
2026-01-10,a3c772d3fde52dbae832bi,2026-01-10 00:40:00,52,True,14,0,188,2356,18.88,235.6,0.0,True,0.1401,,,,0,558,29647,15912,2620,0,last,False,relay,False,,,
2026-01-10,a3c772d3fde52dbae832bi,2026-01-10 00:50:00,53,True,14,0,188,2356,18.88,235.6,0.0,True,0.1432,,,,0,558,29647,15912,2620,0,last,False,relay,False,,,
2026-01-10,a3c772d3fde52dbae832bi,2026-01-10 01:00:00,54,True,14,0,188,2356,18.88,235.6,0.0,True,0.1464,,,,0,558,29647,15912,2620,0,last,False,relay,False,,,
2026-01-10,a3c772d3fde52dbae832bi,2026-01-10 01:10:00,55,True,14,0,188,2365,18.88,236.5,0.0,True,0.1495,25.75,91.0,1012.0,0,558,29647,15912,2620,0,last,False,relay,False,,,
2026-01-10,a3c772d3fde52dbae832bi,2026-01-10 01:20:00,56,True,15,0,188,2365,18.88,236.5,0.0,True,0.1527,25.75,91.0,1012.0,0,558,29647,15912,2620,0,last,False,relay,False,,,
2026-01-10,a3c772d3fde52dbae832bi,2026-01-10 01:30:00,57,True,15,0,188,2365,18.88,236.5,0.0,True,0.1558,25.75,92.0,1012.0,0,558,29647,15912,2620,0,last,False,relay,False,,,
2026-01-10,a3c772d3fde52dbae832bi,2026-01-10 01:40:00,58,True,15,0,188,2365,18.88,236.5,0.0,True,0.159,25.69,92.0,1012.0,0,558,29647,15912,2620,0,last,False,relay,False,,,
2026-01-10,a3c772d3fde52dbae832bi,2026-01-10 01:50:00,59,True,16,0,188,2365,18.88,236.5,0.0,True,0.1621,25.38,92.0,1012.0,0,558,29647,15912,2620,0,last,False,relay,False,,,
2026-01-10,a3c772d3fde52dbae832bi,2026-01-10 02:00:00,60,True,16,0,188,2307,18.88,230.7,0.0,True,0.1653,,,,0,558,29647,15912,2620,0,last,False,relay,False,,,
2026-01-10,a3c772d3fde52dbae832bi,2026-01-10 02:10:00,61,True,16,0,188,2307,18.88,230.7,0.0,True,0.1684,24.84,91.0,1012.0,0,558,29647,15912,2620,0,last,False,relay,False,,,
2026-01-10,a3c772d3fde52dbae832bi,2026-01-10 02:20:00,62,True,17,0,188,2307,18.88,230.7,0.0,True,0.1716,25.07,91.0,1012.0,0,558,29647,15912,2620,0,last,False,relay,False,,,
2026-01-10,a3c772d3fde52dbae832bi,2026-01-10 02:30:00,63,True,17,0,188,2307,18.88,230.7,0.0,True,0.1747,,,,0,558,29647,15912,2620,0,last,False,relay,False,,,
2026-01-10,a3c772d3fde52dbae832bi,2026-01-10 02:40:00,64,True,17,0,188,2307,18.88,230.7,0.0,True,0.1779,25.07,91.0,1012.0,0,558,29647,15912,2620,0,last,False,relay,False,,,
2026-01-10,a3c772d3fde52dbae832bi,2026-01-10 02:50:00,65,True,18,0,188,2307,18.88,230.7,0.0,True,0.181,25.07,91.0,1012.0,0,558,29647,15912,2620,0,last,False,relay,False,,,
2026-01-10,a3c772d3fde52dbae832bi,2026-01-10 03:00:00,66,True,18,0,188,2307,18.88,230.7,0.0,True,0.1841,25.07,92.0,1012.0,0,558,29647,15912,2620,0,last,False,relay,False,,,
2026-01-10,a3c772d3fde52dbae832bi,2026-01-10 03:10:00,67,True,18,0,188,2320,18.88,232.0,0.0,True,0.1873,25.07,91.0,1012.0,0,558,29647,15912,2620,0,last,False,relay,False,,,
2026-01-10,a3c772d3fde52dbae832bi,2026-01-10 03:20:00,68,True,19,0,188,2320,18.88,232.0,0.0,True,0.1904,25.07,93.0,1013.0,0,558,29647,15912,2620,0,last,False,relay,False,,,
2026-01-10,a3c772d3fde52dbae832bi,2026-01-10 03:30:00,69,True,19,0,188,2320,18.88,232.0,0.0,True,0.1936,25.07,93.0,1013.0,0,558,29647,15912,2620,0,last,False,relay,False,,,
2026-01-10,a3c772d3fde52dbae832bi,2026-01-10 03:40:00,70,True,19,0,188,2320,18.88,232.0,0.0,True,0.1967,25.07,93.0,1013.0,0,558,29647,15912,2620,0,last,False,relay,False,,,
2026-01-10,a3c772d3fde52dbae832bi,2026-01-10 03:50:00,71,True,19,0,188,2323,18.88,232.3,0.0,True,0.1999,,,,,,,,,,,,,,,,
2026-01-10,a3c772d3fde52dbae832bi,2026-01-10 04:00:00,72,True,20,0,188,2304,18.88,230.46,0.0,True,0.203,,,,,,,,,,,,,,,,
2026-01-10,a3c772d3fde52dbae832bi,2026-01-10 04:10:00,73,True,20,0,188,2305,18.88,230.57,0.0,True,0.2062,,,,,,,,,,,,,,,,
2026-01-10,a3c772d3fde52dbae832bi,2026-01-10 04:20:00,74,True,20,0,188,2322,18.88,232.22,0.0,True,0.2093,,,,,,,,,,,,,,,,
2026-01-10,a3c772d3fde52dbae832bi,2026-01-10 04:30:00,75,True,21,0,188,2297,18.88,229.72,0.0,True,0.2125,,,,,,,,,,,,,,,,
2026-01-10,a3c772d3fde52dbae832bi,2026-01-10 04:40:00,76,True,21,0,188,2305,18.88,230.56,0.0,True,0.2156,,,,,,,,,,,,,,,,
2026-01-10,a3c772d3fde52dbae832bi,2026-01-10 04:50:00,77,True,21,0,188,2305,18.88,230.52,0.0,True,0.2188,,,,,,,,,,,,,,,,
2026-01-10,a3c772d3fde52dbae832bi,2026-01-10 05:00:00,78,True,21,41,70,2309,7.09,230.9,0.042,True,0.2199,,,,,,,,,,,,,,,,
2026-01-10,a3c772d3fde52dbae832bi,2026-01-10 05:10:00,79,False,21,0,0,2321,0.0,232.15,0.0,False,0.2199,,,,,,,,,,,,,,,,
2026-01-10,a3c772d3fde52dbae832bi,2026-01-10 05:20:00,80,True,22,20,35,2317,3.54,231.78,0.021,True,0.2205,,,,,,,,,,,,,,,,
2026-01-10,a3c772d3fde52dbae832bi,2026-01-10 05:30:00,81,False,22,0,0,2330,0.0,233.07,0.0,False,0.2205,,,,,,,,,,,,,,,,
2026-01-10,a3c772d3fde52dbae832bi,2026-01-10 05:40:00,82,True,22,20,35,2309,3.54,230.9,0.021,True,0.2211,,,,,,,,,,,,,,,,
2026-01-10,a3c772d3fde52dbae832bi,2026-01-10 05:50:00,83,True,22,20,35,2309,3.54,230.9,0.021,True,0.2217,,,,,,,,,,,,,,,,
2026-01-10,a3c772d3fde52dbae832bi,2026-01-10 06:00:00,84,True,22,60,103,2317,10.36,231.75,0.061,True,0.2234,,,,,,,,,,,,,,,,
2026-01-10,a3c772d3fde52dbae832bi,2026-01-10 06:10:00,85,True,22,40,69,2324,6.93,232.48,0.04,True,0.2246,,,,,,,,,,,,,,,,
2026-01-10,a3c772d3fde52dbae832bi,2026-01-10 06:20:00,86,True,22,82,140,2317,14.03,231.76,0.082,True,0.2269,,,,,,,,,,,,,,,,
2026-01-10,a3c772d3fde52dbae832bi,2026-01-10 06:30:00,87,True,22,84,143,2311,14.39,231.17,0.085,True,0.2293,,,,,,,,,,,,,,,,
2026-01-10,a3c772d3fde52dbae832bi,2026-01-10 06:40:00,88,True,23,99,169,2314,16.94,231.41,0.099,True,0.2322,,,,,,,,,,,,,,,,
2026-01-10,a3c772d3fde52dbae832bi,2026-01-10 06:50:00,89,True,23,122,208,2311,20.86,231.16,0.123,True,0.2356,,,,,,,,,,,,,,,,
2026-01-10,a3c772d3fde52dbae832bi,2026-01-10 07:00:00,90,True,23,81,138,2304,13.83,230.43,0.082,True,0.2379,,,,,,,,,,,,,,,,
2026-01-10,a3c772d3fde52dbae832bi,2026-01-10 07:10:00,91,True,24,143,244,2311,24.4,231.16,0.143,True,0.242,,,,,,,,,,,,,,,,
2026-01-10,a3c772d3fde52dbae832bi,2026-01-10 07:20:00,92,True,24,122,207,2304,20.74,230.42,0.122,True,0.2455,,,,,,,,,,,,,,,,
2026-01-10,a3c772d3fde52dbae832bi,2026-01-10 07:30:00,93,True,24,138,202,1980,20.21,198.06,0.139,True,0.2488,,,,,,,,,,,,,,,,
2026-01-10,a3c772d3fde52dbae832bi,2026-01-10 07:40:00,94,True,25,138,235,2310,23.57,231.09,0.139,True,0.2528,,,,,,,,,,,,,,,,
2026-01-10,a3c772d3fde52dbae832bi,2026-01-10 07:50:00,95,True,25,138,235,2312,23.53,231.27,0.138,True,0.2567,,,,,,,,,,,,,,,,
2026-01-10,a3c772d3fde52dbae832bi,2026-01-10 08:00:00,96,True,26,138,235,2312,23.53,231.27,0.138,True,0.2606,,,,,,,,,,,,,,,,
2026-01-10,a3c772d3fde52dbae832bi,2026-01-10 08:10:00,97,True,26,158,270,2314,27.03,231.47,0.159,True,0.2651,,,,,,,,,,,,,,,,
2026-01-10,a3c772d3fde52dbae832bi,2026-01-10 08:20:00,98,True,26,158,269,2316,27.0,231.64,0.158,True,0.2696,,,,,,,,,,,,,,,,
2026-01-10,a3c772d3fde52dbae832bi,2026-01-10 08:30:00,99,True,27,158,269,2316,27.0,231.64,0.158,True,0.2741,,,,,,,,,,,,,,,,
2026-01-10,a3c772d3fde52dbae832bi,2026-01-10 08:40:00,100,True,27,178,304,2320,30.42,232.02,0.178,True,0.2792,,,,,,,,,,,,,,,,
2026-01-10,a3c772d3fde52dbae832bi,2026-01-10 08:50:00,101,True,28,158,269,2319,27.0,231.96,0.158,True,0.2837,,,,,,,,,,,,,,,,
2026-01-10,a3c772d3fde52dbae832bi,2026-01-10 09:00:00,102,True,28,158,269,2319,26.97,231.96,0.158,True,0.2882,,,,,,,,,,,,,,,,
2026-01-10,a3c772d3fde52dbae832bi,2026-01-10 09:10:00,103,True,29,137,234,2317,23.49,231.76,0.138,True,0.2921,,,,,,,,,,,,,,,,
2026-01-10,a3c772d3fde52dbae832bi,2026-01-10 09:20:00,104,True,29,158,269,2319,26.97,231.9,0.158,True,0.2966,,,,,,,,,,,,,,,,
2026-01-10,a3c772d3fde52dbae832bi,2026-01-10 09:30:00,105,True,30,157,269,2319,26.96,231.96,0.158,True,0.3011,,,,,,,,,,,,,,,,
2026-01-10,a3c772d3fde52dbae832bi,2026-01-10 09:40:00,106,True,30,117,199,2315,20.0,231.5,0.117,True,0.3044,,,,,,,,,,,,,,,,
2026-01-10,a3c772d3fde52dbae832bi,2026-01-10 09:50:00,107,True,30,157,269,2315,26.91,231.53,0.158,True,0.3089,,,,,,,,,,,,,,,,
2026-01-10,a3c772d3fde52dbae832bi,2026-01-10 10:00:00,108,True,31,137,234,2314,23.49,231.46,0.138,True,0.3128,,,,,,,,,,,,,,,,
2026-01-10,a3c772d3fde52dbae832bi,2026-01-10 10:10:00,109,True,31,117,199,2315,20.0,231.52,0.117,True,0.3161,,,,,,,,,,,,,,,,
2026-01-10,a3c772d3fde52dbae832bi,2026-01-10 10:20:00,110,True,31,117,198,2308,19.87,230.8,0.117,True,0.3195,,,,,,,,,,,,,,,,
2026-01-10,a3c772d3fde52dbae832bi,2026-01-10 10:30:00,111,True,32,116,198,2308,19.83,230.8,0.117,True,0.3228,,,,,,,,,,,,,,,,
2026-01-10,a3c772d3fde52dbae832bi,2026-01-10 10:40:00,112,True,32,96,164,2313,16.44,231.36,0.097,True,0.3255,,,,,,,,,,,,,,,,
2026-01-10,a3c772d3fde52dbae832bi,2026-01-10 10:50:00,113,True,32,136,232,2313,23.29,231.3,0.137,True,0.3294,,,,,,,,,,,,,,,,
2026-01-10,a3c772d3fde52dbae832bi,2026-01-10 11:00:00,114,True,33,116,199,2317,19.91,231.77,0.117,True,0.3327,,,,,,,,,,,,,,,,
2026-01-10,a3c772d3fde52dbae832bi,2026-01-10 11:10:00,115,True,33,97,166,2327,16.62,232.74,0.097,True,0.3355,,,,,,,,,,,,,,,,
2026-01-10,a3c772d3fde52dbae832bi,2026-01-10 11:20:00,116,True,33,97,165,2322,16.58,232.24,0.097,True,0.3382,,,,,,,,,,,,,,,,
2026-01-10,a3c772d3fde52dbae832bi,2026-01-10 11:30:00,117,True,34,117,200,2325,20.1,232.57,0.117,True,0.3416,,,,,,,,,,,,,,,,
2026-01-10,a3c772d3fde52dbae832bi,2026-01-10 11:40:00,118,True,34,97,165,2320,16.57,232.04,0.097,True,0.3443,,,,,,,,,,,,,,,,
2026-01-10,a3c772d3fde52dbae832bi,2026-01-10 11:50:00,119,True,34,158,270,2323,27.05,232.36,0.158,True,0.3489,,,,,,,,,,,,,,,,
2026-01-10,a3c772d3fde52dbae832bi,2026-01-10 12:00:00,120,True,35,158,270,2323,27.02,232.36,0.158,True,0.3534,,,,,,,,,,,,,,,,
2026-01-10,a3c772d3fde52dbae832bi,2026-01-10 12:10:00,121,True,35,117,200,2326,20.06,232.6,0.117,True,0.3567,,,,,,,,,,,,,,,,
2026-01-10,a3c772d3fde52dbae832bi,2026-01-10 12:20:00,122,True,36,137,235,2322,23.52,232.27,0.138,True,0.3606,,,,,,,,,,,,,,,,
2026-01-10,a3c772d3fde52dbae832bi,2026-01-10 12:30:00,123,True,36,137,235,2322,23.52,232.27,0.138,True,0.3645,,,,,,,,,,,,,,,,
2026-01-10,a3c772d3fde52dbae832bi,2026-01-10 12:40:00,124,True,36,137,235,2321,23.5,232.14,0.138,True,0.3685,,,,,,,,,,,,,,,,
2026-01-10,a3c772d3fde52dbae832bi,2026-01-10 12:50:00,125,True,37,117,200,2320,20.03,232.08,0.117,True,0.3718,,,,,,,,,,,,,,,,
2026-01-10,a3c772d3fde52dbae832bi,2026-01-10 13:00:00,126,True,37,137,233,2308,23.33,230.89,0.137,True,0.3757,,,,,,,,,,,,,,,,
2026-01-10,a3c772d3fde52dbae832bi,2026-01-10 13:10:00,127,True,37,116,197,2305,19.79,230.51,0.117,True,0.379,,,,,,,,,,,,,,,,
2026-01-10,a3c772d3fde52dbae832bi,2026-01-10 13:20:00,128,True,38,116,198,2303,19.81,230.39,0.117,True,0.3823,,,,,,,,,,,,,,,,
2026-01-10,a3c772d3fde52dbae832bi,2026-01-10 13:30:00,129,True,38,116,198,2303,19.81,230.39,0.117,True,0.3856,,,,,,,,,,,,,,,,
2026-01-10,a3c772d3fde52dbae832bi,2026-01-10 13:40:00,130,True,38,56,95,2294,9.54,229.4,0.057,True,0.3872,,,,,,,,,,,,,,,,
2026-01-10,a3c772d3fde52dbae832bi,2026-01-10 13:50:00,131,True,38,56,95,2294,9.54,229.4,0.057,True,0.3888,,,,,,,,,,,,,,,,
2026-01-10,a3c772d3fde52dbae832bi,2026-01-10 14:00:00,132,True,39,76,129,2297,12.93,229.75,0.076,True,0.3909,,,,,,,,,,,,,,,,
2026-01-10,a3c772d3fde52dbae832bi,2026-01-10 14:10:00,133,True,39,76,128,2290,12.87,229.04,0.076,True,0.3931,,,,,,,,,,,,,,,,
2026-01-10,a3c772d3fde52dbae832bi,2026-01-10 14:20:00,134,True,39,56,95,2292,9.52,229.2,0.056,True,0.3946,,,,,,,,,,,,,,,,
2026-01-10,a3c772d3fde52dbae832bi,2026-01-10 14:30:00,135,True,39,56,95,2292,9.52,229.2,0.056,True,0.3962,,,,,,,,,,,,,,,,
2026-01-10,a3c772d3fde52dbae832bi,2026-01-10 14:40:00,136,True,39,76,128,2291,12.88,229.17,0.076,True,0.3984,,,,,,,,,,,,,,,,
2026-01-10,a3c772d3fde52dbae832bi,2026-01-10 14:50:00,137,True,40,76,128,2291,12.88,229.17,0.076,True,0.4005,,,,,,,,,,,,,,,,
2026-01-10,a3c772d3fde52dbae832bi,2026-01-10 15:00:00,138,True,40,56,94,2296,9.49,229.67,0.056,True,0.4021,,,,,,,,,,,,,,,,
2026-01-10,a3c772d3fde52dbae832bi,2026-01-10 15:10:00,139,True,40,56,94,2296,9.49,229.67,0.056,True,0.4037,,,,,,,,,,,,,,,,
2026-01-10,a3c772d3fde52dbae832bi,2026-01-10 15:20:00,140,True,40,56,95,2298,9.51,229.8,0.056,True,0.4053,,,,,,,,,,,,,,,,
2026-01-10,a3c772d3fde52dbae832bi,2026-01-10 15:30:00,141,True,40,56,95,2302,9.51,230.22,0.056,True,0.4069,,,,,,,,,,,,,,,,
2026-01-10,a3c772d3fde52dbae832bi,2026-01-10 15:40:00,142,True,40,55,94,2287,9.42,228.78,0.056,True,0.4084,,,,,,,,,,,,,,,,
2026-01-10,a3c772d3fde52dbae832bi,2026-01-10 15:50:00,143,True,40,55,94,2287,9.42,228.78,0.056,True,0.41,,,,,,,,,,,,,,,,
2026-01-11,a3c772d3fde52dbae832bi,2026-01-10 16:00:00,0,True,0,95,172,2290,17.3,229.09,0.096,True,0.0029,,,,,,,,,,,,,,,,
2026-01-11,a3c772d3fde52dbae832bi,2026-01-10 16:10:00,1,True,0,111,201,2287,20.16,228.74,0.112,True,0.0062,,,,,,,,,,,,,,,,
2026-01-11,a3c772d3fde52dbae832bi,2026-01-10 16:20:00,2,True,1,181,327,2294,32.77,229.4,0.181,True,0.0117,25.41,88.0,1015.0,0,558,29647,15912,2620,0,last,False,relay,False,,,
2026-01-11,a3c772d3fde52dbae832bi,2026-01-10 16:30:00,3,True,1,181,327,2294,32.77,229.4,0.181,True,0.0172,25.78,88.0,1015.0,0,558,29647,15912,2620,0,last,False,relay,False,,,
2026-01-11,a3c772d3fde52dbae832bi,2026-01-10 16:40:00,4,True,1,52,95,2310,9.58,231.03,0.053,True,0.0188,,,,,,,,,,,,,,,,
2026-01-11,a3c772d3fde52dbae832bi,2026-01-10 16:50:00,5,True,2,0,201,2316,20.16,231.6,0.0,True,0.0221,26.62,86.0,1015.0,0,558,29647,15912,2620,0,last,False,relay,False,,,
2026-01-11,a3c772d3fde52dbae832bi,2026-01-10 17:00:00,6,True,2,0,201,2316,20.16,231.6,0.0,True,0.0255,26.86,85.0,1015.0,0,558,29647,15912,2620,0,last,False,relay,False,,,
2026-01-11,a3c772d3fde52dbae832bi,2026-01-10 17:10:00,7,True,2,32,59,2300,5.96,230.06,0.033,True,0.0265,,,,,,,,,,,,,,,,
2026-01-11,a3c772d3fde52dbae832bi,2026-01-10 17:20:00,8,True,2,32,59,2301,5.96,230.17,0.033,True,0.0275,,,,,,,,,,,,,,,,
2026-01-11,a3c772d3fde52dbae832bi,2026-01-10 17:30:00,9,True,3,0,201,2316,20.16,231.6,0.0,True,0.0308,,,,0,558,29647,15912,2620,0,last,False,relay,False,,,
2026-01-11,a3c772d3fde52dbae832bi,2026-01-10 17:40:00,10,True,3,32,59,2301,5.96,230.19,0.033,True,0.0318,,,,,,,,,,,,,,,,
2026-01-11,a3c772d3fde52dbae832bi,2026-01-10 17:50:00,11,True,3,0,201,2316,20.16,231.6,0.0,True,0.0352,,,,0,558,29647,15912,2620,0,last,False,relay,False,,,
2026-01-11,a3c772d3fde52dbae832bi,2026-01-10 18:00:00,12,True,3,0,201,2303,20.16,230.3,0.0,True,0.0385,,,,0,558,29647,15912,2620,0,last,False,relay,False,,,
2026-01-11,a3c772d3fde52dbae832bi,2026-01-10 18:10:00,13,True,3,32,58,2295,5.86,229.57,0.032,True,0.0395,,,,,,,,,,,,,,,,
2026-01-11,a3c772d3fde52dbae832bi,2026-01-10 18:20:00,14,True,4,32,58,2303,5.86,230.37,0.032,True,0.0405,,,,,,,,,,,,,,,,
2026-01-11,a3c772d3fde52dbae832bi,2026-01-10 18:30:00,15,True,4,31,57,2299,5.74,229.93,0.032,True,0.0415,,,,,,,,,,,,,,,,
2026-01-11,a3c772d3fde52dbae832bi,2026-01-10 18:40:00,16,True,4,31,57,2303,5.74,230.39,0.032,True,0.0424,,,,,,,,,,,,,,,,
2026-01-11,a3c772d3fde52dbae832bi,2026-01-10 18:50:00,17,True,4,31,57,2303,5.74,230.3,0.032,True,0.0434,,,,,,,,,,,,,,,,
2026-01-11,a3c772d3fde52dbae832bi,2026-01-10 19:00:00,18,True,4,31,57,2301,5.74,230.17,0.032,True,0.0443,,,,,,,,,,,,,,,,
2026-01-11,a3c772d3fde52dbae832bi,2026-01-10 19:10:00,19,True,4,31,57,2301,5.74,230.17,0.032,True,0.0453,,,,,,,,,,,,,,,,
2026-01-11,a3c772d3fde52dbae832bi,2026-01-10 19:20:00,20,True,4,31,57,2303,5.74,230.35,0.032,True,0.0462,,,,,,,,,,,,,,,,
2026-01-11,a3c772d3fde52dbae832bi,2026-01-10 19:30:00,21,True,4,31,57,2302,5.74,230.27,0.032,True,0.0472,,,,,,,,,,,,,,,,
2026-01-11,a3c772d3fde52dbae832bi,2026-01-10 19:40:00,22,True,4,31,57,2309,5.77,230.96,0.032,True,0.0482,,,,,,,,,,,,,,,,
2026-01-11,a3c772d3fde52dbae832bi,2026-01-10 19:50:00,23,True,4,32,58,2302,5.81,230.25,0.032,True,0.0491,,,,,,,,,,,,,,,,
2026-01-11,a3c772d3fde52dbae832bi,2026-01-10 20:00:00,24,True,5,32,58,2301,5.81,230.12,0.032,True,0.0501,,,,,,,,,,,,,,,,
2026-01-11,a3c772d3fde52dbae832bi,2026-01-10 20:10:00,25,True,5,31,58,2305,5.81,230.57,0.032,True,0.0511,,,,,,,,,,,,,,,,
2026-01-11,a3c772d3fde52dbae832bi,2026-01-10 20:20:00,26,True,5,32,58,2300,5.81,230.06,0.032,True,0.052,,,,,,,,,,,,,,,,
2026-01-11,a3c772d3fde52dbae832bi,2026-01-10 20:30:00,27,True,5,32,58,2304,5.81,230.4,0.032,True,0.053,,,,,,,,,,,,,,,,
2026-01-11,a3c772d3fde52dbae832bi,2026-01-10 20:40:00,28,True,5,32,58,2316,5.9,231.62,0.032,True,0.054,,,,,,,,,,,,,,,,
2026-01-11,a3c772d3fde52dbae832bi,2026-01-10 20:50:00,29,True,5,0,201,2319,20.16,231.99,0.0,True,0.0573,,,,,,,,,,,,,,,,
2026-01-11,a3c772d3fde52dbae832bi,2026-01-10 21:00:00,30,True,6,0,201,2311,20.16,231.14,0.0,True,0.0607,,,,,,,,,,,,,,,,
2026-01-11,a3c772d3fde52dbae832bi,2026-01-10 21:10:00,31,True,6,0,201,2318,20.16,231.83,0.0,True,0.0641,,,,,,,,,,,,,,,,
2026-01-11,a3c772d3fde52dbae832bi,2026-01-10 21:20:00,32,True,6,0,201,2314,20.16,231.41,0.0,True,0.0674,,,,,,,,,,,,,,,,
2026-01-11,a3c772d3fde52dbae832bi,2026-01-10 21:30:00,33,True,7,0,201,2308,20.16,230.84,0.0,True,0.0708,,,,,,,,,,,,,,,,
2026-01-11,a3c772d3fde52dbae832bi,2026-01-10 21:40:00,34,True,7,0,201,2314,20.16,231.42,0.0,True,0.0741,,,,,,,,,,,,,,,,
2026-01-11,a3c772d3fde52dbae832bi,2026-01-10 21:50:00,35,True,7,0,201,2315,20.16,231.52,0.0,True,0.0775,,,,,,,,,,,,,,,,
2026-01-11,a3c772d3fde52dbae832bi,2026-01-10 22:00:00,36,True,8,0,201,2309,20.16,230.92,0.0,True,0.0809,,,,,,,,,,,,,,,,
2026-01-11,a3c772d3fde52dbae832bi,2026-01-10 22:10:00,37,True,8,0,201,2309,20.16,230.95,0.0,True,0.0842,,,,,,,,,,,,,,,,
2026-01-11,a3c772d3fde52dbae832bi,2026-01-10 22:20:00,38,True,8,0,201,2312,20.16,231.26,0.0,True,0.0876,,,,,,,,,,,,,,,,
2026-01-11,a3c772d3fde52dbae832bi,2026-01-10 22:30:00,39,True,9,0,201,2312,20.16,231.26,0.0,True,0.0909,,,,,,,,,,,,,,,,
2026-01-11,a3c772d3fde52dbae832bi,2026-01-10 22:40:00,40,True,9,0,201,2315,20.16,231.56,0.0,True,0.0943,,,,,,,,,,,,,,,,
2026-01-11,a3c772d3fde52dbae832bi,2026-01-10 22:50:00,41,True,9,0,201,2309,20.16,230.91,0.0,True,0.0977,,,,,,,,,,,,,,,,
2026-01-11,a3c772d3fde52dbae832bi,2026-01-10 23:00:00,42,True,10,0,201,2313,20.16,231.38,0.0,True,0.101,,,,,,,,,,,,,,,,
2026-01-11,a3c772d3fde52dbae832bi,2026-01-10 23:10:00,43,True,10,0,201,2310,20.16,231.0,0.0,True,0.1044,,,,,,,,,,,,,,,,
2026-01-11,a3c772d3fde52dbae832bi,2026-01-10 23:20:00,44,True,10,0,201,2315,20.16,231.54,0.0,True,0.1077,,,,,,,,,,,,,,,,
2026-01-11,a3c772d3fde52dbae832bi,2026-01-10 23:30:00,45,True,11,0,201,2305,20.16,230.53,0.0,True,0.1111,,,,,,,,,,,,,,,,
2026-01-11,a3c772d3fde52dbae832bi,2026-01-10 23:40:00,46,True,11,0,201,2309,20.16,230.98,0.0,True,0.1145,,,,,,,,,,,,,,,,
2026-01-11,a3c772d3fde52dbae832bi,2026-01-10 23:50:00,47,True,11,0,201,2306,20.16,230.69,0.0,True,0.1178,,,,,,,,,,,,,,,,
2026-01-11,a3c772d3fde52dbae832bi,2026-01-11 00:00:00,48,True,12,0,201,2301,20.16,230.17,0.0,True,0.1212,,,,,,,,,,,,,,,,
2026-01-11,a3c772d3fde52dbae832bi,2026-01-11 00:10:00,49,True,12,0,201,2323,20.16,232.31,0.0,True,0.1245,,,,,,,,,,,,,,,,
2026-01-11,a3c772d3fde52dbae832bi,2026-01-11 00:20:00,50,True,12,0,201,2317,20.16,231.75,0.0,True,0.1279,,,,,,,,,,,,,,,,
2026-01-11,a3c772d3fde52dbae832bi,2026-01-11 00:30:00,51,True,13,0,201,2321,20.16,232.13,0.0,True,0.1313,,,,,,,,,,,,,,,,
2026-01-11,a3c772d3fde52dbae832bi,2026-01-11 00:40:00,52,True,13,0,201,2328,20.16,232.87,0.0,True,0.1346,,,,,,,,,,,,,,,,
2026-01-11,a3c772d3fde52dbae832bi,2026-01-11 00:50:00,53,False,13,0,0,2317,0.0,231.72,0.0,False,0.1346,,,,,,,,,,,,,,,,
2026-01-11,a3c772d3fde52dbae832bi,2026-01-11 01:00:00,54,True,13,0,201,2321,20.16,232.18,0.0,True,0.138,,,,,,,,,,,,,,,,
2026-01-11,a3c772d3fde52dbae832bi,2026-01-11 01:10:00,55,True,14,0,201,2310,20.16,231.09,0.0,True,0.1413,,,,,,,,,,,,,,,,
2026-01-11,a3c772d3fde52dbae832bi,2026-01-11 01:20:00,56,True,14,0,201,2334,20.16,233.4,0.0,True,0.1447,,,,,,,,,,,,,,,,
2026-01-11,a3c772d3fde52dbae832bi,2026-01-11 01:30:00,57,True,14,0,201,2334,20.16,233.4,0.0,True,0.1481,,,,,,,,,,,,,,,,
2026-01-11,a3c772d3fde52dbae832bi,2026-01-11 01:40:00,58,True,15,0,201,2328,20.16,232.81,0.0,True,0.1514,,,,,,,,,,,,,,,,
2026-01-11,a3c772d3fde52dbae832bi,2026-01-11 01:50:00,59,True,15,0,201,2313,20.16,231.31,0.0,True,0.1548,,,,,,,,,,,,,,,,
2026-01-11,a3c772d3fde52dbae832bi,2026-01-11 02:00:00,60,True,15,0,201,2303,20.16,230.3,0.0,True,0.1581,,,,,,,,,,,,,,,,
2026-01-11,a3c772d3fde52dbae832bi,2026-01-11 02:10:00,61,True,16,0,201,2297,20.16,229.76,0.0,True,0.1615,,,,,,,,,,,,,,,,
2026-01-11,a3c772d3fde52dbae832bi,2026-01-11 02:20:00,62,True,16,0,201,2299,20.16,229.97,0.0,True,0.1649,,,,,,,,,,,,,,,,
2026-01-11,a3c772d3fde52dbae832bi,2026-01-11 02:30:00,63,True,16,0,201,2300,20.16,230.07,0.0,True,0.1682,,,,,,,,,,,,,,,,
2026-01-11,a3c772d3fde52dbae832bi,2026-01-11 02:40:00,64,True,17,0,201,2300,20.16,230.01,0.0,True,0.1716,,,,,,,,,,,,,,,,
2026-01-11,a3c772d3fde52dbae832bi,2026-01-11 02:50:00,65,True,17,0,201,2298,20.16,229.81,0.0,True,0.1749,,,,,,,,,,,,,,,,
2026-01-11,a3c772d3fde52dbae832bi,2026-01-11 03:00:00,66,True,17,0,201,2302,20.16,230.23,0.0,True,0.1783,,,,,,,,,,,,,,,,
2026-01-11,a3c772d3fde52dbae832bi,2026-01-11 03:10:00,67,True,18,0,201,2298,20.16,229.81,0.0,True,0.1817,,,,,,,,,,,,,,,,
2026-01-11,a3c772d3fde52dbae832bi,2026-01-11 03:20:00,68,True,18,0,201,2301,20.16,230.12,0.0,True,0.185,,,,,,,,,,,,,,,,
2026-01-11,a3c772d3fde52dbae832bi,2026-01-11 03:30:00,69,True,18,0,201,2310,20.16,231.09,0.0,True,0.1884,,,,,,,,,,,,,,,,
2026-01-11,a3c772d3fde52dbae832bi,2026-01-11 03:40:00,70,True,19,0,201,2312,20.16,231.29,0.0,True,0.1917,,,,,,,,,,,,,,,,
2026-01-11,a3c772d3fde52dbae832bi,2026-01-11 03:50:00,71,True,19,0,201,2323,20.16,232.3,0.0,True,0.1951,,,,,,,,,,,,,,,,
2026-01-11,a3c772d3fde52dbae832bi,2026-01-11 04:00:00,72,True,19,0,201,2304,20.16,230.46,0.0,True,0.1985,,,,,,,,,,,,,,,,
2026-01-11,a3c772d3fde52dbae832bi,2026-01-11 04:10:00,73,True,20,0,201,2305,20.16,230.57,0.0,True,0.2018,,,,,,,,,,,,,,,,
2026-01-11,a3c772d3fde52dbae832bi,2026-01-11 04:20:00,74,True,20,0,201,2322,20.16,232.22,0.0,True,0.2052,,,,,,,,,,,,,,,,
2026-01-11,a3c772d3fde52dbae832bi,2026-01-11 04:30:00,75,True,20,0,201,2297,20.16,229.72,0.0,True,0.2085,,,,,,,,,,,,,,,,
2026-01-11,a3c772d3fde52dbae832bi,2026-01-11 04:40:00,76,True,21,0,201,2305,20.16,230.56,0.0,True,0.2119,,,,,,,,,,,,,,,,
2026-01-11,a3c772d3fde52dbae832bi,2026-01-11 04:50:00,77,True,21,0,201,2305,20.16,230.52,0.0,True,0.2153,,,,,,,,,,,,,,,,
2026-01-11,a3c772d3fde52dbae832bi,2026-01-11 05:00:00,78,True,21,41,75,2309,7.59,230.9,0.042,True,0.2165,,,,,,,,,,,,,,,,
2026-01-11,a3c772d3fde52dbae832bi,2026-01-11 05:10:00,79,False,21,0,0,2321,0.0,232.15,0.0,False,0.2165,,,,,,,,,,,,,,,,
2026-01-11,a3c772d3fde52dbae832bi,2026-01-11 05:20:00,80,True,21,20,37,2317,3.8,231.78,0.021,True,0.2172,,,,,,,,,,,,,,,,
2026-01-11,a3c772d3fde52dbae832bi,2026-01-11 05:30:00,81,False,21,0,0,2330,0.0,233.07,0.0,False,0.2172,,,,,,,,,,,,,,,,
2026-01-11,a3c772d3fde52dbae832bi,2026-01-11 05:40:00,82,True,21,20,37,2309,3.8,230.9,0.021,True,0.2178,,,,,,,,,,,,,,,,
2026-01-11,a3c772d3fde52dbae832bi,2026-01-11 05:50:00,83,True,21,20,37,2309,3.8,230.9,0.021,True,0.2184,,,,,,,,,,,,,,,,
2026-01-11,a3c772d3fde52dbae832bi,2026-01-11 06:00:00,84,True,22,60,110,2317,11.09,231.75,0.061,True,0.2203,,,,,,,,,,,,,,,,
2026-01-11,a3c772d3fde52dbae832bi,2026-01-11 06:10:00,85,True,22,40,74,2324,7.41,232.48,0.04,True,0.2215,,,,,,,,,,,,,,,,
2026-01-11,a3c772d3fde52dbae832bi,2026-01-11 06:20:00,86,True,22,82,150,2317,15.02,231.76,0.082,True,0.224,,,,,,,,,,,,,,,,
2026-01-11,a3c772d3fde52dbae832bi,2026-01-11 06:30:00,87,True,22,84,154,2311,15.41,231.17,0.085,True,0.2266,,,,,,,,,,,,,,,,
2026-01-11,a3c772d3fde52dbae832bi,2026-01-11 06:40:00,88,True,22,99,181,2314,18.13,231.41,0.099,True,0.2296,,,,,,,,,,,,,,,,
2026-01-11,a3c772d3fde52dbae832bi,2026-01-11 06:50:00,89,True,23,122,223,2311,22.33,231.16,0.123,True,0.2333,,,,,,,,,,,,,,,,
2026-01-11,a3c772d3fde52dbae832bi,2026-01-11 07:00:00,90,True,23,81,148,2304,14.8,230.43,0.082,True,0.2358,,,,,,,,,,,,,,,,
2026-01-11,a3c772d3fde52dbae832bi,2026-01-11 07:10:00,91,True,24,143,261,2311,26.12,231.16,0.143,True,0.2401,,,,,,,,,,,,,,,,
2026-01-11,a3c772d3fde52dbae832bi,2026-01-11 07:20:00,92,True,24,122,221,2304,22.2,230.42,0.122,True,0.2438,,,,,,,,,,,,,,,,
2026-01-11,a3c772d3fde52dbae832bi,2026-01-11 07:30:00,93,True,24,138,216,1980,21.63,198.06,0.139,True,0.2475,,,,,,,,,,,,,,,,
2026-01-11,a3c772d3fde52dbae832bi,2026-01-11 07:40:00,94,True,25,138,252,2310,25.23,231.09,0.139,True,0.2517,,,,,,,,,,,,,,,,
2026-01-11,a3c772d3fde52dbae832bi,2026-01-11 07:50:00,95,True,25,138,251,2312,25.19,231.27,0.138,True,0.2559,,,,,,,,,,,,,,,,
2026-01-11,a3c772d3fde52dbae832bi,2026-01-11 08:00:00,96,True,26,138,251,2312,25.19,231.27,0.138,True,0.2601,,,,,,,,,,,,,,,,
2026-01-11,a3c772d3fde52dbae832bi,2026-01-11 08:10:00,97,True,26,158,289,2314,28.94,231.47,0.159,True,0.2649,,,,,,,,,,,,,,,,
2026-01-11,a3c772d3fde52dbae832bi,2026-01-11 08:20:00,98,True,26,158,289,2316,28.9,231.64,0.158,True,0.2697,,,,,,,,,,,,,,,,
2026-01-11,a3c772d3fde52dbae832bi,2026-01-11 08:30:00,99,True,27,158,289,2316,28.9,231.64,0.158,True,0.2745,,,,,,,,,,,,,,,,
2026-01-11,a3c772d3fde52dbae832bi,2026-01-11 08:40:00,100,True,27,178,325,2320,32.57,232.02,0.178,True,0.2799,,,,,,,,,,,,,,,,
2026-01-11,a3c772d3fde52dbae832bi,2026-01-11 08:50:00,101,True,28,158,289,2319,28.9,231.96,0.158,True,0.2848,,,,,,,,,,,,,,,,
2026-01-11,a3c772d3fde52dbae832bi,2026-01-11 09:00:00,102,True,28,158,288,2319,28.88,231.96,0.158,True,0.2896,,,,,,,,,,,,,,,,
2026-01-11,a3c772d3fde52dbae832bi,2026-01-11 09:10:00,103,True,29,137,251,2317,25.14,231.76,0.138,True,0.2938,,,,,,,,,,,,,,,,
2026-01-11,a3c772d3fde52dbae832bi,2026-01-11 09:20:00,104,True,29,158,288,2319,28.88,231.9,0.158,True,0.2986,,,,,,,,,,,,,,,,
2026-01-11,a3c772d3fde52dbae832bi,2026-01-11 09:30:00,105,True,30,157,288,2319,28.86,231.96,0.158,True,0.3034,,,,,,,,,,,,,,,,
2026-01-11,a3c772d3fde52dbae832bi,2026-01-11 09:40:00,106,True,30,117,214,2315,21.41,231.5,0.117,True,0.307,,,,,,,,,,,,,,,,
2026-01-11,a3c772d3fde52dbae832bi,2026-01-11 09:50:00,107,True,31,157,288,2315,28.82,231.53,0.158,True,0.3118,,,,,,,,,,,,,,,,
2026-01-11,a3c772d3fde52dbae832bi,2026-01-11 10:00:00,108,True,31,137,251,2314,25.15,231.46,0.138,True,0.316,,,,,,,,,,,,,,,,
2026-01-11,a3c772d3fde52dbae832bi,2026-01-11 10:10:00,109,True,31,117,214,2315,21.41,231.52,0.117,True,0.3195,,,,,,,,,,,,,,,,
2026-01-11,a3c772d3fde52dbae832bi,2026-01-11 10:20:00,110,True,32,117,212,2308,21.28,230.8,0.117,True,0.3231,,,,,,,,,,,,,,,,
2026-01-11,a3c772d3fde52dbae832bi,2026-01-11 10:30:00,111,True,32,116,212,2308,21.22,230.8,0.117,True,0.3266,,,,,,,,,,,,,,,,
2026-01-11,a3c772d3fde52dbae832bi,2026-01-11 10:40:00,112,True,32,96,175,2313,17.6,231.36,0.097,True,0.3295,,,,,,,,,,,,,,,,
2026-01-11,a3c772d3fde52dbae832bi,2026-01-11 10:50:00,113,True,33,136,249,2313,24.94,231.3,0.137,True,0.3337,,,,,,,,,,,,,,,,
2026-01-11,a3c772d3fde52dbae832bi,2026-01-11 11:00:00,114,True,33,116,213,2317,21.32,231.77,0.117,True,0.3372,,,,,,,,,,,,,,,,
2026-01-11,a3c772d3fde52dbae832bi,2026-01-11 11:10:00,115,True,34,97,177,2327,17.79,232.74,0.097,True,0.3402,,,,,,,,,,,,,,,,
2026-01-11,a3c772d3fde52dbae832bi,2026-01-11 11:20:00,116,True,34,97,177,2322,17.75,232.24,0.097,True,0.3432,,,,,,,,,,,,,,,,
2026-01-11,a3c772d3fde52dbae832bi,2026-01-11 11:30:00,117,True,34,117,215,2325,21.51,232.57,0.117,True,0.3468,,,,,,,,,,,,,,,,
2026-01-11,a3c772d3fde52dbae832bi,2026-01-11 11:40:00,118,True,34,97,177,2320,17.74,232.04,0.097,True,0.3497,,,,,,,,,,,,,,,,
2026-01-11,a3c772d3fde52dbae832bi,2026-01-11 11:50:00,119,True,35,158,289,2323,28.96,232.36,0.158,True,0.3545,,,,,,,,,,,,,,,,
2026-01-11,a3c772d3fde52dbae832bi,2026-01-11 12:00:00,120,True,35,158,289,2323,28.93,232.36,0.158,True,0.3594,,,,,,,,,,,,,,,,
2026-01-11,a3c772d3fde52dbae832bi,2026-01-11 12:10:00,121,True,36,117,214,2326,21.47,232.6,0.117,True,0.3629,,,,,,,,,,,,,,,,
2026-01-11,a3c772d3fde52dbae832bi,2026-01-11 12:20:00,122,True,36,137,251,2322,25.18,232.27,0.138,True,0.3671,,,,,,,,,,,,,,,,
2026-01-11,a3c772d3fde52dbae832bi,2026-01-11 12:30:00,123,True,37,137,251,2322,25.18,232.27,0.138,True,0.3713,,,,,,,,,,,,,,,,
2026-01-11,a3c772d3fde52dbae832bi,2026-01-11 12:40:00,124,True,37,137,251,2321,25.16,232.14,0.138,True,0.3755,,,,,,,,,,,,,,,,
2026-01-11,a3c772d3fde52dbae832bi,2026-01-11 12:50:00,125,True,37,117,214,2320,21.44,232.08,0.117,True,0.3791,,,,,,,,,,,,,,,,
2026-01-11,a3c772d3fde52dbae832bi,2026-01-11 13:00:00,126,True,38,137,249,2308,24.97,230.89,0.137,True,0.3833,,,,,,,,,,,,,,,,
2026-01-11,a3c772d3fde52dbae832bi,2026-01-11 13:10:00,127,True,38,116,211,2305,21.19,230.51,0.117,True,0.3868,,,,,,,,,,,,,,,,
2026-01-11,a3c772d3fde52dbae832bi,2026-01-11 13:20:00,128,True,39,116,212,2303,21.21,230.39,0.117,True,0.3903,,,,,,,,,,,,,,,,
2026-01-11,a3c772d3fde52dbae832bi,2026-01-11 13:30:00,129,True,39,116,212,2303,21.21,230.39,0.117,True,0.3939,,,,,,,,,,,,,,,,
2026-01-11,a3c772d3fde52dbae832bi,2026-01-11 13:40:00,130,True,39,56,102,2294,10.22,229.4,0.057,True,0.3956,,,,,,,,,,,,,,,,
2026-01-11,a3c772d3fde52dbae832bi,2026-01-11 13:50:00,131,True,39,56,102,2294,10.22,229.4,0.057,True,0.3973,,,,,,,,,,,,,,,,
2026-01-11,a3c772d3fde52dbae832bi,2026-01-11 14:00:00,132,True,39,76,138,2297,13.84,229.75,0.076,True,0.3996,,,,,,,,,,,,,,,,
2026-01-11,a3c772d3fde52dbae832bi,2026-01-11 14:10:00,133,True,40,76,137,2290,13.78,229.04,0.076,True,0.4019,,,,,,,,,,,,,,,,
2026-01-11,a3c772d3fde52dbae832bi,2026-01-11 14:20:00,134,True,40,56,101,2292,10.18,229.2,0.056,True,0.4036,,,,,,,,,,,,,,,,
2026-01-11,a3c772d3fde52dbae832bi,2026-01-11 14:30:00,135,True,40,56,101,2292,10.18,229.2,0.056,True,0.4053,,,,,,,,,,,,,,,,
2026-01-11,a3c772d3fde52dbae832bi,2026-01-11 14:40:00,136,True,40,76,137,2291,13.78,229.17,0.076,True,0.4076,,,,,,,,,,,,,,,,
2026-01-11,a3c772d3fde52dbae832bi,2026-01-11 14:50:00,137,True,40,76,137,2291,13.78,229.17,0.076,True,0.4099,,,,,,,,,,,,,,,,
2026-01-11,a3c772d3fde52dbae832bi,2026-01-11 15:00:00,138,True,41,56,101,2296,10.16,229.67,0.056,True,0.4116,,,,,,,,,,,,,,,,
2026-01-11,a3c772d3fde52dbae832bi,2026-01-11 15:10:00,139,True,41,56,101,2296,10.16,229.67,0.056,True,0.4132,,,,,,,,,,,,,,,,
2026-01-11,a3c772d3fde52dbae832bi,2026-01-11 15:20:00,140,True,41,56,101,2298,10.18,229.8,0.056,True,0.4149,,,,,,,,,,,,,,,,
2026-01-11,a3c772d3fde52dbae832bi,2026-01-11 15:30:00,141,True,41,56,101,2302,10.18,230.22,0.056,True,0.4166,,,,,,,,,,,,,,,,
2026-01-11,a3c772d3fde52dbae832bi,2026-01-11 15:40:00,142,True,41,55,100,2287,10.09,228.78,0.056,True,0.4183,,,,,,,,,,,,,,,,
2026-01-11,a3c772d3fde52dbae832bi,2026-01-11 15:50:00,143,True,41,55,100,2287,10.09,228.78,0.056,True,0.42,,,,,,,,,,,,,,,,
2026-01-12,a3c772d3fde52dbae832bi,2026-01-11 16:00:00,0,True,0,90,105,2290,10.6,229.09,0.091,True,0.0018,,,,,,,,,,,,,,,,
2026-01-12,a3c772d3fde52dbae832bi,2026-01-11 16:10:00,1,True,0,106,123,2287,12.35,228.74,0.106,True,0.0038,,,,,,,,,,,,,,,,
2026-01-12,a3c772d3fde52dbae832bi,2026-01-11 16:20:00,2,True,0,105,123,2295,12.37,229.51,0.106,True,0.0059,,,,,,,,,,,,,,,,
2026-01-12,a3c772d3fde52dbae832bi,2026-01-11 16:30:00,3,True,0,48,57,2295,5.7,229.51,0.049,True,0.0068,,,,,,,,,,,,,,,,
2026-01-12,a3c772d3fde52dbae832bi,2026-01-11 16:40:00,4,True,0,49,58,2310,5.87,231.03,0.05,True,0.0078,,,,,,,,,,,,,,,,
2026-01-12,a3c772d3fde52dbae832bi,2026-01-11 16:50:00,5,True,0,31,36,2308,3.65,230.84,0.031,True,0.0084,,,,,,,,,,,,,,,,
2026-01-12,a3c772d3fde52dbae832bi,2026-01-11 17:00:00,6,True,0,31,36,2308,3.65,230.82,0.031,True,0.009,,,,,,,,,,,,,,,,
2026-01-12,a3c772d3fde52dbae832bi,2026-01-11 17:10:00,7,True,0,31,36,2300,3.65,230.06,0.031,True,0.0096,,,,,,,,,,,,,,,,
2026-01-12,a3c772d3fde52dbae832bi,2026-01-11 17:20:00,8,True,1,31,36,2301,3.65,230.17,0.031,True,0.0102,,,,,,,,,,,,,,,,
2026-01-12,a3c772d3fde52dbae832bi,2026-01-11 17:30:00,9,True,1,31,36,2302,3.65,230.28,0.031,True,0.0109,,,,,,,,,,,,,,,,
2026-01-12,a3c772d3fde52dbae832bi,2026-01-11 17:40:00,10,True,1,31,36,2301,3.65,230.19,0.031,True,0.0115,,,,,,,,,,,,,,,,
2026-01-12,a3c772d3fde52dbae832bi,2026-01-11 17:50:00,11,True,1,30,35,2300,3.59,230.02,0.031,True,0.0121,,,,,,,,,,,,,,,,
2026-01-12,a3c772d3fde52dbae832bi,2026-01-11 18:00:00,12,True,1,30,35,2296,3.59,229.62,0.031,True,0.0127,,,,,,,,,,,,,,,,
2026-01-12,a3c772d3fde52dbae832bi,2026-01-11 18:10:00,13,True,1,30,35,2295,3.59,229.57,0.031,True,0.0133,,,,,,,,,,,,,,,,
2026-01-12,a3c772d3fde52dbae832bi,2026-01-11 18:20:00,14,True,1,30,35,2303,3.59,230.37,0.031,True,0.0139,,,,,,,,,,,,,,,,
2026-01-12,a3c772d3fde52dbae832bi,2026-01-11 18:30:00,15,True,1,30,35,2299,3.52,229.93,0.03,True,0.0144,,,,,,,,,,,,,,,,
2026-01-12,a3c772d3fde52dbae832bi,2026-01-11 18:40:00,16,True,1,30,35,2303,3.52,230.39,0.03,True,0.015,,,,,,,,,,,,,,,,
2026-01-12,a3c772d3fde52dbae832bi,2026-01-11 18:50:00,17,True,1,30,35,2303,3.52,230.3,0.03,True,0.0156,,,,,,,,,,,,,,,,
2026-01-12,a3c772d3fde52dbae832bi,2026-01-11 19:00:00,18,True,1,30,35,2301,3.52,230.17,0.03,True,0.0162,,,,,,,,,,,,,,,,
2026-01-12,a3c772d3fde52dbae832bi,2026-01-11 19:10:00,19,True,1,30,35,2301,3.52,230.17,0.03,True,0.0168,,,,,,,,,,,,,,,,
2026-01-12,a3c772d3fde52dbae832bi,2026-01-11 19:20:00,20,True,1,30,35,2303,3.52,230.35,0.03,True,0.0174,,,,,,,,,,,,,,,,
2026-01-12,a3c772d3fde52dbae832bi,2026-01-11 19:30:00,21,True,1,30,35,2302,3.52,230.27,0.03,True,0.018,,,,,,,,,,,,,,,,
2026-01-12,a3c772d3fde52dbae832bi,2026-01-11 19:40:00,22,True,1,30,35,2309,3.54,230.96,0.03,True,0.0185,,,,,,,,,,,,,,,,
2026-01-12,a3c772d3fde52dbae832bi,2026-01-11 19:50:00,23,True,1,30,35,2302,3.56,230.25,0.03,True,0.0191,,,,,,,,,,,,,,,,
2026-01-12,a3c772d3fde52dbae832bi,2026-01-11 20:00:00,24,True,1,30,35,2301,3.56,230.12,0.03,True,0.0197,,,,,,,,,,,,,,,,
2026-01-12,a3c772d3fde52dbae832bi,2026-01-11 20:10:00,25,True,2,30,35,2305,3.56,230.57,0.03,True,0.0203,,,,,,,,,,,,,,,,
2026-01-12,a3c772d3fde52dbae832bi,2026-01-11 20:20:00,26,True,2,30,35,2300,3.56,230.06,0.03,True,0.0209,,,,,,,,,,,,,,,,
2026-01-12,a3c772d3fde52dbae832bi,2026-01-11 20:30:00,27,True,2,30,35,2304,3.56,230.4,0.03,True,0.0215,,,,,,,,,,,,,,,,
2026-01-12,a3c772d3fde52dbae832bi,2026-01-11 20:40:00,28,True,2,30,36,2316,3.61,231.62,0.031,True,0.0221,,,,,,,,,,,,,,,,
2026-01-12,a3c772d3fde52dbae832bi,2026-01-11 20:50:00,29,True,2,0,178,2319,17.81,231.99,0.0,True,0.0251,,,,,,,,,,,,,,,,
2026-01-12,a3c772d3fde52dbae832bi,2026-01-11 21:00:00,30,True,2,0,178,2311,17.81,231.14,0.0,True,0.0281,,,,,,,,,,,,,,,,
2026-01-12,a3c772d3fde52dbae832bi,2026-01-11 21:10:00,31,True,3,0,178,2318,17.81,231.83,0.0,True,0.031,,,,,,,,,,,,,,,,
2026-01-12,a3c772d3fde52dbae832bi,2026-01-11 21:20:00,32,True,3,0,178,2314,17.81,231.41,0.0,True,0.034,,,,,,,,,,,,,,,,
2026-01-12,a3c772d3fde52dbae832bi,2026-01-11 21:30:00,33,True,3,0,178,2308,17.81,230.84,0.0,True,0.037,,,,,,,,,,,,,,,,
2026-01-12,a3c772d3fde52dbae832bi,2026-01-11 21:40:00,34,True,3,0,178,2314,17.81,231.42,0.0,True,0.0399,,,,,,,,,,,,,,,,
2026-01-12,a3c772d3fde52dbae832bi,2026-01-11 21:50:00,35,True,4,0,178,2315,17.81,231.52,0.0,True,0.0429,,,,,,,,,,,,,,,,
2026-01-12,a3c772d3fde52dbae832bi,2026-01-11 22:00:00,36,True,4,0,178,2309,17.81,230.92,0.0,True,0.0459,,,,,,,,,,,,,,,,
2026-01-12,a3c772d3fde52dbae832bi,2026-01-11 22:10:00,37,True,4,0,178,2309,17.81,230.95,0.0,True,0.0488,,,,,,,,,,,,,,,,
2026-01-12,a3c772d3fde52dbae832bi,2026-01-11 22:20:00,38,True,5,0,178,2312,17.81,231.26,0.0,True,0.0518,,,,,,,,,,,,,,,,
2026-01-12,a3c772d3fde52dbae832bi,2026-01-11 22:30:00,39,True,5,0,178,2312,17.81,231.26,0.0,True,0.0548,,,,,,,,,,,,,,,,
2026-01-12,a3c772d3fde52dbae832bi,2026-01-11 22:40:00,40,True,5,0,178,2315,17.81,231.56,0.0,True,0.0577,,,,,,,,,,,,,,,,
2026-01-12,a3c772d3fde52dbae832bi,2026-01-11 22:50:00,41,True,6,0,178,2309,17.81,230.91,0.0,True,0.0607,,,,,,,,,,,,,,,,
2026-01-12,a3c772d3fde52dbae832bi,2026-01-11 23:00:00,42,True,6,0,178,2313,17.81,231.38,0.0,True,0.0637,,,,,,,,,,,,,,,,
2026-01-12,a3c772d3fde52dbae832bi,2026-01-11 23:10:00,43,True,6,0,178,2310,17.81,231.0,0.0,True,0.0666,,,,,,,,,,,,,,,,
2026-01-12,a3c772d3fde52dbae832bi,2026-01-11 23:20:00,44,True,6,0,178,2315,17.81,231.54,0.0,True,0.0696,,,,,,,,,,,,,,,,
2026-01-12,a3c772d3fde52dbae832bi,2026-01-11 23:30:00,45,True,7,0,178,2305,17.81,230.53,0.0,True,0.0726,,,,,,,,,,,,,,,,
2026-01-12,a3c772d3fde52dbae832bi,2026-01-11 23:40:00,46,True,7,0,178,2309,17.81,230.98,0.0,True,0.0755,,,,,,,,,,,,,,,,
2026-01-12,a3c772d3fde52dbae832bi,2026-01-11 23:50:00,47,True,7,0,178,2306,17.81,230.69,0.0,True,0.0785,,,,,,,,,,,,,,,,
2026-01-12,a3c772d3fde52dbae832bi,2026-01-12 00:00:00,48,True,8,0,178,2301,17.81,230.17,0.0,True,0.0815,,,,,,,,,,,,,,,,
2026-01-12,a3c772d3fde52dbae832bi,2026-01-12 00:10:00,49,True,8,0,178,2323,17.81,232.31,0.0,True,0.0844,,,,,,,,,,,,,,,,
2026-01-12,a3c772d3fde52dbae832bi,2026-01-12 00:20:00,50,True,8,0,178,2317,17.81,231.75,0.0,True,0.0874,,,,,,,,,,,,,,,,
2026-01-12,a3c772d3fde52dbae832bi,2026-01-12 00:30:00,51,True,9,0,178,2321,17.81,232.13,0.0,True,0.0904,,,,,,,,,,,,,,,,
2026-01-12,a3c772d3fde52dbae832bi,2026-01-12 00:40:00,52,True,9,0,178,2328,17.81,232.87,0.0,True,0.0933,,,,,,,,,,,,,,,,
2026-01-12,a3c772d3fde52dbae832bi,2026-01-12 00:50:00,53,False,9,0,0,2317,0.0,231.72,0.0,False,0.0933,,,,,,,,,,,,,,,,
2026-01-12,a3c772d3fde52dbae832bi,2026-01-12 01:00:00,54,True,9,0,178,2321,17.81,232.18,0.0,True,0.0963,,,,,,,,,,,,,,,,
2026-01-12,a3c772d3fde52dbae832bi,2026-01-12 01:10:00,55,True,9,0,178,2310,17.81,231.09,0.0,True,0.0993,,,,,,,,,,,,,,,,
2026-01-12,a3c772d3fde52dbae832bi,2026-01-12 01:20:00,56,True,10,0,178,2334,17.81,233.4,0.0,True,0.1023,,,,,,,,,,,,,,,,
2026-01-12,a3c772d3fde52dbae832bi,2026-01-12 01:30:00,57,True,10,0,178,2334,17.81,233.4,0.0,True,0.1052,,,,,,,,,,,,,,,,
2026-01-12,a3c772d3fde52dbae832bi,2026-01-12 01:40:00,58,True,10,0,178,2328,17.81,232.81,0.0,True,0.1082,,,,,,,,,,,,,,,,
2026-01-12,a3c772d3fde52dbae832bi,2026-01-12 01:50:00,59,True,11,0,178,2313,17.81,231.31,0.0,True,0.1112,,,,,,,,,,,,,,,,
2026-01-12,a3c772d3fde52dbae832bi,2026-01-12 02:00:00,60,True,11,0,178,2303,17.81,230.3,0.0,True,0.1141,,,,,,,,,,,,,,,,
2026-01-12,a3c772d3fde52dbae832bi,2026-01-12 02:10:00,61,True,11,0,178,2297,17.81,229.76,0.0,True,0.1171,,,,,,,,,,,,,,,,
2026-01-12,a3c772d3fde52dbae832bi,2026-01-12 02:20:00,62,True,12,0,178,2299,17.81,229.97,0.0,True,0.1201,,,,,,,,,,,,,,,,
2026-01-12,a3c772d3fde52dbae832bi,2026-01-12 02:30:00,63,True,12,0,178,2300,17.81,230.07,0.0,True,0.123,,,,,,,,,,,,,,,,
2026-01-12,a3c772d3fde52dbae832bi,2026-01-12 02:40:00,64,True,12,0,178,2300,17.81,230.01,0.0,True,0.126,,,,,,,,,,,,,,,,
2026-01-12,a3c772d3fde52dbae832bi,2026-01-12 02:50:00,65,True,12,0,178,2298,17.81,229.81,0.0,True,0.129,,,,,,,,,,,,,,,,
2026-01-12,a3c772d3fde52dbae832bi,2026-01-12 03:00:00,66,True,13,0,178,2302,17.81,230.23,0.0,True,0.1319,,,,,,,,,,,,,,,,
2026-01-12,a3c772d3fde52dbae832bi,2026-01-12 03:10:00,67,True,13,0,178,2298,17.81,229.81,0.0,True,0.1349,,,,,,,,,,,,,,,,
2026-01-12,a3c772d3fde52dbae832bi,2026-01-12 03:20:00,68,True,13,0,178,2301,17.81,230.12,0.0,True,0.1379,,,,,,,,,,,,,,,,
2026-01-12,a3c772d3fde52dbae832bi,2026-01-12 03:30:00,69,True,14,0,178,2310,17.81,231.09,0.0,True,0.1408,,,,,,,,,,,,,,,,
2026-01-12,a3c772d3fde52dbae832bi,2026-01-12 03:40:00,70,True,14,0,178,2312,17.81,231.29,0.0,True,0.1438,,,,,,,,,,,,,,,,
2026-01-12,a3c772d3fde52dbae832bi,2026-01-12 03:50:00,71,True,14,0,178,2323,17.81,232.3,0.0,True,0.1468,,,,,,,,,,,,,,,,
2026-01-12,a3c772d3fde52dbae832bi,2026-01-12 04:00:00,72,True,14,0,178,2304,17.81,230.46,0.0,True,0.1497,,,,,,,,,,,,,,,,
2026-01-12,a3c772d3fde52dbae832bi,2026-01-12 04:10:00,73,True,15,0,178,2305,17.81,230.57,0.0,True,0.1527,,,,,,,,,,,,,,,,
2026-01-12,a3c772d3fde52dbae832bi,2026-01-12 04:20:00,74,True,15,0,178,2322,17.81,232.22,0.0,True,0.1557,,,,,,,,,,,,,,,,
2026-01-12,a3c772d3fde52dbae832bi,2026-01-12 04:30:00,75,True,15,0,178,2297,17.81,229.72,0.0,True,0.1586,,,,,,,,,,,,,,,,
2026-01-12,a3c772d3fde52dbae832bi,2026-01-12 04:40:00,76,True,16,0,178,2305,17.81,230.56,0.0,True,0.1616,,,,,,,,,,,,,,,,
2026-01-12,a3c772d3fde52dbae832bi,2026-01-12 04:50:00,77,True,16,0,178,2305,17.81,230.52,0.0,True,0.1646,,,,,,,,,,,,,,,,
2026-01-12,a3c772d3fde52dbae832bi,2026-01-12 05:00:00,78,True,16,39,46,2309,4.66,230.9,0.04,True,0.1654,,,,,,,,,,,,,,,,
2026-01-12,a3c772d3fde52dbae832bi,2026-01-12 05:10:00,79,False,16,0,0,2321,0.0,232.15,0.0,False,0.1654,,,,,,,,,,,,,,,,
2026-01-12,a3c772d3fde52dbae832bi,2026-01-12 05:20:00,80,True,16,19,23,2317,2.33,231.78,0.02,True,0.1657,,,,,,,,,,,,,,,,
2026-01-12,a3c772d3fde52dbae832bi,2026-01-12 05:30:00,81,False,16,0,0,2330,0.0,233.07,0.0,False,0.1657,,,,,,,,,,,,,,,,
2026-01-12,a3c772d3fde52dbae832bi,2026-01-12 05:40:00,82,True,16,19,23,2309,2.33,230.9,0.02,True,0.1661,,,,,,,,,,,,,,,,
2026-01-12,a3c772d3fde52dbae832bi,2026-01-12 05:50:00,83,True,16,19,23,2309,2.33,230.9,0.02,True,0.1665,,,,,,,,,,,,,,,,
2026-01-12,a3c772d3fde52dbae832bi,2026-01-12 06:00:00,84,True,16,57,67,2317,6.79,231.75,0.058,True,0.1676,,,,,,,,,,,,,,,,
2026-01-12,a3c772d3fde52dbae832bi,2026-01-12 06:10:00,85,True,16,38,45,2324,4.54,232.48,0.038,True,0.1684,,,,,,,,,,,,,,,,
2026-01-12,a3c772d3fde52dbae832bi,2026-01-12 06:20:00,86,True,16,77,91,2317,9.2,231.76,0.078,True,0.1699,,,,,,,,,,,,,,,,
2026-01-12,a3c772d3fde52dbae832bi,2026-01-12 06:30:00,87,True,17,80,94,2311,9.44,231.17,0.08,True,0.1715,,,,,,,,,,,,,,,,
2026-01-12,a3c772d3fde52dbae832bi,2026-01-12 06:40:00,88,True,17,94,111,2314,11.11,231.41,0.094,True,0.1734,,,,,,,,,,,,,,,,
2026-01-12,a3c772d3fde52dbae832bi,2026-01-12 06:50:00,89,True,17,116,136,2311,13.68,231.16,0.116,True,0.1756,,,,,,,,,,,,,,,,
2026-01-12,a3c772d3fde52dbae832bi,2026-01-12 07:00:00,90,True,17,77,90,2304,9.07,230.43,0.077,True,0.1772,,,,,,,,,,,,,,,,
2026-01-12,a3c772d3fde52dbae832bi,2026-01-12 07:10:00,91,True,17,136,160,2311,16.0,231.16,0.136,True,0.1798,,,,,,,,,,,,,,,,
2026-01-12,a3c772d3fde52dbae832bi,2026-01-12 07:20:00,92,True,18,115,135,2304,13.6,230.42,0.116,True,0.1821,,,,,,,,,,,,,,,,
2026-01-12,a3c772d3fde52dbae832bi,2026-01-12 07:30:00,93,True,18,131,132,1980,13.25,198.06,0.131,True,0.1843,,,,,,,,,,,,,,,,
2026-01-12,a3c772d3fde52dbae832bi,2026-01-12 07:40:00,94,True,18,131,154,2310,15.46,231.09,0.131,True,0.1869,,,,,,,,,,,,,,,,
2026-01-12,a3c772d3fde52dbae832bi,2026-01-12 07:50:00,95,True,18,131,154,2312,15.43,231.27,0.131,True,0.1894,,,,,,,,,,,,,,,,
2026-01-12,a3c772d3fde52dbae832bi,2026-01-12 08:00:00,96,True,19,131,154,2312,15.43,231.27,0.131,True,0.192,,,,,,,,,,,,,,,,
2026-01-12,a3c772d3fde52dbae832bi,2026-01-12 08:10:00,97,True,19,150,177,2314,17.73,231.47,0.151,True,0.195,,,,,,,,,,,,,,,,
2026-01-12,a3c772d3fde52dbae832bi,2026-01-12 08:20:00,98,True,19,150,177,2316,17.71,231.64,0.15,True,0.1979,,,,,,,,,,,,,,,,
2026-01-12,a3c772d3fde52dbae832bi,2026-01-12 08:30:00,99,True,20,150,177,2316,17.71,231.64,0.15,True,0.2009,,,,,,,,,,,,,,,,
2026-01-12,a3c772d3fde52dbae832bi,2026-01-12 08:40:00,100,True,20,169,199,2320,19.95,232.02,0.169,True,0.2042,,,,,,,,,,,,,,,,
2026-01-12,a3c772d3fde52dbae832bi,2026-01-12 08:50:00,101,True,20,150,177,2319,17.71,231.96,0.15,True,0.2071,,,,,,,,,,,,,,,,
2026-01-12,a3c772d3fde52dbae832bi,2026-01-12 09:00:00,102,True,21,149,176,2319,17.69,231.96,0.15,True,0.2101,,,,,,,,,,,,,,,,
2026-01-12,a3c772d3fde52dbae832bi,2026-01-12 09:10:00,103,True,21,130,154,2317,15.41,231.76,0.131,True,0.2127,,,,,,,,,,,,,,,,
2026-01-12,a3c772d3fde52dbae832bi,2026-01-12 09:20:00,104,True,21,149,176,2319,17.69,231.9,0.15,True,0.2156,,,,,,,,,,,,,,,,
2026-01-12,a3c772d3fde52dbae832bi,2026-01-12 09:30:00,105,True,21,149,176,2319,17.68,231.96,0.15,True,0.2186,,,,,,,,,,,,,,,,
2026-01-12,a3c772d3fde52dbae832bi,2026-01-12 09:40:00,106,True,22,111,131,2315,13.12,231.5,0.111,True,0.2207,,,,,,,,,,,,,,,,
2026-01-12,a3c772d3fde52dbae832bi,2026-01-12 09:50:00,107,True,22,149,176,2315,17.65,231.53,0.15,True,0.2237,,,,,,,,,,,,,,,,
2026-01-12,a3c772d3fde52dbae832bi,2026-01-12 10:00:00,108,True,22,130,154,2314,15.41,231.46,0.131,True,0.2263,,,,,,,,,,,,,,,,
2026-01-12,a3c772d3fde52dbae832bi,2026-01-12 10:10:00,109,True,22,111,131,2315,13.12,231.52,0.111,True,0.2284,,,,,,,,,,,,,,,,
2026-01-12,a3c772d3fde52dbae832bi,2026-01-12 10:20:00,110,True,23,111,130,2308,13.03,230.8,0.111,True,0.2306,,,,,,,,,,,,,,,,
2026-01-12,a3c772d3fde52dbae832bi,2026-01-12 10:30:00,111,True,23,110,130,2308,13.0,230.8,0.111,True,0.2328,,,,,,,,,,,,,,,,
2026-01-12,a3c772d3fde52dbae832bi,2026-01-12 10:40:00,112,True,23,91,107,2313,10.78,231.36,0.092,True,0.2346,,,,,,,,,,,,,,,,
2026-01-12,a3c772d3fde52dbae832bi,2026-01-12 10:50:00,113,True,23,129,152,2313,15.28,231.3,0.13,True,0.2371,,,,,,,,,,,,,,,,
2026-01-12,a3c772d3fde52dbae832bi,2026-01-12 11:00:00,114,True,23,110,130,2317,13.06,231.77,0.111,True,0.2393,,,,,,,,,,,,,,,,
2026-01-12,a3c772d3fde52dbae832bi,2026-01-12 11:10:00,115,True,24,92,109,2327,10.9,232.74,0.092,True,0.2411,,,,,,,,,,,,,,,,
2026-01-12,a3c772d3fde52dbae832bi,2026-01-12 11:20:00,116,True,24,92,108,2322,10.87,232.24,0.092,True,0.2429,,,,,,,,,,,,,,,,
2026-01-12,a3c772d3fde52dbae832bi,2026-01-12 11:30:00,117,True,24,111,131,2325,13.18,232.57,0.111,True,0.2451,,,,,,,,,,,,,,,,
2026-01-12,a3c772d3fde52dbae832bi,2026-01-12 11:40:00,118,True,24,92,108,2320,10.87,232.04,0.092,True,0.2469,,,,,,,,,,,,,,,,
2026-01-12,a3c772d3fde52dbae832bi,2026-01-12 11:50:00,119,True,24,150,177,2323,17.74,232.36,0.15,True,0.2499,,,,,,,,,,,,,,,,
2026-01-12,a3c772d3fde52dbae832bi,2026-01-12 12:00:00,120,True,25,149,177,2323,17.72,232.36,0.15,True,0.2528,,,,,,,,,,,,,,,,
2026-01-12,a3c772d3fde52dbae832bi,2026-01-12 12:10:00,121,True,25,111,131,2326,13.15,232.6,0.111,True,0.255,,,,,,,,,,,,,,,,
2026-01-12,a3c772d3fde52dbae832bi,2026-01-12 12:20:00,122,True,25,130,154,2322,15.42,232.27,0.13,True,0.2576,,,,,,,,,,,,,,,,
2026-01-12,a3c772d3fde52dbae832bi,2026-01-12 12:30:00,123,True,26,130,154,2322,15.42,232.27,0.13,True,0.2602,,,,,,,,,,,,,,,,
2026-01-12,a3c772d3fde52dbae832bi,2026-01-12 12:40:00,124,True,26,130,154,2321,15.42,232.14,0.131,True,0.2628,,,,,,,,,,,,,,,,
2026-01-12,a3c772d3fde52dbae832bi,2026-01-12 12:50:00,125,True,26,111,131,2320,13.14,232.08,0.111,True,0.2649,,,,,,,,,,,,,,,,
2026-01-12,a3c772d3fde52dbae832bi,2026-01-12 13:00:00,126,True,26,130,152,2308,15.3,230.89,0.13,True,0.2675,,,,,,,,,,,,,,,,
2026-01-12,a3c772d3fde52dbae832bi,2026-01-12 13:10:00,127,True,26,110,129,2305,12.98,230.51,0.111,True,0.2697,,,,,,,,,,,,,,,,
2026-01-12,a3c772d3fde52dbae832bi,2026-01-12 13:20:00,128,True,27,110,129,2303,12.99,230.39,0.111,True,0.2718,,,,,,,,,,,,,,,,
2026-01-12,a3c772d3fde52dbae832bi,2026-01-12 13:30:00,129,True,27,110,129,2303,12.99,230.39,0.111,True,0.274,,,,,,,,,,,,,,,,
2026-01-12,a3c772d3fde52dbae832bi,2026-01-12 13:40:00,130,True,27,53,62,2294,6.26,229.4,0.054,True,0.275,,,,,,,,,,,,,,,,
2026-01-12,a3c772d3fde52dbae832bi,2026-01-12 13:50:00,131,True,27,53,62,2294,6.26,229.4,0.054,True,0.2761,,,,,,,,,,,,,,,,
2026-01-12,a3c772d3fde52dbae832bi,2026-01-12 14:00:00,132,True,27,72,84,2297,8.48,229.75,0.073,True,0.2775,,,,,,,,,,,,,,,,
2026-01-12,a3c772d3fde52dbae832bi,2026-01-12 14:10:00,133,True,27,72,84,2290,8.44,229.04,0.072,True,0.2789,,,,,,,,,,,,,,,,
2026-01-12,a3c772d3fde52dbae832bi,2026-01-12 14:20:00,134,True,27,53,62,2292,6.24,229.2,0.054,True,0.2799,,,,,,,,,,,,,,,,
2026-01-12,a3c772d3fde52dbae832bi,2026-01-12 14:30:00,135,True,28,53,62,2292,6.24,229.2,0.054,True,0.281,,,,,,,,,,,,,,,,
2026-01-12,a3c772d3fde52dbae832bi,2026-01-12 14:40:00,136,True,28,72,84,2291,8.45,229.17,0.072,True,0.2824,,,,,,,,,,,,,,,,
2026-01-12,a3c772d3fde52dbae832bi,2026-01-12 14:50:00,137,True,28,72,84,2291,8.45,229.17,0.072,True,0.2838,,,,,,,,,,,,,,,,
2026-01-12,a3c772d3fde52dbae832bi,2026-01-12 15:00:00,138,True,28,53,62,2296,6.23,229.67,0.053,True,0.2848,,,,,,,,,,,,,,,,
2026-01-12,a3c772d3fde52dbae832bi,2026-01-12 15:10:00,139,True,28,53,62,2296,6.23,229.67,0.053,True,0.2859,,,,,,,,,,,,,,,,
2026-01-12,a3c772d3fde52dbae832bi,2026-01-12 15:20:00,140,True,28,53,62,2298,6.24,229.8,0.053,True,0.2869,,,,,,,,,,,,,,,,
2026-01-12,a3c772d3fde52dbae832bi,2026-01-12 15:30:00,141,True,28,53,62,2302,6.24,230.22,0.053,True,0.2879,,,,,,,,,,,,,,,,
2026-01-12,a3c772d3fde52dbae832bi,2026-01-12 15:40:00,142,True,28,53,61,2287,6.18,228.78,0.053,True,0.289,,,,,,,,,,,,,,,,
2026-01-12,a3c772d3fde52dbae832bi,2026-01-12 15:50:00,143,True,29,53,61,2287,6.18,228.78,0.053,True,0.29,,,,,,,,,,,,,,,,
2026-01-13,a3c772d3fde52dbae832bi,2026-01-12 16:00:00,0,True,0,103,128,2290,12.82,229.09,0.103,True,0.0021,,,,,,,,,,,,,,,,
2026-01-13,a3c772d3fde52dbae832bi,2026-01-12 16:10:00,1,True,0,120,149,2287,14.94,228.74,0.121,True,0.0046,,,,,,,,,,,,,,,,
2026-01-13,a3c772d3fde52dbae832bi,2026-01-12 16:20:00,2,True,0,120,149,2295,14.97,229.51,0.121,True,0.0071,,,,,,,,,,,,,,,,
2026-01-13,a3c772d3fde52dbae832bi,2026-01-12 16:30:00,3,True,0,55,69,2295,6.9,229.51,0.056,True,0.0083,,,,,,,,,,,,,,,,
2026-01-13,a3c772d3fde52dbae832bi,2026-01-12 16:40:00,4,True,0,56,71,2310,7.1,231.03,0.057,True,0.0095,,,,,,,,,,,,,,,,
2026-01-13,a3c772d3fde52dbae832bi,2026-01-12 16:50:00,5,True,1,35,44,2308,4.41,230.84,0.035,True,0.0102,,,,,,,,,,,,,,,,
2026-01-13,a3c772d3fde52dbae832bi,2026-01-12 17:00:00,6,True,1,35,44,2308,4.41,230.82,0.035,True,0.0109,,,,,,,,,,,,,,,,
2026-01-13,a3c772d3fde52dbae832bi,2026-01-12 17:10:00,7,True,1,35,44,2300,4.41,230.06,0.035,True,0.0117,,,,,,,,,,,,,,,,
2026-01-13,a3c772d3fde52dbae832bi,2026-01-12 17:20:00,8,True,1,35,44,2301,4.41,230.17,0.035,True,0.0124,,,,,,,,,,,,,,,,
2026-01-13,a3c772d3fde52dbae832bi,2026-01-12 17:30:00,9,True,1,35,44,2302,4.41,230.28,0.035,True,0.0131,,,,,,,,,,,,,,,,
2026-01-13,a3c772d3fde52dbae832bi,2026-01-12 17:40:00,10,True,1,35,44,2301,4.41,230.19,0.035,True,0.0139,,,,,,,,,,,,,,,,
2026-01-13,a3c772d3fde52dbae832bi,2026-01-12 17:50:00,11,True,1,34,43,2300,4.35,230.02,0.035,True,0.0146,,,,,,,,,,,,,,,,
2026-01-13,a3c772d3fde52dbae832bi,2026-01-12 18:00:00,12,True,1,34,43,2296,4.35,229.62,0.035,True,0.0153,,,,,,,,,,,,,,,,
2026-01-13,a3c772d3fde52dbae832bi,2026-01-12 18:10:00,13,True,1,35,43,2295,4.35,229.57,0.035,True,0.016,,,,,,,,,,,,,,,,
2026-01-13,a3c772d3fde52dbae832bi,2026-01-12 18:20:00,14,True,1,34,43,2303,4.35,230.37,0.035,True,0.0168,,,,,,,,,,,,,,,,
2026-01-13,a3c772d3fde52dbae832bi,2026-01-12 18:30:00,15,True,1,34,42,2299,4.26,229.93,0.034,True,0.0175,,,,,,,,,,,,,,,,
2026-01-13,a3c772d3fde52dbae832bi,2026-01-12 18:40:00,16,True,1,34,42,2303,4.26,230.39,0.034,True,0.0182,,,,,,,,,,,,,,,,
2026-01-13,a3c772d3fde52dbae832bi,2026-01-12 18:50:00,17,True,1,34,42,2303,4.26,230.3,0.034,True,0.0189,,,,,,,,,,,,,,,,
2026-01-13,a3c772d3fde52dbae832bi,2026-01-12 19:00:00,18,True,1,34,42,2301,4.26,230.17,0.034,True,0.0196,,,,,,,,,,,,,,,,
2026-01-13,a3c772d3fde52dbae832bi,2026-01-12 19:10:00,19,True,2,34,42,2301,4.26,230.17,0.034,True,0.0203,,,,,,,,,,,,,,,,
2026-01-13,a3c772d3fde52dbae832bi,2026-01-12 19:20:00,20,True,2,34,42,2303,4.26,230.35,0.034,True,0.021,,,,,,,,,,,,,,,,
2026-01-13,a3c772d3fde52dbae832bi,2026-01-12 19:30:00,21,True,2,34,42,2302,4.26,230.27,0.034,True,0.0217,,,,,,,,,,,,,,,,
2026-01-13,a3c772d3fde52dbae832bi,2026-01-12 19:40:00,22,True,2,34,42,2309,4.28,230.96,0.034,True,0.0225,,,,,,,,,,,,,,,,
2026-01-13,a3c772d3fde52dbae832bi,2026-01-12 19:50:00,23,True,2,34,43,2302,4.31,230.25,0.035,True,0.0232,,,,,,,,,,,,,,,,
2026-01-13,a3c772d3fde52dbae832bi,2026-01-12 20:00:00,24,True,2,34,43,2301,4.31,230.12,0.035,True,0.0239,,,,,,,,,,,,,,,,
2026-01-13,a3c772d3fde52dbae832bi,2026-01-12 20:10:00,25,True,2,34,43,2305,4.31,230.57,0.035,True,0.0246,,,,,,,,,,,,,,,,
2026-01-13,a3c772d3fde52dbae832bi,2026-01-12 20:20:00,26,True,2,34,43,2300,4.31,230.06,0.035,True,0.0253,,,,,,,,,,,,,,,,
2026-01-13,a3c772d3fde52dbae832bi,2026-01-12 20:30:00,27,True,2,34,43,2304,4.31,230.4,0.035,True,0.026,,,,,,,,,,,,,,,,
2026-01-13,a3c772d3fde52dbae832bi,2026-01-12 20:40:00,28,True,2,34,43,2316,4.37,231.62,0.035,True,0.0268,,,,,,,,,,,,,,,,
2026-01-13,a3c772d3fde52dbae832bi,2026-01-12 20:50:00,29,True,2,0,189,2319,18.93,231.99,0.0,True,0.0299,,,,,,,,,,,,,,,,
2026-01-13,a3c772d3fde52dbae832bi,2026-01-12 21:00:00,30,True,3,0,189,2311,18.93,231.14,0.0,True,0.0331,,,,,,,,,,,,,,,,
2026-01-13,a3c772d3fde52dbae832bi,2026-01-12 21:10:00,31,True,3,0,189,2318,18.93,231.83,0.0,True,0.0362,,,,,,,,,,,,,,,,
2026-01-13,a3c772d3fde52dbae832bi,2026-01-12 21:20:00,32,True,3,0,189,2314,18.93,231.41,0.0,True,0.0394,,,,,,,,,,,,,,,,
2026-01-13,a3c772d3fde52dbae832bi,2026-01-12 21:30:00,33,True,4,0,189,2308,18.93,230.84,0.0,True,0.0425,,,,,,,,,,,,,,,,
2026-01-13,a3c772d3fde52dbae832bi,2026-01-12 21:40:00,34,True,4,0,189,2314,18.93,231.42,0.0,True,0.0457,,,,,,,,,,,,,,,,
2026-01-13,a3c772d3fde52dbae832bi,2026-01-12 21:50:00,35,True,4,0,189,2315,18.93,231.52,0.0,True,0.0489,,,,,,,,,,,,,,,,
2026-01-13,a3c772d3fde52dbae832bi,2026-01-12 22:00:00,36,True,5,0,189,2309,18.93,230.92,0.0,True,0.052,,,,,,,,,,,,,,,,
2026-01-13,a3c772d3fde52dbae832bi,2026-01-12 22:10:00,37,True,5,0,189,2309,18.93,230.95,0.0,True,0.0552,,,,,,,,,,,,,,,,
2026-01-13,a3c772d3fde52dbae832bi,2026-01-12 22:20:00,38,True,5,0,189,2312,18.93,231.26,0.0,True,0.0583,,,,,,,,,,,,,,,,
2026-01-13,a3c772d3fde52dbae832bi,2026-01-12 22:30:00,39,True,6,0,189,2312,18.93,231.26,0.0,True,0.0615,,,,,,,,,,,,,,,,
2026-01-13,a3c772d3fde52dbae832bi,2026-01-12 22:40:00,40,True,6,0,189,2315,18.93,231.56,0.0,True,0.0646,,,,,,,,,,,,,,,,
2026-01-13,a3c772d3fde52dbae832bi,2026-01-12 22:50:00,41,True,6,0,189,2309,18.93,230.91,0.0,True,0.0678,,,,,,,,,,,,,,,,
2026-01-13,a3c772d3fde52dbae832bi,2026-01-12 23:00:00,42,True,7,0,189,2313,18.93,231.38,0.0,True,0.0709,,,,,,,,,,,,,,,,
2026-01-13,a3c772d3fde52dbae832bi,2026-01-12 23:10:00,43,True,7,0,189,2310,18.93,231.0,0.0,True,0.0741,,,,,,,,,,,,,,,,
2026-01-13,a3c772d3fde52dbae832bi,2026-01-12 23:20:00,44,True,7,0,189,2315,18.93,231.54,0.0,True,0.0773,,,,,,,,,,,,,,,,
2026-01-13,a3c772d3fde52dbae832bi,2026-01-12 23:30:00,45,True,8,0,189,2305,18.93,230.53,0.0,True,0.0804,,,,,,,,,,,,,,,,
2026-01-13,a3c772d3fde52dbae832bi,2026-01-12 23:40:00,46,True,8,0,189,2309,18.93,230.98,0.0,True,0.0836,,,,,,,,,,,,,,,,
2026-01-13,a3c772d3fde52dbae832bi,2026-01-12 23:50:00,47,True,8,0,189,2306,18.93,230.69,0.0,True,0.0867,,,,,,,,,,,,,,,,
2026-01-13,a3c772d3fde52dbae832bi,2026-01-13 00:00:00,48,True,8,0,189,2301,18.93,230.17,0.0,True,0.0899,,,,,,,,,,,,,,,,
2026-01-13,a3c772d3fde52dbae832bi,2026-01-13 00:10:00,49,True,9,0,189,2323,18.93,232.31,0.0,True,0.093,,,,,,,,,,,,,,,,
2026-01-13,a3c772d3fde52dbae832bi,2026-01-13 00:20:00,50,True,9,0,189,2317,18.93,231.75,0.0,True,0.0962,,,,,,,,,,,,,,,,
2026-01-13,a3c772d3fde52dbae832bi,2026-01-13 00:30:00,51,True,9,0,189,2321,18.93,232.13,0.0,True,0.0993,,,,,,,,,,,,,,,,
2026-01-13,a3c772d3fde52dbae832bi,2026-01-13 00:40:00,52,True,10,0,189,2328,18.93,232.87,0.0,True,0.1025,,,,,,,,,,,,,,,,
2026-01-13,a3c772d3fde52dbae832bi,2026-01-13 00:50:00,53,False,10,0,0,2317,0.0,231.72,0.0,False,0.1025,,,,,,,,,,,,,,,,
2026-01-13,a3c772d3fde52dbae832bi,2026-01-13 01:00:00,54,True,10,0,189,2321,18.93,232.18,0.0,True,0.1057,,,,,,,,,,,,,,,,
2026-01-13,a3c772d3fde52dbae832bi,2026-01-13 01:10:00,55,True,10,0,189,2310,18.93,231.09,0.0,True,0.1088,,,,,,,,,,,,,,,,
2026-01-13,a3c772d3fde52dbae832bi,2026-01-13 01:20:00,56,True,11,0,189,2334,18.93,233.4,0.0,True,0.112,,,,,,,,,,,,,,,,
2026-01-13,a3c772d3fde52dbae832bi,2026-01-13 01:30:00,57,True,11,0,189,2334,18.93,233.4,0.0,True,0.1151,,,,,,,,,,,,,,,,
2026-01-13,a3c772d3fde52dbae832bi,2026-01-13 01:40:00,58,True,11,0,189,2328,18.93,232.81,0.0,True,0.1183,,,,,,,,,,,,,,,,
2026-01-13,a3c772d3fde52dbae832bi,2026-01-13 01:50:00,59,True,12,0,189,2313,18.93,231.31,0.0,True,0.1214,,,,,,,,,,,,,,,,
2026-01-13,a3c772d3fde52dbae832bi,2026-01-13 02:00:00,60,True,12,0,189,2303,18.93,230.3,0.0,True,0.1246,,,,,,,,,,,,,,,,
2026-01-13,a3c772d3fde52dbae832bi,2026-01-13 02:10:00,61,True,12,0,189,2297,18.93,229.76,0.0,True,0.1277,,,,,,,,,,,,,,,,
2026-01-13,a3c772d3fde52dbae832bi,2026-01-13 02:20:00,62,True,13,0,189,2299,18.93,229.97,0.0,True,0.1309,,,,,,,,,,,,,,,,
2026-01-13,a3c772d3fde52dbae832bi,2026-01-13 02:30:00,63,True,13,0,189,2300,18.93,230.07,0.0,True,0.1341,,,,,,,,,,,,,,,,
2026-01-13,a3c772d3fde52dbae832bi,2026-01-13 02:40:00,64,True,13,0,189,2300,18.93,230.01,0.0,True,0.1372,,,,,,,,,,,,,,,,
2026-01-13,a3c772d3fde52dbae832bi,2026-01-13 02:50:00,65,True,14,0,189,2298,18.93,229.81,0.0,True,0.1404,,,,,,,,,,,,,,,,
2026-01-13,a3c772d3fde52dbae832bi,2026-01-13 03:00:00,66,True,14,0,189,2302,18.93,230.23,0.0,True,0.1435,,,,,,,,,,,,,,,,
2026-01-13,a3c772d3fde52dbae832bi,2026-01-13 03:10:00,67,True,14,0,189,2298,18.93,229.81,0.0,True,0.1467,,,,,,,,,,,,,,,,
2026-01-13,a3c772d3fde52dbae832bi,2026-01-13 03:20:00,68,True,14,0,189,2301,18.93,230.12,0.0,True,0.1498,,,,,,,,,,,,,,,,
2026-01-13,a3c772d3fde52dbae832bi,2026-01-13 03:30:00,69,True,15,0,189,2310,18.93,231.09,0.0,True,0.153,,,,,,,,,,,,,,,,
2026-01-13,a3c772d3fde52dbae832bi,2026-01-13 03:40:00,70,True,15,0,189,2312,18.93,231.29,0.0,True,0.1562,,,,,,,,,,,,,,,,
2026-01-13,a3c772d3fde52dbae832bi,2026-01-13 03:50:00,71,True,15,0,189,2323,18.93,232.3,0.0,True,0.1593,,,,,,,,,,,,,,,,
2026-01-13,a3c772d3fde52dbae832bi,2026-01-13 04:00:00,72,True,16,0,189,2304,18.93,230.46,0.0,True,0.1625,,,,,,,,,,,,,,,,
2026-01-13,a3c772d3fde52dbae832bi,2026-01-13 04:10:00,73,True,16,0,189,2305,18.93,230.57,0.0,True,0.1656,,,,,,,,,,,,,,,,
2026-01-13,a3c772d3fde52dbae832bi,2026-01-13 04:20:00,74,True,16,0,189,2322,18.93,232.22,0.0,True,0.1688,,,,,,,,,,,,,,,,
2026-01-13,a3c772d3fde52dbae832bi,2026-01-13 04:30:00,75,True,17,0,189,2297,18.93,229.72,0.0,True,0.1719,,,,,,,,,,,,,,,,
2026-01-13,a3c772d3fde52dbae832bi,2026-01-13 04:40:00,76,True,17,0,189,2305,18.93,230.56,0.0,True,0.1751,,,,,,,,,,,,,,,,
2026-01-13,a3c772d3fde52dbae832bi,2026-01-13 04:50:00,77,True,17,0,189,2305,18.93,230.52,0.0,True,0.1782,,,,,,,,,,,,,,,,
2026-01-13,a3c772d3fde52dbae832bi,2026-01-13 05:00:00,78,True,17,45,56,2309,5.63,230.9,0.045,True,0.1792,,,,,,,,,,,,,,,,
2026-01-13,a3c772d3fde52dbae832bi,2026-01-13 05:10:00,79,False,17,0,0,2321,0.0,232.15,0.0,False,0.1792,,,,,,,,,,,,,,,,
2026-01-13,a3c772d3fde52dbae832bi,2026-01-13 05:20:00,80,True,17,22,28,2317,2.82,231.78,0.022,True,0.1796,,,,,,,,,,,,,,,,
2026-01-13,a3c772d3fde52dbae832bi,2026-01-13 05:30:00,81,False,17,0,0,2330,0.0,233.07,0.0,False,0.1796,,,,,,,,,,,,,,,,
2026-01-13,a3c772d3fde52dbae832bi,2026-01-13 05:40:00,82,True,18,22,28,2309,2.82,230.9,0.023,True,0.1801,,,,,,,,,,,,,,,,
2026-01-13,a3c772d3fde52dbae832bi,2026-01-13 05:50:00,83,True,18,22,28,2309,2.82,230.9,0.023,True,0.1806,,,,,,,,,,,,,,,,
2026-01-13,a3c772d3fde52dbae832bi,2026-01-13 06:00:00,84,True,18,65,82,2317,8.22,231.75,0.066,True,0.182,,,,,,,,,,,,,,,,
2026-01-13,a3c772d3fde52dbae832bi,2026-01-13 06:10:00,85,True,18,43,54,2324,5.5,232.48,0.044,True,0.1829,,,,,,,,,,,,,,,,
2026-01-13,a3c772d3fde52dbae832bi,2026-01-13 06:20:00,86,True,18,88,111,2317,11.13,231.76,0.089,True,0.1847,,,,,,,,,,,,,,,,
2026-01-13,a3c772d3fde52dbae832bi,2026-01-13 06:30:00,87,True,18,91,114,2311,11.42,231.17,0.091,True,0.1866,,,,,,,,,,,,,,,,
2026-01-13,a3c772d3fde52dbae832bi,2026-01-13 06:40:00,88,True,18,107,134,2314,13.44,231.41,0.107,True,0.1889,,,,,,,,,,,,,,,,
2026-01-13,a3c772d3fde52dbae832bi,2026-01-13 06:50:00,89,True,19,132,165,2311,16.55,231.16,0.132,True,0.1916,,,,,,,,,,,,,,,,
2026-01-13,a3c772d3fde52dbae832bi,2026-01-13 07:00:00,90,True,19,88,109,2304,10.97,230.43,0.088,True,0.1935,,,,,,,,,,,,,,,,
2026-01-13,a3c772d3fde52dbae832bi,2026-01-13 07:10:00,91,True,19,154,193,2311,19.36,231.16,0.155,True,0.1967,,,,,,,,,,,,,,,,
2026-01-13,a3c772d3fde52dbae832bi,2026-01-13 07:20:00,92,True,19,131,164,2304,16.45,230.42,0.132,True,0.1994,,,,,,,,,,,,,,,,
2026-01-13,a3c772d3fde52dbae832bi,2026-01-13 07:30:00,93,True,20,149,160,1980,16.03,198.06,0.15,True,0.2021,,,,,,,,,,,,,,,,
2026-01-13,a3c772d3fde52dbae832bi,2026-01-13 07:40:00,94,True,20,149,187,2310,18.71,231.09,0.15,True,0.2052,,,,,,,,,,,,,,,,
2026-01-13,a3c772d3fde52dbae832bi,2026-01-13 07:50:00,95,True,20,149,186,2312,18.67,231.27,0.149,True,0.2083,,,,,,,,,,,,,,,,
2026-01-13,a3c772d3fde52dbae832bi,2026-01-13 08:00:00,96,True,21,149,186,2312,18.67,231.27,0.149,True,0.2114,,,,,,,,,,,,,,,,
2026-01-13,a3c772d3fde52dbae832bi,2026-01-13 08:10:00,97,True,21,171,214,2314,21.45,231.47,0.171,True,0.215,,,,,,,,,,,,,,,,
2026-01-13,a3c772d3fde52dbae832bi,2026-01-13 08:20:00,98,True,21,170,214,2316,21.42,231.64,0.171,True,0.2186,,,,,,,,,,,,,,,,
2026-01-13,a3c772d3fde52dbae832bi,2026-01-13 08:30:00,99,True,22,170,214,2316,21.42,231.64,0.171,True,0.2222,,,,,,,,,,,,,,,,
2026-01-13,a3c772d3fde52dbae832bi,2026-01-13 08:40:00,100,True,22,192,241,2320,24.14,232.02,0.192,True,0.2262,,,,,,,,,,,,,,,,
2026-01-13,a3c772d3fde52dbae832bi,2026-01-13 08:50:00,101,True,22,170,214,2319,21.42,231.96,0.171,True,0.2298,,,,,,,,,,,,,,,,
2026-01-13,a3c772d3fde52dbae832bi,2026-01-13 09:00:00,102,True,23,170,214,2319,21.41,231.96,0.171,True,0.2333,,,,,,,,,,,,,,,,
2026-01-13,a3c772d3fde52dbae832bi,2026-01-13 09:10:00,103,True,23,148,186,2317,18.64,231.76,0.149,True,0.2364,,,,,,,,,,,,,,,,
2026-01-13,a3c772d3fde52dbae832bi,2026-01-13 09:20:00,104,True,23,170,214,2319,21.41,231.9,0.171,True,0.24,,,,,,,,,,,,,,,,
2026-01-13,a3c772d3fde52dbae832bi,2026-01-13 09:30:00,105,True,24,170,213,2319,21.4,231.96,0.171,True,0.2436,,,,,,,,,,,,,,,,
2026-01-13,a3c772d3fde52dbae832bi,2026-01-13 09:40:00,106,True,24,126,158,2315,15.87,231.5,0.127,True,0.2462,,,,,,,,,,,,,,,,
2026-01-13,a3c772d3fde52dbae832bi,2026-01-13 09:50:00,107,True,24,170,213,2315,21.36,231.53,0.171,True,0.2498,,,,,,,,,,,,,,,,
2026-01-13,a3c772d3fde52dbae832bi,2026-01-13 10:00:00,108,True,25,148,186,2314,18.65,231.46,0.149,True,0.2529,,,,,,,,,,,,,,,,
2026-01-13,a3c772d3fde52dbae832bi,2026-01-13 10:10:00,109,True,25,126,158,2315,15.87,231.52,0.127,True,0.2555,,,,,,,,,,,,,,,,
2026-01-13,a3c772d3fde52dbae832bi,2026-01-13 10:20:00,110,True,25,126,157,2308,15.77,230.8,0.126,True,0.2581,,,,,,,,,,,,,,,,
2026-01-13,a3c772d3fde52dbae832bi,2026-01-13 10:30:00,111,True,26,126,157,2308,15.73,230.8,0.126,True,0.2608,,,,,,,,,,,,,,,,
2026-01-13,a3c772d3fde52dbae832bi,2026-01-13 10:40:00,112,True,26,104,130,2313,13.05,231.36,0.104,True,0.2629,,,,,,,,,,,,,,,,
2026-01-13,a3c772d3fde52dbae832bi,2026-01-13 10:50:00,113,True,26,147,184,2313,18.48,231.3,0.148,True,0.266,,,,,,,,,,,,,,,,
2026-01-13,a3c772d3fde52dbae832bi,2026-01-13 11:00:00,114,True,26,126,157,2317,15.8,231.77,0.126,True,0.2687,,,,,,,,,,,,,,,,
2026-01-13,a3c772d3fde52dbae832bi,2026-01-13 11:10:00,115,True,27,104,131,2327,13.19,232.74,0.105,True,0.2709,,,,,,,,,,,,,,,,
2026-01-13,a3c772d3fde52dbae832bi,2026-01-13 11:20:00,116,True,27,104,131,2322,13.16,232.24,0.105,True,0.273,,,,,,,,,,,,,,,,
2026-01-13,a3c772d3fde52dbae832bi,2026-01-13 11:30:00,117,True,27,126,159,2325,15.95,232.57,0.127,True,0.2757,,,,,,,,,,,,,,,,
2026-01-13,a3c772d3fde52dbae832bi,2026-01-13 11:40:00,118,True,27,104,131,2320,13.15,232.04,0.105,True,0.2779,,,,,,,,,,,,,,,,
2026-01-13,a3c772d3fde52dbae832bi,2026-01-13 11:50:00,119,True,28,170,214,2323,21.46,232.36,0.171,True,0.2815,,,,,,,,,,,,,,,,
2026-01-13,a3c772d3fde52dbae832bi,2026-01-13 12:00:00,120,True,28,170,214,2323,21.44,232.36,0.171,True,0.285,,,,,,,,,,,,,,,,
2026-01-13,a3c772d3fde52dbae832bi,2026-01-13 12:10:00,121,True,28,126,159,2326,15.92,232.6,0.126,True,0.2877,,,,,,,,,,,,,,,,
2026-01-13,a3c772d3fde52dbae832bi,2026-01-13 12:20:00,122,True,29,148,186,2322,18.66,232.27,0.148,True,0.2908,,,,,,,,,,,,,,,,
2026-01-13,a3c772d3fde52dbae832bi,2026-01-13 12:30:00,123,True,29,148,186,2322,18.66,232.27,0.148,True,0.2939,,,,,,,,,,,,,,,,
2026-01-13,a3c772d3fde52dbae832bi,2026-01-13 12:40:00,124,True,29,148,186,2321,18.65,232.14,0.149,True,0.297,,,,,,,,,,,,,,,,
2026-01-13,a3c772d3fde52dbae832bi,2026-01-13 12:50:00,125,True,29,126,158,2320,15.89,232.08,0.127,True,0.2997,,,,,,,,,,,,,,,,
2026-01-13,a3c772d3fde52dbae832bi,2026-01-13 13:00:00,126,True,30,148,185,2308,18.51,230.89,0.148,True,0.3028,,,,,,,,,,,,,,,,
2026-01-13,a3c772d3fde52dbae832bi,2026-01-13 13:10:00,127,True,30,125,157,2305,15.71,230.51,0.126,True,0.3054,,,,,,,,,,,,,,,,
2026-01-13,a3c772d3fde52dbae832bi,2026-01-13 13:20:00,128,True,30,126,157,2303,15.72,230.39,0.126,True,0.308,,,,,,,,,,,,,,,,
2026-01-13,a3c772d3fde52dbae832bi,2026-01-13 13:30:00,129,True,31,126,157,2303,15.72,230.39,0.126,True,0.3106,,,,,,,,,,,,,,,,
2026-01-13,a3c772d3fde52dbae832bi,2026-01-13 13:40:00,130,True,31,61,75,2294,7.57,229.4,0.061,True,0.3119,,,,,,,,,,,,,,,,
2026-01-13,a3c772d3fde52dbae832bi,2026-01-13 13:50:00,131,True,31,61,75,2294,7.57,229.4,0.061,True,0.3131,,,,,,,,,,,,,,,,
2026-01-13,a3c772d3fde52dbae832bi,2026-01-13 14:00:00,132,True,31,82,102,2297,10.26,229.75,0.083,True,0.3149,,,,,,,,,,,,,,,,
2026-01-13,a3c772d3fde52dbae832bi,2026-01-13 14:10:00,133,True,31,82,102,2290,10.21,229.04,0.082,True,0.3166,,,,,,,,,,,,,,,,
2026-01-13,a3c772d3fde52dbae832bi,2026-01-13 14:20:00,134,True,31,60,75,2292,7.55,229.2,0.061,True,0.3178,,,,,,,,,,,,,,,,
2026-01-13,a3c772d3fde52dbae832bi,2026-01-13 14:30:00,135,True,31,60,75,2292,7.55,229.2,0.061,True,0.3191,,,,,,,,,,,,,,,,
2026-01-13,a3c772d3fde52dbae832bi,2026-01-13 14:40:00,136,True,32,82,102,2291,10.22,229.17,0.082,True,0.3208,,,,,,,,,,,,,,,,
2026-01-13,a3c772d3fde52dbae832bi,2026-01-13 14:50:00,137,True,32,82,102,2291,10.22,229.17,0.082,True,0.3225,,,,,,,,,,,,,,,,
2026-01-13,a3c772d3fde52dbae832bi,2026-01-13 15:00:00,138,True,32,60,75,2296,7.53,229.67,0.061,True,0.3237,,,,,,,,,,,,,,,,
2026-01-13,a3c772d3fde52dbae832bi,2026-01-13 15:10:00,139,True,32,60,75,2296,7.53,229.67,0.061,True,0.325,,,,,,,,,,,,,,,,
2026-01-13,a3c772d3fde52dbae832bi,2026-01-13 15:20:00,140,True,32,60,75,2298,7.55,229.8,0.061,True,0.3263,,,,,,,,,,,,,,,,
2026-01-13,a3c772d3fde52dbae832bi,2026-01-13 15:30:00,141,True,32,60,75,2302,7.55,230.22,0.061,True,0.3275,,,,,,,,,,,,,,,,
2026-01-13,a3c772d3fde52dbae832bi,2026-01-13 15:40:00,142,True,32,60,74,2287,7.48,228.78,0.06,True,0.3288,,,,,,,,,,,,,,,,
2026-01-13,a3c772d3fde52dbae832bi,2026-01-13 15:50:00,143,True,33,60,74,2287,7.48,228.78,0.06,True,0.33,,,,,,,,,,,,,,,,
2026-01-14,a3c772d3fde52dbae832bi,2026-01-13 16:00:00,0,True,0,94,111,2290,11.14,229.09,0.094,True,0.0019,,,,,,,,,,,,,,,,
2026-01-14,a3c772d3fde52dbae832bi,2026-01-13 16:10:00,1,True,0,109,129,2287,12.99,228.74,0.11,True,0.004,,,,,,,,,,,,,,,,
2026-01-14,a3c772d3fde52dbae832bi,2026-01-13 16:20:00,2,True,0,109,130,2295,13.01,229.51,0.11,True,0.0062,,,,,,,,,,,,,,,,
2026-01-14,a3c772d3fde52dbae832bi,2026-01-13 16:30:00,3,True,0,50,60,2295,6.0,229.51,0.051,True,0.0072,,,,,,,,,,,,,,,,
2026-01-14,a3c772d3fde52dbae832bi,2026-01-13 16:40:00,4,True,0,51,61,2310,6.18,231.03,0.052,True,0.0082,,,,,,,,,,,,,,,,
2026-01-14,a3c772d3fde52dbae832bi,2026-01-13 16:50:00,5,True,0,32,38,2308,3.83,230.84,0.032,True,0.0089,,,,,,,,,,,,,,,,
2026-01-14,a3c772d3fde52dbae832bi,2026-01-13 17:00:00,6,True,0,32,38,2308,3.83,230.82,0.032,True,0.0095,,,,,,,,,,,,,,,,
2026-01-14,a3c772d3fde52dbae832bi,2026-01-13 17:10:00,7,True,1,32,38,2300,3.83,230.06,0.032,True,0.0101,,,,,,,,,,,,,,,,
2026-01-14,a3c772d3fde52dbae832bi,2026-01-13 17:20:00,8,True,1,32,38,2301,3.83,230.17,0.032,True,0.0108,,,,,,,,,,,,,,,,
2026-01-14,a3c772d3fde52dbae832bi,2026-01-13 17:30:00,9,True,1,32,38,2302,3.83,230.28,0.032,True,0.0114,,,,,,,,,,,,,,,,
2026-01-14,a3c772d3fde52dbae832bi,2026-01-13 17:40:00,10,True,1,32,38,2301,3.83,230.19,0.032,True,0.0121,,,,,,,,,,,,,,,,
2026-01-14,a3c772d3fde52dbae832bi,2026-01-13 17:50:00,11,True,1,31,37,2300,3.78,230.02,0.032,True,0.0127,,,,,,,,,,,,,,,,
2026-01-14,a3c772d3fde52dbae832bi,2026-01-13 18:00:00,12,True,1,31,37,2296,3.78,229.62,0.032,True,0.0133,,,,,,,,,,,,,,,,
2026-01-14,a3c772d3fde52dbae832bi,2026-01-13 18:10:00,13,True,1,31,37,2295,3.78,229.57,0.032,True,0.0139,,,,,,,,,,,,,,,,
2026-01-14,a3c772d3fde52dbae832bi,2026-01-13 18:20:00,14,True,1,31,37,2303,3.78,230.37,0.032,True,0.0146,,,,,,,,,,,,,,,,
2026-01-14,a3c772d3fde52dbae832bi,2026-01-13 18:30:00,15,True,1,31,36,2299,3.7,229.93,0.031,True,0.0152,,,,,,,,,,,,,,,,
2026-01-14,a3c772d3fde52dbae832bi,2026-01-13 18:40:00,16,True,1,31,36,2303,3.7,230.39,0.031,True,0.0158,,,,,,,,,,,,,,,,
2026-01-14,a3c772d3fde52dbae832bi,2026-01-13 18:50:00,17,True,1,31,36,2303,3.7,230.3,0.031,True,0.0164,,,,,,,,,,,,,,,,
2026-01-14,a3c772d3fde52dbae832bi,2026-01-13 19:00:00,18,True,1,31,36,2301,3.7,230.17,0.031,True,0.017,,,,,,,,,,,,,,,,
2026-01-14,a3c772d3fde52dbae832bi,2026-01-13 19:10:00,19,True,1,31,36,2301,3.7,230.17,0.031,True,0.0177,,,,,,,,,,,,,,,,
2026-01-14,a3c772d3fde52dbae832bi,2026-01-13 19:20:00,20,True,1,31,36,2303,3.7,230.35,0.031,True,0.0183,,,,,,,,,,,,,,,,
2026-01-14,a3c772d3fde52dbae832bi,2026-01-13 19:30:00,21,True,1,31,36,2302,3.7,230.27,0.031,True,0.0189,,,,,,,,,,,,,,,,
2026-01-14,a3c772d3fde52dbae832bi,2026-01-13 19:40:00,22,True,1,31,37,2309,3.72,230.96,0.031,True,0.0195,,,,,,,,,,,,,,,,
2026-01-14,a3c772d3fde52dbae832bi,2026-01-13 19:50:00,23,True,2,31,37,2302,3.74,230.25,0.031,True,0.0201,,,,,,,,,,,,,,,,
2026-01-14,a3c772d3fde52dbae832bi,2026-01-13 20:00:00,24,True,2,31,37,2301,3.74,230.12,0.031,True,0.0208,,,,,,,,,,,,,,,,
2026-01-14,a3c772d3fde52dbae832bi,2026-01-13 20:10:00,25,True,2,31,37,2305,3.74,230.57,0.031,True,0.0214,,,,,,,,,,,,,,,,
2026-01-14,a3c772d3fde52dbae832bi,2026-01-13 20:20:00,26,True,2,31,37,2300,3.74,230.06,0.031,True,0.022,,,,,,,,,,,,,,,,
2026-01-14,a3c772d3fde52dbae832bi,2026-01-13 20:30:00,27,True,2,31,37,2304,3.74,230.4,0.031,True,0.0226,,,,,,,,,,,,,,,,
2026-01-14,a3c772d3fde52dbae832bi,2026-01-13 20:40:00,28,True,2,31,38,2316,3.8,231.62,0.032,True,0.0233,,,,,,,,,,,,,,,,
2026-01-14,a3c772d3fde52dbae832bi,2026-01-13 20:50:00,29,True,2,0,181,2319,18.1,231.99,0.0,True,0.0263,,,,,,,,,,,,,,,,
2026-01-14,a3c772d3fde52dbae832bi,2026-01-13 21:00:00,30,True,2,0,181,2311,18.1,231.14,0.0,True,0.0293,,,,,,,,,,,,,,,,
2026-01-14,a3c772d3fde52dbae832bi,2026-01-13 21:10:00,31,True,3,0,181,2318,18.1,231.83,0.0,True,0.0323,,,,,,,,,,,,,,,,
2026-01-14,a3c772d3fde52dbae832bi,2026-01-13 21:20:00,32,True,3,0,181,2314,18.1,231.41,0.0,True,0.0353,,,,,,,,,,,,,,,,
2026-01-14,a3c772d3fde52dbae832bi,2026-01-13 21:30:00,33,True,3,0,181,2308,18.1,230.84,0.0,True,0.0383,,,,,,,,,,,,,,,,
2026-01-14,a3c772d3fde52dbae832bi,2026-01-13 21:40:00,34,True,4,0,181,2314,18.1,231.42,0.0,True,0.0414,,,,,,,,,,,,,,,,
2026-01-14,a3c772d3fde52dbae832bi,2026-01-13 21:50:00,35,True,4,0,181,2315,18.1,231.52,0.0,True,0.0444,,,,,,,,,,,,,,,,
2026-01-14,a3c772d3fde52dbae832bi,2026-01-13 22:00:00,36,True,4,0,181,2309,18.1,230.92,0.0,True,0.0474,,,,,,,,,,,,,,,,
2026-01-14,a3c772d3fde52dbae832bi,2026-01-13 22:10:00,37,True,5,0,181,2309,18.1,230.95,0.0,True,0.0504,,,,,,,,,,,,,,,,
2026-01-14,a3c772d3fde52dbae832bi,2026-01-13 22:20:00,38,True,5,0,181,2312,18.1,231.26,0.0,True,0.0534,,,,,,,,,,,,,,,,
2026-01-14,a3c772d3fde52dbae832bi,2026-01-13 22:30:00,39,True,5,0,181,2312,18.1,231.26,0.0,True,0.0565,,,,,,,,,,,,,,,,
2026-01-14,a3c772d3fde52dbae832bi,2026-01-13 22:40:00,40,True,5,0,181,2315,18.1,231.56,0.0,True,0.0595,,,,,,,,,,,,,,,,
2026-01-14,a3c772d3fde52dbae832bi,2026-01-13 22:50:00,41,True,6,0,181,2309,18.1,230.91,0.0,True,0.0625,,,,,,,,,,,,,,,,
2026-01-14,a3c772d3fde52dbae832bi,2026-01-13 23:00:00,42,True,6,0,181,2313,18.1,231.38,0.0,True,0.0655,,,,,,,,,,,,,,,,
2026-01-14,a3c772d3fde52dbae832bi,2026-01-13 23:10:00,43,True,6,0,181,2310,18.1,231.0,0.0,True,0.0685,,,,,,,,,,,,,,,,
2026-01-14,a3c772d3fde52dbae832bi,2026-01-13 23:20:00,44,True,7,0,181,2315,18.1,231.54,0.0,True,0.0715,,,,,,,,,,,,,,,,
2026-01-14,a3c772d3fde52dbae832bi,2026-01-13 23:30:00,45,True,7,0,181,2305,18.1,230.53,0.0,True,0.0746,,,,,,,,,,,,,,,,
2026-01-14,a3c772d3fde52dbae832bi,2026-01-13 23:40:00,46,True,7,0,181,2309,18.1,230.98,0.0,True,0.0776,,,,,,,,,,,,,,,,
2026-01-14,a3c772d3fde52dbae832bi,2026-01-13 23:50:00,47,True,8,0,181,2306,18.1,230.69,0.0,True,0.0806,,,,,,,,,,,,,,,,
2026-01-14,a3c772d3fde52dbae832bi,2026-01-14 00:00:00,48,True,8,0,181,2301,18.1,230.17,0.0,True,0.0836,,,,,,,,,,,,,,,,
2026-01-14,a3c772d3fde52dbae832bi,2026-01-14 00:10:00,49,True,8,0,181,2323,18.1,232.31,0.0,True,0.0866,,,,,,,,,,,,,,,,
2026-01-14,a3c772d3fde52dbae832bi,2026-01-14 00:20:00,50,True,8,0,181,2317,18.1,231.75,0.0,True,0.0896,,,,,,,,,,,,,,,,
2026-01-14,a3c772d3fde52dbae832bi,2026-01-14 00:30:00,51,True,9,0,181,2321,18.1,232.13,0.0,True,0.0927,,,,,,,,,,,,,,,,
2026-01-14,a3c772d3fde52dbae832bi,2026-01-14 00:40:00,52,True,9,0,181,2328,18.1,232.87,0.0,True,0.0957,,,,,,,,,,,,,,,,
2026-01-14,a3c772d3fde52dbae832bi,2026-01-14 00:50:00,53,False,9,0,0,2317,0.0,231.72,0.0,False,0.0957,,,,,,,,,,,,,,,,
2026-01-14,a3c772d3fde52dbae832bi,2026-01-14 01:00:00,54,True,9,0,181,2321,18.1,232.18,0.0,True,0.0987,,,,,,,,,,,,,,,,
2026-01-14,a3c772d3fde52dbae832bi,2026-01-14 01:10:00,55,True,10,0,181,2310,18.1,231.09,0.0,True,0.1017,,,,,,,,,,,,,,,,
2026-01-14,a3c772d3fde52dbae832bi,2026-01-14 01:20:00,56,True,10,0,181,2334,18.1,233.4,0.0,True,0.1047,,,,,,,,,,,,,,,,
2026-01-14,a3c772d3fde52dbae832bi,2026-01-14 01:30:00,57,True,10,0,181,2334,18.1,233.4,0.0,True,0.1077,,,,,,,,,,,,,,,,
2026-01-14,a3c772d3fde52dbae832bi,2026-01-14 01:40:00,58,True,11,0,181,2328,18.1,232.81,0.0,True,0.1108,,,,,,,,,,,,,,,,
2026-01-14,a3c772d3fde52dbae832bi,2026-01-14 01:50:00,59,True,11,0,181,2313,18.1,231.31,0.0,True,0.1138,,,,,,,,,,,,,,,,
2026-01-14,a3c772d3fde52dbae832bi,2026-01-14 02:00:00,60,True,11,0,181,2303,18.1,230.3,0.0,True,0.1168,,,,,,,,,,,,,,,,
2026-01-14,a3c772d3fde52dbae832bi,2026-01-14 02:10:00,61,True,11,0,181,2297,18.1,229.76,0.0,True,0.1198,,,,,,,,,,,,,,,,
2026-01-14,a3c772d3fde52dbae832bi,2026-01-14 02:20:00,62,True,12,0,181,2299,18.1,229.97,0.0,True,0.1228,,,,,,,,,,,,,,,,
2026-01-14,a3c772d3fde52dbae832bi,2026-01-14 02:30:00,63,True,12,0,181,2300,18.1,230.07,0.0,True,0.1258,,,,,,,,,,,,,,,,
2026-01-14,a3c772d3fde52dbae832bi,2026-01-14 02:40:00,64,True,12,0,181,2300,18.1,230.01,0.0,True,0.1289,,,,,,,,,,,,,,,,
2026-01-14,a3c772d3fde52dbae832bi,2026-01-14 02:50:00,65,True,13,0,181,2298,18.1,229.81,0.0,True,0.1319,,,,,,,,,,,,,,,,
2026-01-14,a3c772d3fde52dbae832bi,2026-01-14 03:00:00,66,True,13,0,181,2302,18.1,230.23,0.0,True,0.1349,,,,,,,,,,,,,,,,
2026-01-14,a3c772d3fde52dbae832bi,2026-01-14 03:10:00,67,True,13,0,181,2298,18.1,229.81,0.0,True,0.1379,,,,,,,,,,,,,,,,
2026-01-14,a3c772d3fde52dbae832bi,2026-01-14 03:20:00,68,True,14,0,181,2301,18.1,230.12,0.0,True,0.1409,,,,,,,,,,,,,,,,
2026-01-14,a3c772d3fde52dbae832bi,2026-01-14 03:30:00,69,True,14,0,181,2310,18.1,231.09,0.0,True,0.144,,,,,,,,,,,,,,,,
2026-01-14,a3c772d3fde52dbae832bi,2026-01-14 03:40:00,70,True,14,0,181,2312,18.1,231.29,0.0,True,0.147,,,,,,,,,,,,,,,,
2026-01-14,a3c772d3fde52dbae832bi,2026-01-14 03:50:00,71,True,14,0,181,2323,18.1,232.3,0.0,True,0.15,,,,,,,,,,,,,,,,
2026-01-14,a3c772d3fde52dbae832bi,2026-01-14 04:00:00,72,True,15,0,181,2304,18.1,230.46,0.0,True,0.153,,,,,,,,,,,,,,,,
2026-01-14,a3c772d3fde52dbae832bi,2026-01-14 04:10:00,73,True,15,0,181,2305,18.1,230.57,0.0,True,0.156,,,,,,,,,,,,,,,,
2026-01-14,a3c772d3fde52dbae832bi,2026-01-14 04:20:00,74,True,15,0,181,2322,18.1,232.22,0.0,True,0.159,,,,,,,,,,,,,,,,
2026-01-14,a3c772d3fde52dbae832bi,2026-01-14 04:30:00,75,True,16,0,181,2297,18.1,229.72,0.0,True,0.1621,,,,,,,,,,,,,,,,
2026-01-14,a3c772d3fde52dbae832bi,2026-01-14 04:40:00,76,True,16,0,181,2305,18.1,230.56,0.0,True,0.1651,,,,,,,,,,,,,,,,
2026-01-14,a3c772d3fde52dbae832bi,2026-01-14 04:50:00,77,True,16,0,181,2305,18.1,230.52,0.0,True,0.1681,,,,,,,,,,,,,,,,
2026-01-14,a3c772d3fde52dbae832bi,2026-01-14 05:00:00,78,True,16,40,48,2309,4.89,230.9,0.041,True,0.1689,,,,,,,,,,,,,,,,
2026-01-14,a3c772d3fde52dbae832bi,2026-01-14 05:10:00,79,False,16,0,0,2321,0.0,232.15,0.0,False,0.1689,,,,,,,,,,,,,,,,
2026-01-14,a3c772d3fde52dbae832bi,2026-01-14 05:20:00,80,True,16,20,24,2317,2.45,231.78,0.02,True,0.1693,,,,,,,,,,,,,,,,
2026-01-14,a3c772d3fde52dbae832bi,2026-01-14 05:30:00,81,False,16,0,0,2330,0.0,233.07,0.0,False,0.1693,,,,,,,,,,,,,,,,
2026-01-14,a3c772d3fde52dbae832bi,2026-01-14 05:40:00,82,True,16,20,24,2309,2.45,230.9,0.02,True,0.1697,,,,,,,,,,,,,,,,
2026-01-14,a3c772d3fde52dbae832bi,2026-01-14 05:50:00,83,True,17,20,24,2309,2.45,230.9,0.02,True,0.1701,,,,,,,,,,,,,,,,
2026-01-14,a3c772d3fde52dbae832bi,2026-01-14 06:00:00,84,True,17,59,71,2317,7.14,231.75,0.06,True,0.1713,,,,,,,,,,,,,,,,
2026-01-14,a3c772d3fde52dbae832bi,2026-01-14 06:10:00,85,True,17,39,47,2324,4.77,232.48,0.04,True,0.1721,,,,,,,,,,,,,,,,
2026-01-14,a3c772d3fde52dbae832bi,2026-01-14 06:20:00,86,True,17,80,96,2317,9.67,231.76,0.081,True,0.1737,,,,,,,,,,,,,,,,
2026-01-14,a3c772d3fde52dbae832bi,2026-01-14 06:30:00,87,True,17,83,99,2311,9.93,231.17,0.083,True,0.1754,,,,,,,,,,,,,,,,
2026-01-14,a3c772d3fde52dbae832bi,2026-01-14 06:40:00,88,True,17,97,116,2314,11.68,231.41,0.098,True,0.1773,,,,,,,,,,,,,,,,
2026-01-14,a3c772d3fde52dbae832bi,2026-01-14 06:50:00,89,True,17,120,143,2311,14.38,231.16,0.12,True,0.1797,,,,,,,,,,,,,,,,
2026-01-14,a3c772d3fde52dbae832bi,2026-01-14 07:00:00,90,True,18,80,95,2304,9.54,230.43,0.08,True,0.1813,,,,,,,,,,,,,,,,
2026-01-14,a3c772d3fde52dbae832bi,2026-01-14 07:10:00,91,True,18,140,168,2311,16.83,231.16,0.141,True,0.1841,,,,,,,,,,,,,,,,
2026-01-14,a3c772d3fde52dbae832bi,2026-01-14 07:20:00,92,True,18,119,143,2304,14.3,230.42,0.12,True,0.1865,,,,,,,,,,,,,,,,
2026-01-14,a3c772d3fde52dbae832bi,2026-01-14 07:30:00,93,True,18,136,139,1980,13.93,198.06,0.136,True,0.1888,,,,,,,,,,,,,,,,
2026-01-14,a3c772d3fde52dbae832bi,2026-01-14 07:40:00,94,True,19,136,162,2310,16.26,231.09,0.136,True,0.1915,,,,,,,,,,,,,,,,
2026-01-14,a3c772d3fde52dbae832bi,2026-01-14 07:50:00,95,True,19,135,162,2312,16.23,231.27,0.136,True,0.1942,,,,,,,,,,,,,,,,
2026-01-14,a3c772d3fde52dbae832bi,2026-01-14 08:00:00,96,True,19,135,162,2312,16.23,231.27,0.136,True,0.1969,,,,,,,,,,,,,,,,
2026-01-14,a3c772d3fde52dbae832bi,2026-01-14 08:10:00,97,True,20,155,186,2314,18.65,231.47,0.156,True,0.2001,,,,,,,,,,,,,,,,
2026-01-14,a3c772d3fde52dbae832bi,2026-01-14 08:20:00,98,True,20,155,186,2316,18.62,231.64,0.155,True,0.2032,,,,,,,,,,,,,,,,
2026-01-14,a3c772d3fde52dbae832bi,2026-01-14 08:30:00,99,True,20,155,186,2316,18.62,231.64,0.155,True,0.2063,,,,,,,,,,,,,,,,
2026-01-14,a3c772d3fde52dbae832bi,2026-01-14 08:40:00,100,True,20,174,209,2320,20.98,232.02,0.175,True,0.2098,,,,,,,,,,,,,,,,
2026-01-14,a3c772d3fde52dbae832bi,2026-01-14 08:50:00,101,True,21,155,186,2319,18.62,231.96,0.155,True,0.2129,,,,,,,,,,,,,,,,
2026-01-14,a3c772d3fde52dbae832bi,2026-01-14 09:00:00,102,True,21,155,186,2319,18.61,231.96,0.155,True,0.216,,,,,,,,,,,,,,,,
2026-01-14,a3c772d3fde52dbae832bi,2026-01-14 09:10:00,103,True,21,135,162,2317,16.2,231.76,0.135,True,0.2187,,,,,,,,,,,,,,,,
2026-01-14,a3c772d3fde52dbae832bi,2026-01-14 09:20:00,104,True,22,155,186,2319,18.61,231.9,0.155,True,0.2218,,,,,,,,,,,,,,,,
2026-01-14,a3c772d3fde52dbae832bi,2026-01-14 09:30:00,105,True,22,155,186,2319,18.6,231.96,0.155,True,0.2249,,,,,,,,,,,,,,,,
2026-01-14,a3c772d3fde52dbae832bi,2026-01-14 09:40:00,106,True,22,115,137,2315,13.8,231.5,0.115,True,0.2272,,,,,,,,,,,,,,,,
2026-01-14,a3c772d3fde52dbae832bi,2026-01-14 09:50:00,107,True,23,155,185,2315,18.56,231.53,0.155,True,0.2303,,,,,,,,,,,,,,,,
2026-01-14,a3c772d3fde52dbae832bi,2026-01-14 10:00:00,108,True,23,135,162,2314,16.21,231.46,0.135,True,0.233,,,,,,,,,,,,,,,,
2026-01-14,a3c772d3fde52dbae832bi,2026-01-14 10:10:00,109,True,23,115,137,2315,13.8,231.52,0.115,True,0.2353,,,,,,,,,,,,,,,,
2026-01-14,a3c772d3fde52dbae832bi,2026-01-14 10:20:00,110,True,23,114,137,2308,13.71,230.8,0.115,True,0.2375,,,,,,,,,,,,,,,,
2026-01-14,a3c772d3fde52dbae832bi,2026-01-14 10:30:00,111,True,23,114,136,2308,13.68,230.8,0.115,True,0.2398,,,,,,,,,,,,,,,,
2026-01-14,a3c772d3fde52dbae832bi,2026-01-14 10:40:00,112,True,24,94,113,2313,11.34,231.36,0.095,True,0.2417,,,,,,,,,,,,,,,,
2026-01-14,a3c772d3fde52dbae832bi,2026-01-14 10:50:00,113,True,24,134,160,2313,16.07,231.3,0.134,True,0.2444,,,,,,,,,,,,,,,,
2026-01-14,a3c772d3fde52dbae832bi,2026-01-14 11:00:00,114,True,24,114,137,2317,13.73,231.77,0.115,True,0.2467,,,,,,,,,,,,,,,,
2026-01-14,a3c772d3fde52dbae832bi,2026-01-14 11:10:00,115,True,24,95,114,2327,11.47,232.74,0.095,True,0.2486,,,,,,,,,,,,,,,,
2026-01-14,a3c772d3fde52dbae832bi,2026-01-14 11:20:00,116,True,25,95,114,2322,11.44,232.24,0.095,True,0.2505,,,,,,,,,,,,,,,,
2026-01-14,a3c772d3fde52dbae832bi,2026-01-14 11:30:00,117,True,25,115,138,2325,13.86,232.57,0.115,True,0.2528,,,,,,,,,,,,,,,,
2026-01-14,a3c772d3fde52dbae832bi,2026-01-14 11:40:00,118,True,25,95,114,2320,11.43,232.04,0.095,True,0.2547,,,,,,,,,,,,,,,,
2026-01-14,a3c772d3fde52dbae832bi,2026-01-14 11:50:00,119,True,25,155,186,2323,18.66,232.36,0.155,True,0.2578,,,,,,,,,,,,,,,,
2026-01-14,a3c772d3fde52dbae832bi,2026-01-14 12:00:00,120,True,26,155,186,2323,18.64,232.36,0.155,True,0.2609,,,,,,,,,,,,,,,,
2026-01-14,a3c772d3fde52dbae832bi,2026-01-14 12:10:00,121,True,26,114,138,2326,13.83,232.6,0.115,True,0.2632,,,,,,,,,,,,,,,,
2026-01-14,a3c772d3fde52dbae832bi,2026-01-14 12:20:00,122,True,26,134,162,2322,16.22,232.27,0.135,True,0.2659,,,,,,,,,,,,,,,,
2026-01-14,a3c772d3fde52dbae832bi,2026-01-14 12:30:00,123,True,26,134,162,2322,16.22,232.27,0.135,True,0.2686,,,,,,,,,,,,,,,,
2026-01-14,a3c772d3fde52dbae832bi,2026-01-14 12:40:00,124,True,27,135,162,2321,16.22,232.14,0.135,True,0.2713,,,,,,,,,,,,,,,,
2026-01-14,a3c772d3fde52dbae832bi,2026-01-14 12:50:00,125,True,27,115,138,2320,13.82,232.08,0.115,True,0.2736,,,,,,,,,,,,,,,,
2026-01-14,a3c772d3fde52dbae832bi,2026-01-14 13:00:00,126,True,27,134,160,2308,16.09,230.89,0.135,True,0.2763,,,,,,,,,,,,,,,,
2026-01-14,a3c772d3fde52dbae832bi,2026-01-14 13:10:00,127,True,27,114,136,2305,13.66,230.51,0.115,True,0.2786,,,,,,,,,,,,,,,,
2026-01-14,a3c772d3fde52dbae832bi,2026-01-14 13:20:00,128,True,28,114,136,2303,13.67,230.39,0.115,True,0.2809,,,,,,,,,,,,,,,,
2026-01-14,a3c772d3fde52dbae832bi,2026-01-14 13:30:00,129,True,28,114,136,2303,13.67,230.39,0.115,True,0.2832,,,,,,,,,,,,,,,,
2026-01-14,a3c772d3fde52dbae832bi,2026-01-14 13:40:00,130,True,28,55,65,2294,6.58,229.4,0.055,True,0.2843,,,,,,,,,,,,,,,,
2026-01-14,a3c772d3fde52dbae832bi,2026-01-14 13:50:00,131,True,28,55,65,2294,6.58,229.4,0.055,True,0.2854,,,,,,,,,,,,,,,,
2026-01-14,a3c772d3fde52dbae832bi,2026-01-14 14:00:00,132,True,28,75,89,2297,8.92,229.75,0.075,True,0.2868,,,,,,,,,,,,,,,,
2026-01-14,a3c772d3fde52dbae832bi,2026-01-14 14:10:00,133,True,28,74,88,2290,8.88,229.04,0.075,True,0.2883,,,,,,,,,,,,,,,,
2026-01-14,a3c772d3fde52dbae832bi,2026-01-14 14:20:00,134,True,28,55,65,2292,6.56,229.2,0.055,True,0.2894,,,,,,,,,,,,,,,,
2026-01-14,a3c772d3fde52dbae832bi,2026-01-14 14:30:00,135,True,29,55,65,2292,6.56,229.2,0.055,True,0.2905,,,,,,,,,,,,,,,,
2026-01-14,a3c772d3fde52dbae832bi,2026-01-14 14:40:00,136,True,29,74,88,2291,8.88,229.17,0.075,True,0.292,,,,,,,,,,,,,,,,
2026-01-14,a3c772d3fde52dbae832bi,2026-01-14 14:50:00,137,True,29,74,88,2291,8.88,229.17,0.075,True,0.2935,,,,,,,,,,,,,,,,
2026-01-14,a3c772d3fde52dbae832bi,2026-01-14 15:00:00,138,True,29,55,65,2296,6.55,229.67,0.055,True,0.2946,,,,,,,,,,,,,,,,
2026-01-14,a3c772d3fde52dbae832bi,2026-01-14 15:10:00,139,True,29,55,65,2296,6.55,229.67,0.055,True,0.2956,,,,,,,,,,,,,,,,
2026-01-14,a3c772d3fde52dbae832bi,2026-01-14 15:20:00,140,True,29,55,65,2298,6.56,229.8,0.055,True,0.2967,,,,,,,,,,,,,,,,
2026-01-14,a3c772d3fde52dbae832bi,2026-01-14 15:30:00,141,True,29,55,65,2302,6.56,230.22,0.055,True,0.2978,,,,,,,,,,,,,,,,
2026-01-14,a3c772d3fde52dbae832bi,2026-01-14 15:40:00,142,True,29,54,64,2287,6.5,228.78,0.055,True,0.2989,,,,,,,,,,,,,,,,
2026-01-14,a3c772d3fde52dbae832bi,2026-01-14 15:50:00,143,True,29,54,64,2287,6.5,228.78,0.055,True,0.3,,,,,,,,,,,,,,,,
2026-01-15,a3c772d3fde52dbae832bi,2026-01-14 16:00:00,0,True,0,84,95,2290,9.52,229.09,0.085,True,0.0016,,,,,,,,,,,,,,,,
2026-01-15,a3c772d3fde52dbae832bi,2026-01-14 16:10:00,1,True,0,98,110,2287,11.09,228.74,0.099,True,0.0034,,,,,,,,,,,,,,,,
2026-01-15,a3c772d3fde52dbae832bi,2026-01-14 16:20:00,2,True,0,98,111,2295,11.12,229.51,0.099,True,0.0053,,,,,,,,,,,,,,,,
2026-01-15,a3c772d3fde52dbae832bi,2026-01-14 16:30:00,3,True,0,45,51,2295,5.13,229.51,0.045,True,0.0061,,,,,,,,,,,,,,,,
2026-01-15,a3c772d3fde52dbae832bi,2026-01-14 16:40:00,4,True,0,46,52,2310,5.27,231.03,0.047,True,0.007,,,,,,,,,,,,,,,,
2026-01-15,a3c772d3fde52dbae832bi,2026-01-14 16:50:00,5,True,0,28,32,2308,3.27,230.84,0.029,True,0.0076,,,,,,,,,,,,,,,,
2026-01-15,a3c772d3fde52dbae832bi,2026-01-14 17:00:00,6,True,0,28,32,2308,3.27,230.82,0.029,True,0.0081,,,,,,,,,,,,,,,,
2026-01-15,a3c772d3fde52dbae832bi,2026-01-14 17:10:00,7,True,0,29,32,2300,3.27,230.06,0.029,True,0.0087,,,,,,,,,,,,,,,,
2026-01-15,a3c772d3fde52dbae832bi,2026-01-14 17:20:00,8,True,0,28,32,2301,3.27,230.17,0.029,True,0.0092,,,,,,,,,,,,,,,,
2026-01-15,a3c772d3fde52dbae832bi,2026-01-14 17:30:00,9,True,0,28,32,2302,3.27,230.28,0.029,True,0.0098,,,,,,,,,,,,,,,,
2026-01-15,a3c772d3fde52dbae832bi,2026-01-14 17:40:00,10,True,1,28,32,2301,3.27,230.19,0.029,True,0.0103,,,,,,,,,,,,,,,,
2026-01-15,a3c772d3fde52dbae832bi,2026-01-14 17:50:00,11,True,1,28,32,2300,3.23,230.02,0.029,True,0.0108,,,,,,,,,,,,,,,,
2026-01-15,a3c772d3fde52dbae832bi,2026-01-14 18:00:00,12,True,1,28,32,2296,3.23,229.62,0.029,True,0.0114,,,,,,,,,,,,,,,,
2026-01-15,a3c772d3fde52dbae832bi,2026-01-14 18:10:00,13,True,1,28,32,2295,3.23,229.57,0.029,True,0.0119,,,,,,,,,,,,,,,,
2026-01-15,a3c772d3fde52dbae832bi,2026-01-14 18:20:00,14,True,1,28,32,2303,3.23,230.37,0.029,True,0.0124,,,,,,,,,,,,,,,,
2026-01-15,a3c772d3fde52dbae832bi,2026-01-14 18:30:00,15,True,1,27,31,2299,3.16,229.93,0.028,True,0.013,,,,,,,,,,,,,,,,
2026-01-15,a3c772d3fde52dbae832bi,2026-01-14 18:40:00,16,True,1,27,31,2303,3.16,230.39,0.028,True,0.0135,,,,,,,,,,,,,,,,
2026-01-15,a3c772d3fde52dbae832bi,2026-01-14 18:50:00,17,True,1,27,31,2303,3.16,230.3,0.028,True,0.014,,,,,,,,,,,,,,,,
2026-01-15,a3c772d3fde52dbae832bi,2026-01-14 19:00:00,18,True,1,27,31,2301,3.16,230.17,0.028,True,0.0146,,,,,,,,,,,,,,,,
2026-01-15,a3c772d3fde52dbae832bi,2026-01-14 19:10:00,19,True,1,27,31,2301,3.16,230.17,0.028,True,0.0151,,,,,,,,,,,,,,,,
2026-01-15,a3c772d3fde52dbae832bi,2026-01-14 19:20:00,20,True,1,27,31,2303,3.16,230.35,0.028,True,0.0156,,,,,,,,,,,,,,,,
2026-01-15,a3c772d3fde52dbae832bi,2026-01-14 19:30:00,21,True,1,27,31,2302,3.16,230.27,0.028,True,0.0161,,,,,,,,,,,,,,,,
2026-01-15,a3c772d3fde52dbae832bi,2026-01-14 19:40:00,22,True,1,28,31,2309,3.18,230.96,0.028,True,0.0167,,,,,,,,,,,,,,,,
2026-01-15,a3c772d3fde52dbae832bi,2026-01-14 19:50:00,23,True,1,28,32,2302,3.2,230.25,0.028,True,0.0172,,,,,,,,,,,,,,,,
2026-01-15,a3c772d3fde52dbae832bi,2026-01-14 20:00:00,24,True,1,28,32,2301,3.2,230.12,0.028,True,0.0177,,,,,,,,,,,,,,,,
2026-01-15,a3c772d3fde52dbae832bi,2026-01-14 20:10:00,25,True,1,28,32,2305,3.2,230.57,0.028,True,0.0183,,,,,,,,,,,,,,,,
2026-01-15,a3c772d3fde52dbae832bi,2026-01-14 20:20:00,26,True,1,28,32,2300,3.2,230.06,0.028,True,0.0188,,,,,,,,,,,,,,,,
2026-01-15,a3c772d3fde52dbae832bi,2026-01-14 20:30:00,27,True,1,28,32,2304,3.2,230.4,0.028,True,0.0193,,,,,,,,,,,,,,,,
2026-01-15,a3c772d3fde52dbae832bi,2026-01-14 20:40:00,28,True,1,28,32,2316,3.24,231.62,0.029,True,0.0199,,,,,,,,,,,,,,,,
2026-01-15,a3c772d3fde52dbae832bi,2026-01-14 20:50:00,29,True,2,0,171,2319,17.18,231.99,0.0,True,0.0227,,,,,,,,,,,,,,,,
2026-01-15,a3c772d3fde52dbae832bi,2026-01-14 21:00:00,30,True,2,0,171,2311,17.18,231.14,0.0,True,0.0256,,,,,,,,,,,,,,,,
2026-01-15,a3c772d3fde52dbae832bi,2026-01-14 21:10:00,31,True,2,0,171,2318,17.18,231.83,0.0,True,0.0285,,,,,,,,,,,,,,,,
2026-01-15,a3c772d3fde52dbae832bi,2026-01-14 21:20:00,32,True,3,0,171,2314,17.18,231.41,0.0,True,0.0313,,,,,,,,,,,,,,,,
2026-01-15,a3c772d3fde52dbae832bi,2026-01-14 21:30:00,33,True,3,0,171,2308,17.18,230.84,0.0,True,0.0342,,,,,,,,,,,,,,,,
2026-01-15,a3c772d3fde52dbae832bi,2026-01-14 21:40:00,34,True,3,0,171,2314,17.18,231.42,0.0,True,0.0371,,,,,,,,,,,,,,,,
2026-01-15,a3c772d3fde52dbae832bi,2026-01-14 21:50:00,35,True,3,0,171,2315,17.18,231.52,0.0,True,0.0399,,,,,,,,,,,,,,,,
2026-01-15,a3c772d3fde52dbae832bi,2026-01-14 22:00:00,36,True,4,0,171,2309,17.18,230.92,0.0,True,0.0428,,,,,,,,,,,,,,,,
2026-01-15,a3c772d3fde52dbae832bi,2026-01-14 22:10:00,37,True,4,0,171,2309,17.18,230.95,0.0,True,0.0456,,,,,,,,,,,,,,,,
2026-01-15,a3c772d3fde52dbae832bi,2026-01-14 22:20:00,38,True,4,0,171,2312,17.18,231.26,0.0,True,0.0485,,,,,,,,,,,,,,,,
2026-01-15,a3c772d3fde52dbae832bi,2026-01-14 22:30:00,39,True,5,0,171,2312,17.18,231.26,0.0,True,0.0514,,,,,,,,,,,,,,,,
2026-01-15,a3c772d3fde52dbae832bi,2026-01-14 22:40:00,40,True,5,0,171,2315,17.18,231.56,0.0,True,0.0542,,,,,,,,,,,,,,,,
2026-01-15,a3c772d3fde52dbae832bi,2026-01-14 22:50:00,41,True,5,0,171,2309,17.18,230.91,0.0,True,0.0571,,,,,,,,,,,,,,,,
2026-01-15,a3c772d3fde52dbae832bi,2026-01-14 23:00:00,42,True,5,0,171,2313,17.18,231.38,0.0,True,0.06,,,,,,,,,,,,,,,,
2026-01-15,a3c772d3fde52dbae832bi,2026-01-14 23:10:00,43,True,6,0,171,2310,17.18,231.0,0.0,True,0.0628,,,,,,,,,,,,,,,,
2026-01-15,a3c772d3fde52dbae832bi,2026-01-14 23:20:00,44,True,6,0,171,2315,17.18,231.54,0.0,True,0.0657,,,,,,,,,,,,,,,,
2026-01-15,a3c772d3fde52dbae832bi,2026-01-14 23:30:00,45,True,6,0,171,2305,17.18,230.53,0.0,True,0.0686,,,,,,,,,,,,,,,,
2026-01-15,a3c772d3fde52dbae832bi,2026-01-14 23:40:00,46,True,7,0,171,2309,17.18,230.98,0.0,True,0.0714,,,,,,,,,,,,,,,,
2026-01-15,a3c772d3fde52dbae832bi,2026-01-14 23:50:00,47,True,7,0,171,2306,17.18,230.69,0.0,True,0.0743,,,,,,,,,,,,,,,,
2026-01-15,a3c772d3fde52dbae832bi,2026-01-15 00:00:00,48,True,7,0,171,2301,17.18,230.17,0.0,True,0.0771,,,,,,,,,,,,,,,,
2026-01-15,a3c772d3fde52dbae832bi,2026-01-15 00:10:00,49,True,8,0,171,2323,17.18,232.31,0.0,True,0.08,,,,,,,,,,,,,,,,
2026-01-15,a3c772d3fde52dbae832bi,2026-01-15 00:20:00,50,True,8,0,171,2317,17.18,231.75,0.0,True,0.0829,,,,,,,,,,,,,,,,
2026-01-15,a3c772d3fde52dbae832bi,2026-01-15 00:30:00,51,True,8,0,171,2321,17.18,232.13,0.0,True,0.0857,,,,,,,,,,,,,,,,
2026-01-15,a3c772d3fde52dbae832bi,2026-01-15 00:40:00,52,True,8,0,171,2328,17.18,232.87,0.0,True,0.0886,,,,,,,,,,,,,,,,
2026-01-15,a3c772d3fde52dbae832bi,2026-01-15 00:50:00,53,False,8,0,0,2317,0.0,231.72,0.0,False,0.0886,,,,,,,,,,,,,,,,
2026-01-15,a3c772d3fde52dbae832bi,2026-01-15 01:00:00,54,True,9,0,171,2321,17.18,232.18,0.0,True,0.0915,,,,,,,,,,,,,,,,
2026-01-15,a3c772d3fde52dbae832bi,2026-01-15 01:10:00,55,True,9,0,171,2310,17.18,231.09,0.0,True,0.0943,,,,,,,,,,,,,,,,
2026-01-15,a3c772d3fde52dbae832bi,2026-01-15 01:20:00,56,True,9,0,171,2334,17.18,233.4,0.0,True,0.0972,,,,,,,,,,,,,,,,
2026-01-15,a3c772d3fde52dbae832bi,2026-01-15 01:30:00,57,True,10,0,171,2334,17.18,233.4,0.0,True,0.1001,,,,,,,,,,,,,,,,
2026-01-15,a3c772d3fde52dbae832bi,2026-01-15 01:40:00,58,True,10,0,171,2328,17.18,232.81,0.0,True,0.1029,,,,,,,,,,,,,,,,
2026-01-15,a3c772d3fde52dbae832bi,2026-01-15 01:50:00,59,True,10,0,171,2313,17.18,231.31,0.0,True,0.1058,,,,,,,,,,,,,,,,
2026-01-15,a3c772d3fde52dbae832bi,2026-01-15 02:00:00,60,True,10,0,171,2303,17.18,230.3,0.0,True,0.1086,,,,,,,,,,,,,,,,
2026-01-15,a3c772d3fde52dbae832bi,2026-01-15 02:10:00,61,True,11,0,171,2297,17.18,229.76,0.0,True,0.1115,,,,,,,,,,,,,,,,
2026-01-15,a3c772d3fde52dbae832bi,2026-01-15 02:20:00,62,True,11,0,171,2299,17.18,229.97,0.0,True,0.1144,,,,,,,,,,,,,,,,
2026-01-15,a3c772d3fde52dbae832bi,2026-01-15 02:30:00,63,True,11,0,171,2300,17.18,230.07,0.0,True,0.1172,,,,,,,,,,,,,,,,
2026-01-15,a3c772d3fde52dbae832bi,2026-01-15 02:40:00,64,True,12,0,171,2300,17.18,230.01,0.0,True,0.1201,,,,,,,,,,,,,,,,
2026-01-15,a3c772d3fde52dbae832bi,2026-01-15 02:50:00,65,True,12,0,171,2298,17.18,229.81,0.0,True,0.123,,,,,,,,,,,,,,,,
2026-01-15,a3c772d3fde52dbae832bi,2026-01-15 03:00:00,66,True,12,0,171,2302,17.18,230.23,0.0,True,0.1258,,,,,,,,,,,,,,,,
2026-01-15,a3c772d3fde52dbae832bi,2026-01-15 03:10:00,67,True,12,0,171,2298,17.18,229.81,0.0,True,0.1287,,,,,,,,,,,,,,,,
2026-01-15,a3c772d3fde52dbae832bi,2026-01-15 03:20:00,68,True,13,0,171,2301,17.18,230.12,0.0,True,0.1316,,,,,,,,,,,,,,,,
2026-01-15,a3c772d3fde52dbae832bi,2026-01-15 03:30:00,69,True,13,0,171,2310,17.18,231.09,0.0,True,0.1344,,,,,,,,,,,,,,,,
2026-01-15,a3c772d3fde52dbae832bi,2026-01-15 03:40:00,70,True,13,0,171,2312,17.18,231.29,0.0,True,0.1373,,,,,,,,,,,,,,,,
2026-01-15,a3c772d3fde52dbae832bi,2026-01-15 03:50:00,71,True,14,0,171,2323,17.18,232.3,0.0,True,0.1401,,,,,,,,,,,,,,,,
2026-01-15,a3c772d3fde52dbae832bi,2026-01-15 04:00:00,72,True,14,0,171,2304,17.18,230.46,0.0,True,0.143,,,,,,,,,,,,,,,,
2026-01-15,a3c772d3fde52dbae832bi,2026-01-15 04:10:00,73,True,14,0,171,2305,17.18,230.57,0.0,True,0.1459,,,,,,,,,,,,,,,,
2026-01-15,a3c772d3fde52dbae832bi,2026-01-15 04:20:00,74,True,14,0,171,2322,17.18,232.22,0.0,True,0.1487,,,,,,,,,,,,,,,,
2026-01-15,a3c772d3fde52dbae832bi,2026-01-15 04:30:00,75,True,15,0,171,2297,17.18,229.72,0.0,True,0.1516,,,,,,,,,,,,,,,,
2026-01-15,a3c772d3fde52dbae832bi,2026-01-15 04:40:00,76,True,15,0,171,2305,17.18,230.56,0.0,True,0.1545,,,,,,,,,,,,,,,,
2026-01-15,a3c772d3fde52dbae832bi,2026-01-15 04:50:00,77,True,15,0,171,2305,17.18,230.52,0.0,True,0.1573,,,,,,,,,,,,,,,,
2026-01-15,a3c772d3fde52dbae832bi,2026-01-15 05:00:00,78,True,15,36,41,2309,4.18,230.9,0.037,True,0.158,,,,,,,,,,,,,,,,
2026-01-15,a3c772d3fde52dbae832bi,2026-01-15 05:10:00,79,False,15,0,0,2321,0.0,232.15,0.0,False,0.158,,,,,,,,,,,,,,,,
2026-01-15,a3c772d3fde52dbae832bi,2026-01-15 05:20:00,80,True,15,18,20,2317,2.09,231.78,0.018,True,0.1584,,,,,,,,,,,,,,,,
2026-01-15,a3c772d3fde52dbae832bi,2026-01-15 05:30:00,81,False,15,0,0,2330,0.0,233.07,0.0,False,0.1584,,,,,,,,,,,,,,,,
2026-01-15,a3c772d3fde52dbae832bi,2026-01-15 05:40:00,82,True,15,18,20,2309,2.09,230.9,0.018,True,0.1587,,,,,,,,,,,,,,,,
2026-01-15,a3c772d3fde52dbae832bi,2026-01-15 05:50:00,83,True,15,18,20,2309,2.09,230.9,0.018,True,0.1591,,,,,,,,,,,,,,,,
2026-01-15,a3c772d3fde52dbae832bi,2026-01-15 06:00:00,84,True,16,53,61,2317,6.1,231.75,0.054,True,0.1601,,,,,,,,,,,,,,,,
2026-01-15,a3c772d3fde52dbae832bi,2026-01-15 06:10:00,85,True,16,35,40,2324,4.08,232.48,0.036,True,0.1608,,,,,,,,,,,,,,,,
2026-01-15,a3c772d3fde52dbae832bi,2026-01-15 06:20:00,86,True,16,72,82,2317,8.26,231.76,0.073,True,0.1621,,,,,,,,,,,,,,,,
2026-01-15,a3c772d3fde52dbae832bi,2026-01-15 06:30:00,87,True,16,74,84,2311,8.48,231.17,0.075,True,0.1636,,,,,,,,,,,,,,,,
2026-01-15,a3c772d3fde52dbae832bi,2026-01-15 06:40:00,88,True,16,87,99,2314,9.98,231.41,0.088,True,0.1652,,,,,,,,,,,,,,,,
2026-01-15,a3c772d3fde52dbae832bi,2026-01-15 06:50:00,89,True,16,108,122,2311,12.29,231.16,0.108,True,0.1673,,,,,,,,,,,,,,,,
2026-01-15,a3c772d3fde52dbae832bi,2026-01-15 07:00:00,90,True,16,72,81,2304,8.14,230.43,0.072,True,0.1686,,,,,,,,,,,,,,,,
2026-01-15,a3c772d3fde52dbae832bi,2026-01-15 07:10:00,91,True,17,126,143,2311,14.37,231.16,0.127,True,0.171,,,,,,,,,,,,,,,,
2026-01-15,a3c772d3fde52dbae832bi,2026-01-15 07:20:00,92,True,17,107,122,2304,12.21,230.42,0.108,True,0.1731,,,,,,,,,,,,,,,,
2026-01-15,a3c772d3fde52dbae832bi,2026-01-15 07:30:00,93,True,17,122,119,1980,11.9,198.06,0.122,True,0.175,,,,,,,,,,,,,,,,
2026-01-15,a3c772d3fde52dbae832bi,2026-01-15 07:40:00,94,True,17,122,138,2310,13.89,231.09,0.122,True,0.1774,,,,,,,,,,,,,,,,
2026-01-15,a3c772d3fde52dbae832bi,2026-01-15 07:50:00,95,True,17,122,138,2312,13.86,231.27,0.122,True,0.1797,,,,,,,,,,,,,,,,
2026-01-15,a3c772d3fde52dbae832bi,2026-01-15 08:00:00,96,True,18,122,138,2312,13.86,231.27,0.122,True,0.182,,,,,,,,,,,,,,,,
2026-01-15,a3c772d3fde52dbae832bi,2026-01-15 08:10:00,97,True,18,140,159,2314,15.93,231.47,0.14,True,0.1846,,,,,,,,,,,,,,,,
2026-01-15,a3c772d3fde52dbae832bi,2026-01-15 08:20:00,98,True,18,139,159,2316,15.91,231.64,0.14,True,0.1873,,,,,,,,,,,,,,,,
2026-01-15,a3c772d3fde52dbae832bi,2026-01-15 08:30:00,99,True,18,139,159,2316,15.91,231.64,0.14,True,0.1899,,,,,,,,,,,,,,,,
2026-01-15,a3c772d3fde52dbae832bi,2026-01-15 08:40:00,100,True,19,157,179,2320,17.92,232.02,0.157,True,0.1929,,,,,,,,,,,,,,,,
2026-01-15,a3c772d3fde52dbae832bi,2026-01-15 08:50:00,101,True,19,139,159,2319,15.91,231.96,0.14,True,0.1956,,,,,,,,,,,,,,,,
2026-01-15,a3c772d3fde52dbae832bi,2026-01-15 09:00:00,102,True,19,139,158,2319,15.89,231.96,0.14,True,0.1982,,,,,,,,,,,,,,,,
2026-01-15,a3c772d3fde52dbae832bi,2026-01-15 09:10:00,103,True,20,121,138,2317,13.84,231.76,0.122,True,0.2005,,,,,,,,,,,,,,,,
2026-01-15,a3c772d3fde52dbae832bi,2026-01-15 09:20:00,104,True,20,139,158,2319,15.89,231.9,0.14,True,0.2032,,,,,,,,,,,,,,,,
2026-01-15,a3c772d3fde52dbae832bi,2026-01-15 09:30:00,105,True,20,139,158,2319,15.89,231.96,0.14,True,0.2058,,,,,,,,,,,,,,,,
2026-01-15,a3c772d3fde52dbae832bi,2026-01-15 09:40:00,106,True,20,103,117,2315,11.78,231.5,0.104,True,0.2078,,,,,,,,,,,,,,,,
2026-01-15,a3c772d3fde52dbae832bi,2026-01-15 09:50:00,107,True,21,139,158,2315,15.86,231.53,0.14,True,0.2104,,,,,,,,,,,,,,,,
2026-01-15,a3c772d3fde52dbae832bi,2026-01-15 10:00:00,108,True,21,121,138,2314,13.84,231.46,0.122,True,0.2127,,,,,,,,,,,,,,,,
2026-01-15,a3c772d3fde52dbae832bi,2026-01-15 10:10:00,109,True,21,103,117,2315,11.78,231.52,0.104,True,0.2147,,,,,,,,,,,,,,,,
2026-01-15,a3c772d3fde52dbae832bi,2026-01-15 10:20:00,110,True,21,103,117,2308,11.71,230.8,0.103,True,0.2167,,,,,,,,,,,,,,,,
2026-01-15,a3c772d3fde52dbae832bi,2026-01-15 10:30:00,111,True,21,103,116,2308,11.68,230.8,0.103,True,0.2186,,,,,,,,,,,,,,,,
2026-01-15,a3c772d3fde52dbae832bi,2026-01-15 10:40:00,112,True,22,85,96,2313,9.69,231.36,0.085,True,0.2202,,,,,,,,,,,,,,,,
2026-01-15,a3c772d3fde52dbae832bi,2026-01-15 10:50:00,113,True,22,120,137,2313,13.73,231.3,0.121,True,0.2225,,,,,,,,,,,,,,,,
2026-01-15,a3c772d3fde52dbae832bi,2026-01-15 11:00:00,114,True,22,103,117,2317,11.73,231.77,0.103,True,0.2245,,,,,,,,,,,,,,,,
2026-01-15,a3c772d3fde52dbae832bi,2026-01-15 11:10:00,115,True,22,85,97,2327,9.79,232.74,0.086,True,0.2261,,,,,,,,,,,,,,,,
2026-01-15,a3c772d3fde52dbae832bi,2026-01-15 11:20:00,116,True,22,85,97,2322,9.77,232.24,0.086,True,0.2277,,,,,,,,,,,,,,,,
2026-01-15,a3c772d3fde52dbae832bi,2026-01-15 11:30:00,117,True,22,103,118,2325,11.84,232.57,0.104,True,0.2297,,,,,,,,,,,,,,,,
2026-01-15,a3c772d3fde52dbae832bi,2026-01-15 11:40:00,118,True,23,85,97,2320,9.76,232.04,0.086,True,0.2313,,,,,,,,,,,,,,,,
2026-01-15,a3c772d3fde52dbae832bi,2026-01-15 11:50:00,119,True,23,139,159,2323,15.94,232.36,0.14,True,0.234,,,,,,,,,,,,,,,,
2026-01-15,a3c772d3fde52dbae832bi,2026-01-15 12:00:00,120,True,23,139,159,2323,15.92,232.36,0.14,True,0.2366,,,,,,,,,,,,,,,,
2026-01-15,a3c772d3fde52dbae832bi,2026-01-15 12:10:00,121,True,23,103,118,2326,11.82,232.6,0.103,True,0.2386,,,,,,,,,,,,,,,,
2026-01-15,a3c772d3fde52dbae832bi,2026-01-15 12:20:00,122,True,24,121,138,2322,13.85,232.27,0.121,True,0.2409,,,,,,,,,,,,,,,,
2026-01-15,a3c772d3fde52dbae832bi,2026-01-15 12:30:00,123,True,24,121,138,2322,13.85,232.27,0.121,True,0.2432,,,,,,,,,,,,,,,,
2026-01-15,a3c772d3fde52dbae832bi,2026-01-15 12:40:00,124,True,24,121,138,2321,13.85,232.14,0.122,True,0.2455,,,,,,,,,,,,,,,,
2026-01-15,a3c772d3fde52dbae832bi,2026-01-15 12:50:00,125,True,24,103,118,2320,11.8,232.08,0.104,True,0.2475,,,,,,,,,,,,,,,,
2026-01-15,a3c772d3fde52dbae832bi,2026-01-15 13:00:00,126,True,24,121,137,2308,13.75,230.89,0.121,True,0.2498,,,,,,,,,,,,,,,,
2026-01-15,a3c772d3fde52dbae832bi,2026-01-15 13:10:00,127,True,25,103,116,2305,11.66,230.51,0.103,True,0.2517,,,,,,,,,,,,,,,,
2026-01-15,a3c772d3fde52dbae832bi,2026-01-15 13:20:00,128,True,25,103,116,2303,11.67,230.39,0.103,True,0.2537,,,,,,,,,,,,,,,,
2026-01-15,a3c772d3fde52dbae832bi,2026-01-15 13:30:00,129,True,25,103,116,2303,11.67,230.39,0.103,True,0.2556,,,,,,,,,,,,,,,,
2026-01-15,a3c772d3fde52dbae832bi,2026-01-15 13:40:00,130,True,25,49,56,2294,5.62,229.4,0.05,True,0.2566,,,,,,,,,,,,,,,,
2026-01-15,a3c772d3fde52dbae832bi,2026-01-15 13:50:00,131,True,25,49,56,2294,5.62,229.4,0.05,True,0.2575,,,,,,,,,,,,,,,,
2026-01-15,a3c772d3fde52dbae832bi,2026-01-15 14:00:00,132,True,25,67,76,2297,7.61,229.75,0.068,True,0.2588,,,,,,,,,,,,,,,,
2026-01-15,a3c772d3fde52dbae832bi,2026-01-15 14:10:00,133,True,26,67,75,2290,7.58,229.04,0.067,True,0.26,,,,,,,,,,,,,,,,
2026-01-15,a3c772d3fde52dbae832bi,2026-01-15 14:20:00,134,True,26,49,56,2292,5.61,229.2,0.05,True,0.261,,,,,,,,,,,,,,,,
2026-01-15,a3c772d3fde52dbae832bi,2026-01-15 14:30:00,135,True,26,49,56,2292,5.61,229.2,0.05,True,0.2619,,,,,,,,,,,,,,,,
2026-01-15,a3c772d3fde52dbae832bi,2026-01-15 14:40:00,136,True,26,67,75,2291,7.58,229.17,0.067,True,0.2632,,,,,,,,,,,,,,,,
2026-01-15,a3c772d3fde52dbae832bi,2026-01-15 14:50:00,137,True,26,67,75,2291,7.58,229.17,0.067,True,0.2644,,,,,,,,,,,,,,,,
2026-01-15,a3c772d3fde52dbae832bi,2026-01-15 15:00:00,138,True,26,49,55,2296,5.59,229.67,0.05,True,0.2654,,,,,,,,,,,,,,,,
2026-01-15,a3c772d3fde52dbae832bi,2026-01-15 15:10:00,139,True,26,49,55,2296,5.59,229.67,0.05,True,0.2663,,,,,,,,,,,,,,,,
2026-01-15,a3c772d3fde52dbae832bi,2026-01-15 15:20:00,140,True,26,49,56,2298,5.6,229.8,0.05,True,0.2672,,,,,,,,,,,,,,,,
2026-01-15,a3c772d3fde52dbae832bi,2026-01-15 15:30:00,141,True,26,49,56,2302,5.6,230.22,0.05,True,0.2682,,,,,,,,,,,,,,,,
2026-01-15,a3c772d3fde52dbae832bi,2026-01-15 15:40:00,142,True,26,49,55,2287,5.55,228.78,0.049,True,0.2691,,,,,,,,,,,,,,,,
2026-01-15,a3c772d3fde52dbae832bi,2026-01-15 15:50:00,143,True,26,49,55,2287,5.55,228.78,0.049,True,0.27,,,,,,,,,,,,,,,,
2026-01-16,a3c772d3fde52dbae832bi,2026-01-15 16:00:00,0,True,0,84,95,2290,9.52,229.09,0.085,True,0.0016,,,,,,,,,,,,,,,,
2026-01-16,a3c772d3fde52dbae832bi,2026-01-15 16:10:00,1,True,0,98,110,2287,11.09,228.74,0.099,True,0.0034,,,,,,,,,,,,,,,,
2026-01-16,a3c772d3fde52dbae832bi,2026-01-15 16:20:00,2,True,0,98,111,2295,11.12,229.51,0.099,True,0.0053,,,,,,,,,,,,,,,,
2026-01-16,a3c772d3fde52dbae832bi,2026-01-15 16:30:00,3,True,0,45,51,2295,5.13,229.51,0.045,True,0.0061,,,,,,,,,,,,,,,,
2026-01-16,a3c772d3fde52dbae832bi,2026-01-15 16:40:00,4,True,0,46,52,2310,5.27,231.03,0.047,True,0.007,,,,,,,,,,,,,,,,
2026-01-16,a3c772d3fde52dbae832bi,2026-01-15 16:50:00,5,True,0,28,32,2308,3.27,230.84,0.029,True,0.0076,,,,,,,,,,,,,,,,
2026-01-16,a3c772d3fde52dbae832bi,2026-01-15 17:00:00,6,True,0,28,32,2308,3.27,230.82,0.029,True,0.0081,,,,,,,,,,,,,,,,
2026-01-16,a3c772d3fde52dbae832bi,2026-01-15 17:10:00,7,True,0,29,32,2300,3.27,230.06,0.029,True,0.0087,,,,,,,,,,,,,,,,
2026-01-16,a3c772d3fde52dbae832bi,2026-01-15 17:20:00,8,True,0,28,32,2301,3.27,230.17,0.029,True,0.0092,,,,,,,,,,,,,,,,
2026-01-16,a3c772d3fde52dbae832bi,2026-01-15 17:30:00,9,True,0,28,32,2302,3.27,230.28,0.029,True,0.0098,,,,,,,,,,,,,,,,
2026-01-16,a3c772d3fde52dbae832bi,2026-01-15 17:40:00,10,True,1,28,32,2301,3.27,230.19,0.029,True,0.0103,,,,,,,,,,,,,,,,
2026-01-16,a3c772d3fde52dbae832bi,2026-01-15 17:50:00,11,True,1,28,32,2300,3.23,230.02,0.029,True,0.0108,,,,,,,,,,,,,,,,
2026-01-16,a3c772d3fde52dbae832bi,2026-01-15 18:00:00,12,True,1,28,32,2296,3.23,229.62,0.029,True,0.0114,,,,,,,,,,,,,,,,
2026-01-16,a3c772d3fde52dbae832bi,2026-01-15 18:10:00,13,True,1,28,32,2295,3.23,229.57,0.029,True,0.0119,,,,,,,,,,,,,,,,
2026-01-16,a3c772d3fde52dbae832bi,2026-01-15 18:20:00,14,True,1,28,32,2303,3.23,230.37,0.029,True,0.0124,,,,,,,,,,,,,,,,
2026-01-16,a3c772d3fde52dbae832bi,2026-01-15 18:30:00,15,True,1,27,31,2299,3.16,229.93,0.028,True,0.013,,,,,,,,,,,,,,,,
2026-01-16,a3c772d3fde52dbae832bi,2026-01-15 18:40:00,16,True,1,27,31,2303,3.16,230.39,0.028,True,0.0135,,,,,,,,,,,,,,,,
2026-01-16,a3c772d3fde52dbae832bi,2026-01-15 18:50:00,17,True,1,27,31,2303,3.16,230.3,0.028,True,0.014,,,,,,,,,,,,,,,,
2026-01-16,a3c772d3fde52dbae832bi,2026-01-15 19:00:00,18,True,1,27,31,2301,3.16,230.17,0.028,True,0.0146,,,,,,,,,,,,,,,,
2026-01-16,a3c772d3fde52dbae832bi,2026-01-15 19:10:00,19,True,1,27,31,2301,3.16,230.17,0.028,True,0.0151,,,,,,,,,,,,,,,,
2026-01-16,a3c772d3fde52dbae832bi,2026-01-15 19:20:00,20,True,1,27,31,2303,3.16,230.35,0.028,True,0.0156,,,,,,,,,,,,,,,,
2026-01-16,a3c772d3fde52dbae832bi,2026-01-15 19:30:00,21,True,1,27,31,2302,3.16,230.27,0.028,True,0.0161,,,,,,,,,,,,,,,,
2026-01-16,a3c772d3fde52dbae832bi,2026-01-15 19:40:00,22,True,1,28,31,2309,3.18,230.96,0.028,True,0.0167,,,,,,,,,,,,,,,,
2026-01-16,a3c772d3fde52dbae832bi,2026-01-15 19:50:00,23,True,1,28,32,2302,3.2,230.25,0.028,True,0.0172,,,,,,,,,,,,,,,,
2026-01-16,a3c772d3fde52dbae832bi,2026-01-15 20:00:00,24,True,1,28,32,2301,3.2,230.12,0.028,True,0.0177,,,,,,,,,,,,,,,,
2026-01-16,a3c772d3fde52dbae832bi,2026-01-15 20:10:00,25,True,1,28,32,2305,3.2,230.57,0.028,True,0.0183,,,,,,,,,,,,,,,,
2026-01-16,a3c772d3fde52dbae832bi,2026-01-15 20:20:00,26,True,1,28,32,2300,3.2,230.06,0.028,True,0.0188,,,,,,,,,,,,,,,,
2026-01-16,a3c772d3fde52dbae832bi,2026-01-15 20:30:00,27,True,1,28,32,2304,3.2,230.4,0.028,True,0.0193,,,,,,,,,,,,,,,,
2026-01-16,a3c772d3fde52dbae832bi,2026-01-15 20:40:00,28,True,1,28,32,2316,3.24,231.62,0.029,True,0.0199,,,,,,,,,,,,,,,,
2026-01-16,a3c772d3fde52dbae832bi,2026-01-15 20:50:00,29,True,2,0,171,2319,17.18,231.99,0.0,True,0.0227,,,,,,,,,,,,,,,,
2026-01-16,a3c772d3fde52dbae832bi,2026-01-15 21:00:00,30,True,2,0,171,2311,17.18,231.14,0.0,True,0.0256,,,,,,,,,,,,,,,,
2026-01-16,a3c772d3fde52dbae832bi,2026-01-15 21:10:00,31,True,2,0,171,2318,17.18,231.83,0.0,True,0.0285,,,,,,,,,,,,,,,,
2026-01-16,a3c772d3fde52dbae832bi,2026-01-15 21:20:00,32,True,3,0,171,2314,17.18,231.41,0.0,True,0.0313,,,,,,,,,,,,,,,,
2026-01-16,a3c772d3fde52dbae832bi,2026-01-15 21:30:00,33,True,3,0,171,2308,17.18,230.84,0.0,True,0.0342,,,,,,,,,,,,,,,,
2026-01-16,a3c772d3fde52dbae832bi,2026-01-15 21:40:00,34,True,3,0,171,2314,17.18,231.42,0.0,True,0.0371,,,,,,,,,,,,,,,,
2026-01-16,a3c772d3fde52dbae832bi,2026-01-15 21:50:00,35,True,3,0,171,2315,17.18,231.52,0.0,True,0.0399,,,,,,,,,,,,,,,,
2026-01-16,a3c772d3fde52dbae832bi,2026-01-15 22:00:00,36,True,4,0,171,2309,17.18,230.92,0.0,True,0.0428,,,,,,,,,,,,,,,,
2026-01-16,a3c772d3fde52dbae832bi,2026-01-15 22:10:00,37,True,4,0,171,2309,17.18,230.95,0.0,True,0.0456,,,,,,,,,,,,,,,,
2026-01-16,a3c772d3fde52dbae832bi,2026-01-15 22:20:00,38,True,4,0,171,2312,17.18,231.26,0.0,True,0.0485,,,,,,,,,,,,,,,,
2026-01-16,a3c772d3fde52dbae832bi,2026-01-15 22:30:00,39,True,5,0,171,2312,17.18,231.26,0.0,True,0.0514,,,,,,,,,,,,,,,,
2026-01-16,a3c772d3fde52dbae832bi,2026-01-15 22:40:00,40,True,5,0,171,2315,17.18,231.56,0.0,True,0.0542,,,,,,,,,,,,,,,,
2026-01-16,a3c772d3fde52dbae832bi,2026-01-15 22:50:00,41,True,5,0,171,2309,17.18,230.91,0.0,True,0.0571,,,,,,,,,,,,,,,,
2026-01-16,a3c772d3fde52dbae832bi,2026-01-15 23:00:00,42,True,5,0,171,2313,17.18,231.38,0.0,True,0.06,,,,,,,,,,,,,,,,
2026-01-16,a3c772d3fde52dbae832bi,2026-01-15 23:10:00,43,True,6,0,171,2310,17.18,231.0,0.0,True,0.0628,,,,,,,,,,,,,,,,
2026-01-16,a3c772d3fde52dbae832bi,2026-01-15 23:20:00,44,True,6,0,171,2315,17.18,231.54,0.0,True,0.0657,,,,,,,,,,,,,,,,
2026-01-16,a3c772d3fde52dbae832bi,2026-01-15 23:30:00,45,True,6,0,171,2305,17.18,230.53,0.0,True,0.0686,,,,,,,,,,,,,,,,
2026-01-16,a3c772d3fde52dbae832bi,2026-01-15 23:40:00,46,True,7,0,171,2309,17.18,230.98,0.0,True,0.0714,,,,,,,,,,,,,,,,
2026-01-16,a3c772d3fde52dbae832bi,2026-01-15 23:50:00,47,True,7,0,171,2306,17.18,230.69,0.0,True,0.0743,,,,,,,,,,,,,,,,
2026-01-16,a3c772d3fde52dbae832bi,2026-01-16 00:00:00,48,True,7,0,171,2301,17.18,230.17,0.0,True,0.0771,,,,,,,,,,,,,,,,
2026-01-16,a3c772d3fde52dbae832bi,2026-01-16 00:10:00,49,True,8,0,171,2323,17.18,232.31,0.0,True,0.08,,,,,,,,,,,,,,,,
2026-01-16,a3c772d3fde52dbae832bi,2026-01-16 00:20:00,50,True,8,0,171,2317,17.18,231.75,0.0,True,0.0829,,,,,,,,,,,,,,,,
2026-01-16,a3c772d3fde52dbae832bi,2026-01-16 00:30:00,51,True,8,0,171,2321,17.18,232.13,0.0,True,0.0857,,,,,,,,,,,,,,,,
2026-01-16,a3c772d3fde52dbae832bi,2026-01-16 00:40:00,52,True,8,0,171,2328,17.18,232.87,0.0,True,0.0886,,,,,,,,,,,,,,,,
2026-01-16,a3c772d3fde52dbae832bi,2026-01-16 00:50:00,53,False,8,0,0,2317,0.0,231.72,0.0,False,0.0886,,,,,,,,,,,,,,,,
2026-01-16,a3c772d3fde52dbae832bi,2026-01-16 01:00:00,54,True,9,0,171,2321,17.18,232.18,0.0,True,0.0915,,,,,,,,,,,,,,,,
2026-01-16,a3c772d3fde52dbae832bi,2026-01-16 01:10:00,55,True,9,0,171,2310,17.18,231.09,0.0,True,0.0943,,,,,,,,,,,,,,,,
2026-01-16,a3c772d3fde52dbae832bi,2026-01-16 01:20:00,56,True,9,0,171,2334,17.18,233.4,0.0,True,0.0972,,,,,,,,,,,,,,,,
2026-01-16,a3c772d3fde52dbae832bi,2026-01-16 01:30:00,57,True,10,0,171,2334,17.18,233.4,0.0,True,0.1001,,,,,,,,,,,,,,,,
2026-01-16,a3c772d3fde52dbae832bi,2026-01-16 01:40:00,58,True,10,0,171,2328,17.18,232.81,0.0,True,0.1029,,,,,,,,,,,,,,,,
2026-01-16,a3c772d3fde52dbae832bi,2026-01-16 01:50:00,59,True,10,0,171,2313,17.18,231.31,0.0,True,0.1058,,,,,,,,,,,,,,,,
2026-01-16,a3c772d3fde52dbae832bi,2026-01-16 02:00:00,60,True,10,0,171,2303,17.18,230.3,0.0,True,0.1086,,,,,,,,,,,,,,,,
2026-01-16,a3c772d3fde52dbae832bi,2026-01-16 02:10:00,61,True,11,0,171,2297,17.18,229.76,0.0,True,0.1115,,,,,,,,,,,,,,,,
2026-01-16,a3c772d3fde52dbae832bi,2026-01-16 02:20:00,62,True,11,0,171,2299,17.18,229.97,0.0,True,0.1144,,,,,,,,,,,,,,,,
2026-01-16,a3c772d3fde52dbae832bi,2026-01-16 02:30:00,63,True,11,0,171,2300,17.18,230.07,0.0,True,0.1172,,,,,,,,,,,,,,,,
2026-01-16,a3c772d3fde52dbae832bi,2026-01-16 02:40:00,64,True,12,0,171,2300,17.18,230.01,0.0,True,0.1201,,,,,,,,,,,,,,,,
2026-01-16,a3c772d3fde52dbae832bi,2026-01-16 02:50:00,65,True,12,0,171,2298,17.18,229.81,0.0,True,0.123,,,,,,,,,,,,,,,,
2026-01-16,a3c772d3fde52dbae832bi,2026-01-16 03:00:00,66,True,12,0,171,2302,17.18,230.23,0.0,True,0.1258,,,,,,,,,,,,,,,,
2026-01-16,a3c772d3fde52dbae832bi,2026-01-16 03:10:00,67,True,12,0,171,2298,17.18,229.81,0.0,True,0.1287,,,,,,,,,,,,,,,,
2026-01-16,a3c772d3fde52dbae832bi,2026-01-16 03:20:00,68,True,13,0,171,2301,17.18,230.12,0.0,True,0.1316,,,,,,,,,,,,,,,,
2026-01-16,a3c772d3fde52dbae832bi,2026-01-16 03:30:00,69,True,13,0,171,2310,17.18,231.09,0.0,True,0.1344,,,,,,,,,,,,,,,,
2026-01-16,a3c772d3fde52dbae832bi,2026-01-16 03:40:00,70,True,13,0,171,2312,17.18,231.29,0.0,True,0.1373,,,,,,,,,,,,,,,,
2026-01-16,a3c772d3fde52dbae832bi,2026-01-16 03:50:00,71,True,14,0,171,2323,17.18,232.3,0.0,True,0.1401,,,,,,,,,,,,,,,,
2026-01-16,a3c772d3fde52dbae832bi,2026-01-16 04:00:00,72,True,14,0,171,2304,17.18,230.46,0.0,True,0.143,,,,,,,,,,,,,,,,
2026-01-16,a3c772d3fde52dbae832bi,2026-01-16 04:10:00,73,True,14,0,171,2305,17.18,230.57,0.0,True,0.1459,,,,,,,,,,,,,,,,
2026-01-16,a3c772d3fde52dbae832bi,2026-01-16 04:20:00,74,True,14,0,171,2322,17.18,232.22,0.0,True,0.1487,,,,,,,,,,,,,,,,
2026-01-16,a3c772d3fde52dbae832bi,2026-01-16 04:30:00,75,True,15,0,171,2297,17.18,229.72,0.0,True,0.1516,,,,,,,,,,,,,,,,
2026-01-16,a3c772d3fde52dbae832bi,2026-01-16 04:40:00,76,True,15,0,171,2305,17.18,230.56,0.0,True,0.1545,,,,,,,,,,,,,,,,
2026-01-16,a3c772d3fde52dbae832bi,2026-01-16 04:50:00,77,True,15,0,171,2305,17.18,230.52,0.0,True,0.1573,,,,,,,,,,,,,,,,
2026-01-16,a3c772d3fde52dbae832bi,2026-01-16 05:00:00,78,True,15,36,41,2309,4.18,230.9,0.037,True,0.158,,,,,,,,,,,,,,,,
2026-01-16,a3c772d3fde52dbae832bi,2026-01-16 05:10:00,79,False,15,0,0,2321,0.0,232.15,0.0,False,0.158,,,,,,,,,,,,,,,,
2026-01-16,a3c772d3fde52dbae832bi,2026-01-16 05:20:00,80,True,15,18,20,2317,2.09,231.78,0.018,True,0.1584,,,,,,,,,,,,,,,,
2026-01-16,a3c772d3fde52dbae832bi,2026-01-16 05:30:00,81,False,15,0,0,2330,0.0,233.07,0.0,False,0.1584,,,,,,,,,,,,,,,,
2026-01-16,a3c772d3fde52dbae832bi,2026-01-16 05:40:00,82,True,15,18,20,2309,2.09,230.9,0.018,True,0.1587,,,,,,,,,,,,,,,,
2026-01-16,a3c772d3fde52dbae832bi,2026-01-16 05:50:00,83,True,15,18,20,2309,2.09,230.9,0.018,True,0.1591,,,,,,,,,,,,,,,,
2026-01-16,a3c772d3fde52dbae832bi,2026-01-16 06:00:00,84,True,16,53,61,2317,6.1,231.75,0.054,True,0.1601,,,,,,,,,,,,,,,,
2026-01-16,a3c772d3fde52dbae832bi,2026-01-16 06:10:00,85,True,16,35,40,2324,4.08,232.48,0.036,True,0.1608,,,,,,,,,,,,,,,,
2026-01-16,a3c772d3fde52dbae832bi,2026-01-16 06:20:00,86,True,16,72,82,2317,8.26,231.76,0.073,True,0.1621,,,,,,,,,,,,,,,,
2026-01-16,a3c772d3fde52dbae832bi,2026-01-16 06:30:00,87,True,16,74,84,2311,8.48,231.17,0.075,True,0.1636,,,,,,,,,,,,,,,,
2026-01-16,a3c772d3fde52dbae832bi,2026-01-16 06:40:00,88,True,16,87,99,2314,9.98,231.41,0.088,True,0.1652,,,,,,,,,,,,,,,,
2026-01-16,a3c772d3fde52dbae832bi,2026-01-16 06:50:00,89,True,16,108,122,2311,12.29,231.16,0.108,True,0.1673,,,,,,,,,,,,,,,,
2026-01-16,a3c772d3fde52dbae832bi,2026-01-16 07:00:00,90,True,16,72,81,2304,8.14,230.43,0.072,True,0.1686,,,,,,,,,,,,,,,,
2026-01-16,a3c772d3fde52dbae832bi,2026-01-16 07:10:00,91,True,17,126,143,2311,14.37,231.16,0.127,True,0.171,,,,,,,,,,,,,,,,
2026-01-16,a3c772d3fde52dbae832bi,2026-01-16 07:20:00,92,True,17,107,122,2304,12.21,230.42,0.108,True,0.1731,,,,,,,,,,,,,,,,
2026-01-16,a3c772d3fde52dbae832bi,2026-01-16 07:30:00,93,True,17,122,119,1980,11.9,198.06,0.122,True,0.175,,,,,,,,,,,,,,,,
2026-01-16,a3c772d3fde52dbae832bi,2026-01-16 07:40:00,94,True,17,122,138,2310,13.89,231.09,0.122,True,0.1774,,,,,,,,,,,,,,,,
2026-01-16,a3c772d3fde52dbae832bi,2026-01-16 07:50:00,95,True,17,122,138,2312,13.86,231.27,0.122,True,0.1797,,,,,,,,,,,,,,,,
2026-01-16,a3c772d3fde52dbae832bi,2026-01-16 08:00:00,96,True,18,122,138,2312,13.86,231.27,0.122,True,0.182,,,,,,,,,,,,,,,,
2026-01-16,a3c772d3fde52dbae832bi,2026-01-16 08:10:00,97,True,18,140,159,2314,15.93,231.47,0.14,True,0.1846,,,,,,,,,,,,,,,,
2026-01-16,a3c772d3fde52dbae832bi,2026-01-16 08:20:00,98,True,18,139,159,2316,15.91,231.64,0.14,True,0.1873,,,,,,,,,,,,,,,,
2026-01-16,a3c772d3fde52dbae832bi,2026-01-16 08:30:00,99,True,18,139,159,2316,15.91,231.64,0.14,True,0.1899,,,,,,,,,,,,,,,,
2026-01-16,a3c772d3fde52dbae832bi,2026-01-16 08:40:00,100,True,19,157,179,2320,17.92,232.02,0.157,True,0.1929,,,,,,,,,,,,,,,,
2026-01-16,a3c772d3fde52dbae832bi,2026-01-16 08:50:00,101,True,19,139,159,2319,15.91,231.96,0.14,True,0.1956,,,,,,,,,,,,,,,,
2026-01-16,a3c772d3fde52dbae832bi,2026-01-16 09:00:00,102,True,19,139,158,2319,15.89,231.96,0.14,True,0.1982,,,,,,,,,,,,,,,,
2026-01-16,a3c772d3fde52dbae832bi,2026-01-16 09:10:00,103,True,20,121,138,2317,13.84,231.76,0.122,True,0.2005,,,,,,,,,,,,,,,,
2026-01-16,a3c772d3fde52dbae832bi,2026-01-16 09:20:00,104,True,20,139,158,2319,15.89,231.9,0.14,True,0.2032,,,,,,,,,,,,,,,,
2026-01-16,a3c772d3fde52dbae832bi,2026-01-16 09:30:00,105,True,20,139,158,2319,15.89,231.96,0.14,True,0.2058,,,,,,,,,,,,,,,,
2026-01-16,a3c772d3fde52dbae832bi,2026-01-16 09:40:00,106,True,20,103,117,2315,11.78,231.5,0.104,True,0.2078,,,,,,,,,,,,,,,,
2026-01-16,a3c772d3fde52dbae832bi,2026-01-16 09:50:00,107,True,21,139,158,2315,15.86,231.53,0.14,True,0.2104,,,,,,,,,,,,,,,,
2026-01-16,a3c772d3fde52dbae832bi,2026-01-16 10:00:00,108,True,21,121,138,2314,13.84,231.46,0.122,True,0.2127,,,,,,,,,,,,,,,,
2026-01-16,a3c772d3fde52dbae832bi,2026-01-16 10:10:00,109,True,21,103,117,2315,11.78,231.52,0.104,True,0.2147,,,,,,,,,,,,,,,,
2026-01-16,a3c772d3fde52dbae832bi,2026-01-16 10:20:00,110,True,21,103,117,2308,11.71,230.8,0.103,True,0.2167,,,,,,,,,,,,,,,,
2026-01-16,a3c772d3fde52dbae832bi,2026-01-16 10:30:00,111,True,21,103,116,2308,11.68,230.8,0.103,True,0.2186,,,,,,,,,,,,,,,,
2026-01-16,a3c772d3fde52dbae832bi,2026-01-16 10:40:00,112,True,22,85,96,2313,9.69,231.36,0.085,True,0.2202,,,,,,,,,,,,,,,,
2026-01-16,a3c772d3fde52dbae832bi,2026-01-16 10:50:00,113,True,22,120,137,2313,13.73,231.3,0.121,True,0.2225,,,,,,,,,,,,,,,,
2026-01-16,a3c772d3fde52dbae832bi,2026-01-16 11:00:00,114,True,22,103,117,2317,11.73,231.77,0.103,True,0.2245,,,,,,,,,,,,,,,,
2026-01-16,a3c772d3fde52dbae832bi,2026-01-16 11:10:00,115,True,22,85,97,2327,9.79,232.74,0.086,True,0.2261,,,,,,,,,,,,,,,,
2026-01-16,a3c772d3fde52dbae832bi,2026-01-16 11:20:00,116,True,22,85,97,2322,9.77,232.24,0.086,True,0.2277,,,,,,,,,,,,,,,,
2026-01-16,a3c772d3fde52dbae832bi,2026-01-16 11:30:00,117,True,22,103,118,2325,11.84,232.57,0.104,True,0.2297,,,,,,,,,,,,,,,,
2026-01-16,a3c772d3fde52dbae832bi,2026-01-16 11:40:00,118,True,23,85,97,2320,9.76,232.04,0.086,True,0.2313,,,,,,,,,,,,,,,,
2026-01-16,a3c772d3fde52dbae832bi,2026-01-16 11:50:00,119,True,23,139,159,2323,15.94,232.36,0.14,True,0.234,,,,,,,,,,,,,,,,
2026-01-16,a3c772d3fde52dbae832bi,2026-01-16 12:00:00,120,True,23,139,159,2323,15.92,232.36,0.14,True,0.2366,,,,,,,,,,,,,,,,
2026-01-16,a3c772d3fde52dbae832bi,2026-01-16 12:10:00,121,True,23,103,118,2326,11.82,232.6,0.103,True,0.2386,,,,,,,,,,,,,,,,
2026-01-16,a3c772d3fde52dbae832bi,2026-01-16 12:20:00,122,True,24,121,138,2322,13.85,232.27,0.121,True,0.2409,,,,,,,,,,,,,,,,
2026-01-16,a3c772d3fde52dbae832bi,2026-01-16 12:30:00,123,True,24,121,138,2322,13.85,232.27,0.121,True,0.2432,,,,,,,,,,,,,,,,
2026-01-16,a3c772d3fde52dbae832bi,2026-01-16 12:40:00,124,True,24,121,138,2321,13.85,232.14,0.122,True,0.2455,,,,,,,,,,,,,,,,
2026-01-16,a3c772d3fde52dbae832bi,2026-01-16 12:50:00,125,True,24,103,118,2320,11.8,232.08,0.104,True,0.2475,,,,,,,,,,,,,,,,
2026-01-16,a3c772d3fde52dbae832bi,2026-01-16 13:00:00,126,True,24,121,137,2308,13.75,230.89,0.121,True,0.2498,,,,,,,,,,,,,,,,
2026-01-16,a3c772d3fde52dbae832bi,2026-01-16 13:10:00,127,True,25,103,116,2305,11.66,230.51,0.103,True,0.2517,,,,,,,,,,,,,,,,
2026-01-16,a3c772d3fde52dbae832bi,2026-01-16 13:20:00,128,True,25,103,116,2303,11.67,230.39,0.103,True,0.2537,,,,,,,,,,,,,,,,
2026-01-16,a3c772d3fde52dbae832bi,2026-01-16 13:30:00,129,True,25,103,116,2303,11.67,230.39,0.103,True,0.2556,,,,,,,,,,,,,,,,
2026-01-16,a3c772d3fde52dbae832bi,2026-01-16 13:40:00,130,True,25,49,56,2294,5.62,229.4,0.05,True,0.2566,,,,,,,,,,,,,,,,
2026-01-16,a3c772d3fde52dbae832bi,2026-01-16 13:50:00,131,True,25,49,56,2294,5.62,229.4,0.05,True,0.2575,,,,,,,,,,,,,,,,
2026-01-16,a3c772d3fde52dbae832bi,2026-01-16 14:00:00,132,True,25,67,76,2297,7.61,229.75,0.068,True,0.2588,,,,,,,,,,,,,,,,
2026-01-16,a3c772d3fde52dbae832bi,2026-01-16 14:10:00,133,True,26,67,75,2290,7.58,229.04,0.067,True,0.26,,,,,,,,,,,,,,,,
2026-01-16,a3c772d3fde52dbae832bi,2026-01-16 14:20:00,134,True,26,49,56,2292,5.61,229.2,0.05,True,0.261,,,,,,,,,,,,,,,,
2026-01-16,a3c772d3fde52dbae832bi,2026-01-16 14:30:00,135,True,26,49,56,2292,5.61,229.2,0.05,True,0.2619,,,,,,,,,,,,,,,,
2026-01-16,a3c772d3fde52dbae832bi,2026-01-16 14:40:00,136,True,26,67,75,2291,7.58,229.17,0.067,True,0.2632,,,,,,,,,,,,,,,,
2026-01-16,a3c772d3fde52dbae832bi,2026-01-16 14:50:00,137,True,26,67,75,2291,7.58,229.17,0.067,True,0.2644,,,,,,,,,,,,,,,,
2026-01-16,a3c772d3fde52dbae832bi,2026-01-16 15:00:00,138,True,26,49,55,2296,5.59,229.67,0.05,True,0.2654,,,,,,,,,,,,,,,,
2026-01-16,a3c772d3fde52dbae832bi,2026-01-16 15:10:00,139,True,26,49,55,2296,5.59,229.67,0.05,True,0.2663,,,,,,,,,,,,,,,,
2026-01-16,a3c772d3fde52dbae832bi,2026-01-16 15:20:00,140,True,26,49,56,2298,5.6,229.8,0.05,True,0.2672,,,,,,,,,,,,,,,,
2026-01-16,a3c772d3fde52dbae832bi,2026-01-16 15:30:00,141,True,26,49,56,2302,5.6,230.22,0.05,True,0.2682,,,,,,,,,,,,,,,,
2026-01-16,a3c772d3fde52dbae832bi,2026-01-16 15:40:00,142,True,26,49,55,2287,5.55,228.78,0.049,True,0.2691,,,,,,,,,,,,,,,,
2026-01-16,a3c772d3fde52dbae832bi,2026-01-16 15:50:00,143,True,26,49,55,2287,5.55,228.78,0.049,True,0.27,,,,,,,,,,,,,,,,
2026-01-17,a3c772d3fde52dbae832bi,2026-01-16 16:00:00,0,True,0,103,128,2290,12.82,229.09,0.103,True,0.0021,,,,,,,,,,,,,,,,
2026-01-17,a3c772d3fde52dbae832bi,2026-01-16 16:10:00,1,True,0,120,149,2287,14.94,228.74,0.121,True,0.0046,,,,,,,,,,,,,,,,
2026-01-17,a3c772d3fde52dbae832bi,2026-01-16 16:20:00,2,True,0,120,149,2295,14.97,229.51,0.121,True,0.0071,,,,,,,,,,,,,,,,
2026-01-17,a3c772d3fde52dbae832bi,2026-01-16 16:30:00,3,True,0,55,69,2295,6.9,229.51,0.056,True,0.0083,,,,,,,,,,,,,,,,
2026-01-17,a3c772d3fde52dbae832bi,2026-01-16 16:40:00,4,True,0,56,71,2310,7.1,231.03,0.057,True,0.0095,,,,,,,,,,,,,,,,
2026-01-17,a3c772d3fde52dbae832bi,2026-01-16 16:50:00,5,True,1,35,44,2308,4.41,230.84,0.035,True,0.0102,,,,,,,,,,,,,,,,
2026-01-17,a3c772d3fde52dbae832bi,2026-01-16 17:00:00,6,True,1,35,44,2308,4.41,230.82,0.035,True,0.0109,,,,,,,,,,,,,,,,
2026-01-17,a3c772d3fde52dbae832bi,2026-01-16 17:10:00,7,True,1,35,44,2300,4.41,230.06,0.035,True,0.0117,,,,,,,,,,,,,,,,
2026-01-17,a3c772d3fde52dbae832bi,2026-01-16 17:20:00,8,True,1,35,44,2301,4.41,230.17,0.035,True,0.0124,,,,,,,,,,,,,,,,
2026-01-17,a3c772d3fde52dbae832bi,2026-01-16 17:30:00,9,True,1,35,44,2302,4.41,230.28,0.035,True,0.0131,,,,,,,,,,,,,,,,
2026-01-17,a3c772d3fde52dbae832bi,2026-01-16 17:40:00,10,True,1,35,44,2301,4.41,230.19,0.035,True,0.0139,,,,,,,,,,,,,,,,
2026-01-17,a3c772d3fde52dbae832bi,2026-01-16 17:50:00,11,True,1,34,43,2300,4.35,230.02,0.035,True,0.0146,,,,,,,,,,,,,,,,
2026-01-17,a3c772d3fde52dbae832bi,2026-01-16 18:00:00,12,True,1,34,43,2296,4.35,229.62,0.035,True,0.0153,,,,,,,,,,,,,,,,
2026-01-17,a3c772d3fde52dbae832bi,2026-01-16 18:10:00,13,True,1,35,43,2295,4.35,229.57,0.035,True,0.016,,,,,,,,,,,,,,,,
2026-01-17,a3c772d3fde52dbae832bi,2026-01-16 18:20:00,14,True,1,34,43,2303,4.35,230.37,0.035,True,0.0168,,,,,,,,,,,,,,,,
2026-01-17,a3c772d3fde52dbae832bi,2026-01-16 18:30:00,15,True,1,34,42,2299,4.26,229.93,0.034,True,0.0175,,,,,,,,,,,,,,,,
2026-01-17,a3c772d3fde52dbae832bi,2026-01-16 18:40:00,16,True,1,34,42,2303,4.26,230.39,0.034,True,0.0182,,,,,,,,,,,,,,,,
2026-01-17,a3c772d3fde52dbae832bi,2026-01-16 18:50:00,17,True,1,34,42,2303,4.26,230.3,0.034,True,0.0189,,,,,,,,,,,,,,,,
2026-01-17,a3c772d3fde52dbae832bi,2026-01-16 19:00:00,18,True,1,34,42,2301,4.26,230.17,0.034,True,0.0196,,,,,,,,,,,,,,,,
2026-01-17,a3c772d3fde52dbae832bi,2026-01-16 19:10:00,19,True,2,34,42,2301,4.26,230.17,0.034,True,0.0203,,,,,,,,,,,,,,,,
2026-01-17,a3c772d3fde52dbae832bi,2026-01-16 19:20:00,20,True,2,34,42,2303,4.26,230.35,0.034,True,0.021,,,,,,,,,,,,,,,,
2026-01-17,a3c772d3fde52dbae832bi,2026-01-16 19:30:00,21,True,2,34,42,2302,4.26,230.27,0.034,True,0.0217,,,,,,,,,,,,,,,,
2026-01-17,a3c772d3fde52dbae832bi,2026-01-16 19:40:00,22,True,2,34,42,2309,4.28,230.96,0.034,True,0.0225,,,,,,,,,,,,,,,,
2026-01-17,a3c772d3fde52dbae832bi,2026-01-16 19:50:00,23,True,2,34,43,2302,4.31,230.25,0.035,True,0.0232,,,,,,,,,,,,,,,,
2026-01-17,a3c772d3fde52dbae832bi,2026-01-16 20:00:00,24,True,2,34,43,2301,4.31,230.12,0.035,True,0.0239,,,,,,,,,,,,,,,,
2026-01-17,a3c772d3fde52dbae832bi,2026-01-16 20:10:00,25,True,2,34,43,2305,4.31,230.57,0.035,True,0.0246,,,,,,,,,,,,,,,,
2026-01-17,a3c772d3fde52dbae832bi,2026-01-16 20:20:00,26,True,2,34,43,2300,4.31,230.06,0.035,True,0.0253,,,,,,,,,,,,,,,,
2026-01-17,a3c772d3fde52dbae832bi,2026-01-16 20:30:00,27,True,2,34,43,2304,4.31,230.4,0.035,True,0.026,,,,,,,,,,,,,,,,
2026-01-17,a3c772d3fde52dbae832bi,2026-01-16 20:40:00,28,True,2,34,43,2316,4.37,231.62,0.035,True,0.0268,,,,,,,,,,,,,,,,
2026-01-17,a3c772d3fde52dbae832bi,2026-01-16 20:50:00,29,True,2,0,189,2319,18.93,231.99,0.0,True,0.0299,,,,,,,,,,,,,,,,
2026-01-17,a3c772d3fde52dbae832bi,2026-01-16 21:00:00,30,True,3,0,189,2311,18.93,231.14,0.0,True,0.0331,,,,,,,,,,,,,,,,
2026-01-17,a3c772d3fde52dbae832bi,2026-01-16 21:10:00,31,True,3,0,189,2318,18.93,231.83,0.0,True,0.0362,,,,,,,,,,,,,,,,
2026-01-17,a3c772d3fde52dbae832bi,2026-01-16 21:20:00,32,True,3,0,189,2314,18.93,231.41,0.0,True,0.0394,,,,,,,,,,,,,,,,
2026-01-17,a3c772d3fde52dbae832bi,2026-01-16 21:30:00,33,True,4,0,189,2308,18.93,230.84,0.0,True,0.0425,,,,,,,,,,,,,,,,
2026-01-17,a3c772d3fde52dbae832bi,2026-01-16 21:40:00,34,True,4,0,189,2314,18.93,231.42,0.0,True,0.0457,,,,,,,,,,,,,,,,
2026-01-17,a3c772d3fde52dbae832bi,2026-01-16 21:50:00,35,True,4,0,189,2315,18.93,231.52,0.0,True,0.0489,,,,,,,,,,,,,,,,
2026-01-17,a3c772d3fde52dbae832bi,2026-01-16 22:00:00,36,True,5,0,189,2309,18.93,230.92,0.0,True,0.052,,,,,,,,,,,,,,,,
2026-01-17,a3c772d3fde52dbae832bi,2026-01-16 22:10:00,37,True,5,0,189,2309,18.93,230.95,0.0,True,0.0552,,,,,,,,,,,,,,,,
2026-01-17,a3c772d3fde52dbae832bi,2026-01-16 22:20:00,38,True,5,0,189,2312,18.93,231.26,0.0,True,0.0583,,,,,,,,,,,,,,,,
2026-01-17,a3c772d3fde52dbae832bi,2026-01-16 22:30:00,39,True,6,0,189,2312,18.93,231.26,0.0,True,0.0615,,,,,,,,,,,,,,,,
2026-01-17,a3c772d3fde52dbae832bi,2026-01-16 22:40:00,40,True,6,0,189,2315,18.93,231.56,0.0,True,0.0646,,,,,,,,,,,,,,,,
2026-01-17,a3c772d3fde52dbae832bi,2026-01-16 22:50:00,41,True,6,0,189,2309,18.93,230.91,0.0,True,0.0678,,,,,,,,,,,,,,,,
2026-01-17,a3c772d3fde52dbae832bi,2026-01-16 23:00:00,42,True,7,0,189,2313,18.93,231.38,0.0,True,0.0709,,,,,,,,,,,,,,,,
2026-01-17,a3c772d3fde52dbae832bi,2026-01-16 23:10:00,43,True,7,0,189,2310,18.93,231.0,0.0,True,0.0741,,,,,,,,,,,,,,,,
2026-01-17,a3c772d3fde52dbae832bi,2026-01-16 23:20:00,44,True,7,0,189,2315,18.93,231.54,0.0,True,0.0773,,,,,,,,,,,,,,,,
2026-01-17,a3c772d3fde52dbae832bi,2026-01-16 23:30:00,45,True,8,0,189,2305,18.93,230.53,0.0,True,0.0804,,,,,,,,,,,,,,,,
2026-01-17,a3c772d3fde52dbae832bi,2026-01-16 23:40:00,46,True,8,0,189,2309,18.93,230.98,0.0,True,0.0836,,,,,,,,,,,,,,,,
2026-01-17,a3c772d3fde52dbae832bi,2026-01-16 23:50:00,47,True,8,0,189,2306,18.93,230.69,0.0,True,0.0867,,,,,,,,,,,,,,,,
2026-01-17,a3c772d3fde52dbae832bi,2026-01-17 00:00:00,48,True,8,0,189,2301,18.93,230.17,0.0,True,0.0899,,,,,,,,,,,,,,,,
2026-01-17,a3c772d3fde52dbae832bi,2026-01-17 00:10:00,49,True,9,0,189,2323,18.93,232.31,0.0,True,0.093,,,,,,,,,,,,,,,,
2026-01-17,a3c772d3fde52dbae832bi,2026-01-17 00:20:00,50,True,9,0,189,2317,18.93,231.75,0.0,True,0.0962,,,,,,,,,,,,,,,,
2026-01-17,a3c772d3fde52dbae832bi,2026-01-17 00:30:00,51,True,9,0,189,2321,18.93,232.13,0.0,True,0.0993,,,,,,,,,,,,,,,,
2026-01-17,a3c772d3fde52dbae832bi,2026-01-17 00:40:00,52,True,10,0,189,2328,18.93,232.87,0.0,True,0.1025,,,,,,,,,,,,,,,,
2026-01-17,a3c772d3fde52dbae832bi,2026-01-17 00:50:00,53,False,10,0,0,2317,0.0,231.72,0.0,False,0.1025,,,,,,,,,,,,,,,,
2026-01-17,a3c772d3fde52dbae832bi,2026-01-17 01:00:00,54,True,10,0,189,2321,18.93,232.18,0.0,True,0.1057,,,,,,,,,,,,,,,,
2026-01-17,a3c772d3fde52dbae832bi,2026-01-17 01:10:00,55,True,10,0,189,2310,18.93,231.09,0.0,True,0.1088,,,,,,,,,,,,,,,,
2026-01-17,a3c772d3fde52dbae832bi,2026-01-17 01:20:00,56,True,11,0,189,2334,18.93,233.4,0.0,True,0.112,,,,,,,,,,,,,,,,
2026-01-17,a3c772d3fde52dbae832bi,2026-01-17 01:30:00,57,True,11,0,189,2334,18.93,233.4,0.0,True,0.1151,,,,,,,,,,,,,,,,
2026-01-17,a3c772d3fde52dbae832bi,2026-01-17 01:40:00,58,True,11,0,189,2328,18.93,232.81,0.0,True,0.1183,,,,,,,,,,,,,,,,
2026-01-17,a3c772d3fde52dbae832bi,2026-01-17 01:50:00,59,True,12,0,189,2313,18.93,231.31,0.0,True,0.1214,,,,,,,,,,,,,,,,
2026-01-17,a3c772d3fde52dbae832bi,2026-01-17 02:00:00,60,True,12,0,189,2303,18.93,230.3,0.0,True,0.1246,,,,,,,,,,,,,,,,
2026-01-17,a3c772d3fde52dbae832bi,2026-01-17 02:10:00,61,True,12,0,189,2297,18.93,229.76,0.0,True,0.1277,,,,,,,,,,,,,,,,
2026-01-17,a3c772d3fde52dbae832bi,2026-01-17 02:20:00,62,True,13,0,189,2299,18.93,229.97,0.0,True,0.1309,,,,,,,,,,,,,,,,
2026-01-17,a3c772d3fde52dbae832bi,2026-01-17 02:30:00,63,True,13,0,189,2300,18.93,230.07,0.0,True,0.1341,,,,,,,,,,,,,,,,
2026-01-17,a3c772d3fde52dbae832bi,2026-01-17 02:40:00,64,True,13,0,189,2300,18.93,230.01,0.0,True,0.1372,,,,,,,,,,,,,,,,
2026-01-17,a3c772d3fde52dbae832bi,2026-01-17 02:50:00,65,True,14,0,189,2298,18.93,229.81,0.0,True,0.1404,,,,,,,,,,,,,,,,
2026-01-17,a3c772d3fde52dbae832bi,2026-01-17 03:00:00,66,True,14,0,189,2302,18.93,230.23,0.0,True,0.1435,,,,,,,,,,,,,,,,
2026-01-17,a3c772d3fde52dbae832bi,2026-01-17 03:10:00,67,True,14,0,189,2298,18.93,229.81,0.0,True,0.1467,,,,,,,,,,,,,,,,
2026-01-17,a3c772d3fde52dbae832bi,2026-01-17 03:20:00,68,True,14,0,189,2301,18.93,230.12,0.0,True,0.1498,,,,,,,,,,,,,,,,
2026-01-17,a3c772d3fde52dbae832bi,2026-01-17 03:30:00,69,True,15,0,189,2310,18.93,231.09,0.0,True,0.153,,,,,,,,,,,,,,,,
2026-01-17,a3c772d3fde52dbae832bi,2026-01-17 03:40:00,70,True,15,0,189,2312,18.93,231.29,0.0,True,0.1562,,,,,,,,,,,,,,,,
2026-01-17,a3c772d3fde52dbae832bi,2026-01-17 03:50:00,71,True,15,0,189,2323,18.93,232.3,0.0,True,0.1593,,,,,,,,,,,,,,,,
2026-01-17,a3c772d3fde52dbae832bi,2026-01-17 04:00:00,72,True,16,0,189,2304,18.93,230.46,0.0,True,0.1625,,,,,,,,,,,,,,,,
2026-01-17,a3c772d3fde52dbae832bi,2026-01-17 04:10:00,73,True,16,0,189,2305,18.93,230.57,0.0,True,0.1656,,,,,,,,,,,,,,,,
2026-01-17,a3c772d3fde52dbae832bi,2026-01-17 04:20:00,74,True,16,0,189,2322,18.93,232.22,0.0,True,0.1688,,,,,,,,,,,,,,,,
2026-01-17,a3c772d3fde52dbae832bi,2026-01-17 04:30:00,75,True,17,0,189,2297,18.93,229.72,0.0,True,0.1719,,,,,,,,,,,,,,,,
2026-01-17,a3c772d3fde52dbae832bi,2026-01-17 04:40:00,76,True,17,0,189,2305,18.93,230.56,0.0,True,0.1751,,,,,,,,,,,,,,,,
2026-01-17,a3c772d3fde52dbae832bi,2026-01-17 04:50:00,77,True,17,0,189,2305,18.93,230.52,0.0,True,0.1782,,,,,,,,,,,,,,,,
2026-01-17,a3c772d3fde52dbae832bi,2026-01-17 05:00:00,78,True,17,45,56,2309,5.63,230.9,0.045,True,0.1792,,,,,,,,,,,,,,,,
2026-01-17,a3c772d3fde52dbae832bi,2026-01-17 05:10:00,79,False,17,0,0,2321,0.0,232.15,0.0,False,0.1792,,,,,,,,,,,,,,,,
2026-01-17,a3c772d3fde52dbae832bi,2026-01-17 05:20:00,80,True,17,22,28,2317,2.82,231.78,0.022,True,0.1796,,,,,,,,,,,,,,,,
2026-01-17,a3c772d3fde52dbae832bi,2026-01-17 05:30:00,81,False,17,0,0,2330,0.0,233.07,0.0,False,0.1796,,,,,,,,,,,,,,,,
2026-01-17,a3c772d3fde52dbae832bi,2026-01-17 05:40:00,82,True,18,22,28,2309,2.82,230.9,0.023,True,0.1801,,,,,,,,,,,,,,,,
2026-01-17,a3c772d3fde52dbae832bi,2026-01-17 05:50:00,83,True,18,22,28,2309,2.82,230.9,0.023,True,0.1806,,,,,,,,,,,,,,,,
2026-01-17,a3c772d3fde52dbae832bi,2026-01-17 06:00:00,84,True,18,65,82,2317,8.22,231.75,0.066,True,0.182,,,,,,,,,,,,,,,,
2026-01-17,a3c772d3fde52dbae832bi,2026-01-17 06:10:00,85,True,18,43,54,2324,5.5,232.48,0.044,True,0.1829,,,,,,,,,,,,,,,,
2026-01-17,a3c772d3fde52dbae832bi,2026-01-17 06:20:00,86,True,18,88,111,2317,11.13,231.76,0.089,True,0.1847,,,,,,,,,,,,,,,,
2026-01-17,a3c772d3fde52dbae832bi,2026-01-17 06:30:00,87,True,18,91,114,2311,11.42,231.17,0.091,True,0.1866,,,,,,,,,,,,,,,,
2026-01-17,a3c772d3fde52dbae832bi,2026-01-17 06:40:00,88,True,18,107,134,2314,13.44,231.41,0.107,True,0.1889,,,,,,,,,,,,,,,,
2026-01-17,a3c772d3fde52dbae832bi,2026-01-17 06:50:00,89,True,19,132,165,2311,16.55,231.16,0.132,True,0.1916,,,,,,,,,,,,,,,,
2026-01-17,a3c772d3fde52dbae832bi,2026-01-17 07:00:00,90,True,19,88,109,2304,10.97,230.43,0.088,True,0.1935,,,,,,,,,,,,,,,,
2026-01-17,a3c772d3fde52dbae832bi,2026-01-17 07:10:00,91,True,19,154,193,2311,19.36,231.16,0.155,True,0.1967,,,,,,,,,,,,,,,,
2026-01-17,a3c772d3fde52dbae832bi,2026-01-17 07:20:00,92,True,19,131,164,2304,16.45,230.42,0.132,True,0.1994,,,,,,,,,,,,,,,,
2026-01-17,a3c772d3fde52dbae832bi,2026-01-17 07:30:00,93,True,20,149,160,1980,16.03,198.06,0.15,True,0.2021,,,,,,,,,,,,,,,,
2026-01-17,a3c772d3fde52dbae832bi,2026-01-17 07:40:00,94,True,20,149,187,2310,18.71,231.09,0.15,True,0.2052,,,,,,,,,,,,,,,,
2026-01-17,a3c772d3fde52dbae832bi,2026-01-17 07:50:00,95,True,20,149,186,2312,18.67,231.27,0.149,True,0.2083,,,,,,,,,,,,,,,,
2026-01-17,a3c772d3fde52dbae832bi,2026-01-17 08:00:00,96,True,21,149,186,2312,18.67,231.27,0.149,True,0.2114,,,,,,,,,,,,,,,,
2026-01-17,a3c772d3fde52dbae832bi,2026-01-17 08:10:00,97,True,21,171,214,2314,21.45,231.47,0.171,True,0.215,,,,,,,,,,,,,,,,
2026-01-17,a3c772d3fde52dbae832bi,2026-01-17 08:20:00,98,True,21,170,214,2316,21.42,231.64,0.171,True,0.2186,,,,,,,,,,,,,,,,
2026-01-17,a3c772d3fde52dbae832bi,2026-01-17 08:30:00,99,True,22,170,214,2316,21.42,231.64,0.171,True,0.2222,,,,,,,,,,,,,,,,
2026-01-17,a3c772d3fde52dbae832bi,2026-01-17 08:40:00,100,True,22,192,241,2320,24.14,232.02,0.192,True,0.2262,,,,,,,,,,,,,,,,
2026-01-17,a3c772d3fde52dbae832bi,2026-01-17 08:50:00,101,True,22,170,214,2319,21.42,231.96,0.171,True,0.2298,,,,,,,,,,,,,,,,
2026-01-17,a3c772d3fde52dbae832bi,2026-01-17 09:00:00,102,True,23,170,214,2319,21.41,231.96,0.171,True,0.2333,,,,,,,,,,,,,,,,
2026-01-17,a3c772d3fde52dbae832bi,2026-01-17 09:10:00,103,True,23,148,186,2317,18.64,231.76,0.149,True,0.2364,,,,,,,,,,,,,,,,
2026-01-17,a3c772d3fde52dbae832bi,2026-01-17 09:20:00,104,True,23,170,214,2319,21.41,231.9,0.171,True,0.24,,,,,,,,,,,,,,,,
2026-01-17,a3c772d3fde52dbae832bi,2026-01-17 09:30:00,105,True,24,170,213,2319,21.4,231.96,0.171,True,0.2436,,,,,,,,,,,,,,,,
2026-01-17,a3c772d3fde52dbae832bi,2026-01-17 09:40:00,106,True,24,126,158,2315,15.87,231.5,0.127,True,0.2462,,,,,,,,,,,,,,,,
2026-01-17,a3c772d3fde52dbae832bi,2026-01-17 09:50:00,107,True,24,170,213,2315,21.36,231.53,0.171,True,0.2498,,,,,,,,,,,,,,,,
2026-01-17,a3c772d3fde52dbae832bi,2026-01-17 10:00:00,108,True,25,148,186,2314,18.65,231.46,0.149,True,0.2529,,,,,,,,,,,,,,,,
2026-01-17,a3c772d3fde52dbae832bi,2026-01-17 10:10:00,109,True,25,126,158,2315,15.87,231.52,0.127,True,0.2555,,,,,,,,,,,,,,,,
2026-01-17,a3c772d3fde52dbae832bi,2026-01-17 10:20:00,110,True,25,126,157,2308,15.77,230.8,0.126,True,0.2581,,,,,,,,,,,,,,,,
2026-01-17,a3c772d3fde52dbae832bi,2026-01-17 10:30:00,111,True,26,126,157,2308,15.73,230.8,0.126,True,0.2608,,,,,,,,,,,,,,,,
2026-01-17,a3c772d3fde52dbae832bi,2026-01-17 10:40:00,112,True,26,104,130,2313,13.05,231.36,0.104,True,0.2629,,,,,,,,,,,,,,,,
2026-01-17,a3c772d3fde52dbae832bi,2026-01-17 10:50:00,113,True,26,147,184,2313,18.48,231.3,0.148,True,0.266,,,,,,,,,,,,,,,,
2026-01-17,a3c772d3fde52dbae832bi,2026-01-17 11:00:00,114,True,26,126,157,2317,15.8,231.77,0.126,True,0.2687,,,,,,,,,,,,,,,,
2026-01-17,a3c772d3fde52dbae832bi,2026-01-17 11:10:00,115,True,27,104,131,2327,13.19,232.74,0.105,True,0.2709,,,,,,,,,,,,,,,,
2026-01-17,a3c772d3fde52dbae832bi,2026-01-17 11:20:00,116,True,27,104,131,2322,13.16,232.24,0.105,True,0.273,,,,,,,,,,,,,,,,
2026-01-17,a3c772d3fde52dbae832bi,2026-01-17 11:30:00,117,True,27,126,159,2325,15.95,232.57,0.127,True,0.2757,,,,,,,,,,,,,,,,
2026-01-17,a3c772d3fde52dbae832bi,2026-01-17 11:40:00,118,True,27,104,131,2320,13.15,232.04,0.105,True,0.2779,,,,,,,,,,,,,,,,
2026-01-17,a3c772d3fde52dbae832bi,2026-01-17 11:50:00,119,True,28,170,214,2323,21.46,232.36,0.171,True,0.2815,,,,,,,,,,,,,,,,
2026-01-17,a3c772d3fde52dbae832bi,2026-01-17 12:00:00,120,True,28,170,214,2323,21.44,232.36,0.171,True,0.285,,,,,,,,,,,,,,,,
2026-01-17,a3c772d3fde52dbae832bi,2026-01-17 12:10:00,121,True,28,126,159,2326,15.92,232.6,0.126,True,0.2877,,,,,,,,,,,,,,,,
2026-01-17,a3c772d3fde52dbae832bi,2026-01-17 12:20:00,122,True,29,148,186,2322,18.66,232.27,0.148,True,0.2908,,,,,,,,,,,,,,,,
2026-01-17,a3c772d3fde52dbae832bi,2026-01-17 12:30:00,123,True,29,148,186,2322,18.66,232.27,0.148,True,0.2939,,,,,,,,,,,,,,,,
2026-01-17,a3c772d3fde52dbae832bi,2026-01-17 12:40:00,124,True,29,148,186,2321,18.65,232.14,0.149,True,0.297,,,,,,,,,,,,,,,,
2026-01-17,a3c772d3fde52dbae832bi,2026-01-17 12:50:00,125,True,29,126,158,2320,15.89,232.08,0.127,True,0.2997,,,,,,,,,,,,,,,,
2026-01-17,a3c772d3fde52dbae832bi,2026-01-17 13:00:00,126,True,30,148,185,2308,18.51,230.89,0.148,True,0.3028,,,,,,,,,,,,,,,,
2026-01-17,a3c772d3fde52dbae832bi,2026-01-17 13:10:00,127,True,30,125,157,2305,15.71,230.51,0.126,True,0.3054,,,,,,,,,,,,,,,,
2026-01-17,a3c772d3fde52dbae832bi,2026-01-17 13:20:00,128,True,30,126,157,2303,15.72,230.39,0.126,True,0.308,,,,,,,,,,,,,,,,
2026-01-17,a3c772d3fde52dbae832bi,2026-01-17 13:30:00,129,True,31,126,157,2303,15.72,230.39,0.126,True,0.3106,,,,,,,,,,,,,,,,
2026-01-17,a3c772d3fde52dbae832bi,2026-01-17 13:40:00,130,True,31,61,75,2294,7.57,229.4,0.061,True,0.3119,,,,,,,,,,,,,,,,
2026-01-17,a3c772d3fde52dbae832bi,2026-01-17 13:50:00,131,True,31,61,75,2294,7.57,229.4,0.061,True,0.3131,,,,,,,,,,,,,,,,
2026-01-17,a3c772d3fde52dbae832bi,2026-01-17 14:00:00,132,True,31,82,102,2297,10.26,229.75,0.083,True,0.3149,,,,,,,,,,,,,,,,
2026-01-17,a3c772d3fde52dbae832bi,2026-01-17 14:10:00,133,True,31,82,102,2290,10.21,229.04,0.082,True,0.3166,,,,,,,,,,,,,,,,
2026-01-17,a3c772d3fde52dbae832bi,2026-01-17 14:20:00,134,True,31,60,75,2292,7.55,229.2,0.061,True,0.3178,,,,,,,,,,,,,,,,
2026-01-17,a3c772d3fde52dbae832bi,2026-01-17 14:30:00,135,True,31,60,75,2292,7.55,229.2,0.061,True,0.3191,,,,,,,,,,,,,,,,
2026-01-17,a3c772d3fde52dbae832bi,2026-01-17 14:40:00,136,True,32,82,102,2291,10.22,229.17,0.082,True,0.3208,,,,,,,,,,,,,,,,
2026-01-17,a3c772d3fde52dbae832bi,2026-01-17 14:50:00,137,True,32,82,102,2291,10.22,229.17,0.082,True,0.3225,,,,,,,,,,,,,,,,
2026-01-17,a3c772d3fde52dbae832bi,2026-01-17 15:00:00,138,True,32,60,75,2296,7.53,229.67,0.061,True,0.3237,,,,,,,,,,,,,,,,
2026-01-17,a3c772d3fde52dbae832bi,2026-01-17 15:10:00,139,True,32,60,75,2296,7.53,229.67,0.061,True,0.325,,,,,,,,,,,,,,,,
2026-01-17,a3c772d3fde52dbae832bi,2026-01-17 15:20:00,140,True,32,60,75,2298,7.55,229.8,0.061,True,0.3263,,,,,,,,,,,,,,,,
2026-01-17,a3c772d3fde52dbae832bi,2026-01-17 15:30:00,141,True,32,60,75,2302,7.55,230.22,0.061,True,0.3275,,,,,,,,,,,,,,,,
2026-01-17,a3c772d3fde52dbae832bi,2026-01-17 15:40:00,142,True,32,60,74,2287,7.48,228.78,0.06,True,0.3288,,,,,,,,,,,,,,,,
2026-01-17,a3c772d3fde52dbae832bi,2026-01-17 15:50:00,143,True,33,60,74,2287,7.48,228.78,0.06,True,0.33,,,,,,,,,,,,,,,,
2026-01-18,a3c772d3fde52dbae832bi,2026-01-17 16:00:00,0,True,0,144,199,2290,19.92,229.09,0.144,True,0.0033,,,,,,,,,,,,,,,,
2026-01-18,a3c772d3fde52dbae832bi,2026-01-17 16:10:00,1,True,0,168,232,2287,23.22,228.74,0.168,True,0.0072,,,,,,,,,,,,,,,,
2026-01-18,a3c772d3fde52dbae832bi,2026-01-17 16:20:00,2,True,1,168,232,2295,23.26,229.51,0.168,True,0.0111,,,,,,,,,,,,,,,,
2026-01-18,a3c772d3fde52dbae832bi,2026-01-17 16:30:00,3,True,1,77,107,2295,10.73,229.51,0.078,True,0.0129,,,,,,,,,,,,,,,,
2026-01-18,a3c772d3fde52dbae832bi,2026-01-17 16:40:00,4,True,1,79,110,2310,11.04,231.03,0.079,True,0.0147,,,,,,,,,,,,,,,,
2026-01-18,a3c772d3fde52dbae832bi,2026-01-17 16:50:00,5,True,1,49,68,2308,6.85,230.84,0.049,True,0.0158,,,,,,,,,,,,,,,,
2026-01-18,a3c772d3fde52dbae832bi,2026-01-17 17:00:00,6,True,1,49,68,2308,6.85,230.82,0.049,True,0.017,,,,,,,,,,,,,,,,
2026-01-18,a3c772d3fde52dbae832bi,2026-01-17 17:10:00,7,True,1,49,68,2300,6.85,230.06,0.049,True,0.0181,,,,,,,,,,,,,,,,
2026-01-18,a3c772d3fde52dbae832bi,2026-01-17 17:20:00,8,True,1,49,68,2301,6.85,230.17,0.049,True,0.0193,,,,,,,,,,,,,,,,
2026-01-18,a3c772d3fde52dbae832bi,2026-01-17 17:30:00,9,True,2,49,68,2302,6.85,230.28,0.049,True,0.0204,,,,,,,,,,,,,,,,
2026-01-18,a3c772d3fde52dbae832bi,2026-01-17 17:40:00,10,True,2,49,68,2301,6.85,230.19,0.049,True,0.0215,,,,,,,,,,,,,,,,
2026-01-18,a3c772d3fde52dbae832bi,2026-01-17 17:50:00,11,True,2,48,67,2300,6.76,230.02,0.049,True,0.0227,,,,,,,,,,,,,,,,
2026-01-18,a3c772d3fde52dbae832bi,2026-01-17 18:00:00,12,True,2,48,67,2296,6.76,229.62,0.049,True,0.0238,,,,,,,,,,,,,,,,
2026-01-18,a3c772d3fde52dbae832bi,2026-01-17 18:10:00,13,True,2,48,67,2295,6.76,229.57,0.049,True,0.0249,,,,,,,,,,,,,,,,
2026-01-18,a3c772d3fde52dbae832bi,2026-01-17 18:20:00,14,True,2,48,67,2303,6.76,230.37,0.049,True,0.0261,,,,,,,,,,,,,,,,
2026-01-18,a3c772d3fde52dbae832bi,2026-01-17 18:30:00,15,True,2,47,66,2299,6.61,229.93,0.048,True,0.0272,,,,,,,,,,,,,,,,
2026-01-18,a3c772d3fde52dbae832bi,2026-01-17 18:40:00,16,True,2,47,66,2303,6.61,230.39,0.048,True,0.0283,,,,,,,,,,,,,,,,
2026-01-18,a3c772d3fde52dbae832bi,2026-01-17 18:50:00,17,True,2,47,66,2303,6.61,230.3,0.048,True,0.0294,,,,,,,,,,,,,,,,
2026-01-18,a3c772d3fde52dbae832bi,2026-01-17 19:00:00,18,True,3,47,66,2301,6.61,230.17,0.048,True,0.0305,,,,,,,,,,,,,,,,
2026-01-18,a3c772d3fde52dbae832bi,2026-01-17 19:10:00,19,True,3,47,66,2301,6.61,230.17,0.048,True,0.0316,,,,,,,,,,,,,,,,
2026-01-18,a3c772d3fde52dbae832bi,2026-01-17 19:20:00,20,True,3,47,66,2303,6.61,230.35,0.048,True,0.0327,,,,,,,,,,,,,,,,
2026-01-18,a3c772d3fde52dbae832bi,2026-01-17 19:30:00,21,True,3,47,66,2302,6.61,230.27,0.048,True,0.0338,,,,,,,,,,,,,,,,
2026-01-18,a3c772d3fde52dbae832bi,2026-01-17 19:40:00,22,True,3,47,66,2309,6.65,230.96,0.048,True,0.0349,,,,,,,,,,,,,,,,
2026-01-18,a3c772d3fde52dbae832bi,2026-01-17 19:50:00,23,True,3,48,66,2302,6.69,230.25,0.048,True,0.036,,,,,,,,,,,,,,,,
2026-01-18,a3c772d3fde52dbae832bi,2026-01-17 20:00:00,24,True,3,48,66,2301,6.69,230.12,0.048,True,0.0371,,,,,,,,,,,,,,,,
2026-01-18,a3c772d3fde52dbae832bi,2026-01-17 20:10:00,25,True,3,48,66,2305,6.69,230.57,0.048,True,0.0382,,,,,,,,,,,,,,,,
2026-01-18,a3c772d3fde52dbae832bi,2026-01-17 20:20:00,26,True,3,48,66,2300,6.69,230.06,0.048,True,0.0393,,,,,,,,,,,,,,,,
2026-01-18,a3c772d3fde52dbae832bi,2026-01-17 20:30:00,27,True,4,48,66,2304,6.69,230.4,0.048,True,0.0405,,,,,,,,,,,,,,,,
2026-01-18,a3c772d3fde52dbae832bi,2026-01-17 20:40:00,28,True,4,48,67,2316,6.79,231.62,0.049,True,0.0416,,,,,,,,,,,,,,,,
2026-01-18,a3c772d3fde52dbae832bi,2026-01-17 20:50:00,29,True,4,0,215,2319,21.58,231.99,0.0,True,0.0452,,,,,,,,,,,,,,,,
2026-01-18,a3c772d3fde52dbae832bi,2026-01-17 21:00:00,30,True,4,0,215,2311,21.58,231.14,0.0,True,0.0488,,,,,,,,,,,,,,,,
2026-01-18,a3c772d3fde52dbae832bi,2026-01-17 21:10:00,31,True,5,0,215,2318,21.58,231.83,0.0,True,0.0524,,,,,,,,,,,,,,,,
2026-01-18,a3c772d3fde52dbae832bi,2026-01-17 21:20:00,32,True,5,0,215,2314,21.58,231.41,0.0,True,0.056,,,,,,,,,,,,,,,,
2026-01-18,a3c772d3fde52dbae832bi,2026-01-17 21:30:00,33,True,5,0,215,2308,21.58,230.84,0.0,True,0.0596,,,,,,,,,,,,,,,,
2026-01-18,a3c772d3fde52dbae832bi,2026-01-17 21:40:00,34,True,6,0,215,2314,21.58,231.42,0.0,True,0.0632,,,,,,,,,,,,,,,,
2026-01-18,a3c772d3fde52dbae832bi,2026-01-17 21:50:00,35,True,6,0,215,2315,21.58,231.52,0.0,True,0.0668,,,,,,,,,,,,,,,,
2026-01-18,a3c772d3fde52dbae832bi,2026-01-17 22:00:00,36,True,7,0,215,2309,21.58,230.92,0.0,True,0.0704,,,,,,,,,,,,,,,,
2026-01-18,a3c772d3fde52dbae832bi,2026-01-17 22:10:00,37,True,7,0,215,2309,21.58,230.95,0.0,True,0.074,,,,,,,,,,,,,,,,
2026-01-18,a3c772d3fde52dbae832bi,2026-01-17 22:20:00,38,True,7,0,215,2312,21.58,231.26,0.0,True,0.0775,,,,,,,,,,,,,,,,
2026-01-18,a3c772d3fde52dbae832bi,2026-01-17 22:30:00,39,True,8,0,215,2312,21.58,231.26,0.0,True,0.0811,,,,,,,,,,,,,,,,
2026-01-18,a3c772d3fde52dbae832bi,2026-01-17 22:40:00,40,True,8,0,215,2315,21.58,231.56,0.0,True,0.0847,,,,,,,,,,,,,,,,
2026-01-18,a3c772d3fde52dbae832bi,2026-01-17 22:50:00,41,True,8,0,215,2309,21.58,230.91,0.0,True,0.0883,,,,,,,,,,,,,,,,
2026-01-18,a3c772d3fde52dbae832bi,2026-01-17 23:00:00,42,True,9,0,215,2313,21.58,231.38,0.0,True,0.0919,,,,,,,,,,,,,,,,
2026-01-18,a3c772d3fde52dbae832bi,2026-01-17 23:10:00,43,True,9,0,215,2310,21.58,231.0,0.0,True,0.0955,,,,,,,,,,,,,,,,
2026-01-18,a3c772d3fde52dbae832bi,2026-01-17 23:20:00,44,True,9,0,215,2315,21.58,231.54,0.0,True,0.0991,,,,,,,,,,,,,,,,
2026-01-18,a3c772d3fde52dbae832bi,2026-01-17 23:30:00,45,True,10,0,215,2305,21.58,230.53,0.0,True,0.1027,,,,,,,,,,,,,,,,
2026-01-18,a3c772d3fde52dbae832bi,2026-01-17 23:40:00,46,True,10,0,215,2309,21.58,230.98,0.0,True,0.1063,,,,,,,,,,,,,,,,
2026-01-18,a3c772d3fde52dbae832bi,2026-01-17 23:50:00,47,True,10,0,215,2306,21.58,230.69,0.0,True,0.1099,,,,,,,,,,,,,,,,
2026-01-18,a3c772d3fde52dbae832bi,2026-01-18 00:00:00,48,True,11,0,215,2301,21.58,230.17,0.0,True,0.1135,,,,,,,,,,,,,,,,
2026-01-18,a3c772d3fde52dbae832bi,2026-01-18 00:10:00,49,True,11,0,215,2323,21.58,232.31,0.0,True,0.1171,,,,,,,,,,,,,,,,
2026-01-18,a3c772d3fde52dbae832bi,2026-01-18 00:20:00,50,True,12,0,215,2317,21.58,231.75,0.0,True,0.1207,,,,,,,,,,,,,,,,
2026-01-18,a3c772d3fde52dbae832bi,2026-01-18 00:30:00,51,True,12,0,215,2321,21.58,232.13,0.0,True,0.1243,,,,,,,,,,,,,,,,
2026-01-18,a3c772d3fde52dbae832bi,2026-01-18 00:40:00,52,True,12,0,215,2328,21.58,232.87,0.0,True,0.1279,,,,,,,,,,,,,,,,
2026-01-18,a3c772d3fde52dbae832bi,2026-01-18 00:50:00,53,False,12,0,0,2317,0.0,231.72,0.0,False,0.1279,,,,,,,,,,,,,,,,
2026-01-18,a3c772d3fde52dbae832bi,2026-01-18 01:00:00,54,True,13,0,215,2321,21.58,232.18,0.0,True,0.1315,,,,,,,,,,,,,,,,
2026-01-18,a3c772d3fde52dbae832bi,2026-01-18 01:10:00,55,True,13,0,215,2310,21.58,231.09,0.0,True,0.1351,,,,,,,,,,,,,,,,
2026-01-18,a3c772d3fde52dbae832bi,2026-01-18 01:20:00,56,True,13,0,215,2334,21.58,233.4,0.0,True,0.1387,,,,,,,,,,,,,,,,
2026-01-18,a3c772d3fde52dbae832bi,2026-01-18 01:30:00,57,True,14,0,215,2334,21.58,233.4,0.0,True,0.1423,,,,,,,,,,,,,,,,
2026-01-18,a3c772d3fde52dbae832bi,2026-01-18 01:40:00,58,True,14,0,215,2328,21.58,232.81,0.0,True,0.1459,,,,,,,,,,,,,,,,
2026-01-18,a3c772d3fde52dbae832bi,2026-01-18 01:50:00,59,True,14,0,215,2313,21.58,231.31,0.0,True,0.1495,,,,,,,,,,,,,,,,
2026-01-18,a3c772d3fde52dbae832bi,2026-01-18 02:00:00,60,True,15,0,215,2303,21.58,230.3,0.0,True,0.1531,,,,,,,,,,,,,,,,
2026-01-18,a3c772d3fde52dbae832bi,2026-01-18 02:10:00,61,True,15,0,215,2297,21.58,229.76,0.0,True,0.1567,,,,,,,,,,,,,,,,
2026-01-18,a3c772d3fde52dbae832bi,2026-01-18 02:20:00,62,True,16,0,215,2299,21.58,229.97,0.0,True,0.1603,,,,,,,,,,,,,,,,
2026-01-18,a3c772d3fde52dbae832bi,2026-01-18 02:30:00,63,True,16,0,215,2300,21.58,230.07,0.0,True,0.1638,,,,,,,,,,,,,,,,
2026-01-18,a3c772d3fde52dbae832bi,2026-01-18 02:40:00,64,True,16,0,215,2300,21.58,230.01,0.0,True,0.1674,,,,,,,,,,,,,,,,
2026-01-18,a3c772d3fde52dbae832bi,2026-01-18 02:50:00,65,True,17,0,215,2298,21.58,229.81,0.0,True,0.171,,,,,,,,,,,,,,,,
2026-01-18,a3c772d3fde52dbae832bi,2026-01-18 03:00:00,66,True,17,0,215,2302,21.58,230.23,0.0,True,0.1746,,,,,,,,,,,,,,,,
2026-01-18,a3c772d3fde52dbae832bi,2026-01-18 03:10:00,67,True,17,0,215,2298,21.58,229.81,0.0,True,0.1782,,,,,,,,,,,,,,,,
2026-01-18,a3c772d3fde52dbae832bi,2026-01-18 03:20:00,68,True,18,0,215,2301,21.58,230.12,0.0,True,0.1818,,,,,,,,,,,,,,,,
2026-01-18,a3c772d3fde52dbae832bi,2026-01-18 03:30:00,69,True,18,0,215,2310,21.58,231.09,0.0,True,0.1854,,,,,,,,,,,,,,,,
2026-01-18,a3c772d3fde52dbae832bi,2026-01-18 03:40:00,70,True,18,0,215,2312,21.58,231.29,0.0,True,0.189,,,,,,,,,,,,,,,,
2026-01-18,a3c772d3fde52dbae832bi,2026-01-18 03:50:00,71,True,19,0,215,2323,21.58,232.3,0.0,True,0.1926,,,,,,,,,,,,,,,,
2026-01-18,a3c772d3fde52dbae832bi,2026-01-18 04:00:00,72,True,19,0,215,2304,21.58,230.46,0.0,True,0.1962,,,,,,,,,,,,,,,,
2026-01-18,a3c772d3fde52dbae832bi,2026-01-18 04:10:00,73,True,19,0,215,2305,21.58,230.57,0.0,True,0.1998,,,,,,,,,,,,,,,,
2026-01-18,a3c772d3fde52dbae832bi,2026-01-18 04:20:00,74,True,20,0,215,2322,21.58,232.22,0.0,True,0.2034,,,,,,,,,,,,,,,,
2026-01-18,a3c772d3fde52dbae832bi,2026-01-18 04:30:00,75,True,20,0,215,2297,21.58,229.72,0.0,True,0.207,,,,,,,,,,,,,,,,
2026-01-18,a3c772d3fde52dbae832bi,2026-01-18 04:40:00,76,True,21,0,215,2305,21.58,230.56,0.0,True,0.2106,,,,,,,,,,,,,,,,
2026-01-18,a3c772d3fde52dbae832bi,2026-01-18 04:50:00,77,True,21,0,215,2305,21.58,230.52,0.0,True,0.2142,,,,,,,,,,,,,,,,
2026-01-18,a3c772d3fde52dbae832bi,2026-01-18 05:00:00,78,True,21,62,87,2309,8.75,230.9,0.063,True,0.2156,,,,,,,,,,,,,,,,
2026-01-18,a3c772d3fde52dbae832bi,2026-01-18 05:10:00,79,False,21,0,0,2321,0.0,232.15,0.0,False,0.2156,,,,,,,,,,,,,,,,
2026-01-18,a3c772d3fde52dbae832bi,2026-01-18 05:20:00,80,True,21,31,43,2317,4.38,231.78,0.031,True,0.2164,,,,,,,,,,,,,,,,
2026-01-18,a3c772d3fde52dbae832bi,2026-01-18 05:30:00,81,False,21,0,0,2330,0.0,233.07,0.0,False,0.2164,,,,,,,,,,,,,,,,
2026-01-18,a3c772d3fde52dbae832bi,2026-01-18 05:40:00,82,True,21,31,43,2309,4.38,230.9,0.031,True,0.2171,,,,,,,,,,,,,,,,
2026-01-18,a3c772d3fde52dbae832bi,2026-01-18 05:50:00,83,True,21,31,43,2309,4.38,230.9,0.031,True,0.2178,,,,,,,,,,,,,,,,
2026-01-18,a3c772d3fde52dbae832bi,2026-01-18 06:00:00,84,True,21,91,127,2317,12.77,231.75,0.091,True,0.22,,,,,,,,,,,,,,,,
2026-01-18,a3c772d3fde52dbae832bi,2026-01-18 06:10:00,85,True,22,60,85,2324,8.54,232.48,0.061,True,0.2214,,,,,,,,,,,,,,,,
2026-01-18,a3c772d3fde52dbae832bi,2026-01-18 06:20:00,86,True,22,123,172,2317,17.29,231.76,0.124,True,0.2243,,,,,,,,,,,,,,,,
2026-01-18,a3c772d3fde52dbae832bi,2026-01-18 06:30:00,87,True,22,127,177,2311,17.74,231.17,0.127,True,0.2272,,,,,,,,,,,,,,,,
2026-01-18,a3c772d3fde52dbae832bi,2026-01-18 06:40:00,88,True,23,149,208,2314,20.89,231.41,0.15,True,0.2307,,,,,,,,,,,,,,,,
2026-01-18,a3c772d3fde52dbae832bi,2026-01-18 06:50:00,89,True,23,184,257,2311,25.72,231.16,0.184,True,0.235,,,,,,,,,,,,,,,,
2026-01-18,a3c772d3fde52dbae832bi,2026-01-18 07:00:00,90,True,23,122,170,2304,17.05,230.43,0.123,True,0.2378,,,,,,,,,,,,,,,,
2026-01-18,a3c772d3fde52dbae832bi,2026-01-18 07:10:00,91,True,24,215,300,2311,30.08,231.16,0.216,True,0.2429,,,,,,,,,,,,,,,,
2026-01-18,a3c772d3fde52dbae832bi,2026-01-18 07:20:00,92,True,24,183,255,2304,25.57,230.42,0.184,True,0.2471,,,,,,,,,,,,,,,,
2026-01-18,a3c772d3fde52dbae832bi,2026-01-18 07:30:00,93,True,25,208,249,1980,24.91,198.06,0.209,True,0.2513,,,,,,,,,,,,,,,,
2026-01-18,a3c772d3fde52dbae832bi,2026-01-18 07:40:00,94,True,25,208,290,2310,29.07,231.09,0.209,True,0.2561,,,,,,,,,,,,,,,,
2026-01-18,a3c772d3fde52dbae832bi,2026-01-18 07:50:00,95,True,26,208,290,2312,29.01,231.27,0.208,True,0.2609,,,,,,,,,,,,,,,,
2026-01-18,a3c772d3fde52dbae832bi,2026-01-18 08:00:00,96,True,26,208,290,2312,29.01,231.27,0.208,True,0.2658,,,,,,,,,,,,,,,,
2026-01-18,a3c772d3fde52dbae832bi,2026-01-18 08:10:00,97,True,27,238,333,2314,33.34,231.47,0.239,True,0.2713,,,,,,,,,,,,,,,,
2026-01-18,a3c772d3fde52dbae832bi,2026-01-18 08:20:00,98,True,27,238,332,2316,33.29,231.64,0.238,True,0.2769,,,,,,,,,,,,,,,,
2026-01-18,a3c772d3fde52dbae832bi,2026-01-18 08:30:00,99,True,28,238,332,2316,33.29,231.64,0.238,True,0.2824,,,,,,,,,,,,,,,,
2026-01-18,a3c772d3fde52dbae832bi,2026-01-18 08:40:00,100,True,28,268,375,2320,37.52,232.02,0.268,True,0.2887,,,,,,,,,,,,,,,,
2026-01-18,a3c772d3fde52dbae832bi,2026-01-18 08:50:00,101,True,29,237,332,2319,33.29,231.96,0.238,True,0.2942,,,,,,,,,,,,,,,,
2026-01-18,a3c772d3fde52dbae832bi,2026-01-18 09:00:00,102,True,29,237,332,2319,33.26,231.96,0.238,True,0.2998,,,,,,,,,,,,,,,,
2026-01-18,a3c772d3fde52dbae832bi,2026-01-18 09:10:00,103,True,30,207,289,2317,28.97,231.76,0.207,True,0.3046,,,,,,,,,,,,,,,,
2026-01-18,a3c772d3fde52dbae832bi,2026-01-18 09:20:00,104,True,31,237,332,2319,33.26,231.9,0.238,True,0.3101,,,,,,,,,,,,,,,,
2026-01-18,a3c772d3fde52dbae832bi,2026-01-18 09:30:00,105,True,31,237,332,2319,33.24,231.96,0.238,True,0.3157,,,,,,,,,,,,,,,,
2026-01-18,a3c772d3fde52dbae832bi,2026-01-18 09:40:00,106,True,31,176,246,2315,24.66,231.5,0.177,True,0.3198,,,,,,,,,,,,,,,,
2026-01-18,a3c772d3fde52dbae832bi,2026-01-18 09:50:00,107,True,32,237,331,2315,33.18,231.53,0.238,True,0.3253,,,,,,,,,,,,,,,,
2026-01-18,a3c772d3fde52dbae832bi,2026-01-18 10:00:00,108,True,33,207,289,2314,28.97,231.46,0.208,True,0.3302,,,,,,,,,,,,,,,,
2026-01-18,a3c772d3fde52dbae832bi,2026-01-18 10:10:00,109,True,33,176,246,2315,24.66,231.52,0.177,True,0.3343,,,,,,,,,,,,,,,,
2026-01-18,a3c772d3fde52dbae832bi,2026-01-18 10:20:00,110,True,33,176,245,2308,24.51,230.8,0.176,True,0.3384,,,,,,,,,,,,,,,,
2026-01-18,a3c772d3fde52dbae832bi,2026-01-18 10:30:00,111,True,34,175,244,2308,24.45,230.8,0.176,True,0.3424,,,,,,,,,,,,,,,,
2026-01-18,a3c772d3fde52dbae832bi,2026-01-18 10:40:00,112,True,34,145,202,2313,20.27,231.36,0.145,True,0.3458,,,,,,,,,,,,,,,,
2026-01-18,a3c772d3fde52dbae832bi,2026-01-18 10:50:00,113,True,35,205,287,2313,28.72,231.3,0.206,True,0.3506,,,,,,,,,,,,,,,,
2026-01-18,a3c772d3fde52dbae832bi,2026-01-18 11:00:00,114,True,35,175,245,2317,24.55,231.77,0.176,True,0.3547,,,,,,,,,,,,,,,,
2026-01-18,a3c772d3fde52dbae832bi,2026-01-18 11:10:00,115,True,35,146,204,2327,20.5,232.74,0.146,True,0.3581,,,,,,,,,,,,,,,,
2026-01-18,a3c772d3fde52dbae832bi,2026-01-18 11:20:00,116,True,36,145,204,2322,20.44,232.24,0.146,True,0.3615,,,,,,,,,,,,,,,,
2026-01-18,a3c772d3fde52dbae832bi,2026-01-18 11:30:00,117,True,36,176,247,2325,24.78,232.57,0.177,True,0.3656,,,,,,,,,,,,,,,,
2026-01-18,a3c772d3fde52dbae832bi,2026-01-18 11:40:00,118,True,36,146,204,2320,20.43,232.04,0.146,True,0.369,,,,,,,,,,,,,,,,
2026-01-18,a3c772d3fde52dbae832bi,2026-01-18 11:50:00,119,True,37,237,333,2323,33.35,232.36,0.238,True,0.3746,,,,,,,,,,,,,,,,
2026-01-18,a3c772d3fde52dbae832bi,2026-01-18 12:00:00,120,True,38,237,333,2323,33.32,232.36,0.238,True,0.3802,,,,,,,,,,,,,,,,
2026-01-18,a3c772d3fde52dbae832bi,2026-01-18 12:10:00,121,True,38,176,247,2326,24.73,232.6,0.176,True,0.3843,,,,,,,,,,,,,,,,
2026-01-18,a3c772d3fde52dbae832bi,2026-01-18 12:20:00,122,True,38,206,289,2322,28.99,232.27,0.207,True,0.3891,,,,,,,,,,,,,,,,
2026-01-18,a3c772d3fde52dbae832bi,2026-01-18 12:30:00,123,True,39,206,289,2322,28.99,232.27,0.207,True,0.3939,,,,,,,,,,,,,,,,
2026-01-18,a3c772d3fde52dbae832bi,2026-01-18 12:40:00,124,True,39,207,289,2321,28.98,232.14,0.207,True,0.3988,,,,,,,,,,,,,,,,
2026-01-18,a3c772d3fde52dbae832bi,2026-01-18 12:50:00,125,True,40,176,247,2320,24.7,232.08,0.176,True,0.4029,,,,,,,,,,,,,,,,
2026-01-18,a3c772d3fde52dbae832bi,2026-01-18 13:00:00,126,True,40,206,287,2308,28.76,230.89,0.207,True,0.4077,,,,,,,,,,,,,,,,
2026-01-18,a3c772d3fde52dbae832bi,2026-01-18 13:10:00,127,True,41,175,244,2305,24.4,230.51,0.176,True,0.4117,,,,,,,,,,,,,,,,
2026-01-18,a3c772d3fde52dbae832bi,2026-01-18 13:20:00,128,True,41,175,244,2303,24.43,230.39,0.176,True,0.4158,,,,,,,,,,,,,,,,
2026-01-18,a3c772d3fde52dbae832bi,2026-01-18 13:30:00,129,True,41,175,244,2303,24.43,230.39,0.176,True,0.4199,,,,,,,,,,,,,,,,
2026-01-18,a3c772d3fde52dbae832bi,2026-01-18 13:40:00,130,True,42,85,117,2294,11.77,229.4,0.085,True,0.4219,,,,,,,,,,,,,,,,
2026-01-18,a3c772d3fde52dbae832bi,2026-01-18 13:50:00,131,True,42,85,117,2294,11.77,229.4,0.085,True,0.4238,,,,,,,,,,,,,,,,
2026-01-18,a3c772d3fde52dbae832bi,2026-01-18 14:00:00,132,True,42,115,159,2297,15.94,229.75,0.115,True,0.4265,,,,,,,,,,,,,,,,
2026-01-18,a3c772d3fde52dbae832bi,2026-01-18 14:10:00,133,True,42,114,158,2290,15.87,229.04,0.115,True,0.4291,,,,,,,,,,,,,,,,
2026-01-18,a3c772d3fde52dbae832bi,2026-01-18 14:20:00,134,True,43,84,117,2292,11.74,229.2,0.085,True,0.4311,,,,,,,,,,,,,,,,
2026-01-18,a3c772d3fde52dbae832bi,2026-01-18 14:30:00,135,True,43,84,117,2292,11.74,229.2,0.085,True,0.433,,,,,,,,,,,,,,,,
2026-01-18,a3c772d3fde52dbae832bi,2026-01-18 14:40:00,136,True,43,114,158,2291,15.88,229.17,0.115,True,0.4357,,,,,,,,,,,,,,,,
2026-01-18,a3c772d3fde52dbae832bi,2026-01-18 14:50:00,137,True,43,114,158,2291,15.88,229.17,0.115,True,0.4383,,,,,,,,,,,,,,,,
2026-01-18,a3c772d3fde52dbae832bi,2026-01-18 15:00:00,138,True,44,84,117,2296,11.71,229.67,0.085,True,0.4403,,,,,,,,,,,,,,,,
2026-01-18,a3c772d3fde52dbae832bi,2026-01-18 15:10:00,139,True,44,84,117,2296,11.71,229.67,0.085,True,0.4422,,,,,,,,,,,,,,,,
2026-01-18,a3c772d3fde52dbae832bi,2026-01-18 15:20:00,140,True,44,84,117,2298,11.72,229.8,0.085,True,0.4442,,,,,,,,,,,,,,,,
2026-01-18,a3c772d3fde52dbae832bi,2026-01-18 15:30:00,141,True,44,84,117,2302,11.72,230.22,0.084,True,0.4461,,,,,,,,,,,,,,,,
2026-01-18,a3c772d3fde52dbae832bi,2026-01-18 15:40:00,142,True,44,84,116,2287,11.61,228.78,0.084,True,0.4481,,,,,,,,,,,,,,,,
2026-01-18,a3c772d3fde52dbae832bi,2026-01-18 15:50:00,143,True,44,84,116,2287,11.61,228.78,0.084,True,0.45,,,,,,,,,,,,,,,,
2026-01-19,a3c772d3fde52dbae832bi,2026-01-18 16:00:00,0,True,0,94,111,2290,11.14,229.09,0.094,True,0.0019,,,,,,,,,,,,,,,,
2026-01-19,a3c772d3fde52dbae832bi,2026-01-18 16:10:00,1,True,0,109,129,2287,12.99,228.74,0.11,True,0.004,,,,,,,,,,,,,,,,
2026-01-19,a3c772d3fde52dbae832bi,2026-01-18 16:20:00,2,True,0,109,130,2295,13.01,229.51,0.11,True,0.0062,,,,,,,,,,,,,,,,
2026-01-19,a3c772d3fde52dbae832bi,2026-01-18 16:30:00,3,True,0,50,60,2295,6.0,229.51,0.051,True,0.0072,,,,,,,,,,,,,,,,
2026-01-19,a3c772d3fde52dbae832bi,2026-01-18 16:40:00,4,True,0,51,61,2310,6.18,231.03,0.052,True,0.0082,,,,,,,,,,,,,,,,
2026-01-19,a3c772d3fde52dbae832bi,2026-01-18 16:50:00,5,True,0,32,38,2308,3.83,230.84,0.032,True,0.0089,,,,,,,,,,,,,,,,
2026-01-19,a3c772d3fde52dbae832bi,2026-01-18 17:00:00,6,True,0,32,38,2308,3.83,230.82,0.032,True,0.0095,,,,,,,,,,,,,,,,
2026-01-19,a3c772d3fde52dbae832bi,2026-01-18 17:10:00,7,True,1,32,38,2300,3.83,230.06,0.032,True,0.0101,,,,,,,,,,,,,,,,
2026-01-19,a3c772d3fde52dbae832bi,2026-01-18 17:20:00,8,True,1,32,38,2301,3.83,230.17,0.032,True,0.0108,,,,,,,,,,,,,,,,
2026-01-19,a3c772d3fde52dbae832bi,2026-01-18 17:30:00,9,True,1,32,38,2302,3.83,230.28,0.032,True,0.0114,,,,,,,,,,,,,,,,
2026-01-19,a3c772d3fde52dbae832bi,2026-01-18 17:40:00,10,True,1,32,38,2301,3.83,230.19,0.032,True,0.0121,,,,,,,,,,,,,,,,
2026-01-19,a3c772d3fde52dbae832bi,2026-01-18 17:50:00,11,True,1,31,37,2300,3.78,230.02,0.032,True,0.0127,,,,,,,,,,,,,,,,
2026-01-19,a3c772d3fde52dbae832bi,2026-01-18 18:00:00,12,True,1,31,37,2296,3.78,229.62,0.032,True,0.0133,,,,,,,,,,,,,,,,
2026-01-19,a3c772d3fde52dbae832bi,2026-01-18 18:10:00,13,True,1,31,37,2295,3.78,229.57,0.032,True,0.0139,,,,,,,,,,,,,,,,
2026-01-19,a3c772d3fde52dbae832bi,2026-01-18 18:20:00,14,True,1,31,37,2303,3.78,230.37,0.032,True,0.0146,,,,,,,,,,,,,,,,
2026-01-19,a3c772d3fde52dbae832bi,2026-01-18 18:30:00,15,True,1,31,36,2299,3.7,229.93,0.031,True,0.0152,,,,,,,,,,,,,,,,
2026-01-19,a3c772d3fde52dbae832bi,2026-01-18 18:40:00,16,True,1,31,36,2303,3.7,230.39,0.031,True,0.0158,,,,,,,,,,,,,,,,
2026-01-19,a3c772d3fde52dbae832bi,2026-01-18 18:50:00,17,True,1,31,36,2303,3.7,230.3,0.031,True,0.0164,,,,,,,,,,,,,,,,
2026-01-19,a3c772d3fde52dbae832bi,2026-01-18 19:00:00,18,True,1,31,36,2301,3.7,230.17,0.031,True,0.017,,,,,,,,,,,,,,,,
2026-01-19,a3c772d3fde52dbae832bi,2026-01-18 19:10:00,19,True,1,31,36,2301,3.7,230.17,0.031,True,0.0177,,,,,,,,,,,,,,,,
2026-01-19,a3c772d3fde52dbae832bi,2026-01-18 19:20:00,20,True,1,31,36,2303,3.7,230.35,0.031,True,0.0183,,,,,,,,,,,,,,,,
2026-01-19,a3c772d3fde52dbae832bi,2026-01-18 19:30:00,21,True,1,31,36,2302,3.7,230.27,0.031,True,0.0189,,,,,,,,,,,,,,,,
2026-01-19,a3c772d3fde52dbae832bi,2026-01-18 19:40:00,22,True,1,31,37,2309,3.72,230.96,0.031,True,0.0195,,,,,,,,,,,,,,,,
2026-01-19,a3c772d3fde52dbae832bi,2026-01-18 19:50:00,23,True,2,31,37,2302,3.74,230.25,0.031,True,0.0201,,,,,,,,,,,,,,,,
2026-01-19,a3c772d3fde52dbae832bi,2026-01-18 20:00:00,24,True,2,31,37,2301,3.74,230.12,0.031,True,0.0208,,,,,,,,,,,,,,,,
2026-01-19,a3c772d3fde52dbae832bi,2026-01-18 20:10:00,25,True,2,31,37,2305,3.74,230.57,0.031,True,0.0214,,,,,,,,,,,,,,,,
2026-01-19,a3c772d3fde52dbae832bi,2026-01-18 20:20:00,26,True,2,31,37,2300,3.74,230.06,0.031,True,0.022,,,,,,,,,,,,,,,,
2026-01-19,a3c772d3fde52dbae832bi,2026-01-18 20:30:00,27,True,2,31,37,2304,3.74,230.4,0.031,True,0.0226,,,,,,,,,,,,,,,,
2026-01-19,a3c772d3fde52dbae832bi,2026-01-18 20:40:00,28,True,2,31,38,2316,3.8,231.62,0.032,True,0.0233,,,,,,,,,,,,,,,,
2026-01-19,a3c772d3fde52dbae832bi,2026-01-18 20:50:00,29,True,2,0,181,2319,18.1,231.99,0.0,True,0.0263,,,,,,,,,,,,,,,,
2026-01-19,a3c772d3fde52dbae832bi,2026-01-18 21:00:00,30,True,2,0,181,2311,18.1,231.14,0.0,True,0.0293,,,,,,,,,,,,,,,,
2026-01-19,a3c772d3fde52dbae832bi,2026-01-18 21:10:00,31,True,3,0,181,2318,18.1,231.83,0.0,True,0.0323,,,,,,,,,,,,,,,,
2026-01-19,a3c772d3fde52dbae832bi,2026-01-18 21:20:00,32,True,3,0,181,2314,18.1,231.41,0.0,True,0.0353,,,,,,,,,,,,,,,,
2026-01-19,a3c772d3fde52dbae832bi,2026-01-18 21:30:00,33,True,3,0,181,2308,18.1,230.84,0.0,True,0.0383,,,,,,,,,,,,,,,,
2026-01-19,a3c772d3fde52dbae832bi,2026-01-18 21:40:00,34,True,4,0,181,2314,18.1,231.42,0.0,True,0.0414,,,,,,,,,,,,,,,,
2026-01-19,a3c772d3fde52dbae832bi,2026-01-18 21:50:00,35,True,4,0,181,2315,18.1,231.52,0.0,True,0.0444,,,,,,,,,,,,,,,,
2026-01-19,a3c772d3fde52dbae832bi,2026-01-18 22:00:00,36,True,4,0,181,2309,18.1,230.92,0.0,True,0.0474,,,,,,,,,,,,,,,,
2026-01-19,a3c772d3fde52dbae832bi,2026-01-18 22:10:00,37,True,5,0,181,2309,18.1,230.95,0.0,True,0.0504,,,,,,,,,,,,,,,,
2026-01-19,a3c772d3fde52dbae832bi,2026-01-18 22:20:00,38,True,5,0,181,2312,18.1,231.26,0.0,True,0.0534,,,,,,,,,,,,,,,,
2026-01-19,a3c772d3fde52dbae832bi,2026-01-18 22:30:00,39,True,5,0,181,2312,18.1,231.26,0.0,True,0.0565,,,,,,,,,,,,,,,,
2026-01-19,a3c772d3fde52dbae832bi,2026-01-18 22:40:00,40,True,5,0,181,2315,18.1,231.56,0.0,True,0.0595,,,,,,,,,,,,,,,,
2026-01-19,a3c772d3fde52dbae832bi,2026-01-18 22:50:00,41,True,6,0,181,2309,18.1,230.91,0.0,True,0.0625,,,,,,,,,,,,,,,,
2026-01-19,a3c772d3fde52dbae832bi,2026-01-18 23:00:00,42,True,6,0,181,2313,18.1,231.38,0.0,True,0.0655,,,,,,,,,,,,,,,,
2026-01-19,a3c772d3fde52dbae832bi,2026-01-18 23:10:00,43,True,6,0,181,2310,18.1,231.0,0.0,True,0.0685,,,,,,,,,,,,,,,,
2026-01-19,a3c772d3fde52dbae832bi,2026-01-18 23:20:00,44,True,7,0,181,2315,18.1,231.54,0.0,True,0.0715,,,,,,,,,,,,,,,,
2026-01-19,a3c772d3fde52dbae832bi,2026-01-18 23:30:00,45,True,7,0,181,2305,18.1,230.53,0.0,True,0.0746,,,,,,,,,,,,,,,,
2026-01-19,a3c772d3fde52dbae832bi,2026-01-18 23:40:00,46,True,7,0,181,2309,18.1,230.98,0.0,True,0.0776,,,,,,,,,,,,,,,,
2026-01-19,a3c772d3fde52dbae832bi,2026-01-18 23:50:00,47,True,8,0,181,2306,18.1,230.69,0.0,True,0.0806,,,,,,,,,,,,,,,,
2026-01-19,a3c772d3fde52dbae832bi,2026-01-19 00:00:00,48,True,8,0,181,2301,18.1,230.17,0.0,True,0.0836,,,,,,,,,,,,,,,,
2026-01-19,a3c772d3fde52dbae832bi,2026-01-19 00:10:00,49,True,8,0,181,2323,18.1,232.31,0.0,True,0.0866,,,,,,,,,,,,,,,,
2026-01-19,a3c772d3fde52dbae832bi,2026-01-19 00:20:00,50,True,8,0,181,2317,18.1,231.75,0.0,True,0.0896,,,,,,,,,,,,,,,,
2026-01-19,a3c772d3fde52dbae832bi,2026-01-19 00:30:00,51,True,9,0,181,2321,18.1,232.13,0.0,True,0.0927,,,,,,,,,,,,,,,,
2026-01-19,a3c772d3fde52dbae832bi,2026-01-19 00:40:00,52,True,9,0,181,2328,18.1,232.87,0.0,True,0.0957,,,,,,,,,,,,,,,,
2026-01-19,a3c772d3fde52dbae832bi,2026-01-19 00:50:00,53,False,9,0,0,2317,0.0,231.72,0.0,False,0.0957,,,,,,,,,,,,,,,,
2026-01-19,a3c772d3fde52dbae832bi,2026-01-19 01:00:00,54,True,9,0,181,2321,18.1,232.18,0.0,True,0.0987,,,,,,,,,,,,,,,,
2026-01-19,a3c772d3fde52dbae832bi,2026-01-19 01:10:00,55,True,10,0,181,2310,18.1,231.09,0.0,True,0.1017,,,,,,,,,,,,,,,,
2026-01-19,a3c772d3fde52dbae832bi,2026-01-19 01:20:00,56,True,10,0,181,2334,18.1,233.4,0.0,True,0.1047,,,,,,,,,,,,,,,,
2026-01-19,a3c772d3fde52dbae832bi,2026-01-19 01:30:00,57,True,10,0,181,2334,18.1,233.4,0.0,True,0.1077,,,,,,,,,,,,,,,,
2026-01-19,a3c772d3fde52dbae832bi,2026-01-19 01:40:00,58,True,11,0,181,2328,18.1,232.81,0.0,True,0.1108,,,,,,,,,,,,,,,,
2026-01-19,a3c772d3fde52dbae832bi,2026-01-19 01:50:00,59,True,11,0,181,2313,18.1,231.31,0.0,True,0.1138,,,,,,,,,,,,,,,,
2026-01-19,a3c772d3fde52dbae832bi,2026-01-19 02:00:00,60,True,11,0,181,2303,18.1,230.3,0.0,True,0.1168,,,,,,,,,,,,,,,,
2026-01-19,a3c772d3fde52dbae832bi,2026-01-19 02:10:00,61,True,11,0,181,2297,18.1,229.76,0.0,True,0.1198,,,,,,,,,,,,,,,,
2026-01-19,a3c772d3fde52dbae832bi,2026-01-19 02:20:00,62,True,12,0,181,2299,18.1,229.97,0.0,True,0.1228,,,,,,,,,,,,,,,,
2026-01-19,a3c772d3fde52dbae832bi,2026-01-19 02:30:00,63,True,12,0,181,2300,18.1,230.07,0.0,True,0.1258,,,,,,,,,,,,,,,,
2026-01-19,a3c772d3fde52dbae832bi,2026-01-19 02:40:00,64,True,12,0,181,2300,18.1,230.01,0.0,True,0.1289,,,,,,,,,,,,,,,,
2026-01-19,a3c772d3fde52dbae832bi,2026-01-19 02:50:00,65,True,13,0,181,2298,18.1,229.81,0.0,True,0.1319,,,,,,,,,,,,,,,,
2026-01-19,a3c772d3fde52dbae832bi,2026-01-19 03:00:00,66,True,13,0,181,2302,18.1,230.23,0.0,True,0.1349,,,,,,,,,,,,,,,,
2026-01-19,a3c772d3fde52dbae832bi,2026-01-19 03:10:00,67,True,13,0,181,2298,18.1,229.81,0.0,True,0.1379,,,,,,,,,,,,,,,,
2026-01-19,a3c772d3fde52dbae832bi,2026-01-19 03:20:00,68,True,14,0,181,2301,18.1,230.12,0.0,True,0.1409,,,,,,,,,,,,,,,,
2026-01-19,a3c772d3fde52dbae832bi,2026-01-19 03:30:00,69,True,14,0,181,2310,18.1,231.09,0.0,True,0.144,,,,,,,,,,,,,,,,
2026-01-19,a3c772d3fde52dbae832bi,2026-01-19 03:40:00,70,True,14,0,181,2312,18.1,231.29,0.0,True,0.147,,,,,,,,,,,,,,,,
2026-01-19,a3c772d3fde52dbae832bi,2026-01-19 03:50:00,71,True,14,0,181,2323,18.1,232.3,0.0,True,0.15,,,,,,,,,,,,,,,,
2026-01-19,a3c772d3fde52dbae832bi,2026-01-19 04:00:00,72,True,15,0,181,2304,18.1,230.46,0.0,True,0.153,,,,,,,,,,,,,,,,
2026-01-19,a3c772d3fde52dbae832bi,2026-01-19 04:10:00,73,True,15,0,181,2305,18.1,230.57,0.0,True,0.156,,,,,,,,,,,,,,,,
2026-01-19,a3c772d3fde52dbae832bi,2026-01-19 04:20:00,74,True,15,0,181,2322,18.1,232.22,0.0,True,0.159,,,,,,,,,,,,,,,,
2026-01-19,a3c772d3fde52dbae832bi,2026-01-19 04:30:00,75,True,16,0,181,2297,18.1,229.72,0.0,True,0.1621,,,,,,,,,,,,,,,,
2026-01-19,a3c772d3fde52dbae832bi,2026-01-19 04:40:00,76,True,16,0,181,2305,18.1,230.56,0.0,True,0.1651,,,,,,,,,,,,,,,,
2026-01-19,a3c772d3fde52dbae832bi,2026-01-19 04:50:00,77,True,16,0,181,2305,18.1,230.52,0.0,True,0.1681,,,,,,,,,,,,,,,,
2026-01-19,a3c772d3fde52dbae832bi,2026-01-19 05:00:00,78,True,16,40,48,2309,4.89,230.9,0.041,True,0.1689,,,,,,,,,,,,,,,,
2026-01-19,a3c772d3fde52dbae832bi,2026-01-19 05:10:00,79,False,16,0,0,2321,0.0,232.15,0.0,False,0.1689,,,,,,,,,,,,,,,,
2026-01-19,a3c772d3fde52dbae832bi,2026-01-19 05:20:00,80,True,16,20,24,2317,2.45,231.78,0.02,True,0.1693,,,,,,,,,,,,,,,,
2026-01-19,a3c772d3fde52dbae832bi,2026-01-19 05:30:00,81,False,16,0,0,2330,0.0,233.07,0.0,False,0.1693,,,,,,,,,,,,,,,,
2026-01-19,a3c772d3fde52dbae832bi,2026-01-19 05:40:00,82,True,16,20,24,2309,2.45,230.9,0.02,True,0.1697,,,,,,,,,,,,,,,,
2026-01-19,a3c772d3fde52dbae832bi,2026-01-19 05:50:00,83,True,17,20,24,2309,2.45,230.9,0.02,True,0.1701,,,,,,,,,,,,,,,,
2026-01-19,a3c772d3fde52dbae832bi,2026-01-19 06:00:00,84,True,17,59,71,2317,7.14,231.75,0.06,True,0.1713,,,,,,,,,,,,,,,,
2026-01-19,a3c772d3fde52dbae832bi,2026-01-19 06:10:00,85,True,17,39,47,2324,4.77,232.48,0.04,True,0.1721,,,,,,,,,,,,,,,,
2026-01-19,a3c772d3fde52dbae832bi,2026-01-19 06:20:00,86,True,17,80,96,2317,9.67,231.76,0.081,True,0.1737,,,,,,,,,,,,,,,,
2026-01-19,a3c772d3fde52dbae832bi,2026-01-19 06:30:00,87,True,17,83,99,2311,9.93,231.17,0.083,True,0.1754,,,,,,,,,,,,,,,,
2026-01-19,a3c772d3fde52dbae832bi,2026-01-19 06:40:00,88,True,17,97,116,2314,11.68,231.41,0.098,True,0.1773,,,,,,,,,,,,,,,,
2026-01-19,a3c772d3fde52dbae832bi,2026-01-19 06:50:00,89,True,17,120,143,2311,14.38,231.16,0.12,True,0.1797,,,,,,,,,,,,,,,,
2026-01-19,a3c772d3fde52dbae832bi,2026-01-19 07:00:00,90,True,18,80,95,2304,9.54,230.43,0.08,True,0.1813,,,,,,,,,,,,,,,,
2026-01-19,a3c772d3fde52dbae832bi,2026-01-19 07:10:00,91,True,18,140,168,2311,16.83,231.16,0.141,True,0.1841,,,,,,,,,,,,,,,,
2026-01-19,a3c772d3fde52dbae832bi,2026-01-19 07:20:00,92,True,18,119,143,2304,14.3,230.42,0.12,True,0.1865,,,,,,,,,,,,,,,,
2026-01-19,a3c772d3fde52dbae832bi,2026-01-19 07:30:00,93,True,18,136,139,1980,13.93,198.06,0.136,True,0.1888,,,,,,,,,,,,,,,,
2026-01-19,a3c772d3fde52dbae832bi,2026-01-19 07:40:00,94,True,19,136,162,2310,16.26,231.09,0.136,True,0.1915,,,,,,,,,,,,,,,,
2026-01-19,a3c772d3fde52dbae832bi,2026-01-19 07:50:00,95,True,19,135,162,2312,16.23,231.27,0.136,True,0.1942,,,,,,,,,,,,,,,,
2026-01-19,a3c772d3fde52dbae832bi,2026-01-19 08:00:00,96,True,19,135,162,2312,16.23,231.27,0.136,True,0.1969,,,,,,,,,,,,,,,,
2026-01-19,a3c772d3fde52dbae832bi,2026-01-19 08:10:00,97,True,20,155,186,2314,18.65,231.47,0.156,True,0.2001,,,,,,,,,,,,,,,,
2026-01-19,a3c772d3fde52dbae832bi,2026-01-19 08:20:00,98,True,20,155,186,2316,18.62,231.64,0.155,True,0.2032,,,,,,,,,,,,,,,,
2026-01-19,a3c772d3fde52dbae832bi,2026-01-19 08:30:00,99,True,20,155,186,2316,18.62,231.64,0.155,True,0.2063,,,,,,,,,,,,,,,,
2026-01-19,a3c772d3fde52dbae832bi,2026-01-19 08:40:00,100,True,20,174,209,2320,20.98,232.02,0.175,True,0.2098,,,,,,,,,,,,,,,,
2026-01-19,a3c772d3fde52dbae832bi,2026-01-19 08:50:00,101,True,21,155,186,2319,18.62,231.96,0.155,True,0.2129,,,,,,,,,,,,,,,,
2026-01-19,a3c772d3fde52dbae832bi,2026-01-19 09:00:00,102,True,21,155,186,2319,18.61,231.96,0.155,True,0.216,,,,,,,,,,,,,,,,
2026-01-19,a3c772d3fde52dbae832bi,2026-01-19 09:10:00,103,True,21,135,162,2317,16.2,231.76,0.135,True,0.2187,,,,,,,,,,,,,,,,
2026-01-19,a3c772d3fde52dbae832bi,2026-01-19 09:20:00,104,True,22,155,186,2319,18.61,231.9,0.155,True,0.2218,,,,,,,,,,,,,,,,
2026-01-19,a3c772d3fde52dbae832bi,2026-01-19 09:30:00,105,True,22,155,186,2319,18.6,231.96,0.155,True,0.2249,,,,,,,,,,,,,,,,
2026-01-19,a3c772d3fde52dbae832bi,2026-01-19 09:40:00,106,True,22,115,137,2315,13.8,231.5,0.115,True,0.2272,,,,,,,,,,,,,,,,
2026-01-19,a3c772d3fde52dbae832bi,2026-01-19 09:50:00,107,True,23,155,185,2315,18.56,231.53,0.155,True,0.2303,,,,,,,,,,,,,,,,
2026-01-19,a3c772d3fde52dbae832bi,2026-01-19 10:00:00,108,True,23,135,162,2314,16.21,231.46,0.135,True,0.233,,,,,,,,,,,,,,,,
2026-01-19,a3c772d3fde52dbae832bi,2026-01-19 10:10:00,109,True,23,115,137,2315,13.8,231.52,0.115,True,0.2353,,,,,,,,,,,,,,,,
2026-01-19,a3c772d3fde52dbae832bi,2026-01-19 10:20:00,110,True,23,114,137,2308,13.71,230.8,0.115,True,0.2375,,,,,,,,,,,,,,,,
2026-01-19,a3c772d3fde52dbae832bi,2026-01-19 10:30:00,111,True,23,114,136,2308,13.68,230.8,0.115,True,0.2398,,,,,,,,,,,,,,,,
2026-01-19,a3c772d3fde52dbae832bi,2026-01-19 10:40:00,112,True,24,94,113,2313,11.34,231.36,0.095,True,0.2417,,,,,,,,,,,,,,,,
2026-01-19,a3c772d3fde52dbae832bi,2026-01-19 10:50:00,113,True,24,134,160,2313,16.07,231.3,0.134,True,0.2444,,,,,,,,,,,,,,,,
2026-01-19,a3c772d3fde52dbae832bi,2026-01-19 11:00:00,114,True,24,114,137,2317,13.73,231.77,0.115,True,0.2467,,,,,,,,,,,,,,,,
2026-01-19,a3c772d3fde52dbae832bi,2026-01-19 11:10:00,115,True,24,95,114,2327,11.47,232.74,0.095,True,0.2486,,,,,,,,,,,,,,,,
2026-01-19,a3c772d3fde52dbae832bi,2026-01-19 11:20:00,116,True,25,95,114,2322,11.44,232.24,0.095,True,0.2505,,,,,,,,,,,,,,,,
2026-01-19,a3c772d3fde52dbae832bi,2026-01-19 11:30:00,117,True,25,115,138,2325,13.86,232.57,0.115,True,0.2528,,,,,,,,,,,,,,,,
2026-01-19,a3c772d3fde52dbae832bi,2026-01-19 11:40:00,118,True,25,95,114,2320,11.43,232.04,0.095,True,0.2547,,,,,,,,,,,,,,,,
2026-01-19,a3c772d3fde52dbae832bi,2026-01-19 11:50:00,119,True,25,155,186,2323,18.66,232.36,0.155,True,0.2578,,,,,,,,,,,,,,,,
2026-01-19,a3c772d3fde52dbae832bi,2026-01-19 12:00:00,120,True,26,155,186,2323,18.64,232.36,0.155,True,0.2609,,,,,,,,,,,,,,,,
2026-01-19,a3c772d3fde52dbae832bi,2026-01-19 12:10:00,121,True,26,114,138,2326,13.83,232.6,0.115,True,0.2632,,,,,,,,,,,,,,,,
2026-01-19,a3c772d3fde52dbae832bi,2026-01-19 12:20:00,122,True,26,134,162,2322,16.22,232.27,0.135,True,0.2659,,,,,,,,,,,,,,,,
2026-01-19,a3c772d3fde52dbae832bi,2026-01-19 12:30:00,123,True,26,134,162,2322,16.22,232.27,0.135,True,0.2686,,,,,,,,,,,,,,,,
2026-01-19,a3c772d3fde52dbae832bi,2026-01-19 12:40:00,124,True,27,135,162,2321,16.22,232.14,0.135,True,0.2713,,,,,,,,,,,,,,,,
2026-01-19,a3c772d3fde52dbae832bi,2026-01-19 12:50:00,125,True,27,115,138,2320,13.82,232.08,0.115,True,0.2736,,,,,,,,,,,,,,,,
2026-01-19,a3c772d3fde52dbae832bi,2026-01-19 13:00:00,126,True,27,134,160,2308,16.09,230.89,0.135,True,0.2763,,,,,,,,,,,,,,,,
2026-01-19,a3c772d3fde52dbae832bi,2026-01-19 13:10:00,127,True,27,114,136,2305,13.66,230.51,0.115,True,0.2786,,,,,,,,,,,,,,,,
2026-01-19,a3c772d3fde52dbae832bi,2026-01-19 13:20:00,128,True,28,114,136,2303,13.67,230.39,0.115,True,0.2809,,,,,,,,,,,,,,,,
2026-01-19,a3c772d3fde52dbae832bi,2026-01-19 13:30:00,129,True,28,114,136,2303,13.67,230.39,0.115,True,0.2832,,,,,,,,,,,,,,,,
2026-01-19,a3c772d3fde52dbae832bi,2026-01-19 13:40:00,130,True,28,55,65,2294,6.58,229.4,0.055,True,0.2843,,,,,,,,,,,,,,,,
2026-01-19,a3c772d3fde52dbae832bi,2026-01-19 13:50:00,131,True,28,55,65,2294,6.58,229.4,0.055,True,0.2854,,,,,,,,,,,,,,,,
2026-01-19,a3c772d3fde52dbae832bi,2026-01-19 14:00:00,132,True,28,75,89,2297,8.92,229.75,0.075,True,0.2868,,,,,,,,,,,,,,,,
2026-01-19,a3c772d3fde52dbae832bi,2026-01-19 14:10:00,133,True,28,74,88,2290,8.88,229.04,0.075,True,0.2883,,,,,,,,,,,,,,,,
2026-01-19,a3c772d3fde52dbae832bi,2026-01-19 14:20:00,134,True,28,55,65,2292,6.56,229.2,0.055,True,0.2894,,,,,,,,,,,,,,,,
2026-01-19,a3c772d3fde52dbae832bi,2026-01-19 14:30:00,135,True,29,55,65,2292,6.56,229.2,0.055,True,0.2905,,,,,,,,,,,,,,,,
2026-01-19,a3c772d3fde52dbae832bi,2026-01-19 14:40:00,136,True,29,74,88,2291,8.88,229.17,0.075,True,0.292,,,,,,,,,,,,,,,,
2026-01-19,a3c772d3fde52dbae832bi,2026-01-19 14:50:00,137,True,29,74,88,2291,8.88,229.17,0.075,True,0.2935,,,,,,,,,,,,,,,,
2026-01-19,a3c772d3fde52dbae832bi,2026-01-19 15:00:00,138,True,29,55,65,2296,6.55,229.67,0.055,True,0.2946,,,,,,,,,,,,,,,,
2026-01-19,a3c772d3fde52dbae832bi,2026-01-19 15:10:00,139,True,29,55,65,2296,6.55,229.67,0.055,True,0.2956,,,,,,,,,,,,,,,,
2026-01-19,a3c772d3fde52dbae832bi,2026-01-19 15:20:00,140,True,29,55,65,2298,6.56,229.8,0.055,True,0.2967,,,,,,,,,,,,,,,,
2026-01-19,a3c772d3fde52dbae832bi,2026-01-19 15:30:00,141,True,29,55,65,2302,6.56,230.22,0.055,True,0.2978,,,,,,,,,,,,,,,,
2026-01-19,a3c772d3fde52dbae832bi,2026-01-19 15:40:00,142,True,29,54,64,2287,6.5,228.78,0.055,True,0.2989,,,,,,,,,,,,,,,,
2026-01-19,a3c772d3fde52dbae832bi,2026-01-19 15:50:00,143,True,29,54,64,2287,6.5,228.78,0.055,True,0.3,,,,,,,,,,,,,,,,
2026-01-20,a3c772d3fde52dbae832bi,2026-01-19 16:00:00,0,True,0,100,122,2290,12.26,229.09,0.1,True,0.002,,,,,,,,,,,,,,,,
2026-01-20,a3c772d3fde52dbae832bi,2026-01-19 16:10:00,1,True,0,117,142,2287,14.28,228.74,0.117,True,0.0044,,,,,,,,,,,,,,,,
2026-01-20,a3c772d3fde52dbae832bi,2026-01-19 16:20:00,2,True,0,116,143,2295,14.31,229.51,0.117,True,0.0068,,,,,,,,,,,,,,,,
2026-01-20,a3c772d3fde52dbae832bi,2026-01-19 16:30:00,3,True,0,53,65,2295,6.6,229.51,0.054,True,0.0079,,,,,,,,,,,,,,,,
2026-01-20,a3c772d3fde52dbae832bi,2026-01-19 16:40:00,4,True,0,55,67,2310,6.79,231.03,0.055,True,0.009,,,,,,,,,,,,,,,,
2026-01-20,a3c772d3fde52dbae832bi,2026-01-19 16:50:00,5,True,0,34,42,2308,4.22,230.84,0.034,True,0.0097,,,,,,,,,,,,,,,,
2026-01-20,a3c772d3fde52dbae832bi,2026-01-19 17:00:00,6,True,1,34,42,2308,4.22,230.82,0.034,True,0.0104,,,,,,,,,,,,,,,,
2026-01-20,a3c772d3fde52dbae832bi,2026-01-19 17:10:00,7,True,1,34,42,2300,4.22,230.06,0.034,True,0.0111,,,,,,,,,,,,,,,,
2026-01-20,a3c772d3fde52dbae832bi,2026-01-19 17:20:00,8,True,1,34,42,2301,4.22,230.17,0.034,True,0.0119,,,,,,,,,,,,,,,,
2026-01-20,a3c772d3fde52dbae832bi,2026-01-19 17:30:00,9,True,1,34,42,2302,4.22,230.28,0.034,True,0.0126,,,,,,,,,,,,,,,,
2026-01-20,a3c772d3fde52dbae832bi,2026-01-19 17:40:00,10,True,1,34,42,2301,4.22,230.19,0.034,True,0.0133,,,,,,,,,,,,,,,,
2026-01-20,a3c772d3fde52dbae832bi,2026-01-19 17:50:00,11,True,1,33,41,2300,4.15,230.02,0.034,True,0.014,,,,,,,,,,,,,,,,
2026-01-20,a3c772d3fde52dbae832bi,2026-01-19 18:00:00,12,True,1,33,41,2296,4.15,229.62,0.034,True,0.0146,,,,,,,,,,,,,,,,
2026-01-20,a3c772d3fde52dbae832bi,2026-01-19 18:10:00,13,True,1,33,41,2295,4.15,229.57,0.034,True,0.0153,,,,,,,,,,,,,,,,
2026-01-20,a3c772d3fde52dbae832bi,2026-01-19 18:20:00,14,True,1,33,41,2303,4.15,230.37,0.034,True,0.016,,,,,,,,,,,,,,,,
2026-01-20,a3c772d3fde52dbae832bi,2026-01-19 18:30:00,15,True,1,33,40,2299,4.07,229.93,0.033,True,0.0167,,,,,,,,,,,,,,,,
2026-01-20,a3c772d3fde52dbae832bi,2026-01-19 18:40:00,16,True,1,33,40,2303,4.07,230.39,0.033,True,0.0174,,,,,,,,,,,,,,,,
2026-01-20,a3c772d3fde52dbae832bi,2026-01-19 18:50:00,17,True,1,33,40,2303,4.07,230.3,0.033,True,0.0181,,,,,,,,,,,,,,,,
2026-01-20,a3c772d3fde52dbae832bi,2026-01-19 19:00:00,18,True,1,33,40,2301,4.07,230.17,0.033,True,0.0187,,,,,,,,,,,,,,,,
2026-01-20,a3c772d3fde52dbae832bi,2026-01-19 19:10:00,19,True,1,33,40,2301,4.07,230.17,0.033,True,0.0194,,,,,,,,,,,,,,,,
2026-01-20,a3c772d3fde52dbae832bi,2026-01-19 19:20:00,20,True,2,33,40,2303,4.07,230.35,0.033,True,0.0201,,,,,,,,,,,,,,,,
2026-01-20,a3c772d3fde52dbae832bi,2026-01-19 19:30:00,21,True,2,33,40,2302,4.07,230.27,0.033,True,0.0208,,,,,,,,,,,,,,,,
2026-01-20,a3c772d3fde52dbae832bi,2026-01-19 19:40:00,22,True,2,33,40,2309,4.1,230.96,0.033,True,0.0215,,,,,,,,,,,,,,,,
2026-01-20,a3c772d3fde52dbae832bi,2026-01-19 19:50:00,23,True,2,33,41,2302,4.12,230.25,0.034,True,0.0221,,,,,,,,,,,,,,,,
2026-01-20,a3c772d3fde52dbae832bi,2026-01-19 20:00:00,24,True,2,33,41,2301,4.12,230.12,0.034,True,0.0228,,,,,,,,,,,,,,,,
2026-01-20,a3c772d3fde52dbae832bi,2026-01-19 20:10:00,25,True,2,33,41,2305,4.12,230.57,0.033,True,0.0235,,,,,,,,,,,,,,,,
2026-01-20,a3c772d3fde52dbae832bi,2026-01-19 20:20:00,26,True,2,33,41,2300,4.12,230.06,0.034,True,0.0242,,,,,,,,,,,,,,,,
2026-01-20,a3c772d3fde52dbae832bi,2026-01-19 20:30:00,27,True,2,33,41,2304,4.12,230.4,0.034,True,0.0249,,,,,,,,,,,,,,,,
2026-01-20,a3c772d3fde52dbae832bi,2026-01-19 20:40:00,28,True,2,33,41,2316,4.18,231.62,0.034,True,0.0256,,,,,,,,,,,,,,,,
2026-01-20,a3c772d3fde52dbae832bi,2026-01-19 20:50:00,29,True,2,0,186,2319,18.67,231.99,0.0,True,0.0287,,,,,,,,,,,,,,,,
2026-01-20,a3c772d3fde52dbae832bi,2026-01-19 21:00:00,30,True,3,0,186,2311,18.67,231.14,0.0,True,0.0318,,,,,,,,,,,,,,,,
2026-01-20,a3c772d3fde52dbae832bi,2026-01-19 21:10:00,31,True,3,0,186,2318,18.67,231.83,0.0,True,0.0349,,,,,,,,,,,,,,,,
2026-01-20,a3c772d3fde52dbae832bi,2026-01-19 21:20:00,32,True,3,0,186,2314,18.67,231.41,0.0,True,0.038,,,,,,,,,,,,,,,,
2026-01-20,a3c772d3fde52dbae832bi,2026-01-19 21:30:00,33,True,4,0,186,2308,18.67,230.84,0.0,True,0.0411,,,,,,,,,,,,,,,,
2026-01-20,a3c772d3fde52dbae832bi,2026-01-19 21:40:00,34,True,4,0,186,2314,18.67,231.42,0.0,True,0.0443,,,,,,,,,,,,,,,,
2026-01-20,a3c772d3fde52dbae832bi,2026-01-19 21:50:00,35,True,4,0,186,2315,18.67,231.52,0.0,True,0.0474,,,,,,,,,,,,,,,,
2026-01-20,a3c772d3fde52dbae832bi,2026-01-19 22:00:00,36,True,5,0,186,2309,18.67,230.92,0.0,True,0.0505,,,,,,,,,,,,,,,,
2026-01-20,a3c772d3fde52dbae832bi,2026-01-19 22:10:00,37,True,5,0,186,2309,18.67,230.95,0.0,True,0.0536,,,,,,,,,,,,,,,,
2026-01-20,a3c772d3fde52dbae832bi,2026-01-19 22:20:00,38,True,5,0,186,2312,18.67,231.26,0.0,True,0.0567,,,,,,,,,,,,,,,,
2026-01-20,a3c772d3fde52dbae832bi,2026-01-19 22:30:00,39,True,5,0,186,2312,18.67,231.26,0.0,True,0.0598,,,,,,,,,,,,,,,,
2026-01-20,a3c772d3fde52dbae832bi,2026-01-19 22:40:00,40,True,6,0,186,2315,18.67,231.56,0.0,True,0.0629,,,,,,,,,,,,,,,,
2026-01-20,a3c772d3fde52dbae832bi,2026-01-19 22:50:00,41,True,6,0,186,2309,18.67,230.91,0.0,True,0.066,,,,,,,,,,,,,,,,
2026-01-20,a3c772d3fde52dbae832bi,2026-01-19 23:00:00,42,True,6,0,186,2313,18.67,231.38,0.0,True,0.0691,,,,,,,,,,,,,,,,
2026-01-20,a3c772d3fde52dbae832bi,2026-01-19 23:10:00,43,True,7,0,186,2310,18.67,231.0,0.0,True,0.0723,,,,,,,,,,,,,,,,
2026-01-20,a3c772d3fde52dbae832bi,2026-01-19 23:20:00,44,True,7,0,186,2315,18.67,231.54,0.0,True,0.0754,,,,,,,,,,,,,,,,
2026-01-20,a3c772d3fde52dbae832bi,2026-01-19 23:30:00,45,True,7,0,186,2305,18.67,230.53,0.0,True,0.0785,,,,,,,,,,,,,,,,
2026-01-20,a3c772d3fde52dbae832bi,2026-01-19 23:40:00,46,True,8,0,186,2309,18.67,230.98,0.0,True,0.0816,,,,,,,,,,,,,,,,
2026-01-20,a3c772d3fde52dbae832bi,2026-01-19 23:50:00,47,True,8,0,186,2306,18.67,230.69,0.0,True,0.0847,,,,,,,,,,,,,,,,
2026-01-20,a3c772d3fde52dbae832bi,2026-01-20 00:00:00,48,True,8,0,186,2301,18.67,230.17,0.0,True,0.0878,,,,,,,,,,,,,,,,
2026-01-20,a3c772d3fde52dbae832bi,2026-01-20 00:10:00,49,True,9,0,186,2323,18.67,232.31,0.0,True,0.0909,,,,,,,,,,,,,,,,
2026-01-20,a3c772d3fde52dbae832bi,2026-01-20 00:20:00,50,True,9,0,186,2317,18.67,231.75,0.0,True,0.094,,,,,,,,,,,,,,,,
2026-01-20,a3c772d3fde52dbae832bi,2026-01-20 00:30:00,51,True,9,0,186,2321,18.67,232.13,0.0,True,0.0971,,,,,,,,,,,,,,,,
2026-01-20,a3c772d3fde52dbae832bi,2026-01-20 00:40:00,52,True,10,0,186,2328,18.67,232.87,0.0,True,0.1003,,,,,,,,,,,,,,,,
2026-01-20,a3c772d3fde52dbae832bi,2026-01-20 00:50:00,53,False,10,0,0,2317,0.0,231.72,0.0,False,0.1003,,,,,,,,,,,,,,,,
2026-01-20,a3c772d3fde52dbae832bi,2026-01-20 01:00:00,54,True,10,0,186,2321,18.67,232.18,0.0,True,0.1034,,,,,,,,,,,,,,,,
2026-01-20,a3c772d3fde52dbae832bi,2026-01-20 01:10:00,55,True,10,0,186,2310,18.67,231.09,0.0,True,0.1065,,,,,,,,,,,,,,,,
2026-01-20,a3c772d3fde52dbae832bi,2026-01-20 01:20:00,56,True,10,0,186,2334,18.67,233.4,0.0,True,0.1096,,,,,,,,,,,,,,,,
2026-01-20,a3c772d3fde52dbae832bi,2026-01-20 01:30:00,57,True,11,0,186,2334,18.67,233.4,0.0,True,0.1127,,,,,,,,,,,,,,,,
2026-01-20,a3c772d3fde52dbae832bi,2026-01-20 01:40:00,58,True,11,0,186,2328,18.67,232.81,0.0,True,0.1158,,,,,,,,,,,,,,,,
2026-01-20,a3c772d3fde52dbae832bi,2026-01-20 01:50:00,59,True,11,0,186,2313,18.67,231.31,0.0,True,0.1189,,,,,,,,,,,,,,,,
2026-01-20,a3c772d3fde52dbae832bi,2026-01-20 02:00:00,60,True,12,0,186,2303,18.67,230.3,0.0,True,0.122,,,,,,,,,,,,,,,,
2026-01-20,a3c772d3fde52dbae832bi,2026-01-20 02:10:00,61,True,12,0,186,2297,18.67,229.76,0.0,True,0.1251,,,,,,,,,,,,,,,,
2026-01-20,a3c772d3fde52dbae832bi,2026-01-20 02:20:00,62,True,12,0,186,2299,18.67,229.97,0.0,True,0.1283,,,,,,,,,,,,,,,,
2026-01-20,a3c772d3fde52dbae832bi,2026-01-20 02:30:00,63,True,13,0,186,2300,18.67,230.07,0.0,True,0.1314,,,,,,,,,,,,,,,,
2026-01-20,a3c772d3fde52dbae832bi,2026-01-20 02:40:00,64,True,13,0,186,2300,18.67,230.01,0.0,True,0.1345,,,,,,,,,,,,,,,,
2026-01-20,a3c772d3fde52dbae832bi,2026-01-20 02:50:00,65,True,13,0,186,2298,18.67,229.81,0.0,True,0.1376,,,,,,,,,,,,,,,,
2026-01-20,a3c772d3fde52dbae832bi,2026-01-20 03:00:00,66,True,14,0,186,2302,18.67,230.23,0.0,True,0.1407,,,,,,,,,,,,,,,,
2026-01-20,a3c772d3fde52dbae832bi,2026-01-20 03:10:00,67,True,14,0,186,2298,18.67,229.81,0.0,True,0.1438,,,,,,,,,,,,,,,,
2026-01-20,a3c772d3fde52dbae832bi,2026-01-20 03:20:00,68,True,14,0,186,2301,18.67,230.12,0.0,True,0.1469,,,,,,,,,,,,,,,,
2026-01-20,a3c772d3fde52dbae832bi,2026-01-20 03:30:00,69,True,15,0,186,2310,18.67,231.09,0.0,True,0.15,,,,,,,,,,,,,,,,
2026-01-20,a3c772d3fde52dbae832bi,2026-01-20 03:40:00,70,True,15,0,186,2312,18.67,231.29,0.0,True,0.1531,,,,,,,,,,,,,,,,
2026-01-20,a3c772d3fde52dbae832bi,2026-01-20 03:50:00,71,True,15,0,186,2323,18.67,232.3,0.0,True,0.1563,,,,,,,,,,,,,,,,
2026-01-20,a3c772d3fde52dbae832bi,2026-01-20 04:00:00,72,True,15,0,186,2304,18.67,230.46,0.0,True,0.1594,,,,,,,,,,,,,,,,
2026-01-20,a3c772d3fde52dbae832bi,2026-01-20 04:10:00,73,True,16,0,186,2305,18.67,230.57,0.0,True,0.1625,,,,,,,,,,,,,,,,
2026-01-20,a3c772d3fde52dbae832bi,2026-01-20 04:20:00,74,True,16,0,186,2322,18.67,232.22,0.0,True,0.1656,,,,,,,,,,,,,,,,
2026-01-20,a3c772d3fde52dbae832bi,2026-01-20 04:30:00,75,True,16,0,186,2297,18.67,229.72,0.0,True,0.1687,,,,,,,,,,,,,,,,
2026-01-20,a3c772d3fde52dbae832bi,2026-01-20 04:40:00,76,True,17,0,186,2305,18.67,230.56,0.0,True,0.1718,,,,,,,,,,,,,,,,
2026-01-20,a3c772d3fde52dbae832bi,2026-01-20 04:50:00,77,True,17,0,186,2305,18.67,230.52,0.0,True,0.1749,,,,,,,,,,,,,,,,
2026-01-20,a3c772d3fde52dbae832bi,2026-01-20 05:00:00,78,True,17,43,53,2309,5.38,230.9,0.044,True,0.1758,,,,,,,,,,,,,,,,
2026-01-20,a3c772d3fde52dbae832bi,2026-01-20 05:10:00,79,False,17,0,0,2321,0.0,232.15,0.0,False,0.1758,,,,,,,,,,,,,,,,
2026-01-20,a3c772d3fde52dbae832bi,2026-01-20 05:20:00,80,True,17,21,26,2317,2.69,231.78,0.022,True,0.1763,,,,,,,,,,,,,,,,
2026-01-20,a3c772d3fde52dbae832bi,2026-01-20 05:30:00,81,False,17,0,0,2330,0.0,233.07,0.0,False,0.1763,,,,,,,,,,,,,,,,
2026-01-20,a3c772d3fde52dbae832bi,2026-01-20 05:40:00,82,True,17,21,26,2309,2.69,230.9,0.022,True,0.1767,,,,,,,,,,,,,,,,
2026-01-20,a3c772d3fde52dbae832bi,2026-01-20 05:50:00,83,True,17,21,26,2309,2.69,230.9,0.022,True,0.1772,,,,,,,,,,,,,,,,
2026-01-20,a3c772d3fde52dbae832bi,2026-01-20 06:00:00,84,True,17,63,78,2317,7.86,231.75,0.064,True,0.1785,,,,,,,,,,,,,,,,
2026-01-20,a3c772d3fde52dbae832bi,2026-01-20 06:10:00,85,True,17,42,52,2324,5.25,232.48,0.042,True,0.1793,,,,,,,,,,,,,,,,
2026-01-20,a3c772d3fde52dbae832bi,2026-01-20 06:20:00,86,True,18,86,106,2317,10.63,231.76,0.086,True,0.1811,,,,,,,,,,,,,,,,
2026-01-20,a3c772d3fde52dbae832bi,2026-01-20 06:30:00,87,True,18,88,109,2311,10.92,231.17,0.089,True,0.1829,,,,,,,,,,,,,,,,
2026-01-20,a3c772d3fde52dbae832bi,2026-01-20 06:40:00,88,True,18,104,128,2314,12.85,231.41,0.104,True,0.1851,,,,,,,,,,,,,,,,
2026-01-20,a3c772d3fde52dbae832bi,2026-01-20 06:50:00,89,True,18,128,158,2311,15.82,231.16,0.128,True,0.1877,,,,,,,,,,,,,,,,
2026-01-20,a3c772d3fde52dbae832bi,2026-01-20 07:00:00,90,True,18,85,104,2304,10.49,230.43,0.085,True,0.1895,,,,,,,,,,,,,,,,
2026-01-20,a3c772d3fde52dbae832bi,2026-01-20 07:10:00,91,True,19,150,185,2311,18.51,231.16,0.15,True,0.1926,,,,,,,,,,,,,,,,
2026-01-20,a3c772d3fde52dbae832bi,2026-01-20 07:20:00,92,True,19,127,157,2304,15.73,230.42,0.128,True,0.1952,,,,,,,,,,,,,,,,
2026-01-20,a3c772d3fde52dbae832bi,2026-01-20 07:30:00,93,True,19,145,153,1980,15.33,198.06,0.145,True,0.1977,,,,,,,,,,,,,,,,
2026-01-20,a3c772d3fde52dbae832bi,2026-01-20 07:40:00,94,True,20,145,178,2310,17.88,231.09,0.145,True,0.2007,,,,,,,,,,,,,,,,
2026-01-20,a3c772d3fde52dbae832bi,2026-01-20 07:50:00,95,True,20,144,178,2312,17.85,231.27,0.145,True,0.2037,,,,,,,,,,,,,,,,
2026-01-20,a3c772d3fde52dbae832bi,2026-01-20 08:00:00,96,True,20,144,178,2312,17.85,231.27,0.145,True,0.2067,,,,,,,,,,,,,,,,
2026-01-20,a3c772d3fde52dbae832bi,2026-01-20 08:10:00,97,True,21,166,205,2314,20.51,231.47,0.166,True,0.2101,,,,,,,,,,,,,,,,
2026-01-20,a3c772d3fde52dbae832bi,2026-01-20 08:20:00,98,True,21,165,204,2316,20.48,231.64,0.166,True,0.2135,,,,,,,,,,,,,,,,
2026-01-20,a3c772d3fde52dbae832bi,2026-01-20 08:30:00,99,True,21,165,204,2316,20.48,231.64,0.166,True,0.2169,,,,,,,,,,,,,,,,
2026-01-20,a3c772d3fde52dbae832bi,2026-01-20 08:40:00,100,True,22,186,230,2320,23.08,232.02,0.187,True,0.2207,,,,,,,,,,,,,,,,
2026-01-20,a3c772d3fde52dbae832bi,2026-01-20 08:50:00,101,True,22,165,204,2319,20.48,231.96,0.166,True,0.2242,,,,,,,,,,,,,,,,
2026-01-20,a3c772d3fde52dbae832bi,2026-01-20 09:00:00,102,True,22,165,204,2319,20.46,231.96,0.165,True,0.2276,,,,,,,,,,,,,,,,
2026-01-20,a3c772d3fde52dbae832bi,2026-01-20 09:10:00,103,True,23,144,178,2317,17.82,231.76,0.144,True,0.2305,,,,,,,,,,,,,,,,
2026-01-20,a3c772d3fde52dbae832bi,2026-01-20 09:20:00,104,True,23,165,204,2319,20.46,231.9,0.165,True,0.234,,,,,,,,,,,,,,,,
2026-01-20,a3c772d3fde52dbae832bi,2026-01-20 09:30:00,105,True,23,165,204,2319,20.45,231.96,0.165,True,0.2374,,,,,,,,,,,,,,,,
2026-01-20,a3c772d3fde52dbae832bi,2026-01-20 09:40:00,106,True,23,122,151,2315,15.17,231.5,0.123,True,0.2399,,,,,,,,,,,,,,,,
2026-01-20,a3c772d3fde52dbae832bi,2026-01-20 09:50:00,107,True,24,165,204,2315,20.42,231.53,0.165,True,0.2433,,,,,,,,,,,,,,,,
2026-01-20,a3c772d3fde52dbae832bi,2026-01-20 10:00:00,108,True,24,144,178,2314,17.82,231.46,0.144,True,0.2463,,,,,,,,,,,,,,,,
2026-01-20,a3c772d3fde52dbae832bi,2026-01-20 10:10:00,109,True,24,122,151,2315,15.17,231.52,0.123,True,0.2488,,,,,,,,,,,,,,,,
2026-01-20,a3c772d3fde52dbae832bi,2026-01-20 10:20:00,110,True,25,122,150,2308,15.08,230.8,0.122,True,0.2513,,,,,,,,,,,,,,,,
2026-01-20,a3c772d3fde52dbae832bi,2026-01-20 10:30:00,111,True,25,122,150,2308,15.04,230.8,0.122,True,0.2538,,,,,,,,,,,,,,,,
2026-01-20,a3c772d3fde52dbae832bi,2026-01-20 10:40:00,112,True,25,101,124,2313,12.47,231.36,0.101,True,0.2559,,,,,,,,,,,,,,,,
2026-01-20,a3c772d3fde52dbae832bi,2026-01-20 10:50:00,113,True,25,143,176,2313,17.67,231.3,0.143,True,0.2588,,,,,,,,,,,,,,,,
2026-01-20,a3c772d3fde52dbae832bi,2026-01-20 11:00:00,114,True,26,122,151,2317,15.1,231.77,0.122,True,0.2614,,,,,,,,,,,,,,,,
2026-01-20,a3c772d3fde52dbae832bi,2026-01-20 11:10:00,115,True,26,101,126,2327,12.61,232.74,0.102,True,0.2635,,,,,,,,,,,,,,,,
2026-01-20,a3c772d3fde52dbae832bi,2026-01-20 11:20:00,116,True,26,101,125,2322,12.58,232.24,0.102,True,0.2656,,,,,,,,,,,,,,,,
2026-01-20,a3c772d3fde52dbae832bi,2026-01-20 11:30:00,117,True,26,122,152,2325,15.25,232.57,0.123,True,0.2681,,,,,,,,,,,,,,,,
2026-01-20,a3c772d3fde52dbae832bi,2026-01-20 11:40:00,118,True,27,101,125,2320,12.57,232.04,0.102,True,0.2702,,,,,,,,,,,,,,,,
2026-01-20,a3c772d3fde52dbae832bi,2026-01-20 11:50:00,119,True,27,165,205,2323,20.52,232.36,0.166,True,0.2736,,,,,,,,,,,,,,,,
2026-01-20,a3c772d3fde52dbae832bi,2026-01-20 12:00:00,120,True,27,165,205,2323,20.5,232.36,0.165,True,0.277,,,,,,,,,,,,,,,,
2026-01-20,a3c772d3fde52dbae832bi,2026-01-20 12:10:00,121,True,27,122,152,2326,15.22,232.6,0.123,True,0.2796,,,,,,,,,,,,,,,,
2026-01-20,a3c772d3fde52dbae832bi,2026-01-20 12:20:00,122,True,28,143,178,2322,17.84,232.27,0.144,True,0.2825,,,,,,,,,,,,,,,,
2026-01-20,a3c772d3fde52dbae832bi,2026-01-20 12:30:00,123,True,28,143,178,2322,17.84,232.27,0.144,True,0.2855,,,,,,,,,,,,,,,,
2026-01-20,a3c772d3fde52dbae832bi,2026-01-20 12:40:00,124,True,28,144,178,2321,17.83,232.14,0.144,True,0.2885,,,,,,,,,,,,,,,,
2026-01-20,a3c772d3fde52dbae832bi,2026-01-20 12:50:00,125,True,29,122,151,2320,15.19,232.08,0.123,True,0.291,,,,,,,,,,,,,,,,
2026-01-20,a3c772d3fde52dbae832bi,2026-01-20 13:00:00,126,True,29,143,176,2308,17.7,230.89,0.144,True,0.294,,,,,,,,,,,,,,,,
2026-01-20,a3c772d3fde52dbae832bi,2026-01-20 13:10:00,127,True,29,122,150,2305,15.02,230.51,0.122,True,0.2965,,,,,,,,,,,,,,,,
2026-01-20,a3c772d3fde52dbae832bi,2026-01-20 13:20:00,128,True,29,122,150,2303,15.03,230.39,0.122,True,0.299,,,,,,,,,,,,,,,,
2026-01-20,a3c772d3fde52dbae832bi,2026-01-20 13:30:00,129,True,30,122,150,2303,15.03,230.39,0.122,True,0.3015,,,,,,,,,,,,,,,,
2026-01-20,a3c772d3fde52dbae832bi,2026-01-20 13:40:00,130,True,30,59,72,2294,7.24,229.4,0.059,True,0.3027,,,,,,,,,,,,,,,,
2026-01-20,a3c772d3fde52dbae832bi,2026-01-20 13:50:00,131,True,30,59,72,2294,7.24,229.4,0.059,True,0.3039,,,,,,,,,,,,,,,,
2026-01-20,a3c772d3fde52dbae832bi,2026-01-20 14:00:00,132,True,30,80,98,2297,9.81,229.75,0.08,True,0.3055,,,,,,,,,,,,,,,,
2026-01-20,a3c772d3fde52dbae832bi,2026-01-20 14:10:00,133,True,30,79,97,2290,9.77,229.04,0.08,True,0.3071,,,,,,,,,,,,,,,,
2026-01-20,a3c772d3fde52dbae832bi,2026-01-20 14:20:00,134,True,30,59,72,2292,7.22,229.2,0.059,True,0.3084,,,,,,,,,,,,,,,,
2026-01-20,a3c772d3fde52dbae832bi,2026-01-20 14:30:00,135,True,30,59,72,2292,7.22,229.2,0.059,True,0.3096,,,,,,,,,,,,,,,,
2026-01-20,a3c772d3fde52dbae832bi,2026-01-20 14:40:00,136,True,31,79,97,2291,9.77,229.17,0.08,True,0.3112,,,,,,,,,,,,,,,,
2026-01-20,a3c772d3fde52dbae832bi,2026-01-20 14:50:00,137,True,31,79,97,2291,9.77,229.17,0.08,True,0.3128,,,,,,,,,,,,,,,,
2026-01-20,a3c772d3fde52dbae832bi,2026-01-20 15:00:00,138,True,31,58,71,2296,7.2,229.67,0.059,True,0.314,,,,,,,,,,,,,,,,
2026-01-20,a3c772d3fde52dbae832bi,2026-01-20 15:10:00,139,True,31,58,71,2296,7.2,229.67,0.059,True,0.3152,,,,,,,,,,,,,,,,
2026-01-20,a3c772d3fde52dbae832bi,2026-01-20 15:20:00,140,True,31,58,72,2298,7.22,229.8,0.059,True,0.3164,,,,,,,,,,,,,,,,
2026-01-20,a3c772d3fde52dbae832bi,2026-01-20 15:30:00,141,True,31,58,72,2302,7.22,230.22,0.059,True,0.3176,,,,,,,,,,,,,,,,
2026-01-20,a3c772d3fde52dbae832bi,2026-01-20 15:40:00,142,True,31,58,71,2287,7.15,228.78,0.059,True,0.3188,,,,,,,,,,,,,,,,
2026-01-20,a3c772d3fde52dbae832bi,2026-01-20 15:50:00,143,True,31,58,71,2287,7.15,228.78,0.059,True,0.32,,,,,,,,,,,,,,,,
2026-01-21,a3c772d3fde52dbae832bi,2026-01-20 16:00:00,0,True,0,125,168,2290,16.9,229.09,0.125,True,0.0028,,,,,,,,,,,,,,,,
2026-01-21,a3c772d3fde52dbae832bi,2026-01-20 16:10:00,1,True,0,146,196,2287,19.69,228.74,0.146,True,0.0061,,,,,,,,,,,,,,,,
2026-01-21,a3c772d3fde52dbae832bi,2026-01-20 16:20:00,2,True,0,146,197,2295,19.74,229.51,0.146,True,0.0094,,,,,,,,,,,,,,,,
2026-01-21,a3c772d3fde52dbae832bi,2026-01-20 16:30:00,3,True,1,67,90,2295,9.1,229.51,0.067,True,0.0109,,,,,,,,,,,,,,,,
2026-01-21,a3c772d3fde52dbae832bi,2026-01-20 16:40:00,4,True,1,68,93,2310,9.36,231.03,0.069,True,0.0125,,,,,,,,,,,,,,,,
2026-01-21,a3c772d3fde52dbae832bi,2026-01-20 16:50:00,5,True,1,42,58,2308,5.82,230.84,0.043,True,0.0134,,,,,,,,,,,,,,,,
2026-01-21,a3c772d3fde52dbae832bi,2026-01-20 17:00:00,6,True,1,42,58,2308,5.82,230.82,0.043,True,0.0144,,,,,,,,,,,,,,,,
2026-01-21,a3c772d3fde52dbae832bi,2026-01-20 17:10:00,7,True,1,42,58,2300,5.82,230.06,0.043,True,0.0154,,,,,,,,,,,,,,,,
2026-01-21,a3c772d3fde52dbae832bi,2026-01-20 17:20:00,8,True,1,42,58,2301,5.82,230.17,0.043,True,0.0163,,,,,,,,,,,,,,,,
2026-01-21,a3c772d3fde52dbae832bi,2026-01-20 17:30:00,9,True,1,42,58,2302,5.82,230.28,0.043,True,0.0173,,,,,,,,,,,,,,,,
2026-01-21,a3c772d3fde52dbae832bi,2026-01-20 17:40:00,10,True,1,42,58,2301,5.82,230.19,0.043,True,0.0183,,,,,,,,,,,,,,,,
2026-01-21,a3c772d3fde52dbae832bi,2026-01-20 17:50:00,11,True,1,42,57,2300,5.73,230.02,0.042,True,0.0192,,,,,,,,,,,,,,,,
2026-01-21,a3c772d3fde52dbae832bi,2026-01-20 18:00:00,12,True,2,42,57,2296,5.73,229.62,0.042,True,0.0202,,,,,,,,,,,,,,,,
2026-01-21,a3c772d3fde52dbae832bi,2026-01-20 18:10:00,13,True,2,42,57,2295,5.73,229.57,0.042,True,0.0211,,,,,,,,,,,,,,,,
2026-01-21,a3c772d3fde52dbae832bi,2026-01-20 18:20:00,14,True,2,42,57,2303,5.73,230.37,0.042,True,0.0221,,,,,,,,,,,,,,,,
2026-01-21,a3c772d3fde52dbae832bi,2026-01-20 18:30:00,15,True,2,41,56,2299,5.61,229.93,0.041,True,0.023,,,,,,,,,,,,,,,,
2026-01-21,a3c772d3fde52dbae832bi,2026-01-20 18:40:00,16,True,2,41,56,2303,5.61,230.39,0.041,True,0.024,,,,,,,,,,,,,,,,
2026-01-21,a3c772d3fde52dbae832bi,2026-01-20 18:50:00,17,True,2,41,56,2303,5.61,230.3,0.041,True,0.0249,,,,,,,,,,,,,,,,
2026-01-21,a3c772d3fde52dbae832bi,2026-01-20 19:00:00,18,True,2,41,56,2301,5.61,230.17,0.041,True,0.0258,,,,,,,,,,,,,,,,
2026-01-21,a3c772d3fde52dbae832bi,2026-01-20 19:10:00,19,True,2,41,56,2301,5.61,230.17,0.041,True,0.0268,,,,,,,,,,,,,,,,
2026-01-21,a3c772d3fde52dbae832bi,2026-01-20 19:20:00,20,True,2,41,56,2303,5.61,230.35,0.041,True,0.0277,,,,,,,,,,,,,,,,
2026-01-21,a3c772d3fde52dbae832bi,2026-01-20 19:30:00,21,True,2,41,56,2302,5.61,230.27,0.041,True,0.0286,,,,,,,,,,,,,,,,
2026-01-21,a3c772d3fde52dbae832bi,2026-01-20 19:40:00,22,True,2,41,56,2309,5.64,230.96,0.042,True,0.0296,,,,,,,,,,,,,,,,
2026-01-21,a3c772d3fde52dbae832bi,2026-01-20 19:50:00,23,True,3,41,56,2302,5.68,230.25,0.042,True,0.0305,,,,,,,,,,,,,,,,
2026-01-21,a3c772d3fde52dbae832bi,2026-01-20 20:00:00,24,True,3,41,56,2301,5.68,230.12,0.042,True,0.0315,,,,,,,,,,,,,,,,
2026-01-21,a3c772d3fde52dbae832bi,2026-01-20 20:10:00,25,True,3,41,56,2305,5.68,230.57,0.042,True,0.0324,,,,,,,,,,,,,,,,
2026-01-21,a3c772d3fde52dbae832bi,2026-01-20 20:20:00,26,True,3,41,56,2300,5.68,230.06,0.042,True,0.0334,,,,,,,,,,,,,,,,
2026-01-21,a3c772d3fde52dbae832bi,2026-01-20 20:30:00,27,True,3,41,56,2304,5.68,230.4,0.042,True,0.0343,,,,,,,,,,,,,,,,
2026-01-21,a3c772d3fde52dbae832bi,2026-01-20 20:40:00,28,True,3,42,57,2316,5.76,231.62,0.042,True,0.0353,,,,,,,,,,,,,,,,
2026-01-21,a3c772d3fde52dbae832bi,2026-01-20 20:50:00,29,True,3,0,205,2319,20.59,231.99,0.0,True,0.0387,,,,,,,,,,,,,,,,
2026-01-21,a3c772d3fde52dbae832bi,2026-01-20 21:00:00,30,True,4,0,205,2311,20.59,231.14,0.0,True,0.0421,,,,,,,,,,,,,,,,
2026-01-21,a3c772d3fde52dbae832bi,2026-01-20 21:10:00,31,True,4,0,205,2318,20.59,231.83,0.0,True,0.0456,,,,,,,,,,,,,,,,
2026-01-21,a3c772d3fde52dbae832bi,2026-01-20 21:20:00,32,True,4,0,205,2314,20.59,231.41,0.0,True,0.049,,,,,,,,,,,,,,,,
2026-01-21,a3c772d3fde52dbae832bi,2026-01-20 21:30:00,33,True,5,0,205,2308,20.59,230.84,0.0,True,0.0524,,,,,,,,,,,,,,,,
2026-01-21,a3c772d3fde52dbae832bi,2026-01-20 21:40:00,34,True,5,0,205,2314,20.59,231.42,0.0,True,0.0559,,,,,,,,,,,,,,,,
2026-01-21,a3c772d3fde52dbae832bi,2026-01-20 21:50:00,35,True,5,0,205,2315,20.59,231.52,0.0,True,0.0593,,,,,,,,,,,,,,,,
2026-01-21,a3c772d3fde52dbae832bi,2026-01-20 22:00:00,36,True,6,0,205,2309,20.59,230.92,0.0,True,0.0627,,,,,,,,,,,,,,,,
2026-01-21,a3c772d3fde52dbae832bi,2026-01-20 22:10:00,37,True,6,0,205,2309,20.59,230.95,0.0,True,0.0662,,,,,,,,,,,,,,,,
2026-01-21,a3c772d3fde52dbae832bi,2026-01-20 22:20:00,38,True,6,0,205,2312,20.59,231.26,0.0,True,0.0696,,,,,,,,,,,,,,,,
2026-01-21,a3c772d3fde52dbae832bi,2026-01-20 22:30:00,39,True,7,0,205,2312,20.59,231.26,0.0,True,0.073,,,,,,,,,,,,,,,,
2026-01-21,a3c772d3fde52dbae832bi,2026-01-20 22:40:00,40,True,7,0,205,2315,20.59,231.56,0.0,True,0.0765,,,,,,,,,,,,,,,,
2026-01-21,a3c772d3fde52dbae832bi,2026-01-20 22:50:00,41,True,7,0,205,2309,20.59,230.91,0.0,True,0.0799,,,,,,,,,,,,,,,,
2026-01-21,a3c772d3fde52dbae832bi,2026-01-20 23:00:00,42,True,8,0,205,2313,20.59,231.38,0.0,True,0.0833,,,,,,,,,,,,,,,,
2026-01-21,a3c772d3fde52dbae832bi,2026-01-20 23:10:00,43,True,8,0,205,2310,20.59,231.0,0.0,True,0.0868,,,,,,,,,,,,,,,,
2026-01-21,a3c772d3fde52dbae832bi,2026-01-20 23:20:00,44,True,9,0,205,2315,20.59,231.54,0.0,True,0.0902,,,,,,,,,,,,,,,,
2026-01-21,a3c772d3fde52dbae832bi,2026-01-20 23:30:00,45,True,9,0,205,2305,20.59,230.53,0.0,True,0.0936,,,,,,,,,,,,,,,,
2026-01-21,a3c772d3fde52dbae832bi,2026-01-20 23:40:00,46,True,9,0,205,2309,20.59,230.98,0.0,True,0.097,,,,,,,,,,,,,,,,
2026-01-21,a3c772d3fde52dbae832bi,2026-01-20 23:50:00,47,True,10,0,205,2306,20.59,230.69,0.0,True,0.1005,,,,,,,,,,,,,,,,
2026-01-21,a3c772d3fde52dbae832bi,2026-01-21 00:00:00,48,True,10,0,205,2301,20.59,230.17,0.0,True,0.1039,,,,,,,,,,,,,,,,
2026-01-21,a3c772d3fde52dbae832bi,2026-01-21 00:10:00,49,True,10,0,205,2323,20.59,232.31,0.0,True,0.1073,,,,,,,,,,,,,,,,
2026-01-21,a3c772d3fde52dbae832bi,2026-01-21 00:20:00,50,True,11,0,205,2317,20.59,231.75,0.0,True,0.1108,,,,,,,,,,,,,,,,
2026-01-21,a3c772d3fde52dbae832bi,2026-01-21 00:30:00,51,True,11,0,205,2321,20.59,232.13,0.0,True,0.1142,,,,,,,,,,,,,,,,
2026-01-21,a3c772d3fde52dbae832bi,2026-01-21 00:40:00,52,True,11,0,205,2328,20.59,232.87,0.0,True,0.1176,,,,,,,,,,,,,,,,
2026-01-21,a3c772d3fde52dbae832bi,2026-01-21 00:50:00,53,False,11,0,0,2317,0.0,231.72,0.0,False,0.1176,,,,,,,,,,,,,,,,
2026-01-21,a3c772d3fde52dbae832bi,2026-01-21 01:00:00,54,True,12,0,205,2321,20.59,232.18,0.0,True,0.1211,,,,,,,,,,,,,,,,
2026-01-21,a3c772d3fde52dbae832bi,2026-01-21 01:10:00,55,True,12,0,205,2310,20.59,231.09,0.0,True,0.1245,,,,,,,,,,,,,,,,
2026-01-21,a3c772d3fde52dbae832bi,2026-01-21 01:20:00,56,True,12,0,205,2334,20.59,233.4,0.0,True,0.1279,,,,,,,,,,,,,,,,
2026-01-21,a3c772d3fde52dbae832bi,2026-01-21 01:30:00,57,True,13,0,205,2334,20.59,233.4,0.0,True,0.1314,,,,,,,,,,,,,,,,
2026-01-21,a3c772d3fde52dbae832bi,2026-01-21 01:40:00,58,True,13,0,205,2328,20.59,232.81,0.0,True,0.1348,,,,,,,,,,,,,,,,
2026-01-21,a3c772d3fde52dbae832bi,2026-01-21 01:50:00,59,True,13,0,205,2313,20.59,231.31,0.0,True,0.1382,,,,,,,,,,,,,,,,
2026-01-21,a3c772d3fde52dbae832bi,2026-01-21 02:00:00,60,True,14,0,205,2303,20.59,230.3,0.0,True,0.1417,,,,,,,,,,,,,,,,
2026-01-21,a3c772d3fde52dbae832bi,2026-01-21 02:10:00,61,True,14,0,205,2297,20.59,229.76,0.0,True,0.1451,,,,,,,,,,,,,,,,
2026-01-21,a3c772d3fde52dbae832bi,2026-01-21 02:20:00,62,True,14,0,205,2299,20.59,229.97,0.0,True,0.1485,,,,,,,,,,,,,,,,
2026-01-21,a3c772d3fde52dbae832bi,2026-01-21 02:30:00,63,True,15,0,205,2300,20.59,230.07,0.0,True,0.1519,,,,,,,,,,,,,,,,
2026-01-21,a3c772d3fde52dbae832bi,2026-01-21 02:40:00,64,True,15,0,205,2300,20.59,230.01,0.0,True,0.1554,,,,,,,,,,,,,,,,
2026-01-21,a3c772d3fde52dbae832bi,2026-01-21 02:50:00,65,True,15,0,205,2298,20.59,229.81,0.0,True,0.1588,,,,,,,,,,,,,,,,
2026-01-21,a3c772d3fde52dbae832bi,2026-01-21 03:00:00,66,True,16,0,205,2302,20.59,230.23,0.0,True,0.1622,,,,,,,,,,,,,,,,
2026-01-21,a3c772d3fde52dbae832bi,2026-01-21 03:10:00,67,True,16,0,205,2298,20.59,229.81,0.0,True,0.1657,,,,,,,,,,,,,,,,
2026-01-21,a3c772d3fde52dbae832bi,2026-01-21 03:20:00,68,True,16,0,205,2301,20.59,230.12,0.0,True,0.1691,,,,,,,,,,,,,,,,
2026-01-21,a3c772d3fde52dbae832bi,2026-01-21 03:30:00,69,True,17,0,205,2310,20.59,231.09,0.0,True,0.1725,,,,,,,,,,,,,,,,
2026-01-21,a3c772d3fde52dbae832bi,2026-01-21 03:40:00,70,True,17,0,205,2312,20.59,231.29,0.0,True,0.176,,,,,,,,,,,,,,,,
2026-01-21,a3c772d3fde52dbae832bi,2026-01-21 03:50:00,71,True,17,0,205,2323,20.59,232.3,0.0,True,0.1794,,,,,,,,,,,,,,,,
2026-01-21,a3c772d3fde52dbae832bi,2026-01-21 04:00:00,72,True,18,0,205,2304,20.59,230.46,0.0,True,0.1828,,,,,,,,,,,,,,,,
2026-01-21,a3c772d3fde52dbae832bi,2026-01-21 04:10:00,73,True,18,0,205,2305,20.59,230.57,0.0,True,0.1863,,,,,,,,,,,,,,,,
2026-01-21,a3c772d3fde52dbae832bi,2026-01-21 04:20:00,74,True,18,0,205,2322,20.59,232.22,0.0,True,0.1897,,,,,,,,,,,,,,,,
2026-01-21,a3c772d3fde52dbae832bi,2026-01-21 04:30:00,75,True,19,0,205,2297,20.59,229.72,0.0,True,0.1931,,,,,,,,,,,,,,,,
2026-01-21,a3c772d3fde52dbae832bi,2026-01-21 04:40:00,76,True,19,0,205,2305,20.59,230.56,0.0,True,0.1966,,,,,,,,,,,,,,,,
2026-01-21,a3c772d3fde52dbae832bi,2026-01-21 04:50:00,77,True,19,0,205,2305,20.59,230.52,0.0,True,0.2,,,,,,,,,,,,,,,,
2026-01-21,a3c772d3fde52dbae832bi,2026-01-21 05:00:00,78,True,20,54,74,2309,7.42,230.9,0.055,True,0.2012,,,,,,,,,,,,,,,,
2026-01-21,a3c772d3fde52dbae832bi,2026-01-21 05:10:00,79,False,20,0,0,2321,0.0,232.15,0.0,False,0.2012,,,,,,,,,,,,,,,,
2026-01-21,a3c772d3fde52dbae832bi,2026-01-21 05:20:00,80,True,20,27,37,2317,3.71,231.78,0.027,True,0.2018,,,,,,,,,,,,,,,,
2026-01-21,a3c772d3fde52dbae832bi,2026-01-21 05:30:00,81,False,20,0,0,2330,0.0,233.07,0.0,False,0.2018,,,,,,,,,,,,,,,,
2026-01-21,a3c772d3fde52dbae832bi,2026-01-21 05:40:00,82,True,20,27,37,2309,3.71,230.9,0.027,True,0.2025,,,,,,,,,,,,,,,,
2026-01-21,a3c772d3fde52dbae832bi,2026-01-21 05:50:00,83,True,20,27,37,2309,3.71,230.9,0.027,True,0.2031,,,,,,,,,,,,,,,,
2026-01-21,a3c772d3fde52dbae832bi,2026-01-21 06:00:00,84,True,20,79,108,2317,10.84,231.75,0.079,True,0.2049,,,,,,,,,,,,,,,,
2026-01-21,a3c772d3fde52dbae832bi,2026-01-21 06:10:00,85,True,20,52,72,2324,7.24,232.48,0.053,True,0.2061,,,,,,,,,,,,,,,,
2026-01-21,a3c772d3fde52dbae832bi,2026-01-21 06:20:00,86,True,20,107,146,2317,14.66,231.76,0.108,True,0.2085,,,,,,,,,,,,,,,,
2026-01-21,a3c772d3fde52dbae832bi,2026-01-21 06:30:00,87,True,21,110,150,2311,15.05,231.17,0.111,True,0.211,,,,,,,,,,,,,,,,
2026-01-21,a3c772d3fde52dbae832bi,2026-01-21 06:40:00,88,True,21,130,177,2314,17.72,231.41,0.13,True,0.214,,,,,,,,,,,,,,,,
2026-01-21,a3c772d3fde52dbae832bi,2026-01-21 06:50:00,89,True,21,160,218,2311,21.81,231.16,0.16,True,0.2176,,,,,,,,,,,,,,,,
2026-01-21,a3c772d3fde52dbae832bi,2026-01-21 07:00:00,90,True,22,106,144,2304,14.46,230.43,0.107,True,0.22,,,,,,,,,,,,,,,,
2026-01-21,a3c772d3fde52dbae832bi,2026-01-21 07:10:00,91,True,22,187,255,2311,25.52,231.16,0.188,True,0.2243,,,,,,,,,,,,,,,,
2026-01-21,a3c772d3fde52dbae832bi,2026-01-21 07:20:00,92,True,22,159,216,2304,21.69,230.42,0.16,True,0.2279,,,,,,,,,,,,,,,,
2026-01-21,a3c772d3fde52dbae832bi,2026-01-21 07:30:00,93,True,23,181,211,1980,21.13,198.06,0.181,True,0.2314,,,,,,,,,,,,,,,,
2026-01-21,a3c772d3fde52dbae832bi,2026-01-21 07:40:00,94,True,23,181,246,2310,24.65,231.09,0.181,True,0.2355,,,,,,,,,,,,,,,,
2026-01-21,a3c772d3fde52dbae832bi,2026-01-21 07:50:00,95,True,23,180,246,2312,24.61,231.27,0.181,True,0.2396,,,,,,,,,,,,,,,,
2026-01-21,a3c772d3fde52dbae832bi,2026-01-21 08:00:00,96,True,24,180,246,2312,24.61,231.27,0.181,True,0.2437,,,,,,,,,,,,,,,,
2026-01-21,a3c772d3fde52dbae832bi,2026-01-21 08:10:00,97,True,24,207,282,2314,28.28,231.47,0.208,True,0.2485,,,,,,,,,,,,,,,,
2026-01-21,a3c772d3fde52dbae832bi,2026-01-21 08:20:00,98,True,25,207,282,2316,28.23,231.64,0.207,True,0.2532,,,,,,,,,,,,,,,,
2026-01-21,a3c772d3fde52dbae832bi,2026-01-21 08:30:00,99,True,25,207,282,2316,28.23,231.64,0.207,True,0.2579,,,,,,,,,,,,,,,,
2026-01-21,a3c772d3fde52dbae832bi,2026-01-21 08:40:00,100,True,26,233,318,2320,31.82,232.02,0.233,True,0.2632,,,,,,,,,,,,,,,,
2026-01-21,a3c772d3fde52dbae832bi,2026-01-21 08:50:00,101,True,26,206,282,2319,28.23,231.96,0.207,True,0.2679,,,,,,,,,,,,,,,,
2026-01-21,a3c772d3fde52dbae832bi,2026-01-21 09:00:00,102,True,27,206,282,2319,28.21,231.96,0.207,True,0.2726,,,,,,,,,,,,,,,,
2026-01-21,a3c772d3fde52dbae832bi,2026-01-21 09:10:00,103,True,27,180,245,2317,24.57,231.76,0.18,True,0.2767,,,,,,,,,,,,,,,,
2026-01-21,a3c772d3fde52dbae832bi,2026-01-21 09:20:00,104,True,28,206,282,2319,28.21,231.9,0.207,True,0.2814,,,,,,,,,,,,,,,,
2026-01-21,a3c772d3fde52dbae832bi,2026-01-21 09:30:00,105,True,28,206,281,2319,28.2,231.96,0.207,True,0.2861,,,,,,,,,,,,,,,,
2026-01-21,a3c772d3fde52dbae832bi,2026-01-21 09:40:00,106,True,28,153,209,2315,20.92,231.5,0.154,True,0.2896,,,,,,,,,,,,,,,,
2026-01-21,a3c772d3fde52dbae832bi,2026-01-21 09:50:00,107,True,29,206,281,2315,28.15,231.53,0.207,True,0.2943,,,,,,,,,,,,,,,,
2026-01-21,a3c772d3fde52dbae832bi,2026-01-21 10:00:00,108,True,29,180,245,2314,24.58,231.46,0.181,True,0.2983,,,,,,,,,,,,,,,,
2026-01-21,a3c772d3fde52dbae832bi,2026-01-21 10:10:00,109,True,30,153,209,2315,20.92,231.52,0.154,True,0.3018,,,,,,,,,,,,,,,,
2026-01-21,a3c772d3fde52dbae832bi,2026-01-21 10:20:00,110,True,30,153,207,2308,20.79,230.8,0.153,True,0.3053,,,,,,,,,,,,,,,,
2026-01-21,a3c772d3fde52dbae832bi,2026-01-21 10:30:00,111,True,30,152,207,2308,20.73,230.8,0.153,True,0.3088,,,,,,,,,,,,,,,,
2026-01-21,a3c772d3fde52dbae832bi,2026-01-21 10:40:00,112,True,31,126,171,2313,17.19,231.36,0.126,True,0.3116,,,,,,,,,,,,,,,,
2026-01-21,a3c772d3fde52dbae832bi,2026-01-21 10:50:00,113,True,31,179,243,2313,24.36,231.3,0.179,True,0.3157,,,,,,,,,,,,,,,,
2026-01-21,a3c772d3fde52dbae832bi,2026-01-21 11:00:00,114,True,31,152,208,2317,20.82,231.77,0.153,True,0.3192,,,,,,,,,,,,,,,,
2026-01-21,a3c772d3fde52dbae832bi,2026-01-21 11:10:00,115,True,32,126,173,2327,17.38,232.74,0.127,True,0.322,,,,,,,,,,,,,,,,
2026-01-21,a3c772d3fde52dbae832bi,2026-01-21 11:20:00,116,True,32,126,173,2322,17.34,232.24,0.127,True,0.3249,,,,,,,,,,,,,,,,
2026-01-21,a3c772d3fde52dbae832bi,2026-01-21 11:30:00,117,True,32,153,210,2325,21.02,232.57,0.154,True,0.3284,,,,,,,,,,,,,,,,
2026-01-21,a3c772d3fde52dbae832bi,2026-01-21 11:40:00,118,True,33,126,173,2320,17.34,232.04,0.127,True,0.3313,,,,,,,,,,,,,,,,
2026-01-21,a3c772d3fde52dbae832bi,2026-01-21 11:50:00,119,True,33,206,282,2323,28.29,232.36,0.207,True,0.336,,,,,,,,,,,,,,,,
2026-01-21,a3c772d3fde52dbae832bi,2026-01-21 12:00:00,120,True,34,206,282,2323,28.26,232.36,0.207,True,0.3408,,,,,,,,,,,,,,,,
2026-01-21,a3c772d3fde52dbae832bi,2026-01-21 12:10:00,121,True,34,153,209,2326,20.98,232.6,0.153,True,0.3443,,,,,,,,,,,,,,,,
2026-01-21,a3c772d3fde52dbae832bi,2026-01-21 12:20:00,122,True,34,179,245,2322,24.59,232.27,0.18,True,0.3484,,,,,,,,,,,,,,,,
2026-01-21,a3c772d3fde52dbae832bi,2026-01-21 12:30:00,123,True,35,179,245,2322,24.59,232.27,0.18,True,0.3525,,,,,,,,,,,,,,,,
2026-01-21,a3c772d3fde52dbae832bi,2026-01-21 12:40:00,124,True,35,180,245,2321,24.58,232.14,0.18,True,0.3565,,,,,,,,,,,,,,,,
2026-01-21,a3c772d3fde52dbae832bi,2026-01-21 12:50:00,125,True,36,153,209,2320,20.95,232.08,0.153,True,0.36,,,,,,,,,,,,,,,,
2026-01-21,a3c772d3fde52dbae832bi,2026-01-21 13:00:00,126,True,36,179,243,2308,24.39,230.89,0.18,True,0.3641,,,,,,,,,,,,,,,,
2026-01-21,a3c772d3fde52dbae832bi,2026-01-21 13:10:00,127,True,36,152,206,2305,20.7,230.51,0.153,True,0.3676,,,,,,,,,,,,,,,,
2026-01-21,a3c772d3fde52dbae832bi,2026-01-21 13:20:00,128,True,37,152,207,2303,20.72,230.39,0.153,True,0.371,,,,,,,,,,,,,,,,
2026-01-21,a3c772d3fde52dbae832bi,2026-01-21 13:30:00,129,True,37,152,207,2303,20.72,230.39,0.153,True,0.3745,,,,,,,,,,,,,,,,
2026-01-21,a3c772d3fde52dbae832bi,2026-01-21 13:40:00,130,True,37,73,99,2294,9.98,229.4,0.074,True,0.3761,,,,,,,,,,,,,,,,
2026-01-21,a3c772d3fde52dbae832bi,2026-01-21 13:50:00,131,True,37,73,99,2294,9.98,229.4,0.074,True,0.3778,,,,,,,,,,,,,,,,
2026-01-21,a3c772d3fde52dbae832bi,2026-01-21 14:00:00,132,True,38,100,135,2297,13.52,229.75,0.1,True,0.38,,,,,,,,,,,,,,,,
2026-01-21,a3c772d3fde52dbae832bi,2026-01-21 14:10:00,133,True,38,99,134,2290,13.46,229.04,0.1,True,0.3823,,,,,,,,,,,,,,,,
2026-01-21,a3c772d3fde52dbae832bi,2026-01-21 14:20:00,134,True,38,73,99,2292,9.95,229.2,0.074,True,0.3839,,,,,,,,,,,,,,,,
2026-01-21,a3c772d3fde52dbae832bi,2026-01-21 14:30:00,135,True,38,73,99,2292,9.95,229.2,0.074,True,0.3856,,,,,,,,,,,,,,,,
2026-01-21,a3c772d3fde52dbae832bi,2026-01-21 14:40:00,136,True,38,99,134,2291,13.47,229.17,0.1,True,0.3878,,,,,,,,,,,,,,,,
2026-01-21,a3c772d3fde52dbae832bi,2026-01-21 14:50:00,137,True,39,99,134,2291,13.47,229.17,0.1,True,0.3901,,,,,,,,,,,,,,,,
2026-01-21,a3c772d3fde52dbae832bi,2026-01-21 15:00:00,138,True,39,73,99,2296,9.93,229.67,0.073,True,0.3917,,,,,,,,,,,,,,,,
2026-01-21,a3c772d3fde52dbae832bi,2026-01-21 15:10:00,139,True,39,73,99,2296,9.93,229.67,0.073,True,0.3934,,,,,,,,,,,,,,,,
2026-01-21,a3c772d3fde52dbae832bi,2026-01-21 15:20:00,140,True,39,73,99,2298,9.95,229.8,0.074,True,0.3951,,,,,,,,,,,,,,,,
2026-01-21,a3c772d3fde52dbae832bi,2026-01-21 15:30:00,141,True,39,73,99,2302,9.95,230.22,0.073,True,0.3967,,,,,,,,,,,,,,,,
2026-01-21,a3c772d3fde52dbae832bi,2026-01-21 15:40:00,142,True,39,73,98,2287,9.85,228.78,0.073,True,0.3984,,,,,,,,,,,,,,,,
2026-01-21,a3c772d3fde52dbae832bi,2026-01-21 15:50:00,143,True,39,73,98,2287,9.85,228.78,0.073,True,0.4,,,,,,,,,,,,,,,,
2026-01-22,a3c772d3fde52dbae832bi,2026-01-21 16:00:00,0,True,0,103,128,2290,12.82,229.09,0.103,True,0.0021,,,,,,,,,,,,,,,,
2026-01-22,a3c772d3fde52dbae832bi,2026-01-21 16:10:00,1,True,0,120,149,2287,14.94,228.74,0.121,True,0.0046,,,,,,,,,,,,,,,,
2026-01-22,a3c772d3fde52dbae832bi,2026-01-21 16:20:00,2,True,0,120,149,2295,14.97,229.51,0.121,True,0.0071,,,,,,,,,,,,,,,,
2026-01-22,a3c772d3fde52dbae832bi,2026-01-21 16:30:00,3,True,0,55,69,2295,6.9,229.51,0.056,True,0.0083,,,,,,,,,,,,,,,,
2026-01-22,a3c772d3fde52dbae832bi,2026-01-21 16:40:00,4,True,0,56,71,2310,7.1,231.03,0.057,True,0.0095,,,,,,,,,,,,,,,,
2026-01-22,a3c772d3fde52dbae832bi,2026-01-21 16:50:00,5,True,1,35,44,2308,4.41,230.84,0.035,True,0.0102,,,,,,,,,,,,,,,,
2026-01-22,a3c772d3fde52dbae832bi,2026-01-21 17:00:00,6,True,1,35,44,2308,4.41,230.82,0.035,True,0.0109,,,,,,,,,,,,,,,,
2026-01-22,a3c772d3fde52dbae832bi,2026-01-21 17:10:00,7,True,1,35,44,2300,4.41,230.06,0.035,True,0.0117,,,,,,,,,,,,,,,,
2026-01-22,a3c772d3fde52dbae832bi,2026-01-21 17:20:00,8,True,1,35,44,2301,4.41,230.17,0.035,True,0.0124,,,,,,,,,,,,,,,,
2026-01-22,a3c772d3fde52dbae832bi,2026-01-21 17:30:00,9,True,1,35,44,2302,4.41,230.28,0.035,True,0.0131,,,,,,,,,,,,,,,,
2026-01-22,a3c772d3fde52dbae832bi,2026-01-21 17:40:00,10,True,1,35,44,2301,4.41,230.19,0.035,True,0.0139,,,,,,,,,,,,,,,,
2026-01-22,a3c772d3fde52dbae832bi,2026-01-21 17:50:00,11,True,1,34,43,2300,4.35,230.02,0.035,True,0.0146,,,,,,,,,,,,,,,,
2026-01-22,a3c772d3fde52dbae832bi,2026-01-21 18:00:00,12,True,1,34,43,2296,4.35,229.62,0.035,True,0.0153,,,,,,,,,,,,,,,,
2026-01-22,a3c772d3fde52dbae832bi,2026-01-21 18:10:00,13,True,1,35,43,2295,4.35,229.57,0.035,True,0.016,,,,,,,,,,,,,,,,
2026-01-22,a3c772d3fde52dbae832bi,2026-01-21 18:20:00,14,True,1,34,43,2303,4.35,230.37,0.035,True,0.0168,,,,,,,,,,,,,,,,
2026-01-22,a3c772d3fde52dbae832bi,2026-01-21 18:30:00,15,True,1,34,42,2299,4.26,229.93,0.034,True,0.0175,,,,,,,,,,,,,,,,
2026-01-22,a3c772d3fde52dbae832bi,2026-01-21 18:40:00,16,True,1,34,42,2303,4.26,230.39,0.034,True,0.0182,,,,,,,,,,,,,,,,
2026-01-22,a3c772d3fde52dbae832bi,2026-01-21 18:50:00,17,True,1,34,42,2303,4.26,230.3,0.034,True,0.0189,,,,,,,,,,,,,,,,
2026-01-22,a3c772d3fde52dbae832bi,2026-01-21 19:00:00,18,True,1,34,42,2301,4.26,230.17,0.034,True,0.0196,,,,,,,,,,,,,,,,
2026-01-22,a3c772d3fde52dbae832bi,2026-01-21 19:10:00,19,True,2,34,42,2301,4.26,230.17,0.034,True,0.0203,,,,,,,,,,,,,,,,
2026-01-22,a3c772d3fde52dbae832bi,2026-01-21 19:20:00,20,True,2,34,42,2303,4.26,230.35,0.034,True,0.021,,,,,,,,,,,,,,,,
2026-01-22,a3c772d3fde52dbae832bi,2026-01-21 19:30:00,21,True,2,34,42,2302,4.26,230.27,0.034,True,0.0217,,,,,,,,,,,,,,,,
2026-01-22,a3c772d3fde52dbae832bi,2026-01-21 19:40:00,22,True,2,34,42,2309,4.28,230.96,0.034,True,0.0225,,,,,,,,,,,,,,,,
2026-01-22,a3c772d3fde52dbae832bi,2026-01-21 19:50:00,23,True,2,34,43,2302,4.31,230.25,0.035,True,0.0232,,,,,,,,,,,,,,,,
2026-01-22,a3c772d3fde52dbae832bi,2026-01-21 20:00:00,24,True,2,34,43,2301,4.31,230.12,0.035,True,0.0239,,,,,,,,,,,,,,,,
2026-01-22,a3c772d3fde52dbae832bi,2026-01-21 20:10:00,25,True,2,34,43,2305,4.31,230.57,0.035,True,0.0246,,,,,,,,,,,,,,,,
2026-01-22,a3c772d3fde52dbae832bi,2026-01-21 20:20:00,26,True,2,34,43,2300,4.31,230.06,0.035,True,0.0253,,,,,,,,,,,,,,,,
2026-01-22,a3c772d3fde52dbae832bi,2026-01-21 20:30:00,27,True,2,34,43,2304,4.31,230.4,0.035,True,0.026,,,,,,,,,,,,,,,,
2026-01-22,a3c772d3fde52dbae832bi,2026-01-21 20:40:00,28,True,2,34,43,2316,4.37,231.62,0.035,True,0.0268,,,,,,,,,,,,,,,,
2026-01-22,a3c772d3fde52dbae832bi,2026-01-21 20:50:00,29,True,2,0,189,2319,18.93,231.99,0.0,True,0.0299,,,,,,,,,,,,,,,,
2026-01-22,a3c772d3fde52dbae832bi,2026-01-21 21:00:00,30,True,3,0,189,2311,18.93,231.14,0.0,True,0.0331,,,,,,,,,,,,,,,,
2026-01-22,a3c772d3fde52dbae832bi,2026-01-21 21:10:00,31,True,3,0,189,2318,18.93,231.83,0.0,True,0.0362,,,,,,,,,,,,,,,,
2026-01-22,a3c772d3fde52dbae832bi,2026-01-21 21:20:00,32,True,3,0,189,2314,18.93,231.41,0.0,True,0.0394,,,,,,,,,,,,,,,,
2026-01-22,a3c772d3fde52dbae832bi,2026-01-21 21:30:00,33,True,4,0,189,2308,18.93,230.84,0.0,True,0.0425,,,,,,,,,,,,,,,,
2026-01-22,a3c772d3fde52dbae832bi,2026-01-21 21:40:00,34,True,4,0,189,2314,18.93,231.42,0.0,True,0.0457,,,,,,,,,,,,,,,,
2026-01-22,a3c772d3fde52dbae832bi,2026-01-21 21:50:00,35,True,4,0,189,2315,18.93,231.52,0.0,True,0.0489,,,,,,,,,,,,,,,,
2026-01-22,a3c772d3fde52dbae832bi,2026-01-21 22:00:00,36,True,5,0,189,2309,18.93,230.92,0.0,True,0.052,,,,,,,,,,,,,,,,
2026-01-22,a3c772d3fde52dbae832bi,2026-01-21 22:10:00,37,True,5,0,189,2309,18.93,230.95,0.0,True,0.0552,,,,,,,,,,,,,,,,
2026-01-22,a3c772d3fde52dbae832bi,2026-01-21 22:20:00,38,True,5,0,189,2312,18.93,231.26,0.0,True,0.0583,,,,,,,,,,,,,,,,
2026-01-22,a3c772d3fde52dbae832bi,2026-01-21 22:30:00,39,True,6,0,189,2312,18.93,231.26,0.0,True,0.0615,,,,,,,,,,,,,,,,
2026-01-22,a3c772d3fde52dbae832bi,2026-01-21 22:40:00,40,True,6,0,189,2315,18.93,231.56,0.0,True,0.0646,,,,,,,,,,,,,,,,
2026-01-22,a3c772d3fde52dbae832bi,2026-01-21 22:50:00,41,True,6,0,189,2309,18.93,230.91,0.0,True,0.0678,,,,,,,,,,,,,,,,
2026-01-22,a3c772d3fde52dbae832bi,2026-01-21 23:00:00,42,True,7,0,189,2313,18.93,231.38,0.0,True,0.0709,,,,,,,,,,,,,,,,
2026-01-22,a3c772d3fde52dbae832bi,2026-01-21 23:10:00,43,True,7,0,189,2310,18.93,231.0,0.0,True,0.0741,,,,,,,,,,,,,,,,
2026-01-22,a3c772d3fde52dbae832bi,2026-01-21 23:20:00,44,True,7,0,189,2315,18.93,231.54,0.0,True,0.0773,,,,,,,,,,,,,,,,
2026-01-22,a3c772d3fde52dbae832bi,2026-01-21 23:30:00,45,True,8,0,189,2305,18.93,230.53,0.0,True,0.0804,,,,,,,,,,,,,,,,
2026-01-22,a3c772d3fde52dbae832bi,2026-01-21 23:40:00,46,True,8,0,189,2309,18.93,230.98,0.0,True,0.0836,,,,,,,,,,,,,,,,
2026-01-22,a3c772d3fde52dbae832bi,2026-01-21 23:50:00,47,True,8,0,189,2306,18.93,230.69,0.0,True,0.0867,,,,,,,,,,,,,,,,
2026-01-22,a3c772d3fde52dbae832bi,2026-01-22 00:00:00,48,True,8,0,189,2301,18.93,230.17,0.0,True,0.0899,,,,,,,,,,,,,,,,
2026-01-22,a3c772d3fde52dbae832bi,2026-01-22 00:10:00,49,True,9,0,189,2323,18.93,232.31,0.0,True,0.093,,,,,,,,,,,,,,,,
2026-01-22,a3c772d3fde52dbae832bi,2026-01-22 00:20:00,50,True,9,0,189,2317,18.93,231.75,0.0,True,0.0962,,,,,,,,,,,,,,,,
2026-01-22,a3c772d3fde52dbae832bi,2026-01-22 00:30:00,51,True,9,0,189,2321,18.93,232.13,0.0,True,0.0993,,,,,,,,,,,,,,,,
2026-01-22,a3c772d3fde52dbae832bi,2026-01-22 00:40:00,52,True,10,0,189,2328,18.93,232.87,0.0,True,0.1025,,,,,,,,,,,,,,,,
2026-01-22,a3c772d3fde52dbae832bi,2026-01-22 00:50:00,53,False,10,0,0,2317,0.0,231.72,0.0,False,0.1025,,,,,,,,,,,,,,,,
2026-01-22,a3c772d3fde52dbae832bi,2026-01-22 01:00:00,54,True,10,0,189,2321,18.93,232.18,0.0,True,0.1057,,,,,,,,,,,,,,,,
2026-01-22,a3c772d3fde52dbae832bi,2026-01-22 01:10:00,55,True,10,0,189,2310,18.93,231.09,0.0,True,0.1088,,,,,,,,,,,,,,,,
2026-01-22,a3c772d3fde52dbae832bi,2026-01-22 01:20:00,56,True,11,0,189,2334,18.93,233.4,0.0,True,0.112,,,,,,,,,,,,,,,,
2026-01-22,a3c772d3fde52dbae832bi,2026-01-22 01:30:00,57,True,11,0,189,2334,18.93,233.4,0.0,True,0.1151,,,,,,,,,,,,,,,,
2026-01-22,a3c772d3fde52dbae832bi,2026-01-22 01:40:00,58,True,11,0,189,2328,18.93,232.81,0.0,True,0.1183,,,,,,,,,,,,,,,,
2026-01-22,a3c772d3fde52dbae832bi,2026-01-22 01:50:00,59,True,12,0,189,2313,18.93,231.31,0.0,True,0.1214,,,,,,,,,,,,,,,,
2026-01-22,a3c772d3fde52dbae832bi,2026-01-22 02:00:00,60,True,12,0,189,2303,18.93,230.3,0.0,True,0.1246,,,,,,,,,,,,,,,,
2026-01-22,a3c772d3fde52dbae832bi,2026-01-22 02:10:00,61,True,12,0,189,2297,18.93,229.76,0.0,True,0.1277,,,,,,,,,,,,,,,,
2026-01-22,a3c772d3fde52dbae832bi,2026-01-22 02:20:00,62,True,13,0,189,2299,18.93,229.97,0.0,True,0.1309,,,,,,,,,,,,,,,,
2026-01-22,a3c772d3fde52dbae832bi,2026-01-22 02:30:00,63,True,13,0,189,2300,18.93,230.07,0.0,True,0.1341,,,,,,,,,,,,,,,,
2026-01-22,a3c772d3fde52dbae832bi,2026-01-22 02:40:00,64,True,13,0,189,2300,18.93,230.01,0.0,True,0.1372,,,,,,,,,,,,,,,,
2026-01-22,a3c772d3fde52dbae832bi,2026-01-22 02:50:00,65,True,14,0,189,2298,18.93,229.81,0.0,True,0.1404,,,,,,,,,,,,,,,,
2026-01-22,a3c772d3fde52dbae832bi,2026-01-22 03:00:00,66,True,14,0,189,2302,18.93,230.23,0.0,True,0.1435,,,,,,,,,,,,,,,,
2026-01-22,a3c772d3fde52dbae832bi,2026-01-22 03:10:00,67,True,14,0,189,2298,18.93,229.81,0.0,True,0.1467,,,,,,,,,,,,,,,,
2026-01-22,a3c772d3fde52dbae832bi,2026-01-22 03:20:00,68,True,14,0,189,2301,18.93,230.12,0.0,True,0.1498,,,,,,,,,,,,,,,,
2026-01-22,a3c772d3fde52dbae832bi,2026-01-22 03:30:00,69,True,15,0,189,2310,18.93,231.09,0.0,True,0.153,,,,,,,,,,,,,,,,
2026-01-22,a3c772d3fde52dbae832bi,2026-01-22 03:40:00,70,True,15,0,189,2312,18.93,231.29,0.0,True,0.1562,,,,,,,,,,,,,,,,
2026-01-22,a3c772d3fde52dbae832bi,2026-01-22 03:50:00,71,True,15,0,189,2323,18.93,232.3,0.0,True,0.1593,,,,,,,,,,,,,,,,
2026-01-22,a3c772d3fde52dbae832bi,2026-01-22 04:00:00,72,True,16,0,189,2304,18.93,230.46,0.0,True,0.1625,,,,,,,,,,,,,,,,
2026-01-22,a3c772d3fde52dbae832bi,2026-01-22 04:10:00,73,True,16,0,189,2305,18.93,230.57,0.0,True,0.1656,,,,,,,,,,,,,,,,
2026-01-22,a3c772d3fde52dbae832bi,2026-01-22 04:20:00,74,True,16,0,189,2322,18.93,232.22,0.0,True,0.1688,,,,,,,,,,,,,,,,
2026-01-22,a3c772d3fde52dbae832bi,2026-01-22 04:30:00,75,True,17,0,189,2297,18.93,229.72,0.0,True,0.1719,,,,,,,,,,,,,,,,
2026-01-22,a3c772d3fde52dbae832bi,2026-01-22 04:40:00,76,True,17,0,189,2305,18.93,230.56,0.0,True,0.1751,,,,,,,,,,,,,,,,
2026-01-22,a3c772d3fde52dbae832bi,2026-01-22 04:50:00,77,True,17,0,189,2305,18.93,230.52,0.0,True,0.1782,,,,,,,,,,,,,,,,
2026-01-22,a3c772d3fde52dbae832bi,2026-01-22 05:00:00,78,True,17,45,56,2309,5.63,230.9,0.045,True,0.1792,,,,,,,,,,,,,,,,
2026-01-22,a3c772d3fde52dbae832bi,2026-01-22 05:10:00,79,False,17,0,0,2321,0.0,232.15,0.0,False,0.1792,,,,,,,,,,,,,,,,
2026-01-22,a3c772d3fde52dbae832bi,2026-01-22 05:20:00,80,True,17,22,28,2317,2.82,231.78,0.022,True,0.1796,,,,,,,,,,,,,,,,
2026-01-22,a3c772d3fde52dbae832bi,2026-01-22 05:30:00,81,False,17,0,0,2330,0.0,233.07,0.0,False,0.1796,,,,,,,,,,,,,,,,
2026-01-22,a3c772d3fde52dbae832bi,2026-01-22 05:40:00,82,True,18,22,28,2309,2.82,230.9,0.023,True,0.1801,,,,,,,,,,,,,,,,
2026-01-22,a3c772d3fde52dbae832bi,2026-01-22 05:50:00,83,True,18,22,28,2309,2.82,230.9,0.023,True,0.1806,,,,,,,,,,,,,,,,
2026-01-22,a3c772d3fde52dbae832bi,2026-01-22 06:00:00,84,True,18,65,82,2317,8.22,231.75,0.066,True,0.182,,,,,,,,,,,,,,,,
2026-01-22,a3c772d3fde52dbae832bi,2026-01-22 06:10:00,85,True,18,43,54,2324,5.5,232.48,0.044,True,0.1829,,,,,,,,,,,,,,,,
2026-01-22,a3c772d3fde52dbae832bi,2026-01-22 06:20:00,86,True,18,88,111,2317,11.13,231.76,0.089,True,0.1847,,,,,,,,,,,,,,,,
2026-01-22,a3c772d3fde52dbae832bi,2026-01-22 06:30:00,87,True,18,91,114,2311,11.42,231.17,0.091,True,0.1866,,,,,,,,,,,,,,,,
2026-01-22,a3c772d3fde52dbae832bi,2026-01-22 06:40:00,88,True,18,107,134,2314,13.44,231.41,0.107,True,0.1889,,,,,,,,,,,,,,,,
2026-01-22,a3c772d3fde52dbae832bi,2026-01-22 06:50:00,89,True,19,132,165,2311,16.55,231.16,0.132,True,0.1916,,,,,,,,,,,,,,,,
2026-01-22,a3c772d3fde52dbae832bi,2026-01-22 07:00:00,90,True,19,88,109,2304,10.97,230.43,0.088,True,0.1935,,,,,,,,,,,,,,,,
2026-01-22,a3c772d3fde52dbae832bi,2026-01-22 07:10:00,91,True,19,154,193,2311,19.36,231.16,0.155,True,0.1967,,,,,,,,,,,,,,,,
2026-01-22,a3c772d3fde52dbae832bi,2026-01-22 07:20:00,92,True,19,131,164,2304,16.45,230.42,0.132,True,0.1994,,,,,,,,,,,,,,,,
2026-01-22,a3c772d3fde52dbae832bi,2026-01-22 07:30:00,93,True,20,149,160,1980,16.03,198.06,0.15,True,0.2021,,,,,,,,,,,,,,,,
2026-01-22,a3c772d3fde52dbae832bi,2026-01-22 07:40:00,94,True,20,149,187,2310,18.71,231.09,0.15,True,0.2052,,,,,,,,,,,,,,,,
2026-01-22,a3c772d3fde52dbae832bi,2026-01-22 07:50:00,95,True,20,149,186,2312,18.67,231.27,0.149,True,0.2083,,,,,,,,,,,,,,,,
2026-01-22,a3c772d3fde52dbae832bi,2026-01-22 08:00:00,96,True,21,149,186,2312,18.67,231.27,0.149,True,0.2114,,,,,,,,,,,,,,,,
2026-01-22,a3c772d3fde52dbae832bi,2026-01-22 08:10:00,97,True,21,171,214,2314,21.45,231.47,0.171,True,0.215,,,,,,,,,,,,,,,,
2026-01-22,a3c772d3fde52dbae832bi,2026-01-22 08:20:00,98,True,21,170,214,2316,21.42,231.64,0.171,True,0.2186,,,,,,,,,,,,,,,,
2026-01-22,a3c772d3fde52dbae832bi,2026-01-22 08:30:00,99,True,22,170,214,2316,21.42,231.64,0.171,True,0.2222,,,,,,,,,,,,,,,,
2026-01-22,a3c772d3fde52dbae832bi,2026-01-22 08:40:00,100,True,22,192,241,2320,24.14,232.02,0.192,True,0.2262,,,,,,,,,,,,,,,,
2026-01-22,a3c772d3fde52dbae832bi,2026-01-22 08:50:00,101,True,22,170,214,2319,21.42,231.96,0.171,True,0.2298,,,,,,,,,,,,,,,,
2026-01-22,a3c772d3fde52dbae832bi,2026-01-22 09:00:00,102,True,23,170,214,2319,21.41,231.96,0.171,True,0.2333,,,,,,,,,,,,,,,,
2026-01-22,a3c772d3fde52dbae832bi,2026-01-22 09:10:00,103,True,23,148,186,2317,18.64,231.76,0.149,True,0.2364,,,,,,,,,,,,,,,,
2026-01-22,a3c772d3fde52dbae832bi,2026-01-22 09:20:00,104,True,23,170,214,2319,21.41,231.9,0.171,True,0.24,,,,,,,,,,,,,,,,
2026-01-22,a3c772d3fde52dbae832bi,2026-01-22 09:30:00,105,True,24,170,213,2319,21.4,231.96,0.171,True,0.2436,,,,,,,,,,,,,,,,
2026-01-22,a3c772d3fde52dbae832bi,2026-01-22 09:40:00,106,True,24,126,158,2315,15.87,231.5,0.127,True,0.2462,,,,,,,,,,,,,,,,
2026-01-22,a3c772d3fde52dbae832bi,2026-01-22 09:50:00,107,True,24,170,213,2315,21.36,231.53,0.171,True,0.2498,,,,,,,,,,,,,,,,
2026-01-22,a3c772d3fde52dbae832bi,2026-01-22 10:00:00,108,True,25,148,186,2314,18.65,231.46,0.149,True,0.2529,,,,,,,,,,,,,,,,
2026-01-22,a3c772d3fde52dbae832bi,2026-01-22 10:10:00,109,True,25,126,158,2315,15.87,231.52,0.127,True,0.2555,,,,,,,,,,,,,,,,
2026-01-22,a3c772d3fde52dbae832bi,2026-01-22 10:20:00,110,True,25,126,157,2308,15.77,230.8,0.126,True,0.2581,,,,,,,,,,,,,,,,
2026-01-22,a3c772d3fde52dbae832bi,2026-01-22 10:30:00,111,True,26,126,157,2308,15.73,230.8,0.126,True,0.2608,,,,,,,,,,,,,,,,
2026-01-22,a3c772d3fde52dbae832bi,2026-01-22 10:40:00,112,True,26,104,130,2313,13.05,231.36,0.104,True,0.2629,,,,,,,,,,,,,,,,
2026-01-22,a3c772d3fde52dbae832bi,2026-01-22 10:50:00,113,True,26,147,184,2313,18.48,231.3,0.148,True,0.266,,,,,,,,,,,,,,,,
2026-01-22,a3c772d3fde52dbae832bi,2026-01-22 11:00:00,114,True,26,126,157,2317,15.8,231.77,0.126,True,0.2687,,,,,,,,,,,,,,,,
2026-01-22,a3c772d3fde52dbae832bi,2026-01-22 11:10:00,115,True,27,104,131,2327,13.19,232.74,0.105,True,0.2709,,,,,,,,,,,,,,,,
2026-01-22,a3c772d3fde52dbae832bi,2026-01-22 11:20:00,116,True,27,104,131,2322,13.16,232.24,0.105,True,0.273,,,,,,,,,,,,,,,,
2026-01-22,a3c772d3fde52dbae832bi,2026-01-22 11:30:00,117,True,27,126,159,2325,15.95,232.57,0.127,True,0.2757,,,,,,,,,,,,,,,,
2026-01-22,a3c772d3fde52dbae832bi,2026-01-22 11:40:00,118,True,27,104,131,2320,13.15,232.04,0.105,True,0.2779,,,,,,,,,,,,,,,,
2026-01-22,a3c772d3fde52dbae832bi,2026-01-22 11:50:00,119,True,28,170,214,2323,21.46,232.36,0.171,True,0.2815,,,,,,,,,,,,,,,,
2026-01-22,a3c772d3fde52dbae832bi,2026-01-22 12:00:00,120,True,28,170,214,2323,21.44,232.36,0.171,True,0.285,,,,,,,,,,,,,,,,
2026-01-22,a3c772d3fde52dbae832bi,2026-01-22 12:10:00,121,True,28,126,159,2326,15.92,232.6,0.126,True,0.2877,,,,,,,,,,,,,,,,
2026-01-22,a3c772d3fde52dbae832bi,2026-01-22 12:20:00,122,True,29,148,186,2322,18.66,232.27,0.148,True,0.2908,,,,,,,,,,,,,,,,
2026-01-22,a3c772d3fde52dbae832bi,2026-01-22 12:30:00,123,True,29,148,186,2322,18.66,232.27,0.148,True,0.2939,,,,,,,,,,,,,,,,
2026-01-22,a3c772d3fde52dbae832bi,2026-01-22 12:40:00,124,True,29,148,186,2321,18.65,232.14,0.149,True,0.297,,,,,,,,,,,,,,,,
2026-01-22,a3c772d3fde52dbae832bi,2026-01-22 12:50:00,125,True,29,126,158,2320,15.89,232.08,0.127,True,0.2997,,,,,,,,,,,,,,,,
2026-01-22,a3c772d3fde52dbae832bi,2026-01-22 13:00:00,126,True,30,148,185,2308,18.51,230.89,0.148,True,0.3028,,,,,,,,,,,,,,,,
2026-01-22,a3c772d3fde52dbae832bi,2026-01-22 13:10:00,127,True,30,125,157,2305,15.71,230.51,0.126,True,0.3054,,,,,,,,,,,,,,,,
2026-01-22,a3c772d3fde52dbae832bi,2026-01-22 13:20:00,128,True,30,126,157,2303,15.72,230.39,0.126,True,0.308,,,,,,,,,,,,,,,,
2026-01-22,a3c772d3fde52dbae832bi,2026-01-22 13:30:00,129,True,31,126,157,2303,15.72,230.39,0.126,True,0.3106,,,,,,,,,,,,,,,,
2026-01-22,a3c772d3fde52dbae832bi,2026-01-22 13:40:00,130,True,31,61,75,2294,7.57,229.4,0.061,True,0.3119,,,,,,,,,,,,,,,,
2026-01-22,a3c772d3fde52dbae832bi,2026-01-22 13:50:00,131,True,31,61,75,2294,7.57,229.4,0.061,True,0.3131,,,,,,,,,,,,,,,,
2026-01-22,a3c772d3fde52dbae832bi,2026-01-22 14:00:00,132,True,31,82,102,2297,10.26,229.75,0.083,True,0.3149,,,,,,,,,,,,,,,,
2026-01-22,a3c772d3fde52dbae832bi,2026-01-22 14:10:00,133,True,31,82,102,2290,10.21,229.04,0.082,True,0.3166,,,,,,,,,,,,,,,,
2026-01-22,a3c772d3fde52dbae832bi,2026-01-22 14:20:00,134,True,31,60,75,2292,7.55,229.2,0.061,True,0.3178,,,,,,,,,,,,,,,,
2026-01-22,a3c772d3fde52dbae832bi,2026-01-22 14:30:00,135,True,31,60,75,2292,7.55,229.2,0.061,True,0.3191,,,,,,,,,,,,,,,,
2026-01-22,a3c772d3fde52dbae832bi,2026-01-22 14:40:00,136,True,32,82,102,2291,10.22,229.17,0.082,True,0.3208,,,,,,,,,,,,,,,,
2026-01-22,a3c772d3fde52dbae832bi,2026-01-22 14:50:00,137,True,32,82,102,2291,10.22,229.17,0.082,True,0.3225,,,,,,,,,,,,,,,,
2026-01-22,a3c772d3fde52dbae832bi,2026-01-22 15:00:00,138,True,32,60,75,2296,7.53,229.67,0.061,True,0.3237,,,,,,,,,,,,,,,,
2026-01-22,a3c772d3fde52dbae832bi,2026-01-22 15:10:00,139,True,32,60,75,2296,7.53,229.67,0.061,True,0.325,,,,,,,,,,,,,,,,
2026-01-22,a3c772d3fde52dbae832bi,2026-01-22 15:20:00,140,True,32,60,75,2298,7.55,229.8,0.061,True,0.3263,,,,,,,,,,,,,,,,
2026-01-22,a3c772d3fde52dbae832bi,2026-01-22 15:30:00,141,True,32,60,75,2302,7.55,230.22,0.061,True,0.3275,,,,,,,,,,,,,,,,
2026-01-22,a3c772d3fde52dbae832bi,2026-01-22 15:40:00,142,True,32,60,74,2287,7.48,228.78,0.06,True,0.3288,,,,,,,,,,,,,,,,
2026-01-22,a3c772d3fde52dbae832bi,2026-01-22 15:50:00,143,True,33,60,74,2287,7.48,228.78,0.06,True,0.33,,,,,,,,,,,,,,,,
2026-01-23,a3c772d3fde52dbae832bi,2026-01-22 16:00:00,0,True,0,103,128,2290,12.82,229.09,0.103,True,0.0021,,,,,,,,,,,,,,,,
2026-01-23,a3c772d3fde52dbae832bi,2026-01-22 16:10:00,1,True,0,120,149,2287,14.94,228.74,0.121,True,0.0046,,,,,,,,,,,,,,,,
2026-01-23,a3c772d3fde52dbae832bi,2026-01-22 16:20:00,2,True,0,120,149,2295,14.97,229.51,0.121,True,0.0071,,,,,,,,,,,,,,,,
2026-01-23,a3c772d3fde52dbae832bi,2026-01-22 16:30:00,3,True,0,55,69,2295,6.9,229.51,0.056,True,0.0083,,,,,,,,,,,,,,,,
2026-01-23,a3c772d3fde52dbae832bi,2026-01-22 16:40:00,4,True,0,56,71,2310,7.1,231.03,0.057,True,0.0095,,,,,,,,,,,,,,,,
2026-01-23,a3c772d3fde52dbae832bi,2026-01-22 16:50:00,5,True,1,35,44,2308,4.41,230.84,0.035,True,0.0102,,,,,,,,,,,,,,,,
2026-01-23,a3c772d3fde52dbae832bi,2026-01-22 17:00:00,6,True,1,35,44,2308,4.41,230.82,0.035,True,0.0109,,,,,,,,,,,,,,,,
2026-01-23,a3c772d3fde52dbae832bi,2026-01-22 17:10:00,7,True,1,35,44,2300,4.41,230.06,0.035,True,0.0117,,,,,,,,,,,,,,,,
2026-01-23,a3c772d3fde52dbae832bi,2026-01-22 17:20:00,8,True,1,35,44,2301,4.41,230.17,0.035,True,0.0124,,,,,,,,,,,,,,,,
2026-01-23,a3c772d3fde52dbae832bi,2026-01-22 17:30:00,9,True,1,35,44,2302,4.41,230.28,0.035,True,0.0131,,,,,,,,,,,,,,,,
2026-01-23,a3c772d3fde52dbae832bi,2026-01-22 17:40:00,10,True,1,35,44,2301,4.41,230.19,0.035,True,0.0139,,,,,,,,,,,,,,,,
2026-01-23,a3c772d3fde52dbae832bi,2026-01-22 17:50:00,11,True,1,34,43,2300,4.35,230.02,0.035,True,0.0146,,,,,,,,,,,,,,,,
2026-01-23,a3c772d3fde52dbae832bi,2026-01-22 18:00:00,12,True,1,34,43,2296,4.35,229.62,0.035,True,0.0153,,,,,,,,,,,,,,,,
2026-01-23,a3c772d3fde52dbae832bi,2026-01-22 18:10:00,13,True,1,35,43,2295,4.35,229.57,0.035,True,0.016,,,,,,,,,,,,,,,,
2026-01-23,a3c772d3fde52dbae832bi,2026-01-22 18:20:00,14,True,1,34,43,2303,4.35,230.37,0.035,True,0.0168,,,,,,,,,,,,,,,,
2026-01-23,a3c772d3fde52dbae832bi,2026-01-22 18:30:00,15,True,1,34,42,2299,4.26,229.93,0.034,True,0.0175,,,,,,,,,,,,,,,,
2026-01-23,a3c772d3fde52dbae832bi,2026-01-22 18:40:00,16,True,1,34,42,2303,4.26,230.39,0.034,True,0.0182,,,,,,,,,,,,,,,,
2026-01-23,a3c772d3fde52dbae832bi,2026-01-22 18:50:00,17,True,1,34,42,2303,4.26,230.3,0.034,True,0.0189,,,,,,,,,,,,,,,,
2026-01-23,a3c772d3fde52dbae832bi,2026-01-22 19:00:00,18,True,1,34,42,2301,4.26,230.17,0.034,True,0.0196,,,,,,,,,,,,,,,,
2026-01-23,a3c772d3fde52dbae832bi,2026-01-22 19:10:00,19,True,2,34,42,2301,4.26,230.17,0.034,True,0.0203,,,,,,,,,,,,,,,,
2026-01-23,a3c772d3fde52dbae832bi,2026-01-22 19:20:00,20,True,2,34,42,2303,4.26,230.35,0.034,True,0.021,,,,,,,,,,,,,,,,
2026-01-23,a3c772d3fde52dbae832bi,2026-01-22 19:30:00,21,True,2,34,42,2302,4.26,230.27,0.034,True,0.0217,,,,,,,,,,,,,,,,
2026-01-23,a3c772d3fde52dbae832bi,2026-01-22 19:40:00,22,True,2,34,42,2309,4.28,230.96,0.034,True,0.0225,,,,,,,,,,,,,,,,
2026-01-23,a3c772d3fde52dbae832bi,2026-01-22 19:50:00,23,True,2,34,43,2302,4.31,230.25,0.035,True,0.0232,,,,,,,,,,,,,,,,
2026-01-23,a3c772d3fde52dbae832bi,2026-01-22 20:00:00,24,True,2,34,43,2301,4.31,230.12,0.035,True,0.0239,,,,,,,,,,,,,,,,
2026-01-23,a3c772d3fde52dbae832bi,2026-01-22 20:10:00,25,True,2,34,43,2305,4.31,230.57,0.035,True,0.0246,,,,,,,,,,,,,,,,
2026-01-23,a3c772d3fde52dbae832bi,2026-01-22 20:20:00,26,True,2,34,43,2300,4.31,230.06,0.035,True,0.0253,,,,,,,,,,,,,,,,
2026-01-23,a3c772d3fde52dbae832bi,2026-01-22 20:30:00,27,True,2,34,43,2304,4.31,230.4,0.035,True,0.026,,,,,,,,,,,,,,,,
2026-01-23,a3c772d3fde52dbae832bi,2026-01-22 20:40:00,28,True,2,34,43,2316,4.37,231.62,0.035,True,0.0268,,,,,,,,,,,,,,,,
2026-01-23,a3c772d3fde52dbae832bi,2026-01-22 20:50:00,29,True,2,0,189,2319,18.93,231.99,0.0,True,0.0299,,,,,,,,,,,,,,,,
2026-01-23,a3c772d3fde52dbae832bi,2026-01-22 21:00:00,30,True,3,0,189,2311,18.93,231.14,0.0,True,0.0331,,,,,,,,,,,,,,,,
2026-01-23,a3c772d3fde52dbae832bi,2026-01-22 21:10:00,31,True,3,0,189,2318,18.93,231.83,0.0,True,0.0362,,,,,,,,,,,,,,,,
2026-01-23,a3c772d3fde52dbae832bi,2026-01-22 21:20:00,32,True,3,0,189,2314,18.93,231.41,0.0,True,0.0394,,,,,,,,,,,,,,,,
2026-01-23,a3c772d3fde52dbae832bi,2026-01-22 21:30:00,33,True,4,0,189,2308,18.93,230.84,0.0,True,0.0425,,,,,,,,,,,,,,,,
2026-01-23,a3c772d3fde52dbae832bi,2026-01-22 21:40:00,34,True,4,0,189,2314,18.93,231.42,0.0,True,0.0457,,,,,,,,,,,,,,,,
2026-01-23,a3c772d3fde52dbae832bi,2026-01-22 21:50:00,35,True,4,0,189,2315,18.93,231.52,0.0,True,0.0489,,,,,,,,,,,,,,,,
2026-01-23,a3c772d3fde52dbae832bi,2026-01-22 22:00:00,36,True,5,0,189,2309,18.93,230.92,0.0,True,0.052,,,,,,,,,,,,,,,,
2026-01-23,a3c772d3fde52dbae832bi,2026-01-22 22:10:00,37,True,5,0,189,2309,18.93,230.95,0.0,True,0.0552,,,,,,,,,,,,,,,,
2026-01-23,a3c772d3fde52dbae832bi,2026-01-22 22:20:00,38,True,5,0,189,2312,18.93,231.26,0.0,True,0.0583,,,,,,,,,,,,,,,,
2026-01-23,a3c772d3fde52dbae832bi,2026-01-22 22:30:00,39,True,6,0,189,2312,18.93,231.26,0.0,True,0.0615,,,,,,,,,,,,,,,,
2026-01-23,a3c772d3fde52dbae832bi,2026-01-22 22:40:00,40,True,6,0,189,2315,18.93,231.56,0.0,True,0.0646,,,,,,,,,,,,,,,,
2026-01-23,a3c772d3fde52dbae832bi,2026-01-22 22:50:00,41,True,6,0,189,2309,18.93,230.91,0.0,True,0.0678,,,,,,,,,,,,,,,,
2026-01-23,a3c772d3fde52dbae832bi,2026-01-22 23:00:00,42,True,7,0,189,2313,18.93,231.38,0.0,True,0.0709,,,,,,,,,,,,,,,,
2026-01-23,a3c772d3fde52dbae832bi,2026-01-22 23:10:00,43,True,7,0,189,2310,18.93,231.0,0.0,True,0.0741,,,,,,,,,,,,,,,,
2026-01-23,a3c772d3fde52dbae832bi,2026-01-22 23:20:00,44,True,7,0,189,2315,18.93,231.54,0.0,True,0.0773,,,,,,,,,,,,,,,,
2026-01-23,a3c772d3fde52dbae832bi,2026-01-22 23:30:00,45,True,8,0,189,2305,18.93,230.53,0.0,True,0.0804,,,,,,,,,,,,,,,,
2026-01-23,a3c772d3fde52dbae832bi,2026-01-22 23:40:00,46,True,8,0,189,2309,18.93,230.98,0.0,True,0.0836,,,,,,,,,,,,,,,,
2026-01-23,a3c772d3fde52dbae832bi,2026-01-22 23:50:00,47,True,8,0,189,2306,18.93,230.69,0.0,True,0.0867,,,,,,,,,,,,,,,,
2026-01-23,a3c772d3fde52dbae832bi,2026-01-23 00:00:00,48,True,8,0,189,2301,18.93,230.17,0.0,True,0.0899,,,,,,,,,,,,,,,,
2026-01-23,a3c772d3fde52dbae832bi,2026-01-23 00:10:00,49,True,9,0,189,2323,18.93,232.31,0.0,True,0.093,,,,,,,,,,,,,,,,
2026-01-23,a3c772d3fde52dbae832bi,2026-01-23 00:20:00,50,True,9,0,189,2317,18.93,231.75,0.0,True,0.0962,,,,,,,,,,,,,,,,
2026-01-23,a3c772d3fde52dbae832bi,2026-01-23 00:30:00,51,True,9,0,189,2321,18.93,232.13,0.0,True,0.0993,,,,,,,,,,,,,,,,
2026-01-23,a3c772d3fde52dbae832bi,2026-01-23 00:40:00,52,True,10,0,189,2328,18.93,232.87,0.0,True,0.1025,,,,,,,,,,,,,,,,
2026-01-23,a3c772d3fde52dbae832bi,2026-01-23 00:50:00,53,False,10,0,0,2317,0.0,231.72,0.0,False,0.1025,,,,,,,,,,,,,,,,
2026-01-23,a3c772d3fde52dbae832bi,2026-01-23 01:00:00,54,True,10,0,189,2321,18.93,232.18,0.0,True,0.1057,,,,,,,,,,,,,,,,
2026-01-23,a3c772d3fde52dbae832bi,2026-01-23 01:10:00,55,True,10,0,189,2310,18.93,231.09,0.0,True,0.1088,,,,,,,,,,,,,,,,
2026-01-23,a3c772d3fde52dbae832bi,2026-01-23 01:20:00,56,True,11,0,189,2334,18.93,233.4,0.0,True,0.112,,,,,,,,,,,,,,,,
2026-01-23,a3c772d3fde52dbae832bi,2026-01-23 01:30:00,57,True,11,0,189,2334,18.93,233.4,0.0,True,0.1151,,,,,,,,,,,,,,,,
2026-01-23,a3c772d3fde52dbae832bi,2026-01-23 01:40:00,58,True,11,0,189,2328,18.93,232.81,0.0,True,0.1183,,,,,,,,,,,,,,,,
2026-01-23,a3c772d3fde52dbae832bi,2026-01-23 01:50:00,59,True,12,0,189,2313,18.93,231.31,0.0,True,0.1214,,,,,,,,,,,,,,,,
2026-01-23,a3c772d3fde52dbae832bi,2026-01-23 02:00:00,60,True,12,0,189,2303,18.93,230.3,0.0,True,0.1246,,,,,,,,,,,,,,,,
2026-01-23,a3c772d3fde52dbae832bi,2026-01-23 02:10:00,61,True,12,0,189,2297,18.93,229.76,0.0,True,0.1277,,,,,,,,,,,,,,,,
2026-01-23,a3c772d3fde52dbae832bi,2026-01-23 02:20:00,62,True,13,0,189,2299,18.93,229.97,0.0,True,0.1309,,,,,,,,,,,,,,,,
2026-01-23,a3c772d3fde52dbae832bi,2026-01-23 02:30:00,63,True,13,0,189,2300,18.93,230.07,0.0,True,0.1341,,,,,,,,,,,,,,,,
2026-01-23,a3c772d3fde52dbae832bi,2026-01-23 02:40:00,64,True,13,0,189,2300,18.93,230.01,0.0,True,0.1372,,,,,,,,,,,,,,,,
2026-01-23,a3c772d3fde52dbae832bi,2026-01-23 02:50:00,65,True,14,0,189,2298,18.93,229.81,0.0,True,0.1404,,,,,,,,,,,,,,,,
2026-01-23,a3c772d3fde52dbae832bi,2026-01-23 03:00:00,66,True,14,0,189,2302,18.93,230.23,0.0,True,0.1435,,,,,,,,,,,,,,,,
2026-01-23,a3c772d3fde52dbae832bi,2026-01-23 03:10:00,67,True,14,0,189,2298,18.93,229.81,0.0,True,0.1467,,,,,,,,,,,,,,,,
2026-01-23,a3c772d3fde52dbae832bi,2026-01-23 03:20:00,68,True,14,0,189,2301,18.93,230.12,0.0,True,0.1498,,,,,,,,,,,,,,,,
2026-01-23,a3c772d3fde52dbae832bi,2026-01-23 03:30:00,69,True,15,0,189,2310,18.93,231.09,0.0,True,0.153,,,,,,,,,,,,,,,,
2026-01-23,a3c772d3fde52dbae832bi,2026-01-23 03:40:00,70,True,15,0,189,2312,18.93,231.29,0.0,True,0.1562,,,,,,,,,,,,,,,,
2026-01-23,a3c772d3fde52dbae832bi,2026-01-23 03:50:00,71,True,15,0,189,2323,18.93,232.3,0.0,True,0.1593,,,,,,,,,,,,,,,,
2026-01-23,a3c772d3fde52dbae832bi,2026-01-23 04:00:00,72,True,16,0,189,2304,18.93,230.46,0.0,True,0.1625,,,,,,,,,,,,,,,,
2026-01-23,a3c772d3fde52dbae832bi,2026-01-23 04:10:00,73,True,16,0,189,2305,18.93,230.57,0.0,True,0.1656,,,,,,,,,,,,,,,,
2026-01-23,a3c772d3fde52dbae832bi,2026-01-23 04:20:00,74,True,16,0,189,2322,18.93,232.22,0.0,True,0.1688,,,,,,,,,,,,,,,,
2026-01-23,a3c772d3fde52dbae832bi,2026-01-23 04:30:00,75,True,17,0,189,2297,18.93,229.72,0.0,True,0.1719,,,,,,,,,,,,,,,,
2026-01-23,a3c772d3fde52dbae832bi,2026-01-23 04:40:00,76,True,17,0,189,2305,18.93,230.56,0.0,True,0.1751,,,,,,,,,,,,,,,,
2026-01-23,a3c772d3fde52dbae832bi,2026-01-23 04:50:00,77,True,17,0,189,2305,18.93,230.52,0.0,True,0.1782,,,,,,,,,,,,,,,,
2026-01-23,a3c772d3fde52dbae832bi,2026-01-23 05:00:00,78,True,17,45,56,2309,5.63,230.9,0.045,True,0.1792,,,,,,,,,,,,,,,,
2026-01-23,a3c772d3fde52dbae832bi,2026-01-23 05:10:00,79,False,17,0,0,2321,0.0,232.15,0.0,False,0.1792,,,,,,,,,,,,,,,,
2026-01-23,a3c772d3fde52dbae832bi,2026-01-23 05:20:00,80,True,17,22,28,2317,2.82,231.78,0.022,True,0.1796,,,,,,,,,,,,,,,,
2026-01-23,a3c772d3fde52dbae832bi,2026-01-23 05:30:00,81,False,17,0,0,2330,0.0,233.07,0.0,False,0.1796,,,,,,,,,,,,,,,,
2026-01-23,a3c772d3fde52dbae832bi,2026-01-23 05:40:00,82,True,18,22,28,2309,2.82,230.9,0.023,True,0.1801,,,,,,,,,,,,,,,,
2026-01-23,a3c772d3fde52dbae832bi,2026-01-23 05:50:00,83,True,18,22,28,2309,2.82,230.9,0.023,True,0.1806,,,,,,,,,,,,,,,,
2026-01-23,a3c772d3fde52dbae832bi,2026-01-23 06:00:00,84,True,18,65,82,2317,8.22,231.75,0.066,True,0.182,,,,,,,,,,,,,,,,
2026-01-23,a3c772d3fde52dbae832bi,2026-01-23 06:10:00,85,True,18,43,54,2324,5.5,232.48,0.044,True,0.1829,,,,,,,,,,,,,,,,
2026-01-23,a3c772d3fde52dbae832bi,2026-01-23 06:20:00,86,True,18,88,111,2317,11.13,231.76,0.089,True,0.1847,,,,,,,,,,,,,,,,
2026-01-23,a3c772d3fde52dbae832bi,2026-01-23 06:30:00,87,True,18,91,114,2311,11.42,231.17,0.091,True,0.1866,,,,,,,,,,,,,,,,
2026-01-23,a3c772d3fde52dbae832bi,2026-01-23 06:40:00,88,True,18,107,134,2314,13.44,231.41,0.107,True,0.1889,,,,,,,,,,,,,,,,
2026-01-23,a3c772d3fde52dbae832bi,2026-01-23 06:50:00,89,True,19,132,165,2311,16.55,231.16,0.132,True,0.1916,,,,,,,,,,,,,,,,
2026-01-23,a3c772d3fde52dbae832bi,2026-01-23 07:00:00,90,True,19,88,109,2304,10.97,230.43,0.088,True,0.1935,,,,,,,,,,,,,,,,
2026-01-23,a3c772d3fde52dbae832bi,2026-01-23 07:10:00,91,True,19,154,193,2311,19.36,231.16,0.155,True,0.1967,,,,,,,,,,,,,,,,
2026-01-23,a3c772d3fde52dbae832bi,2026-01-23 07:20:00,92,True,19,131,164,2304,16.45,230.42,0.132,True,0.1994,,,,,,,,,,,,,,,,
2026-01-23,a3c772d3fde52dbae832bi,2026-01-23 07:30:00,93,True,20,149,160,1980,16.03,198.06,0.15,True,0.2021,,,,,,,,,,,,,,,,
2026-01-23,a3c772d3fde52dbae832bi,2026-01-23 07:40:00,94,True,20,149,187,2310,18.71,231.09,0.15,True,0.2052,,,,,,,,,,,,,,,,
2026-01-23,a3c772d3fde52dbae832bi,2026-01-23 07:50:00,95,True,20,149,186,2312,18.67,231.27,0.149,True,0.2083,,,,,,,,,,,,,,,,
2026-01-23,a3c772d3fde52dbae832bi,2026-01-23 08:00:00,96,True,21,149,186,2312,18.67,231.27,0.149,True,0.2114,,,,,,,,,,,,,,,,
2026-01-23,a3c772d3fde52dbae832bi,2026-01-23 08:10:00,97,True,21,171,214,2314,21.45,231.47,0.171,True,0.215,,,,,,,,,,,,,,,,
2026-01-23,a3c772d3fde52dbae832bi,2026-01-23 08:20:00,98,True,21,170,214,2316,21.42,231.64,0.171,True,0.2186,,,,,,,,,,,,,,,,
2026-01-23,a3c772d3fde52dbae832bi,2026-01-23 08:30:00,99,True,22,170,214,2316,21.42,231.64,0.171,True,0.2222,,,,,,,,,,,,,,,,
2026-01-23,a3c772d3fde52dbae832bi,2026-01-23 08:40:00,100,True,22,192,241,2320,24.14,232.02,0.192,True,0.2262,,,,,,,,,,,,,,,,
2026-01-23,a3c772d3fde52dbae832bi,2026-01-23 08:50:00,101,True,22,170,214,2319,21.42,231.96,0.171,True,0.2298,,,,,,,,,,,,,,,,
2026-01-23,a3c772d3fde52dbae832bi,2026-01-23 09:00:00,102,True,23,170,214,2319,21.41,231.96,0.171,True,0.2333,,,,,,,,,,,,,,,,
2026-01-23,a3c772d3fde52dbae832bi,2026-01-23 09:10:00,103,True,23,148,186,2317,18.64,231.76,0.149,True,0.2364,,,,,,,,,,,,,,,,
2026-01-23,a3c772d3fde52dbae832bi,2026-01-23 09:20:00,104,True,23,170,214,2319,21.41,231.9,0.171,True,0.24,,,,,,,,,,,,,,,,
2026-01-23,a3c772d3fde52dbae832bi,2026-01-23 09:30:00,105,True,24,170,213,2319,21.4,231.96,0.171,True,0.2436,,,,,,,,,,,,,,,,
2026-01-23,a3c772d3fde52dbae832bi,2026-01-23 09:40:00,106,True,24,126,158,2315,15.87,231.5,0.127,True,0.2462,,,,,,,,,,,,,,,,
2026-01-23,a3c772d3fde52dbae832bi,2026-01-23 09:50:00,107,True,24,170,213,2315,21.36,231.53,0.171,True,0.2498,,,,,,,,,,,,,,,,
2026-01-23,a3c772d3fde52dbae832bi,2026-01-23 10:00:00,108,True,25,148,186,2314,18.65,231.46,0.149,True,0.2529,,,,,,,,,,,,,,,,
2026-01-23,a3c772d3fde52dbae832bi,2026-01-23 10:10:00,109,True,25,126,158,2315,15.87,231.52,0.127,True,0.2555,,,,,,,,,,,,,,,,
2026-01-23,a3c772d3fde52dbae832bi,2026-01-23 10:20:00,110,True,25,126,157,2308,15.77,230.8,0.126,True,0.2581,,,,,,,,,,,,,,,,
2026-01-23,a3c772d3fde52dbae832bi,2026-01-23 10:30:00,111,True,26,126,157,2308,15.73,230.8,0.126,True,0.2608,,,,,,,,,,,,,,,,
2026-01-23,a3c772d3fde52dbae832bi,2026-01-23 10:40:00,112,True,26,104,130,2313,13.05,231.36,0.104,True,0.2629,,,,,,,,,,,,,,,,
2026-01-23,a3c772d3fde52dbae832bi,2026-01-23 10:50:00,113,True,26,147,184,2313,18.48,231.3,0.148,True,0.266,,,,,,,,,,,,,,,,
2026-01-23,a3c772d3fde52dbae832bi,2026-01-23 11:00:00,114,True,26,126,157,2317,15.8,231.77,0.126,True,0.2687,,,,,,,,,,,,,,,,
2026-01-23,a3c772d3fde52dbae832bi,2026-01-23 11:10:00,115,True,27,104,131,2327,13.19,232.74,0.105,True,0.2709,,,,,,,,,,,,,,,,
2026-01-23,a3c772d3fde52dbae832bi,2026-01-23 11:20:00,116,True,27,104,131,2322,13.16,232.24,0.105,True,0.273,,,,,,,,,,,,,,,,
2026-01-23,a3c772d3fde52dbae832bi,2026-01-23 11:30:00,117,True,27,126,159,2325,15.95,232.57,0.127,True,0.2757,,,,,,,,,,,,,,,,
2026-01-23,a3c772d3fde52dbae832bi,2026-01-23 11:40:00,118,True,27,104,131,2320,13.15,232.04,0.105,True,0.2779,,,,,,,,,,,,,,,,
2026-01-23,a3c772d3fde52dbae832bi,2026-01-23 11:50:00,119,True,28,170,214,2323,21.46,232.36,0.171,True,0.2815,,,,,,,,,,,,,,,,
2026-01-23,a3c772d3fde52dbae832bi,2026-01-23 12:00:00,120,True,28,170,214,2323,21.44,232.36,0.171,True,0.285,,,,,,,,,,,,,,,,
2026-01-23,a3c772d3fde52dbae832bi,2026-01-23 12:10:00,121,True,28,126,159,2326,15.92,232.6,0.126,True,0.2877,,,,,,,,,,,,,,,,
2026-01-23,a3c772d3fde52dbae832bi,2026-01-23 12:20:00,122,True,29,148,186,2322,18.66,232.27,0.148,True,0.2908,,,,,,,,,,,,,,,,
2026-01-23,a3c772d3fde52dbae832bi,2026-01-23 12:30:00,123,True,29,148,186,2322,18.66,232.27,0.148,True,0.2939,,,,,,,,,,,,,,,,
2026-01-23,a3c772d3fde52dbae832bi,2026-01-23 12:40:00,124,True,29,148,186,2321,18.65,232.14,0.149,True,0.297,,,,,,,,,,,,,,,,
2026-01-23,a3c772d3fde52dbae832bi,2026-01-23 12:50:00,125,True,29,126,158,2320,15.89,232.08,0.127,True,0.2997,,,,,,,,,,,,,,,,
2026-01-23,a3c772d3fde52dbae832bi,2026-01-23 13:00:00,126,True,30,148,185,2308,18.51,230.89,0.148,True,0.3028,,,,,,,,,,,,,,,,
2026-01-23,a3c772d3fde52dbae832bi,2026-01-23 13:10:00,127,True,30,125,157,2305,15.71,230.51,0.126,True,0.3054,,,,,,,,,,,,,,,,
2026-01-23,a3c772d3fde52dbae832bi,2026-01-23 13:20:00,128,True,30,126,157,2303,15.72,230.39,0.126,True,0.308,,,,,,,,,,,,,,,,
2026-01-23,a3c772d3fde52dbae832bi,2026-01-23 13:30:00,129,True,31,126,157,2303,15.72,230.39,0.126,True,0.3106,,,,,,,,,,,,,,,,
2026-01-23,a3c772d3fde52dbae832bi,2026-01-23 13:40:00,130,True,31,61,75,2294,7.57,229.4,0.061,True,0.3119,,,,,,,,,,,,,,,,
2026-01-23,a3c772d3fde52dbae832bi,2026-01-23 13:50:00,131,True,31,61,75,2294,7.57,229.4,0.061,True,0.3131,,,,,,,,,,,,,,,,
2026-01-23,a3c772d3fde52dbae832bi,2026-01-23 14:00:00,132,True,31,82,102,2297,10.26,229.75,0.083,True,0.3149,,,,,,,,,,,,,,,,
2026-01-23,a3c772d3fde52dbae832bi,2026-01-23 14:10:00,133,True,31,82,102,2290,10.21,229.04,0.082,True,0.3166,,,,,,,,,,,,,,,,
2026-01-23,a3c772d3fde52dbae832bi,2026-01-23 14:20:00,134,True,31,60,75,2292,7.55,229.2,0.061,True,0.3178,,,,,,,,,,,,,,,,
2026-01-23,a3c772d3fde52dbae832bi,2026-01-23 14:30:00,135,True,31,60,75,2292,7.55,229.2,0.061,True,0.3191,,,,,,,,,,,,,,,,
2026-01-23,a3c772d3fde52dbae832bi,2026-01-23 14:40:00,136,True,32,82,102,2291,10.22,229.17,0.082,True,0.3208,,,,,,,,,,,,,,,,
2026-01-23,a3c772d3fde52dbae832bi,2026-01-23 14:50:00,137,True,32,82,102,2291,10.22,229.17,0.082,True,0.3225,,,,,,,,,,,,,,,,
2026-01-23,a3c772d3fde52dbae832bi,2026-01-23 15:00:00,138,True,32,60,75,2296,7.53,229.67,0.061,True,0.3237,,,,,,,,,,,,,,,,
2026-01-23,a3c772d3fde52dbae832bi,2026-01-23 15:10:00,139,True,32,60,75,2296,7.53,229.67,0.061,True,0.325,,,,,,,,,,,,,,,,
2026-01-23,a3c772d3fde52dbae832bi,2026-01-23 15:20:00,140,True,32,60,75,2298,7.55,229.8,0.061,True,0.3263,,,,,,,,,,,,,,,,
2026-01-23,a3c772d3fde52dbae832bi,2026-01-23 15:30:00,141,True,32,60,75,2302,7.55,230.22,0.061,True,0.3275,,,,,,,,,,,,,,,,
2026-01-23,a3c772d3fde52dbae832bi,2026-01-23 15:40:00,142,True,32,60,74,2287,7.48,228.78,0.06,True,0.3288,,,,,,,,,,,,,,,,
2026-01-23,a3c772d3fde52dbae832bi,2026-01-23 15:50:00,143,True,33,60,74,2287,7.48,228.78,0.06,True,0.33,,,,,,,,,,,,,,,,
2026-01-24,a3c772d3fde52dbae832bi,2026-01-23 16:00:00,0,True,0,122,163,2290,16.3,229.09,0.122,True,0.0027,,,,,,,,,,,,,,,,
2026-01-24,a3c772d3fde52dbae832bi,2026-01-23 16:10:00,1,True,0,142,189,2287,19.0,228.74,0.143,True,0.0059,,,,,,,,,,,,,,,,
2026-01-24,a3c772d3fde52dbae832bi,2026-01-23 16:20:00,2,True,0,142,190,2295,19.04,229.51,0.143,True,0.0091,,,,,,,,,,,,,,,,
2026-01-24,a3c772d3fde52dbae832bi,2026-01-23 16:30:00,3,True,1,65,87,2295,8.78,229.51,0.066,True,0.0105,,,,,,,,,,,,,,,,
2026-01-24,a3c772d3fde52dbae832bi,2026-01-23 16:40:00,4,True,1,67,90,2310,9.03,231.03,0.067,True,0.012,,,,,,,,,,,,,,,,
2026-01-24,a3c772d3fde52dbae832bi,2026-01-23 16:50:00,5,True,1,41,56,2308,5.61,230.84,0.042,True,0.013,,,,,,,,,,,,,,,,
2026-01-24,a3c772d3fde52dbae832bi,2026-01-23 17:00:00,6,True,1,41,56,2308,5.61,230.82,0.042,True,0.0139,,,,,,,,,,,,,,,,
2026-01-24,a3c772d3fde52dbae832bi,2026-01-23 17:10:00,7,True,1,41,56,2300,5.61,230.06,0.042,True,0.0148,,,,,,,,,,,,,,,,
2026-01-24,a3c772d3fde52dbae832bi,2026-01-23 17:20:00,8,True,1,41,56,2301,5.61,230.17,0.042,True,0.0158,,,,,,,,,,,,,,,,
2026-01-24,a3c772d3fde52dbae832bi,2026-01-23 17:30:00,9,True,1,41,56,2302,5.61,230.28,0.042,True,0.0167,,,,,,,,,,,,,,,,
2026-01-24,a3c772d3fde52dbae832bi,2026-01-23 17:40:00,10,True,1,41,56,2301,5.61,230.19,0.042,True,0.0176,,,,,,,,,,,,,,,,
2026-01-24,a3c772d3fde52dbae832bi,2026-01-23 17:50:00,11,True,1,41,55,2300,5.53,230.02,0.041,True,0.0186,,,,,,,,,,,,,,,,
2026-01-24,a3c772d3fde52dbae832bi,2026-01-23 18:00:00,12,True,1,41,55,2296,5.53,229.62,0.041,True,0.0195,,,,,,,,,,,,,,,,
2026-01-24,a3c772d3fde52dbae832bi,2026-01-23 18:10:00,13,True,2,41,55,2295,5.53,229.57,0.041,True,0.0204,,,,,,,,,,,,,,,,
2026-01-24,a3c772d3fde52dbae832bi,2026-01-23 18:20:00,14,True,2,41,55,2303,5.53,230.37,0.041,True,0.0213,,,,,,,,,,,,,,,,
2026-01-24,a3c772d3fde52dbae832bi,2026-01-23 18:30:00,15,True,2,40,54,2299,5.41,229.93,0.04,True,0.0222,,,,,,,,,,,,,,,,
2026-01-24,a3c772d3fde52dbae832bi,2026-01-23 18:40:00,16,True,2,40,54,2303,5.41,230.39,0.04,True,0.0231,,,,,,,,,,,,,,,,
2026-01-24,a3c772d3fde52dbae832bi,2026-01-23 18:50:00,17,True,2,40,54,2303,5.41,230.3,0.04,True,0.024,,,,,,,,,,,,,,,,
2026-01-24,a3c772d3fde52dbae832bi,2026-01-23 19:00:00,18,True,2,40,54,2301,5.41,230.17,0.04,True,0.0249,,,,,,,,,,,,,,,,
2026-01-24,a3c772d3fde52dbae832bi,2026-01-23 19:10:00,19,True,2,40,54,2301,5.41,230.17,0.04,True,0.0258,,,,,,,,,,,,,,,,
2026-01-24,a3c772d3fde52dbae832bi,2026-01-23 19:20:00,20,True,2,40,54,2303,5.41,230.35,0.04,True,0.0267,,,,,,,,,,,,,,,,
2026-01-24,a3c772d3fde52dbae832bi,2026-01-23 19:30:00,21,True,2,40,54,2302,5.41,230.27,0.04,True,0.0276,,,,,,,,,,,,,,,,
2026-01-24,a3c772d3fde52dbae832bi,2026-01-23 19:40:00,22,True,2,40,54,2309,5.44,230.96,0.041,True,0.0285,,,,,,,,,,,,,,,,
2026-01-24,a3c772d3fde52dbae832bi,2026-01-23 19:50:00,23,True,2,40,54,2302,5.48,230.25,0.041,True,0.0295,,,,,,,,,,,,,,,,
2026-01-24,a3c772d3fde52dbae832bi,2026-01-23 20:00:00,24,True,3,40,54,2301,5.48,230.12,0.041,True,0.0304,,,,,,,,,,,,,,,,
2026-01-24,a3c772d3fde52dbae832bi,2026-01-23 20:10:00,25,True,3,40,54,2305,5.48,230.57,0.041,True,0.0313,,,,,,,,,,,,,,,,
2026-01-24,a3c772d3fde52dbae832bi,2026-01-23 20:20:00,26,True,3,40,54,2300,5.48,230.06,0.041,True,0.0322,,,,,,,,,,,,,,,,
2026-01-24,a3c772d3fde52dbae832bi,2026-01-23 20:30:00,27,True,3,40,54,2304,5.48,230.4,0.041,True,0.0331,,,,,,,,,,,,,,,,
2026-01-24,a3c772d3fde52dbae832bi,2026-01-23 20:40:00,28,True,3,41,55,2316,5.56,231.62,0.041,True,0.034,,,,,,,,,,,,,,,,
2026-01-24,a3c772d3fde52dbae832bi,2026-01-23 20:50:00,29,True,3,0,203,2319,20.37,231.99,0.0,True,0.0374,,,,,,,,,,,,,,,,
2026-01-24,a3c772d3fde52dbae832bi,2026-01-23 21:00:00,30,True,4,0,203,2311,20.37,231.14,0.0,True,0.0408,,,,,,,,,,,,,,,,
2026-01-24,a3c772d3fde52dbae832bi,2026-01-23 21:10:00,31,True,4,0,203,2318,20.37,231.83,0.0,True,0.0442,,,,,,,,,,,,,,,,
2026-01-24,a3c772d3fde52dbae832bi,2026-01-23 21:20:00,32,True,4,0,203,2314,20.37,231.41,0.0,True,0.0476,,,,,,,,,,,,,,,,
2026-01-24,a3c772d3fde52dbae832bi,2026-01-23 21:30:00,33,True,5,0,203,2308,20.37,230.84,0.0,True,0.051,,,,,,,,,,,,,,,,
2026-01-24,a3c772d3fde52dbae832bi,2026-01-23 21:40:00,34,True,5,0,203,2314,20.37,231.42,0.0,True,0.0544,,,,,,,,,,,,,,,,
2026-01-24,a3c772d3fde52dbae832bi,2026-01-23 21:50:00,35,True,5,0,203,2315,20.37,231.52,0.0,True,0.0578,,,,,,,,,,,,,,,,
2026-01-24,a3c772d3fde52dbae832bi,2026-01-23 22:00:00,36,True,6,0,203,2309,20.37,230.92,0.0,True,0.0612,,,,,,,,,,,,,,,,
2026-01-24,a3c772d3fde52dbae832bi,2026-01-23 22:10:00,37,True,6,0,203,2309,20.37,230.95,0.0,True,0.0646,,,,,,,,,,,,,,,,
2026-01-24,a3c772d3fde52dbae832bi,2026-01-23 22:20:00,38,True,6,0,203,2312,20.37,231.26,0.0,True,0.068,,,,,,,,,,,,,,,,
2026-01-24,a3c772d3fde52dbae832bi,2026-01-23 22:30:00,39,True,7,0,203,2312,20.37,231.26,0.0,True,0.0714,,,,,,,,,,,,,,,,
2026-01-24,a3c772d3fde52dbae832bi,2026-01-23 22:40:00,40,True,7,0,203,2315,20.37,231.56,0.0,True,0.0748,,,,,,,,,,,,,,,,
2026-01-24,a3c772d3fde52dbae832bi,2026-01-23 22:50:00,41,True,7,0,203,2309,20.37,230.91,0.0,True,0.0782,,,,,,,,,,,,,,,,
2026-01-24,a3c772d3fde52dbae832bi,2026-01-23 23:00:00,42,True,8,0,203,2313,20.37,231.38,0.0,True,0.0816,,,,,,,,,,,,,,,,
2026-01-24,a3c772d3fde52dbae832bi,2026-01-23 23:10:00,43,True,8,0,203,2310,20.37,231.0,0.0,True,0.085,,,,,,,,,,,,,,,,
2026-01-24,a3c772d3fde52dbae832bi,2026-01-23 23:20:00,44,True,8,0,203,2315,20.37,231.54,0.0,True,0.0884,,,,,,,,,,,,,,,,
2026-01-24,a3c772d3fde52dbae832bi,2026-01-23 23:30:00,45,True,9,0,203,2305,20.37,230.53,0.0,True,0.0918,,,,,,,,,,,,,,,,
2026-01-24,a3c772d3fde52dbae832bi,2026-01-23 23:40:00,46,True,9,0,203,2309,20.37,230.98,0.0,True,0.0952,,,,,,,,,,,,,,,,
2026-01-24,a3c772d3fde52dbae832bi,2026-01-23 23:50:00,47,True,9,0,203,2306,20.37,230.69,0.0,True,0.0986,,,,,,,,,,,,,,,,
2026-01-24,a3c772d3fde52dbae832bi,2026-01-24 00:00:00,48,True,10,0,203,2301,20.37,230.17,0.0,True,0.1019,,,,,,,,,,,,,,,,
2026-01-24,a3c772d3fde52dbae832bi,2026-01-24 00:10:00,49,True,10,0,203,2323,20.37,232.31,0.0,True,0.1053,,,,,,,,,,,,,,,,
2026-01-24,a3c772d3fde52dbae832bi,2026-01-24 00:20:00,50,True,10,0,203,2317,20.37,231.75,0.0,True,0.1087,,,,,,,,,,,,,,,,
2026-01-24,a3c772d3fde52dbae832bi,2026-01-24 00:30:00,51,True,11,0,203,2321,20.37,232.13,0.0,True,0.1121,,,,,,,,,,,,,,,,
2026-01-24,a3c772d3fde52dbae832bi,2026-01-24 00:40:00,52,True,11,0,203,2328,20.37,232.87,0.0,True,0.1155,,,,,,,,,,,,,,,,
2026-01-24,a3c772d3fde52dbae832bi,2026-01-24 00:50:00,53,False,11,0,0,2317,0.0,231.72,0.0,False,0.1155,,,,,,,,,,,,,,,,
2026-01-24,a3c772d3fde52dbae832bi,2026-01-24 01:00:00,54,True,11,0,203,2321,20.37,232.18,0.0,True,0.1189,,,,,,,,,,,,,,,,
2026-01-24,a3c772d3fde52dbae832bi,2026-01-24 01:10:00,55,True,12,0,203,2310,20.37,231.09,0.0,True,0.1223,,,,,,,,,,,,,,,,
2026-01-24,a3c772d3fde52dbae832bi,2026-01-24 01:20:00,56,True,12,0,203,2334,20.37,233.4,0.0,True,0.1257,,,,,,,,,,,,,,,,
2026-01-24,a3c772d3fde52dbae832bi,2026-01-24 01:30:00,57,True,12,0,203,2334,20.37,233.4,0.0,True,0.1291,,,,,,,,,,,,,,,,
2026-01-24,a3c772d3fde52dbae832bi,2026-01-24 01:40:00,58,True,13,0,203,2328,20.37,232.81,0.0,True,0.1325,,,,,,,,,,,,,,,,
2026-01-24,a3c772d3fde52dbae832bi,2026-01-24 01:50:00,59,True,13,0,203,2313,20.37,231.31,0.0,True,0.1359,,,,,,,,,,,,,,,,
2026-01-24,a3c772d3fde52dbae832bi,2026-01-24 02:00:00,60,True,13,0,203,2303,20.37,230.3,0.0,True,0.1393,,,,,,,,,,,,,,,,
2026-01-24,a3c772d3fde52dbae832bi,2026-01-24 02:10:00,61,True,14,0,203,2297,20.37,229.76,0.0,True,0.1427,,,,,,,,,,,,,,,,
2026-01-24,a3c772d3fde52dbae832bi,2026-01-24 02:20:00,62,True,14,0,203,2299,20.37,229.97,0.0,True,0.1461,,,,,,,,,,,,,,,,
2026-01-24,a3c772d3fde52dbae832bi,2026-01-24 02:30:00,63,True,14,0,203,2300,20.37,230.07,0.0,True,0.1495,,,,,,,,,,,,,,,,
2026-01-24,a3c772d3fde52dbae832bi,2026-01-24 02:40:00,64,True,15,0,203,2300,20.37,230.01,0.0,True,0.1529,,,,,,,,,,,,,,,,
2026-01-24,a3c772d3fde52dbae832bi,2026-01-24 02:50:00,65,True,15,0,203,2298,20.37,229.81,0.0,True,0.1563,,,,,,,,,,,,,,,,
2026-01-24,a3c772d3fde52dbae832bi,2026-01-24 03:00:00,66,True,15,0,203,2302,20.37,230.23,0.0,True,0.1597,,,,,,,,,,,,,,,,
2026-01-24,a3c772d3fde52dbae832bi,2026-01-24 03:10:00,67,True,16,0,203,2298,20.37,229.81,0.0,True,0.1631,,,,,,,,,,,,,,,,
2026-01-24,a3c772d3fde52dbae832bi,2026-01-24 03:20:00,68,True,16,0,203,2301,20.37,230.12,0.0,True,0.1665,,,,,,,,,,,,,,,,
2026-01-24,a3c772d3fde52dbae832bi,2026-01-24 03:30:00,69,True,16,0,203,2310,20.37,231.09,0.0,True,0.1699,,,,,,,,,,,,,,,,
2026-01-24,a3c772d3fde52dbae832bi,2026-01-24 03:40:00,70,True,17,0,203,2312,20.37,231.29,0.0,True,0.1733,,,,,,,,,,,,,,,,
2026-01-24,a3c772d3fde52dbae832bi,2026-01-24 03:50:00,71,True,17,0,203,2323,20.37,232.3,0.0,True,0.1766,,,,,,,,,,,,,,,,
2026-01-24,a3c772d3fde52dbae832bi,2026-01-24 04:00:00,72,True,18,0,203,2304,20.37,230.46,0.0,True,0.18,,,,,,,,,,,,,,,,
2026-01-24,a3c772d3fde52dbae832bi,2026-01-24 04:10:00,73,True,18,0,203,2305,20.37,230.57,0.0,True,0.1834,,,,,,,,,,,,,,,,
2026-01-24,a3c772d3fde52dbae832bi,2026-01-24 04:20:00,74,True,18,0,203,2322,20.37,232.22,0.0,True,0.1868,,,,,,,,,,,,,,,,
2026-01-24,a3c772d3fde52dbae832bi,2026-01-24 04:30:00,75,True,19,0,203,2297,20.37,229.72,0.0,True,0.1902,,,,,,,,,,,,,,,,
2026-01-24,a3c772d3fde52dbae832bi,2026-01-24 04:40:00,76,True,19,0,203,2305,20.37,230.56,0.0,True,0.1936,,,,,,,,,,,,,,,,
2026-01-24,a3c772d3fde52dbae832bi,2026-01-24 04:50:00,77,True,19,0,203,2305,20.37,230.52,0.0,True,0.197,,,,,,,,,,,,,,,,
2026-01-24,a3c772d3fde52dbae832bi,2026-01-24 05:00:00,78,True,19,53,71,2309,7.16,230.9,0.053,True,0.1982,,,,,,,,,,,,,,,,
2026-01-24,a3c772d3fde52dbae832bi,2026-01-24 05:10:00,79,False,19,0,0,2321,0.0,232.15,0.0,False,0.1982,,,,,,,,,,,,,,,,
2026-01-24,a3c772d3fde52dbae832bi,2026-01-24 05:20:00,80,True,19,26,35,2317,3.58,231.78,0.027,True,0.1988,,,,,,,,,,,,,,,,
2026-01-24,a3c772d3fde52dbae832bi,2026-01-24 05:30:00,81,False,19,0,0,2330,0.0,233.07,0.0,False,0.1988,,,,,,,,,,,,,,,,
2026-01-24,a3c772d3fde52dbae832bi,2026-01-24 05:40:00,82,True,19,26,35,2309,3.58,230.9,0.027,True,0.1994,,,,,,,,,,,,,,,,
2026-01-24,a3c772d3fde52dbae832bi,2026-01-24 05:50:00,83,True,20,26,35,2309,3.58,230.9,0.027,True,0.2,,,,,,,,,,,,,,,,
2026-01-24,a3c772d3fde52dbae832bi,2026-01-24 06:00:00,84,True,20,77,104,2317,10.45,231.75,0.077,True,0.2017,,,,,,,,,,,,,,,,
2026-01-24,a3c772d3fde52dbae832bi,2026-01-24 06:10:00,85,True,20,51,69,2324,6.99,232.48,0.052,True,0.2029,,,,,,,,,,,,,,,,
2026-01-24,a3c772d3fde52dbae832bi,2026-01-24 06:20:00,86,True,20,104,141,2317,14.15,231.76,0.105,True,0.2053,,,,,,,,,,,,,,,,
2026-01-24,a3c772d3fde52dbae832bi,2026-01-24 06:30:00,87,True,20,107,145,2311,14.52,231.17,0.108,True,0.2077,,,,,,,,,,,,,,,,
2026-01-24,a3c772d3fde52dbae832bi,2026-01-24 06:40:00,88,True,21,126,170,2314,17.1,231.41,0.127,True,0.2105,,,,,,,,,,,,,,,,
2026-01-24,a3c772d3fde52dbae832bi,2026-01-24 06:50:00,89,True,21,156,210,2311,21.05,231.16,0.156,True,0.214,,,,,,,,,,,,,,,,
2026-01-24,a3c772d3fde52dbae832bi,2026-01-24 07:00:00,90,True,21,104,139,2304,13.95,230.43,0.104,True,0.2164,,,,,,,,,,,,,,,,
2026-01-24,a3c772d3fde52dbae832bi,2026-01-24 07:10:00,91,True,22,182,246,2311,24.62,231.16,0.183,True,0.2205,,,,,,,,,,,,,,,,
2026-01-24,a3c772d3fde52dbae832bi,2026-01-24 07:20:00,92,True,22,155,209,2304,20.92,230.42,0.156,True,0.224,,,,,,,,,,,,,,,,
2026-01-24,a3c772d3fde52dbae832bi,2026-01-24 07:30:00,93,True,22,176,203,1980,20.38,198.06,0.177,True,0.2274,,,,,,,,,,,,,,,,
2026-01-24,a3c772d3fde52dbae832bi,2026-01-24 07:40:00,94,True,23,176,237,2310,23.78,231.09,0.177,True,0.2313,,,,,,,,,,,,,,,,
2026-01-24,a3c772d3fde52dbae832bi,2026-01-24 07:50:00,95,True,23,176,237,2312,23.74,231.27,0.176,True,0.2353,,,,,,,,,,,,,,,,
2026-01-24,a3c772d3fde52dbae832bi,2026-01-24 08:00:00,96,True,23,176,237,2312,23.74,231.27,0.176,True,0.2392,,,,,,,,,,,,,,,,
2026-01-24,a3c772d3fde52dbae832bi,2026-01-24 08:10:00,97,True,24,202,272,2314,27.28,231.47,0.202,True,0.2438,,,,,,,,,,,,,,,,
2026-01-24,a3c772d3fde52dbae832bi,2026-01-24 08:20:00,98,True,24,202,272,2316,27.24,231.64,0.202,True,0.2483,,,,,,,,,,,,,,,,
2026-01-24,a3c772d3fde52dbae832bi,2026-01-24 08:30:00,99,True,25,202,272,2316,27.24,231.64,0.202,True,0.2529,,,,,,,,,,,,,,,,
2026-01-24,a3c772d3fde52dbae832bi,2026-01-24 08:40:00,100,True,25,227,306,2320,30.7,232.02,0.227,True,0.258,,,,,,,,,,,,,,,,
2026-01-24,a3c772d3fde52dbae832bi,2026-01-24 08:50:00,101,True,26,201,272,2319,27.24,231.96,0.202,True,0.2625,,,,,,,,,,,,,,,,
2026-01-24,a3c772d3fde52dbae832bi,2026-01-24 09:00:00,102,True,26,201,272,2319,27.22,231.96,0.202,True,0.2671,,,,,,,,,,,,,,,,
2026-01-24,a3c772d3fde52dbae832bi,2026-01-24 09:10:00,103,True,27,175,237,2317,23.7,231.76,0.176,True,0.271,,,,,,,,,,,,,,,,
2026-01-24,a3c772d3fde52dbae832bi,2026-01-24 09:20:00,104,True,27,201,272,2319,27.22,231.9,0.202,True,0.2755,,,,,,,,,,,,,,,,
2026-01-24,a3c772d3fde52dbae832bi,2026-01-24 09:30:00,105,True,28,201,272,2319,27.21,231.96,0.202,True,0.2801,,,,,,,,,,,,,,,,
2026-01-24,a3c772d3fde52dbae832bi,2026-01-24 09:40:00,106,True,28,149,201,2315,20.18,231.5,0.15,True,0.2834,,,,,,,,,,,,,,,,
2026-01-24,a3c772d3fde52dbae832bi,2026-01-24 09:50:00,107,True,28,201,271,2315,27.16,231.53,0.202,True,0.288,,,,,,,,,,,,,,,,
2026-01-24,a3c772d3fde52dbae832bi,2026-01-24 10:00:00,108,True,29,175,237,2314,23.71,231.46,0.176,True,0.2919,,,,,,,,,,,,,,,,
2026-01-24,a3c772d3fde52dbae832bi,2026-01-24 10:10:00,109,True,29,149,201,2315,20.18,231.52,0.15,True,0.2953,,,,,,,,,,,,,,,,
2026-01-24,a3c772d3fde52dbae832bi,2026-01-24 10:20:00,110,True,29,149,200,2308,20.06,230.8,0.149,True,0.2986,,,,,,,,,,,,,,,,
2026-01-24,a3c772d3fde52dbae832bi,2026-01-24 10:30:00,111,True,30,148,200,2308,20.01,230.8,0.149,True,0.302,,,,,,,,,,,,,,,,
2026-01-24,a3c772d3fde52dbae832bi,2026-01-24 10:40:00,112,True,30,123,165,2313,16.59,231.36,0.123,True,0.3047,,,,,,,,,,,,,,,,
2026-01-24,a3c772d3fde52dbae832bi,2026-01-24 10:50:00,113,True,30,174,235,2313,23.5,231.3,0.175,True,0.3086,,,,,,,,,,,,,,,,
2026-01-24,a3c772d3fde52dbae832bi,2026-01-24 11:00:00,114,True,31,148,200,2317,20.09,231.77,0.149,True,0.312,,,,,,,,,,,,,,,,
2026-01-24,a3c772d3fde52dbae832bi,2026-01-24 11:10:00,115,True,31,123,167,2327,16.78,232.74,0.124,True,0.3148,,,,,,,,,,,,,,,,
2026-01-24,a3c772d3fde52dbae832bi,2026-01-24 11:20:00,116,True,31,123,167,2322,16.73,232.24,0.124,True,0.3176,,,,,,,,,,,,,,,,
2026-01-24,a3c772d3fde52dbae832bi,2026-01-24 11:30:00,117,True,32,149,202,2325,20.28,232.57,0.15,True,0.321,,,,,,,,,,,,,,,,
2026-01-24,a3c772d3fde52dbae832bi,2026-01-24 11:40:00,118,True,32,123,167,2320,16.72,232.04,0.124,True,0.3237,,,,,,,,,,,,,,,,
2026-01-24,a3c772d3fde52dbae832bi,2026-01-24 11:50:00,119,True,32,201,272,2323,27.29,232.36,0.202,True,0.3283,,,,,,,,,,,,,,,,
2026-01-24,a3c772d3fde52dbae832bi,2026-01-24 12:00:00,120,True,33,201,272,2323,27.27,232.36,0.202,True,0.3328,,,,,,,,,,,,,,,,
2026-01-24,a3c772d3fde52dbae832bi,2026-01-24 12:10:00,121,True,33,149,202,2326,20.24,232.6,0.149,True,0.3362,,,,,,,,,,,,,,,,
2026-01-24,a3c772d3fde52dbae832bi,2026-01-24 12:20:00,122,True,34,175,237,2322,23.73,232.27,0.175,True,0.3402,,,,,,,,,,,,,,,,
2026-01-24,a3c772d3fde52dbae832bi,2026-01-24 12:30:00,123,True,34,175,237,2322,23.73,232.27,0.175,True,0.3441,,,,,,,,,,,,,,,,
2026-01-24,a3c772d3fde52dbae832bi,2026-01-24 12:40:00,124,True,34,175,237,2321,23.72,232.14,0.176,True,0.3481,,,,,,,,,,,,,,,,
2026-01-24,a3c772d3fde52dbae832bi,2026-01-24 12:50:00,125,True,35,149,202,2320,20.22,232.08,0.15,True,0.3514,,,,,,,,,,,,,,,,
2026-01-24,a3c772d3fde52dbae832bi,2026-01-24 13:00:00,126,True,35,175,235,2308,23.54,230.89,0.175,True,0.3554,,,,,,,,,,,,,,,,
2026-01-24,a3c772d3fde52dbae832bi,2026-01-24 13:10:00,127,True,35,148,199,2305,19.97,230.51,0.149,True,0.3587,,,,,,,,,,,,,,,,
2026-01-24,a3c772d3fde52dbae832bi,2026-01-24 13:20:00,128,True,36,149,199,2303,19.99,230.39,0.149,True,0.362,,,,,,,,,,,,,,,,
2026-01-24,a3c772d3fde52dbae832bi,2026-01-24 13:30:00,129,True,36,149,199,2303,19.99,230.39,0.149,True,0.3654,,,,,,,,,,,,,,,,
2026-01-24,a3c772d3fde52dbae832bi,2026-01-24 13:40:00,130,True,36,72,96,2294,9.63,229.4,0.072,True,0.367,,,,,,,,,,,,,,,,
2026-01-24,a3c772d3fde52dbae832bi,2026-01-24 13:50:00,131,True,36,72,96,2294,9.63,229.4,0.072,True,0.3686,,,,,,,,,,,,,,,,
2026-01-24,a3c772d3fde52dbae832bi,2026-01-24 14:00:00,132,True,37,97,130,2297,13.04,229.75,0.098,True,0.3707,,,,,,,,,,,,,,,,
2026-01-24,a3c772d3fde52dbae832bi,2026-01-24 14:10:00,133,True,37,97,129,2290,12.99,229.04,0.097,True,0.3729,,,,,,,,,,,,,,,,
2026-01-24,a3c772d3fde52dbae832bi,2026-01-24 14:20:00,134,True,37,71,96,2292,9.6,229.2,0.072,True,0.3745,,,,,,,,,,,,,,,,
2026-01-24,a3c772d3fde52dbae832bi,2026-01-24 14:30:00,135,True,37,71,96,2292,9.6,229.2,0.072,True,0.3761,,,,,,,,,,,,,,,,
2026-01-24,a3c772d3fde52dbae832bi,2026-01-24 14:40:00,136,True,37,97,129,2291,12.99,229.17,0.097,True,0.3783,,,,,,,,,,,,,,,,
2026-01-24,a3c772d3fde52dbae832bi,2026-01-24 14:50:00,137,True,38,97,129,2291,12.99,229.17,0.097,True,0.3804,,,,,,,,,,,,,,,,
2026-01-24,a3c772d3fde52dbae832bi,2026-01-24 15:00:00,138,True,38,71,95,2296,9.58,229.67,0.072,True,0.382,,,,,,,,,,,,,,,,
2026-01-24,a3c772d3fde52dbae832bi,2026-01-24 15:10:00,139,True,38,71,95,2296,9.58,229.67,0.072,True,0.3836,,,,,,,,,,,,,,,,
2026-01-24,a3c772d3fde52dbae832bi,2026-01-24 15:20:00,140,True,38,71,95,2298,9.59,229.8,0.072,True,0.3852,,,,,,,,,,,,,,,,
2026-01-24,a3c772d3fde52dbae832bi,2026-01-24 15:30:00,141,True,38,71,95,2302,9.59,230.22,0.072,True,0.3868,,,,,,,,,,,,,,,,
2026-01-24,a3c772d3fde52dbae832bi,2026-01-24 15:40:00,142,True,38,71,95,2287,9.51,228.78,0.071,True,0.3884,,,,,,,,,,,,,,,,
2026-01-24,a3c772d3fde52dbae832bi,2026-01-24 15:50:00,143,True,39,71,95,2287,9.51,228.78,0.071,True,0.39,,,,,,,,,,,,,,,,
2026-01-25,a3c772d3fde52dbae832bi,2026-01-24 16:00:00,0,True,0,150,217,2290,21.77,229.09,0.15,True,0.0036,,,,,,,,,,,,,,,,
2026-01-25,a3c772d3fde52dbae832bi,2026-01-24 16:10:00,1,True,0,175,253,2287,25.37,228.74,0.176,True,0.0079,,,,,,,,,,,,,,,,
2026-01-25,a3c772d3fde52dbae832bi,2026-01-24 16:20:00,2,True,1,175,254,2295,25.43,229.51,0.175,True,0.0121,,,,,,,,,,,,,,,,
2026-01-25,a3c772d3fde52dbae832bi,2026-01-24 16:30:00,3,True,1,80,117,2295,11.72,229.51,0.081,True,0.014,,,,,,,,,,,,,,,,
2026-01-25,a3c772d3fde52dbae832bi,2026-01-24 16:40:00,4,True,1,82,120,2310,12.06,231.03,0.083,True,0.0161,,,,,,,,,,,,,,,,
2026-01-25,a3c772d3fde52dbae832bi,2026-01-24 16:50:00,5,True,1,51,74,2308,7.49,230.84,0.051,True,0.0173,,,,,,,,,,,,,,,,
2026-01-25,a3c772d3fde52dbae832bi,2026-01-24 17:00:00,6,True,1,51,74,2308,7.49,230.82,0.051,True,0.0186,,,,,,,,,,,,,,,,
2026-01-25,a3c772d3fde52dbae832bi,2026-01-24 17:10:00,7,True,1,51,74,2300,7.49,230.06,0.052,True,0.0198,,,,,,,,,,,,,,,,
2026-01-25,a3c772d3fde52dbae832bi,2026-01-24 17:20:00,8,True,2,51,74,2301,7.49,230.17,0.052,True,0.0211,,,,,,,,,,,,,,,,
2026-01-25,a3c772d3fde52dbae832bi,2026-01-24 17:30:00,9,True,2,51,74,2302,7.49,230.28,0.052,True,0.0223,,,,,,,,,,,,,,,,
2026-01-25,a3c772d3fde52dbae832bi,2026-01-24 17:40:00,10,True,2,51,74,2301,7.49,230.19,0.052,True,0.0235,,,,,,,,,,,,,,,,
2026-01-25,a3c772d3fde52dbae832bi,2026-01-24 17:50:00,11,True,2,50,73,2300,7.38,230.02,0.051,True,0.0248,,,,,,,,,,,,,,,,
2026-01-25,a3c772d3fde52dbae832bi,2026-01-24 18:00:00,12,True,2,50,73,2296,7.38,229.62,0.051,True,0.026,,,,,,,,,,,,,,,,
2026-01-25,a3c772d3fde52dbae832bi,2026-01-24 18:10:00,13,True,2,50,73,2295,7.38,229.57,0.051,True,0.0272,,,,,,,,,,,,,,,,
2026-01-25,a3c772d3fde52dbae832bi,2026-01-24 18:20:00,14,True,2,50,73,2303,7.38,230.37,0.051,True,0.0285,,,,,,,,,,,,,,,,
2026-01-25,a3c772d3fde52dbae832bi,2026-01-24 18:30:00,15,True,2,49,72,2299,7.23,229.93,0.05,True,0.0297,,,,,,,,,,,,,,,,
2026-01-25,a3c772d3fde52dbae832bi,2026-01-24 18:40:00,16,True,3,49,72,2303,7.23,230.39,0.05,True,0.0309,,,,,,,,,,,,,,,,
2026-01-25,a3c772d3fde52dbae832bi,2026-01-24 18:50:00,17,True,3,49,72,2303,7.23,230.3,0.05,True,0.0321,,,,,,,,,,,,,,,,
2026-01-25,a3c772d3fde52dbae832bi,2026-01-24 19:00:00,18,True,3,49,72,2301,7.23,230.17,0.05,True,0.0333,,,,,,,,,,,,,,,,
2026-01-25,a3c772d3fde52dbae832bi,2026-01-24 19:10:00,19,True,3,49,72,2301,7.23,230.17,0.05,True,0.0345,,,,,,,,,,,,,,,,
2026-01-25,a3c772d3fde52dbae832bi,2026-01-24 19:20:00,20,True,3,49,72,2303,7.23,230.35,0.05,True,0.0357,,,,,,,,,,,,,,,,
2026-01-25,a3c772d3fde52dbae832bi,2026-01-24 19:30:00,21,True,3,49,72,2302,7.23,230.27,0.05,True,0.0369,,,,,,,,,,,,,,,,
2026-01-25,a3c772d3fde52dbae832bi,2026-01-24 19:40:00,22,True,3,49,72,2309,7.27,230.96,0.05,True,0.0381,,,,,,,,,,,,,,,,
2026-01-25,a3c772d3fde52dbae832bi,2026-01-24 19:50:00,23,True,3,50,73,2302,7.31,230.25,0.05,True,0.0393,,,,,,,,,,,,,,,,
2026-01-25,a3c772d3fde52dbae832bi,2026-01-24 20:00:00,24,True,4,50,73,2301,7.31,230.12,0.05,True,0.0406,,,,,,,,,,,,,,,,
2026-01-25,a3c772d3fde52dbae832bi,2026-01-24 20:10:00,25,True,4,50,73,2305,7.31,230.57,0.05,True,0.0418,,,,,,,,,,,,,,,,
2026-01-25,a3c772d3fde52dbae832bi,2026-01-24 20:20:00,26,True,4,50,73,2300,7.31,230.06,0.05,True,0.043,,,,,,,,,,,,,,,,
2026-01-25,a3c772d3fde52dbae832bi,2026-01-24 20:30:00,27,True,4,50,73,2304,7.31,230.4,0.05,True,0.0442,,,,,,,,,,,,,,,,
2026-01-25,a3c772d3fde52dbae832bi,2026-01-24 20:40:00,28,True,4,50,74,2316,7.43,231.62,0.051,True,0.0454,,,,,,,,,,,,,,,,
2026-01-25,a3c772d3fde52dbae832bi,2026-01-24 20:50:00,29,True,4,0,221,2319,22.11,231.99,0.0,True,0.0491,,,,,,,,,,,,,,,,
2026-01-25,a3c772d3fde52dbae832bi,2026-01-24 21:00:00,30,True,5,0,221,2311,22.11,231.14,0.0,True,0.0528,,,,,,,,,,,,,,,,
2026-01-25,a3c772d3fde52dbae832bi,2026-01-24 21:10:00,31,True,5,0,221,2318,22.11,231.83,0.0,True,0.0565,,,,,,,,,,,,,,,,
2026-01-25,a3c772d3fde52dbae832bi,2026-01-24 21:20:00,32,True,6,0,221,2314,22.11,231.41,0.0,True,0.0602,,,,,,,,,,,,,,,,
2026-01-25,a3c772d3fde52dbae832bi,2026-01-24 21:30:00,33,True,6,0,221,2308,22.11,230.84,0.0,True,0.0639,,,,,,,,,,,,,,,,
2026-01-25,a3c772d3fde52dbae832bi,2026-01-24 21:40:00,34,True,6,0,221,2314,22.11,231.42,0.0,True,0.0676,,,,,,,,,,,,,,,,
2026-01-25,a3c772d3fde52dbae832bi,2026-01-24 21:50:00,35,True,7,0,221,2315,22.11,231.52,0.0,True,0.0712,,,,,,,,,,,,,,,,
2026-01-25,a3c772d3fde52dbae832bi,2026-01-24 22:00:00,36,True,7,0,221,2309,22.11,230.92,0.0,True,0.0749,,,,,,,,,,,,,,,,
2026-01-25,a3c772d3fde52dbae832bi,2026-01-24 22:10:00,37,True,7,0,221,2309,22.11,230.95,0.0,True,0.0786,,,,,,,,,,,,,,,,
2026-01-25,a3c772d3fde52dbae832bi,2026-01-24 22:20:00,38,True,8,0,221,2312,22.11,231.26,0.0,True,0.0823,,,,,,,,,,,,,,,,
2026-01-25,a3c772d3fde52dbae832bi,2026-01-24 22:30:00,39,True,8,0,221,2312,22.11,231.26,0.0,True,0.086,,,,,,,,,,,,,,,,
2026-01-25,a3c772d3fde52dbae832bi,2026-01-24 22:40:00,40,True,8,0,221,2315,22.11,231.56,0.0,True,0.0897,,,,,,,,,,,,,,,,
2026-01-25,a3c772d3fde52dbae832bi,2026-01-24 22:50:00,41,True,9,0,221,2309,22.11,230.91,0.0,True,0.0933,,,,,,,,,,,,,,,,
2026-01-25,a3c772d3fde52dbae832bi,2026-01-24 23:00:00,42,True,9,0,221,2313,22.11,231.38,0.0,True,0.097,,,,,,,,,,,,,,,,
2026-01-25,a3c772d3fde52dbae832bi,2026-01-24 23:10:00,43,True,10,0,221,2310,22.11,231.0,0.0,True,0.1007,,,,,,,,,,,,,,,,
2026-01-25,a3c772d3fde52dbae832bi,2026-01-24 23:20:00,44,True,10,0,221,2315,22.11,231.54,0.0,True,0.1044,,,,,,,,,,,,,,,,
2026-01-25,a3c772d3fde52dbae832bi,2026-01-24 23:30:00,45,True,10,0,221,2305,22.11,230.53,0.0,True,0.1081,,,,,,,,,,,,,,,,
2026-01-25,a3c772d3fde52dbae832bi,2026-01-24 23:40:00,46,True,11,0,221,2309,22.11,230.98,0.0,True,0.1118,,,,,,,,,,,,,,,,
2026-01-25,a3c772d3fde52dbae832bi,2026-01-24 23:50:00,47,True,11,0,221,2306,22.11,230.69,0.0,True,0.1154,,,,,,,,,,,,,,,,
2026-01-25,a3c772d3fde52dbae832bi,2026-01-25 00:00:00,48,True,11,0,221,2301,22.11,230.17,0.0,True,0.1191,,,,,,,,,,,,,,,,
2026-01-25,a3c772d3fde52dbae832bi,2026-01-25 00:10:00,49,True,12,0,221,2323,22.11,232.31,0.0,True,0.1228,,,,,,,,,,,,,,,,
2026-01-25,a3c772d3fde52dbae832bi,2026-01-25 00:20:00,50,True,12,0,221,2317,22.11,231.75,0.0,True,0.1265,,,,,,,,,,,,,,,,
2026-01-25,a3c772d3fde52dbae832bi,2026-01-25 00:30:00,51,True,13,0,221,2321,22.11,232.13,0.0,True,0.1302,,,,,,,,,,,,,,,,
2026-01-25,a3c772d3fde52dbae832bi,2026-01-25 00:40:00,52,True,13,0,221,2328,22.11,232.87,0.0,True,0.1339,,,,,,,,,,,,,,,,
2026-01-25,a3c772d3fde52dbae832bi,2026-01-25 00:50:00,53,False,13,0,0,2317,0.0,231.72,0.0,False,0.1339,,,,,,,,,,,,,,,,
2026-01-25,a3c772d3fde52dbae832bi,2026-01-25 01:00:00,54,True,13,0,221,2321,22.11,232.18,0.0,True,0.1376,,,,,,,,,,,,,,,,
2026-01-25,a3c772d3fde52dbae832bi,2026-01-25 01:10:00,55,True,14,0,221,2310,22.11,231.09,0.0,True,0.1412,,,,,,,,,,,,,,,,
2026-01-25,a3c772d3fde52dbae832bi,2026-01-25 01:20:00,56,True,14,0,221,2334,22.11,233.4,0.0,True,0.1449,,,,,,,,,,,,,,,,
2026-01-25,a3c772d3fde52dbae832bi,2026-01-25 01:30:00,57,True,14,0,221,2334,22.11,233.4,0.0,True,0.1486,,,,,,,,,,,,,,,,
2026-01-25,a3c772d3fde52dbae832bi,2026-01-25 01:40:00,58,True,15,0,221,2328,22.11,232.81,0.0,True,0.1523,,,,,,,,,,,,,,,,
2026-01-25,a3c772d3fde52dbae832bi,2026-01-25 01:50:00,59,True,15,0,221,2313,22.11,231.31,0.0,True,0.156,,,,,,,,,,,,,,,,
2026-01-25,a3c772d3fde52dbae832bi,2026-01-25 02:00:00,60,True,15,0,221,2303,22.11,230.3,0.0,True,0.1597,,,,,,,,,,,,,,,,
2026-01-25,a3c772d3fde52dbae832bi,2026-01-25 02:10:00,61,True,16,0,221,2297,22.11,229.76,0.0,True,0.1633,,,,,,,,,,,,,,,,
2026-01-25,a3c772d3fde52dbae832bi,2026-01-25 02:20:00,62,True,16,0,221,2299,22.11,229.97,0.0,True,0.167,,,,,,,,,,,,,,,,
2026-01-25,a3c772d3fde52dbae832bi,2026-01-25 02:30:00,63,True,17,0,221,2300,22.11,230.07,0.0,True,0.1707,,,,,,,,,,,,,,,,
2026-01-25,a3c772d3fde52dbae832bi,2026-01-25 02:40:00,64,True,17,0,221,2300,22.11,230.01,0.0,True,0.1744,,,,,,,,,,,,,,,,
2026-01-25,a3c772d3fde52dbae832bi,2026-01-25 02:50:00,65,True,17,0,221,2298,22.11,229.81,0.0,True,0.1781,,,,,,,,,,,,,,,,
2026-01-25,a3c772d3fde52dbae832bi,2026-01-25 03:00:00,66,True,18,0,221,2302,22.11,230.23,0.0,True,0.1818,,,,,,,,,,,,,,,,
2026-01-25,a3c772d3fde52dbae832bi,2026-01-25 03:10:00,67,True,18,0,221,2298,22.11,229.81,0.0,True,0.1854,,,,,,,,,,,,,,,,
2026-01-25,a3c772d3fde52dbae832bi,2026-01-25 03:20:00,68,True,18,0,221,2301,22.11,230.12,0.0,True,0.1891,,,,,,,,,,,,,,,,
2026-01-25,a3c772d3fde52dbae832bi,2026-01-25 03:30:00,69,True,19,0,221,2310,22.11,231.09,0.0,True,0.1928,,,,,,,,,,,,,,,,
2026-01-25,a3c772d3fde52dbae832bi,2026-01-25 03:40:00,70,True,19,0,221,2312,22.11,231.29,0.0,True,0.1965,,,,,,,,,,,,,,,,
2026-01-25,a3c772d3fde52dbae832bi,2026-01-25 03:50:00,71,True,20,0,221,2323,22.11,232.3,0.0,True,0.2002,,,,,,,,,,,,,,,,
2026-01-25,a3c772d3fde52dbae832bi,2026-01-25 04:00:00,72,True,20,0,221,2304,22.11,230.46,0.0,True,0.2039,,,,,,,,,,,,,,,,
2026-01-25,a3c772d3fde52dbae832bi,2026-01-25 04:10:00,73,True,20,0,221,2305,22.11,230.57,0.0,True,0.2076,,,,,,,,,,,,,,,,
2026-01-25,a3c772d3fde52dbae832bi,2026-01-25 04:20:00,74,True,21,0,221,2322,22.11,232.22,0.0,True,0.2112,,,,,,,,,,,,,,,,
2026-01-25,a3c772d3fde52dbae832bi,2026-01-25 04:30:00,75,True,21,0,221,2297,22.11,229.72,0.0,True,0.2149,,,,,,,,,,,,,,,,
2026-01-25,a3c772d3fde52dbae832bi,2026-01-25 04:40:00,76,True,21,0,221,2305,22.11,230.56,0.0,True,0.2186,,,,,,,,,,,,,,,,
2026-01-25,a3c772d3fde52dbae832bi,2026-01-25 04:50:00,77,True,22,0,221,2305,22.11,230.52,0.0,True,0.2223,,,,,,,,,,,,,,,,
2026-01-25,a3c772d3fde52dbae832bi,2026-01-25 05:00:00,78,True,22,65,95,2309,9.56,230.9,0.066,True,0.2239,,,,,,,,,,,,,,,,
2026-01-25,a3c772d3fde52dbae832bi,2026-01-25 05:10:00,79,False,22,0,0,2321,0.0,232.15,0.0,False,0.2239,,,,,,,,,,,,,,,,
2026-01-25,a3c772d3fde52dbae832bi,2026-01-25 05:20:00,80,True,22,32,47,2317,4.78,231.78,0.033,True,0.2247,,,,,,,,,,,,,,,,
2026-01-25,a3c772d3fde52dbae832bi,2026-01-25 05:30:00,81,False,22,0,0,2330,0.0,233.07,0.0,False,0.2247,,,,,,,,,,,,,,,,
2026-01-25,a3c772d3fde52dbae832bi,2026-01-25 05:40:00,82,True,22,32,47,2309,4.78,230.9,0.033,True,0.2255,,,,,,,,,,,,,,,,
2026-01-25,a3c772d3fde52dbae832bi,2026-01-25 05:50:00,83,True,22,32,47,2309,4.78,230.9,0.033,True,0.2263,,,,,,,,,,,,,,,,
2026-01-25,a3c772d3fde52dbae832bi,2026-01-25 06:00:00,84,True,22,95,139,2317,13.96,231.75,0.095,True,0.2286,,,,,,,,,,,,,,,,
2026-01-25,a3c772d3fde52dbae832bi,2026-01-25 06:10:00,85,True,23,63,93,2324,9.33,232.48,0.064,True,0.2302,,,,,,,,,,,,,,,,
2026-01-25,a3c772d3fde52dbae832bi,2026-01-25 06:20:00,86,True,23,129,188,2317,18.9,231.76,0.129,True,0.2333,,,,,,,,,,,,,,,,
2026-01-25,a3c772d3fde52dbae832bi,2026-01-25 06:30:00,87,True,23,132,193,2311,19.39,231.17,0.133,True,0.2365,,,,,,,,,,,,,,,,
2026-01-25,a3c772d3fde52dbae832bi,2026-01-25 06:40:00,88,True,24,156,228,2314,22.83,231.41,0.156,True,0.2403,,,,,,,,,,,,,,,,
2026-01-25,a3c772d3fde52dbae832bi,2026-01-25 06:50:00,89,True,24,192,281,2311,28.11,231.16,0.193,True,0.245,,,,,,,,,,,,,,,,
2026-01-25,a3c772d3fde52dbae832bi,2026-01-25 07:00:00,90,True,24,128,186,2304,18.63,230.43,0.128,True,0.2481,,,,,,,,,,,,,,,,
2026-01-25,a3c772d3fde52dbae832bi,2026-01-25 07:10:00,91,True,25,225,328,2311,32.87,231.16,0.225,True,0.2536,,,,,,,,,,,,,,,,
2026-01-25,a3c772d3fde52dbae832bi,2026-01-25 07:20:00,92,True,25,191,279,2304,27.94,230.42,0.192,True,0.2583,,,,,,,,,,,,,,,,
2026-01-25,a3c772d3fde52dbae832bi,2026-01-25 07:30:00,93,True,26,217,272,1980,27.23,198.06,0.218,True,0.2628,,,,,,,,,,,,,,,,
2026-01-25,a3c772d3fde52dbae832bi,2026-01-25 07:40:00,94,True,26,217,317,2310,31.76,231.09,0.218,True,0.2681,,,,,,,,,,,,,,,,
2026-01-25,a3c772d3fde52dbae832bi,2026-01-25 07:50:00,95,True,27,217,317,2312,31.71,231.27,0.217,True,0.2734,,,,,,,,,,,,,,,,
2026-01-25,a3c772d3fde52dbae832bi,2026-01-25 08:00:00,96,True,27,217,317,2312,31.71,231.27,0.217,True,0.2787,,,,,,,,,,,,,,,,
2026-01-25,a3c772d3fde52dbae832bi,2026-01-25 08:10:00,97,True,28,249,364,2314,36.44,231.47,0.249,True,0.2847,,,,,,,,,,,,,,,,
2026-01-25,a3c772d3fde52dbae832bi,2026-01-25 08:20:00,98,True,29,248,363,2316,36.38,231.64,0.249,True,0.2908,,,,,,,,,,,,,,,,
2026-01-25,a3c772d3fde52dbae832bi,2026-01-25 08:30:00,99,True,29,248,363,2316,36.38,231.64,0.249,True,0.2969,,,,,,,,,,,,,,,,
2026-01-25,a3c772d3fde52dbae832bi,2026-01-25 08:40:00,100,True,30,279,409,2320,41.0,232.02,0.28,True,0.3037,,,,,,,,,,,,,,,,
2026-01-25,a3c772d3fde52dbae832bi,2026-01-25 08:50:00,101,True,30,248,363,2319,36.38,231.96,0.248,True,0.3098,,,,,,,,,,,,,,,,
2026-01-25,a3c772d3fde52dbae832bi,2026-01-25 09:00:00,102,True,31,248,363,2319,36.35,231.96,0.248,True,0.3158,,,,,,,,,,,,,,,,
2026-01-25,a3c772d3fde52dbae832bi,2026-01-25 09:10:00,103,True,32,216,316,2317,31.65,231.76,0.216,True,0.3211,,,,,,,,,,,,,,,,
2026-01-25,a3c772d3fde52dbae832bi,2026-01-25 09:20:00,104,True,32,248,363,2319,36.35,231.9,0.248,True,0.3272,,,,,,,,,,,,,,,,
2026-01-25,a3c772d3fde52dbae832bi,2026-01-25 09:30:00,105,True,33,248,363,2319,36.33,231.96,0.248,True,0.3332,,,,,,,,,,,,,,,,
2026-01-25,a3c772d3fde52dbae832bi,2026-01-25 09:40:00,106,True,33,184,269,2315,26.95,231.5,0.184,True,0.3377,,,,,,,,,,,,,,,,
2026-01-25,a3c772d3fde52dbae832bi,2026-01-25 09:50:00,107,True,34,248,362,2315,36.27,231.53,0.248,True,0.3437,,,,,,,,,,,,,,,,
2026-01-25,a3c772d3fde52dbae832bi,2026-01-25 10:00:00,108,True,34,216,316,2314,31.67,231.46,0.217,True,0.349,,,,,,,,,,,,,,,,
2026-01-25,a3c772d3fde52dbae832bi,2026-01-25 10:10:00,109,True,35,184,269,2315,26.95,231.52,0.184,True,0.3535,,,,,,,,,,,,,,,,
2026-01-25,a3c772d3fde52dbae832bi,2026-01-25 10:20:00,110,True,35,183,267,2308,26.79,230.8,0.184,True,0.358,,,,,,,,,,,,,,,,
2026-01-25,a3c772d3fde52dbae832bi,2026-01-25 10:30:00,111,True,36,183,267,2308,26.72,230.8,0.183,True,0.3624,,,,,,,,,,,,,,,,
2026-01-25,a3c772d3fde52dbae832bi,2026-01-25 10:40:00,112,True,36,151,221,2313,22.16,231.36,0.152,True,0.3661,,,,,,,,,,,,,,,,
2026-01-25,a3c772d3fde52dbae832bi,2026-01-25 10:50:00,113,True,37,214,313,2313,31.39,231.3,0.215,True,0.3714,,,,,,,,,,,,,,,,
2026-01-25,a3c772d3fde52dbae832bi,2026-01-25 11:00:00,114,True,37,183,268,2317,26.83,231.77,0.183,True,0.3758,,,,,,,,,,,,,,,,
2026-01-25,a3c772d3fde52dbae832bi,2026-01-25 11:10:00,115,True,37,152,223,2327,22.4,232.74,0.152,True,0.3796,,,,,,,,,,,,,,,,
2026-01-25,a3c772d3fde52dbae832bi,2026-01-25 11:20:00,116,True,38,152,223,2322,22.35,232.24,0.152,True,0.3833,,,,,,,,,,,,,,,,
2026-01-25,a3c772d3fde52dbae832bi,2026-01-25 11:30:00,117,True,38,184,270,2325,27.08,232.57,0.184,True,0.3878,,,,,,,,,,,,,,,,
2026-01-25,a3c772d3fde52dbae832bi,2026-01-25 11:40:00,118,True,39,152,223,2320,22.33,232.04,0.152,True,0.3915,,,,,,,,,,,,,,,,
2026-01-25,a3c772d3fde52dbae832bi,2026-01-25 11:50:00,119,True,39,248,364,2323,36.45,232.36,0.248,True,0.3976,,,,,,,,,,,,,,,,
2026-01-25,a3c772d3fde52dbae832bi,2026-01-25 12:00:00,120,True,40,248,364,2323,36.41,232.36,0.248,True,0.4037,,,,,,,,,,,,,,,,
2026-01-25,a3c772d3fde52dbae832bi,2026-01-25 12:10:00,121,True,40,183,270,2326,27.03,232.6,0.184,True,0.4082,,,,,,,,,,,,,,,,
2026-01-25,a3c772d3fde52dbae832bi,2026-01-25 12:20:00,122,True,41,215,316,2322,31.69,232.27,0.216,True,0.4135,,,,,,,,,,,,,,,,
2026-01-25,a3c772d3fde52dbae832bi,2026-01-25 12:30:00,123,True,41,215,316,2322,31.69,232.27,0.216,True,0.4187,,,,,,,,,,,,,,,,
2026-01-25,a3c772d3fde52dbae832bi,2026-01-25 12:40:00,124,True,42,216,316,2321,31.67,232.14,0.216,True,0.424,,,,,,,,,,,,,,,,
2026-01-25,a3c772d3fde52dbae832bi,2026-01-25 12:50:00,125,True,42,184,269,2320,26.99,232.08,0.184,True,0.4285,,,,,,,,,,,,,,,,
2026-01-25,a3c772d3fde52dbae832bi,2026-01-25 13:00:00,126,True,43,215,314,2308,31.43,230.89,0.216,True,0.4337,,,,,,,,,,,,,,,,
2026-01-25,a3c772d3fde52dbae832bi,2026-01-25 13:10:00,127,True,43,183,266,2305,26.67,230.51,0.183,True,0.4382,,,,,,,,,,,,,,,,
2026-01-25,a3c772d3fde52dbae832bi,2026-01-25 13:20:00,128,True,44,183,266,2303,26.7,230.39,0.183,True,0.4426,,,,,,,,,,,,,,,,
2026-01-25,a3c772d3fde52dbae832bi,2026-01-25 13:30:00,129,True,44,183,266,2303,26.7,230.39,0.183,True,0.4471,,,,,,,,,,,,,,,,
2026-01-25,a3c772d3fde52dbae832bi,2026-01-25 13:40:00,130,True,44,88,128,2294,12.86,229.4,0.089,True,0.4492,,,,,,,,,,,,,,,,
2026-01-25,a3c772d3fde52dbae832bi,2026-01-25 13:50:00,131,True,45,88,128,2294,12.86,229.4,0.089,True,0.4514,,,,,,,,,,,,,,,,
2026-01-25,a3c772d3fde52dbae832bi,2026-01-25 14:00:00,132,True,45,120,174,2297,17.42,229.75,0.12,True,0.4543,,,,,,,,,,,,,,,,
2026-01-25,a3c772d3fde52dbae832bi,2026-01-25 14:10:00,133,True,45,119,173,2290,17.34,229.04,0.12,True,0.4572,,,,,,,,,,,,,,,,
2026-01-25,a3c772d3fde52dbae832bi,2026-01-25 14:20:00,134,True,45,88,128,2292,12.83,229.2,0.089,True,0.4593,,,,,,,,,,,,,,,,
2026-01-25,a3c772d3fde52dbae832bi,2026-01-25 14:30:00,135,True,46,88,128,2292,12.83,229.2,0.089,True,0.4614,,,,,,,,,,,,,,,,
2026-01-25,a3c772d3fde52dbae832bi,2026-01-25 14:40:00,136,True,46,119,173,2291,17.36,229.17,0.12,True,0.4643,,,,,,,,,,,,,,,,
2026-01-25,a3c772d3fde52dbae832bi,2026-01-25 14:50:00,137,True,46,119,173,2291,17.36,229.17,0.12,True,0.4672,,,,,,,,,,,,,,,,
2026-01-25,a3c772d3fde52dbae832bi,2026-01-25 15:00:00,138,True,46,88,127,2296,12.79,229.67,0.088,True,0.4694,,,,,,,,,,,,,,,,
2026-01-25,a3c772d3fde52dbae832bi,2026-01-25 15:10:00,139,True,47,88,127,2296,12.79,229.67,0.088,True,0.4715,,,,,,,,,,,,,,,,
2026-01-25,a3c772d3fde52dbae832bi,2026-01-25 15:20:00,140,True,47,88,128,2298,12.81,229.8,0.088,True,0.4736,,,,,,,,,,,,,,,,
2026-01-25,a3c772d3fde52dbae832bi,2026-01-25 15:30:00,141,True,47,88,128,2302,12.81,230.22,0.088,True,0.4758,,,,,,,,,,,,,,,,
2026-01-25,a3c772d3fde52dbae832bi,2026-01-25 15:40:00,142,True,47,87,126,2287,12.69,228.78,0.088,True,0.4779,,,,,,,,,,,,,,,,
2026-01-25,a3c772d3fde52dbae832bi,2026-01-25 15:50:00,143,True,48,87,126,2287,12.69,228.78,0.088,True,0.48,,,,,,,,,,,,,,,,
2026-01-26,a3c772d3fde52dbae832bi,2026-01-25 16:00:00,0,True,0,95,181,2290,18.1,229.09,0.096,True,0.003,,,,,,,,,,,,,,,,
2026-01-26,a3c772d3fde52dbae832bi,2026-01-25 16:10:00,1,True,0,111,210,2287,21.09,228.74,0.112,True,0.0065,,,,,,,,,,,,,,,,
2026-01-26,a3c772d3fde52dbae832bi,2026-01-25 16:20:00,2,True,1,111,211,2295,21.13,229.51,0.112,True,0.0101,,,,,,,,,,,,,,,,
2026-01-26,a3c772d3fde52dbae832bi,2026-01-25 16:30:00,3,True,1,51,97,2295,9.74,229.51,0.052,True,0.0117,,,,,,,,,,,,,,,,
2026-01-26,a3c772d3fde52dbae832bi,2026-01-25 16:40:00,4,True,1,52,100,2310,10.03,231.03,0.053,True,0.0134,,,,,,,,,,,,,,,,
2026-01-26,a3c772d3fde52dbae832bi,2026-01-25 16:50:00,5,True,1,32,62,2308,6.23,230.84,0.033,True,0.0144,,,,,,,,,,,,,,,,
2026-01-26,a3c772d3fde52dbae832bi,2026-01-25 17:00:00,6,True,1,32,62,2308,6.23,230.82,0.033,True,0.0154,,,,,,,,,,,,,,,,
2026-01-26,a3c772d3fde52dbae832bi,2026-01-25 17:10:00,7,True,1,32,62,2300,6.23,230.06,0.033,True,0.0165,,,,,,,,,,,,,,,,
2026-01-26,a3c772d3fde52dbae832bi,2026-01-25 17:20:00,8,True,1,32,62,2301,6.23,230.17,0.033,True,0.0175,,,,,,,,,,,,,,,,
2026-01-26,a3c772d3fde52dbae832bi,2026-01-25 17:30:00,9,True,1,32,62,2302,6.23,230.28,0.033,True,0.0185,,,,,,,,,,,,,,,,
2026-01-26,a3c772d3fde52dbae832bi,2026-01-25 17:40:00,10,True,1,32,62,2301,6.23,230.19,0.033,True,0.0196,,,,,,,,,,,,,,,,
2026-01-26,a3c772d3fde52dbae832bi,2026-01-25 17:50:00,11,True,2,32,61,2300,6.13,230.02,0.032,True,0.0206,,,,,,,,,,,,,,,,
2026-01-26,a3c772d3fde52dbae832bi,2026-01-25 18:00:00,12,True,2,32,61,2296,6.13,229.62,0.032,True,0.0216,,,,,,,,,,,,,,,,
2026-01-26,a3c772d3fde52dbae832bi,2026-01-25 18:10:00,13,True,2,32,61,2295,6.13,229.57,0.032,True,0.0227,,,,,,,,,,,,,,,,
2026-01-26,a3c772d3fde52dbae832bi,2026-01-25 18:20:00,14,True,2,32,61,2303,6.13,230.37,0.032,True,0.0237,,,,,,,,,,,,,,,,
2026-01-26,a3c772d3fde52dbae832bi,2026-01-25 18:30:00,15,True,2,31,60,2299,6.01,229.93,0.032,True,0.0247,,,,,,,,,,,,,,,,
2026-01-26,a3c772d3fde52dbae832bi,2026-01-25 18:40:00,16,True,2,31,60,2303,6.01,230.39,0.032,True,0.0257,,,,,,,,,,,,,,,,
2026-01-26,a3c772d3fde52dbae832bi,2026-01-25 18:50:00,17,True,2,31,60,2303,6.01,230.3,0.032,True,0.0267,,,,,,,,,,,,,,,,
2026-01-26,a3c772d3fde52dbae832bi,2026-01-25 19:00:00,18,True,2,31,60,2301,6.01,230.17,0.032,True,0.0277,,,,,,,,,,,,,,,,
2026-01-26,a3c772d3fde52dbae832bi,2026-01-25 19:10:00,19,True,2,31,60,2301,6.01,230.17,0.032,True,0.0287,,,,,,,,,,,,,,,,
2026-01-26,a3c772d3fde52dbae832bi,2026-01-25 19:20:00,20,True,2,31,60,2303,6.01,230.35,0.032,True,0.0297,,,,,,,,,,,,,,,,
2026-01-26,a3c772d3fde52dbae832bi,2026-01-25 19:30:00.000,21,True,3,31,60,2302,6.01,230.27,0.032,True,0.0307,,,,,,,,,,,,,,,,
2026-01-26,a3c772d3fde52dbae832bi,2026-01-25 19:40:00.000,22,True,3,31,60,2309,6.04,230.96,0.032,True,0.0317,,,,,,,,,,,,,,,,
2026-01-26,a3c772d3fde52dbae832bi,2026-01-25 19:50:00.000,23,True,3,32,60,2302,6.08,230.25,0.032,True,0.0327,,,,,,,,,,,,,,,,
2026-01-26,a3c772d3fde52dbae832bi,2026-01-25 20:00:00.000,24,True,3,32,60,2301,6.08,230.12,0.032,True,0.0337,,,,,,,,,,,,,,,,
2026-01-26,a3c772d3fde52dbae832bi,2026-01-25 20:10:00.000,25,True,3,31,60,2305,6.08,230.57,0.032,True,0.0347,,,,,,,,,,,,,,,,
2026-01-26,a3c772d3fde52dbae832bi,2026-01-25 20:20:00.000,26,True,3,32,60,2300,6.08,230.06,0.032,True,0.0357,,,,,,,,,,,,,,,,
2026-01-26,a3c772d3fde52dbae832bi,2026-01-25 20:30:00.000,27,True,3,32,60,2304,6.08,230.4,0.032,True,0.0368,,,,,,,,,,,,,,,,
2026-01-26,a3c772d3fde52dbae832bi,2026-01-25 20:40:00.000,28,True,3,32,61,2316,6.17,231.62,0.032,True,0.0378,,,,,,,,,,,,,,,,
2026-01-26,a3c772d3fde52dbae832bi,2026-01-25 20:50:00.000,29,True,4,0,210,2319,21.0,231.99,0.0,True,0.0413,,,,,,,,,,,,,,,,
2026-01-26,a3c772d3fde52dbae832bi,2026-01-25 21:00:00.000,30,True,4,0,210,2311,21.0,231.14,0.0,True,0.0448,,,,,,,,,,,,,,,,
2026-01-26,a3c772d3fde52dbae832bi,2026-01-25 21:10:00.000,31,True,4,0,210,2318,21.0,231.83,0.0,True,0.0483,,,,,,,,,,,,,,,,
2026-01-26,a3c772d3fde52dbae832bi,2026-01-25 21:20:00.000,32,True,5,0,210,2314,21.0,231.41,0.0,True,0.0518,,,,,,,,,,,,,,,,
2026-01-26,a3c772d3fde52dbae832bi,2026-01-25 21:30:00.000,33,True,5,0,210,2308,21.0,230.84,0.0,True,0.0553,,,,,,,,,,,,,,,,
2026-01-26,a3c772d3fde52dbae832bi,2026-01-25 21:40:00.000,34,True,5,0,210,2314,21.0,231.42,0.0,True,0.0588,,,,,,,,,,,,,,,,
2026-01-26,a3c772d3fde52dbae832bi,2026-01-25 21:50:00.000,35,True,6,0,210,2315,21.0,231.52,0.0,True,0.0623,,,,,,,,,,,,,,,,
2026-01-26,a3c772d3fde52dbae832bi,2026-01-25 22:00:00.000,36,True,6,0,210,2309,21.0,230.92,0.0,True,0.0658,,,,,,,,,,,,,,,,
2026-01-26,a3c772d3fde52dbae832bi,2026-01-25 22:10:00.000,37,True,6,0,210,2309,21.0,230.95,0.0,True,0.0693,,,,,,,,,,,,,,,,
2026-01-26,a3c772d3fde52dbae832bi,2026-01-25 22:20:00.000,38,True,7,0,210,2312,21.0,231.26,0.0,True,0.0728,,,,,,,,,,,,,,,,
2026-01-26,a3c772d3fde52dbae832bi,2026-01-25 22:30:00.000,39,True,7,0,210,2312,21.0,231.26,0.0,True,0.0763,,,,,,,,,,,,,,,,
2026-01-26,a3c772d3fde52dbae832bi,2026-01-25 22:40:00.000,40,True,7,0,210,2315,21.0,231.56,0.0,True,0.0798,,,,,,,,,,,,,,,,
2026-01-26,a3c772d3fde52dbae832bi,2026-01-25 22:50:00.000,41,True,8,0,210,2309,21.0,230.91,0.0,True,0.0833,,,,,,,,,,,,,,,,
2026-01-26,a3c772d3fde52dbae832bi,2026-01-25 23:00:00.000,42,True,8,0,210,2313,21.0,231.38,0.0,True,0.0868,,,,,,,,,,,,,,,,
2026-01-26,a3c772d3fde52dbae832bi,2026-01-25 23:10:00.000,43,True,9,0,210,2310,21.0,231.0,0.0,True,0.0903,,,,,,,,,,,,,,,,
2026-01-26,a3c772d3fde52dbae832bi,2026-01-25 23:20:00.000,44,True,9,0,210,2315,21.0,231.54,0.0,True,0.0938,,,,,,,,,,,,,,,,
2026-01-26,a3c772d3fde52dbae832bi,2026-01-25 23:30:00.000,45,True,9,0,210,2305,21.0,230.53,0.0,True,0.0973,,,,,,,,,,,,,,,,
2026-01-26,a3c772d3fde52dbae832bi,2026-01-25 23:40:00.000,46,True,10,0,210,2309,21.0,230.98,0.0,True,0.1008,,,,,,,,,,,,,,,,
2026-01-26,a3c772d3fde52dbae832bi,2026-01-25 23:50:00.000,47,True,10,0,210,2306,21.0,230.69,0.0,True,0.1043,,,,,,,,,,,,,,,,
2026-01-26,a3c772d3fde52dbae832bi,2026-01-26 00:00:00.000,48,True,10,0,210,2301,21.0,230.17,0.0,True,0.1078,,,,,,,,,,,,,,,,
2026-01-26,a3c772d3fde52dbae832bi,2026-01-26 00:10:00.000,49,True,11,0,210,2323,21.0,232.31,0.0,True,0.1113,,,,,,,,,,,,,,,,
2026-01-26,a3c772d3fde52dbae832bi,2026-01-26 00:20:00.000,50,True,11,0,210,2317,21.0,231.75,0.0,True,0.1148,,,,,,,,,,,,,,,,
2026-01-26,a3c772d3fde52dbae832bi,2026-01-26 00:30:00.000,51,True,11,0,210,2321,21.0,232.13,0.0,True,0.1183,,,,,,,,,,,,,,,,
2026-01-26,a3c772d3fde52dbae832bi,2026-01-26 00:40:00.000,52,True,12,0,210,2328,21.0,232.87,0.0,True,0.1218,,,,,,,,,,,,,,,,
2026-01-26,a3c772d3fde52dbae832bi,2026-01-26 00:50:00.000,53,False,12,0,0,2317,0.0,231.72,0.0,False,0.1218,,,,,,,,,,,,,,,,
2026-01-26,a3c772d3fde52dbae832bi,2026-01-26 01:00:00.000,54,True,12,0,210,2321,21.0,232.18,0.0,True,0.1253,,,,,,,,,,,,,,,,
2026-01-26,a3c772d3fde52dbae832bi,2026-01-26 01:10:00.000,55,True,12,0,210,2310,21.0,231.09,0.0,True,0.1288,,,,,,,,,,,,,,,,
2026-01-26,a3c772d3fde52dbae832bi,2026-01-26 01:20:00.000,56,True,13,0,210,2334,21.0,233.4,0.0,True,0.1323,,,,,,,,,,,,,,,,
2026-01-26,a3c772d3fde52dbae832bi,2026-01-26 01:30:00.000,57,True,13,0,210,2334,21.0,233.4,0.0,True,0.1358,,,,,,,,,,,,,,,,
2026-01-26,a3c772d3fde52dbae832bi,2026-01-26 01:40:00.000,58,True,13,0,210,2328,21.0,232.81,0.0,True,0.1393,,,,,,,,,,,,,,,,
2026-01-26,a3c772d3fde52dbae832bi,2026-01-26 01:50:00.000,59,True,14,0,210,2313,21.0,231.31,0.0,True,0.1428,,,,,,,,,,,,,,,,
2026-01-26,a3c772d3fde52dbae832bi,2026-01-26 02:00:00.000,60,True,14,0,210,2303,21.0,230.3,0.0,True,0.1463,,,,,,,,,,,,,,,,
2026-01-26,a3c772d3fde52dbae832bi,2026-01-26 02:10:00.000,61,True,14,0,210,2297,21.0,229.76,0.0,True,0.1498,,,,,,,,,,,,,,,,
2026-01-26,a3c772d3fde52dbae832bi,2026-01-26 02:20:00.000,62,True,15,0,210,2299,21.0,229.97,0.0,True,0.1533,,,,,,,,,,,,,,,,
2026-01-26,a3c772d3fde52dbae832bi,2026-01-26 02:30:00.000,63,True,15,0,210,2300,21.0,230.07,0.0,True,0.1568,,,,,,,,,,,,,,,,
2026-01-26,a3c772d3fde52dbae832bi,2026-01-26 02:40:00.000,64,True,16,0,210,2300,21.0,230.01,0.0,True,0.1603,,,,,,,,,,,,,,,,
2026-01-26,a3c772d3fde52dbae832bi,2026-01-26 02:50:00.000,65,True,16,0,210,2298,21.0,229.81,0.0,True,0.1638,,,,,,,,,,,,,,,,
2026-01-26,a3c772d3fde52dbae832bi,2026-01-26 03:00:00.000,66,True,16,0,210,2302,21.0,230.23,0.0,True,0.1673,,,,,,,,,,,,,,,,
2026-01-26,a3c772d3fde52dbae832bi,2026-01-26 03:10:00.000,67,True,17,0,210,2298,21.0,229.81,0.0,True,0.1708,,,,,,,,,,,,,,,,
2026-01-26,a3c772d3fde52dbae832bi,2026-01-26 03:20:00.000,68,True,17,0,210,2301,21.0,230.12,0.0,True,0.1743,,,,,,,,,,,,,,,,
2026-01-26,a3c772d3fde52dbae832bi,2026-01-26 03:30:00.000,69,True,17,0,210,2310,21.0,231.09,0.0,True,0.1778,,,,,,,,,,,,,,,,
2026-01-26,a3c772d3fde52dbae832bi,2026-01-26 03:40:00.000,70,True,18,0,210,2312,21.0,231.29,0.0,True,0.1813,,,,,,,,,,,,,,,,
2026-01-26,a3c772d3fde52dbae832bi,2026-01-26 03:50:00.000,71,True,18,0,210,2323,21.0,232.3,0.0,True,0.1848,,,,,,,,,,,,,,,,
2026-01-26,a3c772d3fde52dbae832bi,2026-01-26 04:00:00.000,72,True,18,0,210,2304,21.0,230.46,0.0,True,0.1883,,,,,,,,,,,,,,,,
2026-01-26,a3c772d3fde52dbae832bi,2026-01-26 04:10:00.000,73,True,19,0,210,2305,21.0,230.57,0.0,True,0.1918,,,,,,,,,,,,,,,,
2026-01-26,a3c772d3fde52dbae832bi,2026-01-26 04:20:00.000,74,True,19,0,210,2322,21.0,232.22,0.0,True,0.1953,,,,,,,,,,,,,,,,
2026-01-26,a3c772d3fde52dbae832bi,2026-01-26 04:30:00.000,75,True,19,0,210,2297,21.0,229.72,0.0,True,0.1988,,,,,,,,,,,,,,,,
2026-01-26,a3c772d3fde52dbae832bi,2026-01-26 04:40:00.000,76,True,20,0,210,2305,21.0,230.56,0.0,True,0.2023,,,,,,,,,,,,,,,,
2026-01-26,a3c772d3fde52dbae832bi,2026-01-26 04:50:00.000,77,True,20,0,210,2305,21.0,230.52,0.0,True,0.2058,,,,,,,,,,,,,,,,
2026-01-26,a3c772d3fde52dbae832bi,2026-01-26 05:00:00.000,78,True,20,41,79,2309,7.94,230.9,0.042,True,0.2071,,,,,,,,,,,,,,,,
2026-01-26,a3c772d3fde52dbae832bi,2026-01-26 05:10:00.000,79,False,20,0,0,2321,0.0,232.15,0.0,False,0.2071,,,,,,,,,,,,,,,,
2026-01-26,a3c772d3fde52dbae832bi,2026-01-26 05:20:00.000,80,True,20,20,39,2317,3.97,231.78,0.021,True,0.2078,,,,,,,,,,,,,,,,
2026-01-26,a3c772d3fde52dbae832bi,2026-01-26 05:30:00.000,81,False,20,0,0,2330,0.0,233.07,0.0,False,0.2078,,,,,,,,,,,,,,,,
2026-01-26,a3c772d3fde52dbae832bi,2026-01-26 05:40:00.000,82,True,20,20,39,2309,3.97,230.9,0.021,True,0.2084,,,,,,,,,,,,,,,,
2026-01-26,a3c772d3fde52dbae832bi,2026-01-26 05:50:00.000,83,True,20,20,39,2309,3.97,230.9,0.021,True,0.2091,,,,,,,,,,,,,,,,
2026-01-26,a3c772d3fde52dbae832bi,2026-01-26 06:00:00.000,84,True,21,60,116,2317,11.6,231.75,0.061,True,0.211,,,,,,,,,,,,,,,,
2026-01-26,a3c772d3fde52dbae832bi,2026-01-26 06:10:00.000,85,True,21,40,77,2324,7.76,232.48,0.04,True,0.2123,,,,,,,,,,,,,,,,
2026-01-26,a3c772d3fde52dbae832bi,2026-01-26 06:20:00.000,86,True,21,82,157,2317,15.71,231.76,0.082,True,0.2149,,,,,,,,,,,,,,,,
2026-01-26,a3c772d3fde52dbae832bi,2026-01-26 06:30:00.000,87,True,21,84,161,2311,16.12,231.17,0.085,True,0.2176,,,,,,,,,,,,,,,,
2026-01-26,a3c772d3fde52dbae832bi,2026-01-26 06:40:00.000,88,True,22,99,189,2314,18.97,231.41,0.099,True,0.2208,,,,,,,,,,,,,,,,
2026-01-26,a3c772d3fde52dbae832bi,2026-01-26 06:50:00.000,89,True,22,122,233,2311,23.36,231.16,0.123,True,0.2247,,,,,,,,,,,,,,,,
2026-01-26,a3c772d3fde52dbae832bi,2026-01-26 07:00:00.000,90,True,22,81,154,2304,15.49,230.43,0.082,True,0.2273,,,,,,,,,,,,,,,,
2026-01-26,a3c772d3fde52dbae832bi,2026-01-26 07:10:00.000,91,True,23,143,273,2311,27.33,231.16,0.143,True,0.2318,,,,,,,,,,,,,,,,
2026-01-26,a3c772d3fde52dbae832bi,2026-01-26 07:20:00.000,92,True,23,122,232,2304,23.23,230.42,0.122,True,0.2357,,,,,,,,,,,,,,,,
2026-01-26,a3c772d3fde52dbae832bi,2026-01-26 07:30:00.000,93,True,23,138,226,1980,22.63,198.06,0.139,True,0.2395,,,,,,,,,,,,,,,,
2026-01-26,a3c772d3fde52dbae832bi,2026-01-26 07:40:00.000,94,True,24,138,264,2310,26.4,231.09,0.139,True,0.2439,,,,,,,,,,,,,,,,
2026-01-26,a3c772d3fde52dbae832bi,2026-01-26 07:50:00.000,95,True,24,138,263,2312,26.36,231.27,0.138,True,0.2483,,,,,,,,,,,,,,,,
2026-01-26,a3c772d3fde52dbae832bi,2026-01-26 08:00:00.000,96,True,25,138,263,2312,26.36,231.27,0.138,True,0.2527,,,,,,,,,,,,,,,,
2026-01-26,a3c772d3fde52dbae832bi,2026-01-26 08:10:00.000,97,True,25,158,302,2314,30.28,231.47,0.159,True,0.2577,,,,,,,,,,,,,,,,
2026-01-26,a3c772d3fde52dbae832bi,2026-01-26 08:20:00.000,98,True,26,158,302,2316,30.24,231.64,0.158,True,0.2627,,,,,,,,,,,,,,,,
2026-01-26,a3c772d3fde52dbae832bi,2026-01-26 08:30:00.000,99,True,26,158,302,2316,30.24,231.64,0.158,True,0.2678,,,,,,,,,,,,,,,,
2026-01-26,a3c772d3fde52dbae832bi,2026-01-26 08:40:00.000,100,True,27,178,340,2320,34.07,232.02,0.178,True,0.2735,,,,,,,,,,,,,,,,
2026-01-26,a3c772d3fde52dbae832bi,2026-01-26 08:50:00.000,101,True,27,158,302,2319,30.24,231.96,0.158,True,0.2785,,,,,,,,,,,,,,,,
2026-01-26,a3c772d3fde52dbae832bi,2026-01-26 09:00:00.000,102,True,28,158,302,2319,30.22,231.96,0.158,True,0.2835,,,,,,,,,,,,,,,,
2026-01-26,a3c772d3fde52dbae832bi,2026-01-26 09:10:00.000,103,True,28,137,263,2317,26.31,231.76,0.138,True,0.2879,,,,,,,,,,,,,,,,
2026-01-26,a3c772d3fde52dbae832bi,2026-01-26 09:20:00.000,104,True,29,158,302,2319,30.22,231.9,0.158,True,0.293,,,,,,,,,,,,,,,,
2026-01-26,a3c772d3fde52dbae832bi,2026-01-26 09:30:00.000,105,True,29,157,301,2319,30.2,231.96,0.158,True,0.298,,,,,,,,,,,,,,,,
2026-01-26,a3c772d3fde52dbae832bi,2026-01-26 09:40:00.000,106,True,30,117,224,2315,22.4,231.5,0.117,True,0.3017,,,,,,,,,,,,,,,,
2026-01-26,a3c772d3fde52dbae832bi,2026-01-26 09:50:00.000,107,True,30,157,301,2315,30.15,231.53,0.158,True,0.3067,,,,,,,,,,,,,,,,
2026-01-26,a3c772d3fde52dbae832bi,2026-01-26 10:00:00.000,108,True,31,137,263,2314,26.32,231.46,0.138,True,0.3111,,,,,,,,,,,,,,,,
2026-01-26,a3c772d3fde52dbae832bi,2026-01-26 10:10:00.000,109,True,31,117,224,2315,22.4,231.52,0.117,True,0.3149,,,,,,,,,,,,,,,,
2026-01-26,a3c772d3fde52dbae832bi,2026-01-26 10:20:00.000,110,True,31,117,222,2308,22.26,230.8,0.117,True,0.3186,,,,,,,,,,,,,,,,
2026-01-26,a3c772d3fde52dbae832bi,2026-01-26 10:30:00.000,111,True,32,116,222,2308,22.21,230.8,0.117,True,0.3223,,,,,,,,,,,,,,,,
2026-01-26,a3c772d3fde52dbae832bi,2026-01-26 10:40:00.000,112,True,32,96,184,2313,18.41,231.36,0.097,True,0.3253,,,,,,,,,,,,,,,,
2026-01-26,a3c772d3fde52dbae832bi,2026-01-26 10:50:00.000,113,True,32,136,260,2313,26.09,231.3,0.137,True,0.3297,,,,,,,,,,,,,,,,
2026-01-26,a3c772d3fde52dbae832bi,2026-01-26 11:00:00.000,114,True,33,116,223,2317,22.3,231.77,0.117,True,0.3334,,,,,,,,,,,,,,,,
2026-01-26,a3c772d3fde52dbae832bi,2026-01-26 11:10:00.000,115,True,33,97,186,2327,18.62,232.74,0.097,True,0.3365,,,,,,,,,,,,,,,,
2026-01-26,a3c772d3fde52dbae832bi,2026-01-26 11:20:00.000,116,True,33,97,185,2322,18.57,232.24,0.097,True,0.3396,,,,,,,,,,,,,,,,
2026-01-26,a3c772d3fde52dbae832bi,2026-01-26 11:30:00.000,117,True,34,117,225,2325,22.51,232.57,0.117,True,0.3434,,,,,,,,,,,,,,,,
2026-01-26,a3c772d3fde52dbae832bi,2026-01-26 11:40:00.000,118,True,34,97,185,2320,18.56,232.04,0.097,True,0.3465,,,,,,,,,,,,,,,,
2026-01-26,a3c772d3fde52dbae832bi,2026-01-26 11:50:00.000,119,True,35,158,303,2323,30.3,232.36,0.158,True,0.3515,,,,,,,,,,,,,,,,
2026-01-26,a3c772d3fde52dbae832bi,2026-01-26 12:00:00.000,120,True,35,158,302,2323,30.26,232.36,0.158,True,0.3566,,,,,,,,,,,,,,,,
2026-01-26,a3c772d3fde52dbae832bi,2026-01-26 12:10:00.000,121,True,36,117,224,2326,22.47,232.6,0.117,True,0.3603,,,,,,,,,,,,,,,,
2026-01-26,a3c772d3fde52dbae832bi,2026-01-26 12:20:00.000,122,True,36,137,263,2322,26.34,232.27,0.138,True,0.3647,,,,,,,,,,,,,,,,
2026-01-26,a3c772d3fde52dbae832bi,2026-01-26 12:30:00.000,123,True,36,137,263,2322,26.34,232.27,0.138,True,0.3691,,,,,,,,,,,,,,,,
2026-01-26,a3c772d3fde52dbae832bi,2026-01-26 12:40:00.000,124,True,37,137,263,2321,26.33,232.14,0.138,True,0.3735,,,,,,,,,,,,,,,,
2026-01-26,a3c772d3fde52dbae832bi,2026-01-26 12:50:00.000,125,True,37,117,224,2320,22.43,232.08,0.117,True,0.3772,,,,,,,,,,,,,,,,
2026-01-26,a3c772d3fde52dbae832bi,2026-01-26 13:00:00.000,126,True,38,137,261,2308,26.13,230.89,0.137,True,0.3816,,,,,,,,,,,,,,,,
2026-01-26,a3c772d3fde52dbae832bi,2026-01-26 13:10:00.000,127,True,38,116,221,2305,22.17,230.51,0.117,True,0.3853,,,,,,,,,,,,,,,,
2026-01-26,a3c772d3fde52dbae832bi,2026-01-26 13:20:00.000,128,True,38,116,221,2303,22.19,230.39,0.117,True,0.389,,,,,,,,,,,,,,,,
2026-01-26,a3c772d3fde52dbae832bi,2026-01-26 13:30:00.000,129,True,39,116,221,2303,22.19,230.39,0.117,True,0.3926,,,,,,,,,,,,,,,,
2026-01-26,a3c772d3fde52dbae832bi,2026-01-26 13:40:00.000,130,True,39,56,106,2294,10.69,229.4,0.057,True,0.3944,,,,,,,,,,,,,,,,
2026-01-26,a3c772d3fde52dbae832bi,2026-01-26 13:50:00.000,131,True,39,56,106,2294,10.69,229.4,0.057,True,0.3962,,,,,,,,,,,,,,,,
2026-01-26,a3c772d3fde52dbae832bi,2026-01-26 14:00:00.000,132,True,39,76,144,2297,14.48,229.75,0.076,True,0.3986,,,,,,,,,,,,,,,,
2026-01-26,a3c772d3fde52dbae832bi,2026-01-26 14:10:00.000,133,True,40,76,144,2290,14.42,229.04,0.076,True,0.401,,,,,,,,,,,,,,,,
2026-01-26,a3c772d3fde52dbae832bi,2026-01-26 14:20:00.000,134,True,40,56,106,2292,10.66,229.2,0.056,True,0.4028,,,,,,,,,,,,,,,,
2026-01-26,a3c772d3fde52dbae832bi,2026-01-26 14:30:00.000,135,True,40,56,106,2292,10.66,229.2,0.056,True,0.4046,,,,,,,,,,,,,,,,
2026-01-26,a3c772d3fde52dbae832bi,2026-01-26 14:40:00.000,136,True,40,76,144,2291,14.42,229.17,0.076,True,0.407,,,,,,,,,,,,,,,,
2026-01-26,a3c772d3fde52dbae832bi,2026-01-26 14:50:00.000,137,True,40,76,144,2291,14.42,229.17,0.076,True,0.4094,,,,,,,,,,,,,,,,
2026-01-26,a3c772d3fde52dbae832bi,2026-01-26 15:00:00.000,138,True,41,56,106,2296,10.63,229.67,0.056,True,0.4112,,,,,,,,,,,,,,,,
2026-01-26,a3c772d3fde52dbae832bi,2026-01-26 15:10:00.000,139,True,41,56,106,2296,10.63,229.67,0.056,True,0.4129,,,,,,,,,,,,,,,,
2026-01-26,a3c772d3fde52dbae832bi,2026-01-26 15:20:00.000,140,True,41,56,106,2298,10.65,229.8,0.056,True,0.4147,,,,,,,,,,,,,,,,
2026-01-26,a3c772d3fde52dbae832bi,2026-01-26 15:30:00.000,141,True,41,56,106,2302,10.65,230.22,0.056,True,0.4165,,,,,,,,,,,,,,,,
2026-01-26,a3c772d3fde52dbae832bi,2026-01-26 15:40:00.000,142,True,41,55,105,2287,10.55,228.78,0.056,True,0.4182,,,,,,,,,,,,,,,,
2026-01-26,a3c772d3fde52dbae832bi,2026-01-26 15:50:00.000,143,True,41,55,105,2287,10.55,228.78,0.056,True,0.42,,,,,,,,,,,,,,,,
2026-01-27,a3c772d3fde52dbae832bi,2026-01-26 16:00:00.000,0,True,0,95,128,2290,12.82,229.09,0.096,True,0.0021,,,,,,,,,,,,,,,,
2026-01-27,a3c772d3fde52dbae832bi,2026-01-26 16:10:00.000,1,True,0,111,149,2287,14.94,228.74,0.112,True,0.0046,,,,,,,,,,,,,,,,
2026-01-27,a3c772d3fde52dbae832bi,2026-01-26 16:20:00.000,2,True,0,111,149,2295,14.97,229.51,0.112,True,0.0071,,,,,,,,,,,,,,,,
2026-01-27,a3c772d3fde52dbae832bi,2026-01-26 16:30:00.000,3,True,0,51,69,2295,6.9,229.51,0.052,True,0.0083,,,,,,,,,,,,,,,,
2026-01-27,a3c772d3fde52dbae832bi,2026-01-26 16:40:00.000,4,True,0,52,71,2310,7.11,231.03,0.053,True,0.0095,,,,,,,,,,,,,,,,
2026-01-27,a3c772d3fde52dbae832bi,2026-01-26 16:50:00.000,5,True,1,32,44,2308,4.41,230.84,0.033,True,0.0102,,,,,,,,,,,,,,,,
2026-01-27,a3c772d3fde52dbae832bi,2026-01-26 17:00:00.000,6,True,1,32,44,2308,4.41,230.82,0.033,True,0.0109,,,,,,,,,,,,,,,,
2026-01-27,a3c772d3fde52dbae832bi,2026-01-26 17:10:00.000,7,True,1,32,44,2300,4.41,230.06,0.033,True,0.0117,,,,,,,,,,,,,,,,
2026-01-27,a3c772d3fde52dbae832bi,2026-01-26 17:20:00.000,8,True,1,32,44,2301,4.41,230.17,0.033,True,0.0124,,,,,,,,,,,,,,,,
2026-01-27,a3c772d3fde52dbae832bi,2026-01-26 17:30:00.000,9,True,1,32,44,2302,4.41,230.28,0.033,True,0.0131,,,,,,,,,,,,,,,,
2026-01-27,a3c772d3fde52dbae832bi,2026-01-26 17:40:00.000,10,True,1,32,44,2301,4.41,230.19,0.033,True,0.0139,,,,,,,,,,,,,,,,
2026-01-27,a3c772d3fde52dbae832bi,2026-01-26 17:50:00.000,11,True,1,32,43,2300,4.34,230.02,0.032,True,0.0146,,,,,,,,,,,,,,,,
2026-01-27,a3c772d3fde52dbae832bi,2026-01-26 18:00:00.000,12,True,1,32,43,2296,4.34,229.62,0.032,True,0.0153,,,,,,,,,,,,,,,,
2026-01-27,a3c772d3fde52dbae832bi,2026-01-26 18:10:00.000,13,True,1,32,43,2295,4.34,229.57,0.032,True,0.016,,,,,,,,,,,,,,,,
2026-01-27,a3c772d3fde52dbae832bi,2026-01-26 18:20:00.000,14,True,1,32,43,2303,4.34,230.37,0.032,True,0.0168,,,,,,,,,,,,,,,,
2026-01-27,a3c772d3fde52dbae832bi,2026-01-26 18:30:00.000,15,True,1,31,42,2299,4.26,229.93,0.032,True,0.0175,,,,,,,,,,,,,,,,
2026-01-27,a3c772d3fde52dbae832bi,2026-01-26 18:40:00.000,16,True,1,31,42,2303,4.26,230.39,0.032,True,0.0182,,,,,,,,,,,,,,,,
2026-01-27,a3c772d3fde52dbae832bi,2026-01-26 18:50:00.000,17,True,1,31,42,2303,4.26,230.3,0.032,True,0.0189,,,,,,,,,,,,,,,,
2026-01-27,a3c772d3fde52dbae832bi,2026-01-26 19:00:00.000,18,True,1,31,42,2301,4.26,230.17,0.032,True,0.0196,,,,,,,,,,,,,,,,
2026-01-27,a3c772d3fde52dbae832bi,2026-01-26 19:10:00.000,19,True,2,31,42,2301,4.26,230.17,0.032,True,0.0203,,,,,,,,,,,,,,,,
2026-01-27,a3c772d3fde52dbae832bi,2026-01-26 19:20:00.000,20,True,2,31,42,2303,4.26,230.35,0.032,True,0.021,,,,,,,,,,,,,,,,
2026-01-27,a3c772d3fde52dbae832bi,2026-01-26 19:30:00.000,21,True,2,31,42,2302,4.26,230.27,0.032,True,0.0217,,,,,,,,,,,,,,,,
2026-01-27,a3c772d3fde52dbae832bi,2026-01-26 19:40:00.000,22,True,2,31,42,2309,4.28,230.96,0.032,True,0.0224,,,,,,,,,,,,,,,,
2026-01-27,a3c772d3fde52dbae832bi,2026-01-26 19:50:00.000,23,True,2,32,43,2302,4.31,230.25,0.032,True,0.0232,,,,,,,,,,,,,,,,
2026-01-27,a3c772d3fde52dbae832bi,2026-01-26 20:00:00.000,24,True,2,32,43,2301,4.31,230.12,0.032,True,0.0239,,,,,,,,,,,,,,,,
2026-01-27,a3c772d3fde52dbae832bi,2026-01-26 20:10:00.000,25,True,2,31,43,2305,4.31,230.57,0.032,True,0.0246,,,,,,,,,,,,,,,,
2026-01-27,a3c772d3fde52dbae832bi,2026-01-26 20:20:00.000,26,True,2,32,43,2300,4.31,230.06,0.032,True,0.0253,,,,,,,,,,,,,,,,
2026-01-27,a3c772d3fde52dbae832bi,2026-01-26 20:30:00.000,27,True,2,32,43,2304,4.31,230.4,0.032,True,0.026,,,,,,,,,,,,,,,,
2026-01-27,a3c772d3fde52dbae832bi,2026-01-26 20:40:00.000,28,True,2,32,43,2316,4.37,231.62,0.032,True,0.0268,,,,,,,,,,,,,,,,
2026-01-27,a3c772d3fde52dbae832bi,2026-01-26 20:50:00.000,29,True,2,0,189,2319,18.93,231.99,0.0,True,0.0299,,,,,,,,,,,,,,,,
2026-01-27,a3c772d3fde52dbae832bi,2026-01-26 21:00:00.000,30,True,3,0,189,2311,18.93,231.14,0.0,True,0.0331,,,,,,,,,,,,,,,,
2026-01-27,a3c772d3fde52dbae832bi,2026-01-26 21:10:00.000,31,True,3,0,189,2318,18.93,231.83,0.0,True,0.0362,,,,,,,,,,,,,,,,
2026-01-27,a3c772d3fde52dbae832bi,2026-01-26 21:20:00.000,32,True,3,0,189,2314,18.93,231.41,0.0,True,0.0394,,,,,,,,,,,,,,,,
2026-01-27,a3c772d3fde52dbae832bi,2026-01-26 21:30:00.000,33,True,4,0,189,2308,18.93,230.84,0.0,True,0.0425,,,,,,,,,,,,,,,,
2026-01-27,a3c772d3fde52dbae832bi,2026-01-26 21:40:00.000,34,True,4,0,189,2314,18.93,231.42,0.0,True,0.0457,,,,,,,,,,,,,,,,
2026-01-27,a3c772d3fde52dbae832bi,2026-01-26 21:50:00.000,35,True,4,0,189,2315,18.93,231.52,0.0,True,0.0489,,,,,,,,,,,,,,,,
2026-01-27,a3c772d3fde52dbae832bi,2026-01-26 22:00:00.000,36,True,5,0,189,2309,18.93,230.92,0.0,True,0.052,,,,,,,,,,,,,,,,
2026-01-27,a3c772d3fde52dbae832bi,2026-01-26 22:10:00.000,37,True,5,0,189,2309,18.93,230.95,0.0,True,0.0552,,,,,,,,,,,,,,,,
2026-01-27,a3c772d3fde52dbae832bi,2026-01-26 22:20:00.000,38,True,5,0,189,2312,18.93,231.26,0.0,True,0.0583,,,,,,,,,,,,,,,,
2026-01-27,a3c772d3fde52dbae832bi,2026-01-26 22:30:00.000,39,True,6,0,189,2312,18.93,231.26,0.0,True,0.0615,,,,,,,,,,,,,,,,
2026-01-27,a3c772d3fde52dbae832bi,2026-01-26 22:40:00.000,40,True,6,0,189,2315,18.93,231.56,0.0,True,0.0646,,,,,,,,,,,,,,,,
2026-01-27,a3c772d3fde52dbae832bi,2026-01-26 22:50:00.000,41,True,6,0,189,2309,18.93,230.91,0.0,True,0.0678,,,,,,,,,,,,,,,,
2026-01-27,a3c772d3fde52dbae832bi,2026-01-26 23:00:00.000,42,True,7,0,189,2313,18.93,231.38,0.0,True,0.0709,,,,,,,,,,,,,,,,
2026-01-27,a3c772d3fde52dbae832bi,2026-01-26 23:10:00.000,43,True,7,0,189,2310,18.93,231.0,0.0,True,0.0741,,,,,,,,,,,,,,,,
2026-01-27,a3c772d3fde52dbae832bi,2026-01-26 23:20:00.000,44,True,7,0,189,2315,18.93,231.54,0.0,True,0.0773,,,,,,,,,,,,,,,,
2026-01-27,a3c772d3fde52dbae832bi,2026-01-26 23:30:00.000,45,True,8,0,189,2305,18.93,230.53,0.0,True,0.0804,,,,,,,,,,,,,,,,
2026-01-27,a3c772d3fde52dbae832bi,2026-01-26 23:40:00.000,46,True,8,0,189,2309,18.93,230.98,0.0,True,0.0836,,,,,,,,,,,,,,,,
2026-01-27,a3c772d3fde52dbae832bi,2026-01-26 23:50:00.000,47,True,8,0,189,2306,18.93,230.69,0.0,True,0.0867,,,,,,,,,,,,,,,,
2026-01-27,a3c772d3fde52dbae832bi,2026-01-27 00:00:00.000,48,True,8,0,189,2301,18.93,230.17,0.0,True,0.0899,,,,,,,,,,,,,,,,
2026-01-27,a3c772d3fde52dbae832bi,2026-01-27 00:10:00.000,49,True,9,0,189,2323,18.93,232.31,0.0,True,0.093,,,,,,,,,,,,,,,,
2026-01-27,a3c772d3fde52dbae832bi,2026-01-27 00:20:00.000,50,True,9,0,189,2317,18.93,231.75,0.0,True,0.0962,,,,,,,,,,,,,,,,
2026-01-27,a3c772d3fde52dbae832bi,2026-01-27 00:30:00.000,51,True,9,0,189,2321,18.93,232.13,0.0,True,0.0994,,,,,,,,,,,,,,,,
2026-01-27,a3c772d3fde52dbae832bi,2026-01-27 00:40:00.000,52,True,10,0,189,2328,18.93,232.87,0.0,True,0.1025,,,,,,,,,,,,,,,,
2026-01-27,a3c772d3fde52dbae832bi,2026-01-27 00:50:00.000,53,False,10,0,0,2317,0.0,231.72,0.0,False,0.1025,,,,,,,,,,,,,,,,
2026-01-27,a3c772d3fde52dbae832bi,2026-01-27 01:00:00.000,54,True,10,0,189,2321,18.93,232.18,0.0,True,0.1057,,,,,,,,,,,,,,,,
2026-01-27,a3c772d3fde52dbae832bi,2026-01-27 01:10:00.000,55,True,10,0,189,2310,18.93,231.09,0.0,True,0.1088,,,,,,,,,,,,,,,,
2026-01-27,a3c772d3fde52dbae832bi,2026-01-27 01:20:00.000,56,True,11,0,189,2334,18.93,233.4,0.0,True,0.112,,,,,,,,,,,,,,,,
2026-01-27,a3c772d3fde52dbae832bi,2026-01-27 01:30:00.000,57,True,11,0,189,2334,18.93,233.4,0.0,True,0.1151,,,,,,,,,,,,,,,,
2026-01-27,a3c772d3fde52dbae832bi,2026-01-27 01:40:00.000,58,True,11,0,189,2328,18.93,232.81,0.0,True,0.1183,,,,,,,,,,,,,,,,
2026-01-27,a3c772d3fde52dbae832bi,2026-01-27 01:50:00.000,59,True,12,0,189,2313,18.93,231.31,0.0,True,0.1214,,,,,,,,,,,,,,,,
2026-01-27,a3c772d3fde52dbae832bi,2026-01-27 02:00:00.000,60,True,12,0,189,2303,18.93,230.3,0.0,True,0.1246,,,,,,,,,,,,,,,,
2026-01-27,a3c772d3fde52dbae832bi,2026-01-27 02:10:00.000,61,True,12,0,189,2297,18.93,229.76,0.0,True,0.1278,,,,,,,,,,,,,,,,
2026-01-27,a3c772d3fde52dbae832bi,2026-01-27 02:20:00.000,62,True,13,0,189,2299,18.93,229.97,0.0,True,0.1309,,,,,,,,,,,,,,,,
2026-01-27,a3c772d3fde52dbae832bi,2026-01-27 02:30:00.000,63,True,13,0,189,2300,18.93,230.07,0.0,True,0.1341,,,,,,,,,,,,,,,,
2026-01-27,a3c772d3fde52dbae832bi,2026-01-27 02:40:00.000,64,True,13,0,189,2300,18.93,230.01,0.0,True,0.1372,,,,,,,,,,,,,,,,
2026-01-27,a3c772d3fde52dbae832bi,2026-01-27 02:50:00.000,65,True,14,0,189,2298,18.93,229.81,0.0,True,0.1404,,,,,,,,,,,,,,,,
2026-01-27,a3c772d3fde52dbae832bi,2026-01-27 03:00:00.000,66,True,14,0,189,2302,18.93,230.23,0.0,True,0.1435,,,,,,,,,,,,,,,,
2026-01-27,a3c772d3fde52dbae832bi,2026-01-27 03:10:00.000,67,True,14,0,189,2298,18.93,229.81,0.0,True,0.1467,,,,,,,,,,,,,,,,
2026-01-27,a3c772d3fde52dbae832bi,2026-01-27 03:20:00.000,68,True,14,0,189,2301,18.93,230.12,0.0,True,0.1498,,,,,,,,,,,,,,,,
2026-01-27,a3c772d3fde52dbae832bi,2026-01-27 03:30:00.000,69,True,15,0,189,2310,18.93,231.09,0.0,True,0.153,,,,,,,,,,,,,,,,
2026-01-27,a3c772d3fde52dbae832bi,2026-01-27 03:40:00.000,70,True,15,0,189,2312,18.93,231.29,0.0,True,0.1562,,,,,,,,,,,,,,,,
2026-01-27,a3c772d3fde52dbae832bi,2026-01-27 03:50:00.000,71,True,15,0,189,2323,18.93,232.3,0.0,True,0.1593,,,,,,,,,,,,,,,,
2026-01-27,a3c772d3fde52dbae832bi,2026-01-27 04:00:00.000,72,True,16,0,189,2304,18.93,230.46,0.0,True,0.1625,,,,,,,,,,,,,,,,
2026-01-27,a3c772d3fde52dbae832bi,2026-01-27 04:10:00.000,73,True,16,0,189,2305,18.93,230.57,0.0,True,0.1656,,,,,,,,,,,,,,,,
2026-01-27,a3c772d3fde52dbae832bi,2026-01-27 04:20:00.000,74,True,16,0,189,2322,18.93,232.22,0.0,True,0.1688,,,,,,,,,,,,,,,,
2026-01-27,a3c772d3fde52dbae832bi,2026-01-27 04:30:00.000,75,True,17,0,189,2297,18.93,229.72,0.0,True,0.1719,,,,,,,,,,,,,,,,
2026-01-27,a3c772d3fde52dbae832bi,2026-01-27 04:40:00.000,76,True,17,0,189,2305,18.93,230.56,0.0,True,0.1751,,,,,,,,,,,,,,,,
2026-01-27,a3c772d3fde52dbae832bi,2026-01-27 04:50:00.000,77,True,17,0,189,2305,18.93,230.52,0.0,True,0.1782,,,,,,,,,,,,,,,,
2026-01-27,a3c772d3fde52dbae832bi,2026-01-27 05:00:00.000,78,True,17,41,56,2309,5.63,230.9,0.042,True,0.1792,,,,,,,,,,,,,,,,
2026-01-27,a3c772d3fde52dbae832bi,2026-01-27 05:10:00.000,79,False,17,0,0,2321,0.0,232.15,0.0,False,0.1792,,,,,,,,,,,,,,,,
2026-01-27,a3c772d3fde52dbae832bi,2026-01-27 05:20:00.000,80,True,17,20,28,2317,2.81,231.78,0.021,True,0.1797,,,,,,,,,,,,,,,,
2026-01-27,a3c772d3fde52dbae832bi,2026-01-27 05:30:00.000,81,False,17,0,0,2330,0.0,233.07,0.0,False,0.1797,,,,,,,,,,,,,,,,
2026-01-27,a3c772d3fde52dbae832bi,2026-01-27 05:40:00.000,82,True,18,20,28,2309,2.81,230.9,0.021,True,0.1801,,,,,,,,,,,,,,,,
2026-01-27,a3c772d3fde52dbae832bi,2026-01-27 05:50:00.000,83,True,18,20,28,2309,2.81,230.9,0.021,True,0.1806,,,,,,,,,,,,,,,,
2026-01-27,a3c772d3fde52dbae832bi,2026-01-27 06:00:00.000,84,True,18,60,82,2317,8.22,231.75,0.061,True,0.182,,,,,,,,,,,,,,,,
2026-01-27,a3c772d3fde52dbae832bi,2026-01-27 06:10:00.000,85,True,18,40,54,2324,5.5,232.48,0.04,True,0.1829,,,,,,,,,,,,,,,,
2026-01-27,a3c772d3fde52dbae832bi,2026-01-27 06:20:00.000,86,True,18,82,111,2317,11.13,231.76,0.082,True,0.1847,,,,,,,,,,,,,,,,
2026-01-27,a3c772d3fde52dbae832bi,2026-01-27 06:30:00.000,87,True,18,84,114,2311,11.42,231.17,0.085,True,0.1866,,,,,,,,,,,,,,,,
2026-01-27,a3c772d3fde52dbae832bi,2026-01-27 06:40:00.000,88,True,18,99,134,2314,13.44,231.41,0.099,True,0.1889,,,,,,,,,,,,,,,,
2026-01-27,a3c772d3fde52dbae832bi,2026-01-27 06:50:00.000,89,True,19,122,165,2311,16.55,231.16,0.123,True,0.1916,,,,,,,,,,,,,,,,
2026-01-27,a3c772d3fde52dbae832bi,2026-01-27 07:00:00.000,90,True,19,81,109,2304,10.97,230.43,0.082,True,0.1935,,,,,,,,,,,,,,,,
2026-01-27,a3c772d3fde52dbae832bi,2026-01-27 07:10:00.000,91,True,19,143,193,2311,19.36,231.16,0.143,True,0.1967,,,,,,,,,,,,,,,,
2026-01-27,a3c772d3fde52dbae832bi,2026-01-27 07:20:00.000,92,True,19,122,164,2304,16.46,230.42,0.122,True,0.1994,,,,,,,,,,,,,,,,
2026-01-27,a3c772d3fde52dbae832bi,2026-01-27 07:30:00.000,93,True,20,138,160,1980,16.03,198.06,0.139,True,0.2021,,,,,,,,,,,,,,,,
2026-01-27,a3c772d3fde52dbae832bi,2026-01-27 07:40:00.000,94,True,20,138,187,2310,18.7,231.09,0.139,True,0.2052,,,,,,,,,,,,,,,,
2026-01-27,a3c772d3fde52dbae832bi,2026-01-27 07:50:00.000,95,True,20,138,186,2312,18.67,231.27,0.138,True,0.2083,,,,,,,,,,,,,,,,
2026-01-27,a3c772d3fde52dbae832bi,2026-01-27 08:00:00.000,96,True,21,138,186,2312,18.67,231.27,0.138,True,0.2114,,,,,,,,,,,,,,,,
2026-01-27,a3c772d3fde52dbae832bi,2026-01-27 08:10:00.000,97,True,21,158,214,2314,21.46,231.47,0.159,True,0.215,,,,,,,,,,,,,,,,
2026-01-27,a3c772d3fde52dbae832bi,2026-01-27 08:20:00.000,98,True,21,158,214,2316,21.42,231.64,0.158,True,0.2186,,,,,,,,,,,,,,,,
2026-01-27,a3c772d3fde52dbae832bi,2026-01-27 08:30:00.000,99,True,22,158,214,2316,21.42,231.64,0.158,True,0.2222,,,,,,,,,,,,,,,,
2026-01-27,a3c772d3fde52dbae832bi,2026-01-27 08:40:00.000,100,True,22,178,241,2320,24.14,232.02,0.178,True,0.2262,,,,,,,,,,,,,,,,
2026-01-27,a3c772d3fde52dbae832bi,2026-01-27 08:50:00.000,101,True,22,158,214,2319,21.42,231.96,0.158,True,0.2298,,,,,,,,,,,,,,,,
2026-01-27,a3c772d3fde52dbae832bi,2026-01-27 09:00:00.000,102,True,23,158,214,2319,21.41,231.96,0.158,True,0.2333,,,,,,,,,,,,,,,,
2026-01-27,a3c772d3fde52dbae832bi,2026-01-27 09:10:00.000,103,True,23,137,186,2317,18.64,231.76,0.138,True,0.2364,,,,,,,,,,,,,,,,
2026-01-27,a3c772d3fde52dbae832bi,2026-01-27 09:20:00.000,104,True,23,158,214,2319,21.41,231.9,0.158,True,0.24,,,,,,,,,,,,,,,,
2026-01-27,a3c772d3fde52dbae832bi,2026-01-27 09:30:00.000,105,True,24,157,213,2319,21.4,231.96,0.158,True,0.2436,,,,,,,,,,,,,,,,
2026-01-27,a3c772d3fde52dbae832bi,2026-01-27 09:40:00.000,106,True,24,117,158,2315,15.87,231.5,0.117,True,0.2462,,,,,,,,,,,,,,,,
2026-01-27,a3c772d3fde52dbae832bi,2026-01-27 09:50:00.000,107,True,24,157,213,2315,21.36,231.53,0.158,True,0.2498,,,,,,,,,,,,,,,,
2026-01-27,a3c772d3fde52dbae832bi,2026-01-27 10:00:00.000,108,True,25,137,186,2314,18.64,231.46,0.138,True,0.2529,,,,,,,,,,,,,,,,
2026-01-27,a3c772d3fde52dbae832bi,2026-01-27 10:10:00.000,109,True,25,117,158,2315,15.87,231.52,0.117,True,0.2555,,,,,,,,,,,,,,,,
2026-01-27,a3c772d3fde52dbae832bi,2026-01-27 10:20:00.000,110,True,25,117,157,2308,15.77,230.8,0.117,True,0.2581,,,,,,,,,,,,,,,,
2026-01-27,a3c772d3fde52dbae832bi,2026-01-27 10:30:00.000,111,True,26,116,157,2308,15.73,230.8,0.117,True,0.2608,,,,,,,,,,,,,,,,
2026-01-27,a3c772d3fde52dbae832bi,2026-01-27 10:40:00.000,112,True,26,96,130,2313,13.04,231.36,0.097,True,0.2629,,,,,,,,,,,,,,,,
2026-01-27,a3c772d3fde52dbae832bi,2026-01-27 10:50:00.000,113,True,26,136,184,2313,18.49,231.3,0.137,True,0.266,,,,,,,,,,,,,,,,
2026-01-27,a3c772d3fde52dbae832bi,2026-01-27 11:00:00.000,114,True,26,116,158,2317,15.8,231.77,0.117,True,0.2687,,,,,,,,,,,,,,,,
2026-01-27,a3c772d3fde52dbae832bi,2026-01-27 11:10:00.000,115,True,27,97,131,2327,13.19,232.74,0.097,True,0.2709,,,,,,,,,,,,,,,,
2026-01-27,a3c772d3fde52dbae832bi,2026-01-27 11:20:00.000,116,True,27,97,131,2322,13.16,232.24,0.097,True,0.273,,,,,,,,,,,,,,,,
2026-01-27,a3c772d3fde52dbae832bi,2026-01-27 11:30:00.000,117,True,27,117,159,2325,15.95,232.57,0.117,True,0.2757,,,,,,,,,,,,,,,,
2026-01-27,a3c772d3fde52dbae832bi,2026-01-27 11:40:00.000,118,True,27,97,131,2320,13.15,232.04,0.097,True,0.2779,,,,,,,,,,,,,,,,
2026-01-27,a3c772d3fde52dbae832bi,2026-01-27 11:50:00.000,119,True,28,158,214,2323,21.47,232.36,0.158,True,0.2815,,,,,,,,,,,,,,,,
2026-01-27,a3c772d3fde52dbae832bi,2026-01-27 12:00:00.000,120,True,28,158,214,2323,21.44,232.36,0.158,True,0.285,,,,,,,,,,,,,,,,
2026-01-27,a3c772d3fde52dbae832bi,2026-01-27 12:10:00.000,121,True,28,117,159,2326,15.92,232.6,0.117,True,0.2877,,,,,,,,,,,,,,,,
2026-01-27,a3c772d3fde52dbae832bi,2026-01-27 12:20:00.000,122,True,29,137,186,2322,18.66,232.27,0.138,True,0.2908,,,,,,,,,,,,,,,,
2026-01-27,a3c772d3fde52dbae832bi,2026-01-27 12:30:00.000,123,True,29,137,186,2322,18.66,232.27,0.138,True,0.2939,,,,,,,,,,,,,,,,
2026-01-27,a3c772d3fde52dbae832bi,2026-01-27 12:40:00.000,124,True,29,137,186,2321,18.65,232.14,0.138,True,0.297,,,,,,,,,,,,,,,,
2026-01-27,a3c772d3fde52dbae832bi,2026-01-27 12:50:00.000,125,True,29,117,158,2320,15.89,232.08,0.117,True,0.2997,,,,,,,,,,,,,,,,
2026-01-27,a3c772d3fde52dbae832bi,2026-01-27 13:00:00.000,126,True,30,137,185,2308,18.51,230.89,0.137,True,0.3028,,,,,,,,,,,,,,,,
2026-01-27,a3c772d3fde52dbae832bi,2026-01-27 13:10:00.000,127,True,30,116,157,2305,15.7,230.51,0.117,True,0.3054,,,,,,,,,,,,,,,,
2026-01-27,a3c772d3fde52dbae832bi,2026-01-27 13:20:00.000,128,True,30,116,157,2303,15.72,230.39,0.117,True,0.308,,,,,,,,,,,,,,,,
2026-01-27,a3c772d3fde52dbae832bi,2026-01-27 13:30:00.000,129,True,31,116,157,2303,15.72,230.39,0.117,True,0.3106,,,,,,,,,,,,,,,,
2026-01-27,a3c772d3fde52dbae832bi,2026-01-27 13:40:00.000,130,True,31,56,75,2294,7.57,229.4,0.057,True,0.3119,,,,,,,,,,,,,,,,
2026-01-27,a3c772d3fde52dbae832bi,2026-01-27 13:50:00.000,131,True,31,56,75,2294,7.57,229.4,0.057,True,0.3131,,,,,,,,,,,,,,,,
2026-01-27,a3c772d3fde52dbae832bi,2026-01-27 14:00:00.000,132,True,31,76,102,2297,10.26,229.75,0.076,True,0.3149,,,,,,,,,,,,,,,,
2026-01-27,a3c772d3fde52dbae832bi,2026-01-27 14:10:00.000,133,True,31,76,102,2290,10.21,229.04,0.076,True,0.3166,,,,,,,,,,,,,,,,
2026-01-27,a3c772d3fde52dbae832bi,2026-01-27 14:20:00.000,134,True,31,56,75,2292,7.55,229.2,0.056,True,0.3178,,,,,,,,,,,,,,,,
2026-01-27,a3c772d3fde52dbae832bi,2026-01-27 14:30:00.000,135,True,31,56,75,2292,7.55,229.2,0.056,True,0.3191,,,,,,,,,,,,,,,,
2026-01-27,a3c772d3fde52dbae832bi,2026-01-27 14:40:00.000,136,True,32,76,102,2291,10.22,229.17,0.076,True,0.3208,,,,,,,,,,,,,,,,
2026-01-27,a3c772d3fde52dbae832bi,2026-01-27 14:50:00.000,137,True,32,76,102,2291,10.22,229.17,0.076,True,0.3225,,,,,,,,,,,,,,,,
2026-01-27,a3c772d3fde52dbae832bi,2026-01-27 15:00:00.000,138,True,32,56,75,2296,7.53,229.67,0.056,True,0.3237,,,,,,,,,,,,,,,,
2026-01-27,a3c772d3fde52dbae832bi,2026-01-27 15:10:00.000,139,True,32,56,75,2296,7.53,229.67,0.056,True,0.325,,,,,,,,,,,,,,,,
2026-01-27,a3c772d3fde52dbae832bi,2026-01-27 15:20:00.000,140,True,32,56,75,2298,7.55,229.8,0.056,True,0.3263,,,,,,,,,,,,,,,,
2026-01-27,a3c772d3fde52dbae832bi,2026-01-27 15:30:00.000,141,True,32,56,75,2302,7.55,230.22,0.056,True,0.3275,,,,,,,,,,,,,,,,
2026-01-27,a3c772d3fde52dbae832bi,2026-01-27 15:40:00.000,142,True,32,55,74,2287,7.48,228.78,0.056,True,0.3288,,,,,,,,,,,,,,,,
2026-01-27,a3c772d3fde52dbae832bi,2026-01-27 15:50:00.000,143,True,33,55,74,2287,7.48,228.78,0.056,True,0.33,,,,,,,,,,,,,,,,
2026-01-28,a3c772d3fde52dbae832bi,2026-01-27 16:00:00.000,0,True,0,95,79,2290,7.96,229.09,0.096,True,0.0013,,,,,,,,,,,,,,,,
2026-01-28,a3c772d3fde52dbae832bi,2026-01-27 16:10:00.000,1,True,0,111,92,2287,9.27,228.74,0.112,True,0.0029,,,,,,,,,,,,,,,,
2026-01-28,a3c772d3fde52dbae832bi,2026-01-27 16:20:00.000,2,True,0,111,92,2295,9.29,229.51,0.112,True,0.0044,,,,,,,,,,,,,,,,
2026-01-28,a3c772d3fde52dbae832bi,2026-01-27 16:30:00.000,3,True,0,51,42,2295,4.28,229.51,0.052,True,0.0051,,,,,,,,,,,,,,,,
2026-01-28,a3c772d3fde52dbae832bi,2026-01-27 16:40:00.000,4,True,0,52,44,2310,4.41,231.03,0.053,True,0.0059,,,,,,,,,,,,,,,,
2026-01-28,a3c772d3fde52dbae832bi,2026-01-27 16:50:00.000,5,True,0,32,27,2308,2.74,230.84,0.033,True,0.0063,,,,,,,,,,,,,,,,
2026-01-28,a3c772d3fde52dbae832bi,2026-01-27 17:00:00.000,6,True,0,32,27,2308,2.74,230.82,0.033,True,0.0068,,,,,,,,,,,,,,,,
2026-01-28,a3c772d3fde52dbae832bi,2026-01-27 17:10:00.000,7,True,0,32,27,2300,2.74,230.06,0.033,True,0.0072,,,,,,,,,,,,,,,,
2026-01-28,a3c772d3fde52dbae832bi,2026-01-27 17:20:00.000,8,True,0,32,27,2301,2.74,230.17,0.033,True,0.0077,,,,,,,,,,,,,,,,
2026-01-28,a3c772d3fde52dbae832bi,2026-01-27 17:30:00.000,9,True,0,32,27,2302,2.74,230.28,0.033,True,0.0081,,,,,,,,,,,,,,,,
2026-01-28,a3c772d3fde52dbae832bi,2026-01-27 17:40:00.000,10,True,0,32,27,2301,2.74,230.19,0.033,True,0.0086,,,,,,,,,,,,,,,,
2026-01-28,a3c772d3fde52dbae832bi,2026-01-27 17:50:00.000,11,True,0,32,26,2300,2.7,230.02,0.032,True,0.0091,,,,,,,,,,,,,,,,
2026-01-28,a3c772d3fde52dbae832bi,2026-01-27 18:00:00.000,12,True,0,32,26,2296,2.7,229.62,0.032,True,0.0095,,,,,,,,,,,,,,,,
2026-01-28,a3c772d3fde52dbae832bi,2026-01-27 18:10:00.000,13,True,0,32,26,2295,2.7,229.57,0.032,True,0.01,,,,,,,,,,,,,,,,
2026-01-28,a3c772d3fde52dbae832bi,2026-01-27 18:20:00.000,14,True,1,32,26,2303,2.7,230.37,0.032,True,0.0104,,,,,,,,,,,,,,,,
2026-01-28,a3c772d3fde52dbae832bi,2026-01-27 18:30:00.000,15,True,1,31,26,2299,2.64,229.93,0.032,True,0.0108,,,,,,,,,,,,,,,,
2026-01-28,a3c772d3fde52dbae832bi,2026-01-27 18:40:00.000,16,True,1,31,26,2303,2.64,230.39,0.032,True,0.0113,,,,,,,,,,,,,,,,
2026-01-28,a3c772d3fde52dbae832bi,2026-01-27 18:50:00.000,17,True,1,31,26,2303,2.64,230.3,0.032,True,0.0117,,,,,,,,,,,,,,,,
2026-01-28,a3c772d3fde52dbae832bi,2026-01-27 19:00:00.000,18,True,1,31,26,2301,2.64,230.17,0.032,True,0.0122,,,,,,,,,,,,,,,,
2026-01-28,a3c772d3fde52dbae832bi,2026-01-27 19:10:00.000,19,True,1,31,26,2301,2.64,230.17,0.032,True,0.0126,,,,,,,,,,,,,,,,
2026-01-28,a3c772d3fde52dbae832bi,2026-01-27 19:20:00.000,20,True,1,31,26,2303,2.64,230.35,0.032,True,0.013,,,,,,,,,,,,,,,,
2026-01-28,a3c772d3fde52dbae832bi,2026-01-27 19:30:00.000,21,True,1,31,26,2302,2.64,230.27,0.032,True,0.0135,,,,,,,,,,,,,,,,
2026-01-28,a3c772d3fde52dbae832bi,2026-01-27 19:40:00.000,22,True,1,31,26,2309,2.65,230.96,0.032,True,0.0139,,,,,,,,,,,,,,,,
2026-01-28,a3c772d3fde52dbae832bi,2026-01-27 19:50:00.000,23,True,1,32,26,2302,2.67,230.25,0.032,True,0.0144,,,,,,,,,,,,,,,,
2026-01-28,a3c772d3fde52dbae832bi,2026-01-27 20:00:00.000,24,True,1,32,26,2301,2.67,230.12,0.032,True,0.0148,,,,,,,,,,,,,,,,
2026-01-28,a3c772d3fde52dbae832bi,2026-01-27 20:10:00.000,25,True,1,31,26,2305,2.67,230.57,0.032,True,0.0153,,,,,,,,,,,,,,,,
2026-01-28,a3c772d3fde52dbae832bi,2026-01-27 20:20:00.000,26,True,1,32,26,2300,2.67,230.06,0.032,True,0.0157,,,,,,,,,,,,,,,,
2026-01-28,a3c772d3fde52dbae832bi,2026-01-27 20:30:00.000,27,True,1,32,26,2304,2.67,230.4,0.032,True,0.0162,,,,,,,,,,,,,,,,
2026-01-28,a3c772d3fde52dbae832bi,2026-01-27 20:40:00.000,28,True,1,32,27,2316,2.71,231.62,0.032,True,0.0166,,,,,,,,,,,,,,,,
2026-01-28,a3c772d3fde52dbae832bi,2026-01-27 20:50:00.000,29,True,1,0,161,2319,16.15,231.99,0.0,True,0.0193,,,,,,,,,,,,,,,,
2026-01-28,a3c772d3fde52dbae832bi,2026-01-27 21:00:00.000,30,True,2,0,161,2311,16.15,231.14,0.0,True,0.022,,,,,,,,,,,,,,,,
2026-01-28,a3c772d3fde52dbae832bi,2026-01-27 21:10:00.000,31,True,2,0,161,2318,16.15,231.83,0.0,True,0.0247,,,,,,,,,,,,,,,,
2026-01-28,a3c772d3fde52dbae832bi,2026-01-27 21:20:00.000,32,True,2,0,161,2314,16.15,231.41,0.0,True,0.0274,,,,,,,,,,,,,,,,
2026-01-28,a3c772d3fde52dbae832bi,2026-01-27 21:30:00.000,33,True,3,0,161,2308,16.15,230.84,0.0,True,0.0301,,,,,,,,,,,,,,,,
2026-01-28,a3c772d3fde52dbae832bi,2026-01-27 21:40:00.000,34,True,3,0,161,2314,16.15,231.42,0.0,True,0.0328,,,,,,,,,,,,,,,,
2026-01-28,a3c772d3fde52dbae832bi,2026-01-27 21:50:00.000,35,True,3,0,161,2315,16.15,231.52,0.0,True,0.0355,,,,,,,,,,,,,,,,
2026-01-28,a3c772d3fde52dbae832bi,2026-01-27 22:00:00.000,36,True,3,0,161,2309,16.15,230.92,0.0,True,0.0381,,,,,,,,,,,,,,,,
2026-01-28,a3c772d3fde52dbae832bi,2026-01-27 22:10:00.000,37,True,4,0,161,2309,16.15,230.95,0.0,True,0.0408,,,,,,,,,,,,,,,,
2026-01-28,a3c772d3fde52dbae832bi,2026-01-27 22:20:00.000,38,True,4,0,161,2312,16.15,231.26,0.0,True,0.0435,,,,,,,,,,,,,,,,
2026-01-28,a3c772d3fde52dbae832bi,2026-01-27 22:30:00.000,39,True,4,0,161,2312,16.15,231.26,0.0,True,0.0462,,,,,,,,,,,,,,,,
2026-01-28,a3c772d3fde52dbae832bi,2026-01-27 22:40:00.000,40,True,4,0,161,2315,16.15,231.56,0.0,True,0.0489,,,,,,,,,,,,,,,,
2026-01-28,a3c772d3fde52dbae832bi,2026-01-27 22:50:00.000,41,True,5,0,161,2309,16.15,230.91,0.0,True,0.0516,,,,,,,,,,,,,,,,
2026-01-28,a3c772d3fde52dbae832bi,2026-01-27 23:00:00.000,42,True,5,0,161,2313,16.15,231.38,0.0,True,0.0543,,,,,,,,,,,,,,,,
2026-01-28,a3c772d3fde52dbae832bi,2026-01-27 23:10:00.000,43,True,5,0,161,2310,16.15,231.0,0.0,True,0.057,,,,,,,,,,,,,,,,
2026-01-28,a3c772d3fde52dbae832bi,2026-01-27 23:20:00.000,44,True,5,0,161,2315,16.15,231.54,0.0,True,0.0597,,,,,,,,,,,,,,,,
2026-01-28,a3c772d3fde52dbae832bi,2026-01-27 23:30:00.000,45,True,6,0,161,2305,16.15,230.53,0.0,True,0.0624,,,,,,,,,,,,,,,,
2026-01-28,a3c772d3fde52dbae832bi,2026-01-27 23:40:00.000,46,True,6,0,161,2309,16.15,230.98,0.0,True,0.0651,,,,,,,,,,,,,,,,
2026-01-28,a3c772d3fde52dbae832bi,2026-01-27 23:50:00.000,47,True,6,0,161,2306,16.15,230.69,0.0,True,0.0678,,,,,,,,,,,,,,,,
2026-01-28,a3c772d3fde52dbae832bi,2026-01-28 00:00:00.000,48,True,7,0,161,2301,16.15,230.17,0.0,True,0.0705,,,,,,,,,,,,,,,,
2026-01-28,a3c772d3fde52dbae832bi,2026-01-28 00:10:00.000,49,True,7,0,161,2323,16.15,232.31,0.0,True,0.0731,,,,,,,,,,,,,,,,
2026-01-28,a3c772d3fde52dbae832bi,2026-01-28 00:20:00.000,50,True,7,0,161,2317,16.15,231.75,0.0,True,0.0758,,,,,,,,,,,,,,,,
2026-01-28,a3c772d3fde52dbae832bi,2026-01-28 00:30:00.000,51,True,7,0,161,2321,16.15,232.13,0.0,True,0.0785,,,,,,,,,,,,,,,,
2026-01-28,a3c772d3fde52dbae832bi,2026-01-28 00:40:00.000,52,True,8,0,161,2328,16.15,232.87,0.0,True,0.0812,,,,,,,,,,,,,,,,
2026-01-28,a3c772d3fde52dbae832bi,2026-01-28 00:50:00.000,53,False,8,0,0,2317,0.0,231.72,0.0,False,0.0812,,,,,,,,,,,,,,,,
2026-01-28,a3c772d3fde52dbae832bi,2026-01-28 01:00:00.000,54,True,8,0,161,2321,16.15,232.18,0.0,True,0.0839,,,,,,,,,,,,,,,,
2026-01-28,a3c772d3fde52dbae832bi,2026-01-28 01:10:00.000,55,True,8,0,161,2310,16.15,231.09,0.0,True,0.0866,,,,,,,,,,,,,,,,
2026-01-28,a3c772d3fde52dbae832bi,2026-01-28 01:20:00.000,56,True,8,0,161,2334,16.15,233.4,0.0,True,0.0893,,,,,,,,,,,,,,,,
2026-01-28,a3c772d3fde52dbae832bi,2026-01-28 01:30:00.000,57,True,9,0,161,2334,16.15,233.4,0.0,True,0.092,,,,,,,,,,,,,,,,
2026-01-28,a3c772d3fde52dbae832bi,2026-01-28 01:40:00.000,58,True,9,0,161,2328,16.15,232.81,0.0,True,0.0947,,,,,,,,,,,,,,,,
2026-01-28,a3c772d3fde52dbae832bi,2026-01-28 01:50:00.000,59,True,9,0,161,2313,16.15,231.31,0.0,True,0.0974,,,,,,,,,,,,,,,,
2026-01-28,a3c772d3fde52dbae832bi,2026-01-28 02:00:00.000,60,True,10,0,161,2303,16.15,230.3,0.0,True,0.1001,,,,,,,,,,,,,,,,
2026-01-28,a3c772d3fde52dbae832bi,2026-01-28 02:10:00.000,61,True,10,0,161,2297,16.15,229.76,0.0,True,0.1028,,,,,,,,,,,,,,,,
2026-01-28,a3c772d3fde52dbae832bi,2026-01-28 02:20:00.000,62,True,10,0,161,2299,16.15,229.97,0.0,True,0.1055,,,,,,,,,,,,,,,,
2026-01-28,a3c772d3fde52dbae832bi,2026-01-28 02:30:00.000,63,True,10,0,161,2300,16.15,230.07,0.0,True,0.1081,,,,,,,,,,,,,,,,
2026-01-28,a3c772d3fde52dbae832bi,2026-01-28 02:40:00.000,64,True,11,0,161,2300,16.15,230.01,0.0,True,0.1108,,,,,,,,,,,,,,,,
2026-01-28,a3c772d3fde52dbae832bi,2026-01-28 02:50:00.000,65,True,11,0,161,2298,16.15,229.81,0.0,True,0.1135,,,,,,,,,,,,,,,,
2026-01-28,a3c772d3fde52dbae832bi,2026-01-28 03:00:00.000,66,True,11,0,161,2302,16.15,230.23,0.0,True,0.1162,,,,,,,,,,,,,,,,
2026-01-28,a3c772d3fde52dbae832bi,2026-01-28 03:10:00.000,67,True,11,0,161,2298,16.15,229.81,0.0,True,0.1189,,,,,,,,,,,,,,,,
2026-01-28,a3c772d3fde52dbae832bi,2026-01-28 03:20:00.000,68,True,12,0,161,2301,16.15,230.12,0.0,True,0.1216,,,,,,,,,,,,,,,,
2026-01-28,a3c772d3fde52dbae832bi,2026-01-28 03:30:00.000,69,True,12,0,161,2310,16.15,231.09,0.0,True,0.1243,,,,,,,,,,,,,,,,
2026-01-28,a3c772d3fde52dbae832bi,2026-01-28 03:40:00.000,70,True,12,0,161,2312,16.15,231.29,0.0,True,0.127,,,,,,,,,,,,,,,,
2026-01-28,a3c772d3fde52dbae832bi,2026-01-28 03:50:00.000,71,True,12,0,161,2323,16.15,232.3,0.0,True,0.1297,,,,,,,,,,,,,,,,
2026-01-28,a3c772d3fde52dbae832bi,2026-01-28 04:00:00.000,72,True,13,0,161,2304,16.15,230.46,0.0,True,0.1324,,,,,,,,,,,,,,,,
2026-01-28,a3c772d3fde52dbae832bi,2026-01-28 04:10:00.000,73,True,13,0,161,2305,16.15,230.57,0.0,True,0.1351,,,,,,,,,,,,,,,,
2026-01-28,a3c772d3fde52dbae832bi,2026-01-28 04:20:00.000,74,True,13,0,161,2322,16.15,232.22,0.0,True,0.1378,,,,,,,,,,,,,,,,
2026-01-28,a3c772d3fde52dbae832bi,2026-01-28 04:30:00.000,75,True,14,0,161,2297,16.15,229.72,0.0,True,0.1405,,,,,,,,,,,,,,,,
2026-01-28,a3c772d3fde52dbae832bi,2026-01-28 04:40:00.000,76,True,14,0,161,2305,16.15,230.56,0.0,True,0.1431,,,,,,,,,,,,,,,,
2026-01-28,a3c772d3fde52dbae832bi,2026-01-28 04:50:00.000,77,True,14,0,161,2305,16.15,230.52,0.0,True,0.1458,,,,,,,,,,,,,,,,
2026-01-28,a3c772d3fde52dbae832bi,2026-01-28 05:00:00.000,78,True,14,41,34,2309,3.49,230.9,0.042,True,0.1464,,,,,,,,,,,,,,,,
2026-01-28,a3c772d3fde52dbae832bi,2026-01-28 05:10:00.000,79,False,14,0,0,2321,0.0,232.15,0.0,False,0.1464,,,,,,,,,,,,,,,,
2026-01-28,a3c772d3fde52dbae832bi,2026-01-28 05:20:00.000,80,True,14,20,17,2317,1.74,231.78,0.021,True,0.1467,,,,,,,,,,,,,,,,
2026-01-28,a3c772d3fde52dbae832bi,2026-01-28 05:30:00.000,81,False,14,0,0,2330,0.0,233.07,0.0,False,0.1467,,,,,,,,,,,,,,,,
2026-01-28,a3c772d3fde52dbae832bi,2026-01-28 05:40:00.000,82,True,14,20,17,2309,1.74,230.9,0.021,True,0.147,,,,,,,,,,,,,,,,
2026-01-28,a3c772d3fde52dbae832bi,2026-01-28 05:50:00.000,83,True,14,20,17,2309,1.74,230.9,0.021,True,0.1473,,,,,,,,,,,,,,,,
2026-01-28,a3c772d3fde52dbae832bi,2026-01-28 06:00:00.000,84,True,14,60,51,2317,5.1,231.75,0.061,True,0.1481,,,,,,,,,,,,,,,,
2026-01-28,a3c772d3fde52dbae832bi,2026-01-28 06:10:00.000,85,True,14,40,34,2324,3.41,232.48,0.04,True,0.1487,,,,,,,,,,,,,,,,
2026-01-28,a3c772d3fde52dbae832bi,2026-01-28 06:20:00.000,86,True,14,82,69,2317,6.9,231.76,0.082,True,0.1499,,,,,,,,,,,,,,,,
2026-01-28,a3c772d3fde52dbae832bi,2026-01-28 06:30:00.000,87,True,15,84,70,2311,7.08,231.17,0.085,True,0.151,,,,,,,,,,,,,,,,
2026-01-28,a3c772d3fde52dbae832bi,2026-01-28 06:40:00.000,88,True,15,99,83,2314,8.34,231.41,0.099,True,0.1524,,,,,,,,,,,,,,,,
2026-01-28,a3c772d3fde52dbae832bi,2026-01-28 06:50:00.000,89,True,15,122,102,2311,10.27,231.16,0.123,True,0.1541,,,,,,,,,,,,,,,,
2026-01-28,a3c772d3fde52dbae832bi,2026-01-28 07:00:00.000,90,True,15,81,68,2304,6.81,230.43,0.082,True,0.1553,,,,,,,,,,,,,,,,
2026-01-28,a3c772d3fde52dbae832bi,2026-01-28 07:10:00.000,91,True,15,143,120,2311,12.01,231.16,0.143,True,0.1573,,,,,,,,,,,,,,,,
2026-01-28,a3c772d3fde52dbae832bi,2026-01-28 07:20:00.000,92,True,15,122,102,2304,10.21,230.42,0.122,True,0.159,,,,,,,,,,,,,,,,
2026-01-28,a3c772d3fde52dbae832bi,2026-01-28 07:30:00.000,93,True,16,138,99,1980,9.95,198.06,0.139,True,0.1606,,,,,,,,,,,,,,,,
2026-01-28,a3c772d3fde52dbae832bi,2026-01-28 07:40:00.000,94,True,16,138,116,2310,11.6,231.09,0.139,True,0.1626,,,,,,,,,,,,,,,,
2026-01-28,a3c772d3fde52dbae832bi,2026-01-28 07:50:00.000,95,True,16,138,115,2312,11.58,231.27,0.138,True,0.1645,,,,,,,,,,,,,,,,
2026-01-28,a3c772d3fde52dbae832bi,2026-01-28 08:00:00.000,96,True,16,138,115,2312,11.58,231.27,0.138,True,0.1664,,,,,,,,,,,,,,,,
2026-01-28,a3c772d3fde52dbae832bi,2026-01-28 08:10:00.000,97,True,16,158,133,2314,13.31,231.47,0.159,True,0.1687,,,,,,,,,,,,,,,,
2026-01-28,a3c772d3fde52dbae832bi,2026-01-28 08:20:00.000,98,True,17,158,132,2316,13.29,231.64,0.158,True,0.1709,,,,,,,,,,,,,,,,
2026-01-28,a3c772d3fde52dbae832bi,2026-01-28 08:30:00.000,99,True,17,158,132,2316,13.29,231.64,0.158,True,0.1731,,,,,,,,,,,,,,,,
2026-01-28,a3c772d3fde52dbae832bi,2026-01-28 08:40:00.000,100,True,17,178,149,2320,14.98,232.02,0.178,True,0.1756,,,,,,,,,,,,,,,,
2026-01-28,a3c772d3fde52dbae832bi,2026-01-28 08:50:00.000,101,True,17,158,132,2319,13.29,231.96,0.158,True,0.1778,,,,,,,,,,,,,,,,
2026-01-28,a3c772d3fde52dbae832bi,2026-01-28 09:00:00.000,102,True,18,158,132,2319,13.28,231.96,0.158,True,0.18,,,,,,,,,,,,,,,,
2026-01-28,a3c772d3fde52dbae832bi,2026-01-28 09:10:00.000,103,True,18,137,115,2317,11.57,231.76,0.138,True,0.1819,,,,,,,,,,,,,,,,
2026-01-28,a3c772d3fde52dbae832bi,2026-01-28 09:20:00.000,104,True,18,158,132,2319,13.28,231.9,0.158,True,0.1842,,,,,,,,,,,,,,,,
2026-01-28,a3c772d3fde52dbae832bi,2026-01-28 09:30:00.000,105,True,18,157,132,2319,13.27,231.96,0.158,True,0.1864,,,,,,,,,,,,,,,,
2026-01-28,a3c772d3fde52dbae832bi,2026-01-28 09:40:00.000,106,True,18,117,98,2315,9.85,231.5,0.117,True,0.188,,,,,,,,,,,,,,,,
2026-01-28,a3c772d3fde52dbae832bi,2026-01-28 09:50:00.000,107,True,19,157,132,2315,13.25,231.53,0.158,True,0.1902,,,,,,,,,,,,,,,,
2026-01-28,a3c772d3fde52dbae832bi,2026-01-28 10:00:00.000,108,True,19,137,115,2314,11.57,231.46,0.138,True,0.1921,,,,,,,,,,,,,,,,
2026-01-28,a3c772d3fde52dbae832bi,2026-01-28 10:10:00.000,109,True,19,117,98,2315,9.85,231.52,0.117,True,0.1938,,,,,,,,,,,,,,,,
2026-01-28,a3c772d3fde52dbae832bi,2026-01-28 10:20:00.000,110,True,19,117,97,2308,9.78,230.8,0.117,True,0.1954,,,,,,,,,,,,,,,,
2026-01-28,a3c772d3fde52dbae832bi,2026-01-28 10:30:00.000,111,True,19,116,97,2308,9.76,230.8,0.117,True,0.197,,,,,,,,,,,,,,,,
2026-01-28,a3c772d3fde52dbae832bi,2026-01-28 10:40:00.000,112,True,19,96,80,2313,8.1,231.36,0.097,True,0.1984,,,,,,,,,,,,,,,,
2026-01-28,a3c772d3fde52dbae832bi,2026-01-28 10:50:00.000,113,True,20,136,114,2313,11.47,231.3,0.137,True,0.2003,,,,,,,,,,,,,,,,
2026-01-28,a3c772d3fde52dbae832bi,2026-01-28 11:00:00.000,114,True,20,116,98,2317,9.8,231.77,0.117,True,0.2019,,,,,,,,,,,,,,,,
2026-01-28,a3c772d3fde52dbae832bi,2026-01-28 11:10:00.000,115,True,20,97,81,2327,8.18,232.74,0.097,True,0.2033,,,,,,,,,,,,,,,,
2026-01-28,a3c772d3fde52dbae832bi,2026-01-28 11:20:00.000,116,True,20,97,81,2322,8.16,232.24,0.097,True,0.2047,,,,,,,,,,,,,,,,
2026-01-28,a3c772d3fde52dbae832bi,2026-01-28 11:30:00.000,117,True,20,117,98,2325,9.9,232.57,0.117,True,0.2063,,,,,,,,,,,,,,,,
2026-01-28,a3c772d3fde52dbae832bi,2026-01-28 11:40:00.000,118,True,20,97,81,2320,8.16,232.04,0.097,True,0.2077,,,,,,,,,,,,,,,,
2026-01-28,a3c772d3fde52dbae832bi,2026-01-28 11:50:00.000,119,True,20,158,133,2323,13.32,232.36,0.158,True,0.2099,,,,,,,,,,,,,,,,
2026-01-28,a3c772d3fde52dbae832bi,2026-01-28 12:00:00.000,120,True,21,158,133,2323,13.3,232.36,0.158,True,0.2121,,,,,,,,,,,,,,,,
2026-01-28,a3c772d3fde52dbae832bi,2026-01-28 12:10:00.000,121,True,21,117,98,2326,9.88,232.6,0.117,True,0.2138,,,,,,,,,,,,,,,,
2026-01-28,a3c772d3fde52dbae832bi,2026-01-28 12:20:00.000,122,True,21,137,115,2322,11.58,232.27,0.138,True,0.2157,,,,,,,,,,,,,,,,
2026-01-28,a3c772d3fde52dbae832bi,2026-01-28 12:30:00.000,123,True,21,137,115,2322,11.58,232.27,0.138,True,0.2176,,,,,,,,,,,,,,,,
2026-01-28,a3c772d3fde52dbae832bi,2026-01-28 12:40:00.000,124,True,21,137,115,2321,11.57,232.14,0.138,True,0.2195,,,,,,,,,,,,,,,,
2026-01-28,a3c772d3fde52dbae832bi,2026-01-28 12:50:00.000,125,True,22,117,98,2320,9.86,232.08,0.117,True,0.2212,,,,,,,,,,,,,,,,
2026-01-28,a3c772d3fde52dbae832bi,2026-01-28 13:00:00.000,126,True,22,137,114,2308,11.48,230.89,0.137,True,0.2231,,,,,,,,,,,,,,,,
2026-01-28,a3c772d3fde52dbae832bi,2026-01-28 13:10:00.000,127,True,22,116,97,2305,9.75,230.51,0.117,True,0.2247,,,,,,,,,,,,,,,,
2026-01-28,a3c772d3fde52dbae832bi,2026-01-28 13:20:00.000,128,True,22,116,97,2303,9.75,230.39,0.117,True,0.2264,,,,,,,,,,,,,,,,
2026-01-28,a3c772d3fde52dbae832bi,2026-01-28 13:30:00.000,129,True,22,116,97,2303,9.75,230.39,0.117,True,0.228,,,,,,,,,,,,,,,,
2026-01-28,a3c772d3fde52dbae832bi,2026-01-28 13:40:00.000,130,True,22,56,46,2294,4.7,229.4,0.057,True,0.2288,,,,,,,,,,,,,,,,
2026-01-28,a3c772d3fde52dbae832bi,2026-01-28 13:50:00.000,131,True,22,56,46,2294,4.7,229.4,0.057,True,0.2295,,,,,,,,,,,,,,,,
2026-01-28,a3c772d3fde52dbae832bi,2026-01-28 14:00:00.000,132,True,23,76,63,2297,6.36,229.75,0.076,True,0.2306,,,,,,,,,,,,,,,,
2026-01-28,a3c772d3fde52dbae832bi,2026-01-28 14:10:00.000,133,True,23,76,63,2290,6.34,229.04,0.076,True,0.2317,,,,,,,,,,,,,,,,
2026-01-28,a3c772d3fde52dbae832bi,2026-01-28 14:20:00.000,134,True,23,56,46,2292,4.68,229.2,0.056,True,0.2324,,,,,,,,,,,,,,,,
2026-01-28,a3c772d3fde52dbae832bi,2026-01-28 14:30:00.000,135,True,23,56,46,2292,4.68,229.2,0.056,True,0.2332,,,,,,,,,,,,,,,,
2026-01-28,a3c772d3fde52dbae832bi,2026-01-28 14:40:00.000,136,True,23,76,63,2291,6.34,229.17,0.076,True,0.2343,,,,,,,,,,,,,,,,
2026-01-28,a3c772d3fde52dbae832bi,2026-01-28 14:50:00.000,137,True,23,76,63,2291,6.34,229.17,0.076,True,0.2353,,,,,,,,,,,,,,,,
2026-01-28,a3c772d3fde52dbae832bi,2026-01-28 15:00:00.000,138,True,23,56,46,2296,4.68,229.67,0.056,True,0.2361,,,,,,,,,,,,,,,,
2026-01-28,a3c772d3fde52dbae832bi,2026-01-28 15:10:00.000,139,True,23,56,46,2296,4.68,229.67,0.056,True,0.2369,,,,,,,,,,,,,,,,
2026-01-28,a3c772d3fde52dbae832bi,2026-01-28 15:20:00.000,140,True,23,56,46,2298,4.68,229.8,0.056,True,0.2377,,,,,,,,,,,,,,,,
2026-01-28,a3c772d3fde52dbae832bi,2026-01-28 15:30:00.000,141,True,23,56,46,2302,4.68,230.22,0.056,True,0.2385,,,,,,,,,,,,,,,,
2026-01-28,a3c772d3fde52dbae832bi,2026-01-28 15:40:00.000,142,True,23,55,46,2287,4.64,228.78,0.056,True,0.2392,,,,,,,,,,,,,,,,
2026-01-28,a3c772d3fde52dbae832bi,2026-01-28 15:50:00.000,143,True,24,55,46,2287,4.64,228.78,0.056,True,0.24,,,,,,,,,,,,,,,,
2026-01-29,a3c772d3fde52dbae832bi,2026-01-28 16:00:00.000,0,True,0,95,139,2290,13.97,229.09,0.096,True,0.0023,,,,,,,,,,,,,,,,
2026-01-29,a3c772d3fde52dbae832bi,2026-01-28 16:10:00.000,1,True,0,111,162,2287,16.27,228.74,0.112,True,0.005,,,,,,,,,,,,,,,,
2026-01-29,a3c772d3fde52dbae832bi,2026-01-28 16:20:00.000,2,True,0,111,163,2295,16.31,229.51,0.112,True,0.0078,,,,,,,,,,,,,,,,
2026-01-29,a3c772d3fde52dbae832bi,2026-01-28 16:30:00.000,3,True,0,51,75,2295,7.52,229.51,0.052,True,0.009,,,,,,,,,,,,,,,,
2026-01-29,a3c772d3fde52dbae832bi,2026-01-28 16:40:00.000,4,True,1,52,77,2310,7.74,231.03,0.053,True,0.0103,,,,,,,,,,,,,,,,
2026-01-29,a3c772d3fde52dbae832bi,2026-01-28 16:50:00.000,5,True,1,32,48,2308,4.81,230.84,0.033,True,0.0111,,,,,,,,,,,,,,,,
2026-01-29,a3c772d3fde52dbae832bi,2026-01-28 17:00:00.000,6,True,1,32,48,2308,4.81,230.82,0.033,True,0.0119,,,,,,,,,,,,,,,,
2026-01-29,a3c772d3fde52dbae832bi,2026-01-28 17:10:00.000,7,True,1,32,48,2300,4.81,230.06,0.033,True,0.0127,,,,,,,,,,,,,,,,
2026-01-29,a3c772d3fde52dbae832bi,2026-01-28 17:20:00.000,8,True,1,32,48,2301,4.81,230.17,0.033,True,0.0135,,,,,,,,,,,,,,,,
2026-01-29,a3c772d3fde52dbae832bi,2026-01-28 17:30:00.000,9,True,1,32,48,2302,4.81,230.28,0.033,True,0.0143,,,,,,,,,,,,,,,,
2026-01-29,a3c772d3fde52dbae832bi,2026-01-28 17:40:00.000,10,True,1,32,48,2301,4.81,230.19,0.033,True,0.0151,,,,,,,,,,,,,,,,
2026-01-29,a3c772d3fde52dbae832bi,2026-01-28 17:50:00.000,11,True,1,32,47,2300,4.73,230.02,0.032,True,0.0159,,,,,,,,,,,,,,,,
2026-01-29,a3c772d3fde52dbae832bi,2026-01-28 18:00:00.000,12,True,1,32,47,2296,4.73,229.62,0.032,True,0.0167,,,,,,,,,,,,,,,,
2026-01-29,a3c772d3fde52dbae832bi,2026-01-28 18:10:00.000,13,True,1,32,47,2295,4.73,229.57,0.032,True,0.0175,,,,,,,,,,,,,,,,
2026-01-29,a3c772d3fde52dbae832bi,2026-01-28 18:20:00.000,14,True,1,32,47,2303,4.73,230.37,0.032,True,0.0183,,,,,,,,,,,,,,,,
2026-01-29,a3c772d3fde52dbae832bi,2026-01-28 18:30:00.000,15,True,1,31,46,2299,4.64,229.93,0.032,True,0.019,,,,,,,,,,,,,,,,
2026-01-29,a3c772d3fde52dbae832bi,2026-01-28 18:40:00.000,16,True,1,31,46,2303,4.64,230.39,0.032,True,0.0198,,,,,,,,,,,,,,,,
2026-01-29,a3c772d3fde52dbae832bi,2026-01-28 18:50:00.000,17,True,2,31,46,2303,4.64,230.3,0.032,True,0.0206,,,,,,,,,,,,,,,,
2026-01-29,a3c772d3fde52dbae832bi,2026-01-28 19:00:00.000,18,True,2,31,46,2301,4.64,230.17,0.032,True,0.0214,,,,,,,,,,,,,,,,
2026-01-29,a3c772d3fde52dbae832bi,2026-01-28 19:10:00.000,19,True,2,31,46,2301,4.64,230.17,0.032,True,0.0221,,,,,,,,,,,,,,,,
2026-01-29,a3c772d3fde52dbae832bi,2026-01-28 19:20:00.000,20,True,2,31,46,2303,4.64,230.35,0.032,True,0.0229,,,,,,,,,,,,,,,,
2026-01-29,a3c772d3fde52dbae832bi,2026-01-28 19:30:00.000,21,True,2,31,46,2302,4.64,230.27,0.032,True,0.0237,,,,,,,,,,,,,,,,
2026-01-29,a3c772d3fde52dbae832bi,2026-01-28 19:40:00.000,22,True,2,31,46,2309,4.66,230.96,0.032,True,0.0244,,,,,,,,,,,,,,,,
2026-01-29,a3c772d3fde52dbae832bi,2026-01-28 19:50:00.000,23,True,2,32,46,2302,4.69,230.25,0.032,True,0.0252,,,,,,,,,,,,,,,,
2026-01-29,a3c772d3fde52dbae832bi,2026-01-28 20:00:00.000,24,True,2,32,46,2301,4.69,230.12,0.032,True,0.026,,,,,,,,,,,,,,,,
2026-01-29,a3c772d3fde52dbae832bi,2026-01-28 20:10:00.000,25,True,2,31,46,2305,4.69,230.57,0.032,True,0.0268,,,,,,,,,,,,,,,,
2026-01-29,a3c772d3fde52dbae832bi,2026-01-28 20:20:00.000,26,True,2,32,46,2300,4.69,230.06,0.032,True,0.0276,,,,,,,,,,,,,,,,
2026-01-29,a3c772d3fde52dbae832bi,2026-01-28 20:30:00.000,27,True,2,32,46,2304,4.69,230.4,0.032,True,0.0284,,,,,,,,,,,,,,,,
2026-01-29,a3c772d3fde52dbae832bi,2026-01-28 20:40:00.000,28,True,2,32,47,2316,4.76,231.62,0.032,True,0.0292,,,,,,,,,,,,,,,,
2026-01-29,a3c772d3fde52dbae832bi,2026-01-28 20:50:00.000,29,True,3,0,194,2319,19.44,231.99,0.0,True,0.0324,,,,,,,,,,,,,,,,
2026-01-29,a3c772d3fde52dbae832bi,2026-01-28 21:00:00.000,30,True,3,0,194,2311,19.44,231.14,0.0,True,0.0356,,,,,,,,,,,,,,,,
2026-01-29,a3c772d3fde52dbae832bi,2026-01-28 21:10:00.000,31,True,3,0,194,2318,19.44,231.83,0.0,True,0.0389,,,,,,,,,,,,,,,,
2026-01-29,a3c772d3fde52dbae832bi,2026-01-28 21:20:00.000,32,True,4,0,194,2314,19.44,231.41,0.0,True,0.0421,,,,,,,,,,,,,,,,
2026-01-29,a3c772d3fde52dbae832bi,2026-01-28 21:30:00.000,33,True,4,0,194,2308,19.44,230.84,0.0,True,0.0454,,,,,,,,,,,,,,,,
2026-01-29,a3c772d3fde52dbae832bi,2026-01-28 21:40:00.000,34,True,4,0,194,2314,19.44,231.42,0.0,True,0.0486,,,,,,,,,,,,,,,,
2026-01-29,a3c772d3fde52dbae832bi,2026-01-28 21:50:00.000,35,True,5,0,194,2315,19.44,231.52,0.0,True,0.0518,,,,,,,,,,,,,,,,
2026-01-29,a3c772d3fde52dbae832bi,2026-01-28 22:00:00.000,36,True,5,0,194,2309,19.44,230.92,0.0,True,0.0551,,,,,,,,,,,,,,,,
2026-01-29,a3c772d3fde52dbae832bi,2026-01-28 22:10:00.000,37,True,5,0,194,2309,19.44,230.95,0.0,True,0.0583,,,,,,,,,,,,,,,,
2026-01-29,a3c772d3fde52dbae832bi,2026-01-28 22:20:00.000,38,True,6,0,194,2312,19.44,231.26,0.0,True,0.0616,,,,,,,,,,,,,,,,
2026-01-29,a3c772d3fde52dbae832bi,2026-01-28 22:30:00.000,39,True,6,0,194,2312,19.44,231.26,0.0,True,0.0648,,,,,,,,,,,,,,,,
2026-01-29,a3c772d3fde52dbae832bi,2026-01-28 22:40:00.000,40,True,6,0,194,2315,19.44,231.56,0.0,True,0.068,,,,,,,,,,,,,,,,
2026-01-29,a3c772d3fde52dbae832bi,2026-01-28 22:50:00.000,41,True,7,0,194,2309,19.44,230.91,0.0,True,0.0713,,,,,,,,,,,,,,,,
2026-01-29,a3c772d3fde52dbae832bi,2026-01-28 23:00:00.000,42,True,7,0,194,2313,19.44,231.38,0.0,True,0.0745,,,,,,,,,,,,,,,,
2026-01-29,a3c772d3fde52dbae832bi,2026-01-28 23:10:00.000,43,True,7,0,194,2310,19.44,231.0,0.0,True,0.0778,,,,,,,,,,,,,,,,
2026-01-29,a3c772d3fde52dbae832bi,2026-01-28 23:20:00.000,44,True,8,0,194,2315,19.44,231.54,0.0,True,0.081,,,,,,,,,,,,,,,,
2026-01-29,a3c772d3fde52dbae832bi,2026-01-28 23:30:00.000,45,True,8,0,194,2305,19.44,230.53,0.0,True,0.0842,,,,,,,,,,,,,,,,
2026-01-29,a3c772d3fde52dbae832bi,2026-01-28 23:40:00.000,46,True,8,0,194,2309,19.44,230.98,0.0,True,0.0875,,,,,,,,,,,,,,,,
2026-01-29,a3c772d3fde52dbae832bi,2026-01-28 23:50:00.000,47,True,9,0,194,2306,19.44,230.69,0.0,True,0.0907,,,,,,,,,,,,,,,,
2026-01-29,a3c772d3fde52dbae832bi,2026-01-29 00:00:00.000,48,True,9,0,194,2301,19.44,230.17,0.0,True,0.094,,,,,,,,,,,,,,,,
2026-01-29,a3c772d3fde52dbae832bi,2026-01-29 00:10:00.000,49,True,9,0,194,2323,19.44,232.31,0.0,True,0.0972,,,,,,,,,,,,,,,,
2026-01-29,a3c772d3fde52dbae832bi,2026-01-29 00:20:00.000,50,True,10,0,194,2317,19.44,231.75,0.0,True,0.1005,,,,,,,,,,,,,,,,
2026-01-29,a3c772d3fde52dbae832bi,2026-01-29 00:30:00.000,51,True,10,0,194,2321,19.44,232.13,0.0,True,0.1037,,,,,,,,,,,,,,,,
2026-01-29,a3c772d3fde52dbae832bi,2026-01-29 00:40:00.000,52,True,10,0,194,2328,19.44,232.87,0.0,True,0.1069,,,,,,,,,,,,,,,,
2026-01-29,a3c772d3fde52dbae832bi,2026-01-29 00:50:00.000,53,False,10,0,0,2317,0.0,231.72,0.0,False,0.1069,,,,,,,,,,,,,,,,
2026-01-29,a3c772d3fde52dbae832bi,2026-01-29 01:00:00.000,54,True,11,0,194,2321,19.44,232.18,0.0,True,0.1102,,,,,,,,,,,,,,,,
2026-01-29,a3c772d3fde52dbae832bi,2026-01-29 01:10:00.000,55,True,11,0,194,2310,19.44,231.09,0.0,True,0.1134,,,,,,,,,,,,,,,,
2026-01-29,a3c772d3fde52dbae832bi,2026-01-29 01:20:00.000,56,True,11,0,194,2334,19.44,233.4,0.0,True,0.1167,,,,,,,,,,,,,,,,
2026-01-29,a3c772d3fde52dbae832bi,2026-01-29 01:30:00.000,57,True,11,0,194,2334,19.44,233.4,0.0,True,0.1199,,,,,,,,,,,,,,,,
2026-01-29,a3c772d3fde52dbae832bi,2026-01-29 01:40:00.000,58,True,12,0,194,2328,19.44,232.81,0.0,True,0.1231,,,,,,,,,,,,,,,,
2026-01-29,a3c772d3fde52dbae832bi,2026-01-29 01:50:00.000,59,True,12,0,194,2313,19.44,231.31,0.0,True,0.1264,,,,,,,,,,,,,,,,
2026-01-29,a3c772d3fde52dbae832bi,2026-01-29 02:00:00.000,60,True,12,0,194,2303,19.44,230.3,0.0,True,0.1296,,,,,,,,,,,,,,,,
2026-01-29,a3c772d3fde52dbae832bi,2026-01-29 02:10:00.000,61,True,13,0,194,2297,19.44,229.76,0.0,True,0.1329,,,,,,,,,,,,,,,,
2026-01-29,a3c772d3fde52dbae832bi,2026-01-29 02:20:00.000,62,True,13,0,194,2299,19.44,229.97,0.0,True,0.1361,,,,,,,,,,,,,,,,
2026-01-29,a3c772d3fde52dbae832bi,2026-01-29 02:30:00.000,63,True,13,0,194,2300,19.44,230.07,0.0,True,0.1393,,,,,,,,,,,,,,,,
2026-01-29,a3c772d3fde52dbae832bi,2026-01-29 02:40:00.000,64,True,14,0,194,2300,19.44,230.01,0.0,True,0.1426,,,,,,,,,,,,,,,,
2026-01-29,a3c772d3fde52dbae832bi,2026-01-29 02:50:00.000,65,True,14,0,194,2298,19.44,229.81,0.0,True,0.1458,,,,,,,,,,,,,,,,
2026-01-29,a3c772d3fde52dbae832bi,2026-01-29 03:00:00.000,66,True,14,0,194,2302,19.44,230.23,0.0,True,0.1491,,,,,,,,,,,,,,,,
2026-01-29,a3c772d3fde52dbae832bi,2026-01-29 03:10:00.000,67,True,15,0,194,2298,19.44,229.81,0.0,True,0.1523,,,,,,,,,,,,,,,,
2026-01-29,a3c772d3fde52dbae832bi,2026-01-29 03:20:00.000,68,True,15,0,194,2301,19.44,230.12,0.0,True,0.1555,,,,,,,,,,,,,,,,
2026-01-29,a3c772d3fde52dbae832bi,2026-01-29 03:30:00.000,69,True,15,0,194,2310,19.44,231.09,0.0,True,0.1588,,,,,,,,,,,,,,,,
2026-01-29,a3c772d3fde52dbae832bi,2026-01-29 03:40:00.000,70,True,16,0,194,2312,19.44,231.29,0.0,True,0.162,,,,,,,,,,,,,,,,
2026-01-29,a3c772d3fde52dbae832bi,2026-01-29 03:50:00.000,71,True,16,0,194,2323,19.44,232.3,0.0,True,0.1653,,,,,,,,,,,,,,,,
2026-01-29,a3c772d3fde52dbae832bi,2026-01-29 04:00:00.000,72,True,16,0,194,2304,19.44,230.46,0.0,True,0.1685,,,,,,,,,,,,,,,,
2026-01-29,a3c772d3fde52dbae832bi,2026-01-29 04:10:00.000,73,True,17,0,194,2305,19.44,230.57,0.0,True,0.1717,,,,,,,,,,,,,,,,
2026-01-29,a3c772d3fde52dbae832bi,2026-01-29 04:20:00.000,74,True,17,0,194,2322,19.44,232.22,0.0,True,0.175,,,,,,,,,,,,,,,,
2026-01-29,a3c772d3fde52dbae832bi,2026-01-29 04:30:00.000,75,True,17,0,194,2297,19.44,229.72,0.0,True,0.1782,,,,,,,,,,,,,,,,
2026-01-29,a3c772d3fde52dbae832bi,2026-01-29 04:40:00.000,76,True,18,0,194,2305,19.44,230.56,0.0,True,0.1815,,,,,,,,,,,,,,,,
2026-01-29,a3c772d3fde52dbae832bi,2026-01-29 04:50:00.000,77,True,18,0,194,2305,19.44,230.52,0.0,True,0.1847,,,,,,,,,,,,,,,,
2026-01-29,a3c772d3fde52dbae832bi,2026-01-29 05:00:00.000,78,True,18,41,61,2309,6.13,230.9,0.042,True,0.1857,,,,,,,,,,,,,,,,
2026-01-29,a3c772d3fde52dbae832bi,2026-01-29 05:10:00.000,79,False,18,0,0,2321,0.0,232.15,0.0,False,0.1857,,,,,,,,,,,,,,,,
2026-01-29,a3c772d3fde52dbae832bi,2026-01-29 05:20:00.000,80,True,18,20,30,2317,3.07,231.78,0.021,True,0.1862,,,,,,,,,,,,,,,,
2026-01-29,a3c772d3fde52dbae832bi,2026-01-29 05:30:00.000,81,False,18,0,0,2330,0.0,233.07,0.0,False,0.1862,,,,,,,,,,,,,,,,
2026-01-29,a3c772d3fde52dbae832bi,2026-01-29 05:40:00.000,82,True,18,20,30,2309,3.07,230.9,0.021,True,0.1868,,,,,,,,,,,,,,,,
2026-01-29,a3c772d3fde52dbae832bi,2026-01-29 05:50:00.000,83,True,18,20,30,2309,3.07,230.9,0.021,True,0.1873,,,,,,,,,,,,,,,,
2026-01-29,a3c772d3fde52dbae832bi,2026-01-29 06:00:00.000,84,True,18,60,89,2317,8.96,231.75,0.061,True,0.1888,,,,,,,,,,,,,,,,
2026-01-29,a3c772d3fde52dbae832bi,2026-01-29 06:10:00.000,85,True,18,40,59,2324,5.98,232.48,0.04,True,0.1898,,,,,,,,,,,,,,,,
2026-01-29,a3c772d3fde52dbae832bi,2026-01-29 06:20:00.000,86,True,19,82,121,2317,12.12,231.76,0.082,True,0.1918,,,,,,,,,,,,,,,,
2026-01-29,a3c772d3fde52dbae832bi,2026-01-29 06:30:00.000,87,True,19,84,124,2311,12.44,231.17,0.085,True,0.1938,,,,,,,,,,,,,,,,
2026-01-29,a3c772d3fde52dbae832bi,2026-01-29 06:40:00.000,88,True,19,99,146,2314,14.64,231.41,0.099,True,0.1963,,,,,,,,,,,,,,,,
2026-01-29,a3c772d3fde52dbae832bi,2026-01-29 06:50:00.000,89,True,19,122,180,2311,18.02,231.16,0.123,True,0.1993,,,,,,,,,,,,,,,,
2026-01-29,a3c772d3fde52dbae832bi,2026-01-29 07:00:00.000,90,True,20,81,119,2304,11.95,230.43,0.082,True,0.2013,,,,,,,,,,,,,,,,
2026-01-29,a3c772d3fde52dbae832bi,2026-01-29 07:10:00.000,91,True,20,143,210,2311,21.09,231.16,0.143,True,0.2048,,,,,,,,,,,,,,,,
2026-01-29,a3c772d3fde52dbae832bi,2026-01-29 07:20:00.000,92,True,20,122,179,2304,17.92,230.42,0.122,True,0.2078,,,,,,,,,,,,,,,,
2026-01-29,a3c772d3fde52dbae832bi,2026-01-29 07:30:00.000,93,True,21,138,174,1980,17.47,198.06,0.139,True,0.2107,,,,,,,,,,,,,,,,
2026-01-29,a3c772d3fde52dbae832bi,2026-01-29 07:40:00.000,94,True,21,138,203,2310,20.37,231.09,0.139,True,0.2141,,,,,,,,,,,,,,,,
2026-01-29,a3c772d3fde52dbae832bi,2026-01-29 07:50:00.000,95,True,21,138,203,2312,20.34,231.27,0.138,True,0.2175,,,,,,,,,,,,,,,,
2026-01-29,a3c772d3fde52dbae832bi,2026-01-29 08:00:00.000,96,True,22,138,203,2312,20.34,231.27,0.138,True,0.2209,,,,,,,,,,,,,,,,
2026-01-29,a3c772d3fde52dbae832bi,2026-01-29 08:10:00.000,97,True,22,158,233,2314,23.37,231.47,0.159,True,0.2248,,,,,,,,,,,,,,,,
2026-01-29,a3c772d3fde52dbae832bi,2026-01-29 08:20:00.000,98,True,22,158,233,2316,23.33,231.64,0.158,True,0.2287,,,,,,,,,,,,,,,,
2026-01-29,a3c772d3fde52dbae832bi,2026-01-29 08:30:00.000,99,True,23,158,233,2316,23.33,231.64,0.158,True,0.2325,,,,,,,,,,,,,,,,
2026-01-29,a3c772d3fde52dbae832bi,2026-01-29 08:40:00.000,100,True,23,178,262,2320,26.29,232.02,0.178,True,0.2369,,,,,,,,,,,,,,,,
2026-01-29,a3c772d3fde52dbae832bi,2026-01-29 08:50:00.000,101,True,24,158,233,2319,23.33,231.96,0.158,True,0.2408,,,,,,,,,,,,,,,,
2026-01-29,a3c772d3fde52dbae832bi,2026-01-29 09:00:00.000,102,True,24,158,233,2319,23.32,231.96,0.158,True,0.2447,,,,,,,,,,,,,,,,
2026-01-29,a3c772d3fde52dbae832bi,2026-01-29 09:10:00.000,103,True,24,137,202,2317,20.3,231.76,0.138,True,0.2481,,,,,,,,,,,,,,,,
2026-01-29,a3c772d3fde52dbae832bi,2026-01-29 09:20:00.000,104,True,25,158,233,2319,23.32,231.9,0.158,True,0.252,,,,,,,,,,,,,,,,
2026-01-29,a3c772d3fde52dbae832bi,2026-01-29 09:30:00.000,105,True,25,157,232,2319,23.3,231.96,0.158,True,0.2559,,,,,,,,,,,,,,,,
2026-01-29,a3c772d3fde52dbae832bi,2026-01-29 09:40:00.000,106,True,25,117,172,2315,17.29,231.5,0.117,True,0.2587,,,,,,,,,,,,,,,,
2026-01-29,a3c772d3fde52dbae832bi,2026-01-29 09:50:00.000,107,True,26,157,232,2315,23.27,231.53,0.158,True,0.2626,,,,,,,,,,,,,,,,
2026-01-29,a3c772d3fde52dbae832bi,2026-01-29 10:00:00.000,108,True,26,137,203,2314,20.31,231.46,0.138,True,0.266,,,,,,,,,,,,,,,,
2026-01-29,a3c772d3fde52dbae832bi,2026-01-29 10:10:00.000,109,True,26,117,172,2315,17.29,231.52,0.117,True,0.2689,,,,,,,,,,,,,,,,
2026-01-29,a3c772d3fde52dbae832bi,2026-01-29 10:20:00.000,110,True,27,117,171,2308,17.18,230.8,0.117,True,0.2717,,,,,,,,,,,,,,,,
2026-01-29,a3c772d3fde52dbae832bi,2026-01-29 10:30:00.000,111,True,27,116,171,2308,17.13,230.8,0.117,True,0.2746,,,,,,,,,,,,,,,,
2026-01-29,a3c772d3fde52dbae832bi,2026-01-29 10:40:00.000,112,True,27,96,142,2313,14.21,231.36,0.097,True,0.277,,,,,,,,,,,,,,,,
2026-01-29,a3c772d3fde52dbae832bi,2026-01-29 10:50:00.000,113,True,28,136,201,2313,20.13,231.3,0.137,True,0.2803,,,,,,,,,,,,,,,,
2026-01-29,a3c772d3fde52dbae832bi,2026-01-29 11:00:00.000,114,True,28,116,172,2317,17.21,231.77,0.117,True,0.2832,,,,,,,,,,,,,,,,
2026-01-29,a3c772d3fde52dbae832bi,2026-01-29 11:10:00.000,115,True,28,97,143,2327,14.37,232.74,0.097,True,0.2856,,,,,,,,,,,,,,,,
2026-01-29,a3c772d3fde52dbae832bi,2026-01-29 11:20:00.000,116,True,28,97,143,2322,14.33,232.24,0.097,True,0.288,,,,,,,,,,,,,,,,
2026-01-29,a3c772d3fde52dbae832bi,2026-01-29 11:30:00.000,117,True,29,117,173,2325,17.37,232.57,0.117,True,0.2909,,,,,,,,,,,,,,,,
2026-01-29,a3c772d3fde52dbae832bi,2026-01-29 11:40:00.000,118,True,29,97,143,2320,14.32,232.04,0.097,True,0.2933,,,,,,,,,,,,,,,,
2026-01-29,a3c772d3fde52dbae832bi,2026-01-29 11:50:00.000,119,True,29,158,233,2323,23.38,232.36,0.158,True,0.2972,,,,,,,,,,,,,,,,
2026-01-29,a3c772d3fde52dbae832bi,2026-01-29 12:00:00.000,120,True,30,158,233,2323,23.36,232.36,0.158,True,0.301,,,,,,,,,,,,,,,,
2026-01-29,a3c772d3fde52dbae832bi,2026-01-29 12:10:00.000,121,True,30,117,173,2326,17.34,232.6,0.117,True,0.3039,,,,,,,,,,,,,,,,
2026-01-29,a3c772d3fde52dbae832bi,2026-01-29 12:20:00.000,122,True,30,137,203,2322,20.33,232.27,0.138,True,0.3073,,,,,,,,,,,,,,,,
2026-01-29,a3c772d3fde52dbae832bi,2026-01-29 12:30:00.000,123,True,31,137,203,2322,20.33,232.27,0.138,True,0.3107,,,,,,,,,,,,,,,,
2026-01-29,a3c772d3fde52dbae832bi,2026-01-29 12:40:00.000,124,True,31,137,203,2321,20.31,232.14,0.138,True,0.3141,,,,,,,,,,,,,,,,
2026-01-29,a3c772d3fde52dbae832bi,2026-01-29 12:50:00.000,125,True,31,117,173,2320,17.31,232.08,0.117,True,0.317,,,,,,,,,,,,,,,,
2026-01-29,a3c772d3fde52dbae832bi,2026-01-29 13:00:00.000,126,True,32,137,201,2308,20.16,230.89,0.137,True,0.3203,,,,,,,,,,,,,,,,
2026-01-29,a3c772d3fde52dbae832bi,2026-01-29 13:10:00.000,127,True,32,116,171,2305,17.11,230.51,0.117,True,0.3232,,,,,,,,,,,,,,,,
2026-01-29,a3c772d3fde52dbae832bi,2026-01-29 13:20:00.000,128,True,32,116,171,2303,17.12,230.39,0.117,True,0.326,,,,,,,,,,,,,,,,
2026-01-29,a3c772d3fde52dbae832bi,2026-01-29 13:30:00.000,129,True,32,116,171,2303,17.12,230.39,0.117,True,0.3289,,,,,,,,,,,,,,,,
2026-01-29,a3c772d3fde52dbae832bi,2026-01-29 13:40:00.000,130,True,33,56,82,2294,8.25,229.4,0.057,True,0.3303,,,,,,,,,,,,,,,,
2026-01-29,a3c772d3fde52dbae832bi,2026-01-29 13:50:00.000,131,True,33,56,82,2294,8.25,229.4,0.057,True,0.3316,,,,,,,,,,,,,,,,
2026-01-29,a3c772d3fde52dbae832bi,2026-01-29 14:00:00.000,132,True,33,76,111,2297,11.17,229.75,0.076,True,0.3335,,,,,,,,,,,,,,,,
2026-01-29,a3c772d3fde52dbae832bi,2026-01-29 14:10:00.000,133,True,33,76,111,2290,11.12,229.04,0.076,True,0.3354,,,,,,,,,,,,,,,,
2026-01-29,a3c772d3fde52dbae832bi,2026-01-29 14:20:00.000,134,True,33,56,82,2292,8.22,229.2,0.056,True,0.3367,,,,,,,,,,,,,,,,
2026-01-29,a3c772d3fde52dbae832bi,2026-01-29 14:30:00.000,135,True,33,56,82,2292,8.22,229.2,0.056,True,0.3381,,,,,,,,,,,,,,,,
2026-01-29,a3c772d3fde52dbae832bi,2026-01-29 14:40:00.000,136,True,33,76,111,2291,11.13,229.17,0.076,True,0.34,,,,,,,,,,,,,,,,
2026-01-29,a3c772d3fde52dbae832bi,2026-01-29 14:50:00.000,137,True,34,76,111,2291,11.13,229.17,0.076,True,0.3418,,,,,,,,,,,,,,,,
2026-01-29,a3c772d3fde52dbae832bi,2026-01-29 15:00:00.000,138,True,34,56,82,2296,8.21,229.67,0.056,True,0.3432,,,,,,,,,,,,,,,,
2026-01-29,a3c772d3fde52dbae832bi,2026-01-29 15:10:00.000,139,True,34,56,82,2296,8.21,229.67,0.056,True,0.3445,,,,,,,,,,,,,,,,
2026-01-29,a3c772d3fde52dbae832bi,2026-01-29 15:20:00.000,140,True,34,56,82,2298,8.22,229.8,0.056,True,0.3459,,,,,,,,,,,,,,,,
2026-01-29,a3c772d3fde52dbae832bi,2026-01-29 15:30:00.000,141,True,34,56,82,2302,8.22,230.22,0.056,True,0.3473,,,,,,,,,,,,,,,,
2026-01-29,a3c772d3fde52dbae832bi,2026-01-29 15:40:00.000,142,True,34,55,81,2287,8.14,228.78,0.056,True,0.3486,,,,,,,,,,,,,,,,
2026-01-29,a3c772d3fde52dbae832bi,2026-01-29 15:50:00.000,143,True,35,55,81,2287,8.14,228.78,0.056,True,0.35,,,,,,,,,,,,,,,,
2026-01-30,a3c772d3fde52dbae832bi,2026-01-29 16:00:00.000,0,True,0,95,261,2290,26.17,229.09,0.096,True,0.0044,,,,,,,,,,,,,,,,
2026-01-30,a3c772d3fde52dbae832bi,2026-01-29 16:10:00.000,1,True,0,111,305,2287,30.5,228.74,0.112,True,0.0094,,,,,,,,,,,,,,,,
2026-01-30,a3c772d3fde52dbae832bi,2026-01-29 16:20:00.000,2,True,1,111,305,2295,30.56,229.51,0.112,True,0.0145,,,,,,,,,,,,,,,,
2026-01-30,a3c772d3fde52dbae832bi,2026-01-29 16:30:00.000,3,True,1,51,140,2295,14.09,229.51,0.052,True,0.0169,,,,,,,,,,,,,,,,
2026-01-30,a3c772d3fde52dbae832bi,2026-01-29 16:40:00.000,4,True,1,52,145,2310,14.51,231.03,0.053,True,0.0193,,,,,,,,,,,,,,,,
2026-01-30,a3c772d3fde52dbae832bi,2026-01-29 16:50:00.000,5,True,2,32,90,2308,9.01,230.84,0.033,True,0.0208,,,,,,,,,,,,,,,,
2026-01-30,a3c772d3fde52dbae832bi,2026-01-29 17:00:00.000,6,True,2,32,90,2308,9.01,230.82,0.033,True,0.0223,,,,,,,,,,,,,,,,
2026-01-30,a3c772d3fde52dbae832bi,2026-01-29 17:10:00.000,7,True,2,32,90,2300,9.01,230.06,0.033,True,0.0238,,,,,,,,,,,,,,,,
2026-01-30,a3c772d3fde52dbae832bi,2026-01-29 17:20:00.000,8,True,2,32,90,2301,9.01,230.17,0.033,True,0.0253,,,,,,,,,,,,,,,,
2026-01-30,a3c772d3fde52dbae832bi,2026-01-29 17:30:00.000,9,True,2,32,90,2302,9.01,230.28,0.033,True,0.0268,,,,,,,,,,,,,,,,
2026-01-30,a3c772d3fde52dbae832bi,2026-01-29 17:40:00.000,10,True,2,32,90,2301,9.01,230.19,0.033,True,0.0283,,,,,,,,,,,,,,,,
2026-01-30,a3c772d3fde52dbae832bi,2026-01-29 17:50:00.000,11,True,2,32,88,2300,8.87,230.02,0.032,True,0.0298,,,,,,,,,,,,,,,,
2026-01-30,a3c772d3fde52dbae832bi,2026-01-29 18:00:00.000,12,True,3,32,88,2296,8.87,229.62,0.032,True,0.0313,,,,,,,,,,,,,,,,
2026-01-30,a3c772d3fde52dbae832bi,2026-01-29 18:10:00.000,13,True,3,32,88,2295,8.87,229.57,0.032,True,0.0328,,,,,,,,,,,,,,,,
2026-01-30,a3c772d3fde52dbae832bi,2026-01-29 18:20:00.000,14,True,3,32,88,2303,8.87,230.37,0.032,True,0.0342,,,,,,,,,,,,,,,,
2026-01-30,a3c772d3fde52dbae832bi,2026-01-29 18:30:00.000,15,True,3,31,86,2299,8.69,229.93,0.032,True,0.0357,,,,,,,,,,,,,,,,
2026-01-30,a3c772d3fde52dbae832bi,2026-01-29 18:40:00.000,16,True,3,31,86,2303,8.69,230.39,0.032,True,0.0371,,,,,,,,,,,,,,,,
2026-01-30,a3c772d3fde52dbae832bi,2026-01-29 18:50:00.000,17,True,3,31,86,2303,8.69,230.3,0.032,True,0.0386,,,,,,,,,,,,,,,,
2026-01-30,a3c772d3fde52dbae832bi,2026-01-29 19:00:00.000,18,True,4,31,86,2301,8.69,230.17,0.032,True,0.04,,,,,,,,,,,,,,,,
2026-01-30,a3c772d3fde52dbae832bi,2026-01-29 19:10:00.000,19,True,4,31,86,2301,8.69,230.17,0.032,True,0.0415,,,,,,,,,,,,,,,,
2026-01-30,a3c772d3fde52dbae832bi,2026-01-29 19:20:00.000,20,True,4,31,86,2303,8.69,230.35,0.032,True,0.0429,,,,,,,,,,,,,,,,
2026-01-30,a3c772d3fde52dbae832bi,2026-01-29 19:30:00.000,21,True,4,31,86,2302,8.69,230.27,0.032,True,0.0444,,,,,,,,,,,,,,,,
2026-01-30,a3c772d3fde52dbae832bi,2026-01-29 19:40:00.000,22,True,4,31,87,2309,8.74,230.96,0.032,True,0.0458,,,,,,,,,,,,,,,,
2026-01-30,a3c772d3fde52dbae832bi,2026-01-29 19:50:00.000,23,True,4,32,88,2302,8.8,230.25,0.032,True,0.0473,,,,,,,,,,,,,,,,
2026-01-30,a3c772d3fde52dbae832bi,2026-01-29 20:00:00.000,24,True,4,32,88,2301,8.8,230.12,0.032,True,0.0488,,,,,,,,,,,,,,,,
2026-01-30,a3c772d3fde52dbae832bi,2026-01-29 20:10:00.000,25,True,5,31,88,2305,8.8,230.57,0.032,True,0.0502,,,,,,,,,,,,,,,,
2026-01-30,a3c772d3fde52dbae832bi,2026-01-29 20:20:00.000,26,True,5,32,88,2300,8.8,230.06,0.032,True,0.0517,,,,,,,,,,,,,,,,
2026-01-30,a3c772d3fde52dbae832bi,2026-01-29 20:30:00.000,27,True,5,32,88,2304,8.8,230.4,0.032,True,0.0532,,,,,,,,,,,,,,,,
2026-01-30,a3c772d3fde52dbae832bi,2026-01-29 20:40:00.000,28,True,5,32,89,2316,8.93,231.62,0.032,True,0.0546,,,,,,,,,,,,,,,,
2026-01-30,a3c772d3fde52dbae832bi,2026-01-29 20:50:00.000,29,True,5,0,231,2319,23.19,231.99,0.0,True,0.0585,,,,,,,,,,,,,,,,
2026-01-30,a3c772d3fde52dbae832bi,2026-01-29 21:00:00.000,30,True,6,0,231,2311,23.19,231.14,0.0,True,0.0624,,,,,,,,,,,,,,,,
2026-01-30,a3c772d3fde52dbae832bi,2026-01-29 21:10:00.000,31,True,6,0,231,2318,23.19,231.83,0.0,True,0.0662,,,,,,,,,,,,,,,,
2026-01-30,a3c772d3fde52dbae832bi,2026-01-29 21:20:00.000,32,True,7,0,231,2314,23.19,231.41,0.0,True,0.0701,,,,,,,,,,,,,,,,
2026-01-30,a3c772d3fde52dbae832bi,2026-01-29 21:30:00.000,33,True,7,0,231,2308,23.19,230.84,0.0,True,0.074,,,,,,,,,,,,,,,,
2026-01-30,a3c772d3fde52dbae832bi,2026-01-29 21:40:00.000,34,True,7,0,231,2314,23.19,231.42,0.0,True,0.0778,,,,,,,,,,,,,,,,
2026-01-30,a3c772d3fde52dbae832bi,2026-01-29 21:50:00.000,35,True,8,0,231,2315,23.19,231.52,0.0,True,0.0817,,,,,,,,,,,,,,,,
2026-01-30,a3c772d3fde52dbae832bi,2026-01-29 22:00:00.000,36,True,8,0,231,2309,23.19,230.92,0.0,True,0.0856,,,,,,,,,,,,,,,,
2026-01-30,a3c772d3fde52dbae832bi,2026-01-29 22:10:00.000,37,True,8,0,231,2309,23.19,230.95,0.0,True,0.0894,,,,,,,,,,,,,,,,
2026-01-30,a3c772d3fde52dbae832bi,2026-01-29 22:20:00.000,38,True,9,0,231,2312,23.19,231.26,0.0,True,0.0933,,,,,,,,,,,,,,,,
2026-01-30,a3c772d3fde52dbae832bi,2026-01-29 22:30:00.000,39,True,9,0,231,2312,23.19,231.26,0.0,True,0.0972,,,,,,,,,,,,,,,,
2026-01-30,a3c772d3fde52dbae832bi,2026-01-29 22:40:00.000,40,True,10,0,231,2315,23.19,231.56,0.0,True,0.101,,,,,,,,,,,,,,,,
2026-01-30,a3c772d3fde52dbae832bi,2026-01-29 22:50:00.000,41,True,10,0,231,2309,23.19,230.91,0.0,True,0.1049,,,,,,,,,,,,,,,,
2026-01-30,a3c772d3fde52dbae832bi,2026-01-29 23:00:00.000,42,True,10,0,231,2313,23.19,231.38,0.0,True,0.1088,,,,,,,,,,,,,,,,
2026-01-30,a3c772d3fde52dbae832bi,2026-01-29 23:10:00.000,43,True,11,0,231,2310,23.19,231.0,0.0,True,0.1126,,,,,,,,,,,,,,,,
2026-01-30,a3c772d3fde52dbae832bi,2026-01-29 23:20:00.000,44,True,11,0,231,2315,23.19,231.54,0.0,True,0.1165,,,,,,,,,,,,,,,,
2026-01-30,a3c772d3fde52dbae832bi,2026-01-29 23:30:00.000,45,True,12,0,231,2305,23.19,230.53,0.0,True,0.1204,,,,,,,,,,,,,,,,
2026-01-30,a3c772d3fde52dbae832bi,2026-01-29 23:40:00.000,46,True,12,0,231,2309,23.19,230.98,0.0,True,0.1242,,,,,,,,,,,,,,,,
2026-01-30,a3c772d3fde52dbae832bi,2026-01-29 23:50:00.000,47,True,12,0,231,2306,23.19,230.69,0.0,True,0.1281,,,,,,,,,,,,,,,,
2026-01-30,a3c772d3fde52dbae832bi,2026-01-30 00:00:00.000,48,True,13,0,231,2301,23.19,230.17,0.0,True,0.132,,,,,,,,,,,,,,,,
2026-01-30,a3c772d3fde52dbae832bi,2026-01-30 00:10:00.000,49,True,13,0,231,2323,23.19,232.31,0.0,True,0.1358,,,,,,,,,,,,,,,,
2026-01-30,a3c772d3fde52dbae832bi,2026-01-30 00:20:00.000,50,True,13,0,231,2317,23.19,231.75,0.0,True,0.1397,,,,,,,,,,,,,,,,
2026-01-30,a3c772d3fde52dbae832bi,2026-01-30 00:30:00.000,51,True,14,0,231,2321,23.19,232.13,0.0,True,0.1435,,,,,,,,,,,,,,,,
2026-01-30,a3c772d3fde52dbae832bi,2026-01-30 00:40:00.000,52,True,14,0,231,2328,23.19,232.87,0.0,True,0.1474,,,,,,,,,,,,,,,,
2026-01-30,a3c772d3fde52dbae832bi,2026-01-30 00:50:00.000,53,False,14,0,0,2317,0.0,231.72,0.0,False,0.1474,,,,,,,,,,,,,,,,
2026-01-30,a3c772d3fde52dbae832bi,2026-01-30 01:00:00.000,54,True,15,0,231,2321,23.19,232.18,0.0,True,0.1513,,,,,,,,,,,,,,,,
2026-01-30,a3c772d3fde52dbae832bi,2026-01-30 01:10:00.000,55,True,15,0,231,2310,23.19,231.09,0.0,True,0.1551,,,,,,,,,,,,,,,,
2026-01-30,a3c772d3fde52dbae832bi,2026-01-30 01:20:00.000,56,True,15,0,231,2334,23.19,233.4,0.0,True,0.159,,,,,,,,,,,,,,,,
2026-01-30,a3c772d3fde52dbae832bi,2026-01-30 01:30:00.000,57,True,16,0,231,2334,23.19,233.4,0.0,True,0.1629,,,,,,,,,,,,,,,,
2026-01-30,a3c772d3fde52dbae832bi,2026-01-30 01:40:00.000,58,True,16,0,231,2328,23.19,232.81,0.0,True,0.1667,,,,,,,,,,,,,,,,
2026-01-30,a3c772d3fde52dbae832bi,2026-01-30 01:50:00.000,59,True,17,0,231,2313,23.19,231.31,0.0,True,0.1706,,,,,,,,,,,,,,,,
2026-01-30,a3c772d3fde52dbae832bi,2026-01-30 02:00:00.000,60,True,17,0,231,2303,23.19,230.3,0.0,True,0.1745,,,,,,,,,,,,,,,,
2026-01-30,a3c772d3fde52dbae832bi,2026-01-30 02:10:00.000,61,True,17,0,231,2297,23.19,229.76,0.0,True,0.1783,,,,,,,,,,,,,,,,
2026-01-30,a3c772d3fde52dbae832bi,2026-01-30 02:20:00.000,62,True,18,0,231,2299,23.19,229.97,0.0,True,0.1822,,,,,,,,,,,,,,,,
2026-01-30,a3c772d3fde52dbae832bi,2026-01-30 02:30:00.000,63,True,18,0,231,2300,23.19,230.07,0.0,True,0.1861,,,,,,,,,,,,,,,,
2026-01-30,a3c772d3fde52dbae832bi,2026-01-30 02:40:00.000,64,True,18,0,231,2300,23.19,230.01,0.0,True,0.1899,,,,,,,,,,,,,,,,
2026-01-30,a3c772d3fde52dbae832bi,2026-01-30 02:50:00.000,65,True,19,0,231,2298,23.19,229.81,0.0,True,0.1938,,,,,,,,,,,,,,,,
2026-01-30,a3c772d3fde52dbae832bi,2026-01-30 03:00:00.000,66,True,19,0,231,2302,23.19,230.23,0.0,True,0.1977,,,,,,,,,,,,,,,,
2026-01-30,a3c772d3fde52dbae832bi,2026-01-30 03:10:00.000,67,True,20,0,231,2298,23.19,229.81,0.0,True,0.2015,,,,,,,,,,,,,,,,
2026-01-30,a3c772d3fde52dbae832bi,2026-01-30 03:20:00.000,68,True,20,0,231,2301,23.19,230.12,0.0,True,0.2054,,,,,,,,,,,,,,,,
2026-01-30,a3c772d3fde52dbae832bi,2026-01-30 03:30:00.000,69,True,20,0,231,2310,23.19,231.09,0.0,True,0.2093,,,,,,,,,,,,,,,,
2026-01-30,a3c772d3fde52dbae832bi,2026-01-30 03:40:00.000,70,True,21,0,231,2312,23.19,231.29,0.0,True,0.2131,,,,,,,,,,,,,,,,
2026-01-30,a3c772d3fde52dbae832bi,2026-01-30 03:50:00.000,71,True,21,0,231,2323,23.19,232.3,0.0,True,0.217,,,,,,,,,,,,,,,,
2026-01-30,a3c772d3fde52dbae832bi,2026-01-30 04:00:00.000,72,True,22,0,231,2304,23.19,230.46,0.0,True,0.2209,,,,,,,,,,,,,,,,
2026-01-30,a3c772d3fde52dbae832bi,2026-01-30 04:10:00.000,73,True,22,0,231,2305,23.19,230.57,0.0,True,0.2247,,,,,,,,,,,,,,,,
2026-01-30,a3c772d3fde52dbae832bi,2026-01-30 04:20:00.000,74,True,22,0,231,2322,23.19,232.22,0.0,True,0.2286,,,,,,,,,,,,,,,,
2026-01-30,a3c772d3fde52dbae832bi,2026-01-30 04:30:00.000,75,True,23,0,231,2297,23.19,229.72,0.0,True,0.2325,,,,,,,,,,,,,,,,
2026-01-30,a3c772d3fde52dbae832bi,2026-01-30 04:40:00.000,76,True,23,0,231,2305,23.19,230.56,0.0,True,0.2363,,,,,,,,,,,,,,,,
2026-01-30,a3c772d3fde52dbae832bi,2026-01-30 04:50:00.000,77,True,24,0,231,2305,23.19,230.52,0.0,True,0.2402,,,,,,,,,,,,,,,,
2026-01-30,a3c772d3fde52dbae832bi,2026-01-30 05:00:00.000,78,True,24,41,114,2309,11.49,230.9,0.042,True,0.2421,,,,,,,,,,,,,,,,
2026-01-30,a3c772d3fde52dbae832bi,2026-01-30 05:10:00.000,79,False,24,0,0,2321,0.0,232.15,0.0,False,0.2421,,,,,,,,,,,,,,,,
2026-01-30,a3c772d3fde52dbae832bi,2026-01-30 05:20:00.000,80,True,24,20,57,2317,5.75,231.78,0.021,True,0.2431,,,,,,,,,,,,,,,,
2026-01-30,a3c772d3fde52dbae832bi,2026-01-30 05:30:00.000,81,False,24,0,0,2330,0.0,233.07,0.0,False,0.2431,,,,,,,,,,,,,,,,
2026-01-30,a3c772d3fde52dbae832bi,2026-01-30 05:40:00.000,82,True,24,20,57,2309,5.75,230.9,0.021,True,0.244,,,,,,,,,,,,,,,,
2026-01-30,a3c772d3fde52dbae832bi,2026-01-30 05:50:00.000,83,True,24,20,57,2309,5.75,230.9,0.021,True,0.245,,,,,,,,,,,,,,,,
2026-01-30,a3c772d3fde52dbae832bi,2026-01-30 06:00:00.000,84,True,24,60,167,2317,16.79,231.75,0.061,True,0.2478,,,,,,,,,,,,,,,,
2026-01-30,a3c772d3fde52dbae832bi,2026-01-30 06:10:00.000,85,True,24,40,112,2324,11.22,232.48,0.04,True,0.2496,,,,,,,,,,,,,,,,
2026-01-30,a3c772d3fde52dbae832bi,2026-01-30 06:20:00.000,86,True,25,82,227,2317,22.72,231.76,0.082,True,0.2534,,,,,,,,,,,,,,,,
2026-01-30,a3c772d3fde52dbae832bi,2026-01-30 06:30:00.000,87,True,25,84,233,2311,23.32,231.17,0.085,True,0.2573,,,,,,,,,,,,,,,,
2026-01-30,a3c772d3fde52dbae832bi,2026-01-30 06:40:00.000,88,True,26,99,274,2314,27.44,231.41,0.099,True,0.2619,,,,,,,,,,,,,,,,
2026-01-30,a3c772d3fde52dbae832bi,2026-01-30 06:50:00.000,89,True,26,122,337,2311,33.78,231.16,0.123,True,0.2675,,,,,,,,,,,,,,,,
2026-01-30,a3c772d3fde52dbae832bi,2026-01-30 07:00:00.000,90,True,27,81,223,2304,22.4,230.43,0.082,True,0.2713,,,,,,,,,,,,,,,,
2026-01-30,a3c772d3fde52dbae832bi,2026-01-30 07:10:00.000,91,True,27,143,395,2311,39.53,231.16,0.143,True,0.2778,,,,,,,,,,,,,,,,
2026-01-30,a3c772d3fde52dbae832bi,2026-01-30 07:20:00.000,92,True,28,122,335,2304,33.59,230.42,0.122,True,0.2834,,,,,,,,,,,,,,,,
2026-01-30,a3c772d3fde52dbae832bi,2026-01-30 07:30:00.000,93,True,28,138,327,1980,32.74,198.06,0.139,True,0.2889,,,,,,,,,,,,,,,,
2026-01-30,a3c772d3fde52dbae832bi,2026-01-30 07:40:00.000,94,True,29,138,381,2310,38.18,231.09,0.139,True,0.2953,,,,,,,,,,,,,,,,
2026-01-30,a3c772d3fde52dbae832bi,2026-01-30 07:50:00.000,95,True,30,138,381,2312,38.12,231.27,0.138,True,0.3016,,,,,,,,,,,,,,,,
2026-01-30,a3c772d3fde52dbae832bi,2026-01-30 08:00:00.000,96,True,30,138,381,2312,38.12,231.27,0.138,True,0.308,,,,,,,,,,,,,,,,
2026-01-30,a3c772d3fde52dbae832bi,2026-01-30 08:10:00.000,97,True,31,158,437,2314,43.8,231.47,0.159,True,0.3153,,,,,,,,,,,,,,,,
2026-01-30,a3c772d3fde52dbae832bi,2026-01-30 08:20:00.000,98,True,32,158,437,2316,43.74,231.64,0.158,True,0.3226,,,,,,,,,,,,,,,,
2026-01-30,a3c772d3fde52dbae832bi,2026-01-30 08:30:00.000,99,True,32,158,437,2316,43.74,231.64,0.158,True,0.3298,,,,,,,,,,,,,,,,
2026-01-30,a3c772d3fde52dbae832bi,2026-01-30 08:40:00.000,100,True,33,178,492,2320,49.28,232.02,0.178,True,0.3381,,,,,,,,,,,,,,,,
2026-01-30,a3c772d3fde52dbae832bi,2026-01-30 08:50:00.000,101,True,34,158,437,2319,43.74,231.96,0.158,True,0.3453,,,,,,,,,,,,,,,,
2026-01-30,a3c772d3fde52dbae832bi,2026-01-30 09:00:00.000,102,True,35,158,437,2319,43.7,231.96,0.158,True,0.3526,,,,,,,,,,,,,,,,
2026-01-30,a3c772d3fde52dbae832bi,2026-01-30 09:10:00.000,103,True,35,137,380,2317,38.05,231.76,0.138,True,0.359,,,,,,,,,,,,,,,,
2026-01-30,a3c772d3fde52dbae832bi,2026-01-30 09:20:00.000,104,True,36,158,437,2319,43.7,231.9,0.158,True,0.3663,,,,,,,,,,,,,,,,
2026-01-30,a3c772d3fde52dbae832bi,2026-01-30 09:30:00.000,105,True,37,157,436,2319,43.68,231.96,0.158,True,0.3735,,,,,,,,,,,,,,,,
2026-01-30,a3c772d3fde52dbae832bi,2026-01-30 09:40:00.000,106,True,37,117,324,2315,32.4,231.5,0.117,True,0.3789,,,,,,,,,,,,,,,,
2026-01-30,a3c772d3fde52dbae832bi,2026-01-30 09:50:00.000,107,True,38,157,436,2315,43.6,231.53,0.158,True,0.3862,,,,,,,,,,,,,,,,
2026-01-30,a3c772d3fde52dbae832bi,2026-01-30 10:00:00.000,108,True,39,137,380,2314,38.06,231.46,0.138,True,0.3925,,,,,,,,,,,,,,,,
2026-01-30,a3c772d3fde52dbae832bi,2026-01-30 10:10:00.000,109,True,39,117,324,2315,32.4,231.52,0.117,True,0.3979,,,,,,,,,,,,,,,,
2026-01-30,a3c772d3fde52dbae832bi,2026-01-30 10:20:00.000,110,True,40,117,321,2308,32.2,230.8,0.117,True,0.4033,,,,,,,,,,,,,,,,
2026-01-30,a3c772d3fde52dbae832bi,2026-01-30 10:30:00.000,111,True,40,116,321,2308,32.11,230.8,0.117,True,0.4087,,,,,,,,,,,,,,,,
2026-01-30,a3c772d3fde52dbae832bi,2026-01-30 10:40:00.000,112,True,41,96,266,2313,26.63,231.36,0.097,True,0.4131,,,,,,,,,,,,,,,,
2026-01-30,a3c772d3fde52dbae832bi,2026-01-30 10:50:00.000,113,True,41,136,377,2313,37.74,231.3,0.137,True,0.4194,,,,,,,,,,,,,,,,
2026-01-30,a3c772d3fde52dbae832bi,2026-01-30 11:00:00.000,114,True,42,116,322,2317,32.26,231.77,0.117,True,0.4248,,,,,,,,,,,,,,,,
2026-01-30,a3c772d3fde52dbae832bi,2026-01-30 11:10:00.000,115,True,42,97,269,2327,26.93,232.74,0.097,True,0.4293,,,,,,,,,,,,,,,,
2026-01-30,a3c772d3fde52dbae832bi,2026-01-30 11:20:00.000,116,True,43,97,268,2322,26.86,232.24,0.097,True,0.4337,,,,,,,,,,,,,,,,
2026-01-30,a3c772d3fde52dbae832bi,2026-01-30 11:30:00.000,117,True,43,117,325,2325,32.56,232.57,0.117,True,0.4392,,,,,,,,,,,,,,,,
2026-01-30,a3c772d3fde52dbae832bi,2026-01-30 11:40:00.000,118,True,44,97,268,2320,26.84,232.04,0.097,True,0.4436,,,,,,,,,,,,,,,,
2026-01-30,a3c772d3fde52dbae832bi,2026-01-30 11:50:00.000,119,True,45,158,438,2323,43.82,232.36,0.158,True,0.4509,,,,,,,,,,,,,,,,
2026-01-30,a3c772d3fde52dbae832bi,2026-01-30 12:00:00.000,120,True,45,158,437,2323,43.78,232.36,0.158,True,0.4582,,,,,,,,,,,,,,,,
2026-01-30,a3c772d3fde52dbae832bi,2026-01-30 12:10:00.000,121,True,46,117,324,2326,32.5,232.6,0.117,True,0.4636,,,,,,,,,,,,,,,,
2026-01-30,a3c772d3fde52dbae832bi,2026-01-30 12:20:00.000,122,True,46,137,380,2322,38.1,232.27,0.138,True,0.47,,,,,,,,,,,,,,,,
2026-01-30,a3c772d3fde52dbae832bi,2026-01-30 12:30:00.000,123,True,47,137,380,2322,38.1,232.27,0.138,True,0.4763,,,,,,,,,,,,,,,,
2026-01-30,a3c772d3fde52dbae832bi,2026-01-30 12:40:00.000,124,True,48,137,380,2321,38.08,232.14,0.138,True,0.4827,,,,,,,,,,,,,,,,
2026-01-30,a3c772d3fde52dbae832bi,2026-01-30 12:50:00.000,125,True,48,117,324,2320,32.45,232.08,0.117,True,0.4881,,,,,,,,,,,,,,,,
2026-01-30,a3c772d3fde52dbae832bi,2026-01-30 13:00:00.000,126,True,49,137,377,2308,37.79,230.89,0.137,True,0.4944,,,,,,,,,,,,,,,,
2026-01-30,a3c772d3fde52dbae832bi,2026-01-30 13:10:00.000,127,True,49,116,320,2305,32.07,230.51,0.117,True,0.4997,,,,,,,,,,,,,,,,
2026-01-30,a3c772d3fde52dbae832bi,2026-01-30 13:20:00.000,128,True,50,116,320,2303,32.09,230.39,0.117,True,0.5051,,,,,,,,,,,,,,,,
2026-01-30,a3c772d3fde52dbae832bi,2026-01-30 13:30:00.000,129,True,51,116,320,2303,32.09,230.39,0.117,True,0.5104,,,,,,,,,,,,,,,,
2026-01-30,a3c772d3fde52dbae832bi,2026-01-30 13:40:00.000,130,True,51,56,154,2294,15.46,229.4,0.057,True,0.513,,,,,,,,,,,,,,,,
2026-01-30,a3c772d3fde52dbae832bi,2026-01-30 13:50:00.000,131,True,51,56,154,2294,15.46,229.4,0.057,True,0.5156,,,,,,,,,,,,,,,,
2026-01-30,a3c772d3fde52dbae832bi,2026-01-30 14:00:00.000,132,True,51,76,209,2297,20.95,229.75,0.076,True,0.5191,,,,,,,,,,,,,,,,
2026-01-30,a3c772d3fde52dbae832bi,2026-01-30 14:10:00.000,133,True,52,76,208,2290,20.85,229.04,0.076,True,0.5226,,,,,,,,,,,,,,,,
2026-01-30,a3c772d3fde52dbae832bi,2026-01-30 14:20:00.000,134,True,52,56,154,2292,15.41,229.2,0.056,True,0.5251,,,,,,,,,,,,,,,,
2026-01-30,a3c772d3fde52dbae832bi,2026-01-30 14:30:00.000,135,True,52,56,154,2292,15.41,229.2,0.056,True,0.5277,,,,,,,,,,,,,,,,
2026-01-30,a3c772d3fde52dbae832bi,2026-01-30 14:40:00.000,136,True,53,76,208,2291,20.86,229.17,0.076,True,0.5312,,,,,,,,,,,,,,,,
2026-01-30,a3c772d3fde52dbae832bi,2026-01-30 14:50:00.000,137,True,53,76,208,2291,20.86,229.17,0.076,True,0.5347,,,,,,,,,,,,,,,,
2026-01-30,a3c772d3fde52dbae832bi,2026-01-30 15:00:00.000,138,True,53,56,153,2296,15.38,229.67,0.056,True,0.5372,,,,,,,,,,,,,,,,
2026-01-30,a3c772d3fde52dbae832bi,2026-01-30 15:10:00.000,139,True,53,56,153,2296,15.38,229.67,0.056,True,0.5398,,,,,,,,,,,,,,,,
2026-01-30,a3c772d3fde52dbae832bi,2026-01-30 15:20:00.000,140,True,54,56,154,2298,15.4,229.8,0.056,True,0.5423,,,,,,,,,,,,,,,,
2026-01-30,a3c772d3fde52dbae832bi,2026-01-30 15:30:00.000,141,True,54,56,154,2302,15.4,230.22,0.056,True,0.5449,,,,,,,,,,,,,,,,
2026-01-30,a3c772d3fde52dbae832bi,2026-01-30 15:40:00.000,142,True,54,55,152,2287,15.26,228.78,0.056,True,0.5475,,,,,,,,,,,,,,,,
2026-01-30,a3c772d3fde52dbae832bi,2026-01-30 15:50:00.000,143,True,55,55,152,2287,15.26,228.78,0.056,True,0.55,,,,,,,,,,,,,,,,
2026-01-31,a3c772d3fde52dbae832bi,2026-01-30 16:00:00.000,0,True,0,95,372,2290,37.24,229.09,0.096,True,0.0062,,,,,,,,,,,,,,,,
2026-01-31,a3c772d3fde52dbae832bi,2026-01-30 16:10:00.000,1,True,1,111,433,2287,43.39,228.74,0.112,True,0.0134,,,,,,,,,,,,,,,,
2026-01-31,a3c772d3fde52dbae832bi,2026-01-30 16:20:00.000,2,True,2,111,434,2295,43.47,229.51,0.112,True,0.0207,,,,,,,,,,,,,,,,
2026-01-31,a3c772d3fde52dbae832bi,2026-01-30 16:30:00.000,3,True,2,51,200,2295,20.04,229.51,0.052,True,0.024,,,,,,,,,,,,,,,,
2026-01-31,a3c772d3fde52dbae832bi,2026-01-30 16:40:00.000,4,True,2,52,206,2310,20.64,231.03,0.053,True,0.0275,,,,,,,,,,,,,,,,
2026-01-31,a3c772d3fde52dbae832bi,2026-01-30 16:50:00.000,5,True,2,32,128,2308,12.82,230.84,0.033,True,0.0296,,,,,,,,,,,,,,,,
2026-01-31,a3c772d3fde52dbae832bi,2026-01-30 17:00:00.000,6,True,3,32,128,2308,12.82,230.82,0.033,True,0.0317,,,,,,,,,,,,,,,,
2026-01-31,a3c772d3fde52dbae832bi,2026-01-30 17:10:00.000,7,True,3,32,128,2300,12.82,230.06,0.033,True,0.0339,,,,,,,,,,,,,,,,
2026-01-31,a3c772d3fde52dbae832bi,2026-01-30 17:20:00.000,8,True,3,32,128,2301,12.82,230.17,0.033,True,0.036,,,,,,,,,,,,,,,,
2026-01-31,a3c772d3fde52dbae832bi,2026-01-30 17:30:00.000,9,True,3,32,128,2302,12.82,230.28,0.033,True,0.0381,,,,,,,,,,,,,,,,
2026-01-31,a3c772d3fde52dbae832bi,2026-01-30 17:40:00.000,10,True,4,32,128,2301,12.82,230.19,0.033,True,0.0403,,,,,,,,,,,,,,,,
2026-01-31,a3c772d3fde52dbae832bi,2026-01-30 17:50:00.000,11,True,4,32,126,2300,12.61,230.02,0.032,True,0.0424,,,,,,,,,,,,,,,,
2026-01-31,a3c772d3fde52dbae832bi,2026-01-30 18:00:00.000,12,True,4,32,126,2296,12.61,229.62,0.032,True,0.0445,,,,,,,,,,,,,,,,
2026-01-31,a3c772d3fde52dbae832bi,2026-01-30 18:10:00.000,13,True,4,32,126,2295,12.61,229.57,0.032,True,0.0466,,,,,,,,,,,,,,,,
2026-01-31,a3c772d3fde52dbae832bi,2026-01-30 18:20:00.000,14,True,4,32,126,2303,12.61,230.37,0.032,True,0.0487,,,,,,,,,,,,,,,,
2026-01-31,a3c772d3fde52dbae832bi,2026-01-30 18:30:00.000,15,True,5,31,123,2299,12.36,229.93,0.032,True,0.0507,,,,,,,,,,,,,,,,
2026-01-31,a3c772d3fde52dbae832bi,2026-01-30 18:40:00.000,16,True,5,31,123,2303,12.36,230.39,0.032,True,0.0528,,,,,,,,,,,,,,,,
2026-01-31,a3c772d3fde52dbae832bi,2026-01-30 18:50:00.000,17,True,5,31,123,2303,12.36,230.3,0.032,True,0.0549,,,,,,,,,,,,,,,,
2026-01-31,a3c772d3fde52dbae832bi,2026-01-30 19:00:00.000,18,True,5,31,123,2301,12.36,230.17,0.032,True,0.0569,,,,,,,,,,,,,,,,
2026-01-31,a3c772d3fde52dbae832bi,2026-01-30 19:10:00.000,19,True,5,31,123,2301,12.36,230.17,0.032,True,0.059,,,,,,,,,,,,,,,,
2026-01-31,a3c772d3fde52dbae832bi,2026-01-30 19:20:00.000,20,True,6,31,123,2303,12.36,230.35,0.032,True,0.0611,,,,,,,,,,,,,,,,
2026-01-31,a3c772d3fde52dbae832bi,2026-01-30 19:30:00.000,21,True,6,31,123,2302,12.36,230.27,0.032,True,0.0631,,,,,,,,,,,,,,,,
2026-01-31,a3c772d3fde52dbae832bi,2026-01-30 19:40:00.000,22,True,6,31,124,2309,12.43,230.96,0.032,True,0.0652,,,,,,,,,,,,,,,,
2026-01-31,a3c772d3fde52dbae832bi,2026-01-30 19:50:00.000,23,True,6,32,125,2302,12.51,230.25,0.032,True,0.0673,,,,,,,,,,,,,,,,
2026-01-31,a3c772d3fde52dbae832bi,2026-01-30 20:00:00.000,24,True,6,32,125,2301,12.51,230.12,0.032,True,0.0694,,,,,,,,,,,,,,,,
2026-01-31,a3c772d3fde52dbae832bi,2026-01-30 20:10:00.000,25,True,7,31,125,2305,12.51,230.57,0.032,True,0.0714,,,,,,,,,,,,,,,,
2026-01-31,a3c772d3fde52dbae832bi,2026-01-30 20:20:00.000,26,True,7,32,125,2300,12.51,230.06,0.032,True,0.0735,,,,,,,,,,,,,,,,
2026-01-31,a3c772d3fde52dbae832bi,2026-01-30 20:30:00.000,27,True,7,32,125,2304,12.51,230.4,0.032,True,0.0756,,,,,,,,,,,,,,,,
2026-01-31,a3c772d3fde52dbae832bi,2026-01-30 20:40:00.000,28,True,7,32,127,2316,12.7,231.62,0.032,True,0.0777,,,,,,,,,,,,,,,,
2026-01-31,a3c772d3fde52dbae832bi,2026-01-30 20:50:00.000,29,True,8,0,252,2319,25.2,231.99,0.0,True,0.0819,,,,,,,,,,,,,,,,
2026-01-31,a3c772d3fde52dbae832bi,2026-01-30 21:00:00.000,30,True,8,0,252,2311,25.2,231.14,0.0,True,0.0861,,,,,,,,,,,,,,,,
2026-01-31,a3c772d3fde52dbae832bi,2026-01-30 21:10:00.000,31,True,9,0,252,2318,25.2,231.83,0.0,True,0.0903,,,,,,,,,,,,,,,,
2026-01-31,a3c772d3fde52dbae832bi,2026-01-30 21:20:00.000,32,True,9,0,252,2314,25.2,231.41,0.0,True,0.0945,,,,,,,,,,,,,,,,
2026-01-31,a3c772d3fde52dbae832bi,2026-01-30 21:30:00.000,33,True,9,0,252,2308,25.2,230.84,0.0,True,0.0987,,,,,,,,,,,,,,,,
2026-01-31,a3c772d3fde52dbae832bi,2026-01-30 21:40:00.000,34,True,10,0,252,2314,25.2,231.42,0.0,True,0.1029,,,,,,,,,,,,,,,,
2026-01-31,a3c772d3fde52dbae832bi,2026-01-30 21:50:00.000,35,True,10,0,252,2315,25.2,231.52,0.0,True,0.1071,,,,,,,,,,,,,,,,
2026-01-31,a3c772d3fde52dbae832bi,2026-01-30 22:00:00.000,36,True,11,0,252,2309,25.2,230.92,0.0,True,0.1113,,,,,,,,,,,,,,,,
2026-01-31,a3c772d3fde52dbae832bi,2026-01-30 22:10:00.000,37,True,11,0,252,2309,25.2,230.95,0.0,True,0.1155,,,,,,,,,,,,,,,,
2026-01-31,a3c772d3fde52dbae832bi,2026-01-30 22:20:00.000,38,True,11,0,252,2312,25.2,231.26,0.0,True,0.1197,,,,,,,,,,,,,,,,
2026-01-31,a3c772d3fde52dbae832bi,2026-01-30 22:30:00.000,39,True,12,0,252,2312,25.2,231.26,0.0,True,0.1239,,,,,,,,,,,,,,,,
2026-01-31,a3c772d3fde52dbae832bi,2026-01-30 22:40:00.000,40,True,12,0,252,2315,25.2,231.56,0.0,True,0.1281,,,,,,,,,,,,,,,,
2026-01-31,a3c772d3fde52dbae832bi,2026-01-30 22:50:00.000,41,True,13,0,252,2309,25.2,230.91,0.0,True,0.1323,,,,,,,,,,,,,,,,
2026-01-31,a3c772d3fde52dbae832bi,2026-01-30 23:00:00.000,42,True,13,0,252,2313,25.2,231.38,0.0,True,0.1365,,,,,,,,,,,,,,,,
2026-01-31,a3c772d3fde52dbae832bi,2026-01-30 23:10:00.000,43,True,14,0,252,2310,25.2,231.0,0.0,True,0.1407,,,,,,,,,,,,,,,,
2026-01-31,a3c772d3fde52dbae832bi,2026-01-30 23:20:00.000,44,True,14,0,252,2315,25.2,231.54,0.0,True,0.1449,,,,,,,,,,,,,,,,
2026-01-31,a3c772d3fde52dbae832bi,2026-01-30 23:30:00.000,45,True,14,0,252,2305,25.2,230.53,0.0,True,0.1491,,,,,,,,,,,,,,,,
2026-01-31,a3c772d3fde52dbae832bi,2026-01-30 23:40:00.000,46,True,15,0,252,2309,25.2,230.98,0.0,True,0.1533,,,,,,,,,,,,,,,,
2026-01-31,a3c772d3fde52dbae832bi,2026-01-30 23:50:00.000,47,True,15,0,252,2306,25.2,230.69,0.0,True,0.1575,,,,,,,,,,,,,,,,
2026-01-31,a3c772d3fde52dbae832bi,2026-01-31 00:00:00.000,48,True,16,0,252,2301,25.2,230.17,0.0,True,0.1617,,,,,,,,,,,,,,,,
2026-01-31,a3c772d3fde52dbae832bi,2026-01-31 00:10:00.000,49,True,16,0,252,2323,25.2,232.31,0.0,True,0.1659,,,,,,,,,,,,,,,,
2026-01-31,a3c772d3fde52dbae832bi,2026-01-31 00:20:00.000,50,True,17,0,252,2317,25.2,231.75,0.0,True,0.1701,,,,,,,,,,,,,,,,
2026-01-31,a3c772d3fde52dbae832bi,2026-01-31 00:30:00.000,51,True,17,0,252,2321,25.2,232.13,0.0,True,0.1743,,,,,,,,,,,,,,,,
2026-01-31,a3c772d3fde52dbae832bi,2026-01-31 00:40:00.000,52,True,17,0,252,2328,25.2,232.87,0.0,True,0.1785,,,,,,,,,,,,,,,,
2026-01-31,a3c772d3fde52dbae832bi,2026-01-31 00:50:00.000,53,False,17,0,0,2317,0.0,231.72,0.0,False,0.1785,,,,,,,,,,,,,,,,
2026-01-31,a3c772d3fde52dbae832bi,2026-01-31 01:00:00.000,54,True,18,0,252,2321,25.2,232.18,0.0,True,0.1827,,,,,,,,,,,,,,,,
2026-01-31,a3c772d3fde52dbae832bi,2026-01-31 01:10:00.000,55,True,18,0,252,2310,25.2,231.09,0.0,True,0.1869,,,,,,,,,,,,,,,,
2026-01-31,a3c772d3fde52dbae832bi,2026-01-31 01:20:00.000,56,True,19,0,252,2334,25.2,233.4,0.0,True,0.1911,,,,,,,,,,,,,,,,
2026-01-31,a3c772d3fde52dbae832bi,2026-01-31 01:30:00.000,57,True,19,0,252,2334,25.2,233.4,0.0,True,0.1953,,,,,,,,,,,,,,,,
2026-01-31,a3c772d3fde52dbae832bi,2026-01-31 01:40:00.000,58,True,19,0,252,2328,25.2,232.81,0.0,True,0.1995,,,,,,,,,,,,,,,,
2026-01-31,a3c772d3fde52dbae832bi,2026-01-31 01:50:00.000,59,True,20,0,252,2313,25.2,231.31,0.0,True,0.2037,,,,,,,,,,,,,,,,
2026-01-31,a3c772d3fde52dbae832bi,2026-01-31 02:00:00.000,60,True,20,0,252,2303,25.2,230.3,0.0,True,0.2079,,,,,,,,,,,,,,,,
2026-01-31,a3c772d3fde52dbae832bi,2026-01-31 02:10:00.000,61,True,21,0,252,2297,25.2,229.76,0.0,True,0.2121,,,,,,,,,,,,,,,,
2026-01-31,a3c772d3fde52dbae832bi,2026-01-31 02:20:00.000,62,True,21,0,252,2299,25.2,229.97,0.0,True,0.2163,,,,,,,,,,,,,,,,
2026-01-31,a3c772d3fde52dbae832bi,2026-01-31 02:30:00.000,63,True,22,0,252,2300,25.2,230.07,0.0,True,0.2205,,,,,,,,,,,,,,,,
2026-01-31,a3c772d3fde52dbae832bi,2026-01-31 02:40:00.000,64,True,22,0,252,2300,25.2,230.01,0.0,True,0.2247,,,,,,,,,,,,,,,,
2026-01-31,a3c772d3fde52dbae832bi,2026-01-31 02:50:00.000,65,True,22,0,252,2298,25.2,229.81,0.0,True,0.2289,,,,,,,,,,,,,,,,
2026-01-31,a3c772d3fde52dbae832bi,2026-01-31 03:00:00.000,66,True,23,0,252,2302,25.2,230.23,0.0,True,0.2331,,,,,,,,,,,,,,,,
2026-01-31,a3c772d3fde52dbae832bi,2026-01-31 03:10:00.000,67,True,23,0,252,2298,25.2,229.81,0.0,True,0.2373,,,,,,,,,,,,,,,,
2026-01-31,a3c772d3fde52dbae832bi,2026-01-31 03:20:00.000,68,True,24,0,252,2301,25.2,230.12,0.0,True,0.2415,,,,,,,,,,,,,,,,
2026-01-31,a3c772d3fde52dbae832bi,2026-01-31 03:30:00.000,69,True,24,0,252,2310,25.2,231.09,0.0,True,0.2457,,,,,,,,,,,,,,,,
2026-01-31,a3c772d3fde52dbae832bi,2026-01-31 03:40:00.000,70,True,24,0,252,2312,25.2,231.29,0.0,True,0.2499,,,,,,,,,,,,,,,,
2026-01-31,a3c772d3fde52dbae832bi,2026-01-31 03:50:00.000,71,True,25,0,252,2323,25.2,232.3,0.0,True,0.2541,,,,,,,,,,,,,,,,
2026-01-31,a3c772d3fde52dbae832bi,2026-01-31 04:00:00.000,72,True,25,0,252,2304,25.2,230.46,0.0,True,0.2583,,,,,,,,,,,,,,,,
2026-01-31,a3c772d3fde52dbae832bi,2026-01-31 04:10:00.000,73,True,26,0,252,2305,25.2,230.57,0.0,True,0.2625,,,,,,,,,,,,,,,,
2026-01-31,a3c772d3fde52dbae832bi,2026-01-31 04:20:00.000,74,True,26,0,252,2322,25.2,232.22,0.0,True,0.2667,,,,,,,,,,,,,,,,
2026-01-31,a3c772d3fde52dbae832bi,2026-01-31 04:30:00.000,75,True,27,0,252,2297,25.2,229.72,0.0,True,0.2709,,,,,,,,,,,,,,,,
2026-01-31,a3c772d3fde52dbae832bi,2026-01-31 04:40:00.000,76,True,27,0,252,2305,25.2,230.56,0.0,True,0.2751,,,,,,,,,,,,,,,,
2026-01-31,a3c772d3fde52dbae832bi,2026-01-31 04:50:00.000,77,True,27,0,252,2305,25.2,230.52,0.0,True,0.2793,,,,,,,,,,,,,,,,
2026-01-31,a3c772d3fde52dbae832bi,2026-01-31 05:00:00.000,78,True,28,41,163,2309,16.34,230.9,0.042,True,0.2821,,,,,,,,,,,,,,,,
2026-01-31,a3c772d3fde52dbae832bi,2026-01-31 05:10:00.000,79,False,28,0,0,2321,0.0,232.15,0.0,False,0.2821,,,,,,,,,,,,,,,,
2026-01-31,a3c772d3fde52dbae832bi,2026-01-31 05:20:00.000,80,True,28,20,81,2317,8.17,231.78,0.021,True,0.2834,,,,,,,,,,,,,,,,
2026-01-31,a3c772d3fde52dbae832bi,2026-01-31 05:30:00.000,81,False,28,0,0,2330,0.0,233.07,0.0,False,0.2834,,,,,,,,,,,,,,,,
2026-01-31,a3c772d3fde52dbae832bi,2026-01-31 05:40:00.000,82,True,28,20,81,2309,8.17,230.9,0.021,True,0.2848,,,,,,,,,,,,,,,,
2026-01-31,a3c772d3fde52dbae832bi,2026-01-31 05:50:00.000,83,True,28,20,81,2309,8.17,230.9,0.021,True,0.2861,,,,,,,,,,,,,,,,
2026-01-31,a3c772d3fde52dbae832bi,2026-01-31 06:00:00.000,84,True,29,60,238,2317,23.88,231.75,0.061,True,0.2901,,,,,,,,,,,,,,,,
2026-01-31,a3c772d3fde52dbae832bi,2026-01-31 06:10:00.000,85,True,29,40,159,2324,15.96,232.48,0.04,True,0.2928,,,,,,,,,,,,,,,,
2026-01-31,a3c772d3fde52dbae832bi,2026-01-31 06:20:00.000,86,True,29,82,323,2317,32.32,231.76,0.082,True,0.2982,,,,,,,,,,,,,,,,
2026-01-31,a3c772d3fde52dbae832bi,2026-01-31 06:30:00.000,87,True,30,84,331,2311,33.16,231.17,0.085,True,0.3037,,,,,,,,,,,,,,,,
2026-01-31,a3c772d3fde52dbae832bi,2026-01-31 06:40:00.000,88,True,31,99,390,2314,39.03,231.41,0.099,True,0.3102,,,,,,,,,,,,,,,,
2026-01-31,a3c772d3fde52dbae832bi,2026-01-31 06:50:00.000,89,True,31,122,480,2311,48.05,231.16,0.123,True,0.3182,,,,,,,,,,,,,,,,
2026-01-31,a3c772d3fde52dbae832bi,2026-01-31 07:00:00.000,90,True,32,81,318,2304,31.86,230.43,0.082,True,0.3235,,,,,,,,,,,,,,,,
2026-01-31,a3c772d3fde52dbae832bi,2026-01-31 07:10:00.000,91,True,33,143,562,2311,56.23,231.16,0.143,True,0.3329,,,,,,,,,,,,,,,,
2026-01-31,a3c772d3fde52dbae832bi,2026-01-31 07:20:00.000,92,True,34,122,477,2304,47.78,230.42,0.122,True,0.3409,,,,,,,,,,,,,,,,
2026-01-31,a3c772d3fde52dbae832bi,2026-01-31 07:30:00.000,93,True,34,138,465,1980,46.56,198.06,0.139,True,0.3486,,,,,,,,,,,,,,,,
2026-01-31,a3c772d3fde52dbae832bi,2026-01-31 07:40:00.000,94,True,35,138,543,2310,54.31,231.09,0.139,True,0.3577,,,,,,,,,,,,,,,,
2026-01-31,a3c772d3fde52dbae832bi,2026-01-31 07:50:00.000,95,True,36,138,542,2312,54.22,231.27,0.138,True,0.3667,,,,,,,,,,,,,,,,
2026-01-31,a3c772d3fde52dbae832bi,2026-01-31 08:00:00.000,96,True,37,138,542,2312,54.22,231.27,0.138,True,0.3757,,,,,,,,,,,,,,,,
2026-01-31,a3c772d3fde52dbae832bi,2026-01-31 08:10:00.000,97,True,38,158,622,2314,62.29,231.47,0.159,True,0.3861,,,,,,,,,,,,,,,,
2026-01-31,a3c772d3fde52dbae832bi,2026-01-31 08:20:00.000,98,True,39,158,622,2316,62.21,231.64,0.158,True,0.3965,,,,,,,,,,,,,,,,
2026-01-31,a3c772d3fde52dbae832bi,2026-01-31 08:30:00.000,99,True,40,158,622,2316,62.21,231.64,0.158,True,0.4069,,,,,,,,,,,,,,,,
2026-01-31,a3c772d3fde52dbae832bi,2026-01-31 08:40:00.000,100,True,41,178,700,2320,70.09,232.02,0.178,True,0.4185,,,,,,,,,,,,,,,,
2026-01-31,a3c772d3fde52dbae832bi,2026-01-31 08:50:00.000,101,True,42,158,622,2319,62.21,231.96,0.158,True,0.4289,,,,,,,,,,,,,,,,
2026-01-31,a3c772d3fde52dbae832bi,2026-01-31 09:00:00.000,102,True,43,158,621,2319,62.16,231.96,0.158,True,0.4393,,,,,,,,,,,,,,,,
2026-01-31,a3c772d3fde52dbae832bi,2026-01-31 09:10:00.000,103,True,44,137,541,2317,54.12,231.76,0.138,True,0.4483,,,,,,,,,,,,,,,,
2026-01-31,a3c772d3fde52dbae832bi,2026-01-31 09:20:00.000,104,True,45,158,621,2319,62.16,231.9,0.158,True,0.4586,,,,,,,,,,,,,,,,
2026-01-31,a3c772d3fde52dbae832bi,2026-01-31 09:30:00.000,105,True,46,157,621,2319,62.13,231.96,0.158,True,0.469,,,,,,,,,,,,,,,,
2026-01-31,a3c772d3fde52dbae832bi,2026-01-31 09:40:00.000,106,True,47,117,460,2315,46.09,231.5,0.117,True,0.4767,,,,,,,,,,,,,,,,
2026-01-31,a3c772d3fde52dbae832bi,2026-01-31 09:50:00.000,107,True,48,157,620,2315,62.02,231.53,0.158,True,0.487,,,,,,,,,,,,,,,,
2026-01-31,a3c772d3fde52dbae832bi,2026-01-31 10:00:00.000,108,True,49,137,541,2314,54.14,231.46,0.138,True,0.496,,,,,,,,,,,,,,,,
2026-01-31,a3c772d3fde52dbae832bi,2026-01-31 10:10:00.000,109,True,50,117,460,2315,46.09,231.52,0.117,True,0.5037,,,,,,,,,,,,,,,,
2026-01-31,a3c772d3fde52dbae832bi,2026-01-31 10:20:00.000,110,True,51,117,457,2308,45.8,230.8,0.117,True,0.5114,,,,,,,,,,,,,,,,
2026-01-31,a3c772d3fde52dbae832bi,2026-01-31 10:30:00.000,111,True,51,116,456,2308,45.68,230.8,0.117,True,0.519,,,,,,,,,,,,,,,,
2026-01-31,a3c772d3fde52dbae832bi,2026-01-31 10:40:00.000,112,True,52,96,378,2313,37.88,231.36,0.097,True,0.5253,,,,,,,,,,,,,,,,
2026-01-31,a3c772d3fde52dbae832bi,2026-01-31 10:50:00.000,113,True,53,136,536,2313,53.68,231.3,0.137,True,0.5342,,,,,,,,,,,,,,,,
2026-01-31,a3c772d3fde52dbae832bi,2026-01-31 11:00:00.000,114,True,54,116,458,2317,45.89,231.77,0.117,True,0.5419,,,,,,,,,,,,,,,,
2026-01-31,a3c772d3fde52dbae832bi,2026-01-31 11:10:00.000,115,True,54,97,383,2327,38.3,232.74,0.097,True,0.5483,,,,,,,,,,,,,,,,
2026-01-31,a3c772d3fde52dbae832bi,2026-01-31 11:20:00.000,116,True,55,97,382,2322,38.2,232.24,0.097,True,0.5546,,,,,,,,,,,,,,,,
2026-01-31,a3c772d3fde52dbae832bi,2026-01-31 11:30:00.000,117,True,56,117,463,2325,46.3,232.57,0.117,True,0.5623,,,,,,,,,,,,,,,,
2026-01-31,a3c772d3fde52dbae832bi,2026-01-31 11:40:00.000,118,True,56,97,381,2320,38.18,232.04,0.097,True,0.5687,,,,,,,,,,,,,,,,
2026-01-31,a3c772d3fde52dbae832bi,2026-01-31 11:50:00.000,119,True,57,158,623,2323,62.33,232.36,0.158,True,0.5791,,,,,,,,,,,,,,,,
2026-01-31,a3c772d3fde52dbae832bi,2026-01-31 12:00:00.000,120,True,58,158,622,2323,62.26,232.36,0.158,True,0.5895,,,,,,,,,,,,,,,,
2026-01-31,a3c772d3fde52dbae832bi,2026-01-31 12:10:00.000,121,True,59,117,462,2326,46.22,232.6,0.117,True,0.5972,,,,,,,,,,,,,,,,
2026-01-31,a3c772d3fde52dbae832bi,2026-01-31 12:20:00.000,122,True,60,137,541,2322,54.19,232.27,0.138,True,0.6062,,,,,,,,,,,,,,,,
2026-01-31,a3c772d3fde52dbae832bi,2026-01-31 12:30:00.000,123,True,61,137,541,2322,54.19,232.27,0.138,True,0.6152,,,,,,,,,,,,,,,,
2026-01-31,a3c772d3fde52dbae832bi,2026-01-31 12:40:00.000,124,True,62,137,541,2321,54.16,232.14,0.138,True,0.6243,,,,,,,,,,,,,,,,
2026-01-31,a3c772d3fde52dbae832bi,2026-01-31 12:50:00.000,125,True,63,117,461,2320,46.15,232.08,0.117,True,0.632,,,,,,,,,,,,,,,,
2026-01-31,a3c772d3fde52dbae832bi,2026-01-31 13:00:00.000,126,True,64,137,537,2308,53.75,230.89,0.137,True,0.6409,,,,,,,,,,,,,,,,
2026-01-31,a3c772d3fde52dbae832bi,2026-01-31 13:10:00.000,127,True,64,116,456,2305,45.61,230.51,0.117,True,0.6485,,,,,,,,,,,,,,,,
2026-01-31,a3c772d3fde52dbae832bi,2026-01-31 13:20:00.000,128,True,65,116,456,2303,45.65,230.39,0.117,True,0.6561,,,,,,,,,,,,,,,,
2026-01-31,a3c772d3fde52dbae832bi,2026-01-31 13:30:00.000,129,True,66,116,456,2303,45.65,230.39,0.117,True,0.6637,,,,,,,,,,,,,,,,
2026-01-31,a3c772d3fde52dbae832bi,2026-01-31 13:40:00.000,130,True,66,56,219,2294,21.99,229.4,0.057,True,0.6674,,,,,,,,,,,,,,,,
2026-01-31,a3c772d3fde52dbae832bi,2026-01-31 13:50:00.000,131,True,67,56,219,2294,21.99,229.4,0.057,True,0.6711,,,,,,,,,,,,,,,,
2026-01-31,a3c772d3fde52dbae832bi,2026-01-31 14:00:00.000,132,True,67,76,297,2297,29.79,229.75,0.076,True,0.676,,,,,,,,,,,,,,,,
2026-01-31,a3c772d3fde52dbae832bi,2026-01-31 14:10:00.000,133,True,68,76,296,2290,29.66,229.04,0.076,True,0.681,,,,,,,,,,,,,,,,
2026-01-31,a3c772d3fde52dbae832bi,2026-01-31 14:20:00.000,134,True,68,56,219,2292,21.92,229.2,0.056,True,0.6846,,,,,,,,,,,,,,,,
2026-01-31,a3c772d3fde52dbae832bi,2026-01-31 14:30:00.000,135,True,68,56,219,2292,21.92,229.2,0.056,True,0.6883,,,,,,,,,,,,,,,,
2026-01-31,a3c772d3fde52dbae832bi,2026-01-31 14:40:00.000,136,True,69,76,296,2291,29.67,229.17,0.076,True,0.6932,,,,,,,,,,,,,,,,
2026-01-31,a3c772d3fde52dbae832bi,2026-01-31 14:50:00.000,137,True,69,76,296,2291,29.67,229.17,0.076,True,0.6982,,,,,,,,,,,,,,,,
2026-01-31,a3c772d3fde52dbae832bi,2026-01-31 15:00:00.000,138,True,70,56,218,2296,21.87,229.67,0.056,True,0.7018,,,,,,,,,,,,,,,,
2026-01-31,a3c772d3fde52dbae832bi,2026-01-31 15:10:00.000,139,True,70,56,218,2296,21.87,229.67,0.056,True,0.7055,,,,,,,,,,,,,,,,
2026-01-31,a3c772d3fde52dbae832bi,2026-01-31 15:20:00.000,140,True,70,56,219,2298,21.91,229.8,0.056,True,0.7091,,,,,,,,,,,,,,,,
2026-01-31,a3c772d3fde52dbae832bi,2026-01-31 15:30:00.000,141,True,71,56,219,2302,21.91,230.22,0.056,True,0.7128,,,,,,,,,,,,,,,,
2026-01-31,a3c772d3fde52dbae832bi,2026-01-31 15:40:00.000,142,True,71,55,217,2287,21.7,228.78,0.056,True,0.7164,,,,,,,,,,,,,,,,
2026-01-31,a3c772d3fde52dbae832bi,2026-01-31 15:50:00.000,143,True,71,55,217,2287,21.7,228.78,0.056,True,0.72,,,,,,,,,,,,,,,,
2026-02-01,a3c772d3fde52dbae832bi,2026-01-31 16:00:00.000,0,True,0,95,157,2290,15.71,229.09,0.096,True,0.0026,,,,,,,,,,,,,,,,
2026-02-01,a3c772d3fde52dbae832bi,2026-01-31 16:10:00.000,1,True,0,111,183,2287,18.31,228.74,0.112,True,0.0057,,,,,,,,,,,,,,,,
2026-02-01,a3c772d3fde52dbae832bi,2026-01-31 16:20:00.000,2,True,0,111,183,2295,18.35,229.51,0.112,True,0.0087,,,,,,,,,,,,,,,,
2026-02-01,a3c772d3fde52dbae832bi,2026-01-31 16:30:00.000,3,True,1,51,84,2295,8.46,229.51,0.052,True,0.0101,,,,,,,,,,,,,,,,
2026-02-01,a3c772d3fde52dbae832bi,2026-01-31 16:40:00.000,4,True,1,52,87,2310,8.71,231.03,0.053,True,0.0116,,,,,,,,,,,,,,,,
2026-02-01,a3c772d3fde52dbae832bi,2026-01-31 16:50:00.000,5,True,1,32,54,2308,5.41,230.84,0.033,True,0.0125,,,,,,,,,,,,,,,,
2026-02-01,a3c772d3fde52dbae832bi,2026-01-31 17:00:00.000,6,True,1,32,54,2308,5.41,230.82,0.033,True,0.0134,,,,,,,,,,,,,,,,
2026-02-01,a3c772d3fde52dbae832bi,2026-01-31 17:10:00.000,7,True,1,32,54,2300,5.41,230.06,0.033,True,0.0143,,,,,,,,,,,,,,,,
2026-02-01,a3c772d3fde52dbae832bi,2026-01-31 17:20:00.000,8,True,1,32,54,2301,5.41,230.17,0.033,True,0.0152,,,,,,,,,,,,,,,,
2026-02-01,a3c772d3fde52dbae832bi,2026-01-31 17:30:00.000,9,True,1,32,54,2302,5.41,230.28,0.033,True,0.0161,,,,,,,,,,,,,,,,
2026-02-01,a3c772d3fde52dbae832bi,2026-01-31 17:40:00.000,10,True,1,32,54,2301,5.41,230.19,0.033,True,0.017,,,,,,,,,,,,,,,,
2026-02-01,a3c772d3fde52dbae832bi,2026-01-31 17:50:00.000,11,True,1,32,53,2300,5.33,230.02,0.032,True,0.0179,,,,,,,,,,,,,,,,
2026-02-01,a3c772d3fde52dbae832bi,2026-01-31 18:00:00.000,12,True,1,32,53,2296,5.33,229.62,0.032,True,0.0188,,,,,,,,,,,,,,,,
2026-02-01,a3c772d3fde52dbae832bi,2026-01-31 18:10:00.000,13,True,1,32,53,2295,5.33,229.57,0.032,True,0.0197,,,,,,,,,,,,,,,,
2026-02-01,a3c772d3fde52dbae832bi,2026-01-31 18:20:00.000,14,True,2,32,53,2303,5.33,230.37,0.032,True,0.0206,,,,,,,,,,,,,,,,
2026-02-01,a3c772d3fde52dbae832bi,2026-01-31 18:30:00.000,15,True,2,31,52,2299,5.22,229.93,0.032,True,0.0214,,,,,,,,,,,,,,,,
2026-02-01,a3c772d3fde52dbae832bi,2026-01-31 18:40:00.000,16,True,2,31,52,2303,5.22,230.39,0.032,True,0.0223,,,,,,,,,,,,,,,,
2026-02-01,a3c772d3fde52dbae832bi,2026-01-31 18:50:00.000,17,True,2,31,52,2303,5.22,230.3,0.032,True,0.0232,,,,,,,,,,,,,,,,
2026-02-01,a3c772d3fde52dbae832bi,2026-01-31 19:00:00.000,18,True,2,31,52,2301,5.22,230.17,0.032,True,0.024,,,,,,,,,,,,,,,,
2026-02-01,a3c772d3fde52dbae832bi,2026-01-31 19:10:00.000,19,True,2,31,52,2301,5.22,230.17,0.032,True,0.0249,,,,,,,,,,,,,,,,
2026-02-01,a3c772d3fde52dbae832bi,2026-01-31 19:20:00.000,20,True,2,31,52,2303,5.22,230.35,0.032,True,0.0258,,,,,,,,,,,,,,,,
2026-02-01,a3c772d3fde52dbae832bi,2026-01-31 19:30:00.000,21,True,2,31,52,2302,5.22,230.27,0.032,True,0.0266,,,,,,,,,,,,,,,,
2026-02-01,a3c772d3fde52dbae832bi,2026-01-31 19:40:00.000,22,True,2,31,52,2309,5.25,230.96,0.032,True,0.0275,,,,,,,,,,,,,,,,
2026-02-01,a3c772d3fde52dbae832bi,2026-01-31 19:50:00.000,23,True,2,32,52,2302,5.28,230.25,0.032,True,0.0284,,,,,,,,,,,,,,,,
2026-02-01,a3c772d3fde52dbae832bi,2026-01-31 20:00:00.000,24,True,2,32,52,2301,5.28,230.12,0.032,True,0.0293,,,,,,,,,,,,,,,,
2026-02-01,a3c772d3fde52dbae832bi,2026-01-31 20:10:00.000,25,True,3,31,52,2305,5.28,230.57,0.032,True,0.0302,,,,,,,,,,,,,,,,
2026-02-01,a3c772d3fde52dbae832bi,2026-01-31 20:20:00.000,26,True,3,32,52,2300,5.28,230.06,0.032,True,0.031,,,,,,,,,,,,,,,,
2026-02-01,a3c772d3fde52dbae832bi,2026-01-31 20:30:00.000,27,True,3,32,52,2304,5.28,230.4,0.032,True,0.0319,,,,,,,,,,,,,,,,
2026-02-01,a3c772d3fde52dbae832bi,2026-01-31 20:40:00.000,28,True,3,32,53,2316,5.36,231.62,0.032,True,0.0328,,,,,,,,,,,,,,,,
2026-02-01,a3c772d3fde52dbae832bi,2026-01-31 20:50:00.000,29,True,3,0,201,2319,20.15,231.99,0.0,True,0.0362,,,,,,,,,,,,,,,,
2026-02-01,a3c772d3fde52dbae832bi,2026-01-31 21:00:00.000,30,True,3,0,201,2311,20.15,231.14,0.0,True,0.0395,,,,,,,,,,,,,,,,
2026-02-01,a3c772d3fde52dbae832bi,2026-01-31 21:10:00.000,31,True,4,0,201,2318,20.15,231.83,0.0,True,0.0429,,,,,,,,,,,,,,,,
2026-02-01,a3c772d3fde52dbae832bi,2026-01-31 21:20:00.000,32,True,4,0,201,2314,20.15,231.41,0.0,True,0.0462,,,,,,,,,,,,,,,,
2026-02-01,a3c772d3fde52dbae832bi,2026-01-31 21:30:00.000,33,True,4,0,201,2308,20.15,230.84,0.0,True,0.0496,,,,,,,,,,,,,,,,
2026-02-01,a3c772d3fde52dbae832bi,2026-01-31 21:40:00.000,34,True,5,0,201,2314,20.15,231.42,0.0,True,0.053,,,,,,,,,,,,,,,,
2026-02-01,a3c772d3fde52dbae832bi,2026-01-31 21:50:00.000,35,True,5,0,201,2315,20.15,231.52,0.0,True,0.0563,,,,,,,,,,,,,,,,
2026-02-01,a3c772d3fde52dbae832bi,2026-01-31 22:00:00.000,36,True,5,0,201,2309,20.15,230.92,0.0,True,0.0597,,,,,,,,,,,,,,,,
2026-02-01,a3c772d3fde52dbae832bi,2026-01-31 22:10:00.000,37,True,6,0,201,2309,20.15,230.95,0.0,True,0.063,,,,,,,,,,,,,,,,
2026-02-01,a3c772d3fde52dbae832bi,2026-01-31 22:20:00.000,38,True,6,0,201,2312,20.15,231.26,0.0,True,0.0664,,,,,,,,,,,,,,,,
2026-02-01,a3c772d3fde52dbae832bi,2026-01-31 22:30:00.000,39,True,6,0,201,2312,20.15,231.26,0.0,True,0.0698,,,,,,,,,,,,,,,,
2026-02-01,a3c772d3fde52dbae832bi,2026-01-31 22:40:00.000,40,True,7,0,201,2315,20.15,231.56,0.0,True,0.0731,,,,,,,,,,,,,,,,
2026-02-01,a3c772d3fde52dbae832bi,2026-01-31 22:50:00.000,41,True,7,0,201,2309,20.15,230.91,0.0,True,0.0765,,,,,,,,,,,,,,,,
2026-02-01,a3c772d3fde52dbae832bi,2026-01-31 23:00:00.000,42,True,7,0,201,2313,20.15,231.38,0.0,True,0.0798,,,,,,,,,,,,,,,,
2026-02-01,a3c772d3fde52dbae832bi,2026-01-31 23:10:00.000,43,True,8,0,201,2310,20.15,231.0,0.0,True,0.0832,,,,,,,,,,,,,,,,
2026-02-01,a3c772d3fde52dbae832bi,2026-01-31 23:20:00.000,44,True,8,0,201,2315,20.15,231.54,0.0,True,0.0865,,,,,,,,,,,,,,,,
2026-02-01,a3c772d3fde52dbae832bi,2026-01-31 23:30:00.000,45,True,8,0,201,2305,20.15,230.53,0.0,True,0.0899,,,,,,,,,,,,,,,,
2026-02-01,a3c772d3fde52dbae832bi,2026-01-31 23:40:00.000,46,True,9,0,201,2309,20.15,230.98,0.0,True,0.0933,,,,,,,,,,,,,,,,
2026-02-01,a3c772d3fde52dbae832bi,2026-01-31 23:50:00.000,47,True,9,0,201,2306,20.15,230.69,0.0,True,0.0966,,,,,,,,,,,,,,,,
2026-02-01,a3c772d3fde52dbae832bi,2026-02-01 00:00:00.000,48,True,9,0,201,2301,20.15,230.17,0.0,True,0.1,,,,,,,,,,,,,,,,
2026-02-01,a3c772d3fde52dbae832bi,2026-02-01 00:10:00.000,49,True,10,0,201,2323,20.15,232.31,0.0,True,0.1033,,,,,,,,,,,,,,,,
2026-02-01,a3c772d3fde52dbae832bi,2026-02-01 00:20:00.000,50,True,10,0,201,2317,20.15,231.75,0.0,True,0.1067,,,,,,,,,,,,,,,,
2026-02-01,a3c772d3fde52dbae832bi,2026-02-01 00:30:00.000,51,True,11,0,201,2321,20.15,232.13,0.0,True,0.1101,,,,,,,,,,,,,,,,
2026-02-01,a3c772d3fde52dbae832bi,2026-02-01 00:40:00.000,52,True,11,0,201,2328,20.15,232.87,0.0,True,0.1134,,,,,,,,,,,,,,,,
2026-02-01,a3c772d3fde52dbae832bi,2026-02-01 00:50:00.000,53,False,11,0,0,2317,0.0,231.72,0.0,False,0.1134,,,,,,,,,,,,,,,,
2026-02-01,a3c772d3fde52dbae832bi,2026-02-01 01:00:00.000,54,True,11,0,201,2321,20.15,232.18,0.0,True,0.1168,,,,,,,,,,,,,,,,
2026-02-01,a3c772d3fde52dbae832bi,2026-02-01 01:10:00.000,55,True,12,0,201,2310,20.15,231.09,0.0,True,0.1201,,,,,,,,,,,,,,,,
2026-02-01,a3c772d3fde52dbae832bi,2026-02-01 01:20:00.000,56,True,12,0,201,2334,20.15,233.4,0.0,True,0.1235,,,,,,,,,,,,,,,,
2026-02-01,a3c772d3fde52dbae832bi,2026-02-01 01:30:00.000,57,True,12,0,201,2334,20.15,233.4,0.0,True,0.1268,,,,,,,,,,,,,,,,
2026-02-01,a3c772d3fde52dbae832bi,2026-02-01 01:40:00.000,58,True,13,0,201,2328,20.15,232.81,0.0,True,0.1302,,,,,,,,,,,,,,,,
2026-02-01,a3c772d3fde52dbae832bi,2026-02-01 01:50:00.000,59,True,13,0,201,2313,20.15,231.31,0.0,True,0.1336,,,,,,,,,,,,,,,,
2026-02-01,a3c772d3fde52dbae832bi,2026-02-01 02:00:00.000,60,True,13,0,201,2303,20.15,230.3,0.0,True,0.1369,,,,,,,,,,,,,,,,
2026-02-01,a3c772d3fde52dbae832bi,2026-02-01 02:10:00.000,61,True,14,0,201,2297,20.15,229.76,0.0,True,0.1403,,,,,,,,,,,,,,,,
2026-02-01,a3c772d3fde52dbae832bi,2026-02-01 02:20:00.000,62,True,14,0,201,2299,20.15,229.97,0.0,True,0.1436,,,,,,,,,,,,,,,,
2026-02-01,a3c772d3fde52dbae832bi,2026-02-01 02:30:00.000,63,True,14,0,201,2300,20.15,230.07,0.0,True,0.147,,,,,,,,,,,,,,,,
2026-02-01,a3c772d3fde52dbae832bi,2026-02-01 02:40:00.000,64,True,15,0,201,2300,20.15,230.01,0.0,True,0.1504,,,,,,,,,,,,,,,,
2026-02-01,a3c772d3fde52dbae832bi,2026-02-01 02:50:00.000,65,True,15,0,201,2298,20.15,229.81,0.0,True,0.1537,,,,,,,,,,,,,,,,
2026-02-01,a3c772d3fde52dbae832bi,2026-02-01 03:00:00.000,66,True,15,0,201,2302,20.15,230.23,0.0,True,0.1571,,,,,,,,,,,,,,,,
2026-02-01,a3c772d3fde52dbae832bi,2026-02-01 03:10:00.000,67,True,16,0,201,2298,20.15,229.81,0.0,True,0.1604,,,,,,,,,,,,,,,,
2026-02-01,a3c772d3fde52dbae832bi,2026-02-01 03:20:00.000,68,True,16,0,201,2301,20.15,230.12,0.0,True,0.1638,,,,,,,,,,,,,,,,
2026-02-01,a3c772d3fde52dbae832bi,2026-02-01 03:30:00.000,69,True,16,0,201,2310,20.15,231.09,0.0,True,0.1672,,,,,,,,,,,,,,,,
2026-02-01,a3c772d3fde52dbae832bi,2026-02-01 03:40:00.000,70,True,17,0,201,2312,20.15,231.29,0.0,True,0.1705,,,,,,,,,,,,,,,,
2026-02-01,a3c772d3fde52dbae832bi,2026-02-01 03:50:00.000,71,True,17,0,201,2323,20.15,232.3,0.0,True,0.1739,,,,,,,,,,,,,,,,
2026-02-01,a3c772d3fde52dbae832bi,2026-02-01 04:00:00.000,72,True,17,0,201,2304,20.15,230.46,0.0,True,0.1772,,,,,,,,,,,,,,,,
2026-02-01,a3c772d3fde52dbae832bi,2026-02-01 04:10:00.000,73,True,18,0,201,2305,20.15,230.57,0.0,True,0.1806,,,,,,,,,,,,,,,,
2026-02-01,a3c772d3fde52dbae832bi,2026-02-01 04:20:00.000,74,True,18,0,201,2322,20.15,232.22,0.0,True,0.1839,,,,,,,,,,,,,,,,
2026-02-01,a3c772d3fde52dbae832bi,2026-02-01 04:30:00.000,75,True,18,0,201,2297,20.15,229.72,0.0,True,0.1873,,,,,,,,,,,,,,,,
2026-02-01,a3c772d3fde52dbae832bi,2026-02-01 04:40:00.000,76,True,19,0,201,2305,20.15,230.56,0.0,True,0.1907,,,,,,,,,,,,,,,,
2026-02-01,a3c772d3fde52dbae832bi,2026-02-01 04:50:00.000,77,True,19,0,201,2305,20.15,230.52,0.0,True,0.194,,,,,,,,,,,,,,,,
2026-02-01,a3c772d3fde52dbae832bi,2026-02-01 05:00:00.000,78,True,19,41,68,2309,6.9,230.9,0.042,True,0.1952,,,,,,,,,,,,,,,,
2026-02-01,a3c772d3fde52dbae832bi,2026-02-01 05:10:00.000,79,False,19,0,0,2321,0.0,232.15,0.0,False,0.1952,,,,,,,,,,,,,,,,
2026-02-01,a3c772d3fde52dbae832bi,2026-02-01 05:20:00.000,80,True,19,20,34,2317,3.45,231.78,0.021,True,0.1957,,,,,,,,,,,,,,,,
2026-02-01,a3c772d3fde52dbae832bi,2026-02-01 05:30:00.000,81,False,19,0,0,2330,0.0,233.07,0.0,False,0.1957,,,,,,,,,,,,,,,,
2026-02-01,a3c772d3fde52dbae832bi,2026-02-01 05:40:00.000,82,True,19,20,34,2309,3.45,230.9,0.021,True,0.1963,,,,,,,,,,,,,,,,
2026-02-01,a3c772d3fde52dbae832bi,2026-02-01 05:50:00.000,83,True,19,20,34,2309,3.45,230.9,0.021,True,0.1969,,,,,,,,,,,,,,,,
2026-02-01,a3c772d3fde52dbae832bi,2026-02-01 06:00:00.000,84,True,19,60,100,2317,10.08,231.75,0.061,True,0.1986,,,,,,,,,,,,,,,,
2026-02-01,a3c772d3fde52dbae832bi,2026-02-01 06:10:00.000,85,True,19,40,67,2324,6.74,232.48,0.04,True,0.1997,,,,,,,,,,,,,,,,
2026-02-01,a3c772d3fde52dbae832bi,2026-02-01 06:20:00.000,86,True,20,82,136,2317,13.64,231.76,0.082,True,0.202,,,,,,,,,,,,,,,,
2026-02-01,a3c772d3fde52dbae832bi,2026-02-01 06:30:00.000,87,True,20,84,139,2311,14.0,231.17,0.085,True,0.2043,,,,,,,,,,,,,,,,
2026-02-01,a3c772d3fde52dbae832bi,2026-02-01 06:40:00.000,88,True,20,99,164,2314,16.47,231.41,0.099,True,0.207,,,,,,,,,,,,,,,,
2026-02-01,a3c772d3fde52dbae832bi,2026-02-01 06:50:00.000,89,True,21,122,202,2311,20.28,231.16,0.123,True,0.2104,,,,,,,,,,,,,,,,
2026-02-01,a3c772d3fde52dbae832bi,2026-02-01 07:00:00.000,90,True,21,81,134,2304,13.44,230.43,0.082,True,0.2127,,,,,,,,,,,,,,,,
2026-02-01,a3c772d3fde52dbae832bi,2026-02-01 07:10:00.000,91,True,21,143,237,2311,23.73,231.16,0.143,True,0.2166,,,,,,,,,,,,,,,,
2026-02-01,a3c772d3fde52dbae832bi,2026-02-01 07:20:00.000,92,True,21,122,201,2304,20.16,230.42,0.122,True,0.22,,,,,,,,,,,,,,,,
2026-02-01,a3c772d3fde52dbae832bi,2026-02-01 07:30:00.000,93,True,22,138,196,1980,19.65,198.06,0.139,True,0.2233,,,,,,,,,,,,,,,,
2026-02-01,a3c772d3fde52dbae832bi,2026-02-01 07:40:00.000,94,True,22,138,229,2310,22.92,231.09,0.139,True,0.2271,,,,,,,,,,,,,,,,
2026-02-01,a3c772d3fde52dbae832bi,2026-02-01 07:50:00.000,95,True,23,138,228,2312,22.89,231.27,0.138,True,0.2309,,,,,,,,,,,,,,,,
2026-02-01,a3c772d3fde52dbae832bi,2026-02-01 08:00:00.000,96,True,23,138,228,2312,22.89,231.27,0.138,True,0.2347,,,,,,,,,,,,,,,,
2026-02-01,a3c772d3fde52dbae832bi,2026-02-01 08:10:00.000,97,True,23,158,262,2314,26.29,231.47,0.159,True,0.2391,,,,,,,,,,,,,,,,
2026-02-01,a3c772d3fde52dbae832bi,2026-02-01 08:20:00.000,98,True,24,158,262,2316,26.25,231.64,0.158,True,0.2435,,,,,,,,,,,,,,,,
2026-02-01,a3c772d3fde52dbae832bi,2026-02-01 08:30:00.000,99,True,24,158,262,2316,26.25,231.64,0.158,True,0.2478,,,,,,,,,,,,,,,,
2026-02-01,a3c772d3fde52dbae832bi,2026-02-01 08:40:00.000,100,True,25,178,295,2320,29.58,232.02,0.178,True,0.2528,,,,,,,,,,,,,,,,
2026-02-01,a3c772d3fde52dbae832bi,2026-02-01 08:50:00.000,101,True,25,158,262,2319,26.25,231.96,0.158,True,0.2571,,,,,,,,,,,,,,,,
2026-02-01,a3c772d3fde52dbae832bi,2026-02-01 09:00:00.000,102,True,26,158,262,2319,26.23,231.96,0.158,True,0.2615,,,,,,,,,,,,,,,,
2026-02-01,a3c772d3fde52dbae832bi,2026-02-01 09:10:00.000,103,True,26,137,228,2317,22.84,231.76,0.138,True,0.2653,,,,,,,,,,,,,,,,
2026-02-01,a3c772d3fde52dbae832bi,2026-02-01 09:20:00.000,104,True,26,158,262,2319,26.23,231.9,0.158,True,0.2697,,,,,,,,,,,,,,,,
2026-02-01,a3c772d3fde52dbae832bi,2026-02-01 09:30:00.000,105,True,27,157,262,2319,26.22,231.96,0.158,True,0.2741,,,,,,,,,,,,,,,,
2026-02-01,a3c772d3fde52dbae832bi,2026-02-01 09:40:00.000,106,True,27,117,194,2315,19.45,231.5,0.117,True,0.2773,,,,,,,,,,,,,,,,
2026-02-01,a3c772d3fde52dbae832bi,2026-02-01 09:50:00.000,107,True,28,157,261,2315,26.18,231.53,0.158,True,0.2817,,,,,,,,,,,,,,,,
2026-02-01,a3c772d3fde52dbae832bi,2026-02-01 10:00:00.000,108,True,28,137,228,2314,22.85,231.46,0.138,True,0.2855,,,,,,,,,,,,,,,,
2026-02-01,a3c772d3fde52dbae832bi,2026-02-01 10:10:00.000,109,True,28,117,194,2315,19.45,231.52,0.117,True,0.2887,,,,,,,,,,,,,,,,
2026-02-01,a3c772d3fde52dbae832bi,2026-02-01 10:20:00.000,110,True,29,117,193,2308,19.33,230.8,0.117,True,0.2919,,,,,,,,,,,,,,,,
2026-02-01,a3c772d3fde52dbae832bi,2026-02-01 10:30:00.000,111,True,29,116,192,2308,19.28,230.8,0.117,True,0.2952,,,,,,,,,,,,,,,,
2026-02-01,a3c772d3fde52dbae832bi,2026-02-01 10:40:00.000,112,True,29,96,159,2313,15.99,231.36,0.097,True,0.2978,,,,,,,,,,,,,,,,
2026-02-01,a3c772d3fde52dbae832bi,2026-02-01 10:50:00.000,113,True,30,136,226,2313,22.66,231.3,0.137,True,0.3016,,,,,,,,,,,,,,,,
2026-02-01,a3c772d3fde52dbae832bi,2026-02-01 11:00:00.000,114,True,30,116,193,2317,19.36,231.77,0.117,True,0.3048,,,,,,,,,,,,,,,,
2026-02-01,a3c772d3fde52dbae832bi,2026-02-01 11:10:00.000,115,True,30,97,161,2327,16.17,232.74,0.097,True,0.3075,,,,,,,,,,,,,,,,
2026-02-01,a3c772d3fde52dbae832bi,2026-02-01 11:20:00.000,116,True,31,97,161,2322,16.12,232.24,0.097,True,0.3102,,,,,,,,,,,,,,,,
2026-02-01,a3c772d3fde52dbae832bi,2026-02-01 11:30:00.000,117,True,31,117,195,2325,19.54,232.57,0.117,True,0.3135,,,,,,,,,,,,,,,,
2026-02-01,a3c772d3fde52dbae832bi,2026-02-01 11:40:00.000,118,True,31,97,161,2320,16.12,232.04,0.097,True,0.3161,,,,,,,,,,,,,,,,
2026-02-01,a3c772d3fde52dbae832bi,2026-02-01 11:50:00.000,119,True,32,158,263,2323,26.31,232.36,0.158,True,0.3205,,,,,,,,,,,,,,,,
2026-02-01,a3c772d3fde52dbae832bi,2026-02-01 12:00:00.000,120,True,32,158,262,2323,26.28,232.36,0.158,True,0.3249,,,,,,,,,,,,,,,,
2026-02-01,a3c772d3fde52dbae832bi,2026-02-01 12:10:00.000,121,True,32,117,195,2326,19.51,232.6,0.117,True,0.3282,,,,,,,,,,,,,,,,
2026-02-01,a3c772d3fde52dbae832bi,2026-02-01 12:20:00.000,122,True,33,137,228,2322,22.87,232.27,0.138,True,0.332,,,,,,,,,,,,,,,,
2026-02-01,a3c772d3fde52dbae832bi,2026-02-01 12:30:00.000,123,True,33,137,228,2322,22.87,232.27,0.138,True,0.3358,,,,,,,,,,,,,,,,
2026-02-01,a3c772d3fde52dbae832bi,2026-02-01 12:40:00.000,124,True,33,137,228,2321,22.86,232.14,0.138,True,0.3396,,,,,,,,,,,,,,,,
2026-02-01,a3c772d3fde52dbae832bi,2026-02-01 12:50:00.000,125,True,34,117,194,2320,19.48,232.08,0.117,True,0.3428,,,,,,,,,,,,,,,,
2026-02-01,a3c772d3fde52dbae832bi,2026-02-01 13:00:00.000,126,True,34,137,226,2308,22.69,230.89,0.137,True,0.3466,,,,,,,,,,,,,,,,
2026-02-01,a3c772d3fde52dbae832bi,2026-02-01 13:10:00.000,127,True,34,116,192,2305,19.25,230.51,0.117,True,0.3498,,,,,,,,,,,,,,,,
2026-02-01,a3c772d3fde52dbae832bi,2026-02-01 13:20:00.000,128,True,35,116,192,2303,19.26,230.39,0.117,True,0.353,,,,,,,,,,,,,,,,
2026-02-01,a3c772d3fde52dbae832bi,2026-02-01 13:30:00.000,129,True,35,116,192,2303,19.26,230.39,0.117,True,0.3563,,,,,,,,,,,,,,,,
2026-02-01,a3c772d3fde52dbae832bi,2026-02-01 13:40:00.000,130,True,35,56,92,2294,9.28,229.4,0.057,True,0.3578,,,,,,,,,,,,,,,,
2026-02-01,a3c772d3fde52dbae832bi,2026-02-01 13:50:00.000,131,True,35,56,92,2294,9.28,229.4,0.057,True,0.3593,,,,,,,,,,,,,,,,
2026-02-01,a3c772d3fde52dbae832bi,2026-02-01 14:00:00.000,132,True,36,76,125,2297,12.57,229.75,0.076,True,0.3614,,,,,,,,,,,,,,,,
2026-02-01,a3c772d3fde52dbae832bi,2026-02-01 14:10:00.000,133,True,36,76,125,2290,12.52,229.04,0.076,True,0.3635,,,,,,,,,,,,,,,,
2026-02-01,a3c772d3fde52dbae832bi,2026-02-01 14:20:00.000,134,True,36,56,92,2292,9.25,229.2,0.056,True,0.3651,,,,,,,,,,,,,,,,
2026-02-01,a3c772d3fde52dbae832bi,2026-02-01 14:30:00.000,135,True,36,56,92,2292,9.25,229.2,0.056,True,0.3666,,,,,,,,,,,,,,,,
2026-02-01,a3c772d3fde52dbae832bi,2026-02-01 14:40:00.000,136,True,36,76,125,2291,12.52,229.17,0.076,True,0.3687,,,,,,,,,,,,,,,,
2026-02-01,a3c772d3fde52dbae832bi,2026-02-01 14:50:00.000,137,True,37,76,125,2291,12.52,229.17,0.076,True,0.3708,,,,,,,,,,,,,,,,
2026-02-01,a3c772d3fde52dbae832bi,2026-02-01 15:00:00.000,138,True,37,56,92,2296,9.23,229.67,0.056,True,0.3723,,,,,,,,,,,,,,,,
2026-02-01,a3c772d3fde52dbae832bi,2026-02-01 15:10:00.000,139,True,37,56,92,2296,9.23,229.67,0.056,True,0.3739,,,,,,,,,,,,,,,,
2026-02-01,a3c772d3fde52dbae832bi,2026-02-01 15:20:00.000,140,True,37,56,92,2298,9.25,229.8,0.056,True,0.3754,,,,,,,,,,,,,,,,
2026-02-01,a3c772d3fde52dbae832bi,2026-02-01 15:30:00.000,141,True,37,56,92,2302,9.25,230.22,0.056,True,0.3769,,,,,,,,,,,,,,,,
2026-02-01,a3c772d3fde52dbae832bi,2026-02-01 15:40:00.000,142,True,37,55,91,2287,9.16,228.78,0.056,True,0.3785,,,,,,,,,,,,,,,,
2026-02-01,a3c772d3fde52dbae832bi,2026-02-01 15:50:00.000,143,True,38,55,91,2287,9.16,228.78,0.056,True,0.38,,,,,,,,,,,,,,,,
2026-02-02,a3c772d3fde52dbae832bi,2026-02-01 16:00:00.000,0,True,0,95,105,2290,10.6,229.09,0.096,True,0.0018,,,,,,,,,,,,,,,,
2026-02-02,a3c772d3fde52dbae832bi,2026-02-01 16:10:00.000,1,True,0,111,123,2287,12.35,228.74,0.112,True,0.0038,,,,,,,,,,,,,,,,
2026-02-02,a3c772d3fde52dbae832bi,2026-02-01 16:20:00.000,2,True,0,111,123,2295,12.37,229.51,0.112,True,0.0059,,,,,,,,,,,,,,,,
2026-02-02,a3c772d3fde52dbae832bi,2026-02-01 16:30:00.000,3,True,0,51,57,2295,5.7,229.51,0.052,True,0.0068,,,,,,,,,,,,,,,,
2026-02-02,a3c772d3fde52dbae832bi,2026-02-01 16:40:00.000,4,True,0,52,58,2310,5.87,231.03,0.053,True,0.0078,,,,,,,,,,,,,,,,
2026-02-02,a3c772d3fde52dbae832bi,2026-02-01 16:50:00.000,5,True,0,32,36,2308,3.65,230.84,0.033,True,0.0084,,,,,,,,,,,,,,,,
2026-02-02,a3c772d3fde52dbae832bi,2026-02-01 17:00:00.000,6,True,0,32,36,2308,3.65,230.82,0.033,True,0.009,,,,,,,,,,,,,,,,
2026-02-02,a3c772d3fde52dbae832bi,2026-02-01 17:10:00.000,7,True,0,32,36,2300,3.65,230.06,0.033,True,0.0096,,,,,,,,,,,,,,,,
2026-02-02,a3c772d3fde52dbae832bi,2026-02-01 17:20:00.000,8,True,1,32,36,2301,3.65,230.17,0.033,True,0.0102,,,,,,,,,,,,,,,,
2026-02-02,a3c772d3fde52dbae832bi,2026-02-01 17:30:00.000,9,True,1,32,36,2302,3.65,230.28,0.033,True,0.0109,,,,,,,,,,,,,,,,
2026-02-02,a3c772d3fde52dbae832bi,2026-02-01 17:40:00.000,10,True,1,32,36,2301,3.65,230.19,0.033,True,0.0115,,,,,,,,,,,,,,,,
2026-02-02,a3c772d3fde52dbae832bi,2026-02-01 17:50:00.000,11,True,1,32,35,2300,3.59,230.02,0.032,True,0.0121,,,,,,,,,,,,,,,,
2026-02-02,a3c772d3fde52dbae832bi,2026-02-01 18:00:00.000,12,True,1,32,35,2296,3.59,229.62,0.032,True,0.0127,,,,,,,,,,,,,,,,
2026-02-02,a3c772d3fde52dbae832bi,2026-02-01 18:10:00.000,13,True,1,32,35,2295,3.59,229.57,0.032,True,0.0133,,,,,,,,,,,,,,,,
2026-02-02,a3c772d3fde52dbae832bi,2026-02-01 18:20:00.000,14,True,1,32,35,2303,3.59,230.37,0.032,True,0.0139,,,,,,,,,,,,,,,,
2026-02-02,a3c772d3fde52dbae832bi,2026-02-01 18:30:00.000,15,True,1,31,35,2299,3.52,229.93,0.032,True,0.0144,,,,,,,,,,,,,,,,
2026-02-02,a3c772d3fde52dbae832bi,2026-02-01 18:40:00.000,16,True,1,31,35,2303,3.52,230.39,0.032,True,0.015,,,,,,,,,,,,,,,,
2026-02-02,a3c772d3fde52dbae832bi,2026-02-01 18:50:00.000,17,True,1,31,35,2303,3.52,230.3,0.032,True,0.0156,,,,,,,,,,,,,,,,
2026-02-02,a3c772d3fde52dbae832bi,2026-02-01 19:00:00.000,18,True,1,31,35,2301,3.52,230.17,0.032,True,0.0162,,,,,,,,,,,,,,,,
2026-02-02,a3c772d3fde52dbae832bi,2026-02-01 19:10:00.000,19,True,1,31,35,2301,3.52,230.17,0.032,True,0.0168,,,,,,,,,,,,,,,,
2026-02-02,a3c772d3fde52dbae832bi,2026-02-01 19:20:00.000,20,True,1,31,35,2303,3.52,230.35,0.032,True,0.0174,,,,,,,,,,,,,,,,
2026-02-02,a3c772d3fde52dbae832bi,2026-02-01 19:30:00.000,21,True,1,31,35,2302,3.52,230.27,0.032,True,0.018,,,,,,,,,,,,,,,,
2026-02-02,a3c772d3fde52dbae832bi,2026-02-01 19:40:00.000,22,True,1,31,35,2309,3.54,230.96,0.032,True,0.0185,,,,,,,,,,,,,,,,
2026-02-02,a3c772d3fde52dbae832bi,2026-02-01 19:50:00.000,23,True,1,32,35,2302,3.56,230.25,0.032,True,0.0191,,,,,,,,,,,,,,,,
2026-02-02,a3c772d3fde52dbae832bi,2026-02-01 20:00:00.000,24,True,1,32,35,2301,3.56,230.12,0.032,True,0.0197,,,,,,,,,,,,,,,,
2026-02-02,a3c772d3fde52dbae832bi,2026-02-01 20:10:00.000,25,True,2,31,35,2305,3.56,230.57,0.032,True,0.0203,,,,,,,,,,,,,,,,
2026-02-02,a3c772d3fde52dbae832bi,2026-02-01 20:20:00.000,26,True,2,32,35,2300,3.56,230.06,0.032,True,0.0209,,,,,,,,,,,,,,,,
2026-02-02,a3c772d3fde52dbae832bi,2026-02-01 20:30:00.000,27,True,2,32,35,2304,3.56,230.4,0.032,True,0.0215,,,,,,,,,,,,,,,,
2026-02-02,a3c772d3fde52dbae832bi,2026-02-01 20:40:00.000,28,True,2,32,36,2316,3.61,231.62,0.032,True,0.0221,,,,,,,,,,,,,,,,
2026-02-02,a3c772d3fde52dbae832bi,2026-02-01 20:50:00.000,29,True,2,0,178,2319,17.81,231.99,0.0,True,0.0251,,,,,,,,,,,,,,,,
2026-02-02,a3c772d3fde52dbae832bi,2026-02-01 21:00:00.000,30,True,2,0,178,2311,17.81,231.14,0.0,True,0.0281,,,,,,,,,,,,,,,,
2026-02-02,a3c772d3fde52dbae832bi,2026-02-01 21:10:00.000,31,True,3,0,178,2318,17.81,231.83,0.0,True,0.031,,,,,,,,,,,,,,,,
2026-02-02,a3c772d3fde52dbae832bi,2026-02-01 21:20:00.000,32,True,3,0,178,2314,17.81,231.41,0.0,True,0.034,,,,,,,,,,,,,,,,
2026-02-02,a3c772d3fde52dbae832bi,2026-02-01 21:30:00.000,33,True,3,0,178,2308,17.81,230.84,0.0,True,0.037,,,,,,,,,,,,,,,,
2026-02-02,a3c772d3fde52dbae832bi,2026-02-01 21:40:00.000,34,True,3,0,178,2314,17.81,231.42,0.0,True,0.0399,,,,,,,,,,,,,,,,
2026-02-02,a3c772d3fde52dbae832bi,2026-02-01 21:50:00.000,35,True,4,0,178,2315,17.81,231.52,0.0,True,0.0429,,,,,,,,,,,,,,,,
2026-02-02,a3c772d3fde52dbae832bi,2026-02-01 22:00:00.000,36,True,4,0,178,2309,17.81,230.92,0.0,True,0.0459,,,,,,,,,,,,,,,,
2026-02-02,a3c772d3fde52dbae832bi,2026-02-01 22:10:00.000,37,True,4,0,178,2309,17.81,230.95,0.0,True,0.0488,,,,,,,,,,,,,,,,
2026-02-02,a3c772d3fde52dbae832bi,2026-02-01 22:20:00.000,38,True,5,0,178,2312,17.81,231.26,0.0,True,0.0518,,,,,,,,,,,,,,,,
2026-02-02,a3c772d3fde52dbae832bi,2026-02-01 22:30:00.000,39,True,5,0,178,2312,17.81,231.26,0.0,True,0.0548,,,,,,,,,,,,,,,,
2026-02-02,a3c772d3fde52dbae832bi,2026-02-01 22:40:00.000,40,True,5,0,178,2315,17.81,231.56,0.0,True,0.0577,,,,,,,,,,,,,,,,
2026-02-02,a3c772d3fde52dbae832bi,2026-02-01 22:50:00.000,41,True,6,0,178,2309,17.81,230.91,0.0,True,0.0607,,,,,,,,,,,,,,,,
2026-02-02,a3c772d3fde52dbae832bi,2026-02-01 23:00:00.000,42,True,6,0,178,2313,17.81,231.38,0.0,True,0.0637,,,,,,,,,,,,,,,,
2026-02-02,a3c772d3fde52dbae832bi,2026-02-01 23:10:00.000,43,True,6,0,178,2310,17.81,231.0,0.0,True,0.0666,,,,,,,,,,,,,,,,
2026-02-02,a3c772d3fde52dbae832bi,2026-02-01 23:20:00.000,44,True,6,0,178,2315,17.81,231.54,0.0,True,0.0696,,,,,,,,,,,,,,,,
2026-02-02,a3c772d3fde52dbae832bi,2026-02-01 23:30:00.000,45,True,7,0,178,2305,17.81,230.53,0.0,True,0.0726,,,,,,,,,,,,,,,,
2026-02-02,a3c772d3fde52dbae832bi,2026-02-01 23:40:00.000,46,True,7,0,178,2309,17.81,230.98,0.0,True,0.0755,,,,,,,,,,,,,,,,
2026-02-02,a3c772d3fde52dbae832bi,2026-02-01 23:50:00.000,47,True,7,0,178,2306,17.81,230.69,0.0,True,0.0785,,,,,,,,,,,,,,,,
2026-02-02,a3c772d3fde52dbae832bi,2026-02-02 00:00:00.000,48,True,8,0,178,2301,17.81,230.17,0.0,True,0.0815,,,,,,,,,,,,,,,,
2026-02-02,a3c772d3fde52dbae832bi,2026-02-02 00:10:00.000,49,True,8,0,178,2323,17.81,232.31,0.0,True,0.0844,,,,,,,,,,,,,,,,
2026-02-02,a3c772d3fde52dbae832bi,2026-02-02 00:20:00.000,50,True,8,0,178,2317,17.81,231.75,0.0,True,0.0874,,,,,,,,,,,,,,,,
2026-02-02,a3c772d3fde52dbae832bi,2026-02-02 00:30:00.000,51,True,9,0,178,2321,17.81,232.13,0.0,True,0.0904,,,,,,,,,,,,,,,,
2026-02-02,a3c772d3fde52dbae832bi,2026-02-02 00:40:00.000,52,True,9,0,178,2328,17.81,232.87,0.0,True,0.0933,,,,,,,,,,,,,,,,
2026-02-02,a3c772d3fde52dbae832bi,2026-02-02 00:50:00.000,53,False,9,0,0,2317,0.0,231.72,0.0,False,0.0933,,,,,,,,,,,,,,,,
2026-02-02,a3c772d3fde52dbae832bi,2026-02-02 01:00:00.000,54,True,9,0,178,2321,17.81,232.18,0.0,True,0.0963,,,,,,,,,,,,,,,,
2026-02-02,a3c772d3fde52dbae832bi,2026-02-02 01:10:00.000,55,True,9,0,178,2310,17.81,231.09,0.0,True,0.0993,,,,,,,,,,,,,,,,
2026-02-02,a3c772d3fde52dbae832bi,2026-02-02 01:20:00.000,56,True,10,0,178,2334,17.81,233.4,0.0,True,0.1023,,,,,,,,,,,,,,,,
2026-02-02,a3c772d3fde52dbae832bi,2026-02-02 01:30:00.000,57,True,10,0,178,2334,17.81,233.4,0.0,True,0.1052,,,,,,,,,,,,,,,,
2026-02-02,a3c772d3fde52dbae832bi,2026-02-02 01:40:00.000,58,True,10,0,178,2328,17.81,232.81,0.0,True,0.1082,,,,,,,,,,,,,,,,
2026-02-02,a3c772d3fde52dbae832bi,2026-02-02 01:50:00.000,59,True,11,0,178,2313,17.81,231.31,0.0,True,0.1112,,,,,,,,,,,,,,,,
2026-02-02,a3c772d3fde52dbae832bi,2026-02-02 02:00:00.000,60,True,11,0,178,2303,17.81,230.3,0.0,True,0.1141,,,,,,,,,,,,,,,,
2026-02-02,a3c772d3fde52dbae832bi,2026-02-02 02:10:00.000,61,True,11,0,178,2297,17.81,229.76,0.0,True,0.1171,,,,,,,,,,,,,,,,
2026-02-02,a3c772d3fde52dbae832bi,2026-02-02 02:20:00.000,62,True,12,0,178,2299,17.81,229.97,0.0,True,0.1201,,,,,,,,,,,,,,,,
2026-02-02,a3c772d3fde52dbae832bi,2026-02-02 02:30:00.000,63,True,12,0,178,2300,17.81,230.07,0.0,True,0.123,,,,,,,,,,,,,,,,
2026-02-02,a3c772d3fde52dbae832bi,2026-02-02 02:40:00.000,64,True,12,0,178,2300,17.81,230.01,0.0,True,0.126,,,,,,,,,,,,,,,,
2026-02-02,a3c772d3fde52dbae832bi,2026-02-02 02:50:00.000,65,True,12,0,178,2298,17.81,229.81,0.0,True,0.129,,,,,,,,,,,,,,,,
2026-02-02,a3c772d3fde52dbae832bi,2026-02-02 03:00:00.000,66,True,13,0,178,2302,17.81,230.23,0.0,True,0.1319,,,,,,,,,,,,,,,,
2026-02-02,a3c772d3fde52dbae832bi,2026-02-02 03:10:00.000,67,True,13,0,178,2298,17.81,229.81,0.0,True,0.1349,,,,,,,,,,,,,,,,
2026-02-02,a3c772d3fde52dbae832bi,2026-02-02 03:20:00.000,68,True,13,0,178,2301,17.81,230.12,0.0,True,0.1379,,,,,,,,,,,,,,,,
2026-02-02,a3c772d3fde52dbae832bi,2026-02-02 03:30:00.000,69,True,14,0,178,2310,17.81,231.09,0.0,True,0.1408,,,,,,,,,,,,,,,,
2026-02-02,a3c772d3fde52dbae832bi,2026-02-02 03:40:00.000,70,True,14,0,178,2312,17.81,231.29,0.0,True,0.1438,,,,,,,,,,,,,,,,
2026-02-02,a3c772d3fde52dbae832bi,2026-02-02 03:50:00.000,71,True,14,0,178,2323,17.81,232.3,0.0,True,0.1468,,,,,,,,,,,,,,,,
2026-02-02,a3c772d3fde52dbae832bi,2026-02-02 04:00:00.000,72,True,14,0,178,2304,17.81,230.46,0.0,True,0.1497,,,,,,,,,,,,,,,,
2026-02-02,a3c772d3fde52dbae832bi,2026-02-02 04:10:00.000,73,True,15,0,178,2305,17.81,230.57,0.0,True,0.1527,,,,,,,,,,,,,,,,
2026-02-02,a3c772d3fde52dbae832bi,2026-02-02 04:20:00.000,74,True,15,0,178,2322,17.81,232.22,0.0,True,0.1557,,,,,,,,,,,,,,,,
2026-02-02,a3c772d3fde52dbae832bi,2026-02-02 04:30:00.000,75,True,15,0,178,2297,17.81,229.72,0.0,True,0.1586,,,,,,,,,,,,,,,,
2026-02-02,a3c772d3fde52dbae832bi,2026-02-02 04:40:00.000,76,True,16,0,178,2305,17.81,230.56,0.0,True,0.1616,,,,,,,,,,,,,,,,
2026-02-02,a3c772d3fde52dbae832bi,2026-02-02 04:50:00.000,77,True,16,0,178,2305,17.81,230.52,0.0,True,0.1646,,,,,,,,,,,,,,,,
2026-02-02,a3c772d3fde52dbae832bi,2026-02-02 05:00:00.000,78,True,16,41,46,2309,4.65,230.9,0.042,True,0.1654,,,,,,,,,,,,,,,,
2026-02-02,a3c772d3fde52dbae832bi,2026-02-02 05:10:00.000,79,False,16,0,0,2321,0.0,232.15,0.0,False,0.1654,,,,,,,,,,,,,,,,
2026-02-02,a3c772d3fde52dbae832bi,2026-02-02 05:20:00.000,80,True,16,20,23,2317,2.33,231.78,0.021,True,0.1657,,,,,,,,,,,,,,,,
2026-02-02,a3c772d3fde52dbae832bi,2026-02-02 05:30:00.000,81,False,16,0,0,2330,0.0,233.07,0.0,False,0.1657,,,,,,,,,,,,,,,,
2026-02-02,a3c772d3fde52dbae832bi,2026-02-02 05:40:00.000,82,True,16,20,23,2309,2.33,230.9,0.021,True,0.1661,,,,,,,,,,,,,,,,
2026-02-02,a3c772d3fde52dbae832bi,2026-02-02 05:50:00.000,83,True,16,20,23,2309,2.33,230.9,0.021,True,0.1665,,,,,,,,,,,,,,,,
2026-02-02,a3c772d3fde52dbae832bi,2026-02-02 06:00:00.000,84,True,16,60,67,2317,6.8,231.75,0.061,True,0.1676,,,,,,,,,,,,,,,,
2026-02-02,a3c772d3fde52dbae832bi,2026-02-02 06:10:00.000,85,True,16,40,45,2324,4.54,232.48,0.04,True,0.1684,,,,,,,,,,,,,,,,
2026-02-02,a3c772d3fde52dbae832bi,2026-02-02 06:20:00.000,86,True,16,82,91,2317,9.2,231.76,0.082,True,0.1699,,,,,,,,,,,,,,,,
2026-02-02,a3c772d3fde52dbae832bi,2026-02-02 06:30:00.000,87,True,17,84,94,2311,9.44,231.17,0.085,True,0.1715,,,,,,,,,,,,,,,,
2026-02-02,a3c772d3fde52dbae832bi,2026-02-02 06:40:00.000,88,True,17,99,111,2314,11.11,231.41,0.099,True,0.1734,,,,,,,,,,,,,,,,
2026-02-02,a3c772d3fde52dbae832bi,2026-02-02 06:50:00.000,89,True,17,122,136,2311,13.68,231.16,0.123,True,0.1756,,,,,,,,,,,,,,,,
2026-02-02,a3c772d3fde52dbae832bi,2026-02-02 07:00:00.000,90,True,17,81,90,2304,9.07,230.43,0.082,True,0.1772,,,,,,,,,,,,,,,,
2026-02-02,a3c772d3fde52dbae832bi,2026-02-02 07:10:00.000,91,True,17,143,160,2311,16.0,231.16,0.143,True,0.1798,,,,,,,,,,,,,,,,
2026-02-02,a3c772d3fde52dbae832bi,2026-02-02 07:20:00.000,92,True,18,122,135,2304,13.6,230.42,0.122,True,0.1821,,,,,,,,,,,,,,,,
2026-02-02,a3c772d3fde52dbae832bi,2026-02-02 07:30:00.000,93,True,18,138,132,1980,13.25,198.06,0.139,True,0.1843,,,,,,,,,,,,,,,,
2026-02-02,a3c772d3fde52dbae832bi,2026-02-02 07:40:00.000,94,True,18,138,154,2310,15.46,231.09,0.139,True,0.1869,,,,,,,,,,,,,,,,
2026-02-02,a3c772d3fde52dbae832bi,2026-02-02 07:50:00.000,95,True,18,138,154,2312,15.43,231.27,0.138,True,0.1894,,,,,,,,,,,,,,,,
2026-02-02,a3c772d3fde52dbae832bi,2026-02-02 08:00:00.000,96,True,19,138,154,2312,15.43,231.27,0.138,True,0.192,,,,,,,,,,,,,,,,
2026-02-02,a3c772d3fde52dbae832bi,2026-02-02 08:10:00.000,97,True,19,158,177,2314,17.73,231.47,0.159,True,0.195,,,,,,,,,,,,,,,,
2026-02-02,a3c772d3fde52dbae832bi,2026-02-02 08:20:00.000,98,True,19,158,177,2316,17.71,231.64,0.158,True,0.1979,,,,,,,,,,,,,,,,
2026-02-02,a3c772d3fde52dbae832bi,2026-02-02 08:30:00.000,99,True,20,158,177,2316,17.71,231.64,0.158,True,0.2009,,,,,,,,,,,,,,,,
2026-02-02,a3c772d3fde52dbae832bi,2026-02-02 08:40:00.000,100,True,20,178,199,2320,19.95,232.02,0.178,True,0.2042,,,,,,,,,,,,,,,,
2026-02-02,a3c772d3fde52dbae832bi,2026-02-02 08:50:00.000,101,True,20,158,177,2319,17.71,231.96,0.158,True,0.2072,,,,,,,,,,,,,,,,
2026-02-02,a3c772d3fde52dbae832bi,2026-02-02 09:00:00.000,102,True,21,158,176,2319,17.69,231.96,0.158,True,0.2101,,,,,,,,,,,,,,,,
2026-02-02,a3c772d3fde52dbae832bi,2026-02-02 09:10:00.000,103,True,21,137,154,2317,15.41,231.76,0.138,True,0.2127,,,,,,,,,,,,,,,,
2026-02-02,a3c772d3fde52dbae832bi,2026-02-02 09:20:00.000,104,True,21,158,176,2319,17.69,231.9,0.158,True,0.2156,,,,,,,,,,,,,,,,
2026-02-02,a3c772d3fde52dbae832bi,2026-02-02 09:30:00.000,105,True,21,157,176,2319,17.68,231.96,0.158,True,0.2186,,,,,,,,,,,,,,,,
2026-02-02,a3c772d3fde52dbae832bi,2026-02-02 09:40:00.000,106,True,22,117,131,2315,13.12,231.5,0.117,True,0.2207,,,,,,,,,,,,,,,,
2026-02-02,a3c772d3fde52dbae832bi,2026-02-02 09:50:00.000,107,True,22,157,176,2315,17.65,231.53,0.158,True,0.2237,,,,,,,,,,,,,,,,
2026-02-02,a3c772d3fde52dbae832bi,2026-02-02 10:00:00.000,108,True,22,137,154,2314,15.41,231.46,0.138,True,0.2263,,,,,,,,,,,,,,,,
2026-02-02,a3c772d3fde52dbae832bi,2026-02-02 10:10:00.000,109,True,22,117,131,2315,13.12,231.52,0.117,True,0.2284,,,,,,,,,,,,,,,,
2026-02-02,a3c772d3fde52dbae832bi,2026-02-02 10:20:00.000,110,True,23,117,130,2308,13.04,230.8,0.117,True,0.2306,,,,,,,,,,,,,,,,
2026-02-02,a3c772d3fde52dbae832bi,2026-02-02 10:30:00.000,111,True,23,116,129,2308,13.0,230.8,0.117,True,0.2328,,,,,,,,,,,,,,,,
2026-02-02,a3c772d3fde52dbae832bi,2026-02-02 10:40:00.000,112,True,23,96,107,2313,10.78,231.36,0.097,True,0.2346,,,,,,,,,,,,,,,,
2026-02-02,a3c772d3fde52dbae832bi,2026-02-02 10:50:00.000,113,True,23,136,152,2313,15.28,231.3,0.137,True,0.2371,,,,,,,,,,,,,,,,
2026-02-02,a3c772d3fde52dbae832bi,2026-02-02 11:00:00.000,114,True,23,116,130,2317,13.06,231.77,0.117,True,0.2393,,,,,,,,,,,,,,,,
2026-02-02,a3c772d3fde52dbae832bi,2026-02-02 11:10:00.000,115,True,24,97,109,2327,10.9,232.74,0.097,True,0.2411,,,,,,,,,,,,,,,,
2026-02-02,a3c772d3fde52dbae832bi,2026-02-02 11:20:00.000,116,True,24,97,108,2322,10.87,232.24,0.097,True,0.2429,,,,,,,,,,,,,,,,
2026-02-02,a3c772d3fde52dbae832bi,2026-02-02 11:30:00.000,117,True,24,117,131,2325,13.18,232.57,0.117,True,0.2451,,,,,,,,,,,,,,,,
2026-02-02,a3c772d3fde52dbae832bi,2026-02-02 11:40:00.000,118,True,24,97,108,2320,10.87,232.04,0.097,True,0.2469,,,,,,,,,,,,,,,,
2026-02-02,a3c772d3fde52dbae832bi,2026-02-02 11:50:00.000,119,True,24,158,177,2323,17.74,232.36,0.158,True,0.2499,,,,,,,,,,,,,,,,
2026-02-02,a3c772d3fde52dbae832bi,2026-02-02 12:00:00.000,120,True,25,158,177,2323,17.72,232.36,0.158,True,0.2529,,,,,,,,,,,,,,,,
2026-02-02,a3c772d3fde52dbae832bi,2026-02-02 12:10:00.000,121,True,25,117,131,2326,13.16,232.6,0.117,True,0.255,,,,,,,,,,,,,,,,
2026-02-02,a3c772d3fde52dbae832bi,2026-02-02 12:20:00.000,122,True,25,137,154,2322,15.42,232.27,0.138,True,0.2576,,,,,,,,,,,,,,,,
2026-02-02,a3c772d3fde52dbae832bi,2026-02-02 12:30:00.000,123,True,26,137,154,2322,15.42,232.27,0.138,True,0.2602,,,,,,,,,,,,,,,,
2026-02-02,a3c772d3fde52dbae832bi,2026-02-02 12:40:00.000,124,True,26,137,154,2321,15.42,232.14,0.138,True,0.2628,,,,,,,,,,,,,,,,
2026-02-02,a3c772d3fde52dbae832bi,2026-02-02 12:50:00.000,125,True,26,117,131,2320,13.14,232.08,0.117,True,0.2649,,,,,,,,,,,,,,,,
2026-02-02,a3c772d3fde52dbae832bi,2026-02-02 13:00:00.000,126,True,26,137,152,2308,15.3,230.89,0.137,True,0.2675,,,,,,,,,,,,,,,,
2026-02-02,a3c772d3fde52dbae832bi,2026-02-02 13:10:00.000,127,True,26,116,129,2305,12.98,230.51,0.117,True,0.2697,,,,,,,,,,,,,,,,
2026-02-02,a3c772d3fde52dbae832bi,2026-02-02 13:20:00.000,128,True,27,116,129,2303,12.99,230.39,0.117,True,0.2718,,,,,,,,,,,,,,,,
2026-02-02,a3c772d3fde52dbae832bi,2026-02-02 13:30:00.000,129,True,27,116,129,2303,12.99,230.39,0.117,True,0.274,,,,,,,,,,,,,,,,
2026-02-02,a3c772d3fde52dbae832bi,2026-02-02 13:40:00.000,130,True,27,56,62,2294,6.26,229.4,0.057,True,0.275,,,,,,,,,,,,,,,,
2026-02-02,a3c772d3fde52dbae832bi,2026-02-02 13:50:00.000,131,True,27,56,62,2294,6.26,229.4,0.057,True,0.2761,,,,,,,,,,,,,,,,
2026-02-02,a3c772d3fde52dbae832bi,2026-02-02 14:00:00.000,132,True,27,76,84,2297,8.48,229.75,0.076,True,0.2775,,,,,,,,,,,,,,,,
2026-02-02,a3c772d3fde52dbae832bi,2026-02-02 14:10:00.000,133,True,27,76,84,2290,8.44,229.04,0.076,True,0.2789,,,,,,,,,,,,,,,,
2026-02-02,a3c772d3fde52dbae832bi,2026-02-02 14:20:00.000,134,True,27,56,62,2292,6.24,229.2,0.056,True,0.2799,,,,,,,,,,,,,,,,
2026-02-02,a3c772d3fde52dbae832bi,2026-02-02 14:30:00.000,135,True,28,56,62,2292,6.24,229.2,0.056,True,0.281,,,,,,,,,,,,,,,,
2026-02-02,a3c772d3fde52dbae832bi,2026-02-02 14:40:00.000,136,True,28,76,84,2291,8.45,229.17,0.076,True,0.2824,,,,,,,,,,,,,,,,
2026-02-02,a3c772d3fde52dbae832bi,2026-02-02 14:50:00.000,137,True,28,76,84,2291,8.45,229.17,0.076,True,0.2838,,,,,,,,,,,,,,,,
2026-02-02,a3c772d3fde52dbae832bi,2026-02-02 15:00:00.000,138,True,28,56,62,2296,6.23,229.67,0.056,True,0.2848,,,,,,,,,,,,,,,,
2026-02-02,a3c772d3fde52dbae832bi,2026-02-02 15:10:00.000,139,True,28,56,62,2296,6.23,229.67,0.056,True,0.2859,,,,,,,,,,,,,,,,
2026-02-02,a3c772d3fde52dbae832bi,2026-02-02 15:20:00.000,140,True,28,56,62,2298,6.23,229.8,0.056,True,0.2869,,,,,,,,,,,,,,,,
2026-02-02,a3c772d3fde52dbae832bi,2026-02-02 15:30:00.000,141,True,28,56,62,2302,6.23,230.22,0.056,True,0.2879,,,,,,,,,,,,,,,,
2026-02-02,a3c772d3fde52dbae832bi,2026-02-02 15:40:00.000,142,True,28,55,61,2287,6.18,228.78,0.056,True,0.289,,,,,,,,,,,,,,,,
2026-02-02,a3c772d3fde52dbae832bi,2026-02-02 15:50:00.000,143,True,28,55,61,2287,6.18,228.78,0.056,True,0.29,,,,,,,,,,,,,,,,
2026-02-03,a3c772d3fde52dbae832bi,2026-02-02 16:00:00.000,0,True,0,95,123,2290,12.3,229.09,0.096,True,0.0021,,,,,,,,,,,,,,,,
2026-02-03,a3c772d3fde52dbae832bi,2026-02-02 16:10:00.000,1,True,0,111,143,2287,14.34,228.74,0.112,True,0.0044,,,,,,,,,,,,,,,,
2026-02-03,a3c772d3fde52dbae832bi,2026-02-02 16:20:00.000,2,True,0,111,143,2295,14.36,229.51,0.112,True,0.0068,,,,,,,,,,,,,,,,
2026-02-03,a3c772d3fde52dbae832bi,2026-02-02 16:30:00.000,3,True,0,51,66,2295,6.62,229.51,0.052,True,0.0079,,,,,,,,,,,,,,,,
2026-02-03,a3c772d3fde52dbae832bi,2026-02-02 16:40:00.000,4,True,0,52,68,2310,6.82,231.03,0.053,True,0.0091,,,,,,,,,,,,,,,,
2026-02-03,a3c772d3fde52dbae832bi,2026-02-02 16:50:00.000,5,True,0,32,42,2308,4.24,230.84,0.033,True,0.0098,,,,,,,,,,,,,,,,
2026-02-03,a3c772d3fde52dbae832bi,2026-02-02 17:00:00.000,6,True,1,32,42,2308,4.24,230.82,0.033,True,0.0105,,,,,,,,,,,,,,,,
2026-02-03,a3c772d3fde52dbae832bi,2026-02-02 17:10:00.000,7,True,1,32,42,2300,4.24,230.06,0.033,True,0.0112,,,,,,,,,,,,,,,,
2026-02-03,a3c772d3fde52dbae832bi,2026-02-02 17:20:00.000,8,True,1,32,42,2301,4.24,230.17,0.033,True,0.0119,,,,,,,,,,,,,,,,
2026-02-03,a3c772d3fde52dbae832bi,2026-02-02 17:30:00.000,9,True,1,32,42,2302,4.24,230.28,0.033,True,0.0126,,,,,,,,,,,,,,,,
2026-02-03,a3c772d3fde52dbae832bi,2026-02-02 17:40:00.000,10,True,1,32,42,2301,4.24,230.19,0.033,True,0.0133,,,,,,,,,,,,,,,,
2026-02-03,a3c772d3fde52dbae832bi,2026-02-02 17:50:00.000,11,True,1,32,41,2300,4.17,230.02,0.032,True,0.014,,,,,,,,,,,,,,,,
2026-02-03,a3c772d3fde52dbae832bi,2026-02-02 18:00:00.000,12,True,1,32,41,2296,4.17,229.62,0.032,True,0.0147,,,,,,,,,,,,,,,,
2026-02-03,a3c772d3fde52dbae832bi,2026-02-02 18:10:00.000,13,True,1,32,41,2295,4.17,229.57,0.032,True,0.0154,,,,,,,,,,,,,,,,
2026-02-03,a3c772d3fde52dbae832bi,2026-02-02 18:20:00.000,14,True,1,32,41,2303,4.17,230.37,0.032,True,0.0161,,,,,,,,,,,,,,,,
2026-02-03,a3c772d3fde52dbae832bi,2026-02-02 18:30:00.000,15,True,1,31,40,2299,4.08,229.93,0.032,True,0.0168,,,,,,,,,,,,,,,,
2026-02-03,a3c772d3fde52dbae832bi,2026-02-02 18:40:00.000,16,True,1,31,40,2303,4.08,230.39,0.032,True,0.0174,,,,,,,,,,,,,,,,
2026-02-03,a3c772d3fde52dbae832bi,2026-02-02 18:50:00.000,17,True,1,31,40,2303,4.08,230.3,0.032,True,0.0181,,,,,,,,,,,,,,,,
2026-02-03,a3c772d3fde52dbae832bi,2026-02-02 19:00:00.000,18,True,1,31,40,2301,4.08,230.17,0.032,True,0.0188,,,,,,,,,,,,,,,,
2026-02-03,a3c772d3fde52dbae832bi,2026-02-02 19:10:00.000,19,True,1,31,40,2301,4.08,230.17,0.032,True,0.0195,,,,,,,,,,,,,,,,
2026-02-03,a3c772d3fde52dbae832bi,2026-02-02 19:20:00.000,20,True,2,31,40,2303,4.08,230.35,0.032,True,0.0202,,,,,,,,,,,,,,,,
2026-02-03,a3c772d3fde52dbae832bi,2026-02-02 19:30:00.000,21,True,2,31,40,2302,4.08,230.27,0.032,True,0.0209,,,,,,,,,,,,,,,,
2026-02-03,a3c772d3fde52dbae832bi,2026-02-02 19:40:00.000,22,True,2,31,41,2309,4.11,230.96,0.032,True,0.0215,,,,,,,,,,,,,,,,
2026-02-03,a3c772d3fde52dbae832bi,2026-02-02 19:50:00.000,23,True,2,32,41,2302,4.13,230.25,0.032,True,0.0222,,,,,,,,,,,,,,,,
2026-02-03,a3c772d3fde52dbae832bi,2026-02-02 20:00:00.000,24,True,2,32,41,2301,4.13,230.12,0.032,True,0.0229,,,,,,,,,,,,,,,,
2026-02-03,a3c772d3fde52dbae832bi,2026-02-02 20:10:00.000,25,True,2,31,41,2305,4.13,230.57,0.032,True,0.0236,,,,,,,,,,,,,,,,
2026-02-03,a3c772d3fde52dbae832bi,2026-02-02 20:20:00.000,26,True,2,32,41,2300,4.13,230.06,0.032,True,0.0243,,,,,,,,,,,,,,,,
2026-02-03,a3c772d3fde52dbae832bi,2026-02-02 20:30:00.000,27,True,2,32,41,2304,4.13,230.4,0.032,True,0.025,,,,,,,,,,,,,,,,
2026-02-03,a3c772d3fde52dbae832bi,2026-02-02 20:40:00.000,28,True,2,32,41,2316,4.2,231.62,0.032,True,0.0257,,,,,,,,,,,,,,,,
2026-02-03,a3c772d3fde52dbae832bi,2026-02-02 20:50:00.000,29,True,2,0,148,2319,14.82,231.99,0.0,True,0.0281,,,,,,,,,,,,,,,,
2026-02-03,a3c772d3fde52dbae832bi,2026-02-02 21:00:00.000,30,True,3,0,148,2311,14.82,231.14,0.0,True,0.0306,,,,,,,,,,,,,,,,
2026-02-03,a3c772d3fde52dbae832bi,2026-02-02 21:10:00.000,31,True,3,0,148,2318,14.82,231.83,0.0,True,0.0331,,,,,,,,,,,,,,,,
2026-02-03,a3c772d3fde52dbae832bi,2026-02-02 21:20:00.000,32,True,3,0,148,2314,14.82,231.41,0.0,True,0.0356,,,,,,,,,,,,,,,,
2026-02-03,a3c772d3fde52dbae832bi,2026-02-02 21:30:00.000,33,True,3,0,148,2308,14.82,230.84,0.0,True,0.038,,,,,,,,,,,,,,,,
2026-02-03,a3c772d3fde52dbae832bi,2026-02-02 21:40:00.000,34,True,4,0,148,2314,14.82,231.42,0.0,True,0.0405,,,,,,,,,,,,,,,,
2026-02-03,a3c772d3fde52dbae832bi,2026-02-02 21:50:00.000,35,True,4,0,148,2315,14.82,231.52,0.0,True,0.043,,,,,,,,,,,,,,,,
2026-02-03,a3c772d3fde52dbae832bi,2026-02-02 22:00:00.000,36,True,4,0,148,2309,14.82,230.92,0.0,True,0.0454,,,,,,,,,,,,,,,,
2026-02-03,a3c772d3fde52dbae832bi,2026-02-02 22:10:00.000,37,True,4,0,148,2309,14.82,230.95,0.0,True,0.0479,,,,,,,,,,,,,,,,
2026-02-03,a3c772d3fde52dbae832bi,2026-02-02 22:20:00.000,38,True,5,0,148,2312,14.82,231.26,0.0,True,0.0504,,,,,,,,,,,,,,,,
2026-02-03,a3c772d3fde52dbae832bi,2026-02-02 22:30:00.000,39,True,5,0,148,2312,14.82,231.26,0.0,True,0.0529,,,,,,,,,,,,,,,,
2026-02-03,a3c772d3fde52dbae832bi,2026-02-02 22:40:00.000,40,True,5,0,148,2315,14.82,231.56,0.0,True,0.0553,,,,,,,,,,,,,,,,
2026-02-03,a3c772d3fde52dbae832bi,2026-02-02 22:50:00.000,41,True,5,0,148,2309,14.82,230.91,0.0,True,0.0578,,,,,,,,,,,,,,,,
2026-02-03,a3c772d3fde52dbae832bi,2026-02-02 23:00:00.000,42,True,6,0,148,2313,14.82,231.38,0.0,True,0.0603,,,,,,,,,,,,,,,,
2026-02-03,a3c772d3fde52dbae832bi,2026-02-02 23:10:00.000,43,True,6,0,148,2310,14.82,231.0,0.0,True,0.0627,,,,,,,,,,,,,,,,
2026-02-03,a3c772d3fde52dbae832bi,2026-02-02 23:20:00.000,44,True,6,0,148,2315,14.82,231.54,0.0,True,0.0652,,,,,,,,,,,,,,,,
2026-02-03,a3c772d3fde52dbae832bi,2026-02-02 23:30:00.000,45,True,6,0,148,2305,14.82,230.53,0.0,True,0.0677,,,,,,,,,,,,,,,,
2026-02-03,a3c772d3fde52dbae832bi,2026-02-02 23:40:00.000,46,True,7,0,148,2309,14.82,230.98,0.0,True,0.0702,,,,,,,,,,,,,,,,
2026-02-03,a3c772d3fde52dbae832bi,2026-02-02 23:50:00.000,47,True,7,0,148,2306,14.82,230.69,0.0,True,0.0726,,,,,,,,,,,,,,,,
2026-02-03,a3c772d3fde52dbae832bi,2026-02-03 00:00:00.000,48,True,7,0,148,2301,14.82,230.17,0.0,True,0.0751,,,,,,,,,,,,,,,,
2026-02-03,a3c772d3fde52dbae832bi,2026-02-03 00:10:00.000,49,True,7,0,148,2323,14.82,232.31,0.0,True,0.0776,,,,,,,,,,,,,,,,
2026-02-03,a3c772d3fde52dbae832bi,2026-02-03 00:20:00.000,50,True,8,0,148,2317,14.82,231.75,0.0,True,0.08,,,,,,,,,,,,,,,,
2026-02-03,a3c772d3fde52dbae832bi,2026-02-03 00:30:00.000,51,True,8,0,148,2321,14.82,232.13,0.0,True,0.0825,,,,,,,,,,,,,,,,
2026-02-03,a3c772d3fde52dbae832bi,2026-02-03 00:40:00.000,52,True,8,0,148,2328,14.82,232.87,0.0,True,0.085,,,,,,,,,,,,,,,,
2026-02-03,a3c772d3fde52dbae832bi,2026-02-03 00:50:00.000,53,False,8,0,0,2317,0.0,231.72,0.0,False,0.085,,,,,,,,,,,,,,,,
2026-02-03,a3c772d3fde52dbae832bi,2026-02-03 01:00:00.000,54,True,8,0,148,2321,14.82,232.18,0.0,True,0.0874,,,,,,,,,,,,,,,,
2026-02-03,a3c772d3fde52dbae832bi,2026-02-03 01:10:00.000,55,True,8,0,148,2310,14.82,231.09,0.0,True,0.0899,,,,,,,,,,,,,,,,
2026-02-03,a3c772d3fde52dbae832bi,2026-02-03 01:20:00.000,56,True,9,0,148,2334,14.82,233.4,0.0,True,0.0924,,,,,,,,,,,,,,,,
2026-02-03,a3c772d3fde52dbae832bi,2026-02-03 01:30:00.000,57,True,9,0,148,2334,14.82,233.4,0.0,True,0.0949,,,,,,,,,,,,,,,,
2026-02-03,a3c772d3fde52dbae832bi,2026-02-03 01:40:00.000,58,True,9,0,148,2328,14.82,232.81,0.0,True,0.0973,,,,,,,,,,,,,,,,
2026-02-03,a3c772d3fde52dbae832bi,2026-02-03 01:50:00.000,59,True,9,0,148,2313,14.82,231.31,0.0,True,0.0998,,,,,,,,,,,,,,,,
2026-02-03,a3c772d3fde52dbae832bi,2026-02-03 02:00:00.000,60,True,10,0,148,2303,14.82,230.3,0.0,True,0.1023,,,,,,,,,,,,,,,,
2026-02-03,a3c772d3fde52dbae832bi,2026-02-03 02:10:00.000,61,True,10,0,148,2290,14.82,229.0,0.0,True,0.1047,29.33,56.0,1017.0,0,558,29647,15912,2620,0,last,False,relay,False,,,
2026-02-03,a3c772d3fde52dbae832bi,2026-02-03 02:20:00.000,62,True,10,0,148,2290,14.82,229.0,0.0,True,0.1072,28.97,64.0,1017.0,0,558,29647,15912,2620,0,last,False,relay,False,,,
2026-02-03,a3c772d3fde52dbae832bi,2026-02-03 02:30:00.000,63,True,10,0,148,2290,14.82,229.0,0.0,True,0.1097,28.97,64.0,1017.0,0,558,29647,15912,2620,0,last,False,relay,False,,,
2026-02-03,a3c772d3fde52dbae832bi,2026-02-03 02:40:00.000,64,True,11,0,148,2290,14.82,229.0,0.0,True,0.1122,29.54,61.0,1017.0,0,558,29647,15912,2620,0,last,False,relay,False,,,
2026-02-03,a3c772d3fde52dbae832bi,2026-02-03 02:50:00.000,65,True,11,0,148,2290,14.82,229.0,0.0,True,0.1146,29.82,62.0,1017.0,0,558,29647,15912,2620,0,last,False,relay,False,,,
2026-02-03,a3c772d3fde52dbae832bi,2026-02-03 03:00:00.000,66,True,11,0,148,2290,14.82,229.0,0.0,True,0.1171,29.82,61.0,1017.0,0,558,29647,15912,2620,0,last,False,relay,False,,,
2026-02-03,a3c772d3fde52dbae832bi,2026-02-03 03:10:00.000,67,True,11,0,148,2290,14.82,229.0,0.0,True,0.1196,29.51,61.0,1017.0,0,558,29647,15912,2620,0,last,False,relay,False,,,
2026-02-03,a3c772d3fde52dbae832bi,2026-02-03 03:20:00.000,68,True,12,0,148,2290,14.82,229.0,0.0,True,0.122,30.54,59.0,1017.0,0,558,29647,15912,2620,0,last,False,relay,False,,,
2026-02-03,a3c772d3fde52dbae832bi,2026-02-03 03:30:00.000,69,True,12,0,148,2290,14.82,229.0,0.0,True,0.1245,30.63,58.0,1017.0,0,558,29647,15912,2620,0,last,False,relay,False,,,
2026-02-03,a3c772d3fde52dbae832bi,2026-02-03 03:40:00.000,70,True,12,0,148,2290,14.82,229.0,0.0,True,0.127,30.54,57.0,1016.0,0,558,29647,15912,2620,0,last,False,relay,False,,,
2026-02-03,a3c772d3fde52dbae832bi,2026-02-03 03:50:00.000,71,True,12,0,148,2290,14.82,229.0,0.0,True,0.1294,30.71,56.0,1016.0,0,558,29647,15912,2620,0,last,False,relay,False,,,
2026-02-03,a3c772d3fde52dbae832bi,2026-02-03 04:00:00.000,72,True,13,0,148,2290,14.82,229.0,0.0,True,0.1319,30.54,56.0,1016.0,0,558,29647,15912,2620,0,last,False,relay,False,,,
2026-02-03,a3c772d3fde52dbae832bi,2026-02-03 04:10:00.000,73,True,13,0,148,2290,14.82,229.0,0.0,True,0.1344,31.17,53.0,1016.0,0,558,29647,15912,2620,0,last,False,relay,False,,,
2026-02-03,a3c772d3fde52dbae832bi,2026-02-03 04:20:00.000,74,True,13,0,148,2322,14.82,232.22,0.0,True,0.1369,,,,,,,,,,,,,,,,
2026-02-03,a3c772d3fde52dbae832bi,2026-02-03 04:30:00.000,75,True,13,0,148,2290,14.82,229.0,0.0,True,0.1393,31.14,54.0,1016.0,0,558,29647,15912,2620,0,last,False,relay,False,,,
2026-02-03,a3c772d3fde52dbae832bi,2026-02-03 04:40:00.000,76,True,14,0,148,2290,14.82,229.0,0.0,True,0.1418,31.14,54.0,1016.0,0,558,29647,15912,2620,0,last,False,relay,False,,,
2026-02-03,a3c772d3fde52dbae832bi,2026-02-03 04:50:00.000,77,True,14,0,148,2290,14.82,229.0,0.0,True,0.1443,31.62,52.0,1015.0,0,558,29647,15912,2620,0,last,False,relay,False,,,
2026-02-03,a3c772d3fde52dbae832bi,2026-02-03 05:00:00.000,78,True,14,0,148,2290,14.82,229.0,0.0,True,0.1467,31.22,52.0,1015.0,0,558,29647,15912,2620,0,last,False,relay,False,,,
2026-02-03,a3c772d3fde52dbae832bi,2026-02-03 05:10:00.000,79,True,14,0,148,2290,14.82,229.0,0.0,True,0.1492,31.27,55.0,1015.0,0,558,29647,15912,2620,0,last,False,relay,False,,,
2026-02-03,a3c772d3fde52dbae832bi,2026-02-03 05:20:00.000,80,True,15,0,148,2290,14.82,229.0,0.0,True,0.1517,32.26,52.0,1015.0,0,558,29647,15912,2620,0,last,False,relay,False,,,
2026-02-03,a3c772d3fde52dbae832bi,2026-02-03 05:30:00.000,81,True,15,0,148,2290,14.82,229.0,0.0,True,0.1542,31.78,52.0,1015.0,0,558,29647,15912,2620,0,last,False,relay,False,,,
2026-02-03,a3c772d3fde52dbae832bi,2026-02-03 05:40:00.000,82,True,15,0,148,2290,14.82,229.0,0.0,True,0.1566,31.76,52.0,1014.0,0,558,29647,15912,2620,0,last,False,relay,False,,,
2026-02-03,a3c772d3fde52dbae832bi,2026-02-03 05:50:00.000,83,True,15,0,148,2290,14.82,229.0,0.0,True,0.1591,32.25,52.0,1014.0,0,558,29647,15912,2620,0,last,False,relay,False,,,
2026-02-03,a3c772d3fde52dbae832bi,2026-02-03 06:00:00.000,84,True,16,0,148,2290,14.82,229.0,0.0,True,0.1616,31.76,49.0,1014.0,0,558,29647,15912,2620,0,last,False,relay,False,,,
2026-02-03,a3c772d3fde52dbae832bi,2026-02-03 06:10:00.000,85,True,16,0,148,2290,14.82,229.0,0.0,True,0.164,32.25,51.0,1014.0,0,558,29647,15912,2620,0,last,False,relay,False,,,
2026-02-03,a3c772d3fde52dbae832bi,2026-02-03 06:20:00.000,86,True,16,82,106,2317,10.68,231.76,0.082,True,0.1658,,,,,,,,,,,,,,,,
2026-02-03,a3c772d3fde52dbae832bi,2026-02-03 06:30:00.000,87,True,16,0,148,2290,14.82,229.0,0.0,True,0.1683,32.16,50.0,1014.0,0,558,29647,15912,2620,0,last,False,relay,False,,,
2026-02-03,a3c772d3fde52dbae832bi,2026-02-03 06:40:00.000,88,True,17,0,148,2290,14.82,229.0,0.0,True,0.1708,31.15,44.0,1013.0,0,558,29647,15912,2620,0,last,False,relay,False,,,
2026-02-03,a3c772d3fde52dbae832bi,2026-02-03 06:50:00.000,89,True,17,0,148,2290,14.82,229.0,0.0,True,0.1732,31.66,51.0,1013.0,0,558,29647,15912,2620,0,last,False,relay,False,,,
2026-02-03,a3c772d3fde52dbae832bi,2026-02-03 07:00:00.000,90,True,17,0,148,2290,14.82,229.0,0.0,True,0.1757,31.66,52.0,1013.0,0,558,29647,15912,2620,0,last,False,relay,False,,,
2026-02-03,a3c772d3fde52dbae832bi,2026-02-03 07:10:00.000,91,True,17,0,148,2290,14.82,229.0,0.0,True,0.1782,31.68,51.0,1013.0,0,558,29647,15912,2620,0,last,False,relay,False,,,
2026-02-03,a3c772d3fde52dbae832bi,2026-02-03 07:20:00.000,92,True,18,0,148,2290,14.82,229.0,0.0,True,0.1806,30.66,52.0,1014.0,0,558,29647,15912,2620,0,last,False,relay,False,,,
2026-02-03,a3c772d3fde52dbae832bi,2026-02-03 07:30:00.000,93,True,18,0,148,2290,14.82,229.0,0.0,True,0.1831,30.66,52.0,1014.0,0,558,29647,15912,2620,0,last,False,relay,False,,,
2026-02-03,a3c772d3fde52dbae832bi,2026-02-03 07:40:00.000,94,True,18,0,148,2290,14.82,229.0,0.0,True,0.1856,30.65,53.0,1013.0,0,558,29647,15912,2620,0,last,False,relay,False,,,
2026-02-03,a3c772d3fde52dbae832bi,2026-02-03 07:50:00.000,95,True,18,0,148,2290,14.82,229.0,0.0,True,0.188,30.24,51.0,1013.0,0,558,29647,15912,2620,0,last,False,relay,False,,,
2026-02-03,a3c772d3fde52dbae832bi,2026-02-03 08:00:00.000,96,True,19,0,148,2290,14.82,229.0,0.0,True,0.1905,30.24,50.0,1013.0,0,558,29647,15912,2620,0,last,False,relay,False,,,
2026-02-03,a3c772d3fde52dbae832bi,2026-02-03 08:10:00.000,97,True,19,0,148,2290,14.82,229.0,0.0,True,0.193,30.24,51.0,1014.0,0,558,29647,15912,2620,0,last,False,relay,False,,,
2026-02-03,a3c772d3fde52dbae832bi,2026-02-03 08:20:00.000,98,True,19,0,148,2290,14.82,229.0,0.0,True,0.1955,30.06,53.0,1014.0,0,558,29647,15912,2620,0,last,False,relay,False,,,
2026-02-03,a3c772d3fde52dbae832bi,2026-02-03 08:30:00.000,99,True,19,0,148,2290,14.82,229.0,0.0,True,0.1979,29.6,53.0,1014.0,0,558,29647,15912,2620,0,last,False,relay,False,,,
2026-02-03,a3c772d3fde52dbae832bi,2026-02-03 08:40:00.000,100,True,20,0,148,2290,14.82,229.0,0.0,True,0.2004,29.88,51.0,1014.0,0,558,29647,15912,2620,0,last,False,relay,False,,,
2026-02-03,a3c772d3fde52dbae832bi,2026-02-03 08:50:00.000,101,True,20,158,205,2319,20.55,231.96,0.158,True,0.2038,,,,,,,,,,,,,,,,
2026-02-03,a3c772d3fde52dbae832bi,2026-02-03 09:00:00.000,102,True,20,158,205,2319,20.54,231.96,0.158,True,0.2072,,,,,,,,,,,,,,,,
2026-02-03,a3c772d3fde52dbae832bi,2026-02-03 09:10:00.000,103,True,21,137,178,2317,17.88,231.76,0.138,True,0.2102,,,,,,,,,,,,,,,,
2026-02-03,a3c772d3fde52dbae832bi,2026-02-03 09:20:00.000,104,True,21,158,205,2319,20.54,231.9,0.158,True,0.2137,,,,,,,,,,,,,,,,
2026-02-03,a3c772d3fde52dbae832bi,2026-02-03 09:30:00.000,105,True,21,157,205,2319,20.52,231.96,0.158,True,0.2171,,,,,,,,,,,,,,,,
2026-02-03,a3c772d3fde52dbae832bi,2026-02-03 09:40:00.000,106,True,21,117,152,2315,15.23,231.5,0.117,True,0.2196,,,,,,,,,,,,,,,,
2026-02-03,a3c772d3fde52dbae832bi,2026-02-03 09:50:00.000,107,True,22,157,204,2315,20.49,231.53,0.158,True,0.223,,,,,,,,,,,,,,,,
2026-02-03,a3c772d3fde52dbae832bi,2026-02-03 10:00:00.000,108,True,22,137,178,2314,17.89,231.46,0.138,True,0.226,,,,,,,,,,,,,,,,
2026-02-03,a3c772d3fde52dbae832bi,2026-02-03 10:10:00.000,109,True,22,117,152,2315,15.23,231.52,0.117,True,0.2285,,,,,,,,,,,,,,,,
2026-02-03,a3c772d3fde52dbae832bi,2026-02-03 10:20:00.000,110,True,23,117,151,2308,15.13,230.8,0.117,True,0.2311,,,,,,,,,,,,,,,,
2026-02-03,a3c772d3fde52dbae832bi,2026-02-03 10:30:00.000,111,True,23,116,150,2308,15.09,230.8,0.117,True,0.2336,,,,,,,,,,,,,,,,
2026-02-03,a3c772d3fde52dbae832bi,2026-02-03 10:40:00.000,112,True,23,96,125,2313,12.52,231.36,0.097,True,0.2357,,,,,,,,,,,,,,,,
2026-02-03,a3c772d3fde52dbae832bi,2026-02-03 10:50:00.000,113,True,23,136,177,2313,17.74,231.3,0.137,True,0.2386,,,,,,,,,,,,,,,,
2026-02-03,a3c772d3fde52dbae832bi,2026-02-03 11:00:00.000,114,True,24,116,151,2317,15.16,231.77,0.117,True,0.2411,,,,,,,,,,,,,,,,
2026-02-03,a3c772d3fde52dbae832bi,2026-02-03 11:10:00.000,115,True,24,97,126,2327,12.66,232.74,0.097,True,0.2433,,,,,,,,,,,,,,,,
2026-02-03,a3c772d3fde52dbae832bi,2026-02-03 11:20:00.000,116,True,24,97,126,2322,12.62,232.24,0.097,True,0.2454,,,,,,,,,,,,,,,,
2026-02-03,a3c772d3fde52dbae832bi,2026-02-03 11:30:00.000,117,True,24,117,152,2325,15.3,232.57,0.117,True,0.2479,,,,,,,,,,,,,,,,
2026-02-03,a3c772d3fde52dbae832bi,2026-02-03 11:40:00.000,118,True,25,97,126,2320,12.62,232.04,0.097,True,0.25,,,,,,,,,,,,,,,,
2026-02-03,a3c772d3fde52dbae832bi,2026-02-03 11:50:00.000,119,True,25,158,205,2323,20.59,232.36,0.158,True,0.2534,,,,,,,,,,,,,,,,
2026-02-03,a3c772d3fde52dbae832bi,2026-02-03 12:00:00.000,120,True,25,158,205,2323,20.57,232.36,0.158,True,0.2569,,,,,,,,,,,,,,,,
2026-02-03,a3c772d3fde52dbae832bi,2026-02-03 12:10:00.000,121,True,25,117,152,2326,15.27,232.6,0.117,True,0.2594,,,,,,,,,,,,,,,,
2026-02-03,a3c772d3fde52dbae832bi,2026-02-03 12:20:00.000,122,True,26,137,179,2322,17.9,232.27,0.138,True,0.2624,,,,,,,,,,,,,,,,
2026-02-03,a3c772d3fde52dbae832bi,2026-02-03 12:30:00.000,123,True,26,137,179,2322,17.9,232.27,0.138,True,0.2654,,,,,,,,,,,,,,,,
2026-02-03,a3c772d3fde52dbae832bi,2026-02-03 12:40:00.000,124,True,26,137,178,2321,17.89,232.14,0.138,True,0.2684,,,,,,,,,,,,,,,,
2026-02-03,a3c772d3fde52dbae832bi,2026-02-03 12:50:00.000,125,True,27,117,152,2320,15.25,232.08,0.117,True,0.2709,,,,,,,,,,,,,,,,
2026-02-03,a3c772d3fde52dbae832bi,2026-02-03 13:00:00.000,126,True,27,137,177,2308,17.76,230.89,0.137,True,0.2739,,,,,,,,,,,,,,,,
2026-02-03,a3c772d3fde52dbae832bi,2026-02-03 13:10:00.000,127,True,27,116,150,2305,15.07,230.51,0.117,True,0.2764,,,,,,,,,,,,,,,,
2026-02-03,a3c772d3fde52dbae832bi,2026-02-03 13:20:00.000,128,True,27,116,150,2303,15.08,230.39,0.117,True,0.2789,,,,,,,,,,,,,,,,
2026-02-03,a3c772d3fde52dbae832bi,2026-02-03 13:30:00.000,129,True,28,116,150,2303,15.08,230.39,0.117,True,0.2814,,,,,,,,,,,,,,,,
2026-02-03,a3c772d3fde52dbae832bi,2026-02-03 13:40:00.000,130,True,28,56,72,2294,7.27,229.4,0.057,True,0.2826,,,,,,,,,,,,,,,,
2026-02-03,a3c772d3fde52dbae832bi,2026-02-03 13:50:00.000,131,True,28,56,72,2294,7.27,229.4,0.057,True,0.2838,,,,,,,,,,,,,,,,
2026-02-03,a3c772d3fde52dbae832bi,2026-02-03 14:00:00.000,132,True,28,76,98,2297,9.84,229.75,0.076,True,0.2855,,,,,,,,,,,,,,,,
2026-02-03,a3c772d3fde52dbae832bi,2026-02-03 14:10:00.000,133,True,28,76,97,2290,9.8,229.04,0.076,True,0.2871,,,,,,,,,,,,,,,,
2026-02-03,a3c772d3fde52dbae832bi,2026-02-03 14:20:00.000,134,True,28,56,72,2292,7.24,229.2,0.056,True,0.2883,,,,,,,,,,,,,,,,
2026-02-03,a3c772d3fde52dbae832bi,2026-02-03 14:30:00.000,135,True,28,56,72,2292,7.24,229.2,0.056,True,0.2895,,,,,,,,,,,,,,,,
2026-02-03,a3c772d3fde52dbae832bi,2026-02-03 14:40:00.000,136,True,29,76,98,2291,9.8,229.17,0.076,True,0.2912,,,,,,,,,,,,,,,,
2026-02-03,a3c772d3fde52dbae832bi,2026-02-03 14:50:00.000,137,True,29,76,98,2291,9.8,229.17,0.076,True,0.2928,,,,,,,,,,,,,,,,
2026-02-03,a3c772d3fde52dbae832bi,2026-02-03 15:00:00.000,138,True,29,56,72,2296,7.23,229.67,0.056,True,0.294,,,,,,,,,,,,,,,,
2026-02-03,a3c772d3fde52dbae832bi,2026-02-03 15:10:00.000,139,True,29,56,72,2296,7.23,229.67,0.056,True,0.2952,,,,,,,,,,,,,,,,
2026-02-03,a3c772d3fde52dbae832bi,2026-02-03 15:20:00.000,140,True,29,56,72,2298,7.24,229.8,0.056,True,0.2964,,,,,,,,,,,,,,,,
2026-02-03,a3c772d3fde52dbae832bi,2026-02-03 15:30:00.000,141,True,29,56,72,2302,7.24,230.22,0.056,True,0.2976,,,,,,,,,,,,,,,,
2026-02-03,a3c772d3fde52dbae832bi,2026-02-03 15:40:00.000,142,True,29,55,71,2287,7.17,228.78,0.056,True,0.2988,,,,,,,,,,,,,,,,
2026-02-03,a3c772d3fde52dbae832bi,2026-02-03 15:50:00.000,143,True,29,55,71,2287,7.17,228.78,0.056,True,0.3,,,,,,,,,,,,,,,,
2026-02-04,a3c772d3fde52dbae832bi,2026-02-03 16:00:00.000,0,True,0,95,83,2290,8.38,229.09,0.096,True,0.0014,,,,,,,,,,,,,,,,
2026-02-04,a3c772d3fde52dbae832bi,2026-02-03 16:10:00.000,1,True,0,111,97,2287,9.76,228.74,0.112,True,0.003,,,,,,,,,,,,,,,,
2026-02-04,a3c772d3fde52dbae832bi,2026-02-03 16:20:00.000,2,True,0,111,97,2295,9.78,229.51,0.112,True,0.0047,,,,,,,,,,,,,,,,
2026-02-04,a3c772d3fde52dbae832bi,2026-02-03 16:30:00.000,3,True,0,51,45,2295,4.51,229.51,0.052,True,0.0054,,,,,,,,,,,,,,,,
2026-02-04,a3c772d3fde52dbae832bi,2026-02-03 16:40:00.000,4,True,0,52,46,2310,4.64,231.03,0.053,True,0.0062,,,,,,,,,,,,,,,,
2026-02-04,a3c772d3fde52dbae832bi,2026-02-03 16:50:00.000,5,True,0,32,28,2308,2.88,230.84,0.033,True,0.0067,,,,,,,,,,,,,,,,
2026-02-04,a3c772d3fde52dbae832bi,2026-02-03 17:00:00.000,6,True,0,32,28,2308,2.88,230.82,0.033,True,0.0071,,,,,,,,,,,,,,,,
2026-02-04,a3c772d3fde52dbae832bi,2026-02-03 17:10:00.000,7,True,0,32,28,2300,2.88,230.06,0.033,True,0.0076,,,,,,,,,,,,,,,,
2026-02-04,a3c772d3fde52dbae832bi,2026-02-03 17:20:00.000,8,True,0,32,28,2301,2.88,230.17,0.033,True,0.0081,,,,,,,,,,,,,,,,
2026-02-04,a3c772d3fde52dbae832bi,2026-02-03 17:30:00.000,9,True,0,32,28,2302,2.88,230.28,0.033,True,0.0086,,,,,,,,,,,,,,,,
2026-02-04,a3c772d3fde52dbae832bi,2026-02-03 17:40:00.000,10,True,0,32,28,2301,2.88,230.19,0.033,True,0.0091,,,,,,,,,,,,,,,,
2026-02-04,a3c772d3fde52dbae832bi,2026-02-03 17:50:00.000,11,True,0,32,28,2300,2.84,230.02,0.032,True,0.0095,,,,,,,,,,,,,,,,
2026-02-04,a3c772d3fde52dbae832bi,2026-02-03 18:00:00.000,12,True,1,32,28,2296,2.84,229.62,0.032,True,0.01,,,,,,,,,,,,,,,,
2026-02-04,a3c772d3fde52dbae832bi,2026-02-03 18:10:00.000,13,True,1,32,28,2295,2.84,229.57,0.032,True,0.0105,,,,,,,,,,,,,,,,
2026-02-04,a3c772d3fde52dbae832bi,2026-02-03 18:20:00.000,14,True,1,32,28,2303,2.84,230.37,0.032,True,0.011,,,,,,,,,,,,,,,,
2026-02-04,a3c772d3fde52dbae832bi,2026-02-03 18:30:00.000,15,True,1,31,27,2299,2.78,229.93,0.032,True,0.0114,,,,,,,,,,,,,,,,
2026-02-04,a3c772d3fde52dbae832bi,2026-02-03 18:40:00.000,16,True,1,31,27,2303,2.78,230.39,0.032,True,0.0119,,,,,,,,,,,,,,,,
2026-02-04,a3c772d3fde52dbae832bi,2026-02-03 18:50:00.000,17,True,1,31,27,2303,2.78,230.3,0.032,True,0.0123,,,,,,,,,,,,,,,,
2026-02-04,a3c772d3fde52dbae832bi,2026-02-03 19:00:00.000,18,True,1,31,27,2301,2.78,230.17,0.032,True,0.0128,,,,,,,,,,,,,,,,
2026-02-04,a3c772d3fde52dbae832bi,2026-02-03 19:10:00.000,19,True,1,31,27,2301,2.78,230.17,0.032,True,0.0133,,,,,,,,,,,,,,,,
2026-02-04,a3c772d3fde52dbae832bi,2026-02-03 19:20:00.000,20,True,1,31,27,2303,2.78,230.35,0.032,True,0.0137,,,,,,,,,,,,,,,,
2026-02-04,a3c772d3fde52dbae832bi,2026-02-03 19:30:00.000,21,True,1,31,27,2302,2.78,230.27,0.032,True,0.0142,,,,,,,,,,,,,,,,
2026-02-04,a3c772d3fde52dbae832bi,2026-02-03 19:40:00.000,22,True,1,31,27,2309,2.8,230.96,0.032,True,0.0147,,,,,,,,,,,,,,,,
2026-02-04,a3c772d3fde52dbae832bi,2026-02-03 19:50:00.000,23,True,1,32,28,2302,2.82,230.25,0.032,True,0.0151,,,,,,,,,,,,,,,,
2026-02-04,a3c772d3fde52dbae832bi,2026-02-03 20:00:00.000,24,True,1,32,28,2301,2.82,230.12,0.032,True,0.0156,,,,,,,,,,,,,,,,
2026-02-04,a3c772d3fde52dbae832bi,2026-02-03 20:10:00.000,25,True,1,31,28,2305,2.82,230.57,0.032,True,0.0161,,,,,,,,,,,,,,,,
2026-02-04,a3c772d3fde52dbae832bi,2026-02-03 20:20:00.000,26,True,1,32,28,2300,2.82,230.06,0.032,True,0.0165,,,,,,,,,,,,,,,,
2026-02-04,a3c772d3fde52dbae832bi,2026-02-03 20:30:00.000,27,True,1,32,28,2304,2.82,230.4,0.032,True,0.017,,,,,,,,,,,,,,,,
2026-02-04,a3c772d3fde52dbae832bi,2026-02-03 20:40:00.000,28,True,1,32,28,2316,2.86,231.62,0.032,True,0.0175,,,,,,,,,,,,,,,,
2026-02-04,a3c772d3fde52dbae832bi,2026-02-03 20:50:00.000,29,True,2,0,165,2319,16.51,231.99,0.0,True,0.0202,,,,,,,,,,,,,,,,
2026-02-04,a3c772d3fde52dbae832bi,2026-02-03 21:00:00.000,30,True,2,0,165,2311,16.51,231.14,0.0,True,0.023,,,,,,,,,,,,,,,,
2026-02-04,a3c772d3fde52dbae832bi,2026-02-03 21:10:00.000,31,True,2,0,165,2318,16.51,231.83,0.0,True,0.0257,,,,,,,,,,,,,,,,
2026-02-04,a3c772d3fde52dbae832bi,2026-02-03 21:20:00.000,32,True,2,0,165,2314,16.51,231.41,0.0,True,0.0285,,,,,,,,,,,,,,,,
2026-02-04,a3c772d3fde52dbae832bi,2026-02-03 21:30:00.000,33,True,3,0,165,2308,16.51,230.84,0.0,True,0.0312,,,,,,,,,,,,,,,,
2026-02-04,a3c772d3fde52dbae832bi,2026-02-03 21:40:00.000,34,True,3,0,165,2314,16.51,231.42,0.0,True,0.034,,,,,,,,,,,,,,,,
2026-02-04,a3c772d3fde52dbae832bi,2026-02-03 21:50:00.000,35,True,3,0,165,2315,16.51,231.52,0.0,True,0.0367,,,,,,,,,,,,,,,,
2026-02-04,a3c772d3fde52dbae832bi,2026-02-03 22:00:00.000,36,True,3,0,165,2309,16.51,230.92,0.0,True,0.0395,,,,,,,,,,,,,,,,
2026-02-04,a3c772d3fde52dbae832bi,2026-02-03 22:10:00.000,37,True,4,0,165,2309,16.51,230.95,0.0,True,0.0423,,,,,,,,,,,,,,,,
2026-02-04,a3c772d3fde52dbae832bi,2026-02-03 22:20:00.000,38,True,4,0,165,2312,16.51,231.26,0.0,True,0.045,,,,,,,,,,,,,,,,
2026-02-04,a3c772d3fde52dbae832bi,2026-02-03 22:30:00.000,39,True,4,0,165,2312,16.51,231.26,0.0,True,0.0478,,,,,,,,,,,,,,,,
2026-02-04,a3c772d3fde52dbae832bi,2026-02-03 22:40:00.000,40,True,5,0,165,2315,16.51,231.56,0.0,True,0.0505,,,,,,,,,,,,,,,,
2026-02-04,a3c772d3fde52dbae832bi,2026-02-03 22:50:00.000,41,True,5,0,165,2309,16.51,230.91,0.0,True,0.0533,,,,,,,,,,,,,,,,
2026-02-04,a3c772d3fde52dbae832bi,2026-02-03 23:00:00.000,42,True,5,0,165,2313,16.51,231.38,0.0,True,0.056,,,,,,,,,,,,,,,,
2026-02-04,a3c772d3fde52dbae832bi,2026-02-03 23:10:00.000,43,True,5,0,165,2310,16.51,231.0,0.0,True,0.0588,,,,,,,,,,,,,,,,
2026-02-04,a3c772d3fde52dbae832bi,2026-02-03 23:20:00.000,44,True,6,0,165,2315,16.51,231.54,0.0,True,0.0615,,,,,,,,,,,,,,,,
2026-02-04,a3c772d3fde52dbae832bi,2026-02-03 23:30:00.000,45,True,6,0,165,2305,16.51,230.53,0.0,True,0.0643,,,,,,,,,,,,,,,,
2026-02-04,a3c772d3fde52dbae832bi,2026-02-03 23:40:00.000,46,True,6,0,165,2309,16.51,230.98,0.0,True,0.067,,,,,,,,,,,,,,,,
2026-02-04,a3c772d3fde52dbae832bi,2026-02-03 23:50:00.000,47,True,6,0,165,2306,16.51,230.69,0.0,True,0.0698,,,,,,,,,,,,,,,,
2026-02-04,a3c772d3fde52dbae832bi,2026-02-04 00:00:00.000,48,True,7,0,165,2301,16.51,230.17,0.0,True,0.0725,,,,,,,,,,,,,,,,
2026-02-04,a3c772d3fde52dbae832bi,2026-02-04 00:10:00.000,49,True,7,0,165,2323,16.51,232.31,0.0,True,0.0753,,,,,,,,,,,,,,,,
2026-02-04,a3c772d3fde52dbae832bi,2026-02-04 00:20:00.000,50,True,7,0,165,2317,16.51,231.75,0.0,True,0.078,,,,,,,,,,,,,,,,
2026-02-04,a3c772d3fde52dbae832bi,2026-02-04 00:30:00.000,51,True,8,0,165,2321,16.51,232.13,0.0,True,0.0808,,,,,,,,,,,,,,,,
2026-02-04,a3c772d3fde52dbae832bi,2026-02-04 00:40:00.000,52,True,8,0,165,2328,16.51,232.87,0.0,True,0.0835,,,,,,,,,,,,,,,,
2026-02-04,a3c772d3fde52dbae832bi,2026-02-04 00:50:00.000,53,False,8,0,0,2317,0.0,231.72,0.0,False,0.0835,,,,,,,,,,,,,,,,
2026-02-04,a3c772d3fde52dbae832bi,2026-02-04 01:00:00.000,54,True,8,0,165,2321,16.51,232.18,0.0,True,0.0863,,,,,,,,,,,,,,,,
2026-02-04,a3c772d3fde52dbae832bi,2026-02-04 01:10:00.000,55,True,8,0,165,2310,16.51,231.09,0.0,True,0.089,,,,,,,,,,,,,,,,
2026-02-04,a3c772d3fde52dbae832bi,2026-02-04 01:20:00.000,56,True,9,0,165,2334,16.51,233.4,0.0,True,0.0918,,,,,,,,,,,,,,,,
2026-02-04,a3c772d3fde52dbae832bi,2026-02-04 01:30:00.000,57,True,9,0,165,2334,16.51,233.4,0.0,True,0.0945,,,,,,,,,,,,,,,,
2026-02-04,a3c772d3fde52dbae832bi,2026-02-04 01:40:00.000,58,True,9,0,165,2328,16.51,232.81,0.0,True,0.0973,,,,,,,,,,,,,,,,
2026-02-04,a3c772d3fde52dbae832bi,2026-02-04 01:50:00.000,59,True,10,0,165,2313,16.51,231.31,0.0,True,0.1,,,,,,,,,,,,,,,,
2026-02-04,a3c772d3fde52dbae832bi,2026-02-04 02:00:00.000,60,True,10,0,165,2303,16.51,230.3,0.0,True,0.1028,,,,,,,,,,,,,,,,
2026-02-04,a3c772d3fde52dbae832bi,2026-02-04 02:10:00.000,61,True,10,0,165,2297,16.51,229.76,0.0,True,0.1055,,,,,,,,,,,,,,,,
2026-02-04,a3c772d3fde52dbae832bi,2026-02-04 02:20:00.000,62,True,10,0,165,2299,16.51,229.97,0.0,True,0.1083,,,,,,,,,,,,,,,,
2026-02-04,a3c772d3fde52dbae832bi,2026-02-04 02:30:00.000,63,True,11,0,165,2300,16.51,230.07,0.0,True,0.111,,,,,,,,,,,,,,,,
2026-02-04,a3c772d3fde52dbae832bi,2026-02-04 02:40:00.000,64,True,11,0,165,2300,16.51,230.01,0.0,True,0.1138,,,,,,,,,,,,,,,,
2026-02-04,a3c772d3fde52dbae832bi,2026-02-04 02:50:00.000,65,True,11,0,165,2298,16.51,229.81,0.0,True,0.1165,,,,,,,,,,,,,,,,
2026-02-04,a3c772d3fde52dbae832bi,2026-02-04 03:00:00.000,66,True,11,0,165,2302,16.51,230.23,0.0,True,0.1193,,,,,,,,,,,,,,,,
2026-02-04,a3c772d3fde52dbae832bi,2026-02-04 03:10:00.000,67,True,12,0,165,2298,16.51,229.81,0.0,True,0.122,,,,,,,,,,,,,,,,
2026-02-04,a3c772d3fde52dbae832bi,2026-02-04 03:20:00.000,68,True,12,0,165,2301,16.51,230.12,0.0,True,0.1248,,,,,,,,,,,,,,,,
2026-02-04,a3c772d3fde52dbae832bi,2026-02-04 03:30:00.000,69,True,12,0,165,2310,16.51,231.09,0.0,True,0.1275,,,,,,,,,,,,,,,,
2026-02-04,a3c772d3fde52dbae832bi,2026-02-04 03:40:00.000,70,True,13,0,165,2312,16.51,231.29,0.0,True,0.1303,,,,,,,,,,,,,,,,
2026-02-04,a3c772d3fde52dbae832bi,2026-02-04 03:50:00.000,71,True,13,0,165,2323,16.51,232.3,0.0,True,0.1331,,,,,,,,,,,,,,,,
2026-02-04,a3c772d3fde52dbae832bi,2026-02-04 04:00:00.000,72,True,13,0,165,2304,16.51,230.46,0.0,True,0.1358,,,,,,,,,,,,,,,,
2026-02-04,a3c772d3fde52dbae832bi,2026-02-04 04:10:00.000,73,True,13,0,165,2305,16.51,230.57,0.0,True,0.1386,,,,,,,,,,,,,,,,
2026-02-04,a3c772d3fde52dbae832bi,2026-02-04 04:20:00.000,74,True,14,0,165,2322,16.51,232.22,0.0,True,0.1413,,,,,,,,,,,,,,,,
2026-02-04,a3c772d3fde52dbae832bi,2026-02-04 04:30:00.000,75,True,14,0,165,2297,16.51,229.72,0.0,True,0.1441,,,,,,,,,,,,,,,,
2026-02-04,a3c772d3fde52dbae832bi,2026-02-04 04:40:00.000,76,True,14,0,165,2305,16.51,230.56,0.0,True,0.1468,,,,,,,,,,,,,,,,
2026-02-04,a3c772d3fde52dbae832bi,2026-02-04 04:50:00.000,77,True,14,0,165,2305,16.51,230.52,0.0,True,0.1496,,,,,,,,,,,,,,,,
2026-02-04,a3c772d3fde52dbae832bi,2026-02-04 05:00:00.000,78,True,15,41,36,2309,3.68,230.9,0.042,True,0.1502,,,,,,,,,,,,,,,,
2026-02-04,a3c772d3fde52dbae832bi,2026-02-04 05:10:00.000,79,False,15,0,0,2321,0.0,232.15,0.0,False,0.1502,,,,,,,,,,,,,,,,
2026-02-04,a3c772d3fde52dbae832bi,2026-02-04 05:20:00.000,80,True,15,20,18,2317,1.84,231.78,0.021,True,0.1505,,,,,,,,,,,,,,,,
2026-02-04,a3c772d3fde52dbae832bi,2026-02-04 05:30:00.000,81,False,15,0,0,2330,0.0,233.07,0.0,False,0.1505,,,,,,,,,,,,,,,,
2026-02-04,a3c772d3fde52dbae832bi,2026-02-04 05:40:00.000,82,True,15,20,18,2309,1.84,230.9,0.021,True,0.1508,,,,,,,,,,,,,,,,
2026-02-04,a3c772d3fde52dbae832bi,2026-02-04 05:50:00.000,83,True,15,20,18,2309,1.84,230.9,0.021,True,0.1511,,,,,,,,,,,,,,,,
2026-02-04,a3c772d3fde52dbae832bi,2026-02-04 06:00:00.000,84,True,15,60,53,2317,5.37,231.75,0.061,True,0.152,,,,,,,,,,,,,,,,
2026-02-04,a3c772d3fde52dbae832bi,2026-02-04 06:10:00.000,85,True,15,40,35,2324,3.59,232.48,0.04,True,0.1526,,,,,,,,,,,,,,,,
2026-02-04,a3c772d3fde52dbae832bi,2026-02-04 06:20:00.000,86,True,15,82,72,2317,7.27,231.76,0.082,True,0.1538,,,,,,,,,,,,,,,,
2026-02-04,a3c772d3fde52dbae832bi,2026-02-04 06:30:00.000,87,True,15,84,74,2311,7.46,231.17,0.085,True,0.155,,,,,,,,,,,,,,,,
2026-02-04,a3c772d3fde52dbae832bi,2026-02-04 06:40:00.000,88,True,15,99,87,2314,8.78,231.41,0.099,True,0.1565,,,,,,,,,,,,,,,,
2026-02-04,a3c772d3fde52dbae832bi,2026-02-04 06:50:00.000,89,True,15,122,108,2311,10.81,231.16,0.123,True,0.1583,,,,,,,,,,,,,,,,
2026-02-04,a3c772d3fde52dbae832bi,2026-02-04 07:00:00.000,90,True,15,81,71,2304,7.17,230.43,0.082,True,0.1595,,,,,,,,,,,,,,,,
2026-02-04,a3c772d3fde52dbae832bi,2026-02-04 07:10:00.000,91,True,16,143,126,2311,12.65,231.16,0.143,True,0.1616,,,,,,,,,,,,,,,,
2026-02-04,a3c772d3fde52dbae832bi,2026-02-04 07:20:00.000,92,True,16,122,107,2304,10.75,230.42,0.122,True,0.1634,,,,,,,,,,,,,,,,
2026-02-04,a3c772d3fde52dbae832bi,2026-02-04 07:30:00.000,93,True,16,138,104,1980,10.48,198.06,0.139,True,0.1652,,,,,,,,,,,,,,,,
2026-02-04,a3c772d3fde52dbae832bi,2026-02-04 07:40:00.000,94,True,16,138,122,2310,12.22,231.09,0.139,True,0.1672,,,,,,,,,,,,,,,,
2026-02-04,a3c772d3fde52dbae832bi,2026-02-04 07:50:00.000,95,True,16,138,121,2312,12.2,231.27,0.138,True,0.1692,,,,,,,,,,,,,,,,
2026-02-04,a3c772d3fde52dbae832bi,2026-02-04 08:00:00.000,96,True,17,138,121,2312,12.2,231.27,0.138,True,0.1713,,,,,,,,,,,,,,,,
2026-02-04,a3c772d3fde52dbae832bi,2026-02-04 08:10:00.000,97,True,17,158,140,2314,14.01,231.47,0.159,True,0.1736,,,,,,,,,,,,,,,,
2026-02-04,a3c772d3fde52dbae832bi,2026-02-04 08:20:00.000,98,True,17,181,159,2290,15.91,229.0,0.181,True,0.1762,30.15,58.0,1013.0,0,558,29647,15912,2620,0,last,False,relay,False,,,
2026-02-04,a3c772d3fde52dbae832bi,2026-02-04 08:30:00.000,99,True,17,181,159,2290,15.91,229.0,0.181,True,0.1789,30.15,58.0,1013.0,0,558,29647,15912,2620,0,last,False,relay,False,,,
2026-02-04,a3c772d3fde52dbae832bi,2026-02-04 08:40:00.000,100,True,18,181,159,2290,15.91,229.0,0.181,True,0.1815,29.4,60.0,1013.0,0,558,29647,15912,2620,0,last,False,relay,False,,,
2026-02-04,a3c772d3fde52dbae832bi,2026-02-04 08:50:00.000,101,True,18,181,159,2290,15.91,229.0,0.181,True,0.1842,29.37,62.0,1013.0,0,558,29647,15912,2620,0,last,False,relay,False,,,
2026-02-04,a3c772d3fde52dbae832bi,2026-02-04 09:00:00.000,102,True,18,181,159,2290,15.91,229.0,0.181,True,0.1868,29.27,62.0,1013.0,0,558,29647,15912,2620,0,last,False,relay,False,,,
2026-02-04,a3c772d3fde52dbae832bi,2026-02-04 09:10:00.000,103,True,18,137,121,2317,12.17,231.76,0.138,True,0.1889,,,,,,,,,,,,,,,,
2026-02-04,a3c772d3fde52dbae832bi,2026-02-04 09:20:00.000,104,True,19,158,139,2319,13.99,231.9,0.158,True,0.1912,,,,,,,,,,,,,,,,
2026-02-04,a3c772d3fde52dbae832bi,2026-02-04 09:30:00.000,105,True,19,157,139,2319,13.98,231.96,0.158,True,0.1935,,,,,,,,,,,,,,,,
2026-02-04,a3c772d3fde52dbae832bi,2026-02-04 09:40:00.000,106,True,19,117,103,2315,10.37,231.5,0.117,True,0.1953,,,,,,,,,,,,,,,,
2026-02-04,a3c772d3fde52dbae832bi,2026-02-04 09:50:00.000,107,True,19,157,139,2315,13.95,231.53,0.158,True,0.1976,,,,,,,,,,,,,,,,
2026-02-04,a3c772d3fde52dbae832bi,2026-02-04 10:00:00.000,108,True,19,137,121,2314,12.18,231.46,0.138,True,0.1996,,,,,,,,,,,,,,,,
2026-02-04,a3c772d3fde52dbae832bi,2026-02-04 10:10:00.000,109,True,20,117,103,2315,10.37,231.52,0.117,True,0.2013,,,,,,,,,,,,,,,,
2026-02-04,a3c772d3fde52dbae832bi,2026-02-04 10:20:00.000,110,True,20,117,103,2308,10.3,230.8,0.117,True,0.2031,,,,,,,,,,,,,,,,
2026-02-04,a3c772d3fde52dbae832bi,2026-02-04 10:30:00.000,111,True,20,116,102,2308,10.28,230.8,0.117,True,0.2048,,,,,,,,,,,,,,,,
2026-02-04,a3c772d3fde52dbae832bi,2026-02-04 10:40:00.000,112,True,20,96,85,2313,8.52,231.36,0.097,True,0.2062,,,,,,,,,,,,,,,,
2026-02-04,a3c772d3fde52dbae832bi,2026-02-04 10:50:00.000,113,True,20,136,120,2313,12.08,231.3,0.137,True,0.2082,,,,,,,,,,,,,,,,
2026-02-04,a3c772d3fde52dbae832bi,2026-02-04 11:00:00.000,114,True,20,116,103,2317,10.32,231.77,0.117,True,0.2099,,,,,,,,,,,,,,,,
2026-02-04,a3c772d3fde52dbae832bi,2026-02-04 11:10:00.000,115,True,21,97,86,2327,8.62,232.74,0.097,True,0.2114,,,,,,,,,,,,,,,,
2026-02-04,a3c772d3fde52dbae832bi,2026-02-04 11:20:00.000,116,True,21,97,85,2322,8.59,232.24,0.097,True,0.2128,,,,,,,,,,,,,,,,
2026-02-04,a3c772d3fde52dbae832bi,2026-02-04 11:30:00.000,117,True,21,117,104,2325,10.42,232.57,0.117,True,0.2145,,,,,,,,,,,,,,,,
2026-02-04,a3c772d3fde52dbae832bi,2026-02-04 11:40:00.000,118,True,21,97,85,2320,8.59,232.04,0.097,True,0.216,,,,,,,,,,,,,,,,
2026-02-04,a3c772d3fde52dbae832bi,2026-02-04 11:50:00.000,119,True,21,158,140,2323,14.02,232.36,0.158,True,0.2183,,,,,,,,,,,,,,,,
2026-02-04,a3c772d3fde52dbae832bi,2026-02-04 12:00:00.000,120,True,22,158,140,2323,14.01,232.36,0.158,True,0.2206,,,,,,,,,,,,,,,,
2026-02-04,a3c772d3fde52dbae832bi,2026-02-04 12:10:00.000,121,True,22,117,103,2326,10.4,232.6,0.117,True,0.2224,,,,,,,,,,,,,,,,
2026-02-04,a3c772d3fde52dbae832bi,2026-02-04 12:20:00.000,122,True,22,137,121,2322,12.19,232.27,0.138,True,0.2244,,,,,,,,,,,,,,,,
2026-02-04,a3c772d3fde52dbae832bi,2026-02-04 12:30:00.000,123,True,22,137,121,2322,12.19,232.27,0.138,True,0.2264,,,,,,,,,,,,,,,,
2026-02-04,a3c772d3fde52dbae832bi,2026-02-04 12:40:00.000,124,True,22,137,121,2321,12.18,232.14,0.138,True,0.2285,,,,,,,,,,,,,,,,
2026-02-04,a3c772d3fde52dbae832bi,2026-02-04 12:50:00.000,125,True,23,117,103,2320,10.38,232.08,0.117,True,0.2302,,,,,,,,,,,,,,,,
2026-02-04,a3c772d3fde52dbae832bi,2026-02-04 13:00:00.000,126,True,23,137,120,2308,12.09,230.89,0.137,True,0.2322,,,,,,,,,,,,,,,,
2026-02-04,a3c772d3fde52dbae832bi,2026-02-04 13:10:00.000,127,True,23,116,102,2305,10.26,230.51,0.117,True,0.2339,,,,,,,,,,,,,,,,
2026-02-04,a3c772d3fde52dbae832bi,2026-02-04 13:20:00.000,128,True,23,116,102,2303,10.27,230.39,0.117,True,0.2356,,,,,,,,,,,,,,,,
2026-02-04,a3c772d3fde52dbae832bi,2026-02-04 13:30:00.000,129,True,23,116,102,2303,10.27,230.39,0.117,True,0.2373,,,,,,,,,,,,,,,,
2026-02-04,a3c772d3fde52dbae832bi,2026-02-04 13:40:00.000,130,True,23,56,49,2294,4.95,229.4,0.057,True,0.2382,,,,,,,,,,,,,,,,
2026-02-04,a3c772d3fde52dbae832bi,2026-02-04 13:50:00.000,131,True,23,56,49,2294,4.95,229.4,0.057,True,0.239,,,,,,,,,,,,,,,,
2026-02-04,a3c772d3fde52dbae832bi,2026-02-04 14:00:00.000,132,True,24,76,67,2297,6.7,229.75,0.076,True,0.2401,,,,,,,,,,,,,,,,
2026-02-04,a3c772d3fde52dbae832bi,2026-02-04 14:10:00.000,133,True,24,76,66,2290,6.67,229.04,0.076,True,0.2412,,,,,,,,,,,,,,,,
2026-02-04,a3c772d3fde52dbae832bi,2026-02-04 14:20:00.000,134,True,24,56,49,2292,4.93,229.2,0.056,True,0.242,,,,,,,,,,,,,,,,
2026-02-04,a3c772d3fde52dbae832bi,2026-02-04 14:30:00.000,135,True,24,56,49,2292,4.93,229.2,0.056,True,0.2429,,,,,,,,,,,,,,,,
2026-02-04,a3c772d3fde52dbae832bi,2026-02-04 14:40:00.000,136,True,24,76,66,2291,6.67,229.17,0.076,True,0.244,,,,,,,,,,,,,,,,
2026-02-04,a3c772d3fde52dbae832bi,2026-02-04 14:50:00.000,137,True,24,76,66,2291,6.67,229.17,0.076,True,0.2451,,,,,,,,,,,,,,,,
2026-02-04,a3c772d3fde52dbae832bi,2026-02-04 15:00:00.000,138,True,24,56,49,2296,4.92,229.67,0.056,True,0.2459,,,,,,,,,,,,,,,,
2026-02-04,a3c772d3fde52dbae832bi,2026-02-04 15:10:00.000,139,True,24,56,49,2296,4.92,229.67,0.056,True,0.2467,,,,,,,,,,,,,,,,
2026-02-04,a3c772d3fde52dbae832bi,2026-02-04 15:20:00.000,140,True,24,56,49,2298,4.93,229.8,0.056,True,0.2476,,,,,,,,,,,,,,,,
2026-02-04,a3c772d3fde52dbae832bi,2026-02-04 15:30:00.000,141,True,24,56,49,2302,4.93,230.22,0.056,True,0.2484,,,,,,,,,,,,,,,,
2026-02-04,a3c772d3fde52dbae832bi,2026-02-04 15:40:00.000,142,True,24,55,48,2287,4.88,228.78,0.056,True,0.2492,,,,,,,,,,,,,,,,
2026-02-04,a3c772d3fde52dbae832bi,2026-02-04 15:50:00.000,143,True,24,55,48,2287,4.88,228.78,0.056,True,0.25,,,,,,,,,,,,,,,,
2026-02-05,a3c772d3fde52dbae832bi,2026-02-04 16:00:00.000,0,True,0,95,79,2290,7.96,229.09,0.096,True,0.0013,,,,,,,,,,,,,,,,
2026-02-05,a3c772d3fde52dbae832bi,2026-02-04 16:10:00.000,1,True,0,111,92,2287,9.27,228.74,0.112,True,0.0029,,,,,,,,,,,,,,,,
2026-02-05,a3c772d3fde52dbae832bi,2026-02-04 16:20:00.000,2,True,0,111,92,2295,9.29,229.51,0.112,True,0.0044,,,,,,,,,,,,,,,,
2026-02-05,a3c772d3fde52dbae832bi,2026-02-04 16:30:00.000,3,True,0,51,42,2295,4.28,229.51,0.052,True,0.0051,,,,,,,,,,,,,,,,
2026-02-05,a3c772d3fde52dbae832bi,2026-02-04 16:40:00.000,4,True,0,52,44,2310,4.41,231.03,0.053,True,0.0059,,,,,,,,,,,,,,,,
2026-02-05,a3c772d3fde52dbae832bi,2026-02-04 16:50:00.000,5,True,0,32,27,2308,2.74,230.84,0.033,True,0.0063,,,,,,,,,,,,,,,,
2026-02-05,a3c772d3fde52dbae832bi,2026-02-04 17:00:00.000,6,True,0,32,27,2308,2.74,230.82,0.033,True,0.0068,,,,,,,,,,,,,,,,
2026-02-05,a3c772d3fde52dbae832bi,2026-02-04 17:10:00.000,7,True,0,32,27,2300,2.74,230.06,0.033,True,0.0072,,,,,,,,,,,,,,,,
2026-02-05,a3c772d3fde52dbae832bi,2026-02-04 17:20:00.000,8,True,0,32,27,2301,2.74,230.17,0.033,True,0.0077,,,,,,,,,,,,,,,,
2026-02-05,a3c772d3fde52dbae832bi,2026-02-04 17:30:00.000,9,True,0,32,27,2302,2.74,230.28,0.033,True,0.0081,,,,,,,,,,,,,,,,
2026-02-05,a3c772d3fde52dbae832bi,2026-02-04 17:40:00.000,10,True,0,32,27,2301,2.74,230.19,0.033,True,0.0086,,,,,,,,,,,,,,,,
2026-02-05,a3c772d3fde52dbae832bi,2026-02-04 17:50:00.000,11,True,0,32,26,2300,2.7,230.02,0.032,True,0.0091,,,,,,,,,,,,,,,,
2026-02-05,a3c772d3fde52dbae832bi,2026-02-04 18:00:00.000,12,True,0,32,26,2296,2.7,229.62,0.032,True,0.0095,,,,,,,,,,,,,,,,
2026-02-05,a3c772d3fde52dbae832bi,2026-02-04 18:10:00.000,13,True,0,32,26,2295,2.7,229.57,0.032,True,0.01,,,,,,,,,,,,,,,,
2026-02-05,a3c772d3fde52dbae832bi,2026-02-04 18:20:00.000,14,True,1,32,26,2303,2.7,230.37,0.032,True,0.0104,,,,,,,,,,,,,,,,
2026-02-05,a3c772d3fde52dbae832bi,2026-02-04 18:30:00.000,15,True,1,31,26,2299,2.64,229.93,0.032,True,0.0108,,,,,,,,,,,,,,,,
2026-02-05,a3c772d3fde52dbae832bi,2026-02-04 18:40:00.000,16,True,1,31,26,2303,2.64,230.39,0.032,True,0.0113,,,,,,,,,,,,,,,,
2026-02-05,a3c772d3fde52dbae832bi,2026-02-04 18:50:00.000,17,True,1,31,26,2303,2.64,230.3,0.032,True,0.0117,,,,,,,,,,,,,,,,
2026-02-05,a3c772d3fde52dbae832bi,2026-02-04 19:00:00.000,18,True,1,31,26,2301,2.64,230.17,0.032,True,0.0122,,,,,,,,,,,,,,,,
2026-02-05,a3c772d3fde52dbae832bi,2026-02-04 19:10:00.000,19,True,1,31,26,2301,2.64,230.17,0.032,True,0.0126,,,,,,,,,,,,,,,,
2026-02-05,a3c772d3fde52dbae832bi,2026-02-04 19:20:00.000,20,True,1,31,26,2303,2.64,230.35,0.032,True,0.013,,,,,,,,,,,,,,,,
2026-02-05,a3c772d3fde52dbae832bi,2026-02-04 19:30:00.000,21,True,1,31,26,2302,2.64,230.27,0.032,True,0.0135,,,,,,,,,,,,,,,,
2026-02-05,a3c772d3fde52dbae832bi,2026-02-04 19:40:00.000,22,True,1,31,26,2309,2.65,230.96,0.032,True,0.0139,,,,,,,,,,,,,,,,
2026-02-05,a3c772d3fde52dbae832bi,2026-02-04 19:50:00.000,23,True,1,32,26,2302,2.67,230.25,0.032,True,0.0144,,,,,,,,,,,,,,,,
2026-02-05,a3c772d3fde52dbae832bi,2026-02-04 20:00:00.000,24,True,1,32,26,2301,2.67,230.12,0.032,True,0.0148,,,,,,,,,,,,,,,,
2026-02-05,a3c772d3fde52dbae832bi,2026-02-04 20:10:00.000,25,True,1,31,26,2305,2.67,230.57,0.032,True,0.0153,,,,,,,,,,,,,,,,
2026-02-05,a3c772d3fde52dbae832bi,2026-02-04 20:20:00.000,26,True,1,32,26,2300,2.67,230.06,0.032,True,0.0157,,,,,,,,,,,,,,,,
2026-02-05,a3c772d3fde52dbae832bi,2026-02-04 20:30:00.000,27,True,1,32,26,2304,2.67,230.4,0.032,True,0.0162,,,,,,,,,,,,,,,,
2026-02-05,a3c772d3fde52dbae832bi,2026-02-04 20:40:00.000,28,True,1,32,27,2316,2.71,231.62,0.032,True,0.0166,,,,,,,,,,,,,,,,
2026-02-05,a3c772d3fde52dbae832bi,2026-02-04 20:50:00.000,29,True,1,0,161,2319,16.15,231.99,0.0,True,0.0193,,,,,,,,,,,,,,,,
2026-02-05,a3c772d3fde52dbae832bi,2026-02-04 21:00:00.000,30,True,2,0,161,2311,16.15,231.14,0.0,True,0.022,,,,,,,,,,,,,,,,
2026-02-05,a3c772d3fde52dbae832bi,2026-02-04 21:10:00.000,31,True,2,0,161,2318,16.15,231.83,0.0,True,0.0247,,,,,,,,,,,,,,,,
2026-02-05,a3c772d3fde52dbae832bi,2026-02-04 21:20:00.000,32,True,2,0,161,2314,16.15,231.41,0.0,True,0.0274,,,,,,,,,,,,,,,,
2026-02-05,a3c772d3fde52dbae832bi,2026-02-04 21:30:00.000,33,True,3,0,161,2308,16.15,230.84,0.0,True,0.0301,,,,,,,,,,,,,,,,
2026-02-05,a3c772d3fde52dbae832bi,2026-02-04 21:40:00.000,34,True,3,0,161,2314,16.15,231.42,0.0,True,0.0328,,,,,,,,,,,,,,,,
2026-02-05,a3c772d3fde52dbae832bi,2026-02-04 21:50:00.000,35,True,3,0,161,2315,16.15,231.52,0.0,True,0.0355,,,,,,,,,,,,,,,,
2026-02-05,a3c772d3fde52dbae832bi,2026-02-04 22:00:00.000,36,True,3,0,161,2309,16.15,230.92,0.0,True,0.0381,,,,,,,,,,,,,,,,
2026-02-05,a3c772d3fde52dbae832bi,2026-02-04 22:10:00.000,37,True,4,0,161,2309,16.15,230.95,0.0,True,0.0408,,,,,,,,,,,,,,,,
2026-02-05,a3c772d3fde52dbae832bi,2026-02-04 22:20:00.000,38,True,4,0,161,2312,16.15,231.26,0.0,True,0.0435,,,,,,,,,,,,,,,,
2026-02-05,a3c772d3fde52dbae832bi,2026-02-04 22:30:00.000,39,True,4,0,161,2312,16.15,231.26,0.0,True,0.0462,,,,,,,,,,,,,,,,
2026-02-05,a3c772d3fde52dbae832bi,2026-02-04 22:40:00.000,40,True,4,0,161,2315,16.15,231.56,0.0,True,0.0489,,,,,,,,,,,,,,,,
2026-02-05,a3c772d3fde52dbae832bi,2026-02-04 22:50:00.000,41,True,5,0,161,2309,16.15,230.91,0.0,True,0.0516,,,,,,,,,,,,,,,,
2026-02-05,a3c772d3fde52dbae832bi,2026-02-04 23:00:00.000,42,True,5,0,161,2313,16.15,231.38,0.0,True,0.0543,,,,,,,,,,,,,,,,
2026-02-05,a3c772d3fde52dbae832bi,2026-02-04 23:10:00.000,43,True,5,0,161,2310,16.15,231.0,0.0,True,0.057,,,,,,,,,,,,,,,,
2026-02-05,a3c772d3fde52dbae832bi,2026-02-04 23:20:00.000,44,True,5,0,161,2315,16.15,231.54,0.0,True,0.0597,,,,,,,,,,,,,,,,
2026-02-05,a3c772d3fde52dbae832bi,2026-02-04 23:30:00.000,45,True,6,0,161,2305,16.15,230.53,0.0,True,0.0624,,,,,,,,,,,,,,,,
2026-02-05,a3c772d3fde52dbae832bi,2026-02-04 23:40:00.000,46,True,6,0,161,2309,16.15,230.98,0.0,True,0.0651,,,,,,,,,,,,,,,,
2026-02-05,a3c772d3fde52dbae832bi,2026-02-04 23:50:00.000,47,True,6,0,161,2306,16.15,230.69,0.0,True,0.0678,,,,,,,,,,,,,,,,
2026-02-05,a3c772d3fde52dbae832bi,2026-02-05 00:00:00.000,48,True,7,0,161,2301,16.15,230.17,0.0,True,0.0705,,,,,,,,,,,,,,,,
2026-02-05,a3c772d3fde52dbae832bi,2026-02-05 00:10:00.000,49,True,7,0,161,2323,16.15,232.31,0.0,True,0.0731,,,,,,,,,,,,,,,,
2026-02-05,a3c772d3fde52dbae832bi,2026-02-05 00:20:00.000,50,True,7,0,161,2317,16.15,231.75,0.0,True,0.0758,,,,,,,,,,,,,,,,
2026-02-05,a3c772d3fde52dbae832bi,2026-02-05 00:30:00.000,51,True,7,0,161,2321,16.15,232.13,0.0,True,0.0785,,,,,,,,,,,,,,,,
2026-02-05,a3c772d3fde52dbae832bi,2026-02-05 00:40:00.000,52,True,8,0,161,2328,16.15,232.87,0.0,True,0.0812,,,,,,,,,,,,,,,,
2026-02-05,a3c772d3fde52dbae832bi,2026-02-05 00:50:00.000,53,False,8,0,0,2317,0.0,231.72,0.0,False,0.0812,,,,,,,,,,,,,,,,
2026-02-05,a3c772d3fde52dbae832bi,2026-02-05 01:00:00.000,54,True,8,0,161,2321,16.15,232.18,0.0,True,0.0839,,,,,,,,,,,,,,,,
2026-02-05,a3c772d3fde52dbae832bi,2026-02-05 01:10:00.000,55,True,8,0,161,2310,16.15,231.09,0.0,True,0.0866,,,,,,,,,,,,,,,,
2026-02-05,a3c772d3fde52dbae832bi,2026-02-05 01:20:00.000,56,True,8,0,161,2334,16.15,233.4,0.0,True,0.0893,,,,,,,,,,,,,,,,
2026-02-05,a3c772d3fde52dbae832bi,2026-02-05 01:30:00.000,57,True,9,0,161,2334,16.15,233.4,0.0,True,0.092,,,,,,,,,,,,,,,,
2026-02-05,a3c772d3fde52dbae832bi,2026-02-05 01:40:00.000,58,True,9,0,161,2328,16.15,232.81,0.0,True,0.0947,,,,,,,,,,,,,,,,
2026-02-05,a3c772d3fde52dbae832bi,2026-02-05 01:50:00.000,59,True,9,0,161,2313,16.15,231.31,0.0,True,0.0974,,,,,,,,,,,,,,,,
2026-02-05,a3c772d3fde52dbae832bi,2026-02-05 02:00:00.000,60,True,10,0,161,2303,16.15,230.3,0.0,True,0.1001,,,,,,,,,,,,,,,,
2026-02-05,a3c772d3fde52dbae832bi,2026-02-05 02:10:00.000,61,True,10,0,161,2297,16.15,229.76,0.0,True,0.1028,,,,,,,,,,,,,,,,
2026-02-05,a3c772d3fde52dbae832bi,2026-02-05 02:20:00.000,62,True,10,0,161,2299,16.15,229.97,0.0,True,0.1055,,,,,,,,,,,,,,,,
2026-02-05,a3c772d3fde52dbae832bi,2026-02-05 02:30:00.000,63,True,10,0,161,2300,16.15,230.07,0.0,True,0.1081,,,,,,,,,,,,,,,,
2026-02-05,a3c772d3fde52dbae832bi,2026-02-05 02:40:00.000,64,True,11,0,161,2300,16.15,230.01,0.0,True,0.1108,,,,,,,,,,,,,,,,
2026-02-05,a3c772d3fde52dbae832bi,2026-02-05 02:50:00.000,65,True,11,0,161,2298,16.15,229.81,0.0,True,0.1135,,,,,,,,,,,,,,,,
2026-02-05,a3c772d3fde52dbae832bi,2026-02-05 03:00:00.000,66,True,11,0,161,2302,16.15,230.23,0.0,True,0.1162,,,,,,,,,,,,,,,,
2026-02-05,a3c772d3fde52dbae832bi,2026-02-05 03:10:00.000,67,True,11,0,161,2298,16.15,229.81,0.0,True,0.1189,,,,,,,,,,,,,,,,
2026-02-05,a3c772d3fde52dbae832bi,2026-02-05 03:20:00.000,68,True,12,0,161,2301,16.15,230.12,0.0,True,0.1216,,,,,,,,,,,,,,,,
2026-02-05,a3c772d3fde52dbae832bi,2026-02-05 03:30:00.000,69,True,12,0,161,2310,16.15,231.09,0.0,True,0.1243,,,,,,,,,,,,,,,,
2026-02-05,a3c772d3fde52dbae832bi,2026-02-05 03:40:00.000,70,True,12,0,161,2312,16.15,231.29,0.0,True,0.127,,,,,,,,,,,,,,,,
2026-02-05,a3c772d3fde52dbae832bi,2026-02-05 03:50:00.000,71,True,12,0,161,2323,16.15,232.3,0.0,True,0.1297,,,,,,,,,,,,,,,,
2026-02-05,a3c772d3fde52dbae832bi,2026-02-05 04:00:00.000,72,True,13,0,161,2304,16.15,230.46,0.0,True,0.1324,,,,,,,,,,,,,,,,
2026-02-05,a3c772d3fde52dbae832bi,2026-02-05 04:10:00.000,73,True,13,0,161,2305,16.15,230.57,0.0,True,0.1351,,,,,,,,,,,,,,,,
2026-02-05,a3c772d3fde52dbae832bi,2026-02-05 04:20:00.000,74,True,13,0,161,2322,16.15,232.22,0.0,True,0.1378,,,,,,,,,,,,,,,,
2026-02-05,a3c772d3fde52dbae832bi,2026-02-05 04:30:00.000,75,True,14,0,161,2297,16.15,229.72,0.0,True,0.1405,,,,,,,,,,,,,,,,
2026-02-05,a3c772d3fde52dbae832bi,2026-02-05 04:40:00.000,76,True,14,0,161,2305,16.15,230.56,0.0,True,0.1431,,,,,,,,,,,,,,,,
2026-02-05,a3c772d3fde52dbae832bi,2026-02-05 04:50:00.000,77,True,14,0,161,2305,16.15,230.52,0.0,True,0.1458,,,,,,,,,,,,,,,,
2026-02-05,a3c772d3fde52dbae832bi,2026-02-05 05:00:00.000,78,True,14,41,34,2309,3.49,230.9,0.042,True,0.1464,,,,,,,,,,,,,,,,
2026-02-05,a3c772d3fde52dbae832bi,2026-02-05 05:10:00.000,79,False,14,0,0,2321,0.0,232.15,0.0,False,0.1464,,,,,,,,,,,,,,,,
2026-02-05,a3c772d3fde52dbae832bi,2026-02-05 05:20:00.000,80,True,14,20,17,2317,1.74,231.78,0.021,True,0.1467,,,,,,,,,,,,,,,,
2026-02-05,a3c772d3fde52dbae832bi,2026-02-05 05:30:00.000,81,False,14,0,0,2330,0.0,233.07,0.0,False,0.1467,,,,,,,,,,,,,,,,
2026-02-05,a3c772d3fde52dbae832bi,2026-02-05 05:40:00.000,82,True,14,20,17,2309,1.74,230.9,0.021,True,0.147,,,,,,,,,,,,,,,,
2026-02-05,a3c772d3fde52dbae832bi,2026-02-05 05:50:00.000,83,True,14,20,17,2309,1.74,230.9,0.021,True,0.1473,,,,,,,,,,,,,,,,
2026-02-05,a3c772d3fde52dbae832bi,2026-02-05 06:00:00.000,84,True,14,60,51,2317,5.1,231.75,0.061,True,0.1481,,,,,,,,,,,,,,,,
2026-02-05,a3c772d3fde52dbae832bi,2026-02-05 06:10:00.000,85,True,14,40,34,2324,3.41,232.48,0.04,True,0.1487,,,,,,,,,,,,,,,,
2026-02-05,a3c772d3fde52dbae832bi,2026-02-05 06:20:00.000,86,True,14,82,69,2317,6.9,231.76,0.082,True,0.1499,,,,,,,,,,,,,,,,
2026-02-05,a3c772d3fde52dbae832bi,2026-02-05 06:30:00.000,87,True,15,84,70,2311,7.08,231.17,0.085,True,0.151,,,,,,,,,,,,,,,,
2026-02-05,a3c772d3fde52dbae832bi,2026-02-05 06:40:00.000,88,True,15,99,83,2314,8.34,231.41,0.099,True,0.1524,,,,,,,,,,,,,,,,
2026-02-05,a3c772d3fde52dbae832bi,2026-02-05 06:50:00.000,89,True,15,122,102,2311,10.27,231.16,0.123,True,0.1541,,,,,,,,,,,,,,,,
2026-02-05,a3c772d3fde52dbae832bi,2026-02-05 07:00:00.000,90,True,15,81,68,2304,6.81,230.43,0.082,True,0.1553,,,,,,,,,,,,,,,,
2026-02-05,a3c772d3fde52dbae832bi,2026-02-05 07:10:00.000,91,True,15,143,120,2311,12.01,231.16,0.143,True,0.1573,,,,,,,,,,,,,,,,
2026-02-05,a3c772d3fde52dbae832bi,2026-02-05 07:20:00.000,92,True,15,122,102,2304,10.21,230.42,0.122,True,0.159,,,,,,,,,,,,,,,,
2026-02-05,a3c772d3fde52dbae832bi,2026-02-05 07:30:00.000,93,True,16,138,99,1980,9.95,198.06,0.139,True,0.1606,,,,,,,,,,,,,,,,
2026-02-05,a3c772d3fde52dbae832bi,2026-02-05 07:40:00.000,94,True,16,138,116,2310,11.6,231.09,0.139,True,0.1626,,,,,,,,,,,,,,,,
2026-02-05,a3c772d3fde52dbae832bi,2026-02-05 07:50:00.000,95,True,16,138,115,2312,11.58,231.27,0.138,True,0.1645,,,,,,,,,,,,,,,,
2026-02-05,a3c772d3fde52dbae832bi,2026-02-05 08:00:00.000,96,True,16,138,115,2312,11.58,231.27,0.138,True,0.1664,,,,,,,,,,,,,,,,
2026-02-05,a3c772d3fde52dbae832bi,2026-02-05 08:10:00.000,97,True,16,158,133,2314,13.31,231.47,0.159,True,0.1687,,,,,,,,,,,,,,,,
2026-02-05,a3c772d3fde52dbae832bi,2026-02-05 08:20:00.000,98,True,17,158,132,2316,13.29,231.64,0.158,True,0.1709,,,,,,,,,,,,,,,,
2026-02-05,a3c772d3fde52dbae832bi,2026-02-05 08:30:00.000,99,True,17,158,132,2316,13.29,231.64,0.158,True,0.1731,,,,,,,,,,,,,,,,
2026-02-05,a3c772d3fde52dbae832bi,2026-02-05 08:40:00.000,100,True,17,178,149,2320,14.98,232.02,0.178,True,0.1756,,,,,,,,,,,,,,,,
2026-02-05,a3c772d3fde52dbae832bi,2026-02-05 08:50:00.000,101,True,17,158,132,2319,13.29,231.96,0.158,True,0.1778,,,,,,,,,,,,,,,,
2026-02-05,a3c772d3fde52dbae832bi,2026-02-05 09:00:00.000,102,True,18,158,132,2319,13.28,231.96,0.158,True,0.18,,,,,,,,,,,,,,,,
2026-02-05,a3c772d3fde52dbae832bi,2026-02-05 09:10:00.000,103,True,18,137,115,2317,11.57,231.76,0.138,True,0.1819,,,,,,,,,,,,,,,,
2026-02-05,a3c772d3fde52dbae832bi,2026-02-05 09:20:00.000,104,True,18,158,132,2319,13.28,231.9,0.158,True,0.1842,,,,,,,,,,,,,,,,
2026-02-05,a3c772d3fde52dbae832bi,2026-02-05 09:30:00.000,105,True,18,157,132,2319,13.27,231.96,0.158,True,0.1864,,,,,,,,,,,,,,,,
2026-02-05,a3c772d3fde52dbae832bi,2026-02-05 09:40:00.000,106,True,18,117,98,2315,9.85,231.5,0.117,True,0.188,,,,,,,,,,,,,,,,
2026-02-05,a3c772d3fde52dbae832bi,2026-02-05 09:50:00.000,107,True,19,157,132,2315,13.25,231.53,0.158,True,0.1902,,,,,,,,,,,,,,,,
2026-02-05,a3c772d3fde52dbae832bi,2026-02-05 10:00:00.000,108,True,19,137,115,2314,11.57,231.46,0.138,True,0.1921,,,,,,,,,,,,,,,,
2026-02-05,a3c772d3fde52dbae832bi,2026-02-05 10:10:00.000,109,True,19,117,98,2315,9.85,231.52,0.117,True,0.1938,,,,,,,,,,,,,,,,
2026-02-05,a3c772d3fde52dbae832bi,2026-02-05 10:20:00.000,110,True,19,117,97,2308,9.78,230.8,0.117,True,0.1954,,,,,,,,,,,,,,,,
2026-02-05,a3c772d3fde52dbae832bi,2026-02-05 10:30:00.000,111,True,19,116,97,2308,9.76,230.8,0.117,True,0.197,,,,,,,,,,,,,,,,
2026-02-05,a3c772d3fde52dbae832bi,2026-02-05 10:40:00.000,112,True,19,96,80,2313,8.1,231.36,0.097,True,0.1984,,,,,,,,,,,,,,,,
2026-02-05,a3c772d3fde52dbae832bi,2026-02-05 10:50:00.000,113,True,20,136,114,2313,11.47,231.3,0.137,True,0.2003,,,,,,,,,,,,,,,,
2026-02-05,a3c772d3fde52dbae832bi,2026-02-05 11:00:00.000,114,True,20,116,98,2317,9.8,231.77,0.117,True,0.2019,,,,,,,,,,,,,,,,
2026-02-05,a3c772d3fde52dbae832bi,2026-02-05 11:10:00.000,115,True,20,97,81,2327,8.18,232.74,0.097,True,0.2033,,,,,,,,,,,,,,,,
2026-02-05,a3c772d3fde52dbae832bi,2026-02-05 11:20:00.000,116,True,20,97,81,2322,8.16,232.24,0.097,True,0.2047,,,,,,,,,,,,,,,,
2026-02-05,a3c772d3fde52dbae832bi,2026-02-05 11:30:00.000,117,True,20,117,98,2325,9.9,232.57,0.117,True,0.2063,,,,,,,,,,,,,,,,
2026-02-05,a3c772d3fde52dbae832bi,2026-02-05 11:40:00.000,118,True,20,97,81,2320,8.16,232.04,0.097,True,0.2077,,,,,,,,,,,,,,,,
2026-02-05,a3c772d3fde52dbae832bi,2026-02-05 11:50:00.000,119,True,20,158,133,2323,13.32,232.36,0.158,True,0.2099,,,,,,,,,,,,,,,,
2026-02-05,a3c772d3fde52dbae832bi,2026-02-05 12:00:00.000,120,True,21,158,133,2323,13.3,232.36,0.158,True,0.2121,,,,,,,,,,,,,,,,
2026-02-05,a3c772d3fde52dbae832bi,2026-02-05 12:10:00.000,121,True,21,117,98,2326,9.88,232.6,0.117,True,0.2138,,,,,,,,,,,,,,,,
2026-02-05,a3c772d3fde52dbae832bi,2026-02-05 12:20:00.000,122,True,21,137,115,2322,11.58,232.27,0.138,True,0.2157,,,,,,,,,,,,,,,,
2026-02-05,a3c772d3fde52dbae832bi,2026-02-05 12:30:00.000,123,True,21,137,115,2322,11.58,232.27,0.138,True,0.2176,,,,,,,,,,,,,,,,
2026-02-05,a3c772d3fde52dbae832bi,2026-02-05 12:40:00.000,124,True,21,137,115,2321,11.57,232.14,0.138,True,0.2195,,,,,,,,,,,,,,,,
2026-02-05,a3c772d3fde52dbae832bi,2026-02-05 12:50:00.000,125,True,22,117,98,2320,9.86,232.08,0.117,True,0.2212,,,,,,,,,,,,,,,,
2026-02-05,a3c772d3fde52dbae832bi,2026-02-05 13:00:00.000,126,True,22,137,114,2308,11.48,230.89,0.137,True,0.2231,,,,,,,,,,,,,,,,
2026-02-05,a3c772d3fde52dbae832bi,2026-02-05 13:10:00.000,127,True,22,116,97,2305,9.75,230.51,0.117,True,0.2247,,,,,,,,,,,,,,,,
2026-02-05,a3c772d3fde52dbae832bi,2026-02-05 13:20:00.000,128,True,22,116,97,2303,9.75,230.39,0.117,True,0.2264,,,,,,,,,,,,,,,,
2026-02-05,a3c772d3fde52dbae832bi,2026-02-05 13:30:00.000,129,True,22,116,97,2303,9.75,230.39,0.117,True,0.228,,,,,,,,,,,,,,,,
2026-02-05,a3c772d3fde52dbae832bi,2026-02-05 13:40:00.000,130,True,22,56,46,2294,4.7,229.4,0.057,True,0.2288,,,,,,,,,,,,,,,,
2026-02-05,a3c772d3fde52dbae832bi,2026-02-05 13:50:00.000,131,True,22,56,46,2294,4.7,229.4,0.057,True,0.2295,,,,,,,,,,,,,,,,
2026-02-05,a3c772d3fde52dbae832bi,2026-02-05 14:00:00.000,132,True,23,76,63,2297,6.36,229.75,0.076,True,0.2306,,,,,,,,,,,,,,,,
2026-02-05,a3c772d3fde52dbae832bi,2026-02-05 14:10:00.000,133,True,23,76,63,2290,6.34,229.04,0.076,True,0.2317,,,,,,,,,,,,,,,,
2026-02-05,a3c772d3fde52dbae832bi,2026-02-05 14:20:00.000,134,True,23,56,46,2292,4.68,229.2,0.056,True,0.2324,,,,,,,,,,,,,,,,
2026-02-05,a3c772d3fde52dbae832bi,2026-02-05 14:30:00.000,135,True,23,56,46,2292,4.68,229.2,0.056,True,0.2332,,,,,,,,,,,,,,,,
2026-02-05,a3c772d3fde52dbae832bi,2026-02-05 14:40:00.000,136,True,23,76,63,2291,6.34,229.17,0.076,True,0.2343,,,,,,,,,,,,,,,,
2026-02-05,a3c772d3fde52dbae832bi,2026-02-05 14:50:00.000,137,True,23,76,63,2291,6.34,229.17,0.076,True,0.2353,,,,,,,,,,,,,,,,
2026-02-05,a3c772d3fde52dbae832bi,2026-02-05 15:00:00.000,138,True,23,56,46,2296,4.68,229.67,0.056,True,0.2361,,,,,,,,,,,,,,,,
2026-02-05,a3c772d3fde52dbae832bi,2026-02-05 15:10:00.000,139,True,23,56,46,2296,4.68,229.67,0.056,True,0.2369,,,,,,,,,,,,,,,,
2026-02-05,a3c772d3fde52dbae832bi,2026-02-05 15:20:00.000,140,True,23,56,46,2298,4.68,229.8,0.056,True,0.2377,,,,,,,,,,,,,,,,
2026-02-05,a3c772d3fde52dbae832bi,2026-02-05 15:30:00.000,141,True,23,56,46,2302,4.68,230.22,0.056,True,0.2385,,,,,,,,,,,,,,,,
2026-02-05,a3c772d3fde52dbae832bi,2026-02-05 15:40:00.000,142,True,23,55,46,2287,4.64,228.78,0.056,True,0.2392,,,,,,,,,,,,,,,,
2026-02-05,a3c772d3fde52dbae832bi,2026-02-05 15:50:00.000,143,True,24,55,46,2287,4.64,228.78,0.056,True,0.24,,,,,,,,,,,,,,,,
2026-02-06,a3c772d3fde52dbae832bi,2026-02-05 16:00:00.000,0,True,0,95,122,2290,12.26,229.09,0.096,True,0.002,,,,,,,,,,,,,,,,
2026-02-06,a3c772d3fde52dbae832bi,2026-02-05 16:10:00.000,1,True,0,111,142,2287,14.28,228.74,0.112,True,0.0044,,,,,,,,,,,,,,,,
2026-02-06,a3c772d3fde52dbae832bi,2026-02-05 16:20:00.000,2,True,0,111,143,2295,14.31,229.51,0.112,True,0.0068,,,,,,,,,,,,,,,,
2026-02-06,a3c772d3fde52dbae832bi,2026-02-05 16:30:00.000,3,True,0,51,65,2295,6.6,229.51,0.052,True,0.0079,,,,,,,,,,,,,,,,
2026-02-06,a3c772d3fde52dbae832bi,2026-02-05 16:40:00.000,4,True,0,52,67,2310,6.79,231.03,0.053,True,0.009,,,,,,,,,,,,,,,,
2026-02-06,a3c772d3fde52dbae832bi,2026-02-05 16:50:00.000,5,True,0,32,42,2308,4.22,230.84,0.033,True,0.0097,,,,,,,,,,,,,,,,
2026-02-06,a3c772d3fde52dbae832bi,2026-02-05 17:00:00.000,6,True,1,32,42,2308,4.22,230.82,0.033,True,0.0104,,,,,,,,,,,,,,,,
2026-02-06,a3c772d3fde52dbae832bi,2026-02-05 17:10:00.000,7,True,1,32,42,2300,4.22,230.06,0.033,True,0.0112,,,,,,,,,,,,,,,,
2026-02-06,a3c772d3fde52dbae832bi,2026-02-05 17:20:00.000,8,True,1,32,42,2301,4.22,230.17,0.033,True,0.0119,,,,,,,,,,,,,,,,
2026-02-06,a3c772d3fde52dbae832bi,2026-02-05 17:30:00.000,9,True,1,32,42,2302,4.22,230.28,0.033,True,0.0126,,,,,,,,,,,,,,,,
2026-02-06,a3c772d3fde52dbae832bi,2026-02-05 17:40:00.000,10,True,1,32,42,2301,4.22,230.19,0.033,True,0.0133,,,,,,,,,,,,,,,,
2026-02-06,a3c772d3fde52dbae832bi,2026-02-05 17:50:00.000,11,True,1,32,41,2300,4.15,230.02,0.032,True,0.014,,,,,,,,,,,,,,,,
2026-02-06,a3c772d3fde52dbae832bi,2026-02-05 18:00:00.000,12,True,1,32,41,2296,4.15,229.62,0.032,True,0.0146,,,,,,,,,,,,,,,,
2026-02-06,a3c772d3fde52dbae832bi,2026-02-05 18:10:00.000,13,True,1,32,41,2295,4.15,229.57,0.032,True,0.0153,,,,,,,,,,,,,,,,
2026-02-06,a3c772d3fde52dbae832bi,2026-02-05 18:20:00.000,14,True,1,32,41,2303,4.15,230.37,0.032,True,0.016,,,,,,,,,,,,,,,,
2026-02-06,a3c772d3fde52dbae832bi,2026-02-05 18:30:00.000,15,True,1,31,40,2299,4.07,229.93,0.032,True,0.0167,,,,,,,,,,,,,,,,
2026-02-06,a3c772d3fde52dbae832bi,2026-02-05 18:40:00.000,16,True,1,31,40,2303,4.07,230.39,0.032,True,0.0174,,,,,,,,,,,,,,,,
2026-02-06,a3c772d3fde52dbae832bi,2026-02-05 18:50:00.000,17,True,1,31,40,2303,4.07,230.3,0.032,True,0.0181,,,,,,,,,,,,,,,,
2026-02-06,a3c772d3fde52dbae832bi,2026-02-05 19:00:00.000,18,True,1,31,40,2301,4.07,230.17,0.032,True,0.0187,,,,,,,,,,,,,,,,
2026-02-06,a3c772d3fde52dbae832bi,2026-02-05 19:10:00.000,19,True,1,31,40,2301,4.07,230.17,0.032,True,0.0194,,,,,,,,,,,,,,,,
2026-02-06,a3c772d3fde52dbae832bi,2026-02-05 19:20:00.000,20,True,2,31,40,2303,4.07,230.35,0.032,True,0.0201,,,,,,,,,,,,,,,,
2026-02-06,a3c772d3fde52dbae832bi,2026-02-05 19:30:00.000,21,True,2,31,40,2302,4.07,230.27,0.032,True,0.0208,,,,,,,,,,,,,,,,
2026-02-06,a3c772d3fde52dbae832bi,2026-02-05 19:40:00.000,22,True,2,31,40,2309,4.09,230.96,0.032,True,0.0215,,,,,,,,,,,,,,,,
2026-02-06,a3c772d3fde52dbae832bi,2026-02-05 19:50:00.000,23,True,2,32,41,2302,4.12,230.25,0.032,True,0.0221,,,,,,,,,,,,,,,,
2026-02-06,a3c772d3fde52dbae832bi,2026-02-05 20:00:00.000,24,True,2,32,41,2301,4.12,230.12,0.032,True,0.0228,,,,,,,,,,,,,,,,
2026-02-06,a3c772d3fde52dbae832bi,2026-02-05 20:10:00.000,25,True,2,31,41,2305,4.12,230.57,0.032,True,0.0235,,,,,,,,,,,,,,,,
2026-02-06,a3c772d3fde52dbae832bi,2026-02-05 20:20:00.000,26,True,2,32,41,2300,4.12,230.06,0.032,True,0.0242,,,,,,,,,,,,,,,,
2026-02-06,a3c772d3fde52dbae832bi,2026-02-05 20:30:00.000,27,True,2,32,41,2304,4.12,230.4,0.032,True,0.0249,,,,,,,,,,,,,,,,
2026-02-06,a3c772d3fde52dbae832bi,2026-02-05 20:40:00.000,28,True,2,32,41,2316,4.18,231.62,0.032,True,0.0256,,,,,,,,,,,,,,,,
2026-02-06,a3c772d3fde52dbae832bi,2026-02-05 20:50:00.000,29,True,2,0,186,2319,18.67,231.99,0.0,True,0.0287,,,,,,,,,,,,,,,,
2026-02-06,a3c772d3fde52dbae832bi,2026-02-05 21:00:00.000,30,True,3,0,186,2311,18.67,231.14,0.0,True,0.0318,,,,,,,,,,,,,,,,
2026-02-06,a3c772d3fde52dbae832bi,2026-02-05 21:10:00.000,31,True,3,0,186,2318,18.67,231.83,0.0,True,0.0349,,,,,,,,,,,,,,,,
2026-02-06,a3c772d3fde52dbae832bi,2026-02-05 21:20:00.000,32,True,3,0,186,2314,18.67,231.41,0.0,True,0.038,,,,,,,,,,,,,,,,
2026-02-06,a3c772d3fde52dbae832bi,2026-02-05 21:30:00.000,33,True,4,0,186,2308,18.67,230.84,0.0,True,0.0411,,,,,,,,,,,,,,,,
2026-02-06,a3c772d3fde52dbae832bi,2026-02-05 21:40:00.000,34,True,4,0,186,2314,18.67,231.42,0.0,True,0.0443,,,,,,,,,,,,,,,,
2026-02-06,a3c772d3fde52dbae832bi,2026-02-05 21:50:00.000,35,True,4,0,186,2315,18.67,231.52,0.0,True,0.0474,,,,,,,,,,,,,,,,
2026-02-06,a3c772d3fde52dbae832bi,2026-02-05 22:00:00.000,36,True,5,0,186,2309,18.67,230.92,0.0,True,0.0505,,,,,,,,,,,,,,,,
2026-02-06,a3c772d3fde52dbae832bi,2026-02-05 22:10:00.000,37,True,5,0,186,2309,18.67,230.95,0.0,True,0.0536,,,,,,,,,,,,,,,,
2026-02-06,a3c772d3fde52dbae832bi,2026-02-05 22:20:00.000,38,True,5,0,186,2312,18.67,231.26,0.0,True,0.0567,,,,,,,,,,,,,,,,
2026-02-06,a3c772d3fde52dbae832bi,2026-02-05 22:30:00.000,39,True,5,0,186,2312,18.67,231.26,0.0,True,0.0598,,,,,,,,,,,,,,,,
2026-02-06,a3c772d3fde52dbae832bi,2026-02-05 22:40:00.000,40,True,6,0,186,2315,18.67,231.56,0.0,True,0.0629,,,,,,,,,,,,,,,,
2026-02-06,a3c772d3fde52dbae832bi,2026-02-05 22:50:00.000,41,True,6,0,186,2309,18.67,230.91,0.0,True,0.066,,,,,,,,,,,,,,,,
2026-02-06,a3c772d3fde52dbae832bi,2026-02-05 23:00:00.000,42,True,6,0,186,2313,18.67,231.38,0.0,True,0.0691,,,,,,,,,,,,,,,,
2026-02-06,a3c772d3fde52dbae832bi,2026-02-05 23:10:00.000,43,True,7,0,186,2310,18.67,231.0,0.0,True,0.0723,,,,,,,,,,,,,,,,
2026-02-06,a3c772d3fde52dbae832bi,2026-02-05 23:20:00.000,44,True,7,0,186,2315,18.67,231.54,0.0,True,0.0754,,,,,,,,,,,,,,,,
2026-02-06,a3c772d3fde52dbae832bi,2026-02-05 23:30:00.000,45,True,7,0,186,2305,18.67,230.53,0.0,True,0.0785,,,,,,,,,,,,,,,,
2026-02-06,a3c772d3fde52dbae832bi,2026-02-05 23:40:00.000,46,True,8,0,186,2309,18.67,230.98,0.0,True,0.0816,,,,,,,,,,,,,,,,
2026-02-06,a3c772d3fde52dbae832bi,2026-02-05 23:50:00.000,47,True,8,0,186,2306,18.67,230.69,0.0,True,0.0847,,,,,,,,,,,,,,,,
2026-02-06,a3c772d3fde52dbae832bi,2026-02-06 00:00:00.000,48,True,8,0,186,2301,18.67,230.17,0.0,True,0.0878,,,,,,,,,,,,,,,,
2026-02-06,a3c772d3fde52dbae832bi,2026-02-06 00:10:00.000,49,True,9,0,186,2323,18.67,232.31,0.0,True,0.0909,,,,,,,,,,,,,,,,
2026-02-06,a3c772d3fde52dbae832bi,2026-02-06 00:20:00.000,50,True,9,0,186,2317,18.67,231.75,0.0,True,0.094,,,,,,,,,,,,,,,,
2026-02-06,a3c772d3fde52dbae832bi,2026-02-06 00:30:00.000,51,True,9,0,186,2321,18.67,232.13,0.0,True,0.0971,,,,,,,,,,,,,,,,
2026-02-06,a3c772d3fde52dbae832bi,2026-02-06 00:40:00.000,52,True,10,0,186,2328,18.67,232.87,0.0,True,0.1003,,,,,,,,,,,,,,,,
2026-02-06,a3c772d3fde52dbae832bi,2026-02-06 00:50:00.000,53,False,10,0,0,2317,0.0,231.72,0.0,False,0.1003,,,,,,,,,,,,,,,,
2026-02-06,a3c772d3fde52dbae832bi,2026-02-06 01:00:00.000,54,True,10,0,186,2321,18.67,232.18,0.0,True,0.1034,,,,,,,,,,,,,,,,
2026-02-06,a3c772d3fde52dbae832bi,2026-02-06 01:10:00.000,55,True,10,0,186,2310,18.67,231.09,0.0,True,0.1065,,,,,,,,,,,,,,,,
2026-02-06,a3c772d3fde52dbae832bi,2026-02-06 01:20:00.000,56,True,10,0,186,2334,18.67,233.4,0.0,True,0.1096,,,,,,,,,,,,,,,,
2026-02-06,a3c772d3fde52dbae832bi,2026-02-06 01:30:00.000,57,True,11,0,186,2334,18.67,233.4,0.0,True,0.1127,,,,,,,,,,,,,,,,
2026-02-06,a3c772d3fde52dbae832bi,2026-02-06 01:40:00.000,58,True,11,0,186,2328,18.67,232.81,0.0,True,0.1158,,,,,,,,,,,,,,,,
2026-02-06,a3c772d3fde52dbae832bi,2026-02-06 01:50:00.000,59,True,11,0,186,2313,18.67,231.31,0.0,True,0.1189,,,,,,,,,,,,,,,,
2026-02-06,a3c772d3fde52dbae832bi,2026-02-06 02:00:00.000,60,True,12,0,186,2303,18.67,230.3,0.0,True,0.122,,,,,,,,,,,,,,,,
2026-02-06,a3c772d3fde52dbae832bi,2026-02-06 02:10:00.000,61,True,12,0,186,2297,18.67,229.76,0.0,True,0.1251,,,,,,,,,,,,,,,,
2026-02-06,a3c772d3fde52dbae832bi,2026-02-06 02:20:00.000,62,True,12,0,186,2299,18.67,229.97,0.0,True,0.1283,,,,,,,,,,,,,,,,
2026-02-06,a3c772d3fde52dbae832bi,2026-02-06 02:30:00.000,63,True,13,0,186,2300,18.67,230.07,0.0,True,0.1314,,,,,,,,,,,,,,,,
2026-02-06,a3c772d3fde52dbae832bi,2026-02-06 02:40:00.000,64,True,13,0,186,2300,18.67,230.01,0.0,True,0.1345,,,,,,,,,,,,,,,,
2026-02-06,a3c772d3fde52dbae832bi,2026-02-06 02:50:00.000,65,True,13,0,186,2298,18.67,229.81,0.0,True,0.1376,,,,,,,,,,,,,,,,
2026-02-06,a3c772d3fde52dbae832bi,2026-02-06 03:00:00.000,66,True,14,0,186,2302,18.67,230.23,0.0,True,0.1407,,,,,,,,,,,,,,,,
2026-02-06,a3c772d3fde52dbae832bi,2026-02-06 03:10:00.000,67,True,14,0,186,2298,18.67,229.81,0.0,True,0.1438,,,,,,,,,,,,,,,,
2026-02-06,a3c772d3fde52dbae832bi,2026-02-06 03:20:00.000,68,True,14,0,186,2301,18.67,230.12,0.0,True,0.1469,,,,,,,,,,,,,,,,
2026-02-06,a3c772d3fde52dbae832bi,2026-02-06 03:30:00.000,69,True,15,0,186,2310,18.67,231.09,0.0,True,0.15,,,,,,,,,,,,,,,,
2026-02-06,a3c772d3fde52dbae832bi,2026-02-06 03:40:00.000,70,True,15,0,186,2312,18.67,231.29,0.0,True,0.1531,,,,,,,,,,,,,,,,
2026-02-06,a3c772d3fde52dbae832bi,2026-02-06 03:50:00.000,71,True,15,0,186,2323,18.67,232.3,0.0,True,0.1563,,,,,,,,,,,,,,,,
2026-02-06,a3c772d3fde52dbae832bi,2026-02-06 04:00:00.000,72,True,15,0,186,2304,18.67,230.46,0.0,True,0.1594,,,,,,,,,,,,,,,,
2026-02-06,a3c772d3fde52dbae832bi,2026-02-06 04:10:00.000,73,True,16,0,186,2305,18.67,230.57,0.0,True,0.1625,,,,,,,,,,,,,,,,
2026-02-06,a3c772d3fde52dbae832bi,2026-02-06 04:20:00.000,74,True,16,0,186,2322,18.67,232.22,0.0,True,0.1656,,,,,,,,,,,,,,,,
2026-02-06,a3c772d3fde52dbae832bi,2026-02-06 04:30:00.000,75,True,16,0,186,2297,18.67,229.72,0.0,True,0.1687,,,,,,,,,,,,,,,,
2026-02-06,a3c772d3fde52dbae832bi,2026-02-06 04:40:00.000,76,True,17,0,186,2305,18.67,230.56,0.0,True,0.1718,,,,,,,,,,,,,,,,
2026-02-06,a3c772d3fde52dbae832bi,2026-02-06 04:50:00.000,77,True,17,0,186,2305,18.67,230.52,0.0,True,0.1749,,,,,,,,,,,,,,,,
2026-02-06,a3c772d3fde52dbae832bi,2026-02-06 05:00:00.000,78,True,17,41,53,2309,5.38,230.9,0.042,True,0.1758,,,,,,,,,,,,,,,,
2026-02-06,a3c772d3fde52dbae832bi,2026-02-06 05:10:00.000,79,False,17,0,0,2321,0.0,232.15,0.0,False,0.1758,,,,,,,,,,,,,,,,
2026-02-06,a3c772d3fde52dbae832bi,2026-02-06 05:20:00.000,80,True,17,20,26,2317,2.69,231.78,0.021,True,0.1763,,,,,,,,,,,,,,,,
2026-02-06,a3c772d3fde52dbae832bi,2026-02-06 05:30:00.000,81,False,17,0,0,2330,0.0,233.07,0.0,False,0.1763,,,,,,,,,,,,,,,,
2026-02-06,a3c772d3fde52dbae832bi,2026-02-06 05:40:00.000,82,True,17,20,26,2309,2.69,230.9,0.021,True,0.1767,,,,,,,,,,,,,,,,
2026-02-06,a3c772d3fde52dbae832bi,2026-02-06 05:50:00.000,83,True,17,20,26,2309,2.69,230.9,0.021,True,0.1772,,,,,,,,,,,,,,,,
2026-02-06,a3c772d3fde52dbae832bi,2026-02-06 06:00:00.000,84,True,17,60,78,2317,7.86,231.75,0.061,True,0.1785,,,,,,,,,,,,,,,,
2026-02-06,a3c772d3fde52dbae832bi,2026-02-06 06:10:00.000,85,True,17,40,52,2324,5.25,232.48,0.04,True,0.1793,,,,,,,,,,,,,,,,
2026-02-06,a3c772d3fde52dbae832bi,2026-02-06 06:20:00.000,86,True,18,82,106,2317,10.64,231.76,0.082,True,0.1811,,,,,,,,,,,,,,,,
2026-02-06,a3c772d3fde52dbae832bi,2026-02-06 06:30:00.000,87,True,18,84,109,2311,10.92,231.17,0.085,True,0.1829,,,,,,,,,,,,,,,,
2026-02-06,a3c772d3fde52dbae832bi,2026-02-06 06:40:00.000,88,True,18,99,128,2314,12.85,231.41,0.099,True,0.1851,,,,,,,,,,,,,,,,
2026-02-06,a3c772d3fde52dbae832bi,2026-02-06 06:50:00.000,89,True,18,122,158,2311,15.82,231.16,0.123,True,0.1877,,,,,,,,,,,,,,,,
2026-02-06,a3c772d3fde52dbae832bi,2026-02-06 07:00:00.000,90,True,18,81,104,2304,10.49,230.43,0.082,True,0.1895,,,,,,,,,,,,,,,,
2026-02-06,a3c772d3fde52dbae832bi,2026-02-06 07:10:00.000,91,True,19,143,185,2311,18.51,231.16,0.143,True,0.1926,,,,,,,,,,,,,,,,
2026-02-06,a3c772d3fde52dbae832bi,2026-02-06 07:20:00.000,92,True,19,122,157,2304,15.73,230.42,0.122,True,0.1952,,,,,,,,,,,,,,,,
2026-02-06,a3c772d3fde52dbae832bi,2026-02-06 07:30:00.000,93,True,19,138,153,1980,15.33,198.06,0.139,True,0.1977,,,,,,,,,,,,,,,,
2026-02-06,a3c772d3fde52dbae832bi,2026-02-06 07:40:00.000,94,True,20,138,178,2310,17.88,231.09,0.139,True,0.2007,,,,,,,,,,,,,,,,
2026-02-06,a3c772d3fde52dbae832bi,2026-02-06 07:50:00.000,95,True,20,138,178,2312,17.85,231.27,0.138,True,0.2037,,,,,,,,,,,,,,,,
2026-02-06,a3c772d3fde52dbae832bi,2026-02-06 08:00:00.000,96,True,20,138,178,2312,17.85,231.27,0.138,True,0.2067,,,,,,,,,,,,,,,,
2026-02-06,a3c772d3fde52dbae832bi,2026-02-06 08:10:00.000,97,True,21,158,205,2314,20.51,231.47,0.159,True,0.2101,,,,,,,,,,,,,,,,
2026-02-06,a3c772d3fde52dbae832bi,2026-02-06 08:20:00.000,98,True,21,158,204,2316,20.48,231.64,0.158,True,0.2135,,,,,,,,,,,,,,,,
2026-02-06,a3c772d3fde52dbae832bi,2026-02-06 08:30:00.000,99,True,21,158,204,2316,20.48,231.64,0.158,True,0.2169,,,,,,,,,,,,,,,,
2026-02-06,a3c772d3fde52dbae832bi,2026-02-06 08:40:00.000,100,True,22,178,230,2320,23.08,232.02,0.178,True,0.2208,,,,,,,,,,,,,,,,
2026-02-06,a3c772d3fde52dbae832bi,2026-02-06 08:50:00.000,101,True,22,158,204,2319,20.48,231.96,0.158,True,0.2242,,,,,,,,,,,,,,,,
2026-02-06,a3c772d3fde52dbae832bi,2026-02-06 09:00:00.000,102,True,22,158,204,2319,20.46,231.96,0.158,True,0.2276,,,,,,,,,,,,,,,,
2026-02-06,a3c772d3fde52dbae832bi,2026-02-06 09:10:00.000,103,True,23,137,178,2317,17.82,231.76,0.138,True,0.2305,,,,,,,,,,,,,,,,
2026-02-06,a3c772d3fde52dbae832bi,2026-02-06 09:20:00.000,104,True,23,158,204,2319,20.46,231.9,0.158,True,0.234,,,,,,,,,,,,,,,,
2026-02-06,a3c772d3fde52dbae832bi,2026-02-06 09:30:00.000,105,True,23,157,204,2319,20.45,231.96,0.158,True,0.2374,,,,,,,,,,,,,,,,
2026-02-06,a3c772d3fde52dbae832bi,2026-02-06 09:40:00.000,106,True,23,117,151,2315,15.17,231.5,0.117,True,0.2399,,,,,,,,,,,,,,,,
2026-02-06,a3c772d3fde52dbae832bi,2026-02-06 09:50:00.000,107,True,24,157,204,2315,20.42,231.53,0.158,True,0.2433,,,,,,,,,,,,,,,,
2026-02-06,a3c772d3fde52dbae832bi,2026-02-06 10:00:00.000,108,True,24,137,178,2314,17.82,231.46,0.138,True,0.2463,,,,,,,,,,,,,,,,
2026-02-06,a3c772d3fde52dbae832bi,2026-02-06 10:10:00.000,109,True,24,117,151,2315,15.17,231.52,0.117,True,0.2488,,,,,,,,,,,,,,,,
2026-02-06,a3c772d3fde52dbae832bi,2026-02-06 10:20:00.000,110,True,25,117,150,2308,15.08,230.8,0.117,True,0.2513,,,,,,,,,,,,,,,,
2026-02-06,a3c772d3fde52dbae832bi,2026-02-06 10:30:00.000,111,True,25,116,150,2308,15.04,230.8,0.117,True,0.2538,,,,,,,,,,,,,,,,
2026-02-06,a3c772d3fde52dbae832bi,2026-02-06 10:40:00.000,112,True,25,96,124,2313,12.47,231.36,0.097,True,0.2559,,,,,,,,,,,,,,,,
2026-02-06,a3c772d3fde52dbae832bi,2026-02-06 10:50:00.000,113,True,25,136,176,2313,17.67,231.3,0.137,True,0.2588,,,,,,,,,,,,,,,,
2026-02-06,a3c772d3fde52dbae832bi,2026-02-06 11:00:00.000,114,True,26,116,151,2317,15.1,231.77,0.117,True,0.2614,,,,,,,,,,,,,,,,
2026-02-06,a3c772d3fde52dbae832bi,2026-02-06 11:10:00.000,115,True,26,97,126,2327,12.61,232.74,0.097,True,0.2635,,,,,,,,,,,,,,,,
2026-02-06,a3c772d3fde52dbae832bi,2026-02-06 11:20:00.000,116,True,26,97,125,2322,12.58,232.24,0.097,True,0.2656,,,,,,,,,,,,,,,,
2026-02-06,a3c772d3fde52dbae832bi,2026-02-06 11:30:00.000,117,True,26,117,152,2325,15.24,232.57,0.117,True,0.2681,,,,,,,,,,,,,,,,
2026-02-06,a3c772d3fde52dbae832bi,2026-02-06 11:40:00.000,118,True,27,97,125,2320,12.57,232.04,0.097,True,0.2702,,,,,,,,,,,,,,,,
2026-02-06,a3c772d3fde52dbae832bi,2026-02-06 11:50:00.000,119,True,27,158,205,2323,20.52,232.36,0.158,True,0.2736,,,,,,,,,,,,,,,,
2026-02-06,a3c772d3fde52dbae832bi,2026-02-06 12:00:00.000,120,True,27,158,204,2323,20.5,232.36,0.158,True,0.277,,,,,,,,,,,,,,,,
2026-02-06,a3c772d3fde52dbae832bi,2026-02-06 12:10:00.000,121,True,27,117,152,2326,15.22,232.6,0.117,True,0.2796,,,,,,,,,,,,,,,,
2026-02-06,a3c772d3fde52dbae832bi,2026-02-06 12:20:00.000,122,True,28,137,178,2322,17.84,232.27,0.138,True,0.2825,,,,,,,,,,,,,,,,
2026-02-06,a3c772d3fde52dbae832bi,2026-02-06 12:30:00.000,123,True,28,137,178,2322,17.84,232.27,0.138,True,0.2855,,,,,,,,,,,,,,,,
2026-02-06,a3c772d3fde52dbae832bi,2026-02-06 12:40:00.000,124,True,28,137,178,2321,17.83,232.14,0.138,True,0.2885,,,,,,,,,,,,,,,,
2026-02-06,a3c772d3fde52dbae832bi,2026-02-06 12:50:00.000,125,True,29,117,151,2320,15.19,232.08,0.117,True,0.291,,,,,,,,,,,,,,,,
2026-02-06,a3c772d3fde52dbae832bi,2026-02-06 13:00:00.000,126,True,29,137,176,2308,17.7,230.89,0.137,True,0.294,,,,,,,,,,,,,,,,
2026-02-06,a3c772d3fde52dbae832bi,2026-02-06 13:10:00.000,127,True,29,116,150,2305,15.01,230.51,0.117,True,0.2965,,,,,,,,,,,,,,,,
2026-02-06,a3c772d3fde52dbae832bi,2026-02-06 13:20:00.000,128,True,29,116,150,2303,15.03,230.39,0.117,True,0.299,,,,,,,,,,,,,,,,
2026-02-06,a3c772d3fde52dbae832bi,2026-02-06 13:30:00.000,129,True,30,116,150,2303,15.03,230.39,0.117,True,0.3015,,,,,,,,,,,,,,,,
2026-02-06,a3c772d3fde52dbae832bi,2026-02-06 13:40:00.000,130,True,30,56,72,2294,7.24,229.4,0.057,True,0.3027,,,,,,,,,,,,,,,,
2026-02-06,a3c772d3fde52dbae832bi,2026-02-06 13:50:00.000,131,True,30,56,72,2294,7.24,229.4,0.057,True,0.3039,,,,,,,,,,,,,,,,
2026-02-06,a3c772d3fde52dbae832bi,2026-02-06 14:00:00.000,132,True,30,76,98,2297,9.81,229.75,0.076,True,0.3055,,,,,,,,,,,,,,,,
2026-02-06,a3c772d3fde52dbae832bi,2026-02-06 14:10:00.000,133,True,30,76,97,2290,9.77,229.04,0.076,True,0.3072,,,,,,,,,,,,,,,,
2026-02-06,a3c772d3fde52dbae832bi,2026-02-06 14:20:00.000,134,True,30,56,72,2292,7.22,229.2,0.056,True,0.3084,,,,,,,,,,,,,,,,
2026-02-06,a3c772d3fde52dbae832bi,2026-02-06 14:30:00.000,135,True,30,56,72,2292,7.22,229.2,0.056,True,0.3096,,,,,,,,,,,,,,,,
2026-02-06,a3c772d3fde52dbae832bi,2026-02-06 14:40:00.000,136,True,31,76,97,2291,9.77,229.17,0.076,True,0.3112,,,,,,,,,,,,,,,,
2026-02-06,a3c772d3fde52dbae832bi,2026-02-06 14:50:00.000,137,True,31,76,97,2291,9.77,229.17,0.076,True,0.3128,,,,,,,,,,,,,,,,
2026-02-06,a3c772d3fde52dbae832bi,2026-02-06 15:00:00.000,138,True,31,56,72,2296,7.2,229.67,0.056,True,0.314,,,,,,,,,,,,,,,,
2026-02-06,a3c772d3fde52dbae832bi,2026-02-06 15:10:00.000,139,True,31,56,72,2296,7.2,229.67,0.056,True,0.3152,,,,,,,,,,,,,,,,
2026-02-06,a3c772d3fde52dbae832bi,2026-02-06 15:20:00.000,140,True,31,56,72,2298,7.21,229.8,0.056,True,0.3164,,,,,,,,,,,,,,,,
2026-02-06,a3c772d3fde52dbae832bi,2026-02-06 15:30:00.000,141,True,31,56,72,2302,7.21,230.22,0.056,True,0.3176,,,,,,,,,,,,,,,,
2026-02-06,a3c772d3fde52dbae832bi,2026-02-06 15:40:00.000,142,True,31,55,71,2287,7.15,228.78,0.056,True,0.3188,,,,,,,,,,,,,,,,
2026-02-06,a3c772d3fde52dbae832bi,2026-02-06 15:50:00.000,143,True,32,55,71,2287,7.15,228.78,0.056,True,0.32,,,,,,,,,,,,,,,,
2026-02-07,a3c772d3fde52dbae832bi,2026-02-06 16:00:00.000,0,True,0,95,319,2290,32.0,229.09,0.096,True,0.0053,,,,,,,,,,,,,,,,
2026-02-07,a3c772d3fde52dbae832bi,2026-02-06 16:10:00.000,1,True,1,111,372,2287,37.29,228.74,0.112,True,0.0115,,,,,,,,,,,,,,,,
2026-02-07,a3c772d3fde52dbae832bi,2026-02-06 16:20:00.000,2,True,1,111,373,2295,37.36,229.51,0.112,True,0.0178,,,,,,,,,,,,,,,,
2026-02-07,a3c772d3fde52dbae832bi,2026-02-06 16:30:00.000,3,True,2,51,172,2295,17.23,229.51,0.052,True,0.0206,,,,,,,,,,,,,,,,
2026-02-07,a3c772d3fde52dbae832bi,2026-02-06 16:40:00.000,4,True,2,52,177,2310,17.73,231.03,0.053,True,0.0236,,,,,,,,,,,,,,,,
2026-02-07,a3c772d3fde52dbae832bi,2026-02-06 16:50:00.000,5,True,2,32,110,2308,11.02,230.84,0.033,True,0.0254,,,,,,,,,,,,,,,,
2026-02-07,a3c772d3fde52dbae832bi,2026-02-06 17:00:00.000,6,True,2,32,110,2308,11.02,230.82,0.033,True,0.0273,,,,,,,,,,,,,,,,
2026-02-07,a3c772d3fde52dbae832bi,2026-02-06 17:10:00.000,7,True,2,32,110,2300,11.02,230.06,0.033,True,0.0291,,,,,,,,,,,,,,,,
2026-02-07,a3c772d3fde52dbae832bi,2026-02-06 17:20:00.000,8,True,3,32,110,2301,11.02,230.17,0.033,True,0.0309,,,,,,,,,,,,,,,,
2026-02-07,a3c772d3fde52dbae832bi,2026-02-06 17:30:00.000,9,True,3,32,110,2302,11.02,230.28,0.033,True,0.0328,,,,,,,,,,,,,,,,
2026-02-07,a3c772d3fde52dbae832bi,2026-02-06 17:40:00.000,10,True,3,32,110,2301,11.02,230.19,0.033,True,0.0346,,,,,,,,,,,,,,,,
2026-02-07,a3c772d3fde52dbae832bi,2026-02-06 17:50:00.000,11,True,3,32,108,2300,10.84,230.02,0.032,True,0.0364,,,,,,,,,,,,,,,,
2026-02-07,a3c772d3fde52dbae832bi,2026-02-06 18:00:00.000,12,True,3,32,108,2296,10.84,229.62,0.032,True,0.0382,,,,,,,,,,,,,,,,
2026-02-07,a3c772d3fde52dbae832bi,2026-02-06 18:10:00.000,13,True,4,32,108,2295,10.84,229.57,0.032,True,0.04,,,,,,,,,,,,,,,,
2026-02-07,a3c772d3fde52dbae832bi,2026-02-06 18:20:00.000,14,True,4,32,108,2303,10.84,230.37,0.032,True,0.0418,,,,,,,,,,,,,,,,
2026-02-07,a3c772d3fde52dbae832bi,2026-02-06 18:30:00.000,15,True,4,31,106,2299,10.62,229.93,0.032,True,0.0436,,,,,,,,,,,,,,,,
2026-02-07,a3c772d3fde52dbae832bi,2026-02-06 18:40:00.000,16,True,4,31,106,2303,10.62,230.39,0.032,True,0.0454,,,,,,,,,,,,,,,,
2026-02-07,a3c772d3fde52dbae832bi,2026-02-06 18:50:00.000,17,True,4,31,106,2303,10.62,230.3,0.032,True,0.0472,,,,,,,,,,,,,,,,
2026-02-07,a3c772d3fde52dbae832bi,2026-02-06 19:00:00.000,18,True,4,31,106,2301,10.62,230.17,0.032,True,0.0489,,,,,,,,,,,,,,,,
2026-02-07,a3c772d3fde52dbae832bi,2026-02-06 19:10:00.000,19,True,5,31,106,2301,10.62,230.17,0.032,True,0.0507,,,,,,,,,,,,,,,,
2026-02-07,a3c772d3fde52dbae832bi,2026-02-06 19:20:00.000,20,True,5,31,106,2303,10.62,230.35,0.032,True,0.0525,,,,,,,,,,,,,,,,
2026-02-07,a3c772d3fde52dbae832bi,2026-02-06 19:30:00.000,21,True,5,31,106,2302,10.62,230.27,0.032,True,0.0542,,,,,,,,,,,,,,,,
2026-02-07,a3c772d3fde52dbae832bi,2026-02-06 19:40:00.000,22,True,5,31,106,2309,10.68,230.96,0.032,True,0.056,,,,,,,,,,,,,,,,
2026-02-07,a3c772d3fde52dbae832bi,2026-02-06 19:50:00.000,23,True,5,32,107,2302,10.76,230.25,0.032,True,0.0578,,,,,,,,,,,,,,,,
2026-02-07,a3c772d3fde52dbae832bi,2026-02-06 20:00:00.000,24,True,5,32,107,2301,10.76,230.12,0.032,True,0.0596,,,,,,,,,,,,,,,,
2026-02-07,a3c772d3fde52dbae832bi,2026-02-06 20:10:00.000,25,True,6,31,107,2305,10.76,230.57,0.032,True,0.0614,,,,,,,,,,,,,,,,
2026-02-07,a3c772d3fde52dbae832bi,2026-02-06 20:20:00.000,26,True,6,32,107,2300,10.76,230.06,0.032,True,0.0632,,,,,,,,,,,,,,,,
2026-02-07,a3c772d3fde52dbae832bi,2026-02-06 20:30:00.000,27,True,6,32,107,2304,10.76,230.4,0.032,True,0.065,,,,,,,,,,,,,,,,
2026-02-07,a3c772d3fde52dbae832bi,2026-02-06 20:40:00.000,28,True,6,32,109,2316,10.92,231.62,0.032,True,0.0668,,,,,,,,,,,,,,,,
2026-02-07,a3c772d3fde52dbae832bi,2026-02-06 20:50:00.000,29,True,7,0,241,2319,24.19,231.99,0.0,True,0.0708,,,,,,,,,,,,,,,,
2026-02-07,a3c772d3fde52dbae832bi,2026-02-06 21:00:00.000,30,True,7,0,241,2311,24.19,231.14,0.0,True,0.0749,,,,,,,,,,,,,,,,
2026-02-07,a3c772d3fde52dbae832bi,2026-02-06 21:10:00.000,31,True,7,0,241,2318,24.19,231.83,0.0,True,0.0789,,,,,,,,,,,,,,,,
2026-02-07,a3c772d3fde52dbae832bi,2026-02-06 21:20:00.000,32,True,8,0,241,2314,24.19,231.41,0.0,True,0.0829,,,,,,,,,,,,,,,,
2026-02-07,a3c772d3fde52dbae832bi,2026-02-06 21:30:00.000,33,True,8,0,241,2308,24.19,230.84,0.0,True,0.087,,,,,,,,,,,,,,,,
2026-02-07,a3c772d3fde52dbae832bi,2026-02-06 21:40:00.000,34,True,9,0,241,2314,24.19,231.42,0.0,True,0.091,,,,,,,,,,,,,,,,
2026-02-07,a3c772d3fde52dbae832bi,2026-02-06 21:50:00.000,35,True,9,0,241,2315,24.19,231.52,0.0,True,0.095,,,,,,,,,,,,,,,,
2026-02-07,a3c772d3fde52dbae832bi,2026-02-06 22:00:00.000,36,True,9,0,241,2309,24.19,230.92,0.0,True,0.0991,,,,,,,,,,,,,,,,
2026-02-07,a3c772d3fde52dbae832bi,2026-02-06 22:10:00.000,37,True,10,0,241,2309,24.19,230.95,0.0,True,0.1031,,,,,,,,,,,,,,,,
2026-02-07,a3c772d3fde52dbae832bi,2026-02-06 22:20:00.000,38,True,10,0,241,2312,24.19,231.26,0.0,True,0.1071,,,,,,,,,,,,,,,,
2026-02-07,a3c772d3fde52dbae832bi,2026-02-06 22:30:00.000,39,True,11,0,241,2312,24.19,231.26,0.0,True,0.1112,,,,,,,,,,,,,,,,
2026-02-07,a3c772d3fde52dbae832bi,2026-02-06 22:40:00.000,40,True,11,0,241,2315,24.19,231.56,0.0,True,0.1152,,,,,,,,,,,,,,,,
2026-02-07,a3c772d3fde52dbae832bi,2026-02-06 22:50:00.000,41,True,11,0,241,2309,24.19,230.91,0.0,True,0.1192,,,,,,,,,,,,,,,,
2026-02-07,a3c772d3fde52dbae832bi,2026-02-06 23:00:00.000,42,True,12,0,241,2313,24.19,231.38,0.0,True,0.1233,,,,,,,,,,,,,,,,
2026-02-07,a3c772d3fde52dbae832bi,2026-02-06 23:10:00.000,43,True,12,0,241,2310,24.19,231.0,0.0,True,0.1273,,,,,,,,,,,,,,,,
2026-02-07,a3c772d3fde52dbae832bi,2026-02-06 23:20:00.000,44,True,13,0,241,2315,24.19,231.54,0.0,True,0.1313,,,,,,,,,,,,,,,,
2026-02-07,a3c772d3fde52dbae832bi,2026-02-06 23:30:00.000,45,True,13,0,241,2305,24.19,230.53,0.0,True,0.1354,,,,,,,,,,,,,,,,
2026-02-07,a3c772d3fde52dbae832bi,2026-02-06 23:40:00.000,46,True,13,0,241,2309,24.19,230.98,0.0,True,0.1394,,,,,,,,,,,,,,,,
2026-02-07,a3c772d3fde52dbae832bi,2026-02-06 23:50:00.000,47,True,14,0,241,2306,24.19,230.69,0.0,True,0.1434,,,,,,,,,,,,,,,,
2026-02-07,a3c772d3fde52dbae832bi,2026-02-07 00:00:00.000,48,True,14,0,241,2301,24.19,230.17,0.0,True,0.1475,,,,,,,,,,,,,,,,
2026-02-07,a3c772d3fde52dbae832bi,2026-02-07 00:10:00.000,49,True,15,0,241,2323,24.19,232.31,0.0,True,0.1515,,,,,,,,,,,,,,,,
2026-02-07,a3c772d3fde52dbae832bi,2026-02-07 00:20:00.000,50,True,15,0,241,2317,24.19,231.75,0.0,True,0.1555,,,,,,,,,,,,,,,,
2026-02-07,a3c772d3fde52dbae832bi,2026-02-07 00:30:00.000,51,True,15,0,241,2321,24.19,232.13,0.0,True,0.1595,,,,,,,,,,,,,,,,
2026-02-07,a3c772d3fde52dbae832bi,2026-02-07 00:40:00.000,52,True,16,0,241,2328,24.19,232.87,0.0,True,0.1636,,,,,,,,,,,,,,,,
2026-02-07,a3c772d3fde52dbae832bi,2026-02-07 00:50:00.000,53,False,16,0,0,2317,0.0,231.72,0.0,False,0.1636,,,,,,,,,,,,,,,,
2026-02-07,a3c772d3fde52dbae832bi,2026-02-07 01:00:00.000,54,True,16,0,241,2321,24.19,232.18,0.0,True,0.1676,,,,,,,,,,,,,,,,
2026-02-07,a3c772d3fde52dbae832bi,2026-02-07 01:10:00.000,55,True,17,0,241,2310,24.19,231.09,0.0,True,0.1716,,,,,,,,,,,,,,,,
2026-02-07,a3c772d3fde52dbae832bi,2026-02-07 01:20:00.000,56,True,17,0,241,2334,24.19,233.4,0.0,True,0.1757,,,,,,,,,,,,,,,,
2026-02-07,a3c772d3fde52dbae832bi,2026-02-07 01:30:00.000,57,True,17,0,241,2334,24.19,233.4,0.0,True,0.1797,,,,,,,,,,,,,,,,
2026-02-07,a3c772d3fde52dbae832bi,2026-02-07 01:40:00.000,58,True,18,0,241,2328,24.19,232.81,0.0,True,0.1837,,,,,,,,,,,,,,,,
2026-02-07,a3c772d3fde52dbae832bi,2026-02-07 01:50:00.000,59,True,18,0,241,2313,24.19,231.31,0.0,True,0.1878,,,,,,,,,,,,,,,,
2026-02-07,a3c772d3fde52dbae832bi,2026-02-07 02:00:00.000,60,True,19,0,241,2303,24.19,230.3,0.0,True,0.1918,,,,,,,,,,,,,,,,
2026-02-07,a3c772d3fde52dbae832bi,2026-02-07 02:10:00.000,61,True,19,0,241,2297,24.19,229.76,0.0,True,0.1958,,,,,,,,,,,,,,,,
2026-02-07,a3c772d3fde52dbae832bi,2026-02-07 02:20:00.000,62,True,19,0,241,2299,24.19,229.97,0.0,True,0.1999,,,,,,,,,,,,,,,,
2026-02-07,a3c772d3fde52dbae832bi,2026-02-07 02:30:00.000,63,True,20,0,241,2300,24.19,230.07,0.0,True,0.2039,,,,,,,,,,,,,,,,
2026-02-07,a3c772d3fde52dbae832bi,2026-02-07 02:40:00.000,64,True,20,0,241,2300,24.19,230.01,0.0,True,0.2079,,,,,,,,,,,,,,,,
2026-02-07,a3c772d3fde52dbae832bi,2026-02-07 02:50:00.000,65,True,21,0,241,2298,24.19,229.81,0.0,True,0.212,,,,,,,,,,,,,,,,
2026-02-07,a3c772d3fde52dbae832bi,2026-02-07 03:00:00.000,66,True,21,0,241,2302,24.19,230.23,0.0,True,0.216,,,,,,,,,,,,,,,,
2026-02-07,a3c772d3fde52dbae832bi,2026-02-07 03:10:00.000,67,True,22,0,241,2298,24.19,229.81,0.0,True,0.22,,,,,,,,,,,,,,,,
2026-02-07,a3c772d3fde52dbae832bi,2026-02-07 03:20:00.000,68,True,22,0,241,2301,24.19,230.12,0.0,True,0.2241,,,,,,,,,,,,,,,,
2026-02-07,a3c772d3fde52dbae832bi,2026-02-07 03:30:00.000,69,True,22,0,241,2310,24.19,231.09,0.0,True,0.2281,,,,,,,,,,,,,,,,
2026-02-07,a3c772d3fde52dbae832bi,2026-02-07 03:40:00.000,70,True,23,0,241,2312,24.19,231.29,0.0,True,0.2321,,,,,,,,,,,,,,,,
2026-02-07,a3c772d3fde52dbae832bi,2026-02-07 03:50:00.000,71,True,23,0,241,2323,24.19,232.3,0.0,True,0.2362,,,,,,,,,,,,,,,,
2026-02-07,a3c772d3fde52dbae832bi,2026-02-07 04:00:00.000,72,True,24,0,241,2304,24.19,230.46,0.0,True,0.2402,,,,,,,,,,,,,,,,
2026-02-07,a3c772d3fde52dbae832bi,2026-02-07 04:10:00.000,73,True,24,0,241,2305,24.19,230.57,0.0,True,0.2442,,,,,,,,,,,,,,,,
2026-02-07,a3c772d3fde52dbae832bi,2026-02-07 04:20:00.000,74,True,24,0,241,2322,24.19,232.22,0.0,True,0.2483,,,,,,,,,,,,,,,,
2026-02-07,a3c772d3fde52dbae832bi,2026-02-07 04:30:00.000,75,True,25,0,241,2297,24.19,229.72,0.0,True,0.2523,,,,,,,,,,,,,,,,
2026-02-07,a3c772d3fde52dbae832bi,2026-02-07 04:40:00.000,76,True,25,0,241,2305,24.19,230.56,0.0,True,0.2563,,,,,,,,,,,,,,,,
2026-02-07,a3c772d3fde52dbae832bi,2026-02-07 04:50:00.000,77,True,26,0,241,2305,24.19,230.52,0.0,True,0.2604,,,,,,,,,,,,,,,,
2026-02-07,a3c772d3fde52dbae832bi,2026-02-07 05:00:00.000,78,True,26,41,140,2309,14.05,230.9,0.042,True,0.2627,,,,,,,,,,,,,,,,
2026-02-07,a3c772d3fde52dbae832bi,2026-02-07 05:10:00.000,79,False,26,0,0,2321,0.0,232.15,0.0,False,0.2627,,,,,,,,,,,,,,,,
2026-02-07,a3c772d3fde52dbae832bi,2026-02-07 05:20:00.000,80,True,26,20,70,2317,7.02,231.78,0.021,True,0.2639,,,,,,,,,,,,,,,,
2026-02-07,a3c772d3fde52dbae832bi,2026-02-07 05:30:00.000,81,False,26,0,0,2330,0.0,233.07,0.0,False,0.2639,,,,,,,,,,,,,,,,
2026-02-07,a3c772d3fde52dbae832bi,2026-02-07 05:40:00.000,82,True,26,20,70,2309,7.02,230.9,0.021,True,0.265,,,,,,,,,,,,,,,,
2026-02-07,a3c772d3fde52dbae832bi,2026-02-07 05:50:00.000,83,True,26,20,70,2309,7.02,230.9,0.021,True,0.2662,,,,,,,,,,,,,,,,
2026-02-07,a3c772d3fde52dbae832bi,2026-02-07 06:00:00.000,84,True,26,60,205,2317,20.52,231.75,0.061,True,0.2696,,,,,,,,,,,,,,,,
2026-02-07,a3c772d3fde52dbae832bi,2026-02-07 06:10:00.000,85,True,27,40,137,2324,13.71,232.48,0.04,True,0.2719,,,,,,,,,,,,,,,,
2026-02-07,a3c772d3fde52dbae832bi,2026-02-07 06:20:00.000,86,True,27,82,277,2317,27.78,231.76,0.082,True,0.2765,,,,,,,,,,,,,,,,
2026-02-07,a3c772d3fde52dbae832bi,2026-02-07 06:30:00.000,87,True,28,84,285,2311,28.5,231.17,0.085,True,0.2813,,,,,,,,,,,,,,,,
2026-02-07,a3c772d3fde52dbae832bi,2026-02-07 06:40:00.000,88,True,28,99,335,2314,33.55,231.41,0.099,True,0.2869,,,,,,,,,,,,,,,,
2026-02-07,a3c772d3fde52dbae832bi,2026-02-07 06:50:00.000,89,True,29,122,412,2311,41.3,231.16,0.123,True,0.2938,,,,,,,,,,,,,,,,
2026-02-07,a3c772d3fde52dbae832bi,2026-02-07 07:00:00.000,90,True,29,81,273,2304,27.38,230.43,0.082,True,0.2983,,,,,,,,,,,,,,,,
2026-02-07,a3c772d3fde52dbae832bi,2026-02-07 07:10:00.000,91,True,30,143,483,2311,48.32,231.16,0.143,True,0.3064,,,,,,,,,,,,,,,,
2026-02-07,a3c772d3fde52dbae832bi,2026-02-07 07:20:00.000,92,True,31,122,410,2304,41.06,230.42,0.122,True,0.3132,,,,,,,,,,,,,,,,
2026-02-07,a3c772d3fde52dbae832bi,2026-02-07 07:30:00.000,93,True,31,138,400,1980,40.02,198.06,0.139,True,0.3199,,,,,,,,,,,,,,,,
2026-02-07,a3c772d3fde52dbae832bi,2026-02-07 07:40:00.000,94,True,32,138,466,2310,46.67,231.09,0.139,True,0.3277,,,,,,,,,,,,,,,,
2026-02-07,a3c772d3fde52dbae832bi,2026-02-07 07:50:00.000,95,True,33,138,465,2312,46.6,231.27,0.138,True,0.3354,,,,,,,,,,,,,,,,
2026-02-07,a3c772d3fde52dbae832bi,2026-02-07 08:00:00.000,96,True,34,138,465,2312,46.6,231.27,0.138,True,0.3432,,,,,,,,,,,,,,,,
2026-02-07,a3c772d3fde52dbae832bi,2026-02-07 08:10:00.000,97,True,35,158,535,2314,53.54,231.47,0.159,True,0.3521,,,,,,,,,,,,,,,,
2026-02-07,a3c772d3fde52dbae832bi,2026-02-07 08:20:00.000,98,True,36,158,534,2316,53.46,231.64,0.158,True,0.361,,,,,,,,,,,,,,,,
2026-02-07,a3c772d3fde52dbae832bi,2026-02-07 08:30:00.000,99,True,36,158,534,2316,53.46,231.64,0.158,True,0.37,,,,,,,,,,,,,,,,
2026-02-07,a3c772d3fde52dbae832bi,2026-02-07 08:40:00.000,100,True,37,178,602,2320,60.24,232.02,0.178,True,0.38,,,,,,,,,,,,,,,,
2026-02-07,a3c772d3fde52dbae832bi,2026-02-07 08:50:00.000,101,True,38,158,534,2319,53.46,231.96,0.158,True,0.3889,,,,,,,,,,,,,,,,
2026-02-07,a3c772d3fde52dbae832bi,2026-02-07 09:00:00.000,102,True,39,158,534,2319,53.42,231.96,0.158,True,0.3978,,,,,,,,,,,,,,,,
2026-02-07,a3c772d3fde52dbae832bi,2026-02-07 09:10:00.000,103,True,40,137,465,2317,46.52,231.76,0.138,True,0.4056,,,,,,,,,,,,,,,,
2026-02-07,a3c772d3fde52dbae832bi,2026-02-07 09:20:00.000,104,True,41,158,534,2319,53.42,231.9,0.158,True,0.4145,,,,,,,,,,,,,,,,
2026-02-07,a3c772d3fde52dbae832bi,2026-02-07 09:30:00.000,105,True,42,157,533,2319,53.39,231.96,0.158,True,0.4234,,,,,,,,,,,,,,,,
2026-02-07,a3c772d3fde52dbae832bi,2026-02-07 09:40:00.000,106,True,42,117,396,2315,39.61,231.5,0.117,True,0.43,,,,,,,,,,,,,,,,
2026-02-07,a3c772d3fde52dbae832bi,2026-02-07 09:50:00.000,107,True,43,157,533,2315,53.3,231.53,0.158,True,0.4388,,,,,,,,,,,,,,,,
2026-02-07,a3c772d3fde52dbae832bi,2026-02-07 10:00:00.000,108,True,44,137,465,2314,46.53,231.46,0.138,True,0.4466,,,,,,,,,,,,,,,,
2026-02-07,a3c772d3fde52dbae832bi,2026-02-07 10:10:00.000,109,True,45,117,396,2315,39.61,231.52,0.117,True,0.4532,,,,,,,,,,,,,,,,
2026-02-07,a3c772d3fde52dbae832bi,2026-02-07 10:20:00.000,110,True,45,117,393,2308,39.36,230.8,0.117,True,0.4598,,,,,,,,,,,,,,,,
2026-02-07,a3c772d3fde52dbae832bi,2026-02-07 10:30:00.000,111,True,46,116,392,2308,39.26,230.8,0.117,True,0.4663,,,,,,,,,,,,,,,,
2026-02-07,a3c772d3fde52dbae832bi,2026-02-07 10:40:00.000,112,True,47,96,325,2313,32.55,231.36,0.097,True,0.4717,,,,,,,,,,,,,,,,
2026-02-07,a3c772d3fde52dbae832bi,2026-02-07 10:50:00.000,113,True,47,136,461,2313,46.14,231.3,0.137,True,0.4794,,,,,,,,,,,,,,,,
2026-02-07,a3c772d3fde52dbae832bi,2026-02-07 11:00:00.000,114,True,48,116,394,2317,39.43,231.77,0.117,True,0.486,,,,,,,,,,,,,,,,
2026-02-07,a3c772d3fde52dbae832bi,2026-02-07 11:10:00.000,115,True,49,97,329,2327,32.92,232.74,0.097,True,0.4915,,,,,,,,,,,,,,,,
2026-02-07,a3c772d3fde52dbae832bi,2026-02-07 11:20:00.000,116,True,49,97,328,2322,32.83,232.24,0.097,True,0.497,,,,,,,,,,,,,,,,
2026-02-07,a3c772d3fde52dbae832bi,2026-02-07 11:30:00.000,117,True,50,117,397,2325,39.8,232.57,0.117,True,0.5036,,,,,,,,,,,,,,,,
2026-02-07,a3c772d3fde52dbae832bi,2026-02-07 11:40:00.000,118,True,50,97,328,2320,32.81,232.04,0.097,True,0.5091,,,,,,,,,,,,,,,,
2026-02-07,a3c772d3fde52dbae832bi,2026-02-07 11:50:00.000,119,True,51,158,535,2323,53.57,232.36,0.158,True,0.518,,,,,,,,,,,,,,,,
2026-02-07,a3c772d3fde52dbae832bi,2026-02-07 12:00:00.000,120,True,52,158,535,2323,53.51,232.36,0.158,True,0.5269,,,,,,,,,,,,,,,,
2026-02-07,a3c772d3fde52dbae832bi,2026-02-07 12:10:00.000,121,True,53,117,397,2326,39.72,232.6,0.117,True,0.5335,,,,,,,,,,,,,,,,
2026-02-07,a3c772d3fde52dbae832bi,2026-02-07 12:20:00.000,122,True,54,137,465,2322,46.57,232.27,0.138,True,0.5413,,,,,,,,,,,,,,,,
2026-02-07,a3c772d3fde52dbae832bi,2026-02-07 12:30:00.000,123,True,54,137,465,2322,46.57,232.27,0.138,True,0.549,,,,,,,,,,,,,,,,
2026-02-07,a3c772d3fde52dbae832bi,2026-02-07 12:40:00.000,124,True,55,137,465,2321,46.54,232.14,0.138,True,0.5568,,,,,,,,,,,,,,,,
2026-02-07,a3c772d3fde52dbae832bi,2026-02-07 12:50:00.000,125,True,56,117,396,2320,39.66,232.08,0.117,True,0.5634,,,,,,,,,,,,,,,,
2026-02-07,a3c772d3fde52dbae832bi,2026-02-07 13:00:00.000,126,True,57,137,461,2308,46.19,230.89,0.137,True,0.5711,,,,,,,,,,,,,,,,
2026-02-07,a3c772d3fde52dbae832bi,2026-02-07 13:10:00.000,127,True,57,116,392,2305,39.2,230.51,0.117,True,0.5776,,,,,,,,,,,,,,,,
2026-02-07,a3c772d3fde52dbae832bi,2026-02-07 13:20:00.000,128,True,58,116,392,2303,39.23,230.39,0.117,True,0.5842,,,,,,,,,,,,,,,,
2026-02-07,a3c772d3fde52dbae832bi,2026-02-07 13:30:00.000,129,True,59,116,392,2303,39.23,230.39,0.117,True,0.5907,,,,,,,,,,,,,,,,
2026-02-07,a3c772d3fde52dbae832bi,2026-02-07 13:40:00.000,130,True,59,56,188,2294,18.9,229.4,0.057,True,0.5939,,,,,,,,,,,,,,,,
2026-02-07,a3c772d3fde52dbae832bi,2026-02-07 13:50:00.000,131,True,59,56,188,2294,18.9,229.4,0.057,True,0.597,,,,,,,,,,,,,,,,
2026-02-07,a3c772d3fde52dbae832bi,2026-02-07 14:00:00.000,132,True,60,76,256,2297,25.6,229.75,0.076,True,0.6013,,,,,,,,,,,,,,,,
2026-02-07,a3c772d3fde52dbae832bi,2026-02-07 14:10:00.000,133,True,60,76,254,2290,25.49,229.04,0.076,True,0.6055,,,,,,,,,,,,,,,,
2026-02-07,a3c772d3fde52dbae832bi,2026-02-07 14:20:00.000,134,True,60,56,188,2292,18.84,229.2,0.056,True,0.6087,,,,,,,,,,,,,,,,
2026-02-07,a3c772d3fde52dbae832bi,2026-02-07 14:30:00.000,135,True,61,56,188,2292,18.84,229.2,0.056,True,0.6118,,,,,,,,,,,,,,,,
2026-02-07,a3c772d3fde52dbae832bi,2026-02-07 14:40:00.000,136,True,61,76,255,2291,25.5,229.17,0.076,True,0.6161,,,,,,,,,,,,,,,,
2026-02-07,a3c772d3fde52dbae832bi,2026-02-07 14:50:00.000,137,True,62,76,255,2291,25.5,229.17,0.076,True,0.6203,,,,,,,,,,,,,,,,
2026-02-07,a3c772d3fde52dbae832bi,2026-02-07 15:00:00.000,138,True,62,56,187,2296,18.8,229.67,0.056,True,0.6234,,,,,,,,,,,,,,,,
2026-02-07,a3c772d3fde52dbae832bi,2026-02-07 15:10:00.000,139,True,62,56,187,2296,18.8,229.67,0.056,True,0.6266,,,,,,,,,,,,,,,,
2026-02-07,a3c772d3fde52dbae832bi,2026-02-07 15:20:00.000,140,True,62,56,188,2298,18.83,229.8,0.056,True,0.6297,,,,,,,,,,,,,,,,
2026-02-07,a3c772d3fde52dbae832bi,2026-02-07 15:30:00.000,141,True,63,56,188,2302,18.83,230.22,0.056,True,0.6329,,,,,,,,,,,,,,,,
2026-02-07,a3c772d3fde52dbae832bi,2026-02-07 15:40:00.000,142,True,63,55,186,2287,18.65,228.78,0.056,True,0.636,,,,,,,,,,,,,,,,
2026-02-07,a3c772d3fde52dbae832bi,2026-02-07 15:50:00.000,143,True,64,0,241,2325,24.19,232.5,0.0,True,0.64,26.65,79.0,1011.0,0,558,29647,15912,2620,0,last,False,relay,False,,,
2026-02-08,a3c772d3fde52dbae832bi,2026-02-07 16:00:00.000,0,True,0,95,118,2290,11.87,229.09,0.096,True,0.002,,,,,,,,,,,,,,,,
2026-02-08,a3c772d3fde52dbae832bi,2026-02-07 16:10:00.000,1,True,0,111,138,2287,13.83,228.74,0.112,True,0.0043,,,,,,,,,,,,,,,,
2026-02-08,a3c772d3fde52dbae832bi,2026-02-07 16:20:00.000,2,True,0,111,138,2295,13.86,229.51,0.112,True,0.0066,,,,,,,,,,,,,,,,
2026-02-08,a3c772d3fde52dbae832bi,2026-02-07 16:30:00.000,3,True,0,51,63,2295,6.39,229.51,0.052,True,0.0077,,,,,,,,,,,,,,,,
2026-02-08,a3c772d3fde52dbae832bi,2026-02-07 16:40:00.000,4,True,0,52,65,2310,6.58,231.03,0.053,True,0.0088,,,,,,,,,,,,,,,,
2026-02-08,a3c772d3fde52dbae832bi,2026-02-07 16:50:00.000,5,True,0,32,40,2308,4.09,230.84,0.033,True,0.0094,,,,,,,,,,,,,,,,
2026-02-08,a3c772d3fde52dbae832bi,2026-02-07 17:00:00.000,6,True,1,32,40,2308,4.09,230.82,0.033,True,0.0101,,,,,,,,,,,,,,,,
2026-02-08,a3c772d3fde52dbae832bi,2026-02-07 17:10:00.000,7,True,1,32,40,2300,4.09,230.06,0.033,True,0.0108,,,,,,,,,,,,,,,,
2026-02-08,a3c772d3fde52dbae832bi,2026-02-07 17:20:00.000,8,True,1,32,40,2301,4.09,230.17,0.033,True,0.0115,,,,,,,,,,,,,,,,
2026-02-08,a3c772d3fde52dbae832bi,2026-02-07 17:30:00.000,9,True,1,32,40,2302,4.09,230.28,0.033,True,0.0122,,,,,,,,,,,,,,,,
2026-02-08,a3c772d3fde52dbae832bi,2026-02-07 17:40:00.000,10,True,1,32,40,2301,4.09,230.19,0.033,True,0.0128,,,,,,,,,,,,,,,,
2026-02-08,a3c772d3fde52dbae832bi,2026-02-07 17:50:00.000,11,True,1,32,40,2300,4.02,230.02,0.032,True,0.0135,,,,,,,,,,,,,,,,
2026-02-08,a3c772d3fde52dbae832bi,2026-02-07 18:00:00.000,12,True,1,32,40,2296,4.02,229.62,0.032,True,0.0142,,,,,,,,,,,,,,,,
2026-02-08,a3c772d3fde52dbae832bi,2026-02-07 18:10:00.000,13,True,1,32,40,2295,4.02,229.57,0.032,True,0.0149,,,,,,,,,,,,,,,,
2026-02-08,a3c772d3fde52dbae832bi,2026-02-07 18:20:00.000,14,True,1,32,40,2303,4.02,230.37,0.032,True,0.0155,,,,,,,,,,,,,,,,
2026-02-08,a3c772d3fde52dbae832bi,2026-02-07 18:30:00.000,15,True,1,31,39,2299,3.94,229.93,0.032,True,0.0162,,,,,,,,,,,,,,,,
2026-02-08,a3c772d3fde52dbae832bi,2026-02-07 18:40:00.000,16,True,1,31,39,2303,3.94,230.39,0.032,True,0.0168,,,,,,,,,,,,,,,,
2026-02-08,a3c772d3fde52dbae832bi,2026-02-07 18:50:00.000,17,True,1,31,39,2303,3.94,230.3,0.032,True,0.0175,,,,,,,,,,,,,,,,
2026-02-08,a3c772d3fde52dbae832bi,2026-02-07 19:00:00.000,18,True,1,31,39,2301,3.94,230.17,0.032,True,0.0182,,,,,,,,,,,,,,,,
2026-02-08,a3c772d3fde52dbae832bi,2026-02-07 19:10:00.000,19,True,1,31,39,2301,3.94,230.17,0.032,True,0.0188,,,,,,,,,,,,,,,,
2026-02-08,a3c772d3fde52dbae832bi,2026-02-07 19:20:00.000,20,True,1,31,39,2303,3.94,230.35,0.032,True,0.0195,,,,,,,,,,,,,,,,
2026-02-08,a3c772d3fde52dbae832bi,2026-02-07 19:30:00.000,21,True,2,31,39,2302,3.94,230.27,0.032,True,0.0201,,,,,,,,,,,,,,,,
2026-02-08,a3c772d3fde52dbae832bi,2026-02-07 19:40:00.000,22,True,2,31,39,2309,3.96,230.96,0.032,True,0.0208,,,,,,,,,,,,,,,,
2026-02-08,a3c772d3fde52dbae832bi,2026-02-07 19:50:00.000,23,True,2,32,39,2302,3.99,230.25,0.032,True,0.0214,,,,,,,,,,,,,,,,
2026-02-08,a3c772d3fde52dbae832bi,2026-02-07 20:00:00.000,24,True,2,32,39,2301,3.99,230.12,0.032,True,0.0221,,,,,,,,,,,,,,,,
2026-02-08,a3c772d3fde52dbae832bi,2026-02-07 20:10:00.000,25,True,2,31,39,2305,3.99,230.57,0.032,True,0.0228,,,,,,,,,,,,,,,,
2026-02-08,a3c772d3fde52dbae832bi,2026-02-07 20:20:00.000,26,True,2,32,39,2300,3.99,230.06,0.032,True,0.0234,,,,,,,,,,,,,,,,
2026-02-08,a3c772d3fde52dbae832bi,2026-02-07 20:30:00.000,27,True,2,32,39,2304,3.99,230.4,0.032,True,0.0241,,,,,,,,,,,,,,,,
2026-02-08,a3c772d3fde52dbae832bi,2026-02-07 20:40:00.000,28,True,2,32,40,2316,4.05,231.62,0.032,True,0.0248,,,,,,,,,,,,,,,,
2026-02-08,a3c772d3fde52dbae832bi,2026-02-07 20:50:00.000,29,True,2,0,186,2319,18.67,231.99,0.0,True,0.0279,,,,,,,,,,,,,,,,
2026-02-08,a3c772d3fde52dbae832bi,2026-02-07 21:00:00.000,30,True,3,0,186,2311,18.67,231.14,0.0,True,0.031,,,,,,,,,,,,,,,,
2026-02-08,a3c772d3fde52dbae832bi,2026-02-07 21:10:00.000,31,True,3,0,186,2318,18.67,231.83,0.0,True,0.0341,,,,,,,,,,,,,,,,
2026-02-08,a3c772d3fde52dbae832bi,2026-02-07 21:20:00.000,32,True,3,0,186,2314,18.67,231.41,0.0,True,0.0372,,,,,,,,,,,,,,,,
2026-02-08,a3c772d3fde52dbae832bi,2026-02-07 21:30:00.000,33,True,4,0,186,2308,18.67,230.84,0.0,True,0.0403,,,,,,,,,,,,,,,,
2026-02-08,a3c772d3fde52dbae832bi,2026-02-07 21:40:00.000,34,True,4,0,186,2314,18.67,231.42,0.0,True,0.0434,,,,,,,,,,,,,,,,
2026-02-08,a3c772d3fde52dbae832bi,2026-02-07 21:50:00.000,35,True,4,0,186,2315,18.67,231.52,0.0,True,0.0466,,,,,,,,,,,,,,,,
2026-02-08,a3c772d3fde52dbae832bi,2026-02-07 22:00:00.000,36,True,4,0,186,2309,18.67,230.92,0.0,True,0.0497,,,,,,,,,,,,,,,,
2026-02-08,a3c772d3fde52dbae832bi,2026-02-07 22:10:00.000,37,True,5,0,186,2309,18.67,230.95,0.0,True,0.0528,,,,,,,,,,,,,,,,
2026-02-08,a3c772d3fde52dbae832bi,2026-02-07 22:20:00.000,38,True,5,0,186,2312,18.67,231.26,0.0,True,0.0559,,,,,,,,,,,,,,,,
2026-02-08,a3c772d3fde52dbae832bi,2026-02-07 22:30:00.000,39,True,5,0,186,2312,18.67,231.26,0.0,True,0.059,,,,,,,,,,,,,,,,
2026-02-08,a3c772d3fde52dbae832bi,2026-02-07 22:40:00.000,40,True,6,0,186,2315,18.67,231.56,0.0,True,0.0621,,,,,,,,,,,,,,,,
2026-02-08,a3c772d3fde52dbae832bi,2026-02-07 22:50:00.000,41,True,6,0,186,2309,18.67,230.91,0.0,True,0.0652,,,,,,,,,,,,,,,,
2026-02-08,a3c772d3fde52dbae832bi,2026-02-07 23:00:00.000,42,True,6,0,186,2313,18.67,231.38,0.0,True,0.0683,,,,,,,,,,,,,,,,
2026-02-08,a3c772d3fde52dbae832bi,2026-02-07 23:10:00.000,43,True,7,0,186,2310,18.67,231.0,0.0,True,0.0714,,,,,,,,,,,,,,,,
2026-02-08,a3c772d3fde52dbae832bi,2026-02-07 23:20:00.000,44,True,7,0,186,2315,18.67,231.54,0.0,True,0.0746,,,,,,,,,,,,,,,,
2026-02-08,a3c772d3fde52dbae832bi,2026-02-07 23:30:00.000,45,True,7,0,186,2305,18.67,230.53,0.0,True,0.0777,,,,,,,,,,,,,,,,
2026-02-08,a3c772d3fde52dbae832bi,2026-02-07 23:40:00.000,46,True,8,0,186,2309,18.67,230.98,0.0,True,0.0808,,,,,,,,,,,,,,,,
2026-02-08,a3c772d3fde52dbae832bi,2026-02-07 23:50:00.000,47,True,8,0,186,2306,18.67,230.69,0.0,True,0.0839,,,,,,,,,,,,,,,,
2026-02-08,a3c772d3fde52dbae832bi,2026-02-08 00:00:00.000,48,True,8,0,186,2301,18.67,230.17,0.0,True,0.087,,,,,,,,,,,,,,,,
2026-02-08,a3c772d3fde52dbae832bi,2026-02-08 00:10:00.000,49,True,9,0,186,2323,18.67,232.31,0.0,True,0.0901,,,,,,,,,,,,,,,,
2026-02-08,a3c772d3fde52dbae832bi,2026-02-08 00:20:00.000,50,True,9,0,186,2317,18.67,231.75,0.0,True,0.0932,,,,,,,,,,,,,,,,
2026-02-08,a3c772d3fde52dbae832bi,2026-02-08 00:30:00.000,51,True,9,0,186,2321,18.67,232.13,0.0,True,0.0963,,,,,,,,,,,,,,,,
2026-02-08,a3c772d3fde52dbae832bi,2026-02-08 00:40:00.000,52,True,9,0,186,2328,18.67,232.87,0.0,True,0.0994,,,,,,,,,,,,,,,,
2026-02-08,a3c772d3fde52dbae832bi,2026-02-08 00:50:00.000,53,False,9,0,0,2317,0.0,231.72,0.0,False,0.0994,,,,,,,,,,,,,,,,
2026-02-08,a3c772d3fde52dbae832bi,2026-02-08 01:00:00.000,54,True,10,0,186,2321,18.67,232.18,0.0,True,0.1026,,,,,,,,,,,,,,,,
2026-02-08,a3c772d3fde52dbae832bi,2026-02-08 01:10:00.000,55,True,10,0,186,2310,18.67,231.09,0.0,True,0.1057,,,,,,,,,,,,,,,,
2026-02-08,a3c772d3fde52dbae832bi,2026-02-08 01:20:00.000,56,True,10,0,186,2334,18.67,233.4,0.0,True,0.1088,,,,,,,,,,,,,,,,
2026-02-08,a3c772d3fde52dbae832bi,2026-02-08 01:30:00.000,57,True,11,0,186,2334,18.67,233.4,0.0,True,0.1119,,,,,,,,,,,,,,,,
2026-02-08,a3c772d3fde52dbae832bi,2026-02-08 01:40:00.000,58,True,11,0,186,2328,18.67,232.81,0.0,True,0.115,,,,,,,,,,,,,,,,
2026-02-08,a3c772d3fde52dbae832bi,2026-02-08 01:50:00.000,59,True,11,0,186,2313,18.67,231.31,0.0,True,0.1181,,,,,,,,,,,,,,,,
2026-02-08,a3c772d3fde52dbae832bi,2026-02-08 02:00:00.000,60,True,12,0,186,2303,18.67,230.3,0.0,True,0.1212,,,,,,,,,,,,,,,,
2026-02-08,a3c772d3fde52dbae832bi,2026-02-08 02:10:00.000,61,True,12,0,186,2297,18.67,229.76,0.0,True,0.1243,,,,,,,,,,,,,,,,
2026-02-08,a3c772d3fde52dbae832bi,2026-02-08 02:20:00.000,62,True,12,0,186,2299,18.67,229.97,0.0,True,0.1274,,,,,,,,,,,,,,,,
2026-02-08,a3c772d3fde52dbae832bi,2026-02-08 02:30:00.000,63,True,13,0,186,2300,18.67,230.07,0.0,True,0.1306,,,,,,,,,,,,,,,,
2026-02-08,a3c772d3fde52dbae832bi,2026-02-08 02:40:00.000,64,True,13,0,186,2300,18.67,230.01,0.0,True,0.1337,,,,,,,,,,,,,,,,
2026-02-08,a3c772d3fde52dbae832bi,2026-02-08 02:50:00.000,65,True,13,0,186,2298,18.67,229.81,0.0,True,0.1368,,,,,,,,,,,,,,,,
2026-02-08,a3c772d3fde52dbae832bi,2026-02-08 03:00:00.000,66,True,13,0,186,2302,18.67,230.23,0.0,True,0.1399,,,,,,,,,,,,,,,,
2026-02-08,a3c772d3fde52dbae832bi,2026-02-08 03:10:00.000,67,True,14,0,186,2298,18.67,229.81,0.0,True,0.143,,,,,,,,,,,,,,,,
2026-02-08,a3c772d3fde52dbae832bi,2026-02-08 03:20:00.000,68,True,14,0,186,2301,18.67,230.12,0.0,True,0.1461,,,,,,,,,,,,,,,,
2026-02-08,a3c772d3fde52dbae832bi,2026-02-08 03:30:00.000,69,True,14,0,186,2310,18.67,231.09,0.0,True,0.1492,,,,,,,,,,,,,,,,
2026-02-08,a3c772d3fde52dbae832bi,2026-02-08 03:40:00.000,70,True,15,0,186,2312,18.67,231.29,0.0,True,0.1523,,,,,,,,,,,,,,,,
2026-02-08,a3c772d3fde52dbae832bi,2026-02-08 03:50:00.000,71,True,15,0,186,2323,18.67,232.3,0.0,True,0.1554,,,,,,,,,,,,,,,,
2026-02-08,a3c772d3fde52dbae832bi,2026-02-08 04:00:00.000,72,True,15,0,186,2304,18.67,230.46,0.0,True,0.1586,,,,,,,,,,,,,,,,
2026-02-08,a3c772d3fde52dbae832bi,2026-02-08 04:10:00.000,73,True,16,0,186,2305,18.67,230.57,0.0,True,0.1617,,,,,,,,,,,,,,,,
2026-02-08,a3c772d3fde52dbae832bi,2026-02-08 04:20:00.000,74,True,16,0,186,2322,18.67,232.22,0.0,True,0.1648,,,,,,,,,,,,,,,,
2026-02-08,a3c772d3fde52dbae832bi,2026-02-08 04:30:00.000,75,True,16,0,186,2297,18.67,229.72,0.0,True,0.1679,,,,,,,,,,,,,,,,
2026-02-08,a3c772d3fde52dbae832bi,2026-02-08 04:40:00.000,76,True,17,0,186,2305,18.67,230.56,0.0,True,0.171,,,,,,,,,,,,,,,,
2026-02-08,a3c772d3fde52dbae832bi,2026-02-08 04:50:00.000,77,True,17,0,186,2305,18.67,230.52,0.0,True,0.1741,,,,,,,,,,,,,,,,
2026-02-08,a3c772d3fde52dbae832bi,2026-02-08 05:00:00.000,78,True,17,41,52,2309,5.21,230.9,0.042,True,0.175,,,,,,,,,,,,,,,,
2026-02-08,a3c772d3fde52dbae832bi,2026-02-08 05:10:00.000,79,False,17,0,0,2321,0.0,232.15,0.0,False,0.175,,,,,,,,,,,,,,,,
2026-02-08,a3c772d3fde52dbae832bi,2026-02-08 05:20:00.000,80,True,17,20,26,2317,2.61,231.78,0.021,True,0.1754,,,,,,,,,,,,,,,,
2026-02-08,a3c772d3fde52dbae832bi,2026-02-08 05:30:00.000,81,False,17,0,0,2330,0.0,233.07,0.0,False,0.1754,,,,,,,,,,,,,,,,
2026-02-08,a3c772d3fde52dbae832bi,2026-02-08 05:40:00.000,82,True,17,20,26,2309,2.61,230.9,0.021,True,0.1759,,,,,,,,,,,,,,,,
2026-02-08,a3c772d3fde52dbae832bi,2026-02-08 05:50:00.000,83,True,17,20,26,2309,2.61,230.9,0.021,True,0.1763,,,,,,,,,,,,,,,,
2026-02-08,a3c772d3fde52dbae832bi,2026-02-08 06:00:00.000,84,True,17,60,76,2317,7.61,231.75,0.061,True,0.1776,,,,,,,,,,,,,,,,
2026-02-08,a3c772d3fde52dbae832bi,2026-02-08 06:10:00.000,85,True,17,40,50,2324,5.09,232.48,0.04,True,0.1784,,,,,,,,,,,,,,,,
2026-02-08,a3c772d3fde52dbae832bi,2026-02-08 06:20:00.000,86,True,18,82,103,2317,10.3,231.76,0.082,True,0.1801,,,,,,,,,,,,,,,,
2026-02-08,a3c772d3fde52dbae832bi,2026-02-08 06:30:00.000,87,True,18,84,105,2311,10.58,231.17,0.085,True,0.1819,,,,,,,,,,,,,,,,
2026-02-08,a3c772d3fde52dbae832bi,2026-02-08 06:40:00.000,88,True,18,99,124,2314,12.45,231.41,0.099,True,0.184,,,,,,,,,,,,,,,,
2026-02-08,a3c772d3fde52dbae832bi,2026-02-08 06:50:00.000,89,True,18,122,153,2311,15.32,231.16,0.123,True,0.1865,,,,,,,,,,,,,,,,
2026-02-08,a3c772d3fde52dbae832bi,2026-02-08 07:00:00.000,90,True,18,81,101,2304,10.16,230.43,0.082,True,0.1882,,,,,,,,,,,,,,,,
2026-02-08,a3c772d3fde52dbae832bi,2026-02-08 07:10:00.000,91,True,19,143,179,2311,17.93,231.16,0.143,True,0.1912,,,,,,,,,,,,,,,,
2026-02-08,a3c772d3fde52dbae832bi,2026-02-08 07:20:00.000,92,True,19,122,152,2304,15.24,230.42,0.122,True,0.1937,,,,,,,,,,,,,,,,
2026-02-08,a3c772d3fde52dbae832bi,2026-02-08 07:30:00.000,93,True,19,138,148,1980,14.85,198.06,0.139,True,0.1962,,,,,,,,,,,,,,,,
2026-02-08,a3c772d3fde52dbae832bi,2026-02-08 07:40:00.000,94,True,19,138,173,2310,17.32,231.09,0.139,True,0.1991,,,,,,,,,,,,,,,,
2026-02-08,a3c772d3fde52dbae832bi,2026-02-08 07:50:00.000,95,True,20,138,172,2312,17.29,231.27,0.138,True,0.202,,,,,,,,,,,,,,,,
2026-02-08,a3c772d3fde52dbae832bi,2026-02-08 08:00:00.000,96,True,20,138,172,2312,17.29,231.27,0.138,True,0.2049,,,,,,,,,,,,,,,,
2026-02-08,a3c772d3fde52dbae832bi,2026-02-08 08:10:00.000,97,True,20,158,198,2314,19.86,231.47,0.159,True,0.2082,,,,,,,,,,,,,,,,
2026-02-08,a3c772d3fde52dbae832bi,2026-02-08 08:20:00.000,98,True,21,158,198,2316,19.83,231.64,0.158,True,0.2115,,,,,,,,,,,,,,,,
2026-02-08,a3c772d3fde52dbae832bi,2026-02-08 08:30:00.000,99,True,21,158,198,2316,19.83,231.64,0.158,True,0.2148,,,,,,,,,,,,,,,,
2026-02-08,a3c772d3fde52dbae832bi,2026-02-08 08:40:00.000,100,True,21,178,223,2320,22.35,232.02,0.178,True,0.2185,,,,,,,,,,,,,,,,
2026-02-08,a3c772d3fde52dbae832bi,2026-02-08 08:50:00.000,101,True,22,158,198,2319,19.83,231.96,0.158,True,0.2218,,,,,,,,,,,,,,,,
2026-02-08,a3c772d3fde52dbae832bi,2026-02-08 09:00:00.000,102,True,22,158,198,2319,19.82,231.96,0.158,True,0.2251,,,,,,,,,,,,,,,,
2026-02-08,a3c772d3fde52dbae832bi,2026-02-08 09:10:00.000,103,True,22,137,172,2317,17.26,231.76,0.138,True,0.228,,,,,,,,,,,,,,,,
2026-02-08,a3c772d3fde52dbae832bi,2026-02-08 09:20:00.000,104,True,23,158,198,2319,19.82,231.9,0.158,True,0.2313,,,,,,,,,,,,,,,,
2026-02-08,a3c772d3fde52dbae832bi,2026-02-08 09:30:00.000,105,True,23,157,198,2319,19.81,231.96,0.158,True,0.2346,,,,,,,,,,,,,,,,
2026-02-08,a3c772d3fde52dbae832bi,2026-02-08 09:40:00.000,106,True,23,117,146,2315,14.69,231.5,0.117,True,0.237,,,,,,,,,,,,,,,,
2026-02-08,a3c772d3fde52dbae832bi,2026-02-08 09:50:00.000,107,True,24,157,197,2315,19.78,231.53,0.158,True,0.2403,,,,,,,,,,,,,,,,
2026-02-08,a3c772d3fde52dbae832bi,2026-02-08 10:00:00.000,108,True,24,137,172,2314,17.26,231.46,0.138,True,0.2432,,,,,,,,,,,,,,,,
2026-02-08,a3c772d3fde52dbae832bi,2026-02-08 10:10:00.000,109,True,24,117,146,2315,14.69,231.52,0.117,True,0.2457,,,,,,,,,,,,,,,,
2026-02-08,a3c772d3fde52dbae832bi,2026-02-08 10:20:00.000,110,True,24,117,146,2308,14.6,230.8,0.117,True,0.2481,,,,,,,,,,,,,,,,
2026-02-08,a3c772d3fde52dbae832bi,2026-02-08 10:30:00.000,111,True,25,116,145,2308,14.57,230.8,0.117,True,0.2505,,,,,,,,,,,,,,,,
2026-02-08,a3c772d3fde52dbae832bi,2026-02-08 10:40:00.000,112,True,25,96,120,2313,12.08,231.36,0.097,True,0.2525,,,,,,,,,,,,,,,,
2026-02-08,a3c772d3fde52dbae832bi,2026-02-08 10:50:00.000,113,True,25,136,171,2313,17.11,231.3,0.137,True,0.2554,,,,,,,,,,,,,,,,
2026-02-08,a3c772d3fde52dbae832bi,2026-02-08 11:00:00.000,114,True,25,116,146,2317,14.63,231.77,0.117,True,0.2578,,,,,,,,,,,,,,,,
2026-02-08,a3c772d3fde52dbae832bi,2026-02-08 11:10:00.000,115,True,25,97,122,2327,12.21,232.74,0.097,True,0.2599,,,,,,,,,,,,,,,,
2026-02-08,a3c772d3fde52dbae832bi,2026-02-08 11:20:00.000,116,True,26,97,121,2322,12.18,232.24,0.097,True,0.2619,,,,,,,,,,,,,,,,
2026-02-08,a3c772d3fde52dbae832bi,2026-02-08 11:30:00.000,117,True,26,117,147,2325,14.76,232.57,0.117,True,0.2644,,,,,,,,,,,,,,,,
2026-02-08,a3c772d3fde52dbae832bi,2026-02-08 11:40:00.000,118,True,26,97,121,2320,12.18,232.04,0.097,True,0.2664,,,,,,,,,,,,,,,,
2026-02-08,a3c772d3fde52dbae832bi,2026-02-08 11:50:00.000,119,True,26,158,198,2323,19.87,232.36,0.158,True,0.2697,,,,,,,,,,,,,,,,
2026-02-08,a3c772d3fde52dbae832bi,2026-02-08 12:00:00.000,120,True,27,158,198,2323,19.85,232.36,0.158,True,0.273,,,,,,,,,,,,,,,,
2026-02-08,a3c772d3fde52dbae832bi,2026-02-08 12:10:00.000,121,True,27,117,147,2326,14.74,232.6,0.117,True,0.2755,,,,,,,,,,,,,,,,
2026-02-08,a3c772d3fde52dbae832bi,2026-02-08 12:20:00.000,122,True,27,137,172,2322,17.28,232.27,0.138,True,0.2783,,,,,,,,,,,,,,,,
2026-02-08,a3c772d3fde52dbae832bi,2026-02-08 12:30:00.000,123,True,28,137,172,2322,17.28,232.27,0.138,True,0.2812,,,,,,,,,,,,,,,,
2026-02-08,a3c772d3fde52dbae832bi,2026-02-08 12:40:00.000,124,True,28,137,172,2321,17.27,232.14,0.138,True,0.2841,,,,,,,,,,,,,,,,
2026-02-08,a3c772d3fde52dbae832bi,2026-02-08 12:50:00.000,125,True,28,117,147,2320,14.71,232.08,0.117,True,0.2866,,,,,,,,,,,,,,,,
2026-02-08,a3c772d3fde52dbae832bi,2026-02-08 13:00:00.000,126,True,28,137,171,2308,17.14,230.89,0.137,True,0.2894,,,,,,,,,,,,,,,,
2026-02-08,a3c772d3fde52dbae832bi,2026-02-08 13:10:00.000,127,True,29,116,145,2305,14.54,230.51,0.117,True,0.2918,,,,,,,,,,,,,,,,
2026-02-08,a3c772d3fde52dbae832bi,2026-02-08 13:20:00.000,128,True,29,116,145,2303,14.55,230.39,0.117,True,0.2943,,,,,,,,,,,,,,,,
2026-02-08,a3c772d3fde52dbae832bi,2026-02-08 13:30:00.000,129,True,29,116,145,2303,14.55,230.39,0.117,True,0.2967,,,,,,,,,,,,,,,,
2026-02-08,a3c772d3fde52dbae832bi,2026-02-08 13:40:00.000,130,True,29,56,70,2294,7.01,229.4,0.057,True,0.2979,,,,,,,,,,,,,,,,
2026-02-08,a3c772d3fde52dbae832bi,2026-02-08 13:50:00.000,131,True,29,56,70,2294,7.01,229.4,0.057,True,0.299,,,,,,,,,,,,,,,,
2026-02-08,a3c772d3fde52dbae832bi,2026-02-08 14:00:00.000,132,True,30,76,94,2297,9.5,229.75,0.076,True,0.3006,,,,,,,,,,,,,,,,
2026-02-08,a3c772d3fde52dbae832bi,2026-02-08 14:10:00.000,133,True,30,76,94,2290,9.46,229.04,0.076,True,0.3022,,,,,,,,,,,,,,,,
2026-02-08,a3c772d3fde52dbae832bi,2026-02-08 14:20:00.000,134,True,30,56,69,2292,6.99,229.2,0.056,True,0.3033,,,,,,,,,,,,,,,,
2026-02-08,a3c772d3fde52dbae832bi,2026-02-08 14:30:00.000,135,True,30,156,181,2338,18.11,233.8,0.156,True,0.3064,25.79,71.0,1014.0,0,558,29647,15912,2620,0,last,False,relay,False,,,
2026-02-08,a3c772d3fde52dbae832bi,2026-02-08 14:40:00.000,136,True,30,76,94,2291,9.46,229.17,0.076,True,0.3079,,,,,,,,,,,,,,,,
2026-02-08,a3c772d3fde52dbae832bi,2026-02-08 14:50:00.000,137,True,30,76,94,2291,9.46,229.17,0.076,True,0.3095,,,,,,,,,,,,,,,,
2026-02-08,a3c772d3fde52dbae832bi,2026-02-08 15:00:00.000,138,True,31,56,69,2296,6.98,229.67,0.056,True,0.3107,,,,,,,,,,,,,,,,
2026-02-08,a3c772d3fde52dbae832bi,2026-02-08 15:10:00.000,139,True,31,56,69,2296,6.98,229.67,0.056,True,0.3118,,,,,,,,,,,,,,,,
2026-02-08,a3c772d3fde52dbae832bi,2026-02-08 15:20:00.000,140,True,31,56,69,2298,6.99,229.8,0.056,True,0.313,,,,,,,,,,,,,,,,
2026-02-08,a3c772d3fde52dbae832bi,2026-02-08 15:30:00.000,141,True,31,154,175,2281,17.51,228.1,0.154,True,0.3159,25.71,71.0,1014.0,0,558,29647,15912,2620,0,last,False,relay,False,,,
2026-02-08,a3c772d3fde52dbae832bi,2026-02-08 15:40:00.000,142,True,31,55,69,2287,6.92,228.78,0.056,True,0.3171,,,,,,,,,,,,,,,,
2026-02-08,a3c772d3fde52dbae832bi,2026-02-08 15:50:00.000,143,True,31,154,175,2281,17.51,228.1,0.154,True,0.32,26.53,66.0,1014.0,0,558,29647,15912,2620,0,last,False,relay,False,,,
2026-02-09,a3c772d3fde52dbae832bi,2026-02-08 16:00:00.000,0,True,0,95,103,2290,10.36,229.09,0.096,True,0.0017,,,,,,,,,,,,,,,,
2026-02-09,a3c772d3fde52dbae832bi,2026-02-08 16:10:00.000,1,True,0,111,120,2287,12.07,228.74,0.112,True,0.0037,,,,,,,,,,,,,,,,
2026-02-09,a3c772d3fde52dbae832bi,2026-02-08 16:20:00.000,2,True,0,111,120,2295,12.1,229.51,0.112,True,0.0058,,,,,,,,,,,,,,,,
2026-02-09,a3c772d3fde52dbae832bi,2026-02-08 16:30:00.000,3,True,0,155,155,2325,15.52,232.5,0.155,True,0.0083,25.4,71.0,1014.0,0,558,29647,15912,2620,0,last,False,relay,False,,,
2026-02-09,a3c772d3fde52dbae832bi,2026-02-08 16:40:00.000,4,True,1,157,156,2303,15.61,230.3,0.157,True,0.0109,25.4,71.0,1014.0,0,558,29647,15912,2620,0,last,False,relay,False,,,
2026-02-09,a3c772d3fde52dbae832bi,2026-02-08 16:50:00.000,5,True,1,32,35,2308,3.57,230.84,0.033,True,0.0115,,,,,,,,,,,,,,,,
2026-02-09,a3c772d3fde52dbae832bi,2026-02-08 17:00:00.000,6,True,1,32,35,2308,3.57,230.82,0.033,True,0.0121,,,,,,,,,,,,,,,,
2026-02-09,a3c772d3fde52dbae832bi,2026-02-08 17:10:00.000,7,True,1,32,35,2300,3.57,230.06,0.033,True,0.0127,,,,,,,,,,,,,,,,
2026-02-09,a3c772d3fde52dbae832bi,2026-02-08 17:20:00.000,8,True,1,32,35,2301,3.57,230.17,0.033,True,0.0133,,,,,,,,,,,,,,,,
2026-02-09,a3c772d3fde52dbae832bi,2026-02-08 17:30:00.000,9,True,1,32,35,2302,3.57,230.28,0.033,True,0.0139,,,,,,,,,,,,,,,,
2026-02-09,a3c772d3fde52dbae832bi,2026-02-08 17:40:00.000,10,True,1,32,35,2301,3.57,230.19,0.033,True,0.0145,,,,,,,,,,,,,,,,
2026-02-09,a3c772d3fde52dbae832bi,2026-02-08 17:50:00.000,11,True,1,32,35,2300,3.51,230.02,0.032,True,0.0151,,,,,,,,,,,,,,,,
2026-02-09,a3c772d3fde52dbae832bi,2026-02-08 18:00:00.000,12,True,1,32,35,2296,3.51,229.62,0.032,True,0.0157,,,,,,,,,,,,,,,,
2026-02-09,a3c772d3fde52dbae832bi,2026-02-08 18:10:00.000,13,True,1,32,35,2295,3.51,229.57,0.032,True,0.0163,,,,,,,,,,,,,,,,
2026-02-09,a3c772d3fde52dbae832bi,2026-02-08 18:20:00.000,14,True,1,32,35,2303,3.51,230.37,0.032,True,0.0169,,,,,,,,,,,,,,,,
2026-02-09,a3c772d3fde52dbae832bi,2026-02-08 18:30:00.000,15,True,1,31,34,2299,3.44,229.93,0.032,True,0.0174,,,,,,,,,,,,,,,,
2026-02-09,a3c772d3fde52dbae832bi,2026-02-08 18:40:00.000,16,True,1,31,34,2303,3.44,230.39,0.032,True,0.018,,,,,,,,,,,,,,,,
2026-02-09,a3c772d3fde52dbae832bi,2026-02-08 18:50:00.000,17,True,1,31,34,2303,3.44,230.3,0.032,True,0.0186,,,,,,,,,,,,,,,,
2026-02-09,a3c772d3fde52dbae832bi,2026-02-08 19:00:00.000,18,True,1,31,34,2301,3.44,230.17,0.032,True,0.0191,,,,,,,,,,,,,,,,
2026-02-09,a3c772d3fde52dbae832bi,2026-02-08 19:10:00.000,19,True,1,31,34,2301,3.44,230.17,0.032,True,0.0197,,,,,,,,,,,,,,,,
2026-02-09,a3c772d3fde52dbae832bi,2026-02-08 19:20:00.000,20,True,2,31,34,2303,3.44,230.35,0.032,True,0.0203,,,,,,,,,,,,,,,,
2026-02-09,a3c772d3fde52dbae832bi,2026-02-08 19:30:00.000,21,True,2,31,34,2302,3.44,230.27,0.032,True,0.0209,,,,,,,,,,,,,,,,
2026-02-09,a3c772d3fde52dbae832bi,2026-02-08 19:40:00.000,22,True,2,31,34,2309,3.46,230.96,0.032,True,0.0214,,,,,,,,,,,,,,,,
2026-02-09,a3c772d3fde52dbae832bi,2026-02-08 19:50:00.000,23,True,2,32,34,2302,3.48,230.25,0.032,True,0.022,,,,,,,,,,,,,,,,
2026-02-09,a3c772d3fde52dbae832bi,2026-02-08 20:00:00.000,24,True,2,32,34,2301,3.48,230.12,0.032,True,0.0226,,,,,,,,,,,,,,,,
2026-02-09,a3c772d3fde52dbae832bi,2026-02-08 20:10:00.000,25,True,2,31,34,2305,3.48,230.57,0.032,True,0.0232,,,,,,,,,,,,,,,,
2026-02-09,a3c772d3fde52dbae832bi,2026-02-08 20:20:00.000,26,True,2,32,34,2300,3.48,230.06,0.032,True,0.0238,,,,,,,,,,,,,,,,
2026-02-09,a3c772d3fde52dbae832bi,2026-02-08 20:30:00.000,27,True,2,32,34,2304,3.48,230.4,0.032,True,0.0243,,,,,,,,,,,,,,,,
2026-02-09,a3c772d3fde52dbae832bi,2026-02-08 20:40:00.000,28,True,2,32,35,2316,3.54,231.62,0.032,True,0.0249,,,,,,,,,,,,,,,,
2026-02-09,a3c772d3fde52dbae832bi,2026-02-08 20:50:00.000,29,True,2,0,178,2319,17.81,231.99,0.0,True,0.0279,,,,,,,,,,,,,,,,
2026-02-09,a3c772d3fde52dbae832bi,2026-02-08 21:00:00.000,30,True,3,0,178,2311,17.81,231.14,0.0,True,0.0309,,,,,,,,,,,,,,,,
2026-02-09,a3c772d3fde52dbae832bi,2026-02-08 21:10:00.000,31,True,3,0,178,2318,17.81,231.83,0.0,True,0.0338,,,,,,,,,,,,,,,,
2026-02-09,a3c772d3fde52dbae832bi,2026-02-08 21:20:00.000,32,True,3,0,178,2314,17.81,231.41,0.0,True,0.0368,,,,,,,,,,,,,,,,
2026-02-09,a3c772d3fde52dbae832bi,2026-02-08 21:30:00.000,33,True,3,0,178,2308,17.81,230.84,0.0,True,0.0398,,,,,,,,,,,,,,,,
2026-02-09,a3c772d3fde52dbae832bi,2026-02-08 21:40:00.000,34,True,4,0,178,2314,17.81,231.42,0.0,True,0.0427,,,,,,,,,,,,,,,,
2026-02-09,a3c772d3fde52dbae832bi,2026-02-08 21:50:00.000,35,True,4,0,178,2315,17.81,231.52,0.0,True,0.0457,,,,,,,,,,,,,,,,
2026-02-09,a3c772d3fde52dbae832bi,2026-02-08 22:00:00.000,36,True,4,0,178,2309,17.81,230.92,0.0,True,0.0487,,,,,,,,,,,,,,,,
2026-02-09,a3c772d3fde52dbae832bi,2026-02-08 22:10:00.000,37,True,5,0,178,2309,17.81,230.95,0.0,True,0.0516,,,,,,,,,,,,,,,,
2026-02-09,a3c772d3fde52dbae832bi,2026-02-08 22:20:00.000,38,True,5,0,178,2312,17.81,231.26,0.0,True,0.0546,,,,,,,,,,,,,,,,
2026-02-09,a3c772d3fde52dbae832bi,2026-02-08 22:30:00.000,39,True,5,0,178,2312,17.81,231.26,0.0,True,0.0576,,,,,,,,,,,,,,,,
2026-02-09,a3c772d3fde52dbae832bi,2026-02-08 22:40:00.000,40,True,6,0,178,2315,17.81,231.56,0.0,True,0.0605,,,,,,,,,,,,,,,,
2026-02-09,a3c772d3fde52dbae832bi,2026-02-08 22:50:00.000,41,True,6,0,178,2309,17.81,230.91,0.0,True,0.0635,,,,,,,,,,,,,,,,
2026-02-09,a3c772d3fde52dbae832bi,2026-02-08 23:00:00.000,42,True,6,0,178,2313,17.81,231.38,0.0,True,0.0665,,,,,,,,,,,,,,,,
2026-02-09,a3c772d3fde52dbae832bi,2026-02-08 23:10:00.000,43,True,6,0,178,2310,17.81,231.0,0.0,True,0.0694,,,,,,,,,,,,,,,,
2026-02-09,a3c772d3fde52dbae832bi,2026-02-08 23:20:00.000,44,True,7,0,178,2315,17.81,231.54,0.0,True,0.0724,,,,,,,,,,,,,,,,
2026-02-09,a3c772d3fde52dbae832bi,2026-02-08 23:30:00.000,45,True,7,0,178,2305,17.81,230.53,0.0,True,0.0754,,,,,,,,,,,,,,,,
2026-02-09,a3c772d3fde52dbae832bi,2026-02-08 23:40:00.000,46,True,7,0,178,2309,17.81,230.98,0.0,True,0.0784,,,,,,,,,,,,,,,,
2026-02-09,a3c772d3fde52dbae832bi,2026-02-08 23:50:00.000,47,True,8,0,178,2306,17.81,230.69,0.0,True,0.0813,,,,,,,,,,,,,,,,
2026-02-09,a3c772d3fde52dbae832bi,2026-02-09 00:00:00.000,48,True,8,0,178,2301,17.81,230.17,0.0,True,0.0843,,,,,,,,,,,,,,,,
2026-02-09,a3c772d3fde52dbae832bi,2026-02-09 00:10:00.000,49,True,8,0,178,2323,17.81,232.31,0.0,True,0.0873,,,,,,,,,,,,,,,,
2026-02-09,a3c772d3fde52dbae832bi,2026-02-09 00:20:00.000,50,True,9,0,178,2317,17.81,231.75,0.0,True,0.0902,,,,,,,,,,,,,,,,
2026-02-09,a3c772d3fde52dbae832bi,2026-02-09 00:30:00.000,51,True,9,0,178,2321,17.81,232.13,0.0,True,0.0932,,,,,,,,,,,,,,,,
2026-02-09,a3c772d3fde52dbae832bi,2026-02-09 00:40:00.000,52,True,9,0,178,2328,17.81,232.87,0.0,True,0.0962,,,,,,,,,,,,,,,,
2026-02-09,a3c772d3fde52dbae832bi,2026-02-09 00:50:00.000,53,False,9,0,0,2317,0.0,231.72,0.0,False,0.0962,,,,,,,,,,,,,,,,
2026-02-09,a3c772d3fde52dbae832bi,2026-02-09 01:00:00.000,54,True,9,0,178,2321,17.81,232.18,0.0,True,0.0991,,,,,,,,,,,,,,,,
2026-02-09,a3c772d3fde52dbae832bi,2026-02-09 01:10:00.000,55,True,10,0,178,2310,17.81,231.09,0.0,True,0.1021,,,,,,,,,,,,,,,,
2026-02-09,a3c772d3fde52dbae832bi,2026-02-09 01:20:00.000,56,True,10,0,178,2334,17.81,233.4,0.0,True,0.1051,,,,,,,,,,,,,,,,
2026-02-09,a3c772d3fde52dbae832bi,2026-02-09 01:30:00.000,57,True,10,0,178,2334,17.81,233.4,0.0,True,0.108,,,,,,,,,,,,,,,,
2026-02-09,a3c772d3fde52dbae832bi,2026-02-09 01:40:00.000,58,True,11,0,178,2328,17.81,232.81,0.0,True,0.111,,,,,,,,,,,,,,,,
2026-02-09,a3c772d3fde52dbae832bi,2026-02-09 01:50:00.000,59,True,11,0,178,2313,17.81,231.31,0.0,True,0.114,,,,,,,,,,,,,,,,
2026-02-09,a3c772d3fde52dbae832bi,2026-02-09 02:00:00.000,60,True,11,0,178,2303,17.81,230.3,0.0,True,0.1169,,,,,,,,,,,,,,,,
2026-02-09,a3c772d3fde52dbae832bi,2026-02-09 02:10:00.000,61,True,11,0,178,2297,17.81,229.76,0.0,True,0.1199,,,,,,,,,,,,,,,,
2026-02-09,a3c772d3fde52dbae832bi,2026-02-09 02:20:00.000,62,True,12,0,178,2299,17.81,229.97,0.0,True,0.1229,,,,,,,,,,,,,,,,
2026-02-09,a3c772d3fde52dbae832bi,2026-02-09 02:30:00.000,63,True,12,0,178,2300,17.81,230.07,0.0,True,0.1258,,,,,,,,,,,,,,,,
2026-02-09,a3c772d3fde52dbae832bi,2026-02-09 02:40:00.000,64,True,12,0,178,2300,17.81,230.01,0.0,True,0.1288,,,,,,,,,,,,,,,,
2026-02-09,a3c772d3fde52dbae832bi,2026-02-09 02:50:00.000,65,True,13,0,178,2298,17.81,229.81,0.0,True,0.1318,,,,,,,,,,,,,,,,
2026-02-09,a3c772d3fde52dbae832bi,2026-02-09 03:00:00.000,66,True,13,0,178,2302,17.81,230.23,0.0,True,0.1347,,,,,,,,,,,,,,,,
2026-02-09,a3c772d3fde52dbae832bi,2026-02-09 03:10:00.000,67,True,13,0,178,2298,17.81,229.81,0.0,True,0.1377,,,,,,,,,,,,,,,,
2026-02-09,a3c772d3fde52dbae832bi,2026-02-09 03:20:00.000,68,True,14,0,178,2301,17.81,230.12,0.0,True,0.1407,,,,,,,,,,,,,,,,
2026-02-09,a3c772d3fde52dbae832bi,2026-02-09 03:30:00.000,69,True,14,0,178,2310,17.81,231.09,0.0,True,0.1436,,,,,,,,,,,,,,,,
2026-02-09,a3c772d3fde52dbae832bi,2026-02-09 03:40:00.000,70,True,14,0,178,2312,17.81,231.29,0.0,True,0.1466,,,,,,,,,,,,,,,,
2026-02-09,a3c772d3fde52dbae832bi,2026-02-09 03:50:00.000,71,True,14,0,178,2323,17.81,232.3,0.0,True,0.1496,,,,,,,,,,,,,,,,
2026-02-09,a3c772d3fde52dbae832bi,2026-02-09 04:00:00.000,72,True,15,0,178,2304,17.81,230.46,0.0,True,0.1525,,,,,,,,,,,,,,,,
2026-02-09,a3c772d3fde52dbae832bi,2026-02-09 04:10:00.000,73,True,15,0,178,2305,17.81,230.57,0.0,True,0.1555,,,,,,,,,,,,,,,,
2026-02-09,a3c772d3fde52dbae832bi,2026-02-09 04:20:00.000,74,True,15,0,178,2322,17.81,232.22,0.0,True,0.1585,,,,,,,,,,,,,,,,
2026-02-09,a3c772d3fde52dbae832bi,2026-02-09 04:30:00.000,75,True,16,0,178,2297,17.81,229.72,0.0,True,0.1615,,,,,,,,,,,,,,,,
2026-02-09,a3c772d3fde52dbae832bi,2026-02-09 04:40:00.000,76,True,16,0,178,2305,17.81,230.56,0.0,True,0.1644,,,,,,,,,,,,,,,,
2026-02-09,a3c772d3fde52dbae832bi,2026-02-09 04:50:00.000,77,True,16,0,178,2305,17.81,230.52,0.0,True,0.1674,,,,,,,,,,,,,,,,
2026-02-09,a3c772d3fde52dbae832bi,2026-02-09 05:00:00.000,78,True,16,41,45,2309,4.55,230.9,0.042,True,0.1681,,,,,,,,,,,,,,,,
2026-02-09,a3c772d3fde52dbae832bi,2026-02-09 05:10:00.000,79,False,16,0,0,2321,0.0,232.15,0.0,False,0.1681,,,,,,,,,,,,,,,,
2026-02-09,a3c772d3fde52dbae832bi,2026-02-09 05:20:00.000,80,True,16,20,22,2317,2.27,231.78,0.021,True,0.1685,,,,,,,,,,,,,,,,
2026-02-09,a3c772d3fde52dbae832bi,2026-02-09 05:30:00.000,81,False,16,0,0,2330,0.0,233.07,0.0,False,0.1685,,,,,,,,,,,,,,,,
2026-02-09,a3c772d3fde52dbae832bi,2026-02-09 05:40:00.000,82,True,16,20,22,2309,2.27,230.9,0.021,True,0.1689,,,,,,,,,,,,,,,,
2026-02-09,a3c772d3fde52dbae832bi,2026-02-09 05:50:00.000,83,True,16,20,22,2309,2.27,230.9,0.021,True,0.1693,,,,,,,,,,,,,,,,
2026-02-09,a3c772d3fde52dbae832bi,2026-02-09 06:00:00.000,84,True,17,60,66,2317,6.64,231.75,0.061,True,0.1704,,,,,,,,,,,,,,,,
2026-02-09,a3c772d3fde52dbae832bi,2026-02-09 06:10:00.000,85,True,17,40,44,2324,4.44,232.48,0.04,True,0.1711,,,,,,,,,,,,,,,,
2026-02-09,a3c772d3fde52dbae832bi,2026-02-09 06:20:00.000,86,True,17,82,89,2317,8.99,231.76,0.082,True,0.1726,,,,,,,,,,,,,,,,
2026-02-09,a3c772d3fde52dbae832bi,2026-02-09 06:30:00.000,87,True,17,84,92,2311,9.23,231.17,0.085,True,0.1742,,,,,,,,,,,,,,,,
2026-02-09,a3c772d3fde52dbae832bi,2026-02-09 06:40:00.000,88,True,17,99,108,2314,10.86,231.41,0.099,True,0.176,,,,,,,,,,,,,,,,
2026-02-09,a3c772d3fde52dbae832bi,2026-02-09 06:50:00.000,89,True,17,122,133,2311,13.37,231.16,0.123,True,0.1782,,,,,,,,,,,,,,,,
2026-02-09,a3c772d3fde52dbae832bi,2026-02-09 07:00:00.000,90,True,17,81,88,2304,8.86,230.43,0.082,True,0.1797,,,,,,,,,,,,,,,,
2026-02-09,a3c772d3fde52dbae832bi,2026-02-09 07:10:00.000,91,True,18,143,156,2311,15.64,231.16,0.143,True,0.1823,,,,,,,,,,,,,,,,
2026-02-09,a3c772d3fde52dbae832bi,2026-02-09 07:20:00.000,92,True,18,122,132,2304,13.29,230.42,0.122,True,0.1845,,,,,,,,,,,,,,,,
2026-02-09,a3c772d3fde52dbae832bi,2026-02-09 07:30:00.000,93,True,18,138,129,1980,12.95,198.06,0.139,True,0.1867,,,,,,,,,,,,,,,,
2026-02-09,a3c772d3fde52dbae832bi,2026-02-09 07:40:00.000,94,True,18,138,151,2310,15.11,231.09,0.139,True,0.1892,,,,,,,,,,,,,,,,
2026-02-09,a3c772d3fde52dbae832bi,2026-02-09 07:50:00.000,95,True,19,138,150,2312,15.09,231.27,0.138,True,0.1917,,,,,,,,,,,,,,,,
2026-02-09,a3c772d3fde52dbae832bi,2026-02-09 08:00:00.000,96,True,19,138,150,2312,15.09,231.27,0.138,True,0.1942,,,,,,,,,,,,,,,,
2026-02-09,a3c772d3fde52dbae832bi,2026-02-09 08:10:00.000,97,True,19,158,173,2314,17.33,231.47,0.159,True,0.1971,,,,,,,,,,,,,,,,
2026-02-09,a3c772d3fde52dbae832bi,2026-02-09 08:20:00.000,98,True,19,158,173,2316,17.31,231.64,0.158,True,0.2,,,,,,,,,,,,,,,,
2026-02-09,a3c772d3fde52dbae832bi,2026-02-09 08:30:00.000,99,True,20,158,173,2316,17.31,231.64,0.158,True,0.2029,,,,,,,,,,,,,,,,
2026-02-09,a3c772d3fde52dbae832bi,2026-02-09 08:40:00.000,100,True,20,178,195,2320,19.5,232.02,0.178,True,0.2061,,,,,,,,,,,,,,,,
2026-02-09,a3c772d3fde52dbae832bi,2026-02-09 08:50:00.000,101,True,20,158,173,2319,17.31,231.96,0.158,True,0.209,,,,,,,,,,,,,,,,
2026-02-09,a3c772d3fde52dbae832bi,2026-02-09 09:00:00.000,102,True,21,158,172,2319,17.29,231.96,0.158,True,0.2119,,,,,,,,,,,,,,,,
2026-02-09,a3c772d3fde52dbae832bi,2026-02-09 09:10:00.000,103,True,21,137,150,2317,15.06,231.76,0.138,True,0.2144,,,,,,,,,,,,,,,,
2026-02-09,a3c772d3fde52dbae832bi,2026-02-09 09:20:00.000,104,True,21,158,172,2319,17.29,231.9,0.158,True,0.2173,,,,,,,,,,,,,,,,
2026-02-09,a3c772d3fde52dbae832bi,2026-02-09 09:30:00.000,105,True,22,157,172,2319,17.29,231.96,0.158,True,0.2202,,,,,,,,,,,,,,,,
2026-02-09,a3c772d3fde52dbae832bi,2026-02-09 09:40:00.000,106,True,22,117,128,2315,12.82,231.5,0.117,True,0.2223,,,,,,,,,,,,,,,,
2026-02-09,a3c772d3fde52dbae832bi,2026-02-09 09:50:00.000,107,True,22,157,172,2315,17.26,231.53,0.158,True,0.2252,,,,,,,,,,,,,,,,
2026-02-09,a3c772d3fde52dbae832bi,2026-02-09 10:00:00.000,108,True,22,137,150,2314,15.06,231.46,0.138,True,0.2277,,,,,,,,,,,,,,,,
2026-02-09,a3c772d3fde52dbae832bi,2026-02-09 10:10:00.000,109,True,22,117,128,2315,12.82,231.52,0.117,True,0.2298,,,,,,,,,,,,,,,,
2026-02-09,a3c772d3fde52dbae832bi,2026-02-09 10:20:00.000,110,True,23,117,127,2308,12.74,230.8,0.117,True,0.2319,,,,,,,,,,,,,,,,
2026-02-09,a3c772d3fde52dbae832bi,2026-02-09 10:30:00.000,111,True,23,116,127,2308,12.71,230.8,0.117,True,0.2341,,,,,,,,,,,,,,,,
2026-02-09,a3c772d3fde52dbae832bi,2026-02-09 10:40:00.000,112,True,23,96,105,2313,10.54,231.36,0.097,True,0.2358,,,,,,,,,,,,,,,,
2026-02-09,a3c772d3fde52dbae832bi,2026-02-09 10:50:00.000,113,True,23,136,149,2313,14.94,231.3,0.137,True,0.2383,,,,,,,,,,,,,,,,
2026-02-09,a3c772d3fde52dbae832bi,2026-02-09 11:00:00.000,114,True,24,116,127,2317,12.77,231.77,0.117,True,0.2404,,,,,,,,,,,,,,,,
2026-02-09,a3c772d3fde52dbae832bi,2026-02-09 11:10:00.000,115,True,24,97,106,2327,10.66,232.74,0.097,True,0.2422,,,,,,,,,,,,,,,,
2026-02-09,a3c772d3fde52dbae832bi,2026-02-09 11:20:00.000,116,True,24,97,106,2322,10.63,232.24,0.097,True,0.244,,,,,,,,,,,,,,,,
2026-02-09,a3c772d3fde52dbae832bi,2026-02-09 11:30:00.000,117,True,24,117,128,2325,12.88,232.57,0.117,True,0.2461,,,,,,,,,,,,,,,,
2026-02-09,a3c772d3fde52dbae832bi,2026-02-09 11:40:00.000,118,True,24,97,106,2320,10.62,232.04,0.097,True,0.2479,,,,,,,,,,,,,,,,
2026-02-09,a3c772d3fde52dbae832bi,2026-02-09 11:50:00.000,119,True,25,158,173,2323,17.34,232.36,0.158,True,0.2508,,,,,,,,,,,,,,,,
2026-02-09,a3c772d3fde52dbae832bi,2026-02-09 12:00:00.000,120,True,25,158,173,2323,17.32,232.36,0.158,True,0.2537,,,,,,,,,,,,,,,,
2026-02-09,a3c772d3fde52dbae832bi,2026-02-09 12:10:00.000,121,True,25,117,128,2326,12.86,232.6,0.117,True,0.2558,,,,,,,,,,,,,,,,
2026-02-09,a3c772d3fde52dbae832bi,2026-02-09 12:20:00.000,122,True,25,137,150,2322,15.08,232.27,0.138,True,0.2583,,,,,,,,,,,,,,,,
2026-02-09,a3c772d3fde52dbae832bi,2026-02-09 12:30:00.000,123,True,26,137,150,2322,15.08,232.27,0.138,True,0.2609,,,,,,,,,,,,,,,,
2026-02-09,a3c772d3fde52dbae832bi,2026-02-09 12:40:00.000,124,True,26,137,150,2321,15.07,232.14,0.138,True,0.2634,,,,,,,,,,,,,,,,
2026-02-09,a3c772d3fde52dbae832bi,2026-02-09 12:50:00.000,125,True,26,117,128,2320,12.84,232.08,0.117,True,0.2655,,,,,,,,,,,,,,,,
2026-02-09,a3c772d3fde52dbae832bi,2026-02-09 13:00:00.000,126,True,26,137,149,2308,14.96,230.89,0.137,True,0.268,,,,,,,,,,,,,,,,
2026-02-09,a3c772d3fde52dbae832bi,2026-02-09 13:10:00.000,127,True,27,116,126,2305,12.69,230.51,0.117,True,0.2701,,,,,,,,,,,,,,,,
2026-02-09,a3c772d3fde52dbae832bi,2026-02-09 13:20:00.000,128,True,27,116,126,2303,12.7,230.39,0.117,True,0.2722,,,,,,,,,,,,,,,,
2026-02-09,a3c772d3fde52dbae832bi,2026-02-09 13:30:00.000,129,True,27,116,126,2303,12.7,230.39,0.117,True,0.2743,,,,,,,,,,,,,,,,
2026-02-09,a3c772d3fde52dbae832bi,2026-02-09 13:40:00.000,130,True,27,56,61,2294,6.12,229.4,0.057,True,0.2754,,,,,,,,,,,,,,,,
2026-02-09,a3c772d3fde52dbae832bi,2026-02-09 13:50:00.000,131,True,27,56,61,2294,6.12,229.4,0.057,True,0.2764,,,,,,,,,,,,,,,,
2026-02-09,a3c772d3fde52dbae832bi,2026-02-09 14:00:00.000,132,True,27,76,82,2297,8.29,229.75,0.076,True,0.2778,,,,,,,,,,,,,,,,
2026-02-09,a3c772d3fde52dbae832bi,2026-02-09 14:10:00.000,133,True,27,76,82,2290,8.25,229.04,0.076,True,0.2791,,,,,,,,,,,,,,,,
2026-02-09,a3c772d3fde52dbae832bi,2026-02-09 14:20:00.000,134,True,28,56,61,2292,6.1,229.2,0.056,True,0.2802,,,,,,,,,,,,,,,,
2026-02-09,a3c772d3fde52dbae832bi,2026-02-09 14:30:00.000,135,True,28,56,61,2292,6.1,229.2,0.056,True,0.2812,,,,,,,,,,,,,,,,
2026-02-09,a3c772d3fde52dbae832bi,2026-02-09 14:40:00.000,136,True,28,76,82,2291,8.26,229.17,0.076,True,0.2826,,,,,,,,,,,,,,,,
2026-02-09,a3c772d3fde52dbae832bi,2026-02-09 14:50:00.000,137,True,28,76,82,2291,8.26,229.17,0.076,True,0.2839,,,,,,,,,,,,,,,,
2026-02-09,a3c772d3fde52dbae832bi,2026-02-09 15:00:00.000,138,True,28,56,60,2296,6.08,229.67,0.056,True,0.2849,,,,,,,,,,,,,,,,
2026-02-09,a3c772d3fde52dbae832bi,2026-02-09 15:10:00.000,139,True,28,56,60,2296,6.08,229.67,0.056,True,0.286,,,,,,,,,,,,,,,,
2026-02-09,a3c772d3fde52dbae832bi,2026-02-09 15:20:00.000,140,True,28,56,60,2298,6.1,229.8,0.056,True,0.287,,,,,,,,,,,,,,,,
2026-02-09,a3c772d3fde52dbae832bi,2026-02-09 15:30:00.000,141,True,28,56,60,2302,6.1,230.22,0.056,True,0.288,,,,,,,,,,,,,,,,
2026-02-09,a3c772d3fde52dbae832bi,2026-02-09 15:40:00.000,142,True,28,55,60,2287,6.04,228.78,0.056,True,0.289,,,,,,,,,,,,,,,,
2026-02-09,a3c772d3fde52dbae832bi,2026-02-09 15:50:00.000,143,True,29,55,60,2287,6.04,228.78,0.056,True,0.29,,,,,,,,,,,,,,,,
2026-02-10,a3c772d3fde52dbae832bi,2026-02-09 16:00:00.000,0,True,0,95,128,2290,12.82,229.09,0.096,True,0.0021,,,,,,,,,,,,,,,,
2026-02-10,a3c772d3fde52dbae832bi,2026-02-09 16:10:00.000,1,True,0,111,149,2287,14.94,228.74,0.112,True,0.0046,,,,,,,,,,,,,,,,
2026-02-10,a3c772d3fde52dbae832bi,2026-02-09 16:20:00.000,2,True,0,111,149,2295,14.97,229.51,0.112,True,0.0071,,,,,,,,,,,,,,,,
2026-02-10,a3c772d3fde52dbae832bi,2026-02-09 16:30:00.000,3,True,0,51,69,2295,6.9,229.51,0.052,True,0.0083,,,,,,,,,,,,,,,,
2026-02-10,a3c772d3fde52dbae832bi,2026-02-09 16:40:00.000,4,True,0,52,71,2310,7.11,231.03,0.053,True,0.0095,,,,,,,,,,,,,,,,
2026-02-10,a3c772d3fde52dbae832bi,2026-02-09 16:50:00.000,5,True,1,32,44,2308,4.41,230.84,0.033,True,0.0102,,,,,,,,,,,,,,,,
2026-02-10,a3c772d3fde52dbae832bi,2026-02-09 17:00:00.000,6,True,1,32,44,2308,4.41,230.82,0.033,True,0.0109,,,,,,,,,,,,,,,,
2026-02-10,a3c772d3fde52dbae832bi,2026-02-09 17:10:00.000,7,True,1,32,44,2300,4.41,230.06,0.033,True,0.0117,,,,,,,,,,,,,,,,
2026-02-10,a3c772d3fde52dbae832bi,2026-02-09 17:20:00.000,8,True,1,32,44,2301,4.41,230.17,0.033,True,0.0124,,,,,,,,,,,,,,,,
2026-02-10,a3c772d3fde52dbae832bi,2026-02-09 17:30:00.000,9,True,1,32,44,2302,4.41,230.28,0.033,True,0.0131,,,,,,,,,,,,,,,,
2026-02-10,a3c772d3fde52dbae832bi,2026-02-09 17:40:00.000,10,True,1,32,44,2301,4.41,230.19,0.033,True,0.0139,,,,,,,,,,,,,,,,
2026-02-10,a3c772d3fde52dbae832bi,2026-02-09 17:50:00.000,11,True,1,32,43,2300,4.34,230.02,0.032,True,0.0146,,,,,,,,,,,,,,,,
2026-02-10,a3c772d3fde52dbae832bi,2026-02-09 18:00:00.000,12,True,1,32,43,2296,4.34,229.62,0.032,True,0.0153,,,,,,,,,,,,,,,,
2026-02-10,a3c772d3fde52dbae832bi,2026-02-09 18:10:00.000,13,True,1,32,43,2295,4.34,229.57,0.032,True,0.016,,,,,,,,,,,,,,,,
2026-02-10,a3c772d3fde52dbae832bi,2026-02-09 18:20:00.000,14,True,1,32,43,2303,4.34,230.37,0.032,True,0.0168,,,,,,,,,,,,,,,,
2026-02-10,a3c772d3fde52dbae832bi,2026-02-09 18:30:00.000,15,True,1,31,42,2299,4.26,229.93,0.032,True,0.0175,,,,,,,,,,,,,,,,
2026-02-10,a3c772d3fde52dbae832bi,2026-02-09 18:40:00.000,16,True,1,31,42,2303,4.26,230.39,0.032,True,0.0182,,,,,,,,,,,,,,,,
2026-02-10,a3c772d3fde52dbae832bi,2026-02-09 18:50:00.000,17,True,1,31,42,2303,4.26,230.3,0.032,True,0.0189,,,,,,,,,,,,,,,,
2026-02-10,a3c772d3fde52dbae832bi,2026-02-09 19:00:00.000,18,True,1,31,42,2301,4.26,230.17,0.032,True,0.0196,,,,,,,,,,,,,,,,
2026-02-10,a3c772d3fde52dbae832bi,2026-02-09 19:10:00.000,19,True,2,31,42,2301,4.26,230.17,0.032,True,0.0203,,,,,,,,,,,,,,,,
2026-02-10,a3c772d3fde52dbae832bi,2026-02-09 19:20:00.000,20,True,2,31,42,2303,4.26,230.35,0.032,True,0.021,,,,,,,,,,,,,,,,
2026-02-10,a3c772d3fde52dbae832bi,2026-02-09 19:30:00.000,21,True,2,31,42,2302,4.26,230.27,0.032,True,0.0217,,,,,,,,,,,,,,,,
2026-02-10,a3c772d3fde52dbae832bi,2026-02-09 19:40:00.000,22,True,2,31,42,2309,4.28,230.96,0.032,True,0.0224,,,,,,,,,,,,,,,,
2026-02-10,a3c772d3fde52dbae832bi,2026-02-09 19:50:00.000,23,True,2,32,43,2302,4.31,230.25,0.032,True,0.0232,,,,,,,,,,,,,,,,
2026-02-10,a3c772d3fde52dbae832bi,2026-02-09 20:00:00.000,24,True,2,32,43,2301,4.31,230.12,0.032,True,0.0239,,,,,,,,,,,,,,,,
2026-02-10,a3c772d3fde52dbae832bi,2026-02-09 20:10:00.000,25,True,2,31,43,2305,4.31,230.57,0.032,True,0.0246,,,,,,,,,,,,,,,,
2026-02-10,a3c772d3fde52dbae832bi,2026-02-09 20:20:00.000,26,True,2,32,43,2300,4.31,230.06,0.032,True,0.0253,,,,,,,,,,,,,,,,
2026-02-10,a3c772d3fde52dbae832bi,2026-02-09 20:30:00.000,27,True,2,32,43,2304,4.31,230.4,0.032,True,0.026,,,,,,,,,,,,,,,,
2026-02-10,a3c772d3fde52dbae832bi,2026-02-09 20:40:00.000,28,True,2,32,43,2316,4.37,231.62,0.032,True,0.0268,,,,,,,,,,,,,,,,
2026-02-10,a3c772d3fde52dbae832bi,2026-02-09 20:50:00.000,29,True,2,0,189,2319,18.93,231.99,0.0,True,0.0299,,,,,,,,,,,,,,,,
2026-02-10,a3c772d3fde52dbae832bi,2026-02-09 21:00:00.000,30,True,3,0,189,2311,18.93,231.14,0.0,True,0.0331,,,,,,,,,,,,,,,,
2026-02-10,a3c772d3fde52dbae832bi,2026-02-09 21:10:00.000,31,True,3,0,189,2318,18.93,231.83,0.0,True,0.0362,,,,,,,,,,,,,,,,
2026-02-10,a3c772d3fde52dbae832bi,2026-02-09 21:20:00.000,32,True,3,0,189,2314,18.93,231.41,0.0,True,0.0394,,,,,,,,,,,,,,,,
2026-02-10,a3c772d3fde52dbae832bi,2026-02-09 21:30:00.000,33,True,4,0,189,2308,18.93,230.84,0.0,True,0.0425,,,,,,,,,,,,,,,,
2026-02-10,a3c772d3fde52dbae832bi,2026-02-09 21:40:00.000,34,True,4,0,189,2314,18.93,231.42,0.0,True,0.0457,,,,,,,,,,,,,,,,
2026-02-10,a3c772d3fde52dbae832bi,2026-02-09 21:50:00.000,35,True,4,0,189,2315,18.93,231.52,0.0,True,0.0489,,,,,,,,,,,,,,,,
2026-02-10,a3c772d3fde52dbae832bi,2026-02-09 22:00:00.000,36,True,5,0,189,2309,18.93,230.92,0.0,True,0.052,,,,,,,,,,,,,,,,
2026-02-10,a3c772d3fde52dbae832bi,2026-02-09 22:10:00.000,37,True,5,0,189,2309,18.93,230.95,0.0,True,0.0552,,,,,,,,,,,,,,,,
2026-02-10,a3c772d3fde52dbae832bi,2026-02-09 22:20:00.000,38,True,5,0,189,2312,18.93,231.26,0.0,True,0.0583,,,,,,,,,,,,,,,,
2026-02-10,a3c772d3fde52dbae832bi,2026-02-09 22:30:00.000,39,True,6,0,189,2312,18.93,231.26,0.0,True,0.0615,,,,,,,,,,,,,,,,
2026-02-10,a3c772d3fde52dbae832bi,2026-02-09 22:40:00.000,40,True,6,0,189,2315,18.93,231.56,0.0,True,0.0646,,,,,,,,,,,,,,,,
2026-02-10,a3c772d3fde52dbae832bi,2026-02-09 22:50:00.000,41,True,6,0,189,2309,18.93,230.91,0.0,True,0.0678,,,,,,,,,,,,,,,,
2026-02-10,a3c772d3fde52dbae832bi,2026-02-09 23:00:00.000,42,True,7,0,189,2313,18.93,231.38,0.0,True,0.0709,,,,,,,,,,,,,,,,
2026-02-10,a3c772d3fde52dbae832bi,2026-02-09 23:10:00.000,43,True,7,0,189,2310,18.93,231.0,0.0,True,0.0741,,,,,,,,,,,,,,,,
2026-02-10,a3c772d3fde52dbae832bi,2026-02-09 23:20:00.000,44,True,7,0,189,2315,18.93,231.54,0.0,True,0.0773,,,,,,,,,,,,,,,,
2026-02-10,a3c772d3fde52dbae832bi,2026-02-09 23:30:00.000,45,True,8,0,189,2305,18.93,230.53,0.0,True,0.0804,,,,,,,,,,,,,,,,
2026-02-10,a3c772d3fde52dbae832bi,2026-02-09 23:40:00.000,46,True,8,0,189,2309,18.93,230.98,0.0,True,0.0836,,,,,,,,,,,,,,,,
2026-02-10,a3c772d3fde52dbae832bi,2026-02-09 23:50:00.000,47,True,8,0,189,2306,18.93,230.69,0.0,True,0.0867,,,,,,,,,,,,,,,,
2026-02-10,a3c772d3fde52dbae832bi,2026-02-10 00:00:00.000,48,True,8,0,189,2301,18.93,230.17,0.0,True,0.0899,,,,,,,,,,,,,,,,
2026-02-10,a3c772d3fde52dbae832bi,2026-02-10 00:10:00.000,49,True,9,0,189,2323,18.93,232.31,0.0,True,0.093,,,,,,,,,,,,,,,,
2026-02-10,a3c772d3fde52dbae832bi,2026-02-10 00:20:00.000,50,True,9,0,189,2317,18.93,231.75,0.0,True,0.0962,,,,,,,,,,,,,,,,
2026-02-10,a3c772d3fde52dbae832bi,2026-02-10 00:30:00.000,51,True,9,0,189,2321,18.93,232.13,0.0,True,0.0994,,,,,,,,,,,,,,,,
2026-02-10,a3c772d3fde52dbae832bi,2026-02-10 00:40:00.000,52,True,10,0,189,2328,18.93,232.87,0.0,True,0.1025,,,,,,,,,,,,,,,,
2026-02-10,a3c772d3fde52dbae832bi,2026-02-10 00:50:00.000,53,False,10,0,0,2317,0.0,231.72,0.0,False,0.1025,,,,,,,,,,,,,,,,
2026-02-10,a3c772d3fde52dbae832bi,2026-02-10 01:00:00.000,54,True,10,0,189,2321,18.93,232.18,0.0,True,0.1057,,,,,,,,,,,,,,,,
2026-02-10,a3c772d3fde52dbae832bi,2026-02-10 01:10:00.000,55,True,10,0,189,2310,18.93,231.09,0.0,True,0.1088,,,,,,,,,,,,,,,,
2026-02-10,a3c772d3fde52dbae832bi,2026-02-10 01:20:00.000,56,True,11,0,189,2334,18.93,233.4,0.0,True,0.112,,,,,,,,,,,,,,,,
2026-02-10,a3c772d3fde52dbae832bi,2026-02-10 01:30:00.000,57,True,11,0,189,2334,18.93,233.4,0.0,True,0.1151,,,,,,,,,,,,,,,,
2026-02-10,a3c772d3fde52dbae832bi,2026-02-10 01:40:00.000,58,True,11,0,189,2328,18.93,232.81,0.0,True,0.1183,,,,,,,,,,,,,,,,
2026-02-10,a3c772d3fde52dbae832bi,2026-02-10 01:50:00.000,59,True,12,0,189,2313,18.93,231.31,0.0,True,0.1214,,,,,,,,,,,,,,,,
2026-02-10,a3c772d3fde52dbae832bi,2026-02-10 02:00:00.000,60,True,12,0,189,2303,18.93,230.3,0.0,True,0.1246,,,,,,,,,,,,,,,,
2026-02-10,a3c772d3fde52dbae832bi,2026-02-10 02:10:00.000,61,True,12,0,189,2297,18.93,229.76,0.0,True,0.1278,,,,,,,,,,,,,,,,
2026-02-10,a3c772d3fde52dbae832bi,2026-02-10 02:20:00.000,62,True,13,0,189,2299,18.93,229.97,0.0,True,0.1309,,,,,,,,,,,,,,,,
2026-02-10,a3c772d3fde52dbae832bi,2026-02-10 02:30:00.000,63,True,13,0,189,2300,18.93,230.07,0.0,True,0.1341,,,,,,,,,,,,,,,,
2026-02-10,a3c772d3fde52dbae832bi,2026-02-10 02:40:00.000,64,True,13,0,189,2300,18.93,230.01,0.0,True,0.1372,,,,,,,,,,,,,,,,
2026-02-10,a3c772d3fde52dbae832bi,2026-02-10 02:50:00.000,65,True,14,0,189,2298,18.93,229.81,0.0,True,0.1404,,,,,,,,,,,,,,,,
2026-02-10,a3c772d3fde52dbae832bi,2026-02-10 03:00:00.000,66,True,14,0,189,2302,18.93,230.23,0.0,True,0.1435,,,,,,,,,,,,,,,,
2026-02-10,a3c772d3fde52dbae832bi,2026-02-10 03:10:00.000,67,True,14,0,189,2298,18.93,229.81,0.0,True,0.1467,,,,,,,,,,,,,,,,
2026-02-10,a3c772d3fde52dbae832bi,2026-02-10 03:20:00.000,68,True,14,0,189,2301,18.93,230.12,0.0,True,0.1498,,,,,,,,,,,,,,,,
2026-02-10,a3c772d3fde52dbae832bi,2026-02-10 03:30:00.000,69,True,15,0,189,2310,18.93,231.09,0.0,True,0.153,,,,,,,,,,,,,,,,
2026-02-10,a3c772d3fde52dbae832bi,2026-02-10 03:40:00.000,70,True,15,0,189,2312,18.93,231.29,0.0,True,0.1562,,,,,,,,,,,,,,,,
2026-02-10,a3c772d3fde52dbae832bi,2026-02-10 03:50:00.000,71,True,15,0,189,2323,18.93,232.3,0.0,True,0.1593,,,,,,,,,,,,,,,,
2026-02-10,a3c772d3fde52dbae832bi,2026-02-10 04:00:00.000,72,True,16,0,189,2304,18.93,230.46,0.0,True,0.1625,,,,,,,,,,,,,,,,
2026-02-10,a3c772d3fde52dbae832bi,2026-02-10 04:10:00.000,73,True,16,0,189,2305,18.93,230.57,0.0,True,0.1656,,,,,,,,,,,,,,,,
2026-02-10,a3c772d3fde52dbae832bi,2026-02-10 04:20:00.000,74,True,16,0,189,2322,18.93,232.22,0.0,True,0.1688,,,,,,,,,,,,,,,,
2026-02-10,a3c772d3fde52dbae832bi,2026-02-10 04:30:00.000,75,True,17,0,189,2297,18.93,229.72,0.0,True,0.1719,,,,,,,,,,,,,,,,
2026-02-10,a3c772d3fde52dbae832bi,2026-02-10 04:40:00.000,76,True,17,0,189,2305,18.93,230.56,0.0,True,0.1751,,,,,,,,,,,,,,,,
2026-02-10,a3c772d3fde52dbae832bi,2026-02-10 04:50:00.000,77,True,17,0,189,2305,18.93,230.52,0.0,True,0.1782,,,,,,,,,,,,,,,,
2026-02-10,a3c772d3fde52dbae832bi,2026-02-10 05:00:00.000,78,True,17,41,56,2309,5.63,230.9,0.042,True,0.1792,,,,,,,,,,,,,,,,
2026-02-10,a3c772d3fde52dbae832bi,2026-02-10 05:10:00.000,79,False,17,0,0,2321,0.0,232.15,0.0,False,0.1792,,,,,,,,,,,,,,,,
2026-02-10,a3c772d3fde52dbae832bi,2026-02-10 05:20:00.000,80,True,17,20,28,2317,2.81,231.78,0.021,True,0.1797,,,,,,,,,,,,,,,,
2026-02-10,a3c772d3fde52dbae832bi,2026-02-10 05:30:00.000,81,False,17,0,0,2330,0.0,233.07,0.0,False,0.1797,,,,,,,,,,,,,,,,
2026-02-10,a3c772d3fde52dbae832bi,2026-02-10 05:40:00.000,82,True,18,20,28,2309,2.81,230.9,0.021,True,0.1801,,,,,,,,,,,,,,,,
2026-02-10,a3c772d3fde52dbae832bi,2026-02-10 05:50:00.000,83,True,18,20,28,2309,2.81,230.9,0.021,True,0.1806,,,,,,,,,,,,,,,,
2026-02-10,a3c772d3fde52dbae832bi,2026-02-10 06:00:00.000,84,True,18,60,82,2317,8.22,231.75,0.061,True,0.182,,,,,,,,,,,,,,,,
2026-02-10,a3c772d3fde52dbae832bi,2026-02-10 06:10:00.000,85,True,18,40,54,2324,5.5,232.48,0.04,True,0.1829,,,,,,,,,,,,,,,,
2026-02-10,a3c772d3fde52dbae832bi,2026-02-10 06:20:00.000,86,True,18,82,111,2317,11.13,231.76,0.082,True,0.1847,,,,,,,,,,,,,,,,
2026-02-10,a3c772d3fde52dbae832bi,2026-02-10 06:30:00.000,87,True,18,84,114,2311,11.42,231.17,0.085,True,0.1866,,,,,,,,,,,,,,,,
2026-02-10,a3c772d3fde52dbae832bi,2026-02-10 06:40:00.000,88,True,18,99,134,2314,13.44,231.41,0.099,True,0.1889,,,,,,,,,,,,,,,,
2026-02-10,a3c772d3fde52dbae832bi,2026-02-10 06:50:00.000,89,True,19,122,165,2311,16.55,231.16,0.123,True,0.1916,,,,,,,,,,,,,,,,
2026-02-10,a3c772d3fde52dbae832bi,2026-02-10 07:00:00.000,90,True,19,81,109,2304,10.97,230.43,0.082,True,0.1935,,,,,,,,,,,,,,,,
2026-02-10,a3c772d3fde52dbae832bi,2026-02-10 07:10:00.000,91,True,19,143,193,2311,19.36,231.16,0.143,True,0.1967,,,,,,,,,,,,,,,,
2026-02-10,a3c772d3fde52dbae832bi,2026-02-10 07:20:00.000,92,True,19,122,164,2304,16.46,230.42,0.122,True,0.1994,,,,,,,,,,,,,,,,
2026-02-10,a3c772d3fde52dbae832bi,2026-02-10 07:30:00.000,93,True,20,138,160,1980,16.03,198.06,0.139,True,0.2021,,,,,,,,,,,,,,,,
2026-02-10,a3c772d3fde52dbae832bi,2026-02-10 07:40:00.000,94,True,20,138,187,2310,18.7,231.09,0.139,True,0.2052,,,,,,,,,,,,,,,,
2026-02-10,a3c772d3fde52dbae832bi,2026-02-10 07:50:00.000,95,True,20,138,186,2312,18.67,231.27,0.138,True,0.2083,,,,,,,,,,,,,,,,
2026-02-10,a3c772d3fde52dbae832bi,2026-02-10 08:00:00.000,96,True,21,138,186,2312,18.67,231.27,0.138,True,0.2114,,,,,,,,,,,,,,,,
2026-02-10,a3c772d3fde52dbae832bi,2026-02-10 08:10:00.000,97,True,21,158,214,2314,21.46,231.47,0.159,True,0.215,,,,,,,,,,,,,,,,
2026-02-10,a3c772d3fde52dbae832bi,2026-02-10 08:20:00.000,98,True,21,158,214,2316,21.42,231.64,0.158,True,0.2186,,,,,,,,,,,,,,,,
2026-02-10,a3c772d3fde52dbae832bi,2026-02-10 08:30:00.000,99,True,22,158,214,2316,21.42,231.64,0.158,True,0.2222,,,,,,,,,,,,,,,,
2026-02-10,a3c772d3fde52dbae832bi,2026-02-10 08:40:00.000,100,True,22,178,241,2320,24.14,232.02,0.178,True,0.2262,,,,,,,,,,,,,,,,
2026-02-10,a3c772d3fde52dbae832bi,2026-02-10 08:50:00.000,101,True,22,158,214,2319,21.42,231.96,0.158,True,0.2298,,,,,,,,,,,,,,,,
2026-02-10,a3c772d3fde52dbae832bi,2026-02-10 09:00:00.000,102,True,23,158,214,2319,21.41,231.96,0.158,True,0.2333,,,,,,,,,,,,,,,,
2026-02-10,a3c772d3fde52dbae832bi,2026-02-10 09:10:00.000,103,True,23,137,186,2317,18.64,231.76,0.138,True,0.2364,,,,,,,,,,,,,,,,
2026-02-10,a3c772d3fde52dbae832bi,2026-02-10 09:20:00.000,104,True,23,158,214,2319,21.41,231.9,0.158,True,0.24,,,,,,,,,,,,,,,,
2026-02-10,a3c772d3fde52dbae832bi,2026-02-10 09:30:00.000,105,True,24,157,213,2319,21.4,231.96,0.158,True,0.2436,,,,,,,,,,,,,,,,
2026-02-10,a3c772d3fde52dbae832bi,2026-02-10 09:40:00.000,106,True,24,117,158,2315,15.87,231.5,0.117,True,0.2462,,,,,,,,,,,,,,,,
2026-02-10,a3c772d3fde52dbae832bi,2026-02-10 09:50:00.000,107,True,24,157,213,2315,21.36,231.53,0.158,True,0.2498,,,,,,,,,,,,,,,,
2026-02-10,a3c772d3fde52dbae832bi,2026-02-10 10:00:00.000,108,True,25,137,186,2314,18.64,231.46,0.138,True,0.2529,,,,,,,,,,,,,,,,
2026-02-10,a3c772d3fde52dbae832bi,2026-02-10 10:10:00.000,109,True,25,117,158,2315,15.87,231.52,0.117,True,0.2555,,,,,,,,,,,,,,,,
2026-02-10,a3c772d3fde52dbae832bi,2026-02-10 10:20:00.000,110,True,25,117,157,2308,15.77,230.8,0.117,True,0.2581,,,,,,,,,,,,,,,,
2026-02-10,a3c772d3fde52dbae832bi,2026-02-10 10:30:00.000,111,True,26,116,157,2308,15.73,230.8,0.117,True,0.2608,,,,,,,,,,,,,,,,
2026-02-10,a3c772d3fde52dbae832bi,2026-02-10 10:40:00.000,112,True,26,96,130,2313,13.04,231.36,0.097,True,0.2629,,,,,,,,,,,,,,,,
2026-02-10,a3c772d3fde52dbae832bi,2026-02-10 10:50:00.000,113,True,26,136,184,2313,18.49,231.3,0.137,True,0.266,,,,,,,,,,,,,,,,
2026-02-10,a3c772d3fde52dbae832bi,2026-02-10 11:00:00.000,114,True,26,116,158,2317,15.8,231.77,0.117,True,0.2687,,,,,,,,,,,,,,,,
2026-02-10,a3c772d3fde52dbae832bi,2026-02-10 11:10:00.000,115,True,27,97,131,2327,13.19,232.74,0.097,True,0.2709,,,,,,,,,,,,,,,,
2026-02-10,a3c772d3fde52dbae832bi,2026-02-10 11:20:00.000,116,True,27,97,131,2322,13.16,232.24,0.097,True,0.273,,,,,,,,,,,,,,,,
2026-02-10,a3c772d3fde52dbae832bi,2026-02-10 11:30:00.000,117,True,27,117,159,2325,15.95,232.57,0.117,True,0.2757,,,,,,,,,,,,,,,,
2026-02-10,a3c772d3fde52dbae832bi,2026-02-10 11:40:00.000,118,True,27,97,131,2320,13.15,232.04,0.097,True,0.2779,,,,,,,,,,,,,,,,
2026-02-10,a3c772d3fde52dbae832bi,2026-02-10 11:50:00.000,119,True,28,158,214,2323,21.47,232.36,0.158,True,0.2815,,,,,,,,,,,,,,,,
2026-02-10,a3c772d3fde52dbae832bi,2026-02-10 12:00:00.000,120,True,28,158,214,2323,21.44,232.36,0.158,True,0.285,,,,,,,,,,,,,,,,
2026-02-10,a3c772d3fde52dbae832bi,2026-02-10 12:10:00.000,121,True,28,117,159,2326,15.92,232.6,0.117,True,0.2877,,,,,,,,,,,,,,,,
2026-02-10,a3c772d3fde52dbae832bi,2026-02-10 12:20:00.000,122,True,29,137,186,2322,18.66,232.27,0.138,True,0.2908,,,,,,,,,,,,,,,,
2026-02-10,a3c772d3fde52dbae832bi,2026-02-10 12:30:00.000,123,True,29,137,186,2322,18.66,232.27,0.138,True,0.2939,,,,,,,,,,,,,,,,
2026-02-10,a3c772d3fde52dbae832bi,2026-02-10 12:40:00.000,124,True,29,137,186,2321,18.65,232.14,0.138,True,0.297,,,,,,,,,,,,,,,,
2026-02-10,a3c772d3fde52dbae832bi,2026-02-10 12:50:00.000,125,True,29,117,158,2320,15.89,232.08,0.117,True,0.2997,,,,,,,,,,,,,,,,
2026-02-10,a3c772d3fde52dbae832bi,2026-02-10 13:00:00.000,126,True,30,137,185,2308,18.51,230.89,0.137,True,0.3028,,,,,,,,,,,,,,,,
2026-02-10,a3c772d3fde52dbae832bi,2026-02-10 13:10:00.000,127,True,30,116,157,2305,15.7,230.51,0.117,True,0.3054,,,,,,,,,,,,,,,,
2026-02-10,a3c772d3fde52dbae832bi,2026-02-10 13:20:00.000,128,True,30,116,157,2303,15.72,230.39,0.117,True,0.308,,,,,,,,,,,,,,,,
2026-02-10,a3c772d3fde52dbae832bi,2026-02-10 13:30:00.000,129,True,31,116,157,2303,15.72,230.39,0.117,True,0.3106,,,,,,,,,,,,,,,,
2026-02-10,a3c772d3fde52dbae832bi,2026-02-10 13:40:00.000,130,True,31,56,75,2294,7.57,229.4,0.057,True,0.3119,,,,,,,,,,,,,,,,
2026-02-10,a3c772d3fde52dbae832bi,2026-02-10 13:50:00.000,131,True,31,56,75,2294,7.57,229.4,0.057,True,0.3131,,,,,,,,,,,,,,,,
2026-02-10,a3c772d3fde52dbae832bi,2026-02-10 14:00:00.000,132,True,31,76,102,2297,10.26,229.75,0.076,True,0.3149,,,,,,,,,,,,,,,,
2026-02-10,a3c772d3fde52dbae832bi,2026-02-10 14:10:00.000,133,True,31,76,102,2290,10.21,229.04,0.076,True,0.3166,,,,,,,,,,,,,,,,
2026-02-10,a3c772d3fde52dbae832bi,2026-02-10 14:20:00.000,134,True,31,56,75,2292,7.55,229.2,0.056,True,0.3178,,,,,,,,,,,,,,,,
2026-02-10,a3c772d3fde52dbae832bi,2026-02-10 14:30:00.000,135,True,31,56,75,2292,7.55,229.2,0.056,True,0.3191,,,,,,,,,,,,,,,,
2026-02-10,a3c772d3fde52dbae832bi,2026-02-10 14:40:00.000,136,True,32,76,102,2291,10.22,229.17,0.076,True,0.3208,,,,,,,,,,,,,,,,
2026-02-10,a3c772d3fde52dbae832bi,2026-02-10 14:50:00.000,137,True,32,76,102,2291,10.22,229.17,0.076,True,0.3225,,,,,,,,,,,,,,,,
2026-02-10,a3c772d3fde52dbae832bi,2026-02-10 15:00:00.000,138,True,32,56,75,2296,7.53,229.67,0.056,True,0.3237,,,,,,,,,,,,,,,,
2026-02-10,a3c772d3fde52dbae832bi,2026-02-10 15:10:00.000,139,True,32,56,75,2296,7.53,229.67,0.056,True,0.325,,,,,,,,,,,,,,,,
2026-02-10,a3c772d3fde52dbae832bi,2026-02-10 15:20:00.000,140,True,32,56,75,2298,7.55,229.8,0.056,True,0.3263,,,,,,,,,,,,,,,,
2026-02-10,a3c772d3fde52dbae832bi,2026-02-10 15:30:00.000,141,True,32,56,75,2302,7.55,230.22,0.056,True,0.3275,,,,,,,,,,,,,,,,
2026-02-10,a3c772d3fde52dbae832bi,2026-02-10 15:40:00.000,142,True,32,55,74,2287,7.48,228.78,0.056,True,0.3288,,,,,,,,,,,,,,,,
2026-02-10,a3c772d3fde52dbae832bi,2026-02-10 15:50:00.000,143,True,33,55,74,2287,7.48,228.78,0.056,True,0.33,,,,,,,,,,,,,,,,
2026-02-11,a3c772d3fde52dbae832bi,2026-02-10 16:00:00.000,0,True,0,95,133,2290,13.39,229.09,0.096,True,0.0022,,,,,,,,,,,,,,,,
2026-02-11,a3c772d3fde52dbae832bi,2026-02-10 16:10:00.000,1,True,0,111,156,2287,15.61,228.74,0.112,True,0.0048,,,,,,,,,,,,,,,,
2026-02-11,a3c772d3fde52dbae832bi,2026-02-10 16:20:00.000,2,True,0,111,156,2295,15.63,229.51,0.112,True,0.0074,,,,,,,,,,,,,,,,
2026-02-11,a3c772d3fde52dbae832bi,2026-02-10 16:30:00.000,3,True,0,51,72,2295,7.21,229.51,0.052,True,0.0086,,,,,,,,,,,,,,,,
2026-02-11,a3c772d3fde52dbae832bi,2026-02-10 16:40:00.000,4,True,0,52,74,2310,7.42,231.03,0.053,True,0.0099,,,,,,,,,,,,,,,,
2026-02-11,a3c772d3fde52dbae832bi,2026-02-10 16:50:00.000,5,True,1,32,46,2308,4.61,230.84,0.033,True,0.0106,,,,,,,,,,,,,,,,
2026-02-11,a3c772d3fde52dbae832bi,2026-02-10 17:00:00.000,6,True,1,32,46,2308,4.61,230.82,0.033,True,0.0114,,,,,,,,,,,,,,,,
2026-02-11,a3c772d3fde52dbae832bi,2026-02-10 17:10:00.000,7,True,1,32,46,2300,4.61,230.06,0.033,True,0.0122,,,,,,,,,,,,,,,,
2026-02-11,a3c772d3fde52dbae832bi,2026-02-10 17:20:00.000,8,True,1,32,46,2301,4.61,230.17,0.033,True,0.013,,,,,,,,,,,,,,,,
2026-02-11,a3c772d3fde52dbae832bi,2026-02-10 17:30:00.000,9,True,1,32,46,2302,4.61,230.28,0.033,True,0.0137,,,,,,,,,,,,,,,,
2026-02-11,a3c772d3fde52dbae832bi,2026-02-10 17:40:00.000,10,True,1,32,46,2301,4.61,230.19,0.033,True,0.0145,,,,,,,,,,,,,,,,
2026-02-11,a3c772d3fde52dbae832bi,2026-02-10 17:50:00.000,11,True,1,32,45,2300,4.54,230.02,0.032,True,0.0152,,,,,,,,,,,,,,,,
2026-02-11,a3c772d3fde52dbae832bi,2026-02-10 18:00:00.000,12,True,1,32,45,2296,4.54,229.62,0.032,True,0.016,,,,,,,,,,,,,,,,
2026-02-11,a3c772d3fde52dbae832bi,2026-02-10 18:10:00.000,13,True,1,32,45,2295,4.54,229.57,0.032,True,0.0168,,,,,,,,,,,,,,,,
2026-02-11,a3c772d3fde52dbae832bi,2026-02-10 18:20:00.000,14,True,1,32,45,2303,4.54,230.37,0.032,True,0.0175,,,,,,,,,,,,,,,,
2026-02-11,a3c772d3fde52dbae832bi,2026-02-10 18:30:00.000,15,True,1,31,44,2299,4.45,229.93,0.032,True,0.0183,,,,,,,,,,,,,,,,
2026-02-11,a3c772d3fde52dbae832bi,2026-02-10 18:40:00.000,16,True,1,31,44,2303,4.45,230.39,0.032,True,0.019,,,,,,,,,,,,,,,,
2026-02-11,a3c772d3fde52dbae832bi,2026-02-10 18:50:00.000,17,True,1,31,44,2303,4.45,230.3,0.032,True,0.0197,,,,,,,,,,,,,,,,
2026-02-11,a3c772d3fde52dbae832bi,2026-02-10 19:00:00.000,18,True,2,31,44,2301,4.45,230.17,0.032,True,0.0205,,,,,,,,,,,,,,,,
2026-02-11,a3c772d3fde52dbae832bi,2026-02-10 19:10:00.000,19,True,2,31,44,2301,4.45,230.17,0.032,True,0.0212,,,,,,,,,,,,,,,,
2026-02-11,a3c772d3fde52dbae832bi,2026-02-10 19:20:00.000,20,True,2,31,44,2303,4.45,230.35,0.032,True,0.022,,,,,,,,,,,,,,,,
2026-02-11,a3c772d3fde52dbae832bi,2026-02-10 19:30:00.000,21,True,2,31,44,2302,4.45,230.27,0.032,True,0.0227,,,,,,,,,,,,,,,,
2026-02-11,a3c772d3fde52dbae832bi,2026-02-10 19:40:00.000,22,True,2,31,44,2309,4.47,230.96,0.032,True,0.0234,,,,,,,,,,,,,,,,
2026-02-11,a3c772d3fde52dbae832bi,2026-02-10 19:50:00.000,23,True,2,32,45,2302,4.5,230.25,0.032,True,0.0242,,,,,,,,,,,,,,,,
2026-02-11,a3c772d3fde52dbae832bi,2026-02-10 20:00:00.000,24,True,2,32,45,2301,4.5,230.12,0.032,True,0.0249,,,,,,,,,,,,,,,,
2026-02-11,a3c772d3fde52dbae832bi,2026-02-10 20:10:00.000,25,True,2,31,45,2305,4.5,230.57,0.032,True,0.0257,,,,,,,,,,,,,,,,
2026-02-11,a3c772d3fde52dbae832bi,2026-02-10 20:20:00.000,26,True,2,32,45,2300,4.5,230.06,0.032,True,0.0264,,,,,,,,,,,,,,,,
2026-02-11,a3c772d3fde52dbae832bi,2026-02-10 20:30:00.000,27,True,2,32,45,2304,4.5,230.4,0.032,True,0.0272,,,,,,,,,,,,,,,,
2026-02-11,a3c772d3fde52dbae832bi,2026-02-10 20:40:00.000,28,True,2,32,45,2316,4.57,231.62,0.032,True,0.028,,,,,,,,,,,,,,,,
2026-02-11,a3c772d3fde52dbae832bi,2026-02-10 20:50:00.000,29,True,3,0,191,2319,19.19,231.99,0.0,True,0.0312,,,,,,,,,,,,,,,,
2026-02-11,a3c772d3fde52dbae832bi,2026-02-10 21:00:00.000,30,True,3,0,191,2311,19.19,231.14,0.0,True,0.0344,,,,,,,,,,,,,,,,
2026-02-11,a3c772d3fde52dbae832bi,2026-02-10 21:10:00.000,31,True,3,0,191,2318,19.19,231.83,0.0,True,0.0376,,,,,,,,,,,,,,,,
2026-02-11,a3c772d3fde52dbae832bi,2026-02-10 21:20:00.000,32,True,4,0,191,2314,19.19,231.41,0.0,True,0.0408,,,,,,,,,,,,,,,,
2026-02-11,a3c772d3fde52dbae832bi,2026-02-10 21:30:00.000,33,True,4,0,191,2308,19.19,230.84,0.0,True,0.044,,,,,,,,,,,,,,,,
2026-02-11,a3c772d3fde52dbae832bi,2026-02-10 21:40:00.000,34,True,4,0,191,2314,19.19,231.42,0.0,True,0.0472,,,,,,,,,,,,,,,,
2026-02-11,a3c772d3fde52dbae832bi,2026-02-10 21:50:00.000,35,True,5,0,191,2315,19.19,231.52,0.0,True,0.0504,,,,,,,,,,,,,,,,
2026-02-11,a3c772d3fde52dbae832bi,2026-02-10 22:00:00.000,36,True,5,0,191,2309,19.19,230.92,0.0,True,0.0535,,,,,,,,,,,,,,,,
2026-02-11,a3c772d3fde52dbae832bi,2026-02-10 22:10:00.000,37,True,5,0,191,2309,19.19,230.95,0.0,True,0.0567,,,,,,,,,,,,,,,,
2026-02-11,a3c772d3fde52dbae832bi,2026-02-10 22:20:00.000,38,True,5,0,191,2312,19.19,231.26,0.0,True,0.0599,,,,,,,,,,,,,,,,
2026-02-11,a3c772d3fde52dbae832bi,2026-02-10 22:30:00.000,39,True,6,0,191,2312,19.19,231.26,0.0,True,0.0631,,,,,,,,,,,,,,,,
2026-02-11,a3c772d3fde52dbae832bi,2026-02-10 22:40:00.000,40,True,6,0,191,2315,19.19,231.56,0.0,True,0.0663,,,,,,,,,,,,,,,,
2026-02-11,a3c772d3fde52dbae832bi,2026-02-10 22:50:00.000,41,True,6,0,191,2309,19.19,230.91,0.0,True,0.0695,,,,,,,,,,,,,,,,
2026-02-11,a3c772d3fde52dbae832bi,2026-02-10 23:00:00.000,42,True,7,0,191,2313,19.19,231.38,0.0,True,0.0727,,,,,,,,,,,,,,,,
2026-02-11,a3c772d3fde52dbae832bi,2026-02-10 23:10:00.000,43,True,7,0,191,2310,19.19,231.0,0.0,True,0.0759,,,,,,,,,,,,,,,,
2026-02-11,a3c772d3fde52dbae832bi,2026-02-10 23:20:00.000,44,True,7,0,191,2315,19.19,231.54,0.0,True,0.0791,,,,,,,,,,,,,,,,
2026-02-11,a3c772d3fde52dbae832bi,2026-02-10 23:30:00.000,45,True,8,0,191,2305,19.19,230.53,0.0,True,0.0823,,,,,,,,,,,,,,,,
2026-02-11,a3c772d3fde52dbae832bi,2026-02-10 23:40:00.000,46,True,8,0,191,2309,19.19,230.98,0.0,True,0.0855,,,,,,,,,,,,,,,,
2026-02-11,a3c772d3fde52dbae832bi,2026-02-10 23:50:00.000,47,True,8,0,191,2306,19.19,230.69,0.0,True,0.0887,,,,,,,,,,,,,,,,
2026-02-11,a3c772d3fde52dbae832bi,2026-02-11 00:00:00.000,48,True,9,0,191,2301,19.19,230.17,0.0,True,0.0919,,,,,,,,,,,,,,,,
2026-02-11,a3c772d3fde52dbae832bi,2026-02-11 00:10:00.000,49,True,9,0,191,2323,19.19,232.31,0.0,True,0.0951,,,,,,,,,,,,,,,,
2026-02-11,a3c772d3fde52dbae832bi,2026-02-11 00:20:00.000,50,True,9,0,191,2317,19.19,231.75,0.0,True,0.0983,,,,,,,,,,,,,,,,
2026-02-11,a3c772d3fde52dbae832bi,2026-02-11 00:30:00.000,51,True,10,0,191,2321,19.19,232.13,0.0,True,0.1015,,,,,,,,,,,,,,,,
2026-02-11,a3c772d3fde52dbae832bi,2026-02-11 00:40:00.000,52,True,10,0,191,2328,19.19,232.87,0.0,True,0.1047,,,,,,,,,,,,,,,,
2026-02-11,a3c772d3fde52dbae832bi,2026-02-11 00:50:00.000,53,False,10,0,0,2317,0.0,231.72,0.0,False,0.1047,,,,,,,,,,,,,,,,
2026-02-11,a3c772d3fde52dbae832bi,2026-02-11 01:00:00.000,54,True,10,0,191,2321,19.19,232.18,0.0,True,0.1079,,,,,,,,,,,,,,,,
2026-02-11,a3c772d3fde52dbae832bi,2026-02-11 01:10:00.000,55,True,11,0,191,2310,19.19,231.09,0.0,True,0.1111,,,,,,,,,,,,,,,,
2026-02-11,a3c772d3fde52dbae832bi,2026-02-11 01:20:00.000,56,True,11,0,191,2334,19.19,233.4,0.0,True,0.1143,,,,,,,,,,,,,,,,
2026-02-11,a3c772d3fde52dbae832bi,2026-02-11 01:30:00.000,57,True,11,0,191,2334,19.19,233.4,0.0,True,0.1175,,,,,,,,,,,,,,,,
2026-02-11,a3c772d3fde52dbae832bi,2026-02-11 01:40:00.000,58,True,12,0,191,2328,19.19,232.81,0.0,True,0.1207,,,,,,,,,,,,,,,,
2026-02-11,a3c772d3fde52dbae832bi,2026-02-11 01:50:00.000,59,True,12,0,191,2313,19.19,231.31,0.0,True,0.1239,,,,,,,,,,,,,,,,
2026-02-11,a3c772d3fde52dbae832bi,2026-02-11 02:00:00.000,60,True,12,0,191,2303,19.19,230.3,0.0,True,0.1271,,,,,,,,,,,,,,,,
2026-02-11,a3c772d3fde52dbae832bi,2026-02-11 02:10:00.000,61,True,13,0,191,2297,19.19,229.76,0.0,True,0.1303,,,,,,,,,,,,,,,,
2026-02-11,a3c772d3fde52dbae832bi,2026-02-11 02:20:00.000,62,True,13,0,191,2299,19.19,229.97,0.0,True,0.1335,,,,,,,,,,,,,,,,
2026-02-11,a3c772d3fde52dbae832bi,2026-02-11 02:30:00.000,63,True,13,0,191,2300,19.19,230.07,0.0,True,0.1367,,,,,,,,,,,,,,,,
2026-02-11,a3c772d3fde52dbae832bi,2026-02-11 02:40:00.000,64,True,13,0,191,2300,19.19,230.01,0.0,True,0.1399,,,,,,,,,,,,,,,,
2026-02-11,a3c772d3fde52dbae832bi,2026-02-11 02:50:00.000,65,True,14,0,191,2298,19.19,229.81,0.0,True,0.1431,,,,,,,,,,,,,,,,
2026-02-11,a3c772d3fde52dbae832bi,2026-02-11 03:00:00.000,66,True,14,0,191,2302,19.19,230.23,0.0,True,0.1463,,,,,,,,,,,,,,,,
2026-02-11,a3c772d3fde52dbae832bi,2026-02-11 03:10:00.000,67,True,14,0,191,2298,19.19,229.81,0.0,True,0.1495,,,,,,,,,,,,,,,,
2026-02-11,a3c772d3fde52dbae832bi,2026-02-11 03:20:00.000,68,True,15,0,191,2301,19.19,230.12,0.0,True,0.1527,,,,,,,,,,,,,,,,
2026-02-11,a3c772d3fde52dbae832bi,2026-02-11 03:30:00.000,69,True,15,0,191,2310,19.19,231.09,0.0,True,0.1559,,,,,,,,,,,,,,,,
2026-02-11,a3c772d3fde52dbae832bi,2026-02-11 03:40:00.000,70,True,15,0,191,2312,19.19,231.29,0.0,True,0.1591,,,,,,,,,,,,,,,,
2026-02-11,a3c772d3fde52dbae832bi,2026-02-11 03:50:00.000,71,True,16,0,191,2323,19.19,232.3,0.0,True,0.1623,,,,,,,,,,,,,,,,
2026-02-11,a3c772d3fde52dbae832bi,2026-02-11 04:00:00.000,72,True,16,0,191,2304,19.19,230.46,0.0,True,0.1655,,,,,,,,,,,,,,,,
2026-02-11,a3c772d3fde52dbae832bi,2026-02-11 04:10:00.000,73,True,16,0,191,2305,19.19,230.57,0.0,True,0.1687,,,,,,,,,,,,,,,,
2026-02-11,a3c772d3fde52dbae832bi,2026-02-11 04:20:00.000,74,True,17,0,191,2322,19.19,232.22,0.0,True,0.1719,,,,,,,,,,,,,,,,
2026-02-11,a3c772d3fde52dbae832bi,2026-02-11 04:30:00.000,75,True,17,0,191,2297,19.19,229.72,0.0,True,0.1751,,,,,,,,,,,,,,,,
2026-02-11,a3c772d3fde52dbae832bi,2026-02-11 04:40:00.000,76,True,17,0,191,2305,19.19,230.56,0.0,True,0.1783,,,,,,,,,,,,,,,,
2026-02-11,a3c772d3fde52dbae832bi,2026-02-11 04:50:00.000,77,True,18,0,191,2305,19.19,230.52,0.0,True,0.1815,,,,,,,,,,,,,,,,
2026-02-11,a3c772d3fde52dbae832bi,2026-02-11 05:00:00.000,78,True,18,41,58,2309,5.88,230.9,0.042,True,0.1825,,,,,,,,,,,,,,,,
2026-02-11,a3c772d3fde52dbae832bi,2026-02-11 05:10:00.000,79,False,18,0,0,2321,0.0,232.15,0.0,False,0.1825,,,,,,,,,,,,,,,,
2026-02-11,a3c772d3fde52dbae832bi,2026-02-11 05:20:00.000,80,True,18,20,29,2317,2.94,231.78,0.021,True,0.183,,,,,,,,,,,,,,,,
2026-02-11,a3c772d3fde52dbae832bi,2026-02-11 05:30:00.000,81,False,18,0,0,2330,0.0,233.07,0.0,False,0.183,,,,,,,,,,,,,,,,
2026-02-11,a3c772d3fde52dbae832bi,2026-02-11 05:40:00.000,82,True,18,20,29,2309,2.94,230.9,0.021,True,0.1835,,,,,,,,,,,,,,,,
2026-02-11,a3c772d3fde52dbae832bi,2026-02-11 05:50:00.000,83,True,18,20,29,2309,2.94,230.9,0.021,True,0.184,,,,,,,,,,,,,,,,
2026-02-11,a3c772d3fde52dbae832bi,2026-02-11 06:00:00.000,84,True,18,60,85,2317,8.59,231.75,0.061,True,0.1854,,,,,,,,,,,,,,,,
2026-02-11,a3c772d3fde52dbae832bi,2026-02-11 06:10:00.000,85,True,18,40,57,2324,5.74,232.48,0.04,True,0.1863,,,,,,,,,,,,,,,,
2026-02-11,a3c772d3fde52dbae832bi,2026-02-11 06:20:00.000,86,True,18,82,116,2317,11.63,231.76,0.082,True,0.1883,,,,,,,,,,,,,,,,
2026-02-11,a3c772d3fde52dbae832bi,2026-02-11 06:30:00.000,87,True,19,84,119,2311,11.93,231.17,0.085,True,0.1903,,,,,,,,,,,,,,,,
2026-02-11,a3c772d3fde52dbae832bi,2026-02-11 06:40:00.000,88,True,19,99,140,2314,14.04,231.41,0.099,True,0.1926,,,,,,,,,,,,,,,,
2026-02-11,a3c772d3fde52dbae832bi,2026-02-11 06:50:00.000,89,True,19,122,172,2311,17.29,231.16,0.123,True,0.1955,,,,,,,,,,,,,,,,
2026-02-11,a3c772d3fde52dbae832bi,2026-02-11 07:00:00.000,90,True,19,81,114,2304,11.46,230.43,0.082,True,0.1974,,,,,,,,,,,,,,,,
2026-02-11,a3c772d3fde52dbae832bi,2026-02-11 07:10:00.000,91,True,20,143,202,2311,20.22,231.16,0.143,True,0.2008,,,,,,,,,,,,,,,,
2026-02-11,a3c772d3fde52dbae832bi,2026-02-11 07:20:00.000,92,True,20,122,171,2304,17.19,230.42,0.122,True,0.2036,,,,,,,,,,,,,,,,
2026-02-11,a3c772d3fde52dbae832bi,2026-02-11 07:30:00.000,93,True,20,138,167,1980,16.75,198.06,0.139,True,0.2064,,,,,,,,,,,,,,,,
2026-02-11,a3c772d3fde52dbae832bi,2026-02-11 07:40:00.000,94,True,20,138,195,2310,19.53,231.09,0.139,True,0.2097,,,,,,,,,,,,,,,,
2026-02-11,a3c772d3fde52dbae832bi,2026-02-11 07:50:00.000,95,True,21,138,195,2312,19.5,231.27,0.138,True,0.2129,,,,,,,,,,,,,,,,
2026-02-11,a3c772d3fde52dbae832bi,2026-02-11 08:00:00.000,96,True,21,138,195,2312,19.5,231.27,0.138,True,0.2162,,,,,,,,,,,,,,,,
2026-02-11,a3c772d3fde52dbae832bi,2026-02-11 08:10:00.000,97,True,21,158,224,2314,22.41,231.47,0.159,True,0.2199,,,,,,,,,,,,,,,,
2026-02-11,a3c772d3fde52dbae832bi,2026-02-11 08:20:00.000,98,True,22,158,223,2316,22.37,231.64,0.158,True,0.2236,,,,,,,,,,,,,,,,
2026-02-11,a3c772d3fde52dbae832bi,2026-02-11 08:30:00.000,99,True,22,158,223,2316,22.37,231.64,0.158,True,0.2274,,,,,,,,,,,,,,,,
2026-02-11,a3c772d3fde52dbae832bi,2026-02-11 08:40:00.000,100,True,23,178,252,2320,25.21,232.02,0.178,True,0.2316,,,,,,,,,,,,,,,,
2026-02-11,a3c772d3fde52dbae832bi,2026-02-11 08:50:00.000,101,True,23,158,223,2319,22.37,231.96,0.158,True,0.2353,,,,,,,,,,,,,,,,
2026-02-11,a3c772d3fde52dbae832bi,2026-02-11 09:00:00.000,102,True,23,158,223,2319,22.36,231.96,0.158,True,0.239,,,,,,,,,,,,,,,,
2026-02-11,a3c772d3fde52dbae832bi,2026-02-11 09:10:00.000,103,True,24,137,194,2317,19.47,231.76,0.138,True,0.2423,,,,,,,,,,,,,,,,
2026-02-11,a3c772d3fde52dbae832bi,2026-02-11 09:20:00.000,104,True,24,158,223,2319,22.36,231.9,0.158,True,0.246,,,,,,,,,,,,,,,,
2026-02-11,a3c772d3fde52dbae832bi,2026-02-11 09:30:00.000,105,True,24,157,223,2319,22.35,231.96,0.158,True,0.2497,,,,,,,,,,,,,,,,
2026-02-11,a3c772d3fde52dbae832bi,2026-02-11 09:40:00.000,106,True,25,117,165,2315,16.58,231.5,0.117,True,0.2525,,,,,,,,,,,,,,,,
2026-02-11,a3c772d3fde52dbae832bi,2026-02-11 09:50:00.000,107,True,25,157,223,2315,22.31,231.53,0.158,True,0.2562,,,,,,,,,,,,,,,,
2026-02-11,a3c772d3fde52dbae832bi,2026-02-11 10:00:00.000,108,True,25,137,194,2314,19.47,231.46,0.138,True,0.2595,,,,,,,,,,,,,,,,
2026-02-11,a3c772d3fde52dbae832bi,2026-02-11 10:10:00.000,109,True,26,117,165,2315,16.58,231.52,0.117,True,0.2622,,,,,,,,,,,,,,,,
2026-02-11,a3c772d3fde52dbae832bi,2026-02-11 10:20:00.000,110,True,26,117,164,2308,16.47,230.8,0.117,True,0.265,,,,,,,,,,,,,,,,
2026-02-11,a3c772d3fde52dbae832bi,2026-02-11 10:30:00.000,111,True,26,116,164,2308,16.43,230.8,0.117,True,0.2677,,,,,,,,,,,,,,,,
2026-02-11,a3c772d3fde52dbae832bi,2026-02-11 10:40:00.000,112,True,26,96,136,2313,13.62,231.36,0.097,True,0.27,,,,,,,,,,,,,,,,
2026-02-11,a3c772d3fde52dbae832bi,2026-02-11 10:50:00.000,113,True,27,136,193,2313,19.31,231.3,0.137,True,0.2732,,,,,,,,,,,,,,,,
2026-02-11,a3c772d3fde52dbae832bi,2026-02-11 11:00:00.000,114,True,27,116,165,2317,16.5,231.77,0.117,True,0.2759,,,,,,,,,,,,,,,,
2026-02-11,a3c772d3fde52dbae832bi,2026-02-11 11:10:00.000,115,True,27,97,137,2327,13.78,232.74,0.097,True,0.2782,,,,,,,,,,,,,,,,
2026-02-11,a3c772d3fde52dbae832bi,2026-02-11 11:20:00.000,116,True,28,97,137,2322,13.74,232.24,0.097,True,0.2805,,,,,,,,,,,,,,,,
2026-02-11,a3c772d3fde52dbae832bi,2026-02-11 11:30:00.000,117,True,28,117,166,2325,16.65,232.57,0.117,True,0.2833,,,,,,,,,,,,,,,,
2026-02-11,a3c772d3fde52dbae832bi,2026-02-11 11:40:00.000,118,True,28,97,137,2320,13.73,232.04,0.097,True,0.2856,,,,,,,,,,,,,,,,
2026-02-11,a3c772d3fde52dbae832bi,2026-02-11 11:50:00.000,119,True,28,158,224,2323,22.42,232.36,0.158,True,0.2893,,,,,,,,,,,,,,,,
2026-02-11,a3c772d3fde52dbae832bi,2026-02-11 12:00:00.000,120,True,29,158,223,2323,22.4,232.36,0.158,True,0.2931,,,,,,,,,,,,,,,,
2026-02-11,a3c772d3fde52dbae832bi,2026-02-11 12:10:00.000,121,True,29,117,166,2326,16.62,232.6,0.117,True,0.2958,,,,,,,,,,,,,,,,
2026-02-11,a3c772d3fde52dbae832bi,2026-02-11 12:20:00.000,122,True,29,137,194,2322,19.49,232.27,0.138,True,0.2991,,,,,,,,,,,,,,,,
2026-02-11,a3c772d3fde52dbae832bi,2026-02-11 12:30:00.000,123,True,30,137,194,2322,19.49,232.27,0.138,True,0.3023,,,,,,,,,,,,,,,,
2026-02-11,a3c772d3fde52dbae832bi,2026-02-11 12:40:00.000,124,True,30,137,194,2321,19.48,232.14,0.138,True,0.3056,,,,,,,,,,,,,,,,
2026-02-11,a3c772d3fde52dbae832bi,2026-02-11 12:50:00.000,125,True,30,117,165,2320,16.6,232.08,0.117,True,0.3083,,,,,,,,,,,,,,,,
2026-02-11,a3c772d3fde52dbae832bi,2026-02-11 13:00:00.000,126,True,31,137,193,2308,19.33,230.89,0.137,True,0.3116,,,,,,,,,,,,,,,,
2026-02-11,a3c772d3fde52dbae832bi,2026-02-11 13:10:00.000,127,True,31,116,164,2305,16.4,230.51,0.117,True,0.3143,,,,,,,,,,,,,,,,
2026-02-11,a3c772d3fde52dbae832bi,2026-02-11 13:20:00.000,128,True,31,116,164,2303,16.42,230.39,0.117,True,0.317,,,,,,,,,,,,,,,,
2026-02-11,a3c772d3fde52dbae832bi,2026-02-11 13:30:00.000,129,True,31,116,164,2303,16.42,230.39,0.117,True,0.3198,,,,,,,,,,,,,,,,
2026-02-11,a3c772d3fde52dbae832bi,2026-02-11 13:40:00.000,130,True,32,56,79,2294,7.91,229.4,0.057,True,0.3211,,,,,,,,,,,,,,,,
2026-02-11,a3c772d3fde52dbae832bi,2026-02-11 13:50:00.000,131,True,32,56,79,2294,7.91,229.4,0.057,True,0.3224,,,,,,,,,,,,,,,,
2026-02-11,a3c772d3fde52dbae832bi,2026-02-11 14:00:00.000,132,True,32,76,107,2297,10.72,229.75,0.076,True,0.3242,,,,,,,,,,,,,,,,
2026-02-11,a3c772d3fde52dbae832bi,2026-02-11 14:10:00.000,133,True,32,76,106,2290,10.67,229.04,0.076,True,0.326,,,,,,,,,,,,,,,,
2026-02-11,a3c772d3fde52dbae832bi,2026-02-11 14:20:00.000,134,True,32,56,78,2292,7.89,229.2,0.056,True,0.3273,,,,,,,,,,,,,,,,
2026-02-11,a3c772d3fde52dbae832bi,2026-02-11 14:30:00.000,135,True,32,56,78,2292,7.89,229.2,0.056,True,0.3286,,,,,,,,,,,,,,,,
2026-02-11,a3c772d3fde52dbae832bi,2026-02-11 14:40:00.000,136,True,33,76,106,2291,10.67,229.17,0.076,True,0.3304,,,,,,,,,,,,,,,,
2026-02-11,a3c772d3fde52dbae832bi,2026-02-11 14:50:00.000,137,True,33,76,106,2291,10.67,229.17,0.076,True,0.3321,,,,,,,,,,,,,,,,
2026-02-11,a3c772d3fde52dbae832bi,2026-02-11 15:00:00.000,138,True,33,56,78,2296,7.87,229.67,0.056,True,0.3335,,,,,,,,,,,,,,,,
2026-02-11,a3c772d3fde52dbae832bi,2026-02-11 15:10:00.000,139,True,33,56,78,2296,7.87,229.67,0.056,True,0.3348,,,,,,,,,,,,,,,,
2026-02-11,a3c772d3fde52dbae832bi,2026-02-11 15:20:00.000,140,True,33,56,78,2298,7.88,229.8,0.056,True,0.3361,,,,,,,,,,,,,,,,
2026-02-11,a3c772d3fde52dbae832bi,2026-02-11 15:30:00.000,141,True,33,56,78,2302,7.88,230.22,0.056,True,0.3374,,,,,,,,,,,,,,,,
2026-02-11,a3c772d3fde52dbae832bi,2026-02-11 15:40:00.000,142,True,33,55,78,2287,7.8,228.78,0.056,True,0.3387,,,,,,,,,,,,,,,,
2026-02-11,a3c772d3fde52dbae832bi,2026-02-11 15:50:00.000,143,True,33,55,78,2287,7.8,228.78,0.056,True,0.34,,,,,,,,,,,,,,,,
2026-02-12,a3c772d3fde52dbae832bi,2026-02-11 16:00:00.655,0,True,16,156,330,2311,33.0,231.1,0.156,True,0.16,,,,0,558,29647,15912,2620,0,last,False,relay,False,,,
2026-02-12,a3c772d3fde52dbae832bi,2026-02-11 16:10:00.911,1,True,16,156,330,2311,33.0,231.1,0.156,True,0.16,,,,0,558,29647,15912,2620,0,last,False,relay,False,,,
2026-02-12,a3c772d3fde52dbae832bi,2026-02-11 16:20:00.543,2,True,16,156,330,2311,33.0,231.1,0.156,True,0.16,,,,0,558,29647,15912,2620,0,last,False,relay,False,,,
2026-02-12,a3c772d3fde52dbae832bi,2026-02-11 16:30:00.174,3,True,16,154,327,2325,32.7,232.5,0.154,True,0.16,,,,0,558,29647,15912,2620,0,last,False,relay,False,,,
2026-02-12,a3c772d3fde52dbae832bi,2026-02-11 16:40:00.747,4,True,16,154,327,2316,32.7,231.6,0.154,True,0.16,,,,0,558,29647,15912,2620,0,last,False,relay,False,,,
2026-02-12,a3c772d3fde52dbae832bi,2026-02-11 16:50:00.308,5,True,16,154,327,2316,32.7,231.6,0.154,True,0.16,,,,0,558,29647,15912,2620,0,last,False,relay,False,,,
2026-02-12,a3c772d3fde52dbae832bi,2026-02-11 17:00:00.935,6,True,17,155,328,2325,32.8,232.5,0.155,True,0.17,,,,0,558,29647,15912,2620,0,last,False,relay,False,,,
