date,device_id,timestamp,interval_index,raw_switch_1,raw_add_ele,raw_cur_current,raw_cur_power,raw_cur_voltage,proc_power_w,proc_voltage_v,proc_current_a,proc_is_active,proc_total_kwh_accumulated,weather_temp,weather_humidity,weather_pressure,raw_countdown_1,raw_voltage_coe,raw_electric_coe,raw_power_coe,raw_electricity_coe,raw_fault,raw_relay_status,raw_overcharge_switch,raw_light_mode,raw_child_lock,raw_cycle_time,raw_random_time,raw_switch_inching
2026-01-03,a3986d20c19f33c7c107fw,2026-01-02 16:00:00,0,True,0,308,82,2284,8.27,228.4,0.308,True,0.0014,,,,,,,,,,,,,,,,
2026-01-03,a3986d20c19f33c7c107fw,2026-01-02 16:10:00,1,True,0,231,62,2284,6.22,228.45,0.232,True,0.0024,,,,,,,,,,,,,,,,
2026-01-03,a3986d20c19f33c7c107fw,2026-01-02 16:20:00,2,True,0,687,184,2282,18.41,228.22,0.687,True,0.0055,,,,,,,,,,,,,,,,
2026-01-03,a3986d20c19f33c7c107fw,2026-01-02 16:30:00,3,True,0,380,101,2271,10.16,227.19,0.381,True,0.0072,,,,,,,,,,,,,,,,
2026-01-03,a3986d20c19f33c7c107fw,2026-01-02 16:40:00,4,True,1,849,228,2287,22.81,228.73,0.849,True,0.011,,,,,,,,,,,,,,,,
2026-01-03,a3986d20c19f33c7c107fw,2026-01-02 16:50:00,5,True,1,768,205,2282,20.6,228.29,0.768,True,0.0144,,,,,,,,,,,,,,,,
2026-01-03,a3986d20c19f33c7c107fw,2026-01-02 17:00:00,6,True,1,840,225,2281,22.51,228.13,0.84,True,0.0182,,,,,,,,,,,,,,,,
2026-01-03,a3986d20c19f33c7c107fw,2026-01-02 17:10:00,7,True,2,457,122,2273,12.22,227.36,0.458,True,0.0202,,,,,,,,,,,,,,,,
2026-01-03,a3986d20c19f33c7c107fw,2026-01-02 17:20:00,8,True,2,463,124,2288,12.46,228.81,0.464,True,0.0223,,,,,,,,,,,,,,,,
2026-01-03,a3986d20c19f33c7c107fw,2026-01-02 17:30:00,9,True,2,488,131,2295,13.17,229.59,0.488,True,0.0245,,,,,,,,,,,,,,,,
2026-01-03,a3986d20c19f33c7c107fw,2026-01-02 17:40:00,10,True,2,399,107,2294,10.76,229.4,0.399,True,0.0263,,,,,,,,,,,,,,,,
2026-01-03,a3986d20c19f33c7c107fw,2026-01-02 17:50:00,11,True,2,455,122,2296,12.27,229.61,0.455,True,0.0283,,,,,,,,,,,,,,,,
2026-01-03,a3986d20c19f33c7c107fw,2026-01-02 18:00:00,12,True,3,841,225,2284,22.58,228.47,0.842,True,0.0321,,,,,,,,,,,,,,,,
2026-01-03,a3986d20c19f33c7c107fw,2026-01-02 18:10:00,13,True,3,614,165,2289,16.51,228.93,0.614,True,0.0348,,,,,,,,,,,,,,,,
2026-01-03,a3986d20c19f33c7c107fw,2026-01-02 18:20:00,14,True,3,714,191,2287,19.19,228.77,0.715,True,0.038,,,,,,,,,,,,,,,,
2026-01-03,a3986d20c19f33c7c107fw,2026-01-02 18:30:00,15,True,4,625,167,2286,16.79,228.65,0.625,True,0.0408,,,,,,,,,,,,,,,,
2026-01-03,a3986d20c19f33c7c107fw,2026-01-02 18:40:00,16,True,4,611,164,2291,16.45,229.16,0.611,True,0.0436,,,,,,,,,,,,,,,,
2026-01-03,a3986d20c19f33c7c107fw,2026-01-02 18:50:00,17,True,4,543,146,2302,14.69,230.23,0.543,True,0.046,,,,,,,,,,,,,,,,
2026-01-03,a3986d20c19f33c7c107fw,2026-01-02 19:00:00,18,True,4,622,168,2302,16.82,230.21,0.622,True,0.0488,,,,,,,,,,,,,,,,
2026-01-03,a3986d20c19f33c7c107fw,2026-01-02 19:10:00,19,True,5,454,122,2305,12.29,230.52,0.454,True,0.0509,,,,,,,,,,,,,,,,
2026-01-03,a3986d20c19f33c7c107fw,2026-01-02 19:20:00,20,True,5,454,122,2303,12.29,230.3,0.455,True,0.0529,,,,,,,,,,,,,,,,
2026-01-03,a3986d20c19f33c7c107fw,2026-01-02 19:30:00,21,True,5,610,164,2302,16.5,230.27,0.61,True,0.0557,,,,,,,,,,,,,,,,
2026-01-03,a3986d20c19f33c7c107fw,2026-01-02 19:40:00,22,True,5,451,122,2305,12.22,230.5,0.451,True,0.0577,,,,,,,,,,,,,,,,
2026-01-03,a3986d20c19f33c7c107fw,2026-01-02 19:50:00,23,True,5,450,121,2300,12.19,230.07,0.451,True,0.0597,,,,,,,,,,,,,,,,
2026-01-03,a3986d20c19f33c7c107fw,2026-01-02 20:00:00,24,True,6,529,143,2307,14.36,230.74,0.53,True,0.0621,,,,,,,,,,,,,,,,
2026-01-03,a3986d20c19f33c7c107fw,2026-01-02 20:10:00,25,True,6,531,143,2301,14.36,230.11,0.531,True,0.0645,,,,,,,,,,,,,,,,
2026-01-03,a3986d20c19f33c7c107fw,2026-01-02 20:20:00,26,True,6,151,41,2303,4.11,230.32,0.152,True,0.0652,,,,,,,,,,,,,,,,
2026-01-03,a3986d20c19f33c7c107fw,2026-01-02 20:30:00,27,True,6,158,42,2309,4.3,230.9,0.158,True,0.0659,,,,,,,,,,,,,,,,
2026-01-03,a3986d20c19f33c7c107fw,2026-01-02 20:40:00,28,True,6,152,41,2304,4.13,230.4,0.153,True,0.0666,,,,,,,,,,,,,,,,
2026-01-03,a3986d20c19f33c7c107fw,2026-01-02 20:50:00,29,True,6,231,62,2312,6.28,231.27,0.231,True,0.0677,,,,,,,,,,,,,,,,
2026-01-03,a3986d20c19f33c7c107fw,2026-01-02 21:00:00,30,True,7,539,146,2308,14.63,230.82,0.54,True,0.0701,,,,,,,,,,,,,,,,
2026-01-03,a3986d20c19f33c7c107fw,2026-01-02 21:10:00,31,True,7,607,163,2297,16.4,229.7,0.608,True,0.0728,,,,,,,,,,,,,,,,
2026-01-03,a3986d20c19f33c7c107fw,2026-01-02 21:20:00,32,True,7,607,163,2300,16.4,230.05,0.607,True,0.0756,,,,,,,,,,,,,,,,
2026-01-03,a3986d20c19f33c7c107fw,2026-01-02 21:30:00,33,True,7,453,122,2296,12.23,229.67,0.454,True,0.0776,,,,,,,,,,,,,,,,
2026-01-03,a3986d20c19f33c7c107fw,2026-01-02 21:40:00,34,True,7,530,143,2297,14.32,229.74,0.531,True,0.08,,,,,,,,,,,,,,,,
2026-01-03,a3986d20c19f33c7c107fw,2026-01-02 21:50:00,35,True,8,309,83,2305,8.38,230.52,0.31,True,0.0814,,,,,,,,,,,,,,,,
2026-01-03,a3986d20c19f33c7c107fw,2026-01-02 22:00:00,36,True,8,231,62,2295,6.23,229.54,0.231,True,0.0824,,,,,,,,,,,,,,,,
2026-01-03,a3986d20c19f33c7c107fw,2026-01-02 22:10:00,37,True,8,155,42,2307,4.22,230.78,0.156,True,0.0831,,,,,,,,,,,,,,,,
2026-01-03,a3986d20c19f33c7c107fw,2026-01-02 22:20:00,38,True,8,448,121,2304,12.14,230.42,0.449,True,0.0851,,,,,,,,,,,,,,,,
2026-01-03,a3986d20c19f33c7c107fw,2026-01-02 22:30:00,39,True,8,757,204,2301,20.47,230.1,0.757,True,0.0886,,,,,,,,,,,,,,,,
2026-01-03,a3986d20c19f33c7c107fw,2026-01-02 22:40:00,40,True,9,604,163,2301,16.35,230.18,0.605,True,0.0913,,,,,,,,,,,,,,,,
2026-01-03,a3986d20c19f33c7c107fw,2026-01-02 22:50:00,41,True,9,526,142,2301,14.24,230.17,0.527,True,0.0937,,,,,,,,,,,,,,,,
2026-01-03,a3986d20c19f33c7c107fw,2026-01-02 23:00:00,42,True,9,523,141,2297,14.12,229.74,0.523,True,0.096,,,,,,,,,,,,,,,,
2026-01-03,a3986d20c19f33c7c107fw,2026-01-02 23:10:00,43,True,9,380,102,2301,10.28,230.15,0.38,True,0.0977,,,,,,,,,,,,,,,,
2026-01-03,a3986d20c19f33c7c107fw,2026-01-02 23:20:00,44,True,9,156,42,2312,4.25,231.24,0.156,True,0.0984,,,,,,,,,,,,,,,,
2026-01-03,a3986d20c19f33c7c107fw,2026-01-02 23:30:00,45,True,9,79,21,2301,2.15,230.1,0.079,True,0.0988,,,,,,,,,,,,,,,,
2026-01-03,a3986d20c19f33c7c107fw,2026-01-02 23:40:00,46,True,10,0,359,2300,36.0,230.01,0.0,True,0.1048,,,,,,,,,,,,,,,,
2026-01-03,a3986d20c19f33c7c107fw,2026-01-02 23:50:00,47,True,11,0,359,2297,36.0,229.73,0.0,True,0.1108,,,,,,,,,,,,,,,,
2026-01-03,a3986d20c19f33c7c107fw,2026-01-03 00:00:00,48,True,11,231,62,2293,6.23,229.38,0.231,True,0.1118,,,,,,,,,,,,,,,,
2026-01-03,a3986d20c19f33c7c107fw,2026-01-03 00:10:00,49,True,11,691,186,2302,18.7,230.29,0.691,True,0.1149,,,,,,,,,,,,,,,,
2026-01-03,a3986d20c19f33c7c107fw,2026-01-03 00:20:00,50,True,11,616,166,2304,16.67,230.45,0.616,True,0.1177,,,,,,,,,,,,,,,,
2026-01-03,a3986d20c19f33c7c107fw,2026-01-03 00:30:00,51,True,12,539,146,2307,14.62,230.76,0.539,True,0.1202,,,,,,,,,,,,,,,,
2026-01-03,a3986d20c19f33c7c107fw,2026-01-03 00:40:00,52,True,12,76,20,2307,2.08,230.72,0.077,True,0.1205,,,,,,,,,,,,,,,,
2026-01-03,a3986d20c19f33c7c107fw,2026-01-03 00:50:00,53,True,12,154,41,2317,4.19,231.74,0.154,True,0.1212,,,,,,,,,,,,,,,,
2026-01-03,a3986d20c19f33c7c107fw,2026-01-03 01:00:00,54,True,12,153,41,2304,4.17,230.49,0.154,True,0.1219,,,,,,,,,,,,,,,,
2026-01-03,a3986d20c19f33c7c107fw,2026-01-03 01:10:00,55,True,12,147,39,2308,4.0,230.82,0.147,True,0.1226,,,,,,,,,,,,,,,,
2026-01-03,a3986d20c19f33c7c107fw,2026-01-03 01:20:00,56,True,12,452,123,2315,12.31,231.55,0.453,True,0.1246,,,,,,,,,,,,,,,,
2026-01-03,a3986d20c19f33c7c107fw,2026-01-03 01:30:00,57,True,12,606,164,2315,16.49,231.5,0.607,True,0.1274,,,,,,,,,,,,,,,,
2026-01-03,a3986d20c19f33c7c107fw,2026-01-03 01:40:00,58,True,12,463,125,2301,12.53,230.16,0.464,True,0.1295,,,,,,,,,,,,,,,,
2026-01-03,a3986d20c19f33c7c107fw,2026-01-03 01:50:00,59,True,13,310,84,2302,8.41,230.24,0.311,True,0.1309,,,,,,,,,,,,,,,,
2026-01-03,a3986d20c19f33c7c107fw,2026-01-03 02:00:00,60,True,13,153,41,2297,4.13,229.7,0.153,True,0.1315,,,,,,,,,,,,,,,,
2026-01-03,a3986d20c19f33c7c107fw,2026-01-03 02:10:00,61,True,13,312,84,2287,8.41,228.76,0.313,True,0.1329,,,,,,,,,,,,,,,,
2026-01-03,a3986d20c19f33c7c107fw,2026-01-03 02:20:00,62,True,13,149,40,2296,4.03,229.62,0.149,True,0.1336,,,,,,,,,,,,,,,,
2026-01-03,a3986d20c19f33c7c107fw,2026-01-03 02:30:00,63,True,13,542,145,2282,14.54,228.26,0.542,True,0.136,,,,,,,,,,,,,,,,
2026-01-03,a3986d20c19f33c7c107fw,2026-01-03 02:40:00,64,True,13,458,123,2286,12.31,228.6,0.458,True,0.1381,,,,,,,,,,,,,,,,
2026-01-03,a3986d20c19f33c7c107fw,2026-01-03 02:50:00,65,True,14,536,144,2290,14.42,229.03,0.536,True,0.1405,,,,,,,,,,,,,,,,
2026-01-03,a3986d20c19f33c7c107fw,2026-01-03 03:00:00,66,True,14,528,142,2291,14.21,229.1,0.528,True,0.1429,,,,,,,,,,,,,,,,
2026-01-03,a3986d20c19f33c7c107fw,2026-01-03 03:10:00,67,True,14,604,162,2286,16.22,228.66,0.604,True,0.1456,,,,,,,,,,,,,,,,
2026-01-03,a3986d20c19f33c7c107fw,2026-01-03 03:20:00,68,True,14,594,160,2300,16.05,230.09,0.594,True,0.1482,,,,,,,,,,,,,,,,
2026-01-03,a3986d20c19f33c7c107fw,2026-01-03 03:30:00,69,True,14,288,77,2300,7.8,230.0,0.289,True,0.1495,,,,,,,,,,,,,,,,
2026-01-03,a3986d20c19f33c7c107fw,2026-01-03 03:40:00,70,True,15,287,77,2304,7.78,230.42,0.287,True,0.1508,,,,,,,,,,,,,,,,
2026-01-03,a3986d20c19f33c7c107fw,2026-01-03 03:50:00,71,False,15,0,0,2310,0.0,231.03,0.0,False,0.1508,,,,,,,,,,,,,,,,
2026-01-03,a3986d20c19f33c7c107fw,2026-01-03 04:00:00,72,True,15,75,20,2315,2.04,231.52,0.075,True,0.1512,,,,,,,,,,,,,,,,
2026-01-03,a3986d20c19f33c7c107fw,2026-01-03 04:10:00,73,True,15,333,89,2282,8.95,228.22,0.334,True,0.1527,,,,,,,,,,,,,,,,
2026-01-03,a3986d20c19f33c7c107fw,2026-01-03 04:20:00,74,True,15,229,61,2293,6.19,229.38,0.23,True,0.1537,,,,,,,,,,,,,,,,
2026-01-03,a3986d20c19f33c7c107fw,2026-01-03 04:30:00,75,True,15,231,61,2276,6.19,227.65,0.232,True,0.1547,,,,,,,,,,,,,,,,
2026-01-03,a3986d20c19f33c7c107fw,2026-01-03 04:40:00,76,True,15,306,81,2266,8.15,226.6,0.306,True,0.1561,,,,,,,,,,,,,,,,
2026-01-03,a3986d20c19f33c7c107fw,2026-01-03 04:50:00,77,True,15,403,108,2282,10.82,228.22,0.404,True,0.1579,,,,,,,,,,,,,,,,
2026-01-03,a3986d20c19f33c7c107fw,2026-01-03 05:00:00,78,True,15,403,108,2282,10.82,228.22,0.404,True,0.1597,,,,,,,,,,,,,,,,
2026-01-03,a3986d20c19f33c7c107fw,2026-01-03 05:10:00,79,True,16,394,105,2278,10.55,227.8,0.394,True,0.1615,,,,,,,,,,,,,,,,
2026-01-03,a3986d20c19f33c7c107fw,2026-01-03 05:20:00,80,False,16,0,0,2279,0.0,227.93,0.0,False,0.1615,,,,,,,,,,,,,,,,
2026-01-03,a3986d20c19f33c7c107fw,2026-01-03 05:30:00,81,False,16,0,0,2279,0.0,227.93,0.0,False,0.1615,,,,,,,,,,,,,,,,
2026-01-03,a3986d20c19f33c7c107fw,2026-01-03 05:40:00,82,False,16,0,0,2295,0.0,229.57,0.0,False,0.1615,,,,,,,,,,,,,,,,
2026-01-03,a3986d20c19f33c7c107fw,2026-01-03 05:50:00,83,True,16,387,103,2285,10.4,228.54,0.387,True,0.1632,,,,,,,,,,,,,,,,
2026-01-03,a3986d20c19f33c7c107fw,2026-01-03 06:00:00,84,True,16,318,84,2267,8.49,226.78,0.319,True,0.1646,,,,,,,,,,,,,,,,
2026-01-03,a3986d20c19f33c7c107fw,2026-01-03 06:10:00,85,True,16,320,85,2281,8.57,228.12,0.32,True,0.166,,,,,,,,,,,,,,,,
2026-01-03,a3986d20c19f33c7c107fw,2026-01-03 06:20:00,86,True,16,318,85,2277,8.52,227.7,0.319,True,0.1674,,,,,,,,,,,,,,,,
2026-01-03,a3986d20c19f33c7c107fw,2026-01-03 06:30:00,87,True,17,0,359,2256,36.0,225.6,0.0,True,0.1734,24.62,73.0,1015.0,0,559,30058,15968,2610,0,last,False,relay,False,,,
2026-01-03,a3986d20c19f33c7c107fw,2026-01-03 06:40:00,88,True,17,467,125,2287,12.55,228.7,0.467,True,0.1755,,,,,,,,,,,,,,,,
2026-01-03,a3986d20c19f33c7c107fw,2026-01-03 06:50:00,89,True,18,0,359,2256,36.0,225.6,0.0,True,0.1815,24.62,73.0,1015.0,0,559,30058,15968,2610,0,last,False,relay,False,,,
2026-01-03,a3986d20c19f33c7c107fw,2026-01-03 07:00:00,90,True,18,0,359,2256,36.0,225.6,0.0,True,0.1875,24.62,73.0,1015.0,0,559,30058,15968,2610,0,last,False,relay,False,,,
2026-01-03,a3986d20c19f33c7c107fw,2026-01-03 07:10:00,91,True,19,1047,187,2269,18.76,226.9,1.047,True,0.1907,24.62,75.0,1015.0,0,559,30058,15968,2610,0,last,False,relay,False,,,
2026-01-03,a3986d20c19f33c7c107fw,2026-01-03 07:20:00,92,True,19,1032,185,2240,18.56,224.0,1.032,True,0.1938,24.62,75.0,1015.0,0,559,30058,15968,2610,0,last,False,relay,False,,,
2026-01-03,a3986d20c19f33c7c107fw,2026-01-03 07:30:00,93,True,19,1032,185,2240,18.56,224.0,1.032,True,0.1969,24.18,78.0,1015.0,0,559,30058,15968,2610,0,last,False,relay,False,,,
2026-01-03,a3986d20c19f33c7c107fw,2026-01-03 07:40:00,94,True,19,1018,178,2273,17.87,227.3,1.018,True,0.1998,24.18,78.0,1015.0,0,559,30058,15968,2610,0,last,False,relay,False,,,
2026-01-03,a3986d20c19f33c7c107fw,2026-01-03 07:50:00,95,True,20,1018,178,2273,17.87,227.3,1.018,True,0.2028,24.18,78.0,1015.0,0,559,30058,15968,2610,0,last,False,relay,False,,,
2026-01-03,a3986d20c19f33c7c107fw,2026-01-03 08:00:00,96,True,20,0,359,2294,36.0,229.4,0.0,True,0.2088,24.62,75.0,1015.0,0,559,30058,15968,2610,0,last,False,relay,False,,,
2026-01-03,a3986d20c19f33c7c107fw,2026-01-03 08:10:00,97,True,21,0,359,2294,36.0,229.4,0.0,True,0.2148,24.43,76.0,1015.0,0,559,30058,15968,2610,0,last,False,relay,False,,,
2026-01-03,a3986d20c19f33c7c107fw,2026-01-03 08:20:00,98,True,22,0,359,2294,36.0,229.4,0.0,True,0.2208,24.34,76.0,1015.0,0,559,30058,15968,2610,0,last,False,relay,False,,,
2026-01-03,a3986d20c19f33c7c107fw,2026-01-03 08:30:00,99,True,22,0,359,2294,36.0,229.4,0.0,True,0.2268,24.34,76.0,1015.0,0,559,30058,15968,2610,0,last,False,relay,False,,,
2026-01-03,a3986d20c19f33c7c107fw,2026-01-03 08:40:00,100,True,22,1065,189,2316,18.99,231.6,1.065,True,0.23,24.29,77.0,1014.0,0,559,30058,15968,2610,0,last,False,relay,False,,,
2026-01-03,a3986d20c19f33c7c107fw,2026-01-03 08:50:00,101,True,23,1065,189,2316,18.99,231.6,1.065,True,0.2331,23.89,77.0,1014.0,0,559,30058,15968,2610,0,last,False,relay,False,,,
2026-01-03,a3986d20c19f33c7c107fw,2026-01-03 09:00:00,102,True,23,1065,189,2316,18.99,231.6,1.065,True,0.2363,23.95,77.0,1014.0,0,559,30058,15968,2610,0,last,False,relay,False,,,
2026-01-03,a3986d20c19f33c7c107fw,2026-01-03 09:10:00,103,True,23,1065,189,2316,18.99,231.6,1.065,True,0.2395,23.95,77.0,1015.0,0,559,30058,15968,2610,0,last,False,relay,False,,,
2026-01-03,a3986d20c19f33c7c107fw,2026-01-03 09:20:00,104,True,24,1065,189,2316,18.99,231.6,1.065,True,0.2426,23.89,77.0,1014.0,0,559,30058,15968,2610,0,last,False,relay,False,,,
2026-01-03,a3986d20c19f33c7c107fw,2026-01-03 09:30:00,105,True,24,0,359,2281,36.0,228.1,0.0,True,0.2486,23.89,77.0,1014.0,0,559,30058,15968,2610,0,last,False,relay,False,,,
2026-01-03,a3986d20c19f33c7c107fw,2026-01-03 09:40:00,106,True,25,0,359,2281,36.0,228.1,0.0,True,0.2546,23.89,77.0,1014.0,0,559,30058,15968,2610,0,last,False,relay,False,,,
2026-01-03,a3986d20c19f33c7c107fw,2026-01-03 09:50:00,107,True,25,1046,187,2290,18.76,229.0,1.046,True,0.2578,23.89,77.0,1014.0,0,559,30058,15968,2610,0,last,False,relay,False,,,
2026-01-03,a3986d20c19f33c7c107fw,2026-01-03 10:00:00,108,True,26,1046,187,2290,18.76,229.0,1.046,True,0.2609,23.89,77.0,1014.0,0,559,30058,15968,2610,0,last,False,relay,False,,,
2026-01-03,a3986d20c19f33c7c107fw,2026-01-03 10:10:00,109,True,26,1046,187,2290,18.76,229.0,1.046,True,0.264,23.84,77.0,1014.0,0,559,30058,15968,2610,0,last,False,relay,False,,,
2026-01-03,a3986d20c19f33c7c107fw,2026-01-03 10:20:00,110,True,26,1046,187,2290,18.76,229.0,1.046,True,0.2671,23.56,80.0,1014.0,0,559,30058,15968,2610,0,last,False,relay,False,,,
2026-01-03,a3986d20c19f33c7c107fw,2026-01-03 10:30:00,111,True,27,0,359,2307,36.0,230.7,0.0,True,0.2731,23.56,80.0,1014.0,0,559,30058,15968,2610,0,last,False,relay,False,,,
2026-01-03,a3986d20c19f33c7c107fw,2026-01-03 10:40:00,112,True,27,0,359,2307,36.0,230.7,0.0,True,0.2791,23.89,77.0,1013.0,0,559,30058,15968,2610,0,last,False,relay,False,,,
2026-01-03,a3986d20c19f33c7c107fw,2026-01-03 10:50:00,113,True,28,0,359,2307,36.0,230.7,0.0,True,0.2851,23.89,77.0,1013.0,0,559,30058,15968,2610,0,last,False,relay,False,,,
2026-01-03,a3986d20c19f33c7c107fw,2026-01-03 11:00:00,114,True,29,0,359,2307,36.0,230.7,0.0,True,0.2911,23.89,77.0,1013.0,0,559,30058,15968,2610,0,last,False,relay,False,,,
2026-01-03,a3986d20c19f33c7c107fw,2026-01-03 11:10:00,115,True,29,1055,189,2290,18.99,229.0,1.055,True,0.2943,23.76,78.0,1014.0,0,559,30058,15968,2610,0,last,False,relay,False,,,
2026-01-03,a3986d20c19f33c7c107fw,2026-01-03 11:20:00,116,True,29,1055,189,2290,18.99,229.0,1.055,True,0.2975,23.76,77.0,1013.0,0,559,30058,15968,2610,0,last,False,relay,False,,,
2026-01-03,a3986d20c19f33c7c107fw,2026-01-03 11:30:00,117,True,30,1055,189,2290,18.99,229.0,1.055,True,0.3006,23.84,77.0,1013.0,0,559,30058,15968,2610,0,last,False,relay,False,,,
2026-01-03,a3986d20c19f33c7c107fw,2026-01-03 11:40:00,118,True,30,1055,189,2290,18.99,229.0,1.055,True,0.3038,23.76,78.0,1013.0,0,559,30058,15968,2610,0,last,False,relay,False,,,
2026-01-03,a3986d20c19f33c7c107fw,2026-01-03 11:50:00,119,True,30,0,359,2320,36.0,232.0,0.0,True,0.3098,23.76,78.0,1013.0,0,559,30058,15968,2610,0,last,False,relay,False,,,
2026-01-03,a3986d20c19f33c7c107fw,2026-01-03 12:00:00,120,True,31,0,359,2320,36.0,232.0,0.0,True,0.3158,23.81,78.0,1013.0,0,559,30058,15968,2610,0,last,False,relay,False,,,
2026-01-03,a3986d20c19f33c7c107fw,2026-01-03 12:10:00,121,True,32,0,359,2320,36.0,232.0,0.0,True,0.3218,23.76,77.0,1014.0,0,559,30058,15968,2610,0,last,False,relay,False,,,
2026-01-03,a3986d20c19f33c7c107fw,2026-01-03 12:20:00,122,True,32,0,359,2320,36.0,232.0,0.0,True,0.3278,23.84,77.0,1014.0,0,559,30058,15968,2610,0,last,False,relay,False,,,
2026-01-03,a3986d20c19f33c7c107fw,2026-01-03 12:30:00,123,True,33,0,359,2320,36.0,232.0,0.0,True,0.3338,23.79,77.0,1014.0,0,559,30058,15968,2610,0,last,False,relay,False,,,
2026-01-03,a3986d20c19f33c7c107fw,2026-01-03 12:40:00,124,True,33,1060,191,2298,19.12,229.8,1.06,True,0.337,23.65,77.0,1014.0,0,559,30058,15968,2610,0,last,False,relay,False,,,
2026-01-03,a3986d20c19f33c7c107fw,2026-01-03 12:50:00,125,True,34,1060,191,2298,19.12,229.8,1.06,True,0.3402,23.71,77.0,1014.0,0,559,30058,15968,2610,0,last,False,relay,False,,,
2026-01-03,a3986d20c19f33c7c107fw,2026-01-03 13:00:00,126,True,34,1060,191,2298,19.12,229.8,1.06,True,0.3434,23.71,77.0,1014.0,0,559,30058,15968,2610,0,last,False,relay,False,,,
2026-01-03,a3986d20c19f33c7c107fw,2026-01-03 13:10:00,127,True,34,1060,191,2298,19.12,229.8,1.06,True,0.3465,23.4,77.0,1014.0,0,559,30058,15968,2610,0,last,False,relay,False,,,
2026-01-03,a3986d20c19f33c7c107fw,2026-01-03 13:20:00,128,True,35,0,359,2316,36.0,231.6,0.0,True,0.3525,,,,0,559,30058,15968,2610,0,last,False,relay,False,,,
2026-01-03,a3986d20c19f33c7c107fw,2026-01-03 13:30:00,129,True,35,0,359,2316,36.0,231.6,0.0,True,0.3585,23.2,78.0,1014.0,0,559,30058,15968,2610,0,last,False,relay,False,,,
2026-01-03,a3986d20c19f33c7c107fw,2026-01-03 13:40:00,130,True,36,0,359,2316,36.0,231.6,0.0,True,0.3645,23.28,78.0,1014.0,0,559,30058,15968,2610,0,last,False,relay,False,,,
2026-01-03,a3986d20c19f33c7c107fw,2026-01-03 13:50:00,131,True,37,0,359,2316,36.0,231.6,0.0,True,0.3705,,,,0,559,30058,15968,2610,0,last,False,relay,False,,,
2026-01-03,a3986d20c19f33c7c107fw,2026-01-03 14:00:00,132,True,37,1069,193,2320,19.31,232.0,1.069,True,0.3738,23.2,78.0,1014.0,0,559,30058,15968,2610,0,last,False,relay,False,,,
2026-01-03,a3986d20c19f33c7c107fw,2026-01-03 14:10:00,133,True,37,1069,193,2320,19.31,232.0,1.069,True,0.377,23.2,78.0,1014.0,0,559,30058,15968,2610,0,last,False,relay,False,,,
2026-01-03,a3986d20c19f33c7c107fw,2026-01-03 14:20:00,134,True,38,1069,193,2320,19.31,232.0,1.069,True,0.3802,23.15,79.0,1014.0,0,559,30058,15968,2610,0,last,False,relay,False,,,
2026-01-03,a3986d20c19f33c7c107fw,2026-01-03 14:30:00,135,True,38,1069,193,2320,19.31,232.0,1.069,True,0.3834,23.15,79.0,1014.0,0,559,30058,15968,2610,0,last,False,relay,False,,,
2026-01-03,a3986d20c19f33c7c107fw,2026-01-03 14:40:00,136,True,38,0,359,2302,36.0,230.2,0.0,True,0.3894,23.2,79.0,1014.0,0,559,30058,15968,2610,0,last,False,relay,False,,,
2026-01-03,a3986d20c19f33c7c107fw,2026-01-03 14:50:00,137,True,39,0,359,2302,36.0,230.2,0.0,True,0.3954,23.38,80.0,1015.0,0,559,30058,15968,2610,0,last,False,relay,False,,,
2026-01-03,a3986d20c19f33c7c107fw,2026-01-03 15:00:00,138,True,40,0,359,2302,36.0,230.2,0.0,True,0.4014,23.51,79.0,1015.0,0,559,30058,15968,2610,0,last,False,relay,False,,,
2026-01-03,a3986d20c19f33c7c107fw,2026-01-03 15:10:00,139,True,40,0,359,2302,36.0,230.2,0.0,True,0.4074,23.51,79.0,1015.0,0,559,30058,15968,2610,0,last,False,relay,False,,,
2026-01-03,a3986d20c19f33c7c107fw,2026-01-03 15:20:00,140,True,41,1047,191,2277,19.16,227.7,1.047,True,0.4106,23.56,79.0,1015.0,0,559,30058,15968,2610,0,last,False,relay,False,,,
2026-01-03,a3986d20c19f33c7c107fw,2026-01-03 15:30:00,141,True,41,1038,187,2281,18.79,228.1,1.038,True,0.4137,23.56,79.0,1015.0,0,559,30058,15968,2610,0,last,False,relay,False,,,
2026-01-03,a3986d20c19f33c7c107fw,2026-01-03 15:40:00,142,True,41,1038,187,2281,18.79,228.1,1.038,True,0.4169,23.96,78.0,1015.0,0,559,30058,15968,2610,0,last,False,relay,False,,,
2026-01-03,a3986d20c19f33c7c107fw,2026-01-03 15:50:00,143,True,41,1038,187,2281,18.79,228.1,1.038,True,0.42,,,,0,559,30058,15968,2610,0,last,False,relay,False,,,
2026-01-04,a3986d20c19f33c7c107fw,2026-01-03 16:00:00,0,True,1,999,1165,2269,116.55,226.9,0.999,True,0.0194,24.4,77.0,1015.0,0,559,30058,15968,2610,0,last,False,relay,False,,,
2026-01-04,a3986d20c19f33c7c107fw,2026-01-03 16:10:00,1,True,2,0,492,2269,49.23,226.9,0.0,True,0.0276,24.8,76.0,1015.0,0,559,30058,15968,2610,0,last,False,relay,False,,,
2026-01-04,a3986d20c19f33c7c107fw,2026-01-03 16:20:00,2,True,3,0,492,2269,49.23,226.9,0.0,True,0.0358,25.06,77.0,1015.0,0,559,30058,15968,2610,0,last,False,relay,False,,,
2026-01-04,a3986d20c19f33c7c107fw,2026-01-03 16:30:00,3,True,4,0,492,2269,49.23,226.9,0.0,True,0.044,25.06,77.0,1015.0,0,559,30058,15968,2610,0,last,False,relay,False,,,
2026-01-04,a3986d20c19f33c7c107fw,2026-01-03 16:40:00,4,True,5,0,492,2269,49.23,226.9,0.0,True,0.0522,25.89,72.0,1016.0,0,559,30058,15968,2610,0,last,False,relay,False,,,
2026-01-04,a3986d20c19f33c7c107fw,2026-01-03 16:50:00,5,True,7,1043,1253,2281,125.35,228.1,1.043,True,0.0731,26.25,72.0,1016.0,0,559,30058,15968,2610,0,last,False,relay,False,,,
2026-01-04,a3986d20c19f33c7c107fw,2026-01-03 17:00:00,6,True,9,1043,1253,2281,125.35,228.1,1.043,True,0.094,26.94,72.0,1016.0,0,559,30058,15968,2610,0,last,False,relay,False,,,
2026-01-04,a3986d20c19f33c7c107fw,2026-01-03 17:10:00,7,True,10,457,803,2273,80.38,227.36,0.458,True,0.1074,,,,,,,,,,,,,,,,
2026-01-04,a3986d20c19f33c7c107fw,2026-01-03 17:20:00,8,True,12,1043,1253,2281,125.35,228.1,1.043,True,0.1283,,,,0,559,30058,15968,2610,0,last,False,relay,False,,,
2026-01-04,a3986d20c19f33c7c107fw,2026-01-03 17:30:00,9,True,13,0,492,2277,49.23,227.7,0.0,True,0.1365,27.73,73.0,1016.0,0,559,30058,15968,2610,0,last,False,relay,False,,,
2026-01-04,a3986d20c19f33c7c107fw,2026-01-03 17:40:00,10,True,14,0,492,2277,49.23,227.7,0.0,True,0.1447,,,,0,559,30058,15968,2610,0,last,False,relay,False,,,
2026-01-04,a3986d20c19f33c7c107fw,2026-01-03 17:50:00,11,True,15,0,492,2294,49.23,229.4,0.0,True,0.1529,27.66,74.0,1016.0,0,559,30058,15968,2610,0,last,False,relay,False,,,
2026-01-04,a3986d20c19f33c7c107fw,2026-01-03 18:00:00,12,True,17,1024,1228,2248,122.88,224.8,1.024,True,0.1734,,,,0,559,30058,15968,2610,0,last,False,relay,False,,,
2026-01-04,a3986d20c19f33c7c107fw,2026-01-03 18:10:00,13,True,19,1024,1228,2248,122.88,224.8,1.024,True,0.1939,27.78,73.0,1016.0,0,559,30058,15968,2610,0,last,False,relay,False,,,
2026-01-04,a3986d20c19f33c7c107fw,2026-01-03 18:20:00,14,True,21,1024,1228,2248,122.88,224.8,1.024,True,0.2144,28.01,63.0,1016.0,0,559,30058,15968,2610,0,last,False,relay,False,,,
2026-01-04,a3986d20c19f33c7c107fw,2026-01-03 18:30:00,15,True,23,1024,1228,2248,122.88,224.8,1.024,True,0.2349,27.95,64.0,1016.0,0,559,30058,15968,2610,0,last,False,relay,False,,,
2026-01-04,a3986d20c19f33c7c107fw,2026-01-03 18:40:00,16,True,25,1009,1167,2316,116.78,231.6,1.009,True,0.2543,27.58,69.0,1015.0,0,559,30058,15968,2610,0,last,False,relay,False,,,
2026-01-04,a3986d20c19f33c7c107fw,2026-01-03 18:50:00,17,True,27,1009,1167,2316,116.78,231.6,1.009,True,0.2738,27.64,68.0,1015.0,0,559,30058,15968,2610,0,last,False,relay,False,,,
2026-01-04,a3986d20c19f33c7c107fw,2026-01-03 19:00:00,18,True,29,1009,1167,2316,116.78,231.6,1.009,True,0.2932,28.01,67.0,1015.0,0,559,30058,15968,2610,0,last,False,relay,False,,,
2026-01-04,a3986d20c19f33c7c107fw,2026-01-03 19:10:00,19,True,31,995,1137,2269,113.76,226.9,0.995,True,0.3122,27.89,69.0,1015.0,0,559,30058,15968,2610,0,last,False,relay,False,,,
2026-01-04,a3986d20c19f33c7c107fw,2026-01-03 19:20:00,20,True,33,995,1137,2269,113.76,226.9,0.995,True,0.3312,29.0,58.0,1015.0,0,559,30058,15968,2610,0,last,False,relay,False,,,
2026-01-04,a3986d20c19f33c7c107fw,2026-01-03 19:30:00,21,True,33,0,492,2298,49.23,229.8,0.0,True,0.3394,28.56,67.0,1015.0,0,559,30058,15968,2610,0,last,False,relay,False,,,
2026-01-04,a3986d20c19f33c7c107fw,2026-01-03 19:40:00,22,True,34,0,492,2298,49.23,229.8,0.0,True,0.3476,,,,0,559,30058,15968,2610,0,last,False,relay,False,,,
2026-01-04,a3986d20c19f33c7c107fw,2026-01-03 19:50:00,23,True,35,0,492,2298,49.23,229.8,0.0,True,0.3558,,,,0,559,30058,15968,2610,0,last,False,relay,False,,,
2026-01-04,a3986d20c19f33c7c107fw,2026-01-03 20:00:00,24,True,37,1048,1223,2316,122.34,231.6,1.048,True,0.3762,,,,0,559,30058,15968,2610,0,last,False,relay,False,,,
2026-01-04,a3986d20c19f33c7c107fw,2026-01-03 20:10:00,25,True,39,1048,1223,2316,122.34,231.6,1.048,True,0.3966,29.0,58.0,1014.0,0,559,30058,15968,2610,0,last,False,relay,False,,,
2026-01-04,a3986d20c19f33c7c107fw,2026-01-03 20:20:00,26,True,40,151,270,2303,27.02,230.32,0.152,True,0.4011,,,,,,,,,,,,,,,,
2026-01-04,a3986d20c19f33c7c107fw,2026-01-03 20:30:00,27,True,40,158,282,2309,28.23,230.9,0.158,True,0.4058,,,,,,,,,,,,,,,,
2026-01-04,a3986d20c19f33c7c107fw,2026-01-03 20:40:00,28,True,42,1048,1223,2316,122.34,231.6,1.048,True,0.4262,30.0,54.0,1014.0,0,559,30058,15968,2610,0,last,False,relay,False,,,
2026-01-04,a3986d20c19f33c7c107fw,2026-01-03 20:50:00,29,True,44,1048,1223,2316,122.34,231.6,1.048,True,0.4465,30.0,54.0,1014.0,0,559,30058,15968,2610,0,last,False,relay,False,,,
2026-01-04,a3986d20c19f33c7c107fw,2026-01-03 21:00:00,30,True,46,1048,1223,2316,122.34,231.6,1.048,True,0.4669,30.0,54.0,1014.0,0,559,30058,15968,2610,0,last,False,relay,False,,,
2026-01-04,a3986d20c19f33c7c107fw,2026-01-03 21:10:00,31,True,48,1013,1147,2294,114.76,229.4,1.013,True,0.4861,30.0,54.0,1014.0,0,559,30058,15968,2610,0,last,False,relay,False,,,
2026-01-04,a3986d20c19f33c7c107fw,2026-01-03 21:20:00,32,True,50,1013,1147,2294,114.76,229.4,1.013,True,0.5052,28.36,68.0,1013.0,0,559,30058,15968,2610,0,last,False,relay,False,,,
2026-01-04,a3986d20c19f33c7c107fw,2026-01-03 21:30:00,33,True,52,1013,1147,2294,114.76,229.4,1.013,True,0.5243,30.0,51.0,1013.0,0,559,30058,15968,2610,0,last,False,relay,False,,,
2026-01-04,a3986d20c19f33c7c107fw,2026-01-03 21:40:00,34,True,54,1013,1147,2294,114.76,229.4,1.013,True,0.5434,30.0,51.0,1013.0,0,559,30058,15968,2610,0,last,False,relay,False,,,
2026-01-04,a3986d20c19f33c7c107fw,2026-01-03 21:50:00,35,True,55,0,492,2320,49.23,232.0,0.0,True,0.5516,30.0,51.0,1013.0,0,559,30058,15968,2610,0,last,False,relay,False,,,
2026-01-04,a3986d20c19f33c7c107fw,2026-01-03 22:00:00,36,True,55,0,492,2320,49.23,232.0,0.0,True,0.5599,30.0,51.0,1013.0,0,559,30058,15968,2610,0,last,False,relay,False,,,
2026-01-04,a3986d20c19f33c7c107fw,2026-01-03 22:10:00,37,True,56,0,492,2320,49.23,232.0,0.0,True,0.5681,,,,0,559,30058,15968,2610,0,last,False,relay,False,,,
2026-01-04,a3986d20c19f33c7c107fw,2026-01-03 22:20:00,38,True,58,1020,1187,2294,118.79,229.4,1.02,True,0.5879,29.48,59.0,1013.0,0,559,30058,15968,2610,0,last,False,relay,False,,,
2026-01-04,a3986d20c19f33c7c107fw,2026-01-03 22:30:00,39,True,60,1020,1187,2294,118.79,229.4,1.02,True,0.6077,29.48,60.0,1013.0,0,559,30058,15968,2610,0,last,False,relay,False,,,
2026-01-04,a3986d20c19f33c7c107fw,2026-01-03 22:40:00,40,True,62,1020,1187,2294,118.79,229.4,1.02,True,0.6275,29.48,60.0,1012.0,0,559,30058,15968,2610,0,last,False,relay,False,,,
2026-01-04,a3986d20c19f33c7c107fw,2026-01-03 22:50:00,41,True,64,1020,1187,2294,118.79,229.4,1.02,True,0.6472,27.28,71.0,1012.0,0,559,30058,15968,2610,0,last,False,relay,False,,,
2026-01-04,a3986d20c19f33c7c107fw,2026-01-03 23:00:00,42,True,66,1020,1187,2294,118.79,229.4,1.02,True,0.667,27.28,71.0,1012.0,0,559,30058,15968,2610,0,last,False,relay,False,,,
2026-01-04,a3986d20c19f33c7c107fw,2026-01-03 23:10:00,43,True,67,0,492,2307,49.23,230.7,0.0,True,0.6753,,,,0,559,30058,15968,2610,0,last,False,relay,False,,,
2026-01-04,a3986d20c19f33c7c107fw,2026-01-03 23:20:00,44,True,68,0,492,2307,49.23,230.7,0.0,True,0.6835,,,,0,559,30058,15968,2610,0,last,False,relay,False,,,
2026-01-04,a3986d20c19f33c7c107fw,2026-01-03 23:30:00,45,True,69,0,492,2307,49.23,230.7,0.0,True,0.6917,29.3,61.0,1012.0,0,559,30058,15968,2610,0,last,False,relay,False,,,
2026-01-04,a3986d20c19f33c7c107fw,2026-01-03 23:40:00,46,True,69,0,492,2307,49.23,230.7,0.0,True,0.6999,29.3,61.0,1012.0,0,559,30058,15968,2610,0,last,False,relay,False,,,
2026-01-04,a3986d20c19f33c7c107fw,2026-01-03 23:50:00,47,True,70,0,492,2307,49.23,230.7,0.0,True,0.7081,,,,0,559,30058,15968,2610,0,last,False,relay,False,,,
2026-01-04,a3986d20c19f33c7c107fw,2026-01-04 00:00:00,48,True,72,1036,1214,2273,121.41,227.3,1.036,True,0.7283,,,,0,559,30058,15968,2610,0,last,False,relay,False,,,
2026-01-04,a3986d20c19f33c7c107fw,2026-01-04 00:10:00,49,True,74,1036,1214,2273,121.41,227.3,1.036,True,0.7485,27.28,74.0,1013.0,0,559,30058,15968,2610,0,last,False,relay,False,,,
2026-01-04,a3986d20c19f33c7c107fw,2026-01-04 00:20:00,50,True,76,1036,1214,2273,121.41,227.3,1.036,True,0.7688,27.28,74.0,1013.0,0,559,30058,15968,2610,0,last,False,relay,False,,,
2026-01-04,a3986d20c19f33c7c107fw,2026-01-04 00:30:00,51,True,78,1036,1214,2273,121.41,227.3,1.036,True,0.789,27.82,71.0,1013.0,0,559,30058,15968,2610,0,last,False,relay,False,,,
2026-01-04,a3986d20c19f33c7c107fw,2026-01-04 00:40:00,52,True,79,76,137,2307,13.7,230.72,0.077,True,0.7913,,,,,,,,,,,,,,,,
2026-01-04,a3986d20c19f33c7c107fw,2026-01-04 00:50:00,53,True,79,154,275,2317,27.59,231.74,0.154,True,0.7959,,,,,,,,,,,,,,,,
2026-01-04,a3986d20c19f33c7c107fw,2026-01-04 01:00:00,54,True,80,0,492,2290,49.23,229.0,0.0,True,0.8041,27.03,73.0,1013.0,0,559,30058,15968,2610,0,last,False,relay,False,,,
2026-01-04,a3986d20c19f33c7c107fw,2026-01-04 01:10:00,55,True,81,0,492,2290,49.23,229.0,0.0,True,0.8123,26.74,75.0,1013.0,0,559,30058,15968,2610,0,last,False,relay,False,,,
2026-01-04,a3986d20c19f33c7c107fw,2026-01-04 01:20:00,56,True,83,1038,1221,2273,122.18,227.3,1.038,True,0.8327,,,,0,559,30058,15968,2610,0,last,False,relay,False,,,
2026-01-04,a3986d20c19f33c7c107fw,2026-01-04 01:30:00,57,True,85,1038,1221,2273,122.18,227.3,1.038,True,0.853,26.81,73.0,1013.0,0,559,30058,15968,2610,0,last,False,relay,False,,,
2026-01-04,a3986d20c19f33c7c107fw,2026-01-04 01:40:00,58,True,87,1038,1221,2273,122.18,227.3,1.038,True,0.8734,26.81,73.0,1013.0,0,559,30058,15968,2610,0,last,False,relay,False,,,
2026-01-04,a3986d20c19f33c7c107fw,2026-01-04 01:50:00,59,True,89,1038,1221,2273,122.18,227.3,1.038,True,0.8938,,,,0,559,30058,15968,2610,0,last,False,relay,False,,,
2026-01-04,a3986d20c19f33c7c107fw,2026-01-04 02:00:00,60,True,91,1038,1221,2273,122.18,227.3,1.038,True,0.9141,,,,0,559,30058,15968,2610,0,last,False,relay,False,,,
2026-01-04,a3986d20c19f33c7c107fw,2026-01-04 02:10:00,61,True,93,1038,1221,2273,122.18,227.3,1.038,True,0.9345,,,,0,559,30058,15968,2610,0,last,False,relay,False,,,
2026-01-04,a3986d20c19f33c7c107fw,2026-01-04 02:20:00,62,True,95,992,1129,2260,112.91,226.0,0.992,True,0.9533,,,,0,559,30058,15968,2610,0,last,False,relay,False,,,
2026-01-04,a3986d20c19f33c7c107fw,2026-01-04 02:30:00,63,True,97,992,1129,2260,112.91,226.0,0.992,True,0.9721,,,,0,559,30058,15968,2610,0,last,False,relay,False,,,
2026-01-04,a3986d20c19f33c7c107fw,2026-01-04 02:40:00,64,True,99,992,1129,2260,112.91,226.0,0.992,True,0.9909,,,,0,559,30058,15968,2610,0,last,False,relay,False,,,
2026-01-04,a3986d20c19f33c7c107fw,2026-01-04 02:50:00,65,True,100,992,1129,2260,112.91,226.0,0.992,True,1.0098,,,,0,559,30058,15968,2610,0,last,False,relay,False,,,
2026-01-04,a3986d20c19f33c7c107fw,2026-01-04 03:00:00,66,True,102,992,1129,2260,112.91,226.0,0.992,True,1.0286,25.72,78.0,1014.0,0,559,30058,15968,2610,0,last,False,relay,False,,,
2026-01-04,a3986d20c19f33c7c107fw,2026-01-04 03:10:00,67,True,104,992,1129,2260,112.91,226.0,0.992,True,1.0474,25.72,76.0,1014.0,0,559,30058,15968,2610,0,last,False,relay,False,,,
2026-01-04,a3986d20c19f33c7c107fw,2026-01-04 03:20:00,68,True,106,995,1122,2302,112.3,230.2,0.995,True,1.0661,25.81,76.0,1014.0,0,559,30058,15968,2610,0,last,False,relay,False,,,
2026-01-04,a3986d20c19f33c7c107fw,2026-01-04 03:30:00,69,True,107,0,492,2277,49.23,227.7,0.0,True,1.0743,25.41,76.0,1014.0,0,559,30058,15968,2610,0,last,False,relay,False,,,
2026-01-04,a3986d20c19f33c7c107fw,2026-01-04 03:40:00,70,True,108,0,492,2277,49.23,227.7,0.0,True,1.0825,25.46,76.0,1014.0,0,559,30058,15968,2610,0,last,False,relay,False,,,
2026-01-04,a3986d20c19f33c7c107fw,2026-01-04 03:50:00,71,True,109,0,492,2277,49.23,227.7,0.0,True,1.0907,25.46,76.0,1014.0,0,559,30058,15968,2610,0,last,False,relay,False,,,
2026-01-04,a3986d20c19f33c7c107fw,2026-01-04 04:00:00,72,True,111,1028,1207,2252,120.71,225.2,1.028,True,1.1108,25.46,77.0,1014.0,0,559,30058,15968,2610,0,last,False,relay,False,,,
2026-01-04,a3986d20c19f33c7c107fw,2026-01-04 04:10:00,73,True,113,1028,1207,2252,120.71,225.2,1.028,True,1.131,25.41,77.0,1014.0,0,559,30058,15968,2610,0,last,False,relay,False,,,
2026-01-04,a3986d20c19f33c7c107fw,2026-01-04 04:20:00,74,True,115,1028,1207,2252,120.71,225.2,1.028,True,1.1511,25.41,76.0,1014.0,0,559,30058,15968,2610,0,last,False,relay,False,,,
2026-01-04,a3986d20c19f33c7c107fw,2026-01-04 04:30:00,75,True,117,1028,1207,2252,120.71,225.2,1.028,True,1.1712,25.41,77.0,1014.0,0,559,30058,15968,2610,0,last,False,relay,False,,,
2026-01-04,a3986d20c19f33c7c107fw,2026-01-04 04:40:00,76,True,119,1028,1207,2252,120.71,225.2,1.028,True,1.1913,25.41,77.0,1015.0,0,559,30058,15968,2610,0,last,False,relay,False,,,
2026-01-04,a3986d20c19f33c7c107fw,2026-01-04 04:50:00,77,True,121,1028,1207,2252,120.71,225.2,1.028,True,1.2114,,,,0,559,30058,15968,2610,0,last,False,relay,False,,,
2026-01-04,a3986d20c19f33c7c107fw,2026-01-04 05:00:00,78,True,123,1028,1207,2252,120.71,225.2,1.028,True,1.2316,25.15,77.0,1015.0,0,559,30058,15968,2610,0,last,False,relay,False,,,
2026-01-04,a3986d20c19f33c7c107fw,2026-01-04 05:10:00,79,True,125,1007,1146,2281,114.61,228.1,1.007,True,1.2507,25.15,76.0,1015.0,0,559,30058,15968,2610,0,last,False,relay,False,,,
2026-01-04,a3986d20c19f33c7c107fw,2026-01-04 05:20:00,80,True,125,0,492,2285,49.23,228.5,0.0,True,1.2589,,,,0,559,30058,15968,2610,0,last,False,relay,False,,,
2026-01-04,a3986d20c19f33c7c107fw,2026-01-04 05:30:00,81,True,126,0,492,2285,49.23,228.5,0.0,True,1.2671,25.15,77.0,1015.0,0,559,30058,15968,2610,0,last,False,relay,False,,,
2026-01-04,a3986d20c19f33c7c107fw,2026-01-04 05:40:00,82,True,127,0,492,2285,49.23,228.5,0.0,True,1.2753,25.1,77.0,1015.0,0,559,30058,15968,2610,0,last,False,relay,False,,,
2026-01-04,a3986d20c19f33c7c107fw,2026-01-04 05:50:00,83,True,129,1059,1236,2285,123.65,228.5,1.059,True,1.2959,,,,0,559,30058,15968,2610,0,last,False,relay,False,,,
2026-01-04,a3986d20c19f33c7c107fw,2026-01-04 06:00:00,84,True,131,1059,1236,2285,123.65,228.5,1.059,True,1.3165,25.07,77.0,1015.0,0,559,30058,15968,2610,0,last,False,relay,False,,,
2026-01-04,a3986d20c19f33c7c107fw,2026-01-04 06:10:00,85,True,133,1059,1236,2285,123.65,228.5,1.059,True,1.3371,25.07,78.0,1015.0,0,559,30058,15968,2610,0,last,False,relay,False,,,
2026-01-04,a3986d20c19f33c7c107fw,2026-01-04 06:20:00,86,True,135,1059,1236,2285,123.65,228.5,1.059,True,1.3577,25.01,79.0,1015.0,0,559,30058,15968,2610,0,last,False,relay,False,,,
2026-01-04,a3986d20c19f33c7c107fw,2026-01-04 06:30:00,87,True,137,1059,1236,2285,123.65,228.5,1.059,True,1.3783,25.01,79.0,1015.0,0,559,30058,15968,2610,0,last,False,relay,False,,,
2026-01-04,a3986d20c19f33c7c107fw,2026-01-04 06:40:00,88,True,139,1059,1236,2285,123.65,228.5,1.059,True,1.3989,25.07,79.0,1015.0,0,559,30058,15968,2610,0,last,False,relay,False,,,
2026-01-04,a3986d20c19f33c7c107fw,2026-01-04 06:50:00,89,True,141,1009,1139,2290,113.99,229.0,1.009,True,1.4179,25.01,79.0,1014.0,0,559,30058,15968,2610,0,last,False,relay,False,,,
2026-01-04,a3986d20c19f33c7c107fw,2026-01-04 07:00:00,90,True,142,0,492,2302,49.23,230.2,0.0,True,1.4261,24.93,79.0,1014.0,0,559,30058,15968,2610,0,last,False,relay,False,,,
2026-01-04,a3986d20c19f33c7c107fw,2026-01-04 07:10:00,91,True,143,0,492,2302,49.23,230.2,0.0,True,1.4343,24.93,79.0,1014.0,0,559,30058,15968,2610,0,last,False,relay,False,,,
2026-01-04,a3986d20c19f33c7c107fw,2026-01-04 07:20:00,92,True,144,0,492,2302,49.23,230.2,0.0,True,1.4425,24.98,79.0,1014.0,0,559,30058,15968,2610,0,last,False,relay,False,,,
2026-01-04,a3986d20c19f33c7c107fw,2026-01-04 07:30:00,93,True,145,0,492,2302,49.23,230.2,0.0,True,1.4507,24.98,79.0,1014.0,0,559,30058,15968,2610,0,last,False,relay,False,,,
2026-01-04,a3986d20c19f33c7c107fw,2026-01-04 07:40:00,94,True,145,0,492,2302,49.23,230.2,0.0,True,1.459,24.98,79.0,1014.0,0,559,30058,15968,2610,0,last,False,relay,False,,,
2026-01-04,a3986d20c19f33c7c107fw,2026-01-04 07:50:00,95,True,147,1049,1238,2294,123.88,229.4,1.049,True,1.4796,24.93,79.0,1014.0,0,559,30058,15968,2610,0,last,False,relay,False,,,
2026-01-04,a3986d20c19f33c7c107fw,2026-01-04 08:00:00,96,True,150,1049,1238,2294,123.88,229.4,1.049,True,1.5002,24.98,79.0,1014.0,0,559,30058,15968,2610,0,last,False,relay,False,,,
2026-01-04,a3986d20c19f33c7c107fw,2026-01-04 08:10:00,97,True,152,1049,1238,2294,123.88,229.4,1.049,True,1.5209,24.98,79.0,1014.0,0,559,30058,15968,2610,0,last,False,relay,False,,,
2026-01-04,a3986d20c19f33c7c107fw,2026-01-04 08:20:00,98,True,154,1049,1238,2294,123.88,229.4,1.049,True,1.5415,24.98,79.0,1014.0,0,559,30058,15968,2610,0,last,False,relay,False,,,
2026-01-04,a3986d20c19f33c7c107fw,2026-01-04 08:30:00,99,True,156,1049,1238,2294,123.88,229.4,1.049,True,1.5622,,,,0,559,30058,15968,2610,0,last,False,relay,False,,,
2026-01-04,a3986d20c19f33c7c107fw,2026-01-04 08:40:00,100,True,157,0,492,2281,49.23,228.1,0.0,True,1.5704,24.93,79.0,1014.0,0,559,30058,15968,2610,0,last,False,relay,False,,,
2026-01-04,a3986d20c19f33c7c107fw,2026-01-04 08:50:00,101,True,157,0,492,2281,49.23,228.1,0.0,True,1.5786,24.93,79.0,1014.0,0,559,30058,15968,2610,0,last,False,relay,False,,,
2026-01-04,a3986d20c19f33c7c107fw,2026-01-04 09:00:00,102,True,158,0,492,2281,49.23,228.1,0.0,True,1.5868,24.62,79.0,1014.0,0,559,30058,15968,2610,0,last,False,relay,False,,,
2026-01-04,a3986d20c19f33c7c107fw,2026-01-04 09:10:00,103,True,159,0,492,2281,49.23,228.1,0.0,True,1.595,24.67,81.0,1014.0,0,559,30058,15968,2610,0,last,False,relay,False,,,
2026-01-04,a3986d20c19f33c7c107fw,2026-01-04 09:20:00,104,True,161,1057,1255,2307,125.58,230.7,1.057,True,1.6159,24.67,81.0,1014.0,0,559,30058,15968,2610,0,last,False,relay,False,,,
2026-01-04,a3986d20c19f33c7c107fw,2026-01-04 09:30:00,105,True,163,1057,1255,2307,125.58,230.7,1.057,True,1.6369,24.73,81.0,1014.0,0,559,30058,15968,2610,0,last,False,relay,False,,,
2026-01-04,a3986d20c19f33c7c107fw,2026-01-04 09:40:00,106,True,165,1057,1255,2307,125.58,230.7,1.057,True,1.6578,24.73,81.0,1013.0,0,559,30058,15968,2610,0,last,False,relay,False,,,
2026-01-04,a3986d20c19f33c7c107fw,2026-01-04 09:50:00,107,True,167,1057,1255,2307,125.58,230.7,1.057,True,1.6787,24.73,81.0,1013.0,0,559,30058,15968,2610,0,last,False,relay,False,,,
2026-01-04,a3986d20c19f33c7c107fw,2026-01-04 10:00:00,108,True,169,1057,1255,2307,125.58,230.7,1.057,True,1.6997,,,,0,559,30058,15968,2610,0,last,False,relay,False,,,
2026-01-04,a3986d20c19f33c7c107fw,2026-01-04 10:10:00,109,True,170,0,492,2302,49.23,230.2,0.0,True,1.7079,24.28,82.0,1013.0,0,559,30058,15968,2610,0,last,False,relay,False,,,
2026-01-04,a3986d20c19f33c7c107fw,2026-01-04 10:20:00,110,True,171,0,492,2302,49.23,230.2,0.0,True,1.7161,24.43,81.0,1013.0,0,559,30058,15968,2610,0,last,False,relay,False,,,
2026-01-04,a3986d20c19f33c7c107fw,2026-01-04 10:30:00,111,True,172,0,492,2302,49.23,230.2,0.0,True,1.7243,24.43,81.0,1013.0,0,559,30058,15968,2610,0,last,False,relay,False,,,
2026-01-04,a3986d20c19f33c7c107fw,2026-01-04 10:40:00,112,True,173,0,492,2333,49.23,233.3,0.0,True,1.7325,,,,0,559,30058,15968,2610,0,last,False,relay,False,,,
2026-01-04,a3986d20c19f33c7c107fw,2026-01-04 10:50:00,113,True,174,0,492,2333,49.23,233.3,0.0,True,1.7407,24.43,81.0,1012.0,0,559,30058,15968,2610,0,last,False,relay,False,,,
2026-01-04,a3986d20c19f33c7c107fw,2026-01-04 11:00:00,114,True,176,1065,1267,2316,126.74,231.6,1.065,True,1.7618,24.43,81.0,1012.0,0,559,30058,15968,2610,0,last,False,relay,False,,,
2026-01-04,a3986d20c19f33c7c107fw,2026-01-04 11:10:00,115,True,178,1065,1267,2316,126.74,231.6,1.065,True,1.7829,24.34,81.0,1013.0,0,559,30058,15968,2610,0,last,False,relay,False,,,
2026-01-04,a3986d20c19f33c7c107fw,2026-01-04 11:20:00,116,True,180,1065,1267,2316,126.74,231.6,1.065,True,1.8041,24.29,81.0,1012.0,0,559,30058,15968,2610,0,last,False,relay,False,,,
2026-01-04,a3986d20c19f33c7c107fw,2026-01-04 11:30:00,117,True,182,1065,1267,2316,126.74,231.6,1.065,True,1.8252,,,,0,559,30058,15968,2610,0,last,False,relay,False,,,
2026-01-04,a3986d20c19f33c7c107fw,2026-01-04 11:40:00,118,True,184,1065,1267,2316,126.74,231.6,1.065,True,1.8463,24.34,81.0,1012.0,0,559,30058,15968,2610,0,last,False,relay,False,,,
2026-01-04,a3986d20c19f33c7c107fw,2026-01-04 11:50:00,119,True,185,0,492,2307,49.23,230.7,0.0,True,1.8545,,,,0,559,30058,15968,2610,0,last,False,relay,False,,,
2026-01-04,a3986d20c19f33c7c107fw,2026-01-04 12:00:00,120,True,186,0,492,2307,49.23,230.7,0.0,True,1.8627,24.37,81.0,1012.0,0,559,30058,15968,2610,0,last,False,relay,False,,,
2026-01-04,a3986d20c19f33c7c107fw,2026-01-04 12:10:00,121,True,187,0,492,2307,49.23,230.7,0.0,True,1.8709,24.29,82.0,1012.0,0,559,30058,15968,2610,0,last,False,relay,False,,,
2026-01-04,a3986d20c19f33c7c107fw,2026-01-04 12:20:00,122,True,187,0,492,2307,49.23,230.7,0.0,True,1.8791,23.98,82.0,1013.0,0,559,30058,15968,2610,0,last,False,relay,False,,,
2026-01-04,a3986d20c19f33c7c107fw,2026-01-04 12:30:00,123,True,188,0,492,2307,49.23,230.7,0.0,True,1.8873,23.98,82.0,1012.0,0,559,30058,15968,2610,0,last,False,relay,False,,,
2026-01-04,a3986d20c19f33c7c107fw,2026-01-04 12:40:00,124,True,190,1052,1258,2307,125.89,230.7,1.052,True,1.9083,23.92,82.0,1012.0,0,559,30058,15968,2610,0,last,False,relay,False,,,
2026-01-04,a3986d20c19f33c7c107fw,2026-01-04 12:50:00,125,True,192,1052,1258,2307,125.89,230.7,1.052,True,1.9293,,,,0,559,30058,15968,2610,0,last,False,relay,False,,,
2026-01-04,a3986d20c19f33c7c107fw,2026-01-04 13:00:00,126,True,194,1022,1196,2307,119.63,230.7,1.022,True,1.9492,23.92,82.0,1012.0,0,559,30058,15968,2610,0,last,False,relay,False,,,
2026-01-04,a3986d20c19f33c7c107fw,2026-01-04 13:10:00,127,True,196,1022,1196,2307,119.63,230.7,1.022,True,1.9692,23.92,82.0,1013.0,0,559,30058,15968,2610,0,last,False,relay,False,,,
2026-01-04,a3986d20c19f33c7c107fw,2026-01-04 13:20:00,128,True,198,1022,1196,2307,119.63,230.7,1.022,True,1.9891,23.92,82.0,1013.0,0,559,30058,15968,2610,0,last,False,relay,False,,,
2026-01-04,a3986d20c19f33c7c107fw,2026-01-04 13:30:00,129,True,199,0,492,2264,49.23,226.4,0.0,True,1.9973,,,,0,559,30058,15968,2610,0,last,False,relay,False,,,
2026-01-04,a3986d20c19f33c7c107fw,2026-01-04 13:40:00,130,True,200,0,492,2264,49.23,226.4,0.0,True,2.0055,23.62,82.0,1013.0,0,559,30058,15968,2610,0,last,False,relay,False,,,
2026-01-04,a3986d20c19f33c7c107fw,2026-01-04 13:50:00,131,True,201,0,492,2264,49.23,226.4,0.0,True,2.0137,23.53,82.0,1013.0,0,559,30058,15968,2610,0,last,False,relay,False,,,
2026-01-04,a3986d20c19f33c7c107fw,2026-01-04 14:00:00,132,True,203,1029,1229,2244,122.95,224.4,1.029,True,2.0342,23.53,82.0,1013.0,0,559,30058,15968,2610,0,last,False,relay,False,,,
2026-01-04,a3986d20c19f33c7c107fw,2026-01-04 14:10:00,133,True,205,1029,1229,2244,122.95,224.4,1.029,True,2.0547,23.17,84.0,1013.0,0,559,30058,15968,2610,0,last,False,relay,False,,,
2026-01-04,a3986d20c19f33c7c107fw,2026-01-04 14:20:00,134,True,207,1029,1229,2244,122.95,224.4,1.029,True,2.0752,23.17,84.0,1013.0,0,559,30058,15968,2610,0,last,False,relay,False,,,
2026-01-04,a3986d20c19f33c7c107fw,2026-01-04 14:30:00,135,True,209,1029,1229,2244,122.95,224.4,1.029,True,2.0957,23.11,84.0,1013.0,0,559,30058,15968,2610,0,last,False,relay,False,,,
2026-01-04,a3986d20c19f33c7c107fw,2026-01-04 14:40:00,136,True,211,1029,1229,2244,122.95,224.4,1.029,True,2.1162,23.11,84.0,1013.0,0,559,30058,15968,2610,0,last,False,relay,False,,,
2026-01-04,a3986d20c19f33c7c107fw,2026-01-04 14:50:00,137,True,213,1029,1229,2244,122.95,224.4,1.029,True,2.1367,,,,0,559,30058,15968,2610,0,last,False,relay,False,,,
2026-01-04,a3986d20c19f33c7c107fw,2026-01-04 15:00:00,138,True,215,1008,1141,2264,114.15,226.4,1.008,True,2.1557,23.53,80.0,1014.0,0,559,30058,15968,2610,0,last,False,relay,False,,,
2026-01-04,a3986d20c19f33c7c107fw,2026-01-04 15:10:00,139,True,217,1008,1141,2264,114.15,226.4,1.008,True,2.1747,,,,0,559,30058,15968,2610,0,last,False,relay,False,,,
2026-01-04,a3986d20c19f33c7c107fw,2026-01-04 15:20:00,140,True,219,1008,1141,2264,114.15,226.4,1.008,True,2.1937,23.34,81.0,1014.0,0,559,30058,15968,2610,0,last,False,relay,False,,,
2026-01-04,a3986d20c19f33c7c107fw,2026-01-04 15:30:00,141,True,221,1008,1141,2264,114.15,226.4,1.008,True,2.2128,23.42,80.0,1014.0,0,559,30058,15968,2610,0,last,False,relay,False,,,
2026-01-04,a3986d20c19f33c7c107fw,2026-01-04 15:40:00,142,True,223,1008,1141,2264,114.15,226.4,1.008,True,2.2318,,,,0,559,30058,15968,2610,0,last,False,relay,False,,,
2026-01-04,a3986d20c19f33c7c107fw,2026-01-04 15:50:00,143,True,223,0,492,2277,49.23,227.7,0.0,True,2.24,24.09,79.0,1014.0,0,559,30058,15968,2610,0,last,False,relay,False,,,
2026-01-05,a3986d20c19f33c7c107fw,2026-01-04 16:00:00,0,True,0,308,592,2284,59.22,228.4,0.308,True,0.0099,,,,,,,,,,,,,,,,
2026-01-05,a3986d20c19f33c7c107fw,2026-01-04 16:10:00,1,True,1,0,501,2277,50.15,227.7,0.0,True,0.0182,24.65,77.0,1015.0,0,559,30058,15968,2610,0,last,False,relay,False,,,
2026-01-05,a3986d20c19f33c7c107fw,2026-01-04 16:20:00,2,True,4,1050,1311,2311,131.11,231.1,1.05,True,0.0401,24.65,77.0,1015.0,0,559,30058,15968,2610,0,last,False,relay,False,,,
2026-01-05,a3986d20c19f33c7c107fw,2026-01-04 16:30:00,3,True,5,380,727,2271,72.79,227.19,0.381,True,0.0522,,,,,,,,,,,,,,,,
2026-01-05,a3986d20c19f33c7c107fw,2026-01-04 16:40:00,4,True,7,1050,1311,2311,131.11,231.1,1.05,True,0.0741,,,,0,559,30058,15968,2610,0,last,False,relay,False,,,
2026-01-05,a3986d20c19f33c7c107fw,2026-01-04 16:50:00,5,True,9,1050,1311,2311,131.11,231.1,1.05,True,0.0959,25.58,75.0,1015.0,0,559,30058,15968,2610,0,last,False,relay,False,,,
2026-01-05,a3986d20c19f33c7c107fw,2026-01-04 17:00:00,6,True,11,1050,1311,2311,131.11,231.1,1.05,True,0.1178,,,,0,559,30058,15968,2610,0,last,False,relay,False,,,
2026-01-05,a3986d20c19f33c7c107fw,2026-01-04 17:10:00,7,True,13,1050,1311,2311,131.11,231.1,1.05,True,0.1396,25.8,75.0,1015.0,0,559,30058,15968,2610,0,last,False,relay,False,,,
2026-01-05,a3986d20c19f33c7c107fw,2026-01-04 17:20:00,8,True,14,0,501,2298,50.15,229.8,0.0,True,0.148,26.81,73.0,1015.0,0,559,30058,15968,2610,0,last,False,relay,False,,,
2026-01-05,a3986d20c19f33c7c107fw,2026-01-04 17:30:00,9,True,15,0,501,2298,50.15,229.8,0.0,True,0.1563,26.95,72.0,1015.0,0,559,30058,15968,2610,0,last,False,relay,False,,,
2026-01-05,a3986d20c19f33c7c107fw,2026-01-04 17:40:00,10,True,16,0,501,2298,50.15,229.8,0.0,True,0.1647,27.16,73.0,1015.0,0,559,30058,15968,2610,0,last,False,relay,False,,,
2026-01-05,a3986d20c19f33c7c107fw,2026-01-04 17:50:00,11,True,17,0,501,2298,50.15,229.8,0.0,True,0.1731,27.08,71.0,1015.0,0,559,30058,15968,2610,0,last,False,relay,False,,,
2026-01-05,a3986d20c19f33c7c107fw,2026-01-04 18:00:00,12,True,19,1040,1316,2311,131.62,231.1,1.04,True,0.195,27.08,71.0,1015.0,0,559,30058,15968,2610,0,last,False,relay,False,,,
2026-01-05,a3986d20c19f33c7c107fw,2026-01-04 18:10:00,13,True,21,1040,1316,2311,131.62,231.1,1.04,True,0.2169,,,,0,559,30058,15968,2610,0,last,False,relay,False,,,
2026-01-05,a3986d20c19f33c7c107fw,2026-01-04 18:20:00,14,True,23,1040,1316,2311,131.62,231.1,1.04,True,0.2389,27.29,78.0,1014.0,0,559,30058,15968,2610,0,last,False,relay,False,,,
2026-01-05,a3986d20c19f33c7c107fw,2026-01-04 18:30:00,15,True,26,1040,1316,2311,131.62,231.1,1.04,True,0.2608,,,,0,559,30058,15968,2610,0,last,False,relay,False,,,
2026-01-05,a3986d20c19f33c7c107fw,2026-01-04 18:40:00,16,True,28,1040,1316,2311,131.62,231.1,1.04,True,0.2827,,,,0,559,30058,15968,2610,0,last,False,relay,False,,,
2026-01-05,a3986d20c19f33c7c107fw,2026-01-04 18:50:00,17,True,29,0,501,2294,50.15,229.4,0.0,True,0.2911,,,,0,559,30058,15968,2610,0,last,False,relay,False,,,
2026-01-05,a3986d20c19f33c7c107fw,2026-01-04 19:00:00,18,True,29,0,501,2294,50.15,229.4,0.0,True,0.2994,27.89,71.0,1014.0,0,559,30058,15968,2610,0,last,False,relay,False,,,
2026-01-05,a3986d20c19f33c7c107fw,2026-01-04 19:10:00,19,True,30,0,501,2329,50.15,232.9,0.0,True,0.3078,27.89,73.0,1014.0,0,559,30058,15968,2610,0,last,False,relay,False,,,
2026-01-05,a3986d20c19f33c7c107fw,2026-01-04 19:20:00,20,True,31,0,501,2329,50.15,232.9,0.0,True,0.3162,27.86,74.0,1014.0,0,559,30058,15968,2610,0,last,False,relay,False,,,
2026-01-05,a3986d20c19f33c7c107fw,2026-01-04 19:30:00,21,True,33,1039,1322,2302,132.2,230.2,1.039,True,0.3382,27.86,74.0,1014.0,0,559,30058,15968,2610,0,last,False,relay,False,,,
2026-01-05,a3986d20c19f33c7c107fw,2026-01-04 19:40:00,22,True,36,1039,1322,2302,132.2,230.2,1.039,True,0.3602,27.86,74.0,1013.0,0,559,30058,15968,2610,0,last,False,relay,False,,,
2026-01-05,a3986d20c19f33c7c107fw,2026-01-04 19:50:00,23,True,38,1039,1322,2302,132.2,230.2,1.039,True,0.3823,,,,0,559,30058,15968,2610,0,last,False,relay,False,,,
2026-01-05,a3986d20c19f33c7c107fw,2026-01-04 20:00:00,24,True,40,1039,1322,2302,132.2,230.2,1.039,True,0.4043,27.85,77.0,1013.0,0,559,30058,15968,2610,0,last,False,relay,False,,,
2026-01-05,a3986d20c19f33c7c107fw,2026-01-04 20:10:00,25,True,42,1039,1322,2302,132.2,230.2,1.039,True,0.4263,27.85,77.0,1013.0,0,559,30058,15968,2610,0,last,False,relay,False,,,
2026-01-05,a3986d20c19f33c7c107fw,2026-01-04 20:20:00,26,True,43,0,501,2329,50.15,232.9,0.0,True,0.4347,27.85,77.0,1013.0,0,559,30058,15968,2610,0,last,False,relay,False,,,
2026-01-05,a3986d20c19f33c7c107fw,2026-01-04 20:30:00,27,True,44,0,501,2329,50.15,232.9,0.0,True,0.443,28.4,76.0,1013.0,0,559,30058,15968,2610,0,last,False,relay,False,,,
2026-01-05,a3986d20c19f33c7c107fw,2026-01-04 20:40:00,28,True,45,0,501,2329,50.15,232.9,0.0,True,0.4514,28.4,77.0,1013.0,0,559,30058,15968,2610,0,last,False,relay,False,,,
2026-01-05,a3986d20c19f33c7c107fw,2026-01-04 20:50:00,29,True,45,0,501,2329,50.15,232.9,0.0,True,0.4598,28.4,77.0,1013.0,0,559,30058,15968,2610,0,last,False,relay,False,,,
2026-01-05,a3986d20c19f33c7c107fw,2026-01-04 21:00:00,30,True,48,1049,1334,2290,133.46,229.0,1.049,True,0.482,28.4,78.0,1012.0,0,559,30058,15968,2610,0,last,False,relay,False,,,
2026-01-05,a3986d20c19f33c7c107fw,2026-01-04 21:10:00,31,True,50,1049,1334,2290,133.46,229.0,1.049,True,0.5042,27.85,77.0,1012.0,0,559,30058,15968,2610,0,last,False,relay,False,,,
2026-01-05,a3986d20c19f33c7c107fw,2026-01-04 21:20:00,32,True,52,1049,1334,2290,133.46,229.0,1.049,True,0.5265,28.4,76.0,1012.0,0,559,30058,15968,2610,0,last,False,relay,False,,,
2026-01-05,a3986d20c19f33c7c107fw,2026-01-04 21:30:00,33,True,54,1049,1334,2290,133.46,229.0,1.049,True,0.5487,28.4,77.0,1012.0,0,559,30058,15968,2610,0,last,False,relay,False,,,
2026-01-05,a3986d20c19f33c7c107fw,2026-01-04 21:40:00,34,True,57,1049,1334,2290,133.46,229.0,1.049,True,0.571,28.0,65.0,1012.0,0,559,30058,15968,2610,0,last,False,relay,False,,,
2026-01-05,a3986d20c19f33c7c107fw,2026-01-04 21:50:00,35,True,57,0,501,2311,50.15,231.1,0.0,True,0.5793,28.0,65.0,1012.0,0,559,30058,15968,2610,0,last,False,relay,False,,,
2026-01-05,a3986d20c19f33c7c107fw,2026-01-04 22:00:00,36,True,58,0,501,2311,50.15,231.1,0.0,True,0.5877,28.0,65.0,1012.0,0,559,30058,15968,2610,0,last,False,relay,False,,,
2026-01-05,a3986d20c19f33c7c107fw,2026-01-04 22:10:00,37,True,59,0,501,2311,50.15,231.1,0.0,True,0.5961,28.0,65.0,1012.0,0,559,30058,15968,2610,0,last,False,relay,False,,,
2026-01-05,a3986d20c19f33c7c107fw,2026-01-04 22:20:00,38,True,60,0,501,2311,50.15,231.1,0.0,True,0.6044,28.0,65.0,1012.0,0,559,30058,15968,2610,0,last,False,relay,False,,,
2026-01-05,a3986d20c19f33c7c107fw,2026-01-04 22:30:00,39,True,62,1071,1368,2324,136.83,232.4,1.071,True,0.6272,,,,0,559,30058,15968,2610,0,last,False,relay,False,,,
2026-01-05,a3986d20c19f33c7c107fw,2026-01-04 22:40:00,40,True,65,1071,1368,2324,136.83,232.4,1.071,True,0.65,28.0,65.0,1012.0,0,559,30058,15968,2610,0,last,False,relay,False,,,
2026-01-05,a3986d20c19f33c7c107fw,2026-01-04 22:50:00,41,True,67,1071,1368,2324,136.83,232.4,1.071,True,0.6728,,,,0,559,30058,15968,2610,0,last,False,relay,False,,,
2026-01-05,a3986d20c19f33c7c107fw,2026-01-04 23:00:00,42,True,69,1071,1368,2324,136.83,232.4,1.071,True,0.6956,,,,0,559,30058,15968,2610,0,last,False,relay,False,,,
2026-01-05,a3986d20c19f33c7c107fw,2026-01-04 23:10:00,43,True,71,1071,1368,2324,136.83,232.4,1.071,True,0.7184,,,,0,559,30058,15968,2610,0,last,False,relay,False,,,
2026-01-05,a3986d20c19f33c7c107fw,2026-01-04 23:20:00,44,True,74,1071,1368,2324,136.83,232.4,1.071,True,0.7412,,,,0,559,30058,15968,2610,0,last,False,relay,False,,,
2026-01-05,a3986d20c19f33c7c107fw,2026-01-04 23:30:00,45,True,74,0,501,2311,50.15,231.1,0.0,True,0.7496,28.0,65.0,1012.0,0,559,30058,15968,2610,0,last,False,relay,False,,,
2026-01-05,a3986d20c19f33c7c107fw,2026-01-04 23:40:00,46,True,75,0,501,2311,50.15,231.1,0.0,True,0.758,,,,0,559,30058,15968,2610,0,last,False,relay,False,,,
2026-01-05,a3986d20c19f33c7c107fw,2026-01-04 23:50:00,47,True,76,0,501,2311,50.15,231.1,0.0,True,0.7663,,,,0,559,30058,15968,2610,0,last,False,relay,False,,,
2026-01-05,a3986d20c19f33c7c107fw,2026-01-05 00:00:00,48,True,77,0,501,2311,50.15,231.1,0.0,True,0.7747,28.0,65.0,1012.0,0,559,30058,15968,2610,0,last,False,relay,False,,,
2026-01-05,a3986d20c19f33c7c107fw,2026-01-05 00:10:00,49,True,79,1058,1361,2320,136.15,232.0,1.058,True,0.7974,,,,0,559,30058,15968,2610,0,last,False,relay,False,,,
2026-01-05,a3986d20c19f33c7c107fw,2026-01-05 00:20:00,50,True,82,1058,1361,2320,136.15,232.0,1.058,True,0.8201,29.0,74.0,1012.0,0,559,30058,15968,2610,0,last,False,relay,False,,,
2026-01-05,a3986d20c19f33c7c107fw,2026-01-05 00:30:00,51,True,84,1058,1361,2320,136.15,232.0,1.058,True,0.8427,,,,0,559,30058,15968,2610,0,last,False,relay,False,,,
2026-01-05,a3986d20c19f33c7c107fw,2026-01-05 00:40:00,52,True,84,76,149,2307,14.92,230.72,0.077,True,0.8452,,,,,,,,,,,,,,,,
2026-01-05,a3986d20c19f33c7c107fw,2026-01-05 00:50:00,53,True,86,1058,1361,2320,136.15,232.0,1.058,True,0.8679,,,,0,559,30058,15968,2610,0,last,False,relay,False,,,
2026-01-05,a3986d20c19f33c7c107fw,2026-01-05 01:00:00,54,True,87,0,501,2281,50.15,228.1,0.0,True,0.8763,,,,0,559,30058,15968,2610,0,last,False,relay,False,,,
2026-01-05,a3986d20c19f33c7c107fw,2026-01-05 01:10:00,55,True,88,147,286,2308,28.61,230.82,0.147,True,0.8811,,,,,,,,,,,,,,,,
2026-01-05,a3986d20c19f33c7c107fw,2026-01-05 01:20:00,56,True,89,452,881,2315,88.17,231.55,0.453,True,0.8957,,,,,,,,,,,,,,,,
2026-01-05,a3986d20c19f33c7c107fw,2026-01-05 01:30:00,57,True,91,606,1181,2315,118.11,231.5,0.607,True,0.9154,,,,,,,,,,,,,,,,
2026-01-05,a3986d20c19f33c7c107fw,2026-01-05 01:40:00,58,True,93,463,897,2301,89.77,230.16,0.464,True,0.9304,,,,,,,,,,,,,,,,
2026-01-05,a3986d20c19f33c7c107fw,2026-01-05 01:50:00,59,True,94,310,601,2302,60.18,230.24,0.311,True,0.9404,,,,,,,,,,,,,,,,
2026-01-05,a3986d20c19f33c7c107fw,2026-01-05 02:00:00,60,True,94,153,295,2297,29.57,229.7,0.153,True,0.9454,,,,,,,,,,,,,,,,
2026-01-05,a3986d20c19f33c7c107fw,2026-01-05 02:10:00,61,True,96,1048,1358,2277,135.82,227.7,1.048,True,0.968,,,,0,559,30058,15968,2610,0,last,False,relay,False,,,
2026-01-05,a3986d20c19f33c7c107fw,2026-01-05 02:20:00,62,True,97,149,288,2296,28.82,229.62,0.149,True,0.9728,,,,,,,,,,,,,,,,
2026-01-05,a3986d20c19f33c7c107fw,2026-01-05 02:30:00,63,True,99,1048,1358,2277,135.82,227.7,1.048,True,0.9954,,,,0,559,30058,15968,2610,0,last,False,relay,False,,,
2026-01-05,a3986d20c19f33c7c107fw,2026-01-05 02:40:00,64,True,101,1023,1257,2298,125.73,229.8,1.023,True,1.0164,,,,0,559,30058,15968,2610,0,last,False,relay,False,,,
2026-01-05,a3986d20c19f33c7c107fw,2026-01-05 02:50:00,65,True,103,1023,1257,2298,125.73,229.8,1.023,True,1.0373,,,,0,559,30058,15968,2610,0,last,False,relay,False,,,
2026-01-05,a3986d20c19f33c7c107fw,2026-01-05 03:00:00,66,True,105,1023,1257,2298,125.73,229.8,1.023,True,1.0583,,,,0,559,30058,15968,2610,0,last,False,relay,False,,,
2026-01-05,a3986d20c19f33c7c107fw,2026-01-05 03:10:00,67,True,107,1023,1257,2298,125.73,229.8,1.023,True,1.0792,,,,0,559,30058,15968,2610,0,last,False,relay,False,,,
2026-01-05,a3986d20c19f33c7c107fw,2026-01-05 03:20:00,68,True,110,1023,1257,2298,125.73,229.8,1.023,True,1.1002,,,,0,559,30058,15968,2610,0,last,False,relay,False,,,
2026-01-05,a3986d20c19f33c7c107fw,2026-01-05 03:30:00,69,True,112,1023,1257,2298,125.73,229.8,1.023,True,1.1212,25.19,87.0,1014.0,0,559,30058,15968,2610,0,last,False,relay,False,,,
2026-01-05,a3986d20c19f33c7c107fw,2026-01-05 03:40:00,70,True,114,1023,1257,2298,125.73,229.8,1.023,True,1.1421,25.12,87.0,1014.0,0,559,30058,15968,2610,0,last,False,relay,False,,,
2026-01-05,a3986d20c19f33c7c107fw,2026-01-05 03:50:00,71,False,114,0,0,2310,0.0,231.03,0.0,False,1.1421,,,,,,,,,,,,,,,,
2026-01-05,a3986d20c19f33c7c107fw,2026-01-05 04:00:00,72,True,114,75,146,2315,14.61,231.52,0.075,True,1.1446,,,,,,,,,,,,,,,,
2026-01-05,a3986d20c19f33c7c107fw,2026-01-05 04:10:00,73,True,116,1014,1233,2285,123.37,228.5,1.014,True,1.1651,,,,0,559,30058,15968,2610,0,last,False,relay,False,,,
2026-01-05,a3986d20c19f33c7c107fw,2026-01-05 04:20:00,74,True,117,0,501,2273,50.15,227.3,0.0,True,1.1735,25.1,90.0,1014.0,0,559,30058,15968,2610,0,last,False,relay,False,,,
2026-01-05,a3986d20c19f33c7c107fw,2026-01-05 04:30:00,75,True,118,0,501,2273,50.15,227.3,0.0,True,1.1818,25.05,90.0,1014.0,0,559,30058,15968,2610,0,last,False,relay,False,,,
2026-01-05,a3986d20c19f33c7c107fw,2026-01-05 04:40:00,76,True,119,0,501,2273,50.15,227.3,0.0,True,1.1902,,,,0,559,30058,15968,2610,0,last,False,relay,False,,,
2026-01-05,a3986d20c19f33c7c107fw,2026-01-05 04:50:00,77,True,121,1041,1313,2298,131.36,229.8,1.041,True,1.2121,24.68,90.0,1015.0,0,559,30058,15968,2610,0,last,False,relay,False,,,
2026-01-05,a3986d20c19f33c7c107fw,2026-01-05 05:00:00,78,True,123,1041,1313,2298,131.36,229.8,1.041,True,1.234,24.68,90.0,1015.0,0,559,30058,15968,2610,0,last,False,relay,False,,,
2026-01-05,a3986d20c19f33c7c107fw,2026-01-05 05:10:00,79,True,125,1009,1291,2223,129.18,222.3,1.009,True,1.2555,24.68,90.0,1015.0,0,559,30058,15968,2610,0,last,False,relay,False,,,
2026-01-05,a3986d20c19f33c7c107fw,2026-01-05 05:20:00,80,True,127,1009,1291,2223,129.18,222.3,1.009,True,1.277,,,,0,559,30058,15968,2610,0,last,False,relay,False,,,
2026-01-05,a3986d20c19f33c7c107fw,2026-01-05 05:30:00,81,True,129,1009,1291,2223,129.18,222.3,1.009,True,1.2986,,,,0,559,30058,15968,2610,0,last,False,relay,False,,,
2026-01-05,a3986d20c19f33c7c107fw,2026-01-05 05:40:00,82,False,129,0,0,2295,0.0,229.57,0.0,False,1.2986,,,,,,,,,,,,,,,,
2026-01-05,a3986d20c19f33c7c107fw,2026-01-05 05:50:00,83,True,132,1009,1291,2223,129.18,222.3,1.009,True,1.3201,,,,0,559,30058,15968,2610,0,last,False,relay,False,,,
2026-01-05,a3986d20c19f33c7c107fw,2026-01-05 06:00:00,84,True,134,1009,1291,2223,129.18,222.3,1.009,True,1.3416,,,,0,559,30058,15968,2610,0,last,False,relay,False,,,
2026-01-05,a3986d20c19f33c7c107fw,2026-01-05 06:10:00,85,True,135,320,613,2281,61.39,228.12,0.32,True,1.3519,,,,,,,,,,,,,,,,
2026-01-05,a3986d20c19f33c7c107fw,2026-01-05 06:20:00,86,True,136,318,610,2277,61.02,227.7,0.319,True,1.362,,,,,,,,,,,,,,,,
2026-01-05,a3986d20c19f33c7c107fw,2026-01-05 06:30:00,87,True,136,232,444,2275,44.47,227.54,0.232,True,1.3694,,,,,,,,,,,,,,,,
2026-01-05,a3986d20c19f33c7c107fw,2026-01-05 06:40:00,88,True,138,467,898,2287,89.84,228.7,0.467,True,1.3844,,,,,,,,,,,,,,,,
2026-01-05,a3986d20c19f33c7c107fw,2026-01-05 06:50:00,89,True,140,1025,1301,2277,130.1,227.7,1.025,True,1.4061,,,,0,559,30058,15968,2610,0,last,False,relay,False,,,
2026-01-05,a3986d20c19f33c7c107fw,2026-01-05 07:00:00,90,True,141,312,599,2284,59.95,228.43,0.312,True,1.4161,,,,,,,,,,,,,,,,
2026-01-05,a3986d20c19f33c7c107fw,2026-01-05 07:10:00,91,True,142,313,603,2289,60.3,228.9,0.313,True,1.4261,,,,,,,,,,,,,,,,
2026-01-05,a3986d20c19f33c7c107fw,2026-01-05 07:20:00,92,True,144,1025,1301,2277,130.1,227.7,1.025,True,1.4478,,,,0,559,30058,15968,2610,0,last,False,relay,False,,,
2026-01-05,a3986d20c19f33c7c107fw,2026-01-05 07:30:00,93,True,145,301,578,2280,57.84,228.05,0.302,True,1.4575,,,,,,,,,,,,,,,,
2026-01-05,a3986d20c19f33c7c107fw,2026-01-05 07:40:00,94,True,146,0,501,2256,50.15,225.6,0.0,True,1.4658,,,,0,559,30058,15968,2610,0,last,False,relay,False,,,
2026-01-05,a3986d20c19f33c7c107fw,2026-01-05 07:50:00,95,True,147,0,501,2256,50.15,225.6,0.0,True,1.4742,25.05,90.0,1014.0,0,559,30058,15968,2610,0,last,False,relay,False,,,
2026-01-05,a3986d20c19f33c7c107fw,2026-01-05 08:00:00,96,True,148,0,501,2256,50.15,225.6,0.0,True,1.4825,,,,0,559,30058,15968,2610,0,last,False,relay,False,,,
2026-01-05,a3986d20c19f33c7c107fw,2026-01-05 08:10:00,97,True,149,0,501,2256,50.15,225.6,0.0,True,1.4909,,,,0,559,30058,15968,2610,0,last,False,relay,False,,,
2026-01-05,a3986d20c19f33c7c107fw,2026-01-05 08:20:00,98,True,151,1046,1340,2285,134.06,228.5,1.046,True,1.5132,,,,0,559,30058,15968,2610,0,last,False,relay,False,,,
2026-01-05,a3986d20c19f33c7c107fw,2026-01-05 08:30:00,99,True,153,1046,1340,2285,134.06,228.5,1.046,True,1.5356,25.0,89.0,1014.0,0,559,30058,15968,2610,0,last,False,relay,False,,,
2026-01-05,a3986d20c19f33c7c107fw,2026-01-05 08:40:00,100,True,155,1046,1340,2285,134.06,228.5,1.046,True,1.5579,,,,0,559,30058,15968,2610,0,last,False,relay,False,,,
2026-01-05,a3986d20c19f33c7c107fw,2026-01-05 08:50:00,101,True,158,1046,1340,2285,134.06,228.5,1.046,True,1.5803,,,,0,559,30058,15968,2610,0,last,False,relay,False,,,
2026-01-05,a3986d20c19f33c7c107fw,2026-01-05 09:00:00,102,True,158,0,501,2290,50.15,229.0,0.0,True,1.5886,25.05,88.0,1013.0,0,559,30058,15968,2610,0,last,False,relay,False,,,
2026-01-05,a3986d20c19f33c7c107fw,2026-01-05 09:10:00,103,True,159,0,501,2290,50.15,229.0,0.0,True,1.597,,,,0,559,30058,15968,2610,0,last,False,relay,False,,,
2026-01-05,a3986d20c19f33c7c107fw,2026-01-05 09:20:00,104,True,160,0,501,2290,50.15,229.0,0.0,True,1.6053,,,,0,559,30058,15968,2610,0,last,False,relay,False,,,
2026-01-05,a3986d20c19f33c7c107fw,2026-01-05 09:30:00,105,True,161,0,501,2290,50.15,229.0,0.0,True,1.6137,,,,0,559,30058,15968,2610,0,last,False,relay,False,,,
2026-01-05,a3986d20c19f33c7c107fw,2026-01-05 09:40:00,106,True,162,0,501,2290,50.15,229.0,0.0,True,1.622,,,,0,559,30058,15968,2610,0,last,False,relay,False,,,
2026-01-05,a3986d20c19f33c7c107fw,2026-01-05 09:50:00,107,True,164,1050,1366,2290,136.66,229.0,1.05,True,1.6448,24.73,89.0,1012.0,0,559,30058,15968,2610,0,last,False,relay,False,,,
2026-01-05,a3986d20c19f33c7c107fw,2026-01-05 10:00:00,108,True,166,1050,1366,2290,136.66,229.0,1.05,True,1.6676,24.68,89.0,1012.0,0,559,30058,15968,2610,0,last,False,relay,False,,,
2026-01-05,a3986d20c19f33c7c107fw,2026-01-05 10:10:00,109,True,169,1050,1366,2290,136.66,229.0,1.05,True,1.6904,24.73,89.0,1012.0,0,559,30058,15968,2610,0,last,False,relay,False,,,
2026-01-05,a3986d20c19f33c7c107fw,2026-01-05 10:20:00,110,True,171,1050,1366,2290,136.66,229.0,1.05,True,1.7132,24.73,89.0,1012.0,0,559,30058,15968,2610,0,last,False,relay,False,,,
2026-01-05,a3986d20c19f33c7c107fw,2026-01-05 10:30:00,111,True,172,0,501,2311,50.15,231.1,0.0,True,1.7215,24.73,89.0,1012.0,0,559,30058,15968,2610,0,last,False,relay,False,,,
2026-01-05,a3986d20c19f33c7c107fw,2026-01-05 10:40:00,112,True,172,0,501,2311,50.15,231.1,0.0,True,1.7299,24.73,89.0,1012.0,0,559,30058,15968,2610,0,last,False,relay,False,,,
2026-01-05,a3986d20c19f33c7c107fw,2026-01-05 10:50:00,113,True,173,0,501,2311,50.15,231.1,0.0,True,1.7382,24.68,89.0,1012.0,0,559,30058,15968,2610,0,last,False,relay,False,,,
2026-01-05,a3986d20c19f33c7c107fw,2026-01-05 11:00:00,114,True,174,0,501,2311,50.15,231.1,0.0,True,1.7466,24.73,89.0,1012.0,0,559,30058,15968,2610,0,last,False,relay,False,,,
2026-01-05,a3986d20c19f33c7c107fw,2026-01-05 11:10:00,115,True,175,0,501,2311,50.15,231.1,0.0,True,1.7549,24.68,89.0,1012.0,0,559,30058,15968,2610,0,last,False,relay,False,,,
2026-01-05,a3986d20c19f33c7c107fw,2026-01-05 11:20:00,116,True,177,1069,1392,2320,139.27,232.0,1.069,True,1.7782,24.68,90.0,1012.0,0,559,30058,15968,2610,0,last,False,relay,False,,,
2026-01-05,a3986d20c19f33c7c107fw,2026-01-05 11:30:00,117,True,180,1069,1392,2320,139.27,232.0,1.069,True,1.8014,24.37,90.0,1012.0,0,559,30058,15968,2610,0,last,False,relay,False,,,
2026-01-05,a3986d20c19f33c7c107fw,2026-01-05 11:40:00,118,True,182,1069,1392,2320,139.27,232.0,1.069,True,1.8246,24.37,90.0,1012.0,0,559,30058,15968,2610,0,last,False,relay,False,,,
2026-01-05,a3986d20c19f33c7c107fw,2026-01-05 11:50:00,119,True,184,1069,1392,2320,139.27,232.0,1.069,True,1.8478,24.37,91.0,1012.0,0,559,30058,15968,2610,0,last,False,relay,False,,,
2026-01-05,a3986d20c19f33c7c107fw,2026-01-05 12:00:00,120,True,185,0,501,2281,50.15,228.1,0.0,True,1.8561,24.68,91.0,1012.0,0,559,30058,15968,2610,0,last,False,relay,False,,,
2026-01-05,a3986d20c19f33c7c107fw,2026-01-05 12:10:00,121,True,186,0,501,2281,50.15,228.1,0.0,True,1.8645,24.68,91.0,1012.0,0,559,30058,15968,2610,0,last,False,relay,False,,,
2026-01-05,a3986d20c19f33c7c107fw,2026-01-05 12:20:00,122,True,188,1026,1364,2294,136.5,229.4,1.026,True,1.8873,24.68,91.0,1012.0,0,559,30058,15968,2610,0,last,False,relay,False,,,
2026-01-05,a3986d20c19f33c7c107fw,2026-01-05 12:30:00,123,True,191,1026,1364,2294,136.5,229.4,1.026,True,1.91,,,,0,559,30058,15968,2610,0,last,False,relay,False,,,
2026-01-05,a3986d20c19f33c7c107fw,2026-01-05 12:40:00,124,True,193,1026,1364,2294,136.5,229.4,1.026,True,1.9328,24.68,91.0,1012.0,0,559,30058,15968,2610,0,last,False,relay,False,,,
2026-01-05,a3986d20c19f33c7c107fw,2026-01-05 12:50:00,125,True,195,1026,1364,2294,136.5,229.4,1.026,True,1.9555,24.73,91.0,1012.0,0,559,30058,15968,2610,0,last,False,relay,False,,,
2026-01-05,a3986d20c19f33c7c107fw,2026-01-05 13:00:00,126,True,197,1026,1364,2294,136.5,229.4,1.026,True,1.9783,24.68,91.0,1012.0,0,559,30058,15968,2610,0,last,False,relay,False,,,
2026-01-05,a3986d20c19f33c7c107fw,2026-01-05 13:10:00,127,True,200,1026,1364,2294,136.5,229.4,1.026,True,2.001,24.68,91.0,1012.0,0,559,30058,15968,2610,0,last,False,relay,False,,,
2026-01-05,a3986d20c19f33c7c107fw,2026-01-05 13:20:00,128,True,202,996,1245,2231,124.55,223.1,0.996,True,2.0218,24.68,91.0,1013.0,0,559,30058,15968,2610,0,last,False,relay,False,,,
2026-01-05,a3986d20c19f33c7c107fw,2026-01-05 13:30:00,129,True,204,996,1245,2231,124.55,223.1,0.996,True,2.0425,24.73,90.0,1013.0,0,559,30058,15968,2610,0,last,False,relay,False,,,
2026-01-05,a3986d20c19f33c7c107fw,2026-01-05 13:40:00,130,True,206,996,1245,2231,124.55,223.1,0.996,True,2.0633,24.37,90.0,1012.0,0,559,30058,15968,2610,0,last,False,relay,False,,,
2026-01-05,a3986d20c19f33c7c107fw,2026-01-05 13:50:00,131,True,208,996,1245,2231,124.55,223.1,0.996,True,2.084,24.73,90.0,1012.0,0,559,30058,15968,2610,0,last,False,relay,False,,,
2026-01-05,a3986d20c19f33c7c107fw,2026-01-05 14:00:00,132,True,210,996,1245,2231,124.55,223.1,0.996,True,2.1048,24.73,90.0,1012.0,0,559,30058,15968,2610,0,last,False,relay,False,,,
2026-01-05,a3986d20c19f33c7c107fw,2026-01-05 14:10:00,133,True,211,0,501,2269,50.15,226.9,0.0,True,2.1132,24.73,91.0,1012.0,0,559,30058,15968,2610,0,last,False,relay,False,,,
2026-01-05,a3986d20c19f33c7c107fw,2026-01-05 14:20:00,134,True,212,0,501,2269,50.15,226.9,0.0,True,2.1215,24.56,90.0,1013.0,0,559,30058,15968,2610,0,last,False,relay,False,,,
2026-01-05,a3986d20c19f33c7c107fw,2026-01-05 14:30:00,135,True,212,0,501,2269,50.15,226.9,0.0,True,2.1299,24.6,89.0,1013.0,0,559,30058,15968,2610,0,last,False,relay,False,,,
2026-01-05,a3986d20c19f33c7c107fw,2026-01-05 14:40:00,136,True,215,1031,1312,2290,131.28,229.0,1.031,True,2.1517,24.57,89.0,1013.0,0,559,30058,15968,2610,0,last,False,relay,False,,,
2026-01-05,a3986d20c19f33c7c107fw,2026-01-05 14:50:00,137,True,217,1031,1312,2290,131.28,229.0,1.031,True,2.1736,,,,0,559,30058,15968,2610,0,last,False,relay,False,,,
2026-01-05,a3986d20c19f33c7c107fw,2026-01-05 15:00:00,138,True,219,1031,1312,2290,131.28,229.0,1.031,True,2.1955,24.65,90.0,1013.0,0,559,30058,15968,2610,0,last,False,relay,False,,,
2026-01-05,a3986d20c19f33c7c107fw,2026-01-05 15:10:00,139,True,221,1031,1312,2290,131.28,229.0,1.031,True,2.2174,24.73,89.0,1014.0,0,559,30058,15968,2610,0,last,False,relay,False,,,
2026-01-05,a3986d20c19f33c7c107fw,2026-01-05 15:20:00,140,True,223,1031,1312,2290,131.28,229.0,1.031,True,2.2393,24.93,87.0,1014.0,0,559,30058,15968,2610,0,last,False,relay,False,,,
2026-01-05,a3986d20c19f33c7c107fw,2026-01-05 15:30:00,141,True,226,1031,1312,2290,131.28,229.0,1.031,True,2.2612,25.24,87.0,1014.0,0,559,30058,15968,2610,0,last,False,relay,False,,,
2026-01-05,a3986d20c19f33c7c107fw,2026-01-05 15:40:00,142,True,228,1000,1229,2290,122.95,229.0,1.0,True,2.2816,25.24,87.0,1014.0,0,559,30058,15968,2610,0,last,False,relay,False,,,
2026-01-05,a3986d20c19f33c7c107fw,2026-01-05 15:50:00,143,True,229,0,501,2333,50.15,233.3,0.0,True,2.29,25.33,86.0,1014.0,0,559,30058,15968,2610,0,last,False,relay,False,,,
2026-01-06,a3986d20c19f33c7c107fw,2026-01-05 16:00:00,0,True,0,0,470,2333,47.07,233.3,0.0,True,0.0078,25.72,85.0,1014.0,0,559,30058,15968,2610,0,last,False,relay,False,,,
2026-01-06,a3986d20c19f33c7c107fw,2026-01-05 16:10:00,1,True,1,0,470,2333,47.07,233.3,0.0,True,0.0157,25.68,85.0,1014.0,0,559,30058,15968,2610,0,last,False,relay,False,,,
2026-01-06,a3986d20c19f33c7c107fw,2026-01-05 16:20:00,2,True,2,0,470,2333,47.07,233.3,0.0,True,0.0235,26.03,87.0,1014.0,0,559,30058,15968,2610,0,last,False,relay,False,,,
2026-01-06,a3986d20c19f33c7c107fw,2026-01-05 16:30:00,3,True,3,0,470,2244,47.07,224.4,0.0,True,0.0314,26.03,87.0,1014.0,0,559,30058,15968,2610,0,last,False,relay,False,,,
2026-01-06,a3986d20c19f33c7c107fw,2026-01-05 16:40:00,4,True,5,1033,1377,2277,137.73,227.7,1.033,True,0.0543,26.4,86.0,1014.0,0,559,30058,15968,2610,0,last,False,relay,False,,,
2026-01-06,a3986d20c19f33c7c107fw,2026-01-05 16:50:00,5,True,7,1033,1377,2277,137.73,227.7,1.033,True,0.0773,26.27,87.0,1014.0,0,559,30058,15968,2610,0,last,False,relay,False,,,
2026-01-06,a3986d20c19f33c7c107fw,2026-01-05 17:00:00,6,True,9,1003,1304,2264,130.4,226.4,1.003,True,0.099,,,,0,559,30058,15968,2610,0,last,False,relay,False,,,
2026-01-06,a3986d20c19f33c7c107fw,2026-01-05 17:10:00,7,True,12,1003,1304,2264,130.4,226.4,1.003,True,0.1208,27.35,81.0,1015.0,0,559,30058,15968,2610,0,last,False,relay,False,,,
2026-01-06,a3986d20c19f33c7c107fw,2026-01-05 17:20:00,8,True,14,1003,1304,2264,130.4,226.4,1.003,True,0.1425,27.4,81.0,1015.0,0,559,30058,15968,2610,0,last,False,relay,False,,,
2026-01-06,a3986d20c19f33c7c107fw,2026-01-05 17:30:00,9,True,15,0,470,2285,47.07,228.5,0.0,True,0.1503,27.4,81.0,1015.0,0,559,30058,15968,2610,0,last,False,relay,False,,,
2026-01-06,a3986d20c19f33c7c107fw,2026-01-05 17:40:00,10,True,15,0,470,2285,47.07,228.5,0.0,True,0.1582,,,,0,559,30058,15968,2610,0,last,False,relay,False,,,
2026-01-06,a3986d20c19f33c7c107fw,2026-01-05 17:50:00,11,True,16,0,470,2285,47.07,228.5,0.0,True,0.166,26.83,82.0,1014.0,0,559,30058,15968,2610,0,last,False,relay,False,,,
2026-01-06,a3986d20c19f33c7c107fw,2026-01-05 18:00:00,12,True,18,1026,1378,2264,137.82,226.4,1.026,True,0.189,26.95,82.0,1014.0,0,559,30058,15968,2610,0,last,False,relay,False,,,
2026-01-06,a3986d20c19f33c7c107fw,2026-01-05 18:10:00,13,True,21,1026,1378,2264,137.82,226.4,1.026,True,0.212,,,,0,559,30058,15968,2610,0,last,False,relay,False,,,
2026-01-06,a3986d20c19f33c7c107fw,2026-01-05 18:20:00,14,True,23,1026,1378,2264,137.82,226.4,1.026,True,0.2349,28.33,79.0,1014.0,0,559,30058,15968,2610,0,last,False,relay,False,,,
2026-01-06,a3986d20c19f33c7c107fw,2026-01-05 18:30:00,15,True,25,1026,1378,2264,137.82,226.4,1.026,True,0.2579,28.33,79.0,1014.0,0,559,30058,15968,2610,0,last,False,relay,False,,,
2026-01-06,a3986d20c19f33c7c107fw,2026-01-05 18:40:00,16,True,28,1026,1378,2264,137.82,226.4,1.026,True,0.2809,28.33,79.0,1014.0,0,559,30058,15968,2610,0,last,False,relay,False,,,
2026-01-06,a3986d20c19f33c7c107fw,2026-01-05 18:50:00,17,True,28,0,470,2307,47.07,230.7,0.0,True,0.2887,28.38,79.0,1014.0,0,559,30058,15968,2610,0,last,False,relay,False,,,
2026-01-06,a3986d20c19f33c7c107fw,2026-01-05 19:00:00,18,True,29,0,470,2307,47.07,230.7,0.0,True,0.2966,,,,0,559,30058,15968,2610,0,last,False,relay,False,,,
2026-01-06,a3986d20c19f33c7c107fw,2026-01-05 19:10:00,19,True,30,0,470,2329,47.07,232.9,0.0,True,0.3044,28.38,79.0,1014.0,0,559,30058,15968,2610,0,last,False,relay,False,,,
2026-01-06,a3986d20c19f33c7c107fw,2026-01-05 19:20:00,20,True,31,0,470,2329,47.07,232.9,0.0,True,0.3123,28.63,77.0,1014.0,0,559,30058,15968,2610,0,last,False,relay,False,,,
2026-01-06,a3986d20c19f33c7c107fw,2026-01-05 19:30:00,21,True,33,1056,1391,2307,139.13,230.7,1.056,True,0.3354,28.63,77.0,1014.0,0,559,30058,15968,2610,0,last,False,relay,False,,,
2026-01-06,a3986d20c19f33c7c107fw,2026-01-05 19:40:00,22,True,35,1056,1391,2307,139.13,230.7,1.056,True,0.3586,28.63,76.0,1013.0,0,559,30058,15968,2610,0,last,False,relay,False,,,
2026-01-06,a3986d20c19f33c7c107fw,2026-01-05 19:50:00,23,True,38,1056,1391,2307,139.13,230.7,1.056,True,0.3818,28.71,76.0,1013.0,0,559,30058,15968,2610,0,last,False,relay,False,,,
2026-01-06,a3986d20c19f33c7c107fw,2026-01-05 20:00:00,24,True,40,1056,1391,2307,139.13,230.7,1.056,True,0.405,28.34,77.0,1013.0,0,559,30058,15968,2610,0,last,False,relay,False,,,
2026-01-06,a3986d20c19f33c7c107fw,2026-01-05 20:10:00,25,True,42,1056,1391,2307,139.13,230.7,1.056,True,0.4282,28.52,77.0,1013.0,0,559,30058,15968,2610,0,last,False,relay,False,,,
2026-01-06,a3986d20c19f33c7c107fw,2026-01-05 20:20:00,26,True,43,0,470,2302,47.07,230.2,0.0,True,0.436,28.13,78.0,1013.0,0,559,30058,15968,2610,0,last,False,relay,False,,,
2026-01-06,a3986d20c19f33c7c107fw,2026-01-05 20:30:00,27,True,44,0,470,2302,47.07,230.2,0.0,True,0.4439,28.13,78.0,1013.0,0,559,30058,15968,2610,0,last,False,relay,False,,,
2026-01-06,a3986d20c19f33c7c107fw,2026-01-05 20:40:00,28,True,45,0,470,2302,47.07,230.2,0.0,True,0.4517,28.13,77.0,1012.0,0,559,30058,15968,2610,0,last,False,relay,False,,,
2026-01-06,a3986d20c19f33c7c107fw,2026-01-05 20:50:00,29,True,45,0,470,2302,47.07,230.2,0.0,True,0.4596,28.13,77.0,1012.0,0,559,30058,15968,2610,0,last,False,relay,False,,,
2026-01-06,a3986d20c19f33c7c107fw,2026-01-05 21:00:00,30,True,48,1053,1409,2316,140.96,231.6,1.053,True,0.4831,28.41,77.0,1012.0,0,559,30058,15968,2610,0,last,False,relay,False,,,
2026-01-06,a3986d20c19f33c7c107fw,2026-01-05 21:10:00,31,True,50,1053,1409,2316,140.96,231.6,1.053,True,0.5066,28.15,78.0,1012.0,0,559,30058,15968,2610,0,last,False,relay,False,,,
2026-01-06,a3986d20c19f33c7c107fw,2026-01-05 21:20:00,32,True,53,1053,1409,2316,140.96,231.6,1.053,True,0.5301,28.74,76.0,1012.0,0,559,30058,15968,2610,0,last,False,relay,False,,,
2026-01-06,a3986d20c19f33c7c107fw,2026-01-05 21:30:00,33,True,55,1053,1409,2316,140.96,231.6,1.053,True,0.5535,28.56,76.0,1012.0,0,559,30058,15968,2610,0,last,False,relay,False,,,
2026-01-06,a3986d20c19f33c7c107fw,2026-01-05 21:40:00,34,True,57,1053,1409,2316,140.96,231.6,1.053,True,0.577,28.51,77.0,1011.0,0,559,30058,15968,2610,0,last,False,relay,False,,,
2026-01-06,a3986d20c19f33c7c107fw,2026-01-05 21:50:00,35,True,60,1053,1409,2316,140.96,231.6,1.053,True,0.6005,28.15,78.0,1011.0,0,559,30058,15968,2610,0,last,False,relay,False,,,
2026-01-06,a3986d20c19f33c7c107fw,2026-01-05 22:00:00,36,True,60,0,470,2256,47.07,225.6,0.0,True,0.6084,28.15,78.0,1011.0,0,559,30058,15968,2610,0,last,False,relay,False,,,
2026-01-06,a3986d20c19f33c7c107fw,2026-01-05 22:10:00,37,True,61,0,470,2298,47.07,229.8,0.0,True,0.6162,28.4,83.0,1011.0,0,559,30058,15968,2610,0,last,False,relay,False,,,
2026-01-06,a3986d20c19f33c7c107fw,2026-01-05 22:20:00,38,True,62,0,470,2298,47.07,229.8,0.0,True,0.6241,,,,0,559,30058,15968,2610,0,last,False,relay,False,,,
2026-01-06,a3986d20c19f33c7c107fw,2026-01-05 22:30:00,39,True,64,1016,1364,2269,136.42,226.9,1.016,True,0.6468,,,,0,559,30058,15968,2610,0,last,False,relay,False,,,
2026-01-06,a3986d20c19f33c7c107fw,2026-01-05 22:40:00,40,True,66,1016,1364,2269,136.42,226.9,1.016,True,0.6695,28.63,74.0,1011.0,0,559,30058,15968,2610,0,last,False,relay,False,,,
2026-01-06,a3986d20c19f33c7c107fw,2026-01-05 22:50:00,41,True,69,1016,1364,2269,136.42,226.9,1.016,True,0.6923,28.63,74.0,1011.0,0,559,30058,15968,2610,0,last,False,relay,False,,,
2026-01-06,a3986d20c19f33c7c107fw,2026-01-05 23:00:00,42,True,71,1016,1364,2269,136.42,226.9,1.016,True,0.715,28.15,78.0,1011.0,0,559,30058,15968,2610,0,last,False,relay,False,,,
2026-01-06,a3986d20c19f33c7c107fw,2026-01-05 23:10:00,43,True,73,1016,1364,2269,136.42,226.9,1.016,True,0.7378,28.15,78.0,1011.0,0,559,30058,15968,2610,0,last,False,relay,False,,,
2026-01-06,a3986d20c19f33c7c107fw,2026-01-05 23:20:00,44,True,74,0,470,2298,47.07,229.8,0.0,True,0.7456,29.0,70.0,1011.0,0,559,30058,15968,2610,0,last,False,relay,False,,,
2026-01-06,a3986d20c19f33c7c107fw,2026-01-05 23:30:00,45,True,75,0,470,2298,47.07,229.8,0.0,True,0.7534,,,,0,559,30058,15968,2610,0,last,False,relay,False,,,
2026-01-06,a3986d20c19f33c7c107fw,2026-01-05 23:40:00,46,True,76,0,470,2298,47.07,229.8,0.0,True,0.7613,29.0,70.0,1011.0,0,559,30058,15968,2610,0,last,False,relay,False,,,
2026-01-06,a3986d20c19f33c7c107fw,2026-01-05 23:50:00,47,True,76,0,470,2298,47.07,229.8,0.0,True,0.7691,29.0,70.0,1011.0,0,559,30058,15968,2610,0,last,False,relay,False,,,
2026-01-06,a3986d20c19f33c7c107fw,2026-01-06 00:00:00,48,True,79,1033,1396,2294,139.65,229.4,1.033,True,0.7924,29.0,70.0,1011.0,0,559,30058,15968,2610,0,last,False,relay,False,,,
2026-01-06,a3986d20c19f33c7c107fw,2026-01-06 00:10:00,49,True,81,1033,1396,2294,139.65,229.4,1.033,True,0.8157,28.63,74.0,1011.0,0,559,30058,15968,2610,0,last,False,relay,False,,,
2026-01-06,a3986d20c19f33c7c107fw,2026-01-06 00:20:00,50,True,83,1033,1396,2294,139.65,229.4,1.033,True,0.839,27.84,80.0,1011.0,0,559,30058,15968,2610,0,last,False,relay,False,,,
2026-01-06,a3986d20c19f33c7c107fw,2026-01-06 00:30:00,51,True,86,1033,1396,2294,139.65,229.4,1.033,True,0.8622,27.95,76.0,1011.0,0,559,30058,15968,2610,0,last,False,relay,False,,,
2026-01-06,a3986d20c19f33c7c107fw,2026-01-06 00:40:00,52,True,87,0,470,2307,47.07,230.7,0.0,True,0.8701,27.82,78.0,1011.0,0,559,30058,15968,2610,0,last,False,relay,False,,,
2026-01-06,a3986d20c19f33c7c107fw,2026-01-06 00:50:00,53,True,87,0,470,2307,47.07,230.7,0.0,True,0.8779,,,,0,559,30058,15968,2610,0,last,False,relay,False,,,
2026-01-06,a3986d20c19f33c7c107fw,2026-01-06 01:00:00,54,True,88,0,470,2307,47.07,230.7,0.0,True,0.8858,27.88,78.0,1011.0,0,559,30058,15968,2610,0,last,False,relay,False,,,
2026-01-06,a3986d20c19f33c7c107fw,2026-01-06 01:10:00,55,True,89,0,470,2307,47.07,230.7,0.0,True,0.8936,27.82,78.0,1012.0,0,559,30058,15968,2610,0,last,False,relay,False,,,
2026-01-06,a3986d20c19f33c7c107fw,2026-01-06 01:20:00,56,True,91,1055,1415,2320,141.57,232.0,1.055,True,0.9172,,,,0,559,30058,15968,2610,0,last,False,relay,False,,,
2026-01-06,a3986d20c19f33c7c107fw,2026-01-06 01:30:00,57,True,94,1055,1415,2320,141.57,232.0,1.055,True,0.9408,27.82,77.0,1012.0,0,559,30058,15968,2610,0,last,False,relay,False,,,
2026-01-06,a3986d20c19f33c7c107fw,2026-01-06 01:40:00,58,True,96,1055,1415,2320,141.57,232.0,1.055,True,0.9644,27.77,77.0,1012.0,0,559,30058,15968,2610,0,last,False,relay,False,,,
2026-01-06,a3986d20c19f33c7c107fw,2026-01-06 01:50:00,59,True,98,1055,1415,2320,141.57,232.0,1.055,True,0.988,27.5,77.0,1012.0,0,559,30058,15968,2610,0,last,False,relay,False,,,
2026-01-06,a3986d20c19f33c7c107fw,2026-01-06 02:00:00,60,True,99,0,470,2302,47.07,230.2,0.0,True,0.9958,27.5,78.0,1012.0,0,559,30058,15968,2610,0,last,False,relay,False,,,
2026-01-06,a3986d20c19f33c7c107fw,2026-01-06 02:10:00,61,True,100,0,470,2302,47.07,230.2,0.0,True,1.0037,27.2,78.0,1012.0,0,559,30058,15968,2610,0,last,False,relay,False,,,
2026-01-06,a3986d20c19f33c7c107fw,2026-01-06 02:20:00,62,True,101,0,470,2302,47.07,230.2,0.0,True,1.0115,27.38,79.0,1012.0,0,559,30058,15968,2610,0,last,False,relay,False,,,
2026-01-06,a3986d20c19f33c7c107fw,2026-01-06 02:30:00,63,True,101,0,470,2302,47.07,230.2,0.0,True,1.0194,,,,0,559,30058,15968,2610,0,last,False,relay,False,,,
2026-01-06,a3986d20c19f33c7c107fw,2026-01-06 02:40:00,64,True,104,1053,1417,2320,141.74,232.0,1.053,True,1.043,26.86,79.0,1012.0,0,559,30058,15968,2610,0,last,False,relay,False,,,
2026-01-06,a3986d20c19f33c7c107fw,2026-01-06 02:50:00,65,True,106,1053,1417,2320,141.74,232.0,1.053,True,1.0666,26.92,79.0,1012.0,0,559,30058,15968,2610,0,last,False,relay,False,,,
2026-01-06,a3986d20c19f33c7c107fw,2026-01-06 03:00:00,66,True,109,1053,1417,2320,141.74,232.0,1.053,True,1.0902,26.86,79.0,1012.0,0,559,30058,15968,2610,0,last,False,relay,False,,,
2026-01-06,a3986d20c19f33c7c107fw,2026-01-06 03:10:00,67,True,111,1053,1417,2320,141.74,232.0,1.053,True,1.1139,,,,0,559,30058,15968,2610,0,last,False,relay,False,,,
2026-01-06,a3986d20c19f33c7c107fw,2026-01-06 03:20:00,68,True,113,1053,1417,2320,141.74,232.0,1.053,True,1.1375,26.81,80.0,1013.0,0,559,30058,15968,2610,0,last,False,relay,False,,,
2026-01-06,a3986d20c19f33c7c107fw,2026-01-06 03:30:00,69,True,114,0,470,2320,47.07,232.0,0.0,True,1.1453,26.78,80.0,1013.0,0,559,30058,15968,2610,0,last,False,relay,False,,,
2026-01-06,a3986d20c19f33c7c107fw,2026-01-06 03:40:00,70,True,115,0,470,2320,47.07,232.0,0.0,True,1.1532,26.78,80.0,1013.0,0,559,30058,15968,2610,0,last,False,relay,False,,,
2026-01-06,a3986d20c19f33c7c107fw,2026-01-06 03:50:00,71,True,116,0,470,2320,47.07,232.0,0.0,True,1.161,,,,0,559,30058,15968,2610,0,last,False,relay,False,,,
2026-01-06,a3986d20c19f33c7c107fw,2026-01-06 04:00:00,72,True,116,0,470,2320,47.07,232.0,0.0,True,1.1689,26.78,80.0,1013.0,0,559,30058,15968,2610,0,last,False,relay,False,,,
2026-01-06,a3986d20c19f33c7c107fw,2026-01-06 04:10:00,73,True,119,1028,1388,2277,138.86,227.7,1.028,True,1.192,26.78,80.0,1013.0,0,559,30058,15968,2610,0,last,False,relay,False,,,
2026-01-06,a3986d20c19f33c7c107fw,2026-01-06 04:20:00,74,True,121,1028,1388,2277,138.86,227.7,1.028,True,1.2152,26.73,80.0,1013.0,0,559,30058,15968,2610,0,last,False,relay,False,,,
2026-01-06,a3986d20c19f33c7c107fw,2026-01-06 04:30:00,75,True,123,1028,1388,2277,138.86,227.7,1.028,True,1.2383,26.73,80.0,1013.0,0,559,30058,15968,2610,0,last,False,relay,False,,,
2026-01-06,a3986d20c19f33c7c107fw,2026-01-06 04:40:00,76,True,126,1028,1388,2277,138.86,227.7,1.028,True,1.2614,,,,0,559,30058,15968,2610,0,last,False,relay,False,,,
2026-01-06,a3986d20c19f33c7c107fw,2026-01-06 04:50:00,77,True,128,1028,1388,2277,138.86,227.7,1.028,True,1.2846,26.73,80.0,1014.0,0,559,30058,15968,2610,0,last,False,relay,False,,,
2026-01-06,a3986d20c19f33c7c107fw,2026-01-06 05:00:00,78,True,130,1028,1388,2277,138.86,227.7,1.028,True,1.3077,26.73,80.0,1014.0,0,559,30058,15968,2610,0,last,False,relay,False,,,
2026-01-06,a3986d20c19f33c7c107fw,2026-01-06 05:10:00,79,True,132,1014,1301,2302,130.14,230.2,1.014,True,1.3294,26.73,80.0,1014.0,0,559,30058,15968,2610,0,last,False,relay,False,,,
2026-01-06,a3986d20c19f33c7c107fw,2026-01-06 05:20:00,80,True,135,1014,1301,2302,130.14,230.2,1.014,True,1.3511,26.73,80.0,1014.0,0,559,30058,15968,2610,0,last,False,relay,False,,,
2026-01-06,a3986d20c19f33c7c107fw,2026-01-06 05:30:00,81,True,137,1014,1301,2302,130.14,230.2,1.014,True,1.3728,26.73,81.0,1013.0,0,559,30058,15968,2610,0,last,False,relay,False,,,
2026-01-06,a3986d20c19f33c7c107fw,2026-01-06 05:40:00,82,True,139,1014,1301,2302,130.14,230.2,1.014,True,1.3945,26.73,81.0,1013.0,0,559,30058,15968,2610,0,last,False,relay,False,,,
2026-01-06,a3986d20c19f33c7c107fw,2026-01-06 05:50:00,83,True,141,1014,1301,2302,130.14,230.2,1.014,True,1.4162,26.73,81.0,1013.0,0,559,30058,15968,2610,0,last,False,relay,False,,,
2026-01-06,a3986d20c19f33c7c107fw,2026-01-06 06:00:00,84,True,142,0,470,2277,47.07,227.7,0.0,True,1.424,26.65,81.0,1013.0,0,559,30058,15968,2610,0,last,False,relay,False,,,
2026-01-06,a3986d20c19f33c7c107fw,2026-01-06 06:10:00,85,True,143,0,470,2277,47.07,227.7,0.0,True,1.4319,26.65,80.0,1014.0,0,559,30058,15968,2610,0,last,False,relay,False,,,
2026-01-06,a3986d20c19f33c7c107fw,2026-01-06 06:20:00,86,True,143,0,470,2277,47.07,227.7,0.0,True,1.4397,26.45,82.0,1014.0,0,559,30058,15968,2610,0,last,False,relay,False,,,
2026-01-06,a3986d20c19f33c7c107fw,2026-01-06 06:30:00,87,True,144,0,470,2277,47.07,227.7,0.0,True,1.4476,26.45,82.0,1014.0,0,559,30058,15968,2610,0,last,False,relay,False,,,
2026-01-06,a3986d20c19f33c7c107fw,2026-01-06 06:40:00,88,True,147,1025,1354,2277,135.46,227.7,1.025,True,1.4701,,,,0,559,30058,15968,2610,0,last,False,relay,False,,,
2026-01-06,a3986d20c19f33c7c107fw,2026-01-06 06:50:00,89,True,149,1025,1354,2277,135.46,227.7,1.025,True,1.4927,26.45,82.0,1013.0,0,559,30058,15968,2610,0,last,False,relay,False,,,
2026-01-06,a3986d20c19f33c7c107fw,2026-01-06 07:00:00,90,True,151,1025,1354,2277,135.46,227.7,1.025,True,1.5153,26.45,82.0,1013.0,0,559,30058,15968,2610,0,last,False,relay,False,,,
2026-01-06,a3986d20c19f33c7c107fw,2026-01-06 07:10:00,91,True,153,1025,1354,2277,135.46,227.7,1.025,True,1.5379,26.56,81.0,1014.0,0,559,30058,15968,2610,0,last,False,relay,False,,,
2026-01-06,a3986d20c19f33c7c107fw,2026-01-06 07:20:00,92,True,156,1025,1354,2277,135.46,227.7,1.025,True,1.5604,,,,0,559,30058,15968,2610,0,last,False,relay,False,,,
2026-01-06,a3986d20c19f33c7c107fw,2026-01-06 07:30:00,93,True,156,0,470,2302,47.07,230.2,0.0,True,1.5683,26.14,82.0,1014.0,0,559,30058,15968,2610,0,last,False,relay,False,,,
2026-01-06,a3986d20c19f33c7c107fw,2026-01-06 07:40:00,94,True,157,0,470,2302,47.07,230.2,0.0,True,1.5761,,,,0,559,30058,15968,2610,0,last,False,relay,False,,,
2026-01-06,a3986d20c19f33c7c107fw,2026-01-06 07:50:00,95,True,158,0,470,2302,47.07,230.2,0.0,True,1.584,,,,0,559,30058,15968,2610,0,last,False,relay,False,,,
2026-01-06,a3986d20c19f33c7c107fw,2026-01-06 08:00:00,96,True,159,0,470,2302,47.07,230.2,0.0,True,1.5918,26.08,82.0,1014.0,0,559,30058,15968,2610,0,last,False,relay,False,,,
2026-01-06,a3986d20c19f33c7c107fw,2026-01-06 08:10:00,97,True,161,1046,1374,2307,137.47,230.7,1.046,True,1.6147,,,,0,559,30058,15968,2610,0,last,False,relay,False,,,
2026-01-06,a3986d20c19f33c7c107fw,2026-01-06 08:20:00,98,True,162,376,755,2299,75.56,229.9,0.377,True,1.6273,,,,,,,,,,,,,,,,
2026-01-06,a3986d20c19f33c7c107fw,2026-01-06 08:30:00,99,True,165,1046,1374,2307,137.47,230.7,1.046,True,1.6502,,,,0,559,30058,15968,2610,0,last,False,relay,False,,,
2026-01-06,a3986d20c19f33c7c107fw,2026-01-06 08:40:00,100,True,167,1046,1374,2307,137.47,230.7,1.046,True,1.6731,,,,0,559,30058,15968,2610,0,last,False,relay,False,,,
2026-01-06,a3986d20c19f33c7c107fw,2026-01-06 08:50:00,101,True,169,1046,1374,2307,137.47,230.7,1.046,True,1.6961,26.08,82.0,1013.0,0,559,30058,15968,2610,0,last,False,relay,False,,,
2026-01-06,a3986d20c19f33c7c107fw,2026-01-06 09:00:00,102,True,170,152,306,2303,30.62,230.36,0.152,True,1.7012,,,,,,,,,,,,,,,,
2026-01-06,a3986d20c19f33c7c107fw,2026-01-06 09:10:00,103,True,170,0,470,2320,47.07,232.0,0.0,True,1.709,,,,0,559,30058,15968,2610,0,last,False,relay,False,,,
2026-01-06,a3986d20c19f33c7c107fw,2026-01-06 09:20:00,104,True,171,0,470,2320,47.07,232.0,0.0,True,1.7169,25.69,83.0,1013.0,0,559,30058,15968,2610,0,last,False,relay,False,,,
2026-01-06,a3986d20c19f33c7c107fw,2026-01-06 09:30:00,105,True,172,0,470,2320,47.07,232.0,0.0,True,1.7247,,,,0,559,30058,15968,2610,0,last,False,relay,False,,,
2026-01-06,a3986d20c19f33c7c107fw,2026-01-06 09:40:00,106,True,173,232,467,2306,46.71,230.63,0.232,True,1.7325,,,,,,,,,,,,,,,,
2026-01-06,a3986d20c19f33c7c107fw,2026-01-06 09:50:00,107,True,175,1042,1389,2298,138.95,229.8,1.042,True,1.7556,,,,0,559,30058,15968,2610,0,last,False,relay,False,,,
2026-01-06,a3986d20c19f33c7c107fw,2026-01-06 10:00:00,108,True,176,311,626,2307,62.67,230.7,0.311,True,1.7661,,,,,,,,,,,,,,,,
2026-01-06,a3986d20c19f33c7c107fw,2026-01-06 10:10:00,109,True,177,233,468,2304,46.89,230.4,0.233,True,1.7739,,,,,,,,,,,,,,,,
2026-01-06,a3986d20c19f33c7c107fw,2026-01-06 10:20:00,110,True,177,155,312,2302,31.24,230.27,0.155,True,1.7791,,,,,,,,,,,,,,,,
2026-01-06,a3986d20c19f33c7c107fw,2026-01-06 10:30:00,111,True,178,0,470,2303,47.07,230.33,0.0,True,1.787,,,,,,,,,,,,,,,,
2026-01-06,a3986d20c19f33c7c107fw,2026-01-06 10:40:00,112,True,178,75,150,2302,15.09,230.2,0.075,True,1.7895,,,,,,,,,,,,,,,,
2026-01-06,a3986d20c19f33c7c107fw,2026-01-06 10:50:00,113,True,179,0,470,2298,47.07,229.8,0.0,True,1.7973,,,,0,559,30058,15968,2610,0,last,False,relay,False,,,
2026-01-06,a3986d20c19f33c7c107fw,2026-01-06 11:00:00,114,False,179,0,0,2304,0.0,230.47,0.0,False,1.7973,,,,,,,,,,,,,,,,
2026-01-06,a3986d20c19f33c7c107fw,2026-01-06 11:10:00,115,True,180,0,470,2298,47.07,229.8,0.0,True,1.8052,25.33,83.0,1012.0,0,559,30058,15968,2610,0,last,False,relay,False,,,
2026-01-06,a3986d20c19f33c7c107fw,2026-01-06 11:20:00,116,True,182,1054,1400,2316,140.09,231.6,1.054,True,1.8285,,,,0,559,30058,15968,2610,0,last,False,relay,False,,,
2026-01-06,a3986d20c19f33c7c107fw,2026-01-06 11:30:00,117,True,185,1054,1400,2316,140.09,231.6,1.054,True,1.8519,,,,0,559,30058,15968,2610,0,last,False,relay,False,,,
2026-01-06,a3986d20c19f33c7c107fw,2026-01-06 11:40:00,118,True,186,315,632,2298,63.26,229.84,0.315,True,1.8624,,,,,,,,,,,,,,,,
2026-01-06,a3986d20c19f33c7c107fw,2026-01-06 11:50:00,119,True,187,0,470,2320,47.07,232.0,0.0,True,1.8702,,,,0,559,30058,15968,2610,0,last,False,relay,False,,,
2026-01-06,a3986d20c19f33c7c107fw,2026-01-06 12:00:00,120,True,187,0,470,2320,47.07,232.0,0.0,True,1.8781,,,,0,559,30058,15968,2610,0,last,False,relay,False,,,
2026-01-06,a3986d20c19f33c7c107fw,2026-01-06 12:10:00,121,True,188,76,153,2301,15.31,230.18,0.076,True,1.8806,,,,,,,,,,,,,,,,
2026-01-06,a3986d20c19f33c7c107fw,2026-01-06 12:20:00,122,True,188,0,470,2320,47.07,232.0,0.0,True,1.8885,25.17,83.0,1013.0,0,559,30058,15968,2610,0,last,False,relay,False,,,
2026-01-06,a3986d20c19f33c7c107fw,2026-01-06 12:30:00,123,True,189,0,470,2320,47.07,232.0,0.0,True,1.8963,,,,0,559,30058,15968,2610,0,last,False,relay,False,,,
2026-01-06,a3986d20c19f33c7c107fw,2026-01-06 12:40:00,124,True,191,1030,1389,2264,138.95,226.4,1.03,True,1.9195,,,,0,559,30058,15968,2610,0,last,False,relay,False,,,
2026-01-06,a3986d20c19f33c7c107fw,2026-01-06 12:50:00,125,True,194,1030,1389,2264,138.95,226.4,1.03,True,1.9426,,,,0,559,30058,15968,2610,0,last,False,relay,False,,,
2026-01-06,a3986d20c19f33c7c107fw,2026-01-06 13:00:00,126,True,196,1030,1389,2264,138.95,226.4,1.03,True,1.9658,,,,0,559,30058,15968,2610,0,last,False,relay,False,,,
2026-01-06,a3986d20c19f33c7c107fw,2026-01-06 13:10:00,127,True,198,1030,1389,2264,138.95,226.4,1.03,True,1.989,,,,0,559,30058,15968,2610,0,last,False,relay,False,,,
2026-01-06,a3986d20c19f33c7c107fw,2026-01-06 13:20:00,128,True,201,1030,1389,2264,138.95,226.4,1.03,True,2.0121,25.39,84.0,1013.0,0,559,30058,15968,2610,0,last,False,relay,False,,,
2026-01-06,a3986d20c19f33c7c107fw,2026-01-06 13:30:00,129,True,203,1030,1389,2264,138.95,226.4,1.03,True,2.0353,25.39,83.0,1013.0,0,559,30058,15968,2610,0,last,False,relay,False,,,
2026-01-06,a3986d20c19f33c7c107fw,2026-01-06 13:40:00,130,True,204,0,470,2260,47.07,226.0,0.0,True,2.0431,,,,0,559,30058,15968,2610,0,last,False,relay,False,,,
2026-01-06,a3986d20c19f33c7c107fw,2026-01-06 13:50:00,131,True,205,0,470,2260,47.07,226.0,0.0,True,2.051,,,,0,559,30058,15968,2610,0,last,False,relay,False,,,
2026-01-06,a3986d20c19f33c7c107fw,2026-01-06 14:00:00,132,True,205,0,470,2260,47.07,226.0,0.0,True,2.0588,,,,0,559,30058,15968,2610,0,last,False,relay,False,,,
2026-01-06,a3986d20c19f33c7c107fw,2026-01-06 14:10:00,133,True,206,0,470,2260,47.07,226.0,0.0,True,2.0667,,,,0,559,30058,15968,2610,0,last,False,relay,False,,,
2026-01-06,a3986d20c19f33c7c107fw,2026-01-06 14:20:00,134,True,207,0,470,2260,47.07,226.0,0.0,True,2.0745,,,,0,559,30058,15968,2610,0,last,False,relay,False,,,
2026-01-06,a3986d20c19f33c7c107fw,2026-01-06 14:30:00,135,True,209,1027,1369,2273,136.94,227.3,1.027,True,2.0973,25.59,78.0,1014.0,0,559,30058,15968,2610,0,last,False,relay,False,,,
2026-01-06,a3986d20c19f33c7c107fw,2026-01-06 14:40:00,136,True,212,1027,1369,2273,136.94,227.3,1.027,True,2.1202,,,,0,559,30058,15968,2610,0,last,False,relay,False,,,
2026-01-06,a3986d20c19f33c7c107fw,2026-01-06 14:50:00,137,True,214,1027,1369,2273,136.94,227.3,1.027,True,2.143,25.64,78.0,1013.0,0,559,30058,15968,2610,0,last,False,relay,False,,,
2026-01-06,a3986d20c19f33c7c107fw,2026-01-06 15:00:00,138,True,216,1027,1369,2273,136.94,227.3,1.027,True,2.1658,,,,0,559,30058,15968,2610,0,last,False,relay,False,,,
2026-01-06,a3986d20c19f33c7c107fw,2026-01-06 15:10:00,139,True,218,1027,1369,2273,136.94,227.3,1.027,True,2.1886,25.64,78.0,1013.0,0,559,30058,15968,2610,0,last,False,relay,False,,,
2026-01-06,a3986d20c19f33c7c107fw,2026-01-06 15:20:00,140,True,219,0,470,2285,47.07,228.5,0.0,True,2.1965,25.64,78.0,1014.0,0,559,30058,15968,2610,0,last,False,relay,False,,,
2026-01-06,a3986d20c19f33c7c107fw,2026-01-06 15:30:00,141,True,220,0,470,2285,47.07,228.5,0.0,True,2.2043,,,,0,559,30058,15968,2610,0,last,False,relay,False,,,
2026-01-06,a3986d20c19f33c7c107fw,2026-01-06 15:40:00,142,True,221,0,470,2285,47.07,228.5,0.0,True,2.2122,25.64,78.0,1014.0,0,559,30058,15968,2610,0,last,False,relay,False,,,
2026-01-06,a3986d20c19f33c7c107fw,2026-01-06 15:50:00,143,True,222,0,470,2285,47.07,228.5,0.0,True,2.22,,,,0,559,30058,15968,2610,0,last,False,relay,False,,,
2026-01-07,a3986d20c19f33c7c107fw,2026-01-06 16:00:00,0,True,0,0,497,2285,49.77,228.5,0.0,True,0.0083,25.72,78.0,1014.0,0,559,30058,15968,2610,0,last,False,relay,False,,,
2026-01-07,a3986d20c19f33c7c107fw,2026-01-06 16:10:00,1,True,3,1029,1318,2277,131.82,227.7,1.029,True,0.0303,,,,0,559,30058,15968,2610,0,last,False,relay,False,,,
2026-01-07,a3986d20c19f33c7c107fw,2026-01-06 16:20:00,2,True,5,1029,1318,2277,131.82,227.7,1.029,True,0.0522,,,,0,559,30058,15968,2610,0,last,False,relay,False,,,
2026-01-07,a3986d20c19f33c7c107fw,2026-01-06 16:30:00,3,True,7,1029,1318,2277,131.82,227.7,1.029,True,0.0742,26.17,76.0,1014.0,0,559,30058,15968,2610,0,last,False,relay,False,,,
2026-01-07,a3986d20c19f33c7c107fw,2026-01-06 16:40:00,4,True,9,1029,1318,2277,131.82,227.7,1.029,True,0.0962,26.22,76.0,1015.0,0,559,30058,15968,2610,0,last,False,relay,False,,,
2026-01-07,a3986d20c19f33c7c107fw,2026-01-06 16:50:00,5,True,10,0,497,2260,49.77,226.0,0.0,True,0.1045,26.27,76.0,1015.0,0,559,30058,15968,2610,0,last,False,relay,False,,,
2026-01-07,a3986d20c19f33c7c107fw,2026-01-06 17:00:00,6,True,13,840,1610,2281,161.02,228.13,0.84,True,0.1313,,,,,,,,,,,,,,,,
2026-01-07,a3986d20c19f33c7c107fw,2026-01-06 17:10:00,7,True,13,0,497,2260,49.77,226.0,0.0,True,0.1396,26.78,74.0,1016.0,0,559,30058,15968,2610,0,last,False,relay,False,,,
2026-01-07,a3986d20c19f33c7c107fw,2026-01-06 17:20:00,8,True,16,1041,1350,2302,135.0,230.2,1.041,True,0.1621,26.78,74.0,1016.0,0,559,30058,15968,2610,0,last,False,relay,False,,,
2026-01-07,a3986d20c19f33c7c107fw,2026-01-06 17:30:00,9,True,18,1041,1350,2302,135.0,230.2,1.041,True,0.1846,,,,0,559,30058,15968,2610,0,last,False,relay,False,,,
2026-01-07,a3986d20c19f33c7c107fw,2026-01-06 17:40:00,10,True,20,1041,1350,2302,135.0,230.2,1.041,True,0.2071,26.83,74.0,1016.0,0,559,30058,15968,2610,0,last,False,relay,False,,,
2026-01-07,a3986d20c19f33c7c107fw,2026-01-06 17:50:00,11,True,22,1041,1350,2302,135.0,230.2,1.041,True,0.2296,26.97,73.0,1015.0,0,559,30058,15968,2610,0,last,False,relay,False,,,
2026-01-07,a3986d20c19f33c7c107fw,2026-01-06 18:00:00,12,True,25,1041,1350,2302,135.0,230.2,1.041,True,0.2521,27.28,73.0,1015.0,0,559,30058,15968,2610,0,last,False,relay,False,,,
2026-01-07,a3986d20c19f33c7c107fw,2026-01-06 18:10:00,13,True,26,0,497,2324,49.77,232.4,0.0,True,0.2604,27.69,72.0,1016.0,0,559,30058,15968,2610,0,last,False,relay,False,,,
2026-01-07,a3986d20c19f33c7c107fw,2026-01-06 18:20:00,14,True,26,0,497,2324,49.77,232.4,0.0,True,0.2687,27.58,72.0,1015.0,0,559,30058,15968,2610,0,last,False,relay,False,,,
2026-01-07,a3986d20c19f33c7c107fw,2026-01-06 18:30:00,15,True,27,0,497,2324,49.77,232.4,0.0,True,0.277,27.69,71.0,1015.0,0,559,30058,15968,2610,0,last,False,relay,False,,,
2026-01-07,a3986d20c19f33c7c107fw,2026-01-06 18:40:00,16,True,29,611,1177,2291,117.7,229.16,0.611,True,0.2966,,,,,,,,,,,,,,,,
2026-01-07,a3986d20c19f33c7c107fw,2026-01-06 18:50:00,17,True,31,543,1050,2302,105.08,230.23,0.543,True,0.3141,,,,,,,,,,,,,,,,
2026-01-07,a3986d20c19f33c7c107fw,2026-01-06 19:00:00,18,True,33,1068,1376,2333,137.7,233.3,1.068,True,0.3371,28.14,70.0,1015.0,0,559,30058,15968,2610,0,last,False,relay,False,,,
2026-01-07,a3986d20c19f33c7c107fw,2026-01-06 19:10:00,19,True,36,1068,1376,2333,137.7,233.3,1.068,True,0.36,28.14,70.0,1015.0,0,559,30058,15968,2610,0,last,False,relay,False,,,
2026-01-07,a3986d20c19f33c7c107fw,2026-01-06 19:20:00,20,True,38,1068,1376,2333,137.7,233.3,1.068,True,0.383,28.82,68.0,1015.0,0,559,30058,15968,2610,0,last,False,relay,False,,,
2026-01-07,a3986d20c19f33c7c107fw,2026-01-06 19:30:00,21,True,40,1068,1376,2333,137.7,233.3,1.068,True,0.4059,,,,0,559,30058,15968,2610,0,last,False,relay,False,,,
2026-01-07,a3986d20c19f33c7c107fw,2026-01-06 19:40:00,22,True,41,0,497,2311,49.77,231.1,0.0,True,0.4142,28.99,68.0,1014.0,0,559,30058,15968,2610,0,last,False,relay,False,,,
2026-01-07,a3986d20c19f33c7c107fw,2026-01-06 19:50:00,23,True,42,0,497,2311,49.77,231.1,0.0,True,0.4225,,,,0,559,30058,15968,2610,0,last,False,relay,False,,,
2026-01-07,a3986d20c19f33c7c107fw,2026-01-06 20:00:00,24,True,43,0,497,2311,49.77,231.1,0.0,True,0.4308,29.33,68.0,1014.0,0,559,30058,15968,2610,0,last,False,relay,False,,,
2026-01-07,a3986d20c19f33c7c107fw,2026-01-06 20:10:00,25,True,43,0,497,2311,49.77,231.1,0.0,True,0.4391,,,,0,559,30058,15968,2610,0,last,False,relay,False,,,
2026-01-07,a3986d20c19f33c7c107fw,2026-01-06 20:20:00,26,True,46,1063,1381,2316,138.2,231.6,1.063,True,0.4621,29.33,67.0,1014.0,0,559,30058,15968,2610,0,last,False,relay,False,,,
2026-01-07,a3986d20c19f33c7c107fw,2026-01-06 20:30:00,27,True,48,1063,1381,2316,138.2,231.6,1.063,True,0.4852,29.35,67.0,1014.0,0,559,30058,15968,2610,0,last,False,relay,False,,,
2026-01-07,a3986d20c19f33c7c107fw,2026-01-06 20:40:00,28,True,49,152,295,2304,29.57,230.4,0.153,True,0.4901,,,,,,,,,,,,,,,,
2026-01-07,a3986d20c19f33c7c107fw,2026-01-06 20:50:00,29,True,49,231,449,2312,44.93,231.27,0.231,True,0.4976,,,,,,,,,,,,,,,,
2026-01-07,a3986d20c19f33c7c107fw,2026-01-06 21:00:00,30,True,52,1063,1381,2316,138.2,231.6,1.063,True,0.5206,29.39,67.0,1013.0,0,559,30058,15968,2610,0,last,False,relay,False,,,
2026-01-07,a3986d20c19f33c7c107fw,2026-01-06 21:10:00,31,True,54,607,1173,2297,117.31,229.7,0.608,True,0.5402,,,,,,,,,,,,,,,,
2026-01-07,a3986d20c19f33c7c107fw,2026-01-06 21:20:00,32,True,55,607,1173,2300,117.31,230.05,0.607,True,0.5597,,,,,,,,,,,,,,,,
2026-01-07,a3986d20c19f33c7c107fw,2026-01-06 21:30:00,33,True,56,0,497,2277,49.77,227.7,0.0,True,0.568,,,,0,559,30058,15968,2610,0,last,False,relay,False,,,
2026-01-07,a3986d20c19f33c7c107fw,2026-01-06 21:40:00,34,True,57,0,497,2277,49.77,227.7,0.0,True,0.5763,,,,0,559,30058,15968,2610,0,last,False,relay,False,,,
2026-01-07,a3986d20c19f33c7c107fw,2026-01-06 21:50:00,35,True,58,0,497,2277,49.77,227.7,0.0,True,0.5846,,,,0,559,30058,15968,2610,0,last,False,relay,False,,,
2026-01-07,a3986d20c19f33c7c107fw,2026-01-06 22:00:00,36,True,60,1046,1359,2302,135.93,230.2,1.046,True,0.6073,29.99,66.0,1012.0,0,559,30058,15968,2610,0,last,False,relay,False,,,
2026-01-07,a3986d20c19f33c7c107fw,2026-01-06 22:10:00,37,True,62,1046,1359,2302,135.93,230.2,1.046,True,0.6299,29.99,66.0,1012.0,0,559,30058,15968,2610,0,last,False,relay,False,,,
2026-01-07,a3986d20c19f33c7c107fw,2026-01-06 22:20:00,38,True,65,1046,1359,2302,135.93,230.2,1.046,True,0.6526,,,,0,559,30058,15968,2610,0,last,False,relay,False,,,
2026-01-07,a3986d20c19f33c7c107fw,2026-01-06 22:30:00,39,True,67,1046,1359,2302,135.93,230.2,1.046,True,0.6752,,,,0,559,30058,15968,2610,0,last,False,relay,False,,,
2026-01-07,a3986d20c19f33c7c107fw,2026-01-06 22:40:00,40,True,69,1046,1359,2302,135.93,230.2,1.046,True,0.6979,30.25,64.0,1011.0,0,559,30058,15968,2610,0,last,False,relay,False,,,
2026-01-07,a3986d20c19f33c7c107fw,2026-01-06 22:50:00,41,True,71,526,1018,2301,101.86,230.17,0.527,True,0.7148,,,,,,,,,,,,,,,,
2026-01-07,a3986d20c19f33c7c107fw,2026-01-06 23:00:00,42,True,73,523,1010,2297,101.03,229.74,0.523,True,0.7317,,,,,,,,,,,,,,,,
2026-01-07,a3986d20c19f33c7c107fw,2026-01-06 23:10:00,43,True,74,380,735,2301,73.52,230.15,0.38,True,0.7439,,,,,,,,,,,,,,,,
2026-01-07,a3986d20c19f33c7c107fw,2026-01-06 23:20:00,44,True,74,156,303,2312,30.37,231.24,0.156,True,0.749,,,,,,,,,,,,,,,,
2026-01-07,a3986d20c19f33c7c107fw,2026-01-06 23:30:00,45,True,77,1056,1381,2307,138.2,230.7,1.056,True,0.772,,,,0,559,30058,15968,2610,0,last,False,relay,False,,,
2026-01-07,a3986d20c19f33c7c107fw,2026-01-06 23:40:00,46,True,78,0,497,2300,49.77,230.01,0.0,True,0.7803,,,,,,,,,,,,,,,,
2026-01-07,a3986d20c19f33c7c107fw,2026-01-06 23:50:00,47,True,78,0,497,2297,49.77,229.73,0.0,True,0.7886,,,,,,,,,,,,,,,,
2026-01-07,a3986d20c19f33c7c107fw,2026-01-07 00:00:00,48,True,79,231,445,2293,44.54,229.38,0.231,True,0.796,,,,,,,,,,,,,,,,
2026-01-07,a3986d20c19f33c7c107fw,2026-01-07 00:10:00,49,True,81,691,1337,2302,133.78,230.29,0.691,True,0.8183,,,,,,,,,,,,,,,,
2026-01-07,a3986d20c19f33c7c107fw,2026-01-07 00:20:00,50,True,83,616,1192,2304,119.26,230.45,0.616,True,0.8382,,,,,,,,,,,,,,,,
2026-01-07,a3986d20c19f33c7c107fw,2026-01-07 00:30:00,51,True,85,539,1045,2307,104.59,230.76,0.539,True,0.8557,,,,,,,,,,,,,,,,
2026-01-07,a3986d20c19f33c7c107fw,2026-01-07 00:40:00,52,True,85,76,149,2307,14.91,230.72,0.077,True,0.8581,,,,,,,,,,,,,,,,
2026-01-07,a3986d20c19f33c7c107fw,2026-01-07 00:50:00,53,True,86,154,300,2317,30.02,231.74,0.154,True,0.8631,,,,,,,,,,,,,,,,
2026-01-07,a3986d20c19f33c7c107fw,2026-01-07 01:00:00,54,True,86,153,298,2304,29.82,230.49,0.154,True,0.8681,,,,,,,,,,,,,,,,
2026-01-07,a3986d20c19f33c7c107fw,2026-01-07 01:10:00,55,True,87,147,285,2308,28.58,230.82,0.147,True,0.8729,,,,,,,,,,,,,,,,
2026-01-07,a3986d20c19f33c7c107fw,2026-01-07 01:20:00,56,True,88,452,880,2315,88.08,231.55,0.453,True,0.8876,,,,,,,,,,,,,,,,
2026-01-07,a3986d20c19f33c7c107fw,2026-01-07 01:30:00,57,True,90,606,1179,2315,117.98,231.5,0.607,True,0.9072,,,,,,,,,,,,,,,,
2026-01-07,a3986d20c19f33c7c107fw,2026-01-07 01:40:00,58,True,92,1047,1355,2294,135.59,229.4,1.047,True,0.9298,,,,0,559,30058,15968,2610,0,last,False,relay,False,,,
2026-01-07,a3986d20c19f33c7c107fw,2026-01-07 01:50:00,59,True,95,1047,1355,2294,135.59,229.4,1.047,True,0.9524,,,,0,559,30058,15968,2610,0,last,False,relay,False,,,
2026-01-07,a3986d20c19f33c7c107fw,2026-01-07 02:00:00,60,True,95,153,295,2297,29.54,229.7,0.153,True,0.9573,,,,,,,,,,,,,,,,
2026-01-07,a3986d20c19f33c7c107fw,2026-01-07 02:10:00,61,True,96,312,601,2287,60.13,228.76,0.313,True,0.9674,,,,,,,,,,,,,,,,
2026-01-07,a3986d20c19f33c7c107fw,2026-01-07 02:20:00,62,True,97,149,287,2296,28.79,229.62,0.149,True,0.9722,,,,,,,,,,,,,,,,
2026-01-07,a3986d20c19f33c7c107fw,2026-01-07 02:30:00,63,True,98,0,497,2264,49.77,226.4,0.0,True,0.9805,27.5,75.0,1013.0,0,559,30058,15968,2610,0,last,False,relay,False,,,
2026-01-07,a3986d20c19f33c7c107fw,2026-01-07 02:40:00,64,True,98,0,497,2264,49.77,226.4,0.0,True,0.9887,27.5,75.0,1013.0,0,559,30058,15968,2610,0,last,False,relay,False,,,
2026-01-07,a3986d20c19f33c7c107fw,2026-01-07 02:50:00,65,True,99,0,497,2264,49.77,226.4,0.0,True,0.997,27.37,76.0,1013.0,0,559,30058,15968,2610,0,last,False,relay,False,,,
2026-01-07,a3986d20c19f33c7c107fw,2026-01-07 03:00:00,66,True,101,528,1016,2291,101.67,229.1,0.528,True,1.014,,,,,,,,,,,,,,,,
2026-01-07,a3986d20c19f33c7c107fw,2026-01-07 03:10:00,67,True,103,1018,1295,2273,129.55,227.3,1.018,True,1.0356,27.2,75.0,1014.0,0,559,30058,15968,2610,0,last,False,relay,False,,,
2026-01-07,a3986d20c19f33c7c107fw,2026-01-07 03:20:00,68,True,105,1018,1295,2273,129.55,227.3,1.018,True,1.0572,,,,0,559,30058,15968,2610,0,last,False,relay,False,,,
2026-01-07,a3986d20c19f33c7c107fw,2026-01-07 03:30:00,69,True,106,288,558,2300,55.81,230.0,0.289,True,1.0665,,,,,,,,,,,,,,,,
2026-01-07,a3986d20c19f33c7c107fw,2026-01-07 03:40:00,70,True,107,287,556,2304,55.64,230.42,0.287,True,1.0757,,,,,,,,,,,,,,,,
2026-01-07,a3986d20c19f33c7c107fw,2026-01-07 03:50:00,71,False,107,0,0,2310,0.0,231.03,0.0,False,1.0757,,,,,,,,,,,,,,,,
2026-01-07,a3986d20c19f33c7c107fw,2026-01-07 04:00:00,72,True,107,75,145,2315,14.59,231.52,0.075,True,1.0782,,,,,,,,,,,,,,,,
2026-01-07,a3986d20c19f33c7c107fw,2026-01-07 04:10:00,73,True,108,333,640,2282,64.01,228.22,0.334,True,1.0888,,,,,,,,,,,,,,,,
2026-01-07,a3986d20c19f33c7c107fw,2026-01-07 04:20:00,74,True,109,229,442,2293,44.29,229.38,0.23,True,1.0962,,,,,,,,,,,,,,,,
2026-01-07,a3986d20c19f33c7c107fw,2026-01-07 04:30:00,75,True,110,0,497,2290,49.77,229.0,0.0,True,1.1045,26.47,79.0,1014.0,0,559,30058,15968,2610,0,last,False,relay,False,,,
2026-01-07,a3986d20c19f33c7c107fw,2026-01-07 04:40:00,76,True,112,1020,1300,2264,130.05,226.4,1.02,True,1.1262,,,,0,559,30058,15968,2610,0,last,False,relay,False,,,
2026-01-07,a3986d20c19f33c7c107fw,2026-01-07 04:50:00,77,True,113,403,773,2282,77.38,228.22,0.404,True,1.1391,,,,,,,,,,,,,,,,
2026-01-07,a3986d20c19f33c7c107fw,2026-01-07 05:00:00,78,True,115,403,773,2282,77.38,228.22,0.404,True,1.152,,,,,,,,,,,,,,,,
2026-01-07,a3986d20c19f33c7c107fw,2026-01-07 05:10:00,79,True,116,394,754,2278,75.46,227.8,0.394,True,1.1646,,,,,,,,,,,,,,,,
2026-01-07,a3986d20c19f33c7c107fw,2026-01-07 05:20:00,80,False,116,0,0,2279,0.0,227.93,0.0,False,1.1646,,,,,,,,,,,,,,,,
2026-01-07,a3986d20c19f33c7c107fw,2026-01-07 05:30:00,81,False,116,0,0,2279,0.0,227.93,0.0,False,1.1646,,,,,,,,,,,,,,,,
2026-01-07,a3986d20c19f33c7c107fw,2026-01-07 05:40:00,82,True,117,0,497,2298,49.77,229.8,0.0,True,1.1729,,,,0,559,30058,15968,2610,0,last,False,relay,False,,,
2026-01-07,a3986d20c19f33c7c107fw,2026-01-07 05:50:00,83,True,118,0,497,2298,49.77,229.8,0.0,True,1.1812,,,,0,559,30058,15968,2610,0,last,False,relay,False,,,
2026-01-07,a3986d20c19f33c7c107fw,2026-01-07 06:00:00,84,True,120,1022,1309,2269,130.97,226.9,1.022,True,1.203,26.02,80.0,1015.0,0,559,30058,15968,2610,0,last,False,relay,False,,,
2026-01-07,a3986d20c19f33c7c107fw,2026-01-07 06:10:00,85,True,122,1022,1309,2269,130.97,226.9,1.022,True,1.2248,26.02,80.0,1015.0,0,559,30058,15968,2610,0,last,False,relay,False,,,
2026-01-07,a3986d20c19f33c7c107fw,2026-01-07 06:20:00,86,True,124,1022,1309,2269,130.97,226.9,1.022,True,1.2466,,,,0,559,30058,15968,2610,0,last,False,relay,False,,,
2026-01-07,a3986d20c19f33c7c107fw,2026-01-07 06:30:00,87,True,126,1022,1309,2269,130.97,226.9,1.022,True,1.2685,,,,0,559,30058,15968,2610,0,last,False,relay,False,,,
2026-01-07,a3986d20c19f33c7c107fw,2026-01-07 06:40:00,88,True,129,1022,1309,2269,130.97,226.9,1.022,True,1.2903,25.66,81.0,1015.0,0,559,30058,15968,2610,0,last,False,relay,False,,,
2026-01-07,a3986d20c19f33c7c107fw,2026-01-07 06:50:00,89,True,131,1022,1309,2269,130.97,226.9,1.022,True,1.3121,,,,0,559,30058,15968,2610,0,last,False,relay,False,,,
2026-01-07,a3986d20c19f33c7c107fw,2026-01-07 07:00:00,90,True,132,0,497,2285,49.77,228.5,0.0,True,1.3204,,,,0,559,30058,15968,2610,0,last,False,relay,False,,,
2026-01-07,a3986d20c19f33c7c107fw,2026-01-07 07:10:00,91,True,132,0,497,2285,49.77,228.5,0.0,True,1.3287,,,,0,559,30058,15968,2610,0,last,False,relay,False,,,
2026-01-07,a3986d20c19f33c7c107fw,2026-01-07 07:20:00,92,True,133,0,497,2285,49.77,228.5,0.0,True,1.337,25.66,82.0,1015.0,0,559,30058,15968,2610,0,last,False,relay,False,,,
2026-01-07,a3986d20c19f33c7c107fw,2026-01-07 07:30:00,93,True,134,301,577,2280,57.78,228.05,0.302,True,1.3466,,,,,,,,,,,,,,,,
2026-01-07,a3986d20c19f33c7c107fw,2026-01-07 07:40:00,94,True,136,1019,1313,2294,131.39,229.4,1.019,True,1.3685,,,,0,559,30058,15968,2610,0,last,False,relay,False,,,
2026-01-07,a3986d20c19f33c7c107fw,2026-01-07 07:50:00,95,True,139,1019,1313,2294,131.39,229.4,1.019,True,1.3904,25.23,85.0,1014.0,0,559,30058,15968,2610,0,last,False,relay,False,,,
2026-01-07,a3986d20c19f33c7c107fw,2026-01-07 08:00:00,96,True,141,1019,1313,2294,131.39,229.4,1.019,True,1.4123,,,,0,559,30058,15968,2610,0,last,False,relay,False,,,
2026-01-07,a3986d20c19f33c7c107fw,2026-01-07 08:10:00,97,True,143,1019,1313,2294,131.39,229.4,1.019,True,1.4342,25.38,83.0,1015.0,0,559,30058,15968,2610,0,last,False,relay,False,,,
2026-01-07,a3986d20c19f33c7c107fw,2026-01-07 08:20:00,98,True,145,1019,1313,2294,131.39,229.4,1.019,True,1.4561,25.38,84.0,1014.0,0,559,30058,15968,2610,0,last,False,relay,False,,,
2026-01-07,a3986d20c19f33c7c107fw,2026-01-07 08:30:00,99,True,147,1019,1313,2294,131.39,229.4,1.019,True,1.478,,,,0,559,30058,15968,2610,0,last,False,relay,False,,,
2026-01-07,a3986d20c19f33c7c107fw,2026-01-07 08:40:00,100,True,148,0,497,2316,49.77,231.6,0.0,True,1.4863,25.33,84.0,1014.0,0,559,30058,15968,2610,0,last,False,relay,False,,,
2026-01-07,a3986d20c19f33c7c107fw,2026-01-07 08:50:00,101,True,149,0,497,2316,49.77,231.6,0.0,True,1.4946,25.07,84.0,1014.0,0,559,30058,15968,2610,0,last,False,relay,False,,,
2026-01-07,a3986d20c19f33c7c107fw,2026-01-07 09:00:00,102,True,150,0,497,2316,49.77,231.6,0.0,True,1.5029,,,,0,559,30058,15968,2610,0,last,False,relay,False,,,
2026-01-07,a3986d20c19f33c7c107fw,2026-01-07 09:10:00,103,True,151,0,497,2316,49.77,231.6,0.0,True,1.5112,25.01,84.0,1014.0,0,559,30058,15968,2610,0,last,False,relay,False,,,
2026-01-07,a3986d20c19f33c7c107fw,2026-01-07 09:20:00,104,True,153,1046,1355,2298,135.59,229.8,1.046,True,1.5338,25.01,84.0,1014.0,0,559,30058,15968,2610,0,last,False,relay,False,,,
2026-01-07,a3986d20c19f33c7c107fw,2026-01-07 09:30:00,105,True,155,1046,1355,2298,135.59,229.8,1.046,True,1.5564,25.01,85.0,1014.0,0,559,30058,15968,2610,0,last,False,relay,False,,,
2026-01-07,a3986d20c19f33c7c107fw,2026-01-07 09:40:00,106,True,157,1046,1355,2298,135.59,229.8,1.046,True,1.579,,,,0,559,30058,15968,2610,0,last,False,relay,False,,,
2026-01-07,a3986d20c19f33c7c107fw,2026-01-07 09:50:00,107,True,160,1046,1355,2298,135.59,229.8,1.046,True,1.6016,24.93,85.0,1013.0,0,559,30058,15968,2610,0,last,False,relay,False,,,
2026-01-07,a3986d20c19f33c7c107fw,2026-01-07 10:00:00,108,True,162,1046,1355,2298,135.59,229.8,1.046,True,1.6242,24.93,85.0,1013.0,0,559,30058,15968,2610,0,last,False,relay,False,,,
2026-01-07,a3986d20c19f33c7c107fw,2026-01-07 10:10:00,109,True,164,1046,1355,2298,135.59,229.8,1.046,True,1.6468,24.67,87.0,1013.0,0,559,30058,15968,2610,0,last,False,relay,False,,,
2026-01-07,a3986d20c19f33c7c107fw,2026-01-07 10:20:00,110,True,165,0,497,2290,49.77,229.0,0.0,True,1.6551,,,,0,559,30058,15968,2610,0,last,False,relay,False,,,
2026-01-07,a3986d20c19f33c7c107fw,2026-01-07 10:30:00,111,True,166,0,497,2290,49.77,229.0,0.0,True,1.6634,24.93,85.0,1013.0,0,559,30058,15968,2610,0,last,False,relay,False,,,
2026-01-07,a3986d20c19f33c7c107fw,2026-01-07 10:40:00,112,True,167,0,497,2290,49.77,229.0,0.0,True,1.6717,,,,0,559,30058,15968,2610,0,last,False,relay,False,,,
2026-01-07,a3986d20c19f33c7c107fw,2026-01-07 10:50:00,113,True,169,1047,1351,2285,135.18,228.5,1.047,True,1.6942,24.62,86.0,1013.0,0,559,30058,15968,2610,0,last,False,relay,False,,,
2026-01-07,a3986d20c19f33c7c107fw,2026-01-07 11:00:00,114,True,171,1047,1351,2285,135.18,228.5,1.047,True,1.7167,24.62,86.0,1013.0,0,559,30058,15968,2610,0,last,False,relay,False,,,
2026-01-07,a3986d20c19f33c7c107fw,2026-01-07 11:10:00,115,True,173,1047,1351,2285,135.18,228.5,1.047,True,1.7393,,,,0,559,30058,15968,2610,0,last,False,relay,False,,,
2026-01-07,a3986d20c19f33c7c107fw,2026-01-07 11:20:00,116,True,175,389,753,2302,75.37,230.22,0.39,True,1.7518,,,,,,,,,,,,,,,,
2026-01-07,a3986d20c19f33c7c107fw,2026-01-07 11:30:00,117,True,177,1047,1351,2285,135.18,228.5,1.047,True,1.7744,24.34,87.0,1012.0,0,559,30058,15968,2610,0,last,False,relay,False,,,
2026-01-07,a3986d20c19f33c7c107fw,2026-01-07 11:40:00,118,True,179,1047,1351,2285,135.18,228.5,1.047,True,1.7969,24.34,87.0,1012.0,0,559,30058,15968,2610,0,last,False,relay,False,,,
2026-01-07,a3986d20c19f33c7c107fw,2026-01-07 11:50:00,119,True,180,0,497,2302,49.77,230.2,0.0,True,1.8052,,,,0,559,30058,15968,2610,0,last,False,relay,False,,,
2026-01-07,a3986d20c19f33c7c107fw,2026-01-07 12:00:00,120,True,181,0,497,2302,49.77,230.2,0.0,True,1.8135,24.29,88.0,1013.0,0,559,30058,15968,2610,0,last,False,relay,False,,,
2026-01-07,a3986d20c19f33c7c107fw,2026-01-07 12:10:00,121,True,182,0,497,2302,49.77,230.2,0.0,True,1.8218,24.29,88.0,1013.0,0,559,30058,15968,2610,0,last,False,relay,False,,,
2026-01-07,a3986d20c19f33c7c107fw,2026-01-07 12:20:00,122,True,183,0,497,2302,49.77,230.2,0.0,True,1.8301,,,,0,559,30058,15968,2610,0,last,False,relay,False,,,
2026-01-07,a3986d20c19f33c7c107fw,2026-01-07 12:30:00,123,True,183,0,497,2302,49.77,230.2,0.0,True,1.8384,24.29,87.0,1013.0,0,559,30058,15968,2610,0,last,False,relay,False,,,
2026-01-07,a3986d20c19f33c7c107fw,2026-01-07 12:40:00,124,True,186,1043,1354,2290,135.43,229.0,1.043,True,1.8609,,,,0,559,30058,15968,2610,0,last,False,relay,False,,,
2026-01-07,a3986d20c19f33c7c107fw,2026-01-07 12:50:00,125,True,188,1043,1354,2290,135.43,229.0,1.043,True,1.8835,24.24,87.0,1013.0,0,559,30058,15968,2610,0,last,False,relay,False,,,
2026-01-07,a3986d20c19f33c7c107fw,2026-01-07 13:00:00,126,True,190,1043,1354,2290,135.43,229.0,1.043,True,1.9061,23.92,87.0,1013.0,0,559,30058,15968,2610,0,last,False,relay,False,,,
2026-01-07,a3986d20c19f33c7c107fw,2026-01-07 13:10:00,127,True,192,1043,1354,2290,135.43,229.0,1.043,True,1.9287,23.98,88.0,1013.0,0,559,30058,15968,2610,0,last,False,relay,False,,,
2026-01-07,a3986d20c19f33c7c107fw,2026-01-07 13:20:00,128,True,193,0,497,2281,49.77,228.1,0.0,True,1.937,,,,0,559,30058,15968,2610,0,last,False,relay,False,,,
2026-01-07,a3986d20c19f33c7c107fw,2026-01-07 13:30:00,129,True,194,0,497,2281,49.77,228.1,0.0,True,1.9452,23.92,88.0,1013.0,0,559,30058,15968,2610,0,last,False,relay,False,,,
2026-01-07,a3986d20c19f33c7c107fw,2026-01-07 13:40:00,130,True,195,0,497,2281,49.77,228.1,0.0,True,1.9535,,,,0,559,30058,15968,2610,0,last,False,relay,False,,,
2026-01-07,a3986d20c19f33c7c107fw,2026-01-07 13:50:00,131,True,196,0,497,2281,49.77,228.1,0.0,True,1.9618,23.92,88.0,1013.0,0,559,30058,15968,2610,0,last,False,relay,False,,,
2026-01-07,a3986d20c19f33c7c107fw,2026-01-07 14:00:00,132,True,197,303,578,2270,57.81,227.03,0.303,True,1.9715,,,,,,,,,,,,,,,,
2026-01-07,a3986d20c19f33c7c107fw,2026-01-07 14:10:00,133,True,199,1020,1329,2244,132.99,224.4,1.02,True,1.9936,,,,0,559,30058,15968,2610,0,last,False,relay,False,,,
2026-01-07,a3986d20c19f33c7c107fw,2026-01-07 14:20:00,134,True,201,1020,1329,2244,132.99,224.4,1.02,True,2.0158,,,,0,559,30058,15968,2610,0,last,False,relay,False,,,
2026-01-07,a3986d20c19f33c7c107fw,2026-01-07 14:30:00,135,True,203,1020,1329,2244,132.99,224.4,1.02,True,2.038,,,,0,559,30058,15968,2610,0,last,False,relay,False,,,
2026-01-07,a3986d20c19f33c7c107fw,2026-01-07 14:40:00,136,True,206,1020,1329,2244,132.99,224.4,1.02,True,2.0601,23.92,88.0,1013.0,0,559,30058,15968,2610,0,last,False,relay,False,,,
2026-01-07,a3986d20c19f33c7c107fw,2026-01-07 14:50:00,137,True,208,1020,1329,2244,132.99,224.4,1.02,True,2.0823,,,,0,559,30058,15968,2610,0,last,False,relay,False,,,
2026-01-07,a3986d20c19f33c7c107fw,2026-01-07 15:00:00,138,True,209,0,497,2269,49.77,226.9,0.0,True,2.0906,,,,0,559,30058,15968,2610,0,last,False,relay,False,,,
2026-01-07,a3986d20c19f33c7c107fw,2026-01-07 15:10:00,139,True,209,0,497,2269,49.77,226.9,0.0,True,2.0989,,,,0,559,30058,15968,2610,0,last,False,relay,False,,,
2026-01-07,a3986d20c19f33c7c107fw,2026-01-07 15:20:00,140,True,211,385,737,2279,73.74,227.9,0.385,True,2.1112,,,,,,,,,,,,,,,,
2026-01-07,a3986d20c19f33c7c107fw,2026-01-07 15:30:00,141,True,212,383,734,2279,73.43,227.97,0.383,True,2.1234,,,,,,,,,,,,,,,,
2026-01-07,a3986d20c19f33c7c107fw,2026-01-07 15:40:00,142,True,213,0,497,2269,49.77,226.9,0.0,True,2.1317,,,,0,559,30058,15968,2610,0,last,False,relay,False,,,
2026-01-07,a3986d20c19f33c7c107fw,2026-01-07 15:50:00,143,True,214,0,497,2269,49.77,226.9,0.0,True,2.14,24.06,88.0,1014.0,0,559,30058,15968,2610,0,last,False,relay,False,,,
2026-01-08,a3986d20c19f33c7c107fw,2026-01-07 16:00:00,0,True,0,308,419,2284,41.96,228.4,0.308,True,0.007,,,,,,,,,,,,,,,,
2026-01-08,a3986d20c19f33c7c107fw,2026-01-07 16:10:00,1,True,1,231,315,2284,31.56,228.45,0.232,True,0.0123,,,,,,,,,,,,,,,,
2026-01-08,a3986d20c19f33c7c107fw,2026-01-07 16:20:00,2,True,1,0,432,2269,43.25,226.9,0.0,True,0.0195,25.41,84.0,1014.0,0,559,30058,15968,2610,0,last,False,relay,False,,,
2026-01-08,a3986d20c19f33c7c107fw,2026-01-07 16:30:00,3,True,2,0,432,2269,43.25,226.9,0.0,True,0.0267,,,,0,559,30058,15968,2610,0,last,False,relay,False,,,
2026-01-08,a3986d20c19f33c7c107fw,2026-01-07 16:40:00,4,True,4,849,1157,2287,115.72,228.73,0.849,True,0.046,,,,,,,,,,,,,,,,
2026-01-08,a3986d20c19f33c7c107fw,2026-01-07 16:50:00,5,True,5,0,432,2269,43.25,226.9,0.0,True,0.0532,,,,0,559,30058,15968,2610,0,last,False,relay,False,,,
2026-01-08,a3986d20c19f33c7c107fw,2026-01-07 17:00:00,6,True,6,0,432,2269,43.25,226.9,0.0,True,0.0604,25.84,82.0,1015.0,0,559,30058,15968,2610,0,last,False,relay,False,,,
2026-01-08,a3986d20c19f33c7c107fw,2026-01-07 17:10:00,7,True,6,0,432,2269,43.25,226.9,0.0,True,0.0676,26.2,82.0,1015.0,0,559,30058,15968,2610,0,last,False,relay,False,,,
2026-01-08,a3986d20c19f33c7c107fw,2026-01-07 17:20:00,8,True,7,0,432,2269,43.25,226.9,0.0,True,0.0748,26.63,80.0,1015.0,0,559,30058,15968,2610,0,last,False,relay,False,,,
2026-01-08,a3986d20c19f33c7c107fw,2026-01-07 17:30:00,9,True,8,0,432,2269,43.25,226.9,0.0,True,0.082,,,,0,559,30058,15968,2610,0,last,False,relay,False,,,
2026-01-08,a3986d20c19f33c7c107fw,2026-01-07 17:40:00,10,True,8,0,432,2269,43.25,226.9,0.0,True,0.0892,26.75,79.0,1015.0,0,559,30058,15968,2610,0,last,False,relay,False,,,
2026-01-08,a3986d20c19f33c7c107fw,2026-01-07 17:50:00,11,True,9,0,432,2269,43.25,226.9,0.0,True,0.0964,,,,0,559,30058,15968,2610,0,last,False,relay,False,,,
2026-01-08,a3986d20c19f33c7c107fw,2026-01-07 18:00:00,12,True,10,0,432,2269,43.25,226.9,0.0,True,0.1036,26.75,79.0,1014.0,0,559,30058,15968,2610,0,last,False,relay,False,,,
2026-01-08,a3986d20c19f33c7c107fw,2026-01-07 18:10:00,13,True,11,0,432,2269,43.25,226.9,0.0,True,0.1108,,,,0,559,30058,15968,2610,0,last,False,relay,False,,,
2026-01-08,a3986d20c19f33c7c107fw,2026-01-07 18:20:00,14,True,11,0,432,2269,43.25,226.9,0.0,True,0.118,27.76,76.0,1014.0,0,559,30058,15968,2610,0,last,False,relay,False,,,
2026-01-08,a3986d20c19f33c7c107fw,2026-01-07 18:30:00,15,True,13,625,851,2286,85.18,228.65,0.625,True,0.1322,,,,,,,,,,,,,,,,
2026-01-08,a3986d20c19f33c7c107fw,2026-01-07 18:40:00,16,True,13,0,432,2269,43.25,226.9,0.0,True,0.1394,,,,0,559,30058,15968,2610,0,last,False,relay,False,,,
2026-01-08,a3986d20c19f33c7c107fw,2026-01-07 18:50:00,17,True,15,543,745,2302,74.52,230.23,0.543,True,0.1519,,,,,,,,,,,,,,,,
2026-01-08,a3986d20c19f33c7c107fw,2026-01-07 19:00:00,18,True,15,0,432,2269,43.25,226.9,0.0,True,0.1591,27.73,77.0,1014.0,0,559,30058,15968,2610,0,last,False,relay,False,,,
2026-01-08,a3986d20c19f33c7c107fw,2026-01-07 19:10:00,19,True,16,0,432,2269,43.25,226.9,0.0,True,0.1663,,,,0,559,30058,15968,2610,0,last,False,relay,False,,,
2026-01-08,a3986d20c19f33c7c107fw,2026-01-07 19:20:00,20,True,17,0,432,2269,43.25,226.9,0.0,True,0.1735,,,,0,559,30058,15968,2610,0,last,False,relay,False,,,
2026-01-08,a3986d20c19f33c7c107fw,2026-01-07 19:30:00,21,True,18,0,432,2269,43.25,226.9,0.0,True,0.1807,28.29,74.0,1014.0,0,559,30058,15968,2610,0,last,False,relay,False,,,
2026-01-08,a3986d20c19f33c7c107fw,2026-01-07 19:40:00,22,True,19,451,620,2305,62.0,230.5,0.451,True,0.191,,,,,,,,,,,,,,,,
2026-01-08,a3986d20c19f33c7c107fw,2026-01-07 19:50:00,23,True,19,0,432,2269,43.25,226.9,0.0,True,0.1982,,,,0,559,30058,15968,2610,0,last,False,relay,False,,,
2026-01-08,a3986d20c19f33c7c107fw,2026-01-07 20:00:00,24,True,20,0,432,2269,43.25,226.9,0.0,True,0.2054,28.29,74.0,1013.0,0,559,30058,15968,2610,0,last,False,relay,False,,,
2026-01-08,a3986d20c19f33c7c107fw,2026-01-07 20:10:00,25,True,21,0,432,2269,43.25,226.9,0.0,True,0.2127,,,,0,559,30058,15968,2610,0,last,False,relay,False,,,
2026-01-08,a3986d20c19f33c7c107fw,2026-01-07 20:20:00,26,True,21,0,432,2269,43.25,226.9,0.0,True,0.2199,,,,0,559,30058,15968,2610,0,last,False,relay,False,,,
2026-01-08,a3986d20c19f33c7c107fw,2026-01-07 20:30:00,27,True,22,0,432,2269,43.25,226.9,0.0,True,0.2271,,,,0,559,30058,15968,2610,0,last,False,relay,False,,,
2026-01-08,a3986d20c19f33c7c107fw,2026-01-07 20:40:00,28,True,23,0,432,2269,43.25,226.9,0.0,True,0.2343,,,,0,559,30058,15968,2610,0,last,False,relay,False,,,
2026-01-08,a3986d20c19f33c7c107fw,2026-01-07 20:50:00,29,True,24,0,432,2269,43.25,226.9,0.0,True,0.2415,,,,0,559,30058,15968,2610,0,last,False,relay,False,,,
2026-01-08,a3986d20c19f33c7c107fw,2026-01-07 21:00:00,30,True,24,0,432,2269,43.25,226.9,0.0,True,0.2487,,,,0,559,30058,15968,2610,0,last,False,relay,False,,,
2026-01-08,a3986d20c19f33c7c107fw,2026-01-07 21:10:00,31,True,25,0,432,2269,43.25,226.9,0.0,True,0.2559,,,,0,559,30058,15968,2610,0,last,False,relay,False,,,
2026-01-08,a3986d20c19f33c7c107fw,2026-01-07 21:20:00,32,True,26,607,831,2300,83.2,230.05,0.607,True,0.2698,,,,,,,,,,,,,,,,
2026-01-08,a3986d20c19f33c7c107fw,2026-01-07 21:30:00,33,True,28,453,620,2296,62.07,229.67,0.454,True,0.2801,,,,,,,,,,,,,,,,
2026-01-08,a3986d20c19f33c7c107fw,2026-01-07 21:40:00,34,True,29,530,726,2297,72.64,229.74,0.531,True,0.2922,,,,,,,,,,,,,,,,
2026-01-08,a3986d20c19f33c7c107fw,2026-01-07 21:50:00,35,True,29,309,425,2305,42.51,230.52,0.31,True,0.2993,,,,,,,,,,,,,,,,
2026-01-08,a3986d20c19f33c7c107fw,2026-01-07 22:00:00,36,True,30,231,316,2295,31.64,229.54,0.231,True,0.3046,,,,,,,,,,,,,,,,
2026-01-08,a3986d20c19f33c7c107fw,2026-01-07 22:10:00,37,True,30,155,214,2307,21.42,230.78,0.156,True,0.3081,,,,,,,,,,,,,,,,
2026-01-08,a3986d20c19f33c7c107fw,2026-01-07 22:20:00,38,True,31,448,616,2304,61.61,230.42,0.449,True,0.3184,,,,,,,,,,,,,,,,
2026-01-08,a3986d20c19f33c7c107fw,2026-01-07 22:30:00,39,True,33,757,1038,2301,103.84,230.1,0.757,True,0.3357,,,,,,,,,,,,,,,,
2026-01-08,a3986d20c19f33c7c107fw,2026-01-07 22:40:00,40,True,34,604,829,2301,82.94,230.18,0.605,True,0.3495,,,,,,,,,,,,,,,,
2026-01-08,a3986d20c19f33c7c107fw,2026-01-07 22:50:00,41,True,36,526,722,2301,72.23,230.17,0.527,True,0.3616,,,,,,,,,,,,,,,,
2026-01-08,a3986d20c19f33c7c107fw,2026-01-07 23:00:00,42,True,37,523,716,2297,71.65,229.74,0.523,True,0.3735,,,,,,,,,,,,,,,,
2026-01-08,a3986d20c19f33c7c107fw,2026-01-07 23:10:00,43,True,38,380,521,2301,52.14,230.15,0.38,True,0.3822,,,,,,,,,,,,,,,,
2026-01-08,a3986d20c19f33c7c107fw,2026-01-07 23:20:00,44,True,38,156,215,2312,21.55,231.24,0.156,True,0.3858,,,,,,,,,,,,,,,,
2026-01-08,a3986d20c19f33c7c107fw,2026-01-07 23:30:00,45,True,39,0,432,2269,43.25,226.9,0.0,True,0.393,27.94,76.0,1011.0,0,559,30058,15968,2610,0,last,False,relay,False,,,
2026-01-08,a3986d20c19f33c7c107fw,2026-01-07 23:40:00,46,True,40,0,432,2269,43.25,226.9,0.0,True,0.4002,,,,0,559,30058,15968,2610,0,last,False,relay,False,,,
2026-01-08,a3986d20c19f33c7c107fw,2026-01-07 23:50:00,47,True,40,0,432,2269,43.25,226.9,0.0,True,0.4074,,,,0,559,30058,15968,2610,0,last,False,relay,False,,,
2026-01-08,a3986d20c19f33c7c107fw,2026-01-08 00:00:00,48,True,41,0,432,2269,43.25,226.9,0.0,True,0.4146,27.94,75.0,1011.0,0,559,30058,15968,2610,0,last,False,relay,False,,,
2026-01-08,a3986d20c19f33c7c107fw,2026-01-08 00:10:00,49,True,43,691,948,2302,94.87,230.29,0.691,True,0.4305,,,,,,,,,,,,,,,,
2026-01-08,a3986d20c19f33c7c107fw,2026-01-08 00:20:00,50,True,43,0,432,2269,43.25,226.9,0.0,True,0.4377,,,,0,559,30058,15968,2610,0,last,False,relay,False,,,
2026-01-08,a3986d20c19f33c7c107fw,2026-01-08 00:30:00,51,True,44,0,432,2269,43.25,226.9,0.0,True,0.4449,,,,0,559,30058,15968,2610,0,last,False,relay,False,,,
2026-01-08,a3986d20c19f33c7c107fw,2026-01-08 00:40:00,52,True,45,0,432,2269,43.25,226.9,0.0,True,0.4521,,,,0,559,30058,15968,2610,0,last,False,relay,False,,,
2026-01-08,a3986d20c19f33c7c107fw,2026-01-08 00:50:00,53,True,45,154,212,2317,21.29,231.74,0.154,True,0.4556,,,,,,,,,,,,,,,,
2026-01-08,a3986d20c19f33c7c107fw,2026-01-08 01:00:00,54,True,45,153,211,2304,21.14,230.49,0.154,True,0.4591,,,,,,,,,,,,,,,,
2026-01-08,a3986d20c19f33c7c107fw,2026-01-08 01:10:00,55,True,46,0,432,2269,43.25,226.9,0.0,True,0.4664,,,,0,559,30058,15968,2610,0,last,False,relay,False,,,
2026-01-08,a3986d20c19f33c7c107fw,2026-01-08 01:20:00,56,True,47,452,624,2315,62.47,231.55,0.453,True,0.4768,,,,,,,,,,,,,,,,
2026-01-08,a3986d20c19f33c7c107fw,2026-01-08 01:30:00,57,True,49,606,836,2315,83.67,231.5,0.607,True,0.4907,,,,,,,,,,,,,,,,
2026-01-08,a3986d20c19f33c7c107fw,2026-01-08 01:40:00,58,True,49,0,432,2269,43.25,226.9,0.0,True,0.4979,,,,0,559,30058,15968,2610,0,last,False,relay,False,,,
2026-01-08,a3986d20c19f33c7c107fw,2026-01-08 01:50:00,59,True,50,0,432,2269,43.25,226.9,0.0,True,0.5051,,,,0,559,30058,15968,2610,0,last,False,relay,False,,,
2026-01-08,a3986d20c19f33c7c107fw,2026-01-08 02:00:00,60,True,51,0,432,2269,43.25,226.9,0.0,True,0.5123,,,,0,559,30058,15968,2610,0,last,False,relay,False,,,
2026-01-08,a3986d20c19f33c7c107fw,2026-01-08 02:10:00,61,True,51,0,432,2269,43.25,226.9,0.0,True,0.5195,,,,0,559,30058,15968,2610,0,last,False,relay,False,,,
2026-01-08,a3986d20c19f33c7c107fw,2026-01-08 02:20:00,62,True,52,149,204,2296,20.42,229.62,0.149,True,0.5229,,,,,,,,,,,,,,,,
2026-01-08,a3986d20c19f33c7c107fw,2026-01-08 02:30:00,63,True,53,0,432,2269,43.25,226.9,0.0,True,0.5302,,,,0,559,30058,15968,2610,0,last,False,relay,False,,,
2026-01-08,a3986d20c19f33c7c107fw,2026-01-08 02:40:00,64,True,53,0,432,2269,43.25,226.9,0.0,True,0.5374,,,,0,559,30058,15968,2610,0,last,False,relay,False,,,
2026-01-08,a3986d20c19f33c7c107fw,2026-01-08 02:50:00,65,True,54,536,731,2290,73.16,229.03,0.536,True,0.5496,,,,,,,,,,,,,,,,
2026-01-08,a3986d20c19f33c7c107fw,2026-01-08 03:00:00,66,True,56,528,721,2291,72.1,229.1,0.528,True,0.5616,,,,,,,,,,,,,,,,
2026-01-08,a3986d20c19f33c7c107fw,2026-01-08 03:10:00,67,True,56,0,432,2269,43.25,226.9,0.0,True,0.5688,,,,0,559,30058,15968,2610,0,last,False,relay,False,,,
2026-01-08,a3986d20c19f33c7c107fw,2026-01-08 03:20:00,68,True,58,594,814,2300,81.44,230.09,0.594,True,0.5824,,,,,,,,,,,,,,,,
2026-01-08,a3986d20c19f33c7c107fw,2026-01-08 03:30:00,69,True,58,288,395,2300,39.59,230.0,0.289,True,0.589,,,,,,,,,,,,,,,,
2026-01-08,a3986d20c19f33c7c107fw,2026-01-08 03:40:00,70,True,59,287,394,2304,39.46,230.42,0.287,True,0.5955,,,,,,,,,,,,,,,,
2026-01-08,a3986d20c19f33c7c107fw,2026-01-08 03:50:00,71,False,59,0,0,2310,0.0,231.03,0.0,False,0.5955,,,,,,,,,,,,,,,,
2026-01-08,a3986d20c19f33c7c107fw,2026-01-08 04:00:00,72,True,59,75,103,2315,10.35,231.52,0.075,True,0.5973,,,,,,,,,,,,,,,,
2026-01-08,a3986d20c19f33c7c107fw,2026-01-08 04:10:00,73,True,61,1258,1332,2273,133.22,227.3,1.258,True,0.6195,,,,0,559,30058,15968,2610,0,last,False,relay,False,,,
2026-01-08,a3986d20c19f33c7c107fw,2026-01-08 04:20:00,74,True,62,229,314,2293,31.41,229.38,0.23,True,0.6247,,,,,,,,,,,,,,,,
2026-01-08,a3986d20c19f33c7c107fw,2026-01-08 04:30:00,75,True,62,231,314,2276,31.41,227.65,0.232,True,0.6299,,,,,,,,,,,,,,,,
2026-01-08,a3986d20c19f33c7c107fw,2026-01-08 04:40:00,76,True,63,306,413,2266,41.37,226.6,0.306,True,0.6368,,,,,,,,,,,,,,,,
2026-01-08,a3986d20c19f33c7c107fw,2026-01-08 04:50:00,77,True,65,1152,1181,2307,118.15,230.7,1.152,True,0.6565,,,,0,559,30058,15968,2610,0,last,False,relay,False,,,
2026-01-08,a3986d20c19f33c7c107fw,2026-01-08 05:00:00,78,True,67,1152,1181,2307,118.15,230.7,1.152,True,0.6762,,,,0,559,30058,15968,2610,0,last,False,relay,False,,,
2026-01-08,a3986d20c19f33c7c107fw,2026-01-08 05:10:00,79,True,69,1152,1181,2307,118.15,230.7,1.152,True,0.6959,26.08,81.0,1014.0,0,559,30058,15968,2610,0,last,False,relay,False,,,
2026-01-08,a3986d20c19f33c7c107fw,2026-01-08 05:20:00,80,True,71,1152,1181,2307,118.15,230.7,1.152,True,0.7156,25.94,81.0,1014.0,0,559,30058,15968,2610,0,last,False,relay,False,,,
2026-01-08,a3986d20c19f33c7c107fw,2026-01-08 05:30:00,81,True,73,1152,1181,2307,118.15,230.7,1.152,True,0.7353,,,,0,559,30058,15968,2610,0,last,False,relay,False,,,
2026-01-08,a3986d20c19f33c7c107fw,2026-01-08 05:40:00,82,False,73,0,0,2295,0.0,229.57,0.0,False,0.7353,,,,,,,,,,,,,,,,
2026-01-08,a3986d20c19f33c7c107fw,2026-01-08 05:50:00,83,True,75,1091,1078,2285,107.9,228.5,1.091,True,0.7533,,,,0,559,30058,15968,2610,0,last,False,relay,False,,,
2026-01-08,a3986d20c19f33c7c107fw,2026-01-08 06:00:00,84,True,77,1091,1078,2285,107.9,228.5,1.091,True,0.7712,25.94,81.0,1014.0,0,559,30058,15968,2610,0,last,False,relay,False,,,
2026-01-08,a3986d20c19f33c7c107fw,2026-01-08 06:10:00,85,True,78,1091,1078,2285,107.9,228.5,1.091,True,0.7892,,,,0,559,30058,15968,2610,0,last,False,relay,False,,,
2026-01-08,a3986d20c19f33c7c107fw,2026-01-08 06:20:00,86,True,80,1091,1078,2285,107.9,228.5,1.091,True,0.8072,25.94,81.0,1014.0,0,559,30058,15968,2610,0,last,False,relay,False,,,
2026-01-08,a3986d20c19f33c7c107fw,2026-01-08 06:30:00,87,True,81,232,315,2275,31.51,227.54,0.232,True,0.8125,,,,,,,,,,,,,,,,
2026-01-08,a3986d20c19f33c7c107fw,2026-01-08 06:40:00,88,True,82,1079,1015,2311,101.58,231.1,1.079,True,0.8294,,,,0,559,30058,15968,2610,0,last,False,relay,False,,,
2026-01-08,a3986d20c19f33c7c107fw,2026-01-08 06:50:00,89,True,84,1079,1015,2311,101.58,231.1,1.079,True,0.8463,,,,0,559,30058,15968,2610,0,last,False,relay,False,,,
2026-01-08,a3986d20c19f33c7c107fw,2026-01-08 07:00:00,90,True,86,1079,1015,2311,101.58,231.1,1.079,True,0.8633,,,,0,559,30058,15968,2610,0,last,False,relay,False,,,
2026-01-08,a3986d20c19f33c7c107fw,2026-01-08 07:10:00,91,True,88,1079,1015,2311,101.58,231.1,1.079,True,0.8802,26.25,81.0,1013.0,0,559,30058,15968,2610,0,last,False,relay,False,,,
2026-01-08,a3986d20c19f33c7c107fw,2026-01-08 07:20:00,92,True,89,1025,955,2269,95.51,226.9,1.025,True,0.8961,,,,0,559,30058,15968,2610,0,last,False,relay,False,,,
2026-01-08,a3986d20c19f33c7c107fw,2026-01-08 07:30:00,93,True,91,1025,955,2269,95.51,226.9,1.025,True,0.912,,,,0,559,30058,15968,2610,0,last,False,relay,False,,,
2026-01-08,a3986d20c19f33c7c107fw,2026-01-08 07:40:00,94,True,92,1025,955,2269,95.51,226.9,1.025,True,0.9279,,,,0,559,30058,15968,2610,0,last,False,relay,False,,,
2026-01-08,a3986d20c19f33c7c107fw,2026-01-08 07:50:00,95,True,94,1025,955,2269,95.51,226.9,1.025,True,0.9439,,,,0,559,30058,15968,2610,0,last,False,relay,False,,,
2026-01-08,a3986d20c19f33c7c107fw,2026-01-08 08:00:00,96,True,95,1025,955,2269,95.51,226.9,1.025,True,0.9598,,,,0,559,30058,15968,2610,0,last,False,relay,False,,,
2026-01-08,a3986d20c19f33c7c107fw,2026-01-08 08:10:00,97,True,97,1029,917,2290,91.75,229.0,1.029,True,0.9751,,,,0,559,30058,15968,2610,0,last,False,relay,False,,,
2026-01-08,a3986d20c19f33c7c107fw,2026-01-08 08:20:00,98,True,98,376,515,2299,51.58,229.9,0.377,True,0.9837,,,,,,,,,,,,,,,,
2026-01-08,a3986d20c19f33c7c107fw,2026-01-08 08:30:00,99,True,99,381,523,2300,52.3,230.0,0.382,True,0.9924,,,,,,,,,,,,,,,,
2026-01-08,a3986d20c19f33c7c107fw,2026-01-08 08:40:00,100,True,99,230,316,2306,31.69,230.66,0.231,True,0.9977,,,,,,,,,,,,,,,,
2026-01-08,a3986d20c19f33c7c107fw,2026-01-08 08:50:00,101,True,101,1029,917,2290,91.75,229.0,1.029,True,1.013,,,,0,559,30058,15968,2610,0,last,False,relay,False,,,
2026-01-08,a3986d20c19f33c7c107fw,2026-01-08 09:00:00,102,True,102,1029,917,2290,91.75,229.0,1.029,True,1.0282,,,,0,559,30058,15968,2610,0,last,False,relay,False,,,
2026-01-08,a3986d20c19f33c7c107fw,2026-01-08 09:10:00,103,True,104,1029,917,2290,91.75,229.0,1.029,True,1.0435,25.65,83.0,1013.0,0,559,30058,15968,2610,0,last,False,relay,False,,,
2026-01-08,a3986d20c19f33c7c107fw,2026-01-08 09:20:00,104,True,105,1016,884,2311,88.48,231.1,1.016,True,1.0583,,,,0,559,30058,15968,2610,0,last,False,relay,False,,,
2026-01-08,a3986d20c19f33c7c107fw,2026-01-08 09:30:00,105,True,106,232,318,2305,31.89,230.57,0.232,True,1.0636,,,,,,,,,,,,,,,,
2026-01-08,a3986d20c19f33c7c107fw,2026-01-08 09:40:00,106,True,107,0,432,2324,43.25,232.4,0.0,True,1.0708,,,,0,559,30058,15968,2610,0,last,False,relay,False,,,
2026-01-08,a3986d20c19f33c7c107fw,2026-01-08 09:50:00,107,True,108,464,637,2303,63.76,230.35,0.465,True,1.0814,,,,,,,,,,,,,,,,
2026-01-08,a3986d20c19f33c7c107fw,2026-01-08 10:00:00,108,True,108,0,432,2324,43.25,232.4,0.0,True,1.0886,,,,0,559,30058,15968,2610,0,last,False,relay,False,,,
2026-01-08,a3986d20c19f33c7c107fw,2026-01-08 10:10:00,109,True,109,0,432,2324,43.25,232.4,0.0,True,1.0959,25.24,84.0,1012.0,0,559,30058,15968,2610,0,last,False,relay,False,,,
2026-01-08,a3986d20c19f33c7c107fw,2026-01-08 10:20:00,110,True,110,0,432,2324,43.25,232.4,0.0,True,1.1031,,,,0,559,30058,15968,2610,0,last,False,relay,False,,,
2026-01-08,a3986d20c19f33c7c107fw,2026-01-08 10:30:00,111,True,111,0,432,2303,43.25,230.33,0.0,True,1.1103,,,,,,,,,,,,,,,,
2026-01-08,a3986d20c19f33c7c107fw,2026-01-08 10:40:00,112,True,111,75,103,2302,10.3,230.2,0.075,True,1.112,,,,,,,,,,,,,,,,
2026-01-08,a3986d20c19f33c7c107fw,2026-01-08 10:50:00,113,True,111,155,213,2303,21.31,230.32,0.155,True,1.1155,,,,,,,,,,,,,,,,
2026-01-08,a3986d20c19f33c7c107fw,2026-01-08 11:00:00,114,False,111,0,0,2304,0.0,230.47,0.0,False,1.1155,,,,,,,,,,,,,,,,
2026-01-08,a3986d20c19f33c7c107fw,2026-01-08 11:10:00,115,True,112,235,322,2300,32.22,230.0,0.235,True,1.1209,,,,,,,,,,,,,,,,
2026-01-08,a3986d20c19f33c7c107fw,2026-01-08 11:20:00,116,True,112,389,534,2302,53.46,230.22,0.39,True,1.1298,,,,,,,,,,,,,,,,
2026-01-08,a3986d20c19f33c7c107fw,2026-01-08 11:30:00,117,True,113,392,538,2301,53.81,230.13,0.392,True,1.1388,,,,,,,,,,,,,,,,
2026-01-08,a3986d20c19f33c7c107fw,2026-01-08 11:40:00,118,True,114,315,431,2298,43.18,229.84,0.315,True,1.146,,,,,,,,,,,,,,,,
2026-01-08,a3986d20c19f33c7c107fw,2026-01-08 11:50:00,119,True,116,1036,903,2338,90.32,233.8,1.036,True,1.161,,,,0,559,30058,15968,2610,0,last,False,relay,False,,,
2026-01-08,a3986d20c19f33c7c107fw,2026-01-08 12:00:00,120,True,117,1036,903,2338,90.32,233.8,1.036,True,1.1761,24.93,84.0,1011.0,0,559,30058,15968,2610,0,last,False,relay,False,,,
2026-01-08,a3986d20c19f33c7c107fw,2026-01-08 12:10:00,121,True,118,0,432,2320,43.25,232.0,0.0,True,1.1833,,,,0,559,30058,15968,2610,0,last,False,relay,False,,,
2026-01-08,a3986d20c19f33c7c107fw,2026-01-08 12:20:00,122,True,119,0,432,2320,43.25,232.0,0.0,True,1.1905,,,,0,559,30058,15968,2610,0,last,False,relay,False,,,
2026-01-08,a3986d20c19f33c7c107fw,2026-01-08 12:30:00,123,True,119,0,432,2320,43.25,232.0,0.0,True,1.1977,24.93,84.0,1012.0,0,559,30058,15968,2610,0,last,False,relay,False,,,
2026-01-08,a3986d20c19f33c7c107fw,2026-01-08 12:40:00,124,True,120,0,432,2320,43.25,232.0,0.0,True,1.2049,24.93,84.0,1011.0,0,559,30058,15968,2610,0,last,False,relay,False,,,
2026-01-08,a3986d20c19f33c7c107fw,2026-01-08 12:50:00,125,True,122,1021,938,2277,93.84,227.7,1.021,True,1.2206,,,,0,559,30058,15968,2610,0,last,False,relay,False,,,
2026-01-08,a3986d20c19f33c7c107fw,2026-01-08 13:00:00,126,True,123,1021,938,2277,93.84,227.7,1.021,True,1.2362,,,,0,559,30058,15968,2610,0,last,False,relay,False,,,
2026-01-08,a3986d20c19f33c7c107fw,2026-01-08 13:10:00,127,True,125,1021,938,2277,93.84,227.7,1.021,True,1.2518,24.93,84.0,1012.0,0,559,30058,15968,2610,0,last,False,relay,False,,,
2026-01-08,a3986d20c19f33c7c107fw,2026-01-08 13:20:00,128,True,126,1021,938,2277,93.84,227.7,1.021,True,1.2675,,,,0,559,30058,15968,2610,0,last,False,relay,False,,,
2026-01-08,a3986d20c19f33c7c107fw,2026-01-08 13:30:00,129,True,128,1021,938,2277,93.84,227.7,1.021,True,1.2831,,,,0,559,30058,15968,2610,0,last,False,relay,False,,,
2026-01-08,a3986d20c19f33c7c107fw,2026-01-08 13:40:00,130,True,128,72,98,2273,9.81,227.37,0.072,True,1.2848,,,,,,,,,,,,,,,,
2026-01-08,a3986d20c19f33c7c107fw,2026-01-08 13:50:00,131,True,128,72,98,2273,9.81,227.37,0.072,True,1.2864,,,,,,,,,,,,,,,,
2026-01-08,a3986d20c19f33c7c107fw,2026-01-08 14:00:00,132,True,130,997,879,2277,88.0,227.7,0.997,True,1.3011,24.9,84.0,1012.0,0,559,30058,15968,2610,0,last,False,relay,False,,,
2026-01-08,a3986d20c19f33c7c107fw,2026-01-08 14:10:00,133,True,130,0,432,2264,43.25,226.4,0.0,True,1.3083,24.56,86.0,1012.0,0,559,30058,15968,2610,0,last,False,relay,False,,,
2026-01-08,a3986d20c19f33c7c107fw,2026-01-08 14:20:00,134,True,131,0,432,2264,43.25,226.4,0.0,True,1.3155,24.65,86.0,1013.0,0,559,30058,15968,2610,0,last,False,relay,False,,,
2026-01-08,a3986d20c19f33c7c107fw,2026-01-08 14:30:00,135,True,132,0,432,2264,43.25,226.4,0.0,True,1.3227,,,,0,559,30058,15968,2610,0,last,False,relay,False,,,
2026-01-08,a3986d20c19f33c7c107fw,2026-01-08 14:40:00,136,True,132,0,432,2264,43.25,226.4,0.0,True,1.3299,24.65,86.0,1013.0,0,559,30058,15968,2610,0,last,False,relay,False,,,
2026-01-08,a3986d20c19f33c7c107fw,2026-01-08 14:50:00,137,True,133,0,432,2264,43.25,226.4,0.0,True,1.3371,24.65,86.0,1013.0,0,559,30058,15968,2610,0,last,False,relay,False,,,
2026-01-08,a3986d20c19f33c7c107fw,2026-01-08 15:00:00,138,True,135,1044,952,2294,95.21,229.4,1.044,True,1.353,24.68,85.0,1013.0,0,559,30058,15968,2610,0,last,False,relay,False,,,
2026-01-08,a3986d20c19f33c7c107fw,2026-01-08 15:10:00,139,True,136,1044,952,2294,95.21,229.4,1.044,True,1.3688,,,,0,559,30058,15968,2610,0,last,False,relay,False,,,
2026-01-08,a3986d20c19f33c7c107fw,2026-01-08 15:20:00,140,True,138,1044,952,2294,95.21,229.4,1.044,True,1.3847,,,,0,559,30058,15968,2610,0,last,False,relay,False,,,
2026-01-08,a3986d20c19f33c7c107fw,2026-01-08 15:30:00,141,True,140,1044,952,2294,95.21,229.4,1.044,True,1.4006,,,,0,559,30058,15968,2610,0,last,False,relay,False,,,
2026-01-08,a3986d20c19f33c7c107fw,2026-01-08 15:40:00,142,True,141,1044,952,2294,95.21,229.4,1.044,True,1.4164,,,,0,559,30058,15968,2610,0,last,False,relay,False,,,
2026-01-08,a3986d20c19f33c7c107fw,2026-01-08 15:50:00,143,True,141,157,213,2284,21.39,228.48,0.157,True,1.42,,,,,,,,,,,,,,,,
2026-01-09,a3986d20c19f33c7c107fw,2026-01-08 16:00:00,0,True,1,308,628,2284,62.85,228.4,0.308,True,0.0105,,,,,,,,,,,,,,,,
2026-01-09,a3986d20c19f33c7c107fw,2026-01-08 16:10:00,1,True,1,231,472,2284,47.28,228.45,0.232,True,0.0184,,,,,,,,,,,,,,,,
2026-01-09,a3986d20c19f33c7c107fw,2026-01-08 16:20:00,2,True,4,1032,1403,2316,140.31,231.6,1.032,True,0.0417,,,,0,559,30058,15968,2610,0,last,False,relay,False,,,
2026-01-09,a3986d20c19f33c7c107fw,2026-01-08 16:30:00,3,True,5,380,772,2271,77.26,227.19,0.381,True,0.0546,,,,,,,,,,,,,,,,
2026-01-09,a3986d20c19f33c7c107fw,2026-01-08 16:40:00,4,True,7,1046,1421,2320,142.18,232.0,1.046,True,0.0783,,,,0,559,30058,15968,2610,0,last,False,relay,False,,,
2026-01-09,a3986d20c19f33c7c107fw,2026-01-08 16:50:00,5,True,10,1046,1421,2320,142.18,232.0,1.046,True,0.102,26.64,77.0,1014.0,0,559,30058,15968,2610,0,last,False,relay,False,,,
2026-01-09,a3986d20c19f33c7c107fw,2026-01-08 17:00:00,6,True,12,1046,1421,2320,142.18,232.0,1.046,True,0.1257,,,,0,559,30058,15968,2610,0,last,False,relay,False,,,
2026-01-09,a3986d20c19f33c7c107fw,2026-01-08 17:10:00,7,True,14,457,928,2273,92.89,227.36,0.458,True,0.1412,,,,,,,,,,,,,,,,
2026-01-09,a3986d20c19f33c7c107fw,2026-01-08 17:20:00,8,True,15,463,946,2288,94.68,228.81,0.464,True,0.157,,,,,,,,,,,,,,,,
2026-01-09,a3986d20c19f33c7c107fw,2026-01-08 17:30:00,9,True,18,1046,1421,2320,142.18,232.0,1.046,True,0.1807,27.48,73.0,1014.0,0,559,30058,15968,2610,0,last,False,relay,False,,,
2026-01-09,a3986d20c19f33c7c107fw,2026-01-08 17:40:00,10,True,20,1046,1421,2320,142.18,232.0,1.046,True,0.2044,,,,0,559,30058,15968,2610,0,last,False,relay,False,,,
2026-01-09,a3986d20c19f33c7c107fw,2026-01-08 17:50:00,11,True,22,1046,1421,2320,142.18,232.0,1.046,True,0.2281,,,,0,559,30058,15968,2610,0,last,False,relay,False,,,
2026-01-09,a3986d20c19f33c7c107fw,2026-01-08 18:00:00,12,True,25,1046,1421,2320,142.18,232.0,1.046,True,0.2518,,,,0,559,30058,15968,2610,0,last,False,relay,False,,,
2026-01-09,a3986d20c19f33c7c107fw,2026-01-08 18:10:00,13,True,27,1046,1421,2320,142.18,232.0,1.046,True,0.2755,,,,0,559,30058,15968,2610,0,last,False,relay,False,,,
2026-01-09,a3986d20c19f33c7c107fw,2026-01-08 18:20:00,14,True,30,1074,1515,2294,151.55,229.4,1.074,True,0.3007,28.36,70.0,1014.0,0,559,30058,15968,2610,0,last,False,relay,False,,,
2026-01-09,a3986d20c19f33c7c107fw,2026-01-08 18:30:00,15,True,32,1074,1515,2294,151.55,229.4,1.074,True,0.326,28.37,73.0,1014.0,0,559,30058,15968,2610,0,last,False,relay,False,,,
2026-01-09,a3986d20c19f33c7c107fw,2026-01-08 18:40:00,16,True,35,1074,1515,2294,151.55,229.4,1.074,True,0.3512,,,,0,559,30058,15968,2610,0,last,False,relay,False,,,
2026-01-09,a3986d20c19f33c7c107fw,2026-01-08 18:50:00,17,True,37,1074,1515,2294,151.55,229.4,1.074,True,0.3765,,,,0,559,30058,15968,2610,0,last,False,relay,False,,,
2026-01-09,a3986d20c19f33c7c107fw,2026-01-08 19:00:00,18,True,40,1074,1515,2294,151.55,229.4,1.074,True,0.4017,28.3,72.0,1013.0,0,559,30058,15968,2610,0,last,False,relay,False,,,
2026-01-09,a3986d20c19f33c7c107fw,2026-01-08 19:10:00,19,True,41,454,934,2305,93.44,230.52,0.454,True,0.4173,,,,,,,,,,,,,,,,
2026-01-09,a3986d20c19f33c7c107fw,2026-01-08 19:20:00,20,True,43,454,934,2303,93.44,230.3,0.455,True,0.4329,,,,,,,,,,,,,,,,
2026-01-09,a3986d20c19f33c7c107fw,2026-01-08 19:30:00,21,True,45,1026,1353,2307,135.4,230.7,1.026,True,0.4555,28.54,72.0,1013.0,0,559,30058,15968,2610,0,last,False,relay,False,,,
2026-01-09,a3986d20c19f33c7c107fw,2026-01-08 19:40:00,22,True,47,1026,1353,2307,135.4,230.7,1.026,True,0.478,,,,0,559,30058,15968,2610,0,last,False,relay,False,,,
2026-01-09,a3986d20c19f33c7c107fw,2026-01-08 19:50:00,23,True,49,450,926,2300,92.6,230.07,0.451,True,0.4935,,,,,,,,,,,,,,,,
2026-01-09,a3986d20c19f33c7c107fw,2026-01-08 20:00:00,24,True,50,0,517,2342,51.79,234.2,0.0,True,0.5021,28.54,72.0,1013.0,0,559,30058,15968,2610,0,last,False,relay,False,,,
2026-01-09,a3986d20c19f33c7c107fw,2026-01-08 20:10:00,25,True,52,531,1091,2301,109.12,230.11,0.531,True,0.5203,,,,,,,,,,,,,,,,
2026-01-09,a3986d20c19f33c7c107fw,2026-01-08 20:20:00,26,True,52,151,312,2303,31.22,230.32,0.152,True,0.5255,,,,,,,,,,,,,,,,
2026-01-09,a3986d20c19f33c7c107fw,2026-01-08 20:30:00,27,True,53,158,326,2309,32.63,230.9,0.158,True,0.5309,,,,,,,,,,,,,,,,
2026-01-09,a3986d20c19f33c7c107fw,2026-01-08 20:40:00,28,True,53,152,314,2304,31.42,230.4,0.153,True,0.5362,,,,,,,,,,,,,,,,
2026-01-09,a3986d20c19f33c7c107fw,2026-01-08 20:50:00,29,True,54,231,477,2312,47.73,231.27,0.231,True,0.5441,,,,,,,,,,,,,,,,
2026-01-09,a3986d20c19f33c7c107fw,2026-01-08 21:00:00,30,True,56,539,1112,2308,111.24,230.82,0.54,True,0.5626,,,,,,,,,,,,,,,,
2026-01-09,a3986d20c19f33c7c107fw,2026-01-08 21:10:00,31,True,58,607,1246,2297,124.63,229.7,0.608,True,0.5834,,,,,,,,,,,,,,,,
2026-01-09,a3986d20c19f33c7c107fw,2026-01-08 21:20:00,32,True,60,607,1246,2300,124.63,230.05,0.607,True,0.6042,,,,,,,,,,,,,,,,
2026-01-09,a3986d20c19f33c7c107fw,2026-01-08 21:30:00,33,True,61,453,929,2296,92.98,229.67,0.454,True,0.6197,,,,,,,,,,,,,,,,
2026-01-09,a3986d20c19f33c7c107fw,2026-01-08 21:40:00,34,True,63,530,1088,2297,108.8,229.74,0.531,True,0.6378,,,,,,,,,,,,,,,,
2026-01-09,a3986d20c19f33c7c107fw,2026-01-08 21:50:00,35,True,64,309,636,2305,63.69,230.52,0.31,True,0.6484,,,,,,,,,,,,,,,,
2026-01-09,a3986d20c19f33c7c107fw,2026-01-08 22:00:00,36,True,65,231,473,2295,47.39,229.54,0.231,True,0.6563,,,,,,,,,,,,,,,,
2026-01-09,a3986d20c19f33c7c107fw,2026-01-08 22:10:00,37,True,66,155,320,2307,32.1,230.78,0.156,True,0.6617,,,,,,,,,,,,,,,,
2026-01-09,a3986d20c19f33c7c107fw,2026-01-08 22:20:00,38,True,67,448,922,2304,92.28,230.42,0.449,True,0.6771,,,,,,,,,,,,,,,,
2026-01-09,a3986d20c19f33c7c107fw,2026-01-08 22:30:00,39,True,70,757,1555,2301,155.56,230.1,0.757,True,0.703,,,,,,,,,,,,,,,,
2026-01-09,a3986d20c19f33c7c107fw,2026-01-08 22:40:00,40,True,72,604,1242,2301,124.25,230.18,0.605,True,0.7237,,,,,,,,,,,,,,,,
2026-01-09,a3986d20c19f33c7c107fw,2026-01-08 22:50:00,41,True,74,526,1082,2301,108.21,230.17,0.527,True,0.7417,,,,,,,,,,,,,,,,
2026-01-09,a3986d20c19f33c7c107fw,2026-01-08 23:00:00,42,True,75,523,1073,2297,107.34,229.74,0.523,True,0.7596,,,,,,,,,,,,,,,,
2026-01-09,a3986d20c19f33c7c107fw,2026-01-08 23:10:00,43,True,77,380,781,2301,78.11,230.15,0.38,True,0.7726,,,,,,,,,,,,,,,,
2026-01-09,a3986d20c19f33c7c107fw,2026-01-08 23:20:00,44,True,77,156,322,2312,32.27,231.24,0.156,True,0.778,,,,,,,,,,,,,,,,
2026-01-09,a3986d20c19f33c7c107fw,2026-01-08 23:30:00,45,True,78,79,163,2301,16.31,230.1,0.079,True,0.7807,,,,,,,,,,,,,,,,
2026-01-09,a3986d20c19f33c7c107fw,2026-01-08 23:40:00,46,True,78,0,517,2300,51.79,230.01,0.0,True,0.7894,,,,,,,,,,,,,,,,
2026-01-09,a3986d20c19f33c7c107fw,2026-01-08 23:50:00,47,True,79,0,517,2297,51.79,229.73,0.0,True,0.798,,,,,,,,,,,,,,,,
2026-01-09,a3986d20c19f33c7c107fw,2026-01-09 00:00:00,48,True,80,231,473,2293,47.32,229.38,0.231,True,0.8059,,,,,,,,,,,,,,,,
2026-01-09,a3986d20c19f33c7c107fw,2026-01-09 00:10:00,49,True,82,1050,1406,2316,140.66,231.6,1.05,True,0.8293,28.01,76.0,1011.0,0,559,30058,15968,2610,0,last,False,relay,False,,,
2026-01-09,a3986d20c19f33c7c107fw,2026-01-09 00:20:00,50,True,83,0,517,2333,51.79,233.3,0.0,True,0.838,28.01,76.0,1011.0,0,559,30058,15968,2610,0,last,False,relay,False,,,
2026-01-09,a3986d20c19f33c7c107fw,2026-01-09 00:30:00,51,True,84,0,517,2333,51.79,233.3,0.0,True,0.8466,28.42,70.0,1011.0,0,559,30058,15968,2610,0,last,False,relay,False,,,
2026-01-09,a3986d20c19f33c7c107fw,2026-01-09 00:40:00,52,True,85,0,517,2333,51.79,233.3,0.0,True,0.8552,28.34,70.0,1011.0,0,559,30058,15968,2610,0,last,False,relay,False,,,
2026-01-09,a3986d20c19f33c7c107fw,2026-01-09 00:50:00,53,True,86,0,517,2333,51.79,233.3,0.0,True,0.8639,28.34,70.0,1011.0,0,559,30058,15968,2610,0,last,False,relay,False,,,
2026-01-09,a3986d20c19f33c7c107fw,2026-01-09 01:00:00,54,True,87,0,517,2333,51.79,233.3,0.0,True,0.8725,,,,0,559,30058,15968,2610,0,last,False,relay,False,,,
2026-01-09,a3986d20c19f33c7c107fw,2026-01-09 01:10:00,55,True,87,147,303,2308,30.36,230.82,0.147,True,0.8776,,,,,,,,,,,,,,,,
2026-01-09,a3986d20c19f33c7c107fw,2026-01-09 01:20:00,56,True,90,1058,1414,2329,141.47,232.9,1.058,True,0.9011,28.46,66.0,1012.0,0,559,30058,15968,2610,0,last,False,relay,False,,,
2026-01-09,a3986d20c19f33c7c107fw,2026-01-09 01:30:00,57,True,92,1058,1414,2329,141.47,232.9,1.058,True,0.9247,28.58,67.0,1012.0,0,559,30058,15968,2610,0,last,False,relay,False,,,
2026-01-09,a3986d20c19f33c7c107fw,2026-01-09 01:40:00,58,True,93,0,517,2316,51.79,231.6,0.0,True,0.9333,27.41,73.0,1011.0,0,559,30058,15968,2610,0,last,False,relay,False,,,
2026-01-09,a3986d20c19f33c7c107fw,2026-01-09 01:50:00,59,True,94,0,517,2316,51.79,231.6,0.0,True,0.942,27.41,73.0,1011.0,0,559,30058,15968,2610,0,last,False,relay,False,,,
2026-01-09,a3986d20c19f33c7c107fw,2026-01-09 02:00:00,60,True,95,0,517,2316,51.79,231.6,0.0,True,0.9506,28.15,68.0,1011.0,0,559,30058,15968,2610,0,last,False,relay,False,,,
2026-01-09,a3986d20c19f33c7c107fw,2026-01-09 02:10:00,61,True,95,0,517,2316,51.79,231.6,0.0,True,0.9592,26.4,77.0,1012.0,0,559,30058,15968,2610,0,last,False,relay,False,,,
2026-01-09,a3986d20c19f33c7c107fw,2026-01-09 02:20:00,62,True,96,0,517,2316,51.79,231.6,0.0,True,0.9679,26.72,75.0,1012.0,0,559,30058,15968,2610,0,last,False,relay,False,,,
2026-01-09,a3986d20c19f33c7c107fw,2026-01-09 02:30:00,63,True,99,1046,1430,2298,143.07,229.8,1.046,True,0.9917,26.72,75.0,1012.0,0,559,30058,15968,2610,0,last,False,relay,False,,,
2026-01-09,a3986d20c19f33c7c107fw,2026-01-09 02:40:00,64,True,101,1046,1430,2298,143.07,229.8,1.046,True,1.0156,26.67,75.0,1012.0,0,559,30058,15968,2610,0,last,False,relay,False,,,
2026-01-09,a3986d20c19f33c7c107fw,2026-01-09 02:50:00,65,True,103,1046,1430,2298,143.07,229.8,1.046,True,1.0394,26.27,75.0,1012.0,0,559,30058,15968,2610,0,last,False,relay,False,,,
2026-01-09,a3986d20c19f33c7c107fw,2026-01-09 03:00:00,66,True,106,1046,1430,2298,143.07,229.8,1.046,True,1.0632,26.27,75.0,1012.0,0,559,30058,15968,2610,0,last,False,relay,False,,,
2026-01-09,a3986d20c19f33c7c107fw,2026-01-09 03:10:00,67,True,108,1046,1430,2298,143.07,229.8,1.046,True,1.0871,25.79,78.0,1012.0,0,559,30058,15968,2610,0,last,False,relay,False,,,
2026-01-09,a3986d20c19f33c7c107fw,2026-01-09 03:20:00,68,True,111,1046,1430,2298,143.07,229.8,1.046,True,1.1109,26.08,76.0,1012.0,0,559,30058,15968,2610,0,last,False,relay,False,,,
2026-01-09,a3986d20c19f33c7c107fw,2026-01-09 03:30:00,69,True,113,1022,1329,2307,132.99,230.7,1.022,True,1.1331,26.02,76.0,1013.0,0,559,30058,15968,2610,0,last,False,relay,False,,,
2026-01-09,a3986d20c19f33c7c107fw,2026-01-09 03:40:00,70,True,115,1014,1312,2329,131.29,232.9,1.014,True,1.155,26.02,76.0,1013.0,0,559,30058,15968,2610,0,last,False,relay,False,,,
2026-01-09,a3986d20c19f33c7c107fw,2026-01-09 03:50:00,71,True,117,1026,1315,2311,131.56,231.1,1.026,True,1.1769,,,,0,559,30058,15968,2610,0,last,False,relay,False,,,
2026-01-09,a3986d20c19f33c7c107fw,2026-01-09 04:00:00,72,True,118,0,517,2342,51.79,234.2,0.0,True,1.1855,26.02,76.0,1013.0,0,559,30058,15968,2610,0,last,False,relay,False,,,
2026-01-09,a3986d20c19f33c7c107fw,2026-01-09 04:10:00,73,True,119,0,517,2324,51.79,232.4,0.0,True,1.1942,,,,0,559,30058,15968,2610,0,last,False,relay,False,,,
2026-01-09,a3986d20c19f33c7c107fw,2026-01-09 04:20:00,74,True,120,0,517,2342,51.79,234.2,0.0,True,1.2028,25.79,79.0,1013.0,0,559,30058,15968,2610,0,last,False,relay,False,,,
2026-01-09,a3986d20c19f33c7c107fw,2026-01-09 04:30:00,75,True,121,231,470,2276,47.06,227.65,0.232,True,1.2106,,,,,,,,,,,,,,,,
2026-01-09,a3986d20c19f33c7c107fw,2026-01-09 04:40:00,76,True,122,306,619,2266,61.98,226.6,0.306,True,1.221,,,,,,,,,,,,,,,,
2026-01-09,a3986d20c19f33c7c107fw,2026-01-09 04:50:00,77,True,123,403,822,2282,82.21,228.22,0.404,True,1.2347,,,,,,,,,,,,,,,,
2026-01-09,a3986d20c19f33c7c107fw,2026-01-09 05:00:00,78,True,124,403,822,2282,82.21,228.22,0.404,True,1.2484,,,,,,,,,,,,,,,,
2026-01-09,a3986d20c19f33c7c107fw,2026-01-09 05:10:00,79,True,126,394,801,2278,80.18,227.8,0.394,True,1.2617,,,,,,,,,,,,,,,,
2026-01-09,a3986d20c19f33c7c107fw,2026-01-09 05:20:00,80,False,126,0,0,2279,0.0,227.93,0.0,False,1.2617,,,,,,,,,,,,,,,,
2026-01-09,a3986d20c19f33c7c107fw,2026-01-09 05:30:00,81,False,126,0,0,2279,0.0,227.93,0.0,False,1.2617,,,,,,,,,,,,,,,,
2026-01-09,a3986d20c19f33c7c107fw,2026-01-09 05:40:00,82,False,126,0,0,2295,0.0,229.57,0.0,False,1.2617,,,,,,,,,,,,,,,,
2026-01-09,a3986d20c19f33c7c107fw,2026-01-09 05:50:00,83,True,128,1020,1364,2307,136.47,230.7,1.02,True,1.2845,,,,0,559,30058,15968,2610,0,last,False,relay,False,,,
2026-01-09,a3986d20c19f33c7c107fw,2026-01-09 06:00:00,84,True,129,318,645,2267,64.53,226.78,0.319,True,1.2952,,,,,,,,,,,,,,,,
2026-01-09,a3986d20c19f33c7c107fw,2026-01-09 06:10:00,85,True,131,1045,1427,2290,142.72,229.0,1.045,True,1.319,,,,0,559,30058,15968,2610,0,last,False,relay,False,,,
2026-01-09,a3986d20c19f33c7c107fw,2026-01-09 06:20:00,86,True,132,318,647,2277,64.76,227.7,0.319,True,1.3298,,,,,,,,,,,,,,,,
2026-01-09,a3986d20c19f33c7c107fw,2026-01-09 06:30:00,87,True,135,1045,1427,2290,142.72,229.0,1.045,True,1.3536,25.55,80.0,1013.0,0,559,30058,15968,2610,0,last,False,relay,False,,,
2026-01-09,a3986d20c19f33c7c107fw,2026-01-09 06:40:00,88,True,137,1045,1427,2290,142.72,229.0,1.045,True,1.3774,,,,0,559,30058,15968,2610,0,last,False,relay,False,,,
2026-01-09,a3986d20c19f33c7c107fw,2026-01-09 06:50:00,89,True,140,1045,1427,2290,142.72,229.0,1.045,True,1.4012,,,,0,559,30058,15968,2610,0,last,False,relay,False,,,
2026-01-09,a3986d20c19f33c7c107fw,2026-01-09 07:00:00,90,True,142,1045,1427,2290,142.72,229.0,1.045,True,1.425,25.62,80.0,1013.0,0,559,30058,15968,2610,0,last,False,relay,False,,,
2026-01-09,a3986d20c19f33c7c107fw,2026-01-09 07:10:00,91,True,144,1045,1427,2290,142.72,229.0,1.045,True,1.4487,25.62,80.0,1013.0,0,559,30058,15968,2610,0,last,False,relay,False,,,
2026-01-09,a3986d20c19f33c7c107fw,2026-01-09 07:20:00,92,True,147,1014,1341,2285,134.15,228.5,1.014,True,1.4711,25.62,80.0,1013.0,0,559,30058,15968,2610,0,last,False,relay,False,,,
2026-01-09,a3986d20c19f33c7c107fw,2026-01-09 07:30:00,93,True,149,1014,1341,2285,134.15,228.5,1.014,True,1.4935,,,,0,559,30058,15968,2610,0,last,False,relay,False,,,
2026-01-09,a3986d20c19f33c7c107fw,2026-01-09 07:40:00,94,True,151,1014,1341,2285,134.15,228.5,1.014,True,1.5158,,,,0,559,30058,15968,2610,0,last,False,relay,False,,,
2026-01-09,a3986d20c19f33c7c107fw,2026-01-09 07:50:00,95,True,153,1014,1341,2285,134.15,228.5,1.014,True,1.5382,,,,0,559,30058,15968,2610,0,last,False,relay,False,,,
2026-01-09,a3986d20c19f33c7c107fw,2026-01-09 08:00:00,96,True,156,1014,1341,2285,134.15,228.5,1.014,True,1.5605,,,,0,559,30058,15968,2610,0,last,False,relay,False,,,
2026-01-09,a3986d20c19f33c7c107fw,2026-01-09 08:10:00,97,True,158,1007,1307,2316,130.75,231.6,1.007,True,1.5823,,,,0,559,30058,15968,2610,0,last,False,relay,False,,,
2026-01-09,a3986d20c19f33c7c107fw,2026-01-09 08:20:00,98,True,159,0,517,2316,51.79,231.6,0.0,True,1.591,25.62,81.0,1012.0,0,559,30058,15968,2610,0,last,False,relay,False,,,
2026-01-09,a3986d20c19f33c7c107fw,2026-01-09 08:30:00,99,True,159,0,517,2316,51.79,231.6,0.0,True,1.5996,,,,0,559,30058,15968,2610,0,last,False,relay,False,,,
2026-01-09,a3986d20c19f33c7c107fw,2026-01-09 08:40:00,100,True,160,0,517,2316,51.79,231.6,0.0,True,1.6082,,,,0,559,30058,15968,2610,0,last,False,relay,False,,,
2026-01-09,a3986d20c19f33c7c107fw,2026-01-09 08:50:00,101,True,161,0,517,2316,51.79,231.6,0.0,True,1.6169,,,,0,559,30058,15968,2610,0,last,False,relay,False,,,
2026-01-09,a3986d20c19f33c7c107fw,2026-01-09 09:00:00,102,True,162,0,517,2316,51.79,231.6,0.0,True,1.6255,25.69,79.0,1012.0,0,559,30058,15968,2610,0,last,False,relay,False,,,
2026-01-09,a3986d20c19f33c7c107fw,2026-01-09 09:10:00,103,True,163,152,313,2304,31.31,230.41,0.152,True,1.6307,,,,,,,,,,,,,,,,
2026-01-09,a3986d20c19f33c7c107fw,2026-01-09 09:20:00,104,True,165,1052,1407,2338,140.75,233.8,1.052,True,1.6542,25.64,81.0,1012.0,0,559,30058,15968,2610,0,last,False,relay,False,,,
2026-01-09,a3986d20c19f33c7c107fw,2026-01-09 09:30:00,105,True,167,1052,1407,2338,140.75,233.8,1.052,True,1.6776,,,,0,559,30058,15968,2610,0,last,False,relay,False,,,
2026-01-09,a3986d20c19f33c7c107fw,2026-01-09 09:40:00,106,True,170,1052,1407,2338,140.75,233.8,1.052,True,1.7011,25.61,82.0,1012.0,0,559,30058,15968,2610,0,last,False,relay,False,,,
2026-01-09,a3986d20c19f33c7c107fw,2026-01-09 09:50:00,107,True,172,1052,1407,2338,140.75,233.8,1.052,True,1.7245,,,,0,559,30058,15968,2610,0,last,False,relay,False,,,
2026-01-09,a3986d20c19f33c7c107fw,2026-01-09 10:00:00,108,True,173,0,517,2320,51.79,232.0,0.0,True,1.7332,,,,0,559,30058,15968,2610,0,last,False,relay,False,,,
2026-01-09,a3986d20c19f33c7c107fw,2026-01-09 10:10:00,109,True,174,0,517,2320,51.79,232.0,0.0,True,1.7418,25.47,81.0,1012.0,0,559,30058,15968,2610,0,last,False,relay,False,,,
2026-01-09,a3986d20c19f33c7c107fw,2026-01-09 10:20:00,110,True,175,0,517,2320,51.79,232.0,0.0,True,1.7504,,,,0,559,30058,15968,2610,0,last,False,relay,False,,,
2026-01-09,a3986d20c19f33c7c107fw,2026-01-09 10:30:00,111,True,175,0,517,2320,51.79,232.0,0.0,True,1.7591,,,,0,559,30058,15968,2610,0,last,False,relay,False,,,
2026-01-09,a3986d20c19f33c7c107fw,2026-01-09 10:40:00,112,True,178,1010,1388,2269,138.88,226.9,1.01,True,1.7822,,,,0,559,30058,15968,2610,0,last,False,relay,False,,,
2026-01-09,a3986d20c19f33c7c107fw,2026-01-09 10:50:00,113,True,178,155,319,2303,31.92,230.32,0.155,True,1.7875,,,,,,,,,,,,,,,,
2026-01-09,a3986d20c19f33c7c107fw,2026-01-09 11:00:00,114,False,178,0,0,2304,0.0,230.47,0.0,False,1.7875,,,,,,,,,,,,,,,,
2026-01-09,a3986d20c19f33c7c107fw,2026-01-09 11:10:00,115,True,179,235,482,2300,48.27,230.0,0.235,True,1.7956,,,,,,,,,,,,,,,,
2026-01-09,a3986d20c19f33c7c107fw,2026-01-09 11:20:00,116,True,181,1010,1388,2269,138.88,226.9,1.01,True,1.8187,24.88,87.0,1011.0,0,559,30058,15968,2610,0,last,False,relay,False,,,
2026-01-09,a3986d20c19f33c7c107fw,2026-01-09 11:30:00,117,True,182,0,517,2281,51.79,228.1,0.0,True,1.8273,,,,0,559,30058,15968,2610,0,last,False,relay,False,,,
2026-01-09,a3986d20c19f33c7c107fw,2026-01-09 11:40:00,118,True,183,0,517,2281,51.79,228.1,0.0,True,1.836,24.57,87.0,1011.0,0,559,30058,15968,2610,0,last,False,relay,False,,,
2026-01-09,a3986d20c19f33c7c107fw,2026-01-09 11:50:00,119,True,184,0,517,2281,51.79,228.1,0.0,True,1.8446,24.57,88.0,1011.0,0,559,30058,15968,2610,0,last,False,relay,False,,,
2026-01-09,a3986d20c19f33c7c107fw,2026-01-09 12:00:00,120,True,185,0,517,2281,51.79,228.1,0.0,True,1.8532,,,,0,559,30058,15968,2610,0,last,False,relay,False,,,
2026-01-09,a3986d20c19f33c7c107fw,2026-01-09 12:10:00,121,True,187,1032,1409,2281,140.93,228.1,1.032,True,1.8767,24.52,87.0,1012.0,0,559,30058,15968,2610,0,last,False,relay,False,,,
2026-01-09,a3986d20c19f33c7c107fw,2026-01-09 12:20:00,122,True,190,1032,1409,2281,140.93,228.1,1.032,True,1.9002,24.52,87.0,1011.0,0,559,30058,15968,2610,0,last,False,relay,False,,,
2026-01-09,a3986d20c19f33c7c107fw,2026-01-09 12:30:00,123,True,192,1032,1409,2281,140.93,228.1,1.032,True,1.9237,24.52,87.0,1011.0,0,559,30058,15968,2610,0,last,False,relay,False,,,
2026-01-09,a3986d20c19f33c7c107fw,2026-01-09 12:40:00,124,True,194,1032,1409,2281,140.93,228.1,1.032,True,1.9472,24.52,87.0,1011.0,0,559,30058,15968,2610,0,last,False,relay,False,,,
2026-01-09,a3986d20c19f33c7c107fw,2026-01-09 12:50:00,125,True,197,1032,1409,2281,140.93,228.1,1.032,True,1.9707,24.52,87.0,1011.0,0,559,30058,15968,2610,0,last,False,relay,False,,,
2026-01-09,a3986d20c19f33c7c107fw,2026-01-09 13:00:00,126,True,197,0,517,2290,51.79,229.0,0.0,True,1.9793,24.52,87.0,1011.0,0,559,30058,15968,2610,0,last,False,relay,False,,,
2026-01-09,a3986d20c19f33c7c107fw,2026-01-09 13:10:00,127,True,198,0,517,2290,51.79,229.0,0.0,True,1.9879,24.52,86.0,1012.0,0,559,30058,15968,2610,0,last,False,relay,False,,,
2026-01-09,a3986d20c19f33c7c107fw,2026-01-09 13:20:00,128,True,199,0,517,2290,51.79,229.0,0.0,True,1.9966,24.52,86.0,1012.0,0,559,30058,15968,2610,0,last,False,relay,False,,,
2026-01-09,a3986d20c19f33c7c107fw,2026-01-09 13:30:00,129,True,200,0,517,2290,51.79,229.0,0.0,True,2.0052,24.52,87.0,1012.0,0,559,30058,15968,2610,0,last,False,relay,False,,,
2026-01-09,a3986d20c19f33c7c107fw,2026-01-09 13:40:00,130,True,201,0,517,2290,51.79,229.0,0.0,True,2.0138,24.55,87.0,1012.0,0,559,30058,15968,2610,0,last,False,relay,False,,,
2026-01-09,a3986d20c19f33c7c107fw,2026-01-09 13:50:00,131,True,202,0,517,2290,51.79,229.0,0.0,True,2.0225,24.55,87.0,1012.0,0,559,30058,15968,2610,0,last,False,relay,False,,,
2026-01-09,a3986d20c19f33c7c107fw,2026-01-09 14:00:00,132,True,203,0,517,2290,51.79,229.0,0.0,True,2.0311,24.55,87.0,1012.0,0,559,30058,15968,2610,0,last,False,relay,False,,,
2026-01-09,a3986d20c19f33c7c107fw,2026-01-09 14:10:00,133,True,205,1041,1454,2264,145.48,226.4,1.041,True,2.0553,24.52,88.0,1012.0,0,559,30058,15968,2610,0,last,False,relay,False,,,
2026-01-09,a3986d20c19f33c7c107fw,2026-01-09 14:20:00,134,True,207,1041,1454,2264,145.48,226.4,1.041,True,2.0796,,,,0,559,30058,15968,2610,0,last,False,relay,False,,,
2026-01-09,a3986d20c19f33c7c107fw,2026-01-09 14:30:00,135,True,210,1041,1454,2264,145.48,226.4,1.041,True,2.1038,,,,0,559,30058,15968,2610,0,last,False,relay,False,,,
2026-01-09,a3986d20c19f33c7c107fw,2026-01-09 14:40:00,136,True,212,1041,1454,2264,145.48,226.4,1.041,True,2.1281,,,,0,559,30058,15968,2610,0,last,False,relay,False,,,
2026-01-09,a3986d20c19f33c7c107fw,2026-01-09 14:50:00,137,True,213,308,625,2269,62.53,226.95,0.309,True,2.1385,,,,,,,,,,,,,,,,
2026-01-09,a3986d20c19f33c7c107fw,2026-01-09 15:00:00,138,True,214,302,615,2282,61.55,228.2,0.302,True,2.1488,,,,,,,,,,,,,,,,
2026-01-09,a3986d20c19f33c7c107fw,2026-01-09 15:10:00,139,True,217,1041,1454,2264,145.48,226.4,1.041,True,2.173,24.6,87.0,1012.0,0,559,30058,15968,2610,0,last,False,relay,False,,,
2026-01-09,a3986d20c19f33c7c107fw,2026-01-09 15:20:00,140,True,219,1041,1454,2264,145.48,226.4,1.041,True,2.1973,24.88,87.0,1013.0,0,559,30058,15968,2610,0,last,False,relay,False,,,
2026-01-09,a3986d20c19f33c7c107fw,2026-01-09 15:30:00,141,True,222,1041,1454,2264,145.48,226.4,1.041,True,2.2215,,,,0,559,30058,15968,2610,0,last,False,relay,False,,,
2026-01-09,a3986d20c19f33c7c107fw,2026-01-09 15:40:00,142,True,224,1041,1454,2264,145.48,226.4,1.041,True,2.2458,24.88,87.0,1013.0,0,559,30058,15968,2610,0,last,False,relay,False,,,
2026-01-09,a3986d20c19f33c7c107fw,2026-01-09 15:50:00,143,True,227,1041,1454,2264,145.48,226.4,1.041,True,2.27,24.88,87.0,1013.0,0,559,30058,15968,2610,0,last,False,relay,False,,,
2026-01-10,a3986d20c19f33c7c107fw,2026-01-09 16:00:00,0,True,2,1041,1556,2264,155.65,226.4,1.041,True,0.0259,25.25,86.0,1013.0,0,559,30058,15968,2610,0,last,False,relay,False,,,
2026-01-10,a3986d20c19f33c7c107fw,2026-01-09 16:10:00,1,True,3,231,505,2284,50.59,228.45,0.232,True,0.0344,,,,,,,,,,,,,,,,
2026-01-10,a3986d20c19f33c7c107fw,2026-01-09 16:20:00,2,True,6,1041,1556,2264,155.65,226.4,1.041,True,0.0603,25.91,83.0,1013.0,0,559,30058,15968,2610,0,last,False,relay,False,,,
2026-01-10,a3986d20c19f33c7c107fw,2026-01-09 16:30:00,3,True,7,380,826,2271,82.66,227.19,0.381,True,0.0741,,,,,,,,,,,,,,,,
2026-01-10,a3986d20c19f33c7c107fw,2026-01-09 16:40:00,4,True,10,1041,1556,2264,155.65,226.4,1.041,True,0.1,,,,0,559,30058,15968,2610,0,last,False,relay,False,,,
2026-01-10,a3986d20c19f33c7c107fw,2026-01-09 16:50:00,5,True,12,768,1675,2282,167.51,228.29,0.768,True,0.128,,,,,,,,,,,,,,,,
2026-01-10,a3986d20c19f33c7c107fw,2026-01-09 17:00:00,6,True,15,1041,1556,2264,155.65,226.4,1.041,True,0.1539,,,,0,559,30058,15968,2610,0,last,False,relay,False,,,
2026-01-10,a3986d20c19f33c7c107fw,2026-01-09 17:10:00,7,True,17,1041,1556,2264,155.65,226.4,1.041,True,0.1798,,,,0,559,30058,15968,2610,0,last,False,relay,False,,,
2026-01-10,a3986d20c19f33c7c107fw,2026-01-09 17:20:00,8,True,19,463,1012,2288,101.3,228.81,0.464,True,0.1967,,,,,,,,,,,,,,,,
2026-01-10,a3986d20c19f33c7c107fw,2026-01-09 17:30:00,9,True,22,1131,1762,2320,176.28,232.0,1.131,True,0.2261,,,,0,559,30058,15968,2610,0,last,False,relay,False,,,
2026-01-10,a3986d20c19f33c7c107fw,2026-01-09 17:40:00,10,True,25,1131,1762,2320,176.28,232.0,1.131,True,0.2555,,,,0,559,30058,15968,2610,0,last,False,relay,False,,,
2026-01-10,a3986d20c19f33c7c107fw,2026-01-09 17:50:00,11,True,27,455,997,2296,99.77,229.61,0.455,True,0.2721,,,,,,,,,,,,,,,,
2026-01-10,a3986d20c19f33c7c107fw,2026-01-09 18:00:00,12,True,30,841,1836,2284,183.64,228.47,0.842,True,0.3027,,,,,,,,,,,,,,,,
2026-01-10,a3986d20c19f33c7c107fw,2026-01-09 18:10:00,13,True,32,614,1342,2289,134.28,228.93,0.614,True,0.3251,,,,,,,,,,,,,,,,
2026-01-10,a3986d20c19f33c7c107fw,2026-01-09 18:20:00,14,True,35,1131,1762,2320,176.28,232.0,1.131,True,0.3545,,,,0,559,30058,15968,2610,0,last,False,relay,False,,,
2026-01-10,a3986d20c19f33c7c107fw,2026-01-09 18:30:00,15,True,37,625,1365,2286,136.52,228.65,0.625,True,0.3772,,,,,,,,,,,,,,,,
2026-01-10,a3986d20c19f33c7c107fw,2026-01-09 18:40:00,16,True,39,611,1337,2291,133.78,229.16,0.611,True,0.3995,,,,,,,,,,,,,,,,
2026-01-10,a3986d20c19f33c7c107fw,2026-01-09 18:50:00,17,True,42,1032,1526,2302,152.69,230.2,1.032,True,0.425,,,,0,559,30058,15968,2610,0,last,False,relay,False,,,
2026-01-10,a3986d20c19f33c7c107fw,2026-01-09 19:00:00,18,True,45,1032,1526,2302,152.69,230.2,1.032,True,0.4504,,,,0,559,30058,15968,2610,0,last,False,relay,False,,,
2026-01-10,a3986d20c19f33c7c107fw,2026-01-09 19:10:00,19,True,47,1032,1526,2302,152.69,230.2,1.032,True,0.4759,,,,0,559,30058,15968,2610,0,last,False,relay,False,,,
2026-01-10,a3986d20c19f33c7c107fw,2026-01-09 19:20:00,20,True,50,1032,1526,2302,152.69,230.2,1.032,True,0.5013,,,,0,559,30058,15968,2610,0,last,False,relay,False,,,
2026-01-10,a3986d20c19f33c7c107fw,2026-01-09 19:30:00,21,True,52,610,1341,2302,134.15,230.27,0.61,True,0.5237,,,,,,,,,,,,,,,,
2026-01-10,a3986d20c19f33c7c107fw,2026-01-09 19:40:00,22,True,54,451,993,2305,99.37,230.5,0.451,True,0.5402,,,,,,,,,,,,,,,,
2026-01-10,a3986d20c19f33c7c107fw,2026-01-09 19:50:00,23,True,56,1018,1435,2302,143.52,230.2,1.018,True,0.5642,30.08,71.0,1012.0,0,559,30058,15968,2610,0,last,False,relay,False,,,
2026-01-10,a3986d20c19f33c7c107fw,2026-01-09 20:00:00,24,True,58,1018,1435,2302,143.52,230.2,1.018,True,0.5881,,,,0,559,30058,15968,2610,0,last,False,relay,False,,,
2026-01-10,a3986d20c19f33c7c107fw,2026-01-09 20:10:00,25,True,61,1018,1435,2302,143.52,230.2,1.018,True,0.612,,,,0,559,30058,15968,2610,0,last,False,relay,False,,,
2026-01-10,a3986d20c19f33c7c107fw,2026-01-09 20:20:00,26,True,63,1018,1435,2302,143.52,230.2,1.018,True,0.6359,,,,0,559,30058,15968,2610,0,last,False,relay,False,,,
2026-01-10,a3986d20c19f33c7c107fw,2026-01-09 20:30:00,27,True,64,158,349,2309,34.91,230.9,0.158,True,0.6417,,,,,,,,,,,,,,,,
2026-01-10,a3986d20c19f33c7c107fw,2026-01-09 20:40:00,28,True,64,152,336,2304,33.61,230.4,0.153,True,0.6473,,,,,,,,,,,,,,,,
2026-01-10,a3986d20c19f33c7c107fw,2026-01-09 20:50:00,29,True,65,0,574,2346,57.44,234.6,0.0,True,0.6569,29.57,72.0,1011.0,0,559,30058,15968,2610,0,last,False,relay,False,,,
2026-01-10,a3986d20c19f33c7c107fw,2026-01-09 21:00:00,30,True,66,0,574,2346,57.44,234.6,0.0,True,0.6665,29.63,71.0,1011.0,0,559,30058,15968,2610,0,last,False,relay,False,,,
2026-01-10,a3986d20c19f33c7c107fw,2026-01-09 21:10:00,31,True,69,1050,1524,2302,152.41,230.2,1.05,True,0.6919,,,,0,559,30058,15968,2610,0,last,False,relay,False,,,
2026-01-10,a3986d20c19f33c7c107fw,2026-01-09 21:20:00,32,True,71,1050,1524,2302,152.41,230.2,1.05,True,0.7173,,,,0,559,30058,15968,2610,0,last,False,relay,False,,,
2026-01-10,a3986d20c19f33c7c107fw,2026-01-09 21:30:00,33,True,73,453,994,2296,99.48,229.67,0.454,True,0.7339,,,,,,,,,,,,,,,,
2026-01-10,a3986d20c19f33c7c107fw,2026-01-09 21:40:00,34,True,75,1050,1524,2302,152.41,230.2,1.05,True,0.7593,29.04,74.0,1010.0,0,559,30058,15968,2610,0,last,False,relay,False,,,
2026-01-10,a3986d20c19f33c7c107fw,2026-01-09 21:50:00,35,True,78,1050,1524,2302,152.41,230.2,1.05,True,0.7847,28.96,75.0,1010.0,0,559,30058,15968,2610,0,last,False,relay,False,,,
2026-01-10,a3986d20c19f33c7c107fw,2026-01-09 22:00:00,36,True,79,231,507,2295,50.71,229.54,0.231,True,0.7931,,,,,,,,,,,,,,,,
2026-01-10,a3986d20c19f33c7c107fw,2026-01-09 22:10:00,37,True,79,155,343,2307,34.34,230.78,0.156,True,0.7988,,,,,,,,,,,,,,,,
2026-01-10,a3986d20c19f33c7c107fw,2026-01-09 22:20:00,38,True,82,1018,1429,2316,142.95,231.6,1.018,True,0.8227,,,,0,559,30058,15968,2610,0,last,False,relay,False,,,
2026-01-10,a3986d20c19f33c7c107fw,2026-01-09 22:30:00,39,True,84,1018,1429,2316,142.95,231.6,1.018,True,0.8465,28.88,76.0,1010.0,0,559,30058,15968,2610,0,last,False,relay,False,,,
2026-01-10,a3986d20c19f33c7c107fw,2026-01-09 22:40:00,40,True,87,1018,1429,2316,142.95,231.6,1.018,True,0.8703,,,,0,559,30058,15968,2610,0,last,False,relay,False,,,
2026-01-10,a3986d20c19f33c7c107fw,2026-01-09 22:50:00,41,True,89,1018,1429,2316,142.95,231.6,1.018,True,0.8941,,,,0,559,30058,15968,2610,0,last,False,relay,False,,,
2026-01-10,a3986d20c19f33c7c107fw,2026-01-09 23:00:00,42,True,91,1018,1429,2316,142.95,231.6,1.018,True,0.918,,,,0,559,30058,15968,2610,0,last,False,relay,False,,,
2026-01-10,a3986d20c19f33c7c107fw,2026-01-09 23:10:00,43,True,94,1018,1429,2316,142.95,231.6,1.018,True,0.9418,,,,0,559,30058,15968,2610,0,last,False,relay,False,,,
2026-01-10,a3986d20c19f33c7c107fw,2026-01-09 23:20:00,44,True,95,0,574,2329,57.44,232.9,0.0,True,0.9514,,,,0,559,30058,15968,2610,0,last,False,relay,False,,,
2026-01-10,a3986d20c19f33c7c107fw,2026-01-09 23:30:00,45,True,95,79,174,2301,17.45,230.1,0.079,True,0.9543,,,,,,,,,,,,,,,,
2026-01-10,a3986d20c19f33c7c107fw,2026-01-09 23:40:00,46,True,96,0,574,2300,57.44,230.01,0.0,True,0.9638,,,,,,,,,,,,,,,,
2026-01-10,a3986d20c19f33c7c107fw,2026-01-09 23:50:00,47,True,97,0,574,2329,57.44,232.9,0.0,True,0.9734,,,,0,559,30058,15968,2610,0,last,False,relay,False,,,
2026-01-10,a3986d20c19f33c7c107fw,2026-01-10 00:00:00,48,True,98,0,574,2329,57.44,232.9,0.0,True,0.983,,,,0,559,30058,15968,2610,0,last,False,relay,False,,,
2026-01-10,a3986d20c19f33c7c107fw,2026-01-10 00:10:00,49,True,100,1047,1525,2320,152.5,232.0,1.047,True,1.0084,,,,0,559,30058,15968,2610,0,last,False,relay,False,,,
2026-01-10,a3986d20c19f33c7c107fw,2026-01-10 00:20:00,50,True,103,1047,1525,2320,152.5,232.0,1.047,True,1.0338,26.56,86.0,1011.0,0,559,30058,15968,2610,0,last,False,relay,False,,,
2026-01-10,a3986d20c19f33c7c107fw,2026-01-10 00:30:00,51,True,105,1047,1525,2320,152.5,232.0,1.047,True,1.0592,,,,0,559,30058,15968,2610,0,last,False,relay,False,,,
2026-01-10,a3986d20c19f33c7c107fw,2026-01-10 00:40:00,52,True,108,1047,1525,2320,152.5,232.0,1.047,True,1.0847,,,,0,559,30058,15968,2610,0,last,False,relay,False,,,
2026-01-10,a3986d20c19f33c7c107fw,2026-01-10 00:50:00,53,True,111,1047,1525,2320,152.5,232.0,1.047,True,1.1101,,,,0,559,30058,15968,2610,0,last,False,relay,False,,,
2026-01-10,a3986d20c19f33c7c107fw,2026-01-10 01:00:00,54,True,113,1047,1525,2320,152.5,232.0,1.047,True,1.1355,,,,0,559,30058,15968,2610,0,last,False,relay,False,,,
2026-01-10,a3986d20c19f33c7c107fw,2026-01-10 01:10:00,55,True,115,1039,1461,2338,146.19,233.8,1.039,True,1.1599,25.75,91.0,1012.0,0,559,30058,15968,2610,0,last,False,relay,False,,,
2026-01-10,a3986d20c19f33c7c107fw,2026-01-10 01:20:00,56,True,118,1039,1461,2338,146.19,233.8,1.039,True,1.1842,25.75,91.0,1012.0,0,559,30058,15968,2610,0,last,False,relay,False,,,
2026-01-10,a3986d20c19f33c7c107fw,2026-01-10 01:30:00,57,True,120,1039,1461,2338,146.19,233.8,1.039,True,1.2086,25.75,92.0,1012.0,0,559,30058,15968,2610,0,last,False,relay,False,,,
2026-01-10,a3986d20c19f33c7c107fw,2026-01-10 01:40:00,58,True,121,0,574,2311,57.44,231.1,0.0,True,1.2182,25.69,92.0,1012.0,0,559,30058,15968,2610,0,last,False,relay,False,,,
2026-01-10,a3986d20c19f33c7c107fw,2026-01-10 01:50:00,59,True,122,0,574,2311,57.44,231.1,0.0,True,1.2277,25.38,92.0,1012.0,0,559,30058,15968,2610,0,last,False,relay,False,,,
2026-01-10,a3986d20c19f33c7c107fw,2026-01-10 02:00:00,60,True,123,0,574,2311,57.44,231.1,0.0,True,1.2373,,,,0,559,30058,15968,2610,0,last,False,relay,False,,,
2026-01-10,a3986d20c19f33c7c107fw,2026-01-10 02:10:00,61,True,126,1038,1548,2281,154.89,228.1,1.038,True,1.2631,24.84,91.0,1012.0,0,559,30058,15968,2610,0,last,False,relay,False,,,
2026-01-10,a3986d20c19f33c7c107fw,2026-01-10 02:20:00,62,True,128,1038,1548,2281,154.89,228.1,1.038,True,1.2889,25.07,91.0,1012.0,0,559,30058,15968,2610,0,last,False,relay,False,,,
2026-01-10,a3986d20c19f33c7c107fw,2026-01-10 02:30:00,63,True,131,1038,1548,2281,154.89,228.1,1.038,True,1.3147,,,,0,559,30058,15968,2610,0,last,False,relay,False,,,
2026-01-10,a3986d20c19f33c7c107fw,2026-01-10 02:40:00,64,True,134,1038,1548,2281,154.89,228.1,1.038,True,1.3406,25.07,91.0,1012.0,0,559,30058,15968,2610,0,last,False,relay,False,,,
2026-01-10,a3986d20c19f33c7c107fw,2026-01-10 02:50:00,65,True,136,1038,1548,2281,154.89,228.1,1.038,True,1.3664,25.07,91.0,1012.0,0,559,30058,15968,2610,0,last,False,relay,False,,,
2026-01-10,a3986d20c19f33c7c107fw,2026-01-10 03:00:00,66,True,139,1038,1548,2281,154.89,228.1,1.038,True,1.3922,25.07,92.0,1012.0,0,559,30058,15968,2610,0,last,False,relay,False,,,
2026-01-10,a3986d20c19f33c7c107fw,2026-01-10 03:10:00,67,True,141,1038,1548,2281,154.89,228.1,1.038,True,1.418,25.07,91.0,1012.0,0,559,30058,15968,2610,0,last,False,relay,False,,,
2026-01-10,a3986d20c19f33c7c107fw,2026-01-10 03:20:00,68,True,144,1019,1437,2294,143.71,229.4,1.019,True,1.442,25.07,93.0,1013.0,0,559,30058,15968,2610,0,last,False,relay,False,,,
2026-01-10,a3986d20c19f33c7c107fw,2026-01-10 03:30:00,69,True,146,1019,1437,2294,143.71,229.4,1.019,True,1.4659,25.07,93.0,1013.0,0,559,30058,15968,2610,0,last,False,relay,False,,,
2026-01-10,a3986d20c19f33c7c107fw,2026-01-10 03:40:00,70,True,148,1019,1437,2294,143.71,229.4,1.019,True,1.4899,25.07,93.0,1013.0,0,559,30058,15968,2610,0,last,False,relay,False,,,
2026-01-10,a3986d20c19f33c7c107fw,2026-01-10 03:50:00,71,False,148,0,0,2310,0.0,231.03,0.0,False,1.4899,,,,,,,,,,,,,,,,
2026-01-10,a3986d20c19f33c7c107fw,2026-01-10 04:00:00,72,True,149,75,165,2315,16.59,231.52,0.075,True,1.4926,,,,,,,,,,,,,,,,
2026-01-10,a3986d20c19f33c7c107fw,2026-01-10 04:10:00,73,True,150,333,727,2282,72.75,228.22,0.334,True,1.5048,,,,,,,,,,,,,,,,
2026-01-10,a3986d20c19f33c7c107fw,2026-01-10 04:20:00,74,True,151,229,503,2293,50.34,229.38,0.23,True,1.5131,,,,,,,,,,,,,,,,
2026-01-10,a3986d20c19f33c7c107fw,2026-01-10 04:30:00,75,True,152,231,503,2276,50.34,227.65,0.232,True,1.5215,,,,,,,,,,,,,,,,
2026-01-10,a3986d20c19f33c7c107fw,2026-01-10 04:40:00,76,True,153,306,663,2266,66.31,226.6,0.306,True,1.5326,,,,,,,,,,,,,,,,
2026-01-10,a3986d20c19f33c7c107fw,2026-01-10 04:50:00,77,True,154,403,879,2282,87.95,228.22,0.404,True,1.5472,,,,,,,,,,,,,,,,
2026-01-10,a3986d20c19f33c7c107fw,2026-01-10 05:00:00,78,True,156,403,879,2282,87.95,228.22,0.404,True,1.5619,,,,,,,,,,,,,,,,
2026-01-10,a3986d20c19f33c7c107fw,2026-01-10 05:10:00,79,True,157,394,857,2278,85.78,227.8,0.394,True,1.5762,,,,,,,,,,,,,,,,
2026-01-10,a3986d20c19f33c7c107fw,2026-01-10 05:20:00,80,False,157,0,0,2279,0.0,227.93,0.0,False,1.5762,,,,,,,,,,,,,,,,
2026-01-10,a3986d20c19f33c7c107fw,2026-01-10 05:30:00,81,False,157,0,0,2279,0.0,227.93,0.0,False,1.5762,,,,,,,,,,,,,,,,
2026-01-10,a3986d20c19f33c7c107fw,2026-01-10 05:40:00,82,False,157,0,0,2295,0.0,229.57,0.0,False,1.5762,,,,,,,,,,,,,,,,
2026-01-10,a3986d20c19f33c7c107fw,2026-01-10 05:50:00,83,True,159,387,845,2285,84.54,228.54,0.387,True,1.5903,,,,,,,,,,,,,,,,
2026-01-10,a3986d20c19f33c7c107fw,2026-01-10 06:00:00,84,True,160,318,690,2267,69.04,226.78,0.319,True,1.6018,,,,,,,,,,,,,,,,
2026-01-10,a3986d20c19f33c7c107fw,2026-01-10 06:10:00,85,True,161,320,697,2281,69.71,228.12,0.32,True,1.6134,,,,,,,,,,,,,,,,
2026-01-10,a3986d20c19f33c7c107fw,2026-01-10 06:20:00,86,True,162,318,692,2277,69.29,227.7,0.319,True,1.625,,,,,,,,,,,,,,,,
2026-01-10,a3986d20c19f33c7c107fw,2026-01-10 06:30:00,87,True,163,232,504,2275,50.5,227.54,0.232,True,1.6334,,,,,,,,,,,,,,,,
2026-01-10,a3986d20c19f33c7c107fw,2026-01-10 06:40:00,88,True,165,467,1020,2287,102.02,228.7,0.467,True,1.6504,,,,,,,,,,,,,,,,
2026-01-10,a3986d20c19f33c7c107fw,2026-01-10 06:50:00,89,True,167,613,1336,2281,133.65,228.1,0.614,True,1.6727,,,,,,,,,,,,,,,,
2026-01-10,a3986d20c19f33c7c107fw,2026-01-10 07:00:00,90,True,168,312,680,2284,68.06,228.43,0.312,True,1.684,,,,,,,,,,,,,,,,
2026-01-10,a3986d20c19f33c7c107fw,2026-01-10 07:10:00,91,True,169,313,684,2289,68.46,228.9,0.313,True,1.6954,,,,,,,,,,,,,,,,
2026-01-10,a3986d20c19f33c7c107fw,2026-01-10 07:20:00,92,True,170,380,826,2276,82.61,227.64,0.38,True,1.7092,,,,,,,,,,,,,,,,
2026-01-10,a3986d20c19f33c7c107fw,2026-01-10 07:30:00,93,True,172,301,656,2280,65.68,228.05,0.302,True,1.7201,,,,,,,,,,,,,,,,
2026-01-10,a3986d20c19f33c7c107fw,2026-01-10 07:40:00,94,True,173,301,656,2283,65.7,228.3,0.301,True,1.7311,,,,,,,,,,,,,,,,
2026-01-10,a3986d20c19f33c7c107fw,2026-01-10 07:50:00,95,True,174,379,827,2281,82.72,228.19,0.38,True,1.7449,,,,,,,,,,,,,,,,
2026-01-10,a3986d20c19f33c7c107fw,2026-01-10 08:00:00,96,True,175,378,825,2284,82.52,228.49,0.378,True,1.7586,,,,,,,,,,,,,,,,
2026-01-10,a3986d20c19f33c7c107fw,2026-01-10 08:10:00,97,True,177,451,988,2293,98.81,229.31,0.451,True,1.7751,,,,,,,,,,,,,,,,
2026-01-10,a3986d20c19f33c7c107fw,2026-01-10 08:20:00,98,True,178,376,826,2299,82.67,229.9,0.377,True,1.7889,,,,,,,,,,,,,,,,
2026-01-10,a3986d20c19f33c7c107fw,2026-01-10 08:30:00,99,True,180,381,838,2300,83.83,230.0,0.382,True,1.8028,,,,,,,,,,,,,,,,
2026-01-10,a3986d20c19f33c7c107fw,2026-01-10 08:40:00,100,True,181,230,507,2306,50.78,230.66,0.231,True,1.8113,,,,,,,,,,,,,,,,
2026-01-10,a3986d20c19f33c7c107fw,2026-01-10 08:50:00,101,True,182,304,671,2304,67.12,230.48,0.305,True,1.8225,,,,,,,,,,,,,,,,
2026-01-10,a3986d20c19f33c7c107fw,2026-01-10 09:00:00,102,True,182,152,334,2303,33.49,230.36,0.152,True,1.8281,,,,,,,,,,,,,,,,
2026-01-10,a3986d20c19f33c7c107fw,2026-01-10 09:10:00,103,True,183,152,334,2304,33.49,230.41,0.152,True,1.8336,,,,,,,,,,,,,,,,
2026-01-10,a3986d20c19f33c7c107fw,2026-01-10 09:20:00,104,True,185,458,1011,2309,101.14,230.97,0.459,True,1.8505,,,,,,,,,,,,,,,,
2026-01-10,a3986d20c19f33c7c107fw,2026-01-10 09:30:00,105,True,185,232,511,2305,51.11,230.57,0.232,True,1.859,,,,,,,,,,,,,,,,
2026-01-10,a3986d20c19f33c7c107fw,2026-01-10 09:40:00,106,True,186,232,511,2306,51.11,230.63,0.232,True,1.8675,,,,,,,,,,,,,,,,
2026-01-10,a3986d20c19f33c7c107fw,2026-01-10 09:50:00,107,True,188,464,1021,2303,102.19,230.35,0.465,True,1.8846,,,,,,,,,,,,,,,,
2026-01-10,a3986d20c19f33c7c107fw,2026-01-10 10:00:00,108,True,189,311,685,2307,68.56,230.7,0.311,True,1.896,,,,,,,,,,,,,,,,
2026-01-10,a3986d20c19f33c7c107fw,2026-01-10 10:10:00,109,True,190,233,513,2304,51.31,230.4,0.233,True,1.9045,,,,,,,,,,,,,,,,
2026-01-10,a3986d20c19f33c7c107fw,2026-01-10 10:20:00,110,True,191,155,341,2302,34.18,230.27,0.155,True,1.9102,,,,,,,,,,,,,,,,
2026-01-10,a3986d20c19f33c7c107fw,2026-01-10 10:30:00,111,True,191,0,574,2303,57.44,230.33,0.0,True,1.9198,,,,,,,,,,,,,,,,
2026-01-10,a3986d20c19f33c7c107fw,2026-01-10 10:40:00,112,True,192,75,165,2302,16.51,230.2,0.075,True,1.9226,,,,,,,,,,,,,,,,
2026-01-10,a3986d20c19f33c7c107fw,2026-01-10 10:50:00,113,True,192,155,341,2303,34.15,230.32,0.155,True,1.9283,,,,,,,,,,,,,,,,
2026-01-10,a3986d20c19f33c7c107fw,2026-01-10 11:00:00,114,False,192,0,0,2304,0.0,230.47,0.0,False,1.9283,,,,,,,,,,,,,,,,
2026-01-10,a3986d20c19f33c7c107fw,2026-01-10 11:10:00,115,True,193,235,516,2300,51.64,230.0,0.235,True,1.9369,,,,,,,,,,,,,,,,
2026-01-10,a3986d20c19f33c7c107fw,2026-01-10 11:20:00,116,True,195,389,856,2302,85.67,230.22,0.39,True,1.9511,,,,,,,,,,,,,,,,
2026-01-10,a3986d20c19f33c7c107fw,2026-01-10 11:30:00,117,True,196,392,862,2301,86.24,230.13,0.392,True,1.9655,,,,,,,,,,,,,,,,
2026-01-10,a3986d20c19f33c7c107fw,2026-01-10 11:40:00,118,True,197,315,692,2298,69.21,229.84,0.315,True,1.9771,,,,,,,,,,,,,,,,
2026-01-10,a3986d20c19f33c7c107fw,2026-01-10 11:50:00,119,True,198,152,336,2311,33.65,231.12,0.152,True,1.9827,,,,,,,,,,,,,,,,
2026-01-10,a3986d20c19f33c7c107fw,2026-01-10 12:00:00,120,True,198,73,160,2306,16.08,230.64,0.073,True,1.9853,,,,,,,,,,,,,,,,
2026-01-10,a3986d20c19f33c7c107fw,2026-01-10 12:10:00,121,True,198,76,167,2301,16.75,230.18,0.076,True,1.9881,,,,,,,,,,,,,,,,
2026-01-10,a3986d20c19f33c7c107fw,2026-01-10 12:20:00,122,True,199,154,339,2306,33.97,230.63,0.154,True,1.9938,,,,,,,,,,,,,,,,
2026-01-10,a3986d20c19f33c7c107fw,2026-01-10 12:30:00,123,True,199,154,339,2306,33.97,230.63,0.154,True,1.9995,,,,,,,,,,,,,,,,
2026-01-10,a3986d20c19f33c7c107fw,2026-01-10 12:40:00,124,True,201,468,1025,2293,102.54,229.34,0.468,True,2.0165,,,,,,,,,,,,,,,,
2026-01-10,a3986d20c19f33c7c107fw,2026-01-10 12:50:00,125,True,203,545,1192,2287,119.25,228.73,0.546,True,2.0364,,,,,,,,,,,,,,,,
2026-01-10,a3986d20c19f33c7c107fw,2026-01-10 13:00:00,126,True,205,465,1016,2288,101.63,228.86,0.465,True,2.0534,,,,,,,,,,,,,,,,
2026-01-10,a3986d20c19f33c7c107fw,2026-01-10 13:10:00,127,True,207,465,1016,2288,101.63,228.86,0.465,True,2.0703,,,,,,,,,,,,,,,,
2026-01-10,a3986d20c19f33c7c107fw,2026-01-10 13:20:00,128,True,208,301,657,2280,65.75,228.09,0.302,True,2.0813,,,,,,,,,,,,,,,,
2026-01-10,a3986d20c19f33c7c107fw,2026-01-10 13:30:00,129,True,208,227,493,2274,49.31,227.47,0.227,True,2.0895,,,,,,,,,,,,,,,,
2026-01-10,a3986d20c19f33c7c107fw,2026-01-10 13:40:00,130,True,209,72,157,2273,15.72,227.37,0.072,True,2.0921,,,,,,,,,,,,,,,,
2026-01-10,a3986d20c19f33c7c107fw,2026-01-10 13:50:00,131,True,209,72,157,2273,15.72,227.37,0.072,True,2.0947,,,,,,,,,,,,,,,,
2026-01-10,a3986d20c19f33c7c107fw,2026-01-10 14:00:00,132,True,210,303,657,2270,65.72,227.03,0.303,True,2.1057,,,,,,,,,,,,,,,,
2026-01-10,a3986d20c19f33c7c107fw,2026-01-10 14:10:00,133,True,211,316,684,2266,68.43,226.64,0.316,True,2.1171,,,,,,,,,,,,,,,,
2026-01-10,a3986d20c19f33c7c107fw,2026-01-10 14:20:00,134,True,212,316,684,2266,68.43,226.64,0.316,True,2.1285,,,,,,,,,,,,,,,,
2026-01-10,a3986d20c19f33c7c107fw,2026-01-10 14:30:00,135,True,214,392,850,2268,85.07,226.83,0.393,True,2.1427,,,,,,,,,,,,,,,,
2026-01-10,a3986d20c19f33c7c107fw,2026-01-10 14:40:00,136,True,215,388,841,2268,84.19,226.87,0.389,True,2.1567,,,,,,,,,,,,,,,,
2026-01-10,a3986d20c19f33c7c107fw,2026-01-10 14:50:00,137,True,216,308,669,2269,66.9,226.95,0.309,True,2.1678,,,,,,,,,,,,,,,,
2026-01-10,a3986d20c19f33c7c107fw,2026-01-10 15:00:00,138,True,217,302,658,2282,65.85,228.2,0.302,True,2.1788,,,,,,,,,,,,,,,,
2026-01-10,a3986d20c19f33c7c107fw,2026-01-10 15:10:00,139,True,219,381,831,2279,83.15,227.94,0.382,True,2.1927,,,,,,,,,,,,,,,,
2026-01-10,a3986d20c19f33c7c107fw,2026-01-10 15:20:00,140,True,220,385,838,2279,83.81,227.9,0.385,True,2.2066,,,,,,,,,,,,,,,,
2026-01-10,a3986d20c19f33c7c107fw,2026-01-10 15:30:00,141,True,222,383,834,2279,83.46,227.97,0.383,True,2.2206,,,,,,,,,,,,,,,,
2026-01-10,a3986d20c19f33c7c107fw,2026-01-10 15:40:00,142,True,223,378,824,2278,82.42,227.81,0.379,True,2.2343,,,,,,,,,,,,,,,,
2026-01-10,a3986d20c19f33c7c107fw,2026-01-10 15:50:00,143,True,223,157,342,2284,34.27,228.48,0.157,True,2.24,,,,,,,,,,,,,,,,
2026-01-11,a3986d20c19f33c7c107fw,2026-01-10 16:00:00,0,True,1,308,913,2284,91.31,228.4,0.308,True,0.0152,,,,,,,,,,,,,,,,
2026-01-11,a3986d20c19f33c7c107fw,2026-01-10 16:10:00,1,True,2,231,686,2284,68.69,228.45,0.232,True,0.0267,,,,,,,,,,,,,,,,
2026-01-11,a3986d20c19f33c7c107fw,2026-01-10 16:20:00,2,True,5,974,1885,2244,188.54,224.4,0.974,True,0.0581,25.41,88.0,1015.0,0,559,30058,15968,2610,0,last,False,relay,False,,,
2026-01-11,a3986d20c19f33c7c107fw,2026-01-10 16:30:00,3,True,8,974,1885,2244,188.54,224.4,0.974,True,0.0895,25.78,88.0,1015.0,0,559,30058,15968,2610,0,last,False,relay,False,,,
2026-01-11,a3986d20c19f33c7c107fw,2026-01-10 16:40:00,4,True,13,849,2518,2287,251.85,228.73,0.849,True,0.1315,,,,,,,,,,,,,,,,
2026-01-11,a3986d20c19f33c7c107fw,2026-01-10 16:50:00,5,True,16,985,1882,2260,188.27,226.0,0.985,True,0.1629,26.62,86.0,1015.0,0,559,30058,15968,2610,0,last,False,relay,False,,,
2026-01-11,a3986d20c19f33c7c107fw,2026-01-10 17:00:00,6,True,19,985,1882,2260,188.27,226.0,0.985,True,0.1942,26.86,85.0,1015.0,0,559,30058,15968,2610,0,last,False,relay,False,,,
2026-01-11,a3986d20c19f33c7c107fw,2026-01-10 17:10:00,7,True,21,457,1349,2273,134.95,227.36,0.458,True,0.2167,,,,,,,,,,,,,,,,
2026-01-11,a3986d20c19f33c7c107fw,2026-01-10 17:20:00,8,True,23,463,1375,2288,137.55,228.81,0.464,True,0.2397,,,,,,,,,,,,,,,,
2026-01-11,a3986d20c19f33c7c107fw,2026-01-10 17:30:00,9,True,26,488,1453,2295,145.4,229.59,0.488,True,0.2639,,,,,,,,,,,,,,,,
2026-01-11,a3986d20c19f33c7c107fw,2026-01-10 17:40:00,10,True,28,399,1187,2294,118.8,229.4,0.399,True,0.2837,,,,,,,,,,,,,,,,
2026-01-11,a3986d20c19f33c7c107fw,2026-01-10 17:50:00,11,True,31,980,1864,2273,186.46,227.3,0.98,True,0.3148,,,,0,559,30058,15968,2610,0,last,False,relay,False,,,
2026-01-11,a3986d20c19f33c7c107fw,2026-01-10 18:00:00,12,True,34,980,1864,2273,186.46,227.3,0.98,True,0.3458,28.15,82.0,1015.0,0,559,30058,15968,2610,0,last,False,relay,False,,,
2026-01-11,a3986d20c19f33c7c107fw,2026-01-10 18:10:00,13,True,37,614,1823,2289,182.33,228.93,0.614,True,0.3762,,,,,,,,,,,,,,,,
2026-01-11,a3986d20c19f33c7c107fw,2026-01-10 18:20:00,14,True,41,714,2119,2287,211.97,228.77,0.715,True,0.4116,,,,,,,,,,,,,,,,
2026-01-11,a3986d20c19f33c7c107fw,2026-01-10 18:30:00,15,True,44,625,1853,2286,185.37,228.65,0.625,True,0.4425,,,,,,,,,,,,,,,,
2026-01-11,a3986d20c19f33c7c107fw,2026-01-10 18:40:00,16,True,47,611,1816,2291,181.66,229.16,0.611,True,0.4727,,,,,,,,,,,,,,,,
2026-01-11,a3986d20c19f33c7c107fw,2026-01-10 18:50:00,17,True,49,543,1621,2302,162.19,230.23,0.543,True,0.4998,,,,,,,,,,,,,,,,
2026-01-11,a3986d20c19f33c7c107fw,2026-01-10 19:00:00,18,True,53,622,1858,2302,185.8,230.21,0.622,True,0.5307,,,,,,,,,,,,,,,,
2026-01-11,a3986d20c19f33c7c107fw,2026-01-10 19:10:00,19,True,55,454,1357,2305,135.75,230.52,0.454,True,0.5534,,,,,,,,,,,,,,,,
2026-01-11,a3986d20c19f33c7c107fw,2026-01-10 19:20:00,20,True,57,454,1357,2303,135.75,230.3,0.455,True,0.576,,,,,,,,,,,,,,,,
2026-01-11,a3986d20c19f33c7c107fw,2026-01-10 19:30:00,21,True,60,610,1821,2302,182.17,230.27,0.61,True,0.6063,,,,,,,,,,,,,,,,
2026-01-11,a3986d20c19f33c7c107fw,2026-01-10 19:40:00,22,True,62,451,1349,2305,134.95,230.5,0.451,True,0.6288,,,,,,,,,,,,,,,,
2026-01-11,a3986d20c19f33c7c107fw,2026-01-10 19:50:00,23,True,65,450,1345,2300,134.54,230.07,0.451,True,0.6513,,,,,,,,,,,,,,,,
2026-01-11,a3986d20c19f33c7c107fw,2026-01-10 20:00:00,24,True,67,529,1585,2307,158.53,230.74,0.53,True,0.6777,,,,,,,,,,,,,,,,
2026-01-11,a3986d20c19f33c7c107fw,2026-01-10 20:10:00,25,True,70,531,1585,2301,158.53,230.11,0.531,True,0.7041,,,,,,,,,,,,,,,,
2026-01-11,a3986d20c19f33c7c107fw,2026-01-10 20:20:00,26,True,71,151,453,2303,45.36,230.32,0.152,True,0.7117,,,,,,,,,,,,,,,,
2026-01-11,a3986d20c19f33c7c107fw,2026-01-10 20:30:00,27,True,71,158,474,2309,47.4,230.9,0.158,True,0.7196,,,,,,,,,,,,,,,,
2026-01-11,a3986d20c19f33c7c107fw,2026-01-10 20:40:00,28,True,72,152,456,2304,45.65,230.4,0.153,True,0.7272,,,,,,,,,,,,,,,,
2026-01-11,a3986d20c19f33c7c107fw,2026-01-10 20:50:00,29,True,73,231,693,2312,69.35,231.27,0.231,True,0.7387,,,,,,,,,,,,,,,,
2026-01-11,a3986d20c19f33c7c107fw,2026-01-10 21:00:00,30,True,76,539,1616,2308,161.61,230.82,0.54,True,0.7657,,,,,,,,,,,,,,,,
2026-01-11,a3986d20c19f33c7c107fw,2026-01-10 21:10:00,31,True,79,607,1810,2297,181.07,229.7,0.608,True,0.7958,,,,,,,,,,,,,,,,
2026-01-11,a3986d20c19f33c7c107fw,2026-01-10 21:20:00,32,True,82,607,1810,2300,181.07,230.05,0.607,True,0.826,,,,,,,,,,,,,,,,
2026-01-11,a3986d20c19f33c7c107fw,2026-01-10 21:30:00,33,True,84,453,1350,2296,135.09,229.67,0.454,True,0.8485,,,,,,,,,,,,,,,,
2026-01-11,a3986d20c19f33c7c107fw,2026-01-10 21:40:00,34,True,87,530,1580,2297,158.08,229.74,0.531,True,0.8749,,,,,,,,,,,,,,,,
2026-01-11,a3986d20c19f33c7c107fw,2026-01-10 21:50:00,35,True,89,309,925,2305,92.53,230.52,0.31,True,0.8903,,,,,,,,,,,,,,,,
2026-01-11,a3986d20c19f33c7c107fw,2026-01-10 22:00:00,36,True,90,231,688,2295,68.85,229.54,0.231,True,0.9018,,,,,,,,,,,,,,,,
2026-01-11,a3986d20c19f33c7c107fw,2026-01-10 22:10:00,37,True,90,155,466,2307,46.62,230.78,0.156,True,0.9096,,,,,,,,,,,,,,,,
2026-01-11,a3986d20c19f33c7c107fw,2026-01-10 22:20:00,38,True,93,448,1340,2304,134.08,230.42,0.449,True,0.9319,,,,,,,,,,,,,,,,
2026-01-11,a3986d20c19f33c7c107fw,2026-01-10 22:30:00,39,True,96,757,2260,2301,226.0,230.1,0.757,True,0.9696,,,,,,,,,,,,,,,,
2026-01-11,a3986d20c19f33c7c107fw,2026-01-10 22:40:00,40,True,99,604,1805,2301,180.52,230.18,0.605,True,0.9997,,,,,,,,,,,,,,,,
2026-01-11,a3986d20c19f33c7c107fw,2026-01-10 22:50:00,41,True,102,526,1572,2301,157.21,230.17,0.527,True,1.0259,,,,,,,,,,,,,,,,
2026-01-11,a3986d20c19f33c7c107fw,2026-01-10 23:00:00,42,True,105,523,1559,2297,155.94,229.74,0.523,True,1.0518,,,,,,,,,,,,,,,,
2026-01-11,a3986d20c19f33c7c107fw,2026-01-10 23:10:00,43,True,107,380,1134,2301,113.48,230.15,0.38,True,1.0708,,,,,,,,,,,,,,,,
2026-01-11,a3986d20c19f33c7c107fw,2026-01-10 23:20:00,44,True,107,156,468,2312,46.89,231.24,0.156,True,1.0786,,,,,,,,,,,,,,,,
2026-01-11,a3986d20c19f33c7c107fw,2026-01-10 23:30:00,45,True,108,79,237,2301,23.7,230.1,0.079,True,1.0825,,,,,,,,,,,,,,,,
2026-01-11,a3986d20c19f33c7c107fw,2026-01-10 23:40:00,46,True,109,0,593,2300,59.3,230.01,0.0,True,1.0924,,,,,,,,,,,,,,,,
2026-01-11,a3986d20c19f33c7c107fw,2026-01-10 23:50:00,47,True,110,0,593,2297,59.3,229.73,0.0,True,1.1023,,,,,,,,,,,,,,,,
2026-01-11,a3986d20c19f33c7c107fw,2026-01-11 00:00:00,48,True,111,231,687,2293,68.75,229.38,0.231,True,1.1137,,,,,,,,,,,,,,,,
2026-01-11,a3986d20c19f33c7c107fw,2026-01-11 00:10:00,49,True,114,691,2064,2302,206.47,230.29,0.691,True,1.1482,,,,,,,,,,,,,,,,
2026-01-11,a3986d20c19f33c7c107fw,2026-01-11 00:20:00,50,True,117,616,1840,2304,184.07,230.45,0.616,True,1.1788,,,,,,,,,,,,,,,,
2026-01-11,a3986d20c19f33c7c107fw,2026-01-11 00:30:00,51,True,120,539,1614,2307,161.42,230.76,0.539,True,1.2057,,,,,,,,,,,,,,,,
2026-01-11,a3986d20c19f33c7c107fw,2026-01-11 00:40:00,52,True,120,76,230,2307,23.0,230.72,0.077,True,1.2096,,,,,,,,,,,,,,,,
2026-01-11,a3986d20c19f33c7c107fw,2026-01-11 00:50:00,53,True,121,154,463,2317,46.33,231.74,0.154,True,1.2173,,,,,,,,,,,,,,,,
2026-01-11,a3986d20c19f33c7c107fw,2026-01-11 01:00:00,54,True,122,153,460,2304,46.02,230.49,0.154,True,1.225,,,,,,,,,,,,,,,,
2026-01-11,a3986d20c19f33c7c107fw,2026-01-11 01:10:00,55,True,123,147,441,2308,44.11,230.82,0.147,True,1.2323,,,,,,,,,,,,,,,,
2026-01-11,a3986d20c19f33c7c107fw,2026-01-11 01:20:00,56,True,125,452,1359,2315,135.95,231.55,0.453,True,1.255,,,,,,,,,,,,,,,,
2026-01-11,a3986d20c19f33c7c107fw,2026-01-11 01:30:00,57,True,128,606,1821,2315,182.11,231.5,0.607,True,1.2853,,,,,,,,,,,,,,,,
2026-01-11,a3986d20c19f33c7c107fw,2026-01-11 01:40:00,58,True,130,463,1384,2301,138.41,230.16,0.464,True,1.3084,,,,,,,,,,,,,,,,
2026-01-11,a3986d20c19f33c7c107fw,2026-01-11 01:50:00,59,True,132,310,927,2302,92.79,230.24,0.311,True,1.3239,,,,,,,,,,,,,,,,
2026-01-11,a3986d20c19f33c7c107fw,2026-01-11 02:00:00,60,True,133,153,455,2297,45.6,229.7,0.153,True,1.3315,,,,,,,,,,,,,,,,
2026-01-11,a3986d20c19f33c7c107fw,2026-01-11 02:10:00,61,True,134,312,928,2287,92.8,228.76,0.313,True,1.3469,,,,,,,,,,,,,,,,
2026-01-11,a3986d20c19f33c7c107fw,2026-01-11 02:20:00,62,True,135,149,444,2296,44.44,229.62,0.149,True,1.3543,,,,,,,,,,,,,,,,
2026-01-11,a3986d20c19f33c7c107fw,2026-01-11 02:30:00,63,True,138,542,1605,2282,160.53,228.26,0.542,True,1.3811,,,,,,,,,,,,,,,,
2026-01-11,a3986d20c19f33c7c107fw,2026-01-11 02:40:00,64,True,140,458,1358,2286,135.87,228.6,0.458,True,1.4037,,,,,,,,,,,,,,,,
2026-01-11,a3986d20c19f33c7c107fw,2026-01-11 02:50:00,65,True,143,536,1592,2290,159.23,229.03,0.536,True,1.4303,,,,,,,,,,,,,,,,
2026-01-11,a3986d20c19f33c7c107fw,2026-01-11 03:00:00,66,True,145,528,1569,2291,156.92,229.1,0.528,True,1.4564,,,,,,,,,,,,,,,,
2026-01-11,a3986d20c19f33c7c107fw,2026-01-11 03:10:00,67,True,148,604,1791,2286,179.15,228.66,0.604,True,1.4863,,,,,,,,,,,,,,,,
2026-01-11,a3986d20c19f33c7c107fw,2026-01-11 03:20:00,68,True,151,594,1772,2300,177.23,230.09,0.594,True,1.5158,,,,,,,,,,,,,,,,
2026-01-11,a3986d20c19f33c7c107fw,2026-01-11 03:30:00,69,True,153,288,861,2300,86.15,230.0,0.289,True,1.5302,,,,,,,,,,,,,,,,
2026-01-11,a3986d20c19f33c7c107fw,2026-01-11 03:40:00,70,True,154,287,858,2304,85.88,230.42,0.287,True,1.5445,,,,,,,,,,,,,,,,
2026-01-11,a3986d20c19f33c7c107fw,2026-01-11 03:50:00,71,False,154,0,0,2310,0.0,231.03,0.0,False,1.5445,,,,,,,,,,,,,,,,
2026-01-11,a3986d20c19f33c7c107fw,2026-01-11 04:00:00,72,True,154,75,225,2315,22.53,231.52,0.075,True,1.5482,,,,,,,,,,,,,,,,
2026-01-11,a3986d20c19f33c7c107fw,2026-01-11 04:10:00,73,True,156,333,987,2282,98.79,228.22,0.334,True,1.5647,,,,,,,,,,,,,,,,
2026-01-11,a3986d20c19f33c7c107fw,2026-01-11 04:20:00,74,True,157,229,683,2293,68.36,229.38,0.23,True,1.5761,,,,,,,,,,,,,,,,
2026-01-11,a3986d20c19f33c7c107fw,2026-01-11 04:30:00,75,True,158,231,683,2276,68.36,227.65,0.232,True,1.5875,,,,,,,,,,,,,,,,
2026-01-11,a3986d20c19f33c7c107fw,2026-01-11 04:40:00,76,True,160,306,900,2266,90.04,226.6,0.306,True,1.6025,,,,,,,,,,,,,,,,
2026-01-11,a3986d20c19f33c7c107fw,2026-01-11 04:50:00,77,True,162,403,1194,2282,119.44,228.22,0.404,True,1.6224,,,,,,,,,,,,,,,,
2026-01-11,a3986d20c19f33c7c107fw,2026-01-11 05:00:00,78,True,164,403,1194,2282,119.44,228.22,0.404,True,1.6423,,,,,,,,,,,,,,,,
2026-01-11,a3986d20c19f33c7c107fw,2026-01-11 05:10:00,79,True,166,394,1164,2278,116.48,227.8,0.394,True,1.6617,,,,,,,,,,,,,,,,
2026-01-11,a3986d20c19f33c7c107fw,2026-01-11 05:20:00,80,False,166,0,0,2279,0.0,227.93,0.0,False,1.6617,,,,,,,,,,,,,,,,
2026-01-11,a3986d20c19f33c7c107fw,2026-01-11 05:30:00,81,False,166,0,0,2279,0.0,227.93,0.0,False,1.6617,,,,,,,,,,,,,,,,
2026-01-11,a3986d20c19f33c7c107fw,2026-01-11 05:40:00,82,False,166,0,0,2295,0.0,229.57,0.0,False,1.6617,,,,,,,,,,,,,,,,
2026-01-11,a3986d20c19f33c7c107fw,2026-01-11 05:50:00,83,True,168,387,1147,2285,114.79,228.54,0.387,True,1.6809,,,,,,,,,,,,,,,,
2026-01-11,a3986d20c19f33c7c107fw,2026-01-11 06:00:00,84,True,169,318,937,2267,93.75,226.78,0.319,True,1.6965,,,,,,,,,,,,,,,,
2026-01-11,a3986d20c19f33c7c107fw,2026-01-11 06:10:00,85,True,171,320,946,2281,94.66,228.12,0.32,True,1.7123,,,,,,,,,,,,,,,,
2026-01-11,a3986d20c19f33c7c107fw,2026-01-11 06:20:00,86,True,172,318,940,2277,94.09,227.7,0.319,True,1.728,,,,,,,,,,,,,,,,
2026-01-11,a3986d20c19f33c7c107fw,2026-01-11 06:30:00,87,True,173,232,685,2275,68.57,227.54,0.232,True,1.7394,,,,,,,,,,,,,,,,
2026-01-11,a3986d20c19f33c7c107fw,2026-01-11 06:40:00,88,True,176,467,1385,2287,138.53,228.7,0.467,True,1.7625,,,,,,,,,,,,,,,,
2026-01-11,a3986d20c19f33c7c107fw,2026-01-11 06:50:00,89,True,179,613,1814,2281,181.48,228.1,0.614,True,1.7927,,,,,,,,,,,,,,,,
2026-01-11,a3986d20c19f33c7c107fw,2026-01-11 07:00:00,90,True,180,312,924,2284,92.43,228.43,0.312,True,1.8081,,,,,,,,,,,,,,,,
2026-01-11,a3986d20c19f33c7c107fw,2026-01-11 07:10:00,91,True,182,313,929,2289,92.97,228.9,0.313,True,1.8236,,,,,,,,,,,,,,,,
2026-01-11,a3986d20c19f33c7c107fw,2026-01-11 07:20:00,92,True,184,380,1121,2276,112.18,227.64,0.38,True,1.8423,,,,,,,,,,,,,,,,
2026-01-11,a3986d20c19f33c7c107fw,2026-01-11 07:30:00,93,True,185,301,891,2280,89.18,228.05,0.302,True,1.8572,,,,,,,,,,,,,,,,
2026-01-11,a3986d20c19f33c7c107fw,2026-01-11 07:40:00,94,True,187,301,892,2283,89.21,228.3,0.301,True,1.872,,,,,,,,,,,,,,,,
2026-01-11,a3986d20c19f33c7c107fw,2026-01-11 07:50:00,95,True,189,379,1123,2281,112.31,228.19,0.38,True,1.8908,,,,,,,,,,,,,,,,
2026-01-11,a3986d20c19f33c7c107fw,2026-01-11 08:00:00,96,True,190,378,1120,2284,112.05,228.49,0.378,True,1.9094,,,,,,,,,,,,,,,,
2026-01-11,a3986d20c19f33c7c107fw,2026-01-11 08:10:00,97,True,193,451,1341,2293,134.17,229.31,0.451,True,1.9318,,,,,,,,,,,,,,,,
2026-01-11,a3986d20c19f33c7c107fw,2026-01-11 08:20:00,98,True,195,376,1122,2299,112.25,229.9,0.377,True,1.9505,,,,,,,,,,,,,,,,
2026-01-11,a3986d20c19f33c7c107fw,2026-01-11 08:30:00,99,True,196,381,1138,2300,113.84,230.0,0.382,True,1.9695,,,,,,,,,,,,,,,,
2026-01-11,a3986d20c19f33c7c107fw,2026-01-11 08:40:00,100,True,198,230,689,2306,68.96,230.66,0.231,True,1.981,,,,,,,,,,,,,,,,
2026-01-11,a3986d20c19f33c7c107fw,2026-01-11 08:50:00,101,True,199,304,911,2304,91.14,230.48,0.305,True,1.9962,,,,,,,,,,,,,,,,
2026-01-11,a3986d20c19f33c7c107fw,2026-01-11 09:00:00,102,True,200,152,454,2303,45.49,230.36,0.152,True,2.0037,,,,,,,,,,,,,,,,
2026-01-11,a3986d20c19f33c7c107fw,2026-01-11 09:10:00,103,True,201,152,454,2304,45.49,230.41,0.152,True,2.0113,,,,,,,,,,,,,,,,
2026-01-11,a3986d20c19f33c7c107fw,2026-01-11 09:20:00,104,True,203,458,1373,2309,137.34,230.97,0.459,True,2.0342,,,,,,,,,,,,,,,,
2026-01-11,a3986d20c19f33c7c107fw,2026-01-11 09:30:00,105,True,204,232,693,2305,69.4,230.57,0.232,True,2.0458,,,,,,,,,,,,,,,,
2026-01-11,a3986d20c19f33c7c107fw,2026-01-11 09:40:00,106,True,205,232,693,2306,69.4,230.63,0.232,True,2.0573,,,,,,,,,,,,,,,,
2026-01-11,a3986d20c19f33c7c107fw,2026-01-11 09:50:00,107,True,208,464,1387,2303,138.75,230.35,0.465,True,2.0805,,,,,,,,,,,,,,,,
2026-01-11,a3986d20c19f33c7c107fw,2026-01-11 10:00:00,108,True,209,311,930,2307,93.1,230.7,0.311,True,2.096,,,,,,,,,,,,,,,,
2026-01-11,a3986d20c19f33c7c107fw,2026-01-11 10:10:00,109,True,210,233,696,2304,69.67,230.4,0.233,True,2.1076,,,,,,,,,,,,,,,,
2026-01-11,a3986d20c19f33c7c107fw,2026-01-11 10:20:00,110,True,211,155,464,2302,46.42,230.27,0.155,True,2.1153,,,,,,,,,,,,,,,,
2026-01-11,a3986d20c19f33c7c107fw,2026-01-11 10:30:00,111,True,212,0,593,2303,59.3,230.33,0.0,True,2.1252,,,,,,,,,,,,,,,,
2026-01-11,a3986d20c19f33c7c107fw,2026-01-11 10:40:00,112,True,212,75,224,2302,22.42,230.2,0.075,True,2.129,,,,,,,,,,,,,,,,
2026-01-11,a3986d20c19f33c7c107fw,2026-01-11 10:50:00,113,True,213,155,463,2303,46.37,230.32,0.155,True,2.1367,,,,,,,,,,,,,,,,
2026-01-11,a3986d20c19f33c7c107fw,2026-01-11 11:00:00,114,False,213,0,0,2304,0.0,230.47,0.0,False,2.1367,,,,,,,,,,,,,,,,
2026-01-11,a3986d20c19f33c7c107fw,2026-01-11 11:10:00,115,True,214,235,701,2300,70.13,230.0,0.235,True,2.1484,,,,,,,,,,,,,,,,
2026-01-11,a3986d20c19f33c7c107fw,2026-01-11 11:20:00,116,True,216,389,1163,2302,116.34,230.22,0.39,True,2.1678,,,,,,,,,,,,,,,,
2026-01-11,a3986d20c19f33c7c107fw,2026-01-11 11:30:00,117,True,218,392,1170,2301,117.1,230.13,0.392,True,2.1873,,,,,,,,,,,,,,,,
2026-01-11,a3986d20c19f33c7c107fw,2026-01-11 11:40:00,118,True,220,315,939,2298,93.98,229.84,0.315,True,2.2029,,,,,,,,,,,,,,,,
2026-01-11,a3986d20c19f33c7c107fw,2026-01-11 11:50:00,119,True,221,152,456,2311,45.69,231.12,0.152,True,2.2106,,,,,,,,,,,,,,,,
2026-01-11,a3986d20c19f33c7c107fw,2026-01-11 12:00:00,120,True,221,73,218,2306,21.83,230.64,0.073,True,2.2142,,,,,,,,,,,,,,,,
2026-01-11,a3986d20c19f33c7c107fw,2026-01-11 12:10:00,121,True,221,76,227,2301,22.74,230.18,0.076,True,2.218,,,,,,,,,,,,,,,,
2026-01-11,a3986d20c19f33c7c107fw,2026-01-11 12:20:00,122,True,222,154,461,2306,46.14,230.63,0.154,True,2.2257,,,,,,,,,,,,,,,,
2026-01-11,a3986d20c19f33c7c107fw,2026-01-11 12:30:00,123,True,223,154,461,2306,46.14,230.63,0.154,True,2.2334,,,,,,,,,,,,,,,,
2026-01-11,a3986d20c19f33c7c107fw,2026-01-11 12:40:00,124,True,225,468,1392,2293,139.24,229.34,0.468,True,2.2566,,,,,,,,,,,,,,,,
2026-01-11,a3986d20c19f33c7c107fw,2026-01-11 12:50:00,125,True,228,545,1619,2287,161.93,228.73,0.546,True,2.2836,,,,,,,,,,,,,,,,
2026-01-11,a3986d20c19f33c7c107fw,2026-01-11 13:00:00,126,True,230,465,1380,2288,138.0,228.86,0.465,True,2.3066,,,,,,,,,,,,,,,,
2026-01-11,a3986d20c19f33c7c107fw,2026-01-11 13:10:00,127,True,232,465,1380,2288,138.0,228.86,0.465,True,2.3296,,,,,,,,,,,,,,,,
2026-01-11,a3986d20c19f33c7c107fw,2026-01-11 13:20:00,128,True,234,301,892,2280,89.29,228.09,0.302,True,2.3444,,,,,,,,,,,,,,,,
2026-01-11,a3986d20c19f33c7c107fw,2026-01-11 13:30:00,129,True,235,227,669,2274,66.96,227.47,0.227,True,2.3556,,,,,,,,,,,,,,,,
2026-01-11,a3986d20c19f33c7c107fw,2026-01-11 13:40:00,130,True,235,72,213,2273,21.34,227.37,0.072,True,2.3592,,,,,,,,,,,,,,,,
2026-01-11,a3986d20c19f33c7c107fw,2026-01-11 13:50:00,131,True,236,72,213,2273,21.34,227.37,0.072,True,2.3627,,,,,,,,,,,,,,,,
2026-01-11,a3986d20c19f33c7c107fw,2026-01-11 14:00:00,132,True,237,303,892,2270,89.23,227.03,0.303,True,2.3776,,,,,,,,,,,,,,,,
2026-01-11,a3986d20c19f33c7c107fw,2026-01-11 14:10:00,133,True,239,316,929,2266,92.92,226.64,0.316,True,2.3931,,,,,,,,,,,,,,,,
2026-01-11,a3986d20c19f33c7c107fw,2026-01-11 14:20:00,134,True,240,316,929,2266,92.92,226.64,0.316,True,2.4086,,,,,,,,,,,,,,,,
2026-01-11,a3986d20c19f33c7c107fw,2026-01-11 14:30:00,135,True,242,392,1155,2268,115.52,226.83,0.393,True,2.4278,,,,,,,,,,,,,,,,
2026-01-11,a3986d20c19f33c7c107fw,2026-01-11 14:40:00,136,True,244,388,1143,2268,114.33,226.87,0.389,True,2.4469,,,,,,,,,,,,,,,,
2026-01-11,a3986d20c19f33c7c107fw,2026-01-11 14:50:00,137,True,246,308,908,2269,90.85,226.95,0.309,True,2.462,,,,,,,,,,,,,,,,
2026-01-11,a3986d20c19f33c7c107fw,2026-01-11 15:00:00,138,True,247,302,894,2282,89.42,228.2,0.302,True,2.4769,,,,,,,,,,,,,,,,
2026-01-11,a3986d20c19f33c7c107fw,2026-01-11 15:10:00,139,True,249,381,1128,2279,112.9,227.94,0.382,True,2.4957,,,,,,,,,,,,,,,,
2026-01-11,a3986d20c19f33c7c107fw,2026-01-11 15:20:00,140,True,251,385,1138,2279,113.81,227.9,0.385,True,2.5147,,,,,,,,,,,,,,,,
2026-01-11,a3986d20c19f33c7c107fw,2026-01-11 15:30:00,141,True,253,383,1133,2279,113.34,227.97,0.383,True,2.5336,,,,,,,,,,,,,,,,
2026-01-11,a3986d20c19f33c7c107fw,2026-01-11 15:40:00,142,True,255,378,1119,2278,111.92,227.81,0.379,True,2.5522,,,,,,,,,,,,,,,,
2026-01-11,a3986d20c19f33c7c107fw,2026-01-11 15:50:00,143,True,256,157,465,2284,46.53,228.48,0.157,True,2.56,,,,,,,,,,,,,,,,
2026-01-12,a3986d20c19f33c7c107fw,2026-01-11 16:00:00,0,True,1,370,859,2284,85.98,228.4,0.37,True,0.0143,,,,,,,,,,,,,,,,
2026-01-12,a3986d20c19f33c7c107fw,2026-01-11 16:10:00,1,True,2,278,646,2284,64.68,228.45,0.278,True,0.0251,,,,,,,,,,,,,,,,
2026-01-12,a3986d20c19f33c7c107fw,2026-01-11 16:20:00,2,True,5,824,1914,2282,191.48,228.22,0.825,True,0.057,,,,,,,,,,,,,,,,
2026-01-12,a3986d20c19f33c7c107fw,2026-01-11 16:30:00,3,True,7,457,1056,2271,105.67,227.19,0.457,True,0.0746,,,,,,,,,,,,,,,,
2026-01-12,a3986d20c19f33c7c107fw,2026-01-11 16:40:00,4,True,11,1019,2371,2287,237.15,228.73,1.019,True,0.1142,,,,,,,,,,,,,,,,
2026-01-12,a3986d20c19f33c7c107fw,2026-01-11 16:50:00,5,True,14,922,2141,2282,214.17,228.29,0.922,True,0.1499,,,,,,,,,,,,,,,,
2026-01-12,a3986d20c19f33c7c107fw,2026-01-11 17:00:00,6,True,18,1008,2340,2281,234.01,228.13,1.008,True,0.1889,,,,,,,,,,,,,,,,
2026-01-12,a3986d20c19f33c7c107fw,2026-01-11 17:10:00,7,True,21,549,1270,2273,127.05,227.36,0.549,True,0.21,,,,,,,,,,,,,,,,
2026-01-12,a3986d20c19f33c7c107fw,2026-01-11 17:20:00,8,True,23,556,1295,2288,129.51,228.81,0.556,True,0.2316,,,,,,,,,,,,,,,,
2026-01-12,a3986d20c19f33c7c107fw,2026-01-11 17:30:00,9,True,25,586,1369,2295,136.91,229.59,0.586,True,0.2544,,,,,,,,,,,,,,,,
2026-01-12,a3986d20c19f33c7c107fw,2026-01-11 17:40:00,10,True,27,479,1118,2294,111.87,229.4,0.479,True,0.2731,,,,,,,,,,,,,,,,
2026-01-12,a3986d20c19f33c7c107fw,2026-01-11 17:50:00,11,True,29,546,1275,2296,127.57,229.61,0.546,True,0.2943,,,,,,,,,,,,,,,,
2026-01-12,a3986d20c19f33c7c107fw,2026-01-11 18:00:00,12,True,33,1010,2347,2284,234.8,228.47,1.01,True,0.3335,,,,,,,,,,,,,,,,
2026-01-12,a3986d20c19f33c7c107fw,2026-01-11 18:10:00,13,True,36,737,1716,2289,171.69,228.93,0.737,True,0.3621,,,,,,,,,,,,,,,,
2026-01-12,a3986d20c19f33c7c107fw,2026-01-11 18:20:00,14,True,39,857,1995,2287,199.59,228.77,0.858,True,0.3954,,,,,,,,,,,,,,,,
2026-01-12,a3986d20c19f33c7c107fw,2026-01-11 18:30:00,15,True,42,750,1745,2286,174.54,228.65,0.75,True,0.4244,,,,,,,,,,,,,,,,
2026-01-12,a3986d20c19f33c7c107fw,2026-01-11 18:40:00,16,True,45,733,1710,2291,171.05,229.16,0.734,True,0.453,,,,,,,,,,,,,,,,
2026-01-12,a3986d20c19f33c7c107fw,2026-01-11 18:50:00,17,True,47,652,1527,2302,152.71,230.23,0.652,True,0.4784,,,,,,,,,,,,,,,,
2026-01-12,a3986d20c19f33c7c107fw,2026-01-11 19:00:00,18,True,50,747,1749,2302,174.94,230.21,0.747,True,0.5076,,,,,,,,,,,,,,,,
2026-01-12,a3986d20c19f33c7c107fw,2026-01-11 19:10:00,19,True,52,545,1278,2305,127.82,230.52,0.545,True,0.5289,,,,,,,,,,,,,,,,
2026-01-12,a3986d20c19f33c7c107fw,2026-01-11 19:20:00,20,True,55,545,1278,2303,127.82,230.3,0.546,True,0.5502,,,,,,,,,,,,,,,,
2026-01-12,a3986d20c19f33c7c107fw,2026-01-11 19:30:00,21,True,57,732,1715,2302,171.52,230.27,0.732,True,0.5788,,,,,,,,,,,,,,,,
2026-01-12,a3986d20c19f33c7c107fw,2026-01-11 19:40:00,22,True,59,541,1270,2305,127.05,230.5,0.542,True,0.5999,,,,,,,,,,,,,,,,
2026-01-12,a3986d20c19f33c7c107fw,2026-01-11 19:50:00,23,True,62,541,1266,2300,126.68,230.07,0.541,True,0.621,,,,,,,,,,,,,,,,
2026-01-12,a3986d20c19f33c7c107fw,2026-01-11 20:00:00,24,True,64,635,1492,2307,149.27,230.74,0.636,True,0.6459,,,,,,,,,,,,,,,,
2026-01-12,a3986d20c19f33c7c107fw,2026-01-11 20:10:00,25,True,67,637,1492,2301,149.27,230.11,0.638,True,0.6708,,,,,,,,,,,,,,,,
2026-01-12,a3986d20c19f33c7c107fw,2026-01-11 20:20:00,26,True,67,182,427,2303,42.7,230.32,0.182,True,0.6779,,,,,,,,,,,,,,,,
2026-01-12,a3986d20c19f33c7c107fw,2026-01-11 20:30:00,27,True,68,190,446,2309,44.64,230.9,0.19,True,0.6854,,,,,,,,,,,,,,,,
2026-01-12,a3986d20c19f33c7c107fw,2026-01-11 20:40:00,28,True,69,183,429,2304,42.98,230.4,0.183,True,0.6925,,,,,,,,,,,,,,,,
2026-01-12,a3986d20c19f33c7c107fw,2026-01-11 20:50:00,29,True,70,277,652,2312,65.29,231.27,0.278,True,0.7034,,,,,,,,,,,,,,,,
2026-01-12,a3986d20c19f33c7c107fw,2026-01-11 21:00:00,30,True,72,648,1521,2308,152.17,230.82,0.648,True,0.7288,,,,,,,,,,,,,,,,
2026-01-12,a3986d20c19f33c7c107fw,2026-01-11 21:10:00,31,True,75,729,1704,2297,170.5,229.7,0.73,True,0.7572,,,,,,,,,,,,,,,,
2026-01-12,a3986d20c19f33c7c107fw,2026-01-11 21:20:00,32,True,78,728,1704,2300,170.5,230.05,0.729,True,0.7856,,,,,,,,,,,,,,,,
2026-01-12,a3986d20c19f33c7c107fw,2026-01-11 21:30:00,33,True,80,544,1272,2296,127.2,229.67,0.544,True,0.8068,,,,,,,,,,,,,,,,
2026-01-12,a3986d20c19f33c7c107fw,2026-01-11 21:40:00,34,True,83,636,1488,2297,148.84,229.74,0.637,True,0.8316,,,,,,,,,,,,,,,,
2026-01-12,a3986d20c19f33c7c107fw,2026-01-11 21:50:00,35,True,84,371,871,2305,87.12,230.52,0.372,True,0.8461,,,,,,,,,,,,,,,,
2026-01-12,a3986d20c19f33c7c107fw,2026-01-11 22:00:00,36,True,85,277,648,2295,64.84,229.54,0.278,True,0.8569,,,,,,,,,,,,,,,,
2026-01-12,a3986d20c19f33c7c107fw,2026-01-11 22:10:00,37,True,86,187,439,2307,43.91,230.78,0.187,True,0.8642,,,,,,,,,,,,,,,,
2026-01-12,a3986d20c19f33c7c107fw,2026-01-11 22:20:00,38,True,88,538,1262,2304,126.24,230.42,0.539,True,0.8853,,,,,,,,,,,,,,,,
2026-01-12,a3986d20c19f33c7c107fw,2026-01-11 22:30:00,39,True,92,909,2127,2301,212.79,230.1,0.909,True,0.9208,,,,,,,,,,,,,,,,
2026-01-12,a3986d20c19f33c7c107fw,2026-01-11 22:40:00,40,True,94,726,1699,2301,169.98,230.18,0.726,True,0.9491,,,,,,,,,,,,,,,,
2026-01-12,a3986d20c19f33c7c107fw,2026-01-11 22:50:00,41,True,97,632,1480,2301,148.03,230.17,0.632,True,0.9738,,,,,,,,,,,,,,,,
2026-01-12,a3986d20c19f33c7c107fw,2026-01-11 23:00:00,42,True,99,628,1468,2297,146.82,229.74,0.628,True,0.9982,,,,,,,,,,,,,,,,
2026-01-12,a3986d20c19f33c7c107fw,2026-01-11 23:10:00,43,True,101,456,1068,2301,106.86,230.15,0.456,True,1.016,,,,,,,,,,,,,,,,
2026-01-12,a3986d20c19f33c7c107fw,2026-01-11 23:20:00,44,True,102,187,441,2312,44.14,231.24,0.188,True,1.0234,,,,,,,,,,,,,,,,
2026-01-12,a3986d20c19f33c7c107fw,2026-01-11 23:30:00,45,True,102,95,223,2301,22.31,230.1,0.095,True,1.0271,,,,,,,,,,,,,,,,
2026-01-12,a3986d20c19f33c7c107fw,2026-01-11 23:40:00,46,True,103,0,592,2300,59.27,230.01,0.0,True,1.037,,,,,,,,,,,,,,,,
2026-01-12,a3986d20c19f33c7c107fw,2026-01-11 23:50:00,47,True,104,0,592,2297,59.27,229.73,0.0,True,1.0469,,,,,,,,,,,,,,,,
2026-01-12,a3986d20c19f33c7c107fw,2026-01-12 00:00:00,48,True,105,277,647,2293,64.74,229.38,0.277,True,1.0577,,,,,,,,,,,,,,,,
2026-01-12,a3986d20c19f33c7c107fw,2026-01-12 00:10:00,49,True,109,829,1944,2302,194.41,230.29,0.83,True,1.0901,,,,,,,,,,,,,,,,
2026-01-12,a3986d20c19f33c7c107fw,2026-01-12 00:20:00,50,True,111,739,1733,2304,173.32,230.45,0.739,True,1.1189,,,,,,,,,,,,,,,,
2026-01-12,a3986d20c19f33c7c107fw,2026-01-12 00:30:00,51,True,114,647,1519,2307,152.0,230.76,0.648,True,1.1443,,,,,,,,,,,,,,,,
2026-01-12,a3986d20c19f33c7c107fw,2026-01-12 00:40:00,52,True,114,92,216,2307,21.66,230.72,0.092,True,1.1479,,,,,,,,,,,,,,,,
2026-01-12,a3986d20c19f33c7c107fw,2026-01-12 00:50:00,53,True,115,185,436,2317,43.63,231.74,0.185,True,1.1552,,,,,,,,,,,,,,,,
2026-01-12,a3986d20c19f33c7c107fw,2026-01-12 01:00:00,54,True,116,184,433,2304,43.33,230.49,0.185,True,1.1624,,,,,,,,,,,,,,,,
2026-01-12,a3986d20c19f33c7c107fw,2026-01-12 01:10:00,55,True,116,176,415,2308,41.54,230.82,0.177,True,1.1693,,,,,,,,,,,,,,,,
2026-01-12,a3986d20c19f33c7c107fw,2026-01-12 01:20:00,56,True,119,543,1280,2315,128.01,231.55,0.543,True,1.1906,,,,,,,,,,,,,,,,
2026-01-12,a3986d20c19f33c7c107fw,2026-01-12 01:30:00,57,True,121,728,1714,2315,171.47,231.5,0.728,True,1.2192,,,,,,,,,,,,,,,,
2026-01-12,a3986d20c19f33c7c107fw,2026-01-12 01:40:00,58,True,124,556,1303,2301,130.33,230.16,0.557,True,1.2409,,,,,,,,,,,,,,,,
2026-01-12,a3986d20c19f33c7c107fw,2026-01-12 01:50:00,59,True,125,373,873,2302,87.37,230.24,0.373,True,1.2555,,,,,,,,,,,,,,,,
2026-01-12,a3986d20c19f33c7c107fw,2026-01-12 02:00:00,60,True,126,183,429,2297,42.93,229.7,0.184,True,1.2627,,,,,,,,,,,,,,,,
2026-01-12,a3986d20c19f33c7c107fw,2026-01-12 02:10:00,61,True,127,375,873,2287,87.38,228.76,0.376,True,1.2772,,,,,,,,,,,,,,,,
2026-01-12,a3986d20c19f33c7c107fw,2026-01-12 02:20:00,62,True,128,179,418,2296,41.84,229.62,0.179,True,1.2842,,,,,,,,,,,,,,,,
2026-01-12,a3986d20c19f33c7c107fw,2026-01-12 02:30:00,63,True,130,650,1511,2282,151.16,228.26,0.651,True,1.3094,,,,,,,,,,,,,,,,
2026-01-12,a3986d20c19f33c7c107fw,2026-01-12 02:40:00,64,True,133,550,1279,2286,127.93,228.6,0.55,True,1.3307,,,,,,,,,,,,,,,,
2026-01-12,a3986d20c19f33c7c107fw,2026-01-12 02:50:00,65,True,135,643,1499,2290,149.93,229.03,0.644,True,1.3557,,,,,,,,,,,,,,,,
2026-01-12,a3986d20c19f33c7c107fw,2026-01-12 03:00:00,66,True,138,634,1477,2291,147.77,229.1,0.634,True,1.3803,,,,,,,,,,,,,,,,
2026-01-12,a3986d20c19f33c7c107fw,2026-01-12 03:10:00,67,True,140,725,1686,2286,168.68,228.66,0.725,True,1.4084,,,,,,,,,,,,,,,,
2026-01-12,a3986d20c19f33c7c107fw,2026-01-12 03:20:00,68,True,143,713,1668,2300,166.88,230.09,0.713,True,1.4363,,,,,,,,,,,,,,,,
2026-01-12,a3986d20c19f33c7c107fw,2026-01-12 03:30:00,69,True,144,346,811,2300,81.12,230.0,0.347,True,1.4498,,,,,,,,,,,,,,,,
2026-01-12,a3986d20c19f33c7c107fw,2026-01-12 03:40:00,70,True,146,345,808,2304,80.87,230.42,0.345,True,1.4632,,,,,,,,,,,,,,,,
2026-01-12,a3986d20c19f33c7c107fw,2026-01-12 03:50:00,71,False,146,0,0,2310,0.0,231.03,0.0,False,1.4632,,,,,,,,,,,,,,,,
2026-01-12,a3986d20c19f33c7c107fw,2026-01-12 04:00:00,72,True,146,90,212,2315,21.21,231.52,0.09,True,1.4668,,,,,,,,,,,,,,,,
2026-01-12,a3986d20c19f33c7c107fw,2026-01-12 04:10:00,73,True,148,400,930,2282,93.02,228.22,0.401,True,1.4823,,,,,,,,,,,,,,,,
2026-01-12,a3986d20c19f33c7c107fw,2026-01-12 04:20:00,74,True,149,275,643,2293,64.37,229.38,0.276,True,1.493,,,,,,,,,,,,,,,,
2026-01-12,a3986d20c19f33c7c107fw,2026-01-12 04:30:00,75,True,150,277,643,2276,64.37,227.65,0.278,True,1.5037,,,,,,,,,,,,,,,,
2026-01-12,a3986d20c19f33c7c107fw,2026-01-12 04:40:00,76,True,151,367,847,2266,84.79,226.6,0.368,True,1.5179,,,,,,,,,,,,,,,,
2026-01-12,a3986d20c19f33c7c107fw,2026-01-12 04:50:00,77,True,153,484,1124,2282,112.46,228.22,0.484,True,1.5366,,,,,,,,,,,,,,,,
2026-01-12,a3986d20c19f33c7c107fw,2026-01-12 05:00:00,78,True,155,484,1124,2282,112.46,228.22,0.484,True,1.5554,,,,,,,,,,,,,,,,
2026-01-12,a3986d20c19f33c7c107fw,2026-01-12 05:10:00,79,True,157,473,1096,2278,109.68,227.8,0.473,True,1.5736,,,,,,,,,,,,,,,,
2026-01-12,a3986d20c19f33c7c107fw,2026-01-12 05:20:00,80,False,157,0,0,2279,0.0,227.93,0.0,False,1.5736,,,,,,,,,,,,,,,,
2026-01-12,a3986d20c19f33c7c107fw,2026-01-12 05:30:00,81,False,157,0,0,2279,0.0,227.93,0.0,False,1.5736,,,,,,,,,,,,,,,,
2026-01-12,a3986d20c19f33c7c107fw,2026-01-12 05:40:00,82,False,157,0,0,2295,0.0,229.57,0.0,False,1.5736,,,,,,,,,,,,,,,,
2026-01-12,a3986d20c19f33c7c107fw,2026-01-12 05:50:00,83,True,159,464,1080,2285,108.1,228.54,0.465,True,1.5917,,,,,,,,,,,,,,,,
2026-01-12,a3986d20c19f33c7c107fw,2026-01-12 06:00:00,84,True,160,382,882,2267,88.28,226.78,0.383,True,1.6064,,,,,,,,,,,,,,,,
2026-01-12,a3986d20c19f33c7c107fw,2026-01-12 06:10:00,85,True,162,384,891,2281,89.12,228.12,0.384,True,1.6212,,,,,,,,,,,,,,,,
2026-01-12,a3986d20c19f33c7c107fw,2026-01-12 06:20:00,86,True,163,382,885,2277,88.58,227.7,0.382,True,1.636,,,,,,,,,,,,,,,,
2026-01-12,a3986d20c19f33c7c107fw,2026-01-12 06:30:00,87,True,164,278,645,2275,64.56,227.54,0.279,True,1.6467,,,,,,,,,,,,,,,,
2026-01-12,a3986d20c19f33c7c107fw,2026-01-12 06:40:00,88,True,166,560,1304,2287,130.43,228.7,0.561,True,1.6685,,,,,,,,,,,,,,,,
2026-01-12,a3986d20c19f33c7c107fw,2026-01-12 06:50:00,89,True,169,736,1708,2281,170.87,228.1,0.736,True,1.697,,,,,,,,,,,,,,,,
2026-01-12,a3986d20c19f33c7c107fw,2026-01-12 07:00:00,90,True,171,374,870,2284,87.03,228.43,0.375,True,1.7115,,,,,,,,,,,,,,,,
2026-01-12,a3986d20c19f33c7c107fw,2026-01-12 07:10:00,91,True,172,375,875,2289,87.53,228.9,0.376,True,1.7261,,,,,,,,,,,,,,,,
2026-01-12,a3986d20c19f33c7c107fw,2026-01-12 07:20:00,92,True,174,456,1056,2276,105.62,227.64,0.456,True,1.7437,,,,,,,,,,,,,,,,
2026-01-12,a3986d20c19f33c7c107fw,2026-01-12 07:30:00,93,True,175,362,839,2280,83.98,228.05,0.362,True,1.7577,,,,,,,,,,,,,,,,
2026-01-12,a3986d20c19f33c7c107fw,2026-01-12 07:40:00,94,True,177,361,839,2283,84.0,228.3,0.362,True,1.7717,,,,,,,,,,,,,,,,
2026-01-12,a3986d20c19f33c7c107fw,2026-01-12 07:50:00,95,True,178,455,1057,2281,105.76,228.19,0.456,True,1.7893,,,,,,,,,,,,,,,,
2026-01-12,a3986d20c19f33c7c107fw,2026-01-12 08:00:00,96,True,180,453,1055,2284,105.5,228.49,0.454,True,1.8069,,,,,,,,,,,,,,,,
2026-01-12,a3986d20c19f33c7c107fw,2026-01-12 08:10:00,97,True,182,541,1263,2293,126.32,229.31,0.542,True,1.8279,,,,,,,,,,,,,,,,
2026-01-12,a3986d20c19f33c7c107fw,2026-01-12 08:20:00,98,True,184,451,1056,2299,105.7,229.9,0.452,True,1.8455,,,,,,,,,,,,,,,,
2026-01-12,a3986d20c19f33c7c107fw,2026-01-12 08:30:00,99,True,186,458,1071,2300,107.18,230.0,0.458,True,1.8634,,,,,,,,,,,,,,,,
2026-01-12,a3986d20c19f33c7c107fw,2026-01-12 08:40:00,100,True,187,276,649,2306,64.93,230.66,0.277,True,1.8742,,,,,,,,,,,,,,,,
2026-01-12,a3986d20c19f33c7c107fw,2026-01-12 08:50:00,101,True,188,366,858,2304,85.82,230.48,0.366,True,1.8885,,,,,,,,,,,,,,,,
2026-01-12,a3986d20c19f33c7c107fw,2026-01-12 09:00:00,102,True,189,182,428,2303,42.82,230.36,0.183,True,1.8957,,,,,,,,,,,,,,,,
2026-01-12,a3986d20c19f33c7c107fw,2026-01-12 09:10:00,103,True,190,182,428,2304,42.82,230.41,0.183,True,1.9028,,,,,,,,,,,,,,,,
2026-01-12,a3986d20c19f33c7c107fw,2026-01-12 09:20:00,104,True,192,550,1293,2309,129.33,230.97,0.55,True,1.9244,,,,,,,,,,,,,,,,
2026-01-12,a3986d20c19f33c7c107fw,2026-01-12 09:30:00,105,True,193,278,653,2305,65.34,230.57,0.279,True,1.9352,,,,,,,,,,,,,,,,
2026-01-12,a3986d20c19f33c7c107fw,2026-01-12 09:40:00,106,True,194,278,653,2306,65.34,230.63,0.279,True,1.9461,,,,,,,,,,,,,,,,
2026-01-12,a3986d20c19f33c7c107fw,2026-01-12 09:50:00,107,True,196,557,1306,2303,130.66,230.35,0.558,True,1.9679,,,,,,,,,,,,,,,,
2026-01-12,a3986d20c19f33c7c107fw,2026-01-12 10:00:00,108,True,198,373,876,2307,87.66,230.7,0.374,True,1.9825,,,,,,,,,,,,,,,,
2026-01-12,a3986d20c19f33c7c107fw,2026-01-12 10:10:00,109,True,199,279,656,2304,65.61,230.4,0.28,True,1.9935,,,,,,,,,,,,,,,,
2026-01-12,a3986d20c19f33c7c107fw,2026-01-12 10:20:00,110,True,200,186,437,2302,43.71,230.27,0.187,True,2.0007,,,,,,,,,,,,,,,,
2026-01-12,a3986d20c19f33c7c107fw,2026-01-12 10:30:00,111,True,201,0,592,2303,59.27,230.33,0.0,True,2.0106,,,,,,,,,,,,,,,,
2026-01-12,a3986d20c19f33c7c107fw,2026-01-12 10:40:00,112,True,201,90,211,2302,21.11,230.2,0.09,True,2.0141,,,,,,,,,,,,,,,,
2026-01-12,a3986d20c19f33c7c107fw,2026-01-12 10:50:00,113,True,202,186,436,2303,43.66,230.32,0.186,True,2.0214,,,,,,,,,,,,,,,,
2026-01-12,a3986d20c19f33c7c107fw,2026-01-12 11:00:00,114,False,202,0,0,2304,0.0,230.47,0.0,False,2.0214,,,,,,,,,,,,,,,,
2026-01-12,a3986d20c19f33c7c107fw,2026-01-12 11:10:00,115,True,203,282,660,2300,66.02,230.0,0.282,True,2.0324,,,,,,,,,,,,,,,,
2026-01-12,a3986d20c19f33c7c107fw,2026-01-12 11:20:00,116,True,205,467,1095,2302,109.55,230.22,0.468,True,2.0507,,,,,,,,,,,,,,,,
2026-01-12,a3986d20c19f33c7c107fw,2026-01-12 11:30:00,117,True,206,471,1102,2301,110.26,230.13,0.471,True,2.0691,,,,,,,,,,,,,,,,
2026-01-12,a3986d20c19f33c7c107fw,2026-01-12 11:40:00,118,True,208,378,884,2298,88.49,229.84,0.379,True,2.0838,,,,,,,,,,,,,,,,
2026-01-12,a3986d20c19f33c7c107fw,2026-01-12 11:50:00,119,True,209,183,430,2311,43.03,231.12,0.183,True,2.091,,,,,,,,,,,,,,,,
2026-01-12,a3986d20c19f33c7c107fw,2026-01-12 12:00:00,120,True,209,87,205,2306,20.57,230.64,0.088,True,2.0944,,,,,,,,,,,,,,,,
2026-01-12,a3986d20c19f33c7c107fw,2026-01-12 12:10:00,121,True,209,91,214,2301,21.42,230.18,0.091,True,2.098,,,,,,,,,,,,,,,,
2026-01-12,a3986d20c19f33c7c107fw,2026-01-12 12:20:00,122,True,210,185,434,2306,43.43,230.63,0.185,True,2.1052,,,,,,,,,,,,,,,,
2026-01-12,a3986d20c19f33c7c107fw,2026-01-12 12:30:00,123,True,211,185,434,2306,43.43,230.63,0.185,True,2.1124,,,,,,,,,,,,,,,,
2026-01-12,a3986d20c19f33c7c107fw,2026-01-12 12:40:00,124,True,213,561,1311,2293,131.1,229.34,0.562,True,2.1343,,,,,,,,,,,,,,,,
2026-01-12,a3986d20c19f33c7c107fw,2026-01-12 12:50:00,125,True,215,655,1524,2287,152.47,228.73,0.655,True,2.1597,,,,,,,,,,,,,,,,
2026-01-12,a3986d20c19f33c7c107fw,2026-01-12 13:00:00,126,True,218,558,1299,2288,129.95,228.86,0.558,True,2.1814,,,,,,,,,,,,,,,,
2026-01-12,a3986d20c19f33c7c107fw,2026-01-12 13:10:00,127,True,220,558,1299,2288,129.95,228.86,0.558,True,2.203,,,,,,,,,,,,,,,,
2026-01-12,a3986d20c19f33c7c107fw,2026-01-12 13:20:00,128,True,221,362,840,2280,84.07,228.09,0.362,True,2.217,,,,,,,,,,,,,,,,
2026-01-12,a3986d20c19f33c7c107fw,2026-01-12 13:30:00,129,True,222,272,630,2274,63.06,227.47,0.273,True,2.2275,,,,,,,,,,,,,,,,
2026-01-12,a3986d20c19f33c7c107fw,2026-01-12 13:40:00,130,True,223,86,200,2273,20.09,227.37,0.087,True,2.2309,,,,,,,,,,,,,,,,
2026-01-12,a3986d20c19f33c7c107fw,2026-01-12 13:50:00,131,True,223,86,200,2273,20.09,227.37,0.087,True,2.2342,,,,,,,,,,,,,,,,
2026-01-12,a3986d20c19f33c7c107fw,2026-01-12 14:00:00,132,True,224,363,840,2270,84.03,227.03,0.364,True,2.2482,,,,,,,,,,,,,,,,
2026-01-12,a3986d20c19f33c7c107fw,2026-01-12 14:10:00,133,True,226,379,874,2266,87.49,226.64,0.379,True,2.2628,,,,,,,,,,,,,,,,
2026-01-12,a3986d20c19f33c7c107fw,2026-01-12 14:20:00,134,True,227,379,874,2266,87.49,226.64,0.379,True,2.2774,,,,,,,,,,,,,,,,
2026-01-12,a3986d20c19f33c7c107fw,2026-01-12 14:30:00,135,True,229,471,1087,2268,108.77,226.83,0.471,True,2.2955,,,,,,,,,,,,,,,,
2026-01-12,a3986d20c19f33c7c107fw,2026-01-12 14:40:00,136,True,231,466,1076,2268,107.65,226.87,0.466,True,2.3135,,,,,,,,,,,,,,,,
2026-01-12,a3986d20c19f33c7c107fw,2026-01-12 14:50:00,137,True,232,370,855,2269,85.54,226.95,0.371,True,2.3277,,,,,,,,,,,,,,,,
2026-01-12,a3986d20c19f33c7c107fw,2026-01-12 15:00:00,138,True,234,362,841,2282,84.2,228.2,0.363,True,2.3418,,,,,,,,,,,,,,,,
2026-01-12,a3986d20c19f33c7c107fw,2026-01-12 15:10:00,139,True,235,458,1063,2279,106.3,227.94,0.458,True,2.3595,,,,,,,,,,,,,,,,
2026-01-12,a3986d20c19f33c7c107fw,2026-01-12 15:20:00,140,True,237,462,1071,2279,107.16,227.9,0.462,True,2.3773,,,,,,,,,,,,,,,,
2026-01-12,a3986d20c19f33c7c107fw,2026-01-12 15:30:00,141,True,239,460,1067,2279,106.73,227.97,0.46,True,2.3951,,,,,,,,,,,,,,,,
2026-01-12,a3986d20c19f33c7c107fw,2026-01-12 15:40:00,142,True,241,454,1053,2278,105.38,227.81,0.455,True,2.4127,,,,,,,,,,,,,,,,
2026-01-12,a3986d20c19f33c7c107fw,2026-01-12 15:50:00,143,True,242,188,438,2284,43.82,228.48,0.189,True,2.42,,,,,,,,,,,,,,,,
2026-01-13,a3986d20c19f33c7c107fw,2026-01-12 16:00:00,0,True,1,368,831,2284,83.1,228.4,0.369,True,0.0139,,,,,,,,,,,,,,,,
2026-01-13,a3986d20c19f33c7c107fw,2026-01-12 16:10:00,1,True,2,277,625,2284,62.52,228.45,0.277,True,0.0243,,,,,,,,,,,,,,,,
2026-01-13,a3986d20c19f33c7c107fw,2026-01-12 16:20:00,2,True,5,821,1850,2282,185.07,228.22,0.821,True,0.0551,,,,,,,,,,,,,,,,
2026-01-13,a3986d20c19f33c7c107fw,2026-01-12 16:30:00,3,True,7,455,1021,2271,102.14,227.19,0.455,True,0.0721,,,,,,,,,,,,,,,,
2026-01-13,a3986d20c19f33c7c107fw,2026-01-12 16:40:00,4,True,11,1014,2292,2287,229.21,228.73,1.015,True,0.1103,,,,,,,,,,,,,,,,
2026-01-13,a3986d20c19f33c7c107fw,2026-01-12 16:50:00,5,True,14,918,2070,2282,207.02,228.29,0.918,True,0.1448,,,,,,,,,,,,,,,,
2026-01-13,a3986d20c19f33c7c107fw,2026-01-12 17:00:00,6,True,18,1004,2261,2281,226.18,228.13,1.004,True,0.1825,,,,,,,,,,,,,,,,
2026-01-13,a3986d20c19f33c7c107fw,2026-01-12 17:10:00,7,True,20,547,1228,2273,122.81,227.36,0.547,True,0.203,,,,,,,,,,,,,,,,
2026-01-13,a3986d20c19f33c7c107fw,2026-01-12 17:20:00,8,True,22,554,1251,2288,125.19,228.81,0.554,True,0.2239,,,,,,,,,,,,,,,,
2026-01-13,a3986d20c19f33c7c107fw,2026-01-12 17:30:00,9,True,24,583,1323,2295,132.32,229.59,0.584,True,0.2459,,,,,,,,,,,,,,,,
2026-01-13,a3986d20c19f33c7c107fw,2026-01-12 17:40:00,10,True,26,477,1081,2294,108.12,229.4,0.477,True,0.2639,,,,,,,,,,,,,,,,
2026-01-13,a3986d20c19f33c7c107fw,2026-01-12 17:50:00,11,True,28,543,1232,2296,123.29,229.61,0.544,True,0.2845,,,,,,,,,,,,,,,,
2026-01-13,a3986d20c19f33c7c107fw,2026-01-12 18:00:00,12,True,32,1006,2269,2284,226.94,228.47,1.006,True,0.3223,,,,,,,,,,,,,,,,
2026-01-13,a3986d20c19f33c7c107fw,2026-01-12 18:10:00,13,True,34,734,1659,2289,165.94,228.93,0.734,True,0.35,,,,,,,,,,,,,,,,
2026-01-13,a3986d20c19f33c7c107fw,2026-01-12 18:20:00,14,True,38,854,1929,2287,192.91,228.77,0.854,True,0.3821,,,,,,,,,,,,,,,,
2026-01-13,a3986d20c19f33c7c107fw,2026-01-12 18:30:00,15,True,41,747,1686,2286,168.7,228.65,0.747,True,0.4102,,,,,,,,,,,,,,,,
2026-01-13,a3986d20c19f33c7c107fw,2026-01-12 18:40:00,16,True,43,730,1653,2291,165.33,229.16,0.731,True,0.4378,,,,,,,,,,,,,,,,
2026-01-13,a3986d20c19f33c7c107fw,2026-01-12 18:50:00,17,True,46,649,1475,2302,147.6,230.23,0.649,True,0.4624,,,,,,,,,,,,,,,,
2026-01-13,a3986d20c19f33c7c107fw,2026-01-12 19:00:00,18,True,49,743,1690,2302,169.09,230.21,0.744,True,0.4906,,,,,,,,,,,,,,,,
2026-01-13,a3986d20c19f33c7c107fw,2026-01-12 19:10:00,19,True,51,542,1235,2305,123.55,230.52,0.543,True,0.5112,,,,,,,,,,,,,,,,
2026-01-13,a3986d20c19f33c7c107fw,2026-01-12 19:20:00,20,True,53,543,1235,2303,123.55,230.3,0.543,True,0.5318,,,,,,,,,,,,,,,,
2026-01-13,a3986d20c19f33c7c107fw,2026-01-12 19:30:00,21,True,55,729,1657,2302,165.78,230.27,0.729,True,0.5594,,,,,,,,,,,,,,,,
2026-01-13,a3986d20c19f33c7c107fw,2026-01-12 19:40:00,22,True,57,539,1228,2305,122.81,230.5,0.54,True,0.5799,,,,,,,,,,,,,,,,
2026-01-13,a3986d20c19f33c7c107fw,2026-01-12 19:50:00,23,True,60,538,1224,2300,122.44,230.07,0.539,True,0.6003,,,,,,,,,,,,,,,,
2026-01-13,a3986d20c19f33c7c107fw,2026-01-12 20:00:00,24,True,62,633,1442,2307,144.27,230.74,0.633,True,0.6243,,,,,,,,,,,,,,,,
2026-01-13,a3986d20c19f33c7c107fw,2026-01-12 20:10:00,25,True,64,635,1442,2301,144.27,230.11,0.635,True,0.6484,,,,,,,,,,,,,,,,
2026-01-13,a3986d20c19f33c7c107fw,2026-01-12 20:20:00,26,True,65,181,412,2303,41.28,230.32,0.182,True,0.6552,,,,,,,,,,,,,,,,
2026-01-13,a3986d20c19f33c7c107fw,2026-01-12 20:30:00,27,True,66,189,431,2309,43.14,230.9,0.189,True,0.6624,,,,,,,,,,,,,,,,
2026-01-13,a3986d20c19f33c7c107fw,2026-01-12 20:40:00,28,True,66,182,415,2304,41.54,230.4,0.183,True,0.6693,,,,,,,,,,,,,,,,
2026-01-13,a3986d20c19f33c7c107fw,2026-01-12 20:50:00,29,True,67,276,631,2312,63.11,231.27,0.276,True,0.6799,,,,,,,,,,,,,,,,
2026-01-13,a3986d20c19f33c7c107fw,2026-01-12 21:00:00,30,True,70,645,1470,2308,147.07,230.82,0.645,True,0.7044,,,,,,,,,,,,,,,,
2026-01-13,a3986d20c19f33c7c107fw,2026-01-12 21:10:00,31,True,73,726,1647,2297,164.79,229.7,0.727,True,0.7318,,,,,,,,,,,,,,,,
2026-01-13,a3986d20c19f33c7c107fw,2026-01-12 21:20:00,32,True,75,725,1647,2300,164.79,230.05,0.726,True,0.7593,,,,,,,,,,,,,,,,
2026-01-13,a3986d20c19f33c7c107fw,2026-01-12 21:30:00,33,True,77,542,1229,2296,122.93,229.67,0.542,True,0.7798,,,,,,,,,,,,,,,,
2026-01-13,a3986d20c19f33c7c107fw,2026-01-12 21:40:00,34,True,80,634,1438,2297,143.87,229.74,0.634,True,0.8038,,,,,,,,,,,,,,,,
2026-01-13,a3986d20c19f33c7c107fw,2026-01-12 21:50:00,35,True,81,369,842,2305,84.2,230.52,0.37,True,0.8178,,,,,,,,,,,,,,,,
2026-01-13,a3986d20c19f33c7c107fw,2026-01-12 22:00:00,36,True,82,276,626,2295,62.67,229.54,0.276,True,0.8283,,,,,,,,,,,,,,,,
2026-01-13,a3986d20c19f33c7c107fw,2026-01-12 22:10:00,37,True,83,186,424,2307,42.43,230.78,0.186,True,0.8353,,,,,,,,,,,,,,,,
2026-01-13,a3986d20c19f33c7c107fw,2026-01-12 22:20:00,38,True,85,536,1220,2304,122.02,230.42,0.536,True,0.8557,,,,,,,,,,,,,,,,
2026-01-13,a3986d20c19f33c7c107fw,2026-01-12 22:30:00,39,True,88,905,2056,2301,205.67,230.1,0.905,True,0.8899,,,,,,,,,,,,,,,,
2026-01-13,a3986d20c19f33c7c107fw,2026-01-12 22:40:00,40,True,91,722,1642,2301,164.29,230.18,0.723,True,0.9173,,,,,,,,,,,,,,,,
2026-01-13,a3986d20c19f33c7c107fw,2026-01-12 22:50:00,41,True,94,629,1430,2301,143.08,230.17,0.63,True,0.9412,,,,,,,,,,,,,,,,
2026-01-13,a3986d20c19f33c7c107fw,2026-01-12 23:00:00,42,True,96,625,1419,2297,141.91,229.74,0.626,True,0.9648,,,,,,,,,,,,,,,,
2026-01-13,a3986d20c19f33c7c107fw,2026-01-12 23:10:00,43,True,98,454,1032,2301,103.29,230.15,0.455,True,0.982,,,,,,,,,,,,,,,,
2026-01-13,a3986d20c19f33c7c107fw,2026-01-12 23:20:00,44,True,98,186,426,2312,42.66,231.24,0.187,True,0.9891,,,,,,,,,,,,,,,,
2026-01-13,a3986d20c19f33c7c107fw,2026-01-12 23:30:00,45,True,99,94,215,2301,21.57,230.1,0.095,True,0.9927,,,,,,,,,,,,,,,,
2026-01-13,a3986d20c19f33c7c107fw,2026-01-12 23:40:00,46,True,100,0,592,2300,59.24,230.01,0.0,True,1.0026,,,,,,,,,,,,,,,,
2026-01-13,a3986d20c19f33c7c107fw,2026-01-12 23:50:00,47,True,101,0,592,2297,59.24,229.73,0.0,True,1.0125,,,,,,,,,,,,,,,,
2026-01-13,a3986d20c19f33c7c107fw,2026-01-13 00:00:00,48,True,102,276,625,2293,62.57,229.38,0.276,True,1.0229,,,,,,,,,,,,,,,,
2026-01-13,a3986d20c19f33c7c107fw,2026-01-13 00:10:00,49,True,105,826,1879,2302,187.91,230.29,0.826,True,1.0542,,,,,,,,,,,,,,,,
2026-01-13,a3986d20c19f33c7c107fw,2026-01-13 00:20:00,50,True,108,736,1675,2304,167.52,230.45,0.736,True,1.0822,,,,,,,,,,,,,,,,
2026-01-13,a3986d20c19f33c7c107fw,2026-01-13 00:30:00,51,True,110,644,1469,2307,146.91,230.76,0.645,True,1.1066,,,,,,,,,,,,,,,,
2026-01-13,a3986d20c19f33c7c107fw,2026-01-13 00:40:00,52,True,111,91,209,2307,20.94,230.72,0.092,True,1.1101,,,,,,,,,,,,,,,,
2026-01-13,a3986d20c19f33c7c107fw,2026-01-13 00:50:00,53,True,111,184,421,2317,42.17,231.74,0.184,True,1.1172,,,,,,,,,,,,,,,,
2026-01-13,a3986d20c19f33c7c107fw,2026-01-13 01:00:00,54,True,112,184,418,2304,41.88,230.49,0.184,True,1.1241,,,,,,,,,,,,,,,,
2026-01-13,a3986d20c19f33c7c107fw,2026-01-13 01:10:00,55,True,113,176,401,2308,40.15,230.82,0.176,True,1.1308,,,,,,,,,,,,,,,,
2026-01-13,a3986d20c19f33c7c107fw,2026-01-13 01:20:00,56,True,115,541,1237,2315,123.72,231.55,0.541,True,1.1514,,,,,,,,,,,,,,,,
2026-01-13,a3986d20c19f33c7c107fw,2026-01-13 01:30:00,57,True,117,725,1657,2315,165.74,231.5,0.725,True,1.1791,,,,,,,,,,,,,,,,
2026-01-13,a3986d20c19f33c7c107fw,2026-01-13 01:40:00,58,True,120,554,1259,2301,125.97,230.16,0.554,True,1.2001,,,,,,,,,,,,,,,,
2026-01-13,a3986d20c19f33c7c107fw,2026-01-13 01:50:00,59,True,121,371,844,2302,84.44,230.24,0.371,True,1.2141,,,,,,,,,,,,,,,,
2026-01-13,a3986d20c19f33c7c107fw,2026-01-13 02:00:00,60,True,122,182,414,2297,41.49,229.7,0.183,True,1.2211,,,,,,,,,,,,,,,,
2026-01-13,a3986d20c19f33c7c107fw,2026-01-13 02:10:00,61,True,123,373,844,2287,84.46,228.76,0.374,True,1.2351,,,,,,,,,,,,,,,,
2026-01-13,a3986d20c19f33c7c107fw,2026-01-13 02:20:00,62,True,124,178,404,2296,40.44,229.62,0.178,True,1.2419,,,,,,,,,,,,,,,,
2026-01-13,a3986d20c19f33c7c107fw,2026-01-13 02:30:00,63,True,126,648,1460,2282,146.1,228.26,0.648,True,1.2662,,,,,,,,,,,,,,,,
2026-01-13,a3986d20c19f33c7c107fw,2026-01-13 02:40:00,64,True,128,547,1236,2286,123.64,228.6,0.548,True,1.2868,,,,,,,,,,,,,,,,
2026-01-13,a3986d20c19f33c7c107fw,2026-01-13 02:50:00,65,True,131,640,1449,2290,144.91,229.03,0.641,True,1.311,,,,,,,,,,,,,,,,
2026-01-13,a3986d20c19f33c7c107fw,2026-01-13 03:00:00,66,True,133,631,1428,2291,142.82,229.1,0.631,True,1.3348,,,,,,,,,,,,,,,,
2026-01-13,a3986d20c19f33c7c107fw,2026-01-13 03:10:00,67,True,136,722,1630,2286,163.03,228.66,0.722,True,1.362,,,,,,,,,,,,,,,,
2026-01-13,a3986d20c19f33c7c107fw,2026-01-13 03:20:00,68,True,138,709,1612,2300,161.29,230.09,0.71,True,1.3888,,,,,,,,,,,,,,,,
2026-01-13,a3986d20c19f33c7c107fw,2026-01-13 03:30:00,69,True,140,345,784,2300,78.41,230.0,0.345,True,1.4019,,,,,,,,,,,,,,,,
2026-01-13,a3986d20c19f33c7c107fw,2026-01-13 03:40:00,70,True,141,343,781,2304,78.16,230.42,0.344,True,1.4149,,,,,,,,,,,,,,,,
2026-01-13,a3986d20c19f33c7c107fw,2026-01-13 03:50:00,71,False,141,0,0,2310,0.0,231.03,0.0,False,1.4149,,,,,,,,,,,,,,,,
2026-01-13,a3986d20c19f33c7c107fw,2026-01-13 04:00:00,72,True,141,89,204,2315,20.5,231.52,0.09,True,1.4183,,,,,,,,,,,,,,,,
2026-01-13,a3986d20c19f33c7c107fw,2026-01-13 04:10:00,73,True,143,399,899,2282,89.91,228.22,0.399,True,1.4333,,,,,,,,,,,,,,,,
2026-01-13,a3986d20c19f33c7c107fw,2026-01-13 04:20:00,74,True,144,274,622,2293,62.21,229.38,0.275,True,1.4437,,,,,,,,,,,,,,,,
2026-01-13,a3986d20c19f33c7c107fw,2026-01-13 04:30:00,75,True,145,276,622,2276,62.21,227.65,0.277,True,1.4541,,,,,,,,,,,,,,,,
2026-01-13,a3986d20c19f33c7c107fw,2026-01-13 04:40:00,76,True,146,366,819,2266,81.95,226.6,0.366,True,1.4677,,,,,,,,,,,,,,,,
2026-01-13,a3986d20c19f33c7c107fw,2026-01-13 04:50:00,77,True,148,482,1086,2282,108.7,228.22,0.482,True,1.4858,,,,,,,,,,,,,,,,
2026-01-13,a3986d20c19f33c7c107fw,2026-01-13 05:00:00,78,True,150,482,1086,2282,108.7,228.22,0.482,True,1.504,,,,,,,,,,,,,,,,
2026-01-13,a3986d20c19f33c7c107fw,2026-01-13 05:10:00,79,True,152,471,1060,2278,106.01,227.8,0.471,True,1.5216,,,,,,,,,,,,,,,,
2026-01-13,a3986d20c19f33c7c107fw,2026-01-13 05:20:00,80,False,152,0,0,2279,0.0,227.93,0.0,False,1.5216,,,,,,,,,,,,,,,,
2026-01-13,a3986d20c19f33c7c107fw,2026-01-13 05:30:00,81,False,152,0,0,2279,0.0,227.93,0.0,False,1.5216,,,,,,,,,,,,,,,,
2026-01-13,a3986d20c19f33c7c107fw,2026-01-13 05:40:00,82,False,152,0,0,2295,0.0,229.57,0.0,False,1.5216,,,,,,,,,,,,,,,,
2026-01-13,a3986d20c19f33c7c107fw,2026-01-13 05:50:00,83,True,153,463,1044,2285,104.48,228.54,0.463,True,1.539,,,,,,,,,,,,,,,,
2026-01-13,a3986d20c19f33c7c107fw,2026-01-13 06:00:00,84,True,155,381,853,2267,85.32,226.78,0.381,True,1.5533,,,,,,,,,,,,,,,,
2026-01-13,a3986d20c19f33c7c107fw,2026-01-13 06:10:00,85,True,156,382,861,2281,86.15,228.12,0.382,True,1.5676,,,,,,,,,,,,,,,,
2026-01-13,a3986d20c19f33c7c107fw,2026-01-13 06:20:00,86,True,158,380,856,2277,85.62,227.7,0.381,True,1.5819,,,,,,,,,,,,,,,,
2026-01-13,a3986d20c19f33c7c107fw,2026-01-13 06:30:00,87,True,159,277,624,2275,62.4,227.54,0.278,True,1.5923,,,,,,,,,,,,,,,,
2026-01-13,a3986d20c19f33c7c107fw,2026-01-13 06:40:00,88,True,161,558,1260,2287,126.07,228.7,0.558,True,1.6133,,,,,,,,,,,,,,,,
2026-01-13,a3986d20c19f33c7c107fw,2026-01-13 06:50:00,89,True,164,733,1651,2281,165.16,228.1,0.733,True,1.6408,,,,,,,,,,,,,,,,
2026-01-13,a3986d20c19f33c7c107fw,2026-01-13 07:00:00,90,True,165,372,841,2284,84.11,228.43,0.373,True,1.6548,,,,,,,,,,,,,,,,
2026-01-13,a3986d20c19f33c7c107fw,2026-01-13 07:10:00,91,True,166,374,846,2289,84.62,228.9,0.374,True,1.6689,,,,,,,,,,,,,,,,
2026-01-13,a3986d20c19f33c7c107fw,2026-01-13 07:20:00,92,True,168,454,1020,2276,102.09,227.64,0.454,True,1.686,,,,,,,,,,,,,,,,
2026-01-13,a3986d20c19f33c7c107fw,2026-01-13 07:30:00,93,True,169,360,811,2280,81.16,228.05,0.36,True,1.6995,,,,,,,,,,,,,,,,
2026-01-13,a3986d20c19f33c7c107fw,2026-01-13 07:40:00,94,True,171,360,811,2283,81.19,228.3,0.36,True,1.713,,,,,,,,,,,,,,,,
2026-01-13,a3986d20c19f33c7c107fw,2026-01-13 07:50:00,95,True,173,453,1022,2281,102.22,228.19,0.454,True,1.7301,,,,,,,,,,,,,,,,
2026-01-13,a3986d20c19f33c7c107fw,2026-01-13 08:00:00,96,True,174,452,1019,2284,101.97,228.49,0.452,True,1.7471,,,,,,,,,,,,,,,,
2026-01-13,a3986d20c19f33c7c107fw,2026-01-13 08:10:00,97,True,176,539,1220,2293,122.09,229.31,0.539,True,1.7674,,,,,,,,,,,,,,,,
2026-01-13,a3986d20c19f33c7c107fw,2026-01-13 08:20:00,98,True,178,450,1021,2299,102.16,229.9,0.45,True,1.7844,,,,,,,,,,,,,,,,
2026-01-13,a3986d20c19f33c7c107fw,2026-01-13 08:30:00,99,True,180,456,1036,2300,103.6,230.0,0.456,True,1.8017,,,,,,,,,,,,,,,,
2026-01-13,a3986d20c19f33c7c107fw,2026-01-13 08:40:00,100,True,181,275,627,2306,62.76,230.66,0.276,True,1.8122,,,,,,,,,,,,,,,,
2026-01-13,a3986d20c19f33c7c107fw,2026-01-13 08:50:00,101,True,182,364,829,2304,82.95,230.48,0.365,True,1.826,,,,,,,,,,,,,,,,
2026-01-13,a3986d20c19f33c7c107fw,2026-01-13 09:00:00,102,True,183,182,413,2303,41.4,230.36,0.182,True,1.8329,,,,,,,,,,,,,,,,
2026-01-13,a3986d20c19f33c7c107fw,2026-01-13 09:10:00,103,True,183,181,413,2304,41.4,230.41,0.182,True,1.8398,,,,,,,,,,,,,,,,
2026-01-13,a3986d20c19f33c7c107fw,2026-01-13 09:20:00,104,True,186,548,1249,2309,125.0,230.97,0.548,True,1.8606,,,,,,,,,,,,,,,,
2026-01-13,a3986d20c19f33c7c107fw,2026-01-13 09:30:00,105,True,187,277,631,2305,63.16,230.57,0.277,True,1.8711,,,,,,,,,,,,,,,,
2026-01-13,a3986d20c19f33c7c107fw,2026-01-13 09:40:00,106,True,188,277,631,2306,63.16,230.63,0.277,True,1.8817,,,,,,,,,,,,,,,,
2026-01-13,a3986d20c19f33c7c107fw,2026-01-13 09:50:00,107,True,190,555,1262,2303,126.28,230.35,0.555,True,1.9027,,,,,,,,,,,,,,,,
2026-01-13,a3986d20c19f33c7c107fw,2026-01-13 10:00:00,108,True,191,371,847,2307,84.73,230.7,0.372,True,1.9168,,,,,,,,,,,,,,,,
2026-01-13,a3986d20c19f33c7c107fw,2026-01-13 10:10:00,109,True,192,278,634,2304,63.41,230.4,0.279,True,1.9274,,,,,,,,,,,,,,,,
2026-01-13,a3986d20c19f33c7c107fw,2026-01-13 10:20:00,110,True,193,185,422,2302,42.25,230.27,0.186,True,1.9344,,,,,,,,,,,,,,,,
2026-01-13,a3986d20c19f33c7c107fw,2026-01-13 10:30:00,111,True,194,0,592,2303,59.24,230.33,0.0,True,1.9443,,,,,,,,,,,,,,,,
2026-01-13,a3986d20c19f33c7c107fw,2026-01-13 10:40:00,112,True,194,89,203,2302,20.4,230.2,0.09,True,1.9477,,,,,,,,,,,,,,,,
2026-01-13,a3986d20c19f33c7c107fw,2026-01-13 10:50:00,113,True,195,185,421,2303,42.2,230.32,0.186,True,1.9548,,,,,,,,,,,,,,,,
2026-01-13,a3986d20c19f33c7c107fw,2026-01-13 11:00:00,114,False,195,0,0,2304,0.0,230.47,0.0,False,1.9548,,,,,,,,,,,,,,,,
2026-01-13,a3986d20c19f33c7c107fw,2026-01-13 11:10:00,115,True,196,281,638,2300,63.81,230.0,0.281,True,1.9654,,,,,,,,,,,,,,,,
2026-01-13,a3986d20c19f33c7c107fw,2026-01-13 11:20:00,116,True,198,465,1058,2302,105.88,230.22,0.466,True,1.983,,,,,,,,,,,,,,,,
2026-01-13,a3986d20c19f33c7c107fw,2026-01-13 11:30:00,117,True,200,469,1065,2301,106.57,230.13,0.469,True,2.0008,,,,,,,,,,,,,,,,
2026-01-13,a3986d20c19f33c7c107fw,2026-01-13 11:40:00,118,True,201,376,855,2298,85.53,229.84,0.377,True,2.0151,,,,,,,,,,,,,,,,
2026-01-13,a3986d20c19f33c7c107fw,2026-01-13 11:50:00,119,True,202,182,415,2311,41.59,231.12,0.182,True,2.022,,,,,,,,,,,,,,,,
2026-01-13,a3986d20c19f33c7c107fw,2026-01-13 12:00:00,120,True,202,87,198,2306,19.88,230.64,0.087,True,2.0253,,,,,,,,,,,,,,,,
2026-01-13,a3986d20c19f33c7c107fw,2026-01-13 12:10:00,121,True,202,91,207,2301,20.7,230.18,0.091,True,2.0287,,,,,,,,,,,,,,,,
2026-01-13,a3986d20c19f33c7c107fw,2026-01-13 12:20:00,122,True,203,184,419,2306,41.98,230.63,0.184,True,2.0357,,,,,,,,,,,,,,,,
2026-01-13,a3986d20c19f33c7c107fw,2026-01-13 12:30:00,123,True,204,184,419,2306,41.98,230.63,0.184,True,2.0427,,,,,,,,,,,,,,,,
2026-01-13,a3986d20c19f33c7c107fw,2026-01-13 12:40:00,124,True,206,559,1267,2293,126.72,229.34,0.56,True,2.0639,,,,,,,,,,,,,,,,
2026-01-13,a3986d20c19f33c7c107fw,2026-01-13 12:50:00,125,True,208,652,1473,2287,147.37,228.73,0.653,True,2.0884,,,,,,,,,,,,,,,,
2026-01-13,a3986d20c19f33c7c107fw,2026-01-13 13:00:00,126,True,210,555,1255,2288,125.6,228.86,0.556,True,2.1094,,,,,,,,,,,,,,,,
2026-01-13,a3986d20c19f33c7c107fw,2026-01-13 13:10:00,127,True,213,555,1255,2288,125.6,228.86,0.556,True,2.1303,,,,,,,,,,,,,,,,
2026-01-13,a3986d20c19f33c7c107fw,2026-01-13 13:20:00,128,True,214,360,812,2280,81.26,228.09,0.361,True,2.1438,,,,,,,,,,,,,,,,
2026-01-13,a3986d20c19f33c7c107fw,2026-01-13 13:30:00,129,True,215,271,609,2274,60.95,227.47,0.271,True,2.154,,,,,,,,,,,,,,,,
2026-01-13,a3986d20c19f33c7c107fw,2026-01-13 13:40:00,130,True,215,86,194,2273,19.42,227.37,0.087,True,2.1572,,,,,,,,,,,,,,,,
2026-01-13,a3986d20c19f33c7c107fw,2026-01-13 13:50:00,131,True,216,86,194,2273,19.42,227.37,0.087,True,2.1605,,,,,,,,,,,,,,,,
2026-01-13,a3986d20c19f33c7c107fw,2026-01-13 14:00:00,132,True,217,362,812,2270,81.22,227.03,0.362,True,2.174,,,,,,,,,,,,,,,,
2026-01-13,a3986d20c19f33c7c107fw,2026-01-13 14:10:00,133,True,218,377,845,2266,84.56,226.64,0.378,True,2.1881,,,,,,,,,,,,,,,,
2026-01-13,a3986d20c19f33c7c107fw,2026-01-13 14:20:00,134,True,220,377,845,2266,84.56,226.64,0.378,True,2.2022,,,,,,,,,,,,,,,,
2026-01-13,a3986d20c19f33c7c107fw,2026-01-13 14:30:00,135,True,221,469,1051,2268,105.13,226.83,0.469,True,2.2197,,,,,,,,,,,,,,,,
2026-01-13,a3986d20c19f33c7c107fw,2026-01-13 14:40:00,136,True,223,464,1040,2268,104.05,226.87,0.464,True,2.237,,,,,,,,,,,,,,,,
2026-01-13,a3986d20c19f33c7c107fw,2026-01-13 14:50:00,137,True,225,368,826,2269,82.67,226.95,0.369,True,2.2508,,,,,,,,,,,,,,,,
2026-01-13,a3986d20c19f33c7c107fw,2026-01-13 15:00:00,138,True,226,361,813,2282,81.38,228.2,0.361,True,2.2644,,,,,,,,,,,,,,,,
2026-01-13,a3986d20c19f33c7c107fw,2026-01-13 15:10:00,139,True,228,456,1027,2279,102.74,227.94,0.457,True,2.2815,,,,,,,,,,,,,,,,
2026-01-13,a3986d20c19f33c7c107fw,2026-01-13 15:20:00,140,True,229,460,1035,2279,103.57,227.9,0.46,True,2.2988,,,,,,,,,,,,,,,,
2026-01-13,a3986d20c19f33c7c107fw,2026-01-13 15:30:00,141,True,231,458,1031,2279,103.15,227.97,0.458,True,2.316,,,,,,,,,,,,,,,,
2026-01-13,a3986d20c19f33c7c107fw,2026-01-13 15:40:00,142,True,233,452,1018,2278,101.85,227.81,0.453,True,2.3329,,,,,,,,,,,,,,,,
2026-01-13,a3986d20c19f33c7c107fw,2026-01-13 15:50:00,143,True,234,187,423,2284,42.35,228.48,0.188,True,2.34,,,,,,,,,,,,,,,,
2026-01-14,a3986d20c19f33c7c107fw,2026-01-13 16:00:00,0,True,1,354,798,2284,79.87,228.4,0.354,True,0.0133,,,,,,,,,,,,,,,,
2026-01-14,a3986d20c19f33c7c107fw,2026-01-13 16:10:00,1,True,2,266,600,2284,60.08,228.45,0.267,True,0.0233,,,,,,,,,,,,,,,,
2026-01-14,a3986d20c19f33c7c107fw,2026-01-13 16:20:00,2,True,5,789,1778,2282,177.86,228.22,0.79,True,0.053,,,,,,,,,,,,,,,,
2026-01-14,a3986d20c19f33c7c107fw,2026-01-13 16:30:00,3,True,6,437,981,2271,98.16,227.19,0.438,True,0.0693,,,,,,,,,,,,,,,,
2026-01-14,a3986d20c19f33c7c107fw,2026-01-13 16:40:00,4,True,10,975,2202,2287,220.28,228.73,0.976,True,0.106,,,,,,,,,,,,,,,,
2026-01-14,a3986d20c19f33c7c107fw,2026-01-13 16:50:00,5,True,13,883,1989,2282,198.95,228.29,0.883,True,0.1392,,,,,,,,,,,,,,,,
2026-01-14,a3986d20c19f33c7c107fw,2026-01-13 17:00:00,6,True,17,965,2173,2281,217.37,228.13,0.966,True,0.1754,,,,,,,,,,,,,,,,
2026-01-14,a3986d20c19f33c7c107fw,2026-01-13 17:10:00,7,True,19,526,1180,2273,118.03,227.36,0.526,True,0.1951,,,,,,,,,,,,,,,,
2026-01-14,a3986d20c19f33c7c107fw,2026-01-13 17:20:00,8,True,21,532,1203,2288,120.31,228.81,0.533,True,0.2151,,,,,,,,,,,,,,,,
2026-01-14,a3986d20c19f33c7c107fw,2026-01-13 17:30:00,9,True,23,561,1271,2295,127.17,229.59,0.561,True,0.2363,,,,,,,,,,,,,,,,
2026-01-14,a3986d20c19f33c7c107fw,2026-01-13 17:40:00,10,True,25,459,1039,2294,103.91,229.4,0.459,True,0.2537,,,,,,,,,,,,,,,,
2026-01-14,a3986d20c19f33c7c107fw,2026-01-13 17:50:00,11,True,27,522,1184,2296,118.49,229.61,0.523,True,0.2734,,,,,,,,,,,,,,,,
2026-01-14,a3986d20c19f33c7c107fw,2026-01-13 18:00:00,12,True,30,967,2181,2284,218.1,228.47,0.967,True,0.3098,,,,,,,,,,,,,,,,
2026-01-14,a3986d20c19f33c7c107fw,2026-01-13 18:10:00,13,True,33,705,1594,2289,159.48,228.93,0.706,True,0.3363,,,,,,,,,,,,,,,,
2026-01-14,a3986d20c19f33c7c107fw,2026-01-13 18:20:00,14,True,36,821,1853,2287,185.39,228.77,0.821,True,0.3672,,,,,,,,,,,,,,,,
2026-01-14,a3986d20c19f33c7c107fw,2026-01-13 18:30:00,15,True,39,718,1621,2286,162.13,228.65,0.719,True,0.3943,,,,,,,,,,,,,,,,
2026-01-14,a3986d20c19f33c7c107fw,2026-01-13 18:40:00,16,True,42,702,1588,2291,158.89,229.16,0.703,True,0.4207,,,,,,,,,,,,,,,,
2026-01-14,a3986d20c19f33c7c107fw,2026-01-13 18:50:00,17,True,44,624,1418,2302,141.85,230.23,0.624,True,0.4444,,,,,,,,,,,,,,,,
2026-01-14,a3986d20c19f33c7c107fw,2026-01-13 19:00:00,18,True,47,715,1625,2302,162.5,230.21,0.715,True,0.4715,,,,,,,,,,,,,,,,
2026-01-14,a3986d20c19f33c7c107fw,2026-01-13 19:10:00,19,True,49,521,1187,2305,118.73,230.52,0.522,True,0.4913,,,,,,,,,,,,,,,,
2026-01-14,a3986d20c19f33c7c107fw,2026-01-13 19:20:00,20,True,51,522,1187,2303,118.73,230.3,0.522,True,0.511,,,,,,,,,,,,,,,,
2026-01-14,a3986d20c19f33c7c107fw,2026-01-13 19:30:00,21,True,53,701,1593,2302,159.34,230.27,0.701,True,0.5376,,,,,,,,,,,,,,,,
2026-01-14,a3986d20c19f33c7c107fw,2026-01-13 19:40:00,22,True,55,518,1180,2305,118.03,230.5,0.519,True,0.5573,,,,,,,,,,,,,,,,
2026-01-14,a3986d20c19f33c7c107fw,2026-01-13 19:50:00,23,True,57,518,1176,2300,117.67,230.07,0.518,True,0.5769,,,,,,,,,,,,,,,,
2026-01-14,a3986d20c19f33c7c107fw,2026-01-13 20:00:00,24,True,59,608,1386,2307,138.65,230.74,0.609,True,0.6,,,,,,,,,,,,,,,,
2026-01-14,a3986d20c19f33c7c107fw,2026-01-13 20:10:00,25,True,62,610,1386,2301,138.65,230.11,0.611,True,0.6231,,,,,,,,,,,,,,,,
2026-01-14,a3986d20c19f33c7c107fw,2026-01-13 20:20:00,26,True,62,174,396,2303,39.67,230.32,0.175,True,0.6297,,,,,,,,,,,,,,,,
2026-01-14,a3986d20c19f33c7c107fw,2026-01-13 20:30:00,27,True,63,181,414,2309,41.46,230.9,0.182,True,0.6366,,,,,,,,,,,,,,,,
2026-01-14,a3986d20c19f33c7c107fw,2026-01-13 20:40:00,28,True,64,175,399,2304,39.92,230.4,0.176,True,0.6433,,,,,,,,,,,,,,,,
2026-01-14,a3986d20c19f33c7c107fw,2026-01-13 20:50:00,29,True,65,265,606,2312,60.65,231.27,0.266,True,0.6534,,,,,,,,,,,,,,,,
2026-01-14,a3986d20c19f33c7c107fw,2026-01-13 21:00:00,30,True,67,620,1413,2308,141.35,230.82,0.621,True,0.6769,,,,,,,,,,,,,,,,
2026-01-14,a3986d20c19f33c7c107fw,2026-01-13 21:10:00,31,True,70,698,1583,2297,158.38,229.7,0.699,True,0.7033,,,,,,,,,,,,,,,,
2026-01-14,a3986d20c19f33c7c107fw,2026-01-13 21:20:00,32,True,72,697,1583,2300,158.38,230.05,0.698,True,0.7297,,,,,,,,,,,,,,,,
2026-01-14,a3986d20c19f33c7c107fw,2026-01-13 21:30:00,33,True,74,521,1181,2296,118.15,229.67,0.521,True,0.7494,,,,,,,,,,,,,,,,
2026-01-14,a3986d20c19f33c7c107fw,2026-01-13 21:40:00,34,True,77,609,1382,2297,138.27,229.74,0.61,True,0.7725,,,,,,,,,,,,,,,,
2026-01-14,a3986d20c19f33c7c107fw,2026-01-13 21:50:00,35,True,78,355,809,2305,80.92,230.52,0.356,True,0.786,,,,,,,,,,,,,,,,
2026-01-14,a3986d20c19f33c7c107fw,2026-01-13 22:00:00,36,True,79,265,602,2295,60.22,229.54,0.266,True,0.796,,,,,,,,,,,,,,,,
2026-01-14,a3986d20c19f33c7c107fw,2026-01-13 22:10:00,37,True,80,179,407,2307,40.78,230.78,0.179,True,0.8028,,,,,,,,,,,,,,,,
2026-01-14,a3986d20c19f33c7c107fw,2026-01-13 22:20:00,38,True,82,515,1172,2304,117.27,230.42,0.516,True,0.8223,,,,,,,,,,,,,,,,
2026-01-14,a3986d20c19f33c7c107fw,2026-01-13 22:30:00,39,True,85,870,1976,2301,197.66,230.1,0.87,True,0.8553,,,,,,,,,,,,,,,,
2026-01-14,a3986d20c19f33c7c107fw,2026-01-13 22:40:00,40,True,88,695,1578,2301,157.89,230.18,0.695,True,0.8816,,,,,,,,,,,,,,,,
2026-01-14,a3986d20c19f33c7c107fw,2026-01-13 22:50:00,41,True,90,605,1375,2301,137.51,230.17,0.605,True,0.9045,,,,,,,,,,,,,,,,
2026-01-14,a3986d20c19f33c7c107fw,2026-01-13 23:00:00,42,True,92,601,1363,2297,136.38,229.74,0.602,True,0.9272,,,,,,,,,,,,,,,,
2026-01-14,a3986d20c19f33c7c107fw,2026-01-13 23:10:00,43,True,94,437,992,2301,99.26,230.15,0.437,True,0.9438,,,,,,,,,,,,,,,,
2026-01-14,a3986d20c19f33c7c107fw,2026-01-13 23:20:00,44,True,95,179,410,2312,41.0,231.24,0.18,True,0.9506,,,,,,,,,,,,,,,,
2026-01-14,a3986d20c19f33c7c107fw,2026-01-13 23:30:00,45,True,95,91,207,2301,20.73,230.1,0.091,True,0.9541,,,,,,,,,,,,,,,,
2026-01-14,a3986d20c19f33c7c107fw,2026-01-13 23:40:00,46,True,96,0,592,2300,59.21,230.01,0.0,True,0.9639,,,,,,,,,,,,,,,,
2026-01-14,a3986d20c19f33c7c107fw,2026-01-13 23:50:00,47,True,97,0,592,2297,59.21,229.73,0.0,True,0.9738,,,,,,,,,,,,,,,,
2026-01-14,a3986d20c19f33c7c107fw,2026-01-14 00:00:00,48,True,98,265,601,2293,60.14,229.38,0.266,True,0.9838,,,,,,,,,,,,,,,,
2026-01-14,a3986d20c19f33c7c107fw,2026-01-14 00:10:00,49,True,101,794,1805,2302,180.59,230.29,0.795,True,1.0139,,,,,,,,,,,,,,,,
2026-01-14,a3986d20c19f33c7c107fw,2026-01-14 00:20:00,50,True,104,707,1609,2304,160.99,230.45,0.708,True,1.0408,,,,,,,,,,,,,,,,
2026-01-14,a3986d20c19f33c7c107fw,2026-01-14 00:30:00,51,True,106,619,1411,2307,141.19,230.76,0.62,True,1.0643,,,,,,,,,,,,,,,,
2026-01-14,a3986d20c19f33c7c107fw,2026-01-14 00:40:00,52,True,106,88,201,2307,20.12,230.72,0.088,True,1.0677,,,,,,,,,,,,,,,,
2026-01-14,a3986d20c19f33c7c107fw,2026-01-14 00:50:00,53,True,107,177,405,2317,40.53,231.74,0.177,True,1.0744,,,,,,,,,,,,,,,,
2026-01-14,a3986d20c19f33c7c107fw,2026-01-14 01:00:00,54,True,108,176,402,2304,40.25,230.49,0.177,True,1.0811,,,,,,,,,,,,,,,,
2026-01-14,a3986d20c19f33c7c107fw,2026-01-14 01:10:00,55,True,108,169,385,2308,38.59,230.82,0.169,True,1.0875,,,,,,,,,,,,,,,,
2026-01-14,a3986d20c19f33c7c107fw,2026-01-14 01:20:00,56,True,110,520,1189,2315,118.9,231.55,0.52,True,1.1074,,,,,,,,,,,,,,,,
2026-01-14,a3986d20c19f33c7c107fw,2026-01-14 01:30:00,57,True,113,697,1592,2315,159.28,231.5,0.697,True,1.1339,,,,,,,,,,,,,,,,
2026-01-14,a3986d20c19f33c7c107fw,2026-01-14 01:40:00,58,True,115,532,1210,2301,121.07,230.16,0.533,True,1.1541,,,,,,,,,,,,,,,,
2026-01-14,a3986d20c19f33c7c107fw,2026-01-14 01:50:00,59,True,116,357,811,2302,81.15,230.24,0.357,True,1.1676,,,,,,,,,,,,,,,,
2026-01-14,a3986d20c19f33c7c107fw,2026-01-14 02:00:00,60,True,117,175,398,2297,39.87,229.7,0.176,True,1.1743,,,,,,,,,,,,,,,,
2026-01-14,a3986d20c19f33c7c107fw,2026-01-14 02:10:00,61,True,118,359,811,2287,81.17,228.76,0.36,True,1.1878,,,,,,,,,,,,,,,,
2026-01-14,a3986d20c19f33c7c107fw,2026-01-14 02:20:00,62,True,119,171,388,2296,38.86,229.62,0.172,True,1.1943,,,,,,,,,,,,,,,,
2026-01-14,a3986d20c19f33c7c107fw,2026-01-14 02:30:00,63,True,121,623,1404,2282,140.41,228.26,0.623,True,1.2177,,,,,,,,,,,,,,,,
2026-01-14,a3986d20c19f33c7c107fw,2026-01-14 02:40:00,64,True,123,526,1188,2286,118.83,228.6,0.527,True,1.2375,,,,,,,,,,,,,,,,
2026-01-14,a3986d20c19f33c7c107fw,2026-01-14 02:50:00,65,True,126,616,1392,2290,139.27,229.03,0.616,True,1.2607,,,,,,,,,,,,,,,,
2026-01-14,a3986d20c19f33c7c107fw,2026-01-14 03:00:00,66,True,128,607,1372,2291,137.25,229.1,0.607,True,1.2836,,,,,,,,,,,,,,,,
2026-01-14,a3986d20c19f33c7c107fw,2026-01-14 03:10:00,67,True,130,694,1566,2286,156.68,228.66,0.694,True,1.3097,,,,,,,,,,,,,,,,
2026-01-14,a3986d20c19f33c7c107fw,2026-01-14 03:20:00,68,True,133,682,1550,2300,155.01,230.09,0.683,True,1.3355,,,,,,,,,,,,,,,,
2026-01-14,a3986d20c19f33c7c107fw,2026-01-14 03:30:00,69,True,134,332,753,2300,75.36,230.0,0.332,True,1.3481,,,,,,,,,,,,,,,,
2026-01-14,a3986d20c19f33c7c107fw,2026-01-14 03:40:00,70,True,136,330,751,2304,75.12,230.42,0.33,True,1.3606,,,,,,,,,,,,,,,,
2026-01-14,a3986d20c19f33c7c107fw,2026-01-14 03:50:00,71,False,136,0,0,2310,0.0,231.03,0.0,False,1.3606,,,,,,,,,,,,,,,,
2026-01-14,a3986d20c19f33c7c107fw,2026-01-14 04:00:00,72,True,136,86,196,2315,19.7,231.52,0.086,True,1.3639,,,,,,,,,,,,,,,,
2026-01-14,a3986d20c19f33c7c107fw,2026-01-14 04:10:00,73,True,137,383,864,2282,86.41,228.22,0.384,True,1.3783,,,,,,,,,,,,,,,,
2026-01-14,a3986d20c19f33c7c107fw,2026-01-14 04:20:00,74,True,138,264,597,2293,59.79,229.38,0.264,True,1.3882,,,,,,,,,,,,,,,,
2026-01-14,a3986d20c19f33c7c107fw,2026-01-14 04:30:00,75,True,139,266,597,2276,59.79,227.65,0.266,True,1.3982,,,,,,,,,,,,,,,,
2026-01-14,a3986d20c19f33c7c107fw,2026-01-14 04:40:00,76,True,141,352,787,2266,78.76,226.6,0.352,True,1.4113,,,,,,,,,,,,,,,,
2026-01-14,a3986d20c19f33c7c107fw,2026-01-14 04:50:00,77,True,142,463,1044,2282,104.47,228.22,0.464,True,1.4287,,,,,,,,,,,,,,,,
2026-01-14,a3986d20c19f33c7c107fw,2026-01-14 05:00:00,78,True,144,463,1044,2282,104.47,228.22,0.464,True,1.4461,,,,,,,,,,,,,,,,
2026-01-14,a3986d20c19f33c7c107fw,2026-01-14 05:10:00,79,True,146,453,1018,2278,101.88,227.8,0.453,True,1.4631,,,,,,,,,,,,,,,,
2026-01-14,a3986d20c19f33c7c107fw,2026-01-14 05:20:00,80,False,146,0,0,2279,0.0,227.93,0.0,False,1.4631,,,,,,,,,,,,,,,,
2026-01-14,a3986d20c19f33c7c107fw,2026-01-14 05:30:00,81,False,146,0,0,2279,0.0,227.93,0.0,False,1.4631,,,,,,,,,,,,,,,,
2026-01-14,a3986d20c19f33c7c107fw,2026-01-14 05:40:00,82,False,146,0,0,2295,0.0,229.57,0.0,False,1.4631,,,,,,,,,,,,,,,,
2026-01-14,a3986d20c19f33c7c107fw,2026-01-14 05:50:00,83,True,147,445,1004,2285,100.41,228.54,0.445,True,1.4799,,,,,,,,,,,,,,,,
2026-01-14,a3986d20c19f33c7c107fw,2026-01-14 06:00:00,84,True,149,366,819,2267,82.0,226.78,0.366,True,1.4935,,,,,,,,,,,,,,,,
2026-01-14,a3986d20c19f33c7c107fw,2026-01-14 06:10:00,85,True,150,367,827,2281,82.79,228.12,0.368,True,1.5073,,,,,,,,,,,,,,,,
2026-01-14,a3986d20c19f33c7c107fw,2026-01-14 06:20:00,86,True,152,366,822,2277,82.28,227.7,0.366,True,1.521,,,,,,,,,,,,,,,,
2026-01-14,a3986d20c19f33c7c107fw,2026-01-14 06:30:00,87,True,153,267,599,2275,59.97,227.54,0.267,True,1.531,,,,,,,,,,,,,,,,
2026-01-14,a3986d20c19f33c7c107fw,2026-01-14 06:40:00,88,True,155,536,1211,2287,121.16,228.7,0.537,True,1.5512,,,,,,,,,,,,,,,,
2026-01-14,a3986d20c19f33c7c107fw,2026-01-14 06:50:00,89,True,157,705,1587,2281,158.72,228.1,0.705,True,1.5777,,,,,,,,,,,,,,,,
2026-01-14,a3986d20c19f33c7c107fw,2026-01-14 07:00:00,90,True,159,358,808,2284,80.84,228.43,0.359,True,1.5912,,,,,,,,,,,,,,,,
2026-01-14,a3986d20c19f33c7c107fw,2026-01-14 07:10:00,91,True,160,359,813,2289,81.32,228.9,0.36,True,1.6047,,,,,,,,,,,,,,,,
2026-01-14,a3986d20c19f33c7c107fw,2026-01-14 07:20:00,92,True,162,436,981,2276,98.11,227.64,0.437,True,1.6211,,,,,,,,,,,,,,,,
2026-01-14,a3986d20c19f33c7c107fw,2026-01-14 07:30:00,93,True,163,346,780,2280,78.0,228.05,0.347,True,1.6341,,,,,,,,,,,,,,,,
2026-01-14,a3986d20c19f33c7c107fw,2026-01-14 07:40:00,94,True,164,346,780,2283,78.03,228.3,0.346,True,1.6471,,,,,,,,,,,,,,,,
2026-01-14,a3986d20c19f33c7c107fw,2026-01-14 07:50:00,95,True,166,436,982,2281,98.24,228.19,0.436,True,1.6634,,,,,,,,,,,,,,,,
2026-01-14,a3986d20c19f33c7c107fw,2026-01-14 08:00:00,96,True,167,434,980,2284,98.0,228.49,0.435,True,1.6798,,,,,,,,,,,,,,,,
2026-01-14,a3986d20c19f33c7c107fw,2026-01-14 08:10:00,97,True,169,518,1173,2293,117.35,229.31,0.519,True,1.6993,,,,,,,,,,,,,,,,
2026-01-14,a3986d20c19f33c7c107fw,2026-01-14 08:20:00,98,True,171,432,981,2299,98.18,229.9,0.433,True,1.7157,,,,,,,,,,,,,,,,
2026-01-14,a3986d20c19f33c7c107fw,2026-01-14 08:30:00,99,True,173,438,995,2300,99.56,230.0,0.439,True,1.7323,,,,,,,,,,,,,,,,
2026-01-14,a3986d20c19f33c7c107fw,2026-01-14 08:40:00,100,True,174,264,603,2306,60.31,230.66,0.265,True,1.7423,,,,,,,,,,,,,,,,
2026-01-14,a3986d20c19f33c7c107fw,2026-01-14 08:50:00,101,True,175,350,797,2304,79.72,230.48,0.35,True,1.7556,,,,,,,,,,,,,,,,
2026-01-14,a3986d20c19f33c7c107fw,2026-01-14 09:00:00,102,True,176,175,397,2303,39.78,230.36,0.175,True,1.7623,,,,,,,,,,,,,,,,
2026-01-14,a3986d20c19f33c7c107fw,2026-01-14 09:10:00,103,True,176,174,397,2304,39.78,230.41,0.175,True,1.7689,,,,,,,,,,,,,,,,
2026-01-14,a3986d20c19f33c7c107fw,2026-01-14 09:20:00,104,True,178,527,1201,2309,120.13,230.97,0.527,True,1.7889,,,,,,,,,,,,,,,,
2026-01-14,a3986d20c19f33c7c107fw,2026-01-14 09:30:00,105,True,179,266,607,2305,60.7,230.57,0.267,True,1.799,,,,,,,,,,,,,,,,
2026-01-14,a3986d20c19f33c7c107fw,2026-01-14 09:40:00,106,True,180,266,607,2306,60.7,230.63,0.267,True,1.8091,,,,,,,,,,,,,,,,
2026-01-14,a3986d20c19f33c7c107fw,2026-01-14 09:50:00,107,True,182,533,1213,2303,121.36,230.35,0.534,True,1.8294,,,,,,,,,,,,,,,,
2026-01-14,a3986d20c19f33c7c107fw,2026-01-14 10:00:00,108,True,184,357,814,2307,81.43,230.7,0.358,True,1.8429,,,,,,,,,,,,,,,,
2026-01-14,a3986d20c19f33c7c107fw,2026-01-14 10:10:00,109,True,185,268,609,2304,60.94,230.4,0.268,True,1.8531,,,,,,,,,,,,,,,,
2026-01-14,a3986d20c19f33c7c107fw,2026-01-14 10:20:00,110,True,185,178,405,2302,40.6,230.27,0.179,True,1.8599,,,,,,,,,,,,,,,,
2026-01-14,a3986d20c19f33c7c107fw,2026-01-14 10:30:00,111,True,186,0,592,2303,59.21,230.33,0.0,True,1.8697,,,,,,,,,,,,,,,,
2026-01-14,a3986d20c19f33c7c107fw,2026-01-14 10:40:00,112,True,187,86,196,2302,19.61,230.2,0.086,True,1.873,,,,,,,,,,,,,,,,
2026-01-14,a3986d20c19f33c7c107fw,2026-01-14 10:50:00,113,True,187,178,405,2303,40.55,230.32,0.178,True,1.8798,,,,,,,,,,,,,,,,
2026-01-14,a3986d20c19f33c7c107fw,2026-01-14 11:00:00,114,False,187,0,0,2304,0.0,230.47,0.0,False,1.8798,,,,,,,,,,,,,,,,
2026-01-14,a3986d20c19f33c7c107fw,2026-01-14 11:10:00,115,True,188,270,613,2300,61.33,230.0,0.27,True,1.89,,,,,,,,,,,,,,,,
2026-01-14,a3986d20c19f33c7c107fw,2026-01-14 11:20:00,116,True,190,447,1017,2302,101.75,230.22,0.448,True,1.9069,,,,,,,,,,,,,,,,
2026-01-14,a3986d20c19f33c7c107fw,2026-01-14 11:30:00,117,True,192,450,1024,2301,102.42,230.13,0.451,True,1.924,,,,,,,,,,,,,,,,
2026-01-14,a3986d20c19f33c7c107fw,2026-01-14 11:40:00,118,True,193,362,821,2298,82.19,229.84,0.362,True,1.9377,,,,,,,,,,,,,,,,
2026-01-14,a3986d20c19f33c7c107fw,2026-01-14 11:50:00,119,True,194,175,399,2311,39.97,231.12,0.175,True,1.9444,,,,,,,,,,,,,,,,
2026-01-14,a3986d20c19f33c7c107fw,2026-01-14 12:00:00,120,True,194,83,191,2306,19.11,230.64,0.084,True,1.9476,,,,,,,,,,,,,,,,
2026-01-14,a3986d20c19f33c7c107fw,2026-01-14 12:10:00,121,True,195,87,198,2301,19.89,230.18,0.088,True,1.9509,,,,,,,,,,,,,,,,
2026-01-14,a3986d20c19f33c7c107fw,2026-01-14 12:20:00,122,True,195,177,403,2306,40.35,230.63,0.177,True,1.9576,,,,,,,,,,,,,,,,
2026-01-14,a3986d20c19f33c7c107fw,2026-01-14 12:30:00,123,True,196,177,403,2306,40.35,230.63,0.177,True,1.9643,,,,,,,,,,,,,,,,
2026-01-14,a3986d20c19f33c7c107fw,2026-01-14 12:40:00,124,True,198,538,1217,2293,121.78,229.34,0.538,True,1.9846,,,,,,,,,,,,,,,,
2026-01-14,a3986d20c19f33c7c107fw,2026-01-14 12:50:00,125,True,200,627,1416,2287,141.62,228.73,0.627,True,2.0082,,,,,,,,,,,,,,,,
2026-01-14,a3986d20c19f33c7c107fw,2026-01-14 13:00:00,126,True,202,534,1207,2288,120.71,228.86,0.534,True,2.0283,,,,,,,,,,,,,,,,
2026-01-14,a3986d20c19f33c7c107fw,2026-01-14 13:10:00,127,True,204,534,1207,2288,120.71,228.86,0.534,True,2.0485,,,,,,,,,,,,,,,,
2026-01-14,a3986d20c19f33c7c107fw,2026-01-14 13:20:00,128,True,206,346,780,2280,78.09,228.09,0.347,True,2.0615,,,,,,,,,,,,,,,,
2026-01-14,a3986d20c19f33c7c107fw,2026-01-14 13:30:00,129,True,207,260,585,2274,58.57,227.47,0.261,True,2.0712,,,,,,,,,,,,,,,,
2026-01-14,a3986d20c19f33c7c107fw,2026-01-14 13:40:00,130,True,207,83,186,2273,18.66,227.37,0.083,True,2.0743,,,,,,,,,,,,,,,,
2026-01-14,a3986d20c19f33c7c107fw,2026-01-14 13:50:00,131,True,207,83,186,2273,18.66,227.37,0.083,True,2.0775,,,,,,,,,,,,,,,,
2026-01-14,a3986d20c19f33c7c107fw,2026-01-14 14:00:00,132,True,209,348,780,2270,78.05,227.03,0.348,True,2.0905,,,,,,,,,,,,,,,,
2026-01-14,a3986d20c19f33c7c107fw,2026-01-14 14:10:00,133,True,210,363,812,2266,81.27,226.64,0.363,True,2.104,,,,,,,,,,,,,,,,
2026-01-14,a3986d20c19f33c7c107fw,2026-01-14 14:20:00,134,True,211,363,812,2266,81.27,226.64,0.363,True,2.1176,,,,,,,,,,,,,,,,
2026-01-14,a3986d20c19f33c7c107fw,2026-01-14 14:30:00,135,True,213,451,1010,2268,101.03,226.83,0.451,True,2.1344,,,,,,,,,,,,,,,,
2026-01-14,a3986d20c19f33c7c107fw,2026-01-14 14:40:00,136,True,215,446,999,2268,99.99,226.87,0.447,True,2.1511,,,,,,,,,,,,,,,,
2026-01-14,a3986d20c19f33c7c107fw,2026-01-14 14:50:00,137,True,216,354,794,2269,79.45,226.95,0.355,True,2.1643,,,,,,,,,,,,,,,,
2026-01-14,a3986d20c19f33c7c107fw,2026-01-14 15:00:00,138,True,217,347,782,2282,78.21,228.2,0.347,True,2.1773,,,,,,,,,,,,,,,,
2026-01-14,a3986d20c19f33c7c107fw,2026-01-14 15:10:00,139,True,219,438,987,2279,98.74,227.94,0.439,True,2.1938,,,,,,,,,,,,,,,,
2026-01-14,a3986d20c19f33c7c107fw,2026-01-14 15:20:00,140,True,221,442,995,2279,99.54,227.9,0.443,True,2.2104,,,,,,,,,,,,,,,,
2026-01-14,a3986d20c19f33c7c107fw,2026-01-14 15:30:00,141,True,222,440,991,2279,99.14,227.97,0.441,True,2.2269,,,,,,,,,,,,,,,,
2026-01-14,a3986d20c19f33c7c107fw,2026-01-14 15:40:00,142,True,224,435,978,2278,97.89,227.81,0.435,True,2.2432,,,,,,,,,,,,,,,,
2026-01-14,a3986d20c19f33c7c107fw,2026-01-14 15:50:00,143,True,224,180,406,2284,40.7,228.48,0.181,True,2.25,,,,,,,,,,,,,,,,
2026-01-15,a3986d20c19f33c7c107fw,2026-01-14 16:00:00,0,True,1,354,798,2284,79.87,228.4,0.354,True,0.0133,,,,,,,,,,,,,,,,
2026-01-15,a3986d20c19f33c7c107fw,2026-01-14 16:10:00,1,True,2,266,600,2284,60.08,228.45,0.267,True,0.0233,,,,,,,,,,,,,,,,
2026-01-15,a3986d20c19f33c7c107fw,2026-01-14 16:20:00,2,True,5,789,1778,2282,177.86,228.22,0.79,True,0.053,,,,,,,,,,,,,,,,
2026-01-15,a3986d20c19f33c7c107fw,2026-01-14 16:30:00,3,True,6,437,981,2271,98.16,227.19,0.438,True,0.0693,,,,,,,,,,,,,,,,
2026-01-15,a3986d20c19f33c7c107fw,2026-01-14 16:40:00,4,True,10,975,2202,2287,220.28,228.73,0.976,True,0.106,,,,,,,,,,,,,,,,
2026-01-15,a3986d20c19f33c7c107fw,2026-01-14 16:50:00,5,True,13,883,1989,2282,198.95,228.29,0.883,True,0.1392,,,,,,,,,,,,,,,,
2026-01-15,a3986d20c19f33c7c107fw,2026-01-14 17:00:00,6,True,17,965,2173,2281,217.37,228.13,0.966,True,0.1754,,,,,,,,,,,,,,,,
2026-01-15,a3986d20c19f33c7c107fw,2026-01-14 17:10:00,7,True,19,526,1180,2273,118.03,227.36,0.526,True,0.1951,,,,,,,,,,,,,,,,
2026-01-15,a3986d20c19f33c7c107fw,2026-01-14 17:20:00,8,True,21,532,1203,2288,120.31,228.81,0.533,True,0.2151,,,,,,,,,,,,,,,,
2026-01-15,a3986d20c19f33c7c107fw,2026-01-14 17:30:00,9,True,23,561,1271,2295,127.17,229.59,0.561,True,0.2363,,,,,,,,,,,,,,,,
2026-01-15,a3986d20c19f33c7c107fw,2026-01-14 17:40:00,10,True,25,459,1039,2294,103.91,229.4,0.459,True,0.2537,,,,,,,,,,,,,,,,
2026-01-15,a3986d20c19f33c7c107fw,2026-01-14 17:50:00,11,True,27,522,1184,2296,118.49,229.61,0.523,True,0.2734,,,,,,,,,,,,,,,,
2026-01-15,a3986d20c19f33c7c107fw,2026-01-14 18:00:00,12,True,30,967,2181,2284,218.1,228.47,0.967,True,0.3098,,,,,,,,,,,,,,,,
2026-01-15,a3986d20c19f33c7c107fw,2026-01-14 18:10:00,13,True,33,705,1594,2289,159.48,228.93,0.706,True,0.3363,,,,,,,,,,,,,,,,
2026-01-15,a3986d20c19f33c7c107fw,2026-01-14 18:20:00,14,True,36,821,1853,2287,185.39,228.77,0.821,True,0.3672,,,,,,,,,,,,,,,,
2026-01-15,a3986d20c19f33c7c107fw,2026-01-14 18:30:00,15,True,39,718,1621,2286,162.13,228.65,0.719,True,0.3943,,,,,,,,,,,,,,,,
2026-01-15,a3986d20c19f33c7c107fw,2026-01-14 18:40:00,16,True,42,702,1588,2291,158.89,229.16,0.703,True,0.4207,,,,,,,,,,,,,,,,
2026-01-15,a3986d20c19f33c7c107fw,2026-01-14 18:50:00,17,True,44,624,1418,2302,141.85,230.23,0.624,True,0.4444,,,,,,,,,,,,,,,,
2026-01-15,a3986d20c19f33c7c107fw,2026-01-14 19:00:00,18,True,47,715,1625,2302,162.5,230.21,0.715,True,0.4715,,,,,,,,,,,,,,,,
2026-01-15,a3986d20c19f33c7c107fw,2026-01-14 19:10:00,19,True,49,521,1187,2305,118.73,230.52,0.522,True,0.4913,,,,,,,,,,,,,,,,
2026-01-15,a3986d20c19f33c7c107fw,2026-01-14 19:20:00,20,True,51,522,1187,2303,118.73,230.3,0.522,True,0.511,,,,,,,,,,,,,,,,
2026-01-15,a3986d20c19f33c7c107fw,2026-01-14 19:30:00,21,True,53,701,1593,2302,159.34,230.27,0.701,True,0.5376,,,,,,,,,,,,,,,,
2026-01-15,a3986d20c19f33c7c107fw,2026-01-14 19:40:00,22,True,55,518,1180,2305,118.03,230.5,0.519,True,0.5573,,,,,,,,,,,,,,,,
2026-01-15,a3986d20c19f33c7c107fw,2026-01-14 19:50:00,23,True,57,518,1176,2300,117.67,230.07,0.518,True,0.5769,,,,,,,,,,,,,,,,
2026-01-15,a3986d20c19f33c7c107fw,2026-01-14 20:00:00,24,True,59,608,1386,2307,138.65,230.74,0.609,True,0.6,,,,,,,,,,,,,,,,
2026-01-15,a3986d20c19f33c7c107fw,2026-01-14 20:10:00,25,True,62,610,1386,2301,138.65,230.11,0.611,True,0.6231,,,,,,,,,,,,,,,,
2026-01-15,a3986d20c19f33c7c107fw,2026-01-14 20:20:00,26,True,62,174,396,2303,39.67,230.32,0.175,True,0.6297,,,,,,,,,,,,,,,,
2026-01-15,a3986d20c19f33c7c107fw,2026-01-14 20:30:00,27,True,63,181,414,2309,41.46,230.9,0.182,True,0.6366,,,,,,,,,,,,,,,,
2026-01-15,a3986d20c19f33c7c107fw,2026-01-14 20:40:00,28,True,64,175,399,2304,39.92,230.4,0.176,True,0.6433,,,,,,,,,,,,,,,,
2026-01-15,a3986d20c19f33c7c107fw,2026-01-14 20:50:00,29,True,65,265,606,2312,60.65,231.27,0.266,True,0.6534,,,,,,,,,,,,,,,,
2026-01-15,a3986d20c19f33c7c107fw,2026-01-14 21:00:00,30,True,67,620,1413,2308,141.35,230.82,0.621,True,0.6769,,,,,,,,,,,,,,,,
2026-01-15,a3986d20c19f33c7c107fw,2026-01-14 21:10:00,31,True,70,698,1583,2297,158.38,229.7,0.699,True,0.7033,,,,,,,,,,,,,,,,
2026-01-15,a3986d20c19f33c7c107fw,2026-01-14 21:20:00,32,True,72,697,1583,2300,158.38,230.05,0.698,True,0.7297,,,,,,,,,,,,,,,,
2026-01-15,a3986d20c19f33c7c107fw,2026-01-14 21:30:00,33,True,74,521,1181,2296,118.15,229.67,0.521,True,0.7494,,,,,,,,,,,,,,,,
2026-01-15,a3986d20c19f33c7c107fw,2026-01-14 21:40:00,34,True,77,609,1382,2297,138.27,229.74,0.61,True,0.7725,,,,,,,,,,,,,,,,
2026-01-15,a3986d20c19f33c7c107fw,2026-01-14 21:50:00,35,True,78,355,809,2305,80.92,230.52,0.356,True,0.786,,,,,,,,,,,,,,,,
2026-01-15,a3986d20c19f33c7c107fw,2026-01-14 22:00:00,36,True,79,265,602,2295,60.22,229.54,0.266,True,0.796,,,,,,,,,,,,,,,,
2026-01-15,a3986d20c19f33c7c107fw,2026-01-14 22:10:00,37,True,80,179,407,2307,40.78,230.78,0.179,True,0.8028,,,,,,,,,,,,,,,,
2026-01-15,a3986d20c19f33c7c107fw,2026-01-14 22:20:00,38,True,82,515,1172,2304,117.27,230.42,0.516,True,0.8223,,,,,,,,,,,,,,,,
2026-01-15,a3986d20c19f33c7c107fw,2026-01-14 22:30:00,39,True,85,870,1976,2301,197.66,230.1,0.87,True,0.8553,,,,,,,,,,,,,,,,
2026-01-15,a3986d20c19f33c7c107fw,2026-01-14 22:40:00,40,True,88,695,1578,2301,157.89,230.18,0.695,True,0.8816,,,,,,,,,,,,,,,,
2026-01-15,a3986d20c19f33c7c107fw,2026-01-14 22:50:00,41,True,90,605,1375,2301,137.51,230.17,0.605,True,0.9045,,,,,,,,,,,,,,,,
2026-01-15,a3986d20c19f33c7c107fw,2026-01-14 23:00:00,42,True,92,601,1363,2297,136.38,229.74,0.602,True,0.9272,,,,,,,,,,,,,,,,
2026-01-15,a3986d20c19f33c7c107fw,2026-01-14 23:10:00,43,True,94,437,992,2301,99.26,230.15,0.437,True,0.9438,,,,,,,,,,,,,,,,
2026-01-15,a3986d20c19f33c7c107fw,2026-01-14 23:20:00,44,True,95,179,410,2312,41.0,231.24,0.18,True,0.9506,,,,,,,,,,,,,,,,
2026-01-15,a3986d20c19f33c7c107fw,2026-01-14 23:30:00,45,True,95,91,207,2301,20.73,230.1,0.091,True,0.9541,,,,,,,,,,,,,,,,
2026-01-15,a3986d20c19f33c7c107fw,2026-01-14 23:40:00,46,True,96,0,592,2300,59.21,230.01,0.0,True,0.9639,,,,,,,,,,,,,,,,
2026-01-15,a3986d20c19f33c7c107fw,2026-01-14 23:50:00,47,True,97,0,592,2297,59.21,229.73,0.0,True,0.9738,,,,,,,,,,,,,,,,
2026-01-15,a3986d20c19f33c7c107fw,2026-01-15 00:00:00,48,True,98,265,601,2293,60.14,229.38,0.266,True,0.9838,,,,,,,,,,,,,,,,
2026-01-15,a3986d20c19f33c7c107fw,2026-01-15 00:10:00,49,True,101,794,1805,2302,180.59,230.29,0.795,True,1.0139,,,,,,,,,,,,,,,,
2026-01-15,a3986d20c19f33c7c107fw,2026-01-15 00:20:00,50,True,104,707,1609,2304,160.99,230.45,0.708,True,1.0408,,,,,,,,,,,,,,,,
2026-01-15,a3986d20c19f33c7c107fw,2026-01-15 00:30:00,51,True,106,619,1411,2307,141.19,230.76,0.62,True,1.0643,,,,,,,,,,,,,,,,
2026-01-15,a3986d20c19f33c7c107fw,2026-01-15 00:40:00,52,True,106,88,201,2307,20.12,230.72,0.088,True,1.0677,,,,,,,,,,,,,,,,
2026-01-15,a3986d20c19f33c7c107fw,2026-01-15 00:50:00,53,True,107,177,405,2317,40.53,231.74,0.177,True,1.0744,,,,,,,,,,,,,,,,
2026-01-15,a3986d20c19f33c7c107fw,2026-01-15 01:00:00,54,True,108,176,402,2304,40.25,230.49,0.177,True,1.0811,,,,,,,,,,,,,,,,
2026-01-15,a3986d20c19f33c7c107fw,2026-01-15 01:10:00,55,True,108,169,385,2308,38.59,230.82,0.169,True,1.0875,,,,,,,,,,,,,,,,
2026-01-15,a3986d20c19f33c7c107fw,2026-01-15 01:20:00,56,True,110,520,1189,2315,118.9,231.55,0.52,True,1.1074,,,,,,,,,,,,,,,,
2026-01-15,a3986d20c19f33c7c107fw,2026-01-15 01:30:00,57,True,113,697,1592,2315,159.28,231.5,0.697,True,1.1339,,,,,,,,,,,,,,,,
2026-01-15,a3986d20c19f33c7c107fw,2026-01-15 01:40:00,58,True,115,532,1210,2301,121.07,230.16,0.533,True,1.1541,,,,,,,,,,,,,,,,
2026-01-15,a3986d20c19f33c7c107fw,2026-01-15 01:50:00,59,True,116,357,811,2302,81.15,230.24,0.357,True,1.1676,,,,,,,,,,,,,,,,
2026-01-15,a3986d20c19f33c7c107fw,2026-01-15 02:00:00,60,True,117,175,398,2297,39.87,229.7,0.176,True,1.1743,,,,,,,,,,,,,,,,
2026-01-15,a3986d20c19f33c7c107fw,2026-01-15 02:10:00,61,True,118,359,811,2287,81.17,228.76,0.36,True,1.1878,,,,,,,,,,,,,,,,
2026-01-15,a3986d20c19f33c7c107fw,2026-01-15 02:20:00,62,True,119,171,388,2296,38.86,229.62,0.172,True,1.1943,,,,,,,,,,,,,,,,
2026-01-15,a3986d20c19f33c7c107fw,2026-01-15 02:30:00,63,True,121,623,1404,2282,140.41,228.26,0.623,True,1.2177,,,,,,,,,,,,,,,,
2026-01-15,a3986d20c19f33c7c107fw,2026-01-15 02:40:00,64,True,123,526,1188,2286,118.83,228.6,0.527,True,1.2375,,,,,,,,,,,,,,,,
2026-01-15,a3986d20c19f33c7c107fw,2026-01-15 02:50:00,65,True,126,616,1392,2290,139.27,229.03,0.616,True,1.2607,,,,,,,,,,,,,,,,
2026-01-15,a3986d20c19f33c7c107fw,2026-01-15 03:00:00,66,True,128,607,1372,2291,137.25,229.1,0.607,True,1.2836,,,,,,,,,,,,,,,,
2026-01-15,a3986d20c19f33c7c107fw,2026-01-15 03:10:00,67,True,130,694,1566,2286,156.68,228.66,0.694,True,1.3097,,,,,,,,,,,,,,,,
2026-01-15,a3986d20c19f33c7c107fw,2026-01-15 03:20:00,68,True,133,682,1550,2300,155.01,230.09,0.683,True,1.3355,,,,,,,,,,,,,,,,
2026-01-15,a3986d20c19f33c7c107fw,2026-01-15 03:30:00,69,True,134,332,753,2300,75.36,230.0,0.332,True,1.3481,,,,,,,,,,,,,,,,
2026-01-15,a3986d20c19f33c7c107fw,2026-01-15 03:40:00,70,True,136,330,751,2304,75.12,230.42,0.33,True,1.3606,,,,,,,,,,,,,,,,
2026-01-15,a3986d20c19f33c7c107fw,2026-01-15 03:50:00,71,False,136,0,0,2310,0.0,231.03,0.0,False,1.3606,,,,,,,,,,,,,,,,
2026-01-15,a3986d20c19f33c7c107fw,2026-01-15 04:00:00,72,True,136,86,196,2315,19.7,231.52,0.086,True,1.3639,,,,,,,,,,,,,,,,
2026-01-15,a3986d20c19f33c7c107fw,2026-01-15 04:10:00,73,True,137,383,864,2282,86.41,228.22,0.384,True,1.3783,,,,,,,,,,,,,,,,
2026-01-15,a3986d20c19f33c7c107fw,2026-01-15 04:20:00,74,True,138,264,597,2293,59.79,229.38,0.264,True,1.3882,,,,,,,,,,,,,,,,
2026-01-15,a3986d20c19f33c7c107fw,2026-01-15 04:30:00,75,True,139,266,597,2276,59.79,227.65,0.266,True,1.3982,,,,,,,,,,,,,,,,
2026-01-15,a3986d20c19f33c7c107fw,2026-01-15 04:40:00,76,True,141,352,787,2266,78.76,226.6,0.352,True,1.4113,,,,,,,,,,,,,,,,
2026-01-15,a3986d20c19f33c7c107fw,2026-01-15 04:50:00,77,True,142,463,1044,2282,104.47,228.22,0.464,True,1.4287,,,,,,,,,,,,,,,,
2026-01-15,a3986d20c19f33c7c107fw,2026-01-15 05:00:00,78,True,144,463,1044,2282,104.47,228.22,0.464,True,1.4461,,,,,,,,,,,,,,,,
2026-01-15,a3986d20c19f33c7c107fw,2026-01-15 05:10:00,79,True,146,453,1018,2278,101.88,227.8,0.453,True,1.4631,,,,,,,,,,,,,,,,
2026-01-15,a3986d20c19f33c7c107fw,2026-01-15 05:20:00,80,False,146,0,0,2279,0.0,227.93,0.0,False,1.4631,,,,,,,,,,,,,,,,
2026-01-15,a3986d20c19f33c7c107fw,2026-01-15 05:30:00,81,False,146,0,0,2279,0.0,227.93,0.0,False,1.4631,,,,,,,,,,,,,,,,
2026-01-15,a3986d20c19f33c7c107fw,2026-01-15 05:40:00,82,False,146,0,0,2295,0.0,229.57,0.0,False,1.4631,,,,,,,,,,,,,,,,
2026-01-15,a3986d20c19f33c7c107fw,2026-01-15 05:50:00,83,True,147,445,1004,2285,100.41,228.54,0.445,True,1.4799,,,,,,,,,,,,,,,,
2026-01-15,a3986d20c19f33c7c107fw,2026-01-15 06:00:00,84,True,149,366,819,2267,82.0,226.78,0.366,True,1.4935,,,,,,,,,,,,,,,,
2026-01-15,a3986d20c19f33c7c107fw,2026-01-15 06:10:00,85,True,150,367,827,2281,82.79,228.12,0.368,True,1.5073,,,,,,,,,,,,,,,,
2026-01-15,a3986d20c19f33c7c107fw,2026-01-15 06:20:00,86,True,152,366,822,2277,82.28,227.7,0.366,True,1.521,,,,,,,,,,,,,,,,
2026-01-15,a3986d20c19f33c7c107fw,2026-01-15 06:30:00,87,True,153,267,599,2275,59.97,227.54,0.267,True,1.531,,,,,,,,,,,,,,,,
2026-01-15,a3986d20c19f33c7c107fw,2026-01-15 06:40:00,88,True,155,536,1211,2287,121.16,228.7,0.537,True,1.5512,,,,,,,,,,,,,,,,
2026-01-15,a3986d20c19f33c7c107fw,2026-01-15 06:50:00,89,True,157,705,1587,2281,158.72,228.1,0.705,True,1.5777,,,,,,,,,,,,,,,,
2026-01-15,a3986d20c19f33c7c107fw,2026-01-15 07:00:00,90,True,159,358,808,2284,80.84,228.43,0.359,True,1.5912,,,,,,,,,,,,,,,,
2026-01-15,a3986d20c19f33c7c107fw,2026-01-15 07:10:00,91,True,160,359,813,2289,81.32,228.9,0.36,True,1.6047,,,,,,,,,,,,,,,,
2026-01-15,a3986d20c19f33c7c107fw,2026-01-15 07:20:00,92,True,162,436,981,2276,98.11,227.64,0.437,True,1.6211,,,,,,,,,,,,,,,,
2026-01-15,a3986d20c19f33c7c107fw,2026-01-15 07:30:00,93,True,163,346,780,2280,78.0,228.05,0.347,True,1.6341,,,,,,,,,,,,,,,,
2026-01-15,a3986d20c19f33c7c107fw,2026-01-15 07:40:00,94,True,164,346,780,2283,78.03,228.3,0.346,True,1.6471,,,,,,,,,,,,,,,,
2026-01-15,a3986d20c19f33c7c107fw,2026-01-15 07:50:00,95,True,166,436,982,2281,98.24,228.19,0.436,True,1.6634,,,,,,,,,,,,,,,,
2026-01-15,a3986d20c19f33c7c107fw,2026-01-15 08:00:00,96,True,167,434,980,2284,98.0,228.49,0.435,True,1.6798,,,,,,,,,,,,,,,,
2026-01-15,a3986d20c19f33c7c107fw,2026-01-15 08:10:00,97,True,169,518,1173,2293,117.35,229.31,0.519,True,1.6993,,,,,,,,,,,,,,,,
2026-01-15,a3986d20c19f33c7c107fw,2026-01-15 08:20:00,98,True,171,432,981,2299,98.18,229.9,0.433,True,1.7157,,,,,,,,,,,,,,,,
2026-01-15,a3986d20c19f33c7c107fw,2026-01-15 08:30:00,99,True,173,438,995,2300,99.56,230.0,0.439,True,1.7323,,,,,,,,,,,,,,,,
2026-01-15,a3986d20c19f33c7c107fw,2026-01-15 08:40:00,100,True,174,264,603,2306,60.31,230.66,0.265,True,1.7423,,,,,,,,,,,,,,,,
2026-01-15,a3986d20c19f33c7c107fw,2026-01-15 08:50:00,101,True,175,350,797,2304,79.72,230.48,0.35,True,1.7556,,,,,,,,,,,,,,,,
2026-01-15,a3986d20c19f33c7c107fw,2026-01-15 09:00:00,102,True,176,175,397,2303,39.78,230.36,0.175,True,1.7623,,,,,,,,,,,,,,,,
2026-01-15,a3986d20c19f33c7c107fw,2026-01-15 09:10:00,103,True,176,174,397,2304,39.78,230.41,0.175,True,1.7689,,,,,,,,,,,,,,,,
2026-01-15,a3986d20c19f33c7c107fw,2026-01-15 09:20:00,104,True,178,527,1201,2309,120.13,230.97,0.527,True,1.7889,,,,,,,,,,,,,,,,
2026-01-15,a3986d20c19f33c7c107fw,2026-01-15 09:30:00,105,True,179,266,607,2305,60.7,230.57,0.267,True,1.799,,,,,,,,,,,,,,,,
2026-01-15,a3986d20c19f33c7c107fw,2026-01-15 09:40:00,106,True,180,266,607,2306,60.7,230.63,0.267,True,1.8091,,,,,,,,,,,,,,,,
2026-01-15,a3986d20c19f33c7c107fw,2026-01-15 09:50:00,107,True,182,533,1213,2303,121.36,230.35,0.534,True,1.8294,,,,,,,,,,,,,,,,
2026-01-15,a3986d20c19f33c7c107fw,2026-01-15 10:00:00,108,True,184,357,814,2307,81.43,230.7,0.358,True,1.8429,,,,,,,,,,,,,,,,
2026-01-15,a3986d20c19f33c7c107fw,2026-01-15 10:10:00,109,True,185,268,609,2304,60.94,230.4,0.268,True,1.8531,,,,,,,,,,,,,,,,
2026-01-15,a3986d20c19f33c7c107fw,2026-01-15 10:20:00,110,True,185,178,405,2302,40.6,230.27,0.179,True,1.8599,,,,,,,,,,,,,,,,
2026-01-15,a3986d20c19f33c7c107fw,2026-01-15 10:30:00,111,True,186,0,592,2303,59.21,230.33,0.0,True,1.8697,,,,,,,,,,,,,,,,
2026-01-15,a3986d20c19f33c7c107fw,2026-01-15 10:40:00,112,True,187,86,196,2302,19.61,230.2,0.086,True,1.873,,,,,,,,,,,,,,,,
2026-01-15,a3986d20c19f33c7c107fw,2026-01-15 10:50:00,113,True,187,178,405,2303,40.55,230.32,0.178,True,1.8798,,,,,,,,,,,,,,,,
2026-01-15,a3986d20c19f33c7c107fw,2026-01-15 11:00:00,114,False,187,0,0,2304,0.0,230.47,0.0,False,1.8798,,,,,,,,,,,,,,,,
2026-01-15,a3986d20c19f33c7c107fw,2026-01-15 11:10:00,115,True,188,270,613,2300,61.33,230.0,0.27,True,1.89,,,,,,,,,,,,,,,,
2026-01-15,a3986d20c19f33c7c107fw,2026-01-15 11:20:00,116,True,190,447,1017,2302,101.75,230.22,0.448,True,1.9069,,,,,,,,,,,,,,,,
2026-01-15,a3986d20c19f33c7c107fw,2026-01-15 11:30:00,117,True,192,450,1024,2301,102.42,230.13,0.451,True,1.924,,,,,,,,,,,,,,,,
2026-01-15,a3986d20c19f33c7c107fw,2026-01-15 11:40:00,118,True,193,362,821,2298,82.19,229.84,0.362,True,1.9377,,,,,,,,,,,,,,,,
2026-01-15,a3986d20c19f33c7c107fw,2026-01-15 11:50:00,119,True,194,175,399,2311,39.97,231.12,0.175,True,1.9444,,,,,,,,,,,,,,,,
2026-01-15,a3986d20c19f33c7c107fw,2026-01-15 12:00:00,120,True,194,83,191,2306,19.11,230.64,0.084,True,1.9476,,,,,,,,,,,,,,,,
2026-01-15,a3986d20c19f33c7c107fw,2026-01-15 12:10:00,121,True,195,87,198,2301,19.89,230.18,0.088,True,1.9509,,,,,,,,,,,,,,,,
2026-01-15,a3986d20c19f33c7c107fw,2026-01-15 12:20:00,122,True,195,177,403,2306,40.35,230.63,0.177,True,1.9576,,,,,,,,,,,,,,,,
2026-01-15,a3986d20c19f33c7c107fw,2026-01-15 12:30:00,123,True,196,177,403,2306,40.35,230.63,0.177,True,1.9643,,,,,,,,,,,,,,,,
2026-01-15,a3986d20c19f33c7c107fw,2026-01-15 12:40:00,124,True,198,538,1217,2293,121.78,229.34,0.538,True,1.9846,,,,,,,,,,,,,,,,
2026-01-15,a3986d20c19f33c7c107fw,2026-01-15 12:50:00,125,True,200,627,1416,2287,141.62,228.73,0.627,True,2.0082,,,,,,,,,,,,,,,,
2026-01-15,a3986d20c19f33c7c107fw,2026-01-15 13:00:00,126,True,202,534,1207,2288,120.71,228.86,0.534,True,2.0283,,,,,,,,,,,,,,,,
2026-01-15,a3986d20c19f33c7c107fw,2026-01-15 13:10:00,127,True,204,534,1207,2288,120.71,228.86,0.534,True,2.0485,,,,,,,,,,,,,,,,
2026-01-15,a3986d20c19f33c7c107fw,2026-01-15 13:20:00,128,True,206,346,780,2280,78.09,228.09,0.347,True,2.0615,,,,,,,,,,,,,,,,
2026-01-15,a3986d20c19f33c7c107fw,2026-01-15 13:30:00,129,True,207,260,585,2274,58.57,227.47,0.261,True,2.0712,,,,,,,,,,,,,,,,
2026-01-15,a3986d20c19f33c7c107fw,2026-01-15 13:40:00,130,True,207,83,186,2273,18.66,227.37,0.083,True,2.0743,,,,,,,,,,,,,,,,
2026-01-15,a3986d20c19f33c7c107fw,2026-01-15 13:50:00,131,True,207,83,186,2273,18.66,227.37,0.083,True,2.0775,,,,,,,,,,,,,,,,
2026-01-15,a3986d20c19f33c7c107fw,2026-01-15 14:00:00,132,True,209,348,780,2270,78.05,227.03,0.348,True,2.0905,,,,,,,,,,,,,,,,
2026-01-15,a3986d20c19f33c7c107fw,2026-01-15 14:10:00,133,True,210,363,812,2266,81.27,226.64,0.363,True,2.104,,,,,,,,,,,,,,,,
2026-01-15,a3986d20c19f33c7c107fw,2026-01-15 14:20:00,134,True,211,363,812,2266,81.27,226.64,0.363,True,2.1176,,,,,,,,,,,,,,,,
2026-01-15,a3986d20c19f33c7c107fw,2026-01-15 14:30:00,135,True,213,451,1010,2268,101.03,226.83,0.451,True,2.1344,,,,,,,,,,,,,,,,
2026-01-15,a3986d20c19f33c7c107fw,2026-01-15 14:40:00,136,True,215,446,999,2268,99.99,226.87,0.447,True,2.1511,,,,,,,,,,,,,,,,
2026-01-15,a3986d20c19f33c7c107fw,2026-01-15 14:50:00,137,True,216,354,794,2269,79.45,226.95,0.355,True,2.1643,,,,,,,,,,,,,,,,
2026-01-15,a3986d20c19f33c7c107fw,2026-01-15 15:00:00,138,True,217,347,782,2282,78.21,228.2,0.347,True,2.1773,,,,,,,,,,,,,,,,
2026-01-15,a3986d20c19f33c7c107fw,2026-01-15 15:10:00,139,True,219,438,987,2279,98.74,227.94,0.439,True,2.1938,,,,,,,,,,,,,,,,
2026-01-15,a3986d20c19f33c7c107fw,2026-01-15 15:20:00,140,True,221,442,995,2279,99.54,227.9,0.443,True,2.2104,,,,,,,,,,,,,,,,
2026-01-15,a3986d20c19f33c7c107fw,2026-01-15 15:30:00,141,True,222,440,991,2279,99.14,227.97,0.441,True,2.2269,,,,,,,,,,,,,,,,
2026-01-15,a3986d20c19f33c7c107fw,2026-01-15 15:40:00,142,True,224,435,978,2278,97.89,227.81,0.435,True,2.2432,,,,,,,,,,,,,,,,
2026-01-15,a3986d20c19f33c7c107fw,2026-01-15 15:50:00,143,True,224,180,406,2284,40.7,228.48,0.181,True,2.25,,,,,,,,,,,,,,,,
2026-01-16,a3986d20c19f33c7c107fw,2026-01-15 16:00:00,0,True,1,366,827,2284,82.74,228.4,0.367,True,0.0138,,,,,,,,,,,,,,,,
2026-01-16,a3986d20c19f33c7c107fw,2026-01-15 16:10:00,1,True,2,275,622,2284,62.25,228.45,0.276,True,0.0242,,,,,,,,,,,,,,,,
2026-01-16,a3986d20c19f33c7c107fw,2026-01-15 16:20:00,2,True,5,817,1842,2282,184.26,228.22,0.818,True,0.0549,,,,,,,,,,,,,,,,
2026-01-16,a3986d20c19f33c7c107fw,2026-01-15 16:30:00,3,True,7,453,1017,2271,101.7,227.19,0.453,True,0.0718,,,,,,,,,,,,,,,,
2026-01-16,a3986d20c19f33c7c107fw,2026-01-15 16:40:00,4,True,10,1010,2282,2287,228.22,228.73,1.011,True,0.1099,,,,,,,,,,,,,,,,
2026-01-16,a3986d20c19f33c7c107fw,2026-01-15 16:50:00,5,True,14,914,2061,2282,206.12,228.29,0.915,True,0.1442,,,,,,,,,,,,,,,,
2026-01-16,a3986d20c19f33c7c107fw,2026-01-15 17:00:00,6,True,18,999,2252,2281,225.2,228.13,1.0,True,0.1817,,,,,,,,,,,,,,,,
2026-01-16,a3986d20c19f33c7c107fw,2026-01-15 17:10:00,7,True,20,544,1222,2273,122.28,227.36,0.545,True,0.2021,,,,,,,,,,,,,,,,
2026-01-16,a3986d20c19f33c7c107fw,2026-01-15 17:20:00,8,True,22,551,1246,2288,124.64,228.81,0.552,True,0.2229,,,,,,,,,,,,,,,,
2026-01-16,a3986d20c19f33c7c107fw,2026-01-15 17:30:00,9,True,24,581,1317,2295,131.75,229.59,0.581,True,0.2449,,,,,,,,,,,,,,,,
2026-01-16,a3986d20c19f33c7c107fw,2026-01-15 17:40:00,10,True,26,475,1076,2294,107.65,229.4,0.475,True,0.2628,,,,,,,,,,,,,,,,
2026-01-16,a3986d20c19f33c7c107fw,2026-01-15 17:50:00,11,True,28,541,1227,2296,122.76,229.61,0.542,True,0.2833,,,,,,,,,,,,,,,,
2026-01-16,a3986d20c19f33c7c107fw,2026-01-15 18:00:00,12,True,32,1001,2259,2284,225.96,228.47,1.002,True,0.3209,,,,,,,,,,,,,,,,
2026-01-16,a3986d20c19f33c7c107fw,2026-01-15 18:10:00,13,True,34,731,1652,2289,165.22,228.93,0.731,True,0.3485,,,,,,,,,,,,,,,,
2026-01-16,a3986d20c19f33c7c107fw,2026-01-15 18:20:00,14,True,38,850,1920,2287,192.07,228.77,0.85,True,0.3805,,,,,,,,,,,,,,,,
2026-01-16,a3986d20c19f33c7c107fw,2026-01-15 18:30:00,15,True,40,744,1679,2286,167.97,228.65,0.744,True,0.4085,,,,,,,,,,,,,,,,
2026-01-16,a3986d20c19f33c7c107fw,2026-01-15 18:40:00,16,True,43,727,1646,2291,164.61,229.16,0.728,True,0.4359,,,,,,,,,,,,,,,,
2026-01-16,a3986d20c19f33c7c107fw,2026-01-15 18:50:00,17,True,46,646,1469,2302,146.97,230.23,0.647,True,0.4604,,,,,,,,,,,,,,,,
2026-01-16,a3986d20c19f33c7c107fw,2026-01-15 19:00:00,18,True,48,740,1683,2302,168.36,230.21,0.741,True,0.4885,,,,,,,,,,,,,,,,
2026-01-16,a3986d20c19f33c7c107fw,2026-01-15 19:10:00,19,True,50,540,1230,2305,123.01,230.52,0.54,True,0.509,,,,,,,,,,,,,,,,
2026-01-16,a3986d20c19f33c7c107fw,2026-01-15 19:20:00,20,True,52,540,1230,2303,123.01,230.3,0.541,True,0.5295,,,,,,,,,,,,,,,,
2026-01-16,a3986d20c19f33c7c107fw,2026-01-15 19:30:00,21,True,55,726,1650,2302,165.07,230.27,0.726,True,0.557,,,,,,,,,,,,,,,,
2026-01-16,a3986d20c19f33c7c107fw,2026-01-15 19:40:00,22,True,57,537,1222,2305,122.28,230.5,0.537,True,0.5773,,,,,,,,,,,,,,,,
2026-01-16,a3986d20c19f33c7c107fw,2026-01-15 19:50:00,23,True,59,536,1219,2300,121.91,230.07,0.537,True,0.5977,,,,,,,,,,,,,,,,
2026-01-16,a3986d20c19f33c7c107fw,2026-01-15 20:00:00,24,True,62,630,1436,2307,143.65,230.74,0.631,True,0.6216,,,,,,,,,,,,,,,,
2026-01-16,a3986d20c19f33c7c107fw,2026-01-15 20:10:00,25,True,64,632,1436,2301,143.65,230.11,0.632,True,0.6455,,,,,,,,,,,,,,,,
2026-01-16,a3986d20c19f33c7c107fw,2026-01-15 20:20:00,26,True,65,180,411,2303,41.1,230.32,0.181,True,0.6524,,,,,,,,,,,,,,,,
2026-01-16,a3986d20c19f33c7c107fw,2026-01-15 20:30:00,27,True,65,188,429,2309,42.95,230.9,0.188,True,0.6596,,,,,,,,,,,,,,,,
2026-01-16,a3986d20c19f33c7c107fw,2026-01-15 20:40:00,28,True,66,181,413,2304,41.36,230.4,0.182,True,0.6665,,,,,,,,,,,,,,,,
2026-01-16,a3986d20c19f33c7c107fw,2026-01-15 20:50:00,29,True,67,275,628,2312,62.83,231.27,0.275,True,0.6769,,,,,,,,,,,,,,,,
2026-01-16,a3986d20c19f33c7c107fw,2026-01-15 21:00:00,30,True,70,642,1464,2308,146.44,230.82,0.643,True,0.7013,,,,,,,,,,,,,,,,
2026-01-16,a3986d20c19f33c7c107fw,2026-01-15 21:10:00,31,True,72,723,1640,2297,164.08,229.7,0.724,True,0.7287,,,,,,,,,,,,,,,,
2026-01-16,a3986d20c19f33c7c107fw,2026-01-15 21:20:00,32,True,75,722,1640,2300,164.08,230.05,0.722,True,0.756,,,,,,,,,,,,,,,,
2026-01-16,a3986d20c19f33c7c107fw,2026-01-15 21:30:00,33,True,77,539,1224,2296,122.4,229.67,0.54,True,0.7764,,,,,,,,,,,,,,,,
2026-01-16,a3986d20c19f33c7c107fw,2026-01-15 21:40:00,34,True,80,631,1432,2297,143.25,229.74,0.632,True,0.8003,,,,,,,,,,,,,,,,
2026-01-16,a3986d20c19f33c7c107fw,2026-01-15 21:50:00,35,True,81,368,838,2305,83.84,230.52,0.368,True,0.8143,,,,,,,,,,,,,,,,
2026-01-16,a3986d20c19f33c7c107fw,2026-01-15 22:00:00,36,True,82,275,623,2295,62.39,229.54,0.275,True,0.8247,,,,,,,,,,,,,,,,
2026-01-16,a3986d20c19f33c7c107fw,2026-01-15 22:10:00,37,True,83,185,422,2307,42.25,230.78,0.185,True,0.8317,,,,,,,,,,,,,,,,
2026-01-16,a3986d20c19f33c7c107fw,2026-01-15 22:20:00,38,True,85,534,1214,2304,121.5,230.42,0.534,True,0.852,,,,,,,,,,,,,,,,
2026-01-16,a3986d20c19f33c7c107fw,2026-01-15 22:30:00,39,True,88,901,2047,2301,204.78,230.1,0.901,True,0.8861,,,,,,,,,,,,,,,,
2026-01-16,a3986d20c19f33c7c107fw,2026-01-15 22:40:00,40,True,91,719,1635,2301,163.58,230.18,0.72,True,0.9134,,,,,,,,,,,,,,,,
2026-01-16,a3986d20c19f33c7c107fw,2026-01-15 22:50:00,41,True,93,626,1424,2301,142.46,230.17,0.627,True,0.9371,,,,,,,,,,,,,,,,
2026-01-16,a3986d20c19f33c7c107fw,2026-01-15 23:00:00,42,True,96,622,1413,2297,141.3,229.74,0.623,True,0.9606,,,,,,,,,,,,,,,,
2026-01-16,a3986d20c19f33c7c107fw,2026-01-15 23:10:00,43,True,97,452,1028,2301,102.84,230.15,0.453,True,0.9778,,,,,,,,,,,,,,,,
2026-01-16,a3986d20c19f33c7c107fw,2026-01-15 23:20:00,44,True,98,186,424,2312,42.48,231.24,0.186,True,0.9849,,,,,,,,,,,,,,,,
2026-01-16,a3986d20c19f33c7c107fw,2026-01-15 23:30:00,45,True,98,94,214,2301,21.47,230.1,0.095,True,0.9884,,,,,,,,,,,,,,,,
2026-01-16,a3986d20c19f33c7c107fw,2026-01-15 23:40:00,46,True,99,0,592,2300,59.24,230.01,0.0,True,0.9983,,,,,,,,,,,,,,,,
2026-01-16,a3986d20c19f33c7c107fw,2026-01-15 23:50:00,47,True,100,0,592,2297,59.24,229.73,0.0,True,1.0082,,,,,,,,,,,,,,,,
2026-01-16,a3986d20c19f33c7c107fw,2026-01-16 00:00:00,48,True,101,275,622,2293,62.3,229.38,0.275,True,1.0186,,,,,,,,,,,,,,,,
2026-01-16,a3986d20c19f33c7c107fw,2026-01-16 00:10:00,49,True,104,822,1870,2302,187.09,230.29,0.823,True,1.0498,,,,,,,,,,,,,,,,
2026-01-16,a3986d20c19f33c7c107fw,2026-01-16 00:20:00,50,True,107,733,1667,2304,166.79,230.45,0.733,True,1.0776,,,,,,,,,,,,,,,,
2026-01-16,a3986d20c19f33c7c107fw,2026-01-16 00:30:00,51,True,110,642,1462,2307,146.27,230.76,0.642,True,1.1019,,,,,,,,,,,,,,,,
2026-01-16,a3986d20c19f33c7c107fw,2026-01-16 00:40:00,52,True,110,91,208,2307,20.85,230.72,0.092,True,1.1054,,,,,,,,,,,,,,,,
2026-01-16,a3986d20c19f33c7c107fw,2026-01-16 00:50:00,53,True,111,183,419,2317,41.99,231.74,0.184,True,1.1124,,,,,,,,,,,,,,,,
2026-01-16,a3986d20c19f33c7c107fw,2026-01-16 01:00:00,54,True,111,183,417,2304,41.7,230.49,0.183,True,1.1194,,,,,,,,,,,,,,,,
2026-01-16,a3986d20c19f33c7c107fw,2026-01-16 01:10:00,55,True,112,175,399,2308,39.98,230.82,0.175,True,1.126,,,,,,,,,,,,,,,,
2026-01-16,a3986d20c19f33c7c107fw,2026-01-16 01:20:00,56,True,114,538,1231,2315,123.19,231.55,0.539,True,1.1466,,,,,,,,,,,,,,,,
2026-01-16,a3986d20c19f33c7c107fw,2026-01-16 01:30:00,57,True,117,722,1650,2315,165.02,231.5,0.722,True,1.1741,,,,,,,,,,,,,,,,
2026-01-16,a3986d20c19f33c7c107fw,2026-01-16 01:40:00,58,True,119,551,1254,2301,125.42,230.16,0.552,True,1.195,,,,,,,,,,,,,,,,
2026-01-16,a3986d20c19f33c7c107fw,2026-01-16 01:50:00,59,True,120,369,840,2302,84.08,230.24,0.37,True,1.209,,,,,,,,,,,,,,,,
2026-01-16,a3986d20c19f33c7c107fw,2026-01-16 02:00:00,60,True,121,182,413,2297,41.31,229.7,0.182,True,1.2159,,,,,,,,,,,,,,,,
2026-01-16,a3986d20c19f33c7c107fw,2026-01-16 02:10:00,61,True,122,372,840,2287,84.09,228.76,0.372,True,1.2299,,,,,,,,,,,,,,,,
2026-01-16,a3986d20c19f33c7c107fw,2026-01-16 02:20:00,62,True,123,177,402,2296,40.26,229.62,0.178,True,1.2366,,,,,,,,,,,,,,,,
2026-01-16,a3986d20c19f33c7c107fw,2026-01-16 02:30:00,63,True,126,645,1454,2282,145.46,228.26,0.645,True,1.2608,,,,,,,,,,,,,,,,
2026-01-16,a3986d20c19f33c7c107fw,2026-01-16 02:40:00,64,True,128,545,1231,2286,123.11,228.6,0.545,True,1.2813,,,,,,,,,,,,,,,,
2026-01-16,a3986d20c19f33c7c107fw,2026-01-16 02:50:00,65,True,130,638,1442,2290,144.28,229.03,0.638,True,1.3054,,,,,,,,,,,,,,,,
2026-01-16,a3986d20c19f33c7c107fw,2026-01-16 03:00:00,66,True,132,628,1421,2291,142.2,229.1,0.629,True,1.3291,,,,,,,,,,,,,,,,
2026-01-16,a3986d20c19f33c7c107fw,2026-01-16 03:10:00,67,True,135,719,1623,2286,162.33,228.66,0.719,True,1.3561,,,,,,,,,,,,,,,,
2026-01-16,a3986d20c19f33c7c107fw,2026-01-16 03:20:00,68,True,138,706,1605,2300,160.59,230.09,0.707,True,1.3829,,,,,,,,,,,,,,,,
2026-01-16,a3986d20c19f33c7c107fw,2026-01-16 03:30:00,69,True,139,343,780,2300,78.07,230.0,0.344,True,1.3959,,,,,,,,,,,,,,,,
2026-01-16,a3986d20c19f33c7c107fw,2026-01-16 03:40:00,70,True,140,342,778,2304,77.82,230.42,0.342,True,1.4089,,,,,,,,,,,,,,,,
2026-01-16,a3986d20c19f33c7c107fw,2026-01-16 03:50:00,71,False,140,0,0,2310,0.0,231.03,0.0,False,1.4089,,,,,,,,,,,,,,,,
2026-01-16,a3986d20c19f33c7c107fw,2026-01-16 04:00:00,72,True,141,89,204,2315,20.41,231.52,0.089,True,1.4123,,,,,,,,,,,,,,,,
2026-01-16,a3986d20c19f33c7c107fw,2026-01-16 04:10:00,73,True,142,397,895,2282,89.52,228.22,0.397,True,1.4272,,,,,,,,,,,,,,,,
2026-01-16,a3986d20c19f33c7c107fw,2026-01-16 04:20:00,74,True,143,273,619,2293,61.94,229.38,0.274,True,1.4375,,,,,,,,,,,,,,,,
2026-01-16,a3986d20c19f33c7c107fw,2026-01-16 04:30:00,75,True,144,275,619,2276,61.94,227.65,0.276,True,1.4479,,,,,,,,,,,,,,,,
2026-01-16,a3986d20c19f33c7c107fw,2026-01-16 04:40:00,76,True,146,364,815,2266,81.6,226.6,0.365,True,1.4615,,,,,,,,,,,,,,,,
2026-01-16,a3986d20c19f33c7c107fw,2026-01-16 04:50:00,77,True,147,480,1082,2282,108.23,228.22,0.48,True,1.4795,,,,,,,,,,,,,,,,
2026-01-16,a3986d20c19f33c7c107fw,2026-01-16 05:00:00,78,True,149,480,1082,2282,108.23,228.22,0.48,True,1.4975,,,,,,,,,,,,,,,,
2026-01-16,a3986d20c19f33c7c107fw,2026-01-16 05:10:00,79,True,151,469,1055,2278,105.55,227.8,0.469,True,1.5151,,,,,,,,,,,,,,,,
2026-01-16,a3986d20c19f33c7c107fw,2026-01-16 05:20:00,80,False,151,0,0,2279,0.0,227.93,0.0,False,1.5151,,,,,,,,,,,,,,,,
2026-01-16,a3986d20c19f33c7c107fw,2026-01-16 05:30:00,81,False,151,0,0,2279,0.0,227.93,0.0,False,1.5151,,,,,,,,,,,,,,,,
2026-01-16,a3986d20c19f33c7c107fw,2026-01-16 05:40:00,82,False,151,0,0,2295,0.0,229.57,0.0,False,1.5151,,,,,,,,,,,,,,,,
2026-01-16,a3986d20c19f33c7c107fw,2026-01-16 05:50:00,83,True,153,461,1040,2285,104.02,228.54,0.461,True,1.5325,,,,,,,,,,,,,,,,
2026-01-16,a3986d20c19f33c7c107fw,2026-01-16 06:00:00,84,True,154,379,849,2267,84.95,226.78,0.379,True,1.5466,,,,,,,,,,,,,,,,
2026-01-16,a3986d20c19f33c7c107fw,2026-01-16 06:10:00,85,True,156,380,857,2281,85.78,228.12,0.381,True,1.5609,,,,,,,,,,,,,,,,
2026-01-16,a3986d20c19f33c7c107fw,2026-01-16 06:20:00,86,True,157,379,852,2277,85.25,227.7,0.379,True,1.5751,,,,,,,,,,,,,,,,
2026-01-16,a3986d20c19f33c7c107fw,2026-01-16 06:30:00,87,True,158,276,621,2275,62.13,227.54,0.277,True,1.5855,,,,,,,,,,,,,,,,
2026-01-16,a3986d20c19f33c7c107fw,2026-01-16 06:40:00,88,True,160,555,1255,2287,125.52,228.7,0.556,True,1.6064,,,,,,,,,,,,,,,,
2026-01-16,a3986d20c19f33c7c107fw,2026-01-16 06:50:00,89,True,163,730,1644,2281,164.44,228.1,0.73,True,1.6338,,,,,,,,,,,,,,,,
2026-01-16,a3986d20c19f33c7c107fw,2026-01-16 07:00:00,90,True,164,371,837,2284,83.75,228.43,0.371,True,1.6478,,,,,,,,,,,,,,,,
2026-01-16,a3986d20c19f33c7c107fw,2026-01-16 07:10:00,91,True,166,372,842,2289,84.25,228.9,0.373,True,1.6618,,,,,,,,,,,,,,,,
2026-01-16,a3986d20c19f33c7c107fw,2026-01-16 07:20:00,92,True,167,452,1016,2276,101.65,227.64,0.452,True,1.6787,,,,,,,,,,,,,,,,
2026-01-16,a3986d20c19f33c7c107fw,2026-01-16 07:30:00,93,True,169,358,808,2280,80.81,228.05,0.359,True,1.6922,,,,,,,,,,,,,,,,
2026-01-16,a3986d20c19f33c7c107fw,2026-01-16 07:40:00,94,True,170,358,808,2283,80.84,228.3,0.359,True,1.7057,,,,,,,,,,,,,,,,
2026-01-16,a3986d20c19f33c7c107fw,2026-01-16 07:50:00,95,True,172,451,1017,2281,101.78,228.19,0.452,True,1.7227,,,,,,,,,,,,,,,,
2026-01-16,a3986d20c19f33c7c107fw,2026-01-16 08:00:00,96,True,173,450,1015,2284,101.53,228.49,0.45,True,1.7396,,,,,,,,,,,,,,,,
2026-01-16,a3986d20c19f33c7c107fw,2026-01-16 08:10:00,97,True,175,536,1215,2293,121.57,229.31,0.537,True,1.7598,,,,,,,,,,,,,,,,
2026-01-16,a3986d20c19f33c7c107fw,2026-01-16 08:20:00,98,True,177,448,1017,2299,101.71,229.9,0.448,True,1.7768,,,,,,,,,,,,,,,,
2026-01-16,a3986d20c19f33c7c107fw,2026-01-16 08:30:00,99,True,179,454,1031,2300,103.15,230.0,0.454,True,1.794,,,,,,,,,,,,,,,,
2026-01-16,a3986d20c19f33c7c107fw,2026-01-16 08:40:00,100,True,180,274,624,2306,62.49,230.66,0.274,True,1.8044,,,,,,,,,,,,,,,,
2026-01-16,a3986d20c19f33c7c107fw,2026-01-16 08:50:00,101,True,181,362,825,2304,82.59,230.48,0.363,True,1.8182,,,,,,,,,,,,,,,,
2026-01-16,a3986d20c19f33c7c107fw,2026-01-16 09:00:00,102,True,182,181,412,2303,41.22,230.36,0.181,True,1.825,,,,,,,,,,,,,,,,
2026-01-16,a3986d20c19f33c7c107fw,2026-01-16 09:10:00,103,True,183,181,412,2304,41.22,230.41,0.181,True,1.8319,,,,,,,,,,,,,,,,
2026-01-16,a3986d20c19f33c7c107fw,2026-01-16 09:20:00,104,True,185,545,1244,2309,124.46,230.97,0.546,True,1.8526,,,,,,,,,,,,,,,,
2026-01-16,a3986d20c19f33c7c107fw,2026-01-16 09:30:00,105,True,186,276,628,2305,62.89,230.57,0.276,True,1.8631,,,,,,,,,,,,,,,,
2026-01-16,a3986d20c19f33c7c107fw,2026-01-16 09:40:00,106,True,187,276,628,2306,62.89,230.63,0.276,True,1.8736,,,,,,,,,,,,,,,,
2026-01-16,a3986d20c19f33c7c107fw,2026-01-16 09:50:00,107,True,189,552,1257,2303,125.73,230.35,0.553,True,1.8946,,,,,,,,,,,,,,,,
2026-01-16,a3986d20c19f33c7c107fw,2026-01-16 10:00:00,108,True,190,370,843,2307,84.36,230.7,0.37,True,1.9086,,,,,,,,,,,,,,,,
2026-01-16,a3986d20c19f33c7c107fw,2026-01-16 10:10:00,109,True,191,277,631,2304,63.14,230.4,0.278,True,1.9191,,,,,,,,,,,,,,,,
2026-01-16,a3986d20c19f33c7c107fw,2026-01-16 10:20:00,110,True,192,185,420,2302,42.07,230.27,0.185,True,1.9262,,,,,,,,,,,,,,,,
2026-01-16,a3986d20c19f33c7c107fw,2026-01-16 10:30:00,111,True,193,0,592,2303,59.24,230.33,0.0,True,1.936,,,,,,,,,,,,,,,,
2026-01-16,a3986d20c19f33c7c107fw,2026-01-16 10:40:00,112,True,193,89,203,2302,20.32,230.2,0.089,True,1.9394,,,,,,,,,,,,,,,,
2026-01-16,a3986d20c19f33c7c107fw,2026-01-16 10:50:00,113,True,194,184,420,2303,42.01,230.32,0.185,True,1.9464,,,,,,,,,,,,,,,,
2026-01-16,a3986d20c19f33c7c107fw,2026-01-16 11:00:00,114,False,194,0,0,2304,0.0,230.47,0.0,False,1.9464,,,,,,,,,,,,,,,,
2026-01-16,a3986d20c19f33c7c107fw,2026-01-16 11:10:00,115,True,195,279,635,2300,63.54,230.0,0.28,True,1.957,,,,,,,,,,,,,,,,
2026-01-16,a3986d20c19f33c7c107fw,2026-01-16 11:20:00,116,True,197,463,1054,2302,105.42,230.22,0.464,True,1.9746,,,,,,,,,,,,,,,,
2026-01-16,a3986d20c19f33c7c107fw,2026-01-16 11:30:00,117,True,199,467,1061,2301,106.11,230.13,0.467,True,1.9923,,,,,,,,,,,,,,,,
2026-01-16,a3986d20c19f33c7c107fw,2026-01-16 11:40:00,118,True,200,375,851,2298,85.16,229.84,0.375,True,2.0065,,,,,,,,,,,,,,,,
2026-01-16,a3986d20c19f33c7c107fw,2026-01-16 11:50:00,119,True,201,181,414,2311,41.41,231.12,0.181,True,2.0134,,,,,,,,,,,,,,,,
2026-01-16,a3986d20c19f33c7c107fw,2026-01-16 12:00:00,120,True,201,86,197,2306,19.8,230.64,0.087,True,2.0167,,,,,,,,,,,,,,,,
2026-01-16,a3986d20c19f33c7c107fw,2026-01-16 12:10:00,121,True,202,90,206,2301,20.61,230.18,0.091,True,2.0201,,,,,,,,,,,,,,,,
2026-01-16,a3986d20c19f33c7c107fw,2026-01-16 12:20:00,122,True,202,183,418,2306,41.8,230.63,0.184,True,2.0271,,,,,,,,,,,,,,,,
2026-01-16,a3986d20c19f33c7c107fw,2026-01-16 12:30:00,123,True,203,183,418,2306,41.8,230.63,0.184,True,2.034,,,,,,,,,,,,,,,,
2026-01-16,a3986d20c19f33c7c107fw,2026-01-16 12:40:00,124,True,205,557,1261,2293,126.17,229.34,0.557,True,2.0551,,,,,,,,,,,,,,,,
2026-01-16,a3986d20c19f33c7c107fw,2026-01-16 12:50:00,125,True,207,649,1467,2287,146.73,228.73,0.65,True,2.0795,,,,,,,,,,,,,,,,
2026-01-16,a3986d20c19f33c7c107fw,2026-01-16 13:00:00,126,True,210,553,1250,2288,125.06,228.86,0.553,True,2.1004,,,,,,,,,,,,,,,,
2026-01-16,a3986d20c19f33c7c107fw,2026-01-16 13:10:00,127,True,212,553,1250,2288,125.06,228.86,0.553,True,2.1212,,,,,,,,,,,,,,,,
2026-01-16,a3986d20c19f33c7c107fw,2026-01-16 13:20:00,128,True,213,359,809,2280,80.91,228.09,0.359,True,2.1347,,,,,,,,,,,,,,,,
2026-01-16,a3986d20c19f33c7c107fw,2026-01-16 13:30:00,129,True,214,270,606,2274,60.68,227.47,0.27,True,2.1448,,,,,,,,,,,,,,,,
2026-01-16,a3986d20c19f33c7c107fw,2026-01-16 13:40:00,130,True,214,86,193,2273,19.33,227.37,0.086,True,2.148,,,,,,,,,,,,,,,,
2026-01-16,a3986d20c19f33c7c107fw,2026-01-16 13:50:00,131,True,215,86,193,2273,19.33,227.37,0.086,True,2.1512,,,,,,,,,,,,,,,,
2026-01-16,a3986d20c19f33c7c107fw,2026-01-16 14:00:00,132,True,216,360,808,2270,80.87,227.03,0.361,True,2.1647,,,,,,,,,,,,,,,,
2026-01-16,a3986d20c19f33c7c107fw,2026-01-16 14:10:00,133,True,217,376,841,2266,84.2,226.64,0.376,True,2.1787,,,,,,,,,,,,,,,,
2026-01-16,a3986d20c19f33c7c107fw,2026-01-16 14:20:00,134,True,219,376,841,2266,84.2,226.64,0.376,True,2.1928,,,,,,,,,,,,,,,,
2026-01-16,a3986d20c19f33c7c107fw,2026-01-16 14:30:00,135,True,221,467,1046,2268,104.67,226.83,0.467,True,2.2102,,,,,,,,,,,,,,,,
2026-01-16,a3986d20c19f33c7c107fw,2026-01-16 14:40:00,136,True,222,462,1035,2268,103.6,226.87,0.462,True,2.2275,,,,,,,,,,,,,,,,
2026-01-16,a3986d20c19f33c7c107fw,2026-01-16 14:50:00,137,True,224,367,823,2269,82.31,226.95,0.367,True,2.2412,,,,,,,,,,,,,,,,
2026-01-16,a3986d20c19f33c7c107fw,2026-01-16 15:00:00,138,True,225,359,810,2282,81.02,228.2,0.36,True,2.2547,,,,,,,,,,,,,,,,
2026-01-16,a3986d20c19f33c7c107fw,2026-01-16 15:10:00,139,True,227,454,1023,2279,102.3,227.94,0.455,True,2.2718,,,,,,,,,,,,,,,,
2026-01-16,a3986d20c19f33c7c107fw,2026-01-16 15:20:00,140,True,228,458,1031,2279,103.12,227.9,0.458,True,2.289,,,,,,,,,,,,,,,,
2026-01-16,a3986d20c19f33c7c107fw,2026-01-16 15:30:00,141,True,230,456,1027,2279,102.71,227.97,0.456,True,2.3061,,,,,,,,,,,,,,,,
2026-01-16,a3986d20c19f33c7c107fw,2026-01-16 15:40:00,142,True,232,450,1014,2278,101.41,227.81,0.451,True,2.323,,,,,,,,,,,,,,,,
2026-01-16,a3986d20c19f33c7c107fw,2026-01-16 15:50:00,143,True,232,186,421,2284,42.17,228.48,0.187,True,2.33,,,,,,,,,,,,,,,,
2026-01-17,a3986d20c19f33c7c107fw,2026-01-16 16:00:00,0,True,1,348,784,2284,78.43,228.4,0.348,True,0.0131,,,,,,,,,,,,,,,,
2026-01-17,a3986d20c19f33c7c107fw,2026-01-16 16:10:00,1,True,2,261,589,2284,59.0,228.45,0.262,True,0.0229,,,,,,,,,,,,,,,,
2026-01-17,a3986d20c19f33c7c107fw,2026-01-16 16:20:00,2,True,5,775,1746,2282,174.65,228.22,0.776,True,0.052,,,,,,,,,,,,,,,,
2026-01-17,a3986d20c19f33c7c107fw,2026-01-16 16:30:00,3,True,6,430,963,2271,96.39,227.19,0.43,True,0.0681,,,,,,,,,,,,,,,,
2026-01-17,a3986d20c19f33c7c107fw,2026-01-16 16:40:00,4,True,10,958,2163,2287,216.31,228.73,0.959,True,0.1041,,,,,,,,,,,,,,,,
2026-01-17,a3986d20c19f33c7c107fw,2026-01-16 16:50:00,5,True,13,867,1953,2282,195.37,228.29,0.867,True,0.1367,,,,,,,,,,,,,,,,
2026-01-17,a3986d20c19f33c7c107fw,2026-01-16 17:00:00,6,True,17,948,2134,2281,213.46,228.13,0.948,True,0.1723,,,,,,,,,,,,,,,,
2026-01-17,a3986d20c19f33c7c107fw,2026-01-16 17:10:00,7,True,19,516,1158,2273,115.9,227.36,0.517,True,0.1916,,,,,,,,,,,,,,,,
2026-01-17,a3986d20c19f33c7c107fw,2026-01-16 17:20:00,8,True,21,523,1181,2288,118.14,228.81,0.523,True,0.2113,,,,,,,,,,,,,,,,
2026-01-17,a3986d20c19f33c7c107fw,2026-01-16 17:30:00,9,True,23,551,1248,2295,124.89,229.59,0.551,True,0.2321,,,,,,,,,,,,,,,,
2026-01-17,a3986d20c19f33c7c107fw,2026-01-16 17:40:00,10,True,24,450,1020,2294,102.04,229.4,0.451,True,0.2491,,,,,,,,,,,,,,,,
2026-01-17,a3986d20c19f33c7c107fw,2026-01-16 17:50:00,11,True,26,513,1163,2296,116.36,229.61,0.514,True,0.2685,,,,,,,,,,,,,,,,
2026-01-17,a3986d20c19f33c7c107fw,2026-01-16 18:00:00,12,True,30,950,2141,2284,214.17,228.47,0.95,True,0.3042,,,,,,,,,,,,,,,,
2026-01-17,a3986d20c19f33c7c107fw,2026-01-16 18:10:00,13,True,33,693,1566,2289,156.61,228.93,0.693,True,0.3303,,,,,,,,,,,,,,,,
2026-01-17,a3986d20c19f33c7c107fw,2026-01-16 18:20:00,14,True,36,806,1820,2287,182.05,228.77,0.807,True,0.3606,,,,,,,,,,,,,,,,
2026-01-17,a3986d20c19f33c7c107fw,2026-01-16 18:30:00,15,True,38,705,1592,2286,159.21,228.65,0.706,True,0.3872,,,,,,,,,,,,,,,,
2026-01-17,a3986d20c19f33c7c107fw,2026-01-16 18:40:00,16,True,41,690,1560,2291,156.03,229.16,0.69,True,0.4132,,,,,,,,,,,,,,,,
2026-01-17,a3986d20c19f33c7c107fw,2026-01-16 18:50:00,17,True,43,613,1392,2302,139.3,230.23,0.613,True,0.4364,,,,,,,,,,,,,,,,
2026-01-17,a3986d20c19f33c7c107fw,2026-01-16 19:00:00,18,True,46,702,1595,2302,159.58,230.21,0.703,True,0.463,,,,,,,,,,,,,,,,
2026-01-17,a3986d20c19f33c7c107fw,2026-01-16 19:10:00,19,True,48,512,1165,2305,116.59,230.52,0.513,True,0.4824,,,,,,,,,,,,,,,,
2026-01-17,a3986d20c19f33c7c107fw,2026-01-16 19:20:00,20,True,50,513,1165,2303,116.59,230.3,0.513,True,0.5018,,,,,,,,,,,,,,,,
2026-01-17,a3986d20c19f33c7c107fw,2026-01-16 19:30:00,21,True,52,688,1564,2302,156.47,230.27,0.689,True,0.5279,,,,,,,,,,,,,,,,
2026-01-17,a3986d20c19f33c7c107fw,2026-01-16 19:40:00,22,True,54,509,1158,2305,115.9,230.5,0.51,True,0.5472,,,,,,,,,,,,,,,,
2026-01-17,a3986d20c19f33c7c107fw,2026-01-16 19:50:00,23,True,56,509,1155,2300,115.55,230.07,0.509,True,0.5665,,,,,,,,,,,,,,,,
2026-01-17,a3986d20c19f33c7c107fw,2026-01-16 20:00:00,24,True,58,598,1361,2307,136.15,230.74,0.598,True,0.5892,,,,,,,,,,,,,,,,
2026-01-17,a3986d20c19f33c7c107fw,2026-01-16 20:10:00,25,True,61,599,1361,2301,136.15,230.11,0.6,True,0.6119,,,,,,,,,,,,,,,,
2026-01-17,a3986d20c19f33c7c107fw,2026-01-16 20:20:00,26,True,61,171,389,2303,38.95,230.32,0.171,True,0.6184,,,,,,,,,,,,,,,,
2026-01-17,a3986d20c19f33c7c107fw,2026-01-16 20:30:00,27,True,62,178,407,2309,40.71,230.9,0.179,True,0.6252,,,,,,,,,,,,,,,,
2026-01-17,a3986d20c19f33c7c107fw,2026-01-16 20:40:00,28,True,63,172,391,2304,39.2,230.4,0.172,True,0.6317,,,,,,,,,,,,,,,,
2026-01-17,a3986d20c19f33c7c107fw,2026-01-16 20:50:00,29,True,64,261,595,2312,59.56,231.27,0.261,True,0.6416,,,,,,,,,,,,,,,,
2026-01-17,a3986d20c19f33c7c107fw,2026-01-16 21:00:00,30,True,66,609,1388,2308,138.81,230.82,0.61,True,0.6648,,,,,,,,,,,,,,,,
2026-01-17,a3986d20c19f33c7c107fw,2026-01-16 21:10:00,31,True,69,686,1555,2297,155.52,229.7,0.686,True,0.6907,,,,,,,,,,,,,,,,
2026-01-17,a3986d20c19f33c7c107fw,2026-01-16 21:20:00,32,True,71,685,1555,2300,155.52,230.05,0.685,True,0.7166,,,,,,,,,,,,,,,,
2026-01-17,a3986d20c19f33c7c107fw,2026-01-16 21:30:00,33,True,73,512,1160,2296,116.03,229.67,0.512,True,0.7359,,,,,,,,,,,,,,,,
2026-01-17,a3986d20c19f33c7c107fw,2026-01-16 21:40:00,34,True,75,599,1357,2297,135.77,229.74,0.599,True,0.7586,,,,,,,,,,,,,,,,
2026-01-17,a3986d20c19f33c7c107fw,2026-01-16 21:50:00,35,True,77,349,794,2305,79.47,230.52,0.349,True,0.7718,,,,,,,,,,,,,,,,
2026-01-17,a3986d20c19f33c7c107fw,2026-01-16 22:00:00,36,True,78,261,591,2295,59.14,229.54,0.261,True,0.7817,,,,,,,,,,,,,,,,
2026-01-17,a3986d20c19f33c7c107fw,2026-01-16 22:10:00,37,True,78,175,400,2307,40.05,230.78,0.176,True,0.7883,,,,,,,,,,,,,,,,
2026-01-17,a3986d20c19f33c7c107fw,2026-01-16 22:20:00,38,True,80,506,1151,2304,115.16,230.42,0.507,True,0.8075,,,,,,,,,,,,,,,,
2026-01-17,a3986d20c19f33c7c107fw,2026-01-16 22:30:00,39,True,83,855,1941,2301,194.11,230.1,0.855,True,0.8399,,,,,,,,,,,,,,,,
2026-01-17,a3986d20c19f33c7c107fw,2026-01-16 22:40:00,40,True,86,682,1550,2301,155.06,230.18,0.683,True,0.8657,,,,,,,,,,,,,,,,
2026-01-17,a3986d20c19f33c7c107fw,2026-01-16 22:50:00,41,True,88,594,1350,2301,135.03,230.17,0.595,True,0.8882,,,,,,,,,,,,,,,,
2026-01-17,a3986d20c19f33c7c107fw,2026-01-16 23:00:00,42,True,91,590,1339,2297,133.93,229.74,0.591,True,0.9105,,,,,,,,,,,,,,,,
2026-01-17,a3986d20c19f33c7c107fw,2026-01-16 23:10:00,43,True,92,429,974,2301,97.48,230.15,0.429,True,0.9268,,,,,,,,,,,,,,,,
2026-01-17,a3986d20c19f33c7c107fw,2026-01-16 23:20:00,44,True,93,176,402,2312,40.26,231.24,0.176,True,0.9335,,,,,,,,,,,,,,,,
2026-01-17,a3986d20c19f33c7c107fw,2026-01-16 23:30:00,45,True,93,89,203,2301,20.35,230.1,0.09,True,0.9369,,,,,,,,,,,,,,,,
2026-01-17,a3986d20c19f33c7c107fw,2026-01-16 23:40:00,46,True,94,0,591,2300,59.2,230.01,0.0,True,0.9468,,,,,,,,,,,,,,,,
2026-01-17,a3986d20c19f33c7c107fw,2026-01-16 23:50:00,47,True,95,0,591,2297,59.2,229.73,0.0,True,0.9566,,,,,,,,,,,,,,,,
2026-01-17,a3986d20c19f33c7c107fw,2026-01-17 00:00:00,48,True,96,260,590,2293,59.05,229.38,0.261,True,0.9665,,,,,,,,,,,,,,,,
2026-01-17,a3986d20c19f33c7c107fw,2026-01-17 00:10:00,49,True,99,780,1773,2302,177.33,230.29,0.781,True,0.996,,,,,,,,,,,,,,,,
2026-01-17,a3986d20c19f33c7c107fw,2026-01-17 00:20:00,50,True,102,695,1580,2304,158.09,230.45,0.695,True,1.0224,,,,,,,,,,,,,,,,
2026-01-17,a3986d20c19f33c7c107fw,2026-01-17 00:30:00,51,True,104,608,1386,2307,138.64,230.76,0.609,True,1.0455,,,,,,,,,,,,,,,,
2026-01-17,a3986d20c19f33c7c107fw,2026-01-17 00:40:00,52,True,104,86,197,2307,19.76,230.72,0.087,True,1.0488,,,,,,,,,,,,,,,,
2026-01-17,a3986d20c19f33c7c107fw,2026-01-17 00:50:00,53,True,105,174,397,2317,39.8,231.74,0.174,True,1.0554,,,,,,,,,,,,,,,,
2026-01-17,a3986d20c19f33c7c107fw,2026-01-17 01:00:00,54,True,106,173,395,2304,39.52,230.49,0.174,True,1.062,,,,,,,,,,,,,,,,
2026-01-17,a3986d20c19f33c7c107fw,2026-01-17 01:10:00,55,True,106,166,378,2308,37.89,230.82,0.166,True,1.0683,,,,,,,,,,,,,,,,
2026-01-17,a3986d20c19f33c7c107fw,2026-01-17 01:20:00,56,True,108,511,1167,2315,116.77,231.55,0.511,True,1.0878,,,,,,,,,,,,,,,,
2026-01-17,a3986d20c19f33c7c107fw,2026-01-17 01:30:00,57,True,111,684,1564,2315,156.42,231.5,0.685,True,1.1138,,,,,,,,,,,,,,,,
2026-01-17,a3986d20c19f33c7c107fw,2026-01-17 01:40:00,58,True,113,523,1188,2301,118.88,230.16,0.524,True,1.1337,,,,,,,,,,,,,,,,
2026-01-17,a3986d20c19f33c7c107fw,2026-01-17 01:50:00,59,True,114,350,796,2302,79.69,230.24,0.351,True,1.1469,,,,,,,,,,,,,,,,
2026-01-17,a3986d20c19f33c7c107fw,2026-01-17 02:00:00,60,True,115,172,391,2297,39.15,229.7,0.173,True,1.1535,,,,,,,,,,,,,,,,
2026-01-17,a3986d20c19f33c7c107fw,2026-01-17 02:10:00,61,True,116,353,797,2287,79.71,228.76,0.353,True,1.1667,,,,,,,,,,,,,,,,
2026-01-17,a3986d20c19f33c7c107fw,2026-01-17 02:20:00,62,True,117,168,381,2296,38.16,229.62,0.168,True,1.1731,,,,,,,,,,,,,,,,
2026-01-17,a3986d20c19f33c7c107fw,2026-01-17 02:30:00,63,True,119,612,1378,2282,137.88,228.26,0.612,True,1.1961,,,,,,,,,,,,,,,,
2026-01-17,a3986d20c19f33c7c107fw,2026-01-17 02:40:00,64,True,121,517,1166,2286,116.69,228.6,0.517,True,1.2155,,,,,,,,,,,,,,,,
2026-01-17,a3986d20c19f33c7c107fw,2026-01-17 02:50:00,65,True,123,605,1367,2290,136.76,229.03,0.605,True,1.2383,,,,,,,,,,,,,,,,
2026-01-17,a3986d20c19f33c7c107fw,2026-01-17 03:00:00,66,True,126,596,1347,2291,134.78,229.1,0.596,True,1.2608,,,,,,,,,,,,,,,,
2026-01-17,a3986d20c19f33c7c107fw,2026-01-17 03:10:00,67,True,128,682,1538,2286,153.86,228.66,0.682,True,1.2864,,,,,,,,,,,,,,,,
2026-01-17,a3986d20c19f33c7c107fw,2026-01-17 03:20:00,68,True,131,670,1522,2300,152.21,230.09,0.671,True,1.3118,,,,,,,,,,,,,,,,
2026-01-17,a3986d20c19f33c7c107fw,2026-01-17 03:30:00,69,True,132,326,739,2300,74.0,230.0,0.326,True,1.3241,,,,,,,,,,,,,,,,
2026-01-17,a3986d20c19f33c7c107fw,2026-01-17 03:40:00,70,True,133,324,737,2304,73.76,230.42,0.324,True,1.3364,,,,,,,,,,,,,,,,
2026-01-17,a3986d20c19f33c7c107fw,2026-01-17 03:50:00,71,False,133,0,0,2310,0.0,231.03,0.0,False,1.3364,,,,,,,,,,,,,,,,
2026-01-17,a3986d20c19f33c7c107fw,2026-01-17 04:00:00,72,True,133,84,193,2315,19.34,231.52,0.085,True,1.3396,,,,,,,,,,,,,,,,
2026-01-17,a3986d20c19f33c7c107fw,2026-01-17 04:10:00,73,True,135,376,848,2282,84.85,228.22,0.377,True,1.3538,,,,,,,,,,,,,,,,
2026-01-17,a3986d20c19f33c7c107fw,2026-01-17 04:20:00,74,True,136,259,587,2293,58.71,229.38,0.259,True,1.3636,,,,,,,,,,,,,,,,
2026-01-17,a3986d20c19f33c7c107fw,2026-01-17 04:30:00,75,True,137,261,587,2276,58.71,227.65,0.261,True,1.3734,,,,,,,,,,,,,,,,
2026-01-17,a3986d20c19f33c7c107fw,2026-01-17 04:40:00,76,True,138,345,773,2266,77.34,226.6,0.346,True,1.3863,,,,,,,,,,,,,,,,
2026-01-17,a3986d20c19f33c7c107fw,2026-01-17 04:50:00,77,True,140,455,1025,2282,102.59,228.22,0.456,True,1.4034,,,,,,,,,,,,,,,,
2026-01-17,a3986d20c19f33c7c107fw,2026-01-17 05:00:00,78,True,142,455,1025,2282,102.59,228.22,0.456,True,1.4204,,,,,,,,,,,,,,,,
2026-01-17,a3986d20c19f33c7c107fw,2026-01-17 05:10:00,79,True,143,445,1000,2278,100.04,227.8,0.445,True,1.4371,,,,,,,,,,,,,,,,
2026-01-17,a3986d20c19f33c7c107fw,2026-01-17 05:20:00,80,False,143,0,0,2279,0.0,227.93,0.0,False,1.4371,,,,,,,,,,,,,,,,
2026-01-17,a3986d20c19f33c7c107fw,2026-01-17 05:30:00,81,False,143,0,0,2279,0.0,227.93,0.0,False,1.4371,,,,,,,,,,,,,,,,
2026-01-17,a3986d20c19f33c7c107fw,2026-01-17 05:40:00,82,False,143,0,0,2295,0.0,229.57,0.0,False,1.4371,,,,,,,,,,,,,,,,
2026-01-17,a3986d20c19f33c7c107fw,2026-01-17 05:50:00,83,True,145,437,986,2285,98.6,228.54,0.437,True,1.4536,,,,,,,,,,,,,,,,
2026-01-17,a3986d20c19f33c7c107fw,2026-01-17 06:00:00,84,True,146,359,805,2267,80.52,226.78,0.36,True,1.467,,,,,,,,,,,,,,,,
2026-01-17,a3986d20c19f33c7c107fw,2026-01-17 06:10:00,85,True,148,361,812,2281,81.3,228.12,0.361,True,1.4805,,,,,,,,,,,,,,,,
2026-01-17,a3986d20c19f33c7c107fw,2026-01-17 06:20:00,86,True,149,359,808,2277,80.8,227.7,0.36,True,1.494,,,,,,,,,,,,,,,,
2026-01-17,a3986d20c19f33c7c107fw,2026-01-17 06:30:00,87,True,150,262,588,2275,58.89,227.54,0.262,True,1.5038,,,,,,,,,,,,,,,,
2026-01-17,a3986d20c19f33c7c107fw,2026-01-17 06:40:00,88,True,152,527,1189,2287,118.98,228.7,0.527,True,1.5236,,,,,,,,,,,,,,,,
2026-01-17,a3986d20c19f33c7c107fw,2026-01-17 06:50:00,89,True,154,692,1558,2281,155.86,228.1,0.693,True,1.5496,,,,,,,,,,,,,,,,
2026-01-17,a3986d20c19f33c7c107fw,2026-01-17 07:00:00,90,True,156,352,793,2284,79.38,228.43,0.352,True,1.5628,,,,,,,,,,,,,,,,
2026-01-17,a3986d20c19f33c7c107fw,2026-01-17 07:10:00,91,True,157,353,798,2289,79.86,228.9,0.354,True,1.5762,,,,,,,,,,,,,,,,
2026-01-17,a3986d20c19f33c7c107fw,2026-01-17 07:20:00,92,True,159,428,963,2276,96.34,227.64,0.429,True,1.5922,,,,,,,,,,,,,,,,
2026-01-17,a3986d20c19f33c7c107fw,2026-01-17 07:30:00,93,True,160,340,766,2280,76.6,228.05,0.34,True,1.605,,,,,,,,,,,,,,,,
2026-01-17,a3986d20c19f33c7c107fw,2026-01-17 07:40:00,94,True,161,340,766,2283,76.62,228.3,0.34,True,1.6177,,,,,,,,,,,,,,,,
2026-01-17,a3986d20c19f33c7c107fw,2026-01-17 07:50:00,95,True,163,428,964,2281,96.47,228.19,0.429,True,1.6338,,,,,,,,,,,,,,,,
2026-01-17,a3986d20c19f33c7c107fw,2026-01-17 08:00:00,96,True,164,426,962,2284,96.23,228.49,0.427,True,1.6499,,,,,,,,,,,,,,,,
2026-01-17,a3986d20c19f33c7c107fw,2026-01-17 08:10:00,97,True,166,509,1152,2293,115.23,229.31,0.509,True,1.6691,,,,,,,,,,,,,,,,
2026-01-17,a3986d20c19f33c7c107fw,2026-01-17 08:20:00,98,True,168,425,964,2299,96.41,229.9,0.425,True,1.6851,,,,,,,,,,,,,,,,
2026-01-17,a3986d20c19f33c7c107fw,2026-01-17 08:30:00,99,True,170,430,977,2300,97.77,230.0,0.431,True,1.7014,,,,,,,,,,,,,,,,
2026-01-17,a3986d20c19f33c7c107fw,2026-01-17 08:40:00,100,True,171,260,592,2306,59.23,230.66,0.26,True,1.7113,,,,,,,,,,,,,,,,
2026-01-17,a3986d20c19f33c7c107fw,2026-01-17 08:50:00,101,True,172,344,782,2304,78.28,230.48,0.344,True,1.7244,,,,,,,,,,,,,,,,
2026-01-17,a3986d20c19f33c7c107fw,2026-01-17 09:00:00,102,True,173,171,390,2303,39.07,230.36,0.172,True,1.7309,,,,,,,,,,,,,,,,
2026-01-17,a3986d20c19f33c7c107fw,2026-01-17 09:10:00,103,True,173,171,390,2304,39.07,230.41,0.172,True,1.7374,,,,,,,,,,,,,,,,
2026-01-17,a3986d20c19f33c7c107fw,2026-01-17 09:20:00,104,True,175,517,1179,2309,117.97,230.97,0.518,True,1.757,,,,,,,,,,,,,,,,
2026-01-17,a3986d20c19f33c7c107fw,2026-01-17 09:30:00,105,True,176,262,596,2305,59.61,230.57,0.262,True,1.767,,,,,,,,,,,,,,,,
2026-01-17,a3986d20c19f33c7c107fw,2026-01-17 09:40:00,106,True,177,261,596,2306,59.61,230.63,0.262,True,1.7769,,,,,,,,,,,,,,,,
2026-01-17,a3986d20c19f33c7c107fw,2026-01-17 09:50:00,107,True,179,524,1191,2303,119.18,230.35,0.524,True,1.7968,,,,,,,,,,,,,,,,
2026-01-17,a3986d20c19f33c7c107fw,2026-01-17 10:00:00,108,True,181,351,799,2307,79.96,230.7,0.351,True,1.8101,,,,,,,,,,,,,,,,
2026-01-17,a3986d20c19f33c7c107fw,2026-01-17 10:10:00,109,True,182,263,598,2304,59.84,230.4,0.263,True,1.8201,,,,,,,,,,,,,,,,
2026-01-17,a3986d20c19f33c7c107fw,2026-01-17 10:20:00,110,True,182,175,398,2302,39.87,230.27,0.175,True,1.8267,,,,,,,,,,,,,,,,
2026-01-17,a3986d20c19f33c7c107fw,2026-01-17 10:30:00,111,True,183,0,591,2303,59.2,230.33,0.0,True,1.8366,,,,,,,,,,,,,,,,
2026-01-17,a3986d20c19f33c7c107fw,2026-01-17 10:40:00,112,True,183,84,192,2302,19.26,230.2,0.085,True,1.8398,,,,,,,,,,,,,,,,
2026-01-17,a3986d20c19f33c7c107fw,2026-01-17 10:50:00,113,True,184,175,398,2303,39.82,230.32,0.175,True,1.8464,,,,,,,,,,,,,,,,
2026-01-17,a3986d20c19f33c7c107fw,2026-01-17 11:00:00,114,False,184,0,0,2304,0.0,230.47,0.0,False,1.8464,,,,,,,,,,,,,,,,
2026-01-17,a3986d20c19f33c7c107fw,2026-01-17 11:10:00,115,True,185,265,602,2300,60.22,230.0,0.265,True,1.8565,,,,,,,,,,,,,,,,
2026-01-17,a3986d20c19f33c7c107fw,2026-01-17 11:20:00,116,True,187,439,999,2302,99.92,230.22,0.44,True,1.8731,,,,,,,,,,,,,,,,
2026-01-17,a3986d20c19f33c7c107fw,2026-01-17 11:30:00,117,True,188,442,1005,2301,100.58,230.13,0.443,True,1.8899,,,,,,,,,,,,,,,,
2026-01-17,a3986d20c19f33c7c107fw,2026-01-17 11:40:00,118,True,190,355,807,2298,80.71,229.84,0.356,True,1.9033,,,,,,,,,,,,,,,,
2026-01-17,a3986d20c19f33c7c107fw,2026-01-17 11:50:00,119,True,190,172,392,2311,39.25,231.12,0.172,True,1.9099,,,,,,,,,,,,,,,,
2026-01-17,a3986d20c19f33c7c107fw,2026-01-17 12:00:00,120,True,191,82,187,2306,18.76,230.64,0.082,True,1.913,,,,,,,,,,,,,,,,
2026-01-17,a3986d20c19f33c7c107fw,2026-01-17 12:10:00,121,True,191,86,195,2301,19.53,230.18,0.086,True,1.9163,,,,,,,,,,,,,,,,
2026-01-17,a3986d20c19f33c7c107fw,2026-01-17 12:20:00,122,True,192,174,396,2306,39.62,230.63,0.174,True,1.9229,,,,,,,,,,,,,,,,
2026-01-17,a3986d20c19f33c7c107fw,2026-01-17 12:30:00,123,True,192,174,396,2306,39.62,230.63,0.174,True,1.9295,,,,,,,,,,,,,,,,
2026-01-17,a3986d20c19f33c7c107fw,2026-01-17 12:40:00,124,True,194,528,1195,2293,119.59,229.34,0.529,True,1.9494,,,,,,,,,,,,,,,,
2026-01-17,a3986d20c19f33c7c107fw,2026-01-17 12:50:00,125,True,197,616,1390,2287,139.07,228.73,0.616,True,1.9726,,,,,,,,,,,,,,,,
2026-01-17,a3986d20c19f33c7c107fw,2026-01-17 13:00:00,126,True,199,524,1185,2288,118.53,228.86,0.525,True,1.9923,,,,,,,,,,,,,,,,
2026-01-17,a3986d20c19f33c7c107fw,2026-01-17 13:10:00,127,True,201,524,1185,2288,118.53,228.86,0.525,True,2.0121,,,,,,,,,,,,,,,,
2026-01-17,a3986d20c19f33c7c107fw,2026-01-17 13:20:00,128,True,202,340,766,2280,76.68,228.09,0.341,True,2.0249,,,,,,,,,,,,,,,,
2026-01-17,a3986d20c19f33c7c107fw,2026-01-17 13:30:00,129,True,203,256,575,2274,57.52,227.47,0.256,True,2.0345,,,,,,,,,,,,,,,,
2026-01-17,a3986d20c19f33c7c107fw,2026-01-17 13:40:00,130,True,203,81,183,2273,18.33,227.37,0.082,True,2.0375,,,,,,,,,,,,,,,,
2026-01-17,a3986d20c19f33c7c107fw,2026-01-17 13:50:00,131,True,204,81,183,2273,18.33,227.37,0.082,True,2.0406,,,,,,,,,,,,,,,,
2026-01-17,a3986d20c19f33c7c107fw,2026-01-17 14:00:00,132,True,205,342,766,2270,76.65,227.03,0.342,True,2.0533,,,,,,,,,,,,,,,,
2026-01-17,a3986d20c19f33c7c107fw,2026-01-17 14:10:00,133,True,206,356,798,2266,79.81,226.64,0.357,True,2.0666,,,,,,,,,,,,,,,,
2026-01-17,a3986d20c19f33c7c107fw,2026-01-17 14:20:00,134,True,207,356,798,2266,79.81,226.64,0.357,True,2.0799,,,,,,,,,,,,,,,,
2026-01-17,a3986d20c19f33c7c107fw,2026-01-17 14:30:00,135,True,209,443,992,2268,99.21,226.83,0.443,True,2.0965,,,,,,,,,,,,,,,,
2026-01-17,a3986d20c19f33c7c107fw,2026-01-17 14:40:00,136,True,211,438,981,2268,98.19,226.87,0.439,True,2.1128,,,,,,,,,,,,,,,,
2026-01-17,a3986d20c19f33c7c107fw,2026-01-17 14:50:00,137,True,212,348,780,2269,78.02,226.95,0.348,True,2.1258,,,,,,,,,,,,,,,,
2026-01-17,a3986d20c19f33c7c107fw,2026-01-17 15:00:00,138,True,213,341,767,2282,76.8,228.2,0.341,True,2.1386,,,,,,,,,,,,,,,,
2026-01-17,a3986d20c19f33c7c107fw,2026-01-17 15:10:00,139,True,215,431,969,2279,96.96,227.94,0.431,True,2.1548,,,,,,,,,,,,,,,,
2026-01-17,a3986d20c19f33c7c107fw,2026-01-17 15:20:00,140,True,217,434,977,2279,97.74,227.9,0.435,True,2.1711,,,,,,,,,,,,,,,,
2026-01-17,a3986d20c19f33c7c107fw,2026-01-17 15:30:00,141,True,218,432,973,2279,97.35,227.97,0.433,True,2.1873,,,,,,,,,,,,,,,,
2026-01-17,a3986d20c19f33c7c107fw,2026-01-17 15:40:00,142,True,220,427,961,2278,96.13,227.81,0.428,True,2.2033,,,,,,,,,,,,,,,,
2026-01-17,a3986d20c19f33c7c107fw,2026-01-17 15:50:00,143,True,220,177,399,2284,39.97,228.48,0.177,True,2.21,,,,,,,,,,,,,,,,
2026-01-18,a3986d20c19f33c7c107fw,2026-01-17 16:00:00,0,True,1,370,874,2284,87.42,228.4,0.37,True,0.0146,,,,,,,,,,,,,,,,
2026-01-18,a3986d20c19f33c7c107fw,2026-01-17 16:10:00,1,True,2,278,657,2284,65.77,228.45,0.278,True,0.0255,,,,,,,,,,,,,,,,
2026-01-18,a3986d20c19f33c7c107fw,2026-01-17 16:20:00,2,True,5,824,1946,2282,194.68,228.22,0.825,True,0.058,,,,,,,,,,,,,,,,
2026-01-18,a3986d20c19f33c7c107fw,2026-01-17 16:30:00,3,True,7,457,1074,2271,107.44,227.19,0.457,True,0.0759,,,,,,,,,,,,,,,,
2026-01-18,a3986d20c19f33c7c107fw,2026-01-17 16:40:00,4,True,11,1019,2411,2287,241.11,228.73,1.019,True,0.1161,,,,,,,,,,,,,,,,
2026-01-18,a3986d20c19f33c7c107fw,2026-01-17 16:50:00,5,True,15,922,2177,2282,217.76,228.29,0.922,True,0.1524,,,,,,,,,,,,,,,,
2026-01-18,a3986d20c19f33c7c107fw,2026-01-17 17:00:00,6,True,19,1008,2379,2281,237.93,228.13,1.008,True,0.192,,,,,,,,,,,,,,,,
2026-01-18,a3986d20c19f33c7c107fw,2026-01-17 17:10:00,7,True,21,549,1291,2273,129.18,227.36,0.549,True,0.2135,,,,,,,,,,,,,,,,
2026-01-18,a3986d20c19f33c7c107fw,2026-01-17 17:20:00,8,True,23,556,1316,2288,131.68,228.81,0.556,True,0.2355,,,,,,,,,,,,,,,,
2026-01-18,a3986d20c19f33c7c107fw,2026-01-17 17:30:00,9,True,25,586,1392,2295,139.2,229.59,0.586,True,0.2587,,,,,,,,,,,,,,,,
2026-01-18,a3986d20c19f33c7c107fw,2026-01-17 17:40:00,10,True,27,479,1137,2294,113.74,229.4,0.479,True,0.2777,,,,,,,,,,,,,,,,
2026-01-18,a3986d20c19f33c7c107fw,2026-01-17 17:50:00,11,True,29,546,1296,2296,129.7,229.61,0.546,True,0.2993,,,,,,,,,,,,,,,,
2026-01-18,a3986d20c19f33c7c107fw,2026-01-17 18:00:00,12,True,33,1010,2387,2284,238.73,228.47,1.01,True,0.3391,,,,,,,,,,,,,,,,
2026-01-18,a3986d20c19f33c7c107fw,2026-01-17 18:10:00,13,True,36,737,1745,2289,174.56,228.93,0.737,True,0.3682,,,,,,,,,,,,,,,,
2026-01-18,a3986d20c19f33c7c107fw,2026-01-17 18:20:00,14,True,40,857,2029,2287,202.92,228.77,0.858,True,0.402,,,,,,,,,,,,,,,,
2026-01-18,a3986d20c19f33c7c107fw,2026-01-17 18:30:00,15,True,43,750,1774,2286,177.46,228.65,0.75,True,0.4315,,,,,,,,,,,,,,,,
2026-01-18,a3986d20c19f33c7c107fw,2026-01-17 18:40:00,16,True,46,733,1739,2291,173.91,229.16,0.734,True,0.4605,,,,,,,,,,,,,,,,
2026-01-18,a3986d20c19f33c7c107fw,2026-01-17 18:50:00,17,True,48,652,1552,2302,155.27,230.23,0.652,True,0.4864,,,,,,,,,,,,,,,,
2026-01-18,a3986d20c19f33c7c107fw,2026-01-17 19:00:00,18,True,51,747,1778,2302,177.87,230.21,0.747,True,0.5161,,,,,,,,,,,,,,,,
2026-01-18,a3986d20c19f33c7c107fw,2026-01-17 19:10:00,19,True,53,545,1299,2305,129.96,230.52,0.545,True,0.5377,,,,,,,,,,,,,,,,
2026-01-18,a3986d20c19f33c7c107fw,2026-01-17 19:20:00,20,True,55,545,1299,2303,129.96,230.3,0.546,True,0.5594,,,,,,,,,,,,,,,,
2026-01-18,a3986d20c19f33c7c107fw,2026-01-17 19:30:00,21,True,58,732,1743,2302,174.39,230.27,0.732,True,0.5884,,,,,,,,,,,,,,,,
2026-01-18,a3986d20c19f33c7c107fw,2026-01-17 19:40:00,22,True,60,541,1291,2305,129.18,230.5,0.542,True,0.61,,,,,,,,,,,,,,,,
2026-01-18,a3986d20c19f33c7c107fw,2026-01-17 19:50:00,23,True,63,541,1287,2300,128.8,230.07,0.541,True,0.6314,,,,,,,,,,,,,,,,
2026-01-18,a3986d20c19f33c7c107fw,2026-01-17 20:00:00,24,True,65,635,1517,2307,151.77,230.74,0.636,True,0.6567,,,,,,,,,,,,,,,,
2026-01-18,a3986d20c19f33c7c107fw,2026-01-17 20:10:00,25,True,68,637,1517,2301,151.77,230.11,0.638,True,0.682,,,,,,,,,,,,,,,,
2026-01-18,a3986d20c19f33c7c107fw,2026-01-17 20:20:00,26,True,68,182,434,2303,43.42,230.32,0.182,True,0.6893,,,,,,,,,,,,,,,,
2026-01-18,a3986d20c19f33c7c107fw,2026-01-17 20:30:00,27,True,69,190,453,2309,45.38,230.9,0.19,True,0.6968,,,,,,,,,,,,,,,,
2026-01-18,a3986d20c19f33c7c107fw,2026-01-17 20:40:00,28,True,70,183,436,2304,43.7,230.4,0.183,True,0.7041,,,,,,,,,,,,,,,,
2026-01-18,a3986d20c19f33c7c107fw,2026-01-17 20:50:00,29,True,71,277,663,2312,66.38,231.27,0.278,True,0.7152,,,,,,,,,,,,,,,,
2026-01-18,a3986d20c19f33c7c107fw,2026-01-17 21:00:00,30,True,74,648,1547,2308,154.71,230.82,0.648,True,0.741,,,,,,,,,,,,,,,,
2026-01-18,a3986d20c19f33c7c107fw,2026-01-17 21:10:00,31,True,76,729,1733,2297,173.36,229.7,0.73,True,0.7698,,,,,,,,,,,,,,,,
2026-01-18,a3986d20c19f33c7c107fw,2026-01-17 21:20:00,32,True,79,728,1733,2300,173.36,230.05,0.729,True,0.7987,,,,,,,,,,,,,,,,
2026-01-18,a3986d20c19f33c7c107fw,2026-01-17 21:30:00,33,True,82,544,1293,2296,129.32,229.67,0.544,True,0.8203,,,,,,,,,,,,,,,,
2026-01-18,a3986d20c19f33c7c107fw,2026-01-17 21:40:00,34,True,84,636,1513,2297,151.33,229.74,0.637,True,0.8455,,,,,,,,,,,,,,,,
2026-01-18,a3986d20c19f33c7c107fw,2026-01-17 21:50:00,35,True,86,371,885,2305,88.58,230.52,0.372,True,0.8603,,,,,,,,,,,,,,,,
2026-01-18,a3986d20c19f33c7c107fw,2026-01-17 22:00:00,36,True,87,277,659,2295,65.92,229.54,0.278,True,0.8713,,,,,,,,,,,,,,,,
2026-01-18,a3986d20c19f33c7c107fw,2026-01-17 22:10:00,37,True,87,187,446,2307,44.64,230.78,0.187,True,0.8787,,,,,,,,,,,,,,,,
2026-01-18,a3986d20c19f33c7c107fw,2026-01-17 22:20:00,38,True,90,538,1283,2304,128.35,230.42,0.539,True,0.9001,,,,,,,,,,,,,,,,
2026-01-18,a3986d20c19f33c7c107fw,2026-01-17 22:30:00,39,True,93,909,2163,2301,216.35,230.1,0.909,True,0.9362,,,,,,,,,,,,,,,,
2026-01-18,a3986d20c19f33c7c107fw,2026-01-17 22:40:00,40,True,96,726,1728,2301,172.82,230.18,0.726,True,0.965,,,,,,,,,,,,,,,,
2026-01-18,a3986d20c19f33c7c107fw,2026-01-17 22:50:00,41,True,99,632,1505,2301,150.5,230.17,0.632,True,0.99,,,,,,,,,,,,,,,,
2026-01-18,a3986d20c19f33c7c107fw,2026-01-17 23:00:00,42,True,101,628,1492,2297,149.28,229.74,0.628,True,1.0149,,,,,,,,,,,,,,,,
2026-01-18,a3986d20c19f33c7c107fw,2026-01-17 23:10:00,43,True,103,456,1086,2301,108.65,230.15,0.456,True,1.033,,,,,,,,,,,,,,,,
2026-01-18,a3986d20c19f33c7c107fw,2026-01-17 23:20:00,44,True,104,187,448,2312,44.88,231.24,0.188,True,1.0405,,,,,,,,,,,,,,,,
2026-01-18,a3986d20c19f33c7c107fw,2026-01-17 23:30:00,45,True,104,95,226,2301,22.69,230.1,0.095,True,1.0443,,,,,,,,,,,,,,,,
2026-01-18,a3986d20c19f33c7c107fw,2026-01-17 23:40:00,46,True,105,0,592,2300,59.28,230.01,0.0,True,1.0542,,,,,,,,,,,,,,,,
2026-01-18,a3986d20c19f33c7c107fw,2026-01-17 23:50:00,47,True,106,0,592,2297,59.28,229.73,0.0,True,1.0641,,,,,,,,,,,,,,,,
2026-01-18,a3986d20c19f33c7c107fw,2026-01-18 00:00:00,48,True,107,277,658,2293,65.82,229.38,0.277,True,1.075,,,,,,,,,,,,,,,,
2026-01-18,a3986d20c19f33c7c107fw,2026-01-18 00:10:00,49,True,110,829,1976,2302,197.67,230.29,0.83,True,1.108,,,,,,,,,,,,,,,,
2026-01-18,a3986d20c19f33c7c107fw,2026-01-18 00:20:00,50,True,113,739,1762,2304,176.22,230.45,0.739,True,1.1373,,,,,,,,,,,,,,,,
2026-01-18,a3986d20c19f33c7c107fw,2026-01-18 00:30:00,51,True,116,647,1545,2307,154.55,230.76,0.648,True,1.1631,,,,,,,,,,,,,,,,
2026-01-18,a3986d20c19f33c7c107fw,2026-01-18 00:40:00,52,True,116,92,220,2307,22.03,230.72,0.092,True,1.1668,,,,,,,,,,,,,,,,
2026-01-18,a3986d20c19f33c7c107fw,2026-01-18 00:50:00,53,True,117,185,443,2317,44.36,231.74,0.185,True,1.1742,,,,,,,,,,,,,,,,
2026-01-18,a3986d20c19f33c7c107fw,2026-01-18 01:00:00,54,True,118,184,440,2304,44.05,230.49,0.185,True,1.1815,,,,,,,,,,,,,,,,
2026-01-18,a3986d20c19f33c7c107fw,2026-01-18 01:10:00,55,True,118,176,422,2308,42.23,230.82,0.177,True,1.1885,,,,,,,,,,,,,,,,
2026-01-18,a3986d20c19f33c7c107fw,2026-01-18 01:20:00,56,True,121,543,1301,2315,130.15,231.55,0.543,True,1.2102,,,,,,,,,,,,,,,,
2026-01-18,a3986d20c19f33c7c107fw,2026-01-18 01:30:00,57,True,123,728,1743,2315,174.34,231.5,0.728,True,1.2393,,,,,,,,,,,,,,,,
2026-01-18,a3986d20c19f33c7c107fw,2026-01-18 01:40:00,58,True,126,556,1325,2301,132.51,230.16,0.557,True,1.2614,,,,,,,,,,,,,,,,
2026-01-18,a3986d20c19f33c7c107fw,2026-01-18 01:50:00,59,True,127,373,888,2302,88.83,230.24,0.373,True,1.2762,,,,,,,,,,,,,,,,
2026-01-18,a3986d20c19f33c7c107fw,2026-01-18 02:00:00,60,True,128,183,436,2297,43.65,229.7,0.184,True,1.2835,,,,,,,,,,,,,,,,
2026-01-18,a3986d20c19f33c7c107fw,2026-01-18 02:10:00,61,True,129,375,888,2287,88.84,228.76,0.376,True,1.2983,,,,,,,,,,,,,,,,
2026-01-18,a3986d20c19f33c7c107fw,2026-01-18 02:20:00,62,True,130,179,425,2296,42.54,229.62,0.179,True,1.3054,,,,,,,,,,,,,,,,
2026-01-18,a3986d20c19f33c7c107fw,2026-01-18 02:30:00,63,True,133,650,1536,2282,153.69,228.26,0.651,True,1.331,,,,,,,,,,,,,,,,
2026-01-18,a3986d20c19f33c7c107fw,2026-01-18 02:40:00,64,True,135,550,1300,2286,130.07,228.6,0.55,True,1.3526,,,,,,,,,,,,,,,,
2026-01-18,a3986d20c19f33c7c107fw,2026-01-18 02:50:00,65,True,137,643,1524,2290,152.44,229.03,0.644,True,1.3781,,,,,,,,,,,,,,,,
2026-01-18,a3986d20c19f33c7c107fw,2026-01-18 03:00:00,66,True,140,634,1502,2291,150.24,229.1,0.634,True,1.4031,,,,,,,,,,,,,,,,
2026-01-18,a3986d20c19f33c7c107fw,2026-01-18 03:10:00,67,True,143,725,1714,2286,171.5,228.66,0.725,True,1.4317,,,,,,,,,,,,,,,,
2026-01-18,a3986d20c19f33c7c107fw,2026-01-18 03:20:00,68,True,145,713,1696,2300,169.67,230.09,0.713,True,1.46,,,,,,,,,,,,,,,,
2026-01-18,a3986d20c19f33c7c107fw,2026-01-18 03:30:00,69,True,147,346,824,2300,82.47,230.0,0.347,True,1.4737,,,,,,,,,,,,,,,,
2026-01-18,a3986d20c19f33c7c107fw,2026-01-18 03:40:00,70,True,148,345,822,2304,82.22,230.42,0.345,True,1.4874,,,,,,,,,,,,,,,,
2026-01-18,a3986d20c19f33c7c107fw,2026-01-18 03:50:00,71,False,148,0,0,2310,0.0,231.03,0.0,False,1.4874,,,,,,,,,,,,,,,,
2026-01-18,a3986d20c19f33c7c107fw,2026-01-18 04:00:00,72,True,149,90,215,2315,21.57,231.52,0.09,True,1.491,,,,,,,,,,,,,,,,
2026-01-18,a3986d20c19f33c7c107fw,2026-01-18 04:10:00,73,True,150,400,945,2282,94.58,228.22,0.401,True,1.5068,,,,,,,,,,,,,,,,
2026-01-18,a3986d20c19f33c7c107fw,2026-01-18 04:20:00,74,True,151,275,654,2293,65.44,229.38,0.276,True,1.5177,,,,,,,,,,,,,,,,
2026-01-18,a3986d20c19f33c7c107fw,2026-01-18 04:30:00,75,True,152,277,654,2276,65.44,227.65,0.278,True,1.5286,,,,,,,,,,,,,,,,
2026-01-18,a3986d20c19f33c7c107fw,2026-01-18 04:40:00,76,True,154,367,862,2266,86.21,226.6,0.368,True,1.5429,,,,,,,,,,,,,,,,
2026-01-18,a3986d20c19f33c7c107fw,2026-01-18 04:50:00,77,True,156,484,1143,2282,114.35,228.22,0.484,True,1.562,,,,,,,,,,,,,,,,
2026-01-18,a3986d20c19f33c7c107fw,2026-01-18 05:00:00,78,True,158,484,1143,2282,114.35,228.22,0.484,True,1.5811,,,,,,,,,,,,,,,,
2026-01-18,a3986d20c19f33c7c107fw,2026-01-18 05:10:00,79,True,159,473,1115,2278,111.52,227.8,0.473,True,1.5996,,,,,,,,,,,,,,,,
2026-01-18,a3986d20c19f33c7c107fw,2026-01-18 05:20:00,80,False,159,0,0,2279,0.0,227.93,0.0,False,1.5996,,,,,,,,,,,,,,,,
2026-01-18,a3986d20c19f33c7c107fw,2026-01-18 05:30:00,81,False,159,0,0,2279,0.0,227.93,0.0,False,1.5996,,,,,,,,,,,,,,,,
2026-01-18,a3986d20c19f33c7c107fw,2026-01-18 05:40:00,82,False,159,0,0,2295,0.0,229.57,0.0,False,1.5996,,,,,,,,,,,,,,,,
2026-01-18,a3986d20c19f33c7c107fw,2026-01-18 05:50:00,83,True,161,464,1098,2285,109.9,228.54,0.465,True,1.618,,,,,,,,,,,,,,,,
2026-01-18,a3986d20c19f33c7c107fw,2026-01-18 06:00:00,84,True,163,382,897,2267,89.75,226.78,0.383,True,1.6329,,,,,,,,,,,,,,,,
2026-01-18,a3986d20c19f33c7c107fw,2026-01-18 06:10:00,85,True,164,384,906,2281,90.61,228.12,0.384,True,1.648,,,,,,,,,,,,,,,,
2026-01-18,a3986d20c19f33c7c107fw,2026-01-18 06:20:00,86,True,166,382,900,2277,90.07,227.7,0.382,True,1.663,,,,,,,,,,,,,,,,
2026-01-18,a3986d20c19f33c7c107fw,2026-01-18 06:30:00,87,True,167,278,656,2275,65.64,227.54,0.279,True,1.674,,,,,,,,,,,,,,,,
2026-01-18,a3986d20c19f33c7c107fw,2026-01-18 06:40:00,88,True,169,560,1326,2287,132.61,228.7,0.561,True,1.6961,,,,,,,,,,,,,,,,
2026-01-18,a3986d20c19f33c7c107fw,2026-01-18 06:50:00,89,True,172,736,1737,2281,173.73,228.1,0.736,True,1.725,,,,,,,,,,,,,,,,
2026-01-18,a3986d20c19f33c7c107fw,2026-01-18 07:00:00,90,True,173,374,884,2284,88.49,228.43,0.375,True,1.7398,,,,,,,,,,,,,,,,
2026-01-18,a3986d20c19f33c7c107fw,2026-01-18 07:10:00,91,True,175,375,890,2289,89.0,228.9,0.376,True,1.7546,,,,,,,,,,,,,,,,
2026-01-18,a3986d20c19f33c7c107fw,2026-01-18 07:20:00,92,True,177,456,1073,2276,107.39,227.64,0.456,True,1.7725,,,,,,,,,,,,,,,,
2026-01-18,a3986d20c19f33c7c107fw,2026-01-18 07:30:00,93,True,178,362,853,2280,85.38,228.05,0.362,True,1.7867,,,,,,,,,,,,,,,,
2026-01-18,a3986d20c19f33c7c107fw,2026-01-18 07:40:00,94,True,180,361,854,2283,85.41,228.3,0.362,True,1.801,,,,,,,,,,,,,,,,
2026-01-18,a3986d20c19f33c7c107fw,2026-01-18 07:50:00,95,True,181,455,1075,2281,107.53,228.19,0.456,True,1.8189,,,,,,,,,,,,,,,,
2026-01-18,a3986d20c19f33c7c107fw,2026-01-18 08:00:00,96,True,183,453,1072,2284,107.27,228.49,0.454,True,1.8368,,,,,,,,,,,,,,,,
2026-01-18,a3986d20c19f33c7c107fw,2026-01-18 08:10:00,97,True,185,541,1284,2293,128.43,229.31,0.542,True,1.8582,,,,,,,,,,,,,,,,
2026-01-18,a3986d20c19f33c7c107fw,2026-01-18 08:20:00,98,True,187,451,1074,2299,107.46,229.9,0.452,True,1.8761,,,,,,,,,,,,,,,,
2026-01-18,a3986d20c19f33c7c107fw,2026-01-18 08:30:00,99,True,189,458,1089,2300,108.97,230.0,0.458,True,1.8943,,,,,,,,,,,,,,,,
2026-01-18,a3986d20c19f33c7c107fw,2026-01-18 08:40:00,100,True,190,276,660,2306,66.01,230.66,0.277,True,1.9053,,,,,,,,,,,,,,,,
2026-01-18,a3986d20c19f33c7c107fw,2026-01-18 08:50:00,101,True,191,366,872,2304,87.26,230.48,0.366,True,1.9198,,,,,,,,,,,,,,,,
2026-01-18,a3986d20c19f33c7c107fw,2026-01-18 09:00:00,102,True,192,182,435,2303,43.54,230.36,0.183,True,1.9271,,,,,,,,,,,,,,,,
2026-01-18,a3986d20c19f33c7c107fw,2026-01-18 09:10:00,103,True,193,182,435,2304,43.54,230.41,0.183,True,1.9343,,,,,,,,,,,,,,,,
2026-01-18,a3986d20c19f33c7c107fw,2026-01-18 09:20:00,104,True,195,550,1314,2309,131.49,230.97,0.55,True,1.9562,,,,,,,,,,,,,,,,
2026-01-18,a3986d20c19f33c7c107fw,2026-01-18 09:30:00,105,True,196,278,664,2305,66.44,230.57,0.279,True,1.9673,,,,,,,,,,,,,,,,
2026-01-18,a3986d20c19f33c7c107fw,2026-01-18 09:40:00,106,True,197,278,664,2306,66.44,230.63,0.279,True,1.9784,,,,,,,,,,,,,,,,
2026-01-18,a3986d20c19f33c7c107fw,2026-01-18 09:50:00,107,True,200,557,1328,2303,132.84,230.35,0.558,True,2.0005,,,,,,,,,,,,,,,,
2026-01-18,a3986d20c19f33c7c107fw,2026-01-18 10:00:00,108,True,201,373,891,2307,89.12,230.7,0.374,True,2.0154,,,,,,,,,,,,,,,,
2026-01-18,a3986d20c19f33c7c107fw,2026-01-18 10:10:00,109,True,202,279,667,2304,66.71,230.4,0.28,True,2.0265,,,,,,,,,,,,,,,,
2026-01-18,a3986d20c19f33c7c107fw,2026-01-18 10:20:00,110,True,203,186,444,2302,44.44,230.27,0.187,True,2.0339,,,,,,,,,,,,,,,,
2026-01-18,a3986d20c19f33c7c107fw,2026-01-18 10:30:00,111,True,204,0,592,2303,59.28,230.33,0.0,True,2.0438,,,,,,,,,,,,,,,,
2026-01-18,a3986d20c19f33c7c107fw,2026-01-18 10:40:00,112,True,204,90,214,2302,21.46,230.2,0.09,True,2.0473,,,,,,,,,,,,,,,,
2026-01-18,a3986d20c19f33c7c107fw,2026-01-18 10:50:00,113,True,205,186,443,2303,44.39,230.32,0.186,True,2.0547,,,,,,,,,,,,,,,,
2026-01-18,a3986d20c19f33c7c107fw,2026-01-18 11:00:00,114,False,205,0,0,2304,0.0,230.47,0.0,False,2.0547,,,,,,,,,,,,,,,,
2026-01-18,a3986d20c19f33c7c107fw,2026-01-18 11:10:00,115,True,206,282,671,2300,67.13,230.0,0.282,True,2.0659,,,,,,,,,,,,,,,,
2026-01-18,a3986d20c19f33c7c107fw,2026-01-18 11:20:00,116,True,208,467,1113,2302,111.38,230.22,0.468,True,2.0845,,,,,,,,,,,,,,,,
2026-01-18,a3986d20c19f33c7c107fw,2026-01-18 11:30:00,117,True,210,471,1121,2301,112.1,230.13,0.471,True,2.1032,,,,,,,,,,,,,,,,
2026-01-18,a3986d20c19f33c7c107fw,2026-01-18 11:40:00,118,True,211,378,899,2298,89.97,229.84,0.379,True,2.1182,,,,,,,,,,,,,,,,
2026-01-18,a3986d20c19f33c7c107fw,2026-01-18 11:50:00,119,True,212,183,437,2311,43.75,231.12,0.183,True,2.1255,,,,,,,,,,,,,,,,
2026-01-18,a3986d20c19f33c7c107fw,2026-01-18 12:00:00,120,True,212,87,209,2306,20.91,230.64,0.088,True,2.129,,,,,,,,,,,,,,,,
2026-01-18,a3986d20c19f33c7c107fw,2026-01-18 12:10:00,121,True,213,91,217,2301,21.78,230.18,0.091,True,2.1326,,,,,,,,,,,,,,,,
2026-01-18,a3986d20c19f33c7c107fw,2026-01-18 12:20:00,122,True,213,185,441,2306,44.16,230.63,0.185,True,2.1399,,,,,,,,,,,,,,,,
2026-01-18,a3986d20c19f33c7c107fw,2026-01-18 12:30:00,123,True,214,185,441,2306,44.16,230.63,0.185,True,2.1473,,,,,,,,,,,,,,,,
2026-01-18,a3986d20c19f33c7c107fw,2026-01-18 12:40:00,124,True,216,561,1332,2293,133.29,229.34,0.562,True,2.1695,,,,,,,,,,,,,,,,
2026-01-18,a3986d20c19f33c7c107fw,2026-01-18 12:50:00,125,True,219,655,1550,2287,155.02,228.73,0.655,True,2.1954,,,,,,,,,,,,,,,,
2026-01-18,a3986d20c19f33c7c107fw,2026-01-18 13:00:00,126,True,221,558,1321,2288,132.12,228.86,0.558,True,2.2174,,,,,,,,,,,,,,,,
2026-01-18,a3986d20c19f33c7c107fw,2026-01-18 13:10:00,127,True,223,558,1321,2288,132.12,228.86,0.558,True,2.2394,,,,,,,,,,,,,,,,
2026-01-18,a3986d20c19f33c7c107fw,2026-01-18 13:20:00,128,True,225,362,854,2280,85.48,228.09,0.362,True,2.2536,,,,,,,,,,,,,,,,
2026-01-18,a3986d20c19f33c7c107fw,2026-01-18 13:30:00,129,True,226,272,641,2274,64.11,227.47,0.273,True,2.2643,,,,,,,,,,,,,,,,
2026-01-18,a3986d20c19f33c7c107fw,2026-01-18 13:40:00,130,True,226,86,204,2273,20.42,227.37,0.087,True,2.2677,,,,,,,,,,,,,,,,
2026-01-18,a3986d20c19f33c7c107fw,2026-01-18 13:50:00,131,True,227,86,204,2273,20.42,227.37,0.087,True,2.2711,,,,,,,,,,,,,,,,
2026-01-18,a3986d20c19f33c7c107fw,2026-01-18 14:00:00,132,True,228,363,854,2270,85.44,227.03,0.364,True,2.2854,,,,,,,,,,,,,,,,
2026-01-18,a3986d20c19f33c7c107fw,2026-01-18 14:10:00,133,True,230,379,889,2266,88.96,226.64,0.379,True,2.3002,,,,,,,,,,,,,,,,
2026-01-18,a3986d20c19f33c7c107fw,2026-01-18 14:20:00,134,True,231,379,889,2266,88.96,226.64,0.379,True,2.315,,,,,,,,,,,,,,,,
2026-01-18,a3986d20c19f33c7c107fw,2026-01-18 14:30:00,135,True,233,471,1105,2268,110.59,226.83,0.471,True,2.3335,,,,,,,,,,,,,,,,
2026-01-18,a3986d20c19f33c7c107fw,2026-01-18 14:40:00,136,True,235,466,1094,2268,109.45,226.87,0.466,True,2.3517,,,,,,,,,,,,,,,,
2026-01-18,a3986d20c19f33c7c107fw,2026-01-18 14:50:00,137,True,236,370,869,2269,86.97,226.95,0.371,True,2.3662,,,,,,,,,,,,,,,,
2026-01-18,a3986d20c19f33c7c107fw,2026-01-18 15:00:00,138,True,238,362,855,2282,85.6,228.2,0.363,True,2.3805,,,,,,,,,,,,,,,,
2026-01-18,a3986d20c19f33c7c107fw,2026-01-18 15:10:00,139,True,239,458,1080,2279,108.08,227.94,0.458,True,2.3985,,,,,,,,,,,,,,,,
2026-01-18,a3986d20c19f33c7c107fw,2026-01-18 15:20:00,140,True,241,462,1089,2279,108.95,227.9,0.462,True,2.4166,,,,,,,,,,,,,,,,
2026-01-18,a3986d20c19f33c7c107fw,2026-01-18 15:30:00,141,True,243,460,1085,2279,108.51,227.97,0.46,True,2.4347,,,,,,,,,,,,,,,,
2026-01-18,a3986d20c19f33c7c107fw,2026-01-18 15:40:00,142,True,245,454,1071,2278,107.14,227.81,0.455,True,2.4526,,,,,,,,,,,,,,,,
2026-01-18,a3986d20c19f33c7c107fw,2026-01-18 15:50:00,143,True,246,188,445,2284,44.56,228.48,0.189,True,2.46,,,,,,,,,,,,,,,,
2026-01-19,a3986d20c19f33c7c107fw,2026-01-18 16:00:00,0,True,1,354,798,2284,79.87,228.4,0.354,True,0.0133,,,,,,,,,,,,,,,,
2026-01-19,a3986d20c19f33c7c107fw,2026-01-18 16:10:00,1,True,2,266,600,2284,60.08,228.45,0.267,True,0.0233,,,,,,,,,,,,,,,,
2026-01-19,a3986d20c19f33c7c107fw,2026-01-18 16:20:00,2,True,5,789,1778,2282,177.86,228.22,0.79,True,0.053,,,,,,,,,,,,,,,,
2026-01-19,a3986d20c19f33c7c107fw,2026-01-18 16:30:00,3,True,6,437,981,2271,98.16,227.19,0.438,True,0.0693,,,,,,,,,,,,,,,,
2026-01-19,a3986d20c19f33c7c107fw,2026-01-18 16:40:00,4,True,10,975,2202,2287,220.28,228.73,0.976,True,0.106,,,,,,,,,,,,,,,,
2026-01-19,a3986d20c19f33c7c107fw,2026-01-18 16:50:00,5,True,13,883,1989,2282,198.95,228.29,0.883,True,0.1392,,,,,,,,,,,,,,,,
2026-01-19,a3986d20c19f33c7c107fw,2026-01-18 17:00:00,6,True,17,965,2173,2281,217.37,228.13,0.966,True,0.1754,,,,,,,,,,,,,,,,
2026-01-19,a3986d20c19f33c7c107fw,2026-01-18 17:10:00,7,True,19,526,1180,2273,118.03,227.36,0.526,True,0.1951,,,,,,,,,,,,,,,,
2026-01-19,a3986d20c19f33c7c107fw,2026-01-18 17:20:00,8,True,21,532,1203,2288,120.31,228.81,0.533,True,0.2151,,,,,,,,,,,,,,,,
2026-01-19,a3986d20c19f33c7c107fw,2026-01-18 17:30:00,9,True,23,561,1271,2295,127.17,229.59,0.561,True,0.2363,,,,,,,,,,,,,,,,
2026-01-19,a3986d20c19f33c7c107fw,2026-01-18 17:40:00,10,True,25,459,1039,2294,103.91,229.4,0.459,True,0.2537,,,,,,,,,,,,,,,,
2026-01-19,a3986d20c19f33c7c107fw,2026-01-18 17:50:00,11,True,27,522,1184,2296,118.49,229.61,0.523,True,0.2734,,,,,,,,,,,,,,,,
2026-01-19,a3986d20c19f33c7c107fw,2026-01-18 18:00:00,12,True,30,967,2181,2284,218.1,228.47,0.967,True,0.3098,,,,,,,,,,,,,,,,
2026-01-19,a3986d20c19f33c7c107fw,2026-01-18 18:10:00,13,True,33,705,1594,2289,159.48,228.93,0.706,True,0.3363,,,,,,,,,,,,,,,,
2026-01-19,a3986d20c19f33c7c107fw,2026-01-18 18:20:00,14,True,36,821,1853,2287,185.39,228.77,0.821,True,0.3672,,,,,,,,,,,,,,,,
2026-01-19,a3986d20c19f33c7c107fw,2026-01-18 18:30:00,15,True,39,718,1621,2286,162.13,228.65,0.719,True,0.3943,,,,,,,,,,,,,,,,
2026-01-19,a3986d20c19f33c7c107fw,2026-01-18 18:40:00,16,True,42,702,1588,2291,158.89,229.16,0.703,True,0.4207,,,,,,,,,,,,,,,,
2026-01-19,a3986d20c19f33c7c107fw,2026-01-18 18:50:00,17,True,44,624,1418,2302,141.85,230.23,0.624,True,0.4444,,,,,,,,,,,,,,,,
2026-01-19,a3986d20c19f33c7c107fw,2026-01-18 19:00:00,18,True,47,715,1625,2302,162.5,230.21,0.715,True,0.4715,,,,,,,,,,,,,,,,
2026-01-19,a3986d20c19f33c7c107fw,2026-01-18 19:10:00,19,True,49,521,1187,2305,118.73,230.52,0.522,True,0.4913,,,,,,,,,,,,,,,,
2026-01-19,a3986d20c19f33c7c107fw,2026-01-18 19:20:00,20,True,51,522,1187,2303,118.73,230.3,0.522,True,0.511,,,,,,,,,,,,,,,,
2026-01-19,a3986d20c19f33c7c107fw,2026-01-18 19:30:00,21,True,53,701,1593,2302,159.34,230.27,0.701,True,0.5376,,,,,,,,,,,,,,,,
2026-01-19,a3986d20c19f33c7c107fw,2026-01-18 19:40:00,22,True,55,518,1180,2305,118.03,230.5,0.519,True,0.5573,,,,,,,,,,,,,,,,
2026-01-19,a3986d20c19f33c7c107fw,2026-01-18 19:50:00,23,True,57,518,1176,2300,117.67,230.07,0.518,True,0.5769,,,,,,,,,,,,,,,,
2026-01-19,a3986d20c19f33c7c107fw,2026-01-18 20:00:00,24,True,59,608,1386,2307,138.65,230.74,0.609,True,0.6,,,,,,,,,,,,,,,,
2026-01-19,a3986d20c19f33c7c107fw,2026-01-18 20:10:00,25,True,62,610,1386,2301,138.65,230.11,0.611,True,0.6231,,,,,,,,,,,,,,,,
2026-01-19,a3986d20c19f33c7c107fw,2026-01-18 20:20:00,26,True,62,174,396,2303,39.67,230.32,0.175,True,0.6297,,,,,,,,,,,,,,,,
2026-01-19,a3986d20c19f33c7c107fw,2026-01-18 20:30:00,27,True,63,181,414,2309,41.46,230.9,0.182,True,0.6366,,,,,,,,,,,,,,,,
2026-01-19,a3986d20c19f33c7c107fw,2026-01-18 20:40:00,28,True,64,175,399,2304,39.92,230.4,0.176,True,0.6433,,,,,,,,,,,,,,,,
2026-01-19,a3986d20c19f33c7c107fw,2026-01-18 20:50:00,29,True,65,265,606,2312,60.65,231.27,0.266,True,0.6534,,,,,,,,,,,,,,,,
2026-01-19,a3986d20c19f33c7c107fw,2026-01-18 21:00:00,30,True,67,620,1413,2308,141.35,230.82,0.621,True,0.6769,,,,,,,,,,,,,,,,
2026-01-19,a3986d20c19f33c7c107fw,2026-01-18 21:10:00,31,True,70,698,1583,2297,158.38,229.7,0.699,True,0.7033,,,,,,,,,,,,,,,,
2026-01-19,a3986d20c19f33c7c107fw,2026-01-18 21:20:00,32,True,72,697,1583,2300,158.38,230.05,0.698,True,0.7297,,,,,,,,,,,,,,,,
2026-01-19,a3986d20c19f33c7c107fw,2026-01-18 21:30:00,33,True,74,521,1181,2296,118.15,229.67,0.521,True,0.7494,,,,,,,,,,,,,,,,
2026-01-19,a3986d20c19f33c7c107fw,2026-01-18 21:40:00,34,True,77,609,1382,2297,138.27,229.74,0.61,True,0.7725,,,,,,,,,,,,,,,,
2026-01-19,a3986d20c19f33c7c107fw,2026-01-18 21:50:00,35,True,78,355,809,2305,80.92,230.52,0.356,True,0.786,,,,,,,,,,,,,,,,
2026-01-19,a3986d20c19f33c7c107fw,2026-01-18 22:00:00,36,True,79,265,602,2295,60.22,229.54,0.266,True,0.796,,,,,,,,,,,,,,,,
2026-01-19,a3986d20c19f33c7c107fw,2026-01-18 22:10:00,37,True,80,179,407,2307,40.78,230.78,0.179,True,0.8028,,,,,,,,,,,,,,,,
2026-01-19,a3986d20c19f33c7c107fw,2026-01-18 22:20:00,38,True,82,515,1172,2304,117.27,230.42,0.516,True,0.8223,,,,,,,,,,,,,,,,
2026-01-19,a3986d20c19f33c7c107fw,2026-01-18 22:30:00,39,True,85,870,1976,2301,197.66,230.1,0.87,True,0.8553,,,,,,,,,,,,,,,,
2026-01-19,a3986d20c19f33c7c107fw,2026-01-18 22:40:00,40,True,88,695,1578,2301,157.89,230.18,0.695,True,0.8816,,,,,,,,,,,,,,,,
2026-01-19,a3986d20c19f33c7c107fw,2026-01-18 22:50:00,41,True,90,605,1375,2301,137.51,230.17,0.605,True,0.9045,,,,,,,,,,,,,,,,
2026-01-19,a3986d20c19f33c7c107fw,2026-01-18 23:00:00,42,True,92,601,1363,2297,136.38,229.74,0.602,True,0.9272,,,,,,,,,,,,,,,,
2026-01-19,a3986d20c19f33c7c107fw,2026-01-18 23:10:00,43,True,94,437,992,2301,99.26,230.15,0.437,True,0.9438,,,,,,,,,,,,,,,,
2026-01-19,a3986d20c19f33c7c107fw,2026-01-18 23:20:00,44,True,95,179,410,2312,41.0,231.24,0.18,True,0.9506,,,,,,,,,,,,,,,,
2026-01-19,a3986d20c19f33c7c107fw,2026-01-18 23:30:00,45,True,95,91,207,2301,20.73,230.1,0.091,True,0.9541,,,,,,,,,,,,,,,,
2026-01-19,a3986d20c19f33c7c107fw,2026-01-18 23:40:00,46,True,96,0,592,2300,59.21,230.01,0.0,True,0.9639,,,,,,,,,,,,,,,,
2026-01-19,a3986d20c19f33c7c107fw,2026-01-18 23:50:00,47,True,97,0,592,2297,59.21,229.73,0.0,True,0.9738,,,,,,,,,,,,,,,,
2026-01-19,a3986d20c19f33c7c107fw,2026-01-19 00:00:00,48,True,98,265,601,2293,60.14,229.38,0.266,True,0.9838,,,,,,,,,,,,,,,,
2026-01-19,a3986d20c19f33c7c107fw,2026-01-19 00:10:00,49,True,101,794,1805,2302,180.59,230.29,0.795,True,1.0139,,,,,,,,,,,,,,,,
2026-01-19,a3986d20c19f33c7c107fw,2026-01-19 00:20:00,50,True,104,707,1609,2304,160.99,230.45,0.708,True,1.0408,,,,,,,,,,,,,,,,
2026-01-19,a3986d20c19f33c7c107fw,2026-01-19 00:30:00,51,True,106,619,1411,2307,141.19,230.76,0.62,True,1.0643,,,,,,,,,,,,,,,,
2026-01-19,a3986d20c19f33c7c107fw,2026-01-19 00:40:00,52,True,106,88,201,2307,20.12,230.72,0.088,True,1.0677,,,,,,,,,,,,,,,,
2026-01-19,a3986d20c19f33c7c107fw,2026-01-19 00:50:00,53,True,107,177,405,2317,40.53,231.74,0.177,True,1.0744,,,,,,,,,,,,,,,,
2026-01-19,a3986d20c19f33c7c107fw,2026-01-19 01:00:00,54,True,108,176,402,2304,40.25,230.49,0.177,True,1.0811,,,,,,,,,,,,,,,,
2026-01-19,a3986d20c19f33c7c107fw,2026-01-19 01:10:00,55,True,108,169,385,2308,38.59,230.82,0.169,True,1.0875,,,,,,,,,,,,,,,,
2026-01-19,a3986d20c19f33c7c107fw,2026-01-19 01:20:00,56,True,110,520,1189,2315,118.9,231.55,0.52,True,1.1074,,,,,,,,,,,,,,,,
2026-01-19,a3986d20c19f33c7c107fw,2026-01-19 01:30:00,57,True,113,697,1592,2315,159.28,231.5,0.697,True,1.1339,,,,,,,,,,,,,,,,
2026-01-19,a3986d20c19f33c7c107fw,2026-01-19 01:40:00,58,True,115,532,1210,2301,121.07,230.16,0.533,True,1.1541,,,,,,,,,,,,,,,,
2026-01-19,a3986d20c19f33c7c107fw,2026-01-19 01:50:00,59,True,116,357,811,2302,81.15,230.24,0.357,True,1.1676,,,,,,,,,,,,,,,,
2026-01-19,a3986d20c19f33c7c107fw,2026-01-19 02:00:00,60,True,117,175,398,2297,39.87,229.7,0.176,True,1.1743,,,,,,,,,,,,,,,,
2026-01-19,a3986d20c19f33c7c107fw,2026-01-19 02:10:00,61,True,118,359,811,2287,81.17,228.76,0.36,True,1.1878,,,,,,,,,,,,,,,,
2026-01-19,a3986d20c19f33c7c107fw,2026-01-19 02:20:00,62,True,119,171,388,2296,38.86,229.62,0.172,True,1.1943,,,,,,,,,,,,,,,,
2026-01-19,a3986d20c19f33c7c107fw,2026-01-19 02:30:00,63,True,121,623,1404,2282,140.41,228.26,0.623,True,1.2177,,,,,,,,,,,,,,,,
2026-01-19,a3986d20c19f33c7c107fw,2026-01-19 02:40:00,64,True,123,526,1188,2286,118.83,228.6,0.527,True,1.2375,,,,,,,,,,,,,,,,
2026-01-19,a3986d20c19f33c7c107fw,2026-01-19 02:50:00,65,True,126,616,1392,2290,139.27,229.03,0.616,True,1.2607,,,,,,,,,,,,,,,,
2026-01-19,a3986d20c19f33c7c107fw,2026-01-19 03:00:00,66,True,128,607,1372,2291,137.25,229.1,0.607,True,1.2836,,,,,,,,,,,,,,,,
2026-01-19,a3986d20c19f33c7c107fw,2026-01-19 03:10:00,67,True,130,694,1566,2286,156.68,228.66,0.694,True,1.3097,,,,,,,,,,,,,,,,
2026-01-19,a3986d20c19f33c7c107fw,2026-01-19 03:20:00,68,True,133,682,1550,2300,155.01,230.09,0.683,True,1.3355,,,,,,,,,,,,,,,,
2026-01-19,a3986d20c19f33c7c107fw,2026-01-19 03:30:00,69,True,134,332,753,2300,75.36,230.0,0.332,True,1.3481,,,,,,,,,,,,,,,,
2026-01-19,a3986d20c19f33c7c107fw,2026-01-19 03:40:00,70,True,136,330,751,2304,75.12,230.42,0.33,True,1.3606,,,,,,,,,,,,,,,,
2026-01-19,a3986d20c19f33c7c107fw,2026-01-19 03:50:00,71,False,136,0,0,2310,0.0,231.03,0.0,False,1.3606,,,,,,,,,,,,,,,,
2026-01-19,a3986d20c19f33c7c107fw,2026-01-19 04:00:00,72,True,136,86,196,2315,19.7,231.52,0.086,True,1.3639,,,,,,,,,,,,,,,,
2026-01-19,a3986d20c19f33c7c107fw,2026-01-19 04:10:00,73,True,137,383,864,2282,86.41,228.22,0.384,True,1.3783,,,,,,,,,,,,,,,,
2026-01-19,a3986d20c19f33c7c107fw,2026-01-19 04:20:00,74,True,138,264,597,2293,59.79,229.38,0.264,True,1.3882,,,,,,,,,,,,,,,,
2026-01-19,a3986d20c19f33c7c107fw,2026-01-19 04:30:00,75,True,139,266,597,2276,59.79,227.65,0.266,True,1.3982,,,,,,,,,,,,,,,,
2026-01-19,a3986d20c19f33c7c107fw,2026-01-19 04:40:00,76,True,141,352,787,2266,78.76,226.6,0.352,True,1.4113,,,,,,,,,,,,,,,,
2026-01-19,a3986d20c19f33c7c107fw,2026-01-19 04:50:00,77,True,142,463,1044,2282,104.47,228.22,0.464,True,1.4287,,,,,,,,,,,,,,,,
2026-01-19,a3986d20c19f33c7c107fw,2026-01-19 05:00:00,78,True,144,463,1044,2282,104.47,228.22,0.464,True,1.4461,,,,,,,,,,,,,,,,
2026-01-19,a3986d20c19f33c7c107fw,2026-01-19 05:10:00,79,True,146,453,1018,2278,101.88,227.8,0.453,True,1.4631,,,,,,,,,,,,,,,,
2026-01-19,a3986d20c19f33c7c107fw,2026-01-19 05:20:00,80,False,146,0,0,2279,0.0,227.93,0.0,False,1.4631,,,,,,,,,,,,,,,,
2026-01-19,a3986d20c19f33c7c107fw,2026-01-19 05:30:00,81,False,146,0,0,2279,0.0,227.93,0.0,False,1.4631,,,,,,,,,,,,,,,,
2026-01-19,a3986d20c19f33c7c107fw,2026-01-19 05:40:00,82,False,146,0,0,2295,0.0,229.57,0.0,False,1.4631,,,,,,,,,,,,,,,,
2026-01-19,a3986d20c19f33c7c107fw,2026-01-19 05:50:00,83,True,147,445,1004,2285,100.41,228.54,0.445,True,1.4799,,,,,,,,,,,,,,,,
2026-01-19,a3986d20c19f33c7c107fw,2026-01-19 06:00:00,84,True,149,366,819,2267,82.0,226.78,0.366,True,1.4935,,,,,,,,,,,,,,,,
2026-01-19,a3986d20c19f33c7c107fw,2026-01-19 06:10:00,85,True,150,367,827,2281,82.79,228.12,0.368,True,1.5073,,,,,,,,,,,,,,,,
2026-01-19,a3986d20c19f33c7c107fw,2026-01-19 06:20:00,86,True,152,366,822,2277,82.28,227.7,0.366,True,1.521,,,,,,,,,,,,,,,,
2026-01-19,a3986d20c19f33c7c107fw,2026-01-19 06:30:00,87,True,153,267,599,2275,59.97,227.54,0.267,True,1.531,,,,,,,,,,,,,,,,
2026-01-19,a3986d20c19f33c7c107fw,2026-01-19 06:40:00,88,True,155,536,1211,2287,121.16,228.7,0.537,True,1.5512,,,,,,,,,,,,,,,,
2026-01-19,a3986d20c19f33c7c107fw,2026-01-19 06:50:00,89,True,157,705,1587,2281,158.72,228.1,0.705,True,1.5777,,,,,,,,,,,,,,,,
2026-01-19,a3986d20c19f33c7c107fw,2026-01-19 07:00:00,90,True,159,358,808,2284,80.84,228.43,0.359,True,1.5912,,,,,,,,,,,,,,,,
2026-01-19,a3986d20c19f33c7c107fw,2026-01-19 07:10:00,91,True,160,359,813,2289,81.32,228.9,0.36,True,1.6047,,,,,,,,,,,,,,,,
2026-01-19,a3986d20c19f33c7c107fw,2026-01-19 07:20:00,92,True,162,436,981,2276,98.11,227.64,0.437,True,1.6211,,,,,,,,,,,,,,,,
2026-01-19,a3986d20c19f33c7c107fw,2026-01-19 07:30:00,93,True,163,346,780,2280,78.0,228.05,0.347,True,1.6341,,,,,,,,,,,,,,,,
2026-01-19,a3986d20c19f33c7c107fw,2026-01-19 07:40:00,94,True,164,346,780,2283,78.03,228.3,0.346,True,1.6471,,,,,,,,,,,,,,,,
2026-01-19,a3986d20c19f33c7c107fw,2026-01-19 07:50:00,95,True,166,436,982,2281,98.24,228.19,0.436,True,1.6634,,,,,,,,,,,,,,,,
2026-01-19,a3986d20c19f33c7c107fw,2026-01-19 08:00:00,96,True,167,434,980,2284,98.0,228.49,0.435,True,1.6798,,,,,,,,,,,,,,,,
2026-01-19,a3986d20c19f33c7c107fw,2026-01-19 08:10:00,97,True,169,518,1173,2293,117.35,229.31,0.519,True,1.6993,,,,,,,,,,,,,,,,
2026-01-19,a3986d20c19f33c7c107fw,2026-01-19 08:20:00,98,True,171,432,981,2299,98.18,229.9,0.433,True,1.7157,,,,,,,,,,,,,,,,
2026-01-19,a3986d20c19f33c7c107fw,2026-01-19 08:30:00,99,True,173,438,995,2300,99.56,230.0,0.439,True,1.7323,,,,,,,,,,,,,,,,
2026-01-19,a3986d20c19f33c7c107fw,2026-01-19 08:40:00,100,True,174,264,603,2306,60.31,230.66,0.265,True,1.7423,,,,,,,,,,,,,,,,
2026-01-19,a3986d20c19f33c7c107fw,2026-01-19 08:50:00,101,True,175,350,797,2304,79.72,230.48,0.35,True,1.7556,,,,,,,,,,,,,,,,
2026-01-19,a3986d20c19f33c7c107fw,2026-01-19 09:00:00,102,True,176,175,397,2303,39.78,230.36,0.175,True,1.7623,,,,,,,,,,,,,,,,
2026-01-19,a3986d20c19f33c7c107fw,2026-01-19 09:10:00,103,True,176,174,397,2304,39.78,230.41,0.175,True,1.7689,,,,,,,,,,,,,,,,
2026-01-19,a3986d20c19f33c7c107fw,2026-01-19 09:20:00,104,True,178,527,1201,2309,120.13,230.97,0.527,True,1.7889,,,,,,,,,,,,,,,,
2026-01-19,a3986d20c19f33c7c107fw,2026-01-19 09:30:00,105,True,179,266,607,2305,60.7,230.57,0.267,True,1.799,,,,,,,,,,,,,,,,
2026-01-19,a3986d20c19f33c7c107fw,2026-01-19 09:40:00,106,True,180,266,607,2306,60.7,230.63,0.267,True,1.8091,,,,,,,,,,,,,,,,
2026-01-19,a3986d20c19f33c7c107fw,2026-01-19 09:50:00,107,True,182,533,1213,2303,121.36,230.35,0.534,True,1.8294,,,,,,,,,,,,,,,,
2026-01-19,a3986d20c19f33c7c107fw,2026-01-19 10:00:00,108,True,184,357,814,2307,81.43,230.7,0.358,True,1.8429,,,,,,,,,,,,,,,,
2026-01-19,a3986d20c19f33c7c107fw,2026-01-19 10:10:00,109,True,185,268,609,2304,60.94,230.4,0.268,True,1.8531,,,,,,,,,,,,,,,,
2026-01-19,a3986d20c19f33c7c107fw,2026-01-19 10:20:00,110,True,185,178,405,2302,40.6,230.27,0.179,True,1.8599,,,,,,,,,,,,,,,,
2026-01-19,a3986d20c19f33c7c107fw,2026-01-19 10:30:00,111,True,186,0,592,2303,59.21,230.33,0.0,True,1.8697,,,,,,,,,,,,,,,,
2026-01-19,a3986d20c19f33c7c107fw,2026-01-19 10:40:00,112,True,187,86,196,2302,19.61,230.2,0.086,True,1.873,,,,,,,,,,,,,,,,
2026-01-19,a3986d20c19f33c7c107fw,2026-01-19 10:50:00,113,True,187,178,405,2303,40.55,230.32,0.178,True,1.8798,,,,,,,,,,,,,,,,
2026-01-19,a3986d20c19f33c7c107fw,2026-01-19 11:00:00,114,False,187,0,0,2304,0.0,230.47,0.0,False,1.8798,,,,,,,,,,,,,,,,
2026-01-19,a3986d20c19f33c7c107fw,2026-01-19 11:10:00,115,True,188,270,613,2300,61.33,230.0,0.27,True,1.89,,,,,,,,,,,,,,,,
2026-01-19,a3986d20c19f33c7c107fw,2026-01-19 11:20:00,116,True,190,447,1017,2302,101.75,230.22,0.448,True,1.9069,,,,,,,,,,,,,,,,
2026-01-19,a3986d20c19f33c7c107fw,2026-01-19 11:30:00,117,True,192,450,1024,2301,102.42,230.13,0.451,True,1.924,,,,,,,,,,,,,,,,
2026-01-19,a3986d20c19f33c7c107fw,2026-01-19 11:40:00,118,True,193,362,821,2298,82.19,229.84,0.362,True,1.9377,,,,,,,,,,,,,,,,
2026-01-19,a3986d20c19f33c7c107fw,2026-01-19 11:50:00,119,True,194,175,399,2311,39.97,231.12,0.175,True,1.9444,,,,,,,,,,,,,,,,
2026-01-19,a3986d20c19f33c7c107fw,2026-01-19 12:00:00,120,True,194,83,191,2306,19.11,230.64,0.084,True,1.9476,,,,,,,,,,,,,,,,
2026-01-19,a3986d20c19f33c7c107fw,2026-01-19 12:10:00,121,True,195,87,198,2301,19.89,230.18,0.088,True,1.9509,,,,,,,,,,,,,,,,
2026-01-19,a3986d20c19f33c7c107fw,2026-01-19 12:20:00,122,True,195,177,403,2306,40.35,230.63,0.177,True,1.9576,,,,,,,,,,,,,,,,
2026-01-19,a3986d20c19f33c7c107fw,2026-01-19 12:30:00,123,True,196,177,403,2306,40.35,230.63,0.177,True,1.9643,,,,,,,,,,,,,,,,
2026-01-19,a3986d20c19f33c7c107fw,2026-01-19 12:40:00,124,True,198,538,1217,2293,121.78,229.34,0.538,True,1.9846,,,,,,,,,,,,,,,,
2026-01-19,a3986d20c19f33c7c107fw,2026-01-19 12:50:00,125,True,200,627,1416,2287,141.62,228.73,0.627,True,2.0082,,,,,,,,,,,,,,,,
2026-01-19,a3986d20c19f33c7c107fw,2026-01-19 13:00:00,126,True,202,534,1207,2288,120.71,228.86,0.534,True,2.0283,,,,,,,,,,,,,,,,
2026-01-19,a3986d20c19f33c7c107fw,2026-01-19 13:10:00,127,True,204,534,1207,2288,120.71,228.86,0.534,True,2.0485,,,,,,,,,,,,,,,,
2026-01-19,a3986d20c19f33c7c107fw,2026-01-19 13:20:00,128,True,206,346,780,2280,78.09,228.09,0.347,True,2.0615,,,,,,,,,,,,,,,,
2026-01-19,a3986d20c19f33c7c107fw,2026-01-19 13:30:00,129,True,207,260,585,2274,58.57,227.47,0.261,True,2.0712,,,,,,,,,,,,,,,,
2026-01-19,a3986d20c19f33c7c107fw,2026-01-19 13:40:00,130,True,207,83,186,2273,18.66,227.37,0.083,True,2.0743,,,,,,,,,,,,,,,,
2026-01-19,a3986d20c19f33c7c107fw,2026-01-19 13:50:00,131,True,207,83,186,2273,18.66,227.37,0.083,True,2.0775,,,,,,,,,,,,,,,,
2026-01-19,a3986d20c19f33c7c107fw,2026-01-19 14:00:00,132,True,209,348,780,2270,78.05,227.03,0.348,True,2.0905,,,,,,,,,,,,,,,,
2026-01-19,a3986d20c19f33c7c107fw,2026-01-19 14:10:00,133,True,210,363,812,2266,81.27,226.64,0.363,True,2.104,,,,,,,,,,,,,,,,
2026-01-19,a3986d20c19f33c7c107fw,2026-01-19 14:20:00,134,True,211,363,812,2266,81.27,226.64,0.363,True,2.1176,,,,,,,,,,,,,,,,
2026-01-19,a3986d20c19f33c7c107fw,2026-01-19 14:30:00,135,True,213,451,1010,2268,101.03,226.83,0.451,True,2.1344,,,,,,,,,,,,,,,,
2026-01-19,a3986d20c19f33c7c107fw,2026-01-19 14:40:00,136,True,215,446,999,2268,99.99,226.87,0.447,True,2.1511,,,,,,,,,,,,,,,,
2026-01-19,a3986d20c19f33c7c107fw,2026-01-19 14:50:00,137,True,216,354,794,2269,79.45,226.95,0.355,True,2.1643,,,,,,,,,,,,,,,,
2026-01-19,a3986d20c19f33c7c107fw,2026-01-19 15:00:00,138,True,217,347,782,2282,78.21,228.2,0.347,True,2.1773,,,,,,,,,,,,,,,,
2026-01-19,a3986d20c19f33c7c107fw,2026-01-19 15:10:00,139,True,219,438,987,2279,98.74,227.94,0.439,True,2.1938,,,,,,,,,,,,,,,,
2026-01-19,a3986d20c19f33c7c107fw,2026-01-19 15:20:00,140,True,221,442,995,2279,99.54,227.9,0.443,True,2.2104,,,,,,,,,,,,,,,,
2026-01-19,a3986d20c19f33c7c107fw,2026-01-19 15:30:00,141,True,222,440,991,2279,99.14,227.97,0.441,True,2.2269,,,,,,,,,,,,,,,,
2026-01-19,a3986d20c19f33c7c107fw,2026-01-19 15:40:00,142,True,224,435,978,2278,97.89,227.81,0.435,True,2.2432,,,,,,,,,,,,,,,,
2026-01-19,a3986d20c19f33c7c107fw,2026-01-19 15:50:00,143,True,224,180,406,2284,40.7,228.48,0.181,True,2.25,,,,,,,,,,,,,,,,
2026-01-20,a3986d20c19f33c7c107fw,2026-01-19 16:00:00,0,True,1,370,859,2284,85.98,228.4,0.37,True,0.0143,,,,,,,,,,,,,,,,
2026-01-20,a3986d20c19f33c7c107fw,2026-01-19 16:10:00,1,True,2,278,646,2284,64.68,228.45,0.278,True,0.0251,,,,,,,,,,,,,,,,
2026-01-20,a3986d20c19f33c7c107fw,2026-01-19 16:20:00,2,True,5,824,1914,2282,191.48,228.22,0.825,True,0.057,,,,,,,,,,,,,,,,
2026-01-20,a3986d20c19f33c7c107fw,2026-01-19 16:30:00,3,True,7,457,1056,2271,105.67,227.19,0.457,True,0.0746,,,,,,,,,,,,,,,,
2026-01-20,a3986d20c19f33c7c107fw,2026-01-19 16:40:00,4,True,11,1019,2371,2287,237.15,228.73,1.019,True,0.1142,,,,,,,,,,,,,,,,
2026-01-20,a3986d20c19f33c7c107fw,2026-01-19 16:50:00,5,True,14,922,2141,2282,214.17,228.29,0.922,True,0.1499,,,,,,,,,,,,,,,,
2026-01-20,a3986d20c19f33c7c107fw,2026-01-19 17:00:00,6,True,18,1008,2340,2281,234.01,228.13,1.008,True,0.1889,,,,,,,,,,,,,,,,
2026-01-20,a3986d20c19f33c7c107fw,2026-01-19 17:10:00,7,True,21,549,1270,2273,127.05,227.36,0.549,True,0.21,,,,,,,,,,,,,,,,
2026-01-20,a3986d20c19f33c7c107fw,2026-01-19 17:20:00,8,True,23,556,1295,2288,129.51,228.81,0.556,True,0.2316,,,,,,,,,,,,,,,,
2026-01-20,a3986d20c19f33c7c107fw,2026-01-19 17:30:00,9,True,25,586,1369,2295,136.91,229.59,0.586,True,0.2544,,,,,,,,,,,,,,,,
2026-01-20,a3986d20c19f33c7c107fw,2026-01-19 17:40:00,10,True,27,479,1118,2294,111.87,229.4,0.479,True,0.2731,,,,,,,,,,,,,,,,
2026-01-20,a3986d20c19f33c7c107fw,2026-01-19 17:50:00,11,True,29,546,1275,2296,127.57,229.61,0.546,True,0.2943,,,,,,,,,,,,,,,,
2026-01-20,a3986d20c19f33c7c107fw,2026-01-19 18:00:00,12,True,33,1010,2347,2284,234.8,228.47,1.01,True,0.3335,,,,,,,,,,,,,,,,
2026-01-20,a3986d20c19f33c7c107fw,2026-01-19 18:10:00,13,True,36,737,1716,2289,171.69,228.93,0.737,True,0.3621,,,,,,,,,,,,,,,,
2026-01-20,a3986d20c19f33c7c107fw,2026-01-19 18:20:00,14,True,39,857,1995,2287,199.59,228.77,0.858,True,0.3954,,,,,,,,,,,,,,,,
2026-01-20,a3986d20c19f33c7c107fw,2026-01-19 18:30:00,15,True,42,750,1745,2286,174.54,228.65,0.75,True,0.4244,,,,,,,,,,,,,,,,
2026-01-20,a3986d20c19f33c7c107fw,2026-01-19 18:40:00,16,True,45,733,1710,2291,171.05,229.16,0.734,True,0.453,,,,,,,,,,,,,,,,
2026-01-20,a3986d20c19f33c7c107fw,2026-01-19 18:50:00,17,True,47,652,1527,2302,152.71,230.23,0.652,True,0.4784,,,,,,,,,,,,,,,,
2026-01-20,a3986d20c19f33c7c107fw,2026-01-19 19:00:00,18,True,50,747,1749,2302,174.94,230.21,0.747,True,0.5076,,,,,,,,,,,,,,,,
2026-01-20,a3986d20c19f33c7c107fw,2026-01-19 19:10:00,19,True,52,545,1278,2305,127.82,230.52,0.545,True,0.5289,,,,,,,,,,,,,,,,
2026-01-20,a3986d20c19f33c7c107fw,2026-01-19 19:20:00,20,True,55,545,1278,2303,127.82,230.3,0.546,True,0.5502,,,,,,,,,,,,,,,,
2026-01-20,a3986d20c19f33c7c107fw,2026-01-19 19:30:00,21,True,57,732,1715,2302,171.52,230.27,0.732,True,0.5788,,,,,,,,,,,,,,,,
2026-01-20,a3986d20c19f33c7c107fw,2026-01-19 19:40:00,22,True,59,541,1270,2305,127.05,230.5,0.542,True,0.5999,,,,,,,,,,,,,,,,
2026-01-20,a3986d20c19f33c7c107fw,2026-01-19 19:50:00,23,True,62,541,1266,2300,126.68,230.07,0.541,True,0.621,,,,,,,,,,,,,,,,
2026-01-20,a3986d20c19f33c7c107fw,2026-01-19 20:00:00,24,True,64,635,1492,2307,149.27,230.74,0.636,True,0.6459,,,,,,,,,,,,,,,,
2026-01-20,a3986d20c19f33c7c107fw,2026-01-19 20:10:00,25,True,67,637,1492,2301,149.27,230.11,0.638,True,0.6708,,,,,,,,,,,,,,,,
2026-01-20,a3986d20c19f33c7c107fw,2026-01-19 20:20:00,26,True,67,182,427,2303,42.7,230.32,0.182,True,0.6779,,,,,,,,,,,,,,,,
2026-01-20,a3986d20c19f33c7c107fw,2026-01-19 20:30:00,27,True,68,190,446,2309,44.64,230.9,0.19,True,0.6854,,,,,,,,,,,,,,,,
2026-01-20,a3986d20c19f33c7c107fw,2026-01-19 20:40:00,28,True,69,183,429,2304,42.98,230.4,0.183,True,0.6925,,,,,,,,,,,,,,,,
2026-01-20,a3986d20c19f33c7c107fw,2026-01-19 20:50:00,29,True,70,277,652,2312,65.29,231.27,0.278,True,0.7034,,,,,,,,,,,,,,,,
2026-01-20,a3986d20c19f33c7c107fw,2026-01-19 21:00:00,30,True,72,648,1521,2308,152.17,230.82,0.648,True,0.7288,,,,,,,,,,,,,,,,
2026-01-20,a3986d20c19f33c7c107fw,2026-01-19 21:10:00,31,True,75,729,1704,2297,170.5,229.7,0.73,True,0.7572,,,,,,,,,,,,,,,,
2026-01-20,a3986d20c19f33c7c107fw,2026-01-19 21:20:00,32,True,78,728,1704,2300,170.5,230.05,0.729,True,0.7856,,,,,,,,,,,,,,,,
2026-01-20,a3986d20c19f33c7c107fw,2026-01-19 21:30:00,33,True,80,544,1272,2296,127.2,229.67,0.544,True,0.8068,,,,,,,,,,,,,,,,
2026-01-20,a3986d20c19f33c7c107fw,2026-01-19 21:40:00,34,True,83,636,1488,2297,148.84,229.74,0.637,True,0.8316,,,,,,,,,,,,,,,,
2026-01-20,a3986d20c19f33c7c107fw,2026-01-19 21:50:00,35,True,84,371,871,2305,87.12,230.52,0.372,True,0.8461,,,,,,,,,,,,,,,,
2026-01-20,a3986d20c19f33c7c107fw,2026-01-19 22:00:00,36,True,85,277,648,2295,64.84,229.54,0.278,True,0.8569,,,,,,,,,,,,,,,,
2026-01-20,a3986d20c19f33c7c107fw,2026-01-19 22:10:00,37,True,86,187,439,2307,43.91,230.78,0.187,True,0.8642,,,,,,,,,,,,,,,,
2026-01-20,a3986d20c19f33c7c107fw,2026-01-19 22:20:00,38,True,88,538,1262,2304,126.24,230.42,0.539,True,0.8853,,,,,,,,,,,,,,,,
2026-01-20,a3986d20c19f33c7c107fw,2026-01-19 22:30:00,39,True,92,909,2127,2301,212.79,230.1,0.909,True,0.9208,,,,,,,,,,,,,,,,
2026-01-20,a3986d20c19f33c7c107fw,2026-01-19 22:40:00,40,True,94,726,1699,2301,169.98,230.18,0.726,True,0.9491,,,,,,,,,,,,,,,,
2026-01-20,a3986d20c19f33c7c107fw,2026-01-19 22:50:00,41,True,97,632,1480,2301,148.03,230.17,0.632,True,0.9738,,,,,,,,,,,,,,,,
2026-01-20,a3986d20c19f33c7c107fw,2026-01-19 23:00:00,42,True,99,628,1468,2297,146.82,229.74,0.628,True,0.9982,,,,,,,,,,,,,,,,
2026-01-20,a3986d20c19f33c7c107fw,2026-01-19 23:10:00,43,True,101,456,1068,2301,106.86,230.15,0.456,True,1.016,,,,,,,,,,,,,,,,
2026-01-20,a3986d20c19f33c7c107fw,2026-01-19 23:20:00,44,True,102,187,441,2312,44.14,231.24,0.188,True,1.0234,,,,,,,,,,,,,,,,
2026-01-20,a3986d20c19f33c7c107fw,2026-01-19 23:30:00,45,True,102,95,223,2301,22.31,230.1,0.095,True,1.0271,,,,,,,,,,,,,,,,
2026-01-20,a3986d20c19f33c7c107fw,2026-01-19 23:40:00,46,True,103,0,592,2300,59.27,230.01,0.0,True,1.037,,,,,,,,,,,,,,,,
2026-01-20,a3986d20c19f33c7c107fw,2026-01-19 23:50:00,47,True,104,0,592,2297,59.27,229.73,0.0,True,1.0469,,,,,,,,,,,,,,,,
2026-01-20,a3986d20c19f33c7c107fw,2026-01-20 00:00:00,48,True,105,277,647,2293,64.74,229.38,0.277,True,1.0577,,,,,,,,,,,,,,,,
2026-01-20,a3986d20c19f33c7c107fw,2026-01-20 00:10:00,49,True,109,829,1944,2302,194.41,230.29,0.83,True,1.0901,,,,,,,,,,,,,,,,
2026-01-20,a3986d20c19f33c7c107fw,2026-01-20 00:20:00,50,True,111,739,1733,2304,173.32,230.45,0.739,True,1.1189,,,,,,,,,,,,,,,,
2026-01-20,a3986d20c19f33c7c107fw,2026-01-20 00:30:00,51,True,114,647,1519,2307,152.0,230.76,0.648,True,1.1443,,,,,,,,,,,,,,,,
2026-01-20,a3986d20c19f33c7c107fw,2026-01-20 00:40:00,52,True,114,92,216,2307,21.66,230.72,0.092,True,1.1479,,,,,,,,,,,,,,,,
2026-01-20,a3986d20c19f33c7c107fw,2026-01-20 00:50:00,53,True,115,185,436,2317,43.63,231.74,0.185,True,1.1552,,,,,,,,,,,,,,,,
2026-01-20,a3986d20c19f33c7c107fw,2026-01-20 01:00:00,54,True,116,184,433,2304,43.33,230.49,0.185,True,1.1624,,,,,,,,,,,,,,,,
2026-01-20,a3986d20c19f33c7c107fw,2026-01-20 01:10:00,55,True,116,176,415,2308,41.54,230.82,0.177,True,1.1693,,,,,,,,,,,,,,,,
2026-01-20,a3986d20c19f33c7c107fw,2026-01-20 01:20:00,56,True,119,543,1280,2315,128.01,231.55,0.543,True,1.1906,,,,,,,,,,,,,,,,
2026-01-20,a3986d20c19f33c7c107fw,2026-01-20 01:30:00,57,True,121,728,1714,2315,171.47,231.5,0.728,True,1.2192,,,,,,,,,,,,,,,,
2026-01-20,a3986d20c19f33c7c107fw,2026-01-20 01:40:00,58,True,124,556,1303,2301,130.33,230.16,0.557,True,1.2409,,,,,,,,,,,,,,,,
2026-01-20,a3986d20c19f33c7c107fw,2026-01-20 01:50:00,59,True,125,373,873,2302,87.37,230.24,0.373,True,1.2555,,,,,,,,,,,,,,,,
2026-01-20,a3986d20c19f33c7c107fw,2026-01-20 02:00:00,60,True,126,183,429,2297,42.93,229.7,0.184,True,1.2627,,,,,,,,,,,,,,,,
2026-01-20,a3986d20c19f33c7c107fw,2026-01-20 02:10:00,61,True,127,375,873,2287,87.38,228.76,0.376,True,1.2772,,,,,,,,,,,,,,,,
2026-01-20,a3986d20c19f33c7c107fw,2026-01-20 02:20:00,62,True,128,179,418,2296,41.84,229.62,0.179,True,1.2842,,,,,,,,,,,,,,,,
2026-01-20,a3986d20c19f33c7c107fw,2026-01-20 02:30:00,63,True,130,650,1511,2282,151.16,228.26,0.651,True,1.3094,,,,,,,,,,,,,,,,
2026-01-20,a3986d20c19f33c7c107fw,2026-01-20 02:40:00,64,True,133,550,1279,2286,127.93,228.6,0.55,True,1.3307,,,,,,,,,,,,,,,,
2026-01-20,a3986d20c19f33c7c107fw,2026-01-20 02:50:00,65,True,135,643,1499,2290,149.93,229.03,0.644,True,1.3557,,,,,,,,,,,,,,,,
2026-01-20,a3986d20c19f33c7c107fw,2026-01-20 03:00:00,66,True,138,634,1477,2291,147.77,229.1,0.634,True,1.3803,,,,,,,,,,,,,,,,
2026-01-20,a3986d20c19f33c7c107fw,2026-01-20 03:10:00,67,True,140,725,1686,2286,168.68,228.66,0.725,True,1.4084,,,,,,,,,,,,,,,,
2026-01-20,a3986d20c19f33c7c107fw,2026-01-20 03:20:00,68,True,143,713,1668,2300,166.88,230.09,0.713,True,1.4363,,,,,,,,,,,,,,,,
2026-01-20,a3986d20c19f33c7c107fw,2026-01-20 03:30:00,69,True,144,346,811,2300,81.12,230.0,0.347,True,1.4498,,,,,,,,,,,,,,,,
2026-01-20,a3986d20c19f33c7c107fw,2026-01-20 03:40:00,70,True,146,345,808,2304,80.87,230.42,0.345,True,1.4632,,,,,,,,,,,,,,,,
2026-01-20,a3986d20c19f33c7c107fw,2026-01-20 03:50:00,71,False,146,0,0,2310,0.0,231.03,0.0,False,1.4632,,,,,,,,,,,,,,,,
2026-01-20,a3986d20c19f33c7c107fw,2026-01-20 04:00:00,72,True,146,90,212,2315,21.21,231.52,0.09,True,1.4668,,,,,,,,,,,,,,,,
2026-01-20,a3986d20c19f33c7c107fw,2026-01-20 04:10:00,73,True,148,400,930,2282,93.02,228.22,0.401,True,1.4823,,,,,,,,,,,,,,,,
2026-01-20,a3986d20c19f33c7c107fw,2026-01-20 04:20:00,74,True,149,275,643,2293,64.37,229.38,0.276,True,1.493,,,,,,,,,,,,,,,,
2026-01-20,a3986d20c19f33c7c107fw,2026-01-20 04:30:00,75,True,150,277,643,2276,64.37,227.65,0.278,True,1.5037,,,,,,,,,,,,,,,,
2026-01-20,a3986d20c19f33c7c107fw,2026-01-20 04:40:00,76,True,151,367,847,2266,84.79,226.6,0.368,True,1.5179,,,,,,,,,,,,,,,,
2026-01-20,a3986d20c19f33c7c107fw,2026-01-20 04:50:00,77,True,153,484,1124,2282,112.46,228.22,0.484,True,1.5366,,,,,,,,,,,,,,,,
2026-01-20,a3986d20c19f33c7c107fw,2026-01-20 05:00:00,78,True,155,484,1124,2282,112.46,228.22,0.484,True,1.5554,,,,,,,,,,,,,,,,
2026-01-20,a3986d20c19f33c7c107fw,2026-01-20 05:10:00,79,True,157,473,1096,2278,109.68,227.8,0.473,True,1.5736,,,,,,,,,,,,,,,,
2026-01-20,a3986d20c19f33c7c107fw,2026-01-20 05:20:00,80,False,157,0,0,2279,0.0,227.93,0.0,False,1.5736,,,,,,,,,,,,,,,,
2026-01-20,a3986d20c19f33c7c107fw,2026-01-20 05:30:00,81,False,157,0,0,2279,0.0,227.93,0.0,False,1.5736,,,,,,,,,,,,,,,,
2026-01-20,a3986d20c19f33c7c107fw,2026-01-20 05:40:00,82,False,157,0,0,2295,0.0,229.57,0.0,False,1.5736,,,,,,,,,,,,,,,,
2026-01-20,a3986d20c19f33c7c107fw,2026-01-20 05:50:00,83,True,159,464,1080,2285,108.1,228.54,0.465,True,1.5917,,,,,,,,,,,,,,,,
2026-01-20,a3986d20c19f33c7c107fw,2026-01-20 06:00:00,84,True,160,382,882,2267,88.28,226.78,0.383,True,1.6064,,,,,,,,,,,,,,,,
2026-01-20,a3986d20c19f33c7c107fw,2026-01-20 06:10:00,85,True,162,384,891,2281,89.12,228.12,0.384,True,1.6212,,,,,,,,,,,,,,,,
2026-01-20,a3986d20c19f33c7c107fw,2026-01-20 06:20:00,86,True,163,382,885,2277,88.58,227.7,0.382,True,1.636,,,,,,,,,,,,,,,,
2026-01-20,a3986d20c19f33c7c107fw,2026-01-20 06:30:00,87,True,164,278,645,2275,64.56,227.54,0.279,True,1.6467,,,,,,,,,,,,,,,,
2026-01-20,a3986d20c19f33c7c107fw,2026-01-20 06:40:00,88,True,166,560,1304,2287,130.43,228.7,0.561,True,1.6685,,,,,,,,,,,,,,,,
2026-01-20,a3986d20c19f33c7c107fw,2026-01-20 06:50:00,89,True,169,736,1708,2281,170.87,228.1,0.736,True,1.697,,,,,,,,,,,,,,,,
2026-01-20,a3986d20c19f33c7c107fw,2026-01-20 07:00:00,90,True,171,374,870,2284,87.03,228.43,0.375,True,1.7115,,,,,,,,,,,,,,,,
2026-01-20,a3986d20c19f33c7c107fw,2026-01-20 07:10:00,91,True,172,375,875,2289,87.53,228.9,0.376,True,1.7261,,,,,,,,,,,,,,,,
2026-01-20,a3986d20c19f33c7c107fw,2026-01-20 07:20:00,92,True,174,456,1056,2276,105.62,227.64,0.456,True,1.7437,,,,,,,,,,,,,,,,
2026-01-20,a3986d20c19f33c7c107fw,2026-01-20 07:30:00,93,True,175,362,839,2280,83.98,228.05,0.362,True,1.7577,,,,,,,,,,,,,,,,
2026-01-20,a3986d20c19f33c7c107fw,2026-01-20 07:40:00,94,True,177,361,839,2283,84.0,228.3,0.362,True,1.7717,,,,,,,,,,,,,,,,
2026-01-20,a3986d20c19f33c7c107fw,2026-01-20 07:50:00,95,True,178,455,1057,2281,105.76,228.19,0.456,True,1.7893,,,,,,,,,,,,,,,,
2026-01-20,a3986d20c19f33c7c107fw,2026-01-20 08:00:00,96,True,180,453,1055,2284,105.5,228.49,0.454,True,1.8069,,,,,,,,,,,,,,,,
2026-01-20,a3986d20c19f33c7c107fw,2026-01-20 08:10:00,97,True,182,541,1263,2293,126.32,229.31,0.542,True,1.8279,,,,,,,,,,,,,,,,
2026-01-20,a3986d20c19f33c7c107fw,2026-01-20 08:20:00,98,True,184,451,1056,2299,105.7,229.9,0.452,True,1.8455,,,,,,,,,,,,,,,,
2026-01-20,a3986d20c19f33c7c107fw,2026-01-20 08:30:00,99,True,186,458,1071,2300,107.18,230.0,0.458,True,1.8634,,,,,,,,,,,,,,,,
2026-01-20,a3986d20c19f33c7c107fw,2026-01-20 08:40:00,100,True,187,276,649,2306,64.93,230.66,0.277,True,1.8742,,,,,,,,,,,,,,,,
2026-01-20,a3986d20c19f33c7c107fw,2026-01-20 08:50:00,101,True,188,366,858,2304,85.82,230.48,0.366,True,1.8885,,,,,,,,,,,,,,,,
2026-01-20,a3986d20c19f33c7c107fw,2026-01-20 09:00:00,102,True,189,182,428,2303,42.82,230.36,0.183,True,1.8957,,,,,,,,,,,,,,,,
2026-01-20,a3986d20c19f33c7c107fw,2026-01-20 09:10:00,103,True,190,182,428,2304,42.82,230.41,0.183,True,1.9028,,,,,,,,,,,,,,,,
2026-01-20,a3986d20c19f33c7c107fw,2026-01-20 09:20:00,104,True,192,550,1293,2309,129.33,230.97,0.55,True,1.9244,,,,,,,,,,,,,,,,
2026-01-20,a3986d20c19f33c7c107fw,2026-01-20 09:30:00,105,True,193,278,653,2305,65.34,230.57,0.279,True,1.9352,,,,,,,,,,,,,,,,
2026-01-20,a3986d20c19f33c7c107fw,2026-01-20 09:40:00,106,True,194,278,653,2306,65.34,230.63,0.279,True,1.9461,,,,,,,,,,,,,,,,
2026-01-20,a3986d20c19f33c7c107fw,2026-01-20 09:50:00,107,True,196,557,1306,2303,130.66,230.35,0.558,True,1.9679,,,,,,,,,,,,,,,,
2026-01-20,a3986d20c19f33c7c107fw,2026-01-20 10:00:00,108,True,198,373,876,2307,87.66,230.7,0.374,True,1.9825,,,,,,,,,,,,,,,,
2026-01-20,a3986d20c19f33c7c107fw,2026-01-20 10:10:00,109,True,199,279,656,2304,65.61,230.4,0.28,True,1.9935,,,,,,,,,,,,,,,,
2026-01-20,a3986d20c19f33c7c107fw,2026-01-20 10:20:00,110,True,200,186,437,2302,43.71,230.27,0.187,True,2.0007,,,,,,,,,,,,,,,,
2026-01-20,a3986d20c19f33c7c107fw,2026-01-20 10:30:00,111,True,201,0,592,2303,59.27,230.33,0.0,True,2.0106,,,,,,,,,,,,,,,,
2026-01-20,a3986d20c19f33c7c107fw,2026-01-20 10:40:00,112,True,201,90,211,2302,21.11,230.2,0.09,True,2.0141,,,,,,,,,,,,,,,,
2026-01-20,a3986d20c19f33c7c107fw,2026-01-20 10:50:00,113,True,202,186,436,2303,43.66,230.32,0.186,True,2.0214,,,,,,,,,,,,,,,,
2026-01-20,a3986d20c19f33c7c107fw,2026-01-20 11:00:00,114,False,202,0,0,2304,0.0,230.47,0.0,False,2.0214,,,,,,,,,,,,,,,,
2026-01-20,a3986d20c19f33c7c107fw,2026-01-20 11:10:00,115,True,203,282,660,2300,66.02,230.0,0.282,True,2.0324,,,,,,,,,,,,,,,,
2026-01-20,a3986d20c19f33c7c107fw,2026-01-20 11:20:00,116,True,205,467,1095,2302,109.55,230.22,0.468,True,2.0507,,,,,,,,,,,,,,,,
2026-01-20,a3986d20c19f33c7c107fw,2026-01-20 11:30:00,117,True,206,471,1102,2301,110.26,230.13,0.471,True,2.0691,,,,,,,,,,,,,,,,
2026-01-20,a3986d20c19f33c7c107fw,2026-01-20 11:40:00,118,True,208,378,884,2298,88.49,229.84,0.379,True,2.0838,,,,,,,,,,,,,,,,
2026-01-20,a3986d20c19f33c7c107fw,2026-01-20 11:50:00,119,True,209,183,430,2311,43.03,231.12,0.183,True,2.091,,,,,,,,,,,,,,,,
2026-01-20,a3986d20c19f33c7c107fw,2026-01-20 12:00:00,120,True,209,87,205,2306,20.57,230.64,0.088,True,2.0944,,,,,,,,,,,,,,,,
2026-01-20,a3986d20c19f33c7c107fw,2026-01-20 12:10:00,121,True,209,91,214,2301,21.42,230.18,0.091,True,2.098,,,,,,,,,,,,,,,,
2026-01-20,a3986d20c19f33c7c107fw,2026-01-20 12:20:00,122,True,210,185,434,2306,43.43,230.63,0.185,True,2.1052,,,,,,,,,,,,,,,,
2026-01-20,a3986d20c19f33c7c107fw,2026-01-20 12:30:00,123,True,211,185,434,2306,43.43,230.63,0.185,True,2.1124,,,,,,,,,,,,,,,,
2026-01-20,a3986d20c19f33c7c107fw,2026-01-20 12:40:00,124,True,213,561,1311,2293,131.1,229.34,0.562,True,2.1343,,,,,,,,,,,,,,,,
2026-01-20,a3986d20c19f33c7c107fw,2026-01-20 12:50:00,125,True,215,655,1524,2287,152.47,228.73,0.655,True,2.1597,,,,,,,,,,,,,,,,
2026-01-20,a3986d20c19f33c7c107fw,2026-01-20 13:00:00,126,True,218,558,1299,2288,129.95,228.86,0.558,True,2.1814,,,,,,,,,,,,,,,,
2026-01-20,a3986d20c19f33c7c107fw,2026-01-20 13:10:00,127,True,220,558,1299,2288,129.95,228.86,0.558,True,2.203,,,,,,,,,,,,,,,,
2026-01-20,a3986d20c19f33c7c107fw,2026-01-20 13:20:00,128,True,221,362,840,2280,84.07,228.09,0.362,True,2.217,,,,,,,,,,,,,,,,
2026-01-20,a3986d20c19f33c7c107fw,2026-01-20 13:30:00,129,True,222,272,630,2274,63.06,227.47,0.273,True,2.2275,,,,,,,,,,,,,,,,
2026-01-20,a3986d20c19f33c7c107fw,2026-01-20 13:40:00,130,True,223,86,200,2273,20.09,227.37,0.087,True,2.2309,,,,,,,,,,,,,,,,
2026-01-20,a3986d20c19f33c7c107fw,2026-01-20 13:50:00,131,True,223,86,200,2273,20.09,227.37,0.087,True,2.2342,,,,,,,,,,,,,,,,
2026-01-20,a3986d20c19f33c7c107fw,2026-01-20 14:00:00,132,True,224,363,840,2270,84.03,227.03,0.364,True,2.2482,,,,,,,,,,,,,,,,
2026-01-20,a3986d20c19f33c7c107fw,2026-01-20 14:10:00,133,True,226,379,874,2266,87.49,226.64,0.379,True,2.2628,,,,,,,,,,,,,,,,
2026-01-20,a3986d20c19f33c7c107fw,2026-01-20 14:20:00,134,True,227,379,874,2266,87.49,226.64,0.379,True,2.2774,,,,,,,,,,,,,,,,
2026-01-20,a3986d20c19f33c7c107fw,2026-01-20 14:30:00,135,True,229,471,1087,2268,108.77,226.83,0.471,True,2.2955,,,,,,,,,,,,,,,,
2026-01-20,a3986d20c19f33c7c107fw,2026-01-20 14:40:00,136,True,231,466,1076,2268,107.65,226.87,0.466,True,2.3135,,,,,,,,,,,,,,,,
2026-01-20,a3986d20c19f33c7c107fw,2026-01-20 14:50:00,137,True,232,370,855,2269,85.54,226.95,0.371,True,2.3277,,,,,,,,,,,,,,,,
2026-01-20,a3986d20c19f33c7c107fw,2026-01-20 15:00:00,138,True,234,362,841,2282,84.2,228.2,0.363,True,2.3418,,,,,,,,,,,,,,,,
2026-01-20,a3986d20c19f33c7c107fw,2026-01-20 15:10:00,139,True,235,458,1063,2279,106.3,227.94,0.458,True,2.3595,,,,,,,,,,,,,,,,
2026-01-20,a3986d20c19f33c7c107fw,2026-01-20 15:20:00,140,True,237,462,1071,2279,107.16,227.9,0.462,True,2.3773,,,,,,,,,,,,,,,,
2026-01-20,a3986d20c19f33c7c107fw,2026-01-20 15:30:00,141,True,239,460,1067,2279,106.73,227.97,0.46,True,2.3951,,,,,,,,,,,,,,,,
2026-01-20,a3986d20c19f33c7c107fw,2026-01-20 15:40:00,142,True,241,454,1053,2278,105.38,227.81,0.455,True,2.4127,,,,,,,,,,,,,,,,
2026-01-20,a3986d20c19f33c7c107fw,2026-01-20 15:50:00,143,True,242,188,438,2284,43.82,228.48,0.189,True,2.42,,,,,,,,,,,,,,,,
2026-01-21,a3986d20c19f33c7c107fw,2026-01-20 16:00:00,0,True,1,348,784,2284,78.43,228.4,0.348,True,0.0131,,,,,,,,,,,,,,,,
2026-01-21,a3986d20c19f33c7c107fw,2026-01-20 16:10:00,1,True,2,261,589,2284,59.0,228.45,0.262,True,0.0229,,,,,,,,,,,,,,,,
2026-01-21,a3986d20c19f33c7c107fw,2026-01-20 16:20:00,2,True,5,775,1746,2282,174.65,228.22,0.776,True,0.052,,,,,,,,,,,,,,,,
2026-01-21,a3986d20c19f33c7c107fw,2026-01-20 16:30:00,3,True,6,430,963,2271,96.39,227.19,0.43,True,0.0681,,,,,,,,,,,,,,,,
2026-01-21,a3986d20c19f33c7c107fw,2026-01-20 16:40:00,4,True,10,958,2163,2287,216.31,228.73,0.959,True,0.1041,,,,,,,,,,,,,,,,
2026-01-21,a3986d20c19f33c7c107fw,2026-01-20 16:50:00,5,True,13,867,1953,2282,195.37,228.29,0.867,True,0.1367,,,,,,,,,,,,,,,,
2026-01-21,a3986d20c19f33c7c107fw,2026-01-20 17:00:00,6,True,17,948,2134,2281,213.46,228.13,0.948,True,0.1723,,,,,,,,,,,,,,,,
2026-01-21,a3986d20c19f33c7c107fw,2026-01-20 17:10:00,7,True,19,516,1158,2273,115.9,227.36,0.517,True,0.1916,,,,,,,,,,,,,,,,
2026-01-21,a3986d20c19f33c7c107fw,2026-01-20 17:20:00,8,True,21,523,1181,2288,118.14,228.81,0.523,True,0.2113,,,,,,,,,,,,,,,,
2026-01-21,a3986d20c19f33c7c107fw,2026-01-20 17:30:00,9,True,23,551,1248,2295,124.89,229.59,0.551,True,0.2321,,,,,,,,,,,,,,,,
2026-01-21,a3986d20c19f33c7c107fw,2026-01-20 17:40:00,10,True,24,450,1020,2294,102.04,229.4,0.451,True,0.2491,,,,,,,,,,,,,,,,
2026-01-21,a3986d20c19f33c7c107fw,2026-01-20 17:50:00,11,True,26,513,1163,2296,116.36,229.61,0.514,True,0.2685,,,,,,,,,,,,,,,,
2026-01-21,a3986d20c19f33c7c107fw,2026-01-20 18:00:00,12,True,30,950,2141,2284,214.17,228.47,0.95,True,0.3042,,,,,,,,,,,,,,,,
2026-01-21,a3986d20c19f33c7c107fw,2026-01-20 18:10:00,13,True,33,693,1566,2289,156.61,228.93,0.693,True,0.3303,,,,,,,,,,,,,,,,
2026-01-21,a3986d20c19f33c7c107fw,2026-01-20 18:20:00,14,True,36,806,1820,2287,182.05,228.77,0.807,True,0.3606,,,,,,,,,,,,,,,,
2026-01-21,a3986d20c19f33c7c107fw,2026-01-20 18:30:00,15,True,38,705,1592,2286,159.21,228.65,0.706,True,0.3872,,,,,,,,,,,,,,,,
2026-01-21,a3986d20c19f33c7c107fw,2026-01-20 18:40:00,16,True,41,690,1560,2291,156.03,229.16,0.69,True,0.4132,,,,,,,,,,,,,,,,
2026-01-21,a3986d20c19f33c7c107fw,2026-01-20 18:50:00,17,True,43,613,1392,2302,139.3,230.23,0.613,True,0.4364,,,,,,,,,,,,,,,,
2026-01-21,a3986d20c19f33c7c107fw,2026-01-20 19:00:00,18,True,46,702,1595,2302,159.58,230.21,0.703,True,0.463,,,,,,,,,,,,,,,,
2026-01-21,a3986d20c19f33c7c107fw,2026-01-20 19:10:00,19,True,48,512,1165,2305,116.59,230.52,0.513,True,0.4824,,,,,,,,,,,,,,,,
2026-01-21,a3986d20c19f33c7c107fw,2026-01-20 19:20:00,20,True,50,513,1165,2303,116.59,230.3,0.513,True,0.5018,,,,,,,,,,,,,,,,
2026-01-21,a3986d20c19f33c7c107fw,2026-01-20 19:30:00,21,True,52,688,1564,2302,156.47,230.27,0.689,True,0.5279,,,,,,,,,,,,,,,,
2026-01-21,a3986d20c19f33c7c107fw,2026-01-20 19:40:00,22,True,54,509,1158,2305,115.9,230.5,0.51,True,0.5472,,,,,,,,,,,,,,,,
2026-01-21,a3986d20c19f33c7c107fw,2026-01-20 19:50:00,23,True,56,509,1155,2300,115.55,230.07,0.509,True,0.5665,,,,,,,,,,,,,,,,
2026-01-21,a3986d20c19f33c7c107fw,2026-01-20 20:00:00,24,True,58,598,1361,2307,136.15,230.74,0.598,True,0.5892,,,,,,,,,,,,,,,,
2026-01-21,a3986d20c19f33c7c107fw,2026-01-20 20:10:00,25,True,61,599,1361,2301,136.15,230.11,0.6,True,0.6119,,,,,,,,,,,,,,,,
2026-01-21,a3986d20c19f33c7c107fw,2026-01-20 20:20:00,26,True,61,171,389,2303,38.95,230.32,0.171,True,0.6184,,,,,,,,,,,,,,,,
2026-01-21,a3986d20c19f33c7c107fw,2026-01-20 20:30:00,27,True,62,178,407,2309,40.71,230.9,0.179,True,0.6252,,,,,,,,,,,,,,,,
2026-01-21,a3986d20c19f33c7c107fw,2026-01-20 20:40:00,28,True,63,172,391,2304,39.2,230.4,0.172,True,0.6317,,,,,,,,,,,,,,,,
2026-01-21,a3986d20c19f33c7c107fw,2026-01-20 20:50:00,29,True,64,261,595,2312,59.56,231.27,0.261,True,0.6416,,,,,,,,,,,,,,,,
2026-01-21,a3986d20c19f33c7c107fw,2026-01-20 21:00:00,30,True,66,609,1388,2308,138.81,230.82,0.61,True,0.6648,,,,,,,,,,,,,,,,
2026-01-21,a3986d20c19f33c7c107fw,2026-01-20 21:10:00,31,True,69,686,1555,2297,155.52,229.7,0.686,True,0.6907,,,,,,,,,,,,,,,,
2026-01-21,a3986d20c19f33c7c107fw,2026-01-20 21:20:00,32,True,71,685,1555,2300,155.52,230.05,0.685,True,0.7166,,,,,,,,,,,,,,,,
2026-01-21,a3986d20c19f33c7c107fw,2026-01-20 21:30:00,33,True,73,512,1160,2296,116.03,229.67,0.512,True,0.7359,,,,,,,,,,,,,,,,
2026-01-21,a3986d20c19f33c7c107fw,2026-01-20 21:40:00,34,True,75,599,1357,2297,135.77,229.74,0.599,True,0.7586,,,,,,,,,,,,,,,,
2026-01-21,a3986d20c19f33c7c107fw,2026-01-20 21:50:00,35,True,77,349,794,2305,79.47,230.52,0.349,True,0.7718,,,,,,,,,,,,,,,,
2026-01-21,a3986d20c19f33c7c107fw,2026-01-20 22:00:00,36,True,78,261,591,2295,59.14,229.54,0.261,True,0.7817,,,,,,,,,,,,,,,,
2026-01-21,a3986d20c19f33c7c107fw,2026-01-20 22:10:00,37,True,78,175,400,2307,40.05,230.78,0.176,True,0.7883,,,,,,,,,,,,,,,,
2026-01-21,a3986d20c19f33c7c107fw,2026-01-20 22:20:00,38,True,80,506,1151,2304,115.16,230.42,0.507,True,0.8075,,,,,,,,,,,,,,,,
2026-01-21,a3986d20c19f33c7c107fw,2026-01-20 22:30:00,39,True,83,855,1941,2301,194.11,230.1,0.855,True,0.8399,,,,,,,,,,,,,,,,
2026-01-21,a3986d20c19f33c7c107fw,2026-01-20 22:40:00,40,True,86,682,1550,2301,155.06,230.18,0.683,True,0.8657,,,,,,,,,,,,,,,,
2026-01-21,a3986d20c19f33c7c107fw,2026-01-20 22:50:00,41,True,88,594,1350,2301,135.03,230.17,0.595,True,0.8882,,,,,,,,,,,,,,,,
2026-01-21,a3986d20c19f33c7c107fw,2026-01-20 23:00:00,42,True,91,590,1339,2297,133.93,229.74,0.591,True,0.9105,,,,,,,,,,,,,,,,
2026-01-21,a3986d20c19f33c7c107fw,2026-01-20 23:10:00,43,True,92,429,974,2301,97.48,230.15,0.429,True,0.9268,,,,,,,,,,,,,,,,
2026-01-21,a3986d20c19f33c7c107fw,2026-01-20 23:20:00,44,True,93,176,402,2312,40.26,231.24,0.176,True,0.9335,,,,,,,,,,,,,,,,
2026-01-21,a3986d20c19f33c7c107fw,2026-01-20 23:30:00,45,True,93,89,203,2301,20.35,230.1,0.09,True,0.9369,,,,,,,,,,,,,,,,
2026-01-21,a3986d20c19f33c7c107fw,2026-01-20 23:40:00,46,True,94,0,591,2300,59.2,230.01,0.0,True,0.9468,,,,,,,,,,,,,,,,
2026-01-21,a3986d20c19f33c7c107fw,2026-01-20 23:50:00,47,True,95,0,591,2297,59.2,229.73,0.0,True,0.9566,,,,,,,,,,,,,,,,
2026-01-21,a3986d20c19f33c7c107fw,2026-01-21 00:00:00,48,True,96,260,590,2293,59.05,229.38,0.261,True,0.9665,,,,,,,,,,,,,,,,
2026-01-21,a3986d20c19f33c7c107fw,2026-01-21 00:10:00,49,True,99,780,1773,2302,177.33,230.29,0.781,True,0.996,,,,,,,,,,,,,,,,
2026-01-21,a3986d20c19f33c7c107fw,2026-01-21 00:20:00,50,True,102,695,1580,2304,158.09,230.45,0.695,True,1.0224,,,,,,,,,,,,,,,,
2026-01-21,a3986d20c19f33c7c107fw,2026-01-21 00:30:00,51,True,104,608,1386,2307,138.64,230.76,0.609,True,1.0455,,,,,,,,,,,,,,,,
2026-01-21,a3986d20c19f33c7c107fw,2026-01-21 00:40:00,52,True,104,86,197,2307,19.76,230.72,0.087,True,1.0488,,,,,,,,,,,,,,,,
2026-01-21,a3986d20c19f33c7c107fw,2026-01-21 00:50:00,53,True,105,174,397,2317,39.8,231.74,0.174,True,1.0554,,,,,,,,,,,,,,,,
2026-01-21,a3986d20c19f33c7c107fw,2026-01-21 01:00:00,54,True,106,173,395,2304,39.52,230.49,0.174,True,1.062,,,,,,,,,,,,,,,,
2026-01-21,a3986d20c19f33c7c107fw,2026-01-21 01:10:00,55,True,106,166,378,2308,37.89,230.82,0.166,True,1.0683,,,,,,,,,,,,,,,,
2026-01-21,a3986d20c19f33c7c107fw,2026-01-21 01:20:00,56,True,108,511,1167,2315,116.77,231.55,0.511,True,1.0878,,,,,,,,,,,,,,,,
2026-01-21,a3986d20c19f33c7c107fw,2026-01-21 01:30:00,57,True,111,684,1564,2315,156.42,231.5,0.685,True,1.1138,,,,,,,,,,,,,,,,
2026-01-21,a3986d20c19f33c7c107fw,2026-01-21 01:40:00,58,True,113,523,1188,2301,118.88,230.16,0.524,True,1.1337,,,,,,,,,,,,,,,,
2026-01-21,a3986d20c19f33c7c107fw,2026-01-21 01:50:00,59,True,114,350,796,2302,79.69,230.24,0.351,True,1.1469,,,,,,,,,,,,,,,,
2026-01-21,a3986d20c19f33c7c107fw,2026-01-21 02:00:00,60,True,115,172,391,2297,39.15,229.7,0.173,True,1.1535,,,,,,,,,,,,,,,,
2026-01-21,a3986d20c19f33c7c107fw,2026-01-21 02:10:00,61,True,116,353,797,2287,79.71,228.76,0.353,True,1.1667,,,,,,,,,,,,,,,,
2026-01-21,a3986d20c19f33c7c107fw,2026-01-21 02:20:00,62,True,117,168,381,2296,38.16,229.62,0.168,True,1.1731,,,,,,,,,,,,,,,,
2026-01-21,a3986d20c19f33c7c107fw,2026-01-21 02:30:00,63,True,119,612,1378,2282,137.88,228.26,0.612,True,1.1961,,,,,,,,,,,,,,,,
2026-01-21,a3986d20c19f33c7c107fw,2026-01-21 02:40:00,64,True,121,517,1166,2286,116.69,228.6,0.517,True,1.2155,,,,,,,,,,,,,,,,
2026-01-21,a3986d20c19f33c7c107fw,2026-01-21 02:50:00,65,True,123,605,1367,2290,136.76,229.03,0.605,True,1.2383,,,,,,,,,,,,,,,,
2026-01-21,a3986d20c19f33c7c107fw,2026-01-21 03:00:00,66,True,126,596,1347,2291,134.78,229.1,0.596,True,1.2608,,,,,,,,,,,,,,,,
2026-01-21,a3986d20c19f33c7c107fw,2026-01-21 03:10:00,67,True,128,682,1538,2286,153.86,228.66,0.682,True,1.2864,,,,,,,,,,,,,,,,
2026-01-21,a3986d20c19f33c7c107fw,2026-01-21 03:20:00,68,True,131,670,1522,2300,152.21,230.09,0.671,True,1.3118,,,,,,,,,,,,,,,,
2026-01-21,a3986d20c19f33c7c107fw,2026-01-21 03:30:00,69,True,132,326,739,2300,74.0,230.0,0.326,True,1.3241,,,,,,,,,,,,,,,,
2026-01-21,a3986d20c19f33c7c107fw,2026-01-21 03:40:00,70,True,133,324,737,2304,73.76,230.42,0.324,True,1.3364,,,,,,,,,,,,,,,,
2026-01-21,a3986d20c19f33c7c107fw,2026-01-21 03:50:00,71,False,133,0,0,2310,0.0,231.03,0.0,False,1.3364,,,,,,,,,,,,,,,,
2026-01-21,a3986d20c19f33c7c107fw,2026-01-21 04:00:00,72,True,133,84,193,2315,19.34,231.52,0.085,True,1.3396,,,,,,,,,,,,,,,,
2026-01-21,a3986d20c19f33c7c107fw,2026-01-21 04:10:00,73,True,135,376,848,2282,84.85,228.22,0.377,True,1.3538,,,,,,,,,,,,,,,,
2026-01-21,a3986d20c19f33c7c107fw,2026-01-21 04:20:00,74,True,136,259,587,2293,58.71,229.38,0.259,True,1.3636,,,,,,,,,,,,,,,,
2026-01-21,a3986d20c19f33c7c107fw,2026-01-21 04:30:00,75,True,137,261,587,2276,58.71,227.65,0.261,True,1.3734,,,,,,,,,,,,,,,,
2026-01-21,a3986d20c19f33c7c107fw,2026-01-21 04:40:00,76,True,138,345,773,2266,77.34,226.6,0.346,True,1.3863,,,,,,,,,,,,,,,,
2026-01-21,a3986d20c19f33c7c107fw,2026-01-21 04:50:00,77,True,140,455,1025,2282,102.59,228.22,0.456,True,1.4034,,,,,,,,,,,,,,,,
2026-01-21,a3986d20c19f33c7c107fw,2026-01-21 05:00:00,78,True,142,455,1025,2282,102.59,228.22,0.456,True,1.4204,,,,,,,,,,,,,,,,
2026-01-21,a3986d20c19f33c7c107fw,2026-01-21 05:10:00,79,True,143,445,1000,2278,100.04,227.8,0.445,True,1.4371,,,,,,,,,,,,,,,,
2026-01-21,a3986d20c19f33c7c107fw,2026-01-21 05:20:00,80,False,143,0,0,2279,0.0,227.93,0.0,False,1.4371,,,,,,,,,,,,,,,,
2026-01-21,a3986d20c19f33c7c107fw,2026-01-21 05:30:00,81,False,143,0,0,2279,0.0,227.93,0.0,False,1.4371,,,,,,,,,,,,,,,,
2026-01-21,a3986d20c19f33c7c107fw,2026-01-21 05:40:00,82,False,143,0,0,2295,0.0,229.57,0.0,False,1.4371,,,,,,,,,,,,,,,,
2026-01-21,a3986d20c19f33c7c107fw,2026-01-21 05:50:00,83,True,145,437,986,2285,98.6,228.54,0.437,True,1.4536,,,,,,,,,,,,,,,,
2026-01-21,a3986d20c19f33c7c107fw,2026-01-21 06:00:00,84,True,146,359,805,2267,80.52,226.78,0.36,True,1.467,,,,,,,,,,,,,,,,
2026-01-21,a3986d20c19f33c7c107fw,2026-01-21 06:10:00,85,True,148,361,812,2281,81.3,228.12,0.361,True,1.4805,,,,,,,,,,,,,,,,
2026-01-21,a3986d20c19f33c7c107fw,2026-01-21 06:20:00,86,True,149,359,808,2277,80.8,227.7,0.36,True,1.494,,,,,,,,,,,,,,,,
2026-01-21,a3986d20c19f33c7c107fw,2026-01-21 06:30:00,87,True,150,262,588,2275,58.89,227.54,0.262,True,1.5038,,,,,,,,,,,,,,,,
2026-01-21,a3986d20c19f33c7c107fw,2026-01-21 06:40:00,88,True,152,527,1189,2287,118.98,228.7,0.527,True,1.5236,,,,,,,,,,,,,,,,
2026-01-21,a3986d20c19f33c7c107fw,2026-01-21 06:50:00,89,True,154,692,1558,2281,155.86,228.1,0.693,True,1.5496,,,,,,,,,,,,,,,,
2026-01-21,a3986d20c19f33c7c107fw,2026-01-21 07:00:00,90,True,156,352,793,2284,79.38,228.43,0.352,True,1.5628,,,,,,,,,,,,,,,,
2026-01-21,a3986d20c19f33c7c107fw,2026-01-21 07:10:00,91,True,157,353,798,2289,79.86,228.9,0.354,True,1.5762,,,,,,,,,,,,,,,,
2026-01-21,a3986d20c19f33c7c107fw,2026-01-21 07:20:00,92,True,159,428,963,2276,96.34,227.64,0.429,True,1.5922,,,,,,,,,,,,,,,,
2026-01-21,a3986d20c19f33c7c107fw,2026-01-21 07:30:00,93,True,160,340,766,2280,76.6,228.05,0.34,True,1.605,,,,,,,,,,,,,,,,
2026-01-21,a3986d20c19f33c7c107fw,2026-01-21 07:40:00,94,True,161,340,766,2283,76.62,228.3,0.34,True,1.6177,,,,,,,,,,,,,,,,
2026-01-21,a3986d20c19f33c7c107fw,2026-01-21 07:50:00,95,True,163,428,964,2281,96.47,228.19,0.429,True,1.6338,,,,,,,,,,,,,,,,
2026-01-21,a3986d20c19f33c7c107fw,2026-01-21 08:00:00,96,True,164,426,962,2284,96.23,228.49,0.427,True,1.6499,,,,,,,,,,,,,,,,
2026-01-21,a3986d20c19f33c7c107fw,2026-01-21 08:10:00,97,True,166,509,1152,2293,115.23,229.31,0.509,True,1.6691,,,,,,,,,,,,,,,,
2026-01-21,a3986d20c19f33c7c107fw,2026-01-21 08:20:00,98,True,168,425,964,2299,96.41,229.9,0.425,True,1.6851,,,,,,,,,,,,,,,,
2026-01-21,a3986d20c19f33c7c107fw,2026-01-21 08:30:00,99,True,170,430,977,2300,97.77,230.0,0.431,True,1.7014,,,,,,,,,,,,,,,,
2026-01-21,a3986d20c19f33c7c107fw,2026-01-21 08:40:00,100,True,171,260,592,2306,59.23,230.66,0.26,True,1.7113,,,,,,,,,,,,,,,,
2026-01-21,a3986d20c19f33c7c107fw,2026-01-21 08:50:00,101,True,172,344,782,2304,78.28,230.48,0.344,True,1.7244,,,,,,,,,,,,,,,,
2026-01-21,a3986d20c19f33c7c107fw,2026-01-21 09:00:00,102,True,173,171,390,2303,39.07,230.36,0.172,True,1.7309,,,,,,,,,,,,,,,,
2026-01-21,a3986d20c19f33c7c107fw,2026-01-21 09:10:00,103,True,173,171,390,2304,39.07,230.41,0.172,True,1.7374,,,,,,,,,,,,,,,,
2026-01-21,a3986d20c19f33c7c107fw,2026-01-21 09:20:00,104,True,175,517,1179,2309,117.97,230.97,0.518,True,1.757,,,,,,,,,,,,,,,,
2026-01-21,a3986d20c19f33c7c107fw,2026-01-21 09:30:00,105,True,176,262,596,2305,59.61,230.57,0.262,True,1.767,,,,,,,,,,,,,,,,
2026-01-21,a3986d20c19f33c7c107fw,2026-01-21 09:40:00,106,True,177,261,596,2306,59.61,230.63,0.262,True,1.7769,,,,,,,,,,,,,,,,
2026-01-21,a3986d20c19f33c7c107fw,2026-01-21 09:50:00,107,True,179,524,1191,2303,119.18,230.35,0.524,True,1.7968,,,,,,,,,,,,,,,,
2026-01-21,a3986d20c19f33c7c107fw,2026-01-21 10:00:00,108,True,181,351,799,2307,79.96,230.7,0.351,True,1.8101,,,,,,,,,,,,,,,,
2026-01-21,a3986d20c19f33c7c107fw,2026-01-21 10:10:00,109,True,182,263,598,2304,59.84,230.4,0.263,True,1.8201,,,,,,,,,,,,,,,,
2026-01-21,a3986d20c19f33c7c107fw,2026-01-21 10:20:00,110,True,182,175,398,2302,39.87,230.27,0.175,True,1.8267,,,,,,,,,,,,,,,,
2026-01-21,a3986d20c19f33c7c107fw,2026-01-21 10:30:00,111,True,183,0,591,2303,59.2,230.33,0.0,True,1.8366,,,,,,,,,,,,,,,,
2026-01-21,a3986d20c19f33c7c107fw,2026-01-21 10:40:00,112,True,183,84,192,2302,19.26,230.2,0.085,True,1.8398,,,,,,,,,,,,,,,,
2026-01-21,a3986d20c19f33c7c107fw,2026-01-21 10:50:00,113,True,184,175,398,2303,39.82,230.32,0.175,True,1.8464,,,,,,,,,,,,,,,,
2026-01-21,a3986d20c19f33c7c107fw,2026-01-21 11:00:00,114,False,184,0,0,2304,0.0,230.47,0.0,False,1.8464,,,,,,,,,,,,,,,,
2026-01-21,a3986d20c19f33c7c107fw,2026-01-21 11:10:00,115,True,185,265,602,2300,60.22,230.0,0.265,True,1.8565,,,,,,,,,,,,,,,,
2026-01-21,a3986d20c19f33c7c107fw,2026-01-21 11:20:00,116,True,187,439,999,2302,99.92,230.22,0.44,True,1.8731,,,,,,,,,,,,,,,,
2026-01-21,a3986d20c19f33c7c107fw,2026-01-21 11:30:00,117,True,188,442,1005,2301,100.58,230.13,0.443,True,1.8899,,,,,,,,,,,,,,,,
2026-01-21,a3986d20c19f33c7c107fw,2026-01-21 11:40:00,118,True,190,355,807,2298,80.71,229.84,0.356,True,1.9033,,,,,,,,,,,,,,,,
2026-01-21,a3986d20c19f33c7c107fw,2026-01-21 11:50:00,119,True,190,172,392,2311,39.25,231.12,0.172,True,1.9099,,,,,,,,,,,,,,,,
2026-01-21,a3986d20c19f33c7c107fw,2026-01-21 12:00:00,120,True,191,82,187,2306,18.76,230.64,0.082,True,1.913,,,,,,,,,,,,,,,,
2026-01-21,a3986d20c19f33c7c107fw,2026-01-21 12:10:00,121,True,191,86,195,2301,19.53,230.18,0.086,True,1.9163,,,,,,,,,,,,,,,,
2026-01-21,a3986d20c19f33c7c107fw,2026-01-21 12:20:00,122,True,192,174,396,2306,39.62,230.63,0.174,True,1.9229,,,,,,,,,,,,,,,,
2026-01-21,a3986d20c19f33c7c107fw,2026-01-21 12:30:00,123,True,192,174,396,2306,39.62,230.63,0.174,True,1.9295,,,,,,,,,,,,,,,,
2026-01-21,a3986d20c19f33c7c107fw,2026-01-21 12:40:00,124,True,194,528,1195,2293,119.59,229.34,0.529,True,1.9494,,,,,,,,,,,,,,,,
2026-01-21,a3986d20c19f33c7c107fw,2026-01-21 12:50:00,125,True,197,616,1390,2287,139.07,228.73,0.616,True,1.9726,,,,,,,,,,,,,,,,
2026-01-21,a3986d20c19f33c7c107fw,2026-01-21 13:00:00,126,True,199,524,1185,2288,118.53,228.86,0.525,True,1.9923,,,,,,,,,,,,,,,,
2026-01-21,a3986d20c19f33c7c107fw,2026-01-21 13:10:00,127,True,201,524,1185,2288,118.53,228.86,0.525,True,2.0121,,,,,,,,,,,,,,,,
2026-01-21,a3986d20c19f33c7c107fw,2026-01-21 13:20:00,128,True,202,340,766,2280,76.68,228.09,0.341,True,2.0249,,,,,,,,,,,,,,,,
2026-01-21,a3986d20c19f33c7c107fw,2026-01-21 13:30:00,129,True,203,256,575,2274,57.52,227.47,0.256,True,2.0345,,,,,,,,,,,,,,,,
2026-01-21,a3986d20c19f33c7c107fw,2026-01-21 13:40:00,130,True,203,81,183,2273,18.33,227.37,0.082,True,2.0375,,,,,,,,,,,,,,,,
2026-01-21,a3986d20c19f33c7c107fw,2026-01-21 13:50:00,131,True,204,81,183,2273,18.33,227.37,0.082,True,2.0406,,,,,,,,,,,,,,,,
2026-01-21,a3986d20c19f33c7c107fw,2026-01-21 14:00:00,132,True,205,342,766,2270,76.65,227.03,0.342,True,2.0533,,,,,,,,,,,,,,,,
2026-01-21,a3986d20c19f33c7c107fw,2026-01-21 14:10:00,133,True,206,356,798,2266,79.81,226.64,0.357,True,2.0666,,,,,,,,,,,,,,,,
2026-01-21,a3986d20c19f33c7c107fw,2026-01-21 14:20:00,134,True,207,356,798,2266,79.81,226.64,0.357,True,2.0799,,,,,,,,,,,,,,,,
2026-01-21,a3986d20c19f33c7c107fw,2026-01-21 14:30:00,135,True,209,443,992,2268,99.21,226.83,0.443,True,2.0965,,,,,,,,,,,,,,,,
2026-01-21,a3986d20c19f33c7c107fw,2026-01-21 14:40:00,136,True,211,438,981,2268,98.19,226.87,0.439,True,2.1128,,,,,,,,,,,,,,,,
2026-01-21,a3986d20c19f33c7c107fw,2026-01-21 14:50:00,137,True,212,348,780,2269,78.02,226.95,0.348,True,2.1258,,,,,,,,,,,,,,,,
2026-01-21,a3986d20c19f33c7c107fw,2026-01-21 15:00:00,138,True,213,341,767,2282,76.8,228.2,0.341,True,2.1386,,,,,,,,,,,,,,,,
2026-01-21,a3986d20c19f33c7c107fw,2026-01-21 15:10:00,139,True,215,431,969,2279,96.96,227.94,0.431,True,2.1548,,,,,,,,,,,,,,,,
2026-01-21,a3986d20c19f33c7c107fw,2026-01-21 15:20:00,140,True,217,434,977,2279,97.74,227.9,0.435,True,2.1711,,,,,,,,,,,,,,,,
2026-01-21,a3986d20c19f33c7c107fw,2026-01-21 15:30:00,141,True,218,432,973,2279,97.35,227.97,0.433,True,2.1873,,,,,,,,,,,,,,,,
2026-01-21,a3986d20c19f33c7c107fw,2026-01-21 15:40:00,142,True,220,427,961,2278,96.13,227.81,0.428,True,2.2033,,,,,,,,,,,,,,,,
2026-01-21,a3986d20c19f33c7c107fw,2026-01-21 15:50:00,143,True,220,177,399,2284,39.97,228.48,0.177,True,2.21,,,,,,,,,,,,,,,,
2026-01-22,a3986d20c19f33c7c107fw,2026-01-21 16:00:00,0,True,1,337,759,2284,75.92,228.4,0.337,True,0.0127,,,,,,,,,,,,,,,,
2026-01-22,a3986d20c19f33c7c107fw,2026-01-21 16:10:00,1,True,2,253,571,2284,57.11,228.45,0.253,True,0.0222,,,,,,,,,,,,,,,,
2026-01-22,a3986d20c19f33c7c107fw,2026-01-21 16:20:00,2,True,5,751,1690,2282,169.05,228.22,0.751,True,0.0503,,,,,,,,,,,,,,,,
2026-01-22,a3986d20c19f33c7c107fw,2026-01-21 16:30:00,3,True,6,416,933,2271,93.3,227.19,0.416,True,0.0659,,,,,,,,,,,,,,,,
2026-01-22,a3986d20c19f33c7c107fw,2026-01-21 16:40:00,4,True,10,928,2093,2287,209.37,228.73,0.928,True,0.1008,,,,,,,,,,,,,,,,
2026-01-22,a3986d20c19f33c7c107fw,2026-01-21 16:50:00,5,True,13,839,1890,2282,189.1,228.29,0.84,True,0.1323,,,,,,,,,,,,,,,,
2026-01-22,a3986d20c19f33c7c107fw,2026-01-21 17:00:00,6,True,16,918,2066,2281,206.6,228.13,0.918,True,0.1667,,,,,,,,,,,,,,,,
2026-01-22,a3986d20c19f33c7c107fw,2026-01-21 17:10:00,7,True,18,500,1121,2273,112.18,227.36,0.5,True,0.1854,,,,,,,,,,,,,,,,
2026-01-22,a3986d20c19f33c7c107fw,2026-01-21 17:20:00,8,True,20,506,1143,2288,114.35,228.81,0.507,True,0.2045,,,,,,,,,,,,,,,,
2026-01-22,a3986d20c19f33c7c107fw,2026-01-21 17:30:00,9,True,22,533,1208,2295,120.88,229.59,0.534,True,0.2246,,,,,,,,,,,,,,,,
2026-01-22,a3986d20c19f33c7c107fw,2026-01-21 17:40:00,10,True,24,436,987,2294,98.77,229.4,0.437,True,0.2411,,,,,,,,,,,,,,,,
2026-01-22,a3986d20c19f33c7c107fw,2026-01-21 17:50:00,11,True,25,497,1126,2296,112.62,229.61,0.497,True,0.2599,,,,,,,,,,,,,,,,
2026-01-22,a3986d20c19f33c7c107fw,2026-01-21 18:00:00,12,True,29,920,2073,2284,207.3,228.47,0.92,True,0.2944,,,,,,,,,,,,,,,,
2026-01-22,a3986d20c19f33c7c107fw,2026-01-21 18:10:00,13,True,31,671,1515,2289,151.58,228.93,0.671,True,0.3197,,,,,,,,,,,,,,,,
2026-01-22,a3986d20c19f33c7c107fw,2026-01-21 18:20:00,14,True,34,781,1762,2287,176.21,228.77,0.781,True,0.3491,,,,,,,,,,,,,,,,
2026-01-22,a3986d20c19f33c7c107fw,2026-01-21 18:30:00,15,True,37,683,1540,2286,154.1,228.65,0.683,True,0.3747,,,,,,,,,,,,,,,,
2026-01-22,a3986d20c19f33c7c107fw,2026-01-21 18:40:00,16,True,39,668,1510,2291,151.02,229.16,0.668,True,0.3999,,,,,,,,,,,,,,,,
2026-01-22,a3986d20c19f33c7c107fw,2026-01-21 18:50:00,17,True,42,593,1348,2302,134.83,230.23,0.594,True,0.4224,,,,,,,,,,,,,,,,
2026-01-22,a3986d20c19f33c7c107fw,2026-01-21 19:00:00,18,True,44,680,1544,2302,154.45,230.21,0.68,True,0.4481,,,,,,,,,,,,,,,,
2026-01-22,a3986d20c19f33c7c107fw,2026-01-21 19:10:00,19,True,46,496,1128,2305,112.85,230.52,0.496,True,0.4669,,,,,,,,,,,,,,,,
2026-01-22,a3986d20c19f33c7c107fw,2026-01-21 19:20:00,20,True,48,496,1128,2303,112.85,230.3,0.497,True,0.4857,,,,,,,,,,,,,,,,
2026-01-22,a3986d20c19f33c7c107fw,2026-01-21 19:30:00,21,True,51,666,1514,2302,151.44,230.27,0.667,True,0.511,,,,,,,,,,,,,,,,
2026-01-22,a3986d20c19f33c7c107fw,2026-01-21 19:40:00,22,True,52,493,1121,2305,112.18,230.5,0.493,True,0.5297,,,,,,,,,,,,,,,,
2026-01-22,a3986d20c19f33c7c107fw,2026-01-21 19:50:00,23,True,54,492,1118,2300,111.84,230.07,0.493,True,0.5483,,,,,,,,,,,,,,,,
2026-01-22,a3986d20c19f33c7c107fw,2026-01-21 20:00:00,24,True,57,579,1317,2307,131.78,230.74,0.579,True,0.5703,,,,,,,,,,,,,,,,
2026-01-22,a3986d20c19f33c7c107fw,2026-01-21 20:10:00,25,True,59,580,1317,2301,131.78,230.11,0.581,True,0.5922,,,,,,,,,,,,,,,,
2026-01-22,a3986d20c19f33c7c107fw,2026-01-21 20:20:00,26,True,59,165,377,2303,37.7,230.32,0.166,True,0.5985,,,,,,,,,,,,,,,,
2026-01-22,a3986d20c19f33c7c107fw,2026-01-21 20:30:00,27,True,60,173,394,2309,39.41,230.9,0.173,True,0.6051,,,,,,,,,,,,,,,,
2026-01-22,a3986d20c19f33c7c107fw,2026-01-21 20:40:00,28,True,61,166,379,2304,37.95,230.4,0.167,True,0.6114,,,,,,,,,,,,,,,,
2026-01-22,a3986d20c19f33c7c107fw,2026-01-21 20:50:00,29,True,62,252,576,2312,57.64,231.27,0.253,True,0.621,,,,,,,,,,,,,,,,
2026-01-22,a3986d20c19f33c7c107fw,2026-01-21 21:00:00,30,True,64,590,1343,2308,134.35,230.82,0.59,True,0.6434,,,,,,,,,,,,,,,,
2026-01-22,a3986d20c19f33c7c107fw,2026-01-21 21:10:00,31,True,66,664,1505,2297,150.53,229.7,0.665,True,0.6685,,,,,,,,,,,,,,,,
2026-01-22,a3986d20c19f33c7c107fw,2026-01-21 21:20:00,32,True,69,663,1505,2300,150.53,230.05,0.664,True,0.6936,,,,,,,,,,,,,,,,
2026-01-22,a3986d20c19f33c7c107fw,2026-01-21 21:30:00,33,True,71,495,1122,2296,112.3,229.67,0.496,True,0.7123,,,,,,,,,,,,,,,,
2026-01-22,a3986d20c19f33c7c107fw,2026-01-21 21:40:00,34,True,73,580,1314,2297,131.42,229.74,0.58,True,0.7342,,,,,,,,,,,,,,,,
2026-01-22,a3986d20c19f33c7c107fw,2026-01-21 21:50:00,35,True,74,338,769,2305,76.92,230.52,0.338,True,0.747,,,,,,,,,,,,,,,,
2026-01-22,a3986d20c19f33c7c107fw,2026-01-21 22:00:00,36,True,75,252,572,2295,57.24,229.54,0.253,True,0.7566,,,,,,,,,,,,,,,,
2026-01-22,a3986d20c19f33c7c107fw,2026-01-21 22:10:00,37,True,76,170,387,2307,38.76,230.78,0.17,True,0.763,,,,,,,,,,,,,,,,
2026-01-22,a3986d20c19f33c7c107fw,2026-01-21 22:20:00,38,True,78,490,1114,2304,111.46,230.42,0.491,True,0.7816,,,,,,,,,,,,,,,,
2026-01-22,a3986d20c19f33c7c107fw,2026-01-21 22:30:00,39,True,81,827,1878,2301,187.88,230.1,0.828,True,0.8129,,,,,,,,,,,,,,,,
2026-01-22,a3986d20c19f33c7c107fw,2026-01-21 22:40:00,40,True,83,661,1500,2301,150.08,230.18,0.661,True,0.8379,,,,,,,,,,,,,,,,
2026-01-22,a3986d20c19f33c7c107fw,2026-01-21 22:50:00,41,True,85,575,1306,2301,130.7,230.17,0.576,True,0.8597,,,,,,,,,,,,,,,,
2026-01-22,a3986d20c19f33c7c107fw,2026-01-21 23:00:00,42,True,88,572,1296,2297,129.63,229.74,0.572,True,0.8813,,,,,,,,,,,,,,,,
2026-01-22,a3986d20c19f33c7c107fw,2026-01-21 23:10:00,43,True,89,415,943,2301,94.35,230.15,0.416,True,0.897,,,,,,,,,,,,,,,,
2026-01-22,a3986d20c19f33c7c107fw,2026-01-21 23:20:00,44,True,90,170,389,2312,38.97,231.24,0.171,True,0.9035,,,,,,,,,,,,,,,,
2026-01-22,a3986d20c19f33c7c107fw,2026-01-21 23:30:00,45,True,90,86,197,2301,19.7,230.1,0.087,True,0.9068,,,,,,,,,,,,,,,,
2026-01-22,a3986d20c19f33c7c107fw,2026-01-21 23:40:00,46,True,91,0,591,2300,59.17,230.01,0.0,True,0.9167,,,,,,,,,,,,,,,,
2026-01-22,a3986d20c19f33c7c107fw,2026-01-21 23:50:00,47,True,92,0,591,2297,59.17,229.73,0.0,True,0.9265,,,,,,,,,,,,,,,,
2026-01-22,a3986d20c19f33c7c107fw,2026-01-22 00:00:00,48,True,93,252,571,2293,57.16,229.38,0.253,True,0.9361,,,,,,,,,,,,,,,,
2026-01-22,a3986d20c19f33c7c107fw,2026-01-22 00:10:00,49,True,96,755,1716,2302,171.64,230.29,0.756,True,0.9647,,,,,,,,,,,,,,,,
2026-01-22,a3986d20c19f33c7c107fw,2026-01-22 00:20:00,50,True,99,673,1530,2304,153.02,230.45,0.673,True,0.9902,,,,,,,,,,,,,,,,
2026-01-22,a3986d20c19f33c7c107fw,2026-01-22 00:30:00,51,True,101,589,1341,2307,134.19,230.76,0.59,True,1.0126,,,,,,,,,,,,,,,,
2026-01-22,a3986d20c19f33c7c107fw,2026-01-22 00:40:00,52,True,101,84,191,2307,19.13,230.72,0.084,True,1.0157,,,,,,,,,,,,,,,,
2026-01-22,a3986d20c19f33c7c107fw,2026-01-22 00:50:00,53,True,102,168,385,2317,38.52,231.74,0.169,True,1.0222,,,,,,,,,,,,,,,,
2026-01-22,a3986d20c19f33c7c107fw,2026-01-22 01:00:00,54,True,102,168,382,2304,38.25,230.49,0.168,True,1.0285,,,,,,,,,,,,,,,,
2026-01-22,a3986d20c19f33c7c107fw,2026-01-22 01:10:00,55,True,103,161,366,2308,36.68,230.82,0.161,True,1.0346,,,,,,,,,,,,,,,,
2026-01-22,a3986d20c19f33c7c107fw,2026-01-22 01:20:00,56,True,105,494,1130,2315,113.02,231.55,0.495,True,1.0535,,,,,,,,,,,,,,,,
2026-01-22,a3986d20c19f33c7c107fw,2026-01-22 01:30:00,57,True,107,663,1513,2315,151.39,231.5,0.663,True,1.0787,,,,,,,,,,,,,,,,
2026-01-22,a3986d20c19f33c7c107fw,2026-01-22 01:40:00,58,True,109,506,1150,2301,115.07,230.16,0.507,True,1.0979,,,,,,,,,,,,,,,,
2026-01-22,a3986d20c19f33c7c107fw,2026-01-22 01:50:00,59,True,111,339,771,2302,77.13,230.24,0.34,True,1.1107,,,,,,,,,,,,,,,,
2026-01-22,a3986d20c19f33c7c107fw,2026-01-22 02:00:00,60,True,111,167,378,2297,37.9,229.7,0.167,True,1.1171,,,,,,,,,,,,,,,,
2026-01-22,a3986d20c19f33c7c107fw,2026-01-22 02:10:00,61,True,112,341,771,2287,77.15,228.76,0.342,True,1.1299,,,,,,,,,,,,,,,,
2026-01-22,a3986d20c19f33c7c107fw,2026-01-22 02:20:00,62,True,113,163,369,2296,36.94,229.62,0.163,True,1.1361,,,,,,,,,,,,,,,,
2026-01-22,a3986d20c19f33c7c107fw,2026-01-22 02:30:00,63,True,115,592,1334,2282,133.45,228.26,0.593,True,1.1583,,,,,,,,,,,,,,,,
2026-01-22,a3986d20c19f33c7c107fw,2026-01-22 02:40:00,64,True,117,500,1129,2286,112.95,228.6,0.501,True,1.1771,,,,,,,,,,,,,,,,
2026-01-22,a3986d20c19f33c7c107fw,2026-01-22 02:50:00,65,True,119,586,1323,2290,132.37,229.03,0.586,True,1.1992,,,,,,,,,,,,,,,,
2026-01-22,a3986d20c19f33c7c107fw,2026-01-22 03:00:00,66,True,122,577,1304,2291,130.45,229.1,0.577,True,1.2209,,,,,,,,,,,,,,,,
2026-01-22,a3986d20c19f33c7c107fw,2026-01-22 03:10:00,67,True,124,660,1489,2286,148.92,228.66,0.66,True,1.2458,,,,,,,,,,,,,,,,
2026-01-22,a3986d20c19f33c7c107fw,2026-01-22 03:20:00,68,True,127,649,1473,2300,147.33,230.09,0.649,True,1.2703,,,,,,,,,,,,,,,,
2026-01-22,a3986d20c19f33c7c107fw,2026-01-22 03:30:00,69,True,128,315,716,2300,71.63,230.0,0.316,True,1.2823,,,,,,,,,,,,,,,,
2026-01-22,a3986d20c19f33c7c107fw,2026-01-22 03:40:00,70,True,129,314,713,2304,71.4,230.42,0.314,True,1.2942,,,,,,,,,,,,,,,,
2026-01-22,a3986d20c19f33c7c107fw,2026-01-22 03:50:00,71,False,129,0,0,2310,0.0,231.03,0.0,False,1.2942,,,,,,,,,,,,,,,,
2026-01-22,a3986d20c19f33c7c107fw,2026-01-22 04:00:00,72,True,129,81,187,2315,18.72,231.52,0.082,True,1.2973,,,,,,,,,,,,,,,,
2026-01-22,a3986d20c19f33c7c107fw,2026-01-22 04:10:00,73,True,131,364,821,2282,82.13,228.22,0.365,True,1.311,,,,,,,,,,,,,,,,
2026-01-22,a3986d20c19f33c7c107fw,2026-01-22 04:20:00,74,True,132,251,568,2293,56.83,229.38,0.251,True,1.3204,,,,,,,,,,,,,,,,
2026-01-22,a3986d20c19f33c7c107fw,2026-01-22 04:30:00,75,True,132,253,568,2276,56.83,227.65,0.253,True,1.3299,,,,,,,,,,,,,,,,
2026-01-22,a3986d20c19f33c7c107fw,2026-01-22 04:40:00,76,True,134,334,748,2266,74.86,226.6,0.335,True,1.3424,,,,,,,,,,,,,,,,
2026-01-22,a3986d20c19f33c7c107fw,2026-01-22 04:50:00,77,True,135,441,992,2282,99.29,228.22,0.441,True,1.3589,,,,,,,,,,,,,,,,
2026-01-22,a3986d20c19f33c7c107fw,2026-01-22 05:00:00,78,True,137,441,992,2282,99.29,228.22,0.441,True,1.3755,,,,,,,,,,,,,,,,
2026-01-22,a3986d20c19f33c7c107fw,2026-01-22 05:10:00,79,True,139,431,968,2278,96.83,227.8,0.431,True,1.3916,,,,,,,,,,,,,,,,
2026-01-22,a3986d20c19f33c7c107fw,2026-01-22 05:20:00,80,False,139,0,0,2279,0.0,227.93,0.0,False,1.3916,,,,,,,,,,,,,,,,
2026-01-22,a3986d20c19f33c7c107fw,2026-01-22 05:30:00,81,False,139,0,0,2279,0.0,227.93,0.0,False,1.3916,,,,,,,,,,,,,,,,
2026-01-22,a3986d20c19f33c7c107fw,2026-01-22 05:40:00,82,False,139,0,0,2295,0.0,229.57,0.0,False,1.3916,,,,,,,,,,,,,,,,
2026-01-22,a3986d20c19f33c7c107fw,2026-01-22 05:50:00,83,True,140,423,954,2285,95.43,228.54,0.423,True,1.4075,,,,,,,,,,,,,,,,
2026-01-22,a3986d20c19f33c7c107fw,2026-01-22 06:00:00,84,True,142,348,779,2267,77.94,226.78,0.348,True,1.4205,,,,,,,,,,,,,,,,
2026-01-22,a3986d20c19f33c7c107fw,2026-01-22 06:10:00,85,True,143,349,786,2281,78.69,228.12,0.35,True,1.4336,,,,,,,,,,,,,,,,
2026-01-22,a3986d20c19f33c7c107fw,2026-01-22 06:20:00,86,True,144,348,782,2277,78.21,227.7,0.348,True,1.4467,,,,,,,,,,,,,,,,
2026-01-22,a3986d20c19f33c7c107fw,2026-01-22 06:30:00,87,True,145,254,570,2275,57.0,227.54,0.254,True,1.4562,,,,,,,,,,,,,,,,
2026-01-22,a3986d20c19f33c7c107fw,2026-01-22 06:40:00,88,True,147,510,1151,2287,115.16,228.7,0.511,True,1.4754,,,,,,,,,,,,,,,,
2026-01-22,a3986d20c19f33c7c107fw,2026-01-22 06:50:00,89,True,150,670,1508,2281,150.86,228.1,0.671,True,1.5005,,,,,,,,,,,,,,,,
2026-01-22,a3986d20c19f33c7c107fw,2026-01-22 07:00:00,90,True,151,341,768,2284,76.83,228.43,0.341,True,1.5133,,,,,,,,,,,,,,,,
2026-01-22,a3986d20c19f33c7c107fw,2026-01-22 07:10:00,91,True,152,342,772,2289,77.29,228.9,0.342,True,1.5262,,,,,,,,,,,,,,,,
2026-01-22,a3986d20c19f33c7c107fw,2026-01-22 07:20:00,92,True,154,415,932,2276,93.25,227.64,0.415,True,1.5417,,,,,,,,,,,,,,,,
2026-01-22,a3986d20c19f33c7c107fw,2026-01-22 07:30:00,93,True,155,329,741,2280,74.14,228.05,0.33,True,1.5541,,,,,,,,,,,,,,,,
2026-01-22,a3986d20c19f33c7c107fw,2026-01-22 07:40:00,94,True,156,329,741,2283,74.16,228.3,0.329,True,1.5665,,,,,,,,,,,,,,,,
2026-01-22,a3986d20c19f33c7c107fw,2026-01-22 07:50:00,95,True,158,414,933,2281,93.37,228.19,0.415,True,1.582,,,,,,,,,,,,,,,,
2026-01-22,a3986d20c19f33c7c107fw,2026-01-22 08:00:00,96,True,159,413,931,2284,93.14,228.49,0.413,True,1.5975,,,,,,,,,,,,,,,,
2026-01-22,a3986d20c19f33c7c107fw,2026-01-22 08:10:00,97,True,161,493,1115,2293,111.53,229.31,0.493,True,1.6161,,,,,,,,,,,,,,,,
2026-01-22,a3986d20c19f33c7c107fw,2026-01-22 08:20:00,98,True,163,411,933,2299,93.31,229.9,0.412,True,1.6317,,,,,,,,,,,,,,,,
2026-01-22,a3986d20c19f33c7c107fw,2026-01-22 08:30:00,99,True,164,417,946,2300,94.63,230.0,0.417,True,1.6474,,,,,,,,,,,,,,,,
2026-01-22,a3986d20c19f33c7c107fw,2026-01-22 08:40:00,100,True,165,251,573,2306,57.33,230.66,0.252,True,1.657,,,,,,,,,,,,,,,,
2026-01-22,a3986d20c19f33c7c107fw,2026-01-22 08:50:00,101,True,166,333,757,2304,75.77,230.48,0.333,True,1.6696,,,,,,,,,,,,,,,,
2026-01-22,a3986d20c19f33c7c107fw,2026-01-22 09:00:00,102,True,167,166,378,2303,37.81,230.36,0.166,True,1.6759,,,,,,,,,,,,,,,,
2026-01-22,a3986d20c19f33c7c107fw,2026-01-22 09:10:00,103,True,168,166,378,2304,37.81,230.41,0.166,True,1.6822,,,,,,,,,,,,,,,,
2026-01-22,a3986d20c19f33c7c107fw,2026-01-22 09:20:00,104,True,170,501,1141,2309,114.18,230.97,0.501,True,1.7013,,,,,,,,,,,,,,,,
2026-01-22,a3986d20c19f33c7c107fw,2026-01-22 09:30:00,105,True,171,253,576,2305,57.69,230.57,0.254,True,1.7109,,,,,,,,,,,,,,,,
2026-01-22,a3986d20c19f33c7c107fw,2026-01-22 09:40:00,106,True,172,253,576,2306,57.69,230.63,0.254,True,1.7205,,,,,,,,,,,,,,,,
2026-01-22,a3986d20c19f33c7c107fw,2026-01-22 09:50:00,107,True,173,507,1153,2303,115.35,230.35,0.508,True,1.7397,,,,,,,,,,,,,,,,
2026-01-22,a3986d20c19f33c7c107fw,2026-01-22 10:00:00,108,True,175,340,773,2307,77.39,230.7,0.34,True,1.7526,,,,,,,,,,,,,,,,
2026-01-22,a3986d20c19f33c7c107fw,2026-01-22 10:10:00,109,True,176,254,579,2304,57.92,230.4,0.255,True,1.7623,,,,,,,,,,,,,,,,
2026-01-22,a3986d20c19f33c7c107fw,2026-01-22 10:20:00,110,True,176,169,385,2302,38.59,230.27,0.17,True,1.7687,,,,,,,,,,,,,,,,
2026-01-22,a3986d20c19f33c7c107fw,2026-01-22 10:30:00,111,True,177,0,591,2303,59.17,230.33,0.0,True,1.7786,,,,,,,,,,,,,,,,
2026-01-22,a3986d20c19f33c7c107fw,2026-01-22 10:40:00,112,True,178,82,186,2302,18.64,230.2,0.082,True,1.7817,,,,,,,,,,,,,,,,
2026-01-22,a3986d20c19f33c7c107fw,2026-01-22 10:50:00,113,True,178,169,385,2303,38.54,230.32,0.17,True,1.7881,,,,,,,,,,,,,,,,
2026-01-22,a3986d20c19f33c7c107fw,2026-01-22 11:00:00,114,False,178,0,0,2304,0.0,230.47,0.0,False,1.7881,,,,,,,,,,,,,,,,
2026-01-22,a3986d20c19f33c7c107fw,2026-01-22 11:10:00,115,True,179,257,582,2300,58.29,230.0,0.257,True,1.7978,,,,,,,,,,,,,,,,
2026-01-22,a3986d20c19f33c7c107fw,2026-01-22 11:20:00,116,True,181,425,967,2302,96.71,230.22,0.426,True,1.8139,,,,,,,,,,,,,,,,
2026-01-22,a3986d20c19f33c7c107fw,2026-01-22 11:30:00,117,True,183,428,973,2301,97.35,230.13,0.429,True,1.8302,,,,,,,,,,,,,,,,
2026-01-22,a3986d20c19f33c7c107fw,2026-01-22 11:40:00,118,True,184,344,781,2298,78.12,229.84,0.345,True,1.8432,,,,,,,,,,,,,,,,
2026-01-22,a3986d20c19f33c7c107fw,2026-01-22 11:50:00,119,True,184,166,379,2311,37.99,231.12,0.167,True,1.8495,,,,,,,,,,,,,,,,
2026-01-22,a3986d20c19f33c7c107fw,2026-01-22 12:00:00,120,True,185,79,181,2306,18.16,230.64,0.08,True,1.8525,,,,,,,,,,,,,,,,
2026-01-22,a3986d20c19f33c7c107fw,2026-01-22 12:10:00,121,True,185,83,189,2301,18.91,230.18,0.083,True,1.8557,,,,,,,,,,,,,,,,
2026-01-22,a3986d20c19f33c7c107fw,2026-01-22 12:20:00,122,True,186,168,383,2306,38.35,230.63,0.169,True,1.8621,,,,,,,,,,,,,,,,
2026-01-22,a3986d20c19f33c7c107fw,2026-01-22 12:30:00,123,True,186,168,383,2306,38.35,230.63,0.169,True,1.8685,,,,,,,,,,,,,,,,
2026-01-22,a3986d20c19f33c7c107fw,2026-01-22 12:40:00,124,True,188,511,1157,2293,115.75,229.34,0.512,True,1.8878,,,,,,,,,,,,,,,,
2026-01-22,a3986d20c19f33c7c107fw,2026-01-22 12:50:00,125,True,191,596,1346,2287,134.61,228.73,0.597,True,1.9102,,,,,,,,,,,,,,,,
2026-01-22,a3986d20c19f33c7c107fw,2026-01-22 13:00:00,126,True,192,508,1147,2288,114.73,228.86,0.508,True,1.9293,,,,,,,,,,,,,,,,
2026-01-22,a3986d20c19f33c7c107fw,2026-01-22 13:10:00,127,True,194,508,1147,2288,114.73,228.86,0.508,True,1.9484,,,,,,,,,,,,,,,,
2026-01-22,a3986d20c19f33c7c107fw,2026-01-22 13:20:00,128,True,196,329,742,2280,74.22,228.09,0.33,True,1.9608,,,,,,,,,,,,,,,,
2026-01-22,a3986d20c19f33c7c107fw,2026-01-22 13:30:00,129,True,197,248,556,2274,55.67,227.47,0.248,True,1.9701,,,,,,,,,,,,,,,,
2026-01-22,a3986d20c19f33c7c107fw,2026-01-22 13:40:00,130,True,197,79,177,2273,17.74,227.37,0.079,True,1.973,,,,,,,,,,,,,,,,
2026-01-22,a3986d20c19f33c7c107fw,2026-01-22 13:50:00,131,True,197,79,177,2273,17.74,227.37,0.079,True,1.976,,,,,,,,,,,,,,,,
2026-01-22,a3986d20c19f33c7c107fw,2026-01-22 14:00:00,132,True,198,331,741,2270,74.19,227.03,0.331,True,1.9884,,,,,,,,,,,,,,,,
2026-01-22,a3986d20c19f33c7c107fw,2026-01-22 14:10:00,133,True,200,345,772,2266,77.24,226.64,0.346,True,2.0012,,,,,,,,,,,,,,,,
2026-01-22,a3986d20c19f33c7c107fw,2026-01-22 14:20:00,134,True,201,345,772,2266,77.24,226.64,0.346,True,2.0141,,,,,,,,,,,,,,,,
2026-01-22,a3986d20c19f33c7c107fw,2026-01-22 14:30:00,135,True,203,429,960,2268,96.03,226.83,0.429,True,2.0301,,,,,,,,,,,,,,,,
2026-01-22,a3986d20c19f33c7c107fw,2026-01-22 14:40:00,136,True,204,424,950,2268,95.04,226.87,0.425,True,2.046,,,,,,,,,,,,,,,,
2026-01-22,a3986d20c19f33c7c107fw,2026-01-22 14:50:00,137,True,205,337,755,2269,75.51,226.95,0.337,True,2.0585,,,,,,,,,,,,,,,,
2026-01-22,a3986d20c19f33c7c107fw,2026-01-22 15:00:00,138,True,207,330,743,2282,74.33,228.2,0.33,True,2.0709,,,,,,,,,,,,,,,,
2026-01-22,a3986d20c19f33c7c107fw,2026-01-22 15:10:00,139,True,208,417,938,2279,93.85,227.94,0.418,True,2.0866,,,,,,,,,,,,,,,,
2026-01-22,a3986d20c19f33c7c107fw,2026-01-22 15:20:00,140,True,210,420,946,2279,94.6,227.9,0.421,True,2.1023,,,,,,,,,,,,,,,,
2026-01-22,a3986d20c19f33c7c107fw,2026-01-22 15:30:00,141,True,211,419,942,2279,94.23,227.97,0.419,True,2.118,,,,,,,,,,,,,,,,
2026-01-22,a3986d20c19f33c7c107fw,2026-01-22 15:40:00,142,True,213,414,930,2278,93.04,227.81,0.414,True,2.1336,,,,,,,,,,,,,,,,
2026-01-22,a3986d20c19f33c7c107fw,2026-01-22 15:50:00,143,True,213,171,386,2284,38.69,228.48,0.172,True,2.14,,,,,,,,,,,,,,,,
2026-01-23,a3986d20c19f33c7c107fw,2026-01-22 16:00:00,0,True,1,314,708,2284,70.88,228.4,0.315,True,0.0118,,,,,,,,,,,,,,,,
2026-01-23,a3986d20c19f33c7c107fw,2026-01-22 16:10:00,1,True,2,236,533,2284,53.32,228.45,0.237,True,0.0207,,,,,,,,,,,,,,,,
2026-01-23,a3986d20c19f33c7c107fw,2026-01-22 16:20:00,2,True,4,701,1578,2282,157.83,228.22,0.702,True,0.047,,,,,,,,,,,,,,,,
2026-01-23,a3986d20c19f33c7c107fw,2026-01-22 16:30:00,3,True,6,389,871,2271,87.11,227.19,0.389,True,0.0615,,,,,,,,,,,,,,,,
2026-01-23,a3986d20c19f33c7c107fw,2026-01-22 16:40:00,4,True,9,867,1954,2287,195.49,228.73,0.867,True,0.0941,,,,,,,,,,,,,,,,
2026-01-23,a3986d20c19f33c7c107fw,2026-01-22 16:50:00,5,True,12,784,1765,2282,176.55,228.29,0.785,True,0.1235,,,,,,,,,,,,,,,,
2026-01-23,a3986d20c19f33c7c107fw,2026-01-22 17:00:00,6,True,15,858,1929,2281,192.91,228.13,0.858,True,0.1557,,,,,,,,,,,,,,,,
2026-01-23,a3986d20c19f33c7c107fw,2026-01-22 17:10:00,7,True,17,467,1047,2273,104.74,227.36,0.468,True,0.1731,,,,,,,,,,,,,,,,
2026-01-23,a3986d20c19f33c7c107fw,2026-01-22 17:20:00,8,True,19,473,1067,2288,106.76,228.81,0.474,True,0.1909,,,,,,,,,,,,,,,,
2026-01-23,a3986d20c19f33c7c107fw,2026-01-22 17:30:00,9,True,20,498,1128,2295,112.86,229.59,0.499,True,0.2097,,,,,,,,,,,,,,,,
2026-01-23,a3986d20c19f33c7c107fw,2026-01-22 17:40:00,10,True,22,408,922,2294,92.22,229.4,0.408,True,0.2251,,,,,,,,,,,,,,,,
2026-01-23,a3986d20c19f33c7c107fw,2026-01-22 17:50:00,11,True,24,464,1051,2296,105.15,229.61,0.465,True,0.2426,,,,,,,,,,,,,,,,
2026-01-23,a3986d20c19f33c7c107fw,2026-01-22 18:00:00,12,True,27,859,1935,2284,193.55,228.47,0.86,True,0.2749,,,,,,,,,,,,,,,,
2026-01-23,a3986d20c19f33c7c107fw,2026-01-22 18:10:00,13,True,29,627,1415,2289,141.53,228.93,0.627,True,0.2985,,,,,,,,,,,,,,,,
2026-01-23,a3986d20c19f33c7c107fw,2026-01-22 18:20:00,14,True,32,729,1645,2287,164.52,228.77,0.73,True,0.3259,,,,,,,,,,,,,,,,
2026-01-23,a3986d20c19f33c7c107fw,2026-01-22 18:30:00,15,True,34,638,1438,2286,143.88,228.65,0.639,True,0.3499,,,,,,,,,,,,,,,,
2026-01-23,a3986d20c19f33c7c107fw,2026-01-22 18:40:00,16,True,37,624,1410,2291,141.01,229.16,0.625,True,0.3734,,,,,,,,,,,,,,,,
2026-01-23,a3986d20c19f33c7c107fw,2026-01-22 18:50:00,17,True,39,554,1258,2302,125.88,230.23,0.555,True,0.3944,,,,,,,,,,,,,,,,
2026-01-23,a3986d20c19f33c7c107fw,2026-01-22 19:00:00,18,True,41,635,1442,2302,144.22,230.21,0.636,True,0.4184,,,,,,,,,,,,,,,,
2026-01-23,a3986d20c19f33c7c107fw,2026-01-22 19:10:00,19,True,43,463,1053,2305,105.36,230.52,0.464,True,0.436,,,,,,,,,,,,,,,,
2026-01-23,a3986d20c19f33c7c107fw,2026-01-22 19:20:00,20,True,45,464,1053,2303,105.36,230.3,0.464,True,0.4535,,,,,,,,,,,,,,,,
2026-01-23,a3986d20c19f33c7c107fw,2026-01-22 19:30:00,21,True,47,623,1413,2302,141.4,230.27,0.623,True,0.4771,,,,,,,,,,,,,,,,
2026-01-23,a3986d20c19f33c7c107fw,2026-01-22 19:40:00,22,True,49,461,1047,2305,104.74,230.5,0.461,True,0.4945,,,,,,,,,,,,,,,,
2026-01-23,a3986d20c19f33c7c107fw,2026-01-22 19:50:00,23,True,51,460,1044,2300,104.42,230.07,0.461,True,0.5119,,,,,,,,,,,,,,,,
2026-01-23,a3986d20c19f33c7c107fw,2026-01-22 20:00:00,24,True,53,541,1230,2307,123.04,230.74,0.541,True,0.5325,,,,,,,,,,,,,,,,
2026-01-23,a3986d20c19f33c7c107fw,2026-01-22 20:10:00,25,True,55,542,1230,2301,123.04,230.11,0.543,True,0.553,,,,,,,,,,,,,,,,
2026-01-23,a3986d20c19f33c7c107fw,2026-01-22 20:20:00,26,True,55,155,352,2303,35.2,230.32,0.155,True,0.5588,,,,,,,,,,,,,,,,
2026-01-23,a3986d20c19f33c7c107fw,2026-01-22 20:30:00,27,True,56,161,367,2309,36.79,230.9,0.162,True,0.565,,,,,,,,,,,,,,,,
2026-01-23,a3986d20c19f33c7c107fw,2026-01-22 20:40:00,28,True,57,156,354,2304,35.43,230.4,0.156,True,0.5709,,,,,,,,,,,,,,,,
2026-01-23,a3986d20c19f33c7c107fw,2026-01-22 20:50:00,29,True,57,236,538,2312,53.82,231.27,0.236,True,0.5798,,,,,,,,,,,,,,,,
2026-01-23,a3986d20c19f33c7c107fw,2026-01-22 21:00:00,30,True,60,551,1254,2308,125.44,230.82,0.552,True,0.6007,,,,,,,,,,,,,,,,
2026-01-23,a3986d20c19f33c7c107fw,2026-01-22 21:10:00,31,True,62,621,1405,2297,140.54,229.7,0.621,True,0.6242,,,,,,,,,,,,,,,,
2026-01-23,a3986d20c19f33c7c107fw,2026-01-22 21:20:00,32,True,64,620,1405,2300,140.54,230.05,0.62,True,0.6476,,,,,,,,,,,,,,,,
2026-01-23,a3986d20c19f33c7c107fw,2026-01-22 21:30:00,33,True,66,463,1048,2296,104.85,229.67,0.463,True,0.6651,,,,,,,,,,,,,,,,
2026-01-23,a3986d20c19f33c7c107fw,2026-01-22 21:40:00,34,True,68,542,1226,2297,122.7,229.74,0.542,True,0.6855,,,,,,,,,,,,,,,,
2026-01-23,a3986d20c19f33c7c107fw,2026-01-22 21:50:00,35,True,69,316,718,2305,71.81,230.52,0.316,True,0.6975,,,,,,,,,,,,,,,,
2026-01-23,a3986d20c19f33c7c107fw,2026-01-22 22:00:00,36,True,70,236,534,2295,53.44,229.54,0.236,True,0.7064,,,,,,,,,,,,,,,,
2026-01-23,a3986d20c19f33c7c107fw,2026-01-22 22:10:00,37,True,71,159,361,2307,36.19,230.78,0.159,True,0.7124,,,,,,,,,,,,,,,,
2026-01-23,a3986d20c19f33c7c107fw,2026-01-22 22:20:00,38,True,72,458,1040,2304,104.07,230.42,0.458,True,0.7298,,,,,,,,,,,,,,,,
2026-01-23,a3986d20c19f33c7c107fw,2026-01-22 22:30:00,39,True,75,773,1754,2301,175.41,230.1,0.774,True,0.759,,,,,,,,,,,,,,,,
2026-01-23,a3986d20c19f33c7c107fw,2026-01-22 22:40:00,40,True,78,617,1401,2301,140.12,230.18,0.618,True,0.7824,,,,,,,,,,,,,,,,
2026-01-23,a3986d20c19f33c7c107fw,2026-01-22 22:50:00,41,True,80,538,1220,2301,122.03,230.17,0.538,True,0.8027,,,,,,,,,,,,,,,,
2026-01-23,a3986d20c19f33c7c107fw,2026-01-22 23:00:00,42,True,82,534,1210,2297,121.03,229.74,0.535,True,0.8229,,,,,,,,,,,,,,,,
2026-01-23,a3986d20c19f33c7c107fw,2026-01-22 23:10:00,43,True,83,388,880,2301,88.09,230.15,0.388,True,0.8375,,,,,,,,,,,,,,,,
2026-01-23,a3986d20c19f33c7c107fw,2026-01-22 23:20:00,44,True,84,159,363,2312,36.38,231.24,0.16,True,0.8436,,,,,,,,,,,,,,,,
2026-01-23,a3986d20c19f33c7c107fw,2026-01-22 23:30:00,45,True,84,81,183,2301,18.39,230.1,0.081,True,0.8467,,,,,,,,,,,,,,,,
2026-01-23,a3986d20c19f33c7c107fw,2026-01-22 23:40:00,46,True,85,0,591,2300,59.11,230.01,0.0,True,0.8565,,,,,,,,,,,,,,,,
2026-01-23,a3986d20c19f33c7c107fw,2026-01-22 23:50:00,47,True,86,0,591,2297,59.11,229.73,0.0,True,0.8664,,,,,,,,,,,,,,,,
2026-01-23,a3986d20c19f33c7c107fw,2026-01-23 00:00:00,48,True,87,236,533,2293,53.36,229.38,0.236,True,0.8753,,,,,,,,,,,,,,,,
2026-01-23,a3986d20c19f33c7c107fw,2026-01-23 00:10:00,49,True,90,706,1602,2302,160.26,230.29,0.706,True,0.902,,,,,,,,,,,,,,,,
2026-01-23,a3986d20c19f33c7c107fw,2026-01-23 00:20:00,50,True,92,629,1428,2304,142.87,230.45,0.629,True,0.9258,,,,,,,,,,,,,,,,
2026-01-23,a3986d20c19f33c7c107fw,2026-01-23 00:30:00,51,True,94,551,1252,2307,125.29,230.76,0.551,True,0.9467,,,,,,,,,,,,,,,,
2026-01-23,a3986d20c19f33c7c107fw,2026-01-23 00:40:00,52,True,94,78,178,2307,17.86,230.72,0.079,True,0.9497,,,,,,,,,,,,,,,,
2026-01-23,a3986d20c19f33c7c107fw,2026-01-23 00:50:00,53,True,95,157,359,2317,35.96,231.74,0.158,True,0.9556,,,,,,,,,,,,,,,,
2026-01-23,a3986d20c19f33c7c107fw,2026-01-23 01:00:00,54,True,96,157,357,2304,35.71,230.49,0.157,True,0.9616,,,,,,,,,,,,,,,,
2026-01-23,a3986d20c19f33c7c107fw,2026-01-23 01:10:00,55,True,96,150,342,2308,34.25,230.82,0.151,True,0.9673,,,,,,,,,,,,,,,,
2026-01-23,a3986d20c19f33c7c107fw,2026-01-23 01:20:00,56,True,98,462,1055,2315,105.52,231.55,0.463,True,0.9849,,,,,,,,,,,,,,,,
2026-01-23,a3986d20c19f33c7c107fw,2026-01-23 01:30:00,57,True,100,619,1413,2315,141.35,231.5,0.62,True,1.0084,,,,,,,,,,,,,,,,
2026-01-23,a3986d20c19f33c7c107fw,2026-01-23 01:40:00,58,True,102,473,1074,2301,107.43,230.16,0.474,True,1.0264,,,,,,,,,,,,,,,,
2026-01-23,a3986d20c19f33c7c107fw,2026-01-23 01:50:00,59,True,103,317,720,2302,72.02,230.24,0.317,True,1.0384,,,,,,,,,,,,,,,,
2026-01-23,a3986d20c19f33c7c107fw,2026-01-23 02:00:00,60,True,104,156,353,2297,35.38,229.7,0.156,True,1.0443,,,,,,,,,,,,,,,,
2026-01-23,a3986d20c19f33c7c107fw,2026-01-23 02:10:00,61,True,105,319,720,2287,72.03,228.76,0.32,True,1.0563,,,,,,,,,,,,,,,,
2026-01-23,a3986d20c19f33c7c107fw,2026-01-23 02:20:00,62,True,106,152,344,2296,34.49,229.62,0.152,True,1.062,,,,,,,,,,,,,,,,
2026-01-23,a3986d20c19f33c7c107fw,2026-01-23 02:30:00,63,True,108,554,1246,2282,124.6,228.26,0.554,True,1.0828,,,,,,,,,,,,,,,,
2026-01-23,a3986d20c19f33c7c107fw,2026-01-23 02:40:00,64,True,110,468,1054,2286,105.46,228.6,0.468,True,1.1004,,,,,,,,,,,,,,,,
2026-01-23,a3986d20c19f33c7c107fw,2026-01-23 02:50:00,65,True,112,547,1235,2290,123.6,229.03,0.548,True,1.121,,,,,,,,,,,,,,,,
2026-01-23,a3986d20c19f33c7c107fw,2026-01-23 03:00:00,66,True,114,539,1218,2291,121.8,229.1,0.54,True,1.1413,,,,,,,,,,,,,,,,
2026-01-23,a3986d20c19f33c7c107fw,2026-01-23 03:10:00,67,True,116,617,1390,2286,139.04,228.66,0.617,True,1.1644,,,,,,,,,,,,,,,,
2026-01-23,a3986d20c19f33c7c107fw,2026-01-23 03:20:00,68,True,118,606,1375,2300,137.56,230.09,0.607,True,1.1874,,,,,,,,,,,,,,,,
2026-01-23,a3986d20c19f33c7c107fw,2026-01-23 03:30:00,69,True,119,295,668,2300,66.88,230.0,0.295,True,1.1985,,,,,,,,,,,,,,,,
2026-01-23,a3986d20c19f33c7c107fw,2026-01-23 03:40:00,70,True,120,293,666,2304,66.66,230.42,0.294,True,1.2096,,,,,,,,,,,,,,,,
2026-01-23,a3986d20c19f33c7c107fw,2026-01-23 03:50:00,71,False,120,0,0,2310,0.0,231.03,0.0,False,1.2096,,,,,,,,,,,,,,,,
2026-01-23,a3986d20c19f33c7c107fw,2026-01-23 04:00:00,72,True,121,76,174,2315,17.48,231.52,0.077,True,1.2125,,,,,,,,,,,,,,,,
2026-01-23,a3986d20c19f33c7c107fw,2026-01-23 04:10:00,73,True,122,341,766,2282,76.68,228.22,0.341,True,1.2253,,,,,,,,,,,,,,,,
2026-01-23,a3986d20c19f33c7c107fw,2026-01-23 04:20:00,74,True,123,234,530,2293,53.06,229.38,0.235,True,1.2341,,,,,,,,,,,,,,,,
2026-01-23,a3986d20c19f33c7c107fw,2026-01-23 04:30:00,75,True,124,236,530,2276,53.06,227.65,0.237,True,1.243,,,,,,,,,,,,,,,,
2026-01-23,a3986d20c19f33c7c107fw,2026-01-23 04:40:00,76,True,125,313,698,2266,69.89,226.6,0.313,True,1.2546,,,,,,,,,,,,,,,,
2026-01-23,a3986d20c19f33c7c107fw,2026-01-23 04:50:00,77,True,127,412,927,2282,92.71,228.22,0.412,True,1.2701,,,,,,,,,,,,,,,,
2026-01-23,a3986d20c19f33c7c107fw,2026-01-23 05:00:00,78,True,128,412,927,2282,92.71,228.22,0.412,True,1.2855,,,,,,,,,,,,,,,,
2026-01-23,a3986d20c19f33c7c107fw,2026-01-23 05:10:00,79,True,130,402,904,2278,90.41,227.8,0.403,True,1.3006,,,,,,,,,,,,,,,,
2026-01-23,a3986d20c19f33c7c107fw,2026-01-23 05:20:00,80,False,130,0,0,2279,0.0,227.93,0.0,False,1.3006,,,,,,,,,,,,,,,,
2026-01-23,a3986d20c19f33c7c107fw,2026-01-23 05:30:00,81,False,130,0,0,2279,0.0,227.93,0.0,False,1.3006,,,,,,,,,,,,,,,,
2026-01-23,a3986d20c19f33c7c107fw,2026-01-23 05:40:00,82,False,130,0,0,2295,0.0,229.57,0.0,False,1.3006,,,,,,,,,,,,,,,,
2026-01-23,a3986d20c19f33c7c107fw,2026-01-23 05:50:00,83,True,131,395,891,2285,89.1,228.54,0.396,True,1.3155,,,,,,,,,,,,,,,,
2026-01-23,a3986d20c19f33c7c107fw,2026-01-23 06:00:00,84,True,132,325,727,2267,72.77,226.78,0.326,True,1.3276,,,,,,,,,,,,,,,,
2026-01-23,a3986d20c19f33c7c107fw,2026-01-23 06:10:00,85,True,133,326,734,2281,73.47,228.12,0.327,True,1.3398,,,,,,,,,,,,,,,,
2026-01-23,a3986d20c19f33c7c107fw,2026-01-23 06:20:00,86,True,135,325,730,2277,73.02,227.7,0.326,True,1.352,,,,,,,,,,,,,,,,
2026-01-23,a3986d20c19f33c7c107fw,2026-01-23 06:30:00,87,True,136,237,532,2275,53.22,227.54,0.237,True,1.3609,,,,,,,,,,,,,,,,
2026-01-23,a3986d20c19f33c7c107fw,2026-01-23 06:40:00,88,True,137,477,1075,2287,107.53,228.7,0.477,True,1.3788,,,,,,,,,,,,,,,,
2026-01-23,a3986d20c19f33c7c107fw,2026-01-23 06:50:00,89,True,140,626,1408,2281,140.86,228.1,0.627,True,1.4023,,,,,,,,,,,,,,,,
2026-01-23,a3986d20c19f33c7c107fw,2026-01-23 07:00:00,90,True,141,318,717,2284,71.73,228.43,0.319,True,1.4142,,,,,,,,,,,,,,,,
2026-01-23,a3986d20c19f33c7c107fw,2026-01-23 07:10:00,91,True,142,319,721,2289,72.16,228.9,0.32,True,1.4263,,,,,,,,,,,,,,,,
2026-01-23,a3986d20c19f33c7c107fw,2026-01-23 07:20:00,92,True,144,388,870,2276,87.07,227.64,0.388,True,1.4408,,,,,,,,,,,,,,,,
2026-01-23,a3986d20c19f33c7c107fw,2026-01-23 07:30:00,93,True,145,308,692,2280,69.22,228.05,0.308,True,1.4523,,,,,,,,,,,,,,,,
2026-01-23,a3986d20c19f33c7c107fw,2026-01-23 07:40:00,94,True,146,307,692,2283,69.24,228.3,0.308,True,1.4638,,,,,,,,,,,,,,,,
2026-01-23,a3986d20c19f33c7c107fw,2026-01-23 07:50:00,95,True,147,387,871,2281,87.18,228.19,0.388,True,1.4784,,,,,,,,,,,,,,,,
2026-01-23,a3986d20c19f33c7c107fw,2026-01-23 08:00:00,96,True,149,386,869,2284,86.97,228.49,0.386,True,1.4929,,,,,,,,,,,,,,,,
2026-01-23,a3986d20c19f33c7c107fw,2026-01-23 08:10:00,97,True,151,460,1041,2293,104.14,229.31,0.461,True,1.5102,,,,,,,,,,,,,,,,
2026-01-23,a3986d20c19f33c7c107fw,2026-01-23 08:20:00,98,True,152,384,871,2299,87.12,229.9,0.385,True,1.5247,,,,,,,,,,,,,,,,
2026-01-23,a3986d20c19f33c7c107fw,2026-01-23 08:30:00,99,True,153,389,883,2300,88.35,230.0,0.39,True,1.5395,,,,,,,,,,,,,,,,
2026-01-23,a3986d20c19f33c7c107fw,2026-01-23 08:40:00,100,True,154,235,535,2306,53.52,230.66,0.236,True,1.5484,,,,,,,,,,,,,,,,
2026-01-23,a3986d20c19f33c7c107fw,2026-01-23 08:50:00,101,True,156,311,707,2304,70.74,230.48,0.312,True,1.5602,,,,,,,,,,,,,,,,
2026-01-23,a3986d20c19f33c7c107fw,2026-01-23 09:00:00,102,True,156,155,353,2303,35.3,230.36,0.156,True,1.5661,,,,,,,,,,,,,,,,
2026-01-23,a3986d20c19f33c7c107fw,2026-01-23 09:10:00,103,True,157,155,353,2304,35.3,230.41,0.156,True,1.5719,,,,,,,,,,,,,,,,
2026-01-23,a3986d20c19f33c7c107fw,2026-01-23 09:20:00,104,True,158,468,1066,2309,106.6,230.97,0.468,True,1.5897,,,,,,,,,,,,,,,,
2026-01-23,a3986d20c19f33c7c107fw,2026-01-23 09:30:00,105,True,159,237,538,2305,53.87,230.57,0.237,True,1.5987,,,,,,,,,,,,,,,,
2026-01-23,a3986d20c19f33c7c107fw,2026-01-23 09:40:00,106,True,160,237,538,2306,53.87,230.63,0.237,True,1.6077,,,,,,,,,,,,,,,,
2026-01-23,a3986d20c19f33c7c107fw,2026-01-23 09:50:00,107,True,162,474,1077,2303,107.7,230.35,0.475,True,1.6256,,,,,,,,,,,,,,,,
2026-01-23,a3986d20c19f33c7c107fw,2026-01-23 10:00:00,108,True,163,317,722,2307,72.27,230.7,0.318,True,1.6377,,,,,,,,,,,,,,,,
2026-01-23,a3986d20c19f33c7c107fw,2026-01-23 10:10:00,109,True,164,238,540,2304,54.08,230.4,0.238,True,1.6467,,,,,,,,,,,,,,,,
2026-01-23,a3986d20c19f33c7c107fw,2026-01-23 10:20:00,110,True,165,158,360,2302,36.03,230.27,0.159,True,1.6527,,,,,,,,,,,,,,,,
2026-01-23,a3986d20c19f33c7c107fw,2026-01-23 10:30:00,111,True,166,0,591,2303,59.11,230.33,0.0,True,1.6625,,,,,,,,,,,,,,,,
2026-01-23,a3986d20c19f33c7c107fw,2026-01-23 10:40:00,112,True,166,76,173,2302,17.4,230.2,0.077,True,1.6654,,,,,,,,,,,,,,,,
2026-01-23,a3986d20c19f33c7c107fw,2026-01-23 10:50:00,113,True,167,158,359,2303,35.99,230.32,0.159,True,1.6714,,,,,,,,,,,,,,,,
2026-01-23,a3986d20c19f33c7c107fw,2026-01-23 11:00:00,114,False,167,0,0,2304,0.0,230.47,0.0,False,1.6714,,,,,,,,,,,,,,,,
2026-01-23,a3986d20c19f33c7c107fw,2026-01-23 11:10:00,115,True,168,240,544,2300,54.42,230.0,0.24,True,1.6805,,,,,,,,,,,,,,,,
2026-01-23,a3986d20c19f33c7c107fw,2026-01-23 11:20:00,116,True,169,398,903,2302,90.31,230.22,0.398,True,1.6956,,,,,,,,,,,,,,,,
2026-01-23,a3986d20c19f33c7c107fw,2026-01-23 11:30:00,117,True,171,400,908,2301,90.9,230.13,0.401,True,1.7107,,,,,,,,,,,,,,,,
2026-01-23,a3986d20c19f33c7c107fw,2026-01-23 11:40:00,118,True,172,322,729,2298,72.95,229.84,0.322,True,1.7229,,,,,,,,,,,,,,,,
2026-01-23,a3986d20c19f33c7c107fw,2026-01-23 11:50:00,119,True,172,155,354,2311,35.47,231.12,0.156,True,1.7288,,,,,,,,,,,,,,,,
2026-01-23,a3986d20c19f33c7c107fw,2026-01-23 12:00:00,120,True,173,74,169,2306,16.96,230.64,0.075,True,1.7316,,,,,,,,,,,,,,,,
2026-01-23,a3986d20c19f33c7c107fw,2026-01-23 12:10:00,121,True,173,77,176,2301,17.66,230.18,0.078,True,1.7345,,,,,,,,,,,,,,,,
2026-01-23,a3986d20c19f33c7c107fw,2026-01-23 12:20:00,122,True,174,157,358,2306,35.8,230.63,0.158,True,1.7405,,,,,,,,,,,,,,,,
2026-01-23,a3986d20c19f33c7c107fw,2026-01-23 12:30:00,123,True,174,157,358,2306,35.8,230.63,0.158,True,1.7465,,,,,,,,,,,,,,,,
2026-01-23,a3986d20c19f33c7c107fw,2026-01-23 12:40:00,124,True,176,478,1080,2293,108.07,229.34,0.478,True,1.7645,,,,,,,,,,,,,,,,
2026-01-23,a3986d20c19f33c7c107fw,2026-01-23 12:50:00,125,True,178,557,1256,2287,125.68,228.73,0.558,True,1.7854,,,,,,,,,,,,,,,,
2026-01-23,a3986d20c19f33c7c107fw,2026-01-23 13:00:00,126,True,180,475,1071,2288,107.12,228.86,0.475,True,1.8033,,,,,,,,,,,,,,,,
2026-01-23,a3986d20c19f33c7c107fw,2026-01-23 13:10:00,127,True,182,475,1071,2288,107.12,228.86,0.475,True,1.8211,,,,,,,,,,,,,,,,
2026-01-23,a3986d20c19f33c7c107fw,2026-01-23 13:20:00,128,True,183,308,693,2280,69.3,228.09,0.308,True,1.8327,,,,,,,,,,,,,,,,
2026-01-23,a3986d20c19f33c7c107fw,2026-01-23 13:30:00,129,True,184,231,519,2274,51.98,227.47,0.232,True,1.8414,,,,,,,,,,,,,,,,
2026-01-23,a3986d20c19f33c7c107fw,2026-01-23 13:40:00,130,True,184,73,165,2273,16.56,227.37,0.074,True,1.8441,,,,,,,,,,,,,,,,
2026-01-23,a3986d20c19f33c7c107fw,2026-01-23 13:50:00,131,True,184,73,165,2273,16.56,227.37,0.074,True,1.8469,,,,,,,,,,,,,,,,
2026-01-23,a3986d20c19f33c7c107fw,2026-01-23 14:00:00,132,True,185,309,692,2270,69.27,227.03,0.31,True,1.8584,,,,,,,,,,,,,,,,
2026-01-23,a3986d20c19f33c7c107fw,2026-01-23 14:10:00,133,True,187,322,721,2266,72.12,226.64,0.323,True,1.8704,,,,,,,,,,,,,,,,
2026-01-23,a3986d20c19f33c7c107fw,2026-01-23 14:20:00,134,True,188,322,721,2266,72.12,226.64,0.323,True,1.8825,,,,,,,,,,,,,,,,
2026-01-23,a3986d20c19f33c7c107fw,2026-01-23 14:30:00,135,True,189,401,896,2268,89.67,226.83,0.401,True,1.8974,,,,,,,,,,,,,,,,
2026-01-23,a3986d20c19f33c7c107fw,2026-01-23 14:40:00,136,True,191,396,887,2268,88.74,226.87,0.397,True,1.9122,,,,,,,,,,,,,,,,
2026-01-23,a3986d20c19f33c7c107fw,2026-01-23 14:50:00,137,True,192,315,705,2269,70.51,226.95,0.315,True,1.9239,,,,,,,,,,,,,,,,
2026-01-23,a3986d20c19f33c7c107fw,2026-01-23 15:00:00,138,True,193,308,693,2282,69.4,228.2,0.309,True,1.9355,,,,,,,,,,,,,,,,
2026-01-23,a3986d20c19f33c7c107fw,2026-01-23 15:10:00,139,True,195,390,876,2279,87.63,227.94,0.39,True,1.9501,,,,,,,,,,,,,,,,
2026-01-23,a3986d20c19f33c7c107fw,2026-01-23 15:20:00,140,True,196,393,883,2279,88.34,227.9,0.393,True,1.9648,,,,,,,,,,,,,,,,
2026-01-23,a3986d20c19f33c7c107fw,2026-01-23 15:30:00,141,True,197,391,879,2279,87.97,227.97,0.392,True,1.9795,,,,,,,,,,,,,,,,
2026-01-23,a3986d20c19f33c7c107fw,2026-01-23 15:40:00,142,True,199,387,868,2278,86.87,227.81,0.387,True,1.994,,,,,,,,,,,,,,,,
2026-01-23,a3986d20c19f33c7c107fw,2026-01-23 15:50:00,143,True,200,160,361,2284,36.12,228.48,0.16,True,2.0,,,,,,,,,,,,,,,,
2026-01-24,a3986d20c19f33c7c107fw,2026-01-23 16:00:00,0,True,0,171,381,2284,38.16,228.4,0.172,True,0.0064,,,,,,,,,,,,,,,,
2026-01-24,a3986d20c19f33c7c107fw,2026-01-23 16:10:00,1,True,1,129,287,2284,28.71,228.45,0.129,True,0.0111,,,,,,,,,,,,,,,,
2026-01-24,a3986d20c19f33c7c107fw,2026-01-23 16:20:00,2,True,2,382,849,2282,84.97,228.22,0.383,True,0.0253,,,,,,,,,,,,,,,,
2026-01-24,a3986d20c19f33c7c107fw,2026-01-23 16:30:00,3,True,3,212,468,2271,46.9,227.19,0.212,True,0.0331,,,,,,,,,,,,,,,,
2026-01-24,a3986d20c19f33c7c107fw,2026-01-23 16:40:00,4,True,5,472,1052,2287,105.24,228.73,0.473,True,0.0507,,,,,,,,,,,,,,,,
2026-01-24,a3986d20c19f33c7c107fw,2026-01-23 16:50:00,5,True,6,427,950,2282,95.05,228.29,0.428,True,0.0665,,,,,,,,,,,,,,,,
2026-01-24,a3986d20c19f33c7c107fw,2026-01-23 17:00:00,6,True,8,467,1038,2281,103.85,228.13,0.468,True,0.0838,,,,,,,,,,,,,,,,
2026-01-24,a3986d20c19f33c7c107fw,2026-01-23 17:10:00,7,True,9,254,563,2273,56.39,227.36,0.255,True,0.0932,,,,,,,,,,,,,,,,
2026-01-24,a3986d20c19f33c7c107fw,2026-01-23 17:20:00,8,True,10,258,574,2288,57.48,228.81,0.258,True,0.1028,,,,,,,,,,,,,,,,
2026-01-24,a3986d20c19f33c7c107fw,2026-01-23 17:30:00,9,True,11,271,607,2295,60.76,229.59,0.272,True,0.1129,,,,,,,,,,,,,,,,
2026-01-24,a3986d20c19f33c7c107fw,2026-01-23 17:40:00,10,True,12,222,496,2294,49.64,229.4,0.222,True,0.1212,,,,,,,,,,,,,,,,
2026-01-24,a3986d20c19f33c7c107fw,2026-01-23 17:50:00,11,True,13,253,566,2296,56.61,229.61,0.253,True,0.1306,,,,,,,,,,,,,,,,
2026-01-24,a3986d20c19f33c7c107fw,2026-01-23 18:00:00,12,True,14,468,1042,2284,104.2,228.47,0.469,True,0.148,,,,,,,,,,,,,,,,
2026-01-24,a3986d20c19f33c7c107fw,2026-01-23 18:10:00,13,True,16,341,761,2289,76.19,228.93,0.342,True,0.1607,,,,,,,,,,,,,,,,
2026-01-24,a3986d20c19f33c7c107fw,2026-01-23 18:20:00,14,True,17,397,885,2287,88.57,228.77,0.398,True,0.1755,,,,,,,,,,,,,,,,
2026-01-24,a3986d20c19f33c7c107fw,2026-01-23 18:30:00,15,True,18,348,774,2286,77.46,228.65,0.348,True,0.1884,,,,,,,,,,,,,,,,
2026-01-24,a3986d20c19f33c7c107fw,2026-01-23 18:40:00,16,True,20,340,759,2291,75.91,229.16,0.34,True,0.201,,,,,,,,,,,,,,,,
2026-01-24,a3986d20c19f33c7c107fw,2026-01-23 18:50:00,17,True,21,302,677,2302,67.77,230.23,0.302,True,0.2123,,,,,,,,,,,,,,,,
2026-01-24,a3986d20c19f33c7c107fw,2026-01-23 19:00:00,18,True,22,346,776,2302,77.64,230.21,0.347,True,0.2253,,,,,,,,,,,,,,,,
2026-01-24,a3986d20c19f33c7c107fw,2026-01-23 19:10:00,19,True,23,252,567,2305,56.72,230.52,0.253,True,0.2347,,,,,,,,,,,,,,,,
2026-01-24,a3986d20c19f33c7c107fw,2026-01-23 19:20:00,20,True,24,253,567,2303,56.72,230.3,0.253,True,0.2442,,,,,,,,,,,,,,,,
2026-01-24,a3986d20c19f33c7c107fw,2026-01-23 19:30:00,21,True,25,339,761,2302,76.13,230.27,0.34,True,0.2568,,,,,,,,,,,,,,,,
2026-01-24,a3986d20c19f33c7c107fw,2026-01-23 19:40:00,22,True,26,251,563,2305,56.39,230.5,0.251,True,0.2662,,,,,,,,,,,,,,,,
2026-01-24,a3986d20c19f33c7c107fw,2026-01-23 19:50:00,23,True,27,251,562,2300,56.22,230.07,0.251,True,0.2756,,,,,,,,,,,,,,,,
2026-01-24,a3986d20c19f33c7c107fw,2026-01-23 20:00:00,24,True,28,294,662,2307,66.24,230.74,0.295,True,0.2867,,,,,,,,,,,,,,,,
2026-01-24,a3986d20c19f33c7c107fw,2026-01-23 20:10:00,25,True,29,295,662,2301,66.24,230.11,0.296,True,0.2977,,,,,,,,,,,,,,,,
2026-01-24,a3986d20c19f33c7c107fw,2026-01-23 20:20:00,26,True,30,84,189,2303,18.95,230.32,0.085,True,0.3009,,,,,,,,,,,,,,,,
2026-01-24,a3986d20c19f33c7c107fw,2026-01-23 20:30:00,27,True,30,88,198,2309,19.8,230.9,0.088,True,0.3042,,,,,,,,,,,,,,,,
2026-01-24,a3986d20c19f33c7c107fw,2026-01-23 20:40:00,28,True,30,85,190,2304,19.08,230.4,0.085,True,0.3073,,,,,,,,,,,,,,,,
2026-01-24,a3986d20c19f33c7c107fw,2026-01-23 20:50:00,29,True,31,128,289,2312,28.97,231.27,0.129,True,0.3122,,,,,,,,,,,,,,,,
2026-01-24,a3986d20c19f33c7c107fw,2026-01-23 21:00:00,30,True,32,300,675,2308,67.53,230.82,0.301,True,0.3234,,,,,,,,,,,,,,,,
2026-01-24,a3986d20c19f33c7c107fw,2026-01-23 21:10:00,31,True,33,338,756,2297,75.67,229.7,0.338,True,0.336,,,,,,,,,,,,,,,,
2026-01-24,a3986d20c19f33c7c107fw,2026-01-23 21:20:00,32,True,34,337,756,2300,75.67,230.05,0.338,True,0.3486,,,,,,,,,,,,,,,,
2026-01-24,a3986d20c19f33c7c107fw,2026-01-23 21:30:00,33,True,35,252,564,2296,56.45,229.67,0.253,True,0.358,,,,,,,,,,,,,,,,
2026-01-24,a3986d20c19f33c7c107fw,2026-01-23 21:40:00,34,True,36,295,660,2297,66.05,229.74,0.295,True,0.3691,,,,,,,,,,,,,,,,
2026-01-24,a3986d20c19f33c7c107fw,2026-01-23 21:50:00,35,True,37,172,386,2305,38.67,230.52,0.172,True,0.3755,,,,,,,,,,,,,,,,
2026-01-24,a3986d20c19f33c7c107fw,2026-01-23 22:00:00,36,True,38,128,287,2295,28.77,229.54,0.129,True,0.3803,,,,,,,,,,,,,,,,
2026-01-24,a3986d20c19f33c7c107fw,2026-01-23 22:10:00,37,True,38,86,194,2307,19.48,230.78,0.087,True,0.3835,,,,,,,,,,,,,,,,
2026-01-24,a3986d20c19f33c7c107fw,2026-01-23 22:20:00,38,True,39,249,560,2304,56.03,230.42,0.25,True,0.3929,,,,,,,,,,,,,,,,
2026-01-24,a3986d20c19f33c7c107fw,2026-01-23 22:30:00,39,True,40,421,944,2301,94.43,230.1,0.422,True,0.4086,,,,,,,,,,,,,,,,
2026-01-24,a3986d20c19f33c7c107fw,2026-01-23 22:40:00,40,True,42,336,754,2301,75.43,230.18,0.337,True,0.4212,,,,,,,,,,,,,,,,
2026-01-24,a3986d20c19f33c7c107fw,2026-01-23 22:50:00,41,True,43,293,656,2301,65.69,230.17,0.293,True,0.4321,,,,,,,,,,,,,,,,
2026-01-24,a3986d20c19f33c7c107fw,2026-01-23 23:00:00,42,True,44,291,651,2297,65.16,229.74,0.291,True,0.443,,,,,,,,,,,,,,,,
2026-01-24,a3986d20c19f33c7c107fw,2026-01-23 23:10:00,43,True,45,211,474,2301,47.42,230.15,0.212,True,0.4509,,,,,,,,,,,,,,,,
2026-01-24,a3986d20c19f33c7c107fw,2026-01-23 23:20:00,44,True,45,87,195,2312,19.59,231.24,0.087,True,0.4542,,,,,,,,,,,,,,,,
2026-01-24,a3986d20c19f33c7c107fw,2026-01-23 23:30:00,45,True,45,44,99,2301,9.91,230.1,0.044,True,0.4558,,,,,,,,,,,,,,,,
2026-01-24,a3986d20c19f33c7c107fw,2026-01-23 23:40:00,46,True,46,0,583,2300,58.39,230.01,0.0,True,0.4656,,,,,,,,,,,,,,,,
2026-01-24,a3986d20c19f33c7c107fw,2026-01-23 23:50:00,47,True,47,0,583,2297,58.39,229.73,0.0,True,0.4753,,,,,,,,,,,,,,,,
2026-01-24,a3986d20c19f33c7c107fw,2026-01-24 00:00:00,48,True,48,128,287,2293,28.73,229.38,0.129,True,0.4801,,,,,,,,,,,,,,,,
2026-01-24,a3986d20c19f33c7c107fw,2026-01-24 00:10:00,49,True,49,384,862,2302,86.28,230.29,0.385,True,0.4945,,,,,,,,,,,,,,,,
2026-01-24,a3986d20c19f33c7c107fw,2026-01-24 00:20:00,50,True,50,342,769,2304,76.91,230.45,0.343,True,0.5073,,,,,,,,,,,,,,,,
2026-01-24,a3986d20c19f33c7c107fw,2026-01-24 00:30:00,51,True,51,300,674,2307,67.45,230.76,0.3,True,0.5185,,,,,,,,,,,,,,,,
2026-01-24,a3986d20c19f33c7c107fw,2026-01-24 00:40:00,52,True,52,42,96,2307,9.62,230.72,0.043,True,0.5201,,,,,,,,,,,,,,,,
2026-01-24,a3986d20c19f33c7c107fw,2026-01-24 00:50:00,53,True,52,85,193,2317,19.36,231.74,0.086,True,0.5233,,,,,,,,,,,,,,,,
2026-01-24,a3986d20c19f33c7c107fw,2026-01-24 01:00:00,54,True,52,85,192,2304,19.23,230.49,0.086,True,0.5265,,,,,,,,,,,,,,,,
2026-01-24,a3986d20c19f33c7c107fw,2026-01-24 01:10:00,55,True,52,82,184,2308,18.43,230.82,0.082,True,0.5296,,,,,,,,,,,,,,,,
2026-01-24,a3986d20c19f33c7c107fw,2026-01-24 01:20:00,56,True,53,252,568,2315,56.81,231.55,0.252,True,0.5391,,,,,,,,,,,,,,,,
2026-01-24,a3986d20c19f33c7c107fw,2026-01-24 01:30:00,57,True,55,337,760,2315,76.1,231.5,0.338,True,0.5518,,,,,,,,,,,,,,,,
2026-01-24,a3986d20c19f33c7c107fw,2026-01-24 01:40:00,58,True,56,258,578,2301,57.84,230.16,0.258,True,0.5614,,,,,,,,,,,,,,,,
2026-01-24,a3986d20c19f33c7c107fw,2026-01-24 01:50:00,59,True,56,173,387,2302,38.77,230.24,0.173,True,0.5679,,,,,,,,,,,,,,,,
2026-01-24,a3986d20c19f33c7c107fw,2026-01-24 02:00:00,60,True,57,85,190,2297,19.05,229.7,0.085,True,0.571,,,,,,,,,,,,,,,,
2026-01-24,a3986d20c19f33c7c107fw,2026-01-24 02:10:00,61,True,57,174,387,2287,38.77,228.76,0.174,True,0.5775,,,,,,,,,,,,,,,,
2026-01-24,a3986d20c19f33c7c107fw,2026-01-24 02:20:00,62,True,58,83,185,2296,18.57,229.62,0.083,True,0.5806,,,,,,,,,,,,,,,,
2026-01-24,a3986d20c19f33c7c107fw,2026-01-24 02:30:00,63,True,59,301,670,2282,67.07,228.26,0.302,True,0.5918,,,,,,,,,,,,,,,,
2026-01-24,a3986d20c19f33c7c107fw,2026-01-24 02:40:00,64,True,60,255,567,2286,56.77,228.6,0.255,True,0.6012,,,,,,,,,,,,,,,,
2026-01-24,a3986d20c19f33c7c107fw,2026-01-24 02:50:00,65,True,61,298,665,2290,66.54,229.03,0.299,True,0.6123,,,,,,,,,,,,,,,,
2026-01-24,a3986d20c19f33c7c107fw,2026-01-24 03:00:00,66,True,62,294,655,2291,65.58,229.1,0.294,True,0.6233,,,,,,,,,,,,,,,,
2026-01-24,a3986d20c19f33c7c107fw,2026-01-24 03:10:00,67,True,63,336,748,2286,74.86,228.66,0.336,True,0.6357,,,,,,,,,,,,,,,,
2026-01-24,a3986d20c19f33c7c107fw,2026-01-24 03:20:00,68,True,64,330,740,2300,74.05,230.09,0.331,True,0.6481,,,,,,,,,,,,,,,,
2026-01-24,a3986d20c19f33c7c107fw,2026-01-24 03:30:00,69,True,65,160,359,2300,36.0,230.0,0.161,True,0.6541,,,,,,,,,,,,,,,,
2026-01-24,a3986d20c19f33c7c107fw,2026-01-24 03:40:00,70,True,66,160,358,2304,35.88,230.42,0.16,True,0.6601,,,,,,,,,,,,,,,,
2026-01-24,a3986d20c19f33c7c107fw,2026-01-24 03:50:00,71,False,66,0,0,2310,0.0,231.03,0.0,False,0.6601,,,,,,,,,,,,,,,,
2026-01-24,a3986d20c19f33c7c107fw,2026-01-24 04:00:00,72,True,66,41,94,2315,9.41,231.52,0.042,True,0.6616,,,,,,,,,,,,,,,,
2026-01-24,a3986d20c19f33c7c107fw,2026-01-24 04:10:00,73,True,66,185,412,2282,41.28,228.22,0.186,True,0.6685,,,,,,,,,,,,,,,,
2026-01-24,a3986d20c19f33c7c107fw,2026-01-24 04:20:00,74,True,67,127,285,2293,28.56,229.38,0.128,True,0.6733,,,,,,,,,,,,,,,,
2026-01-24,a3986d20c19f33c7c107fw,2026-01-24 04:30:00,75,True,67,128,285,2276,28.56,227.65,0.129,True,0.678,,,,,,,,,,,,,,,,
2026-01-24,a3986d20c19f33c7c107fw,2026-01-24 04:40:00,76,True,68,170,376,2266,37.62,226.6,0.171,True,0.6843,,,,,,,,,,,,,,,,
2026-01-24,a3986d20c19f33c7c107fw,2026-01-24 04:50:00,77,True,69,224,499,2282,49.91,228.22,0.225,True,0.6926,,,,,,,,,,,,,,,,
2026-01-24,a3986d20c19f33c7c107fw,2026-01-24 05:00:00,78,True,70,224,499,2282,49.91,228.22,0.225,True,0.7009,,,,,,,,,,,,,,,,
2026-01-24,a3986d20c19f33c7c107fw,2026-01-24 05:10:00,79,True,70,219,486,2278,48.67,227.8,0.22,True,0.7091,,,,,,,,,,,,,,,,
2026-01-24,a3986d20c19f33c7c107fw,2026-01-24 05:20:00,80,False,70,0,0,2279,0.0,227.93,0.0,False,0.7091,,,,,,,,,,,,,,,,
2026-01-24,a3986d20c19f33c7c107fw,2026-01-24 05:30:00,81,False,70,0,0,2279,0.0,227.93,0.0,False,0.7091,,,,,,,,,,,,,,,,
2026-01-24,a3986d20c19f33c7c107fw,2026-01-24 05:40:00,82,False,70,0,0,2295,0.0,229.57,0.0,False,0.7091,,,,,,,,,,,,,,,,
2026-01-24,a3986d20c19f33c7c107fw,2026-01-24 05:50:00,83,True,71,215,479,2285,47.97,228.54,0.216,True,0.717,,,,,,,,,,,,,,,,
2026-01-24,a3986d20c19f33c7c107fw,2026-01-24 06:00:00,84,True,72,177,391,2267,39.17,226.78,0.177,True,0.7236,,,,,,,,,,,,,,,,
2026-01-24,a3986d20c19f33c7c107fw,2026-01-24 06:10:00,85,True,73,178,395,2281,39.55,228.12,0.178,True,0.7302,,,,,,,,,,,,,,,,
2026-01-24,a3986d20c19f33c7c107fw,2026-01-24 06:20:00,86,True,73,177,393,2277,39.31,227.7,0.177,True,0.7367,,,,,,,,,,,,,,,,
2026-01-24,a3986d20c19f33c7c107fw,2026-01-24 06:30:00,87,True,74,129,286,2275,28.65,227.54,0.129,True,0.7415,,,,,,,,,,,,,,,,
2026-01-24,a3986d20c19f33c7c107fw,2026-01-24 06:40:00,88,True,75,260,578,2287,57.89,228.7,0.26,True,0.7511,,,,,,,,,,,,,,,,
2026-01-24,a3986d20c19f33c7c107fw,2026-01-24 06:50:00,89,True,76,341,758,2281,75.83,228.1,0.342,True,0.7638,,,,,,,,,,,,,,,,
2026-01-24,a3986d20c19f33c7c107fw,2026-01-24 07:00:00,90,True,77,173,386,2284,38.62,228.43,0.174,True,0.7702,,,,,,,,,,,,,,,,
2026-01-24,a3986d20c19f33c7c107fw,2026-01-24 07:10:00,91,True,77,174,388,2289,38.85,228.9,0.174,True,0.7767,,,,,,,,,,,,,,,,
2026-01-24,a3986d20c19f33c7c107fw,2026-01-24 07:20:00,92,True,78,211,468,2276,46.87,227.64,0.212,True,0.7845,,,,,,,,,,,,,,,,
2026-01-24,a3986d20c19f33c7c107fw,2026-01-24 07:30:00,93,True,79,167,372,2280,37.26,228.05,0.168,True,0.7907,,,,,,,,,,,,,,,,
2026-01-24,a3986d20c19f33c7c107fw,2026-01-24 07:40:00,94,True,79,167,372,2283,37.27,228.3,0.168,True,0.7969,,,,,,,,,,,,,,,,
2026-01-24,a3986d20c19f33c7c107fw,2026-01-24 07:50:00,95,True,80,211,469,2281,46.94,228.19,0.211,True,0.8047,,,,,,,,,,,,,,,,
2026-01-24,a3986d20c19f33c7c107fw,2026-01-24 08:00:00,96,True,81,210,468,2284,46.82,228.49,0.211,True,0.8126,,,,,,,,,,,,,,,,
2026-01-24,a3986d20c19f33c7c107fw,2026-01-24 08:10:00,97,True,82,251,560,2293,56.06,229.31,0.251,True,0.8219,,,,,,,,,,,,,,,,
2026-01-24,a3986d20c19f33c7c107fw,2026-01-24 08:20:00,98,True,82,209,469,2299,46.91,229.9,0.21,True,0.8297,,,,,,,,,,,,,,,,
2026-01-24,a3986d20c19f33c7c107fw,2026-01-24 08:30:00,99,True,83,212,475,2300,47.57,230.0,0.213,True,0.8376,,,,,,,,,,,,,,,,
2026-01-24,a3986d20c19f33c7c107fw,2026-01-24 08:40:00,100,True,84,128,288,2306,28.82,230.66,0.128,True,0.8424,,,,,,,,,,,,,,,,
2026-01-24,a3986d20c19f33c7c107fw,2026-01-24 08:50:00,101,True,84,169,380,2304,38.08,230.48,0.17,True,0.8488,,,,,,,,,,,,,,,,
2026-01-24,a3986d20c19f33c7c107fw,2026-01-24 09:00:00,102,True,85,84,190,2303,19.01,230.36,0.085,True,0.852,,,,,,,,,,,,,,,,
2026-01-24,a3986d20c19f33c7c107fw,2026-01-24 09:10:00,103,True,85,84,190,2304,19.01,230.41,0.085,True,0.8551,,,,,,,,,,,,,,,,
2026-01-24,a3986d20c19f33c7c107fw,2026-01-24 09:20:00,104,True,86,255,573,2309,57.39,230.97,0.255,True,0.8647,,,,,,,,,,,,,,,,
2026-01-24,a3986d20c19f33c7c107fw,2026-01-24 09:30:00,105,True,86,129,290,2305,29.0,230.57,0.129,True,0.8695,,,,,,,,,,,,,,,,
2026-01-24,a3986d20c19f33c7c107fw,2026-01-24 09:40:00,106,True,87,129,290,2306,29.0,230.63,0.129,True,0.8744,,,,,,,,,,,,,,,,
2026-01-24,a3986d20c19f33c7c107fw,2026-01-24 09:50:00,107,True,88,258,579,2303,57.98,230.35,0.259,True,0.884,,,,,,,,,,,,,,,,
2026-01-24,a3986d20c19f33c7c107fw,2026-01-24 10:00:00,108,True,89,173,388,2307,38.9,230.7,0.173,True,0.8905,,,,,,,,,,,,,,,,
2026-01-24,a3986d20c19f33c7c107fw,2026-01-24 10:10:00,109,True,89,129,291,2304,29.12,230.4,0.13,True,0.8954,,,,,,,,,,,,,,,,
2026-01-24,a3986d20c19f33c7c107fw,2026-01-24 10:20:00,110,True,89,86,193,2302,19.4,230.27,0.087,True,0.8986,,,,,,,,,,,,,,,,
2026-01-24,a3986d20c19f33c7c107fw,2026-01-24 10:30:00,111,True,90,0,583,2303,58.39,230.33,0.0,True,0.9083,,,,,,,,,,,,,,,,
2026-01-24,a3986d20c19f33c7c107fw,2026-01-24 10:40:00,112,True,90,41,93,2302,9.37,230.2,0.042,True,0.9099,,,,,,,,,,,,,,,,
2026-01-24,a3986d20c19f33c7c107fw,2026-01-24 10:50:00,113,True,91,86,193,2303,19.38,230.32,0.086,True,0.9131,,,,,,,,,,,,,,,,
2026-01-24,a3986d20c19f33c7c107fw,2026-01-24 11:00:00,114,False,91,0,0,2304,0.0,230.47,0.0,False,0.9131,,,,,,,,,,,,,,,,
2026-01-24,a3986d20c19f33c7c107fw,2026-01-24 11:10:00,115,True,91,130,293,2300,29.3,230.0,0.131,True,0.918,,,,,,,,,,,,,,,,
2026-01-24,a3986d20c19f33c7c107fw,2026-01-24 11:20:00,116,True,92,216,486,2302,48.61,230.22,0.217,True,0.9261,,,,,,,,,,,,,,,,
2026-01-24,a3986d20c19f33c7c107fw,2026-01-24 11:30:00,117,True,93,218,489,2301,48.93,230.13,0.218,True,0.9343,,,,,,,,,,,,,,,,
2026-01-24,a3986d20c19f33c7c107fw,2026-01-24 11:40:00,118,True,94,175,392,2298,39.27,229.84,0.176,True,0.9408,,,,,,,,,,,,,,,,
2026-01-24,a3986d20c19f33c7c107fw,2026-01-24 11:50:00,119,True,94,84,190,2311,19.09,231.12,0.085,True,0.944,,,,,,,,,,,,,,,,
2026-01-24,a3986d20c19f33c7c107fw,2026-01-24 12:00:00,120,True,94,40,91,2306,9.13,230.64,0.041,True,0.9455,,,,,,,,,,,,,,,,
2026-01-24,a3986d20c19f33c7c107fw,2026-01-24 12:10:00,121,True,94,42,95,2301,9.51,230.18,0.042,True,0.9471,,,,,,,,,,,,,,,,
2026-01-24,a3986d20c19f33c7c107fw,2026-01-24 12:20:00,122,True,95,85,192,2306,19.28,230.63,0.086,True,0.9503,,,,,,,,,,,,,,,,
2026-01-24,a3986d20c19f33c7c107fw,2026-01-24 12:30:00,123,True,95,85,192,2306,19.28,230.63,0.086,True,0.9535,,,,,,,,,,,,,,,,
2026-01-24,a3986d20c19f33c7c107fw,2026-01-24 12:40:00,124,True,96,260,581,2293,58.18,229.34,0.261,True,0.9632,,,,,,,,,,,,,,,,
2026-01-24,a3986d20c19f33c7c107fw,2026-01-24 12:50:00,125,True,97,303,676,2287,67.66,228.73,0.304,True,0.9745,,,,,,,,,,,,,,,,
2026-01-24,a3986d20c19f33c7c107fw,2026-01-24 13:00:00,126,True,98,258,576,2288,57.67,228.86,0.259,True,0.9841,,,,,,,,,,,,,,,,
2026-01-24,a3986d20c19f33c7c107fw,2026-01-24 13:10:00,127,True,99,258,576,2288,57.67,228.86,0.259,True,0.9937,,,,,,,,,,,,,,,,
2026-01-24,a3986d20c19f33c7c107fw,2026-01-24 13:20:00,128,True,99,168,373,2280,37.3,228.09,0.168,True,0.9999,,,,,,,,,,,,,,,,
2026-01-24,a3986d20c19f33c7c107fw,2026-01-24 13:30:00,129,True,100,126,279,2274,27.98,227.47,0.126,True,1.0046,,,,,,,,,,,,,,,,
2026-01-24,a3986d20c19f33c7c107fw,2026-01-24 13:40:00,130,True,100,40,89,2273,8.91,227.37,0.04,True,1.0061,,,,,,,,,,,,,,,,
2026-01-24,a3986d20c19f33c7c107fw,2026-01-24 13:50:00,131,True,100,40,89,2273,8.91,227.37,0.04,True,1.0076,,,,,,,,,,,,,,,,
2026-01-24,a3986d20c19f33c7c107fw,2026-01-24 14:00:00,132,True,101,168,372,2270,37.29,227.03,0.169,True,1.0138,,,,,,,,,,,,,,,,
2026-01-24,a3986d20c19f33c7c107fw,2026-01-24 14:10:00,133,True,102,176,388,2266,38.82,226.64,0.176,True,1.0203,,,,,,,,,,,,,,,,
2026-01-24,a3986d20c19f33c7c107fw,2026-01-24 14:20:00,134,True,102,176,388,2266,38.82,226.64,0.176,True,1.0267,,,,,,,,,,,,,,,,
2026-01-24,a3986d20c19f33c7c107fw,2026-01-24 14:30:00,135,True,103,218,482,2268,48.27,226.83,0.219,True,1.0348,,,,,,,,,,,,,,,,
2026-01-24,a3986d20c19f33c7c107fw,2026-01-24 14:40:00,136,True,104,216,477,2268,47.78,226.87,0.216,True,1.0427,,,,,,,,,,,,,,,,
2026-01-24,a3986d20c19f33c7c107fw,2026-01-24 14:50:00,137,True,104,171,379,2269,37.96,226.95,0.172,True,1.0491,,,,,,,,,,,,,,,,
2026-01-24,a3986d20c19f33c7c107fw,2026-01-24 15:00:00,138,True,105,168,373,2282,37.36,228.2,0.168,True,1.0553,,,,,,,,,,,,,,,,
2026-01-24,a3986d20c19f33c7c107fw,2026-01-24 15:10:00,139,True,106,212,471,2279,47.17,227.94,0.213,True,1.0631,,,,,,,,,,,,,,,,
2026-01-24,a3986d20c19f33c7c107fw,2026-01-24 15:20:00,140,True,107,214,475,2279,47.55,227.9,0.214,True,1.0711,,,,,,,,,,,,,,,,
2026-01-24,a3986d20c19f33c7c107fw,2026-01-24 15:30:00,141,True,107,213,473,2279,47.37,227.97,0.213,True,1.079,,,,,,,,,,,,,,,,
2026-01-24,a3986d20c19f33c7c107fw,2026-01-24 15:40:00,142,True,108,210,467,2278,46.76,227.81,0.211,True,1.0868,,,,,,,,,,,,,,,,
2026-01-24,a3986d20c19f33c7c107fw,2026-01-24 15:50:00,143,True,108,87,194,2284,19.44,228.48,0.087,True,1.09,,,,,,,,,,,,,,,,
2026-01-25,a3986d20c19f33c7c107fw,2026-01-24 16:00:00,0,True,1,352,795,2284,79.51,228.4,0.353,True,0.0133,,,,,,,,,,,,,,,,
2026-01-25,a3986d20c19f33c7c107fw,2026-01-24 16:10:00,1,True,2,265,598,2284,59.81,228.45,0.265,True,0.0232,,,,,,,,,,,,,,,,
2026-01-25,a3986d20c19f33c7c107fw,2026-01-24 16:20:00,2,True,5,786,1770,2282,177.06,228.22,0.786,True,0.0527,,,,,,,,,,,,,,,,
2026-01-25,a3986d20c19f33c7c107fw,2026-01-24 16:30:00,3,True,6,435,977,2271,97.72,227.19,0.436,True,0.069,,,,,,,,,,,,,,,,
2026-01-25,a3986d20c19f33c7c107fw,2026-01-24 16:40:00,4,True,10,971,2192,2287,219.29,228.73,0.972,True,0.1056,,,,,,,,,,,,,,,,
2026-01-25,a3986d20c19f33c7c107fw,2026-01-24 16:50:00,5,True,13,879,1980,2282,198.06,228.29,0.879,True,0.1386,,,,,,,,,,,,,,,,
2026-01-25,a3986d20c19f33c7c107fw,2026-01-24 17:00:00,6,True,17,961,2163,2281,216.39,228.13,0.961,True,0.1746,,,,,,,,,,,,,,,,
2026-01-25,a3986d20c19f33c7c107fw,2026-01-24 17:10:00,7,True,19,523,1174,2273,117.5,227.36,0.524,True,0.1942,,,,,,,,,,,,,,,,
2026-01-25,a3986d20c19f33c7c107fw,2026-01-24 17:20:00,8,True,21,530,1197,2288,119.77,228.81,0.53,True,0.2142,,,,,,,,,,,,,,,,
2026-01-25,a3986d20c19f33c7c107fw,2026-01-24 17:30:00,9,True,23,558,1266,2295,126.6,229.59,0.559,True,0.2353,,,,,,,,,,,,,,,,
2026-01-25,a3986d20c19f33c7c107fw,2026-01-24 17:40:00,10,True,25,456,1034,2294,103.44,229.4,0.457,True,0.2525,,,,,,,,,,,,,,,,
2026-01-25,a3986d20c19f33c7c107fw,2026-01-24 17:50:00,11,True,27,520,1179,2296,117.96,229.61,0.521,True,0.2722,,,,,,,,,,,,,,,,
2026-01-25,a3986d20c19f33c7c107fw,2026-01-24 18:00:00,12,True,30,963,2171,2284,217.12,228.47,0.963,True,0.3084,,,,,,,,,,,,,,,,
2026-01-25,a3986d20c19f33c7c107fw,2026-01-24 18:10:00,13,True,33,702,1587,2289,158.76,228.93,0.703,True,0.3348,,,,,,,,,,,,,,,,
2026-01-25,a3986d20c19f33c7c107fw,2026-01-24 18:20:00,14,True,36,817,1845,2287,184.56,228.77,0.818,True,0.3656,,,,,,,,,,,,,,,,
2026-01-25,a3986d20c19f33c7c107fw,2026-01-24 18:30:00,15,True,39,715,1613,2286,161.4,228.65,0.715,True,0.3925,,,,,,,,,,,,,,,,
2026-01-25,a3986d20c19f33c7c107fw,2026-01-24 18:40:00,16,True,41,699,1581,2291,158.17,229.16,0.699,True,0.4189,,,,,,,,,,,,,,,,
2026-01-25,a3986d20c19f33c7c107fw,2026-01-24 18:50:00,17,True,44,621,1412,2302,141.22,230.23,0.622,True,0.4424,,,,,,,,,,,,,,,,
2026-01-25,a3986d20c19f33c7c107fw,2026-01-24 19:00:00,18,True,46,712,1617,2302,161.77,230.21,0.712,True,0.4694,,,,,,,,,,,,,,,,
2026-01-25,a3986d20c19f33c7c107fw,2026-01-24 19:10:00,19,True,48,519,1181,2305,118.2,230.52,0.52,True,0.4891,,,,,,,,,,,,,,,,
2026-01-25,a3986d20c19f33c7c107fw,2026-01-24 19:20:00,20,True,50,520,1181,2303,118.2,230.3,0.52,True,0.5088,,,,,,,,,,,,,,,,
2026-01-25,a3986d20c19f33c7c107fw,2026-01-24 19:30:00,21,True,53,698,1586,2302,158.62,230.27,0.698,True,0.5352,,,,,,,,,,,,,,,,
2026-01-25,a3986d20c19f33c7c107fw,2026-01-24 19:40:00,22,True,55,516,1174,2305,117.5,230.5,0.517,True,0.5548,,,,,,,,,,,,,,,,
2026-01-25,a3986d20c19f33c7c107fw,2026-01-24 19:50:00,23,True,57,515,1171,2300,117.14,230.07,0.516,True,0.5743,,,,,,,,,,,,,,,,
2026-01-25,a3986d20c19f33c7c107fw,2026-01-24 20:00:00,24,True,59,606,1380,2307,138.03,230.74,0.606,True,0.5973,,,,,,,,,,,,,,,,
2026-01-25,a3986d20c19f33c7c107fw,2026-01-24 20:10:00,25,True,62,607,1380,2301,138.03,230.11,0.608,True,0.6203,,,,,,,,,,,,,,,,
2026-01-25,a3986d20c19f33c7c107fw,2026-01-24 20:20:00,26,True,62,173,394,2303,39.49,230.32,0.174,True,0.6269,,,,,,,,,,,,,,,,
2026-01-25,a3986d20c19f33c7c107fw,2026-01-24 20:30:00,27,True,63,181,412,2309,41.27,230.9,0.181,True,0.6338,,,,,,,,,,,,,,,,
2026-01-25,a3986d20c19f33c7c107fw,2026-01-24 20:40:00,28,True,64,174,397,2304,39.74,230.4,0.175,True,0.6404,,,,,,,,,,,,,,,,
2026-01-25,a3986d20c19f33c7c107fw,2026-01-24 20:50:00,29,True,65,264,603,2312,60.38,231.27,0.265,True,0.6505,,,,,,,,,,,,,,,,
2026-01-25,a3986d20c19f33c7c107fw,2026-01-24 21:00:00,30,True,67,617,1407,2308,140.72,230.82,0.618,True,0.6739,,,,,,,,,,,,,,,,
2026-01-25,a3986d20c19f33c7c107fw,2026-01-24 21:10:00,31,True,70,695,1576,2297,157.66,229.7,0.696,True,0.7002,,,,,,,,,,,,,,,,
2026-01-25,a3986d20c19f33c7c107fw,2026-01-24 21:20:00,32,True,72,694,1576,2300,157.66,230.05,0.695,True,0.7265,,,,,,,,,,,,,,,,
2026-01-25,a3986d20c19f33c7c107fw,2026-01-24 21:30:00,33,True,74,518,1176,2296,117.61,229.67,0.519,True,0.7461,,,,,,,,,,,,,,,,
2026-01-25,a3986d20c19f33c7c107fw,2026-01-24 21:40:00,34,True,76,607,1376,2297,137.64,229.74,0.607,True,0.769,,,,,,,,,,,,,,,,
2026-01-25,a3986d20c19f33c7c107fw,2026-01-24 21:50:00,35,True,78,354,805,2305,80.56,230.52,0.354,True,0.7824,,,,,,,,,,,,,,,,
2026-01-25,a3986d20c19f33c7c107fw,2026-01-24 22:00:00,36,True,79,264,599,2295,59.95,229.54,0.265,True,0.7924,,,,,,,,,,,,,,,,
2026-01-25,a3986d20c19f33c7c107fw,2026-01-24 22:10:00,37,True,79,178,405,2307,40.6,230.78,0.178,True,0.7992,,,,,,,,,,,,,,,,
2026-01-25,a3986d20c19f33c7c107fw,2026-01-24 22:20:00,38,True,81,513,1167,2304,116.74,230.42,0.513,True,0.8186,,,,,,,,,,,,,,,,
2026-01-25,a3986d20c19f33c7c107fw,2026-01-24 22:30:00,39,True,85,866,1967,2301,196.77,230.1,0.867,True,0.8514,,,,,,,,,,,,,,,,
2026-01-25,a3986d20c19f33c7c107fw,2026-01-24 22:40:00,40,True,87,692,1571,2301,157.18,230.18,0.692,True,0.8776,,,,,,,,,,,,,,,,
2026-01-25,a3986d20c19f33c7c107fw,2026-01-24 22:50:00,41,True,90,602,1368,2301,136.89,230.17,0.603,True,0.9004,,,,,,,,,,,,,,,,
2026-01-25,a3986d20c19f33c7c107fw,2026-01-24 23:00:00,42,True,92,598,1357,2297,135.77,229.74,0.599,True,0.9231,,,,,,,,,,,,,,,,
2026-01-25,a3986d20c19f33c7c107fw,2026-01-24 23:10:00,43,True,93,435,988,2301,98.82,230.15,0.435,True,0.9395,,,,,,,,,,,,,,,,
2026-01-25,a3986d20c19f33c7c107fw,2026-01-24 23:20:00,44,True,94,178,408,2312,40.82,231.24,0.179,True,0.9463,,,,,,,,,,,,,,,,
2026-01-25,a3986d20c19f33c7c107fw,2026-01-24 23:30:00,45,True,94,90,206,2301,20.63,230.1,0.091,True,0.9498,,,,,,,,,,,,,,,,
2026-01-25,a3986d20c19f33c7c107fw,2026-01-24 23:40:00,46,True,95,0,592,2300,59.21,230.01,0.0,True,0.9597,,,,,,,,,,,,,,,,
2026-01-25,a3986d20c19f33c7c107fw,2026-01-24 23:50:00,47,True,96,0,592,2297,59.21,229.73,0.0,True,0.9695,,,,,,,,,,,,,,,,
2026-01-25,a3986d20c19f33c7c107fw,2026-01-25 00:00:00,48,True,97,264,598,2293,59.86,229.38,0.264,True,0.9795,,,,,,,,,,,,,,,,
2026-01-25,a3986d20c19f33c7c107fw,2026-01-25 00:10:00,49,True,100,791,1797,2302,179.77,230.29,0.791,True,1.0095,,,,,,,,,,,,,,,,
2026-01-25,a3986d20c19f33c7c107fw,2026-01-25 00:20:00,50,True,103,704,1602,2304,160.27,230.45,0.705,True,1.0362,,,,,,,,,,,,,,,,
2026-01-25,a3986d20c19f33c7c107fw,2026-01-25 00:30:00,51,True,105,617,1405,2307,140.55,230.76,0.617,True,1.0596,,,,,,,,,,,,,,,,
2026-01-25,a3986d20c19f33c7c107fw,2026-01-25 00:40:00,52,True,106,87,200,2307,20.03,230.72,0.088,True,1.0629,,,,,,,,,,,,,,,,
2026-01-25,a3986d20c19f33c7c107fw,2026-01-25 00:50:00,53,True,106,176,403,2317,40.34,231.74,0.176,True,1.0697,,,,,,,,,,,,,,,,
2026-01-25,a3986d20c19f33c7c107fw,2026-01-25 01:00:00,54,True,107,176,400,2304,40.06,230.49,0.176,True,1.0763,,,,,,,,,,,,,,,,
2026-01-25,a3986d20c19f33c7c107fw,2026-01-25 01:10:00,55,True,108,168,384,2308,38.42,230.82,0.169,True,1.0827,,,,,,,,,,,,,,,,
2026-01-25,a3986d20c19f33c7c107fw,2026-01-25 01:20:00,56,True,110,518,1183,2315,118.37,231.55,0.518,True,1.1025,,,,,,,,,,,,,,,,
2026-01-25,a3986d20c19f33c7c107fw,2026-01-25 01:30:00,57,True,112,694,1585,2315,158.57,231.5,0.694,True,1.1289,,,,,,,,,,,,,,,,
2026-01-25,a3986d20c19f33c7c107fw,2026-01-25 01:40:00,58,True,114,530,1205,2301,120.52,230.16,0.531,True,1.149,,,,,,,,,,,,,,,,
2026-01-25,a3986d20c19f33c7c107fw,2026-01-25 01:50:00,59,True,116,355,807,2302,80.79,230.24,0.356,True,1.1624,,,,,,,,,,,,,,,,
2026-01-25,a3986d20c19f33c7c107fw,2026-01-25 02:00:00,60,True,116,175,396,2297,39.69,229.7,0.175,True,1.1691,,,,,,,,,,,,,,,,
2026-01-25,a3986d20c19f33c7c107fw,2026-01-25 02:10:00,61,True,118,357,807,2287,80.8,228.76,0.358,True,1.1825,,,,,,,,,,,,,,,,
2026-01-25,a3986d20c19f33c7c107fw,2026-01-25 02:20:00,62,True,118,170,386,2296,38.69,229.62,0.171,True,1.189,,,,,,,,,,,,,,,,
2026-01-25,a3986d20c19f33c7c107fw,2026-01-25 02:30:00,63,True,121,620,1397,2282,139.77,228.26,0.621,True,1.2123,,,,,,,,,,,,,,,,
2026-01-25,a3986d20c19f33c7c107fw,2026-01-25 02:40:00,64,True,123,524,1182,2286,118.3,228.6,0.524,True,1.232,,,,,,,,,,,,,,,,
2026-01-25,a3986d20c19f33c7c107fw,2026-01-25 02:50:00,65,True,125,613,1386,2290,138.64,229.03,0.613,True,1.2551,,,,,,,,,,,,,,,,
2026-01-25,a3986d20c19f33c7c107fw,2026-01-25 03:00:00,66,True,127,604,1366,2291,136.64,229.1,0.604,True,1.2779,,,,,,,,,,,,,,,,
2026-01-25,a3986d20c19f33c7c107fw,2026-01-25 03:10:00,67,True,130,691,1559,2286,155.98,228.66,0.691,True,1.3039,,,,,,,,,,,,,,,,
2026-01-25,a3986d20c19f33c7c107fw,2026-01-25 03:20:00,68,True,132,679,1543,2300,154.31,230.09,0.68,True,1.3296,,,,,,,,,,,,,,,,
2026-01-25,a3986d20c19f33c7c107fw,2026-01-25 03:30:00,69,True,134,330,750,2300,75.02,230.0,0.331,True,1.3421,,,,,,,,,,,,,,,,
2026-01-25,a3986d20c19f33c7c107fw,2026-01-25 03:40:00,70,True,135,328,747,2304,74.78,230.42,0.329,True,1.3545,,,,,,,,,,,,,,,,
2026-01-25,a3986d20c19f33c7c107fw,2026-01-25 03:50:00,71,False,135,0,0,2310,0.0,231.03,0.0,False,1.3545,,,,,,,,,,,,,,,,
2026-01-25,a3986d20c19f33c7c107fw,2026-01-25 04:00:00,72,True,135,85,196,2315,19.61,231.52,0.086,True,1.3578,,,,,,,,,,,,,,,,
2026-01-25,a3986d20c19f33c7c107fw,2026-01-25 04:10:00,73,True,137,381,860,2282,86.02,228.22,0.382,True,1.3722,,,,,,,,,,,,,,,,
2026-01-25,a3986d20c19f33c7c107fw,2026-01-25 04:20:00,74,True,138,262,595,2293,59.52,229.38,0.263,True,1.3821,,,,,,,,,,,,,,,,
2026-01-25,a3986d20c19f33c7c107fw,2026-01-25 04:30:00,75,True,139,264,595,2276,59.52,227.65,0.265,True,1.392,,,,,,,,,,,,,,,,
2026-01-25,a3986d20c19f33c7c107fw,2026-01-25 04:40:00,76,True,140,350,784,2266,78.4,226.6,0.351,True,1.4051,,,,,,,,,,,,,,,,
2026-01-25,a3986d20c19f33c7c107fw,2026-01-25 04:50:00,77,True,142,461,1039,2282,104.0,228.22,0.462,True,1.4224,,,,,,,,,,,,,,,,
2026-01-25,a3986d20c19f33c7c107fw,2026-01-25 05:00:00,78,True,143,461,1039,2282,104.0,228.22,0.462,True,1.4397,,,,,,,,,,,,,,,,
2026-01-25,a3986d20c19f33c7c107fw,2026-01-25 05:10:00,79,True,145,451,1014,2278,101.42,227.8,0.451,True,1.4566,,,,,,,,,,,,,,,,
2026-01-25,a3986d20c19f33c7c107fw,2026-01-25 05:20:00,80,False,145,0,0,2279,0.0,227.93,0.0,False,1.4566,,,,,,,,,,,,,,,,
2026-01-25,a3986d20c19f33c7c107fw,2026-01-25 05:30:00,81,False,145,0,0,2279,0.0,227.93,0.0,False,1.4566,,,,,,,,,,,,,,,,
2026-01-25,a3986d20c19f33c7c107fw,2026-01-25 05:40:00,82,False,145,0,0,2295,0.0,229.57,0.0,False,1.4566,,,,,,,,,,,,,,,,
2026-01-25,a3986d20c19f33c7c107fw,2026-01-25 05:50:00,83,True,147,443,999,2285,99.95,228.54,0.443,True,1.4733,,,,,,,,,,,,,,,,
2026-01-25,a3986d20c19f33c7c107fw,2026-01-25 06:00:00,84,True,148,364,816,2267,81.63,226.78,0.365,True,1.4869,,,,,,,,,,,,,,,,
2026-01-25,a3986d20c19f33c7c107fw,2026-01-25 06:10:00,85,True,150,366,824,2281,82.42,228.12,0.366,True,1.5006,,,,,,,,,,,,,,,,
2026-01-25,a3986d20c19f33c7c107fw,2026-01-25 06:20:00,86,True,151,364,819,2277,81.91,227.7,0.365,True,1.5143,,,,,,,,,,,,,,,,
2026-01-25,a3986d20c19f33c7c107fw,2026-01-25 06:30:00,87,True,152,265,597,2275,59.7,227.54,0.266,True,1.5242,,,,,,,,,,,,,,,,
2026-01-25,a3986d20c19f33c7c107fw,2026-01-25 06:40:00,88,True,154,534,1206,2287,120.61,228.7,0.534,True,1.5443,,,,,,,,,,,,,,,,
2026-01-25,a3986d20c19f33c7c107fw,2026-01-25 06:50:00,89,True,157,702,1580,2281,158.01,228.1,0.702,True,1.5707,,,,,,,,,,,,,,,,
2026-01-25,a3986d20c19f33c7c107fw,2026-01-25 07:00:00,90,True,158,357,804,2284,80.47,228.43,0.357,True,1.5841,,,,,,,,,,,,,,,,
2026-01-25,a3986d20c19f33c7c107fw,2026-01-25 07:10:00,91,True,159,358,809,2289,80.95,228.9,0.358,True,1.5976,,,,,,,,,,,,,,,,
2026-01-25,a3986d20c19f33c7c107fw,2026-01-25 07:20:00,92,True,161,434,976,2276,97.67,227.64,0.435,True,1.6139,,,,,,,,,,,,,,,,
2026-01-25,a3986d20c19f33c7c107fw,2026-01-25 07:30:00,93,True,162,345,776,2280,77.65,228.05,0.345,True,1.6268,,,,,,,,,,,,,,,,
2026-01-25,a3986d20c19f33c7c107fw,2026-01-25 07:40:00,94,True,163,344,776,2283,77.68,228.3,0.345,True,1.6397,,,,,,,,,,,,,,,,
2026-01-25,a3986d20c19f33c7c107fw,2026-01-25 07:50:00,95,True,165,434,978,2281,97.8,228.19,0.434,True,1.656,,,,,,,,,,,,,,,,
2026-01-25,a3986d20c19f33c7c107fw,2026-01-25 08:00:00,96,True,167,432,975,2284,97.56,228.49,0.433,True,1.6723,,,,,,,,,,,,,,,,
2026-01-25,a3986d20c19f33c7c107fw,2026-01-25 08:10:00,97,True,169,516,1168,2293,116.82,229.31,0.516,True,1.6918,,,,,,,,,,,,,,,,
2026-01-25,a3986d20c19f33c7c107fw,2026-01-25 08:20:00,98,True,170,430,977,2299,97.73,229.9,0.431,True,1.7081,,,,,,,,,,,,,,,,
2026-01-25,a3986d20c19f33c7c107fw,2026-01-25 08:30:00,99,True,172,436,991,2300,99.11,230.0,0.437,True,1.7246,,,,,,,,,,,,,,,,
2026-01-25,a3986d20c19f33c7c107fw,2026-01-25 08:40:00,100,True,173,263,600,2306,60.04,230.66,0.264,True,1.7346,,,,,,,,,,,,,,,,
2026-01-25,a3986d20c19f33c7c107fw,2026-01-25 08:50:00,101,True,174,348,793,2304,79.36,230.48,0.349,True,1.7478,,,,,,,,,,,,,,,,
2026-01-25,a3986d20c19f33c7c107fw,2026-01-25 09:00:00,102,True,175,174,395,2303,39.6,230.36,0.174,True,1.7544,,,,,,,,,,,,,,,,
2026-01-25,a3986d20c19f33c7c107fw,2026-01-25 09:10:00,103,True,176,174,395,2304,39.6,230.41,0.174,True,1.761,,,,,,,,,,,,,,,,
2026-01-25,a3986d20c19f33c7c107fw,2026-01-25 09:20:00,104,True,178,524,1195,2309,119.59,230.97,0.525,True,1.7809,,,,,,,,,,,,,,,,
2026-01-25,a3986d20c19f33c7c107fw,2026-01-25 09:30:00,105,True,179,265,604,2305,60.43,230.57,0.266,True,1.791,,,,,,,,,,,,,,,,
2026-01-25,a3986d20c19f33c7c107fw,2026-01-25 09:40:00,106,True,180,265,604,2306,60.43,230.63,0.266,True,1.8011,,,,,,,,,,,,,,,,
2026-01-25,a3986d20c19f33c7c107fw,2026-01-25 09:50:00,107,True,182,531,1208,2303,120.81,230.35,0.532,True,1.8212,,,,,,,,,,,,,,,,
2026-01-25,a3986d20c19f33c7c107fw,2026-01-25 10:00:00,108,True,183,356,810,2307,81.06,230.7,0.356,True,1.8347,,,,,,,,,,,,,,,,
2026-01-25,a3986d20c19f33c7c107fw,2026-01-25 10:10:00,109,True,184,266,606,2304,60.67,230.4,0.267,True,1.8448,,,,,,,,,,,,,,,,
2026-01-25,a3986d20c19f33c7c107fw,2026-01-25 10:20:00,110,True,185,177,404,2302,40.42,230.27,0.178,True,1.8516,,,,,,,,,,,,,,,,
2026-01-25,a3986d20c19f33c7c107fw,2026-01-25 10:30:00,111,True,186,0,592,2303,59.21,230.33,0.0,True,1.8614,,,,,,,,,,,,,,,,
2026-01-25,a3986d20c19f33c7c107fw,2026-01-25 10:40:00,112,True,186,85,195,2302,19.52,230.2,0.086,True,1.8647,,,,,,,,,,,,,,,,
2026-01-25,a3986d20c19f33c7c107fw,2026-01-25 10:50:00,113,True,187,177,403,2303,40.37,230.32,0.178,True,1.8714,,,,,,,,,,,,,,,,
2026-01-25,a3986d20c19f33c7c107fw,2026-01-25 11:00:00,114,False,187,0,0,2304,0.0,230.47,0.0,False,1.8714,,,,,,,,,,,,,,,,
2026-01-25,a3986d20c19f33c7c107fw,2026-01-25 11:10:00,115,True,188,269,610,2300,61.05,230.0,0.269,True,1.8816,,,,,,,,,,,,,,,,
2026-01-25,a3986d20c19f33c7c107fw,2026-01-25 11:20:00,116,True,189,445,1012,2302,101.29,230.22,0.446,True,1.8985,,,,,,,,,,,,,,,,
2026-01-25,a3986d20c19f33c7c107fw,2026-01-25 11:30:00,117,True,191,448,1019,2301,101.96,230.13,0.449,True,1.9155,,,,,,,,,,,,,,,,
2026-01-25,a3986d20c19f33c7c107fw,2026-01-25 11:40:00,118,True,192,360,818,2298,81.82,229.84,0.361,True,1.9291,,,,,,,,,,,,,,,,
2026-01-25,a3986d20c19f33c7c107fw,2026-01-25 11:50:00,119,True,193,174,397,2311,39.79,231.12,0.174,True,1.9357,,,,,,,,,,,,,,,,
2026-01-25,a3986d20c19f33c7c107fw,2026-01-25 12:00:00,120,True,193,83,190,2306,19.02,230.64,0.084,True,1.9389,,,,,,,,,,,,,,,,
2026-01-25,a3986d20c19f33c7c107fw,2026-01-25 12:10:00,121,True,194,87,198,2301,19.8,230.18,0.087,True,1.9422,,,,,,,,,,,,,,,,
2026-01-25,a3986d20c19f33c7c107fw,2026-01-25 12:20:00,122,True,194,176,401,2306,40.17,230.63,0.176,True,1.9489,,,,,,,,,,,,,,,,
2026-01-25,a3986d20c19f33c7c107fw,2026-01-25 12:30:00,123,True,195,176,401,2306,40.17,230.63,0.176,True,1.9556,,,,,,,,,,,,,,,,
2026-01-25,a3986d20c19f33c7c107fw,2026-01-25 12:40:00,124,True,197,535,1212,2293,121.23,229.34,0.536,True,1.9758,,,,,,,,,,,,,,,,
2026-01-25,a3986d20c19f33c7c107fw,2026-01-25 12:50:00,125,True,199,624,1409,2287,140.99,228.73,0.625,True,1.9993,,,,,,,,,,,,,,,,
2026-01-25,a3986d20c19f33c7c107fw,2026-01-25 13:00:00,126,True,201,532,1201,2288,120.16,228.86,0.532,True,2.0193,,,,,,,,,,,,,,,,
2026-01-25,a3986d20c19f33c7c107fw,2026-01-25 13:10:00,127,True,203,532,1201,2288,120.16,228.86,0.532,True,2.0394,,,,,,,,,,,,,,,,
2026-01-25,a3986d20c19f33c7c107fw,2026-01-25 13:20:00,128,True,205,345,777,2280,77.74,228.09,0.345,True,2.0523,,,,,,,,,,,,,,,,
2026-01-25,a3986d20c19f33c7c107fw,2026-01-25 13:30:00,129,True,206,259,583,2274,58.31,227.47,0.26,True,2.062,,,,,,,,,,,,,,,,
2026-01-25,a3986d20c19f33c7c107fw,2026-01-25 13:40:00,130,True,206,82,185,2273,18.58,227.37,0.083,True,2.0651,,,,,,,,,,,,,,,,
2026-01-25,a3986d20c19f33c7c107fw,2026-01-25 13:50:00,131,True,206,82,185,2273,18.58,227.37,0.083,True,2.0682,,,,,,,,,,,,,,,,
2026-01-25,a3986d20c19f33c7c107fw,2026-01-25 14:00:00,132,True,208,346,776,2270,77.7,227.03,0.347,True,2.0812,,,,,,,,,,,,,,,,
2026-01-25,a3986d20c19f33c7c107fw,2026-01-25 14:10:00,133,True,209,361,808,2266,80.9,226.64,0.362,True,2.0947,,,,,,,,,,,,,,,,
2026-01-25,a3986d20c19f33c7c107fw,2026-01-25 14:20:00,134,True,210,361,808,2266,80.9,226.64,0.362,True,2.1081,,,,,,,,,,,,,,,,
2026-01-25,a3986d20c19f33c7c107fw,2026-01-25 14:30:00,135,True,212,449,1005,2268,100.58,226.83,0.449,True,2.1249,,,,,,,,,,,,,,,,
2026-01-25,a3986d20c19f33c7c107fw,2026-01-25 14:40:00,136,True,214,444,995,2268,99.54,226.87,0.445,True,2.1415,,,,,,,,,,,,,,,,
2026-01-25,a3986d20c19f33c7c107fw,2026-01-25 14:50:00,137,True,215,353,790,2269,79.09,226.95,0.353,True,2.1547,,,,,,,,,,,,,,,,
2026-01-25,a3986d20c19f33c7c107fw,2026-01-25 15:00:00,138,True,216,345,778,2282,77.85,228.2,0.346,True,2.1677,,,,,,,,,,,,,,,,
2026-01-25,a3986d20c19f33c7c107fw,2026-01-25 15:10:00,139,True,218,437,983,2279,98.3,227.94,0.437,True,2.184,,,,,,,,,,,,,,,,
2026-01-25,a3986d20c19f33c7c107fw,2026-01-25 15:20:00,140,True,220,440,990,2279,99.09,227.9,0.441,True,2.2006,,,,,,,,,,,,,,,,
2026-01-25,a3986d20c19f33c7c107fw,2026-01-25 15:30:00,141,True,221,438,986,2279,98.69,227.97,0.439,True,2.217,,,,,,,,,,,,,,,,
2026-01-25,a3986d20c19f33c7c107fw,2026-01-25 15:40:00,142,True,223,433,974,2278,97.45,227.81,0.433,True,2.2332,,,,,,,,,,,,,,,,
2026-01-25,a3986d20c19f33c7c107fw,2026-01-25 15:50:00,143,True,224,179,405,2284,40.52,228.48,0.18,True,2.24,,,,,,,,,,,,,,,,
2026-01-26,a3986d20c19f33c7c107fw,2026-01-25 16:00:00,0,True,1,308,726,2284,72.68,228.4,0.308,True,0.0121,,,,,,,,,,,,,,,,
2026-01-26,a3986d20c19f33c7c107fw,2026-01-25 16:10:00,1,True,2,231,546,2284,54.67,228.45,0.232,True,0.0212,,,,,,,,,,,,,,,,
2026-01-26,a3986d20c19f33c7c107fw,2026-01-25 16:20:00,2,True,4,687,1618,2282,161.83,228.22,0.687,True,0.0482,,,,,,,,,,,,,,,,
2026-01-26,a3986d20c19f33c7c107fw,2026-01-25 16:30:00,3,True,6,380,893,2271,89.33,227.19,0.381,True,0.0631,,,,,,,,,,,,,,,,
2026-01-26,a3986d20c19f33c7c107fw,2026-01-25 16:40:00,4,True,9,849,2004,2287,200.44,228.73,0.849,True,0.0965,,,,,,,,,,,,,,,,
2026-01-26,a3986d20c19f33c7c107fw,2026-01-25 16:50:00,5,True,12,768,1810,2282,181.03,228.29,0.768,True,0.1267,,,,,,,,,,,,,,,,
2026-01-26,a3986d20c19f33c7c107fw,2026-01-25 17:00:00,6,True,15,840,1977,2281,197.8,228.13,0.84,True,0.1596,,,,,,,,,,,,,,,,
2026-01-26,a3986d20c19f33c7c107fw,2026-01-25 17:10:00,7,True,17,457,1073,2273,107.4,227.36,0.458,True,0.1775,,,,,,,,,,,,,,,,
2026-01-26,a3986d20c19f33c7c107fw,2026-01-25 17:20:00,8,True,19,463,1094,2288,109.47,228.81,0.464,True,0.1958,,,,,,,,,,,,,,,,
2026-01-26,a3986d20c19f33c7c107fw,2026-01-25 17:30:00,9,True,21,488,1157,2295,115.72,229.59,0.488,True,0.2151,,,,,,,,,,,,,,,,
2026-01-26,a3986d20c19f33c7c107fw,2026-01-25 17:40:00,10,True,23,399,945,2294,94.55,229.4,0.399,True,0.2308,,,,,,,,,,,,,,,,
2026-01-26,a3986d20c19f33c7c107fw,2026-01-25 17:50:00,11,True,24,455,1078,2296,107.82,229.61,0.455,True,0.2488,,,,,,,,,,,,,,,,
2026-01-26,a3986d20c19f33c7c107fw,2026-01-25 18:00:00,12,True,28,841,1984,2284,198.46,228.47,0.842,True,0.2819,,,,,,,,,,,,,,,,
2026-01-26,a3986d20c19f33c7c107fw,2026-01-25 18:10:00,13,True,30,614,1451,2289,145.12,228.93,0.614,True,0.306,,,,,,,,,,,,,,,,
2026-01-26,a3986d20c19f33c7c107fw,2026-01-25 18:20:00,14,True,33,714,1687,2287,168.7,228.77,0.715,True,0.3342,,,,,,,,,,,,,,,,
2026-01-26,a3986d20c19f33c7c107fw,2026-01-25 18:30:00,15,True,35,625,1475,2286,147.53,228.65,0.625,True,0.3588,,,,,,,,,,,,,,,,
2026-01-26,a3986d20c19f33c7c107fw,2026-01-25 18:40:00,16,True,38,611,1445,2291,144.58,229.16,0.611,True,0.3829,,,,,,,,,,,,,,,,
2026-01-26,a3986d20c19f33c7c107fw,2026-01-25 18:50:00,17,True,40,543,1290,2302,129.08,230.23,0.543,True,0.4044,,,,,,,,,,,,,,,,
2026-01-26,a3986d20c19f33c7c107fw,2026-01-25 19:00:00,18,True,42,622,1478,2302,147.88,230.21,0.622,True,0.429,,,,,,,,,,,,,,,,
2026-01-26,a3986d20c19f33c7c107fw,2026-01-25 19:10:00,19,True,44,454,1080,2305,108.04,230.52,0.454,True,0.447,,,,,,,,,,,,,,,,
2026-01-26,a3986d20c19f33c7c107fw,2026-01-25 19:20:00,20,True,46,454,1080,2303,108.04,230.3,0.455,True,0.465,,,,,,,,,,,,,,,,
2026-01-26,a3986d20c19f33c7c107fw,2026-01-25 19:30:00.000,21,True,48,610,1449,2302,144.98,230.27,0.61,True,0.4892,,,,,,,,,,,,,,,,
2026-01-26,a3986d20c19f33c7c107fw,2026-01-25 19:40:00.000,22,True,50,451,1073,2305,107.4,230.5,0.451,True,0.5071,,,,,,,,,,,,,,,,
2026-01-26,a3986d20c19f33c7c107fw,2026-01-25 19:50:00.000,23,True,52,450,1070,2300,107.08,230.07,0.451,True,0.5249,,,,,,,,,,,,,,,,
2026-01-26,a3986d20c19f33c7c107fw,2026-01-25 20:00:00.000,24,True,54,529,1261,2307,126.17,230.74,0.53,True,0.546,,,,,,,,,,,,,,,,
2026-01-26,a3986d20c19f33c7c107fw,2026-01-25 20:10:00.000,25,True,56,531,1261,2301,126.17,230.11,0.531,True,0.567,,,,,,,,,,,,,,,,
2026-01-26,a3986d20c19f33c7c107fw,2026-01-25 20:20:00.000,26,True,57,151,361,2303,36.1,230.32,0.152,True,0.573,,,,,,,,,,,,,,,,
2026-01-26,a3986d20c19f33c7c107fw,2026-01-25 20:30:00.000,27,True,57,158,377,2309,37.73,230.9,0.158,True,0.5793,,,,,,,,,,,,,,,,
2026-01-26,a3986d20c19f33c7c107fw,2026-01-25 20:40:00.000,28,True,58,152,363,2304,36.33,230.4,0.153,True,0.5854,,,,,,,,,,,,,,,,
2026-01-26,a3986d20c19f33c7c107fw,2026-01-25 20:50:00.000,29,True,59,231,551,2312,55.19,231.27,0.231,True,0.5945,,,,,,,,,,,,,,,,
2026-01-26,a3986d20c19f33c7c107fw,2026-01-25 21:00:00.000,30,True,61,539,1286,2308,128.62,230.82,0.54,True,0.616,,,,,,,,,,,,,,,,
2026-01-26,a3986d20c19f33c7c107fw,2026-01-25 21:10:00.000,31,True,64,607,1441,2297,144.1,229.7,0.608,True,0.64,,,,,,,,,,,,,,,,
2026-01-26,a3986d20c19f33c7c107fw,2026-01-25 21:20:00.000,32,True,66,607,1441,2300,144.1,230.05,0.607,True,0.664,,,,,,,,,,,,,,,,
2026-01-26,a3986d20c19f33c7c107fw,2026-01-25 21:30:00.000,33,True,68,453,1075,2296,107.51,229.67,0.454,True,0.6819,,,,,,,,,,,,,,,,
2026-01-26,a3986d20c19f33c7c107fw,2026-01-25 21:40:00.000,34,True,70,530,1258,2297,125.81,229.74,0.531,True,0.7029,,,,,,,,,,,,,,,,
2026-01-26,a3986d20c19f33c7c107fw,2026-01-25 21:50:00.000,35,True,71,309,736,2305,73.64,230.52,0.31,True,0.7152,,,,,,,,,,,,,,,,
2026-01-26,a3986d20c19f33c7c107fw,2026-01-25 22:00:00.000,36,True,72,231,547,2295,54.8,229.54,0.231,True,0.7243,,,,,,,,,,,,,,,,
2026-01-26,a3986d20c19f33c7c107fw,2026-01-25 22:10:00.000,37,True,73,155,371,2307,37.11,230.78,0.156,True,0.7305,,,,,,,,,,,,,,,,
2026-01-26,a3986d20c19f33c7c107fw,2026-01-25 22:20:00.000,38,True,74,448,1067,2304,106.71,230.42,0.449,True,0.7483,,,,,,,,,,,,,,,,
2026-01-26,a3986d20c19f33c7c107fw,2026-01-25 22:30:00.000,39,True,77,757,1798,2301,179.87,230.1,0.757,True,0.7783,,,,,,,,,,,,,,,,
2026-01-26,a3986d20c19f33c7c107fw,2026-01-25 22:40:00.000,40,True,80,604,1436,2301,143.67,230.18,0.605,True,0.8022,,,,,,,,,,,,,,,,
2026-01-26,a3986d20c19f33c7c107fw,2026-01-25 22:50:00.000,41,True,82,526,1251,2301,125.12,230.17,0.527,True,0.8231,,,,,,,,,,,,,,,,
2026-01-26,a3986d20c19f33c7c107fw,2026-01-25 23:00:00.000,42,True,84,523,1241,2297,124.1,229.74,0.523,True,0.8437,,,,,,,,,,,,,,,,
2026-01-26,a3986d20c19f33c7c107fw,2026-01-25 23:10:00.000,43,True,85,380,903,2301,90.32,230.15,0.38,True,0.8588,,,,,,,,,,,,,,,,
2026-01-26,a3986d20c19f33c7c107fw,2026-01-25 23:20:00.000,44,True,86,156,373,2312,37.31,231.24,0.156,True,0.865,,,,,,,,,,,,,,,,
2026-01-26,a3986d20c19f33c7c107fw,2026-01-25 23:30:00.000,45,True,86,79,188,2301,18.86,230.1,0.079,True,0.8682,,,,,,,,,,,,,,,,
2026-01-26,a3986d20c19f33c7c107fw,2026-01-25 23:40:00.000,46,True,87,0,591,2300,59.13,230.01,0.0,True,0.878,,,,,,,,,,,,,,,,
2026-01-26,a3986d20c19f33c7c107fw,2026-01-25 23:50:00.000,47,True,88,0,591,2297,59.13,229.73,0.0,True,0.8879,,,,,,,,,,,,,,,,
2026-01-26,a3986d20c19f33c7c107fw,2026-01-26 00:00:00.000,48,True,89,231,547,2293,54.72,229.38,0.231,True,0.897,,,,,,,,,,,,,,,,
2026-01-26,a3986d20c19f33c7c107fw,2026-01-26 00:10:00.000,49,True,92,691,1643,2302,164.32,230.29,0.691,True,0.9244,,,,,,,,,,,,,,,,
2026-01-26,a3986d20c19f33c7c107fw,2026-01-26 00:20:00.000,50,True,94,616,1464,2304,146.5,230.45,0.616,True,0.9488,,,,,,,,,,,,,,,,
2026-01-26,a3986d20c19f33c7c107fw,2026-01-26 00:30:00.000,51,True,97,539,1284,2307,128.47,230.76,0.539,True,0.9702,,,,,,,,,,,,,,,,
2026-01-26,a3986d20c19f33c7c107fw,2026-01-26 00:40:00.000,52,True,97,76,183,2307,18.31,230.72,0.077,True,0.9733,,,,,,,,,,,,,,,,
2026-01-26,a3986d20c19f33c7c107fw,2026-01-26 00:50:00.000,53,True,97,154,368,2317,36.87,231.74,0.154,True,0.9794,,,,,,,,,,,,,,,,
2026-01-26,a3986d20c19f33c7c107fw,2026-01-26 01:00:00.000,54,True,98,153,366,2304,36.62,230.49,0.154,True,0.9855,,,,,,,,,,,,,,,,
2026-01-26,a3986d20c19f33c7c107fw,2026-01-26 01:10:00.000,55,True,99,147,351,2308,35.11,230.82,0.147,True,0.9914,,,,,,,,,,,,,,,,
2026-01-26,a3986d20c19f33c7c107fw,2026-01-26 01:20:00.000,56,True,100,452,1081,2315,108.2,231.55,0.453,True,1.0094,,,,,,,,,,,,,,,,
2026-01-26,a3986d20c19f33c7c107fw,2026-01-26 01:30:00.000,57,True,103,606,1449,2315,144.93,231.5,0.607,True,1.0335,,,,,,,,,,,,,,,,
2026-01-26,a3986d20c19f33c7c107fw,2026-01-26 01:40:00.000,58,True,105,463,1101,2301,110.16,230.16,0.464,True,1.0519,,,,,,,,,,,,,,,,
2026-01-26,a3986d20c19f33c7c107fw,2026-01-26 01:50:00.000,59,True,106,310,738,2302,73.85,230.24,0.311,True,1.0642,,,,,,,,,,,,,,,,
2026-01-26,a3986d20c19f33c7c107fw,2026-01-26 02:00:00.000,60,True,107,153,362,2297,36.29,229.7,0.153,True,1.0703,,,,,,,,,,,,,,,,
2026-01-26,a3986d20c19f33c7c107fw,2026-01-26 02:10:00.000,61,True,108,312,738,2287,73.86,228.76,0.313,True,1.0826,,,,,,,,,,,,,,,,
2026-01-26,a3986d20c19f33c7c107fw,2026-01-26 02:20:00.000,62,True,108,149,353,2296,35.36,229.62,0.149,True,1.0885,,,,,,,,,,,,,,,,
2026-01-26,a3986d20c19f33c7c107fw,2026-01-26 02:30:00.000,63,True,110,542,1277,2282,127.76,228.26,0.542,True,1.1098,,,,,,,,,,,,,,,,
2026-01-26,a3986d20c19f33c7c107fw,2026-01-26 02:40:00.000,64,True,112,458,1081,2286,108.13,228.6,0.458,True,1.1278,,,,,,,,,,,,,,,,
2026-01-26,a3986d20c19f33c7c107fw,2026-01-26 02:50:00.000,65,True,114,536,1267,2290,126.73,229.03,0.536,True,1.1489,,,,,,,,,,,,,,,,
2026-01-26,a3986d20c19f33c7c107fw,2026-01-26 03:00:00.000,66,True,116,528,1248,2291,124.89,229.1,0.528,True,1.1697,,,,,,,,,,,,,,,,
2026-01-26,a3986d20c19f33c7c107fw,2026-01-26 03:10:00.000,67,True,119,604,1425,2286,142.57,228.66,0.604,True,1.1935,,,,,,,,,,,,,,,,
2026-01-26,a3986d20c19f33c7c107fw,2026-01-26 03:20:00.000,68,True,121,594,1410,2300,141.05,230.09,0.594,True,1.217,,,,,,,,,,,,,,,,
2026-01-26,a3986d20c19f33c7c107fw,2026-01-26 03:30:00.000,69,True,122,288,685,2300,68.57,230.0,0.289,True,1.2284,,,,,,,,,,,,,,,,
2026-01-26,a3986d20c19f33c7c107fw,2026-01-26 03:40:00.000,70,True,123,287,683,2304,68.35,230.42,0.287,True,1.2398,,,,,,,,,,,,,,,,
2026-01-26,a3986d20c19f33c7c107fw,2026-01-26 03:50:00.000,71,False,123,0,0,2310,0.0,231.03,0.0,False,1.2398,,,,,,,,,,,,,,,,
2026-01-26,a3986d20c19f33c7c107fw,2026-01-26 04:00:00.000,72,True,124,75,179,2315,17.93,231.52,0.075,True,1.2428,,,,,,,,,,,,,,,,
2026-01-26,a3986d20c19f33c7c107fw,2026-01-26 04:10:00.000,73,True,125,333,786,2282,78.63,228.22,0.334,True,1.2559,,,,,,,,,,,,,,,,
2026-01-26,a3986d20c19f33c7c107fw,2026-01-26 04:20:00.000,74,True,126,229,544,2293,54.4,229.38,0.23,True,1.265,,,,,,,,,,,,,,,,
2026-01-26,a3986d20c19f33c7c107fw,2026-01-26 04:30:00.000,75,True,127,231,544,2276,54.4,227.65,0.232,True,1.274,,,,,,,,,,,,,,,,
2026-01-26,a3986d20c19f33c7c107fw,2026-01-26 04:40:00.000,76,True,128,306,716,2266,71.66,226.6,0.306,True,1.286,,,,,,,,,,,,,,,,
2026-01-26,a3986d20c19f33c7c107fw,2026-01-26 04:50:00.000,77,True,130,403,950,2282,95.06,228.22,0.404,True,1.3018,,,,,,,,,,,,,,,,
2026-01-26,a3986d20c19f33c7c107fw,2026-01-26 05:00:00.000,78,True,131,403,950,2282,95.06,228.22,0.404,True,1.3177,,,,,,,,,,,,,,,,
2026-01-26,a3986d20c19f33c7c107fw,2026-01-26 05:10:00.000,79,True,133,394,927,2278,92.7,227.8,0.394,True,1.3331,,,,,,,,,,,,,,,,
2026-01-26,a3986d20c19f33c7c107fw,2026-01-26 05:20:00.000,80,False,133,0,0,2279,0.0,227.93,0.0,False,1.3331,,,,,,,,,,,,,,,,
2026-01-26,a3986d20c19f33c7c107fw,2026-01-26 05:30:00.000,81,False,133,0,0,2279,0.0,227.93,0.0,False,1.3331,,,,,,,,,,,,,,,,
2026-01-26,a3986d20c19f33c7c107fw,2026-01-26 05:40:00.000,82,False,133,0,0,2295,0.0,229.57,0.0,False,1.3331,,,,,,,,,,,,,,,,
2026-01-26,a3986d20c19f33c7c107fw,2026-01-26 05:50:00.000,83,True,134,387,913,2285,91.36,228.54,0.387,True,1.3483,,,,,,,,,,,,,,,,
2026-01-26,a3986d20c19f33c7c107fw,2026-01-26 06:00:00.000,84,True,136,318,746,2267,74.61,226.78,0.319,True,1.3608,,,,,,,,,,,,,,,,
2026-01-26,a3986d20c19f33c7c107fw,2026-01-26 06:10:00.000,85,True,137,320,753,2281,75.34,228.12,0.32,True,1.3733,,,,,,,,,,,,,,,,
2026-01-26,a3986d20c19f33c7c107fw,2026-01-26 06:20:00.000,86,True,138,318,748,2277,74.88,227.7,0.319,True,1.3858,,,,,,,,,,,,,,,,
2026-01-26,a3986d20c19f33c7c107fw,2026-01-26 06:30:00.000,87,True,139,232,545,2275,54.57,227.54,0.232,True,1.3949,,,,,,,,,,,,,,,,
2026-01-26,a3986d20c19f33c7c107fw,2026-01-26 06:40:00.000,88,True,141,467,1102,2287,110.25,228.7,0.467,True,1.4133,,,,,,,,,,,,,,,,
2026-01-26,a3986d20c19f33c7c107fw,2026-01-26 06:50:00.000,89,True,143,613,1444,2281,144.44,228.1,0.614,True,1.4374,,,,,,,,,,,,,,,,
2026-01-26,a3986d20c19f33c7c107fw,2026-01-26 07:00:00.000,90,True,144,312,735,2284,73.56,228.43,0.312,True,1.4496,,,,,,,,,,,,,,,,
2026-01-26,a3986d20c19f33c7c107fw,2026-01-26 07:10:00.000,91,True,146,313,739,2289,74.0,228.9,0.313,True,1.4619,,,,,,,,,,,,,,,,
2026-01-26,a3986d20c19f33c7c107fw,2026-01-26 07:20:00.000,92,True,147,380,892,2276,89.27,227.64,0.38,True,1.4768,,,,,,,,,,,,,,,,
2026-01-26,a3986d20c19f33c7c107fw,2026-01-26 07:30:00.000,93,True,148,301,709,2280,70.98,228.05,0.302,True,1.4887,,,,,,,,,,,,,,,,
2026-01-26,a3986d20c19f33c7c107fw,2026-01-26 07:40:00.000,94,True,150,301,710,2283,71.0,228.3,0.301,True,1.5005,,,,,,,,,,,,,,,,
2026-01-26,a3986d20c19f33c7c107fw,2026-01-26 07:50:00.000,95,True,151,379,893,2281,89.39,228.19,0.38,True,1.5154,,,,,,,,,,,,,,,,
2026-01-26,a3986d20c19f33c7c107fw,2026-01-26 08:00:00.000,96,True,153,378,891,2284,89.17,228.49,0.378,True,1.5302,,,,,,,,,,,,,,,,
2026-01-26,a3986d20c19f33c7c107fw,2026-01-26 08:10:00.000,97,True,154,451,1067,2293,106.78,229.31,0.451,True,1.548,,,,,,,,,,,,,,,,
2026-01-26,a3986d20c19f33c7c107fw,2026-01-26 08:20:00.000,98,True,156,376,893,2299,89.34,229.9,0.377,True,1.5629,,,,,,,,,,,,,,,,
2026-01-26,a3986d20c19f33c7c107fw,2026-01-26 08:30:00.000,99,True,157,381,905,2300,90.59,230.0,0.382,True,1.578,,,,,,,,,,,,,,,,
2026-01-26,a3986d20c19f33c7c107fw,2026-01-26 08:40:00.000,100,True,158,230,548,2306,54.88,230.66,0.231,True,1.5872,,,,,,,,,,,,,,,,
2026-01-26,a3986d20c19f33c7c107fw,2026-01-26 08:50:00.000,101,True,159,304,725,2304,72.54,230.48,0.305,True,1.5993,,,,,,,,,,,,,,,,
2026-01-26,a3986d20c19f33c7c107fw,2026-01-26 09:00:00.000,102,True,160,152,362,2303,36.2,230.36,0.152,True,1.6053,,,,,,,,,,,,,,,,
2026-01-26,a3986d20c19f33c7c107fw,2026-01-26 09:10:00.000,103,True,161,152,362,2304,36.2,230.41,0.152,True,1.6113,,,,,,,,,,,,,,,,
2026-01-26,a3986d20c19f33c7c107fw,2026-01-26 09:20:00.000,104,True,162,458,1093,2309,109.31,230.97,0.459,True,1.6296,,,,,,,,,,,,,,,,
2026-01-26,a3986d20c19f33c7c107fw,2026-01-26 09:30:00.000,105,True,163,232,552,2305,55.23,230.57,0.232,True,1.6388,,,,,,,,,,,,,,,,
2026-01-26,a3986d20c19f33c7c107fw,2026-01-26 09:40:00.000,106,True,164,232,552,2306,55.23,230.63,0.232,True,1.648,,,,,,,,,,,,,,,,
2026-01-26,a3986d20c19f33c7c107fw,2026-01-26 09:50:00.000,107,True,166,464,1104,2303,110.43,230.35,0.465,True,1.6664,,,,,,,,,,,,,,,,
2026-01-26,a3986d20c19f33c7c107fw,2026-01-26 10:00:00.000,108,True,167,311,740,2307,74.1,230.7,0.311,True,1.6787,,,,,,,,,,,,,,,,
2026-01-26,a3986d20c19f33c7c107fw,2026-01-26 10:10:00.000,109,True,168,233,554,2304,55.45,230.4,0.233,True,1.688,,,,,,,,,,,,,,,,
2026-01-26,a3986d20c19f33c7c107fw,2026-01-26 10:20:00.000,110,True,169,155,369,2302,36.95,230.27,0.155,True,1.6941,,,,,,,,,,,,,,,,
2026-01-26,a3986d20c19f33c7c107fw,2026-01-26 10:30:00.000,111,True,170,0,591,2303,59.13,230.33,0.0,True,1.704,,,,,,,,,,,,,,,,
2026-01-26,a3986d20c19f33c7c107fw,2026-01-26 10:40:00.000,112,True,170,75,178,2302,17.84,230.2,0.075,True,1.7069,,,,,,,,,,,,,,,,
2026-01-26,a3986d20c19f33c7c107fw,2026-01-26 10:50:00.000,113,True,171,155,368,2303,36.9,230.32,0.155,True,1.7131,,,,,,,,,,,,,,,,
2026-01-26,a3986d20c19f33c7c107fw,2026-01-26 11:00:00.000,114,False,171,0,0,2304,0.0,230.47,0.0,False,1.7131,,,,,,,,,,,,,,,,
2026-01-26,a3986d20c19f33c7c107fw,2026-01-26 11:10:00.000,115,True,172,235,558,2300,55.81,230.0,0.235,True,1.7224,,,,,,,,,,,,,,,,
2026-01-26,a3986d20c19f33c7c107fw,2026-01-26 11:20:00.000,116,True,173,389,925,2302,92.58,230.22,0.39,True,1.7378,,,,,,,,,,,,,,,,
2026-01-26,a3986d20c19f33c7c107fw,2026-01-26 11:30:00.000,117,True,175,392,931,2301,93.2,230.13,0.392,True,1.7534,,,,,,,,,,,,,,,,
2026-01-26,a3986d20c19f33c7c107fw,2026-01-26 11:40:00.000,118,True,176,315,747,2298,74.8,229.84,0.315,True,1.7658,,,,,,,,,,,,,,,,
2026-01-26,a3986d20c19f33c7c107fw,2026-01-26 11:50:00.000,119,True,177,152,363,2311,36.37,231.12,0.152,True,1.7719,,,,,,,,,,,,,,,,
2026-01-26,a3986d20c19f33c7c107fw,2026-01-26 12:00:00.000,120,True,177,73,173,2306,17.38,230.64,0.073,True,1.7748,,,,,,,,,,,,,,,,
2026-01-26,a3986d20c19f33c7c107fw,2026-01-26 12:10:00.000,121,True,177,76,181,2301,18.11,230.18,0.076,True,1.7778,,,,,,,,,,,,,,,,
2026-01-26,a3986d20c19f33c7c107fw,2026-01-26 12:20:00.000,122,True,178,154,367,2306,36.72,230.63,0.154,True,1.7839,,,,,,,,,,,,,,,,
2026-01-26,a3986d20c19f33c7c107fw,2026-01-26 12:30:00.000,123,True,179,154,367,2306,36.72,230.63,0.154,True,1.79,,,,,,,,,,,,,,,,
2026-01-26,a3986d20c19f33c7c107fw,2026-01-26 12:40:00.000,124,True,180,468,1108,2293,110.82,229.34,0.468,True,1.8085,,,,,,,,,,,,,,,,
2026-01-26,a3986d20c19f33c7c107fw,2026-01-26 12:50:00.000,125,True,182,545,1288,2287,128.87,228.73,0.546,True,1.83,,,,,,,,,,,,,,,,
2026-01-26,a3986d20c19f33c7c107fw,2026-01-26 13:00:00.000,126,True,184,465,1098,2288,109.83,228.86,0.465,True,1.8483,,,,,,,,,,,,,,,,
2026-01-26,a3986d20c19f33c7c107fw,2026-01-26 13:10:00.000,127,True,186,465,1098,2288,109.83,228.86,0.465,True,1.8666,,,,,,,,,,,,,,,,
2026-01-26,a3986d20c19f33c7c107fw,2026-01-26 13:20:00.000,128,True,187,301,710,2280,71.06,228.09,0.302,True,1.8784,,,,,,,,,,,,,,,,
2026-01-26,a3986d20c19f33c7c107fw,2026-01-26 13:30:00.000,129,True,188,227,532,2274,53.29,227.47,0.227,True,1.8873,,,,,,,,,,,,,,,,
2026-01-26,a3986d20c19f33c7c107fw,2026-01-26 13:40:00.000,130,True,189,72,169,2273,16.98,227.37,0.072,True,1.8902,,,,,,,,,,,,,,,,
2026-01-26,a3986d20c19f33c7c107fw,2026-01-26 13:50:00.000,131,True,189,72,169,2273,16.98,227.37,0.072,True,1.893,,,,,,,,,,,,,,,,
2026-01-26,a3986d20c19f33c7c107fw,2026-01-26 14:00:00.000,132,True,190,303,710,2270,71.02,227.03,0.303,True,1.9048,,,,,,,,,,,,,,,,
2026-01-26,a3986d20c19f33c7c107fw,2026-01-26 14:10:00.000,133,True,191,316,739,2266,73.95,226.64,0.316,True,1.9172,,,,,,,,,,,,,,,,
2026-01-26,a3986d20c19f33c7c107fw,2026-01-26 14:20:00.000,134,True,192,316,739,2266,73.95,226.64,0.316,True,1.9295,,,,,,,,,,,,,,,,
2026-01-26,a3986d20c19f33c7c107fw,2026-01-26 14:30:00.000,135,True,194,392,919,2268,91.93,226.83,0.393,True,1.9448,,,,,,,,,,,,,,,,
2026-01-26,a3986d20c19f33c7c107fw,2026-01-26 14:40:00.000,136,True,195,388,909,2268,90.99,226.87,0.389,True,1.96,,,,,,,,,,,,,,,,
2026-01-26,a3986d20c19f33c7c107fw,2026-01-26 14:50:00.000,137,True,197,308,723,2269,72.3,226.95,0.309,True,1.972,,,,,,,,,,,,,,,,
2026-01-26,a3986d20c19f33c7c107fw,2026-01-26 15:00:00.000,138,True,198,302,711,2282,71.17,228.2,0.302,True,1.9839,,,,,,,,,,,,,,,,
2026-01-26,a3986d20c19f33c7c107fw,2026-01-26 15:10:00.000,139,True,199,381,898,2279,89.85,227.94,0.382,True,1.9989,,,,,,,,,,,,,,,,
2026-01-26,a3986d20c19f33c7c107fw,2026-01-26 15:20:00.000,140,True,201,385,905,2279,90.57,227.9,0.385,True,2.0139,,,,,,,,,,,,,,,,
2026-01-26,a3986d20c19f33c7c107fw,2026-01-26 15:30:00.000,141,True,202,383,902,2279,90.21,227.97,0.383,True,2.029,,,,,,,,,,,,,,,,
2026-01-26,a3986d20c19f33c7c107fw,2026-01-26 15:40:00.000,142,True,204,378,890,2278,89.07,227.81,0.379,True,2.0438,,,,,,,,,,,,,,,,
2026-01-26,a3986d20c19f33c7c107fw,2026-01-26 15:50:00.000,143,True,204,157,370,2284,37.04,228.48,0.157,True,2.05,,,,,,,,,,,,,,,,
2026-01-27,a3986d20c19f33c7c107fw,2026-01-26 16:00:00.000,0,True,1,308,715,2284,71.6,228.4,0.308,True,0.0119,,,,,,,,,,,,,,,,
2026-01-27,a3986d20c19f33c7c107fw,2026-01-26 16:10:00.000,1,True,2,231,538,2284,53.86,228.45,0.232,True,0.0209,,,,,,,,,,,,,,,,
2026-01-27,a3986d20c19f33c7c107fw,2026-01-26 16:20:00.000,2,True,4,687,1594,2282,159.43,228.22,0.687,True,0.0475,,,,,,,,,,,,,,,,
2026-01-27,a3986d20c19f33c7c107fw,2026-01-26 16:30:00.000,3,True,6,380,880,2271,88.0,227.19,0.381,True,0.0621,,,,,,,,,,,,,,,,
2026-01-27,a3986d20c19f33c7c107fw,2026-01-26 16:40:00.000,4,True,9,849,1974,2287,197.47,228.73,0.849,True,0.0951,,,,,,,,,,,,,,,,
2026-01-27,a3986d20c19f33c7c107fw,2026-01-26 16:50:00.000,5,True,12,768,1783,2282,178.34,228.29,0.768,True,0.1248,,,,,,,,,,,,,,,,
2026-01-27,a3986d20c19f33c7c107fw,2026-01-26 17:00:00.000,6,True,15,840,1948,2281,194.87,228.13,0.84,True,0.1573,,,,,,,,,,,,,,,,
2026-01-27,a3986d20c19f33c7c107fw,2026-01-26 17:10:00.000,7,True,17,457,1057,2273,105.8,227.36,0.458,True,0.1749,,,,,,,,,,,,,,,,
2026-01-27,a3986d20c19f33c7c107fw,2026-01-26 17:20:00.000,8,True,19,463,1078,2288,107.85,228.81,0.464,True,0.1929,,,,,,,,,,,,,,,,
2026-01-27,a3986d20c19f33c7c107fw,2026-01-26 17:30:00.000,9,True,21,488,1139,2295,114.0,229.59,0.488,True,0.2119,,,,,,,,,,,,,,,,
2026-01-27,a3986d20c19f33c7c107fw,2026-01-26 17:40:00.000,10,True,22,399,931,2294,93.15,229.4,0.399,True,0.2274,,,,,,,,,,,,,,,,
2026-01-27,a3986d20c19f33c7c107fw,2026-01-26 17:50:00.000,11,True,24,455,1062,2296,106.22,229.61,0.455,True,0.2451,,,,,,,,,,,,,,,,
2026-01-27,a3986d20c19f33c7c107fw,2026-01-26 18:00:00.000,12,True,27,841,1955,2284,195.52,228.47,0.842,True,0.2777,,,,,,,,,,,,,,,,
2026-01-27,a3986d20c19f33c7c107fw,2026-01-26 18:10:00.000,13,True,30,614,1429,2289,142.97,228.93,0.614,True,0.3015,,,,,,,,,,,,,,,,
2026-01-27,a3986d20c19f33c7c107fw,2026-01-26 18:20:00.000,14,True,32,714,1661,2287,166.19,228.77,0.715,True,0.3292,,,,,,,,,,,,,,,,
2026-01-27,a3986d20c19f33c7c107fw,2026-01-26 18:30:00.000,15,True,35,625,1453,2286,145.34,228.65,0.625,True,0.3534,,,,,,,,,,,,,,,,
2026-01-27,a3986d20c19f33c7c107fw,2026-01-26 18:40:00.000,16,True,37,611,1424,2291,142.43,229.16,0.611,True,0.3772,,,,,,,,,,,,,,,,
2026-01-27,a3986d20c19f33c7c107fw,2026-01-26 18:50:00.000,17,True,39,543,1271,2302,127.16,230.23,0.543,True,0.3984,,,,,,,,,,,,,,,,
2026-01-27,a3986d20c19f33c7c107fw,2026-01-26 19:00:00.000,18,True,42,622,1456,2302,145.68,230.21,0.622,True,0.4226,,,,,,,,,,,,,,,,
2026-01-27,a3986d20c19f33c7c107fw,2026-01-26 19:10:00.000,19,True,44,454,1064,2305,106.43,230.52,0.454,True,0.4404,,,,,,,,,,,,,,,,
2026-01-27,a3986d20c19f33c7c107fw,2026-01-26 19:20:00.000,20,True,45,454,1064,2303,106.43,230.3,0.455,True,0.4581,,,,,,,,,,,,,,,,
2026-01-27,a3986d20c19f33c7c107fw,2026-01-26 19:30:00.000,21,True,48,610,1428,2302,142.83,230.27,0.61,True,0.4819,,,,,,,,,,,,,,,,
2026-01-27,a3986d20c19f33c7c107fw,2026-01-26 19:40:00.000,22,True,49,451,1057,2305,105.8,230.5,0.451,True,0.4996,,,,,,,,,,,,,,,,
2026-01-27,a3986d20c19f33c7c107fw,2026-01-26 19:50:00.000,23,True,51,450,1054,2300,105.49,230.07,0.451,True,0.5171,,,,,,,,,,,,,,,,
2026-01-27,a3986d20c19f33c7c107fw,2026-01-26 20:00:00.000,24,True,53,529,1242,2307,124.29,230.74,0.53,True,0.5379,,,,,,,,,,,,,,,,
2026-01-27,a3986d20c19f33c7c107fw,2026-01-26 20:10:00.000,25,True,55,531,1242,2301,124.29,230.11,0.531,True,0.5586,,,,,,,,,,,,,,,,
2026-01-27,a3986d20c19f33c7c107fw,2026-01-26 20:20:00.000,26,True,56,151,355,2303,35.56,230.32,0.152,True,0.5645,,,,,,,,,,,,,,,,
2026-01-27,a3986d20c19f33c7c107fw,2026-01-26 20:30:00.000,27,True,57,158,371,2309,37.17,230.9,0.158,True,0.5707,,,,,,,,,,,,,,,,
2026-01-27,a3986d20c19f33c7c107fw,2026-01-26 20:40:00.000,28,True,57,152,357,2304,35.79,230.4,0.153,True,0.5767,,,,,,,,,,,,,,,,
2026-01-27,a3986d20c19f33c7c107fw,2026-01-26 20:50:00.000,29,True,58,231,543,2312,54.37,231.27,0.231,True,0.5857,,,,,,,,,,,,,,,,
2026-01-27,a3986d20c19f33c7c107fw,2026-01-26 21:00:00.000,30,True,60,539,1267,2308,126.71,230.82,0.54,True,0.6068,,,,,,,,,,,,,,,,
2026-01-27,a3986d20c19f33c7c107fw,2026-01-26 21:10:00.000,31,True,63,607,1419,2297,141.96,229.7,0.608,True,0.6305,,,,,,,,,,,,,,,,
2026-01-27,a3986d20c19f33c7c107fw,2026-01-26 21:20:00.000,32,True,65,607,1419,2300,141.96,230.05,0.607,True,0.6542,,,,,,,,,,,,,,,,
2026-01-27,a3986d20c19f33c7c107fw,2026-01-26 21:30:00.000,33,True,67,453,1059,2296,105.92,229.67,0.454,True,0.6718,,,,,,,,,,,,,,,,
2026-01-27,a3986d20c19f33c7c107fw,2026-01-26 21:40:00.000,34,True,69,530,1239,2297,123.94,229.74,0.531,True,0.6925,,,,,,,,,,,,,,,,
2026-01-27,a3986d20c19f33c7c107fw,2026-01-26 21:50:00.000,35,True,70,309,725,2305,72.55,230.52,0.31,True,0.7046,,,,,,,,,,,,,,,,
2026-01-27,a3986d20c19f33c7c107fw,2026-01-26 22:00:00.000,36,True,71,231,539,2295,53.99,229.54,0.231,True,0.7136,,,,,,,,,,,,,,,,
2026-01-27,a3986d20c19f33c7c107fw,2026-01-26 22:10:00.000,37,True,71,155,365,2307,36.56,230.78,0.156,True,0.7197,,,,,,,,,,,,,,,,
2026-01-27,a3986d20c19f33c7c107fw,2026-01-26 22:20:00.000,38,True,73,448,1051,2304,105.12,230.42,0.449,True,0.7372,,,,,,,,,,,,,,,,
2026-01-27,a3986d20c19f33c7c107fw,2026-01-26 22:30:00.000,39,True,76,757,1771,2301,177.19,230.1,0.757,True,0.7667,,,,,,,,,,,,,,,,
2026-01-27,a3986d20c19f33c7c107fw,2026-01-26 22:40:00.000,40,True,79,604,1415,2301,141.54,230.18,0.605,True,0.7903,,,,,,,,,,,,,,,,
2026-01-27,a3986d20c19f33c7c107fw,2026-01-26 22:50:00.000,41,True,81,526,1232,2301,123.26,230.17,0.527,True,0.8108,,,,,,,,,,,,,,,,
2026-01-27,a3986d20c19f33c7c107fw,2026-01-26 23:00:00.000,42,True,83,523,1222,2297,122.26,229.74,0.523,True,0.8312,,,,,,,,,,,,,,,,
2026-01-27,a3986d20c19f33c7c107fw,2026-01-26 23:10:00.000,43,True,84,380,889,2301,88.98,230.15,0.38,True,0.846,,,,,,,,,,,,,,,,
2026-01-27,a3986d20c19f33c7c107fw,2026-01-26 23:20:00.000,44,True,85,156,367,2312,36.76,231.24,0.156,True,0.8522,,,,,,,,,,,,,,,,
2026-01-27,a3986d20c19f33c7c107fw,2026-01-26 23:30:00.000,45,True,85,79,185,2301,18.58,230.1,0.079,True,0.8553,,,,,,,,,,,,,,,,
2026-01-27,a3986d20c19f33c7c107fw,2026-01-26 23:40:00.000,46,True,86,0,591,2300,59.12,230.01,0.0,True,0.8651,,,,,,,,,,,,,,,,
2026-01-27,a3986d20c19f33c7c107fw,2026-01-26 23:50:00.000,47,True,87,0,591,2297,59.12,229.73,0.0,True,0.875,,,,,,,,,,,,,,,,
2026-01-27,a3986d20c19f33c7c107fw,2026-01-27 00:00:00.000,48,True,88,231,538,2293,53.9,229.38,0.231,True,0.884,,,,,,,,,,,,,,,,
2026-01-27,a3986d20c19f33c7c107fw,2026-01-27 00:10:00.000,49,True,91,691,1618,2302,161.89,230.29,0.691,True,0.9109,,,,,,,,,,,,,,,,
2026-01-27,a3986d20c19f33c7c107fw,2026-01-27 00:20:00.000,50,True,93,616,1443,2304,144.33,230.45,0.616,True,0.935,,,,,,,,,,,,,,,,
2026-01-27,a3986d20c19f33c7c107fw,2026-01-27 00:30:00.000,51,True,95,539,1265,2307,126.56,230.76,0.539,True,0.9561,,,,,,,,,,,,,,,,
2026-01-27,a3986d20c19f33c7c107fw,2026-01-27 00:40:00.000,52,True,95,76,180,2307,18.03,230.72,0.077,True,0.9591,,,,,,,,,,,,,,,,
2026-01-27,a3986d20c19f33c7c107fw,2026-01-27 00:50:00.000,53,True,96,154,363,2317,36.32,231.74,0.154,True,0.9651,,,,,,,,,,,,,,,,
2026-01-27,a3986d20c19f33c7c107fw,2026-01-27 01:00:00.000,54,True,97,153,360,2304,36.08,230.49,0.154,True,0.9712,,,,,,,,,,,,,,,,
2026-01-27,a3986d20c19f33c7c107fw,2026-01-27 01:10:00.000,55,True,97,147,345,2308,34.59,230.82,0.147,True,0.9769,,,,,,,,,,,,,,,,
2026-01-27,a3986d20c19f33c7c107fw,2026-01-27 01:20:00.000,56,True,99,452,1065,2315,106.59,231.55,0.453,True,0.9947,,,,,,,,,,,,,,,,
2026-01-27,a3986d20c19f33c7c107fw,2026-01-27 01:30:00.000,57,True,101,606,1427,2315,142.78,231.5,0.607,True,1.0185,,,,,,,,,,,,,,,,
2026-01-27,a3986d20c19f33c7c107fw,2026-01-27 01:40:00.000,58,True,103,463,1085,2301,108.52,230.16,0.464,True,1.0366,,,,,,,,,,,,,,,,
2026-01-27,a3986d20c19f33c7c107fw,2026-01-27 01:50:00.000,59,True,104,310,727,2302,72.75,230.24,0.311,True,1.0487,,,,,,,,,,,,,,,,
2026-01-27,a3986d20c19f33c7c107fw,2026-01-27 02:00:00.000,60,True,105,153,357,2297,35.75,229.7,0.153,True,1.0547,,,,,,,,,,,,,,,,
2026-01-27,a3986d20c19f33c7c107fw,2026-01-27 02:10:00.000,61,True,106,312,727,2287,72.76,228.76,0.313,True,1.0668,,,,,,,,,,,,,,,,
2026-01-27,a3986d20c19f33c7c107fw,2026-01-27 02:20:00.000,62,True,107,149,348,2296,34.84,229.62,0.149,True,1.0726,,,,,,,,,,,,,,,,
2026-01-27,a3986d20c19f33c7c107fw,2026-01-27 02:30:00.000,63,True,109,542,1258,2282,125.86,228.26,0.542,True,1.0936,,,,,,,,,,,,,,,,
2026-01-27,a3986d20c19f33c7c107fw,2026-01-27 02:40:00.000,64,True,111,458,1065,2286,106.53,228.6,0.458,True,1.1113,,,,,,,,,,,,,,,,
2026-01-27,a3986d20c19f33c7c107fw,2026-01-27 02:50:00.000,65,True,113,536,1248,2290,124.85,229.03,0.536,True,1.1321,,,,,,,,,,,,,,,,
2026-01-27,a3986d20c19f33c7c107fw,2026-01-27 03:00:00.000,66,True,115,528,1230,2291,123.03,229.1,0.528,True,1.1526,,,,,,,,,,,,,,,,
2026-01-27,a3986d20c19f33c7c107fw,2026-01-27 03:10:00.000,67,True,117,604,1404,2286,140.46,228.66,0.604,True,1.176,,,,,,,,,,,,,,,,
2026-01-27,a3986d20c19f33c7c107fw,2026-01-27 03:20:00.000,68,True,119,594,1389,2300,138.96,230.09,0.594,True,1.1992,,,,,,,,,,,,,,,,
2026-01-27,a3986d20c19f33c7c107fw,2026-01-27 03:30:00.000,69,True,121,288,675,2300,67.55,230.0,0.289,True,1.2105,,,,,,,,,,,,,,,,
2026-01-27,a3986d20c19f33c7c107fw,2026-01-27 03:40:00.000,70,True,122,287,673,2304,67.33,230.42,0.287,True,1.2217,,,,,,,,,,,,,,,,
2026-01-27,a3986d20c19f33c7c107fw,2026-01-27 03:50:00.000,71,False,122,0,0,2310,0.0,231.03,0.0,False,1.2217,,,,,,,,,,,,,,,,
2026-01-27,a3986d20c19f33c7c107fw,2026-01-27 04:00:00.000,72,True,122,75,176,2315,17.66,231.52,0.075,True,1.2246,,,,,,,,,,,,,,,,
2026-01-27,a3986d20c19f33c7c107fw,2026-01-27 04:10:00.000,73,True,123,333,774,2282,77.46,228.22,0.334,True,1.2375,,,,,,,,,,,,,,,,
2026-01-27,a3986d20c19f33c7c107fw,2026-01-27 04:20:00.000,74,True,124,229,535,2293,53.59,229.38,0.23,True,1.2465,,,,,,,,,,,,,,,,
2026-01-27,a3986d20c19f33c7c107fw,2026-01-27 04:30:00.000,75,True,125,231,535,2276,53.59,227.65,0.232,True,1.2554,,,,,,,,,,,,,,,,
2026-01-27,a3986d20c19f33c7c107fw,2026-01-27 04:40:00.000,76,True,126,306,706,2266,70.6,226.6,0.306,True,1.2672,,,,,,,,,,,,,,,,
2026-01-27,a3986d20c19f33c7c107fw,2026-01-27 04:50:00.000,77,True,128,403,936,2282,93.65,228.22,0.404,True,1.2828,,,,,,,,,,,,,,,,
2026-01-27,a3986d20c19f33c7c107fw,2026-01-27 05:00:00.000,78,True,129,403,936,2282,93.65,228.22,0.404,True,1.2984,,,,,,,,,,,,,,,,
2026-01-27,a3986d20c19f33c7c107fw,2026-01-27 05:10:00.000,79,True,131,394,913,2278,91.32,227.8,0.394,True,1.3136,,,,,,,,,,,,,,,,
2026-01-27,a3986d20c19f33c7c107fw,2026-01-27 05:20:00.000,80,False,131,0,0,2279,0.0,227.93,0.0,False,1.3136,,,,,,,,,,,,,,,,
2026-01-27,a3986d20c19f33c7c107fw,2026-01-27 05:30:00.000,81,False,131,0,0,2279,0.0,227.93,0.0,False,1.3136,,,,,,,,,,,,,,,,
2026-01-27,a3986d20c19f33c7c107fw,2026-01-27 05:40:00.000,82,False,131,0,0,2295,0.0,229.57,0.0,False,1.3136,,,,,,,,,,,,,,,,
2026-01-27,a3986d20c19f33c7c107fw,2026-01-27 05:50:00.000,83,True,132,387,900,2285,90.0,228.54,0.387,True,1.3286,,,,,,,,,,,,,,,,
2026-01-27,a3986d20c19f33c7c107fw,2026-01-27 06:00:00.000,84,True,134,318,735,2267,73.51,226.78,0.319,True,1.3409,,,,,,,,,,,,,,,,
2026-01-27,a3986d20c19f33c7c107fw,2026-01-27 06:10:00.000,85,True,135,320,742,2281,74.22,228.12,0.32,True,1.3532,,,,,,,,,,,,,,,,
2026-01-27,a3986d20c19f33c7c107fw,2026-01-27 06:20:00.000,86,True,136,318,737,2277,73.76,227.7,0.319,True,1.3655,,,,,,,,,,,,,,,,
2026-01-27,a3986d20c19f33c7c107fw,2026-01-27 06:30:00.000,87,True,137,232,537,2275,53.76,227.54,0.232,True,1.3745,,,,,,,,,,,,,,,,
2026-01-27,a3986d20c19f33c7c107fw,2026-01-27 06:40:00.000,88,True,139,467,1086,2287,108.61,228.7,0.467,True,1.3926,,,,,,,,,,,,,,,,
2026-01-27,a3986d20c19f33c7c107fw,2026-01-27 06:50:00.000,89,True,141,613,1422,2281,142.29,228.1,0.614,True,1.4163,,,,,,,,,,,,,,,,
2026-01-27,a3986d20c19f33c7c107fw,2026-01-27 07:00:00.000,90,True,142,312,724,2284,72.46,228.43,0.312,True,1.4284,,,,,,,,,,,,,,,,
2026-01-27,a3986d20c19f33c7c107fw,2026-01-27 07:10:00.000,91,True,144,313,728,2289,72.9,228.9,0.313,True,1.4405,,,,,,,,,,,,,,,,
2026-01-27,a3986d20c19f33c7c107fw,2026-01-27 07:20:00.000,92,True,145,380,879,2276,87.95,227.64,0.38,True,1.4552,,,,,,,,,,,,,,,,
2026-01-27,a3986d20c19f33c7c107fw,2026-01-27 07:30:00.000,93,True,146,301,699,2280,69.92,228.05,0.302,True,1.4668,,,,,,,,,,,,,,,,
2026-01-27,a3986d20c19f33c7c107fw,2026-01-27 07:40:00.000,94,True,147,301,699,2283,69.94,228.3,0.301,True,1.4785,,,,,,,,,,,,,,,,
2026-01-27,a3986d20c19f33c7c107fw,2026-01-27 07:50:00.000,95,True,149,379,880,2281,88.06,228.19,0.38,True,1.4932,,,,,,,,,,,,,,,,
2026-01-27,a3986d20c19f33c7c107fw,2026-01-27 08:00:00.000,96,True,150,378,878,2284,87.85,228.49,0.378,True,1.5078,,,,,,,,,,,,,,,,
2026-01-27,a3986d20c19f33c7c107fw,2026-01-27 08:10:00.000,97,True,152,451,1051,2293,105.2,229.31,0.451,True,1.5253,,,,,,,,,,,,,,,,
2026-01-27,a3986d20c19f33c7c107fw,2026-01-27 08:20:00.000,98,True,154,376,880,2299,88.01,229.9,0.377,True,1.54,,,,,,,,,,,,,,,,
2026-01-27,a3986d20c19f33c7c107fw,2026-01-27 08:30:00.000,99,True,155,381,892,2300,89.25,230.0,0.382,True,1.5549,,,,,,,,,,,,,,,,
2026-01-27,a3986d20c19f33c7c107fw,2026-01-27 08:40:00.000,100,True,156,230,540,2306,54.07,230.66,0.231,True,1.5639,,,,,,,,,,,,,,,,
2026-01-27,a3986d20c19f33c7c107fw,2026-01-27 08:50:00.000,101,True,157,304,714,2304,71.46,230.48,0.305,True,1.5758,,,,,,,,,,,,,,,,
2026-01-27,a3986d20c19f33c7c107fw,2026-01-27 09:00:00.000,102,True,158,152,356,2303,35.66,230.36,0.152,True,1.5818,,,,,,,,,,,,,,,,
2026-01-27,a3986d20c19f33c7c107fw,2026-01-27 09:10:00.000,103,True,158,152,356,2304,35.66,230.41,0.152,True,1.5877,,,,,,,,,,,,,,,,
2026-01-27,a3986d20c19f33c7c107fw,2026-01-27 09:20:00.000,104,True,160,458,1076,2309,107.68,230.97,0.459,True,1.6056,,,,,,,,,,,,,,,,
2026-01-27,a3986d20c19f33c7c107fw,2026-01-27 09:30:00.000,105,True,161,232,544,2305,54.41,230.57,0.232,True,1.6147,,,,,,,,,,,,,,,,
2026-01-27,a3986d20c19f33c7c107fw,2026-01-27 09:40:00.000,106,True,162,232,544,2306,54.41,230.63,0.232,True,1.6238,,,,,,,,,,,,,,,,
2026-01-27,a3986d20c19f33c7c107fw,2026-01-27 09:50:00.000,107,True,164,464,1087,2303,108.79,230.35,0.465,True,1.6419,,,,,,,,,,,,,,,,
2026-01-27,a3986d20c19f33c7c107fw,2026-01-27 10:00:00.000,108,True,165,311,729,2307,73.0,230.7,0.311,True,1.6541,,,,,,,,,,,,,,,,
2026-01-27,a3986d20c19f33c7c107fw,2026-01-27 10:10:00.000,109,True,166,233,546,2304,54.63,230.4,0.233,True,1.6632,,,,,,,,,,,,,,,,
2026-01-27,a3986d20c19f33c7c107fw,2026-01-27 10:20:00.000,110,True,166,155,363,2302,36.4,230.27,0.155,True,1.6693,,,,,,,,,,,,,,,,
2026-01-27,a3986d20c19f33c7c107fw,2026-01-27 10:30:00.000,111,True,167,0,591,2303,59.12,230.33,0.0,True,1.6791,,,,,,,,,,,,,,,,
2026-01-27,a3986d20c19f33c7c107fw,2026-01-27 10:40:00.000,112,True,168,75,175,2302,17.58,230.2,0.075,True,1.682,,,,,,,,,,,,,,,,
2026-01-27,a3986d20c19f33c7c107fw,2026-01-27 10:50:00.000,113,True,168,155,363,2303,36.36,230.32,0.155,True,1.6881,,,,,,,,,,,,,,,,
2026-01-27,a3986d20c19f33c7c107fw,2026-01-27 11:00:00.000,114,False,168,0,0,2304,0.0,230.47,0.0,False,1.6881,,,,,,,,,,,,,,,,
2026-01-27,a3986d20c19f33c7c107fw,2026-01-27 11:10:00.000,115,True,169,235,549,2300,54.98,230.0,0.235,True,1.6973,,,,,,,,,,,,,,,,
2026-01-27,a3986d20c19f33c7c107fw,2026-01-27 11:20:00.000,116,True,171,389,912,2302,91.22,230.22,0.39,True,1.7125,,,,,,,,,,,,,,,,
2026-01-27,a3986d20c19f33c7c107fw,2026-01-27 11:30:00.000,117,True,172,392,918,2301,91.82,230.13,0.392,True,1.7278,,,,,,,,,,,,,,,,
2026-01-27,a3986d20c19f33c7c107fw,2026-01-27 11:40:00.000,118,True,174,315,736,2298,73.69,229.84,0.315,True,1.74,,,,,,,,,,,,,,,,
2026-01-27,a3986d20c19f33c7c107fw,2026-01-27 11:50:00.000,119,True,174,152,358,2311,35.83,231.12,0.152,True,1.746,,,,,,,,,,,,,,,,
2026-01-27,a3986d20c19f33c7c107fw,2026-01-27 12:00:00.000,120,True,174,73,171,2306,17.12,230.64,0.073,True,1.7489,,,,,,,,,,,,,,,,
2026-01-27,a3986d20c19f33c7c107fw,2026-01-27 12:10:00.000,121,True,175,76,178,2301,17.84,230.18,0.076,True,1.7518,,,,,,,,,,,,,,,,
2026-01-27,a3986d20c19f33c7c107fw,2026-01-27 12:20:00.000,122,True,175,154,361,2306,36.17,230.63,0.154,True,1.7579,,,,,,,,,,,,,,,,
2026-01-27,a3986d20c19f33c7c107fw,2026-01-27 12:30:00.000,123,True,176,154,361,2306,36.17,230.63,0.154,True,1.7639,,,,,,,,,,,,,,,,
2026-01-27,a3986d20c19f33c7c107fw,2026-01-27 12:40:00.000,124,True,178,468,1091,2293,109.17,229.34,0.468,True,1.7821,,,,,,,,,,,,,,,,
2026-01-27,a3986d20c19f33c7c107fw,2026-01-27 12:50:00.000,125,True,180,545,1269,2287,126.96,228.73,0.546,True,1.8033,,,,,,,,,,,,,,,,
2026-01-27,a3986d20c19f33c7c107fw,2026-01-27 13:00:00.000,126,True,182,465,1082,2288,108.2,228.86,0.465,True,1.8213,,,,,,,,,,,,,,,,
2026-01-27,a3986d20c19f33c7c107fw,2026-01-27 13:10:00.000,127,True,183,465,1082,2288,108.2,228.86,0.465,True,1.8393,,,,,,,,,,,,,,,,
2026-01-27,a3986d20c19f33c7c107fw,2026-01-27 13:20:00.000,128,True,185,301,700,2280,70.01,228.09,0.302,True,1.851,,,,,,,,,,,,,,,,
2026-01-27,a3986d20c19f33c7c107fw,2026-01-27 13:30:00.000,129,True,185,227,525,2274,52.5,227.47,0.227,True,1.8597,,,,,,,,,,,,,,,,
2026-01-27,a3986d20c19f33c7c107fw,2026-01-27 13:40:00.000,130,True,186,72,167,2273,16.73,227.37,0.072,True,1.8625,,,,,,,,,,,,,,,,
2026-01-27,a3986d20c19f33c7c107fw,2026-01-27 13:50:00.000,131,True,186,72,167,2273,16.73,227.37,0.072,True,1.8653,,,,,,,,,,,,,,,,
2026-01-27,a3986d20c19f33c7c107fw,2026-01-27 14:00:00.000,132,True,187,303,699,2270,69.97,227.03,0.303,True,1.877,,,,,,,,,,,,,,,,
2026-01-27,a3986d20c19f33c7c107fw,2026-01-27 14:10:00.000,133,True,188,316,728,2266,72.86,226.64,0.316,True,1.8891,,,,,,,,,,,,,,,,
2026-01-27,a3986d20c19f33c7c107fw,2026-01-27 14:20:00.000,134,True,190,316,728,2266,72.86,226.64,0.316,True,1.9013,,,,,,,,,,,,,,,,
2026-01-27,a3986d20c19f33c7c107fw,2026-01-27 14:30:00.000,135,True,191,392,905,2268,90.57,226.83,0.393,True,1.9164,,,,,,,,,,,,,,,,
2026-01-27,a3986d20c19f33c7c107fw,2026-01-27 14:40:00.000,136,True,193,388,896,2268,89.64,226.87,0.389,True,1.9313,,,,,,,,,,,,,,,,
2026-01-27,a3986d20c19f33c7c107fw,2026-01-27 14:50:00.000,137,True,194,308,712,2269,71.22,226.95,0.309,True,1.9432,,,,,,,,,,,,,,,,
2026-01-27,a3986d20c19f33c7c107fw,2026-01-27 15:00:00.000,138,True,195,302,701,2282,70.11,228.2,0.302,True,1.9549,,,,,,,,,,,,,,,,
2026-01-27,a3986d20c19f33c7c107fw,2026-01-27 15:10:00.000,139,True,196,381,885,2279,88.53,227.94,0.382,True,1.9696,,,,,,,,,,,,,,,,
2026-01-27,a3986d20c19f33c7c107fw,2026-01-27 15:20:00.000,140,True,198,385,892,2279,89.23,227.9,0.385,True,1.9845,,,,,,,,,,,,,,,,
2026-01-27,a3986d20c19f33c7c107fw,2026-01-27 15:30:00.000,141,True,199,383,888,2279,88.87,227.97,0.383,True,1.9993,,,,,,,,,,,,,,,,
2026-01-27,a3986d20c19f33c7c107fw,2026-01-27 15:40:00.000,142,True,201,378,877,2278,87.75,227.81,0.379,True,2.0139,,,,,,,,,,,,,,,,
2026-01-27,a3986d20c19f33c7c107fw,2026-01-27 15:50:00.000,143,True,202,157,364,2284,36.49,228.48,0.157,True,2.02,,,,,,,,,,,,,,,,
2026-01-28,a3986d20c19f33c7c107fw,2026-01-27 16:00:00.000,0,True,1,308,730,2284,73.04,228.4,0.308,True,0.0122,,,,,,,,,,,,,,,,
2026-01-28,a3986d20c19f33c7c107fw,2026-01-27 16:10:00.000,1,True,2,231,549,2284,54.94,228.45,0.232,True,0.0213,,,,,,,,,,,,,,,,
2026-01-28,a3986d20c19f33c7c107fw,2026-01-27 16:20:00.000,2,True,4,687,1626,2282,162.63,228.22,0.687,True,0.0484,,,,,,,,,,,,,,,,
2026-01-28,a3986d20c19f33c7c107fw,2026-01-27 16:30:00.000,3,True,6,380,897,2271,89.77,227.19,0.381,True,0.0634,,,,,,,,,,,,,,,,
2026-01-28,a3986d20c19f33c7c107fw,2026-01-27 16:40:00.000,4,True,9,849,2014,2287,201.44,228.73,0.849,True,0.097,,,,,,,,,,,,,,,,
2026-01-28,a3986d20c19f33c7c107fw,2026-01-27 16:50:00.000,5,True,12,768,1819,2282,181.92,228.29,0.768,True,0.1273,,,,,,,,,,,,,,,,
2026-01-28,a3986d20c19f33c7c107fw,2026-01-27 17:00:00.000,6,True,16,840,1987,2281,198.78,228.13,0.84,True,0.1604,,,,,,,,,,,,,,,,
2026-01-28,a3986d20c19f33c7c107fw,2026-01-27 17:10:00.000,7,True,17,457,1079,2273,107.93,227.36,0.458,True,0.1784,,,,,,,,,,,,,,,,
2026-01-28,a3986d20c19f33c7c107fw,2026-01-27 17:20:00.000,8,True,19,463,1100,2288,110.02,228.81,0.464,True,0.1967,,,,,,,,,,,,,,,,
2026-01-28,a3986d20c19f33c7c107fw,2026-01-27 17:30:00.000,9,True,21,488,1162,2295,116.29,229.59,0.488,True,0.2161,,,,,,,,,,,,,,,,
2026-01-28,a3986d20c19f33c7c107fw,2026-01-27 17:40:00.000,10,True,23,399,950,2294,95.02,229.4,0.399,True,0.232,,,,,,,,,,,,,,,,
2026-01-28,a3986d20c19f33c7c107fw,2026-01-27 17:50:00.000,11,True,25,455,1083,2296,108.35,229.61,0.455,True,0.25,,,,,,,,,,,,,,,,
2026-01-28,a3986d20c19f33c7c107fw,2026-01-27 18:00:00.000,12,True,28,841,1994,2284,199.45,228.47,0.842,True,0.2833,,,,,,,,,,,,,,,,
2026-01-28,a3986d20c19f33c7c107fw,2026-01-27 18:10:00.000,13,True,30,614,1458,2289,145.84,228.93,0.614,True,0.3076,,,,,,,,,,,,,,,,
2026-01-28,a3986d20c19f33c7c107fw,2026-01-27 18:20:00.000,14,True,33,714,1695,2287,169.53,228.77,0.715,True,0.3358,,,,,,,,,,,,,,,,
2026-01-28,a3986d20c19f33c7c107fw,2026-01-27 18:30:00.000,15,True,36,625,1482,2286,148.26,228.65,0.625,True,0.3605,,,,,,,,,,,,,,,,
2026-01-28,a3986d20c19f33c7c107fw,2026-01-27 18:40:00.000,16,True,38,611,1452,2291,145.29,229.16,0.611,True,0.3847,,,,,,,,,,,,,,,,
2026-01-28,a3986d20c19f33c7c107fw,2026-01-27 18:50:00.000,17,True,40,543,1297,2302,129.72,230.23,0.543,True,0.4064,,,,,,,,,,,,,,,,
2026-01-28,a3986d20c19f33c7c107fw,2026-01-27 19:00:00.000,18,True,43,622,1486,2302,148.61,230.21,0.622,True,0.4311,,,,,,,,,,,,,,,,
2026-01-28,a3986d20c19f33c7c107fw,2026-01-27 19:10:00.000,19,True,44,454,1085,2305,108.57,230.52,0.454,True,0.4492,,,,,,,,,,,,,,,,
2026-01-28,a3986d20c19f33c7c107fw,2026-01-27 19:20:00.000,20,True,46,454,1085,2303,108.57,230.3,0.455,True,0.4673,,,,,,,,,,,,,,,,
2026-01-28,a3986d20c19f33c7c107fw,2026-01-27 19:30:00.000,21,True,49,610,1456,2302,145.7,230.27,0.61,True,0.4916,,,,,,,,,,,,,,,,
2026-01-28,a3986d20c19f33c7c107fw,2026-01-27 19:40:00.000,22,True,50,451,1079,2305,107.93,230.5,0.451,True,0.5096,,,,,,,,,,,,,,,,
2026-01-28,a3986d20c19f33c7c107fw,2026-01-27 19:50:00.000,23,True,52,450,1076,2300,107.61,230.07,0.451,True,0.5275,,,,,,,,,,,,,,,,
2026-01-28,a3986d20c19f33c7c107fw,2026-01-27 20:00:00.000,24,True,54,529,1267,2307,126.79,230.74,0.53,True,0.5487,,,,,,,,,,,,,,,,
2026-01-28,a3986d20c19f33c7c107fw,2026-01-27 20:10:00.000,25,True,56,531,1267,2301,126.79,230.11,0.531,True,0.5698,,,,,,,,,,,,,,,,
2026-01-28,a3986d20c19f33c7c107fw,2026-01-27 20:20:00.000,26,True,57,151,362,2303,36.28,230.32,0.152,True,0.5758,,,,,,,,,,,,,,,,
2026-01-28,a3986d20c19f33c7c107fw,2026-01-27 20:30:00.000,27,True,58,158,379,2309,37.92,230.9,0.158,True,0.5822,,,,,,,,,,,,,,,,
2026-01-28,a3986d20c19f33c7c107fw,2026-01-27 20:40:00.000,28,True,58,152,365,2304,36.51,230.4,0.153,True,0.5882,,,,,,,,,,,,,,,,
2026-01-28,a3986d20c19f33c7c107fw,2026-01-27 20:50:00.000,29,True,59,231,554,2312,55.46,231.27,0.231,True,0.5975,,,,,,,,,,,,,,,,
2026-01-28,a3986d20c19f33c7c107fw,2026-01-27 21:00:00.000,30,True,61,539,1292,2308,129.25,230.82,0.54,True,0.619,,,,,,,,,,,,,,,,
2026-01-28,a3986d20c19f33c7c107fw,2026-01-27 21:10:00.000,31,True,64,607,1448,2297,144.82,229.7,0.608,True,0.6432,,,,,,,,,,,,,,,,
2026-01-28,a3986d20c19f33c7c107fw,2026-01-27 21:20:00.000,32,True,66,607,1448,2300,144.82,230.05,0.607,True,0.6673,,,,,,,,,,,,,,,,
2026-01-28,a3986d20c19f33c7c107fw,2026-01-27 21:30:00.000,33,True,68,453,1080,2296,108.05,229.67,0.454,True,0.6853,,,,,,,,,,,,,,,,
2026-01-28,a3986d20c19f33c7c107fw,2026-01-27 21:40:00.000,34,True,70,530,1264,2297,126.43,229.74,0.531,True,0.7064,,,,,,,,,,,,,,,,
2026-01-28,a3986d20c19f33c7c107fw,2026-01-27 21:50:00.000,35,True,71,309,740,2305,74.0,230.52,0.31,True,0.7187,,,,,,,,,,,,,,,,
2026-01-28,a3986d20c19f33c7c107fw,2026-01-27 22:00:00.000,36,True,72,231,550,2295,55.07,229.54,0.231,True,0.7279,,,,,,,,,,,,,,,,
2026-01-28,a3986d20c19f33c7c107fw,2026-01-27 22:10:00.000,37,True,73,155,372,2307,37.3,230.78,0.156,True,0.7341,,,,,,,,,,,,,,,,
2026-01-28,a3986d20c19f33c7c107fw,2026-01-27 22:20:00.000,38,True,75,448,1072,2304,107.24,230.42,0.449,True,0.752,,,,,,,,,,,,,,,,
2026-01-28,a3986d20c19f33c7c107fw,2026-01-27 22:30:00.000,39,True,78,757,1807,2301,180.76,230.1,0.757,True,0.7821,,,,,,,,,,,,,,,,
2026-01-28,a3986d20c19f33c7c107fw,2026-01-27 22:40:00.000,40,True,80,604,1443,2301,144.39,230.18,0.605,True,0.8062,,,,,,,,,,,,,,,,
2026-01-28,a3986d20c19f33c7c107fw,2026-01-27 22:50:00.000,41,True,82,526,1257,2301,125.74,230.17,0.527,True,0.8271,,,,,,,,,,,,,,,,
2026-01-28,a3986d20c19f33c7c107fw,2026-01-27 23:00:00.000,42,True,84,523,1247,2297,124.72,229.74,0.523,True,0.8479,,,,,,,,,,,,,,,,
2026-01-28,a3986d20c19f33c7c107fw,2026-01-27 23:10:00.000,43,True,86,380,907,2301,90.77,230.15,0.38,True,0.863,,,,,,,,,,,,,,,,
2026-01-28,a3986d20c19f33c7c107fw,2026-01-27 23:20:00.000,44,True,86,156,375,2312,37.5,231.24,0.156,True,0.8693,,,,,,,,,,,,,,,,
2026-01-28,a3986d20c19f33c7c107fw,2026-01-27 23:30:00.000,45,True,87,79,189,2301,18.95,230.1,0.079,True,0.8725,,,,,,,,,,,,,,,,
2026-01-28,a3986d20c19f33c7c107fw,2026-01-27 23:40:00.000,46,True,88,0,591,2300,59.14,230.01,0.0,True,0.8823,,,,,,,,,,,,,,,,
2026-01-28,a3986d20c19f33c7c107fw,2026-01-27 23:50:00.000,47,True,89,0,591,2297,59.14,229.73,0.0,True,0.8922,,,,,,,,,,,,,,,,
2026-01-28,a3986d20c19f33c7c107fw,2026-01-28 00:00:00.000,48,True,90,231,549,2293,54.99,229.38,0.231,True,0.9013,,,,,,,,,,,,,,,,
2026-01-28,a3986d20c19f33c7c107fw,2026-01-28 00:10:00.000,49,True,92,691,1651,2302,165.13,230.29,0.691,True,0.9289,,,,,,,,,,,,,,,,
2026-01-28,a3986d20c19f33c7c107fw,2026-01-28 00:20:00.000,50,True,95,616,1472,2304,147.23,230.45,0.616,True,0.9534,,,,,,,,,,,,,,,,
2026-01-28,a3986d20c19f33c7c107fw,2026-01-28 00:30:00.000,51,True,97,539,1291,2307,129.11,230.76,0.539,True,0.9749,,,,,,,,,,,,,,,,
2026-01-28,a3986d20c19f33c7c107fw,2026-01-28 00:40:00.000,52,True,97,76,184,2307,18.4,230.72,0.077,True,0.978,,,,,,,,,,,,,,,,
2026-01-28,a3986d20c19f33c7c107fw,2026-01-28 00:50:00.000,53,True,98,154,370,2317,37.05,231.74,0.154,True,0.9842,,,,,,,,,,,,,,,,
2026-01-28,a3986d20c19f33c7c107fw,2026-01-28 01:00:00.000,54,True,99,153,368,2304,36.8,230.49,0.154,True,0.9903,,,,,,,,,,,,,,,,
2026-01-28,a3986d20c19f33c7c107fw,2026-01-28 01:10:00.000,55,True,99,147,352,2308,35.29,230.82,0.147,True,0.9962,,,,,,,,,,,,,,,,
2026-01-28,a3986d20c19f33c7c107fw,2026-01-28 01:20:00.000,56,True,101,452,1087,2315,108.73,231.55,0.453,True,1.0143,,,,,,,,,,,,,,,,
2026-01-28,a3986d20c19f33c7c107fw,2026-01-28 01:30:00.000,57,True,103,606,1456,2315,145.65,231.5,0.607,True,1.0386,,,,,,,,,,,,,,,,
2026-01-28,a3986d20c19f33c7c107fw,2026-01-28 01:40:00.000,58,True,105,463,1106,2301,110.7,230.16,0.464,True,1.057,,,,,,,,,,,,,,,,
2026-01-28,a3986d20c19f33c7c107fw,2026-01-28 01:50:00.000,59,True,106,310,742,2302,74.21,230.24,0.311,True,1.0694,,,,,,,,,,,,,,,,
2026-01-28,a3986d20c19f33c7c107fw,2026-01-28 02:00:00.000,60,True,107,153,364,2297,36.46,229.7,0.153,True,1.0755,,,,,,,,,,,,,,,,
2026-01-28,a3986d20c19f33c7c107fw,2026-01-28 02:10:00.000,61,True,108,312,742,2287,74.23,228.76,0.313,True,1.0878,,,,,,,,,,,,,,,,
2026-01-28,a3986d20c19f33c7c107fw,2026-01-28 02:20:00.000,62,True,109,149,355,2296,35.54,229.62,0.149,True,1.0938,,,,,,,,,,,,,,,,
2026-01-28,a3986d20c19f33c7c107fw,2026-01-28 02:30:00.000,63,True,111,542,1283,2282,128.39,228.26,0.542,True,1.1152,,,,,,,,,,,,,,,,
2026-01-28,a3986d20c19f33c7c107fw,2026-01-28 02:40:00.000,64,True,113,458,1086,2286,108.67,228.6,0.458,True,1.1333,,,,,,,,,,,,,,,,
2026-01-28,a3986d20c19f33c7c107fw,2026-01-28 02:50:00.000,65,True,115,536,1273,2290,127.36,229.03,0.536,True,1.1545,,,,,,,,,,,,,,,,
2026-01-28,a3986d20c19f33c7c107fw,2026-01-28 03:00:00.000,66,True,117,528,1255,2291,125.51,229.1,0.528,True,1.1754,,,,,,,,,,,,,,,,
2026-01-28,a3986d20c19f33c7c107fw,2026-01-28 03:10:00.000,67,True,119,604,1432,2286,143.28,228.66,0.604,True,1.1993,,,,,,,,,,,,,,,,
2026-01-28,a3986d20c19f33c7c107fw,2026-01-28 03:20:00.000,68,True,122,594,1417,2300,141.75,230.09,0.594,True,1.2229,,,,,,,,,,,,,,,,
2026-01-28,a3986d20c19f33c7c107fw,2026-01-28 03:30:00.000,69,True,123,288,689,2300,68.91,230.0,0.289,True,1.2344,,,,,,,,,,,,,,,,
2026-01-28,a3986d20c19f33c7c107fw,2026-01-28 03:40:00.000,70,True,124,287,686,2304,68.69,230.42,0.287,True,1.2458,,,,,,,,,,,,,,,,
2026-01-28,a3986d20c19f33c7c107fw,2026-01-28 03:50:00.000,71,False,124,0,0,2310,0.0,231.03,0.0,False,1.2458,,,,,,,,,,,,,,,,
2026-01-28,a3986d20c19f33c7c107fw,2026-01-28 04:00:00.000,72,True,124,75,180,2315,18.02,231.52,0.075,True,1.2489,,,,,,,,,,,,,,,,
2026-01-28,a3986d20c19f33c7c107fw,2026-01-28 04:10:00.000,73,True,126,333,790,2282,79.02,228.22,0.334,True,1.262,,,,,,,,,,,,,,,,
2026-01-28,a3986d20c19f33c7c107fw,2026-01-28 04:20:00.000,74,True,127,229,546,2293,54.67,229.38,0.23,True,1.2711,,,,,,,,,,,,,,,,
2026-01-28,a3986d20c19f33c7c107fw,2026-01-28 04:30:00.000,75,True,128,231,546,2276,54.67,227.65,0.232,True,1.2802,,,,,,,,,,,,,,,,
2026-01-28,a3986d20c19f33c7c107fw,2026-01-28 04:40:00.000,76,True,129,306,720,2266,72.01,226.6,0.306,True,1.2922,,,,,,,,,,,,,,,,
2026-01-28,a3986d20c19f33c7c107fw,2026-01-28 04:50:00.000,77,True,130,403,955,2282,95.53,228.22,0.404,True,1.3082,,,,,,,,,,,,,,,,
2026-01-28,a3986d20c19f33c7c107fw,2026-01-28 05:00:00.000,78,True,132,403,955,2282,95.53,228.22,0.404,True,1.3241,,,,,,,,,,,,,,,,
2026-01-28,a3986d20c19f33c7c107fw,2026-01-28 05:10:00.000,79,True,133,394,931,2278,93.16,227.8,0.394,True,1.3396,,,,,,,,,,,,,,,,
2026-01-28,a3986d20c19f33c7c107fw,2026-01-28 05:20:00.000,80,False,133,0,0,2279,0.0,227.93,0.0,False,1.3396,,,,,,,,,,,,,,,,
2026-01-28,a3986d20c19f33c7c107fw,2026-01-28 05:30:00.000,81,False,133,0,0,2279,0.0,227.93,0.0,False,1.3396,,,,,,,,,,,,,,,,
2026-01-28,a3986d20c19f33c7c107fw,2026-01-28 05:40:00.000,82,False,133,0,0,2295,0.0,229.57,0.0,False,1.3396,,,,,,,,,,,,,,,,
2026-01-28,a3986d20c19f33c7c107fw,2026-01-28 05:50:00.000,83,True,135,387,918,2285,91.81,228.54,0.387,True,1.3549,,,,,,,,,,,,,,,,
2026-01-28,a3986d20c19f33c7c107fw,2026-01-28 06:00:00.000,84,True,136,318,749,2267,74.98,226.78,0.319,True,1.3674,,,,,,,,,,,,,,,,
2026-01-28,a3986d20c19f33c7c107fw,2026-01-28 06:10:00.000,85,True,138,320,757,2281,75.71,228.12,0.32,True,1.38,,,,,,,,,,,,,,,,
2026-01-28,a3986d20c19f33c7c107fw,2026-01-28 06:20:00.000,86,True,139,318,752,2277,75.25,227.7,0.319,True,1.3926,,,,,,,,,,,,,,,,
2026-01-28,a3986d20c19f33c7c107fw,2026-01-28 06:30:00.000,87,True,140,232,548,2275,54.84,227.54,0.232,True,1.4017,,,,,,,,,,,,,,,,
2026-01-28,a3986d20c19f33c7c107fw,2026-01-28 06:40:00.000,88,True,142,467,1107,2287,110.8,228.7,0.467,True,1.4202,,,,,,,,,,,,,,,,
2026-01-28,a3986d20c19f33c7c107fw,2026-01-28 06:50:00.000,89,True,144,613,1451,2281,145.15,228.1,0.614,True,1.4444,,,,,,,,,,,,,,,,
2026-01-28,a3986d20c19f33c7c107fw,2026-01-28 07:00:00.000,90,True,145,312,739,2284,73.92,228.43,0.312,True,1.4567,,,,,,,,,,,,,,,,
2026-01-28,a3986d20c19f33c7c107fw,2026-01-28 07:10:00.000,91,True,146,313,743,2289,74.36,228.9,0.313,True,1.4691,,,,,,,,,,,,,,,,
2026-01-28,a3986d20c19f33c7c107fw,2026-01-28 07:20:00.000,92,True,148,380,897,2276,89.71,227.64,0.38,True,1.484,,,,,,,,,,,,,,,,
2026-01-28,a3986d20c19f33c7c107fw,2026-01-28 07:30:00.000,93,True,149,301,713,2280,71.33,228.05,0.302,True,1.4959,,,,,,,,,,,,,,,,
2026-01-28,a3986d20c19f33c7c107fw,2026-01-28 07:40:00.000,94,True,150,301,713,2283,71.35,228.3,0.301,True,1.5078,,,,,,,,,,,,,,,,
2026-01-28,a3986d20c19f33c7c107fw,2026-01-28 07:50:00.000,95,True,152,379,898,2281,89.83,228.19,0.38,True,1.5228,,,,,,,,,,,,,,,,
2026-01-28,a3986d20c19f33c7c107fw,2026-01-28 08:00:00.000,96,True,153,378,896,2284,89.61,228.49,0.378,True,1.5377,,,,,,,,,,,,,,,,
2026-01-28,a3986d20c19f33c7c107fw,2026-01-28 08:10:00.000,97,True,155,451,1073,2293,107.31,229.31,0.451,True,1.5556,,,,,,,,,,,,,,,,
2026-01-28,a3986d20c19f33c7c107fw,2026-01-28 08:20:00.000,98,True,157,376,897,2299,89.78,229.9,0.377,True,1.5706,,,,,,,,,,,,,,,,
2026-01-28,a3986d20c19f33c7c107fw,2026-01-28 08:30:00.000,99,True,158,381,910,2300,91.04,230.0,0.382,True,1.5857,,,,,,,,,,,,,,,,
2026-01-28,a3986d20c19f33c7c107fw,2026-01-28 08:40:00.000,100,True,159,230,551,2306,55.16,230.66,0.231,True,1.5949,,,,,,,,,,,,,,,,
2026-01-28,a3986d20c19f33c7c107fw,2026-01-28 08:50:00.000,101,True,160,304,728,2304,72.9,230.48,0.305,True,1.6071,,,,,,,,,,,,,,,,
2026-01-28,a3986d20c19f33c7c107fw,2026-01-28 09:00:00.000,102,True,161,152,363,2303,36.38,230.36,0.152,True,1.6132,,,,,,,,,,,,,,,,
2026-01-28,a3986d20c19f33c7c107fw,2026-01-28 09:10:00.000,103,True,161,152,363,2304,36.38,230.41,0.152,True,1.6192,,,,,,,,,,,,,,,,
2026-01-28,a3986d20c19f33c7c107fw,2026-01-28 09:20:00.000,104,True,163,458,1098,2309,109.85,230.97,0.459,True,1.6375,,,,,,,,,,,,,,,,
2026-01-28,a3986d20c19f33c7c107fw,2026-01-28 09:30:00.000,105,True,164,232,555,2305,55.5,230.57,0.232,True,1.6468,,,,,,,,,,,,,,,,
2026-01-28,a3986d20c19f33c7c107fw,2026-01-28 09:40:00.000,106,True,165,232,555,2306,55.5,230.63,0.232,True,1.656,,,,,,,,,,,,,,,,
2026-01-28,a3986d20c19f33c7c107fw,2026-01-28 09:50:00.000,107,True,167,464,1109,2303,110.97,230.35,0.465,True,1.6745,,,,,,,,,,,,,,,,
2026-01-28,a3986d20c19f33c7c107fw,2026-01-28 10:00:00.000,108,True,168,311,744,2307,74.47,230.7,0.311,True,1.6869,,,,,,,,,,,,,,,,
2026-01-28,a3986d20c19f33c7c107fw,2026-01-28 10:10:00.000,109,True,169,233,557,2304,55.72,230.4,0.233,True,1.6962,,,,,,,,,,,,,,,,
2026-01-28,a3986d20c19f33c7c107fw,2026-01-28 10:20:00.000,110,True,170,155,371,2302,37.13,230.27,0.155,True,1.7024,,,,,,,,,,,,,,,,
2026-01-28,a3986d20c19f33c7c107fw,2026-01-28 10:30:00.000,111,True,171,0,591,2303,59.14,230.33,0.0,True,1.7123,,,,,,,,,,,,,,,,
2026-01-28,a3986d20c19f33c7c107fw,2026-01-28 10:40:00.000,112,True,171,75,179,2302,17.93,230.2,0.075,True,1.7153,,,,,,,,,,,,,,,,
2026-01-28,a3986d20c19f33c7c107fw,2026-01-28 10:50:00.000,113,True,172,155,370,2303,37.09,230.32,0.155,True,1.7214,,,,,,,,,,,,,,,,
2026-01-28,a3986d20c19f33c7c107fw,2026-01-28 11:00:00.000,114,False,172,0,0,2304,0.0,230.47,0.0,False,1.7214,,,,,,,,,,,,,,,,
2026-01-28,a3986d20c19f33c7c107fw,2026-01-28 11:10:00.000,115,True,173,235,560,2300,56.08,230.0,0.235,True,1.7308,,,,,,,,,,,,,,,,
2026-01-28,a3986d20c19f33c7c107fw,2026-01-28 11:20:00.000,116,True,174,389,930,2302,93.04,230.22,0.39,True,1.7463,,,,,,,,,,,,,,,,
2026-01-28,a3986d20c19f33c7c107fw,2026-01-28 11:30:00.000,117,True,176,392,936,2301,93.66,230.13,0.392,True,1.7619,,,,,,,,,,,,,,,,
2026-01-28,a3986d20c19f33c7c107fw,2026-01-28 11:40:00.000,118,True,177,315,751,2298,75.17,229.84,0.315,True,1.7744,,,,,,,,,,,,,,,,
2026-01-28,a3986d20c19f33c7c107fw,2026-01-28 11:50:00.000,119,True,178,152,365,2311,36.55,231.12,0.152,True,1.7805,,,,,,,,,,,,,,,,
2026-01-28,a3986d20c19f33c7c107fw,2026-01-28 12:00:00.000,120,True,178,73,174,2306,17.47,230.64,0.073,True,1.7834,,,,,,,,,,,,,,,,
2026-01-28,a3986d20c19f33c7c107fw,2026-01-28 12:10:00.000,121,True,178,76,181,2301,18.2,230.18,0.076,True,1.7865,,,,,,,,,,,,,,,,
2026-01-28,a3986d20c19f33c7c107fw,2026-01-28 12:20:00.000,122,True,179,154,369,2306,36.9,230.63,0.154,True,1.7926,,,,,,,,,,,,,,,,
2026-01-28,a3986d20c19f33c7c107fw,2026-01-28 12:30:00.000,123,True,179,154,369,2306,36.9,230.63,0.154,True,1.7988,,,,,,,,,,,,,,,,
2026-01-28,a3986d20c19f33c7c107fw,2026-01-28 12:40:00.000,124,True,181,468,1113,2293,111.36,229.34,0.468,True,1.8173,,,,,,,,,,,,,,,,
2026-01-28,a3986d20c19f33c7c107fw,2026-01-28 12:50:00.000,125,True,183,545,1295,2287,129.51,228.73,0.546,True,1.8389,,,,,,,,,,,,,,,,
2026-01-28,a3986d20c19f33c7c107fw,2026-01-28 13:00:00.000,126,True,185,465,1103,2288,110.37,228.86,0.465,True,1.8573,,,,,,,,,,,,,,,,
2026-01-28,a3986d20c19f33c7c107fw,2026-01-28 13:10:00.000,127,True,187,465,1103,2288,110.37,228.86,0.465,True,1.8757,,,,,,,,,,,,,,,,
2026-01-28,a3986d20c19f33c7c107fw,2026-01-28 13:20:00.000,128,True,188,301,714,2280,71.41,228.09,0.302,True,1.8876,,,,,,,,,,,,,,,,
2026-01-28,a3986d20c19f33c7c107fw,2026-01-28 13:30:00.000,129,True,189,227,535,2274,53.55,227.47,0.227,True,1.8965,,,,,,,,,,,,,,,,
2026-01-28,a3986d20c19f33c7c107fw,2026-01-28 13:40:00.000,130,True,189,72,170,2273,17.07,227.37,0.072,True,1.8994,,,,,,,,,,,,,,,,
2026-01-28,a3986d20c19f33c7c107fw,2026-01-28 13:50:00.000,131,True,190,72,170,2273,17.07,227.37,0.072,True,1.9022,,,,,,,,,,,,,,,,
2026-01-28,a3986d20c19f33c7c107fw,2026-01-28 14:00:00.000,132,True,191,303,713,2270,71.37,227.03,0.303,True,1.9141,,,,,,,,,,,,,,,,
2026-01-28,a3986d20c19f33c7c107fw,2026-01-28 14:10:00.000,133,True,192,316,743,2266,74.32,226.64,0.316,True,1.9265,,,,,,,,,,,,,,,,
2026-01-28,a3986d20c19f33c7c107fw,2026-01-28 14:20:00.000,134,True,193,316,743,2266,74.32,226.64,0.316,True,1.9389,,,,,,,,,,,,,,,,
2026-01-28,a3986d20c19f33c7c107fw,2026-01-28 14:30:00.000,135,True,195,392,923,2268,92.39,226.83,0.393,True,1.9543,,,,,,,,,,,,,,,,
2026-01-28,a3986d20c19f33c7c107fw,2026-01-28 14:40:00.000,136,True,196,388,914,2268,91.44,226.87,0.389,True,1.9695,,,,,,,,,,,,,,,,
2026-01-28,a3986d20c19f33c7c107fw,2026-01-28 14:50:00.000,137,True,198,308,726,2269,72.66,226.95,0.309,True,1.9816,,,,,,,,,,,,,,,,
2026-01-28,a3986d20c19f33c7c107fw,2026-01-28 15:00:00.000,138,True,199,302,715,2282,71.52,228.2,0.302,True,1.9936,,,,,,,,,,,,,,,,
2026-01-28,a3986d20c19f33c7c107fw,2026-01-28 15:10:00.000,139,True,200,381,902,2279,90.29,227.94,0.382,True,2.0086,,,,,,,,,,,,,,,,
2026-01-28,a3986d20c19f33c7c107fw,2026-01-28 15:20:00.000,140,True,202,385,910,2279,91.02,227.9,0.385,True,2.0238,,,,,,,,,,,,,,,,
2026-01-28,a3986d20c19f33c7c107fw,2026-01-28 15:30:00.000,141,True,203,383,906,2279,90.65,227.97,0.383,True,2.0389,,,,,,,,,,,,,,,,
2026-01-28,a3986d20c19f33c7c107fw,2026-01-28 15:40:00.000,142,True,205,378,895,2278,89.51,227.81,0.379,True,2.0538,,,,,,,,,,,,,,,,
2026-01-28,a3986d20c19f33c7c107fw,2026-01-28 15:50:00.000,143,True,206,157,372,2284,37.22,228.48,0.157,True,2.06,,,,,,,,,,,,,,,,
2026-01-29,a3986d20c19f33c7c107fw,2026-01-28 16:00:00.000,0,True,1,308,683,2284,68.36,228.4,0.308,True,0.0114,,,,,,,,,,,,,,,,
2026-01-29,a3986d20c19f33c7c107fw,2026-01-28 16:10:00.000,1,True,1,231,514,2284,51.43,228.45,0.232,True,0.02,,,,,,,,,,,,,,,,
2026-01-29,a3986d20c19f33c7c107fw,2026-01-28 16:20:00.000,2,True,4,687,1522,2282,152.22,228.22,0.687,True,0.0453,,,,,,,,,,,,,,,,
2026-01-29,a3986d20c19f33c7c107fw,2026-01-28 16:30:00.000,3,True,5,380,840,2271,84.02,227.19,0.381,True,0.0593,,,,,,,,,,,,,,,,
2026-01-29,a3986d20c19f33c7c107fw,2026-01-28 16:40:00.000,4,True,9,849,1885,2287,188.54,228.73,0.849,True,0.0908,,,,,,,,,,,,,,,,
2026-01-29,a3986d20c19f33c7c107fw,2026-01-28 16:50:00.000,5,True,11,768,1702,2282,170.28,228.29,0.768,True,0.1191,,,,,,,,,,,,,,,,
2026-01-29,a3986d20c19f33c7c107fw,2026-01-28 17:00:00.000,6,True,15,840,1860,2281,186.06,228.13,0.84,True,0.1502,,,,,,,,,,,,,,,,
2026-01-29,a3986d20c19f33c7c107fw,2026-01-28 17:10:00.000,7,True,16,457,1010,2273,101.02,227.36,0.458,True,0.167,,,,,,,,,,,,,,,,
2026-01-29,a3986d20c19f33c7c107fw,2026-01-28 17:20:00.000,8,True,18,463,1029,2288,102.97,228.81,0.464,True,0.1842,,,,,,,,,,,,,,,,
2026-01-29,a3986d20c19f33c7c107fw,2026-01-28 17:30:00.000,9,True,20,488,1088,2295,108.85,229.59,0.488,True,0.2023,,,,,,,,,,,,,,,,
2026-01-29,a3986d20c19f33c7c107fw,2026-01-28 17:40:00.000,10,True,21,399,889,2294,88.94,229.4,0.399,True,0.2171,,,,,,,,,,,,,,,,
2026-01-29,a3986d20c19f33c7c107fw,2026-01-28 17:50:00.000,11,True,23,455,1014,2296,101.42,229.61,0.455,True,0.234,,,,,,,,,,,,,,,,
2026-01-29,a3986d20c19f33c7c107fw,2026-01-28 18:00:00.000,12,True,26,841,1866,2284,186.68,228.47,0.842,True,0.2651,,,,,,,,,,,,,,,,
2026-01-29,a3986d20c19f33c7c107fw,2026-01-28 18:10:00.000,13,True,28,614,1364,2289,136.5,228.93,0.614,True,0.2879,,,,,,,,,,,,,,,,
2026-01-29,a3986d20c19f33c7c107fw,2026-01-28 18:20:00.000,14,True,31,714,1586,2287,158.68,228.77,0.715,True,0.3143,,,,,,,,,,,,,,,,
2026-01-29,a3986d20c19f33c7c107fw,2026-01-28 18:30:00.000,15,True,33,625,1387,2286,138.77,228.65,0.625,True,0.3375,,,,,,,,,,,,,,,,
2026-01-29,a3986d20c19f33c7c107fw,2026-01-28 18:40:00.000,16,True,36,611,1359,2291,136.0,229.16,0.611,True,0.3601,,,,,,,,,,,,,,,,
2026-01-29,a3986d20c19f33c7c107fw,2026-01-28 18:50:00.000,17,True,38,543,1214,2302,121.41,230.23,0.543,True,0.3804,,,,,,,,,,,,,,,,
2026-01-29,a3986d20c19f33c7c107fw,2026-01-28 19:00:00.000,18,True,40,622,1390,2302,139.09,230.21,0.622,True,0.4035,,,,,,,,,,,,,,,,
2026-01-29,a3986d20c19f33c7c107fw,2026-01-28 19:10:00.000,19,True,42,454,1016,2305,101.62,230.52,0.454,True,0.4205,,,,,,,,,,,,,,,,
2026-01-29,a3986d20c19f33c7c107fw,2026-01-28 19:20:00.000,20,True,43,454,1016,2303,101.62,230.3,0.455,True,0.4374,,,,,,,,,,,,,,,,
2026-01-29,a3986d20c19f33c7c107fw,2026-01-28 19:30:00.000,21,True,46,610,1363,2302,136.37,230.27,0.61,True,0.4601,,,,,,,,,,,,,,,,
2026-01-29,a3986d20c19f33c7c107fw,2026-01-28 19:40:00.000,22,True,47,451,1010,2305,101.02,230.5,0.451,True,0.477,,,,,,,,,,,,,,,,
2026-01-29,a3986d20c19f33c7c107fw,2026-01-28 19:50:00.000,23,True,49,450,1007,2300,100.72,230.07,0.451,True,0.4938,,,,,,,,,,,,,,,,
2026-01-29,a3986d20c19f33c7c107fw,2026-01-28 20:00:00.000,24,True,51,529,1186,2307,118.68,230.74,0.53,True,0.5135,,,,,,,,,,,,,,,,
2026-01-29,a3986d20c19f33c7c107fw,2026-01-28 20:10:00.000,25,True,53,531,1186,2301,118.68,230.11,0.531,True,0.5333,,,,,,,,,,,,,,,,
2026-01-29,a3986d20c19f33c7c107fw,2026-01-28 20:20:00.000,26,True,53,151,339,2303,33.95,230.32,0.152,True,0.539,,,,,,,,,,,,,,,,
2026-01-29,a3986d20c19f33c7c107fw,2026-01-28 20:30:00.000,27,True,54,158,354,2309,35.49,230.9,0.158,True,0.5449,,,,,,,,,,,,,,,,
2026-01-29,a3986d20c19f33c7c107fw,2026-01-28 20:40:00.000,28,True,55,152,341,2304,34.17,230.4,0.153,True,0.5506,,,,,,,,,,,,,,,,
2026-01-29,a3986d20c19f33c7c107fw,2026-01-28 20:50:00.000,29,True,55,231,519,2312,51.91,231.27,0.231,True,0.5592,,,,,,,,,,,,,,,,
2026-01-29,a3986d20c19f33c7c107fw,2026-01-28 21:00:00.000,30,True,57,539,1209,2308,120.98,230.82,0.54,True,0.5794,,,,,,,,,,,,,,,,
2026-01-29,a3986d20c19f33c7c107fw,2026-01-28 21:10:00.000,31,True,60,607,1355,2297,135.55,229.7,0.608,True,0.602,,,,,,,,,,,,,,,,
2026-01-29,a3986d20c19f33c7c107fw,2026-01-28 21:20:00.000,32,True,62,607,1355,2300,135.55,230.05,0.607,True,0.6246,,,,,,,,,,,,,,,,
2026-01-29,a3986d20c19f33c7c107fw,2026-01-28 21:30:00.000,33,True,64,453,1011,2296,101.13,229.67,0.454,True,0.6414,,,,,,,,,,,,,,,,
2026-01-29,a3986d20c19f33c7c107fw,2026-01-28 21:40:00.000,34,True,66,530,1183,2297,118.34,229.74,0.531,True,0.6612,,,,,,,,,,,,,,,,
2026-01-29,a3986d20c19f33c7c107fw,2026-01-28 21:50:00.000,35,True,67,309,692,2305,69.27,230.52,0.31,True,0.6727,,,,,,,,,,,,,,,,
2026-01-29,a3986d20c19f33c7c107fw,2026-01-28 22:00:00.000,36,True,68,231,515,2295,51.55,229.54,0.231,True,0.6813,,,,,,,,,,,,,,,,
2026-01-29,a3986d20c19f33c7c107fw,2026-01-28 22:10:00.000,37,True,68,155,349,2307,34.91,230.78,0.156,True,0.6871,,,,,,,,,,,,,,,,
2026-01-29,a3986d20c19f33c7c107fw,2026-01-28 22:20:00.000,38,True,70,448,1003,2304,100.37,230.42,0.449,True,0.7039,,,,,,,,,,,,,,,,
2026-01-29,a3986d20c19f33c7c107fw,2026-01-28 22:30:00.000,39,True,73,757,1691,2301,169.18,230.1,0.757,True,0.7321,,,,,,,,,,,,,,,,
2026-01-29,a3986d20c19f33c7c107fw,2026-01-28 22:40:00.000,40,True,75,604,1351,2301,135.14,230.18,0.605,True,0.7546,,,,,,,,,,,,,,,,
2026-01-29,a3986d20c19f33c7c107fw,2026-01-28 22:50:00.000,41,True,77,526,1176,2301,117.69,230.17,0.527,True,0.7742,,,,,,,,,,,,,,,,
2026-01-29,a3986d20c19f33c7c107fw,2026-01-28 23:00:00.000,42,True,79,523,1167,2297,116.74,229.74,0.523,True,0.7936,,,,,,,,,,,,,,,,
2026-01-29,a3986d20c19f33c7c107fw,2026-01-28 23:10:00.000,43,True,80,380,849,2301,84.96,230.15,0.38,True,0.8078,,,,,,,,,,,,,,,,
2026-01-29,a3986d20c19f33c7c107fw,2026-01-28 23:20:00.000,44,True,81,156,351,2312,35.1,231.24,0.156,True,0.8137,,,,,,,,,,,,,,,,
2026-01-29,a3986d20c19f33c7c107fw,2026-01-28 23:30:00.000,45,True,81,79,177,2301,17.74,230.1,0.079,True,0.8166,,,,,,,,,,,,,,,,
2026-01-29,a3986d20c19f33c7c107fw,2026-01-28 23:40:00.000,46,True,82,0,590,2300,59.08,230.01,0.0,True,0.8265,,,,,,,,,,,,,,,,
2026-01-29,a3986d20c19f33c7c107fw,2026-01-28 23:50:00.000,47,True,83,0,590,2297,59.08,229.73,0.0,True,0.8363,,,,,,,,,,,,,,,,
2026-01-29,a3986d20c19f33c7c107fw,2026-01-29 00:00:00.000,48,True,84,231,514,2293,51.47,229.38,0.231,True,0.8449,,,,,,,,,,,,,,,,
2026-01-29,a3986d20c19f33c7c107fw,2026-01-29 00:10:00.000,49,True,87,691,1545,2302,154.57,230.29,0.691,True,0.8706,,,,,,,,,,,,,,,,
2026-01-29,a3986d20c19f33c7c107fw,2026-01-29 00:20:00.000,50,True,89,616,1377,2304,137.8,230.45,0.616,True,0.8936,,,,,,,,,,,,,,,,
2026-01-29,a3986d20c19f33c7c107fw,2026-01-29 00:30:00.000,51,True,91,539,1208,2307,120.84,230.76,0.539,True,0.9138,,,,,,,,,,,,,,,,
2026-01-29,a3986d20c19f33c7c107fw,2026-01-29 00:40:00.000,52,True,91,76,172,2307,17.22,230.72,0.077,True,0.9166,,,,,,,,,,,,,,,,
2026-01-29,a3986d20c19f33c7c107fw,2026-01-29 00:50:00.000,53,True,92,154,346,2317,34.68,231.74,0.154,True,0.9224,,,,,,,,,,,,,,,,
2026-01-29,a3986d20c19f33c7c107fw,2026-01-29 01:00:00.000,54,True,92,153,344,2304,34.45,230.49,0.154,True,0.9281,,,,,,,,,,,,,,,,
2026-01-29,a3986d20c19f33c7c107fw,2026-01-29 01:10:00.000,55,True,93,147,330,2308,33.03,230.82,0.147,True,0.9337,,,,,,,,,,,,,,,,
2026-01-29,a3986d20c19f33c7c107fw,2026-01-29 01:20:00.000,56,True,95,452,1017,2315,101.77,231.55,0.453,True,0.9506,,,,,,,,,,,,,,,,
2026-01-29,a3986d20c19f33c7c107fw,2026-01-29 01:30:00.000,57,True,97,606,1363,2315,136.32,231.5,0.607,True,0.9733,,,,,,,,,,,,,,,,
2026-01-29,a3986d20c19f33c7c107fw,2026-01-29 01:40:00.000,58,True,99,463,1036,2301,103.61,230.16,0.464,True,0.9906,,,,,,,,,,,,,,,,
2026-01-29,a3986d20c19f33c7c107fw,2026-01-29 01:50:00.000,59,True,100,310,694,2302,69.46,230.24,0.311,True,1.0022,,,,,,,,,,,,,,,,
2026-01-29,a3986d20c19f33c7c107fw,2026-01-29 02:00:00.000,60,True,100,153,341,2297,34.13,229.7,0.153,True,1.0079,,,,,,,,,,,,,,,,
2026-01-29,a3986d20c19f33c7c107fw,2026-01-29 02:10:00.000,61,True,101,312,694,2287,69.47,228.76,0.313,True,1.0194,,,,,,,,,,,,,,,,
2026-01-29,a3986d20c19f33c7c107fw,2026-01-29 02:20:00.000,62,True,102,149,332,2296,33.26,229.62,0.149,True,1.025,,,,,,,,,,,,,,,,
2026-01-29,a3986d20c19f33c7c107fw,2026-01-29 02:30:00.000,63,True,104,542,1201,2282,120.17,228.26,0.542,True,1.045,,,,,,,,,,,,,,,,
2026-01-29,a3986d20c19f33c7c107fw,2026-01-29 02:40:00.000,64,True,106,458,1017,2286,101.71,228.6,0.458,True,1.062,,,,,,,,,,,,,,,,
2026-01-29,a3986d20c19f33c7c107fw,2026-01-29 02:50:00.000,65,True,108,536,1191,2290,119.2,229.03,0.536,True,1.0818,,,,,,,,,,,,,,,,
2026-01-29,a3986d20c19f33c7c107fw,2026-01-29 03:00:00.000,66,True,110,528,1174,2291,117.47,229.1,0.528,True,1.1014,,,,,,,,,,,,,,,,
2026-01-29,a3986d20c19f33c7c107fw,2026-01-29 03:10:00.000,67,True,112,604,1341,2286,134.12,228.66,0.604,True,1.1238,,,,,,,,,,,,,,,,
2026-01-29,a3986d20c19f33c7c107fw,2026-01-29 03:20:00.000,68,True,114,594,1326,2300,132.68,230.09,0.594,True,1.1459,,,,,,,,,,,,,,,,
2026-01-29,a3986d20c19f33c7c107fw,2026-01-29 03:30:00.000,69,True,115,288,644,2300,64.5,230.0,0.289,True,1.1566,,,,,,,,,,,,,,,,
2026-01-29,a3986d20c19f33c7c107fw,2026-01-29 03:40:00.000,70,True,116,287,642,2304,64.29,230.42,0.287,True,1.1673,,,,,,,,,,,,,,,,
2026-01-29,a3986d20c19f33c7c107fw,2026-01-29 03:50:00.000,71,False,116,0,0,2310,0.0,231.03,0.0,False,1.1673,,,,,,,,,,,,,,,,
2026-01-29,a3986d20c19f33c7c107fw,2026-01-29 04:00:00.000,72,True,117,75,168,2315,16.86,231.52,0.075,True,1.1702,,,,,,,,,,,,,,,,
2026-01-29,a3986d20c19f33c7c107fw,2026-01-29 04:10:00.000,73,True,118,333,739,2282,73.96,228.22,0.334,True,1.1825,,,,,,,,,,,,,,,,
2026-01-29,a3986d20c19f33c7c107fw,2026-01-29 04:20:00.000,74,True,119,229,511,2293,51.17,229.38,0.23,True,1.191,,,,,,,,,,,,,,,,
2026-01-29,a3986d20c19f33c7c107fw,2026-01-29 04:30:00.000,75,True,119,231,511,2276,51.17,227.65,0.232,True,1.1995,,,,,,,,,,,,,,,,
2026-01-29,a3986d20c19f33c7c107fw,2026-01-29 04:40:00.000,76,True,121,306,674,2266,67.4,226.6,0.306,True,1.2108,,,,,,,,,,,,,,,,
2026-01-29,a3986d20c19f33c7c107fw,2026-01-29 04:50:00.000,77,True,122,403,894,2282,89.41,228.22,0.404,True,1.2257,,,,,,,,,,,,,,,,
2026-01-29,a3986d20c19f33c7c107fw,2026-01-29 05:00:00.000,78,True,124,403,894,2282,89.41,228.22,0.404,True,1.2406,,,,,,,,,,,,,,,,
2026-01-29,a3986d20c19f33c7c107fw,2026-01-29 05:10:00.000,79,True,125,394,871,2278,87.19,227.8,0.394,True,1.2551,,,,,,,,,,,,,,,,
2026-01-29,a3986d20c19f33c7c107fw,2026-01-29 05:20:00.000,80,False,125,0,0,2279,0.0,227.93,0.0,False,1.2551,,,,,,,,,,,,,,,,
2026-01-29,a3986d20c19f33c7c107fw,2026-01-29 05:30:00.000,81,False,125,0,0,2279,0.0,227.93,0.0,False,1.2551,,,,,,,,,,,,,,,,
2026-01-29,a3986d20c19f33c7c107fw,2026-01-29 05:40:00.000,82,False,125,0,0,2295,0.0,229.57,0.0,False,1.2551,,,,,,,,,,,,,,,,
2026-01-29,a3986d20c19f33c7c107fw,2026-01-29 05:50:00.000,83,True,126,387,859,2285,85.93,228.54,0.387,True,1.2694,,,,,,,,,,,,,,,,
2026-01-29,a3986d20c19f33c7c107fw,2026-01-29 06:00:00.000,84,True,128,318,701,2267,70.18,226.78,0.319,True,1.2811,,,,,,,,,,,,,,,,
2026-01-29,a3986d20c19f33c7c107fw,2026-01-29 06:10:00.000,85,True,129,320,708,2281,70.86,228.12,0.32,True,1.2929,,,,,,,,,,,,,,,,
2026-01-29,a3986d20c19f33c7c107fw,2026-01-29 06:20:00.000,86,True,130,318,704,2277,70.44,227.7,0.319,True,1.3047,,,,,,,,,,,,,,,,
2026-01-29,a3986d20c19f33c7c107fw,2026-01-29 06:30:00.000,87,True,131,232,513,2275,51.33,227.54,0.232,True,1.3132,,,,,,,,,,,,,,,,
2026-01-29,a3986d20c19f33c7c107fw,2026-01-29 06:40:00.000,88,True,133,467,1036,2287,103.7,228.7,0.467,True,1.3305,,,,,,,,,,,,,,,,
2026-01-29,a3986d20c19f33c7c107fw,2026-01-29 06:50:00.000,89,True,135,613,1358,2281,135.86,228.1,0.614,True,1.3532,,,,,,,,,,,,,,,,
2026-01-29,a3986d20c19f33c7c107fw,2026-01-29 07:00:00.000,90,True,136,312,691,2284,69.19,228.43,0.312,True,1.3647,,,,,,,,,,,,,,,,
2026-01-29,a3986d20c19f33c7c107fw,2026-01-29 07:10:00.000,91,True,137,313,695,2289,69.6,228.9,0.313,True,1.3763,,,,,,,,,,,,,,,,
2026-01-29,a3986d20c19f33c7c107fw,2026-01-29 07:20:00.000,92,True,139,380,839,2276,83.97,227.64,0.38,True,1.3903,,,,,,,,,,,,,,,,
2026-01-29,a3986d20c19f33c7c107fw,2026-01-29 07:30:00.000,93,True,140,301,667,2280,66.76,228.05,0.302,True,1.4014,,,,,,,,,,,,,,,,
2026-01-29,a3986d20c19f33c7c107fw,2026-01-29 07:40:00.000,94,True,141,301,667,2283,66.78,228.3,0.301,True,1.4125,,,,,,,,,,,,,,,,
2026-01-29,a3986d20c19f33c7c107fw,2026-01-29 07:50:00.000,95,True,142,379,840,2281,84.08,228.19,0.38,True,1.4266,,,,,,,,,,,,,,,,
2026-01-29,a3986d20c19f33c7c107fw,2026-01-29 08:00:00.000,96,True,144,378,838,2284,83.88,228.49,0.378,True,1.4405,,,,,,,,,,,,,,,,
2026-01-29,a3986d20c19f33c7c107fw,2026-01-29 08:10:00.000,97,True,145,451,1004,2293,100.44,229.31,0.451,True,1.4573,,,,,,,,,,,,,,,,
2026-01-29,a3986d20c19f33c7c107fw,2026-01-29 08:20:00.000,98,True,147,376,840,2299,84.03,229.9,0.377,True,1.4713,,,,,,,,,,,,,,,,
2026-01-29,a3986d20c19f33c7c107fw,2026-01-29 08:30:00.000,99,True,148,381,852,2300,85.22,230.0,0.382,True,1.4855,,,,,,,,,,,,,,,,
2026-01-29,a3986d20c19f33c7c107fw,2026-01-29 08:40:00.000,100,True,149,230,516,2306,51.62,230.66,0.231,True,1.4941,,,,,,,,,,,,,,,,
2026-01-29,a3986d20c19f33c7c107fw,2026-01-29 08:50:00.000,101,True,150,304,682,2304,68.23,230.48,0.305,True,1.5055,,,,,,,,,,,,,,,,
2026-01-29,a3986d20c19f33c7c107fw,2026-01-29 09:00:00.000,102,True,151,152,340,2303,34.05,230.36,0.152,True,1.5111,,,,,,,,,,,,,,,,
2026-01-29,a3986d20c19f33c7c107fw,2026-01-29 09:10:00.000,103,True,151,152,340,2304,34.05,230.41,0.152,True,1.5168,,,,,,,,,,,,,,,,
2026-01-29,a3986d20c19f33c7c107fw,2026-01-29 09:20:00.000,104,True,153,458,1028,2309,102.81,230.97,0.459,True,1.5339,,,,,,,,,,,,,,,,
2026-01-29,a3986d20c19f33c7c107fw,2026-01-29 09:30:00.000,105,True,154,232,519,2305,51.95,230.57,0.232,True,1.5426,,,,,,,,,,,,,,,,
2026-01-29,a3986d20c19f33c7c107fw,2026-01-29 09:40:00.000,106,True,155,232,519,2306,51.95,230.63,0.232,True,1.5513,,,,,,,,,,,,,,,,
2026-01-29,a3986d20c19f33c7c107fw,2026-01-29 09:50:00.000,107,True,156,464,1038,2303,103.88,230.35,0.465,True,1.5686,,,,,,,,,,,,,,,,
2026-01-29,a3986d20c19f33c7c107fw,2026-01-29 10:00:00.000,108,True,158,311,696,2307,69.7,230.7,0.311,True,1.5802,,,,,,,,,,,,,,,,
2026-01-29,a3986d20c19f33c7c107fw,2026-01-29 10:10:00.000,109,True,158,233,521,2304,52.16,230.4,0.233,True,1.5889,,,,,,,,,,,,,,,,
2026-01-29,a3986d20c19f33c7c107fw,2026-01-29 10:20:00.000,110,True,159,155,347,2302,34.75,230.27,0.155,True,1.5947,,,,,,,,,,,,,,,,
2026-01-29,a3986d20c19f33c7c107fw,2026-01-29 10:30:00.000,111,True,160,0,590,2303,59.08,230.33,0.0,True,1.6045,,,,,,,,,,,,,,,,
2026-01-29,a3986d20c19f33c7c107fw,2026-01-29 10:40:00.000,112,True,160,75,167,2302,16.78,230.2,0.075,True,1.6073,,,,,,,,,,,,,,,,
2026-01-29,a3986d20c19f33c7c107fw,2026-01-29 10:50:00.000,113,True,161,155,347,2303,34.71,230.32,0.155,True,1.6131,,,,,,,,,,,,,,,,
2026-01-29,a3986d20c19f33c7c107fw,2026-01-29 11:00:00.000,114,False,161,0,0,2304,0.0,230.47,0.0,False,1.6131,,,,,,,,,,,,,,,,
2026-01-29,a3986d20c19f33c7c107fw,2026-01-29 11:10:00.000,115,True,162,235,524,2300,52.49,230.0,0.235,True,1.6219,,,,,,,,,,,,,,,,
2026-01-29,a3986d20c19f33c7c107fw,2026-01-29 11:20:00.000,116,True,163,389,870,2302,87.09,230.22,0.39,True,1.6364,,,,,,,,,,,,,,,,
2026-01-29,a3986d20c19f33c7c107fw,2026-01-29 11:30:00.000,117,True,165,392,876,2301,87.67,230.13,0.392,True,1.651,,,,,,,,,,,,,,,,
2026-01-29,a3986d20c19f33c7c107fw,2026-01-29 11:40:00.000,118,True,166,315,703,2298,70.36,229.84,0.315,True,1.6627,,,,,,,,,,,,,,,,
2026-01-29,a3986d20c19f33c7c107fw,2026-01-29 11:50:00.000,119,True,166,152,342,2311,34.21,231.12,0.152,True,1.6684,,,,,,,,,,,,,,,,
2026-01-29,a3986d20c19f33c7c107fw,2026-01-29 12:00:00.000,120,True,167,73,163,2306,16.35,230.64,0.073,True,1.6711,,,,,,,,,,,,,,,,
2026-01-29,a3986d20c19f33c7c107fw,2026-01-29 12:10:00.000,121,True,167,76,170,2301,17.03,230.18,0.076,True,1.674,,,,,,,,,,,,,,,,
2026-01-29,a3986d20c19f33c7c107fw,2026-01-29 12:20:00.000,122,True,167,154,345,2306,34.53,230.63,0.154,True,1.6797,,,,,,,,,,,,,,,,
2026-01-29,a3986d20c19f33c7c107fw,2026-01-29 12:30:00.000,123,True,168,154,345,2306,34.53,230.63,0.154,True,1.6855,,,,,,,,,,,,,,,,
2026-01-29,a3986d20c19f33c7c107fw,2026-01-29 12:40:00.000,124,True,170,468,1042,2293,104.23,229.34,0.468,True,1.7029,,,,,,,,,,,,,,,,
2026-01-29,a3986d20c19f33c7c107fw,2026-01-29 12:50:00.000,125,True,172,545,1212,2287,121.23,228.73,0.546,True,1.7231,,,,,,,,,,,,,,,,
2026-01-29,a3986d20c19f33c7c107fw,2026-01-29 13:00:00.000,126,True,174,465,1033,2288,103.31,228.86,0.465,True,1.7403,,,,,,,,,,,,,,,,
2026-01-29,a3986d20c19f33c7c107fw,2026-01-29 13:10:00.000,127,True,175,465,1033,2288,103.31,228.86,0.465,True,1.7575,,,,,,,,,,,,,,,,
2026-01-29,a3986d20c19f33c7c107fw,2026-01-29 13:20:00.000,128,True,176,301,668,2280,66.84,228.09,0.302,True,1.7686,,,,,,,,,,,,,,,,
2026-01-29,a3986d20c19f33c7c107fw,2026-01-29 13:30:00.000,129,True,177,227,501,2274,50.13,227.47,0.227,True,1.777,,,,,,,,,,,,,,,,
2026-01-29,a3986d20c19f33c7c107fw,2026-01-29 13:40:00.000,130,True,177,72,159,2273,15.98,227.37,0.072,True,1.7797,,,,,,,,,,,,,,,,
2026-01-29,a3986d20c19f33c7c107fw,2026-01-29 13:50:00.000,131,True,178,72,159,2273,15.98,227.37,0.072,True,1.7823,,,,,,,,,,,,,,,,
2026-01-29,a3986d20c19f33c7c107fw,2026-01-29 14:00:00.000,132,True,179,303,668,2270,66.8,227.03,0.303,True,1.7934,,,,,,,,,,,,,,,,
2026-01-29,a3986d20c19f33c7c107fw,2026-01-29 14:10:00.000,133,True,180,316,695,2266,69.56,226.64,0.316,True,1.805,,,,,,,,,,,,,,,,
2026-01-29,a3986d20c19f33c7c107fw,2026-01-29 14:20:00.000,134,True,181,316,695,2266,69.56,226.64,0.316,True,1.8166,,,,,,,,,,,,,,,,
2026-01-29,a3986d20c19f33c7c107fw,2026-01-29 14:30:00.000,135,True,183,392,864,2268,86.48,226.83,0.393,True,1.831,,,,,,,,,,,,,,,,
2026-01-29,a3986d20c19f33c7c107fw,2026-01-29 14:40:00.000,136,True,184,388,855,2268,85.59,226.87,0.389,True,1.8453,,,,,,,,,,,,,,,,
2026-01-29,a3986d20c19f33c7c107fw,2026-01-29 14:50:00.000,137,True,185,308,680,2269,68.0,226.95,0.309,True,1.8566,,,,,,,,,,,,,,,,
2026-01-29,a3986d20c19f33c7c107fw,2026-01-29 15:00:00.000,138,True,186,302,669,2282,66.94,228.2,0.302,True,1.8678,,,,,,,,,,,,,,,,
2026-01-29,a3986d20c19f33c7c107fw,2026-01-29 15:10:00.000,139,True,188,381,845,2279,84.52,227.94,0.382,True,1.8819,,,,,,,,,,,,,,,,
2026-01-29,a3986d20c19f33c7c107fw,2026-01-29 15:20:00.000,140,True,189,385,851,2279,85.2,227.9,0.385,True,1.8961,,,,,,,,,,,,,,,,
2026-01-29,a3986d20c19f33c7c107fw,2026-01-29 15:30:00.000,141,True,191,383,848,2279,84.85,227.97,0.383,True,1.9102,,,,,,,,,,,,,,,,
2026-01-29,a3986d20c19f33c7c107fw,2026-01-29 15:40:00.000,142,True,192,378,837,2278,83.78,227.81,0.379,True,1.9242,,,,,,,,,,,,,,,,
2026-01-29,a3986d20c19f33c7c107fw,2026-01-29 15:50:00.000,143,True,192,157,348,2284,34.84,228.48,0.157,True,1.93,,,,,,,,,,,,,,,,
2026-01-30,a3986d20c19f33c7c107fw,2026-01-29 16:00:00.000,0,True,1,308,643,2284,64.4,228.4,0.308,True,0.0107,,,,,,,,,,,,,,,,
2026-01-30,a3986d20c19f33c7c107fw,2026-01-29 16:10:00.000,1,True,1,231,484,2284,48.45,228.45,0.232,True,0.0188,,,,,,,,,,,,,,,,
2026-01-30,a3986d20c19f33c7c107fw,2026-01-29 16:20:00.000,2,True,4,687,1434,2282,143.42,228.22,0.687,True,0.0427,,,,,,,,,,,,,,,,
2026-01-30,a3986d20c19f33c7c107fw,2026-01-29 16:30:00.000,3,True,5,380,791,2271,79.16,227.19,0.381,True,0.0559,,,,,,,,,,,,,,,,
2026-01-30,a3986d20c19f33c7c107fw,2026-01-29 16:40:00.000,4,True,8,849,1776,2287,177.63,228.73,0.849,True,0.0855,,,,,,,,,,,,,,,,
2026-01-30,a3986d20c19f33c7c107fw,2026-01-29 16:50:00.000,5,True,11,768,1604,2282,160.43,228.29,0.768,True,0.1122,,,,,,,,,,,,,,,,
2026-01-30,a3986d20c19f33c7c107fw,2026-01-29 17:00:00.000,6,True,14,840,1752,2281,175.29,228.13,0.84,True,0.1415,,,,,,,,,,,,,,,,
2026-01-30,a3986d20c19f33c7c107fw,2026-01-29 17:10:00.000,7,True,15,457,951,2273,95.17,227.36,0.458,True,0.1573,,,,,,,,,,,,,,,,
2026-01-30,a3986d20c19f33c7c107fw,2026-01-29 17:20:00.000,8,True,17,463,970,2288,97.01,228.81,0.464,True,0.1735,,,,,,,,,,,,,,,,
2026-01-30,a3986d20c19f33c7c107fw,2026-01-29 17:30:00.000,9,True,19,488,1025,2295,102.55,229.59,0.488,True,0.1906,,,,,,,,,,,,,,,,
2026-01-30,a3986d20c19f33c7c107fw,2026-01-29 17:40:00.000,10,True,20,399,837,2294,83.79,229.4,0.399,True,0.2045,,,,,,,,,,,,,,,,
2026-01-30,a3986d20c19f33c7c107fw,2026-01-29 17:50:00.000,11,True,22,455,955,2296,95.54,229.61,0.455,True,0.2205,,,,,,,,,,,,,,,,
2026-01-30,a3986d20c19f33c7c107fw,2026-01-29 18:00:00.000,12,True,24,841,1758,2284,175.87,228.47,0.842,True,0.2498,,,,,,,,,,,,,,,,
2026-01-30,a3986d20c19f33c7c107fw,2026-01-29 18:10:00.000,13,True,27,614,1285,2289,128.6,228.93,0.614,True,0.2712,,,,,,,,,,,,,,,,
2026-01-30,a3986d20c19f33c7c107fw,2026-01-29 18:20:00.000,14,True,29,714,1494,2287,149.5,228.77,0.715,True,0.2961,,,,,,,,,,,,,,,,
2026-01-30,a3986d20c19f33c7c107fw,2026-01-29 18:30:00.000,15,True,31,625,1307,2286,130.74,228.65,0.625,True,0.3179,,,,,,,,,,,,,,,,
2026-01-30,a3986d20c19f33c7c107fw,2026-01-29 18:40:00.000,16,True,33,611,1281,2291,128.13,229.16,0.611,True,0.3393,,,,,,,,,,,,,,,,
2026-01-30,a3986d20c19f33c7c107fw,2026-01-29 18:50:00.000,17,True,35,543,1143,2302,114.38,230.23,0.543,True,0.3583,,,,,,,,,,,,,,,,
2026-01-30,a3986d20c19f33c7c107fw,2026-01-29 19:00:00.000,18,True,38,622,1310,2302,131.04,230.21,0.622,True,0.3802,,,,,,,,,,,,,,,,
2026-01-30,a3986d20c19f33c7c107fw,2026-01-29 19:10:00.000,19,True,39,454,957,2305,95.74,230.52,0.454,True,0.3961,,,,,,,,,,,,,,,,
2026-01-30,a3986d20c19f33c7c107fw,2026-01-29 19:20:00.000,20,True,41,454,957,2303,95.74,230.3,0.455,True,0.4121,,,,,,,,,,,,,,,,
2026-01-30,a3986d20c19f33c7c107fw,2026-01-29 19:30:00.000,21,True,43,610,1284,2302,128.48,230.27,0.61,True,0.4335,,,,,,,,,,,,,,,,
2026-01-30,a3986d20c19f33c7c107fw,2026-01-29 19:40:00.000,22,True,44,451,951,2305,95.17,230.5,0.451,True,0.4494,,,,,,,,,,,,,,,,
2026-01-30,a3986d20c19f33c7c107fw,2026-01-29 19:50:00.000,23,True,46,450,948,2300,94.9,230.07,0.451,True,0.4652,,,,,,,,,,,,,,,,
2026-01-30,a3986d20c19f33c7c107fw,2026-01-29 20:00:00.000,24,True,48,529,1118,2307,111.81,230.74,0.53,True,0.4838,,,,,,,,,,,,,,,,
2026-01-30,a3986d20c19f33c7c107fw,2026-01-29 20:10:00.000,25,True,50,531,1118,2301,111.81,230.11,0.531,True,0.5025,,,,,,,,,,,,,,,,
2026-01-30,a3986d20c19f33c7c107fw,2026-01-29 20:20:00.000,26,True,50,151,319,2303,31.99,230.32,0.152,True,0.5078,,,,,,,,,,,,,,,,
2026-01-30,a3986d20c19f33c7c107fw,2026-01-29 20:30:00.000,27,True,51,158,334,2309,33.44,230.9,0.158,True,0.5134,,,,,,,,,,,,,,,,
2026-01-30,a3986d20c19f33c7c107fw,2026-01-29 20:40:00.000,28,True,51,152,321,2304,32.19,230.4,0.153,True,0.5187,,,,,,,,,,,,,,,,
2026-01-30,a3986d20c19f33c7c107fw,2026-01-29 20:50:00.000,29,True,52,231,489,2312,48.91,231.27,0.231,True,0.5269,,,,,,,,,,,,,,,,
2026-01-30,a3986d20c19f33c7c107fw,2026-01-29 21:00:00.000,30,True,54,539,1139,2308,113.98,230.82,0.54,True,0.5459,,,,,,,,,,,,,,,,
2026-01-30,a3986d20c19f33c7c107fw,2026-01-29 21:10:00.000,31,True,56,607,1277,2297,127.7,229.7,0.608,True,0.5672,,,,,,,,,,,,,,,,
2026-01-30,a3986d20c19f33c7c107fw,2026-01-29 21:20:00.000,32,True,58,607,1277,2300,127.7,230.05,0.607,True,0.5884,,,,,,,,,,,,,,,,
2026-01-30,a3986d20c19f33c7c107fw,2026-01-29 21:30:00.000,33,True,60,453,952,2296,95.28,229.67,0.454,True,0.6043,,,,,,,,,,,,,,,,
2026-01-30,a3986d20c19f33c7c107fw,2026-01-29 21:40:00.000,34,True,62,530,1114,2297,111.49,229.74,0.531,True,0.6229,,,,,,,,,,,,,,,,
2026-01-30,a3986d20c19f33c7c107fw,2026-01-29 21:50:00.000,35,True,63,309,652,2305,65.26,230.52,0.31,True,0.6338,,,,,,,,,,,,,,,,
2026-01-30,a3986d20c19f33c7c107fw,2026-01-29 22:00:00.000,36,True,64,231,485,2295,48.56,229.54,0.231,True,0.6419,,,,,,,,,,,,,,,,
2026-01-30,a3986d20c19f33c7c107fw,2026-01-29 22:10:00.000,37,True,64,155,328,2307,32.89,230.78,0.156,True,0.6474,,,,,,,,,,,,,,,,
2026-01-30,a3986d20c19f33c7c107fw,2026-01-29 22:20:00.000,38,True,66,448,945,2304,94.56,230.42,0.449,True,0.6631,,,,,,,,,,,,,,,,
2026-01-30,a3986d20c19f33c7c107fw,2026-01-29 22:30:00.000,39,True,68,757,1593,2301,159.39,230.1,0.757,True,0.6897,,,,,,,,,,,,,,,,
2026-01-30,a3986d20c19f33c7c107fw,2026-01-29 22:40:00.000,40,True,71,604,1273,2301,127.32,230.18,0.605,True,0.7109,,,,,,,,,,,,,,,,
2026-01-30,a3986d20c19f33c7c107fw,2026-01-29 22:50:00.000,41,True,72,526,1108,2301,110.88,230.17,0.527,True,0.7294,,,,,,,,,,,,,,,,
2026-01-30,a3986d20c19f33c7c107fw,2026-01-29 23:00:00.000,42,True,74,523,1099,2297,109.98,229.74,0.523,True,0.7477,,,,,,,,,,,,,,,,
2026-01-30,a3986d20c19f33c7c107fw,2026-01-29 23:10:00.000,43,True,76,380,800,2301,80.04,230.15,0.38,True,0.7611,,,,,,,,,,,,,,,,
2026-01-30,a3986d20c19f33c7c107fw,2026-01-29 23:20:00.000,44,True,76,156,330,2312,33.06,231.24,0.156,True,0.7666,,,,,,,,,,,,,,,,
2026-01-30,a3986d20c19f33c7c107fw,2026-01-29 23:30:00.000,45,True,76,79,167,2301,16.71,230.1,0.079,True,0.7694,,,,,,,,,,,,,,,,
2026-01-30,a3986d20c19f33c7c107fw,2026-01-29 23:40:00.000,46,True,77,0,590,2300,59.03,230.01,0.0,True,0.7792,,,,,,,,,,,,,,,,
2026-01-30,a3986d20c19f33c7c107fw,2026-01-29 23:50:00.000,47,True,78,0,590,2297,59.03,229.73,0.0,True,0.789,,,,,,,,,,,,,,,,
2026-01-30,a3986d20c19f33c7c107fw,2026-01-30 00:00:00.000,48,True,79,231,484,2293,48.49,229.38,0.231,True,0.7971,,,,,,,,,,,,,,,,
2026-01-30,a3986d20c19f33c7c107fw,2026-01-30 00:10:00.000,49,True,82,691,1456,2302,145.62,230.29,0.691,True,0.8214,,,,,,,,,,,,,,,,
2026-01-30,a3986d20c19f33c7c107fw,2026-01-30 00:20:00.000,50,True,84,616,1298,2304,129.83,230.45,0.616,True,0.843,,,,,,,,,,,,,,,,
2026-01-30,a3986d20c19f33c7c107fw,2026-01-30 00:30:00.000,51,True,86,539,1138,2307,113.85,230.76,0.539,True,0.862,,,,,,,,,,,,,,,,
2026-01-30,a3986d20c19f33c7c107fw,2026-01-30 00:40:00.000,52,True,86,76,162,2307,16.22,230.72,0.077,True,0.8647,,,,,,,,,,,,,,,,
2026-01-30,a3986d20c19f33c7c107fw,2026-01-30 00:50:00.000,53,True,87,154,326,2317,32.67,231.74,0.154,True,0.8701,,,,,,,,,,,,,,,,
2026-01-30,a3986d20c19f33c7c107fw,2026-01-30 01:00:00.000,54,True,87,153,324,2304,32.45,230.49,0.154,True,0.8755,,,,,,,,,,,,,,,,
2026-01-30,a3986d20c19f33c7c107fw,2026-01-30 01:10:00.000,55,True,88,147,311,2308,31.12,230.82,0.147,True,0.8807,,,,,,,,,,,,,,,,
2026-01-30,a3986d20c19f33c7c107fw,2026-01-30 01:20:00.000,56,True,89,452,958,2315,95.88,231.55,0.453,True,0.8967,,,,,,,,,,,,,,,,
2026-01-30,a3986d20c19f33c7c107fw,2026-01-30 01:30:00.000,57,True,91,606,1284,2315,128.43,231.5,0.607,True,0.9181,,,,,,,,,,,,,,,,
2026-01-30,a3986d20c19f33c7c107fw,2026-01-30 01:40:00.000,58,True,93,463,976,2301,97.62,230.16,0.464,True,0.9344,,,,,,,,,,,,,,,,
2026-01-30,a3986d20c19f33c7c107fw,2026-01-30 01:50:00.000,59,True,94,310,654,2302,65.44,230.24,0.311,True,0.9453,,,,,,,,,,,,,,,,
2026-01-30,a3986d20c19f33c7c107fw,2026-01-30 02:00:00.000,60,True,95,153,321,2297,32.15,229.7,0.153,True,0.9507,,,,,,,,,,,,,,,,
2026-01-30,a3986d20c19f33c7c107fw,2026-01-30 02:10:00.000,61,True,96,312,654,2287,65.45,228.76,0.313,True,0.9616,,,,,,,,,,,,,,,,
2026-01-30,a3986d20c19f33c7c107fw,2026-01-30 02:20:00.000,62,True,96,149,313,2296,31.34,229.62,0.149,True,0.9668,,,,,,,,,,,,,,,,
2026-01-30,a3986d20c19f33c7c107fw,2026-01-30 02:30:00.000,63,True,98,542,1132,2282,113.21,228.26,0.542,True,0.9857,,,,,,,,,,,,,,,,
2026-01-30,a3986d20c19f33c7c107fw,2026-01-30 02:40:00.000,64,True,100,458,958,2286,95.82,228.6,0.458,True,1.0016,,,,,,,,,,,,,,,,
2026-01-30,a3986d20c19f33c7c107fw,2026-01-30 02:50:00.000,65,True,102,536,1123,2290,112.31,229.03,0.536,True,1.0203,,,,,,,,,,,,,,,,
2026-01-30,a3986d20c19f33c7c107fw,2026-01-30 03:00:00.000,66,True,103,528,1106,2291,110.68,229.1,0.528,True,1.0388,,,,,,,,,,,,,,,,
2026-01-30,a3986d20c19f33c7c107fw,2026-01-30 03:10:00.000,67,True,105,604,1263,2286,126.35,228.66,0.604,True,1.0598,,,,,,,,,,,,,,,,
2026-01-30,a3986d20c19f33c7c107fw,2026-01-30 03:20:00.000,68,True,108,594,1249,2300,125.0,230.09,0.594,True,1.0807,,,,,,,,,,,,,,,,
2026-01-30,a3986d20c19f33c7c107fw,2026-01-30 03:30:00.000,69,True,109,288,607,2300,60.76,230.0,0.289,True,1.0908,,,,,,,,,,,,,,,,
2026-01-30,a3986d20c19f33c7c107fw,2026-01-30 03:40:00.000,70,True,110,287,605,2304,60.57,230.42,0.287,True,1.1009,,,,,,,,,,,,,,,,
2026-01-30,a3986d20c19f33c7c107fw,2026-01-30 03:50:00.000,71,False,110,0,0,2310,0.0,231.03,0.0,False,1.1009,,,,,,,,,,,,,,,,
2026-01-30,a3986d20c19f33c7c107fw,2026-01-30 04:00:00.000,72,True,110,75,158,2315,15.89,231.52,0.075,True,1.1036,,,,,,,,,,,,,,,,
2026-01-30,a3986d20c19f33c7c107fw,2026-01-30 04:10:00.000,73,True,111,333,696,2282,69.68,228.22,0.334,True,1.1152,,,,,,,,,,,,,,,,
2026-01-30,a3986d20c19f33c7c107fw,2026-01-30 04:20:00.000,74,True,112,229,482,2293,48.22,229.38,0.23,True,1.1232,,,,,,,,,,,,,,,,
2026-01-30,a3986d20c19f33c7c107fw,2026-01-30 04:30:00.000,75,True,113,231,482,2276,48.22,227.65,0.232,True,1.1312,,,,,,,,,,,,,,,,
2026-01-30,a3986d20c19f33c7c107fw,2026-01-30 04:40:00.000,76,True,114,306,635,2266,63.5,226.6,0.306,True,1.1418,,,,,,,,,,,,,,,,
2026-01-30,a3986d20c19f33c7c107fw,2026-01-30 04:50:00.000,77,True,115,403,842,2282,84.24,228.22,0.404,True,1.1559,,,,,,,,,,,,,,,,
2026-01-30,a3986d20c19f33c7c107fw,2026-01-30 05:00:00.000,78,True,116,403,842,2282,84.24,228.22,0.404,True,1.1699,,,,,,,,,,,,,,,,
2026-01-30,a3986d20c19f33c7c107fw,2026-01-30 05:10:00.000,79,True,118,394,821,2278,82.16,227.8,0.394,True,1.1836,,,,,,,,,,,,,,,,
2026-01-30,a3986d20c19f33c7c107fw,2026-01-30 05:20:00.000,80,False,118,0,0,2279,0.0,227.93,0.0,False,1.1836,,,,,,,,,,,,,,,,
2026-01-30,a3986d20c19f33c7c107fw,2026-01-30 05:30:00.000,81,False,118,0,0,2279,0.0,227.93,0.0,False,1.1836,,,,,,,,,,,,,,,,
2026-01-30,a3986d20c19f33c7c107fw,2026-01-30 05:40:00.000,82,False,118,0,0,2295,0.0,229.57,0.0,False,1.1836,,,,,,,,,,,,,,,,
2026-01-30,a3986d20c19f33c7c107fw,2026-01-30 05:50:00.000,83,True,119,387,809,2285,80.97,228.54,0.387,True,1.1971,,,,,,,,,,,,,,,,
2026-01-30,a3986d20c19f33c7c107fw,2026-01-30 06:00:00.000,84,True,120,318,661,2267,66.12,226.78,0.319,True,1.2081,,,,,,,,,,,,,,,,
2026-01-30,a3986d20c19f33c7c107fw,2026-01-30 06:10:00.000,85,True,121,320,667,2281,66.76,228.12,0.32,True,1.2192,,,,,,,,,,,,,,,,
2026-01-30,a3986d20c19f33c7c107fw,2026-01-30 06:20:00.000,86,True,123,318,663,2277,66.36,227.7,0.319,True,1.2303,,,,,,,,,,,,,,,,
2026-01-30,a3986d20c19f33c7c107fw,2026-01-30 06:30:00.000,87,True,123,232,483,2275,48.36,227.54,0.232,True,1.2384,,,,,,,,,,,,,,,,
2026-01-30,a3986d20c19f33c7c107fw,2026-01-30 06:40:00.000,88,True,125,467,976,2287,97.7,228.7,0.467,True,1.2546,,,,,,,,,,,,,,,,
2026-01-30,a3986d20c19f33c7c107fw,2026-01-30 06:50:00.000,89,True,127,613,1279,2281,128.0,228.1,0.614,True,1.276,,,,,,,,,,,,,,,,
2026-01-30,a3986d20c19f33c7c107fw,2026-01-30 07:00:00.000,90,True,128,312,651,2284,65.19,228.43,0.312,True,1.2868,,,,,,,,,,,,,,,,
2026-01-30,a3986d20c19f33c7c107fw,2026-01-30 07:10:00.000,91,True,129,313,655,2289,65.57,228.9,0.313,True,1.2978,,,,,,,,,,,,,,,,
2026-01-30,a3986d20c19f33c7c107fw,2026-01-30 07:20:00.000,92,True,131,380,791,2276,79.12,227.64,0.38,True,1.3109,,,,,,,,,,,,,,,,
2026-01-30,a3986d20c19f33c7c107fw,2026-01-30 07:30:00.000,93,True,132,301,629,2280,62.9,228.05,0.302,True,1.3214,,,,,,,,,,,,,,,,
2026-01-30,a3986d20c19f33c7c107fw,2026-01-30 07:40:00.000,94,True,133,301,629,2283,62.92,228.3,0.301,True,1.3319,,,,,,,,,,,,,,,,
2026-01-30,a3986d20c19f33c7c107fw,2026-01-30 07:50:00.000,95,True,134,379,792,2281,79.21,228.19,0.38,True,1.3451,,,,,,,,,,,,,,,,
2026-01-30,a3986d20c19f33c7c107fw,2026-01-30 08:00:00.000,96,True,135,378,790,2284,79.03,228.49,0.378,True,1.3583,,,,,,,,,,,,,,,,
2026-01-30,a3986d20c19f33c7c107fw,2026-01-30 08:10:00.000,97,True,137,451,946,2293,94.63,229.31,0.451,True,1.3741,,,,,,,,,,,,,,,,
2026-01-30,a3986d20c19f33c7c107fw,2026-01-30 08:20:00.000,98,True,138,376,791,2299,79.17,229.9,0.377,True,1.3873,,,,,,,,,,,,,,,,
2026-01-30,a3986d20c19f33c7c107fw,2026-01-30 08:30:00.000,99,True,140,381,802,2300,80.29,230.0,0.382,True,1.4006,,,,,,,,,,,,,,,,
2026-01-30,a3986d20c19f33c7c107fw,2026-01-30 08:40:00.000,100,True,140,230,486,2306,48.64,230.66,0.231,True,1.4087,,,,,,,,,,,,,,,,
2026-01-30,a3986d20c19f33c7c107fw,2026-01-30 08:50:00.000,101,True,141,304,642,2304,64.28,230.48,0.305,True,1.4195,,,,,,,,,,,,,,,,
2026-01-30,a3986d20c19f33c7c107fw,2026-01-30 09:00:00.000,102,True,142,152,320,2303,32.08,230.36,0.152,True,1.4248,,,,,,,,,,,,,,,,
2026-01-30,a3986d20c19f33c7c107fw,2026-01-30 09:10:00.000,103,True,143,152,320,2304,32.08,230.41,0.152,True,1.4302,,,,,,,,,,,,,,,,
2026-01-30,a3986d20c19f33c7c107fw,2026-01-30 09:20:00.000,104,True,144,458,968,2309,96.86,230.97,0.459,True,1.4463,,,,,,,,,,,,,,,,
2026-01-30,a3986d20c19f33c7c107fw,2026-01-30 09:30:00.000,105,True,145,232,489,2305,48.94,230.57,0.232,True,1.4545,,,,,,,,,,,,,,,,
2026-01-30,a3986d20c19f33c7c107fw,2026-01-30 09:40:00.000,106,True,146,232,489,2306,48.94,230.63,0.232,True,1.4626,,,,,,,,,,,,,,,,
2026-01-30,a3986d20c19f33c7c107fw,2026-01-30 09:50:00.000,107,True,147,464,978,2303,97.87,230.35,0.465,True,1.4789,,,,,,,,,,,,,,,,
2026-01-30,a3986d20c19f33c7c107fw,2026-01-30 10:00:00.000,108,True,148,311,656,2307,65.67,230.7,0.311,True,1.4899,,,,,,,,,,,,,,,,
2026-01-30,a3986d20c19f33c7c107fw,2026-01-30 10:10:00.000,109,True,149,233,491,2304,49.14,230.4,0.233,True,1.4981,,,,,,,,,,,,,,,,
2026-01-30,a3986d20c19f33c7c107fw,2026-01-30 10:20:00.000,110,True,150,155,327,2302,32.74,230.27,0.155,True,1.5035,,,,,,,,,,,,,,,,
2026-01-30,a3986d20c19f33c7c107fw,2026-01-30 10:30:00.000,111,True,151,0,590,2303,59.03,230.33,0.0,True,1.5134,,,,,,,,,,,,,,,,
2026-01-30,a3986d20c19f33c7c107fw,2026-01-30 10:40:00.000,112,True,151,75,158,2302,15.81,230.2,0.075,True,1.516,,,,,,,,,,,,,,,,
2026-01-30,a3986d20c19f33c7c107fw,2026-01-30 10:50:00.000,113,True,152,155,327,2303,32.7,230.32,0.155,True,1.5214,,,,,,,,,,,,,,,,
2026-01-30,a3986d20c19f33c7c107fw,2026-01-30 11:00:00.000,114,False,152,0,0,2304,0.0,230.47,0.0,False,1.5214,,,,,,,,,,,,,,,,
2026-01-30,a3986d20c19f33c7c107fw,2026-01-30 11:10:00.000,115,True,152,235,494,2300,49.45,230.0,0.235,True,1.5297,,,,,,,,,,,,,,,,
2026-01-30,a3986d20c19f33c7c107fw,2026-01-30 11:20:00.000,116,True,154,389,820,2302,82.05,230.22,0.39,True,1.5434,,,,,,,,,,,,,,,,
2026-01-30,a3986d20c19f33c7c107fw,2026-01-30 11:30:00.000,117,True,155,392,825,2301,82.59,230.13,0.392,True,1.5571,,,,,,,,,,,,,,,,
2026-01-30,a3986d20c19f33c7c107fw,2026-01-30 11:40:00.000,118,True,156,315,662,2298,66.29,229.84,0.315,True,1.5682,,,,,,,,,,,,,,,,
2026-01-30,a3986d20c19f33c7c107fw,2026-01-30 11:50:00.000,119,True,157,152,322,2311,32.23,231.12,0.152,True,1.5735,,,,,,,,,,,,,,,,
2026-01-30,a3986d20c19f33c7c107fw,2026-01-30 12:00:00.000,120,True,157,73,153,2306,15.4,230.64,0.073,True,1.5761,,,,,,,,,,,,,,,,
2026-01-30,a3986d20c19f33c7c107fw,2026-01-30 12:10:00.000,121,True,157,76,160,2301,16.05,230.18,0.076,True,1.5788,,,,,,,,,,,,,,,,
2026-01-30,a3986d20c19f33c7c107fw,2026-01-30 12:20:00.000,122,True,158,154,325,2306,32.54,230.63,0.154,True,1.5842,,,,,,,,,,,,,,,,
2026-01-30,a3986d20c19f33c7c107fw,2026-01-30 12:30:00.000,123,True,158,154,325,2306,32.54,230.63,0.154,True,1.5896,,,,,,,,,,,,,,,,
2026-01-30,a3986d20c19f33c7c107fw,2026-01-30 12:40:00.000,124,True,160,468,982,2293,98.2,229.34,0.468,True,1.606,,,,,,,,,,,,,,,,
2026-01-30,a3986d20c19f33c7c107fw,2026-01-30 12:50:00.000,125,True,162,545,1142,2287,114.21,228.73,0.546,True,1.625,,,,,,,,,,,,,,,,
2026-01-30,a3986d20c19f33c7c107fw,2026-01-30 13:00:00.000,126,True,164,465,973,2288,97.34,228.86,0.465,True,1.6413,,,,,,,,,,,,,,,,
2026-01-30,a3986d20c19f33c7c107fw,2026-01-30 13:10:00.000,127,True,165,465,973,2288,97.34,228.86,0.465,True,1.6575,,,,,,,,,,,,,,,,
2026-01-30,a3986d20c19f33c7c107fw,2026-01-30 13:20:00.000,128,True,166,301,629,2280,62.97,228.09,0.302,True,1.668,,,,,,,,,,,,,,,,
2026-01-30,a3986d20c19f33c7c107fw,2026-01-30 13:30:00.000,129,True,167,227,472,2274,47.22,227.47,0.227,True,1.6758,,,,,,,,,,,,,,,,
2026-01-30,a3986d20c19f33c7c107fw,2026-01-30 13:40:00.000,130,True,167,72,150,2273,15.05,227.37,0.072,True,1.6783,,,,,,,,,,,,,,,,
2026-01-30,a3986d20c19f33c7c107fw,2026-01-30 13:50:00.000,131,True,168,72,150,2273,15.05,227.37,0.072,True,1.6809,,,,,,,,,,,,,,,,
2026-01-30,a3986d20c19f33c7c107fw,2026-01-30 14:00:00.000,132,True,169,303,629,2270,62.94,227.03,0.303,True,1.6913,,,,,,,,,,,,,,,,
2026-01-30,a3986d20c19f33c7c107fw,2026-01-30 14:10:00.000,133,True,170,316,655,2266,65.54,226.64,0.316,True,1.7023,,,,,,,,,,,,,,,,
2026-01-30,a3986d20c19f33c7c107fw,2026-01-30 14:20:00.000,134,True,171,316,655,2266,65.54,226.64,0.316,True,1.7132,,,,,,,,,,,,,,,,
2026-01-30,a3986d20c19f33c7c107fw,2026-01-30 14:30:00.000,135,True,172,392,814,2268,81.48,226.83,0.393,True,1.7268,,,,,,,,,,,,,,,,
2026-01-30,a3986d20c19f33c7c107fw,2026-01-30 14:40:00.000,136,True,174,388,806,2268,80.63,226.87,0.389,True,1.7402,,,,,,,,,,,,,,,,
2026-01-30,a3986d20c19f33c7c107fw,2026-01-30 14:50:00.000,137,True,175,308,640,2269,64.07,226.95,0.309,True,1.7509,,,,,,,,,,,,,,,,
2026-01-30,a3986d20c19f33c7c107fw,2026-01-30 15:00:00.000,138,True,176,302,630,2282,63.07,228.2,0.302,True,1.7614,,,,,,,,,,,,,,,,
2026-01-30,a3986d20c19f33c7c107fw,2026-01-30 15:10:00.000,139,True,177,381,796,2279,79.63,227.94,0.382,True,1.7747,,,,,,,,,,,,,,,,
2026-01-30,a3986d20c19f33c7c107fw,2026-01-30 15:20:00.000,140,True,178,385,802,2279,80.27,227.9,0.385,True,1.7881,,,,,,,,,,,,,,,,
2026-01-30,a3986d20c19f33c7c107fw,2026-01-30 15:30:00.000,141,True,180,383,799,2279,79.94,227.97,0.383,True,1.8014,,,,,,,,,,,,,,,,
2026-01-30,a3986d20c19f33c7c107fw,2026-01-30 15:40:00.000,142,True,181,378,789,2278,78.93,227.81,0.379,True,1.8145,,,,,,,,,,,,,,,,
2026-01-30,a3986d20c19f33c7c107fw,2026-01-30 15:50:00.000,143,True,182,157,328,2284,32.82,228.48,0.157,True,1.82,,,,,,,,,,,,,,,,
2026-01-31,a3986d20c19f33c7c107fw,2026-01-30 16:00:00.000,0,True,1,308,697,2284,69.8,228.4,0.308,True,0.0116,,,,,,,,,,,,,,,,
2026-01-31,a3986d20c19f33c7c107fw,2026-01-30 16:10:00.000,1,True,2,231,525,2284,52.51,228.45,0.232,True,0.0204,,,,,,,,,,,,,,,,
2026-01-31,a3986d20c19f33c7c107fw,2026-01-30 16:20:00.000,2,True,4,687,1554,2282,155.43,228.22,0.687,True,0.0463,,,,,,,,,,,,,,,,
2026-01-31,a3986d20c19f33c7c107fw,2026-01-30 16:30:00.000,3,True,6,380,857,2271,85.79,227.19,0.381,True,0.0606,,,,,,,,,,,,,,,,
2026-01-31,a3986d20c19f33c7c107fw,2026-01-30 16:40:00.000,4,True,9,849,1925,2287,192.51,228.73,0.849,True,0.0927,,,,,,,,,,,,,,,,
2026-01-31,a3986d20c19f33c7c107fw,2026-01-30 16:50:00.000,5,True,12,768,1738,2282,173.86,228.29,0.768,True,0.1217,,,,,,,,,,,,,,,,
2026-01-31,a3986d20c19f33c7c107fw,2026-01-30 17:00:00.000,6,True,15,840,1899,2281,189.97,228.13,0.84,True,0.1533,,,,,,,,,,,,,,,,
2026-01-31,a3986d20c19f33c7c107fw,2026-01-30 17:10:00.000,7,True,17,457,1031,2273,103.15,227.36,0.458,True,0.1705,,,,,,,,,,,,,,,,
2026-01-31,a3986d20c19f33c7c107fw,2026-01-30 17:20:00.000,8,True,18,463,1051,2288,105.14,228.81,0.464,True,0.188,,,,,,,,,,,,,,,,
2026-01-31,a3986d20c19f33c7c107fw,2026-01-30 17:30:00.000,9,True,20,488,1111,2295,111.14,229.59,0.488,True,0.2065,,,,,,,,,,,,,,,,
2026-01-31,a3986d20c19f33c7c107fw,2026-01-30 17:40:00.000,10,True,22,399,908,2294,90.81,229.4,0.399,True,0.2217,,,,,,,,,,,,,,,,
2026-01-31,a3986d20c19f33c7c107fw,2026-01-30 17:50:00.000,11,True,23,455,1035,2296,103.55,229.61,0.455,True,0.2389,,,,,,,,,,,,,,,,
2026-01-31,a3986d20c19f33c7c107fw,2026-01-30 18:00:00.000,12,True,27,841,1906,2284,190.61,228.47,0.842,True,0.2707,,,,,,,,,,,,,,,,
2026-01-31,a3986d20c19f33c7c107fw,2026-01-30 18:10:00.000,13,True,29,614,1393,2289,139.37,228.93,0.614,True,0.2939,,,,,,,,,,,,,,,,
2026-01-31,a3986d20c19f33c7c107fw,2026-01-30 18:20:00.000,14,True,32,714,1620,2287,162.02,228.77,0.715,True,0.3209,,,,,,,,,,,,,,,,
2026-01-31,a3986d20c19f33c7c107fw,2026-01-30 18:30:00.000,15,True,34,625,1416,2286,141.69,228.65,0.625,True,0.3446,,,,,,,,,,,,,,,,
2026-01-31,a3986d20c19f33c7c107fw,2026-01-30 18:40:00.000,16,True,36,611,1388,2291,138.86,229.16,0.611,True,0.3677,,,,,,,,,,,,,,,,
2026-01-31,a3986d20c19f33c7c107fw,2026-01-30 18:50:00.000,17,True,38,543,1239,2302,123.97,230.23,0.543,True,0.3884,,,,,,,,,,,,,,,,
2026-01-31,a3986d20c19f33c7c107fw,2026-01-30 19:00:00.000,18,True,41,622,1420,2302,142.02,230.21,0.622,True,0.412,,,,,,,,,,,,,,,,
2026-01-31,a3986d20c19f33c7c107fw,2026-01-30 19:10:00.000,19,True,42,454,1037,2305,103.76,230.52,0.454,True,0.4293,,,,,,,,,,,,,,,,
2026-01-31,a3986d20c19f33c7c107fw,2026-01-30 19:20:00.000,20,True,44,454,1037,2303,103.76,230.3,0.455,True,0.4466,,,,,,,,,,,,,,,,
2026-01-31,a3986d20c19f33c7c107fw,2026-01-30 19:30:00.000,21,True,46,610,1392,2302,139.24,230.27,0.61,True,0.4698,,,,,,,,,,,,,,,,
2026-01-31,a3986d20c19f33c7c107fw,2026-01-30 19:40:00.000,22,True,48,451,1031,2305,103.15,230.5,0.451,True,0.487,,,,,,,,,,,,,,,,
2026-01-31,a3986d20c19f33c7c107fw,2026-01-30 19:50:00.000,23,True,50,450,1028,2300,102.84,230.07,0.451,True,0.5042,,,,,,,,,,,,,,,,
2026-01-31,a3986d20c19f33c7c107fw,2026-01-30 20:00:00.000,24,True,52,529,1211,2307,121.17,230.74,0.53,True,0.5244,,,,,,,,,,,,,,,,
2026-01-31,a3986d20c19f33c7c107fw,2026-01-30 20:10:00.000,25,True,54,531,1211,2301,121.17,230.11,0.531,True,0.5445,,,,,,,,,,,,,,,,
2026-01-31,a3986d20c19f33c7c107fw,2026-01-30 20:20:00.000,26,True,55,151,346,2303,34.67,230.32,0.152,True,0.5503,,,,,,,,,,,,,,,,
2026-01-31,a3986d20c19f33c7c107fw,2026-01-30 20:30:00.000,27,True,55,158,362,2309,36.24,230.9,0.158,True,0.5564,,,,,,,,,,,,,,,,
2026-01-31,a3986d20c19f33c7c107fw,2026-01-30 20:40:00.000,28,True,56,152,348,2304,34.89,230.4,0.153,True,0.5622,,,,,,,,,,,,,,,,
2026-01-31,a3986d20c19f33c7c107fw,2026-01-30 20:50:00.000,29,True,57,231,530,2312,53.0,231.27,0.231,True,0.571,,,,,,,,,,,,,,,,
2026-01-31,a3986d20c19f33c7c107fw,2026-01-30 21:00:00.000,30,True,59,539,1235,2308,123.53,230.82,0.54,True,0.5916,,,,,,,,,,,,,,,,
2026-01-31,a3986d20c19f33c7c107fw,2026-01-30 21:10:00.000,31,True,61,607,1384,2297,138.4,229.7,0.608,True,0.6147,,,,,,,,,,,,,,,,
2026-01-31,a3986d20c19f33c7c107fw,2026-01-30 21:20:00.000,32,True,63,607,1384,2300,138.4,230.05,0.607,True,0.6377,,,,,,,,,,,,,,,,
2026-01-31,a3986d20c19f33c7c107fw,2026-01-30 21:30:00.000,33,True,65,453,1032,2296,103.26,229.67,0.454,True,0.6549,,,,,,,,,,,,,,,,
2026-01-31,a3986d20c19f33c7c107fw,2026-01-30 21:40:00.000,34,True,67,530,1208,2297,120.83,229.74,0.531,True,0.6751,,,,,,,,,,,,,,,,
2026-01-31,a3986d20c19f33c7c107fw,2026-01-30 21:50:00.000,35,True,68,309,707,2305,70.72,230.52,0.31,True,0.6869,,,,,,,,,,,,,,,,
2026-01-31,a3986d20c19f33c7c107fw,2026-01-30 22:00:00.000,36,True,69,231,526,2295,52.63,229.54,0.231,True,0.6956,,,,,,,,,,,,,,,,
2026-01-31,a3986d20c19f33c7c107fw,2026-01-30 22:10:00.000,37,True,70,155,356,2307,35.64,230.78,0.156,True,0.7016,,,,,,,,,,,,,,,,
2026-01-31,a3986d20c19f33c7c107fw,2026-01-30 22:20:00.000,38,True,71,448,1024,2304,102.48,230.42,0.449,True,0.7187,,,,,,,,,,,,,,,,
2026-01-31,a3986d20c19f33c7c107fw,2026-01-30 22:30:00.000,39,True,74,757,1727,2301,172.74,230.1,0.757,True,0.7475,,,,,,,,,,,,,,,,
2026-01-31,a3986d20c19f33c7c107fw,2026-01-30 22:40:00.000,40,True,77,604,1379,2301,137.99,230.18,0.605,True,0.7705,,,,,,,,,,,,,,,,
2026-01-31,a3986d20c19f33c7c107fw,2026-01-30 22:50:00.000,41,True,79,526,1201,2301,120.16,230.17,0.527,True,0.7905,,,,,,,,,,,,,,,,
2026-01-31,a3986d20c19f33c7c107fw,2026-01-30 23:00:00.000,42,True,81,523,1191,2297,119.19,229.74,0.523,True,0.8103,,,,,,,,,,,,,,,,
2026-01-31,a3986d20c19f33c7c107fw,2026-01-30 23:10:00.000,43,True,82,380,867,2301,86.74,230.15,0.38,True,0.8248,,,,,,,,,,,,,,,,
2026-01-31,a3986d20c19f33c7c107fw,2026-01-30 23:20:00.000,44,True,83,156,358,2312,35.83,231.24,0.156,True,0.8308,,,,,,,,,,,,,,,,
2026-01-31,a3986d20c19f33c7c107fw,2026-01-30 23:30:00.000,45,True,83,79,181,2301,18.11,230.1,0.079,True,0.8338,,,,,,,,,,,,,,,,
2026-01-31,a3986d20c19f33c7c107fw,2026-01-30 23:40:00.000,46,True,84,0,591,2300,59.1,230.01,0.0,True,0.8436,,,,,,,,,,,,,,,,
2026-01-31,a3986d20c19f33c7c107fw,2026-01-30 23:50:00.000,47,True,85,0,591,2297,59.1,229.73,0.0,True,0.8535,,,,,,,,,,,,,,,,
2026-01-31,a3986d20c19f33c7c107fw,2026-01-31 00:00:00.000,48,True,86,231,525,2293,52.55,229.38,0.231,True,0.8623,,,,,,,,,,,,,,,,
2026-01-31,a3986d20c19f33c7c107fw,2026-01-31 00:10:00.000,49,True,88,691,1578,2302,157.82,230.29,0.691,True,0.8886,,,,,,,,,,,,,,,,
2026-01-31,a3986d20c19f33c7c107fw,2026-01-31 00:20:00.000,50,True,91,616,1406,2304,140.7,230.45,0.616,True,0.912,,,,,,,,,,,,,,,,
2026-01-31,a3986d20c19f33c7c107fw,2026-01-31 00:30:00.000,51,True,93,539,1233,2307,123.38,230.76,0.539,True,0.9326,,,,,,,,,,,,,,,,
2026-01-31,a3986d20c19f33c7c107fw,2026-01-31 00:40:00.000,52,True,93,76,175,2307,17.58,230.72,0.077,True,0.9355,,,,,,,,,,,,,,,,
2026-01-31,a3986d20c19f33c7c107fw,2026-01-31 00:50:00.000,53,True,94,154,354,2317,35.41,231.74,0.154,True,0.9414,,,,,,,,,,,,,,,,
2026-01-31,a3986d20c19f33c7c107fw,2026-01-31 01:00:00.000,54,True,94,153,351,2304,35.17,230.49,0.154,True,0.9473,,,,,,,,,,,,,,,,
2026-01-31,a3986d20c19f33c7c107fw,2026-01-31 01:10:00.000,55,True,95,147,337,2308,33.72,230.82,0.147,True,0.9529,,,,,,,,,,,,,,,,
2026-01-31,a3986d20c19f33c7c107fw,2026-01-31 01:20:00.000,56,True,97,452,1039,2315,103.91,231.55,0.453,True,0.9702,,,,,,,,,,,,,,,,
2026-01-31,a3986d20c19f33c7c107fw,2026-01-31 01:30:00.000,57,True,99,606,1391,2315,139.19,231.5,0.607,True,0.9934,,,,,,,,,,,,,,,,
2026-01-31,a3986d20c19f33c7c107fw,2026-01-31 01:40:00.000,58,True,101,463,1057,2301,105.79,230.16,0.464,True,1.011,,,,,,,,,,,,,,,,
2026-01-31,a3986d20c19f33c7c107fw,2026-01-31 01:50:00.000,59,True,102,310,709,2302,70.93,230.24,0.311,True,1.0229,,,,,,,,,,,,,,,,
2026-01-31,a3986d20c19f33c7c107fw,2026-01-31 02:00:00.000,60,True,102,153,348,2297,34.85,229.7,0.153,True,1.0287,,,,,,,,,,,,,,,,
2026-01-31,a3986d20c19f33c7c107fw,2026-01-31 02:10:00.000,61,True,104,312,709,2287,70.94,228.76,0.313,True,1.0405,,,,,,,,,,,,,,,,
2026-01-31,a3986d20c19f33c7c107fw,2026-01-31 02:20:00.000,62,True,104,149,339,2296,33.96,229.62,0.149,True,1.0461,,,,,,,,,,,,,,,,
2026-01-31,a3986d20c19f33c7c107fw,2026-01-31 02:30:00.000,63,True,106,542,1227,2282,122.7,228.26,0.542,True,1.0666,,,,,,,,,,,,,,,,
2026-01-31,a3986d20c19f33c7c107fw,2026-01-31 02:40:00.000,64,True,108,458,1038,2286,103.85,228.6,0.458,True,1.0839,,,,,,,,,,,,,,,,
2026-01-31,a3986d20c19f33c7c107fw,2026-01-31 02:50:00.000,65,True,110,536,1217,2290,121.71,229.03,0.536,True,1.1042,,,,,,,,,,,,,,,,
2026-01-31,a3986d20c19f33c7c107fw,2026-01-31 03:00:00.000,66,True,112,528,1199,2291,119.94,229.1,0.528,True,1.1242,,,,,,,,,,,,,,,,
2026-01-31,a3986d20c19f33c7c107fw,2026-01-31 03:10:00.000,67,True,114,604,1369,2286,136.93,228.66,0.604,True,1.147,,,,,,,,,,,,,,,,
2026-01-31,a3986d20c19f33c7c107fw,2026-01-31 03:20:00.000,68,True,116,594,1354,2300,135.47,230.09,0.594,True,1.1696,,,,,,,,,,,,,,,,
2026-01-31,a3986d20c19f33c7c107fw,2026-01-31 03:30:00.000,69,True,118,288,658,2300,65.85,230.0,0.289,True,1.1806,,,,,,,,,,,,,,,,
2026-01-31,a3986d20c19f33c7c107fw,2026-01-31 03:40:00.000,70,True,119,287,656,2304,65.64,230.42,0.287,True,1.1915,,,,,,,,,,,,,,,,
2026-01-31,a3986d20c19f33c7c107fw,2026-01-31 03:50:00.000,71,False,119,0,0,2310,0.0,231.03,0.0,False,1.1915,,,,,,,,,,,,,,,,
2026-01-31,a3986d20c19f33c7c107fw,2026-01-31 04:00:00.000,72,True,119,75,172,2315,17.22,231.52,0.075,True,1.1944,,,,,,,,,,,,,,,,
2026-01-31,a3986d20c19f33c7c107fw,2026-01-31 04:10:00.000,73,True,120,333,755,2282,75.51,228.22,0.334,True,1.2069,,,,,,,,,,,,,,,,
2026-01-31,a3986d20c19f33c7c107fw,2026-01-31 04:20:00.000,74,True,121,229,522,2293,52.25,229.38,0.23,True,1.2157,,,,,,,,,,,,,,,,
2026-01-31,a3986d20c19f33c7c107fw,2026-01-31 04:30:00.000,75,True,122,231,522,2276,52.25,227.65,0.232,True,1.2244,,,,,,,,,,,,,,,,
2026-01-31,a3986d20c19f33c7c107fw,2026-01-31 04:40:00.000,76,True,123,306,688,2266,68.82,226.6,0.306,True,1.2358,,,,,,,,,,,,,,,,
2026-01-31,a3986d20c19f33c7c107fw,2026-01-31 04:50:00.000,77,True,125,403,912,2282,91.29,228.22,0.404,True,1.251,,,,,,,,,,,,,,,,
2026-01-31,a3986d20c19f33c7c107fw,2026-01-31 05:00:00.000,78,True,126,403,912,2282,91.29,228.22,0.404,True,1.2663,,,,,,,,,,,,,,,,
2026-01-31,a3986d20c19f33c7c107fw,2026-01-31 05:10:00.000,79,True,128,394,890,2278,89.03,227.8,0.394,True,1.2811,,,,,,,,,,,,,,,,
2026-01-31,a3986d20c19f33c7c107fw,2026-01-31 05:20:00.000,80,False,128,0,0,2279,0.0,227.93,0.0,False,1.2811,,,,,,,,,,,,,,,,
2026-01-31,a3986d20c19f33c7c107fw,2026-01-31 05:30:00.000,81,False,128,0,0,2279,0.0,227.93,0.0,False,1.2811,,,,,,,,,,,,,,,,
2026-01-31,a3986d20c19f33c7c107fw,2026-01-31 05:40:00.000,82,False,128,0,0,2295,0.0,229.57,0.0,False,1.2811,,,,,,,,,,,,,,,,
2026-01-31,a3986d20c19f33c7c107fw,2026-01-31 05:50:00.000,83,True,129,387,877,2285,87.74,228.54,0.387,True,1.2957,,,,,,,,,,,,,,,,
2026-01-31,a3986d20c19f33c7c107fw,2026-01-31 06:00:00.000,84,True,130,318,716,2267,71.66,226.78,0.319,True,1.3077,,,,,,,,,,,,,,,,
2026-01-31,a3986d20c19f33c7c107fw,2026-01-31 06:10:00.000,85,True,131,320,723,2281,72.35,228.12,0.32,True,1.3197,,,,,,,,,,,,,,,,
2026-01-31,a3986d20c19f33c7c107fw,2026-01-31 06:20:00.000,86,True,133,318,719,2277,71.91,227.7,0.319,True,1.3317,,,,,,,,,,,,,,,,
2026-01-31,a3986d20c19f33c7c107fw,2026-01-31 06:30:00.000,87,True,134,232,524,2275,52.41,227.54,0.232,True,1.3404,,,,,,,,,,,,,,,,
2026-01-31,a3986d20c19f33c7c107fw,2026-01-31 06:40:00.000,88,True,135,467,1058,2287,105.88,228.7,0.467,True,1.3581,,,,,,,,,,,,,,,,
2026-01-31,a3986d20c19f33c7c107fw,2026-01-31 06:50:00.000,89,True,138,613,1387,2281,138.72,228.1,0.614,True,1.3812,,,,,,,,,,,,,,,,
2026-01-31,a3986d20c19f33c7c107fw,2026-01-31 07:00:00.000,90,True,139,312,706,2284,70.64,228.43,0.312,True,1.393,,,,,,,,,,,,,,,,
2026-01-31,a3986d20c19f33c7c107fw,2026-01-31 07:10:00.000,91,True,140,313,710,2289,71.07,228.9,0.313,True,1.4048,,,,,,,,,,,,,,,,
2026-01-31,a3986d20c19f33c7c107fw,2026-01-31 07:20:00.000,92,True,141,380,857,2276,85.74,227.64,0.38,True,1.4191,,,,,,,,,,,,,,,,
2026-01-31,a3986d20c19f33c7c107fw,2026-01-31 07:30:00.000,93,True,143,301,681,2280,68.17,228.05,0.302,True,1.4305,,,,,,,,,,,,,,,,
2026-01-31,a3986d20c19f33c7c107fw,2026-01-31 07:40:00.000,94,True,144,301,681,2283,68.19,228.3,0.301,True,1.4419,,,,,,,,,,,,,,,,
2026-01-31,a3986d20c19f33c7c107fw,2026-01-31 07:50:00.000,95,True,145,379,858,2281,85.85,228.19,0.38,True,1.4562,,,,,,,,,,,,,,,,
2026-01-31,a3986d20c19f33c7c107fw,2026-01-31 08:00:00.000,96,True,147,378,856,2284,85.65,228.49,0.378,True,1.4704,,,,,,,,,,,,,,,,
2026-01-31,a3986d20c19f33c7c107fw,2026-01-31 08:10:00.000,97,True,148,451,1025,2293,102.55,229.31,0.451,True,1.4875,,,,,,,,,,,,,,,,
2026-01-31,a3986d20c19f33c7c107fw,2026-01-31 08:20:00.000,98,True,150,376,858,2299,85.8,229.9,0.377,True,1.5018,,,,,,,,,,,,,,,,
2026-01-31,a3986d20c19f33c7c107fw,2026-01-31 08:30:00.000,99,True,151,381,870,2300,87.01,230.0,0.382,True,1.5163,,,,,,,,,,,,,,,,
2026-01-31,a3986d20c19f33c7c107fw,2026-01-31 08:40:00.000,100,True,152,230,527,2306,52.71,230.66,0.231,True,1.5251,,,,,,,,,,,,,,,,
2026-01-31,a3986d20c19f33c7c107fw,2026-01-31 08:50:00.000,101,True,153,304,696,2304,69.67,230.48,0.305,True,1.5367,,,,,,,,,,,,,,,,
2026-01-31,a3986d20c19f33c7c107fw,2026-01-31 09:00:00.000,102,True,154,152,347,2303,34.77,230.36,0.152,True,1.5425,,,,,,,,,,,,,,,,
2026-01-31,a3986d20c19f33c7c107fw,2026-01-31 09:10:00.000,103,True,154,152,347,2304,34.77,230.41,0.152,True,1.5483,,,,,,,,,,,,,,,,
2026-01-31,a3986d20c19f33c7c107fw,2026-01-31 09:20:00.000,104,True,156,458,1049,2309,104.98,230.97,0.459,True,1.5658,,,,,,,,,,,,,,,,
2026-01-31,a3986d20c19f33c7c107fw,2026-01-31 09:30:00.000,105,True,157,232,530,2305,53.04,230.57,0.232,True,1.5747,,,,,,,,,,,,,,,,
2026-01-31,a3986d20c19f33c7c107fw,2026-01-31 09:40:00.000,106,True,158,232,530,2306,53.04,230.63,0.232,True,1.5835,,,,,,,,,,,,,,,,
2026-01-31,a3986d20c19f33c7c107fw,2026-01-31 09:50:00.000,107,True,160,464,1060,2303,106.06,230.35,0.465,True,1.6012,,,,,,,,,,,,,,,,
2026-01-31,a3986d20c19f33c7c107fw,2026-01-31 10:00:00.000,108,True,161,311,711,2307,71.17,230.7,0.311,True,1.613,,,,,,,,,,,,,,,,
2026-01-31,a3986d20c19f33c7c107fw,2026-01-31 10:10:00.000,109,True,162,233,532,2304,53.25,230.4,0.233,True,1.6219,,,,,,,,,,,,,,,,
2026-01-31,a3986d20c19f33c7c107fw,2026-01-31 10:20:00.000,110,True,162,155,354,2302,35.48,230.27,0.155,True,1.6278,,,,,,,,,,,,,,,,
2026-01-31,a3986d20c19f33c7c107fw,2026-01-31 10:30:00.000,111,True,163,0,591,2303,59.1,230.33,0.0,True,1.6377,,,,,,,,,,,,,,,,
2026-01-31,a3986d20c19f33c7c107fw,2026-01-31 10:40:00.000,112,True,164,75,171,2302,17.14,230.2,0.075,True,1.6405,,,,,,,,,,,,,,,,
2026-01-31,a3986d20c19f33c7c107fw,2026-01-31 10:50:00.000,113,True,164,155,354,2303,35.44,230.32,0.155,True,1.6464,,,,,,,,,,,,,,,,
2026-01-31,a3986d20c19f33c7c107fw,2026-01-31 11:00:00.000,114,False,164,0,0,2304,0.0,230.47,0.0,False,1.6464,,,,,,,,,,,,,,,,
2026-01-31,a3986d20c19f33c7c107fw,2026-01-31 11:10:00.000,115,True,165,235,536,2300,53.6,230.0,0.235,True,1.6554,,,,,,,,,,,,,,,,
2026-01-31,a3986d20c19f33c7c107fw,2026-01-31 11:20:00.000,116,True,167,389,889,2302,88.93,230.22,0.39,True,1.6702,,,,,,,,,,,,,,,,
2026-01-31,a3986d20c19f33c7c107fw,2026-01-31 11:30:00.000,117,True,168,392,895,2301,89.51,230.13,0.392,True,1.6851,,,,,,,,,,,,,,,,
2026-01-31,a3986d20c19f33c7c107fw,2026-01-31 11:40:00.000,118,True,169,315,718,2298,71.84,229.84,0.315,True,1.6971,,,,,,,,,,,,,,,,
2026-01-31,a3986d20c19f33c7c107fw,2026-01-31 11:50:00.000,119,True,170,152,349,2311,34.93,231.12,0.152,True,1.7029,,,,,,,,,,,,,,,,
2026-01-31,a3986d20c19f33c7c107fw,2026-01-31 12:00:00.000,120,True,170,73,166,2306,16.69,230.64,0.073,True,1.7057,,,,,,,,,,,,,,,,
2026-01-31,a3986d20c19f33c7c107fw,2026-01-31 12:10:00.000,121,True,170,76,173,2301,17.39,230.18,0.076,True,1.7086,,,,,,,,,,,,,,,,
2026-01-31,a3986d20c19f33c7c107fw,2026-01-31 12:20:00.000,122,True,171,154,352,2306,35.26,230.63,0.154,True,1.7145,,,,,,,,,,,,,,,,
2026-01-31,a3986d20c19f33c7c107fw,2026-01-31 12:30:00.000,123,True,172,154,352,2306,35.26,230.63,0.154,True,1.7203,,,,,,,,,,,,,,,,
2026-01-31,a3986d20c19f33c7c107fw,2026-01-31 12:40:00.000,124,True,173,468,1064,2293,106.43,229.34,0.468,True,1.7381,,,,,,,,,,,,,,,,
2026-01-31,a3986d20c19f33c7c107fw,2026-01-31 12:50:00.000,125,True,175,545,1237,2287,123.78,228.73,0.546,True,1.7587,,,,,,,,,,,,,,,,
2026-01-31,a3986d20c19f33c7c107fw,2026-01-31 13:00:00.000,126,True,177,465,1054,2288,105.48,228.86,0.465,True,1.7763,,,,,,,,,,,,,,,,
2026-01-31,a3986d20c19f33c7c107fw,2026-01-31 13:10:00.000,127,True,179,465,1054,2288,105.48,228.86,0.465,True,1.7939,,,,,,,,,,,,,,,,
2026-01-31,a3986d20c19f33c7c107fw,2026-01-31 13:20:00.000,128,True,180,301,682,2280,68.25,228.09,0.302,True,1.8052,,,,,,,,,,,,,,,,
2026-01-31,a3986d20c19f33c7c107fw,2026-01-31 13:30:00.000,129,True,181,227,511,2274,51.18,227.47,0.227,True,1.8138,,,,,,,,,,,,,,,,
2026-01-31,a3986d20c19f33c7c107fw,2026-01-31 13:40:00.000,130,True,181,72,163,2273,16.31,227.37,0.072,True,1.8165,,,,,,,,,,,,,,,,
2026-01-31,a3986d20c19f33c7c107fw,2026-01-31 13:50:00.000,131,True,181,72,163,2273,16.31,227.37,0.072,True,1.8192,,,,,,,,,,,,,,,,
2026-01-31,a3986d20c19f33c7c107fw,2026-01-31 14:00:00.000,132,True,183,303,682,2270,68.21,227.03,0.303,True,1.8306,,,,,,,,,,,,,,,,
2026-01-31,a3986d20c19f33c7c107fw,2026-01-31 14:10:00.000,133,True,184,316,710,2266,71.03,226.64,0.316,True,1.8424,,,,,,,,,,,,,,,,
2026-01-31,a3986d20c19f33c7c107fw,2026-01-31 14:20:00.000,134,True,185,316,710,2266,71.03,226.64,0.316,True,1.8542,,,,,,,,,,,,,,,,
2026-01-31,a3986d20c19f33c7c107fw,2026-01-31 14:30:00.000,135,True,186,392,882,2268,88.3,226.83,0.393,True,1.869,,,,,,,,,,,,,,,,
2026-01-31,a3986d20c19f33c7c107fw,2026-01-31 14:40:00.000,136,True,188,388,873,2268,87.39,226.87,0.389,True,1.8835,,,,,,,,,,,,,,,,
2026-01-31,a3986d20c19f33c7c107fw,2026-01-31 14:50:00.000,137,True,189,308,694,2269,69.44,226.95,0.309,True,1.8951,,,,,,,,,,,,,,,,
2026-01-31,a3986d20c19f33c7c107fw,2026-01-31 15:00:00.000,138,True,190,302,683,2282,68.35,228.2,0.302,True,1.9065,,,,,,,,,,,,,,,,
2026-01-31,a3986d20c19f33c7c107fw,2026-01-31 15:10:00.000,139,True,192,381,862,2279,86.3,227.94,0.382,True,1.9209,,,,,,,,,,,,,,,,
2026-01-31,a3986d20c19f33c7c107fw,2026-01-31 15:20:00.000,140,True,193,385,869,2279,87.0,227.9,0.385,True,1.9354,,,,,,,,,,,,,,,,
2026-01-31,a3986d20c19f33c7c107fw,2026-01-31 15:30:00.000,141,True,194,383,866,2279,86.63,227.97,0.383,True,1.9498,,,,,,,,,,,,,,,,
2026-01-31,a3986d20c19f33c7c107fw,2026-01-31 15:40:00.000,142,True,196,378,855,2278,85.55,227.81,0.379,True,1.9641,,,,,,,,,,,,,,,,
2026-01-31,a3986d20c19f33c7c107fw,2026-01-31 15:50:00.000,143,True,197,157,355,2284,35.57,228.48,0.157,True,1.97,,,,,,,,,,,,,,,,
2026-02-01,a3986d20c19f33c7c107fw,2026-01-31 16:00:00.000,0,True,1,308,737,2284,73.75,228.4,0.308,True,0.0123,,,,,,,,,,,,,,,,
2026-02-01,a3986d20c19f33c7c107fw,2026-01-31 16:10:00.000,1,True,2,231,554,2284,55.49,228.45,0.232,True,0.0215,,,,,,,,,,,,,,,,
2026-02-01,a3986d20c19f33c7c107fw,2026-01-31 16:20:00.000,2,True,4,687,1642,2282,164.24,228.22,0.687,True,0.0489,,,,,,,,,,,,,,,,
2026-02-01,a3986d20c19f33c7c107fw,2026-01-31 16:30:00.000,3,True,6,380,906,2271,90.65,227.19,0.381,True,0.064,,,,,,,,,,,,,,,,
2026-02-01,a3986d20c19f33c7c107fw,2026-01-31 16:40:00.000,4,True,9,849,2034,2287,203.42,228.73,0.849,True,0.0979,,,,,,,,,,,,,,,,
2026-02-01,a3986d20c19f33c7c107fw,2026-01-31 16:50:00.000,5,True,12,768,1837,2282,183.72,228.29,0.768,True,0.1285,,,,,,,,,,,,,,,,
2026-02-01,a3986d20c19f33c7c107fw,2026-01-31 17:00:00.000,6,True,16,840,2007,2281,200.74,228.13,0.84,True,0.162,,,,,,,,,,,,,,,,
2026-02-01,a3986d20c19f33c7c107fw,2026-01-31 17:10:00.000,7,True,18,457,1089,2273,108.99,227.36,0.458,True,0.1802,,,,,,,,,,,,,,,,
2026-02-01,a3986d20c19f33c7c107fw,2026-01-31 17:20:00.000,8,True,19,463,1110,2288,111.1,228.81,0.464,True,0.1987,,,,,,,,,,,,,,,,
2026-02-01,a3986d20c19f33c7c107fw,2026-01-31 17:30:00.000,9,True,21,488,1174,2295,117.44,229.59,0.488,True,0.2183,,,,,,,,,,,,,,,,
2026-02-01,a3986d20c19f33c7c107fw,2026-01-31 17:40:00.000,10,True,23,399,959,2294,95.96,229.4,0.399,True,0.2342,,,,,,,,,,,,,,,,
2026-02-01,a3986d20c19f33c7c107fw,2026-01-31 17:50:00.000,11,True,25,455,1094,2296,109.42,229.61,0.455,True,0.2525,,,,,,,,,,,,,,,,
2026-02-01,a3986d20c19f33c7c107fw,2026-01-31 18:00:00.000,12,True,28,841,2014,2284,201.41,228.47,0.842,True,0.2861,,,,,,,,,,,,,,,,
2026-02-01,a3986d20c19f33c7c107fw,2026-01-31 18:10:00.000,13,True,31,614,1472,2289,147.28,228.93,0.614,True,0.3106,,,,,,,,,,,,,,,,
2026-02-01,a3986d20c19f33c7c107fw,2026-01-31 18:20:00.000,14,True,33,714,1712,2287,171.2,228.77,0.715,True,0.3391,,,,,,,,,,,,,,,,
2026-02-01,a3986d20c19f33c7c107fw,2026-01-31 18:30:00.000,15,True,36,625,1497,2286,149.72,228.65,0.625,True,0.3641,,,,,,,,,,,,,,,,
2026-02-01,a3986d20c19f33c7c107fw,2026-01-31 18:40:00.000,16,True,38,611,1467,2291,146.72,229.16,0.611,True,0.3885,,,,,,,,,,,,,,,,
2026-02-01,a3986d20c19f33c7c107fw,2026-01-31 18:50:00.000,17,True,41,543,1310,2302,131.0,230.23,0.543,True,0.4104,,,,,,,,,,,,,,,,
2026-02-01,a3986d20c19f33c7c107fw,2026-01-31 19:00:00.000,18,True,43,622,1500,2302,150.07,230.21,0.622,True,0.4354,,,,,,,,,,,,,,,,
2026-02-01,a3986d20c19f33c7c107fw,2026-01-31 19:10:00.000,19,True,45,454,1096,2305,109.64,230.52,0.454,True,0.4537,,,,,,,,,,,,,,,,
2026-02-01,a3986d20c19f33c7c107fw,2026-01-31 19:20:00.000,20,True,47,454,1096,2303,109.64,230.3,0.455,True,0.4719,,,,,,,,,,,,,,,,
2026-02-01,a3986d20c19f33c7c107fw,2026-01-31 19:30:00.000,21,True,49,610,1471,2302,147.14,230.27,0.61,True,0.4965,,,,,,,,,,,,,,,,
2026-02-01,a3986d20c19f33c7c107fw,2026-01-31 19:40:00.000,22,True,51,451,1089,2305,108.99,230.5,0.451,True,0.5146,,,,,,,,,,,,,,,,
2026-02-01,a3986d20c19f33c7c107fw,2026-01-31 19:50:00.000,23,True,53,450,1086,2300,108.66,230.07,0.451,True,0.5327,,,,,,,,,,,,,,,,
2026-02-01,a3986d20c19f33c7c107fw,2026-01-31 20:00:00.000,24,True,55,529,1280,2307,128.04,230.74,0.53,True,0.5541,,,,,,,,,,,,,,,,
2026-02-01,a3986d20c19f33c7c107fw,2026-01-31 20:10:00.000,25,True,57,531,1280,2301,128.04,230.11,0.531,True,0.5754,,,,,,,,,,,,,,,,
2026-02-01,a3986d20c19f33c7c107fw,2026-01-31 20:20:00.000,26,True,58,151,366,2303,36.63,230.32,0.152,True,0.5815,,,,,,,,,,,,,,,,
2026-02-01,a3986d20c19f33c7c107fw,2026-01-31 20:30:00.000,27,True,58,158,382,2309,38.29,230.9,0.158,True,0.5879,,,,,,,,,,,,,,,,
2026-02-01,a3986d20c19f33c7c107fw,2026-01-31 20:40:00.000,28,True,59,152,368,2304,36.87,230.4,0.153,True,0.594,,,,,,,,,,,,,,,,
2026-02-01,a3986d20c19f33c7c107fw,2026-01-31 20:50:00.000,29,True,60,231,560,2312,56.01,231.27,0.231,True,0.6034,,,,,,,,,,,,,,,,
2026-02-01,a3986d20c19f33c7c107fw,2026-01-31 21:00:00.000,30,True,62,539,1305,2308,130.53,230.82,0.54,True,0.6251,,,,,,,,,,,,,,,,
2026-02-01,a3986d20c19f33c7c107fw,2026-01-31 21:10:00.000,31,True,64,607,1462,2297,146.24,229.7,0.608,True,0.6495,,,,,,,,,,,,,,,,
2026-02-01,a3986d20c19f33c7c107fw,2026-01-31 21:20:00.000,32,True,67,607,1462,2300,146.24,230.05,0.607,True,0.6739,,,,,,,,,,,,,,,,
2026-02-01,a3986d20c19f33c7c107fw,2026-01-31 21:30:00.000,33,True,69,453,1091,2296,109.11,229.67,0.454,True,0.6921,,,,,,,,,,,,,,,,
2026-02-01,a3986d20c19f33c7c107fw,2026-01-31 21:40:00.000,34,True,71,530,1276,2297,127.68,229.74,0.531,True,0.7133,,,,,,,,,,,,,,,,
2026-02-01,a3986d20c19f33c7c107fw,2026-01-31 21:50:00.000,35,True,72,309,747,2305,74.73,230.52,0.31,True,0.7258,,,,,,,,,,,,,,,,
2026-02-01,a3986d20c19f33c7c107fw,2026-01-31 22:00:00.000,36,True,73,231,556,2295,55.61,229.54,0.231,True,0.7351,,,,,,,,,,,,,,,,
2026-02-01,a3986d20c19f33c7c107fw,2026-01-31 22:10:00.000,37,True,74,155,376,2307,37.66,230.78,0.156,True,0.7413,,,,,,,,,,,,,,,,
2026-02-01,a3986d20c19f33c7c107fw,2026-01-31 22:20:00.000,38,True,75,448,1082,2304,108.29,230.42,0.449,True,0.7594,,,,,,,,,,,,,,,,
2026-02-01,a3986d20c19f33c7c107fw,2026-01-31 22:30:00.000,39,True,78,757,1825,2301,182.54,230.1,0.757,True,0.7898,,,,,,,,,,,,,,,,
2026-02-01,a3986d20c19f33c7c107fw,2026-01-31 22:40:00.000,40,True,81,604,1458,2301,145.81,230.18,0.605,True,0.8141,,,,,,,,,,,,,,,,
2026-02-01,a3986d20c19f33c7c107fw,2026-01-31 22:50:00.000,41,True,83,526,1269,2301,126.98,230.17,0.527,True,0.8353,,,,,,,,,,,,,,,,
2026-02-01,a3986d20c19f33c7c107fw,2026-01-31 23:00:00.000,42,True,85,523,1259,2297,125.94,229.74,0.523,True,0.8563,,,,,,,,,,,,,,,,
2026-02-01,a3986d20c19f33c7c107fw,2026-01-31 23:10:00.000,43,True,87,380,916,2301,91.66,230.15,0.38,True,0.8715,,,,,,,,,,,,,,,,
2026-02-01,a3986d20c19f33c7c107fw,2026-01-31 23:20:00.000,44,True,87,156,378,2312,37.87,231.24,0.156,True,0.8779,,,,,,,,,,,,,,,,
2026-02-01,a3986d20c19f33c7c107fw,2026-01-31 23:30:00.000,45,True,88,79,191,2301,19.14,230.1,0.079,True,0.881,,,,,,,,,,,,,,,,
2026-02-01,a3986d20c19f33c7c107fw,2026-01-31 23:40:00.000,46,True,89,0,591,2300,59.15,230.01,0.0,True,0.8909,,,,,,,,,,,,,,,,
2026-02-01,a3986d20c19f33c7c107fw,2026-01-31 23:50:00.000,47,True,90,0,591,2297,59.15,229.73,0.0,True,0.9008,,,,,,,,,,,,,,,,
2026-02-01,a3986d20c19f33c7c107fw,2026-02-01 00:00:00.000,48,True,91,231,555,2293,55.53,229.38,0.231,True,0.91,,,,,,,,,,,,,,,,
2026-02-01,a3986d20c19f33c7c107fw,2026-02-01 00:10:00.000,49,True,93,691,1667,2302,166.77,230.29,0.691,True,0.9378,,,,,,,,,,,,,,,,
2026-02-01,a3986d20c19f33c7c107fw,2026-02-01 00:20:00.000,50,True,96,616,1486,2304,148.68,230.45,0.616,True,0.9626,,,,,,,,,,,,,,,,
2026-02-01,a3986d20c19f33c7c107fw,2026-02-01 00:30:00.000,51,True,98,539,1303,2307,130.38,230.76,0.539,True,0.9843,,,,,,,,,,,,,,,,
2026-02-01,a3986d20c19f33c7c107fw,2026-02-01 00:40:00.000,52,True,98,76,185,2307,18.58,230.72,0.077,True,0.9874,,,,,,,,,,,,,,,,
2026-02-01,a3986d20c19f33c7c107fw,2026-02-01 00:50:00.000,53,True,99,154,374,2317,37.42,231.74,0.154,True,0.9937,,,,,,,,,,,,,,,,
2026-02-01,a3986d20c19f33c7c107fw,2026-02-01 01:00:00.000,54,True,99,153,371,2304,37.16,230.49,0.154,True,0.9998,,,,,,,,,,,,,,,,
2026-02-01,a3986d20c19f33c7c107fw,2026-02-01 01:10:00.000,55,True,100,147,356,2308,35.63,230.82,0.147,True,1.0058,,,,,,,,,,,,,,,,
2026-02-01,a3986d20c19f33c7c107fw,2026-02-01 01:20:00.000,56,True,102,452,1097,2315,109.8,231.55,0.453,True,1.0241,,,,,,,,,,,,,,,,
2026-02-01,a3986d20c19f33c7c107fw,2026-02-01 01:30:00.000,57,True,104,606,1470,2315,147.08,231.5,0.607,True,1.0486,,,,,,,,,,,,,,,,
2026-02-01,a3986d20c19f33c7c107fw,2026-02-01 01:40:00.000,58,True,106,463,1117,2301,111.79,230.16,0.464,True,1.0672,,,,,,,,,,,,,,,,
2026-02-01,a3986d20c19f33c7c107fw,2026-02-01 01:50:00.000,59,True,107,310,749,2302,74.95,230.24,0.311,True,1.0797,,,,,,,,,,,,,,,,
2026-02-01,a3986d20c19f33c7c107fw,2026-02-01 02:00:00.000,60,True,108,153,368,2297,36.82,229.7,0.153,True,1.0859,,,,,,,,,,,,,,,,
2026-02-01,a3986d20c19f33c7c107fw,2026-02-01 02:10:00.000,61,True,109,312,749,2287,74.96,228.76,0.313,True,1.0984,,,,,,,,,,,,,,,,
2026-02-01,a3986d20c19f33c7c107fw,2026-02-01 02:20:00.000,62,True,110,149,358,2296,35.89,229.62,0.149,True,1.1043,,,,,,,,,,,,,,,,
2026-02-01,a3986d20c19f33c7c107fw,2026-02-01 02:30:00.000,63,True,112,542,1296,2282,129.66,228.26,0.542,True,1.1259,,,,,,,,,,,,,,,,
2026-02-01,a3986d20c19f33c7c107fw,2026-02-01 02:40:00.000,64,True,114,458,1097,2286,109.74,228.6,0.458,True,1.1442,,,,,,,,,,,,,,,,
2026-02-01,a3986d20c19f33c7c107fw,2026-02-01 02:50:00.000,65,True,116,536,1286,2290,128.61,229.03,0.536,True,1.1657,,,,,,,,,,,,,,,,
2026-02-01,a3986d20c19f33c7c107fw,2026-02-01 03:00:00.000,66,True,118,528,1267,2291,126.74,229.1,0.528,True,1.1868,,,,,,,,,,,,,,,,
2026-02-01,a3986d20c19f33c7c107fw,2026-02-01 03:10:00.000,67,True,121,604,1446,2286,144.69,228.66,0.604,True,1.2109,,,,,,,,,,,,,,,,
2026-02-01,a3986d20c19f33c7c107fw,2026-02-01 03:20:00.000,68,True,123,594,1431,2300,143.15,230.09,0.594,True,1.2348,,,,,,,,,,,,,,,,
2026-02-01,a3986d20c19f33c7c107fw,2026-02-01 03:30:00.000,69,True,124,288,695,2300,69.59,230.0,0.289,True,1.2464,,,,,,,,,,,,,,,,
2026-02-01,a3986d20c19f33c7c107fw,2026-02-01 03:40:00.000,70,True,125,287,693,2304,69.36,230.42,0.287,True,1.2579,,,,,,,,,,,,,,,,
2026-02-01,a3986d20c19f33c7c107fw,2026-02-01 03:50:00.000,71,False,125,0,0,2310,0.0,231.03,0.0,False,1.2579,,,,,,,,,,,,,,,,
2026-02-01,a3986d20c19f33c7c107fw,2026-02-01 04:00:00.000,72,True,126,75,181,2315,18.19,231.52,0.075,True,1.261,,,,,,,,,,,,,,,,
2026-02-01,a3986d20c19f33c7c107fw,2026-02-01 04:10:00.000,73,True,127,333,797,2282,79.79,228.22,0.334,True,1.2743,,,,,,,,,,,,,,,,
2026-02-01,a3986d20c19f33c7c107fw,2026-02-01 04:20:00.000,74,True,128,229,552,2293,55.21,229.38,0.23,True,1.2835,,,,,,,,,,,,,,,,
2026-02-01,a3986d20c19f33c7c107fw,2026-02-01 04:30:00.000,75,True,129,231,552,2276,55.21,227.65,0.232,True,1.2927,,,,,,,,,,,,,,,,
2026-02-01,a3986d20c19f33c7c107fw,2026-02-01 04:40:00.000,76,True,130,306,727,2266,72.72,226.6,0.306,True,1.3048,,,,,,,,,,,,,,,,
2026-02-01,a3986d20c19f33c7c107fw,2026-02-01 04:50:00.000,77,True,132,403,964,2282,96.47,228.22,0.404,True,1.3209,,,,,,,,,,,,,,,,
2026-02-01,a3986d20c19f33c7c107fw,2026-02-01 05:00:00.000,78,True,133,403,964,2282,96.47,228.22,0.404,True,1.3369,,,,,,,,,,,,,,,,
2026-02-01,a3986d20c19f33c7c107fw,2026-02-01 05:10:00.000,79,True,135,394,940,2278,94.08,227.8,0.394,True,1.3526,,,,,,,,,,,,,,,,
2026-02-01,a3986d20c19f33c7c107fw,2026-02-01 05:20:00.000,80,False,135,0,0,2279,0.0,227.93,0.0,False,1.3526,,,,,,,,,,,,,,,,
2026-02-01,a3986d20c19f33c7c107fw,2026-02-01 05:30:00.000,81,False,135,0,0,2279,0.0,227.93,0.0,False,1.3526,,,,,,,,,,,,,,,,
2026-02-01,a3986d20c19f33c7c107fw,2026-02-01 05:40:00.000,82,False,135,0,0,2295,0.0,229.57,0.0,False,1.3526,,,,,,,,,,,,,,,,
2026-02-01,a3986d20c19f33c7c107fw,2026-02-01 05:50:00.000,83,True,136,387,927,2285,92.71,228.54,0.387,True,1.3681,,,,,,,,,,,,,,,,
2026-02-01,a3986d20c19f33c7c107fw,2026-02-01 06:00:00.000,84,True,138,318,757,2267,75.72,226.78,0.319,True,1.3807,,,,,,,,,,,,,,,,
2026-02-01,a3986d20c19f33c7c107fw,2026-02-01 06:10:00.000,85,True,139,320,764,2281,76.46,228.12,0.32,True,1.3934,,,,,,,,,,,,,,,,
2026-02-01,a3986d20c19f33c7c107fw,2026-02-01 06:20:00.000,86,True,140,318,759,2277,75.99,227.7,0.319,True,1.4061,,,,,,,,,,,,,,,,
2026-02-01,a3986d20c19f33c7c107fw,2026-02-01 06:30:00.000,87,True,141,232,553,2275,55.38,227.54,0.232,True,1.4153,,,,,,,,,,,,,,,,
2026-02-01,a3986d20c19f33c7c107fw,2026-02-01 06:40:00.000,88,True,143,467,1118,2287,111.89,228.7,0.467,True,1.434,,,,,,,,,,,,,,,,
2026-02-01,a3986d20c19f33c7c107fw,2026-02-01 06:50:00.000,89,True,145,613,1465,2281,146.58,228.1,0.614,True,1.4584,,,,,,,,,,,,,,,,
2026-02-01,a3986d20c19f33c7c107fw,2026-02-01 07:00:00.000,90,True,147,312,746,2284,74.65,228.43,0.312,True,1.4708,,,,,,,,,,,,,,,,
2026-02-01,a3986d20c19f33c7c107fw,2026-02-01 07:10:00.000,91,True,148,313,750,2289,75.09,228.9,0.313,True,1.4834,,,,,,,,,,,,,,,,
2026-02-01,a3986d20c19f33c7c107fw,2026-02-01 07:20:00.000,92,True,149,380,906,2276,90.6,227.64,0.38,True,1.4985,,,,,,,,,,,,,,,,
2026-02-01,a3986d20c19f33c7c107fw,2026-02-01 07:30:00.000,93,True,151,301,720,2280,72.03,228.05,0.302,True,1.5105,,,,,,,,,,,,,,,,
2026-02-01,a3986d20c19f33c7c107fw,2026-02-01 07:40:00.000,94,True,152,301,720,2283,72.05,228.3,0.301,True,1.5225,,,,,,,,,,,,,,,,
2026-02-01,a3986d20c19f33c7c107fw,2026-02-01 07:50:00.000,95,True,153,379,907,2281,90.72,228.19,0.38,True,1.5376,,,,,,,,,,,,,,,,
2026-02-01,a3986d20c19f33c7c107fw,2026-02-01 08:00:00.000,96,True,155,378,904,2284,90.5,228.49,0.378,True,1.5527,,,,,,,,,,,,,,,,
2026-02-01,a3986d20c19f33c7c107fw,2026-02-01 08:10:00.000,97,True,157,451,1083,2293,108.37,229.31,0.451,True,1.5707,,,,,,,,,,,,,,,,
2026-02-01,a3986d20c19f33c7c107fw,2026-02-01 08:20:00.000,98,True,158,376,906,2299,90.66,229.9,0.377,True,1.5858,,,,,,,,,,,,,,,,
2026-02-01,a3986d20c19f33c7c107fw,2026-02-01 08:30:00.000,99,True,160,381,919,2300,91.94,230.0,0.382,True,1.6012,,,,,,,,,,,,,,,,
2026-02-01,a3986d20c19f33c7c107fw,2026-02-01 08:40:00.000,100,True,161,230,556,2306,55.7,230.66,0.231,True,1.6105,,,,,,,,,,,,,,,,
2026-02-01,a3986d20c19f33c7c107fw,2026-02-01 08:50:00.000,101,True,162,304,736,2304,73.62,230.48,0.305,True,1.6227,,,,,,,,,,,,,,,,
2026-02-01,a3986d20c19f33c7c107fw,2026-02-01 09:00:00.000,102,True,162,152,367,2303,36.74,230.36,0.152,True,1.6288,,,,,,,,,,,,,,,,
2026-02-01,a3986d20c19f33c7c107fw,2026-02-01 09:10:00.000,103,True,163,152,367,2304,36.74,230.41,0.152,True,1.635,,,,,,,,,,,,,,,,
2026-02-01,a3986d20c19f33c7c107fw,2026-02-01 09:20:00.000,104,True,165,458,1109,2309,110.93,230.97,0.459,True,1.6535,,,,,,,,,,,,,,,,
2026-02-01,a3986d20c19f33c7c107fw,2026-02-01 09:30:00.000,105,True,166,232,560,2305,56.05,230.57,0.232,True,1.6628,,,,,,,,,,,,,,,,
2026-02-01,a3986d20c19f33c7c107fw,2026-02-01 09:40:00.000,106,True,167,232,560,2306,56.05,230.63,0.232,True,1.6721,,,,,,,,,,,,,,,,
2026-02-01,a3986d20c19f33c7c107fw,2026-02-01 09:50:00.000,107,True,169,464,1120,2303,112.07,230.35,0.465,True,1.6908,,,,,,,,,,,,,,,,
2026-02-01,a3986d20c19f33c7c107fw,2026-02-01 10:00:00.000,108,True,170,311,751,2307,75.2,230.7,0.311,True,1.7034,,,,,,,,,,,,,,,,
2026-02-01,a3986d20c19f33c7c107fw,2026-02-01 10:10:00.000,109,True,171,233,562,2304,56.27,230.4,0.233,True,1.7127,,,,,,,,,,,,,,,,
2026-02-01,a3986d20c19f33c7c107fw,2026-02-01 10:20:00.000,110,True,171,155,374,2302,37.49,230.27,0.155,True,1.719,,,,,,,,,,,,,,,,
2026-02-01,a3986d20c19f33c7c107fw,2026-02-01 10:30:00.000,111,True,172,0,591,2303,59.15,230.33,0.0,True,1.7288,,,,,,,,,,,,,,,,
2026-02-01,a3986d20c19f33c7c107fw,2026-02-01 10:40:00.000,112,True,173,75,181,2302,18.11,230.2,0.075,True,1.7319,,,,,,,,,,,,,,,,
2026-02-01,a3986d20c19f33c7c107fw,2026-02-01 10:50:00.000,113,True,173,155,374,2303,37.45,230.32,0.155,True,1.7381,,,,,,,,,,,,,,,,
2026-02-01,a3986d20c19f33c7c107fw,2026-02-01 11:00:00.000,114,False,173,0,0,2304,0.0,230.47,0.0,False,1.7381,,,,,,,,,,,,,,,,
2026-02-01,a3986d20c19f33c7c107fw,2026-02-01 11:10:00.000,115,True,174,235,566,2300,56.63,230.0,0.235,True,1.7475,,,,,,,,,,,,,,,,
2026-02-01,a3986d20c19f33c7c107fw,2026-02-01 11:20:00.000,116,True,176,389,939,2302,93.97,230.22,0.39,True,1.7632,,,,,,,,,,,,,,,,
2026-02-01,a3986d20c19f33c7c107fw,2026-02-01 11:30:00.000,117,True,177,392,945,2301,94.59,230.13,0.392,True,1.779,,,,,,,,,,,,,,,,
2026-02-01,a3986d20c19f33c7c107fw,2026-02-01 11:40:00.000,118,True,179,315,759,2298,75.91,229.84,0.315,True,1.7916,,,,,,,,,,,,,,,,
2026-02-01,a3986d20c19f33c7c107fw,2026-02-01 11:50:00.000,119,True,179,152,369,2311,36.91,231.12,0.152,True,1.7978,,,,,,,,,,,,,,,,
2026-02-01,a3986d20c19f33c7c107fw,2026-02-01 12:00:00.000,120,True,180,73,176,2306,17.64,230.64,0.073,True,1.8007,,,,,,,,,,,,,,,,
2026-02-01,a3986d20c19f33c7c107fw,2026-02-01 12:10:00.000,121,True,180,76,183,2301,18.37,230.18,0.076,True,1.8038,,,,,,,,,,,,,,,,
2026-02-01,a3986d20c19f33c7c107fw,2026-02-01 12:20:00.000,122,True,180,154,372,2306,37.26,230.63,0.154,True,1.81,,,,,,,,,,,,,,,,
2026-02-01,a3986d20c19f33c7c107fw,2026-02-01 12:30:00.000,123,True,181,154,372,2306,37.26,230.63,0.154,True,1.8162,,,,,,,,,,,,,,,,
2026-02-01,a3986d20c19f33c7c107fw,2026-02-01 12:40:00.000,124,True,183,468,1124,2293,112.46,229.34,0.468,True,1.8349,,,,,,,,,,,,,,,,
2026-02-01,a3986d20c19f33c7c107fw,2026-02-01 12:50:00.000,125,True,185,545,1307,2287,130.78,228.73,0.546,True,1.8567,,,,,,,,,,,,,,,,
2026-02-01,a3986d20c19f33c7c107fw,2026-02-01 13:00:00.000,126,True,187,465,1114,2288,111.46,228.86,0.465,True,1.8753,,,,,,,,,,,,,,,,
2026-02-01,a3986d20c19f33c7c107fw,2026-02-01 13:10:00.000,127,True,189,465,1114,2288,111.46,228.86,0.465,True,1.8939,,,,,,,,,,,,,,,,
2026-02-01,a3986d20c19f33c7c107fw,2026-02-01 13:20:00.000,128,True,190,301,721,2280,72.12,228.09,0.302,True,1.9059,,,,,,,,,,,,,,,,
2026-02-01,a3986d20c19f33c7c107fw,2026-02-01 13:30:00.000,129,True,191,227,540,2274,54.08,227.47,0.227,True,1.9149,,,,,,,,,,,,,,,,
2026-02-01,a3986d20c19f33c7c107fw,2026-02-01 13:40:00.000,130,True,191,72,172,2273,17.24,227.37,0.072,True,1.9178,,,,,,,,,,,,,,,,
2026-02-01,a3986d20c19f33c7c107fw,2026-02-01 13:50:00.000,131,True,192,72,172,2273,17.24,227.37,0.072,True,1.9207,,,,,,,,,,,,,,,,
2026-02-01,a3986d20c19f33c7c107fw,2026-02-01 14:00:00.000,132,True,193,303,720,2270,72.07,227.03,0.303,True,1.9327,,,,,,,,,,,,,,,,
2026-02-01,a3986d20c19f33c7c107fw,2026-02-01 14:10:00.000,133,True,194,316,750,2266,75.05,226.64,0.316,True,1.9452,,,,,,,,,,,,,,,,
2026-02-01,a3986d20c19f33c7c107fw,2026-02-01 14:20:00.000,134,True,195,316,750,2266,75.05,226.64,0.316,True,1.9577,,,,,,,,,,,,,,,,
2026-02-01,a3986d20c19f33c7c107fw,2026-02-01 14:30:00.000,135,True,197,392,933,2268,93.3,226.83,0.393,True,1.9732,,,,,,,,,,,,,,,,
2026-02-01,a3986d20c19f33c7c107fw,2026-02-01 14:40:00.000,136,True,198,388,923,2268,92.34,226.87,0.389,True,1.9886,,,,,,,,,,,,,,,,
2026-02-01,a3986d20c19f33c7c107fw,2026-02-01 14:50:00.000,137,True,200,308,733,2269,73.37,226.95,0.309,True,2.0009,,,,,,,,,,,,,,,,
2026-02-01,a3986d20c19f33c7c107fw,2026-02-01 15:00:00.000,138,True,201,302,722,2282,72.22,228.2,0.302,True,2.0129,,,,,,,,,,,,,,,,
2026-02-01,a3986d20c19f33c7c107fw,2026-02-01 15:10:00.000,139,True,202,381,911,2279,91.19,227.94,0.382,True,2.0281,,,,,,,,,,,,,,,,
2026-02-01,a3986d20c19f33c7c107fw,2026-02-01 15:20:00.000,140,True,204,385,919,2279,91.92,227.9,0.385,True,2.0434,,,,,,,,,,,,,,,,
2026-02-01,a3986d20c19f33c7c107fw,2026-02-01 15:30:00.000,141,True,205,383,915,2279,91.54,227.97,0.383,True,2.0587,,,,,,,,,,,,,,,,
2026-02-01,a3986d20c19f33c7c107fw,2026-02-01 15:40:00.000,142,True,207,378,903,2278,90.4,227.81,0.379,True,2.0737,,,,,,,,,,,,,,,,
2026-02-01,a3986d20c19f33c7c107fw,2026-02-01 15:50:00.000,143,True,207,157,375,2284,37.59,228.48,0.157,True,2.08,,,,,,,,,,,,,,,,
2026-02-02,a3986d20c19f33c7c107fw,2026-02-01 16:00:00.000,0,True,1,308,748,2284,74.83,228.4,0.308,True,0.0125,,,,,,,,,,,,,,,,
2026-02-02,a3986d20c19f33c7c107fw,2026-02-01 16:10:00.000,1,True,2,231,562,2284,56.3,228.45,0.232,True,0.0219,,,,,,,,,,,,,,,,
2026-02-02,a3986d20c19f33c7c107fw,2026-02-01 16:20:00.000,2,True,4,687,1666,2282,166.64,228.22,0.687,True,0.0496,,,,,,,,,,,,,,,,
2026-02-02,a3986d20c19f33c7c107fw,2026-02-01 16:30:00.000,3,True,6,380,919,2271,91.98,227.19,0.381,True,0.065,,,,,,,,,,,,,,,,
2026-02-02,a3986d20c19f33c7c107fw,2026-02-01 16:40:00.000,4,True,9,849,2063,2287,206.4,228.73,0.849,True,0.0994,,,,,,,,,,,,,,,,
2026-02-02,a3986d20c19f33c7c107fw,2026-02-01 16:50:00.000,5,True,13,768,1863,2282,186.4,228.29,0.768,True,0.1304,,,,,,,,,,,,,,,,
2026-02-02,a3986d20c19f33c7c107fw,2026-02-01 17:00:00.000,6,True,16,840,2036,2281,203.67,228.13,0.84,True,0.1644,,,,,,,,,,,,,,,,
2026-02-02,a3986d20c19f33c7c107fw,2026-02-01 17:10:00.000,7,True,18,457,1105,2273,110.59,227.36,0.458,True,0.1828,,,,,,,,,,,,,,,,
2026-02-02,a3986d20c19f33c7c107fw,2026-02-01 17:20:00.000,8,True,20,463,1127,2288,112.73,228.81,0.464,True,0.2016,,,,,,,,,,,,,,,,
2026-02-02,a3986d20c19f33c7c107fw,2026-02-01 17:30:00.000,9,True,22,488,1191,2295,119.16,229.59,0.488,True,0.2214,,,,,,,,,,,,,,,,
2026-02-02,a3986d20c19f33c7c107fw,2026-02-01 17:40:00.000,10,True,23,399,973,2294,97.36,229.4,0.399,True,0.2377,,,,,,,,,,,,,,,,
2026-02-02,a3986d20c19f33c7c107fw,2026-02-01 17:50:00.000,11,True,25,455,1110,2296,111.02,229.61,0.455,True,0.2562,,,,,,,,,,,,,,,,
2026-02-02,a3986d20c19f33c7c107fw,2026-02-01 18:00:00.000,12,True,29,841,2043,2284,204.35,228.47,0.842,True,0.2902,,,,,,,,,,,,,,,,
2026-02-02,a3986d20c19f33c7c107fw,2026-02-01 18:10:00.000,13,True,31,614,1494,2289,149.43,228.93,0.614,True,0.3151,,,,,,,,,,,,,,,,
2026-02-02,a3986d20c19f33c7c107fw,2026-02-01 18:20:00.000,14,True,34,714,1737,2287,173.71,228.77,0.715,True,0.3441,,,,,,,,,,,,,,,,
2026-02-02,a3986d20c19f33c7c107fw,2026-02-01 18:30:00.000,15,True,36,625,1519,2286,151.91,228.65,0.625,True,0.3694,,,,,,,,,,,,,,,,
2026-02-02,a3986d20c19f33c7c107fw,2026-02-01 18:40:00.000,16,True,39,611,1488,2291,148.87,229.16,0.611,True,0.3942,,,,,,,,,,,,,,,,
2026-02-02,a3986d20c19f33c7c107fw,2026-02-01 18:50:00.000,17,True,41,543,1329,2302,132.91,230.23,0.543,True,0.4164,,,,,,,,,,,,,,,,
2026-02-02,a3986d20c19f33c7c107fw,2026-02-01 19:00:00.000,18,True,44,622,1522,2302,152.27,230.21,0.622,True,0.4418,,,,,,,,,,,,,,,,
2026-02-02,a3986d20c19f33c7c107fw,2026-02-01 19:10:00.000,19,True,46,454,1112,2305,111.25,230.52,0.454,True,0.4603,,,,,,,,,,,,,,,,
2026-02-02,a3986d20c19f33c7c107fw,2026-02-01 19:20:00.000,20,True,47,454,1112,2303,111.25,230.3,0.455,True,0.4788,,,,,,,,,,,,,,,,
2026-02-02,a3986d20c19f33c7c107fw,2026-02-01 19:30:00.000,21,True,50,610,1492,2302,149.29,230.27,0.61,True,0.5037,,,,,,,,,,,,,,,,
2026-02-02,a3986d20c19f33c7c107fw,2026-02-01 19:40:00.000,22,True,52,451,1105,2305,110.59,230.5,0.451,True,0.5221,,,,,,,,,,,,,,,,
2026-02-02,a3986d20c19f33c7c107fw,2026-02-01 19:50:00.000,23,True,54,450,1102,2300,110.25,230.07,0.451,True,0.5405,,,,,,,,,,,,,,,,
2026-02-02,a3986d20c19f33c7c107fw,2026-02-01 20:00:00.000,24,True,56,529,1299,2307,129.91,230.74,0.53,True,0.5622,,,,,,,,,,,,,,,,
2026-02-02,a3986d20c19f33c7c107fw,2026-02-01 20:10:00.000,25,True,58,531,1299,2301,129.91,230.11,0.531,True,0.5838,,,,,,,,,,,,,,,,
2026-02-02,a3986d20c19f33c7c107fw,2026-02-01 20:20:00.000,26,True,59,151,371,2303,37.17,230.32,0.152,True,0.59,,,,,,,,,,,,,,,,
2026-02-02,a3986d20c19f33c7c107fw,2026-02-01 20:30:00.000,27,True,59,158,388,2309,38.85,230.9,0.158,True,0.5965,,,,,,,,,,,,,,,,
2026-02-02,a3986d20c19f33c7c107fw,2026-02-01 20:40:00.000,28,True,60,152,374,2304,37.41,230.4,0.153,True,0.6027,,,,,,,,,,,,,,,,
2026-02-02,a3986d20c19f33c7c107fw,2026-02-01 20:50:00.000,29,True,61,231,568,2312,56.83,231.27,0.231,True,0.6122,,,,,,,,,,,,,,,,
2026-02-02,a3986d20c19f33c7c107fw,2026-02-01 21:00:00.000,30,True,63,539,1324,2308,132.44,230.82,0.54,True,0.6343,,,,,,,,,,,,,,,,
2026-02-02,a3986d20c19f33c7c107fw,2026-02-01 21:10:00.000,31,True,65,607,1483,2297,148.38,229.7,0.608,True,0.659,,,,,,,,,,,,,,,,
2026-02-02,a3986d20c19f33c7c107fw,2026-02-01 21:20:00.000,32,True,68,607,1483,2300,148.38,230.05,0.607,True,0.6837,,,,,,,,,,,,,,,,
2026-02-02,a3986d20c19f33c7c107fw,2026-02-01 21:30:00.000,33,True,70,453,1107,2296,110.71,229.67,0.454,True,0.7022,,,,,,,,,,,,,,,,
2026-02-02,a3986d20c19f33c7c107fw,2026-02-01 21:40:00.000,34,True,72,530,1295,2297,129.55,229.74,0.531,True,0.7238,,,,,,,,,,,,,,,,
2026-02-02,a3986d20c19f33c7c107fw,2026-02-01 21:50:00.000,35,True,73,309,758,2305,75.83,230.52,0.31,True,0.7364,,,,,,,,,,,,,,,,
2026-02-02,a3986d20c19f33c7c107fw,2026-02-01 22:00:00.000,36,True,74,231,564,2295,56.43,229.54,0.231,True,0.7458,,,,,,,,,,,,,,,,
2026-02-02,a3986d20c19f33c7c107fw,2026-02-01 22:10:00.000,37,True,75,155,382,2307,38.22,230.78,0.156,True,0.7522,,,,,,,,,,,,,,,,
2026-02-02,a3986d20c19f33c7c107fw,2026-02-01 22:20:00.000,38,True,77,448,1098,2304,109.88,230.42,0.449,True,0.7705,,,,,,,,,,,,,,,,
2026-02-02,a3986d20c19f33c7c107fw,2026-02-01 22:30:00.000,39,True,80,757,1852,2301,185.21,230.1,0.757,True,0.8014,,,,,,,,,,,,,,,,
2026-02-02,a3986d20c19f33c7c107fw,2026-02-01 22:40:00.000,40,True,82,604,1479,2301,147.94,230.18,0.605,True,0.826,,,,,,,,,,,,,,,,
2026-02-02,a3986d20c19f33c7c107fw,2026-02-01 22:50:00.000,41,True,84,526,1288,2301,128.83,230.17,0.527,True,0.8475,,,,,,,,,,,,,,,,
2026-02-02,a3986d20c19f33c7c107fw,2026-02-01 23:00:00.000,42,True,86,523,1277,2297,127.79,229.74,0.523,True,0.8688,,,,,,,,,,,,,,,,
2026-02-02,a3986d20c19f33c7c107fw,2026-02-01 23:10:00.000,43,True,88,380,929,2301,93.0,230.15,0.38,True,0.8843,,,,,,,,,,,,,,,,
2026-02-02,a3986d20c19f33c7c107fw,2026-02-01 23:20:00.000,44,True,89,156,384,2312,38.42,231.24,0.156,True,0.8907,,,,,,,,,,,,,,,,
2026-02-02,a3986d20c19f33c7c107fw,2026-02-01 23:30:00.000,45,True,89,79,194,2301,19.42,230.1,0.079,True,0.8939,,,,,,,,,,,,,,,,
2026-02-02,a3986d20c19f33c7c107fw,2026-02-01 23:40:00.000,46,True,90,0,591,2300,59.16,230.01,0.0,True,0.9038,,,,,,,,,,,,,,,,
2026-02-02,a3986d20c19f33c7c107fw,2026-02-01 23:50:00.000,47,True,91,0,591,2297,59.16,229.73,0.0,True,0.9137,,,,,,,,,,,,,,,,
2026-02-02,a3986d20c19f33c7c107fw,2026-02-02 00:00:00.000,48,True,92,231,563,2293,56.34,229.38,0.231,True,0.923,,,,,,,,,,,,,,,,
2026-02-02,a3986d20c19f33c7c107fw,2026-02-02 00:10:00.000,49,True,95,691,1692,2302,169.2,230.29,0.691,True,0.9513,,,,,,,,,,,,,,,,
2026-02-02,a3986d20c19f33c7c107fw,2026-02-02 00:20:00.000,50,True,97,616,1508,2304,150.85,230.45,0.616,True,0.9764,,,,,,,,,,,,,,,,
2026-02-02,a3986d20c19f33c7c107fw,2026-02-02 00:30:00.000,51,True,99,539,1322,2307,132.29,230.76,0.539,True,0.9984,,,,,,,,,,,,,,,,
2026-02-02,a3986d20c19f33c7c107fw,2026-02-02 00:40:00.000,52,True,100,76,188,2307,18.85,230.72,0.077,True,1.0016,,,,,,,,,,,,,,,,
2026-02-02,a3986d20c19f33c7c107fw,2026-02-02 00:50:00.000,53,True,100,154,379,2317,37.97,231.74,0.154,True,1.0079,,,,,,,,,,,,,,,,
2026-02-02,a3986d20c19f33c7c107fw,2026-02-02 01:00:00.000,54,True,101,153,377,2304,37.71,230.49,0.154,True,1.0142,,,,,,,,,,,,,,,,
2026-02-02,a3986d20c19f33c7c107fw,2026-02-02 01:10:00.000,55,True,102,147,361,2308,36.15,230.82,0.147,True,1.0202,,,,,,,,,,,,,,,,
2026-02-02,a3986d20c19f33c7c107fw,2026-02-02 01:20:00.000,56,True,103,452,1114,2315,111.41,231.55,0.453,True,1.0388,,,,,,,,,,,,,,,,
2026-02-02,a3986d20c19f33c7c107fw,2026-02-02 01:30:00.000,57,True,106,606,1492,2315,149.24,231.5,0.607,True,1.0637,,,,,,,,,,,,,,,,
2026-02-02,a3986d20c19f33c7c107fw,2026-02-02 01:40:00.000,58,True,108,463,1134,2301,113.43,230.16,0.464,True,1.0826,,,,,,,,,,,,,,,,
2026-02-02,a3986d20c19f33c7c107fw,2026-02-02 01:50:00.000,59,True,109,310,760,2302,76.04,230.24,0.311,True,1.0952,,,,,,,,,,,,,,,,
2026-02-02,a3986d20c19f33c7c107fw,2026-02-02 02:00:00.000,60,True,110,153,373,2297,37.36,229.7,0.153,True,1.1015,,,,,,,,,,,,,,,,
2026-02-02,a3986d20c19f33c7c107fw,2026-02-02 02:10:00.000,61,True,111,312,760,2287,76.05,228.76,0.313,True,1.1141,,,,,,,,,,,,,,,,
2026-02-02,a3986d20c19f33c7c107fw,2026-02-02 02:20:00.000,62,True,112,149,364,2296,36.41,229.62,0.149,True,1.1202,,,,,,,,,,,,,,,,
2026-02-02,a3986d20c19f33c7c107fw,2026-02-02 02:30:00.000,63,True,114,542,1315,2282,131.55,228.26,0.542,True,1.1421,,,,,,,,,,,,,,,,
2026-02-02,a3986d20c19f33c7c107fw,2026-02-02 02:40:00.000,64,True,116,458,1113,2286,111.34,228.6,0.458,True,1.1607,,,,,,,,,,,,,,,,
2026-02-02,a3986d20c19f33c7c107fw,2026-02-02 02:50:00.000,65,True,118,536,1304,2290,130.48,229.03,0.536,True,1.1824,,,,,,,,,,,,,,,,
2026-02-02,a3986d20c19f33c7c107fw,2026-02-02 03:00:00.000,66,True,120,528,1286,2291,128.6,229.1,0.528,True,1.2039,,,,,,,,,,,,,,,,
2026-02-02,a3986d20c19f33c7c107fw,2026-02-02 03:10:00.000,67,True,122,604,1468,2286,146.81,228.66,0.604,True,1.2283,,,,,,,,,,,,,,,,
2026-02-02,a3986d20c19f33c7c107fw,2026-02-02 03:20:00.000,68,True,125,594,1452,2300,145.24,230.09,0.594,True,1.2525,,,,,,,,,,,,,,,,
2026-02-02,a3986d20c19f33c7c107fw,2026-02-02 03:30:00.000,69,True,126,288,705,2300,70.6,230.0,0.289,True,1.2643,,,,,,,,,,,,,,,,
2026-02-02,a3986d20c19f33c7c107fw,2026-02-02 03:40:00.000,70,True,127,287,703,2304,70.38,230.42,0.287,True,1.276,,,,,,,,,,,,,,,,
2026-02-02,a3986d20c19f33c7c107fw,2026-02-02 03:50:00.000,71,False,127,0,0,2310,0.0,231.03,0.0,False,1.276,,,,,,,,,,,,,,,,
2026-02-02,a3986d20c19f33c7c107fw,2026-02-02 04:00:00.000,72,True,127,75,184,2315,18.46,231.52,0.075,True,1.2791,,,,,,,,,,,,,,,,
2026-02-02,a3986d20c19f33c7c107fw,2026-02-02 04:10:00.000,73,True,129,333,809,2282,80.96,228.22,0.334,True,1.2926,,,,,,,,,,,,,,,,
2026-02-02,a3986d20c19f33c7c107fw,2026-02-02 04:20:00.000,74,True,130,229,560,2293,56.02,229.38,0.23,True,1.3019,,,,,,,,,,,,,,,,
2026-02-02,a3986d20c19f33c7c107fw,2026-02-02 04:30:00.000,75,True,131,231,560,2276,56.02,227.65,0.232,True,1.3113,,,,,,,,,,,,,,,,
2026-02-02,a3986d20c19f33c7c107fw,2026-02-02 04:40:00.000,76,True,132,306,737,2266,73.79,226.6,0.306,True,1.3236,,,,,,,,,,,,,,,,
2026-02-02,a3986d20c19f33c7c107fw,2026-02-02 04:50:00.000,77,True,133,403,978,2282,97.88,228.22,0.404,True,1.3399,,,,,,,,,,,,,,,,
2026-02-02,a3986d20c19f33c7c107fw,2026-02-02 05:00:00.000,78,True,135,403,978,2282,97.88,228.22,0.404,True,1.3562,,,,,,,,,,,,,,,,
2026-02-02,a3986d20c19f33c7c107fw,2026-02-02 05:10:00.000,79,True,137,394,954,2278,95.45,227.8,0.394,True,1.3721,,,,,,,,,,,,,,,,
2026-02-02,a3986d20c19f33c7c107fw,2026-02-02 05:20:00.000,80,False,137,0,0,2279,0.0,227.93,0.0,False,1.3721,,,,,,,,,,,,,,,,
2026-02-02,a3986d20c19f33c7c107fw,2026-02-02 05:30:00.000,81,False,137,0,0,2279,0.0,227.93,0.0,False,1.3721,,,,,,,,,,,,,,,,
2026-02-02,a3986d20c19f33c7c107fw,2026-02-02 05:40:00.000,82,False,137,0,0,2295,0.0,229.57,0.0,False,1.3721,,,,,,,,,,,,,,,,
2026-02-02,a3986d20c19f33c7c107fw,2026-02-02 05:50:00.000,83,True,138,387,940,2285,94.07,228.54,0.387,True,1.3878,,,,,,,,,,,,,,,,
2026-02-02,a3986d20c19f33c7c107fw,2026-02-02 06:00:00.000,84,True,140,318,768,2267,76.83,226.78,0.319,True,1.4006,,,,,,,,,,,,,,,,
2026-02-02,a3986d20c19f33c7c107fw,2026-02-02 06:10:00.000,85,True,141,320,775,2281,77.57,228.12,0.32,True,1.4135,,,,,,,,,,,,,,,,
2026-02-02,a3986d20c19f33c7c107fw,2026-02-02 06:20:00.000,86,True,142,318,771,2277,77.1,227.7,0.319,True,1.4264,,,,,,,,,,,,,,,,
2026-02-02,a3986d20c19f33c7c107fw,2026-02-02 06:30:00.000,87,True,143,232,561,2275,56.19,227.54,0.232,True,1.4357,,,,,,,,,,,,,,,,
2026-02-02,a3986d20c19f33c7c107fw,2026-02-02 06:40:00.000,88,True,145,467,1135,2287,113.52,228.7,0.467,True,1.4547,,,,,,,,,,,,,,,,
2026-02-02,a3986d20c19f33c7c107fw,2026-02-02 06:50:00.000,89,True,147,613,1487,2281,148.73,228.1,0.614,True,1.4795,,,,,,,,,,,,,,,,
2026-02-02,a3986d20c19f33c7c107fw,2026-02-02 07:00:00.000,90,True,149,312,757,2284,75.74,228.43,0.312,True,1.4921,,,,,,,,,,,,,,,,
2026-02-02,a3986d20c19f33c7c107fw,2026-02-02 07:10:00.000,91,True,150,313,761,2289,76.19,228.9,0.313,True,1.5048,,,,,,,,,,,,,,,,
2026-02-02,a3986d20c19f33c7c107fw,2026-02-02 07:20:00.000,92,True,152,380,919,2276,91.92,227.64,0.38,True,1.5201,,,,,,,,,,,,,,,,
2026-02-02,a3986d20c19f33c7c107fw,2026-02-02 07:30:00.000,93,True,153,301,730,2280,73.09,228.05,0.302,True,1.5323,,,,,,,,,,,,,,,,
2026-02-02,a3986d20c19f33c7c107fw,2026-02-02 07:40:00.000,94,True,154,301,731,2283,73.11,228.3,0.301,True,1.5445,,,,,,,,,,,,,,,,
2026-02-02,a3986d20c19f33c7c107fw,2026-02-02 07:50:00.000,95,True,155,379,920,2281,92.04,228.19,0.38,True,1.5598,,,,,,,,,,,,,,,,
2026-02-02,a3986d20c19f33c7c107fw,2026-02-02 08:00:00.000,96,True,157,378,918,2284,91.82,228.49,0.378,True,1.5751,,,,,,,,,,,,,,,,
2026-02-02,a3986d20c19f33c7c107fw,2026-02-02 08:10:00.000,97,True,159,451,1099,2293,109.95,229.31,0.451,True,1.5934,,,,,,,,,,,,,,,,
2026-02-02,a3986d20c19f33c7c107fw,2026-02-02 08:20:00.000,98,True,160,376,919,2299,91.99,229.9,0.377,True,1.6088,,,,,,,,,,,,,,,,
2026-02-02,a3986d20c19f33c7c107fw,2026-02-02 08:30:00.000,99,True,162,381,932,2300,93.28,230.0,0.382,True,1.6243,,,,,,,,,,,,,,,,
2026-02-02,a3986d20c19f33c7c107fw,2026-02-02 08:40:00.000,100,True,163,230,565,2306,56.51,230.66,0.231,True,1.6337,,,,,,,,,,,,,,,,
2026-02-02,a3986d20c19f33c7c107fw,2026-02-02 08:50:00.000,101,True,164,304,746,2304,74.69,230.48,0.305,True,1.6462,,,,,,,,,,,,,,,,
2026-02-02,a3986d20c19f33c7c107fw,2026-02-02 09:00:00.000,102,True,165,152,372,2303,37.28,230.36,0.152,True,1.6524,,,,,,,,,,,,,,,,
2026-02-02,a3986d20c19f33c7c107fw,2026-02-02 09:10:00.000,103,True,165,152,372,2304,37.28,230.41,0.152,True,1.6586,,,,,,,,,,,,,,,,
2026-02-02,a3986d20c19f33c7c107fw,2026-02-02 09:20:00.000,104,True,167,458,1125,2309,112.55,230.97,0.459,True,1.6774,,,,,,,,,,,,,,,,
2026-02-02,a3986d20c19f33c7c107fw,2026-02-02 09:30:00.000,105,True,168,232,568,2305,56.87,230.57,0.232,True,1.6868,,,,,,,,,,,,,,,,
2026-02-02,a3986d20c19f33c7c107fw,2026-02-02 09:40:00.000,106,True,169,232,568,2306,56.87,230.63,0.232,True,1.6963,,,,,,,,,,,,,,,,
2026-02-02,a3986d20c19f33c7c107fw,2026-02-02 09:50:00.000,107,True,171,464,1137,2303,113.71,230.35,0.465,True,1.7153,,,,,,,,,,,,,,,,
2026-02-02,a3986d20c19f33c7c107fw,2026-02-02 10:00:00.000,108,True,172,311,762,2307,76.3,230.7,0.311,True,1.728,,,,,,,,,,,,,,,,
2026-02-02,a3986d20c19f33c7c107fw,2026-02-02 10:10:00.000,109,True,173,233,570,2304,57.1,230.4,0.233,True,1.7375,,,,,,,,,,,,,,,,
2026-02-02,a3986d20c19f33c7c107fw,2026-02-02 10:20:00.000,110,True,174,155,380,2302,38.04,230.27,0.155,True,1.7438,,,,,,,,,,,,,,,,
2026-02-02,a3986d20c19f33c7c107fw,2026-02-02 10:30:00.000,111,True,175,0,591,2303,59.16,230.33,0.0,True,1.7537,,,,,,,,,,,,,,,,
2026-02-02,a3986d20c19f33c7c107fw,2026-02-02 10:40:00.000,112,True,175,75,183,2302,18.37,230.2,0.075,True,1.7568,,,,,,,,,,,,,,,,
2026-02-02,a3986d20c19f33c7c107fw,2026-02-02 10:50:00.000,113,True,176,155,379,2303,38.0,230.32,0.155,True,1.7631,,,,,,,,,,,,,,,,
2026-02-02,a3986d20c19f33c7c107fw,2026-02-02 11:00:00.000,114,False,176,0,0,2304,0.0,230.47,0.0,False,1.7631,,,,,,,,,,,,,,,,
2026-02-02,a3986d20c19f33c7c107fw,2026-02-02 11:10:00.000,115,True,177,235,574,2300,57.46,230.0,0.235,True,1.7727,,,,,,,,,,,,,,,,
2026-02-02,a3986d20c19f33c7c107fw,2026-02-02 11:20:00.000,116,True,178,389,953,2302,95.33,230.22,0.39,True,1.7886,,,,,,,,,,,,,,,,
2026-02-02,a3986d20c19f33c7c107fw,2026-02-02 11:30:00.000,117,True,180,392,959,2301,95.97,230.13,0.392,True,1.8046,,,,,,,,,,,,,,,,
2026-02-02,a3986d20c19f33c7c107fw,2026-02-02 11:40:00.000,118,True,181,315,770,2298,77.02,229.84,0.315,True,1.8174,,,,,,,,,,,,,,,,
2026-02-02,a3986d20c19f33c7c107fw,2026-02-02 11:50:00.000,119,True,182,152,374,2311,37.45,231.12,0.152,True,1.8236,,,,,,,,,,,,,,,,
2026-02-02,a3986d20c19f33c7c107fw,2026-02-02 12:00:00.000,120,True,182,73,178,2306,17.9,230.64,0.073,True,1.8266,,,,,,,,,,,,,,,,
2026-02-02,a3986d20c19f33c7c107fw,2026-02-02 12:10:00.000,121,True,182,76,186,2301,18.64,230.18,0.076,True,1.8297,,,,,,,,,,,,,,,,
2026-02-02,a3986d20c19f33c7c107fw,2026-02-02 12:20:00.000,122,True,183,154,378,2306,37.81,230.63,0.154,True,1.836,,,,,,,,,,,,,,,,
2026-02-02,a3986d20c19f33c7c107fw,2026-02-02 12:30:00.000,123,True,184,154,378,2306,37.81,230.63,0.154,True,1.8423,,,,,,,,,,,,,,,,
2026-02-02,a3986d20c19f33c7c107fw,2026-02-02 12:40:00.000,124,True,186,468,1141,2293,114.11,229.34,0.468,True,1.8613,,,,,,,,,,,,,,,,
2026-02-02,a3986d20c19f33c7c107fw,2026-02-02 12:50:00.000,125,True,188,545,1327,2287,132.7,228.73,0.546,True,1.8835,,,,,,,,,,,,,,,,
2026-02-02,a3986d20c19f33c7c107fw,2026-02-02 13:00:00.000,126,True,190,465,1130,2288,113.09,228.86,0.465,True,1.9023,,,,,,,,,,,,,,,,
2026-02-02,a3986d20c19f33c7c107fw,2026-02-02 13:10:00.000,127,True,192,465,1130,2288,113.09,228.86,0.465,True,1.9212,,,,,,,,,,,,,,,,
2026-02-02,a3986d20c19f33c7c107fw,2026-02-02 13:20:00.000,128,True,193,301,731,2280,73.17,228.09,0.302,True,1.9334,,,,,,,,,,,,,,,,
2026-02-02,a3986d20c19f33c7c107fw,2026-02-02 13:30:00.000,129,True,194,227,548,2274,54.87,227.47,0.227,True,1.9425,,,,,,,,,,,,,,,,
2026-02-02,a3986d20c19f33c7c107fw,2026-02-02 13:40:00.000,130,True,194,72,174,2273,17.49,227.37,0.072,True,1.9454,,,,,,,,,,,,,,,,
2026-02-02,a3986d20c19f33c7c107fw,2026-02-02 13:50:00.000,131,True,194,72,174,2273,17.49,227.37,0.072,True,1.9483,,,,,,,,,,,,,,,,
2026-02-02,a3986d20c19f33c7c107fw,2026-02-02 14:00:00.000,132,True,196,303,731,2270,73.13,227.03,0.303,True,1.9605,,,,,,,,,,,,,,,,
2026-02-02,a3986d20c19f33c7c107fw,2026-02-02 14:10:00.000,133,True,197,316,761,2266,76.15,226.64,0.316,True,1.9732,,,,,,,,,,,,,,,,
2026-02-02,a3986d20c19f33c7c107fw,2026-02-02 14:20:00.000,134,True,198,316,761,2266,76.15,226.64,0.316,True,1.9859,,,,,,,,,,,,,,,,
2026-02-02,a3986d20c19f33c7c107fw,2026-02-02 14:30:00.000,135,True,200,392,946,2268,94.66,226.83,0.393,True,2.0017,,,,,,,,,,,,,,,,
2026-02-02,a3986d20c19f33c7c107fw,2026-02-02 14:40:00.000,136,True,201,388,936,2268,93.69,226.87,0.389,True,2.0173,,,,,,,,,,,,,,,,
2026-02-02,a3986d20c19f33c7c107fw,2026-02-02 14:50:00.000,137,True,202,308,744,2269,74.45,226.95,0.309,True,2.0297,,,,,,,,,,,,,,,,
2026-02-02,a3986d20c19f33c7c107fw,2026-02-02 15:00:00.000,138,True,204,302,732,2282,73.28,228.2,0.302,True,2.0419,,,,,,,,,,,,,,,,
2026-02-02,a3986d20c19f33c7c107fw,2026-02-02 15:10:00.000,139,True,205,381,925,2279,92.52,227.94,0.382,True,2.0573,,,,,,,,,,,,,,,,
2026-02-02,a3986d20c19f33c7c107fw,2026-02-02 15:20:00.000,140,True,207,385,932,2279,93.26,227.9,0.385,True,2.0729,,,,,,,,,,,,,,,,
2026-02-02,a3986d20c19f33c7c107fw,2026-02-02 15:30:00.000,141,True,208,383,928,2279,92.88,227.97,0.383,True,2.0884,,,,,,,,,,,,,,,,
2026-02-02,a3986d20c19f33c7c107fw,2026-02-02 15:40:00.000,142,True,210,378,917,2278,91.72,227.81,0.379,True,2.1036,,,,,,,,,,,,,,,,
2026-02-02,a3986d20c19f33c7c107fw,2026-02-02 15:50:00.000,143,True,211,157,381,2284,38.14,228.48,0.157,True,2.11,,,,,,,,,,,,,,,,
2026-02-03,a3986d20c19f33c7c107fw,2026-02-02 16:00:00.000,0,True,0,308,593,2284,59.38,228.4,0.308,True,0.0099,,,,,,,,,,,,,,,,
2026-02-03,a3986d20c19f33c7c107fw,2026-02-02 16:10:00.000,1,True,1,231,446,2284,44.67,228.45,0.232,True,0.0173,,,,,,,,,,,,,,,,
2026-02-03,a3986d20c19f33c7c107fw,2026-02-02 16:20:00.000,2,True,3,687,1322,2282,132.23,228.22,0.687,True,0.0394,,,,,,,,,,,,,,,,
2026-02-03,a3986d20c19f33c7c107fw,2026-02-02 16:30:00.000,3,True,5,380,729,2271,72.98,227.19,0.381,True,0.0515,,,,,,,,,,,,,,,,
2026-02-03,a3986d20c19f33c7c107fw,2026-02-02 16:40:00.000,4,True,7,849,1637,2287,163.76,228.73,0.849,True,0.0788,,,,,,,,,,,,,,,,
2026-02-03,a3986d20c19f33c7c107fw,2026-02-02 16:50:00.000,5,True,10,768,1479,2282,147.91,228.29,0.768,True,0.1035,,,,,,,,,,,,,,,,
2026-02-03,a3986d20c19f33c7c107fw,2026-02-02 17:00:00.000,6,True,13,840,1616,2281,161.61,228.13,0.84,True,0.1304,,,,,,,,,,,,,,,,
2026-02-03,a3986d20c19f33c7c107fw,2026-02-02 17:10:00.000,7,True,14,457,877,2273,87.75,227.36,0.458,True,0.145,,,,,,,,,,,,,,,,
2026-02-03,a3986d20c19f33c7c107fw,2026-02-02 17:20:00.000,8,True,15,463,894,2288,89.45,228.81,0.464,True,0.16,,,,,,,,,,,,,,,,
2026-02-03,a3986d20c19f33c7c107fw,2026-02-02 17:30:00.000,9,True,17,488,945,2295,94.54,229.59,0.488,True,0.1757,,,,,,,,,,,,,,,,
2026-02-03,a3986d20c19f33c7c107fw,2026-02-02 17:40:00.000,10,True,18,399,772,2294,77.25,229.4,0.399,True,0.1886,,,,,,,,,,,,,,,,
2026-02-03,a3986d20c19f33c7c107fw,2026-02-02 17:50:00.000,11,True,20,455,880,2296,88.1,229.61,0.455,True,0.2033,,,,,,,,,,,,,,,,
2026-02-03,a3986d20c19f33c7c107fw,2026-02-02 18:00:00.000,12,True,23,841,1621,2284,162.15,228.47,0.842,True,0.2303,,,,,,,,,,,,,,,,
2026-02-03,a3986d20c19f33c7c107fw,2026-02-02 18:10:00.000,13,True,25,614,1185,2289,118.57,228.93,0.614,True,0.2501,,,,,,,,,,,,,,,,
2026-02-03,a3986d20c19f33c7c107fw,2026-02-02 18:20:00.000,14,True,27,714,1378,2287,137.83,228.77,0.715,True,0.273,,,,,,,,,,,,,,,,
2026-02-03,a3986d20c19f33c7c107fw,2026-02-02 18:30:00.000,15,True,29,625,1205,2286,120.54,228.65,0.625,True,0.2931,,,,,,,,,,,,,,,,
2026-02-03,a3986d20c19f33c7c107fw,2026-02-02 18:40:00.000,16,True,31,611,1181,2291,118.13,229.16,0.611,True,0.3128,,,,,,,,,,,,,,,,
2026-02-03,a3986d20c19f33c7c107fw,2026-02-02 18:50:00.000,17,True,33,543,1054,2302,105.46,230.23,0.543,True,0.3304,,,,,,,,,,,,,,,,
2026-02-03,a3986d20c19f33c7c107fw,2026-02-02 19:00:00.000,18,True,35,622,1208,2302,120.82,230.21,0.622,True,0.3505,,,,,,,,,,,,,,,,
2026-02-03,a3986d20c19f33c7c107fw,2026-02-02 19:10:00.000,19,True,36,454,882,2305,88.27,230.52,0.454,True,0.3652,,,,,,,,,,,,,,,,
2026-02-03,a3986d20c19f33c7c107fw,2026-02-02 19:20:00.000,20,True,37,454,882,2303,88.27,230.3,0.455,True,0.3799,,,,,,,,,,,,,,,,
2026-02-03,a3986d20c19f33c7c107fw,2026-02-02 19:30:00.000,21,True,39,610,1184,2302,118.46,230.27,0.61,True,0.3997,,,,,,,,,,,,,,,,
2026-02-03,a3986d20c19f33c7c107fw,2026-02-02 19:40:00.000,22,True,41,451,877,2305,87.75,230.5,0.451,True,0.4143,,,,,,,,,,,,,,,,
2026-02-03,a3986d20c19f33c7c107fw,2026-02-02 19:50:00.000,23,True,42,450,874,2300,87.49,230.07,0.451,True,0.4289,,,,,,,,,,,,,,,,
2026-02-03,a3986d20c19f33c7c107fw,2026-02-02 20:00:00.000,24,True,44,529,1030,2307,103.09,230.74,0.53,True,0.4461,,,,,,,,,,,,,,,,
2026-02-03,a3986d20c19f33c7c107fw,2026-02-02 20:10:00.000,25,True,46,531,1030,2301,103.09,230.11,0.531,True,0.4633,,,,,,,,,,,,,,,,
2026-02-03,a3986d20c19f33c7c107fw,2026-02-02 20:20:00.000,26,True,46,151,294,2303,29.5,230.32,0.152,True,0.4682,,,,,,,,,,,,,,,,
2026-02-03,a3986d20c19f33c7c107fw,2026-02-02 20:30:00.000,27,True,47,158,308,2309,30.83,230.9,0.158,True,0.4733,,,,,,,,,,,,,,,,
2026-02-03,a3986d20c19f33c7c107fw,2026-02-02 20:40:00.000,28,True,47,152,296,2304,29.68,230.4,0.153,True,0.4783,,,,,,,,,,,,,,,,
2026-02-03,a3986d20c19f33c7c107fw,2026-02-02 20:50:00.000,29,True,48,231,450,2312,45.1,231.27,0.231,True,0.4858,,,,,,,,,,,,,,,,
2026-02-03,a3986d20c19f33c7c107fw,2026-02-02 21:00:00.000,30,True,50,539,1050,2308,105.08,230.82,0.54,True,0.5033,,,,,,,,,,,,,,,,
2026-02-03,a3986d20c19f33c7c107fw,2026-02-02 21:10:00.000,31,True,52,607,1177,2297,117.74,229.7,0.608,True,0.5229,,,,,,,,,,,,,,,,
2026-02-03,a3986d20c19f33c7c107fw,2026-02-02 21:20:00.000,32,True,54,607,1177,2300,117.74,230.05,0.607,True,0.5425,,,,,,,,,,,,,,,,
2026-02-03,a3986d20c19f33c7c107fw,2026-02-02 21:30:00.000,33,True,55,453,878,2296,87.84,229.67,0.454,True,0.5572,,,,,,,,,,,,,,,,
2026-02-03,a3986d20c19f33c7c107fw,2026-02-02 21:40:00.000,34,True,57,530,1027,2297,102.79,229.74,0.531,True,0.5743,,,,,,,,,,,,,,,,
2026-02-03,a3986d20c19f33c7c107fw,2026-02-02 21:50:00.000,35,True,58,309,601,2305,60.17,230.52,0.31,True,0.5843,,,,,,,,,,,,,,,,
2026-02-03,a3986d20c19f33c7c107fw,2026-02-02 22:00:00.000,36,True,59,231,447,2295,44.77,229.54,0.231,True,0.5918,,,,,,,,,,,,,,,,
2026-02-03,a3986d20c19f33c7c107fw,2026-02-02 22:10:00.000,37,True,59,155,303,2307,30.32,230.78,0.156,True,0.5968,,,,,,,,,,,,,,,,
2026-02-03,a3986d20c19f33c7c107fw,2026-02-02 22:20:00.000,38,True,61,448,871,2304,87.18,230.42,0.449,True,0.6114,,,,,,,,,,,,,,,,
2026-02-03,a3986d20c19f33c7c107fw,2026-02-02 22:30:00.000,39,True,63,757,1469,2301,146.96,230.1,0.757,True,0.6359,,,,,,,,,,,,,,,,
2026-02-03,a3986d20c19f33c7c107fw,2026-02-02 22:40:00.000,40,True,65,604,1173,2301,117.38,230.18,0.605,True,0.6554,,,,,,,,,,,,,,,,
2026-02-03,a3986d20c19f33c7c107fw,2026-02-02 22:50:00.000,41,True,67,526,1022,2301,102.23,230.17,0.527,True,0.6725,,,,,,,,,,,,,,,,
2026-02-03,a3986d20c19f33c7c107fw,2026-02-02 23:00:00.000,42,True,68,523,1014,2297,101.4,229.74,0.523,True,0.6894,,,,,,,,,,,,,,,,
2026-02-03,a3986d20c19f33c7c107fw,2026-02-02 23:10:00.000,43,True,70,380,737,2301,73.79,230.15,0.38,True,0.7017,,,,,,,,,,,,,,,,
2026-02-03,a3986d20c19f33c7c107fw,2026-02-02 23:20:00.000,44,True,70,156,304,2312,30.49,231.24,0.156,True,0.7068,,,,,,,,,,,,,,,,
2026-02-03,a3986d20c19f33c7c107fw,2026-02-02 23:30:00.000,45,True,70,79,154,2301,15.41,230.1,0.079,True,0.7093,,,,,,,,,,,,,,,,
2026-02-03,a3986d20c19f33c7c107fw,2026-02-02 23:40:00.000,46,True,71,0,544,2300,54.42,230.01,0.0,True,0.7184,,,,,,,,,,,,,,,,
2026-02-03,a3986d20c19f33c7c107fw,2026-02-02 23:50:00.000,47,True,72,0,544,2297,54.42,229.73,0.0,True,0.7275,,,,,,,,,,,,,,,,
2026-02-03,a3986d20c19f33c7c107fw,2026-02-03 00:00:00.000,48,True,73,231,447,2293,44.71,229.38,0.231,True,0.7349,,,,,,,,,,,,,,,,
2026-02-03,a3986d20c19f33c7c107fw,2026-02-03 00:10:00.000,49,True,75,691,1342,2302,134.26,230.29,0.691,True,0.7573,,,,,,,,,,,,,,,,
2026-02-03,a3986d20c19f33c7c107fw,2026-02-03 00:20:00.000,50,True,77,616,1196,2304,119.69,230.45,0.616,True,0.7772,,,,,,,,,,,,,,,,
2026-02-03,a3986d20c19f33c7c107fw,2026-02-03 00:30:00.000,51,True,79,539,1049,2307,104.96,230.76,0.539,True,0.7947,,,,,,,,,,,,,,,,
2026-02-03,a3986d20c19f33c7c107fw,2026-02-03 00:40:00.000,52,True,79,76,149,2307,14.96,230.72,0.077,True,0.7972,,,,,,,,,,,,,,,,
2026-02-03,a3986d20c19f33c7c107fw,2026-02-03 00:50:00.000,53,True,80,154,301,2317,30.13,231.74,0.154,True,0.8022,,,,,,,,,,,,,,,,
2026-02-03,a3986d20c19f33c7c107fw,2026-02-03 01:00:00.000,54,True,80,153,299,2304,29.92,230.49,0.154,True,0.8072,,,,,,,,,,,,,,,,
2026-02-03,a3986d20c19f33c7c107fw,2026-02-03 01:10:00.000,55,True,81,147,286,2308,28.69,230.82,0.147,True,0.812,,,,,,,,,,,,,,,,
2026-02-03,a3986d20c19f33c7c107fw,2026-02-03 01:20:00.000,56,True,82,452,883,2315,88.39,231.55,0.453,True,0.8267,,,,,,,,,,,,,,,,
2026-02-03,a3986d20c19f33c7c107fw,2026-02-03 01:30:00.000,57,True,84,606,1184,2315,118.42,231.5,0.607,True,0.8465,,,,,,,,,,,,,,,,
2026-02-03,a3986d20c19f33c7c107fw,2026-02-03 01:40:00.000,58,True,86,463,899,2301,90.0,230.16,0.464,True,0.8615,,,,,,,,,,,,,,,,
2026-02-03,a3986d20c19f33c7c107fw,2026-02-03 01:50:00.000,59,True,87,310,603,2302,60.34,230.24,0.311,True,0.8715,,,,,,,,,,,,,,,,
2026-02-03,a3986d20c19f33c7c107fw,2026-02-03 02:00:00.000,60,True,87,153,296,2297,29.65,229.7,0.153,True,0.8765,,,,,,,,,,,,,,,,
2026-02-03,a3986d20c19f33c7c107fw,2026-02-03 02:10:00.000,61,True,90,1075,1480,2285,148.06,228.5,1.075,True,0.9012,29.33,56.0,1017.0,0,559,30058,15968,2610,0,last,False,relay,False,,,
2026-02-03,a3986d20c19f33c7c107fw,2026-02-03 02:20:00.000,62,True,92,1075,1480,2285,148.06,228.5,1.075,True,0.9258,28.97,64.0,1017.0,0,559,30058,15968,2610,0,last,False,relay,False,,,
2026-02-03,a3986d20c19f33c7c107fw,2026-02-03 02:30:00.000,63,True,95,1075,1480,2285,148.06,228.5,1.075,True,0.9505,28.97,64.0,1017.0,0,559,30058,15968,2610,0,last,False,relay,False,,,
2026-02-03,a3986d20c19f33c7c107fw,2026-02-03 02:40:00.000,64,True,95,0,544,2365,54.42,236.5,0.0,True,0.9596,29.54,61.0,1017.0,0,559,30058,15968,2610,0,last,False,relay,False,,,
2026-02-03,a3986d20c19f33c7c107fw,2026-02-03 02:50:00.000,65,True,96,0,544,2365,54.42,236.5,0.0,True,0.9686,29.82,62.0,1017.0,0,559,30058,15968,2610,0,last,False,relay,False,,,
2026-02-03,a3986d20c19f33c7c107fw,2026-02-03 03:00:00.000,66,True,97,0,544,2365,54.42,236.5,0.0,True,0.9777,29.82,61.0,1017.0,0,559,30058,15968,2610,0,last,False,relay,False,,,
2026-02-03,a3986d20c19f33c7c107fw,2026-02-03 03:10:00.000,67,True,98,0,544,2365,54.42,236.5,0.0,True,0.9868,29.51,61.0,1017.0,0,559,30058,15968,2610,0,last,False,relay,False,,,
2026-02-03,a3986d20c19f33c7c107fw,2026-02-03 03:20:00.000,68,True,101,1103,1527,2333,152.78,233.3,1.103,True,1.0122,30.54,59.0,1017.0,0,559,30058,15968,2610,0,last,False,relay,False,,,
2026-02-03,a3986d20c19f33c7c107fw,2026-02-03 03:30:00.000,69,True,103,1103,1527,2333,152.78,233.3,1.103,True,1.0377,30.63,58.0,1017.0,0,559,30058,15968,2610,0,last,False,relay,False,,,
2026-02-03,a3986d20c19f33c7c107fw,2026-02-03 03:40:00.000,70,True,106,1103,1527,2333,152.78,233.3,1.103,True,1.0632,30.54,57.0,1016.0,0,559,30058,15968,2610,0,last,False,relay,False,,,
2026-02-03,a3986d20c19f33c7c107fw,2026-02-03 03:50:00.000,71,True,108,1103,1527,2333,152.78,233.3,1.103,True,1.0886,30.71,56.0,1016.0,0,559,30058,15968,2610,0,last,False,relay,False,,,
2026-02-03,a3986d20c19f33c7c107fw,2026-02-03 04:00:00.000,72,True,111,1103,1527,2333,152.78,233.3,1.103,True,1.1141,30.54,56.0,1016.0,0,559,30058,15968,2610,0,last,False,relay,False,,,
2026-02-03,a3986d20c19f33c7c107fw,2026-02-03 04:10:00.000,73,True,112,0,544,2360,54.42,236.0,0.0,True,1.1232,31.17,53.0,1016.0,0,559,30058,15968,2610,0,last,False,relay,False,,,
2026-02-03,a3986d20c19f33c7c107fw,2026-02-03 04:20:00.000,74,True,113,229,444,2293,44.45,229.38,0.23,True,1.1306,,,,,,,,,,,,,,,,
2026-02-03,a3986d20c19f33c7c107fw,2026-02-03 04:30:00.000,75,True,113,0,544,2360,54.42,236.0,0.0,True,1.1397,31.14,54.0,1016.0,0,559,30058,15968,2610,0,last,False,relay,False,,,
2026-02-03,a3986d20c19f33c7c107fw,2026-02-03 04:40:00.000,76,True,114,0,544,2360,54.42,236.0,0.0,True,1.1487,31.14,54.0,1016.0,0,559,30058,15968,2610,0,last,False,relay,False,,,
2026-02-03,a3986d20c19f33c7c107fw,2026-02-03 04:50:00.000,77,True,117,1104,1511,2346,151.18,234.6,1.104,True,1.1739,31.62,52.0,1015.0,0,559,30058,15968,2610,0,last,False,relay,False,,,
2026-02-03,a3986d20c19f33c7c107fw,2026-02-03 05:00:00.000,78,True,119,1104,1511,2346,151.18,234.6,1.104,True,1.1991,31.22,52.0,1015.0,0,559,30058,15968,2610,0,last,False,relay,False,,,
2026-02-03,a3986d20c19f33c7c107fw,2026-02-03 05:10:00.000,79,True,122,1104,1511,2346,151.18,234.6,1.104,True,1.2243,31.27,55.0,1015.0,0,559,30058,15968,2610,0,last,False,relay,False,,,
2026-02-03,a3986d20c19f33c7c107fw,2026-02-03 05:20:00.000,80,True,124,1104,1511,2346,151.18,234.6,1.104,True,1.2495,32.26,52.0,1015.0,0,559,30058,15968,2610,0,last,False,relay,False,,,
2026-02-03,a3986d20c19f33c7c107fw,2026-02-03 05:30:00.000,81,True,125,0,544,2320,54.42,232.0,0.0,True,1.2586,31.78,52.0,1015.0,0,559,30058,15968,2610,0,last,False,relay,False,,,
2026-02-03,a3986d20c19f33c7c107fw,2026-02-03 05:40:00.000,82,True,126,0,544,2320,54.42,232.0,0.0,True,1.2676,31.76,52.0,1014.0,0,559,30058,15968,2610,0,last,False,relay,False,,,
2026-02-03,a3986d20c19f33c7c107fw,2026-02-03 05:50:00.000,83,True,127,0,544,2320,54.42,232.0,0.0,True,1.2767,32.25,52.0,1014.0,0,559,30058,15968,2610,0,last,False,relay,False,,,
2026-02-03,a3986d20c19f33c7c107fw,2026-02-03 06:00:00.000,84,True,128,0,544,2320,54.42,232.0,0.0,True,1.2858,31.76,49.0,1014.0,0,559,30058,15968,2610,0,last,False,relay,False,,,
2026-02-03,a3986d20c19f33c7c107fw,2026-02-03 06:10:00.000,85,True,131,1084,1499,2311,150.0,231.1,1.084,True,1.3108,32.25,51.0,1014.0,0,559,30058,15968,2610,0,last,False,relay,False,,,
2026-02-03,a3986d20c19f33c7c107fw,2026-02-03 06:20:00.000,86,True,132,318,611,2277,61.18,227.7,0.319,True,1.321,,,,,,,,,,,,,,,,
2026-02-03,a3986d20c19f33c7c107fw,2026-02-03 06:30:00.000,87,True,134,1084,1499,2311,150.0,231.1,1.084,True,1.346,32.16,50.0,1014.0,0,559,30058,15968,2610,0,last,False,relay,False,,,
2026-02-03,a3986d20c19f33c7c107fw,2026-02-03 06:40:00.000,88,True,135,0,544,2320,54.42,232.0,0.0,True,1.355,31.15,44.0,1013.0,0,559,30058,15968,2610,0,last,False,relay,False,,,
2026-02-03,a3986d20c19f33c7c107fw,2026-02-03 06:50:00.000,89,True,136,0,544,2320,54.42,232.0,0.0,True,1.3641,31.66,51.0,1013.0,0,559,30058,15968,2610,0,last,False,relay,False,,,
2026-02-03,a3986d20c19f33c7c107fw,2026-02-03 07:00:00.000,90,True,137,0,544,2320,54.42,232.0,0.0,True,1.3732,31.66,52.0,1013.0,0,559,30058,15968,2610,0,last,False,relay,False,,,
2026-02-03,a3986d20c19f33c7c107fw,2026-02-03 07:10:00.000,91,True,139,1114,1539,2324,153.96,232.4,1.114,True,1.3988,31.68,51.0,1013.0,0,559,30058,15968,2610,0,last,False,relay,False,,,
2026-02-03,a3986d20c19f33c7c107fw,2026-02-03 07:20:00.000,92,True,142,1114,1539,2324,153.96,232.4,1.114,True,1.4245,30.66,52.0,1014.0,0,559,30058,15968,2610,0,last,False,relay,False,,,
2026-02-03,a3986d20c19f33c7c107fw,2026-02-03 07:30:00.000,93,True,145,1114,1539,2324,153.96,232.4,1.114,True,1.4502,30.66,52.0,1014.0,0,559,30058,15968,2610,0,last,False,relay,False,,,
2026-02-03,a3986d20c19f33c7c107fw,2026-02-03 07:40:00.000,94,True,147,1021,1252,2320,125.29,232.0,1.021,True,1.4711,30.65,53.0,1013.0,0,559,30058,15968,2610,0,last,False,relay,False,,,
2026-02-03,a3986d20c19f33c7c107fw,2026-02-03 07:50:00.000,95,True,148,0,544,2316,54.42,231.6,0.0,True,1.4801,30.24,51.0,1013.0,0,559,30058,15968,2610,0,last,False,relay,False,,,
2026-02-03,a3986d20c19f33c7c107fw,2026-02-03 08:00:00.000,96,True,148,0,544,2316,54.42,231.6,0.0,True,1.4892,30.24,50.0,1013.0,0,559,30058,15968,2610,0,last,False,relay,False,,,
2026-02-03,a3986d20c19f33c7c107fw,2026-02-03 08:10:00.000,97,True,149,0,544,2316,54.42,231.6,0.0,True,1.4983,30.24,51.0,1014.0,0,559,30058,15968,2610,0,last,False,relay,False,,,
2026-02-03,a3986d20c19f33c7c107fw,2026-02-03 08:20:00.000,98,True,152,1108,1526,2320,152.7,232.0,1.108,True,1.5237,30.06,53.0,1014.0,0,559,30058,15968,2610,0,last,False,relay,False,,,
2026-02-03,a3986d20c19f33c7c107fw,2026-02-03 08:30:00.000,99,True,154,1072,1413,2320,141.4,232.0,1.072,True,1.5473,29.6,53.0,1014.0,0,559,30058,15968,2610,0,last,False,relay,False,,,
2026-02-03,a3986d20c19f33c7c107fw,2026-02-03 08:40:00.000,100,True,157,1072,1413,2320,141.4,232.0,1.072,True,1.5708,29.88,51.0,1014.0,0,559,30058,15968,2610,0,last,False,relay,False,,,
2026-02-03,a3986d20c19f33c7c107fw,2026-02-03 08:50:00.000,101,True,158,304,592,2304,59.26,230.48,0.305,True,1.5807,,,,,,,,,,,,,,,,
2026-02-03,a3986d20c19f33c7c107fw,2026-02-03 09:00:00.000,102,True,158,152,295,2303,29.58,230.36,0.152,True,1.5856,,,,,,,,,,,,,,,,
2026-02-03,a3986d20c19f33c7c107fw,2026-02-03 09:10:00.000,103,True,159,152,295,2304,29.58,230.41,0.152,True,1.5906,,,,,,,,,,,,,,,,
2026-02-03,a3986d20c19f33c7c107fw,2026-02-03 09:20:00.000,104,True,160,458,893,2309,89.31,230.97,0.459,True,1.6055,,,,,,,,,,,,,,,,
2026-02-03,a3986d20c19f33c7c107fw,2026-02-03 09:30:00.000,105,True,161,232,451,2305,45.12,230.57,0.232,True,1.613,,,,,,,,,,,,,,,,
2026-02-03,a3986d20c19f33c7c107fw,2026-02-03 09:40:00.000,106,True,162,232,451,2306,45.12,230.63,0.232,True,1.6205,,,,,,,,,,,,,,,,
2026-02-03,a3986d20c19f33c7c107fw,2026-02-03 09:50:00.000,107,True,163,464,902,2303,90.23,230.35,0.465,True,1.6355,,,,,,,,,,,,,,,,
2026-02-03,a3986d20c19f33c7c107fw,2026-02-03 10:00:00.000,108,True,164,311,605,2307,60.54,230.7,0.311,True,1.6456,,,,,,,,,,,,,,,,
2026-02-03,a3986d20c19f33c7c107fw,2026-02-03 10:10:00.000,109,True,165,233,453,2304,45.3,230.4,0.233,True,1.6532,,,,,,,,,,,,,,,,
2026-02-03,a3986d20c19f33c7c107fw,2026-02-03 10:20:00.000,110,True,165,155,301,2302,30.18,230.27,0.155,True,1.6582,,,,,,,,,,,,,,,,
2026-02-03,a3986d20c19f33c7c107fw,2026-02-03 10:30:00.000,111,True,166,0,544,2303,54.42,230.33,0.0,True,1.6673,,,,,,,,,,,,,,,,
2026-02-03,a3986d20c19f33c7c107fw,2026-02-03 10:40:00.000,112,True,166,75,145,2302,14.58,230.2,0.075,True,1.6697,,,,,,,,,,,,,,,,
2026-02-03,a3986d20c19f33c7c107fw,2026-02-03 10:50:00.000,113,True,167,155,301,2303,30.15,230.32,0.155,True,1.6747,,,,,,,,,,,,,,,,
2026-02-03,a3986d20c19f33c7c107fw,2026-02-03 11:00:00.000,114,False,167,0,0,2304,0.0,230.47,0.0,False,1.6747,,,,,,,,,,,,,,,,
2026-02-03,a3986d20c19f33c7c107fw,2026-02-03 11:10:00.000,115,True,168,235,455,2300,45.59,230.0,0.235,True,1.6823,,,,,,,,,,,,,,,,
2026-02-03,a3986d20c19f33c7c107fw,2026-02-03 11:20:00.000,116,True,169,389,756,2302,75.65,230.22,0.39,True,1.6949,,,,,,,,,,,,,,,,
2026-02-03,a3986d20c19f33c7c107fw,2026-02-03 11:30:00.000,117,True,170,392,761,2301,76.15,230.13,0.392,True,1.7076,,,,,,,,,,,,,,,,
2026-02-03,a3986d20c19f33c7c107fw,2026-02-03 11:40:00.000,118,True,171,315,611,2298,61.11,229.84,0.315,True,1.7178,,,,,,,,,,,,,,,,
2026-02-03,a3986d20c19f33c7c107fw,2026-02-03 11:50:00.000,119,True,172,152,297,2311,29.71,231.12,0.152,True,1.7228,,,,,,,,,,,,,,,,
2026-02-03,a3986d20c19f33c7c107fw,2026-02-03 12:00:00.000,120,True,172,73,142,2306,14.2,230.64,0.073,True,1.7251,,,,,,,,,,,,,,,,
2026-02-03,a3986d20c19f33c7c107fw,2026-02-03 12:10:00.000,121,True,172,76,147,2301,14.79,230.18,0.076,True,1.7276,,,,,,,,,,,,,,,,
2026-02-03,a3986d20c19f33c7c107fw,2026-02-03 12:20:00.000,122,True,173,154,300,2306,30.0,230.63,0.154,True,1.7326,,,,,,,,,,,,,,,,
2026-02-03,a3986d20c19f33c7c107fw,2026-02-03 12:30:00.000,123,True,173,154,300,2306,30.0,230.63,0.154,True,1.7376,,,,,,,,,,,,,,,,
2026-02-03,a3986d20c19f33c7c107fw,2026-02-03 12:40:00.000,124,True,175,468,905,2293,90.53,229.34,0.468,True,1.7527,,,,,,,,,,,,,,,,
2026-02-03,a3986d20c19f33c7c107fw,2026-02-03 12:50:00.000,125,True,177,545,1052,2287,105.29,228.73,0.546,True,1.7702,,,,,,,,,,,,,,,,
2026-02-03,a3986d20c19f33c7c107fw,2026-02-03 13:00:00.000,126,True,178,465,897,2288,89.74,228.86,0.465,True,1.7852,,,,,,,,,,,,,,,,
2026-02-03,a3986d20c19f33c7c107fw,2026-02-03 13:10:00.000,127,True,180,465,897,2288,89.74,228.86,0.465,True,1.8002,,,,,,,,,,,,,,,,
2026-02-03,a3986d20c19f33c7c107fw,2026-02-03 13:20:00.000,128,True,180,301,580,2280,58.06,228.09,0.302,True,1.8098,,,,,,,,,,,,,,,,
2026-02-03,a3986d20c19f33c7c107fw,2026-02-03 13:30:00.000,129,True,181,227,435,2274,43.54,227.47,0.227,True,1.8171,,,,,,,,,,,,,,,,
2026-02-03,a3986d20c19f33c7c107fw,2026-02-03 13:40:00.000,130,True,181,72,138,2273,13.88,227.37,0.072,True,1.8194,,,,,,,,,,,,,,,,
2026-02-03,a3986d20c19f33c7c107fw,2026-02-03 13:50:00.000,131,True,182,72,138,2273,13.88,227.37,0.072,True,1.8217,,,,,,,,,,,,,,,,
2026-02-03,a3986d20c19f33c7c107fw,2026-02-03 14:00:00.000,132,True,183,303,580,2270,58.03,227.03,0.303,True,1.8314,,,,,,,,,,,,,,,,
2026-02-03,a3986d20c19f33c7c107fw,2026-02-03 14:10:00.000,133,True,184,316,604,2266,60.42,226.64,0.316,True,1.8415,,,,,,,,,,,,,,,,
2026-02-03,a3986d20c19f33c7c107fw,2026-02-03 14:20:00.000,134,True,185,316,604,2266,60.42,226.64,0.316,True,1.8515,,,,,,,,,,,,,,,,
2026-02-03,a3986d20c19f33c7c107fw,2026-02-03 14:30:00.000,135,True,186,392,751,2268,75.12,226.83,0.393,True,1.864,,,,,,,,,,,,,,,,
2026-02-03,a3986d20c19f33c7c107fw,2026-02-03 14:40:00.000,136,True,187,388,743,2268,74.35,226.87,0.389,True,1.8764,,,,,,,,,,,,,,,,
2026-02-03,a3986d20c19f33c7c107fw,2026-02-03 14:50:00.000,137,True,188,308,590,2269,59.07,226.95,0.309,True,1.8863,,,,,,,,,,,,,,,,
2026-02-03,a3986d20c19f33c7c107fw,2026-02-03 15:00:00.000,138,True,189,302,581,2282,58.15,228.2,0.302,True,1.896,,,,,,,,,,,,,,,,
2026-02-03,a3986d20c19f33c7c107fw,2026-02-03 15:10:00.000,139,True,190,381,734,2279,73.41,227.94,0.382,True,1.9082,,,,,,,,,,,,,,,,
2026-02-03,a3986d20c19f33c7c107fw,2026-02-03 15:20:00.000,140,True,192,385,740,2279,74.0,227.9,0.385,True,1.9205,,,,,,,,,,,,,,,,
2026-02-03,a3986d20c19f33c7c107fw,2026-02-03 15:30:00.000,141,True,193,383,737,2279,73.7,227.97,0.383,True,1.9328,,,,,,,,,,,,,,,,
2026-02-03,a3986d20c19f33c7c107fw,2026-02-03 15:40:00.000,142,True,194,378,727,2278,72.78,227.81,0.379,True,1.945,,,,,,,,,,,,,,,,
2026-02-03,a3986d20c19f33c7c107fw,2026-02-03 15:50:00.000,143,True,195,157,302,2284,30.26,228.48,0.157,True,1.95,,,,,,,,,,,,,,,,
2026-02-04,a3986d20c19f33c7c107fw,2026-02-03 16:00:00.000,0,True,1,308,692,2284,69.3,228.4,0.308,True,0.0115,,,,,,,,,,,,,,,,
2026-02-04,a3986d20c19f33c7c107fw,2026-02-03 16:10:00.000,1,True,2,231,521,2284,52.14,228.45,0.232,True,0.0202,,,,,,,,,,,,,,,,
2026-02-04,a3986d20c19f33c7c107fw,2026-02-03 16:20:00.000,2,True,4,687,1543,2282,154.31,228.22,0.687,True,0.046,,,,,,,,,,,,,,,,
2026-02-04,a3986d20c19f33c7c107fw,2026-02-03 16:30:00.000,3,True,6,380,851,2271,85.17,227.19,0.381,True,0.0602,,,,,,,,,,,,,,,,
2026-02-04,a3986d20c19f33c7c107fw,2026-02-03 16:40:00.000,4,True,9,849,1911,2287,191.12,228.73,0.849,True,0.092,,,,,,,,,,,,,,,,
2026-02-04,a3986d20c19f33c7c107fw,2026-02-03 16:50:00.000,5,True,12,768,1726,2282,172.62,228.29,0.768,True,0.1208,,,,,,,,,,,,,,,,
2026-02-04,a3986d20c19f33c7c107fw,2026-02-03 17:00:00.000,6,True,15,840,1886,2281,188.61,228.13,0.84,True,0.1522,,,,,,,,,,,,,,,,
2026-02-04,a3986d20c19f33c7c107fw,2026-02-03 17:10:00.000,7,True,16,457,1024,2273,102.4,227.36,0.458,True,0.1693,,,,,,,,,,,,,,,,
2026-02-04,a3986d20c19f33c7c107fw,2026-02-03 17:20:00.000,8,True,18,463,1043,2288,104.38,228.81,0.464,True,0.1867,,,,,,,,,,,,,,,,
2026-02-04,a3986d20c19f33c7c107fw,2026-02-03 17:30:00.000,9,True,20,488,1103,2295,110.34,229.59,0.488,True,0.2051,,,,,,,,,,,,,,,,
2026-02-04,a3986d20c19f33c7c107fw,2026-02-03 17:40:00.000,10,True,22,399,901,2294,90.16,229.4,0.399,True,0.2201,,,,,,,,,,,,,,,,
2026-02-04,a3986d20c19f33c7c107fw,2026-02-03 17:50:00.000,11,True,23,455,1028,2296,102.81,229.61,0.455,True,0.2372,,,,,,,,,,,,,,,,
2026-02-04,a3986d20c19f33c7c107fw,2026-02-03 18:00:00.000,12,True,26,841,1892,2284,189.24,228.47,0.842,True,0.2688,,,,,,,,,,,,,,,,
2026-02-04,a3986d20c19f33c7c107fw,2026-02-03 18:10:00.000,13,True,29,614,1383,2289,138.37,228.93,0.614,True,0.2918,,,,,,,,,,,,,,,,
2026-02-04,a3986d20c19f33c7c107fw,2026-02-03 18:20:00.000,14,True,31,714,1608,2287,160.85,228.77,0.715,True,0.3186,,,,,,,,,,,,,,,,
2026-02-04,a3986d20c19f33c7c107fw,2026-02-03 18:30:00.000,15,True,34,625,1406,2286,140.67,228.65,0.625,True,0.3421,,,,,,,,,,,,,,,,
2026-02-04,a3986d20c19f33c7c107fw,2026-02-03 18:40:00.000,16,True,36,611,1378,2291,137.86,229.16,0.611,True,0.3651,,,,,,,,,,,,,,,,
2026-02-04,a3986d20c19f33c7c107fw,2026-02-03 18:50:00.000,17,True,38,543,1230,2302,123.08,230.23,0.543,True,0.3856,,,,,,,,,,,,,,,,
2026-02-04,a3986d20c19f33c7c107fw,2026-02-03 19:00:00.000,18,True,40,622,1409,2302,141.0,230.21,0.622,True,0.4091,,,,,,,,,,,,,,,,
2026-02-04,a3986d20c19f33c7c107fw,2026-02-03 19:10:00.000,19,True,42,454,1030,2305,103.02,230.52,0.454,True,0.4262,,,,,,,,,,,,,,,,
2026-02-04,a3986d20c19f33c7c107fw,2026-02-03 19:20:00.000,20,True,44,454,1030,2303,103.02,230.3,0.455,True,0.4434,,,,,,,,,,,,,,,,
2026-02-04,a3986d20c19f33c7c107fw,2026-02-03 19:30:00.000,21,True,46,610,1382,2302,138.25,230.27,0.61,True,0.4664,,,,,,,,,,,,,,,,
2026-02-04,a3986d20c19f33c7c107fw,2026-02-03 19:40:00.000,22,True,48,451,1024,2305,102.4,230.5,0.451,True,0.4835,,,,,,,,,,,,,,,,
2026-02-04,a3986d20c19f33c7c107fw,2026-02-03 19:50:00.000,23,True,50,450,1021,2300,102.1,230.07,0.451,True,0.5005,,,,,,,,,,,,,,,,
2026-02-04,a3986d20c19f33c7c107fw,2026-02-03 20:00:00.000,24,True,52,529,1203,2307,120.3,230.74,0.53,True,0.5206,,,,,,,,,,,,,,,,
2026-02-04,a3986d20c19f33c7c107fw,2026-02-03 20:10:00.000,25,True,54,531,1203,2301,120.3,230.11,0.531,True,0.5406,,,,,,,,,,,,,,,,
2026-02-04,a3986d20c19f33c7c107fw,2026-02-03 20:20:00.000,26,True,54,151,344,2303,34.42,230.32,0.152,True,0.5464,,,,,,,,,,,,,,,,
2026-02-04,a3986d20c19f33c7c107fw,2026-02-03 20:30:00.000,27,True,55,158,359,2309,35.97,230.9,0.158,True,0.5524,,,,,,,,,,,,,,,,
2026-02-04,a3986d20c19f33c7c107fw,2026-02-03 20:40:00.000,28,True,55,152,346,2304,34.64,230.4,0.153,True,0.5581,,,,,,,,,,,,,,,,
2026-02-04,a3986d20c19f33c7c107fw,2026-02-03 20:50:00.000,29,True,56,231,526,2312,52.62,231.27,0.231,True,0.5669,,,,,,,,,,,,,,,,
2026-02-04,a3986d20c19f33c7c107fw,2026-02-03 21:00:00.000,30,True,58,539,1226,2308,122.63,230.82,0.54,True,0.5873,,,,,,,,,,,,,,,,
2026-02-04,a3986d20c19f33c7c107fw,2026-02-03 21:10:00.000,31,True,61,607,1374,2297,137.41,229.7,0.608,True,0.6102,,,,,,,,,,,,,,,,
2026-02-04,a3986d20c19f33c7c107fw,2026-02-03 21:20:00.000,32,True,63,607,1374,2300,137.41,230.05,0.607,True,0.6331,,,,,,,,,,,,,,,,
2026-02-04,a3986d20c19f33c7c107fw,2026-02-03 21:30:00.000,33,True,65,453,1025,2296,102.52,229.67,0.454,True,0.6502,,,,,,,,,,,,,,,,
2026-02-04,a3986d20c19f33c7c107fw,2026-02-03 21:40:00.000,34,True,67,530,1199,2297,119.96,229.74,0.531,True,0.6702,,,,,,,,,,,,,,,,
2026-02-04,a3986d20c19f33c7c107fw,2026-02-03 21:50:00.000,35,True,68,309,702,2305,70.21,230.52,0.31,True,0.6819,,,,,,,,,,,,,,,,
2026-02-04,a3986d20c19f33c7c107fw,2026-02-03 22:00:00.000,36,True,69,231,522,2295,52.25,229.54,0.231,True,0.6906,,,,,,,,,,,,,,,,
2026-02-04,a3986d20c19f33c7c107fw,2026-02-03 22:10:00.000,37,True,69,155,353,2307,35.38,230.78,0.156,True,0.6965,,,,,,,,,,,,,,,,
2026-02-04,a3986d20c19f33c7c107fw,2026-02-03 22:20:00.000,38,True,71,448,1017,2304,101.74,230.42,0.449,True,0.7135,,,,,,,,,,,,,,,,
2026-02-04,a3986d20c19f33c7c107fw,2026-02-03 22:30:00.000,39,True,74,757,1715,2301,171.51,230.1,0.757,True,0.7421,,,,,,,,,,,,,,,,
2026-02-04,a3986d20c19f33c7c107fw,2026-02-03 22:40:00.000,40,True,76,604,1369,2301,136.99,230.18,0.605,True,0.7649,,,,,,,,,,,,,,,,
2026-02-04,a3986d20c19f33c7c107fw,2026-02-03 22:50:00.000,41,True,78,526,1193,2301,119.3,230.17,0.527,True,0.7848,,,,,,,,,,,,,,,,
2026-02-04,a3986d20c19f33c7c107fw,2026-02-03 23:00:00.000,42,True,80,523,1183,2297,118.33,229.74,0.523,True,0.8045,,,,,,,,,,,,,,,,
2026-02-04,a3986d20c19f33c7c107fw,2026-02-03 23:10:00.000,43,True,81,380,861,2301,86.12,230.15,0.38,True,0.8189,,,,,,,,,,,,,,,,
2026-02-04,a3986d20c19f33c7c107fw,2026-02-03 23:20:00.000,44,True,82,156,355,2312,35.59,231.24,0.156,True,0.8248,,,,,,,,,,,,,,,,
2026-02-04,a3986d20c19f33c7c107fw,2026-02-03 23:30:00.000,45,True,82,79,179,2301,17.99,230.1,0.079,True,0.8278,,,,,,,,,,,,,,,,
2026-02-04,a3986d20c19f33c7c107fw,2026-02-03 23:40:00.000,46,True,83,0,579,2300,57.94,230.01,0.0,True,0.8375,,,,,,,,,,,,,,,,
2026-02-04,a3986d20c19f33c7c107fw,2026-02-03 23:50:00.000,47,True,84,0,579,2297,57.94,229.73,0.0,True,0.8471,,,,,,,,,,,,,,,,
2026-02-04,a3986d20c19f33c7c107fw,2026-02-04 00:00:00.000,48,True,85,231,521,2293,52.18,229.38,0.231,True,0.8558,,,,,,,,,,,,,,,,
2026-02-04,a3986d20c19f33c7c107fw,2026-02-04 00:10:00.000,49,True,88,691,1566,2302,156.68,230.29,0.691,True,0.8819,,,,,,,,,,,,,,,,
2026-02-04,a3986d20c19f33c7c107fw,2026-02-04 00:20:00.000,50,True,90,616,1396,2304,139.69,230.45,0.616,True,0.9052,,,,,,,,,,,,,,,,
2026-02-04,a3986d20c19f33c7c107fw,2026-02-04 00:30:00.000,51,True,92,539,1224,2307,122.5,230.76,0.539,True,0.9256,,,,,,,,,,,,,,,,
2026-02-04,a3986d20c19f33c7c107fw,2026-02-04 00:40:00.000,52,True,92,76,174,2307,17.46,230.72,0.077,True,0.9285,,,,,,,,,,,,,,,,
2026-02-04,a3986d20c19f33c7c107fw,2026-02-04 00:50:00.000,53,True,93,154,351,2317,35.16,231.74,0.154,True,0.9344,,,,,,,,,,,,,,,,
2026-02-04,a3986d20c19f33c7c107fw,2026-02-04 01:00:00.000,54,True,94,153,349,2304,34.92,230.49,0.154,True,0.9402,,,,,,,,,,,,,,,,
2026-02-04,a3986d20c19f33c7c107fw,2026-02-04 01:10:00.000,55,True,94,147,334,2308,33.48,230.82,0.147,True,0.9458,,,,,,,,,,,,,,,,
2026-02-04,a3986d20c19f33c7c107fw,2026-02-04 01:20:00.000,56,True,96,452,1031,2315,103.16,231.55,0.453,True,0.963,,,,,,,,,,,,,,,,
2026-02-04,a3986d20c19f33c7c107fw,2026-02-04 01:30:00.000,57,True,98,606,1381,2315,138.19,231.5,0.607,True,0.986,,,,,,,,,,,,,,,,
2026-02-04,a3986d20c19f33c7c107fw,2026-02-04 01:40:00.000,58,True,100,463,1050,2301,105.03,230.16,0.464,True,1.0035,,,,,,,,,,,,,,,,
2026-02-04,a3986d20c19f33c7c107fw,2026-02-04 01:50:00.000,59,True,101,310,704,2302,70.42,230.24,0.311,True,1.0153,,,,,,,,,,,,,,,,
2026-02-04,a3986d20c19f33c7c107fw,2026-02-04 02:00:00.000,60,True,102,153,346,2297,34.6,229.7,0.153,True,1.021,,,,,,,,,,,,,,,,
2026-02-04,a3986d20c19f33c7c107fw,2026-02-04 02:10:00.000,61,True,103,312,704,2287,70.43,228.76,0.313,True,1.0328,,,,,,,,,,,,,,,,
2026-02-04,a3986d20c19f33c7c107fw,2026-02-04 02:20:00.000,62,True,103,149,337,2296,33.72,229.62,0.149,True,1.0384,,,,,,,,,,,,,,,,
2026-02-04,a3986d20c19f33c7c107fw,2026-02-04 02:30:00.000,63,True,105,542,1218,2282,121.82,228.26,0.542,True,1.0587,,,,,,,,,,,,,,,,
2026-02-04,a3986d20c19f33c7c107fw,2026-02-04 02:40:00.000,64,True,107,458,1031,2286,103.11,228.6,0.458,True,1.0759,,,,,,,,,,,,,,,,
2026-02-04,a3986d20c19f33c7c107fw,2026-02-04 02:50:00.000,65,True,109,536,1208,2290,120.84,229.03,0.536,True,1.096,,,,,,,,,,,,,,,,
2026-02-04,a3986d20c19f33c7c107fw,2026-02-04 03:00:00.000,66,True,111,528,1190,2291,119.09,229.1,0.528,True,1.1159,,,,,,,,,,,,,,,,
2026-02-04,a3986d20c19f33c7c107fw,2026-02-04 03:10:00.000,67,True,113,604,1359,2286,135.95,228.66,0.604,True,1.1385,,,,,,,,,,,,,,,,
2026-02-04,a3986d20c19f33c7c107fw,2026-02-04 03:20:00.000,68,True,116,594,1344,2300,134.49,230.09,0.594,True,1.1609,,,,,,,,,,,,,,,,
2026-02-04,a3986d20c19f33c7c107fw,2026-02-04 03:30:00.000,69,True,117,288,653,2300,65.38,230.0,0.289,True,1.1718,,,,,,,,,,,,,,,,
2026-02-04,a3986d20c19f33c7c107fw,2026-02-04 03:40:00.000,70,True,118,287,651,2304,65.17,230.42,0.287,True,1.1827,,,,,,,,,,,,,,,,
2026-02-04,a3986d20c19f33c7c107fw,2026-02-04 03:50:00.000,71,False,118,0,0,2310,0.0,231.03,0.0,False,1.1827,,,,,,,,,,,,,,,,
2026-02-04,a3986d20c19f33c7c107fw,2026-02-04 04:00:00.000,72,True,118,75,170,2315,17.09,231.52,0.075,True,1.1855,,,,,,,,,,,,,,,,
2026-02-04,a3986d20c19f33c7c107fw,2026-02-04 04:10:00.000,73,True,119,333,749,2282,74.98,228.22,0.334,True,1.198,,,,,,,,,,,,,,,,
2026-02-04,a3986d20c19f33c7c107fw,2026-02-04 04:20:00.000,74,True,120,229,518,2293,51.88,229.38,0.23,True,1.2067,,,,,,,,,,,,,,,,
2026-02-04,a3986d20c19f33c7c107fw,2026-02-04 04:30:00.000,75,True,121,231,518,2276,51.88,227.65,0.232,True,1.2153,,,,,,,,,,,,,,,,
2026-02-04,a3986d20c19f33c7c107fw,2026-02-04 04:40:00.000,76,True,122,306,683,2266,68.33,226.6,0.306,True,1.2267,,,,,,,,,,,,,,,,
2026-02-04,a3986d20c19f33c7c107fw,2026-02-04 04:50:00.000,77,True,124,403,906,2282,90.64,228.22,0.404,True,1.2418,,,,,,,,,,,,,,,,
2026-02-04,a3986d20c19f33c7c107fw,2026-02-04 05:00:00.000,78,True,125,403,906,2282,90.64,228.22,0.404,True,1.2569,,,,,,,,,,,,,,,,
2026-02-04,a3986d20c19f33c7c107fw,2026-02-04 05:10:00.000,79,True,127,394,883,2278,88.39,227.8,0.394,True,1.2717,,,,,,,,,,,,,,,,
2026-02-04,a3986d20c19f33c7c107fw,2026-02-04 05:20:00.000,80,False,127,0,0,2279,0.0,227.93,0.0,False,1.2717,,,,,,,,,,,,,,,,
2026-02-04,a3986d20c19f33c7c107fw,2026-02-04 05:30:00.000,81,False,127,0,0,2279,0.0,227.93,0.0,False,1.2717,,,,,,,,,,,,,,,,
2026-02-04,a3986d20c19f33c7c107fw,2026-02-04 05:40:00.000,82,False,127,0,0,2295,0.0,229.57,0.0,False,1.2717,,,,,,,,,,,,,,,,
2026-02-04,a3986d20c19f33c7c107fw,2026-02-04 05:50:00.000,83,True,128,387,871,2285,87.11,228.54,0.387,True,1.2862,,,,,,,,,,,,,,,,
2026-02-04,a3986d20c19f33c7c107fw,2026-02-04 06:00:00.000,84,True,129,318,711,2267,71.14,226.78,0.319,True,1.298,,,,,,,,,,,,,,,,
2026-02-04,a3986d20c19f33c7c107fw,2026-02-04 06:10:00.000,85,True,131,320,718,2281,71.83,228.12,0.32,True,1.31,,,,,,,,,,,,,,,,
2026-02-04,a3986d20c19f33c7c107fw,2026-02-04 06:20:00.000,86,True,132,318,714,2277,71.4,227.7,0.319,True,1.3219,,,,,,,,,,,,,,,,
2026-02-04,a3986d20c19f33c7c107fw,2026-02-04 06:30:00.000,87,True,133,232,520,2275,52.03,227.54,0.232,True,1.3306,,,,,,,,,,,,,,,,
2026-02-04,a3986d20c19f33c7c107fw,2026-02-04 06:40:00.000,88,True,134,467,1051,2287,105.12,228.7,0.467,True,1.3481,,,,,,,,,,,,,,,,
2026-02-04,a3986d20c19f33c7c107fw,2026-02-04 06:50:00.000,89,True,137,613,1377,2281,137.73,228.1,0.614,True,1.3711,,,,,,,,,,,,,,,,
2026-02-04,a3986d20c19f33c7c107fw,2026-02-04 07:00:00.000,90,True,138,312,701,2284,70.14,228.43,0.312,True,1.3827,,,,,,,,,,,,,,,,
2026-02-04,a3986d20c19f33c7c107fw,2026-02-04 07:10:00.000,91,True,139,313,705,2289,70.55,228.9,0.313,True,1.3945,,,,,,,,,,,,,,,,
2026-02-04,a3986d20c19f33c7c107fw,2026-02-04 07:20:00.000,92,True,140,380,851,2276,85.12,227.64,0.38,True,1.4087,,,,,,,,,,,,,,,,
2026-02-04,a3986d20c19f33c7c107fw,2026-02-04 07:30:00.000,93,True,141,301,676,2280,67.68,228.05,0.302,True,1.42,,,,,,,,,,,,,,,,
2026-02-04,a3986d20c19f33c7c107fw,2026-02-04 07:40:00.000,94,True,143,301,677,2283,67.7,228.3,0.301,True,1.4313,,,,,,,,,,,,,,,,
2026-02-04,a3986d20c19f33c7c107fw,2026-02-04 07:50:00.000,95,True,144,379,852,2281,85.23,228.19,0.38,True,1.4455,,,,,,,,,,,,,,,,
2026-02-04,a3986d20c19f33c7c107fw,2026-02-04 08:00:00.000,96,True,145,378,850,2284,85.03,228.49,0.378,True,1.4596,,,,,,,,,,,,,,,,
2026-02-04,a3986d20c19f33c7c107fw,2026-02-04 08:10:00.000,97,True,147,451,1018,2293,101.81,229.31,0.451,True,1.4766,,,,,,,,,,,,,,,,
2026-02-04,a3986d20c19f33c7c107fw,2026-02-04 08:20:00.000,98,True,148,0,579,2338,57.94,233.8,0.0,True,1.4863,30.15,58.0,1013.0,0,559,30058,15968,2610,0,last,False,relay,False,,,
2026-02-04,a3986d20c19f33c7c107fw,2026-02-04 08:30:00.000,99,True,149,0,579,2338,57.94,233.8,0.0,True,1.4959,30.15,58.0,1013.0,0,559,30058,15968,2610,0,last,False,relay,False,,,
2026-02-04,a3986d20c19f33c7c107fw,2026-02-04 08:40:00.000,100,True,150,0,579,2338,57.94,233.8,0.0,True,1.5056,29.4,60.0,1013.0,0,559,30058,15968,2610,0,last,False,relay,False,,,
2026-02-04,a3986d20c19f33c7c107fw,2026-02-04 08:50:00.000,101,True,151,0,579,2338,57.94,233.8,0.0,True,1.5152,29.37,62.0,1013.0,0,559,30058,15968,2610,0,last,False,relay,False,,,
2026-02-04,a3986d20c19f33c7c107fw,2026-02-04 09:00:00.000,102,True,154,1131,1829,2333,182.93,233.3,1.131,True,1.5457,29.27,62.0,1013.0,0,559,30058,15968,2610,0,last,False,relay,False,,,
2026-02-04,a3986d20c19f33c7c107fw,2026-02-04 09:10:00.000,103,True,155,152,345,2304,34.52,230.41,0.152,True,1.5515,,,,,,,,,,,,,,,,
2026-02-04,a3986d20c19f33c7c107fw,2026-02-04 09:20:00.000,104,True,156,458,1042,2309,104.23,230.97,0.459,True,1.5688,,,,,,,,,,,,,,,,
2026-02-04,a3986d20c19f33c7c107fw,2026-02-04 09:30:00.000,105,True,157,232,526,2305,52.67,230.57,0.232,True,1.5776,,,,,,,,,,,,,,,,
2026-02-04,a3986d20c19f33c7c107fw,2026-02-04 09:40:00.000,106,True,158,232,526,2306,52.67,230.63,0.232,True,1.5864,,,,,,,,,,,,,,,,
2026-02-04,a3986d20c19f33c7c107fw,2026-02-04 09:50:00.000,107,True,160,464,1052,2303,105.3,230.35,0.465,True,1.6039,,,,,,,,,,,,,,,,
2026-02-04,a3986d20c19f33c7c107fw,2026-02-04 10:00:00.000,108,True,161,311,706,2307,70.65,230.7,0.311,True,1.6157,,,,,,,,,,,,,,,,
2026-02-04,a3986d20c19f33c7c107fw,2026-02-04 10:10:00.000,109,True,162,233,528,2304,52.87,230.4,0.233,True,1.6245,,,,,,,,,,,,,,,,
2026-02-04,a3986d20c19f33c7c107fw,2026-02-04 10:20:00.000,110,True,163,155,352,2302,35.23,230.27,0.155,True,1.6304,,,,,,,,,,,,,,,,
2026-02-04,a3986d20c19f33c7c107fw,2026-02-04 10:30:00.000,111,True,164,0,579,2303,57.94,230.33,0.0,True,1.6401,,,,,,,,,,,,,,,,
2026-02-04,a3986d20c19f33c7c107fw,2026-02-04 10:40:00.000,112,True,164,75,170,2302,17.02,230.2,0.075,True,1.6429,,,,,,,,,,,,,,,,
2026-02-04,a3986d20c19f33c7c107fw,2026-02-04 10:50:00.000,113,True,164,155,351,2303,35.19,230.32,0.155,True,1.6488,,,,,,,,,,,,,,,,
2026-02-04,a3986d20c19f33c7c107fw,2026-02-04 11:00:00.000,114,False,164,0,0,2304,0.0,230.47,0.0,False,1.6488,,,,,,,,,,,,,,,,
2026-02-04,a3986d20c19f33c7c107fw,2026-02-04 11:10:00.000,115,True,165,235,532,2300,53.22,230.0,0.235,True,1.6576,,,,,,,,,,,,,,,,
2026-02-04,a3986d20c19f33c7c107fw,2026-02-04 11:20:00.000,116,True,167,389,882,2302,88.28,230.22,0.39,True,1.6723,,,,,,,,,,,,,,,,
2026-02-04,a3986d20c19f33c7c107fw,2026-02-04 11:30:00.000,117,True,168,392,888,2301,88.86,230.13,0.392,True,1.6872,,,,,,,,,,,,,,,,
2026-02-04,a3986d20c19f33c7c107fw,2026-02-04 11:40:00.000,118,True,169,315,713,2298,71.33,229.84,0.315,True,1.699,,,,,,,,,,,,,,,,
2026-02-04,a3986d20c19f33c7c107fw,2026-02-04 11:50:00.000,119,True,170,152,346,2311,34.68,231.12,0.152,True,1.7048,,,,,,,,,,,,,,,,
2026-02-04,a3986d20c19f33c7c107fw,2026-02-04 12:00:00.000,120,True,170,73,165,2306,16.57,230.64,0.073,True,1.7076,,,,,,,,,,,,,,,,
2026-02-04,a3986d20c19f33c7c107fw,2026-02-04 12:10:00.000,121,True,171,76,172,2301,17.26,230.18,0.076,True,1.7105,,,,,,,,,,,,,,,,
2026-02-04,a3986d20c19f33c7c107fw,2026-02-04 12:20:00.000,122,True,171,154,350,2306,35.01,230.63,0.154,True,1.7163,,,,,,,,,,,,,,,,
2026-02-04,a3986d20c19f33c7c107fw,2026-02-04 12:30:00.000,123,True,172,154,350,2306,35.01,230.63,0.154,True,1.7221,,,,,,,,,,,,,,,,
2026-02-04,a3986d20c19f33c7c107fw,2026-02-04 12:40:00.000,124,True,173,468,1056,2293,105.66,229.34,0.468,True,1.7397,,,,,,,,,,,,,,,,
2026-02-04,a3986d20c19f33c7c107fw,2026-02-04 12:50:00.000,125,True,176,545,1228,2287,122.88,228.73,0.546,True,1.7602,,,,,,,,,,,,,,,,
2026-02-04,a3986d20c19f33c7c107fw,2026-02-04 13:00:00.000,126,True,177,465,1047,2288,104.73,228.86,0.465,True,1.7777,,,,,,,,,,,,,,,,
2026-02-04,a3986d20c19f33c7c107fw,2026-02-04 13:10:00.000,127,True,179,465,1047,2288,104.73,228.86,0.465,True,1.7951,,,,,,,,,,,,,,,,
2026-02-04,a3986d20c19f33c7c107fw,2026-02-04 13:20:00.000,128,True,180,301,677,2280,67.76,228.09,0.302,True,1.8064,,,,,,,,,,,,,,,,
2026-02-04,a3986d20c19f33c7c107fw,2026-02-04 13:30:00.000,129,True,181,227,508,2274,50.81,227.47,0.227,True,1.8149,,,,,,,,,,,,,,,,
2026-02-04,a3986d20c19f33c7c107fw,2026-02-04 13:40:00.000,130,True,181,72,161,2273,16.19,227.37,0.072,True,1.8176,,,,,,,,,,,,,,,,
2026-02-04,a3986d20c19f33c7c107fw,2026-02-04 13:50:00.000,131,True,182,72,161,2273,16.19,227.37,0.072,True,1.8203,,,,,,,,,,,,,,,,
2026-02-04,a3986d20c19f33c7c107fw,2026-02-04 14:00:00.000,132,True,183,303,677,2270,67.72,227.03,0.303,True,1.8316,,,,,,,,,,,,,,,,
2026-02-04,a3986d20c19f33c7c107fw,2026-02-04 14:10:00.000,133,True,184,316,705,2266,70.51,226.64,0.316,True,1.8433,,,,,,,,,,,,,,,,
2026-02-04,a3986d20c19f33c7c107fw,2026-02-04 14:20:00.000,134,True,185,316,705,2266,70.51,226.64,0.316,True,1.8551,,,,,,,,,,,,,,,,
2026-02-04,a3986d20c19f33c7c107fw,2026-02-04 14:30:00.000,135,True,186,392,876,2268,87.66,226.83,0.393,True,1.8697,,,,,,,,,,,,,,,,
2026-02-04,a3986d20c19f33c7c107fw,2026-02-04 14:40:00.000,136,True,188,388,867,2268,86.76,226.87,0.389,True,1.8841,,,,,,,,,,,,,,,,
2026-02-04,a3986d20c19f33c7c107fw,2026-02-04 14:50:00.000,137,True,189,308,689,2269,68.94,226.95,0.309,True,1.8956,,,,,,,,,,,,,,,,
2026-02-04,a3986d20c19f33c7c107fw,2026-02-04 15:00:00.000,138,True,190,302,678,2282,67.86,228.2,0.302,True,1.9069,,,,,,,,,,,,,,,,
2026-02-04,a3986d20c19f33c7c107fw,2026-02-04 15:10:00.000,139,True,192,381,856,2279,85.68,227.94,0.382,True,1.9212,,,,,,,,,,,,,,,,
2026-02-04,a3986d20c19f33c7c107fw,2026-02-04 15:20:00.000,140,True,193,385,863,2279,86.37,227.9,0.385,True,1.9356,,,,,,,,,,,,,,,,
2026-02-04,a3986d20c19f33c7c107fw,2026-02-04 15:30:00.000,141,True,194,383,860,2279,86.01,227.97,0.383,True,1.95,,,,,,,,,,,,,,,,
2026-02-04,a3986d20c19f33c7c107fw,2026-02-04 15:40:00.000,142,True,196,378,849,2278,84.93,227.81,0.379,True,1.9641,,,,,,,,,,,,,,,,
2026-02-04,a3986d20c19f33c7c107fw,2026-02-04 15:50:00.000,143,True,196,157,353,2284,35.32,228.48,0.157,True,1.97,,,,,,,,,,,,,,,,
2026-02-05,a3986d20c19f33c7c107fw,2026-02-04 16:00:00.000,0,True,1,308,683,2284,68.36,228.4,0.308,True,0.0114,,,,,,,,,,,,,,,,
2026-02-05,a3986d20c19f33c7c107fw,2026-02-04 16:10:00.000,1,True,1,231,514,2284,51.43,228.45,0.232,True,0.02,,,,,,,,,,,,,,,,
2026-02-05,a3986d20c19f33c7c107fw,2026-02-04 16:20:00.000,2,True,4,687,1522,2282,152.22,228.22,0.687,True,0.0453,,,,,,,,,,,,,,,,
2026-02-05,a3986d20c19f33c7c107fw,2026-02-04 16:30:00.000,3,True,5,380,840,2271,84.02,227.19,0.381,True,0.0593,,,,,,,,,,,,,,,,
2026-02-05,a3986d20c19f33c7c107fw,2026-02-04 16:40:00.000,4,True,9,849,1885,2287,188.54,228.73,0.849,True,0.0908,,,,,,,,,,,,,,,,
2026-02-05,a3986d20c19f33c7c107fw,2026-02-04 16:50:00.000,5,True,11,768,1702,2282,170.28,228.29,0.768,True,0.1191,,,,,,,,,,,,,,,,
2026-02-05,a3986d20c19f33c7c107fw,2026-02-04 17:00:00.000,6,True,15,840,1860,2281,186.06,228.13,0.84,True,0.1502,,,,,,,,,,,,,,,,
2026-02-05,a3986d20c19f33c7c107fw,2026-02-04 17:10:00.000,7,True,16,457,1010,2273,101.02,227.36,0.458,True,0.167,,,,,,,,,,,,,,,,
2026-02-05,a3986d20c19f33c7c107fw,2026-02-04 17:20:00.000,8,True,18,463,1029,2288,102.97,228.81,0.464,True,0.1842,,,,,,,,,,,,,,,,
2026-02-05,a3986d20c19f33c7c107fw,2026-02-04 17:30:00.000,9,True,20,488,1088,2295,108.85,229.59,0.488,True,0.2023,,,,,,,,,,,,,,,,
2026-02-05,a3986d20c19f33c7c107fw,2026-02-04 17:40:00.000,10,True,21,399,889,2294,88.94,229.4,0.399,True,0.2171,,,,,,,,,,,,,,,,
2026-02-05,a3986d20c19f33c7c107fw,2026-02-04 17:50:00.000,11,True,23,455,1014,2296,101.42,229.61,0.455,True,0.234,,,,,,,,,,,,,,,,
2026-02-05,a3986d20c19f33c7c107fw,2026-02-04 18:00:00.000,12,True,26,841,1866,2284,186.68,228.47,0.842,True,0.2651,,,,,,,,,,,,,,,,
2026-02-05,a3986d20c19f33c7c107fw,2026-02-04 18:10:00.000,13,True,28,614,1364,2289,136.5,228.93,0.614,True,0.2879,,,,,,,,,,,,,,,,
2026-02-05,a3986d20c19f33c7c107fw,2026-02-04 18:20:00.000,14,True,31,714,1586,2287,158.68,228.77,0.715,True,0.3143,,,,,,,,,,,,,,,,
2026-02-05,a3986d20c19f33c7c107fw,2026-02-04 18:30:00.000,15,True,33,625,1387,2286,138.77,228.65,0.625,True,0.3375,,,,,,,,,,,,,,,,
2026-02-05,a3986d20c19f33c7c107fw,2026-02-04 18:40:00.000,16,True,36,611,1359,2291,136.0,229.16,0.611,True,0.3601,,,,,,,,,,,,,,,,
2026-02-05,a3986d20c19f33c7c107fw,2026-02-04 18:50:00.000,17,True,38,543,1214,2302,121.41,230.23,0.543,True,0.3804,,,,,,,,,,,,,,,,
2026-02-05,a3986d20c19f33c7c107fw,2026-02-04 19:00:00.000,18,True,40,622,1390,2302,139.09,230.21,0.622,True,0.4035,,,,,,,,,,,,,,,,
2026-02-05,a3986d20c19f33c7c107fw,2026-02-04 19:10:00.000,19,True,42,454,1016,2305,101.62,230.52,0.454,True,0.4205,,,,,,,,,,,,,,,,
2026-02-05,a3986d20c19f33c7c107fw,2026-02-04 19:20:00.000,20,True,43,454,1016,2303,101.62,230.3,0.455,True,0.4374,,,,,,,,,,,,,,,,
2026-02-05,a3986d20c19f33c7c107fw,2026-02-04 19:30:00.000,21,True,46,610,1363,2302,136.37,230.27,0.61,True,0.4601,,,,,,,,,,,,,,,,
2026-02-05,a3986d20c19f33c7c107fw,2026-02-04 19:40:00.000,22,True,47,451,1010,2305,101.02,230.5,0.451,True,0.477,,,,,,,,,,,,,,,,
2026-02-05,a3986d20c19f33c7c107fw,2026-02-04 19:50:00.000,23,True,49,450,1007,2300,100.72,230.07,0.451,True,0.4938,,,,,,,,,,,,,,,,
2026-02-05,a3986d20c19f33c7c107fw,2026-02-04 20:00:00.000,24,True,51,529,1186,2307,118.68,230.74,0.53,True,0.5135,,,,,,,,,,,,,,,,
2026-02-05,a3986d20c19f33c7c107fw,2026-02-04 20:10:00.000,25,True,53,531,1186,2301,118.68,230.11,0.531,True,0.5333,,,,,,,,,,,,,,,,
2026-02-05,a3986d20c19f33c7c107fw,2026-02-04 20:20:00.000,26,True,53,151,339,2303,33.95,230.32,0.152,True,0.539,,,,,,,,,,,,,,,,
2026-02-05,a3986d20c19f33c7c107fw,2026-02-04 20:30:00.000,27,True,54,158,354,2309,35.49,230.9,0.158,True,0.5449,,,,,,,,,,,,,,,,
2026-02-05,a3986d20c19f33c7c107fw,2026-02-04 20:40:00.000,28,True,55,152,341,2304,34.17,230.4,0.153,True,0.5506,,,,,,,,,,,,,,,,
2026-02-05,a3986d20c19f33c7c107fw,2026-02-04 20:50:00.000,29,True,55,231,519,2312,51.91,231.27,0.231,True,0.5592,,,,,,,,,,,,,,,,
2026-02-05,a3986d20c19f33c7c107fw,2026-02-04 21:00:00.000,30,True,57,539,1209,2308,120.98,230.82,0.54,True,0.5794,,,,,,,,,,,,,,,,
2026-02-05,a3986d20c19f33c7c107fw,2026-02-04 21:10:00.000,31,True,60,607,1355,2297,135.55,229.7,0.608,True,0.602,,,,,,,,,,,,,,,,
2026-02-05,a3986d20c19f33c7c107fw,2026-02-04 21:20:00.000,32,True,62,607,1355,2300,135.55,230.05,0.607,True,0.6246,,,,,,,,,,,,,,,,
2026-02-05,a3986d20c19f33c7c107fw,2026-02-04 21:30:00.000,33,True,64,453,1011,2296,101.13,229.67,0.454,True,0.6414,,,,,,,,,,,,,,,,
2026-02-05,a3986d20c19f33c7c107fw,2026-02-04 21:40:00.000,34,True,66,530,1183,2297,118.34,229.74,0.531,True,0.6612,,,,,,,,,,,,,,,,
2026-02-05,a3986d20c19f33c7c107fw,2026-02-04 21:50:00.000,35,True,67,309,692,2305,69.27,230.52,0.31,True,0.6727,,,,,,,,,,,,,,,,
2026-02-05,a3986d20c19f33c7c107fw,2026-02-04 22:00:00.000,36,True,68,231,515,2295,51.55,229.54,0.231,True,0.6813,,,,,,,,,,,,,,,,
2026-02-05,a3986d20c19f33c7c107fw,2026-02-04 22:10:00.000,37,True,68,155,349,2307,34.91,230.78,0.156,True,0.6871,,,,,,,,,,,,,,,,
2026-02-05,a3986d20c19f33c7c107fw,2026-02-04 22:20:00.000,38,True,70,448,1003,2304,100.37,230.42,0.449,True,0.7039,,,,,,,,,,,,,,,,
2026-02-05,a3986d20c19f33c7c107fw,2026-02-04 22:30:00.000,39,True,73,757,1691,2301,169.18,230.1,0.757,True,0.7321,,,,,,,,,,,,,,,,
2026-02-05,a3986d20c19f33c7c107fw,2026-02-04 22:40:00.000,40,True,75,604,1351,2301,135.14,230.18,0.605,True,0.7546,,,,,,,,,,,,,,,,
2026-02-05,a3986d20c19f33c7c107fw,2026-02-04 22:50:00.000,41,True,77,526,1176,2301,117.69,230.17,0.527,True,0.7742,,,,,,,,,,,,,,,,
2026-02-05,a3986d20c19f33c7c107fw,2026-02-04 23:00:00.000,42,True,79,523,1167,2297,116.74,229.74,0.523,True,0.7936,,,,,,,,,,,,,,,,
2026-02-05,a3986d20c19f33c7c107fw,2026-02-04 23:10:00.000,43,True,80,380,849,2301,84.96,230.15,0.38,True,0.8078,,,,,,,,,,,,,,,,
2026-02-05,a3986d20c19f33c7c107fw,2026-02-04 23:20:00.000,44,True,81,156,351,2312,35.1,231.24,0.156,True,0.8137,,,,,,,,,,,,,,,,
2026-02-05,a3986d20c19f33c7c107fw,2026-02-04 23:30:00.000,45,True,81,79,177,2301,17.74,230.1,0.079,True,0.8166,,,,,,,,,,,,,,,,
2026-02-05,a3986d20c19f33c7c107fw,2026-02-04 23:40:00.000,46,True,82,0,590,2300,59.08,230.01,0.0,True,0.8265,,,,,,,,,,,,,,,,
2026-02-05,a3986d20c19f33c7c107fw,2026-02-04 23:50:00.000,47,True,83,0,590,2297,59.08,229.73,0.0,True,0.8363,,,,,,,,,,,,,,,,
2026-02-05,a3986d20c19f33c7c107fw,2026-02-05 00:00:00.000,48,True,84,231,514,2293,51.47,229.38,0.231,True,0.8449,,,,,,,,,,,,,,,,
2026-02-05,a3986d20c19f33c7c107fw,2026-02-05 00:10:00.000,49,True,87,691,1545,2302,154.57,230.29,0.691,True,0.8706,,,,,,,,,,,,,,,,
2026-02-05,a3986d20c19f33c7c107fw,2026-02-05 00:20:00.000,50,True,89,616,1377,2304,137.8,230.45,0.616,True,0.8936,,,,,,,,,,,,,,,,
2026-02-05,a3986d20c19f33c7c107fw,2026-02-05 00:30:00.000,51,True,91,539,1208,2307,120.84,230.76,0.539,True,0.9138,,,,,,,,,,,,,,,,
2026-02-05,a3986d20c19f33c7c107fw,2026-02-05 00:40:00.000,52,True,91,76,172,2307,17.22,230.72,0.077,True,0.9166,,,,,,,,,,,,,,,,
2026-02-05,a3986d20c19f33c7c107fw,2026-02-05 00:50:00.000,53,True,92,154,346,2317,34.68,231.74,0.154,True,0.9224,,,,,,,,,,,,,,,,
2026-02-05,a3986d20c19f33c7c107fw,2026-02-05 01:00:00.000,54,True,92,153,344,2304,34.45,230.49,0.154,True,0.9281,,,,,,,,,,,,,,,,
2026-02-05,a3986d20c19f33c7c107fw,2026-02-05 01:10:00.000,55,True,93,147,330,2308,33.03,230.82,0.147,True,0.9337,,,,,,,,,,,,,,,,
2026-02-05,a3986d20c19f33c7c107fw,2026-02-05 01:20:00.000,56,True,95,452,1017,2315,101.77,231.55,0.453,True,0.9506,,,,,,,,,,,,,,,,
2026-02-05,a3986d20c19f33c7c107fw,2026-02-05 01:30:00.000,57,True,97,606,1363,2315,136.32,231.5,0.607,True,0.9733,,,,,,,,,,,,,,,,
2026-02-05,a3986d20c19f33c7c107fw,2026-02-05 01:40:00.000,58,True,99,463,1036,2301,103.61,230.16,0.464,True,0.9906,,,,,,,,,,,,,,,,
2026-02-05,a3986d20c19f33c7c107fw,2026-02-05 01:50:00.000,59,True,100,310,694,2302,69.46,230.24,0.311,True,1.0022,,,,,,,,,,,,,,,,
2026-02-05,a3986d20c19f33c7c107fw,2026-02-05 02:00:00.000,60,True,100,153,341,2297,34.13,229.7,0.153,True,1.0079,,,,,,,,,,,,,,,,
2026-02-05,a3986d20c19f33c7c107fw,2026-02-05 02:10:00.000,61,True,101,312,694,2287,69.47,228.76,0.313,True,1.0194,,,,,,,,,,,,,,,,
2026-02-05,a3986d20c19f33c7c107fw,2026-02-05 02:20:00.000,62,True,102,149,332,2296,33.26,229.62,0.149,True,1.025,,,,,,,,,,,,,,,,
2026-02-05,a3986d20c19f33c7c107fw,2026-02-05 02:30:00.000,63,True,104,542,1201,2282,120.17,228.26,0.542,True,1.045,,,,,,,,,,,,,,,,
2026-02-05,a3986d20c19f33c7c107fw,2026-02-05 02:40:00.000,64,True,106,458,1017,2286,101.71,228.6,0.458,True,1.062,,,,,,,,,,,,,,,,
2026-02-05,a3986d20c19f33c7c107fw,2026-02-05 02:50:00.000,65,True,108,536,1191,2290,119.2,229.03,0.536,True,1.0818,,,,,,,,,,,,,,,,
2026-02-05,a3986d20c19f33c7c107fw,2026-02-05 03:00:00.000,66,True,110,528,1174,2291,117.47,229.1,0.528,True,1.1014,,,,,,,,,,,,,,,,
2026-02-05,a3986d20c19f33c7c107fw,2026-02-05 03:10:00.000,67,True,112,604,1341,2286,134.12,228.66,0.604,True,1.1238,,,,,,,,,,,,,,,,
2026-02-05,a3986d20c19f33c7c107fw,2026-02-05 03:20:00.000,68,True,114,594,1326,2300,132.68,230.09,0.594,True,1.1459,,,,,,,,,,,,,,,,
2026-02-05,a3986d20c19f33c7c107fw,2026-02-05 03:30:00.000,69,True,115,288,644,2300,64.5,230.0,0.289,True,1.1566,,,,,,,,,,,,,,,,
2026-02-05,a3986d20c19f33c7c107fw,2026-02-05 03:40:00.000,70,True,116,287,642,2304,64.29,230.42,0.287,True,1.1673,,,,,,,,,,,,,,,,
2026-02-05,a3986d20c19f33c7c107fw,2026-02-05 03:50:00.000,71,False,116,0,0,2310,0.0,231.03,0.0,False,1.1673,,,,,,,,,,,,,,,,
2026-02-05,a3986d20c19f33c7c107fw,2026-02-05 04:00:00.000,72,True,117,75,168,2315,16.86,231.52,0.075,True,1.1702,,,,,,,,,,,,,,,,
2026-02-05,a3986d20c19f33c7c107fw,2026-02-05 04:10:00.000,73,True,118,333,739,2282,73.96,228.22,0.334,True,1.1825,,,,,,,,,,,,,,,,
2026-02-05,a3986d20c19f33c7c107fw,2026-02-05 04:20:00.000,74,True,119,229,511,2293,51.17,229.38,0.23,True,1.191,,,,,,,,,,,,,,,,
2026-02-05,a3986d20c19f33c7c107fw,2026-02-05 04:30:00.000,75,True,119,231,511,2276,51.17,227.65,0.232,True,1.1995,,,,,,,,,,,,,,,,
2026-02-05,a3986d20c19f33c7c107fw,2026-02-05 04:40:00.000,76,True,121,306,674,2266,67.4,226.6,0.306,True,1.2108,,,,,,,,,,,,,,,,
2026-02-05,a3986d20c19f33c7c107fw,2026-02-05 04:50:00.000,77,True,122,403,894,2282,89.41,228.22,0.404,True,1.2257,,,,,,,,,,,,,,,,
2026-02-05,a3986d20c19f33c7c107fw,2026-02-05 05:00:00.000,78,True,124,403,894,2282,89.41,228.22,0.404,True,1.2406,,,,,,,,,,,,,,,,
2026-02-05,a3986d20c19f33c7c107fw,2026-02-05 05:10:00.000,79,True,125,394,871,2278,87.19,227.8,0.394,True,1.2551,,,,,,,,,,,,,,,,
2026-02-05,a3986d20c19f33c7c107fw,2026-02-05 05:20:00.000,80,False,125,0,0,2279,0.0,227.93,0.0,False,1.2551,,,,,,,,,,,,,,,,
2026-02-05,a3986d20c19f33c7c107fw,2026-02-05 05:30:00.000,81,False,125,0,0,2279,0.0,227.93,0.0,False,1.2551,,,,,,,,,,,,,,,,
2026-02-05,a3986d20c19f33c7c107fw,2026-02-05 05:40:00.000,82,False,125,0,0,2295,0.0,229.57,0.0,False,1.2551,,,,,,,,,,,,,,,,
2026-02-05,a3986d20c19f33c7c107fw,2026-02-05 05:50:00.000,83,True,126,387,859,2285,85.93,228.54,0.387,True,1.2694,,,,,,,,,,,,,,,,
2026-02-05,a3986d20c19f33c7c107fw,2026-02-05 06:00:00.000,84,True,128,318,701,2267,70.18,226.78,0.319,True,1.2811,,,,,,,,,,,,,,,,
2026-02-05,a3986d20c19f33c7c107fw,2026-02-05 06:10:00.000,85,True,129,320,708,2281,70.86,228.12,0.32,True,1.2929,,,,,,,,,,,,,,,,
2026-02-05,a3986d20c19f33c7c107fw,2026-02-05 06:20:00.000,86,True,130,318,704,2277,70.44,227.7,0.319,True,1.3047,,,,,,,,,,,,,,,,
2026-02-05,a3986d20c19f33c7c107fw,2026-02-05 06:30:00.000,87,True,131,232,513,2275,51.33,227.54,0.232,True,1.3132,,,,,,,,,,,,,,,,
2026-02-05,a3986d20c19f33c7c107fw,2026-02-05 06:40:00.000,88,True,133,467,1036,2287,103.7,228.7,0.467,True,1.3305,,,,,,,,,,,,,,,,
2026-02-05,a3986d20c19f33c7c107fw,2026-02-05 06:50:00.000,89,True,135,613,1358,2281,135.86,228.1,0.614,True,1.3532,,,,,,,,,,,,,,,,
2026-02-05,a3986d20c19f33c7c107fw,2026-02-05 07:00:00.000,90,True,136,312,691,2284,69.19,228.43,0.312,True,1.3647,,,,,,,,,,,,,,,,
2026-02-05,a3986d20c19f33c7c107fw,2026-02-05 07:10:00.000,91,True,137,313,695,2289,69.6,228.9,0.313,True,1.3763,,,,,,,,,,,,,,,,
2026-02-05,a3986d20c19f33c7c107fw,2026-02-05 07:20:00.000,92,True,139,380,839,2276,83.97,227.64,0.38,True,1.3903,,,,,,,,,,,,,,,,
2026-02-05,a3986d20c19f33c7c107fw,2026-02-05 07:30:00.000,93,True,140,301,667,2280,66.76,228.05,0.302,True,1.4014,,,,,,,,,,,,,,,,
2026-02-05,a3986d20c19f33c7c107fw,2026-02-05 07:40:00.000,94,True,141,301,667,2283,66.78,228.3,0.301,True,1.4125,,,,,,,,,,,,,,,,
2026-02-05,a3986d20c19f33c7c107fw,2026-02-05 07:50:00.000,95,True,142,379,840,2281,84.08,228.19,0.38,True,1.4266,,,,,,,,,,,,,,,,
2026-02-05,a3986d20c19f33c7c107fw,2026-02-05 08:00:00.000,96,True,144,378,838,2284,83.88,228.49,0.378,True,1.4405,,,,,,,,,,,,,,,,
2026-02-05,a3986d20c19f33c7c107fw,2026-02-05 08:10:00.000,97,True,145,451,1004,2293,100.44,229.31,0.451,True,1.4573,,,,,,,,,,,,,,,,
2026-02-05,a3986d20c19f33c7c107fw,2026-02-05 08:20:00.000,98,True,147,376,840,2299,84.03,229.9,0.377,True,1.4713,,,,,,,,,,,,,,,,
2026-02-05,a3986d20c19f33c7c107fw,2026-02-05 08:30:00.000,99,True,148,381,852,2300,85.22,230.0,0.382,True,1.4855,,,,,,,,,,,,,,,,
2026-02-05,a3986d20c19f33c7c107fw,2026-02-05 08:40:00.000,100,True,149,230,516,2306,51.62,230.66,0.231,True,1.4941,,,,,,,,,,,,,,,,
2026-02-05,a3986d20c19f33c7c107fw,2026-02-05 08:50:00.000,101,True,150,304,682,2304,68.23,230.48,0.305,True,1.5055,,,,,,,,,,,,,,,,
2026-02-05,a3986d20c19f33c7c107fw,2026-02-05 09:00:00.000,102,True,151,152,340,2303,34.05,230.36,0.152,True,1.5111,,,,,,,,,,,,,,,,
2026-02-05,a3986d20c19f33c7c107fw,2026-02-05 09:10:00.000,103,True,151,152,340,2304,34.05,230.41,0.152,True,1.5168,,,,,,,,,,,,,,,,
2026-02-05,a3986d20c19f33c7c107fw,2026-02-05 09:20:00.000,104,True,153,458,1028,2309,102.81,230.97,0.459,True,1.5339,,,,,,,,,,,,,,,,
2026-02-05,a3986d20c19f33c7c107fw,2026-02-05 09:30:00.000,105,True,154,232,519,2305,51.95,230.57,0.232,True,1.5426,,,,,,,,,,,,,,,,
2026-02-05,a3986d20c19f33c7c107fw,2026-02-05 09:40:00.000,106,True,155,232,519,2306,51.95,230.63,0.232,True,1.5513,,,,,,,,,,,,,,,,
2026-02-05,a3986d20c19f33c7c107fw,2026-02-05 09:50:00.000,107,True,156,464,1038,2303,103.88,230.35,0.465,True,1.5686,,,,,,,,,,,,,,,,
2026-02-05,a3986d20c19f33c7c107fw,2026-02-05 10:00:00.000,108,True,158,311,696,2307,69.7,230.7,0.311,True,1.5802,,,,,,,,,,,,,,,,
2026-02-05,a3986d20c19f33c7c107fw,2026-02-05 10:10:00.000,109,True,158,233,521,2304,52.16,230.4,0.233,True,1.5889,,,,,,,,,,,,,,,,
2026-02-05,a3986d20c19f33c7c107fw,2026-02-05 10:20:00.000,110,True,159,155,347,2302,34.75,230.27,0.155,True,1.5947,,,,,,,,,,,,,,,,
2026-02-05,a3986d20c19f33c7c107fw,2026-02-05 10:30:00.000,111,True,160,0,590,2303,59.08,230.33,0.0,True,1.6045,,,,,,,,,,,,,,,,
2026-02-05,a3986d20c19f33c7c107fw,2026-02-05 10:40:00.000,112,True,160,75,167,2302,16.78,230.2,0.075,True,1.6073,,,,,,,,,,,,,,,,
2026-02-05,a3986d20c19f33c7c107fw,2026-02-05 10:50:00.000,113,True,161,155,347,2303,34.71,230.32,0.155,True,1.6131,,,,,,,,,,,,,,,,
2026-02-05,a3986d20c19f33c7c107fw,2026-02-05 11:00:00.000,114,False,161,0,0,2304,0.0,230.47,0.0,False,1.6131,,,,,,,,,,,,,,,,
2026-02-05,a3986d20c19f33c7c107fw,2026-02-05 11:10:00.000,115,True,162,235,524,2300,52.49,230.0,0.235,True,1.6219,,,,,,,,,,,,,,,,
2026-02-05,a3986d20c19f33c7c107fw,2026-02-05 11:20:00.000,116,True,163,389,870,2302,87.09,230.22,0.39,True,1.6364,,,,,,,,,,,,,,,,
2026-02-05,a3986d20c19f33c7c107fw,2026-02-05 11:30:00.000,117,True,165,392,876,2301,87.67,230.13,0.392,True,1.651,,,,,,,,,,,,,,,,
2026-02-05,a3986d20c19f33c7c107fw,2026-02-05 11:40:00.000,118,True,166,315,703,2298,70.36,229.84,0.315,True,1.6627,,,,,,,,,,,,,,,,
2026-02-05,a3986d20c19f33c7c107fw,2026-02-05 11:50:00.000,119,True,166,152,342,2311,34.21,231.12,0.152,True,1.6684,,,,,,,,,,,,,,,,
2026-02-05,a3986d20c19f33c7c107fw,2026-02-05 12:00:00.000,120,True,167,73,163,2306,16.35,230.64,0.073,True,1.6711,,,,,,,,,,,,,,,,
2026-02-05,a3986d20c19f33c7c107fw,2026-02-05 12:10:00.000,121,True,167,76,170,2301,17.03,230.18,0.076,True,1.674,,,,,,,,,,,,,,,,
2026-02-05,a3986d20c19f33c7c107fw,2026-02-05 12:20:00.000,122,True,167,154,345,2306,34.53,230.63,0.154,True,1.6797,,,,,,,,,,,,,,,,
2026-02-05,a3986d20c19f33c7c107fw,2026-02-05 12:30:00.000,123,True,168,154,345,2306,34.53,230.63,0.154,True,1.6855,,,,,,,,,,,,,,,,
2026-02-05,a3986d20c19f33c7c107fw,2026-02-05 12:40:00.000,124,True,170,468,1042,2293,104.23,229.34,0.468,True,1.7029,,,,,,,,,,,,,,,,
2026-02-05,a3986d20c19f33c7c107fw,2026-02-05 12:50:00.000,125,True,172,545,1212,2287,121.23,228.73,0.546,True,1.7231,,,,,,,,,,,,,,,,
2026-02-05,a3986d20c19f33c7c107fw,2026-02-05 13:00:00.000,126,True,174,465,1033,2288,103.31,228.86,0.465,True,1.7403,,,,,,,,,,,,,,,,
2026-02-05,a3986d20c19f33c7c107fw,2026-02-05 13:10:00.000,127,True,175,465,1033,2288,103.31,228.86,0.465,True,1.7575,,,,,,,,,,,,,,,,
2026-02-05,a3986d20c19f33c7c107fw,2026-02-05 13:20:00.000,128,True,176,301,668,2280,66.84,228.09,0.302,True,1.7686,,,,,,,,,,,,,,,,
2026-02-05,a3986d20c19f33c7c107fw,2026-02-05 13:30:00.000,129,True,177,227,501,2274,50.13,227.47,0.227,True,1.777,,,,,,,,,,,,,,,,
2026-02-05,a3986d20c19f33c7c107fw,2026-02-05 13:40:00.000,130,True,177,72,159,2273,15.98,227.37,0.072,True,1.7797,,,,,,,,,,,,,,,,
2026-02-05,a3986d20c19f33c7c107fw,2026-02-05 13:50:00.000,131,True,178,72,159,2273,15.98,227.37,0.072,True,1.7823,,,,,,,,,,,,,,,,
2026-02-05,a3986d20c19f33c7c107fw,2026-02-05 14:00:00.000,132,True,179,303,668,2270,66.8,227.03,0.303,True,1.7934,,,,,,,,,,,,,,,,
2026-02-05,a3986d20c19f33c7c107fw,2026-02-05 14:10:00.000,133,True,180,316,695,2266,69.56,226.64,0.316,True,1.805,,,,,,,,,,,,,,,,
2026-02-05,a3986d20c19f33c7c107fw,2026-02-05 14:20:00.000,134,True,181,316,695,2266,69.56,226.64,0.316,True,1.8166,,,,,,,,,,,,,,,,
2026-02-05,a3986d20c19f33c7c107fw,2026-02-05 14:30:00.000,135,True,183,392,864,2268,86.48,226.83,0.393,True,1.831,,,,,,,,,,,,,,,,
2026-02-05,a3986d20c19f33c7c107fw,2026-02-05 14:40:00.000,136,True,184,388,855,2268,85.59,226.87,0.389,True,1.8453,,,,,,,,,,,,,,,,
2026-02-05,a3986d20c19f33c7c107fw,2026-02-05 14:50:00.000,137,True,185,308,680,2269,68.0,226.95,0.309,True,1.8566,,,,,,,,,,,,,,,,
2026-02-05,a3986d20c19f33c7c107fw,2026-02-05 15:00:00.000,138,True,186,302,669,2282,66.94,228.2,0.302,True,1.8678,,,,,,,,,,,,,,,,
2026-02-05,a3986d20c19f33c7c107fw,2026-02-05 15:10:00.000,139,True,188,381,845,2279,84.52,227.94,0.382,True,1.8819,,,,,,,,,,,,,,,,
2026-02-05,a3986d20c19f33c7c107fw,2026-02-05 15:20:00.000,140,True,189,385,851,2279,85.2,227.9,0.385,True,1.8961,,,,,,,,,,,,,,,,
2026-02-05,a3986d20c19f33c7c107fw,2026-02-05 15:30:00.000,141,True,191,383,848,2279,84.85,227.97,0.383,True,1.9102,,,,,,,,,,,,,,,,
2026-02-05,a3986d20c19f33c7c107fw,2026-02-05 15:40:00.000,142,True,192,378,837,2278,83.78,227.81,0.379,True,1.9242,,,,,,,,,,,,,,,,
2026-02-05,a3986d20c19f33c7c107fw,2026-02-05 15:50:00.000,143,True,192,157,348,2284,34.84,228.48,0.157,True,1.93,,,,,,,,,,,,,,,,
2026-02-06,a3986d20c19f33c7c107fw,2026-02-05 16:00:00.000,0,True,1,308,719,2284,71.96,228.4,0.308,True,0.012,,,,,,,,,,,,,,,,
2026-02-06,a3986d20c19f33c7c107fw,2026-02-05 16:10:00.000,1,True,2,231,541,2284,54.13,228.45,0.232,True,0.021,,,,,,,,,,,,,,,,
2026-02-06,a3986d20c19f33c7c107fw,2026-02-05 16:20:00.000,2,True,4,687,1602,2282,160.23,228.22,0.687,True,0.0477,,,,,,,,,,,,,,,,
2026-02-06,a3986d20c19f33c7c107fw,2026-02-05 16:30:00.000,3,True,6,380,884,2271,88.44,227.19,0.381,True,0.0625,,,,,,,,,,,,,,,,
2026-02-06,a3986d20c19f33c7c107fw,2026-02-05 16:40:00.000,4,True,9,849,1984,2287,198.46,228.73,0.849,True,0.0955,,,,,,,,,,,,,,,,
2026-02-06,a3986d20c19f33c7c107fw,2026-02-05 16:50:00.000,5,True,12,768,1792,2282,179.24,228.29,0.768,True,0.1254,,,,,,,,,,,,,,,,
2026-02-06,a3986d20c19f33c7c107fw,2026-02-05 17:00:00.000,6,True,15,840,1958,2281,195.85,228.13,0.84,True,0.1581,,,,,,,,,,,,,,,,
2026-02-06,a3986d20c19f33c7c107fw,2026-02-05 17:10:00.000,7,True,17,457,1063,2273,106.34,227.36,0.458,True,0.1758,,,,,,,,,,,,,,,,
2026-02-06,a3986d20c19f33c7c107fw,2026-02-05 17:20:00.000,8,True,19,463,1083,2288,108.39,228.81,0.464,True,0.1938,,,,,,,,,,,,,,,,
2026-02-06,a3986d20c19f33c7c107fw,2026-02-05 17:30:00.000,9,True,21,488,1145,2295,114.57,229.59,0.488,True,0.2129,,,,,,,,,,,,,,,,
2026-02-06,a3986d20c19f33c7c107fw,2026-02-05 17:40:00.000,10,True,22,399,936,2294,93.62,229.4,0.399,True,0.2285,,,,,,,,,,,,,,,,
2026-02-06,a3986d20c19f33c7c107fw,2026-02-05 17:50:00.000,11,True,24,455,1067,2296,106.75,229.61,0.455,True,0.2463,,,,,,,,,,,,,,,,
2026-02-06,a3986d20c19f33c7c107fw,2026-02-05 18:00:00.000,12,True,27,841,1964,2284,196.5,228.47,0.842,True,0.2791,,,,,,,,,,,,,,,,
2026-02-06,a3986d20c19f33c7c107fw,2026-02-05 18:10:00.000,13,True,30,614,1436,2289,143.68,228.93,0.614,True,0.303,,,,,,,,,,,,,,,,
2026-02-06,a3986d20c19f33c7c107fw,2026-02-05 18:20:00.000,14,True,33,714,1670,2287,167.03,228.77,0.715,True,0.3309,,,,,,,,,,,,,,,,
2026-02-06,a3986d20c19f33c7c107fw,2026-02-05 18:30:00.000,15,True,35,625,1460,2286,146.07,228.65,0.625,True,0.3552,,,,,,,,,,,,,,,,
2026-02-06,a3986d20c19f33c7c107fw,2026-02-05 18:40:00.000,16,True,37,611,1431,2291,143.15,229.16,0.611,True,0.3791,,,,,,,,,,,,,,,,
2026-02-06,a3986d20c19f33c7c107fw,2026-02-05 18:50:00.000,17,True,40,543,1278,2302,127.8,230.23,0.543,True,0.4004,,,,,,,,,,,,,,,,
2026-02-06,a3986d20c19f33c7c107fw,2026-02-05 19:00:00.000,18,True,42,622,1464,2302,146.41,230.21,0.622,True,0.4248,,,,,,,,,,,,,,,,
2026-02-06,a3986d20c19f33c7c107fw,2026-02-05 19:10:00.000,19,True,44,454,1069,2305,106.97,230.52,0.454,True,0.4426,,,,,,,,,,,,,,,,
2026-02-06,a3986d20c19f33c7c107fw,2026-02-05 19:20:00.000,20,True,46,454,1069,2303,106.97,230.3,0.455,True,0.4604,,,,,,,,,,,,,,,,
2026-02-06,a3986d20c19f33c7c107fw,2026-02-05 19:30:00.000,21,True,48,610,1435,2302,143.55,230.27,0.61,True,0.4843,,,,,,,,,,,,,,,,
2026-02-06,a3986d20c19f33c7c107fw,2026-02-05 19:40:00.000,22,True,50,451,1063,2305,106.34,230.5,0.451,True,0.5021,,,,,,,,,,,,,,,,
2026-02-06,a3986d20c19f33c7c107fw,2026-02-05 19:50:00.000,23,True,51,450,1060,2300,106.02,230.07,0.451,True,0.5197,,,,,,,,,,,,,,,,
2026-02-06,a3986d20c19f33c7c107fw,2026-02-05 20:00:00.000,24,True,54,529,1249,2307,124.92,230.74,0.53,True,0.5406,,,,,,,,,,,,,,,,
2026-02-06,a3986d20c19f33c7c107fw,2026-02-05 20:10:00.000,25,True,56,531,1249,2301,124.92,230.11,0.531,True,0.5614,,,,,,,,,,,,,,,,
2026-02-06,a3986d20c19f33c7c107fw,2026-02-05 20:20:00.000,26,True,56,151,357,2303,35.74,230.32,0.152,True,0.5673,,,,,,,,,,,,,,,,
2026-02-06,a3986d20c19f33c7c107fw,2026-02-05 20:30:00.000,27,True,57,158,373,2309,37.36,230.9,0.158,True,0.5736,,,,,,,,,,,,,,,,
2026-02-06,a3986d20c19f33c7c107fw,2026-02-05 20:40:00.000,28,True,57,152,359,2304,35.97,230.4,0.153,True,0.5796,,,,,,,,,,,,,,,,
2026-02-06,a3986d20c19f33c7c107fw,2026-02-05 20:50:00.000,29,True,58,231,546,2312,54.64,231.27,0.231,True,0.5887,,,,,,,,,,,,,,,,
2026-02-06,a3986d20c19f33c7c107fw,2026-02-05 21:00:00.000,30,True,60,539,1273,2308,127.34,230.82,0.54,True,0.6099,,,,,,,,,,,,,,,,
2026-02-06,a3986d20c19f33c7c107fw,2026-02-05 21:10:00.000,31,True,63,607,1426,2297,142.68,229.7,0.608,True,0.6337,,,,,,,,,,,,,,,,
2026-02-06,a3986d20c19f33c7c107fw,2026-02-05 21:20:00.000,32,True,65,607,1426,2300,142.68,230.05,0.607,True,0.6575,,,,,,,,,,,,,,,,
2026-02-06,a3986d20c19f33c7c107fw,2026-02-05 21:30:00.000,33,True,67,453,1064,2296,106.45,229.67,0.454,True,0.6752,,,,,,,,,,,,,,,,
2026-02-06,a3986d20c19f33c7c107fw,2026-02-05 21:40:00.000,34,True,69,530,1245,2297,124.56,229.74,0.531,True,0.696,,,,,,,,,,,,,,,,
2026-02-06,a3986d20c19f33c7c107fw,2026-02-05 21:50:00.000,35,True,70,309,729,2305,72.91,230.52,0.31,True,0.7081,,,,,,,,,,,,,,,,
2026-02-06,a3986d20c19f33c7c107fw,2026-02-05 22:00:00.000,36,True,71,231,542,2295,54.26,229.54,0.231,True,0.7171,,,,,,,,,,,,,,,,
2026-02-06,a3986d20c19f33c7c107fw,2026-02-05 22:10:00.000,37,True,72,155,367,2307,36.75,230.78,0.156,True,0.7233,,,,,,,,,,,,,,,,
2026-02-06,a3986d20c19f33c7c107fw,2026-02-05 22:20:00.000,38,True,74,448,1056,2304,105.65,230.42,0.449,True,0.7409,,,,,,,,,,,,,,,,
2026-02-06,a3986d20c19f33c7c107fw,2026-02-05 22:30:00.000,39,True,77,757,1780,2301,178.09,230.1,0.757,True,0.7706,,,,,,,,,,,,,,,,
2026-02-06,a3986d20c19f33c7c107fw,2026-02-05 22:40:00.000,40,True,79,604,1422,2301,142.25,230.18,0.605,True,0.7943,,,,,,,,,,,,,,,,
2026-02-06,a3986d20c19f33c7c107fw,2026-02-05 22:50:00.000,41,True,81,526,1238,2301,123.88,230.17,0.527,True,0.8149,,,,,,,,,,,,,,,,
2026-02-06,a3986d20c19f33c7c107fw,2026-02-05 23:00:00.000,42,True,83,523,1228,2297,122.87,229.74,0.523,True,0.8354,,,,,,,,,,,,,,,,
2026-02-06,a3986d20c19f33c7c107fw,2026-02-05 23:10:00.000,43,True,85,380,894,2301,89.43,230.15,0.38,True,0.8503,,,,,,,,,,,,,,,,
2026-02-06,a3986d20c19f33c7c107fw,2026-02-05 23:20:00.000,44,True,85,156,369,2312,36.94,231.24,0.156,True,0.8565,,,,,,,,,,,,,,,,
2026-02-06,a3986d20c19f33c7c107fw,2026-02-05 23:30:00.000,45,True,85,79,186,2301,18.67,230.1,0.079,True,0.8596,,,,,,,,,,,,,,,,
2026-02-06,a3986d20c19f33c7c107fw,2026-02-05 23:40:00.000,46,True,86,0,591,2300,59.13,230.01,0.0,True,0.8694,,,,,,,,,,,,,,,,
2026-02-06,a3986d20c19f33c7c107fw,2026-02-05 23:50:00.000,47,True,87,0,591,2297,59.13,229.73,0.0,True,0.8793,,,,,,,,,,,,,,,,
2026-02-06,a3986d20c19f33c7c107fw,2026-02-06 00:00:00.000,48,True,88,231,541,2293,54.17,229.38,0.231,True,0.8883,,,,,,,,,,,,,,,,
2026-02-06,a3986d20c19f33c7c107fw,2026-02-06 00:10:00.000,49,True,91,691,1626,2302,162.7,230.29,0.691,True,0.9154,,,,,,,,,,,,,,,,
2026-02-06,a3986d20c19f33c7c107fw,2026-02-06 00:20:00.000,50,True,93,616,1450,2304,145.05,230.45,0.616,True,0.9396,,,,,,,,,,,,,,,,
2026-02-06,a3986d20c19f33c7c107fw,2026-02-06 00:30:00.000,51,True,96,539,1272,2307,127.2,230.76,0.539,True,0.9608,,,,,,,,,,,,,,,,
2026-02-06,a3986d20c19f33c7c107fw,2026-02-06 00:40:00.000,52,True,96,76,181,2307,18.12,230.72,0.077,True,0.9638,,,,,,,,,,,,,,,,
2026-02-06,a3986d20c19f33c7c107fw,2026-02-06 00:50:00.000,53,True,96,154,365,2317,36.51,231.74,0.154,True,0.9699,,,,,,,,,,,,,,,,
2026-02-06,a3986d20c19f33c7c107fw,2026-02-06 01:00:00.000,54,True,97,153,362,2304,36.26,230.49,0.154,True,0.9759,,,,,,,,,,,,,,,,
2026-02-06,a3986d20c19f33c7c107fw,2026-02-06 01:10:00.000,55,True,98,147,347,2308,34.76,230.82,0.147,True,0.9817,,,,,,,,,,,,,,,,
2026-02-06,a3986d20c19f33c7c107fw,2026-02-06 01:20:00.000,56,True,99,452,1071,2315,107.12,231.55,0.453,True,0.9996,,,,,,,,,,,,,,,,
2026-02-06,a3986d20c19f33c7c107fw,2026-02-06 01:30:00.000,57,True,102,606,1434,2315,143.5,231.5,0.607,True,1.0235,,,,,,,,,,,,,,,,
2026-02-06,a3986d20c19f33c7c107fw,2026-02-06 01:40:00.000,58,True,104,463,1090,2301,109.06,230.16,0.464,True,1.0417,,,,,,,,,,,,,,,,
2026-02-06,a3986d20c19f33c7c107fw,2026-02-06 01:50:00.000,59,True,105,310,731,2302,73.12,230.24,0.311,True,1.0539,,,,,,,,,,,,,,,,
2026-02-06,a3986d20c19f33c7c107fw,2026-02-06 02:00:00.000,60,True,105,153,359,2297,35.93,229.7,0.153,True,1.0599,,,,,,,,,,,,,,,,
2026-02-06,a3986d20c19f33c7c107fw,2026-02-06 02:10:00.000,61,True,107,312,731,2287,73.13,228.76,0.313,True,1.0721,,,,,,,,,,,,,,,,
2026-02-06,a3986d20c19f33c7c107fw,2026-02-06 02:20:00.000,62,True,107,149,350,2296,35.01,229.62,0.149,True,1.0779,,,,,,,,,,,,,,,,
2026-02-06,a3986d20c19f33c7c107fw,2026-02-06 02:30:00.000,63,True,109,542,1264,2282,126.49,228.26,0.542,True,1.099,,,,,,,,,,,,,,,,
2026-02-06,a3986d20c19f33c7c107fw,2026-02-06 02:40:00.000,64,True,111,458,1070,2286,107.06,228.6,0.458,True,1.1168,,,,,,,,,,,,,,,,
2026-02-06,a3986d20c19f33c7c107fw,2026-02-06 02:50:00.000,65,True,113,536,1254,2290,125.48,229.03,0.536,True,1.1377,,,,,,,,,,,,,,,,
2026-02-06,a3986d20c19f33c7c107fw,2026-02-06 03:00:00.000,66,True,115,528,1236,2291,123.65,229.1,0.528,True,1.1583,,,,,,,,,,,,,,,,
2026-02-06,a3986d20c19f33c7c107fw,2026-02-06 03:10:00.000,67,True,118,604,1411,2286,141.16,228.66,0.604,True,1.1819,,,,,,,,,,,,,,,,
2026-02-06,a3986d20c19f33c7c107fw,2026-02-06 03:20:00.000,68,True,120,594,1396,2300,139.66,230.09,0.594,True,1.2051,,,,,,,,,,,,,,,,
2026-02-06,a3986d20c19f33c7c107fw,2026-02-06 03:30:00.000,69,True,121,288,678,2300,67.89,230.0,0.289,True,1.2165,,,,,,,,,,,,,,,,
2026-02-06,a3986d20c19f33c7c107fw,2026-02-06 03:40:00.000,70,True,122,287,676,2304,67.67,230.42,0.287,True,1.2277,,,,,,,,,,,,,,,,
2026-02-06,a3986d20c19f33c7c107fw,2026-02-06 03:50:00.000,71,False,122,0,0,2310,0.0,231.03,0.0,False,1.2277,,,,,,,,,,,,,,,,
2026-02-06,a3986d20c19f33c7c107fw,2026-02-06 04:00:00.000,72,True,123,75,177,2315,17.75,231.52,0.075,True,1.2307,,,,,,,,,,,,,,,,
2026-02-06,a3986d20c19f33c7c107fw,2026-02-06 04:10:00.000,73,True,124,333,778,2282,77.85,228.22,0.334,True,1.2437,,,,,,,,,,,,,,,,
2026-02-06,a3986d20c19f33c7c107fw,2026-02-06 04:20:00.000,74,True,125,229,538,2293,53.86,229.38,0.23,True,1.2526,,,,,,,,,,,,,,,,
2026-02-06,a3986d20c19f33c7c107fw,2026-02-06 04:30:00.000,75,True,126,231,538,2276,53.86,227.65,0.232,True,1.2616,,,,,,,,,,,,,,,,
2026-02-06,a3986d20c19f33c7c107fw,2026-02-06 04:40:00.000,76,True,127,306,709,2266,70.95,226.6,0.306,True,1.2734,,,,,,,,,,,,,,,,
2026-02-06,a3986d20c19f33c7c107fw,2026-02-06 04:50:00.000,77,True,128,403,941,2282,94.12,228.22,0.404,True,1.2891,,,,,,,,,,,,,,,,
2026-02-06,a3986d20c19f33c7c107fw,2026-02-06 05:00:00.000,78,True,130,403,941,2282,94.12,228.22,0.404,True,1.3048,,,,,,,,,,,,,,,,
2026-02-06,a3986d20c19f33c7c107fw,2026-02-06 05:10:00.000,79,True,132,394,917,2278,91.78,227.8,0.394,True,1.3201,,,,,,,,,,,,,,,,
2026-02-06,a3986d20c19f33c7c107fw,2026-02-06 05:20:00.000,80,False,132,0,0,2279,0.0,227.93,0.0,False,1.3201,,,,,,,,,,,,,,,,
2026-02-06,a3986d20c19f33c7c107fw,2026-02-06 05:30:00.000,81,False,132,0,0,2279,0.0,227.93,0.0,False,1.3201,,,,,,,,,,,,,,,,
2026-02-06,a3986d20c19f33c7c107fw,2026-02-06 05:40:00.000,82,False,132,0,0,2295,0.0,229.57,0.0,False,1.3201,,,,,,,,,,,,,,,,
2026-02-06,a3986d20c19f33c7c107fw,2026-02-06 05:50:00.000,83,True,133,387,904,2285,90.45,228.54,0.387,True,1.3352,,,,,,,,,,,,,,,,
2026-02-06,a3986d20c19f33c7c107fw,2026-02-06 06:00:00.000,84,True,134,318,738,2267,73.88,226.78,0.319,True,1.3475,,,,,,,,,,,,,,,,
2026-02-06,a3986d20c19f33c7c107fw,2026-02-06 06:10:00.000,85,True,135,320,745,2281,74.59,228.12,0.32,True,1.3599,,,,,,,,,,,,,,,,
2026-02-06,a3986d20c19f33c7c107fw,2026-02-06 06:20:00.000,86,True,137,318,741,2277,74.13,227.7,0.319,True,1.3723,,,,,,,,,,,,,,,,
2026-02-06,a3986d20c19f33c7c107fw,2026-02-06 06:30:00.000,87,True,138,232,540,2275,54.03,227.54,0.232,True,1.3813,,,,,,,,,,,,,,,,
2026-02-06,a3986d20c19f33c7c107fw,2026-02-06 06:40:00.000,88,True,139,467,1091,2287,109.16,228.7,0.467,True,1.3995,,,,,,,,,,,,,,,,
2026-02-06,a3986d20c19f33c7c107fw,2026-02-06 06:50:00.000,89,True,142,613,1430,2281,143.01,228.1,0.614,True,1.4233,,,,,,,,,,,,,,,,
2026-02-06,a3986d20c19f33c7c107fw,2026-02-06 07:00:00.000,90,True,143,312,728,2284,72.83,228.43,0.312,True,1.4355,,,,,,,,,,,,,,,,
2026-02-06,a3986d20c19f33c7c107fw,2026-02-06 07:10:00.000,91,True,144,313,732,2289,73.26,228.9,0.313,True,1.4477,,,,,,,,,,,,,,,,
2026-02-06,a3986d20c19f33c7c107fw,2026-02-06 07:20:00.000,92,True,146,380,883,2276,88.39,227.64,0.38,True,1.4624,,,,,,,,,,,,,,,,
2026-02-06,a3986d20c19f33c7c107fw,2026-02-06 07:30:00.000,93,True,147,301,702,2280,70.28,228.05,0.302,True,1.4741,,,,,,,,,,,,,,,,
2026-02-06,a3986d20c19f33c7c107fw,2026-02-06 07:40:00.000,94,True,148,301,703,2283,70.3,228.3,0.301,True,1.4858,,,,,,,,,,,,,,,,
2026-02-06,a3986d20c19f33c7c107fw,2026-02-06 07:50:00.000,95,True,150,379,885,2281,88.5,228.19,0.38,True,1.5006,,,,,,,,,,,,,,,,
2026-02-06,a3986d20c19f33c7c107fw,2026-02-06 08:00:00.000,96,True,151,378,882,2284,88.3,228.49,0.378,True,1.5153,,,,,,,,,,,,,,,,
2026-02-06,a3986d20c19f33c7c107fw,2026-02-06 08:10:00.000,97,True,153,451,1057,2293,105.72,229.31,0.451,True,1.5329,,,,,,,,,,,,,,,,
2026-02-06,a3986d20c19f33c7c107fw,2026-02-06 08:20:00.000,98,True,154,376,884,2299,88.45,229.9,0.377,True,1.5477,,,,,,,,,,,,,,,,
2026-02-06,a3986d20c19f33c7c107fw,2026-02-06 08:30:00.000,99,True,156,381,897,2300,89.7,230.0,0.382,True,1.5626,,,,,,,,,,,,,,,,
2026-02-06,a3986d20c19f33c7c107fw,2026-02-06 08:40:00.000,100,True,157,230,543,2306,54.34,230.66,0.231,True,1.5717,,,,,,,,,,,,,,,,
2026-02-06,a3986d20c19f33c7c107fw,2026-02-06 08:50:00.000,101,True,158,304,718,2304,71.82,230.48,0.305,True,1.5836,,,,,,,,,,,,,,,,
2026-02-06,a3986d20c19f33c7c107fw,2026-02-06 09:00:00.000,102,True,158,152,358,2303,35.84,230.36,0.152,True,1.5896,,,,,,,,,,,,,,,,
2026-02-06,a3986d20c19f33c7c107fw,2026-02-06 09:10:00.000,103,True,159,152,358,2304,35.84,230.41,0.152,True,1.5956,,,,,,,,,,,,,,,,
2026-02-06,a3986d20c19f33c7c107fw,2026-02-06 09:20:00.000,104,True,161,458,1082,2309,108.22,230.97,0.459,True,1.6136,,,,,,,,,,,,,,,,
2026-02-06,a3986d20c19f33c7c107fw,2026-02-06 09:30:00.000,105,True,162,232,546,2305,54.68,230.57,0.232,True,1.6227,,,,,,,,,,,,,,,,
2026-02-06,a3986d20c19f33c7c107fw,2026-02-06 09:40:00.000,106,True,163,232,546,2306,54.68,230.63,0.232,True,1.6318,,,,,,,,,,,,,,,,
2026-02-06,a3986d20c19f33c7c107fw,2026-02-06 09:50:00.000,107,True,165,464,1093,2303,109.33,230.35,0.465,True,1.6501,,,,,,,,,,,,,,,,
2026-02-06,a3986d20c19f33c7c107fw,2026-02-06 10:00:00.000,108,True,166,311,733,2307,73.37,230.7,0.311,True,1.6623,,,,,,,,,,,,,,,,
2026-02-06,a3986d20c19f33c7c107fw,2026-02-06 10:10:00.000,109,True,167,233,548,2304,54.9,230.4,0.233,True,1.6714,,,,,,,,,,,,,,,,
2026-02-06,a3986d20c19f33c7c107fw,2026-02-06 10:20:00.000,110,True,167,155,365,2302,36.58,230.27,0.155,True,1.6775,,,,,,,,,,,,,,,,
2026-02-06,a3986d20c19f33c7c107fw,2026-02-06 10:30:00.000,111,True,168,0,591,2303,59.13,230.33,0.0,True,1.6874,,,,,,,,,,,,,,,,
2026-02-06,a3986d20c19f33c7c107fw,2026-02-06 10:40:00.000,112,True,169,75,176,2302,17.67,230.2,0.075,True,1.6903,,,,,,,,,,,,,,,,
2026-02-06,a3986d20c19f33c7c107fw,2026-02-06 10:50:00.000,113,True,169,155,365,2303,36.54,230.32,0.155,True,1.6964,,,,,,,,,,,,,,,,
2026-02-06,a3986d20c19f33c7c107fw,2026-02-06 11:00:00.000,114,False,169,0,0,2304,0.0,230.47,0.0,False,1.6964,,,,,,,,,,,,,,,,
2026-02-06,a3986d20c19f33c7c107fw,2026-02-06 11:10:00.000,115,True,170,235,552,2300,55.25,230.0,0.235,True,1.7056,,,,,,,,,,,,,,,,
2026-02-06,a3986d20c19f33c7c107fw,2026-02-06 11:20:00.000,116,True,172,389,916,2302,91.68,230.22,0.39,True,1.7209,,,,,,,,,,,,,,,,
2026-02-06,a3986d20c19f33c7c107fw,2026-02-06 11:30:00.000,117,True,173,392,922,2301,92.28,230.13,0.392,True,1.7363,,,,,,,,,,,,,,,,
2026-02-06,a3986d20c19f33c7c107fw,2026-02-06 11:40:00.000,118,True,174,315,740,2298,74.06,229.84,0.315,True,1.7486,,,,,,,,,,,,,,,,
2026-02-06,a3986d20c19f33c7c107fw,2026-02-06 11:50:00.000,119,True,175,152,360,2311,36.01,231.12,0.152,True,1.7546,,,,,,,,,,,,,,,,
2026-02-06,a3986d20c19f33c7c107fw,2026-02-06 12:00:00.000,120,True,175,73,172,2306,17.21,230.64,0.073,True,1.7575,,,,,,,,,,,,,,,,
2026-02-06,a3986d20c19f33c7c107fw,2026-02-06 12:10:00.000,121,True,176,76,179,2301,17.93,230.18,0.076,True,1.7605,,,,,,,,,,,,,,,,
2026-02-06,a3986d20c19f33c7c107fw,2026-02-06 12:20:00.000,122,True,176,154,363,2306,36.35,230.63,0.154,True,1.7666,,,,,,,,,,,,,,,,
2026-02-06,a3986d20c19f33c7c107fw,2026-02-06 12:30:00.000,123,True,177,154,363,2306,36.35,230.63,0.154,True,1.7726,,,,,,,,,,,,,,,,
2026-02-06,a3986d20c19f33c7c107fw,2026-02-06 12:40:00.000,124,True,179,468,1097,2293,109.72,229.34,0.468,True,1.7909,,,,,,,,,,,,,,,,
2026-02-06,a3986d20c19f33c7c107fw,2026-02-06 12:50:00.000,125,True,181,545,1275,2287,127.59,228.73,0.546,True,1.8122,,,,,,,,,,,,,,,,
2026-02-06,a3986d20c19f33c7c107fw,2026-02-06 13:00:00.000,126,True,183,465,1087,2288,108.74,228.86,0.465,True,1.8303,,,,,,,,,,,,,,,,
2026-02-06,a3986d20c19f33c7c107fw,2026-02-06 13:10:00.000,127,True,184,465,1087,2288,108.74,228.86,0.465,True,1.8484,,,,,,,,,,,,,,,,
2026-02-06,a3986d20c19f33c7c107fw,2026-02-06 13:20:00.000,128,True,186,301,703,2280,70.36,228.09,0.302,True,1.8601,,,,,,,,,,,,,,,,
2026-02-06,a3986d20c19f33c7c107fw,2026-02-06 13:30:00.000,129,True,186,227,527,2274,52.76,227.47,0.227,True,1.8689,,,,,,,,,,,,,,,,
2026-02-06,a3986d20c19f33c7c107fw,2026-02-06 13:40:00.000,130,True,187,72,168,2273,16.82,227.37,0.072,True,1.8717,,,,,,,,,,,,,,,,
2026-02-06,a3986d20c19f33c7c107fw,2026-02-06 13:50:00.000,131,True,187,72,168,2273,16.82,227.37,0.072,True,1.8745,,,,,,,,,,,,,,,,
2026-02-06,a3986d20c19f33c7c107fw,2026-02-06 14:00:00.000,132,True,188,303,703,2270,70.32,227.03,0.303,True,1.8863,,,,,,,,,,,,,,,,
2026-02-06,a3986d20c19f33c7c107fw,2026-02-06 14:10:00.000,133,True,189,316,732,2266,73.22,226.64,0.316,True,1.8985,,,,,,,,,,,,,,,,
2026-02-06,a3986d20c19f33c7c107fw,2026-02-06 14:20:00.000,134,True,191,316,732,2266,73.22,226.64,0.316,True,1.9107,,,,,,,,,,,,,,,,
2026-02-06,a3986d20c19f33c7c107fw,2026-02-06 14:30:00.000,135,True,192,392,910,2268,91.03,226.83,0.393,True,1.9258,,,,,,,,,,,,,,,,
2026-02-06,a3986d20c19f33c7c107fw,2026-02-06 14:40:00.000,136,True,194,388,900,2268,90.09,226.87,0.389,True,1.9409,,,,,,,,,,,,,,,,
2026-02-06,a3986d20c19f33c7c107fw,2026-02-06 14:50:00.000,137,True,195,308,715,2269,71.58,226.95,0.309,True,1.9528,,,,,,,,,,,,,,,,
2026-02-06,a3986d20c19f33c7c107fw,2026-02-06 15:00:00.000,138,True,196,302,704,2282,70.46,228.2,0.302,True,1.9645,,,,,,,,,,,,,,,,
2026-02-06,a3986d20c19f33c7c107fw,2026-02-06 15:10:00.000,139,True,197,381,889,2279,88.97,227.94,0.382,True,1.9794,,,,,,,,,,,,,,,,
2026-02-06,a3986d20c19f33c7c107fw,2026-02-06 15:20:00.000,140,True,199,385,896,2279,89.68,227.9,0.385,True,1.9943,,,,,,,,,,,,,,,,
2026-02-06,a3986d20c19f33c7c107fw,2026-02-06 15:30:00.000,141,True,200,383,893,2279,89.31,227.97,0.383,True,2.0092,,,,,,,,,,,,,,,,
2026-02-06,a3986d20c19f33c7c107fw,2026-02-06 15:40:00.000,142,True,202,378,881,2278,88.19,227.81,0.379,True,2.0239,,,,,,,,,,,,,,,,
2026-02-06,a3986d20c19f33c7c107fw,2026-02-06 15:50:00.000,143,True,202,157,366,2284,36.67,228.48,0.157,True,2.03,,,,,,,,,,,,,,,,
2026-02-07,a3986d20c19f33c7c107fw,2026-02-06 16:00:00.000,0,True,1,308,824,2284,82.5,228.4,0.308,True,0.0137,,,,,,,,,,,,,,,,
2026-02-07,a3986d20c19f33c7c107fw,2026-02-06 16:10:00.000,1,True,2,231,620,2284,62.07,228.45,0.232,True,0.0241,,,,,,,,,,,,,,,,
2026-02-07,a3986d20c19f33c7c107fw,2026-02-06 16:20:00.000,2,True,5,687,1837,2282,183.71,228.22,0.687,True,0.0547,,,,,,,,,,,,,,,,
2026-02-07,a3986d20c19f33c7c107fw,2026-02-06 16:30:00.000,3,True,7,380,1014,2271,101.41,227.19,0.381,True,0.0716,,,,,,,,,,,,,,,,
2026-02-07,a3986d20c19f33c7c107fw,2026-02-06 16:40:00.000,4,True,10,849,2275,2287,227.54,228.73,0.849,True,0.1095,,,,,,,,,,,,,,,,
2026-02-07,a3986d20c19f33c7c107fw,2026-02-06 16:50:00.000,5,True,14,768,2054,2282,205.5,228.29,0.768,True,0.1438,,,,,,,,,,,,,,,,
2026-02-07,a3986d20c19f33c7c107fw,2026-02-06 17:00:00.000,6,True,18,840,2245,2281,224.53,228.13,0.84,True,0.1812,,,,,,,,,,,,,,,,
2026-02-07,a3986d20c19f33c7c107fw,2026-02-06 17:10:00.000,7,True,20,457,1219,2273,121.91,227.36,0.458,True,0.2015,,,,,,,,,,,,,,,,
2026-02-07,a3986d20c19f33c7c107fw,2026-02-06 17:20:00.000,8,True,22,463,1242,2288,124.27,228.81,0.464,True,0.2222,,,,,,,,,,,,,,,,
2026-02-07,a3986d20c19f33c7c107fw,2026-02-06 17:30:00.000,9,True,24,488,1313,2295,131.35,229.59,0.488,True,0.2441,,,,,,,,,,,,,,,,
2026-02-07,a3986d20c19f33c7c107fw,2026-02-06 17:40:00.000,10,True,26,399,1073,2294,107.33,229.4,0.399,True,0.262,,,,,,,,,,,,,,,,
2026-02-07,a3986d20c19f33c7c107fw,2026-02-06 17:50:00.000,11,True,28,455,1223,2296,122.4,229.61,0.455,True,0.2824,,,,,,,,,,,,,,,,
2026-02-07,a3986d20c19f33c7c107fw,2026-02-06 18:00:00.000,12,True,31,841,2252,2284,225.28,228.47,0.842,True,0.32,,,,,,,,,,,,,,,,
2026-02-07,a3986d20c19f33c7c107fw,2026-02-06 18:10:00.000,13,True,34,614,1647,2289,164.74,228.93,0.614,True,0.3474,,,,,,,,,,,,,,,,
2026-02-07,a3986d20c19f33c7c107fw,2026-02-06 18:20:00.000,14,True,37,714,1915,2287,191.51,228.77,0.715,True,0.3793,,,,,,,,,,,,,,,,
2026-02-07,a3986d20c19f33c7c107fw,2026-02-06 18:30:00.000,15,True,40,625,1674,2286,167.47,228.65,0.625,True,0.4073,,,,,,,,,,,,,,,,
2026-02-07,a3986d20c19f33c7c107fw,2026-02-06 18:40:00.000,16,True,43,611,1641,2291,164.12,229.16,0.611,True,0.4346,,,,,,,,,,,,,,,,
2026-02-07,a3986d20c19f33c7c107fw,2026-02-06 18:50:00.000,17,True,45,543,1465,2302,146.53,230.23,0.543,True,0.459,,,,,,,,,,,,,,,,
2026-02-07,a3986d20c19f33c7c107fw,2026-02-06 19:00:00.000,18,True,48,622,1678,2302,167.86,230.21,0.622,True,0.487,,,,,,,,,,,,,,,,
2026-02-07,a3986d20c19f33c7c107fw,2026-02-06 19:10:00.000,19,True,50,454,1226,2305,122.64,230.52,0.454,True,0.5074,,,,,,,,,,,,,,,,
2026-02-07,a3986d20c19f33c7c107fw,2026-02-06 19:20:00.000,20,True,52,454,1226,2303,122.64,230.3,0.455,True,0.5279,,,,,,,,,,,,,,,,
2026-02-07,a3986d20c19f33c7c107fw,2026-02-06 19:30:00.000,21,True,55,610,1645,2302,164.58,230.27,0.61,True,0.5553,,,,,,,,,,,,,,,,
2026-02-07,a3986d20c19f33c7c107fw,2026-02-06 19:40:00.000,22,True,57,451,1219,2305,121.91,230.5,0.451,True,0.5756,,,,,,,,,,,,,,,,
2026-02-07,a3986d20c19f33c7c107fw,2026-02-06 19:50:00.000,23,True,59,450,1215,2300,121.55,230.07,0.451,True,0.5959,,,,,,,,,,,,,,,,
2026-02-07,a3986d20c19f33c7c107fw,2026-02-06 20:00:00.000,24,True,61,529,1432,2307,143.22,230.74,0.53,True,0.6198,,,,,,,,,,,,,,,,
2026-02-07,a3986d20c19f33c7c107fw,2026-02-06 20:10:00.000,25,True,64,531,1432,2301,143.22,230.11,0.531,True,0.6436,,,,,,,,,,,,,,,,
2026-02-07,a3986d20c19f33c7c107fw,2026-02-06 20:20:00.000,26,True,65,151,409,2303,40.98,230.32,0.152,True,0.6505,,,,,,,,,,,,,,,,
2026-02-07,a3986d20c19f33c7c107fw,2026-02-06 20:30:00.000,27,True,65,158,428,2309,42.83,230.9,0.158,True,0.6576,,,,,,,,,,,,,,,,
2026-02-07,a3986d20c19f33c7c107fw,2026-02-06 20:40:00.000,28,True,66,152,412,2304,41.23,230.4,0.153,True,0.6645,,,,,,,,,,,,,,,,
2026-02-07,a3986d20c19f33c7c107fw,2026-02-06 20:50:00.000,29,True,67,231,626,2312,62.65,231.27,0.231,True,0.6749,,,,,,,,,,,,,,,,
2026-02-07,a3986d20c19f33c7c107fw,2026-02-06 21:00:00.000,30,True,69,539,1460,2308,146.01,230.82,0.54,True,0.6993,,,,,,,,,,,,,,,,
2026-02-07,a3986d20c19f33c7c107fw,2026-02-06 21:10:00.000,31,True,72,607,1635,2297,163.58,229.7,0.608,True,0.7265,,,,,,,,,,,,,,,,
2026-02-07,a3986d20c19f33c7c107fw,2026-02-06 21:20:00.000,32,True,75,607,1635,2300,163.58,230.05,0.607,True,0.7538,,,,,,,,,,,,,,,,
2026-02-07,a3986d20c19f33c7c107fw,2026-02-06 21:30:00.000,33,True,77,453,1220,2296,122.04,229.67,0.454,True,0.7741,,,,,,,,,,,,,,,,
2026-02-07,a3986d20c19f33c7c107fw,2026-02-06 21:40:00.000,34,True,79,530,1428,2297,142.82,229.74,0.531,True,0.7979,,,,,,,,,,,,,,,,
2026-02-07,a3986d20c19f33c7c107fw,2026-02-06 21:50:00.000,35,True,81,309,835,2305,83.59,230.52,0.31,True,0.8119,,,,,,,,,,,,,,,,
2026-02-07,a3986d20c19f33c7c107fw,2026-02-06 22:00:00.000,36,True,82,231,622,2295,62.21,229.54,0.231,True,0.8222,,,,,,,,,,,,,,,,
2026-02-07,a3986d20c19f33c7c107fw,2026-02-06 22:10:00.000,37,True,82,155,421,2307,42.12,230.78,0.156,True,0.8292,,,,,,,,,,,,,,,,
2026-02-07,a3986d20c19f33c7c107fw,2026-02-06 22:20:00.000,38,True,84,448,1211,2304,121.13,230.42,0.449,True,0.8494,,,,,,,,,,,,,,,,
2026-02-07,a3986d20c19f33c7c107fw,2026-02-06 22:30:00.000,39,True,88,757,2041,2301,204.17,230.1,0.757,True,0.8835,,,,,,,,,,,,,,,,
2026-02-07,a3986d20c19f33c7c107fw,2026-02-06 22:40:00.000,40,True,91,604,1630,2301,163.1,230.18,0.605,True,0.9106,,,,,,,,,,,,,,,,
2026-02-07,a3986d20c19f33c7c107fw,2026-02-06 22:50:00.000,41,True,93,526,1420,2301,142.03,230.17,0.527,True,0.9343,,,,,,,,,,,,,,,,
2026-02-07,a3986d20c19f33c7c107fw,2026-02-06 23:00:00.000,42,True,95,523,1408,2297,140.88,229.74,0.523,True,0.9578,,,,,,,,,,,,,,,,
2026-02-07,a3986d20c19f33c7c107fw,2026-02-06 23:10:00.000,43,True,97,380,1025,2301,102.53,230.15,0.38,True,0.9749,,,,,,,,,,,,,,,,
2026-02-07,a3986d20c19f33c7c107fw,2026-02-06 23:20:00.000,44,True,98,156,423,2312,42.36,231.24,0.156,True,0.9819,,,,,,,,,,,,,,,,
2026-02-07,a3986d20c19f33c7c107fw,2026-02-06 23:30:00.000,45,True,98,79,214,2301,21.42,230.1,0.079,True,0.9855,,,,,,,,,,,,,,,,
2026-02-07,a3986d20c19f33c7c107fw,2026-02-06 23:40:00.000,46,True,99,0,592,2300,59.24,230.01,0.0,True,0.9954,,,,,,,,,,,,,,,,
2026-02-07,a3986d20c19f33c7c107fw,2026-02-06 23:50:00.000,47,True,100,0,592,2297,59.24,229.73,0.0,True,1.0053,,,,,,,,,,,,,,,,
2026-02-07,a3986d20c19f33c7c107fw,2026-02-07 00:00:00.000,48,True,101,231,621,2293,62.11,229.38,0.231,True,1.0156,,,,,,,,,,,,,,,,
2026-02-07,a3986d20c19f33c7c107fw,2026-02-07 00:10:00.000,49,True,104,691,1865,2302,186.54,230.29,0.691,True,1.0467,,,,,,,,,,,,,,,,
2026-02-07,a3986d20c19f33c7c107fw,2026-02-07 00:20:00.000,50,True,107,616,1663,2304,166.31,230.45,0.616,True,1.0744,,,,,,,,,,,,,,,,
2026-02-07,a3986d20c19f33c7c107fw,2026-02-07 00:30:00.000,51,True,109,539,1458,2307,145.84,230.76,0.539,True,1.0987,,,,,,,,,,,,,,,,
2026-02-07,a3986d20c19f33c7c107fw,2026-02-07 00:40:00.000,52,True,110,76,207,2307,20.78,230.72,0.077,True,1.1022,,,,,,,,,,,,,,,,
2026-02-07,a3986d20c19f33c7c107fw,2026-02-07 00:50:00.000,53,True,110,154,418,2317,41.86,231.74,0.154,True,1.1092,,,,,,,,,,,,,,,,
2026-02-07,a3986d20c19f33c7c107fw,2026-02-07 01:00:00.000,54,True,111,153,415,2304,41.58,230.49,0.154,True,1.1161,,,,,,,,,,,,,,,,
2026-02-07,a3986d20c19f33c7c107fw,2026-02-07 01:10:00.000,55,True,112,147,398,2308,39.85,230.82,0.147,True,1.1227,,,,,,,,,,,,,,,,
2026-02-07,a3986d20c19f33c7c107fw,2026-02-07 01:20:00.000,56,True,114,452,1228,2315,122.82,231.55,0.453,True,1.1432,,,,,,,,,,,,,,,,
2026-02-07,a3986d20c19f33c7c107fw,2026-02-07 01:30:00.000,57,True,117,606,1645,2315,164.52,231.5,0.607,True,1.1706,,,,,,,,,,,,,,,,
2026-02-07,a3986d20c19f33c7c107fw,2026-02-07 01:40:00.000,58,True,119,463,1250,2301,125.04,230.16,0.464,True,1.1915,,,,,,,,,,,,,,,,
2026-02-07,a3986d20c19f33c7c107fw,2026-02-07 01:50:00.000,59,True,120,310,838,2302,83.83,230.24,0.311,True,1.2054,,,,,,,,,,,,,,,,
2026-02-07,a3986d20c19f33c7c107fw,2026-02-07 02:00:00.000,60,True,121,153,411,2297,41.18,229.7,0.153,True,1.2123,,,,,,,,,,,,,,,,
2026-02-07,a3986d20c19f33c7c107fw,2026-02-07 02:10:00.000,61,True,122,312,838,2287,83.84,228.76,0.313,True,1.2263,,,,,,,,,,,,,,,,
2026-02-07,a3986d20c19f33c7c107fw,2026-02-07 02:20:00.000,62,True,123,149,401,2296,40.15,229.62,0.149,True,1.233,,,,,,,,,,,,,,,,
2026-02-07,a3986d20c19f33c7c107fw,2026-02-07 02:30:00.000,63,True,125,542,1450,2282,145.03,228.26,0.542,True,1.2571,,,,,,,,,,,,,,,,
2026-02-07,a3986d20c19f33c7c107fw,2026-02-07 02:40:00.000,64,True,127,458,1227,2286,122.74,228.6,0.458,True,1.2776,,,,,,,,,,,,,,,,
2026-02-07,a3986d20c19f33c7c107fw,2026-02-07 02:50:00.000,65,True,130,536,1438,2290,143.85,229.03,0.536,True,1.3016,,,,,,,,,,,,,,,,
2026-02-07,a3986d20c19f33c7c107fw,2026-02-07 03:00:00.000,66,True,132,528,1417,2291,141.77,229.1,0.528,True,1.3252,,,,,,,,,,,,,,,,
2026-02-07,a3986d20c19f33c7c107fw,2026-02-07 03:10:00.000,67,True,135,604,1618,2286,161.85,228.66,0.604,True,1.3522,,,,,,,,,,,,,,,,
2026-02-07,a3986d20c19f33c7c107fw,2026-02-07 03:20:00.000,68,True,137,594,1601,2300,160.12,230.09,0.594,True,1.3789,,,,,,,,,,,,,,,,
2026-02-07,a3986d20c19f33c7c107fw,2026-02-07 03:30:00.000,69,True,139,288,778,2300,77.84,230.0,0.289,True,1.3918,,,,,,,,,,,,,,,,
2026-02-07,a3986d20c19f33c7c107fw,2026-02-07 03:40:00.000,70,True,140,287,775,2304,77.59,230.42,0.287,True,1.4048,,,,,,,,,,,,,,,,
2026-02-07,a3986d20c19f33c7c107fw,2026-02-07 03:50:00.000,71,False,140,0,0,2310,0.0,231.03,0.0,False,1.4048,,,,,,,,,,,,,,,,
2026-02-07,a3986d20c19f33c7c107fw,2026-02-07 04:00:00.000,72,True,140,75,203,2315,20.35,231.52,0.075,True,1.4082,,,,,,,,,,,,,,,,
2026-02-07,a3986d20c19f33c7c107fw,2026-02-07 04:10:00.000,73,True,142,333,892,2282,89.25,228.22,0.334,True,1.423,,,,,,,,,,,,,,,,
2026-02-07,a3986d20c19f33c7c107fw,2026-02-07 04:20:00.000,74,True,143,229,617,2293,61.76,229.38,0.23,True,1.4333,,,,,,,,,,,,,,,,
2026-02-07,a3986d20c19f33c7c107fw,2026-02-07 04:30:00.000,75,True,144,231,617,2276,61.76,227.65,0.232,True,1.4436,,,,,,,,,,,,,,,,
2026-02-07,a3986d20c19f33c7c107fw,2026-02-07 04:40:00.000,76,True,145,306,813,2266,81.35,226.6,0.306,True,1.4572,,,,,,,,,,,,,,,,
2026-02-07,a3986d20c19f33c7c107fw,2026-02-07 04:50:00.000,77,True,147,403,1079,2282,107.9,228.22,0.404,True,1.4752,,,,,,,,,,,,,,,,
2026-02-07,a3986d20c19f33c7c107fw,2026-02-07 05:00:00.000,78,True,149,403,1079,2282,107.9,228.22,0.404,True,1.4931,,,,,,,,,,,,,,,,
2026-02-07,a3986d20c19f33c7c107fw,2026-02-07 05:10:00.000,79,True,151,394,1052,2278,105.24,227.8,0.394,True,1.5107,,,,,,,,,,,,,,,,
2026-02-07,a3986d20c19f33c7c107fw,2026-02-07 05:20:00.000,80,False,151,0,0,2279,0.0,227.93,0.0,False,1.5107,,,,,,,,,,,,,,,,
2026-02-07,a3986d20c19f33c7c107fw,2026-02-07 05:30:00.000,81,False,151,0,0,2279,0.0,227.93,0.0,False,1.5107,,,,,,,,,,,,,,,,
2026-02-07,a3986d20c19f33c7c107fw,2026-02-07 05:40:00.000,82,False,151,0,0,2295,0.0,229.57,0.0,False,1.5107,,,,,,,,,,,,,,,,
2026-02-07,a3986d20c19f33c7c107fw,2026-02-07 05:50:00.000,83,True,152,387,1037,2285,103.71,228.54,0.387,True,1.528,,,,,,,,,,,,,,,,
2026-02-07,a3986d20c19f33c7c107fw,2026-02-07 06:00:00.000,84,True,154,318,846,2267,84.7,226.78,0.319,True,1.5421,,,,,,,,,,,,,,,,
2026-02-07,a3986d20c19f33c7c107fw,2026-02-07 06:10:00.000,85,True,155,320,855,2281,85.52,228.12,0.32,True,1.5563,,,,,,,,,,,,,,,,
2026-02-07,a3986d20c19f33c7c107fw,2026-02-07 06:20:00.000,86,True,157,318,850,2277,85.0,227.7,0.319,True,1.5705,,,,,,,,,,,,,,,,
2026-02-07,a3986d20c19f33c7c107fw,2026-02-07 06:30:00.000,87,True,158,232,619,2275,61.95,227.54,0.232,True,1.5808,,,,,,,,,,,,,,,,
2026-02-07,a3986d20c19f33c7c107fw,2026-02-07 06:40:00.000,88,True,160,467,1251,2287,125.15,228.7,0.467,True,1.6017,,,,,,,,,,,,,,,,
2026-02-07,a3986d20c19f33c7c107fw,2026-02-07 06:50:00.000,89,True,162,613,1639,2281,163.96,228.1,0.614,True,1.629,,,,,,,,,,,,,,,,
2026-02-07,a3986d20c19f33c7c107fw,2026-02-07 07:00:00.000,90,True,164,312,835,2284,83.5,228.43,0.312,True,1.6429,,,,,,,,,,,,,,,,
2026-02-07,a3986d20c19f33c7c107fw,2026-02-07 07:10:00.000,91,True,165,313,839,2289,84.0,228.9,0.313,True,1.6569,,,,,,,,,,,,,,,,
2026-02-07,a3986d20c19f33c7c107fw,2026-02-07 07:20:00.000,92,True,167,380,1013,2276,101.35,227.64,0.38,True,1.6738,,,,,,,,,,,,,,,,
2026-02-07,a3986d20c19f33c7c107fw,2026-02-07 07:30:00.000,93,True,168,301,805,2280,80.57,228.05,0.302,True,1.6873,,,,,,,,,,,,,,,,
2026-02-07,a3986d20c19f33c7c107fw,2026-02-07 07:40:00.000,94,True,170,301,806,2283,80.6,228.3,0.301,True,1.7007,,,,,,,,,,,,,,,,
2026-02-07,a3986d20c19f33c7c107fw,2026-02-07 07:50:00.000,95,True,171,379,1014,2281,101.47,228.19,0.38,True,1.7176,,,,,,,,,,,,,,,,
2026-02-07,a3986d20c19f33c7c107fw,2026-02-07 08:00:00.000,96,True,173,378,1012,2284,101.23,228.49,0.378,True,1.7345,,,,,,,,,,,,,,,,
2026-02-07,a3986d20c19f33c7c107fw,2026-02-07 08:10:00.000,97,True,175,451,1212,2293,121.21,229.31,0.451,True,1.7547,,,,,,,,,,,,,,,,
2026-02-07,a3986d20c19f33c7c107fw,2026-02-07 08:20:00.000,98,True,177,376,1014,2299,101.42,229.9,0.377,True,1.7716,,,,,,,,,,,,,,,,
2026-02-07,a3986d20c19f33c7c107fw,2026-02-07 08:30:00.000,99,True,178,381,1028,2300,102.85,230.0,0.382,True,1.7887,,,,,,,,,,,,,,,,
2026-02-07,a3986d20c19f33c7c107fw,2026-02-07 08:40:00.000,100,True,179,230,622,2306,62.29,230.66,0.231,True,1.7991,,,,,,,,,,,,,,,,
2026-02-07,a3986d20c19f33c7c107fw,2026-02-07 08:50:00.000,101,True,181,304,823,2304,82.34,230.48,0.305,True,1.8128,,,,,,,,,,,,,,,,
2026-02-07,a3986d20c19f33c7c107fw,2026-02-07 09:00:00.000,102,True,181,152,410,2303,41.1,230.36,0.152,True,1.8197,,,,,,,,,,,,,,,,
2026-02-07,a3986d20c19f33c7c107fw,2026-02-07 09:10:00.000,103,True,182,152,410,2304,41.1,230.41,0.152,True,1.8265,,,,,,,,,,,,,,,,
2026-02-07,a3986d20c19f33c7c107fw,2026-02-07 09:20:00.000,104,True,184,458,1240,2309,124.09,230.97,0.459,True,1.8472,,,,,,,,,,,,,,,,
2026-02-07,a3986d20c19f33c7c107fw,2026-02-07 09:30:00.000,105,True,185,232,626,2305,62.7,230.57,0.232,True,1.8577,,,,,,,,,,,,,,,,
2026-02-07,a3986d20c19f33c7c107fw,2026-02-07 09:40:00.000,106,True,186,232,626,2306,62.7,230.63,0.232,True,1.8681,,,,,,,,,,,,,,,,
2026-02-07,a3986d20c19f33c7c107fw,2026-02-07 09:50:00.000,107,True,188,464,1253,2303,125.36,230.35,0.465,True,1.889,,,,,,,,,,,,,,,,
2026-02-07,a3986d20c19f33c7c107fw,2026-02-07 10:00:00.000,108,True,190,311,841,2307,84.12,230.7,0.311,True,1.903,,,,,,,,,,,,,,,,
2026-02-07,a3986d20c19f33c7c107fw,2026-02-07 10:10:00.000,109,True,191,233,629,2304,62.95,230.4,0.233,True,1.9135,,,,,,,,,,,,,,,,
2026-02-07,a3986d20c19f33c7c107fw,2026-02-07 10:20:00.000,110,True,192,155,419,2302,41.93,230.27,0.155,True,1.9205,,,,,,,,,,,,,,,,
2026-02-07,a3986d20c19f33c7c107fw,2026-02-07 10:30:00.000,111,True,193,0,592,2303,59.24,230.33,0.0,True,1.9304,,,,,,,,,,,,,,,,
2026-02-07,a3986d20c19f33c7c107fw,2026-02-07 10:40:00.000,112,True,193,75,202,2302,20.25,230.2,0.075,True,1.9337,,,,,,,,,,,,,,,,
2026-02-07,a3986d20c19f33c7c107fw,2026-02-07 10:50:00.000,113,True,194,155,418,2303,41.9,230.32,0.155,True,1.9407,,,,,,,,,,,,,,,,
2026-02-07,a3986d20c19f33c7c107fw,2026-02-07 11:00:00.000,114,False,194,0,0,2304,0.0,230.47,0.0,False,1.9407,,,,,,,,,,,,,,,,
2026-02-07,a3986d20c19f33c7c107fw,2026-02-07 11:10:00.000,115,True,195,235,633,2300,63.35,230.0,0.235,True,1.9513,,,,,,,,,,,,,,,,
2026-02-07,a3986d20c19f33c7c107fw,2026-02-07 11:20:00.000,116,True,196,389,1051,2302,105.11,230.22,0.39,True,1.9688,,,,,,,,,,,,,,,,
2026-02-07,a3986d20c19f33c7c107fw,2026-02-07 11:30:00.000,117,True,198,392,1057,2301,105.8,230.13,0.392,True,1.9864,,,,,,,,,,,,,,,,
2026-02-07,a3986d20c19f33c7c107fw,2026-02-07 11:40:00.000,118,True,200,315,849,2298,84.91,229.84,0.315,True,2.0006,,,,,,,,,,,,,,,,
2026-02-07,a3986d20c19f33c7c107fw,2026-02-07 11:50:00.000,119,True,200,152,412,2311,41.28,231.12,0.152,True,2.0075,,,,,,,,,,,,,,,,
2026-02-07,a3986d20c19f33c7c107fw,2026-02-07 12:00:00.000,120,True,201,73,197,2306,19.73,230.64,0.073,True,2.0108,,,,,,,,,,,,,,,,
2026-02-07,a3986d20c19f33c7c107fw,2026-02-07 12:10:00.000,121,True,201,76,205,2301,20.55,230.18,0.076,True,2.0142,,,,,,,,,,,,,,,,
2026-02-07,a3986d20c19f33c7c107fw,2026-02-07 12:20:00.000,122,True,202,154,416,2306,41.68,230.63,0.154,True,2.0211,,,,,,,,,,,,,,,,
2026-02-07,a3986d20c19f33c7c107fw,2026-02-07 12:30:00.000,123,True,202,154,416,2306,41.68,230.63,0.154,True,2.0281,,,,,,,,,,,,,,,,
2026-02-07,a3986d20c19f33c7c107fw,2026-02-07 12:40:00.000,124,True,204,468,1257,2293,125.79,229.34,0.468,True,2.049,,,,,,,,,,,,,,,,
2026-02-07,a3986d20c19f33c7c107fw,2026-02-07 12:50:00.000,125,True,207,545,1462,2287,146.29,228.73,0.546,True,2.0734,,,,,,,,,,,,,,,,
2026-02-07,a3986d20c19f33c7c107fw,2026-02-07 13:00:00.000,126,True,209,465,1246,2288,124.68,228.86,0.465,True,2.0942,,,,,,,,,,,,,,,,
2026-02-07,a3986d20c19f33c7c107fw,2026-02-07 13:10:00.000,127,True,211,465,1246,2288,124.68,228.86,0.465,True,2.115,,,,,,,,,,,,,,,,
2026-02-07,a3986d20c19f33c7c107fw,2026-02-07 13:20:00.000,128,True,212,301,806,2280,80.67,228.09,0.302,True,2.1284,,,,,,,,,,,,,,,,
2026-02-07,a3986d20c19f33c7c107fw,2026-02-07 13:30:00.000,129,True,213,227,604,2274,60.5,227.47,0.227,True,2.1385,,,,,,,,,,,,,,,,
2026-02-07,a3986d20c19f33c7c107fw,2026-02-07 13:40:00.000,130,True,214,72,192,2273,19.28,227.37,0.072,True,2.1417,,,,,,,,,,,,,,,,
2026-02-07,a3986d20c19f33c7c107fw,2026-02-07 13:50:00.000,131,True,214,72,192,2273,19.28,227.37,0.072,True,2.1449,,,,,,,,,,,,,,,,
2026-02-07,a3986d20c19f33c7c107fw,2026-02-07 14:00:00.000,132,True,215,303,806,2270,80.62,227.03,0.303,True,2.1584,,,,,,,,,,,,,,,,
2026-02-07,a3986d20c19f33c7c107fw,2026-02-07 14:10:00.000,133,True,217,316,839,2266,83.95,226.64,0.316,True,2.1724,,,,,,,,,,,,,,,,
2026-02-07,a3986d20c19f33c7c107fw,2026-02-07 14:20:00.000,134,True,218,316,839,2266,83.95,226.64,0.316,True,2.1864,,,,,,,,,,,,,,,,
2026-02-07,a3986d20c19f33c7c107fw,2026-02-07 14:30:00.000,135,True,220,392,1043,2268,104.37,226.83,0.393,True,2.2038,,,,,,,,,,,,,,,,
2026-02-07,a3986d20c19f33c7c107fw,2026-02-07 14:40:00.000,136,True,222,388,1032,2268,103.29,226.87,0.389,True,2.221,,,,,,,,,,,,,,,,
2026-02-07,a3986d20c19f33c7c107fw,2026-02-07 14:50:00.000,137,True,223,308,820,2269,82.07,226.95,0.309,True,2.2346,,,,,,,,,,,,,,,,
2026-02-07,a3986d20c19f33c7c107fw,2026-02-07 15:00:00.000,138,True,224,302,807,2282,80.79,228.2,0.302,True,2.2481,,,,,,,,,,,,,,,,
2026-02-07,a3986d20c19f33c7c107fw,2026-02-07 15:10:00.000,139,True,226,381,1019,2279,102.0,227.94,0.382,True,2.2651,,,,,,,,,,,,,,,,
2026-02-07,a3986d20c19f33c7c107fw,2026-02-07 15:20:00.000,140,True,228,385,1028,2279,102.82,227.9,0.385,True,2.2822,,,,,,,,,,,,,,,,
2026-02-07,a3986d20c19f33c7c107fw,2026-02-07 15:30:00.000,141,True,229,383,1024,2279,102.4,227.97,0.383,True,2.2993,,,,,,,,,,,,,,,,
2026-02-07,a3986d20c19f33c7c107fw,2026-02-07 15:40:00.000,142,True,231,378,1011,2278,101.11,227.81,0.379,True,2.3162,,,,,,,,,,,,,,,,
2026-02-07,a3986d20c19f33c7c107fw,2026-02-07 15:50:00.000,143,True,235,1076,2030,2298,203.02,229.8,1.076,True,2.35,26.65,79.0,1011.0,0,559,30058,15968,2610,0,last,False,relay,False,,,
2026-02-08,a3986d20c19f33c7c107fw,2026-02-07 16:00:00.000,0,True,1,308,839,2284,83.94,228.4,0.308,True,0.014,,,,,,,,,,,,,,,,
2026-02-08,a3986d20c19f33c7c107fw,2026-02-07 16:10:00.000,1,True,2,231,631,2284,63.15,228.45,0.232,True,0.0245,,,,,,,,,,,,,,,,
2026-02-08,a3986d20c19f33c7c107fw,2026-02-07 16:20:00.000,2,True,5,687,1869,2282,186.93,228.22,0.687,True,0.0557,,,,,,,,,,,,,,,,
2026-02-08,a3986d20c19f33c7c107fw,2026-02-07 16:30:00.000,3,True,7,380,1031,2271,103.18,227.19,0.381,True,0.0729,,,,,,,,,,,,,,,,
2026-02-08,a3986d20c19f33c7c107fw,2026-02-07 16:40:00.000,4,True,11,849,2315,2287,231.52,228.73,0.849,True,0.1115,,,,,,,,,,,,,,,,
2026-02-08,a3986d20c19f33c7c107fw,2026-02-07 16:50:00.000,5,True,14,768,2091,2282,209.1,228.29,0.768,True,0.1463,,,,,,,,,,,,,,,,
2026-02-08,a3986d20c19f33c7c107fw,2026-02-07 17:00:00.000,6,True,18,840,2284,2281,228.47,228.13,0.84,True,0.1844,,,,,,,,,,,,,,,,
2026-02-08,a3986d20c19f33c7c107fw,2026-02-07 17:10:00.000,7,True,20,457,1240,2273,124.05,227.36,0.458,True,0.2051,,,,,,,,,,,,,,,,
2026-02-08,a3986d20c19f33c7c107fw,2026-02-07 17:20:00.000,8,True,22,463,1264,2288,126.44,228.81,0.464,True,0.2261,,,,,,,,,,,,,,,,
2026-02-08,a3986d20c19f33c7c107fw,2026-02-07 17:30:00.000,9,True,24,488,1336,2295,133.66,229.59,0.488,True,0.2484,,,,,,,,,,,,,,,,
2026-02-08,a3986d20c19f33c7c107fw,2026-02-07 17:40:00.000,10,True,26,399,1092,2294,109.21,229.4,0.399,True,0.2666,,,,,,,,,,,,,,,,
2026-02-08,a3986d20c19f33c7c107fw,2026-02-07 17:50:00.000,11,True,28,455,1245,2296,124.54,229.61,0.455,True,0.2874,,,,,,,,,,,,,,,,
2026-02-08,a3986d20c19f33c7c107fw,2026-02-07 18:00:00.000,12,True,32,841,2292,2284,229.23,228.47,0.842,True,0.3256,,,,,,,,,,,,,,,,
2026-02-08,a3986d20c19f33c7c107fw,2026-02-07 18:10:00.000,13,True,35,614,1676,2289,167.62,228.93,0.614,True,0.3535,,,,,,,,,,,,,,,,
2026-02-08,a3986d20c19f33c7c107fw,2026-02-07 18:20:00.000,14,True,38,714,1948,2287,194.85,228.77,0.715,True,0.386,,,,,,,,,,,,,,,,
2026-02-08,a3986d20c19f33c7c107fw,2026-02-07 18:30:00.000,15,True,41,625,1704,2286,170.41,228.65,0.625,True,0.4144,,,,,,,,,,,,,,,,
2026-02-08,a3986d20c19f33c7c107fw,2026-02-07 18:40:00.000,16,True,44,611,1669,2291,167.0,229.16,0.611,True,0.4422,,,,,,,,,,,,,,,,
2026-02-08,a3986d20c19f33c7c107fw,2026-02-07 18:50:00.000,17,True,46,543,1490,2302,149.09,230.23,0.543,True,0.4671,,,,,,,,,,,,,,,,
2026-02-08,a3986d20c19f33c7c107fw,2026-02-07 19:00:00.000,18,True,49,622,1707,2302,170.8,230.21,0.622,True,0.4955,,,,,,,,,,,,,,,,
2026-02-08,a3986d20c19f33c7c107fw,2026-02-07 19:10:00.000,19,True,51,454,1247,2305,124.78,230.52,0.454,True,0.5163,,,,,,,,,,,,,,,,
2026-02-08,a3986d20c19f33c7c107fw,2026-02-07 19:20:00.000,20,True,53,454,1247,2303,124.78,230.3,0.455,True,0.5371,,,,,,,,,,,,,,,,
2026-02-08,a3986d20c19f33c7c107fw,2026-02-07 19:30:00.000,21,True,56,610,1674,2302,167.46,230.27,0.61,True,0.565,,,,,,,,,,,,,,,,
2026-02-08,a3986d20c19f33c7c107fw,2026-02-07 19:40:00.000,22,True,58,451,1240,2305,124.05,230.5,0.451,True,0.5857,,,,,,,,,,,,,,,,
2026-02-08,a3986d20c19f33c7c107fw,2026-02-07 19:50:00.000,23,True,60,450,1236,2300,123.68,230.07,0.451,True,0.6063,,,,,,,,,,,,,,,,
2026-02-08,a3986d20c19f33c7c107fw,2026-02-07 20:00:00.000,24,True,63,529,1457,2307,145.73,230.74,0.53,True,0.6306,,,,,,,,,,,,,,,,
2026-02-08,a3986d20c19f33c7c107fw,2026-02-07 20:10:00.000,25,True,65,531,1457,2301,145.73,230.11,0.531,True,0.6549,,,,,,,,,,,,,,,,
2026-02-08,a3986d20c19f33c7c107fw,2026-02-07 20:20:00.000,26,True,66,151,416,2303,41.7,230.32,0.152,True,0.6618,,,,,,,,,,,,,,,,
2026-02-08,a3986d20c19f33c7c107fw,2026-02-07 20:30:00.000,27,True,66,158,435,2309,43.58,230.9,0.158,True,0.6691,,,,,,,,,,,,,,,,
2026-02-08,a3986d20c19f33c7c107fw,2026-02-07 20:40:00.000,28,True,67,152,419,2304,41.96,230.4,0.153,True,0.6761,,,,,,,,,,,,,,,,
2026-02-08,a3986d20c19f33c7c107fw,2026-02-07 20:50:00.000,29,True,68,231,637,2312,63.74,231.27,0.231,True,0.6867,,,,,,,,,,,,,,,,
2026-02-08,a3986d20c19f33c7c107fw,2026-02-07 21:00:00.000,30,True,71,539,1485,2308,148.56,230.82,0.54,True,0.7115,,,,,,,,,,,,,,,,
2026-02-08,a3986d20c19f33c7c107fw,2026-02-07 21:10:00.000,31,True,73,607,1664,2297,166.45,229.7,0.608,True,0.7392,,,,,,,,,,,,,,,,
2026-02-08,a3986d20c19f33c7c107fw,2026-02-07 21:20:00.000,32,True,76,607,1664,2300,166.45,230.05,0.607,True,0.767,,,,,,,,,,,,,,,,
2026-02-08,a3986d20c19f33c7c107fw,2026-02-07 21:30:00.000,33,True,78,453,1241,2296,124.18,229.67,0.454,True,0.7877,,,,,,,,,,,,,,,,
2026-02-08,a3986d20c19f33c7c107fw,2026-02-07 21:40:00.000,34,True,81,530,1453,2297,145.31,229.74,0.531,True,0.8119,,,,,,,,,,,,,,,,
2026-02-08,a3986d20c19f33c7c107fw,2026-02-07 21:50:00.000,35,True,82,309,850,2305,85.06,230.52,0.31,True,0.8261,,,,,,,,,,,,,,,,
2026-02-08,a3986d20c19f33c7c107fw,2026-02-07 22:00:00.000,36,True,83,231,632,2295,63.29,229.54,0.231,True,0.8366,,,,,,,,,,,,,,,,
2026-02-08,a3986d20c19f33c7c107fw,2026-02-07 22:10:00.000,37,True,84,155,428,2307,42.87,230.78,0.156,True,0.8438,,,,,,,,,,,,,,,,
2026-02-08,a3986d20c19f33c7c107fw,2026-02-07 22:20:00.000,38,True,86,448,1232,2304,123.25,230.42,0.449,True,0.8643,,,,,,,,,,,,,,,,
2026-02-08,a3986d20c19f33c7c107fw,2026-02-07 22:30:00.000,39,True,89,757,2077,2301,207.75,230.1,0.757,True,0.8989,,,,,,,,,,,,,,,,
2026-02-08,a3986d20c19f33c7c107fw,2026-02-07 22:40:00.000,40,True,92,604,1659,2301,165.94,230.18,0.605,True,0.9266,,,,,,,,,,,,,,,,
2026-02-08,a3986d20c19f33c7c107fw,2026-02-07 22:50:00.000,41,True,95,526,1445,2301,144.52,230.17,0.527,True,0.9507,,,,,,,,,,,,,,,,
2026-02-08,a3986d20c19f33c7c107fw,2026-02-07 23:00:00.000,42,True,97,523,1433,2297,143.35,229.74,0.523,True,0.9746,,,,,,,,,,,,,,,,
2026-02-08,a3986d20c19f33c7c107fw,2026-02-07 23:10:00.000,43,True,99,380,1043,2301,104.33,230.15,0.38,True,0.9919,,,,,,,,,,,,,,,,
2026-02-08,a3986d20c19f33c7c107fw,2026-02-07 23:20:00.000,44,True,99,156,430,2312,43.1,231.24,0.156,True,0.9991,,,,,,,,,,,,,,,,
2026-02-08,a3986d20c19f33c7c107fw,2026-02-07 23:30:00.000,45,True,100,79,217,2301,21.79,230.1,0.079,True,1.0028,,,,,,,,,,,,,,,,
2026-02-08,a3986d20c19f33c7c107fw,2026-02-07 23:40:00.000,46,True,101,0,585,2300,58.51,230.01,0.0,True,1.0125,,,,,,,,,,,,,,,,
2026-02-08,a3986d20c19f33c7c107fw,2026-02-07 23:50:00.000,47,True,102,0,585,2297,58.51,229.73,0.0,True,1.0223,,,,,,,,,,,,,,,,
2026-02-08,a3986d20c19f33c7c107fw,2026-02-08 00:00:00.000,48,True,103,231,631,2293,63.2,229.38,0.231,True,1.0328,,,,,,,,,,,,,,,,
2026-02-08,a3986d20c19f33c7c107fw,2026-02-08 00:10:00.000,49,True,106,691,1897,2302,189.79,230.29,0.691,True,1.0644,,,,,,,,,,,,,,,,
2026-02-08,a3986d20c19f33c7c107fw,2026-02-08 00:20:00.000,50,True,109,616,1692,2304,169.21,230.45,0.616,True,1.0926,,,,,,,,,,,,,,,,
2026-02-08,a3986d20c19f33c7c107fw,2026-02-08 00:30:00.000,51,True,111,539,1483,2307,148.39,230.76,0.539,True,1.1174,,,,,,,,,,,,,,,,
2026-02-08,a3986d20c19f33c7c107fw,2026-02-08 00:40:00.000,52,True,112,76,211,2307,21.15,230.72,0.077,True,1.1209,,,,,,,,,,,,,,,,
2026-02-08,a3986d20c19f33c7c107fw,2026-02-08 00:50:00.000,53,True,112,154,425,2317,42.59,231.74,0.154,True,1.128,,,,,,,,,,,,,,,,
2026-02-08,a3986d20c19f33c7c107fw,2026-02-08 01:00:00.000,54,True,113,153,422,2304,42.3,230.49,0.154,True,1.135,,,,,,,,,,,,,,,,
2026-02-08,a3986d20c19f33c7c107fw,2026-02-08 01:10:00.000,55,True,114,147,405,2308,40.55,230.82,0.147,True,1.1418,,,,,,,,,,,,,,,,
2026-02-08,a3986d20c19f33c7c107fw,2026-02-08 01:20:00.000,56,True,116,452,1249,2315,124.97,231.55,0.453,True,1.1626,,,,,,,,,,,,,,,,
2026-02-08,a3986d20c19f33c7c107fw,2026-02-08 01:30:00.000,57,True,119,606,1674,2315,167.41,231.5,0.607,True,1.1905,,,,,,,,,,,,,,,,
2026-02-08,a3986d20c19f33c7c107fw,2026-02-08 01:40:00.000,58,True,121,463,1272,2301,127.23,230.16,0.464,True,1.2117,,,,,,,,,,,,,,,,
2026-02-08,a3986d20c19f33c7c107fw,2026-02-08 01:50:00.000,59,True,122,310,853,2302,85.3,230.24,0.311,True,1.2259,,,,,,,,,,,,,,,,
2026-02-08,a3986d20c19f33c7c107fw,2026-02-08 02:00:00.000,60,True,123,153,419,2297,41.91,229.7,0.153,True,1.2329,,,,,,,,,,,,,,,,
2026-02-08,a3986d20c19f33c7c107fw,2026-02-08 02:10:00.000,61,True,124,312,853,2287,85.31,228.76,0.313,True,1.2471,,,,,,,,,,,,,,,,
2026-02-08,a3986d20c19f33c7c107fw,2026-02-08 02:20:00.000,62,True,125,149,408,2296,40.85,229.62,0.149,True,1.254,,,,,,,,,,,,,,,,
2026-02-08,a3986d20c19f33c7c107fw,2026-02-08 02:30:00.000,63,True,127,542,1475,2282,147.56,228.26,0.542,True,1.2786,,,,,,,,,,,,,,,,
2026-02-08,a3986d20c19f33c7c107fw,2026-02-08 02:40:00.000,64,True,129,458,1248,2286,124.89,228.6,0.458,True,1.2994,,,,,,,,,,,,,,,,
2026-02-08,a3986d20c19f33c7c107fw,2026-02-08 02:50:00.000,65,True,132,536,1463,2290,146.37,229.03,0.536,True,1.3238,,,,,,,,,,,,,,,,
2026-02-08,a3986d20c19f33c7c107fw,2026-02-08 03:00:00.000,66,True,134,528,1442,2291,144.26,229.1,0.528,True,1.3478,,,,,,,,,,,,,,,,
2026-02-08,a3986d20c19f33c7c107fw,2026-02-08 03:10:00.000,67,True,137,604,1646,2286,164.68,228.66,0.604,True,1.3753,,,,,,,,,,,,,,,,
2026-02-08,a3986d20c19f33c7c107fw,2026-02-08 03:20:00.000,68,True,140,594,1629,2300,162.92,230.09,0.594,True,1.4024,,,,,,,,,,,,,,,,
2026-02-08,a3986d20c19f33c7c107fw,2026-02-08 03:30:00.000,69,True,141,288,791,2300,79.2,230.0,0.289,True,1.4156,,,,,,,,,,,,,,,,
2026-02-08,a3986d20c19f33c7c107fw,2026-02-08 03:40:00.000,70,True,142,287,789,2304,78.94,230.42,0.287,True,1.4288,,,,,,,,,,,,,,,,
2026-02-08,a3986d20c19f33c7c107fw,2026-02-08 03:50:00.000,71,False,142,0,0,2310,0.0,231.03,0.0,False,1.4288,,,,,,,,,,,,,,,,
2026-02-08,a3986d20c19f33c7c107fw,2026-02-08 04:00:00.000,72,True,143,75,207,2315,20.7,231.52,0.075,True,1.4322,,,,,,,,,,,,,,,,
2026-02-08,a3986d20c19f33c7c107fw,2026-02-08 04:10:00.000,73,True,144,333,908,2282,90.82,228.22,0.334,True,1.4473,,,,,,,,,,,,,,,,
2026-02-08,a3986d20c19f33c7c107fw,2026-02-08 04:20:00.000,74,True,145,229,628,2293,62.85,229.38,0.23,True,1.4578,,,,,,,,,,,,,,,,
2026-02-08,a3986d20c19f33c7c107fw,2026-02-08 04:30:00.000,75,True,146,231,628,2276,62.85,227.65,0.232,True,1.4683,,,,,,,,,,,,,,,,
2026-02-08,a3986d20c19f33c7c107fw,2026-02-08 04:40:00.000,76,True,148,306,827,2266,82.77,226.6,0.306,True,1.4821,,,,,,,,,,,,,,,,
2026-02-08,a3986d20c19f33c7c107fw,2026-02-08 04:50:00.000,77,True,150,403,1097,2282,109.8,228.22,0.404,True,1.5004,,,,,,,,,,,,,,,,
2026-02-08,a3986d20c19f33c7c107fw,2026-02-08 05:00:00.000,78,True,151,403,1097,2282,109.8,228.22,0.404,True,1.5187,,,,,,,,,,,,,,,,
2026-02-08,a3986d20c19f33c7c107fw,2026-02-08 05:10:00.000,79,True,153,394,1070,2278,107.08,227.8,0.394,True,1.5365,,,,,,,,,,,,,,,,
2026-02-08,a3986d20c19f33c7c107fw,2026-02-08 05:20:00.000,80,False,153,0,0,2279,0.0,227.93,0.0,False,1.5365,,,,,,,,,,,,,,,,
2026-02-08,a3986d20c19f33c7c107fw,2026-02-08 05:30:00.000,81,False,153,0,0,2279,0.0,227.93,0.0,False,1.5365,,,,,,,,,,,,,,,,
2026-02-08,a3986d20c19f33c7c107fw,2026-02-08 05:40:00.000,82,False,153,0,0,2295,0.0,229.57,0.0,False,1.5365,,,,,,,,,,,,,,,,
2026-02-08,a3986d20c19f33c7c107fw,2026-02-08 05:50:00.000,83,True,155,387,1055,2285,105.53,228.54,0.387,True,1.5541,,,,,,,,,,,,,,,,
2026-02-08,a3986d20c19f33c7c107fw,2026-02-08 06:00:00.000,84,True,156,318,861,2267,86.18,226.78,0.319,True,1.5685,,,,,,,,,,,,,,,,
2026-02-08,a3986d20c19f33c7c107fw,2026-02-08 06:10:00.000,85,True,158,320,870,2281,87.02,228.12,0.32,True,1.583,,,,,,,,,,,,,,,,
2026-02-08,a3986d20c19f33c7c107fw,2026-02-08 06:20:00.000,86,True,159,318,864,2277,86.49,227.7,0.319,True,1.5974,,,,,,,,,,,,,,,,
2026-02-08,a3986d20c19f33c7c107fw,2026-02-08 06:30:00.000,87,True,160,232,630,2275,63.03,227.54,0.232,True,1.6079,,,,,,,,,,,,,,,,
2026-02-08,a3986d20c19f33c7c107fw,2026-02-08 06:40:00.000,88,True,162,467,1273,2287,127.34,228.7,0.467,True,1.6291,,,,,,,,,,,,,,,,
2026-02-08,a3986d20c19f33c7c107fw,2026-02-08 06:50:00.000,89,True,165,613,1668,2281,166.83,228.1,0.614,True,1.6569,,,,,,,,,,,,,,,,
2026-02-08,a3986d20c19f33c7c107fw,2026-02-08 07:00:00.000,90,True,167,312,849,2284,84.96,228.43,0.312,True,1.6711,,,,,,,,,,,,,,,,
2026-02-08,a3986d20c19f33c7c107fw,2026-02-08 07:10:00.000,91,True,168,313,854,2289,85.47,228.9,0.313,True,1.6853,,,,,,,,,,,,,,,,
2026-02-08,a3986d20c19f33c7c107fw,2026-02-08 07:20:00.000,92,True,170,380,1031,2276,103.12,227.64,0.38,True,1.7025,,,,,,,,,,,,,,,,
2026-02-08,a3986d20c19f33c7c107fw,2026-02-08 07:30:00.000,93,True,171,301,819,2280,81.99,228.05,0.302,True,1.7162,,,,,,,,,,,,,,,,
2026-02-08,a3986d20c19f33c7c107fw,2026-02-08 07:40:00.000,94,True,172,301,820,2283,82.01,228.3,0.301,True,1.7299,,,,,,,,,,,,,,,,
2026-02-08,a3986d20c19f33c7c107fw,2026-02-08 07:50:00.000,95,True,174,379,1032,2281,103.25,228.19,0.38,True,1.7471,,,,,,,,,,,,,,,,
2026-02-08,a3986d20c19f33c7c107fw,2026-02-08 08:00:00.000,96,True,176,378,1029,2284,103.0,228.49,0.378,True,1.7642,,,,,,,,,,,,,,,,
2026-02-08,a3986d20c19f33c7c107fw,2026-02-08 08:10:00.000,97,True,178,451,1233,2293,123.33,229.31,0.451,True,1.7848,,,,,,,,,,,,,,,,
2026-02-08,a3986d20c19f33c7c107fw,2026-02-08 08:20:00.000,98,True,180,376,1031,2299,103.19,229.9,0.377,True,1.802,,,,,,,,,,,,,,,,
2026-02-08,a3986d20c19f33c7c107fw,2026-02-08 08:30:00.000,99,True,181,381,1046,2300,104.65,230.0,0.382,True,1.8194,,,,,,,,,,,,,,,,
2026-02-08,a3986d20c19f33c7c107fw,2026-02-08 08:40:00.000,100,True,182,230,633,2306,63.39,230.66,0.231,True,1.83,,,,,,,,,,,,,,,,
2026-02-08,a3986d20c19f33c7c107fw,2026-02-08 08:50:00.000,101,True,184,304,837,2304,83.78,230.48,0.305,True,1.844,,,,,,,,,,,,,,,,
2026-02-08,a3986d20c19f33c7c107fw,2026-02-08 09:00:00.000,102,True,185,152,418,2303,41.81,230.36,0.152,True,1.8509,,,,,,,,,,,,,,,,
2026-02-08,a3986d20c19f33c7c107fw,2026-02-08 09:10:00.000,103,True,185,152,418,2304,41.81,230.41,0.152,True,1.8579,,,,,,,,,,,,,,,,
2026-02-08,a3986d20c19f33c7c107fw,2026-02-08 09:20:00.000,104,True,187,458,1262,2309,126.26,230.97,0.459,True,1.8789,,,,,,,,,,,,,,,,
2026-02-08,a3986d20c19f33c7c107fw,2026-02-08 09:30:00.000,105,True,188,232,637,2305,63.79,230.57,0.232,True,1.8896,,,,,,,,,,,,,,,,
2026-02-08,a3986d20c19f33c7c107fw,2026-02-08 09:40:00.000,106,True,190,232,637,2306,63.79,230.63,0.232,True,1.9002,,,,,,,,,,,,,,,,
2026-02-08,a3986d20c19f33c7c107fw,2026-02-08 09:50:00.000,107,True,192,464,1275,2303,127.55,230.35,0.465,True,1.9215,,,,,,,,,,,,,,,,
2026-02-08,a3986d20c19f33c7c107fw,2026-02-08 10:00:00.000,108,True,193,311,855,2307,85.58,230.7,0.311,True,1.9357,,,,,,,,,,,,,,,,
2026-02-08,a3986d20c19f33c7c107fw,2026-02-08 10:10:00.000,109,True,194,233,640,2304,64.04,230.4,0.233,True,1.9464,,,,,,,,,,,,,,,,
2026-02-08,a3986d20c19f33c7c107fw,2026-02-08 10:20:00.000,110,True,195,155,426,2302,42.67,230.27,0.155,True,1.9535,,,,,,,,,,,,,,,,
2026-02-08,a3986d20c19f33c7c107fw,2026-02-08 10:30:00.000,111,True,196,0,585,2303,58.51,230.33,0.0,True,1.9633,,,,,,,,,,,,,,,,
2026-02-08,a3986d20c19f33c7c107fw,2026-02-08 10:40:00.000,112,True,196,75,206,2302,20.61,230.2,0.075,True,1.9667,,,,,,,,,,,,,,,,
2026-02-08,a3986d20c19f33c7c107fw,2026-02-08 10:50:00.000,113,True,197,155,426,2303,42.62,230.32,0.155,True,1.9738,,,,,,,,,,,,,,,,
2026-02-08,a3986d20c19f33c7c107fw,2026-02-08 11:00:00.000,114,False,197,0,0,2304,0.0,230.47,0.0,False,1.9738,,,,,,,,,,,,,,,,
2026-02-08,a3986d20c19f33c7c107fw,2026-02-08 11:10:00.000,115,True,198,235,644,2300,64.46,230.0,0.235,True,1.9845,,,,,,,,,,,,,,,,
2026-02-08,a3986d20c19f33c7c107fw,2026-02-08 11:20:00.000,116,True,200,389,1069,2302,106.94,230.22,0.39,True,2.0024,,,,,,,,,,,,,,,,
2026-02-08,a3986d20c19f33c7c107fw,2026-02-08 11:30:00.000,117,True,202,392,1076,2301,107.65,230.13,0.392,True,2.0203,,,,,,,,,,,,,,,,
2026-02-08,a3986d20c19f33c7c107fw,2026-02-08 11:40:00.000,118,True,203,315,863,2298,86.39,229.84,0.315,True,2.0347,,,,,,,,,,,,,,,,
2026-02-08,a3986d20c19f33c7c107fw,2026-02-08 11:50:00.000,119,True,204,152,420,2311,42.01,231.12,0.152,True,2.0417,,,,,,,,,,,,,,,,
2026-02-08,a3986d20c19f33c7c107fw,2026-02-08 12:00:00.000,120,True,204,73,200,2306,20.08,230.64,0.073,True,2.0451,,,,,,,,,,,,,,,,
2026-02-08,a3986d20c19f33c7c107fw,2026-02-08 12:10:00.000,121,True,204,76,209,2301,20.91,230.18,0.076,True,2.0485,,,,,,,,,,,,,,,,
2026-02-08,a3986d20c19f33c7c107fw,2026-02-08 12:20:00.000,122,True,205,154,424,2306,42.41,230.63,0.154,True,2.0556,,,,,,,,,,,,,,,,
2026-02-08,a3986d20c19f33c7c107fw,2026-02-08 12:30:00.000,123,True,206,154,424,2306,42.41,230.63,0.154,True,2.0627,,,,,,,,,,,,,,,,
2026-02-08,a3986d20c19f33c7c107fw,2026-02-08 12:40:00.000,124,True,208,468,1279,2293,127.99,229.34,0.468,True,2.084,,,,,,,,,,,,,,,,
2026-02-08,a3986d20c19f33c7c107fw,2026-02-08 12:50:00.000,125,True,210,545,1488,2287,148.85,228.73,0.546,True,2.1088,,,,,,,,,,,,,,,,
2026-02-08,a3986d20c19f33c7c107fw,2026-02-08 13:00:00.000,126,True,212,465,1268,2288,126.86,228.86,0.465,True,2.13,,,,,,,,,,,,,,,,
2026-02-08,a3986d20c19f33c7c107fw,2026-02-08 13:10:00.000,127,True,215,465,1268,2288,126.86,228.86,0.465,True,2.1511,,,,,,,,,,,,,,,,
2026-02-08,a3986d20c19f33c7c107fw,2026-02-08 13:20:00.000,128,True,216,301,820,2280,82.08,228.09,0.302,True,2.1648,,,,,,,,,,,,,,,,
2026-02-08,a3986d20c19f33c7c107fw,2026-02-08 13:30:00.000,129,True,217,227,615,2274,61.56,227.47,0.227,True,2.175,,,,,,,,,,,,,,,,
2026-02-08,a3986d20c19f33c7c107fw,2026-02-08 13:40:00.000,130,True,217,72,196,2273,19.62,227.37,0.072,True,2.1783,,,,,,,,,,,,,,,,
2026-02-08,a3986d20c19f33c7c107fw,2026-02-08 13:50:00.000,131,True,218,72,196,2273,19.62,227.37,0.072,True,2.1816,,,,,,,,,,,,,,,,
2026-02-08,a3986d20c19f33c7c107fw,2026-02-08 14:00:00.000,132,True,219,303,820,2270,82.04,227.03,0.303,True,2.1953,,,,,,,,,,,,,,,,
2026-02-08,a3986d20c19f33c7c107fw,2026-02-08 14:10:00.000,133,True,220,316,854,2266,85.42,226.64,0.316,True,2.2095,,,,,,,,,,,,,,,,
2026-02-08,a3986d20c19f33c7c107fw,2026-02-08 14:20:00.000,134,True,222,316,854,2266,85.42,226.64,0.316,True,2.2237,,,,,,,,,,,,,,,,
2026-02-08,a3986d20c19f33c7c107fw,2026-02-08 14:30:00.000,135,True,223,0,585,2346,58.51,234.6,0.0,True,2.2335,25.79,71.0,1014.0,0,559,30058,15968,2610,0,last,False,relay,False,,,
2026-02-08,a3986d20c19f33c7c107fw,2026-02-08 14:40:00.000,136,True,225,388,1050,2268,105.1,226.87,0.389,True,2.251,,,,,,,,,,,,,,,,
2026-02-08,a3986d20c19f33c7c107fw,2026-02-08 14:50:00.000,137,True,226,308,835,2269,83.51,226.95,0.309,True,2.2649,,,,,,,,,,,,,,,,
2026-02-08,a3986d20c19f33c7c107fw,2026-02-08 15:00:00.000,138,True,227,302,822,2282,82.2,228.2,0.302,True,2.2786,,,,,,,,,,,,,,,,
2026-02-08,a3986d20c19f33c7c107fw,2026-02-08 15:10:00.000,139,True,229,381,1037,2279,103.79,227.94,0.382,True,2.2959,,,,,,,,,,,,,,,,
2026-02-08,a3986d20c19f33c7c107fw,2026-02-08 15:20:00.000,140,True,231,385,1046,2279,104.62,227.9,0.385,True,2.3134,,,,,,,,,,,,,,,,
2026-02-08,a3986d20c19f33c7c107fw,2026-02-08 15:30:00.000,141,True,232,0,585,2269,58.51,226.9,0.0,True,2.3231,25.71,71.0,1014.0,0,559,30058,15968,2610,0,last,False,relay,False,,,
2026-02-08,a3986d20c19f33c7c107fw,2026-02-08 15:40:00.000,142,True,234,378,1028,2278,102.88,227.81,0.379,True,2.3402,,,,,,,,,,,,,,,,
2026-02-08,a3986d20c19f33c7c107fw,2026-02-08 15:50:00.000,143,True,235,0,585,2269,58.51,226.9,0.0,True,2.35,26.53,66.0,1014.0,0,559,30058,15968,2610,0,last,False,relay,False,,,
2026-02-09,a3986d20c19f33c7c107fw,2026-02-08 16:00:00.000,0,True,1,308,719,2284,71.9,228.4,0.308,True,0.012,,,,,,,,,,,,,,,,
2026-02-09,a3986d20c19f33c7c107fw,2026-02-08 16:10:00.000,1,True,2,231,540,2284,54.1,228.45,0.232,True,0.021,,,,,,,,,,,,,,,,
2026-02-09,a3986d20c19f33c7c107fw,2026-02-08 16:20:00.000,2,True,4,687,1601,2282,160.12,228.22,0.687,True,0.0477,,,,,,,,,,,,,,,,
2026-02-09,a3986d20c19f33c7c107fw,2026-02-08 16:30:00.000,3,True,5,0,585,2290,58.54,229.0,0.0,True,0.0574,25.4,71.0,1014.0,0,559,30058,15968,2610,0,last,False,relay,False,,,
2026-02-09,a3986d20c19f33c7c107fw,2026-02-08 16:40:00.000,4,True,6,0,585,2329,58.54,232.9,0.0,True,0.0672,25.4,71.0,1014.0,0,559,30058,15968,2610,0,last,False,relay,False,,,
2026-02-09,a3986d20c19f33c7c107fw,2026-02-08 16:50:00.000,5,True,9,768,1791,2282,179.11,228.29,0.768,True,0.0971,,,,,,,,,,,,,,,,
2026-02-09,a3986d20c19f33c7c107fw,2026-02-08 17:00:00.000,6,True,12,840,1956,2281,195.7,228.13,0.84,True,0.1297,,,,,,,,,,,,,,,,
2026-02-09,a3986d20c19f33c7c107fw,2026-02-08 17:10:00.000,7,True,14,457,1062,2273,106.26,227.36,0.458,True,0.1474,,,,,,,,,,,,,,,,
2026-02-09,a3986d20c19f33c7c107fw,2026-02-08 17:20:00.000,8,True,16,463,1083,2288,108.31,228.81,0.464,True,0.1654,,,,,,,,,,,,,,,,
2026-02-09,a3986d20c19f33c7c107fw,2026-02-08 17:30:00.000,9,True,18,488,1144,2295,114.49,229.59,0.488,True,0.1845,,,,,,,,,,,,,,,,
2026-02-09,a3986d20c19f33c7c107fw,2026-02-08 17:40:00.000,10,True,20,399,935,2294,93.55,229.4,0.399,True,0.2001,,,,,,,,,,,,,,,,
2026-02-09,a3986d20c19f33c7c107fw,2026-02-08 17:50:00.000,11,True,21,455,1066,2296,106.67,229.61,0.455,True,0.2179,,,,,,,,,,,,,,,,
2026-02-09,a3986d20c19f33c7c107fw,2026-02-08 18:00:00.000,12,True,25,841,1963,2284,196.35,228.47,0.842,True,0.2506,,,,,,,,,,,,,,,,
2026-02-09,a3986d20c19f33c7c107fw,2026-02-08 18:10:00.000,13,True,27,614,1435,2289,143.58,228.93,0.614,True,0.2745,,,,,,,,,,,,,,,,
2026-02-09,a3986d20c19f33c7c107fw,2026-02-08 18:20:00.000,14,True,30,714,1669,2287,166.91,228.77,0.715,True,0.3024,,,,,,,,,,,,,,,,
2026-02-09,a3986d20c19f33c7c107fw,2026-02-08 18:30:00.000,15,True,32,625,1459,2286,145.97,228.65,0.625,True,0.3267,,,,,,,,,,,,,,,,
2026-02-09,a3986d20c19f33c7c107fw,2026-02-08 18:40:00.000,16,True,35,611,1430,2291,143.04,229.16,0.611,True,0.3505,,,,,,,,,,,,,,,,
2026-02-09,a3986d20c19f33c7c107fw,2026-02-08 18:50:00.000,17,True,37,543,1277,2302,127.71,230.23,0.543,True,0.3718,,,,,,,,,,,,,,,,
2026-02-09,a3986d20c19f33c7c107fw,2026-02-08 19:00:00.000,18,True,39,622,1463,2302,146.3,230.21,0.622,True,0.3962,,,,,,,,,,,,,,,,
2026-02-09,a3986d20c19f33c7c107fw,2026-02-08 19:10:00.000,19,True,41,454,1068,2305,106.89,230.52,0.454,True,0.414,,,,,,,,,,,,,,,,
2026-02-09,a3986d20c19f33c7c107fw,2026-02-08 19:20:00.000,20,True,43,454,1068,2303,106.89,230.3,0.455,True,0.4318,,,,,,,,,,,,,,,,
2026-02-09,a3986d20c19f33c7c107fw,2026-02-08 19:30:00.000,21,True,45,610,1434,2302,143.44,230.27,0.61,True,0.4557,,,,,,,,,,,,,,,,
2026-02-09,a3986d20c19f33c7c107fw,2026-02-08 19:40:00.000,22,True,47,451,1062,2305,106.26,230.5,0.451,True,0.4734,,,,,,,,,,,,,,,,
2026-02-09,a3986d20c19f33c7c107fw,2026-02-08 19:50:00.000,23,True,49,450,1059,2300,105.94,230.07,0.451,True,0.4911,,,,,,,,,,,,,,,,
2026-02-09,a3986d20c19f33c7c107fw,2026-02-08 20:00:00.000,24,True,51,529,1248,2307,124.83,230.74,0.53,True,0.5119,,,,,,,,,,,,,,,,
2026-02-09,a3986d20c19f33c7c107fw,2026-02-08 20:10:00.000,25,True,53,531,1248,2301,124.83,230.11,0.531,True,0.5327,,,,,,,,,,,,,,,,
2026-02-09,a3986d20c19f33c7c107fw,2026-02-08 20:20:00.000,26,True,53,151,357,2303,35.72,230.32,0.152,True,0.5387,,,,,,,,,,,,,,,,
2026-02-09,a3986d20c19f33c7c107fw,2026-02-08 20:30:00.000,27,True,54,158,373,2309,37.33,230.9,0.158,True,0.5449,,,,,,,,,,,,,,,,
2026-02-09,a3986d20c19f33c7c107fw,2026-02-08 20:40:00.000,28,True,55,152,359,2304,35.94,230.4,0.153,True,0.5509,,,,,,,,,,,,,,,,
2026-02-09,a3986d20c19f33c7c107fw,2026-02-08 20:50:00.000,29,True,55,231,546,2312,54.61,231.27,0.231,True,0.56,,,,,,,,,,,,,,,,
2026-02-09,a3986d20c19f33c7c107fw,2026-02-08 21:00:00.000,30,True,58,539,1272,2308,127.25,230.82,0.54,True,0.5812,,,,,,,,,,,,,,,,
2026-02-09,a3986d20c19f33c7c107fw,2026-02-08 21:10:00.000,31,True,60,607,1425,2297,142.58,229.7,0.608,True,0.6049,,,,,,,,,,,,,,,,
2026-02-09,a3986d20c19f33c7c107fw,2026-02-08 21:20:00.000,32,True,62,607,1425,2300,142.58,230.05,0.607,True,0.6287,,,,,,,,,,,,,,,,
2026-02-09,a3986d20c19f33c7c107fw,2026-02-08 21:30:00.000,33,True,64,453,1063,2296,106.37,229.67,0.454,True,0.6464,,,,,,,,,,,,,,,,
2026-02-09,a3986d20c19f33c7c107fw,2026-02-08 21:40:00.000,34,True,66,530,1244,2297,124.48,229.74,0.531,True,0.6672,,,,,,,,,,,,,,,,
2026-02-09,a3986d20c19f33c7c107fw,2026-02-08 21:50:00.000,35,True,67,309,728,2305,72.86,230.52,0.31,True,0.6793,,,,,,,,,,,,,,,,
2026-02-09,a3986d20c19f33c7c107fw,2026-02-08 22:00:00.000,36,True,68,231,542,2295,54.21,229.54,0.231,True,0.6884,,,,,,,,,,,,,,,,
2026-02-09,a3986d20c19f33c7c107fw,2026-02-08 22:10:00.000,37,True,69,155,367,2307,36.71,230.78,0.156,True,0.6945,,,,,,,,,,,,,,,,
2026-02-09,a3986d20c19f33c7c107fw,2026-02-08 22:20:00.000,38,True,71,448,1055,2304,105.57,230.42,0.449,True,0.7121,,,,,,,,,,,,,,,,
2026-02-09,a3986d20c19f33c7c107fw,2026-02-08 22:30:00.000,39,True,74,757,1779,2301,177.95,230.1,0.757,True,0.7417,,,,,,,,,,,,,,,,
2026-02-09,a3986d20c19f33c7c107fw,2026-02-08 22:40:00.000,40,True,76,604,1421,2301,142.15,230.18,0.605,True,0.7654,,,,,,,,,,,,,,,,
2026-02-09,a3986d20c19f33c7c107fw,2026-02-08 22:50:00.000,41,True,78,526,1237,2301,123.79,230.17,0.527,True,0.7861,,,,,,,,,,,,,,,,
2026-02-09,a3986d20c19f33c7c107fw,2026-02-08 23:00:00.000,42,True,80,523,1227,2297,122.79,229.74,0.523,True,0.8065,,,,,,,,,,,,,,,,
2026-02-09,a3986d20c19f33c7c107fw,2026-02-08 23:10:00.000,43,True,82,380,893,2301,89.36,230.15,0.38,True,0.8214,,,,,,,,,,,,,,,,
2026-02-09,a3986d20c19f33c7c107fw,2026-02-08 23:20:00.000,44,True,82,156,369,2312,36.92,231.24,0.156,True,0.8276,,,,,,,,,,,,,,,,
2026-02-09,a3986d20c19f33c7c107fw,2026-02-08 23:30:00.000,45,True,83,79,186,2301,18.66,230.1,0.079,True,0.8307,,,,,,,,,,,,,,,,
2026-02-09,a3986d20c19f33c7c107fw,2026-02-08 23:40:00.000,46,True,84,0,585,2300,58.54,230.01,0.0,True,0.8404,,,,,,,,,,,,,,,,
2026-02-09,a3986d20c19f33c7c107fw,2026-02-08 23:50:00.000,47,True,85,0,585,2297,58.54,229.73,0.0,True,0.8502,,,,,,,,,,,,,,,,
2026-02-09,a3986d20c19f33c7c107fw,2026-02-09 00:00:00.000,48,True,85,231,541,2293,54.14,229.38,0.231,True,0.8592,,,,,,,,,,,,,,,,
2026-02-09,a3986d20c19f33c7c107fw,2026-02-09 00:10:00.000,49,True,88,691,1625,2302,162.58,230.29,0.691,True,0.8863,,,,,,,,,,,,,,,,
2026-02-09,a3986d20c19f33c7c107fw,2026-02-09 00:20:00.000,50,True,91,616,1449,2304,144.95,230.45,0.616,True,0.9105,,,,,,,,,,,,,,,,
2026-02-09,a3986d20c19f33c7c107fw,2026-02-09 00:30:00.000,51,True,93,539,1271,2307,127.11,230.76,0.539,True,0.9317,,,,,,,,,,,,,,,,
2026-02-09,a3986d20c19f33c7c107fw,2026-02-09 00:40:00.000,52,True,93,76,181,2307,18.12,230.72,0.077,True,0.9347,,,,,,,,,,,,,,,,
2026-02-09,a3986d20c19f33c7c107fw,2026-02-09 00:50:00.000,53,True,94,154,364,2317,36.48,231.74,0.154,True,0.9408,,,,,,,,,,,,,,,,
2026-02-09,a3986d20c19f33c7c107fw,2026-02-09 01:00:00.000,54,True,94,153,362,2304,36.23,230.49,0.154,True,0.9468,,,,,,,,,,,,,,,,
2026-02-09,a3986d20c19f33c7c107fw,2026-02-09 01:10:00.000,55,True,95,147,347,2308,34.73,230.82,0.147,True,0.9526,,,,,,,,,,,,,,,,
2026-02-09,a3986d20c19f33c7c107fw,2026-02-09 01:20:00.000,56,True,97,452,1070,2315,107.04,231.55,0.453,True,0.9704,,,,,,,,,,,,,,,,
2026-02-09,a3986d20c19f33c7c107fw,2026-02-09 01:30:00.000,57,True,99,606,1433,2315,143.4,231.5,0.607,True,0.9943,,,,,,,,,,,,,,,,
2026-02-09,a3986d20c19f33c7c107fw,2026-02-09 01:40:00.000,58,True,101,463,1089,2301,108.99,230.16,0.464,True,1.0125,,,,,,,,,,,,,,,,
2026-02-09,a3986d20c19f33c7c107fw,2026-02-09 01:50:00.000,59,True,102,310,730,2302,73.06,230.24,0.311,True,1.0247,,,,,,,,,,,,,,,,
2026-02-09,a3986d20c19f33c7c107fw,2026-02-09 02:00:00.000,60,True,103,153,359,2297,35.9,229.7,0.153,True,1.0306,,,,,,,,,,,,,,,,
2026-02-09,a3986d20c19f33c7c107fw,2026-02-09 02:10:00.000,61,True,104,312,730,2287,73.07,228.76,0.313,True,1.0428,,,,,,,,,,,,,,,,
2026-02-09,a3986d20c19f33c7c107fw,2026-02-09 02:20:00.000,62,True,104,149,349,2296,35.0,229.62,0.149,True,1.0487,,,,,,,,,,,,,,,,
2026-02-09,a3986d20c19f33c7c107fw,2026-02-09 02:30:00.000,63,True,106,542,1264,2282,126.4,228.26,0.542,True,1.0697,,,,,,,,,,,,,,,,
2026-02-09,a3986d20c19f33c7c107fw,2026-02-09 02:40:00.000,64,True,108,458,1069,2286,106.99,228.6,0.458,True,1.0876,,,,,,,,,,,,,,,,
2026-02-09,a3986d20c19f33c7c107fw,2026-02-09 02:50:00.000,65,True,110,536,1253,2290,125.39,229.03,0.536,True,1.1085,,,,,,,,,,,,,,,,
2026-02-09,a3986d20c19f33c7c107fw,2026-02-09 03:00:00.000,66,True,112,528,1235,2291,123.56,229.1,0.528,True,1.129,,,,,,,,,,,,,,,,
2026-02-09,a3986d20c19f33c7c107fw,2026-02-09 03:10:00.000,67,True,115,604,1410,2286,141.06,228.66,0.604,True,1.1526,,,,,,,,,,,,,,,,
2026-02-09,a3986d20c19f33c7c107fw,2026-02-09 03:20:00.000,68,True,117,594,1395,2300,139.55,230.09,0.594,True,1.1758,,,,,,,,,,,,,,,,
2026-02-09,a3986d20c19f33c7c107fw,2026-02-09 03:30:00.000,69,True,118,288,678,2300,67.83,230.0,0.289,True,1.1871,,,,,,,,,,,,,,,,
2026-02-09,a3986d20c19f33c7c107fw,2026-02-09 03:40:00.000,70,True,119,287,676,2304,67.62,230.42,0.287,True,1.1984,,,,,,,,,,,,,,,,
2026-02-09,a3986d20c19f33c7c107fw,2026-02-09 03:50:00.000,71,False,119,0,0,2310,0.0,231.03,0.0,False,1.1984,,,,,,,,,,,,,,,,
2026-02-09,a3986d20c19f33c7c107fw,2026-02-09 04:00:00.000,72,True,120,75,177,2315,17.74,231.52,0.075,True,1.2013,,,,,,,,,,,,,,,,
2026-02-09,a3986d20c19f33c7c107fw,2026-02-09 04:10:00.000,73,True,121,333,777,2282,77.8,228.22,0.334,True,1.2143,,,,,,,,,,,,,,,,
2026-02-09,a3986d20c19f33c7c107fw,2026-02-09 04:20:00.000,74,True,122,229,538,2293,53.82,229.38,0.23,True,1.2233,,,,,,,,,,,,,,,,
2026-02-09,a3986d20c19f33c7c107fw,2026-02-09 04:30:00.000,75,True,123,231,538,2276,53.82,227.65,0.232,True,1.2323,,,,,,,,,,,,,,,,
2026-02-09,a3986d20c19f33c7c107fw,2026-02-09 04:40:00.000,76,True,124,306,708,2266,70.9,226.6,0.306,True,1.2441,,,,,,,,,,,,,,,,
2026-02-09,a3986d20c19f33c7c107fw,2026-02-09 04:50:00.000,77,True,125,403,940,2282,94.05,228.22,0.404,True,1.2597,,,,,,,,,,,,,,,,
2026-02-09,a3986d20c19f33c7c107fw,2026-02-09 05:00:00.000,78,True,127,403,940,2282,94.05,228.22,0.404,True,1.2754,,,,,,,,,,,,,,,,
2026-02-09,a3986d20c19f33c7c107fw,2026-02-09 05:10:00.000,79,True,129,394,917,2278,91.72,227.8,0.394,True,1.2907,,,,,,,,,,,,,,,,
2026-02-09,a3986d20c19f33c7c107fw,2026-02-09 05:20:00.000,80,False,129,0,0,2279,0.0,227.93,0.0,False,1.2907,,,,,,,,,,,,,,,,
2026-02-09,a3986d20c19f33c7c107fw,2026-02-09 05:30:00.000,81,False,129,0,0,2279,0.0,227.93,0.0,False,1.2907,,,,,,,,,,,,,,,,
2026-02-09,a3986d20c19f33c7c107fw,2026-02-09 05:40:00.000,82,False,129,0,0,2295,0.0,229.57,0.0,False,1.2907,,,,,,,,,,,,,,,,
2026-02-09,a3986d20c19f33c7c107fw,2026-02-09 05:50:00.000,83,True,130,387,903,2285,90.39,228.54,0.387,True,1.3058,,,,,,,,,,,,,,,,
2026-02-09,a3986d20c19f33c7c107fw,2026-02-09 06:00:00.000,84,True,131,318,738,2267,73.82,226.78,0.319,True,1.3181,,,,,,,,,,,,,,,,
2026-02-09,a3986d20c19f33c7c107fw,2026-02-09 06:10:00.000,85,True,133,320,745,2281,74.54,228.12,0.32,True,1.3305,,,,,,,,,,,,,,,,
2026-02-09,a3986d20c19f33c7c107fw,2026-02-09 06:20:00.000,86,True,134,318,740,2277,74.09,227.7,0.319,True,1.3428,,,,,,,,,,,,,,,,
2026-02-09,a3986d20c19f33c7c107fw,2026-02-09 06:30:00.000,87,True,135,232,539,2275,53.99,227.54,0.232,True,1.3518,,,,,,,,,,,,,,,,
2026-02-09,a3986d20c19f33c7c107fw,2026-02-09 06:40:00.000,88,True,137,467,1090,2287,109.07,228.7,0.467,True,1.37,,,,,,,,,,,,,,,,
2026-02-09,a3986d20c19f33c7c107fw,2026-02-09 06:50:00.000,89,True,139,613,1429,2281,142.91,228.1,0.614,True,1.3938,,,,,,,,,,,,,,,,
2026-02-09,a3986d20c19f33c7c107fw,2026-02-09 07:00:00.000,90,True,140,312,727,2284,72.78,228.43,0.312,True,1.406,,,,,,,,,,,,,,,,
2026-02-09,a3986d20c19f33c7c107fw,2026-02-09 07:10:00.000,91,True,141,313,732,2289,73.21,228.9,0.313,True,1.4182,,,,,,,,,,,,,,,,
2026-02-09,a3986d20c19f33c7c107fw,2026-02-09 07:20:00.000,92,True,143,380,883,2276,88.33,227.64,0.38,True,1.4329,,,,,,,,,,,,,,,,
2026-02-09,a3986d20c19f33c7c107fw,2026-02-09 07:30:00.000,93,True,144,301,702,2280,70.22,228.05,0.302,True,1.4446,,,,,,,,,,,,,,,,
2026-02-09,a3986d20c19f33c7c107fw,2026-02-09 07:40:00.000,94,True,145,301,702,2283,70.24,228.3,0.301,True,1.4563,,,,,,,,,,,,,,,,
2026-02-09,a3986d20c19f33c7c107fw,2026-02-09 07:50:00.000,95,True,147,379,884,2281,88.44,228.19,0.38,True,1.471,,,,,,,,,,,,,,,,
2026-02-09,a3986d20c19f33c7c107fw,2026-02-09 08:00:00.000,96,True,148,378,882,2284,88.22,228.49,0.378,True,1.4858,,,,,,,,,,,,,,,,
2026-02-09,a3986d20c19f33c7c107fw,2026-02-09 08:10:00.000,97,True,150,451,1056,2293,105.65,229.31,0.451,True,1.5034,,,,,,,,,,,,,,,,
2026-02-09,a3986d20c19f33c7c107fw,2026-02-09 08:20:00.000,98,True,151,376,883,2299,88.39,229.9,0.377,True,1.5181,,,,,,,,,,,,,,,,
2026-02-09,a3986d20c19f33c7c107fw,2026-02-09 08:30:00.000,99,True,153,381,896,2300,89.64,230.0,0.382,True,1.533,,,,,,,,,,,,,,,,
2026-02-09,a3986d20c19f33c7c107fw,2026-02-09 08:40:00.000,100,True,154,230,543,2306,54.3,230.66,0.231,True,1.5421,,,,,,,,,,,,,,,,
2026-02-09,a3986d20c19f33c7c107fw,2026-02-09 08:50:00.000,101,True,155,304,717,2304,71.77,230.48,0.305,True,1.554,,,,,,,,,,,,,,,,
2026-02-09,a3986d20c19f33c7c107fw,2026-02-09 09:00:00.000,102,True,156,152,358,2303,35.81,230.36,0.152,True,1.56,,,,,,,,,,,,,,,,
2026-02-09,a3986d20c19f33c7c107fw,2026-02-09 09:10:00.000,103,True,156,152,358,2304,35.81,230.41,0.152,True,1.566,,,,,,,,,,,,,,,,
2026-02-09,a3986d20c19f33c7c107fw,2026-02-09 09:20:00.000,104,True,158,458,1081,2309,108.15,230.97,0.459,True,1.584,,,,,,,,,,,,,,,,
2026-02-09,a3986d20c19f33c7c107fw,2026-02-09 09:30:00.000,105,True,159,232,546,2305,54.64,230.57,0.232,True,1.5931,,,,,,,,,,,,,,,,
2026-02-09,a3986d20c19f33c7c107fw,2026-02-09 09:40:00.000,106,True,160,232,546,2306,54.64,230.63,0.232,True,1.6022,,,,,,,,,,,,,,,,
2026-02-09,a3986d20c19f33c7c107fw,2026-02-09 09:50:00.000,107,True,162,464,1092,2303,109.26,230.35,0.465,True,1.6204,,,,,,,,,,,,,,,,
2026-02-09,a3986d20c19f33c7c107fw,2026-02-09 10:00:00.000,108,True,163,311,733,2307,73.31,230.7,0.311,True,1.6326,,,,,,,,,,,,,,,,
2026-02-09,a3986d20c19f33c7c107fw,2026-02-09 10:10:00.000,109,True,164,233,548,2304,54.86,230.4,0.233,True,1.6418,,,,,,,,,,,,,,,,
2026-02-09,a3986d20c19f33c7c107fw,2026-02-09 10:20:00.000,110,True,164,155,365,2302,36.56,230.27,0.155,True,1.6479,,,,,,,,,,,,,,,,
2026-02-09,a3986d20c19f33c7c107fw,2026-02-09 10:30:00.000,111,True,165,0,585,2303,58.54,230.33,0.0,True,1.6576,,,,,,,,,,,,,,,,
2026-02-09,a3986d20c19f33c7c107fw,2026-02-09 10:40:00.000,112,True,166,75,176,2302,17.65,230.2,0.075,True,1.6606,,,,,,,,,,,,,,,,
2026-02-09,a3986d20c19f33c7c107fw,2026-02-09 10:50:00.000,113,True,166,155,365,2303,36.51,230.32,0.155,True,1.6667,,,,,,,,,,,,,,,,
2026-02-09,a3986d20c19f33c7c107fw,2026-02-09 11:00:00.000,114,False,166,0,0,2304,0.0,230.47,0.0,False,1.6667,,,,,,,,,,,,,,,,
2026-02-09,a3986d20c19f33c7c107fw,2026-02-09 11:10:00.000,115,True,167,235,552,2300,55.22,230.0,0.235,True,1.6759,,,,,,,,,,,,,,,,
2026-02-09,a3986d20c19f33c7c107fw,2026-02-09 11:20:00.000,116,True,169,389,916,2302,91.61,230.22,0.39,True,1.6911,,,,,,,,,,,,,,,,
2026-02-09,a3986d20c19f33c7c107fw,2026-02-09 11:30:00.000,117,True,170,392,922,2301,92.21,230.13,0.392,True,1.7065,,,,,,,,,,,,,,,,
2026-02-09,a3986d20c19f33c7c107fw,2026-02-09 11:40:00.000,118,True,171,315,740,2298,74.0,229.84,0.315,True,1.7188,,,,,,,,,,,,,,,,
2026-02-09,a3986d20c19f33c7c107fw,2026-02-09 11:50:00.000,119,True,172,152,359,2311,35.98,231.12,0.152,True,1.7248,,,,,,,,,,,,,,,,
2026-02-09,a3986d20c19f33c7c107fw,2026-02-09 12:00:00.000,120,True,172,73,171,2306,17.19,230.64,0.073,True,1.7277,,,,,,,,,,,,,,,,
2026-02-09,a3986d20c19f33c7c107fw,2026-02-09 12:10:00.000,121,True,173,76,179,2301,17.91,230.18,0.076,True,1.7307,,,,,,,,,,,,,,,,
2026-02-09,a3986d20c19f33c7c107fw,2026-02-09 12:20:00.000,122,True,173,154,363,2306,36.33,230.63,0.154,True,1.7367,,,,,,,,,,,,,,,,
2026-02-09,a3986d20c19f33c7c107fw,2026-02-09 12:30:00.000,123,True,174,154,363,2306,36.33,230.63,0.154,True,1.7428,,,,,,,,,,,,,,,,
2026-02-09,a3986d20c19f33c7c107fw,2026-02-09 12:40:00.000,124,True,176,468,1096,2293,109.64,229.34,0.468,True,1.7611,,,,,,,,,,,,,,,,
2026-02-09,a3986d20c19f33c7c107fw,2026-02-09 12:50:00.000,125,True,178,545,1275,2287,127.5,228.73,0.546,True,1.7823,,,,,,,,,,,,,,,,
2026-02-09,a3986d20c19f33c7c107fw,2026-02-09 13:00:00.000,126,True,180,465,1086,2288,108.67,228.86,0.465,True,1.8004,,,,,,,,,,,,,,,,
2026-02-09,a3986d20c19f33c7c107fw,2026-02-09 13:10:00.000,127,True,181,465,1086,2288,108.67,228.86,0.465,True,1.8185,,,,,,,,,,,,,,,,
2026-02-09,a3986d20c19f33c7c107fw,2026-02-09 13:20:00.000,128,True,183,301,703,2280,70.31,228.09,0.302,True,1.8303,,,,,,,,,,,,,,,,
2026-02-09,a3986d20c19f33c7c107fw,2026-02-09 13:30:00.000,129,True,183,227,527,2274,52.72,227.47,0.227,True,1.839,,,,,,,,,,,,,,,,
2026-02-09,a3986d20c19f33c7c107fw,2026-02-09 13:40:00.000,130,True,184,72,168,2273,16.81,227.37,0.072,True,1.8419,,,,,,,,,,,,,,,,
2026-02-09,a3986d20c19f33c7c107fw,2026-02-09 13:50:00.000,131,True,184,72,168,2273,16.81,227.37,0.072,True,1.8447,,,,,,,,,,,,,,,,
2026-02-09,a3986d20c19f33c7c107fw,2026-02-09 14:00:00.000,132,True,185,303,702,2270,70.26,227.03,0.303,True,1.8564,,,,,,,,,,,,,,,,
2026-02-09,a3986d20c19f33c7c107fw,2026-02-09 14:10:00.000,133,True,186,316,731,2266,73.17,226.64,0.316,True,1.8686,,,,,,,,,,,,,,,,
2026-02-09,a3986d20c19f33c7c107fw,2026-02-09 14:20:00.000,134,True,188,316,731,2266,73.17,226.64,0.316,True,1.8808,,,,,,,,,,,,,,,,
2026-02-09,a3986d20c19f33c7c107fw,2026-02-09 14:30:00.000,135,True,189,392,909,2268,90.97,226.83,0.393,True,1.8959,,,,,,,,,,,,,,,,
2026-02-09,a3986d20c19f33c7c107fw,2026-02-09 14:40:00.000,136,True,191,388,900,2268,90.03,226.87,0.389,True,1.9109,,,,,,,,,,,,,,,,
2026-02-09,a3986d20c19f33c7c107fw,2026-02-09 14:50:00.000,137,True,192,308,715,2269,71.53,226.95,0.309,True,1.9228,,,,,,,,,,,,,,,,
2026-02-09,a3986d20c19f33c7c107fw,2026-02-09 15:00:00.000,138,True,193,302,704,2282,70.41,228.2,0.302,True,1.9346,,,,,,,,,,,,,,,,
2026-02-09,a3986d20c19f33c7c107fw,2026-02-09 15:10:00.000,139,True,194,381,888,2279,88.9,227.94,0.382,True,1.9494,,,,,,,,,,,,,,,,
2026-02-09,a3986d20c19f33c7c107fw,2026-02-09 15:20:00.000,140,True,196,385,896,2279,89.62,227.9,0.385,True,1.9643,,,,,,,,,,,,,,,,
2026-02-09,a3986d20c19f33c7c107fw,2026-02-09 15:30:00.000,141,True,197,383,892,2279,89.25,227.97,0.383,True,1.9792,,,,,,,,,,,,,,,,
2026-02-09,a3986d20c19f33c7c107fw,2026-02-09 15:40:00.000,142,True,199,378,881,2278,88.13,227.81,0.379,True,1.9939,,,,,,,,,,,,,,,,
2026-02-09,a3986d20c19f33c7c107fw,2026-02-09 15:50:00.000,143,True,200,157,366,2284,36.64,228.48,0.157,True,2.0,,,,,,,,,,,,,,,,
2026-02-10,a3986d20c19f33c7c107fw,2026-02-09 16:00:00.000,0,True,1,308,701,2284,70.16,228.4,0.308,True,0.0117,,,,,,,,,,,,,,,,
2026-02-10,a3986d20c19f33c7c107fw,2026-02-09 16:10:00.000,1,True,2,231,527,2284,52.78,228.45,0.232,True,0.0205,,,,,,,,,,,,,,,,
2026-02-10,a3986d20c19f33c7c107fw,2026-02-09 16:20:00.000,2,True,4,687,1562,2282,156.23,228.22,0.687,True,0.0465,,,,,,,,,,,,,,,,
2026-02-10,a3986d20c19f33c7c107fw,2026-02-09 16:30:00.000,3,True,6,380,862,2271,86.23,227.19,0.381,True,0.0609,,,,,,,,,,,,,,,,
2026-02-10,a3986d20c19f33c7c107fw,2026-02-09 16:40:00.000,4,True,9,849,1934,2287,193.5,228.73,0.849,True,0.0931,,,,,,,,,,,,,,,,
2026-02-10,a3986d20c19f33c7c107fw,2026-02-09 16:50:00.000,5,True,12,768,1747,2282,174.76,228.29,0.768,True,0.1223,,,,,,,,,,,,,,,,
2026-02-10,a3986d20c19f33c7c107fw,2026-02-09 17:00:00.000,6,True,15,840,1909,2281,190.95,228.13,0.84,True,0.1541,,,,,,,,,,,,,,,,
2026-02-10,a3986d20c19f33c7c107fw,2026-02-09 17:10:00.000,7,True,17,457,1036,2273,103.68,227.36,0.458,True,0.1714,,,,,,,,,,,,,,,,
2026-02-10,a3986d20c19f33c7c107fw,2026-02-09 17:20:00.000,8,True,18,463,1056,2288,105.68,228.81,0.464,True,0.189,,,,,,,,,,,,,,,,
2026-02-10,a3986d20c19f33c7c107fw,2026-02-09 17:30:00.000,9,True,20,488,1117,2295,111.71,229.59,0.488,True,0.2076,,,,,,,,,,,,,,,,
2026-02-10,a3986d20c19f33c7c107fw,2026-02-09 17:40:00.000,10,True,22,399,912,2294,91.28,229.4,0.399,True,0.2228,,,,,,,,,,,,,,,,
2026-02-10,a3986d20c19f33c7c107fw,2026-02-09 17:50:00.000,11,True,24,455,1040,2296,104.08,229.61,0.455,True,0.2402,,,,,,,,,,,,,,,,
2026-02-10,a3986d20c19f33c7c107fw,2026-02-09 18:00:00.000,12,True,27,841,1915,2284,191.59,228.47,0.842,True,0.2721,,,,,,,,,,,,,,,,
2026-02-10,a3986d20c19f33c7c107fw,2026-02-09 18:10:00.000,13,True,29,614,1400,2289,140.09,228.93,0.614,True,0.2955,,,,,,,,,,,,,,,,
2026-02-10,a3986d20c19f33c7c107fw,2026-02-09 18:20:00.000,14,True,32,714,1628,2287,162.85,228.77,0.715,True,0.3226,,,,,,,,,,,,,,,,
2026-02-10,a3986d20c19f33c7c107fw,2026-02-09 18:30:00.000,15,True,34,625,1424,2286,142.42,228.65,0.625,True,0.3463,,,,,,,,,,,,,,,,
2026-02-10,a3986d20c19f33c7c107fw,2026-02-09 18:40:00.000,16,True,36,611,1395,2291,139.57,229.16,0.611,True,0.3696,,,,,,,,,,,,,,,,
2026-02-10,a3986d20c19f33c7c107fw,2026-02-09 18:50:00.000,17,True,39,543,1246,2302,124.61,230.23,0.543,True,0.3904,,,,,,,,,,,,,,,,
2026-02-10,a3986d20c19f33c7c107fw,2026-02-09 19:00:00.000,18,True,41,622,1427,2302,142.75,230.21,0.622,True,0.4142,,,,,,,,,,,,,,,,
2026-02-10,a3986d20c19f33c7c107fw,2026-02-09 19:10:00.000,19,True,43,454,1042,2305,104.3,230.52,0.454,True,0.4315,,,,,,,,,,,,,,,,
2026-02-10,a3986d20c19f33c7c107fw,2026-02-09 19:20:00.000,20,True,44,454,1042,2303,104.3,230.3,0.455,True,0.4489,,,,,,,,,,,,,,,,
2026-02-10,a3986d20c19f33c7c107fw,2026-02-09 19:30:00.000,21,True,47,610,1399,2302,139.96,230.27,0.61,True,0.4722,,,,,,,,,,,,,,,,
2026-02-10,a3986d20c19f33c7c107fw,2026-02-09 19:40:00.000,22,True,48,451,1036,2305,103.68,230.5,0.451,True,0.4895,,,,,,,,,,,,,,,,
2026-02-10,a3986d20c19f33c7c107fw,2026-02-09 19:50:00.000,23,True,50,450,1033,2300,103.37,230.07,0.451,True,0.5068,,,,,,,,,,,,,,,,
2026-02-10,a3986d20c19f33c7c107fw,2026-02-09 20:00:00.000,24,True,52,529,1217,2307,121.79,230.74,0.53,True,0.5271,,,,,,,,,,,,,,,,
2026-02-10,a3986d20c19f33c7c107fw,2026-02-09 20:10:00.000,25,True,54,531,1217,2301,121.79,230.11,0.531,True,0.5474,,,,,,,,,,,,,,,,
2026-02-10,a3986d20c19f33c7c107fw,2026-02-09 20:20:00.000,26,True,55,151,348,2303,34.85,230.32,0.152,True,0.5532,,,,,,,,,,,,,,,,
2026-02-10,a3986d20c19f33c7c107fw,2026-02-09 20:30:00.000,27,True,55,158,364,2309,36.42,230.9,0.158,True,0.5592,,,,,,,,,,,,,,,,
2026-02-10,a3986d20c19f33c7c107fw,2026-02-09 20:40:00.000,28,True,56,152,350,2304,35.07,230.4,0.153,True,0.5651,,,,,,,,,,,,,,,,
2026-02-10,a3986d20c19f33c7c107fw,2026-02-09 20:50:00.000,29,True,57,231,532,2312,53.28,231.27,0.231,True,0.574,,,,,,,,,,,,,,,,
2026-02-10,a3986d20c19f33c7c107fw,2026-02-09 21:00:00.000,30,True,59,539,1241,2308,124.16,230.82,0.54,True,0.5946,,,,,,,,,,,,,,,,
2026-02-10,a3986d20c19f33c7c107fw,2026-02-09 21:10:00.000,31,True,61,607,1391,2297,139.11,229.7,0.608,True,0.6178,,,,,,,,,,,,,,,,
2026-02-10,a3986d20c19f33c7c107fw,2026-02-09 21:20:00.000,32,True,64,607,1391,2300,139.11,230.05,0.607,True,0.641,,,,,,,,,,,,,,,,
2026-02-10,a3986d20c19f33c7c107fw,2026-02-09 21:30:00.000,33,True,65,453,1037,2296,103.79,229.67,0.454,True,0.6583,,,,,,,,,,,,,,,,
2026-02-10,a3986d20c19f33c7c107fw,2026-02-09 21:40:00.000,34,True,67,530,1214,2297,121.45,229.74,0.531,True,0.6786,,,,,,,,,,,,,,,,
2026-02-10,a3986d20c19f33c7c107fw,2026-02-09 21:50:00.000,35,True,69,309,710,2305,71.09,230.52,0.31,True,0.6904,,,,,,,,,,,,,,,,
2026-02-10,a3986d20c19f33c7c107fw,2026-02-09 22:00:00.000,36,True,69,231,528,2295,52.9,229.54,0.231,True,0.6992,,,,,,,,,,,,,,,,
2026-02-10,a3986d20c19f33c7c107fw,2026-02-09 22:10:00.000,37,True,70,155,358,2307,35.83,230.78,0.156,True,0.7052,,,,,,,,,,,,,,,,
2026-02-10,a3986d20c19f33c7c107fw,2026-02-09 22:20:00.000,38,True,72,448,1030,2304,103.01,230.42,0.449,True,0.7224,,,,,,,,,,,,,,,,
2026-02-10,a3986d20c19f33c7c107fw,2026-02-09 22:30:00.000,39,True,75,757,1736,2301,173.63,230.1,0.757,True,0.7513,,,,,,,,,,,,,,,,
2026-02-10,a3986d20c19f33c7c107fw,2026-02-09 22:40:00.000,40,True,77,604,1386,2301,138.7,230.18,0.605,True,0.7744,,,,,,,,,,,,,,,,
2026-02-10,a3986d20c19f33c7c107fw,2026-02-09 22:50:00.000,41,True,79,526,1207,2301,120.78,230.17,0.527,True,0.7945,,,,,,,,,,,,,,,,
2026-02-10,a3986d20c19f33c7c107fw,2026-02-09 23:00:00.000,42,True,81,523,1198,2297,119.8,229.74,0.523,True,0.8145,,,,,,,,,,,,,,,,
2026-02-10,a3986d20c19f33c7c107fw,2026-02-09 23:10:00.000,43,True,82,380,871,2301,87.19,230.15,0.38,True,0.829,,,,,,,,,,,,,,,,
2026-02-10,a3986d20c19f33c7c107fw,2026-02-09 23:20:00.000,44,True,83,156,360,2312,36.02,231.24,0.156,True,0.835,,,,,,,,,,,,,,,,
2026-02-10,a3986d20c19f33c7c107fw,2026-02-09 23:30:00.000,45,True,83,79,182,2301,18.21,230.1,0.079,True,0.8381,,,,,,,,,,,,,,,,
2026-02-10,a3986d20c19f33c7c107fw,2026-02-09 23:40:00.000,46,True,84,0,591,2300,59.1,230.01,0.0,True,0.8479,,,,,,,,,,,,,,,,
2026-02-10,a3986d20c19f33c7c107fw,2026-02-09 23:50:00.000,47,True,85,0,591,2297,59.1,229.73,0.0,True,0.8578,,,,,,,,,,,,,,,,
2026-02-10,a3986d20c19f33c7c107fw,2026-02-10 00:00:00.000,48,True,86,231,528,2293,52.82,229.38,0.231,True,0.8666,,,,,,,,,,,,,,,,
2026-02-10,a3986d20c19f33c7c107fw,2026-02-10 00:10:00.000,49,True,89,691,1586,2302,158.63,230.29,0.691,True,0.893,,,,,,,,,,,,,,,,
2026-02-10,a3986d20c19f33c7c107fw,2026-02-10 00:20:00.000,50,True,91,616,1414,2304,141.43,230.45,0.616,True,0.9166,,,,,,,,,,,,,,,,
2026-02-10,a3986d20c19f33c7c107fw,2026-02-10 00:30:00.000,51,True,93,539,1240,2307,124.02,230.76,0.539,True,0.9373,,,,,,,,,,,,,,,,
2026-02-10,a3986d20c19f33c7c107fw,2026-02-10 00:40:00.000,52,True,94,76,176,2307,17.67,230.72,0.077,True,0.9402,,,,,,,,,,,,,,,,
2026-02-10,a3986d20c19f33c7c107fw,2026-02-10 00:50:00.000,53,True,94,154,355,2317,35.59,231.74,0.154,True,0.9461,,,,,,,,,,,,,,,,
2026-02-10,a3986d20c19f33c7c107fw,2026-02-10 01:00:00.000,54,True,95,153,353,2304,35.35,230.49,0.154,True,0.952,,,,,,,,,,,,,,,,
2026-02-10,a3986d20c19f33c7c107fw,2026-02-10 01:10:00.000,55,True,95,147,338,2308,33.9,230.82,0.147,True,0.9577,,,,,,,,,,,,,,,,
2026-02-10,a3986d20c19f33c7c107fw,2026-02-10 01:20:00.000,56,True,97,452,1044,2315,104.45,231.55,0.453,True,0.9751,,,,,,,,,,,,,,,,
2026-02-10,a3986d20c19f33c7c107fw,2026-02-10 01:30:00.000,57,True,99,606,1399,2315,139.91,231.5,0.607,True,0.9984,,,,,,,,,,,,,,,,
2026-02-10,a3986d20c19f33c7c107fw,2026-02-10 01:40:00.000,58,True,101,463,1063,2301,106.34,230.16,0.464,True,1.0161,,,,,,,,,,,,,,,,
2026-02-10,a3986d20c19f33c7c107fw,2026-02-10 01:50:00.000,59,True,102,310,712,2302,71.29,230.24,0.311,True,1.028,,,,,,,,,,,,,,,,
2026-02-10,a3986d20c19f33c7c107fw,2026-02-10 02:00:00.000,60,True,103,153,350,2297,35.03,229.7,0.153,True,1.0339,,,,,,,,,,,,,,,,
2026-02-10,a3986d20c19f33c7c107fw,2026-02-10 02:10:00.000,61,True,104,312,712,2287,71.3,228.76,0.313,True,1.0457,,,,,,,,,,,,,,,,
2026-02-10,a3986d20c19f33c7c107fw,2026-02-10 02:20:00.000,62,True,105,149,341,2296,34.14,229.62,0.149,True,1.0514,,,,,,,,,,,,,,,,
2026-02-10,a3986d20c19f33c7c107fw,2026-02-10 02:30:00.000,63,True,107,542,1233,2282,123.33,228.26,0.542,True,1.072,,,,,,,,,,,,,,,,
2026-02-10,a3986d20c19f33c7c107fw,2026-02-10 02:40:00.000,64,True,108,458,1043,2286,104.39,228.6,0.458,True,1.0894,,,,,,,,,,,,,,,,
2026-02-10,a3986d20c19f33c7c107fw,2026-02-10 02:50:00.000,65,True,110,536,1223,2290,122.34,229.03,0.536,True,1.1098,,,,,,,,,,,,,,,,
2026-02-10,a3986d20c19f33c7c107fw,2026-02-10 03:00:00.000,66,True,112,528,1205,2291,120.56,229.1,0.528,True,1.1299,,,,,,,,,,,,,,,,
2026-02-10,a3986d20c19f33c7c107fw,2026-02-10 03:10:00.000,67,True,115,604,1376,2286,137.63,228.66,0.604,True,1.1528,,,,,,,,,,,,,,,,
2026-02-10,a3986d20c19f33c7c107fw,2026-02-10 03:20:00.000,68,True,117,594,1361,2300,136.17,230.09,0.594,True,1.1755,,,,,,,,,,,,,,,,
2026-02-10,a3986d20c19f33c7c107fw,2026-02-10 03:30:00.000,69,True,118,288,661,2300,66.19,230.0,0.289,True,1.1865,,,,,,,,,,,,,,,,
2026-02-10,a3986d20c19f33c7c107fw,2026-02-10 03:40:00.000,70,True,119,287,659,2304,65.98,230.42,0.287,True,1.1975,,,,,,,,,,,,,,,,
2026-02-10,a3986d20c19f33c7c107fw,2026-02-10 03:50:00.000,71,False,119,0,0,2310,0.0,231.03,0.0,False,1.1975,,,,,,,,,,,,,,,,
2026-02-10,a3986d20c19f33c7c107fw,2026-02-10 04:00:00.000,72,True,120,75,173,2315,17.31,231.52,0.075,True,1.2004,,,,,,,,,,,,,,,,
2026-02-10,a3986d20c19f33c7c107fw,2026-02-10 04:10:00.000,73,True,121,333,758,2282,75.9,228.22,0.334,True,1.2131,,,,,,,,,,,,,,,,
2026-02-10,a3986d20c19f33c7c107fw,2026-02-10 04:20:00.000,74,True,122,229,525,2293,52.52,229.38,0.23,True,1.2218,,,,,,,,,,,,,,,,
2026-02-10,a3986d20c19f33c7c107fw,2026-02-10 04:30:00.000,75,True,123,231,525,2276,52.52,227.65,0.232,True,1.2306,,,,,,,,,,,,,,,,
2026-02-10,a3986d20c19f33c7c107fw,2026-02-10 04:40:00.000,76,True,124,306,691,2266,69.18,226.6,0.306,True,1.2421,,,,,,,,,,,,,,,,
2026-02-10,a3986d20c19f33c7c107fw,2026-02-10 04:50:00.000,77,True,125,403,917,2282,91.76,228.22,0.404,True,1.2574,,,,,,,,,,,,,,,,
2026-02-10,a3986d20c19f33c7c107fw,2026-02-10 05:00:00.000,78,True,127,403,917,2282,91.76,228.22,0.404,True,1.2727,,,,,,,,,,,,,,,,
2026-02-10,a3986d20c19f33c7c107fw,2026-02-10 05:10:00.000,79,True,128,394,894,2278,89.49,227.8,0.394,True,1.2876,,,,,,,,,,,,,,,,
2026-02-10,a3986d20c19f33c7c107fw,2026-02-10 05:20:00.000,80,False,128,0,0,2279,0.0,227.93,0.0,False,1.2876,,,,,,,,,,,,,,,,
2026-02-10,a3986d20c19f33c7c107fw,2026-02-10 05:30:00.000,81,False,128,0,0,2279,0.0,227.93,0.0,False,1.2876,,,,,,,,,,,,,,,,
2026-02-10,a3986d20c19f33c7c107fw,2026-02-10 05:40:00.000,82,False,128,0,0,2295,0.0,229.57,0.0,False,1.2876,,,,,,,,,,,,,,,,
2026-02-10,a3986d20c19f33c7c107fw,2026-02-10 05:50:00.000,83,True,130,387,881,2285,88.19,228.54,0.387,True,1.3023,,,,,,,,,,,,,,,,
2026-02-10,a3986d20c19f33c7c107fw,2026-02-10 06:00:00.000,84,True,131,318,720,2267,72.03,226.78,0.319,True,1.3143,,,,,,,,,,,,,,,,
2026-02-10,a3986d20c19f33c7c107fw,2026-02-10 06:10:00.000,85,True,132,320,727,2281,72.73,228.12,0.32,True,1.3264,,,,,,,,,,,,,,,,
2026-02-10,a3986d20c19f33c7c107fw,2026-02-10 06:20:00.000,86,True,133,318,722,2277,72.28,227.7,0.319,True,1.3385,,,,,,,,,,,,,,,,
2026-02-10,a3986d20c19f33c7c107fw,2026-02-10 06:30:00.000,87,True,134,232,526,2275,52.68,227.54,0.232,True,1.3473,,,,,,,,,,,,,,,,
2026-02-10,a3986d20c19f33c7c107fw,2026-02-10 06:40:00.000,88,True,136,467,1064,2287,106.43,228.7,0.467,True,1.365,,,,,,,,,,,,,,,,
2026-02-10,a3986d20c19f33c7c107fw,2026-02-10 06:50:00.000,89,True,138,613,1394,2281,139.44,228.1,0.614,True,1.3882,,,,,,,,,,,,,,,,
2026-02-10,a3986d20c19f33c7c107fw,2026-02-10 07:00:00.000,90,True,140,312,710,2284,71.01,228.43,0.312,True,1.4001,,,,,,,,,,,,,,,,
2026-02-10,a3986d20c19f33c7c107fw,2026-02-10 07:10:00.000,91,True,141,313,714,2289,71.43,228.9,0.313,True,1.412,,,,,,,,,,,,,,,,
2026-02-10,a3986d20c19f33c7c107fw,2026-02-10 07:20:00.000,92,True,142,380,861,2276,86.18,227.64,0.38,True,1.4263,,,,,,,,,,,,,,,,
2026-02-10,a3986d20c19f33c7c107fw,2026-02-10 07:30:00.000,93,True,143,301,685,2280,68.52,228.05,0.302,True,1.4378,,,,,,,,,,,,,,,,
2026-02-10,a3986d20c19f33c7c107fw,2026-02-10 07:40:00.000,94,True,144,301,685,2283,68.54,228.3,0.301,True,1.4492,,,,,,,,,,,,,,,,
2026-02-10,a3986d20c19f33c7c107fw,2026-02-10 07:50:00.000,95,True,146,379,862,2281,86.29,228.19,0.38,True,1.4636,,,,,,,,,,,,,,,,
2026-02-10,a3986d20c19f33c7c107fw,2026-02-10 08:00:00.000,96,True,147,378,860,2284,86.09,228.49,0.378,True,1.4779,,,,,,,,,,,,,,,,
2026-02-10,a3986d20c19f33c7c107fw,2026-02-10 08:10:00.000,97,True,149,451,1030,2293,103.08,229.31,0.451,True,1.4951,,,,,,,,,,,,,,,,
2026-02-10,a3986d20c19f33c7c107fw,2026-02-10 08:20:00.000,98,True,150,376,862,2299,86.24,229.9,0.377,True,1.5095,,,,,,,,,,,,,,,,
2026-02-10,a3986d20c19f33c7c107fw,2026-02-10 08:30:00.000,99,True,152,381,874,2300,87.45,230.0,0.382,True,1.524,,,,,,,,,,,,,,,,
2026-02-10,a3986d20c19f33c7c107fw,2026-02-10 08:40:00.000,100,True,153,230,529,2306,52.98,230.66,0.231,True,1.5329,,,,,,,,,,,,,,,,
2026-02-10,a3986d20c19f33c7c107fw,2026-02-10 08:50:00.000,101,True,154,304,700,2304,70.03,230.48,0.305,True,1.5445,,,,,,,,,,,,,,,,
2026-02-10,a3986d20c19f33c7c107fw,2026-02-10 09:00:00.000,102,True,155,152,349,2303,34.95,230.36,0.152,True,1.5504,,,,,,,,,,,,,,,,
2026-02-10,a3986d20c19f33c7c107fw,2026-02-10 09:10:00.000,103,True,155,152,349,2304,34.95,230.41,0.152,True,1.5562,,,,,,,,,,,,,,,,
2026-02-10,a3986d20c19f33c7c107fw,2026-02-10 09:20:00.000,104,True,157,458,1055,2309,105.52,230.97,0.459,True,1.5738,,,,,,,,,,,,,,,,
2026-02-10,a3986d20c19f33c7c107fw,2026-02-10 09:30:00.000,105,True,158,232,533,2305,53.32,230.57,0.232,True,1.5827,,,,,,,,,,,,,,,,
2026-02-10,a3986d20c19f33c7c107fw,2026-02-10 09:40:00.000,106,True,159,232,533,2306,53.32,230.63,0.232,True,1.5916,,,,,,,,,,,,,,,,
2026-02-10,a3986d20c19f33c7c107fw,2026-02-10 09:50:00.000,107,True,160,464,1066,2303,106.6,230.35,0.465,True,1.6093,,,,,,,,,,,,,,,,
2026-02-10,a3986d20c19f33c7c107fw,2026-02-10 10:00:00.000,108,True,162,311,715,2307,71.53,230.7,0.311,True,1.6212,,,,,,,,,,,,,,,,
2026-02-10,a3986d20c19f33c7c107fw,2026-02-10 10:10:00.000,109,True,163,233,535,2304,53.53,230.4,0.233,True,1.6302,,,,,,,,,,,,,,,,
2026-02-10,a3986d20c19f33c7c107fw,2026-02-10 10:20:00.000,110,True,163,155,356,2302,35.67,230.27,0.155,True,1.6361,,,,,,,,,,,,,,,,
2026-02-10,a3986d20c19f33c7c107fw,2026-02-10 10:30:00.000,111,True,164,0,591,2303,59.1,230.33,0.0,True,1.646,,,,,,,,,,,,,,,,
2026-02-10,a3986d20c19f33c7c107fw,2026-02-10 10:40:00.000,112,True,164,75,172,2302,17.23,230.2,0.075,True,1.6488,,,,,,,,,,,,,,,,
2026-02-10,a3986d20c19f33c7c107fw,2026-02-10 10:50:00.000,113,True,165,155,356,2303,35.63,230.32,0.155,True,1.6548,,,,,,,,,,,,,,,,
2026-02-10,a3986d20c19f33c7c107fw,2026-02-10 11:00:00.000,114,False,165,0,0,2304,0.0,230.47,0.0,False,1.6548,,,,,,,,,,,,,,,,
2026-02-10,a3986d20c19f33c7c107fw,2026-02-10 11:10:00.000,115,True,166,235,538,2300,53.87,230.0,0.235,True,1.6637,,,,,,,,,,,,,,,,
2026-02-10,a3986d20c19f33c7c107fw,2026-02-10 11:20:00.000,116,True,167,389,893,2302,89.39,230.22,0.39,True,1.6786,,,,,,,,,,,,,,,,
2026-02-10,a3986d20c19f33c7c107fw,2026-02-10 11:30:00.000,117,True,169,392,899,2301,89.97,230.13,0.392,True,1.6936,,,,,,,,,,,,,,,,
2026-02-10,a3986d20c19f33c7c107fw,2026-02-10 11:40:00.000,118,True,170,315,722,2298,72.21,229.84,0.315,True,1.7057,,,,,,,,,,,,,,,,
2026-02-10,a3986d20c19f33c7c107fw,2026-02-10 11:50:00.000,119,True,171,152,351,2311,35.11,231.12,0.152,True,1.7115,,,,,,,,,,,,,,,,
2026-02-10,a3986d20c19f33c7c107fw,2026-02-10 12:00:00.000,120,True,171,73,167,2306,16.78,230.64,0.073,True,1.7143,,,,,,,,,,,,,,,,
2026-02-10,a3986d20c19f33c7c107fw,2026-02-10 12:10:00.000,121,True,171,76,174,2301,17.48,230.18,0.076,True,1.7172,,,,,,,,,,,,,,,,
2026-02-10,a3986d20c19f33c7c107fw,2026-02-10 12:20:00.000,122,True,172,154,354,2306,35.44,230.63,0.154,True,1.7231,,,,,,,,,,,,,,,,
2026-02-10,a3986d20c19f33c7c107fw,2026-02-10 12:30:00.000,123,True,172,154,354,2306,35.44,230.63,0.154,True,1.729,,,,,,,,,,,,,,,,
2026-02-10,a3986d20c19f33c7c107fw,2026-02-10 12:40:00.000,124,True,174,468,1069,2293,106.98,229.34,0.468,True,1.7469,,,,,,,,,,,,,,,,
2026-02-10,a3986d20c19f33c7c107fw,2026-02-10 12:50:00.000,125,True,176,545,1244,2287,124.4,228.73,0.546,True,1.7676,,,,,,,,,,,,,,,,
2026-02-10,a3986d20c19f33c7c107fw,2026-02-10 13:00:00.000,126,True,178,465,1060,2288,106.03,228.86,0.465,True,1.7853,,,,,,,,,,,,,,,,
2026-02-10,a3986d20c19f33c7c107fw,2026-02-10 13:10:00.000,127,True,180,465,1060,2288,106.03,228.86,0.465,True,1.803,,,,,,,,,,,,,,,,
2026-02-10,a3986d20c19f33c7c107fw,2026-02-10 13:20:00.000,128,True,181,301,686,2280,68.6,228.09,0.302,True,1.8144,,,,,,,,,,,,,,,,
2026-02-10,a3986d20c19f33c7c107fw,2026-02-10 13:30:00.000,129,True,182,227,514,2274,51.44,227.47,0.227,True,1.823,,,,,,,,,,,,,,,,
2026-02-10,a3986d20c19f33c7c107fw,2026-02-10 13:40:00.000,130,True,182,72,164,2273,16.4,227.37,0.072,True,1.8257,,,,,,,,,,,,,,,,
2026-02-10,a3986d20c19f33c7c107fw,2026-02-10 13:50:00.000,131,True,182,72,164,2273,16.4,227.37,0.072,True,1.8284,,,,,,,,,,,,,,,,
2026-02-10,a3986d20c19f33c7c107fw,2026-02-10 14:00:00.000,132,True,183,303,685,2270,68.56,227.03,0.303,True,1.8399,,,,,,,,,,,,,,,,
2026-02-10,a3986d20c19f33c7c107fw,2026-02-10 14:10:00.000,133,True,185,316,713,2266,71.39,226.64,0.316,True,1.8518,,,,,,,,,,,,,,,,
2026-02-10,a3986d20c19f33c7c107fw,2026-02-10 14:20:00.000,134,True,186,316,713,2266,71.39,226.64,0.316,True,1.8637,,,,,,,,,,,,,,,,
2026-02-10,a3986d20c19f33c7c107fw,2026-02-10 14:30:00.000,135,True,187,392,887,2268,88.75,226.83,0.393,True,1.8784,,,,,,,,,,,,,,,,
2026-02-10,a3986d20c19f33c7c107fw,2026-02-10 14:40:00.000,136,True,189,388,878,2268,87.84,226.87,0.389,True,1.8931,,,,,,,,,,,,,,,,
2026-02-10,a3986d20c19f33c7c107fw,2026-02-10 14:50:00.000,137,True,190,308,697,2269,69.79,226.95,0.309,True,1.9047,,,,,,,,,,,,,,,,
2026-02-10,a3986d20c19f33c7c107fw,2026-02-10 15:00:00.000,138,True,191,302,686,2282,68.7,228.2,0.302,True,1.9162,,,,,,,,,,,,,,,,
2026-02-10,a3986d20c19f33c7c107fw,2026-02-10 15:10:00.000,139,True,193,381,867,2279,86.75,227.94,0.382,True,1.9306,,,,,,,,,,,,,,,,
2026-02-10,a3986d20c19f33c7c107fw,2026-02-10 15:20:00.000,140,True,194,385,874,2279,87.43,227.9,0.385,True,1.9452,,,,,,,,,,,,,,,,
2026-02-10,a3986d20c19f33c7c107fw,2026-02-10 15:30:00.000,141,True,195,383,870,2279,87.08,227.97,0.383,True,1.9597,,,,,,,,,,,,,,,,
2026-02-10,a3986d20c19f33c7c107fw,2026-02-10 15:40:00.000,142,True,197,378,859,2278,85.99,227.81,0.379,True,1.974,,,,,,,,,,,,,,,,
2026-02-10,a3986d20c19f33c7c107fw,2026-02-10 15:50:00.000,143,True,197,157,357,2284,35.76,228.48,0.157,True,1.98,,,,,,,,,,,,,,,,
2026-02-11,a3986d20c19f33c7c107fw,2026-02-10 16:00:00.000,0,True,1,308,661,2284,66.2,228.4,0.308,True,0.011,,,,,,,,,,,,,,,,
2026-02-11,a3986d20c19f33c7c107fw,2026-02-10 16:10:00.000,1,True,1,231,498,2284,49.8,228.45,0.232,True,0.0193,,,,,,,,,,,,,,,,
2026-02-11,a3986d20c19f33c7c107fw,2026-02-10 16:20:00.000,2,True,4,687,1474,2282,147.42,228.22,0.687,True,0.0439,,,,,,,,,,,,,,,,
2026-02-11,a3986d20c19f33c7c107fw,2026-02-10 16:30:00.000,3,True,5,380,813,2271,81.37,227.19,0.381,True,0.0575,,,,,,,,,,,,,,,,
2026-02-11,a3986d20c19f33c7c107fw,2026-02-10 16:40:00.000,4,True,8,849,1825,2287,182.59,228.73,0.849,True,0.0879,,,,,,,,,,,,,,,,
2026-02-11,a3986d20c19f33c7c107fw,2026-02-10 16:50:00.000,5,True,11,768,1649,2282,164.9,228.29,0.768,True,0.1154,,,,,,,,,,,,,,,,
2026-02-11,a3986d20c19f33c7c107fw,2026-02-10 17:00:00.000,6,True,14,840,1801,2281,180.18,228.13,0.84,True,0.1454,,,,,,,,,,,,,,,,
2026-02-11,a3986d20c19f33c7c107fw,2026-02-10 17:10:00.000,7,True,16,457,978,2273,97.83,227.36,0.458,True,0.1617,,,,,,,,,,,,,,,,
2026-02-11,a3986d20c19f33c7c107fw,2026-02-10 17:20:00.000,8,True,17,463,997,2288,99.72,228.81,0.464,True,0.1783,,,,,,,,,,,,,,,,
2026-02-11,a3986d20c19f33c7c107fw,2026-02-10 17:30:00.000,9,True,19,488,1054,2295,105.41,229.59,0.488,True,0.1959,,,,,,,,,,,,,,,,
2026-02-11,a3986d20c19f33c7c107fw,2026-02-10 17:40:00.000,10,True,21,399,861,2294,86.13,229.4,0.399,True,0.2103,,,,,,,,,,,,,,,,
2026-02-11,a3986d20c19f33c7c107fw,2026-02-10 17:50:00.000,11,True,22,455,982,2296,98.21,229.61,0.455,True,0.2266,,,,,,,,,,,,,,,,
2026-02-11,a3986d20c19f33c7c107fw,2026-02-10 18:00:00.000,12,True,25,841,1807,2284,180.78,228.47,0.842,True,0.2568,,,,,,,,,,,,,,,,
2026-02-11,a3986d20c19f33c7c107fw,2026-02-10 18:10:00.000,13,True,27,614,1321,2289,132.19,228.93,0.614,True,0.2788,,,,,,,,,,,,,,,,
2026-02-11,a3986d20c19f33c7c107fw,2026-02-10 18:20:00.000,14,True,30,714,1536,2287,153.67,228.77,0.715,True,0.3044,,,,,,,,,,,,,,,,
2026-02-11,a3986d20c19f33c7c107fw,2026-02-10 18:30:00.000,15,True,32,625,1343,2286,134.39,228.65,0.625,True,0.3268,,,,,,,,,,,,,,,,
2026-02-11,a3986d20c19f33c7c107fw,2026-02-10 18:40:00.000,16,True,34,611,1317,2291,131.71,229.16,0.611,True,0.3488,,,,,,,,,,,,,,,,
2026-02-11,a3986d20c19f33c7c107fw,2026-02-10 18:50:00.000,17,True,36,543,1175,2302,117.58,230.23,0.543,True,0.3683,,,,,,,,,,,,,,,,
2026-02-11,a3986d20c19f33c7c107fw,2026-02-10 19:00:00.000,18,True,39,622,1346,2302,134.7,230.21,0.622,True,0.3908,,,,,,,,,,,,,,,,
2026-02-11,a3986d20c19f33c7c107fw,2026-02-10 19:10:00.000,19,True,40,454,984,2305,98.41,230.52,0.454,True,0.4072,,,,,,,,,,,,,,,,
2026-02-11,a3986d20c19f33c7c107fw,2026-02-10 19:20:00.000,20,True,42,454,984,2303,98.41,230.3,0.455,True,0.4236,,,,,,,,,,,,,,,,
2026-02-11,a3986d20c19f33c7c107fw,2026-02-10 19:30:00.000,21,True,44,610,1320,2302,132.07,230.27,0.61,True,0.4456,,,,,,,,,,,,,,,,
2026-02-11,a3986d20c19f33c7c107fw,2026-02-10 19:40:00.000,22,True,46,451,978,2305,97.83,230.5,0.451,True,0.4619,,,,,,,,,,,,,,,,
2026-02-11,a3986d20c19f33c7c107fw,2026-02-10 19:50:00.000,23,True,47,450,975,2300,97.54,230.07,0.451,True,0.4782,,,,,,,,,,,,,,,,
2026-02-11,a3986d20c19f33c7c107fw,2026-02-10 20:00:00.000,24,True,49,529,1149,2307,114.94,230.74,0.53,True,0.4973,,,,,,,,,,,,,,,,
2026-02-11,a3986d20c19f33c7c107fw,2026-02-10 20:10:00.000,25,True,51,531,1149,2301,114.94,230.11,0.531,True,0.5165,,,,,,,,,,,,,,,,
2026-02-11,a3986d20c19f33c7c107fw,2026-02-10 20:20:00.000,26,True,52,151,328,2303,32.88,230.32,0.152,True,0.522,,,,,,,,,,,,,,,,
2026-02-11,a3986d20c19f33c7c107fw,2026-02-10 20:30:00.000,27,True,52,158,343,2309,34.37,230.9,0.158,True,0.5277,,,,,,,,,,,,,,,,
2026-02-11,a3986d20c19f33c7c107fw,2026-02-10 20:40:00.000,28,True,53,152,330,2304,33.09,230.4,0.153,True,0.5332,,,,,,,,,,,,,,,,
2026-02-11,a3986d20c19f33c7c107fw,2026-02-10 20:50:00.000,29,True,54,231,502,2312,50.27,231.27,0.231,True,0.5416,,,,,,,,,,,,,,,,
2026-02-11,a3986d20c19f33c7c107fw,2026-02-10 21:00:00.000,30,True,56,539,1171,2308,117.16,230.82,0.54,True,0.5611,,,,,,,,,,,,,,,,
2026-02-11,a3986d20c19f33c7c107fw,2026-02-10 21:10:00.000,31,True,58,607,1312,2297,131.27,229.7,0.608,True,0.583,,,,,,,,,,,,,,,,
2026-02-11,a3986d20c19f33c7c107fw,2026-02-10 21:20:00.000,32,True,60,607,1312,2300,131.27,230.05,0.607,True,0.6049,,,,,,,,,,,,,,,,
2026-02-11,a3986d20c19f33c7c107fw,2026-02-10 21:30:00.000,33,True,62,453,979,2296,97.94,229.67,0.454,True,0.6212,,,,,,,,,,,,,,,,
2026-02-11,a3986d20c19f33c7c107fw,2026-02-10 21:40:00.000,34,True,64,530,1146,2297,114.6,229.74,0.531,True,0.6403,,,,,,,,,,,,,,,,
2026-02-11,a3986d20c19f33c7c107fw,2026-02-10 21:50:00.000,35,True,65,309,670,2305,67.08,230.52,0.31,True,0.6515,,,,,,,,,,,,,,,,
2026-02-11,a3986d20c19f33c7c107fw,2026-02-10 22:00:00.000,36,True,65,231,499,2295,49.92,229.54,0.231,True,0.6598,,,,,,,,,,,,,,,,
2026-02-11,a3986d20c19f33c7c107fw,2026-02-10 22:10:00.000,37,True,66,155,338,2307,33.81,230.78,0.156,True,0.6654,,,,,,,,,,,,,,,,
2026-02-11,a3986d20c19f33c7c107fw,2026-02-10 22:20:00.000,38,True,68,448,972,2304,97.2,230.42,0.449,True,0.6816,,,,,,,,,,,,,,,,
2026-02-11,a3986d20c19f33c7c107fw,2026-02-10 22:30:00.000,39,True,70,757,1638,2301,163.84,230.1,0.757,True,0.7089,,,,,,,,,,,,,,,,
2026-02-11,a3986d20c19f33c7c107fw,2026-02-10 22:40:00.000,40,True,73,604,1308,2301,130.87,230.18,0.605,True,0.7308,,,,,,,,,,,,,,,,
2026-02-11,a3986d20c19f33c7c107fw,2026-02-10 22:50:00.000,41,True,74,526,1139,2301,113.97,230.17,0.527,True,0.7497,,,,,,,,,,,,,,,,
2026-02-11,a3986d20c19f33c7c107fw,2026-02-10 23:00:00.000,42,True,76,523,1130,2297,113.06,229.74,0.523,True,0.7686,,,,,,,,,,,,,,,,
2026-02-11,a3986d20c19f33c7c107fw,2026-02-10 23:10:00.000,43,True,78,380,822,2301,82.27,230.15,0.38,True,0.7823,,,,,,,,,,,,,,,,
2026-02-11,a3986d20c19f33c7c107fw,2026-02-10 23:20:00.000,44,True,78,156,339,2312,33.99,231.24,0.156,True,0.788,,,,,,,,,,,,,,,,
2026-02-11,a3986d20c19f33c7c107fw,2026-02-10 23:30:00.000,45,True,79,79,171,2301,17.18,230.1,0.079,True,0.7908,,,,,,,,,,,,,,,,
2026-02-11,a3986d20c19f33c7c107fw,2026-02-10 23:40:00.000,46,True,80,0,590,2300,59.05,230.01,0.0,True,0.8007,,,,,,,,,,,,,,,,
2026-02-11,a3986d20c19f33c7c107fw,2026-02-10 23:50:00.000,47,True,81,0,590,2297,59.05,229.73,0.0,True,0.8105,,,,,,,,,,,,,,,,
2026-02-11,a3986d20c19f33c7c107fw,2026-02-11 00:00:00.000,48,True,81,231,498,2293,49.84,229.38,0.231,True,0.8188,,,,,,,,,,,,,,,,
2026-02-11,a3986d20c19f33c7c107fw,2026-02-11 00:10:00.000,49,True,84,691,1496,2302,149.69,230.29,0.691,True,0.8438,,,,,,,,,,,,,,,,
2026-02-11,a3986d20c19f33c7c107fw,2026-02-11 00:20:00.000,50,True,86,616,1334,2304,133.45,230.45,0.616,True,0.866,,,,,,,,,,,,,,,,
2026-02-11,a3986d20c19f33c7c107fw,2026-02-11 00:30:00.000,51,True,88,539,1170,2307,117.03,230.76,0.539,True,0.8855,,,,,,,,,,,,,,,,
2026-02-11,a3986d20c19f33c7c107fw,2026-02-11 00:40:00.000,52,True,88,76,166,2307,16.67,230.72,0.077,True,0.8883,,,,,,,,,,,,,,,,
2026-02-11,a3986d20c19f33c7c107fw,2026-02-11 00:50:00.000,53,True,89,154,335,2317,33.59,231.74,0.154,True,0.8939,,,,,,,,,,,,,,,,
2026-02-11,a3986d20c19f33c7c107fw,2026-02-11 01:00:00.000,54,True,89,153,333,2304,33.36,230.49,0.154,True,0.8995,,,,,,,,,,,,,,,,
2026-02-11,a3986d20c19f33c7c107fw,2026-02-11 01:10:00.000,55,True,90,147,319,2308,31.98,230.82,0.147,True,0.9048,,,,,,,,,,,,,,,,
2026-02-11,a3986d20c19f33c7c107fw,2026-02-11 01:20:00.000,56,True,92,452,985,2315,98.56,231.55,0.453,True,0.9212,,,,,,,,,,,,,,,,
2026-02-11,a3986d20c19f33c7c107fw,2026-02-11 01:30:00.000,57,True,94,606,1320,2315,132.02,231.5,0.607,True,0.9432,,,,,,,,,,,,,,,,
2026-02-11,a3986d20c19f33c7c107fw,2026-02-11 01:40:00.000,58,True,95,463,1003,2301,100.34,230.16,0.464,True,0.9599,,,,,,,,,,,,,,,,
2026-02-11,a3986d20c19f33c7c107fw,2026-02-11 01:50:00.000,59,True,97,310,672,2302,67.27,230.24,0.311,True,0.9712,,,,,,,,,,,,,,,,
2026-02-11,a3986d20c19f33c7c107fw,2026-02-11 02:00:00.000,60,True,97,153,330,2297,33.05,229.7,0.153,True,0.9767,,,,,,,,,,,,,,,,
2026-02-11,a3986d20c19f33c7c107fw,2026-02-11 02:10:00.000,61,True,98,312,672,2287,67.28,228.76,0.313,True,0.9879,,,,,,,,,,,,,,,,
2026-02-11,a3986d20c19f33c7c107fw,2026-02-11 02:20:00.000,62,True,99,149,322,2296,32.21,229.62,0.149,True,0.9932,,,,,,,,,,,,,,,,
2026-02-11,a3986d20c19f33c7c107fw,2026-02-11 02:30:00.000,63,True,101,542,1163,2282,116.38,228.26,0.542,True,1.0126,,,,,,,,,,,,,,,,
2026-02-11,a3986d20c19f33c7c107fw,2026-02-11 02:40:00.000,64,True,102,458,984,2286,98.5,228.6,0.458,True,1.0291,,,,,,,,,,,,,,,,
2026-02-11,a3986d20c19f33c7c107fw,2026-02-11 02:50:00.000,65,True,104,536,1154,2290,115.44,229.03,0.536,True,1.0483,,,,,,,,,,,,,,,,
2026-02-11,a3986d20c19f33c7c107fw,2026-02-11 03:00:00.000,66,True,106,528,1137,2291,113.76,229.1,0.528,True,1.0673,,,,,,,,,,,,,,,,
2026-02-11,a3986d20c19f33c7c107fw,2026-02-11 03:10:00.000,67,True,108,604,1298,2286,129.88,228.66,0.604,True,1.0889,,,,,,,,,,,,,,,,
2026-02-11,a3986d20c19f33c7c107fw,2026-02-11 03:20:00.000,68,True,111,594,1284,2300,128.49,230.09,0.594,True,1.1103,,,,,,,,,,,,,,,,
2026-02-11,a3986d20c19f33c7c107fw,2026-02-11 03:30:00.000,69,True,112,288,624,2300,62.46,230.0,0.289,True,1.1207,,,,,,,,,,,,,,,,
2026-02-11,a3986d20c19f33c7c107fw,2026-02-11 03:40:00.000,70,True,113,287,622,2304,62.26,230.42,0.287,True,1.1311,,,,,,,,,,,,,,,,
2026-02-11,a3986d20c19f33c7c107fw,2026-02-11 03:50:00.000,71,False,113,0,0,2310,0.0,231.03,0.0,False,1.1311,,,,,,,,,,,,,,,,
2026-02-11,a3986d20c19f33c7c107fw,2026-02-11 04:00:00.000,72,True,113,75,163,2315,16.33,231.52,0.075,True,1.1338,,,,,,,,,,,,,,,,
2026-02-11,a3986d20c19f33c7c107fw,2026-02-11 04:10:00.000,73,True,114,333,716,2282,71.62,228.22,0.334,True,1.1458,,,,,,,,,,,,,,,,
2026-02-11,a3986d20c19f33c7c107fw,2026-02-11 04:20:00.000,74,True,115,229,495,2293,49.56,229.38,0.23,True,1.154,,,,,,,,,,,,,,,,
2026-02-11,a3986d20c19f33c7c107fw,2026-02-11 04:30:00.000,75,True,116,231,495,2276,49.56,227.65,0.232,True,1.1623,,,,,,,,,,,,,,,,
2026-02-11,a3986d20c19f33c7c107fw,2026-02-11 04:40:00.000,76,True,117,306,652,2266,65.28,226.6,0.306,True,1.1732,,,,,,,,,,,,,,,,
2026-02-11,a3986d20c19f33c7c107fw,2026-02-11 04:50:00.000,77,True,118,403,865,2282,86.59,228.22,0.404,True,1.1876,,,,,,,,,,,,,,,,
2026-02-11,a3986d20c19f33c7c107fw,2026-02-11 05:00:00.000,78,True,120,403,865,2282,86.59,228.22,0.404,True,1.202,,,,,,,,,,,,,,,,
2026-02-11,a3986d20c19f33c7c107fw,2026-02-11 05:10:00.000,79,True,121,394,844,2278,84.45,227.8,0.394,True,1.2161,,,,,,,,,,,,,,,,
2026-02-11,a3986d20c19f33c7c107fw,2026-02-11 05:20:00.000,80,False,121,0,0,2279,0.0,227.93,0.0,False,1.2161,,,,,,,,,,,,,,,,
2026-02-11,a3986d20c19f33c7c107fw,2026-02-11 05:30:00.000,81,False,121,0,0,2279,0.0,227.93,0.0,False,1.2161,,,,,,,,,,,,,,,,
2026-02-11,a3986d20c19f33c7c107fw,2026-02-11 05:40:00.000,82,False,121,0,0,2295,0.0,229.57,0.0,False,1.2161,,,,,,,,,,,,,,,,
2026-02-11,a3986d20c19f33c7c107fw,2026-02-11 05:50:00.000,83,True,122,387,832,2285,83.22,228.54,0.387,True,1.23,,,,,,,,,,,,,,,,
2026-02-11,a3986d20c19f33c7c107fw,2026-02-11 06:00:00.000,84,True,124,318,679,2267,67.97,226.78,0.319,True,1.2413,,,,,,,,,,,,,,,,
2026-02-11,a3986d20c19f33c7c107fw,2026-02-11 06:10:00.000,85,True,125,320,686,2281,68.63,228.12,0.32,True,1.2527,,,,,,,,,,,,,,,,
2026-02-11,a3986d20c19f33c7c107fw,2026-02-11 06:20:00.000,86,True,126,318,682,2277,68.22,227.7,0.319,True,1.2641,,,,,,,,,,,,,,,,
2026-02-11,a3986d20c19f33c7c107fw,2026-02-11 06:30:00.000,87,True,127,232,497,2275,49.71,227.54,0.232,True,1.2724,,,,,,,,,,,,,,,,
2026-02-11,a3986d20c19f33c7c107fw,2026-02-11 06:40:00.000,88,True,128,467,1004,2287,100.43,228.7,0.467,True,1.2891,,,,,,,,,,,,,,,,
2026-02-11,a3986d20c19f33c7c107fw,2026-02-11 06:50:00.000,89,True,131,613,1315,2281,131.57,228.1,0.614,True,1.3111,,,,,,,,,,,,,,,,
2026-02-11,a3986d20c19f33c7c107fw,2026-02-11 07:00:00.000,90,True,132,312,670,2284,67.0,228.43,0.312,True,1.3222,,,,,,,,,,,,,,,,
2026-02-11,a3986d20c19f33c7c107fw,2026-02-11 07:10:00.000,91,True,133,313,673,2289,67.4,228.9,0.313,True,1.3335,,,,,,,,,,,,,,,,
2026-02-11,a3986d20c19f33c7c107fw,2026-02-11 07:20:00.000,92,True,134,380,813,2276,81.33,227.64,0.38,True,1.347,,,,,,,,,,,,,,,,
2026-02-11,a3986d20c19f33c7c107fw,2026-02-11 07:30:00.000,93,True,135,301,646,2280,64.65,228.05,0.302,True,1.3578,,,,,,,,,,,,,,,,
2026-02-11,a3986d20c19f33c7c107fw,2026-02-11 07:40:00.000,94,True,136,301,646,2283,64.67,228.3,0.301,True,1.3686,,,,,,,,,,,,,,,,
2026-02-11,a3986d20c19f33c7c107fw,2026-02-11 07:50:00.000,95,True,138,379,814,2281,81.42,228.19,0.38,True,1.3821,,,,,,,,,,,,,,,,
2026-02-11,a3986d20c19f33c7c107fw,2026-02-11 08:00:00.000,96,True,139,378,812,2284,81.23,228.49,0.378,True,1.3957,,,,,,,,,,,,,,,,
2026-02-11,a3986d20c19f33c7c107fw,2026-02-11 08:10:00.000,97,True,141,451,972,2293,97.27,229.31,0.451,True,1.4119,,,,,,,,,,,,,,,,
2026-02-11,a3986d20c19f33c7c107fw,2026-02-11 08:20:00.000,98,True,142,376,813,2299,81.38,229.9,0.377,True,1.4255,,,,,,,,,,,,,,,,
2026-02-11,a3986d20c19f33c7c107fw,2026-02-11 08:30:00.000,99,True,143,381,825,2300,82.53,230.0,0.382,True,1.4392,,,,,,,,,,,,,,,,
2026-02-11,a3986d20c19f33c7c107fw,2026-02-11 08:40:00.000,100,True,144,230,499,2306,49.99,230.66,0.231,True,1.4475,,,,,,,,,,,,,,,,
2026-02-11,a3986d20c19f33c7c107fw,2026-02-11 08:50:00.000,101,True,145,304,660,2304,66.08,230.48,0.305,True,1.4586,,,,,,,,,,,,,,,,
2026-02-11,a3986d20c19f33c7c107fw,2026-02-11 09:00:00.000,102,True,146,152,329,2303,32.98,230.36,0.152,True,1.464,,,,,,,,,,,,,,,,
2026-02-11,a3986d20c19f33c7c107fw,2026-02-11 09:10:00.000,103,True,146,152,329,2304,32.98,230.41,0.152,True,1.4695,,,,,,,,,,,,,,,,
2026-02-11,a3986d20c19f33c7c107fw,2026-02-11 09:20:00.000,104,True,148,458,995,2309,99.57,230.97,0.459,True,1.4861,,,,,,,,,,,,,,,,
2026-02-11,a3986d20c19f33c7c107fw,2026-02-11 09:30:00.000,105,True,149,232,503,2305,50.31,230.57,0.232,True,1.4945,,,,,,,,,,,,,,,,
2026-02-11,a3986d20c19f33c7c107fw,2026-02-11 09:40:00.000,106,True,150,232,503,2306,50.31,230.63,0.232,True,1.5029,,,,,,,,,,,,,,,,
2026-02-11,a3986d20c19f33c7c107fw,2026-02-11 09:50:00.000,107,True,151,464,1005,2303,100.6,230.35,0.465,True,1.5197,,,,,,,,,,,,,,,,
2026-02-11,a3986d20c19f33c7c107fw,2026-02-11 10:00:00.000,108,True,153,311,674,2307,67.5,230.7,0.311,True,1.5309,,,,,,,,,,,,,,,,
2026-02-11,a3986d20c19f33c7c107fw,2026-02-11 10:10:00.000,109,True,153,233,505,2304,50.51,230.4,0.233,True,1.5393,,,,,,,,,,,,,,,,
2026-02-11,a3986d20c19f33c7c107fw,2026-02-11 10:20:00.000,110,True,154,155,336,2302,33.65,230.27,0.155,True,1.545,,,,,,,,,,,,,,,,
2026-02-11,a3986d20c19f33c7c107fw,2026-02-11 10:30:00.000,111,True,155,0,590,2303,59.05,230.33,0.0,True,1.5548,,,,,,,,,,,,,,,,
2026-02-11,a3986d20c19f33c7c107fw,2026-02-11 10:40:00.000,112,True,155,75,162,2302,16.25,230.2,0.075,True,1.5575,,,,,,,,,,,,,,,,
2026-02-11,a3986d20c19f33c7c107fw,2026-02-11 10:50:00.000,113,True,156,155,336,2303,33.62,230.32,0.155,True,1.5631,,,,,,,,,,,,,,,,
2026-02-11,a3986d20c19f33c7c107fw,2026-02-11 11:00:00.000,114,False,156,0,0,2304,0.0,230.47,0.0,False,1.5631,,,,,,,,,,,,,,,,
2026-02-11,a3986d20c19f33c7c107fw,2026-02-11 11:10:00.000,115,True,157,235,508,2300,50.83,230.0,0.235,True,1.5716,,,,,,,,,,,,,,,,
2026-02-11,a3986d20c19f33c7c107fw,2026-02-11 11:20:00.000,116,True,158,389,843,2302,84.35,230.22,0.39,True,1.5856,,,,,,,,,,,,,,,,
2026-02-11,a3986d20c19f33c7c107fw,2026-02-11 11:30:00.000,117,True,159,392,848,2301,84.9,230.13,0.392,True,1.5998,,,,,,,,,,,,,,,,
2026-02-11,a3986d20c19f33c7c107fw,2026-02-11 11:40:00.000,118,True,161,315,681,2298,68.14,229.84,0.315,True,1.6111,,,,,,,,,,,,,,,,
2026-02-11,a3986d20c19f33c7c107fw,2026-02-11 11:50:00.000,119,True,161,152,331,2311,33.13,231.12,0.152,True,1.6167,,,,,,,,,,,,,,,,
2026-02-11,a3986d20c19f33c7c107fw,2026-02-11 12:00:00.000,120,True,161,73,158,2306,15.83,230.64,0.073,True,1.6193,,,,,,,,,,,,,,,,
2026-02-11,a3986d20c19f33c7c107fw,2026-02-11 12:10:00.000,121,True,162,76,164,2301,16.49,230.18,0.076,True,1.622,,,,,,,,,,,,,,,,
2026-02-11,a3986d20c19f33c7c107fw,2026-02-11 12:20:00.000,122,True,162,154,334,2306,33.44,230.63,0.154,True,1.6276,,,,,,,,,,,,,,,,
2026-02-11,a3986d20c19f33c7c107fw,2026-02-11 12:30:00.000,123,True,163,154,334,2306,33.44,230.63,0.154,True,1.6332,,,,,,,,,,,,,,,,
2026-02-11,a3986d20c19f33c7c107fw,2026-02-11 12:40:00.000,124,True,165,468,1009,2293,100.94,229.34,0.468,True,1.65,,,,,,,,,,,,,,,,
2026-02-11,a3986d20c19f33c7c107fw,2026-02-11 12:50:00.000,125,True,166,545,1173,2287,117.4,228.73,0.546,True,1.6696,,,,,,,,,,,,,,,,
2026-02-11,a3986d20c19f33c7c107fw,2026-02-11 13:00:00.000,126,True,168,465,1000,2288,100.05,228.86,0.465,True,1.6863,,,,,,,,,,,,,,,,
2026-02-11,a3986d20c19f33c7c107fw,2026-02-11 13:10:00.000,127,True,170,465,1000,2288,100.05,228.86,0.465,True,1.7029,,,,,,,,,,,,,,,,
2026-02-11,a3986d20c19f33c7c107fw,2026-02-11 13:20:00.000,128,True,171,301,647,2280,64.73,228.09,0.302,True,1.7137,,,,,,,,,,,,,,,,
2026-02-11,a3986d20c19f33c7c107fw,2026-02-11 13:30:00.000,129,True,172,227,485,2274,48.54,227.47,0.227,True,1.7218,,,,,,,,,,,,,,,,
2026-02-11,a3986d20c19f33c7c107fw,2026-02-11 13:40:00.000,130,True,172,72,154,2273,15.47,227.37,0.072,True,1.7244,,,,,,,,,,,,,,,,
2026-02-11,a3986d20c19f33c7c107fw,2026-02-11 13:50:00.000,131,True,172,72,154,2273,15.47,227.37,0.072,True,1.727,,,,,,,,,,,,,,,,
2026-02-11,a3986d20c19f33c7c107fw,2026-02-11 14:00:00.000,132,True,173,303,646,2270,64.69,227.03,0.303,True,1.7378,,,,,,,,,,,,,,,,
2026-02-11,a3986d20c19f33c7c107fw,2026-02-11 14:10:00.000,133,True,174,316,673,2266,67.37,226.64,0.316,True,1.749,,,,,,,,,,,,,,,,
2026-02-11,a3986d20c19f33c7c107fw,2026-02-11 14:20:00.000,134,True,176,316,673,2266,67.37,226.64,0.316,True,1.7602,,,,,,,,,,,,,,,,
2026-02-11,a3986d20c19f33c7c107fw,2026-02-11 14:30:00.000,135,True,177,392,837,2268,83.75,226.83,0.393,True,1.7742,,,,,,,,,,,,,,,,
2026-02-11,a3986d20c19f33c7c107fw,2026-02-11 14:40:00.000,136,True,178,388,828,2268,82.88,226.87,0.389,True,1.788,,,,,,,,,,,,,,,,
2026-02-11,a3986d20c19f33c7c107fw,2026-02-11 14:50:00.000,137,True,179,308,658,2269,65.86,226.95,0.309,True,1.799,,,,,,,,,,,,,,,,
2026-02-11,a3986d20c19f33c7c107fw,2026-02-11 15:00:00.000,138,True,180,302,648,2282,64.83,228.2,0.302,True,1.8098,,,,,,,,,,,,,,,,
2026-02-11,a3986d20c19f33c7c107fw,2026-02-11 15:10:00.000,139,True,182,381,818,2279,81.85,227.94,0.382,True,1.8234,,,,,,,,,,,,,,,,
2026-02-11,a3986d20c19f33c7c107fw,2026-02-11 15:20:00.000,140,True,183,385,825,2279,82.51,227.9,0.385,True,1.8372,,,,,,,,,,,,,,,,
2026-02-11,a3986d20c19f33c7c107fw,2026-02-11 15:30:00.000,141,True,185,383,821,2279,82.17,227.97,0.383,True,1.8509,,,,,,,,,,,,,,,,
2026-02-11,a3986d20c19f33c7c107fw,2026-02-11 15:40:00.000,142,True,186,378,811,2278,81.14,227.81,0.379,True,1.8644,,,,,,,,,,,,,,,,
2026-02-11,a3986d20c19f33c7c107fw,2026-02-11 15:50:00.000,143,True,186,157,337,2284,33.74,228.48,0.157,True,1.87,,,,,,,,,,,,,,,,
2026-02-12,a3986d20c19f33c7c107fw,2026-02-11 16:00:00.655,0,True,3,0,0,2307,,230.7,,True,0.03,,,,0,559,30058,15968,2610,0,last,False,relay,False,,,
2026-02-12,a3986d20c19f33c7c107fw,2026-02-11 16:10:00.911,1,True,3,1077,1710,2290,171.0,229.0,1.077,True,0.03,,,,0,559,30058,15968,2610,0,last,False,relay,False,,,
2026-02-12,a3986d20c19f33c7c107fw,2026-02-11 16:20:00.543,2,True,3,1077,1710,2290,171.0,229.0,1.077,True,0.03,,,,0,559,30058,15968,2610,0,last,False,relay,False,,,
2026-02-12,a3986d20c19f33c7c107fw,2026-02-11 16:30:00.174,3,True,56,1077,1710,2290,171.0,229.0,1.077,True,0.56,,,,0,559,30058,15968,2610,0,last,False,relay,False,,,
2026-02-12,a3986d20c19f33c7c107fw,2026-02-11 16:40:00.747,4,True,56,1026,1510,2302,151.0,230.2,1.026,True,0.56,,,,0,559,30058,15968,2610,0,last,False,relay,False,,,
2026-02-12,a3986d20c19f33c7c107fw,2026-02-11 16:50:00.308,5,True,56,1013,1476,2307,147.6,230.7,1.013,True,0.56,,,,0,559,30058,15968,2610,0,last,False,relay,False,,,
2026-02-12,a3986d20c19f33c7c107fw,2026-02-11 17:00:00.935,6,True,74,1009,1461,2302,146.1,230.2,1.009,True,0.74,,,,0,559,30058,15968,2610,0,last,False,relay,False,,,
