timestamp,device,property,value,temp_C,humidity,pressure
2026-02-04 08:50:00,Aircon,switch_1,True,26.43,73,1016
2026-02-04 08:50:00,Aircon,countdown_1,0,26.43,73,1016
2026-02-04 08:50:00,Aircon,add_ele,1,26.43,73,1016
2026-02-04 08:50:00,Aircon,cur_current,0,26.43,73,1016
2026-02-04 08:50:00,Aircon,cur_power,0,26.43,73,1016
2026-02-04 08:50:00,Aircon,cur_voltage,2335,26.43,73,1016
2026-02-04 08:50:00,Aircon,voltage_coe,567,26.43,73,1016
2026-02-04 08:50:00,Aircon,electric_coe,29676,26.43,73,1016
2026-02-04 08:50:00,Aircon,power_coe,15976,26.43,73,1016
2026-02-04 08:50:00,Aircon,electricity_coe,2610,26.43,73,1016
2026-02-04 08:50:00,Aircon,fault,0,26.43,73,1016
2026-02-04 08:50:00,Aircon,relay_status,last,26.43,73,1016
2026-02-04 08:50:00,Aircon,overcharge_switch,False,26.43,73,1016
2026-02-04 08:50:00,Aircon,light_mode,relay,26.43,73,1016
2026-02-04 08:50:00,Aircon,child_lock,False,26.43,73,1016
2026-02-04 08:50:00,Aircon,cycle_time,,26.43,73,1016
2026-02-04 08:50:00,Aircon,random_time,,26.43,73,1016
2026-02-04 08:50:00,Aircon,switch_inching,,26.43,73,1016
2026-02-04 08:50:00,Refrigerator,switch_1,True,26.43,73,1016
2026-02-04 08:50:00,Refrigerator,countdown_1,0,26.43,73,1016
2026-02-04 08:50:00,Refrigerator,add_ele,16,26.43,73,1016f
2026-02-04 08:50:00,Refrigerator,cur_current,1079,26.43,73,1016
2026-02-04 08:50:00,Refrigerator,cur_power,1758,26.43,73,1016
2026-02-04 08:50:00,Refrigerator,cur_voltage,2298,26.43,73,1016
2026-02-04 08:50:00,Refrigerator,voltage_coe,559,26.43,73,1016
2026-02-04 08:50:00,Refrigerator,electric_coe,30058,26.43,73,1016
2026-02-04 08:50:00,Refrigerator,power_coe,15968,26.43,73,1016
2026-02-04 08:50:00,Refrigerator,electricity_coe,2610,26.43,73,1016
2026-02-04 08:50:00,Refrigerator,fault,0,26.43,73,1016
2026-02-04 08:50:00,Refrigerator,relay_status,last,26.43,73,1016
2026-02-04 08:50:00,Refrigerator,overcharge_switch,False,26.43,73,1016
2026-02-04 08:50:00,Refrigerator,light_mode,relay,26.43,73,1016
2026-02-04 08:50:00,Refrigerator,child_lock,False,26.43,73,1016
2026-02-04 08:50:00,Refrigerator,cycle_time,,26.43,73,1016
2026-02-04 08:50:00,Refrigerator,random_time,,26.43,73,1016
2026-02-04 08:50:00,Refrigerator,switch_inching,,26.43,73,1016
2026-02-04 08:50:00,Electric_Fan,switch_1,True,26.43,73,1016
2026-02-04 08:50:00,Electric_Fan,countdown_1,0,26.43,73,1016
2026-02-04 08:50:00,Electric_Fan,add_ele,21,26.43,73,1016
2026-02-04 08:50:00,Electric_Fan,cur_current,181,26.43,73,1016
2026-02-04 08:50:00,Electric_Fan,cur_power,417,26.43,73,1016
2026-02-04 08:50:00,Electric_Fan,cur_voltage,2290,26.43,73,1016
2026-02-04 08:50:00,Electric_Fan,voltage_coe,558,26.43,73,1016
2026-02-04 08:50:00,Electric_Fan,electric_coe,29647,26.43,73,1016
2026-02-04 08:50:00,Electric_Fan,power_coe,15912,26.43,73,1016
2026-02-04 08:50:00,Electric_Fan,electricity_coe,2620,26.43,73,1016
2026-02-04 08:50:00,Electric_Fan,fault,0,26.43,73,1016
2026-02-04 08:50:00,Electric_Fan,relay_status,last,26.43,73,1016
2026-02-04 08:50:00,Electric_Fan,overcharge_switch,False,26.43,73,1016
2026-02-04 08:50:00,Electric_Fan,light_mode,relay,26.43,73,1016
2026-02-04 08:50:00,Electric_Fan,child_lock,False,26.43,73,1016
2026-02-04 08:50:00,Electric_Fan,cycle_time,,26.43,73,1016
2026-02-04 08:50:00,Electric_Fan,random_time,,26.43,73,1016
2026-02-04 08:50:00,Electric_Fan,switch_inching,,26.43,73,1016
2026-02-04 09:00:00,Aircon,switch_1,True,26.49,73,1016
2026-02-04 09:00:00,Aircon,countdown_1,0,26.49,73,1016
2026-02-04 09:00:00,Aircon,add_ele,1,26.49,73,1016
2026-02-04 09:00:00,Aircon,cur_current,0,26.49,73,1016
2026-02-04 09:00:00,Aircon,cur_power,0,26.49,73,1016
2026-02-04 09:00:00,Aircon,cur_voltage,2335,26.49,73,1016
2026-02-04 09:00:00,Aircon,voltage_coe,567,26.49,73,1016
2026-02-04 09:00:00,Aircon,electric_coe,29676,26.49,73,1016
2026-02-04 09:00:00,Aircon,power_coe,15976,26.49,73,1016
2026-02-04 09:00:00,Aircon,electricity_coe,2610,26.49,73,1016
2026-02-04 09:00:00,Aircon,fault,0,26.49,73,1016
2026-02-04 09:00:00,Aircon,relay_status,last,26.49,73,1016
2026-02-04 09:00:00,Aircon,overcharge_switch,False,26.49,73,1016
2026-02-04 09:00:00,Aircon,light_mode,relay,26.49,73,1016
2026-02-04 09:00:00,Aircon,child_lock,False,26.49,73,1016
2026-02-04 09:00:00,Aircon,cycle_time,,26.49,73,1016
2026-02-04 09:00:00,Aircon,random_time,,26.49,73,1016
2026-02-04 09:00:00,Aircon,switch_inching,,26.49,73,1016
2026-02-04 09:00:00,Refrigerator,switch_1,True,26.49,73,1016
2026-02-04 09:00:00,Refrigerator,countdown_1,0,26.49,73,1016
2026-02-04 09:00:00,Refrigerator,add_ele,16,26.49,73,1016
2026-02-04 09:00:00,Refrigerator,cur_current,1079,26.49,73,1016
2026-02-04 09:00:00,Refrigerator,cur_power,1758,26.49,73,1016
2026-02-04 09:00:00,Refrigerator,cur_voltage,2298,26.49,73,1016
2026-02-04 09:00:00,Refrigerator,voltage_coe,559,26.49,73,1016
2026-02-04 09:00:00,Refrigerator,electric_coe,30058,26.49,73,1016
2026-02-04 09:00:00,Refrigerator,power_coe,15968,26.49,73,1016
2026-02-04 09:00:00,Refrigerator,electricity_coe,2610,26.49,73,1016
2026-02-04 09:00:00,Refrigerator,fault,0,26.49,73,1016
2026-02-04 09:00:00,Refrigerator,relay_status,last,26.49,73,1016
2026-02-04 09:00:00,Refrigerator,overcharge_switch,False,26.49,73,1016
2026-02-04 09:00:00,Refrigerator,light_mode,relay,26.49,73,1016
2026-02-04 09:00:00,Refrigerator,child_lock,False,26.49,73,1016
2026-02-04 09:00:00,Refrigerator,cycle_time,,26.49,73,1016
2026-02-04 09:00:00,Refrigerator,random_time,,26.49,73,1016
2026-02-04 09:00:00,Refrigerator,switch_inching,,26.49,73,1016
2026-02-04 09:00:00,Electric_Fan,switch_1,True,26.49,73,1016
2026-02-04 09:00:00,Electric_Fan,countdown_1,0,26.49,73,1016
2026-02-04 09:00:00,Electric_Fan,add_ele,21,26.49,73,1016
2026-02-04 09:00:00,Electric_Fan,cur_current,181,26.49,73,1016
2026-02-04 09:00:00,Electric_Fan,cur_power,417,26.49,73,1016
2026-02-04 09:00:00,Electric_Fan,cur_voltage,2290,26.49,73,1016
2026-02-04 09:00:00,Electric_Fan,voltage_coe,558,26.49,73,1016
2026-02-04 09:00:00,Electric_Fan,electric_coe,29647,26.49,73,1016
2026-02-04 09:00:00,Electric_Fan,power_coe,15912,26.49,73,1016
2026-02-04 09:00:00,Electric_Fan,electricity_coe,2620,26.49,73,1016
2026-02-04 09:00:00,Electric_Fan,fault,0,26.49,73,1016
2026-02-04 09:00:00,Electric_Fan,relay_status,last,26.49,73,1016
2026-02-04 09:00:00,Electric_Fan,overcharge_switch,False,26.49,73,1016
2026-02-04 09:00:00,Electric_Fan,light_mode,relay,26.49,73,1016
2026-02-04 09:00:00,Electric_Fan,child_lock,False,26.49,73,1016
2026-02-04 09:00:00,Electric_Fan,cycle_time,,26.49,73,1016
2026-02-04 09:00:00,Electric_Fan,random_time,,26.49,73,1016
2026-02-04 09:00:00,Electric_Fan,switch_inching,,26.49,73,1016
2026-02-04 09:10:00,Aircon,switch_1,True,26.86,73,1016
2026-02-04 09:10:00,Aircon,countdown_1,0,26.86,73,1016
2026-02-04 09:10:00,Aircon,add_ele,1,26.86,73,1016
2026-02-04 09:10:00,Aircon,cur_current,0,26.86,73,1016
2026-02-04 09:10:00,Aircon,cur_power,0,26.86,73,1016
2026-02-04 09:10:00,Aircon,cur_voltage,2335,26.86,73,1016
2026-02-04 09:10:00,Aircon,voltage_coe,567,26.86,73,1016
2026-02-04 09:10:00,Aircon,electric_coe,29676,26.86,73,1016
2026-02-04 09:10:00,Aircon,power_coe,15976,26.86,73,1016
2026-02-04 09:10:00,Aircon,electricity_coe,2610,26.86,73,1016
2026-02-04 09:10:00,Aircon,fault,0,26.86,73,1016
2026-02-04 09:10:00,Aircon,relay_status,last,26.86,73,1016
2026-02-04 09:10:00,Aircon,overcharge_switch,False,26.86,73,1016
2026-02-04 09:10:00,Aircon,light_mode,relay,26.86,73,1016
2026-02-04 09:10:00,Aircon,child_lock,False,26.86,73,1016
2026-02-04 09:10:00,Aircon,cycle_time,,26.86,73,1016
2026-02-04 09:10:00,Aircon,random_time,,26.86,73,1016
2026-02-04 09:10:00,Aircon,switch_inching,,26.86,73,1016
2026-02-04 09:10:00,Refrigerator,switch_1,True,26.86,73,1016
2026-02-04 09:10:00,Refrigerator,countdown_1,0,26.86,73,1016
2026-02-04 09:10:00,Refrigerator,add_ele,54,26.86,73,1016
2026-02-04 09:10:00,Refrigerator,cur_current,1079,26.86,73,1016
2026-02-04 09:10:00,Refrigerator,cur_power,1758,26.86,73,1016
2026-02-04 09:10:00,Refrigerator,cur_voltage,2298,26.86,73,1016
2026-02-04 09:10:00,Refrigerator,voltage_coe,559,26.86,73,1016
2026-02-04 09:10:00,Refrigerator,electric_coe,30058,26.86,73,1016
2026-02-04 09:10:00,Refrigerator,power_coe,15968,26.86,73,1016
2026-02-04 09:10:00,Refrigerator,electricity_coe,2610,26.86,73,1016
2026-02-04 09:10:00,Refrigerator,fault,0,26.86,73,1016
2026-02-04 09:10:00,Refrigerator,relay_status,last,26.86,73,1016
2026-02-04 09:10:00,Refrigerator,overcharge_switch,False,26.86,73,1016
2026-02-04 09:10:00,Refrigerator,light_mode,relay,26.86,73,1016
2026-02-04 09:10:00,Refrigerator,child_lock,False,26.86,73,1016
2026-02-04 09:10:00,Refrigerator,cycle_time,,26.86,73,1016
2026-02-04 09:10:00,Refrigerator,random_time,,26.86,73,1016
2026-02-04 09:10:00,Refrigerator,switch_inching,,26.86,73,1016
2026-02-04 09:10:00,Electric_Fan,switch_1,True,26.86,73,1016
2026-02-04 09:10:00,Electric_Fan,countdown_1,0,26.86,73,1016
2026-02-04 09:10:00,Electric_Fan,add_ele,21,26.86,73,1016
2026-02-04 09:10:00,Electric_Fan,cur_current,181,26.86,73,1016
2026-02-04 09:10:00,Electric_Fan,cur_power,417,26.86,73,1016
2026-02-04 09:10:00,Electric_Fan,cur_voltage,2290,26.86,73,1016
2026-02-04 09:10:00,Electric_Fan,voltage_coe,558,26.86,73,1016
2026-02-04 09:10:00,Electric_Fan,electric_coe,29647,26.86,73,1016
2026-02-04 09:10:00,Electric_Fan,power_coe,15912,26.86,73,1016
2026-02-04 09:10:00,Electric_Fan,electricity_coe,2620,26.86,73,1016
2026-02-04 09:10:00,Electric_Fan,fault,0,26.86,73,1016
2026-02-04 09:10:00,Electric_Fan,relay_status,last,26.86,73,1016
2026-02-04 09:10:00,Electric_Fan,overcharge_switch,False,26.86,73,1016
2026-02-04 09:10:00,Electric_Fan,light_mode,relay,26.86,73,1016
2026-02-04 09:10:00,Electric_Fan,child_lock,False,26.86,73,1016
2026-02-04 09:10:00,Electric_Fan,cycle_time,,26.86,73,1016
2026-02-04 09:10:00,Electric_Fan,random_time,,26.86,73,1016
2026-02-04 09:10:00,Electric_Fan,switch_inching,,26.86,73,1016
2026-02-04 09:20:00,Aircon,switch_1,True,27.03,72,1016
2026-02-04 09:20:00,Aircon,countdown_1,0,27.03,72,1016
2026-02-04 09:20:00,Aircon,add_ele,1,27.03,72,1016
2026-02-04 09:20:00,Aircon,cur_current,0,27.03,72,1016
2026-02-04 09:20:00,Aircon,cur_power,0,27.03,72,1016
2026-02-04 09:20:00,Aircon,cur_voltage,2335,27.03,72,1016
2026-02-04 09:20:00,Aircon,voltage_coe,567,27.03,72,1016
2026-02-04 09:20:00,Aircon,electric_coe,29676,27.03,72,1016
2026-02-04 09:20:00,Aircon,power_coe,15976,27.03,72,1016
2026-02-04 09:20:00,Aircon,electricity_coe,2610,27.03,72,1016
2026-02-04 09:20:00,Aircon,fault,0,27.03,72,1016
2026-02-04 09:20:00,Aircon,relay_status,last,27.03,72,1016
2026-02-04 09:20:00,Aircon,overcharge_switch,False,27.03,72,1016
2026-02-04 09:20:00,Aircon,light_mode,relay,27.03,72,1016
2026-02-04 09:20:00,Aircon,child_lock,False,27.03,72,1016
2026-02-04 09:20:00,Aircon,cycle_time,,27.03,72,1016
2026-02-04 09:20:00,Aircon,random_time,,27.03,72,1016
2026-02-04 09:20:00,Aircon,switch_inching,,27.03,72,1016
2026-02-04 09:20:00,Refrigerator,NO_DATA,,27.03,72,1016
2026-02-04 09:20:00,Electric_Fan,switch_1,True,27.03,72,1016
2026-02-04 09:20:00,Electric_Fan,countdown_1,0,27.03,72,1016
2026-02-04 09:20:00,Electric_Fan,add_ele,21,27.03,72,1016
2026-02-04 09:20:00,Electric_Fan,cur_current,181,27.03,72,1016
2026-02-04 09:20:00,Electric_Fan,cur_power,417,27.03,72,1016
2026-02-04 09:20:00,Electric_Fan,cur_voltage,2290,27.03,72,1016
2026-02-04 09:20:00,Electric_Fan,voltage_coe,558,27.03,72,1016
2026-02-04 09:20:00,Electric_Fan,electric_coe,29647,27.03,72,1016
2026-02-04 09:20:00,Electric_Fan,power_coe,15912,27.03,72,1016
2026-02-04 09:20:00,Electric_Fan,electricity_coe,2620,27.03,72,1016
2026-02-04 09:20:00,Electric_Fan,fault,0,27.03,72,1016
2026-02-04 09:20:00,Electric_Fan,relay_status,last,27.03,72,1016
2026-02-04 09:20:00,Electric_Fan,overcharge_switch,False,27.03,72,1016
2026-02-04 09:20:00,Electric_Fan,light_mode,relay,27.03,72,1016
2026-02-04 09:20:00,Electric_Fan,child_lock,False,27.03,72,1016
2026-02-04 09:20:00,Electric_Fan,cycle_time,,27.03,72,1016
2026-02-04 09:20:00,Electric_Fan,random_time,,27.03,72,1016
2026-02-04 09:20:00,Electric_Fan,switch_inching,,27.03,72,1016
2026-02-04 09:30:00,Aircon,switch_1,True,27.03,72,1016
2026-02-04 09:30:00,Aircon,countdown_1,0,27.03,72,1016
2026-02-04 09:30:00,Aircon,add_ele,1,27.03,72,1016
2026-02-04 09:30:00,Aircon,cur_current,0,27.03,72,1016
2026-02-04 09:30:00,Aircon,cur_power,0,27.03,72,1016
2026-02-04 09:30:00,Aircon,cur_voltage,2335,27.03,72,1016
2026-02-04 09:30:00,Aircon,voltage_coe,567,27.03,72,1016
2026-02-04 09:30:00,Aircon,electric_coe,29676,27.03,72,1016
2026-02-04 09:30:00,Aircon,power_coe,15976,27.03,72,1016
2026-02-04 09:30:00,Aircon,electricity_coe,2610,27.03,72,1016
2026-02-04 09:30:00,Aircon,fault,0,27.03,72,1016
2026-02-04 09:30:00,Aircon,relay_status,last,27.03,72,1016
2026-02-04 09:30:00,Aircon,overcharge_switch,False,27.03,72,1016
2026-02-04 09:30:00,Aircon,light_mode,relay,27.03,72,1016
2026-02-04 09:30:00,Aircon,child_lock,False,27.03,72,1016
2026-02-04 09:30:00,Aircon,cycle_time,,27.03,72,1016
2026-02-04 09:30:00,Aircon,random_time,,27.03,72,1016
2026-02-04 09:30:00,Aircon,switch_inching,,27.03,72,1016
2026-02-04 09:30:00,Refrigerator,switch_1,True,27.03,72,1016
2026-02-04 09:30:00,Refrigerator,countdown_1,0,27.03,72,1016
2026-02-04 09:30:00,Refrigerator,add_ele,54,27.03,72,1016
2026-02-04 09:30:00,Refrigerator,cur_current,0,27.03,72,1016
2026-02-04 09:30:00,Refrigerator,cur_power,0,27.03,72,1016
2026-02-04 09:30:00,Refrigerator,cur_voltage,2320,27.03,72,1016
2026-02-04 09:30:00,Refrigerator,voltage_coe,559,27.03,72,1016
2026-02-04 09:30:00,Refrigerator,electric_coe,30058,27.03,72,1016
2026-02-04 09:30:00,Refrigerator,power_coe,15968,27.03,72,1016
2026-02-04 09:30:00,Refrigerator,electricity_coe,2610,27.03,72,1016
2026-02-04 09:30:00,Refrigerator,fault,0,27.03,72,1016
2026-02-04 09:30:00,Refrigerator,relay_status,last,27.03,72,1016
2026-02-04 09:30:00,Refrigerator,overcharge_switch,False,27.03,72,1016
2026-02-04 09:30:00,Refrigerator,light_mode,relay,27.03,72,1016
2026-02-04 09:30:00,Refrigerator,child_lock,False,27.03,72,1016
2026-02-04 09:30:00,Refrigerator,cycle_time,,27.03,72,1016
2026-02-04 09:30:00,Refrigerator,random_time,,27.03,72,1016
2026-02-04 09:30:00,Refrigerator,switch_inching,,27.03,72,1016
2026-02-04 09:30:00,Electric_Fan,switch_1,True,27.03,72,1016
2026-02-04 09:30:00,Electric_Fan,countdown_1,0,27.03,72,1016
2026-02-04 09:30:00,Electric_Fan,add_ele,21,27.03,72,1016
2026-02-04 09:30:00,Electric_Fan,cur_current,181,27.03,72,1016
2026-02-04 09:30:00,Electric_Fan,cur_power,417,27.03,72,1016
2026-02-04 09:30:00,Electric_Fan,cur_voltage,2290,27.03,72,1016
2026-02-04 09:30:00,Electric_Fan,voltage_coe,558,27.03,72,1016
2026-02-04 09:30:00,Electric_Fan,electric_coe,29647,27.03,72,1016
2026-02-04 09:30:00,Electric_Fan,power_coe,15912,27.03,72,1016
2026-02-04 09:30:00,Electric_Fan,electricity_coe,2620,27.03,72,1016
2026-02-04 09:30:00,Electric_Fan,fault,0,27.03,72,1016
2026-02-04 09:30:00,Electric_Fan,relay_status,last,27.03,72,1016
2026-02-04 09:30:00,Electric_Fan,overcharge_switch,False,27.03,72,1016
2026-02-04 09:30:00,Electric_Fan,light_mode,relay,27.03,72,1016
2026-02-04 09:30:00,Electric_Fan,child_lock,False,27.03,72,1016
2026-02-04 09:30:00,Electric_Fan,cycle_time,,27.03,72,1016
2026-02-04 09:30:00,Electric_Fan,random_time,,27.03,72,1016
2026-02-04 09:30:00,Electric_Fan,switch_inching,,27.03,72,1016
2026-02-04 09:40:00,Aircon,switch_1,True,27.45,71,1016
2026-02-04 09:40:00,Aircon,countdown_1,0,27.45,71,1016
2026-02-04 09:40:00,Aircon,add_ele,1,27.45,71,1016
2026-02-04 09:40:00,Aircon,cur_current,0,27.45,71,1016
2026-02-04 09:40:00,Aircon,cur_power,0,27.45,71,1016
2026-02-04 09:40:00,Aircon,cur_voltage,2349,27.45,71,1016
2026-02-04 09:40:00,Aircon,voltage_coe,567,27.45,71,1016
2026-02-04 09:40:00,Aircon,electric_coe,29676,27.45,71,1016
2026-02-04 09:40:00,Aircon,power_coe,15976,27.45,71,1016
2026-02-04 09:40:00,Aircon,electricity_coe,2610,27.45,71,1016
2026-02-04 09:40:00,Aircon,fault,0,27.45,71,1016
2026-02-04 09:40:00,Aircon,relay_status,last,27.45,71,1016
2026-02-04 09:40:00,Aircon,overcharge_switch,False,27.45,71,1016
2026-02-04 09:40:00,Aircon,light_mode,relay,27.45,71,1016
2026-02-04 09:40:00,Aircon,child_lock,False,27.45,71,1016
2026-02-04 09:40:00,Aircon,cycle_time,,27.45,71,1016
2026-02-04 09:40:00,Aircon,random_time,,27.45,71,1016
2026-02-04 09:40:00,Aircon,switch_inching,,27.45,71,1016
2026-02-04 09:40:00,Refrigerator,switch_1,True,27.45,71,1016
2026-02-04 09:40:00,Refrigerator,countdown_1,0,27.45,71,1016
2026-02-04 09:40:00,Refrigerator,add_ele,28,27.45,71,1016
2026-02-04 09:40:00,Refrigerator,cur_current,0,27.45,71,1016
2026-02-04 09:40:00,Refrigerator,cur_power,0,27.45,71,1016
2026-02-04 09:40:00,Refrigerator,cur_voltage,2320,27.45,71,1016
2026-02-04 09:40:00,Refrigerator,voltage_coe,559,27.45,71,1016
2026-02-04 09:40:00,Refrigerator,electric_coe,30058,27.45,71,1016
2026-02-04 09:40:00,Refrigerator,power_coe,15968,27.45,71,1016
2026-02-04 09:40:00,Refrigerator,electricity_coe,2610,27.45,71,1016
2026-02-04 09:40:00,Refrigerator,fault,0,27.45,71,1016
2026-02-04 09:40:00,Refrigerator,relay_status,last,27.45,71,1016
2026-02-04 09:40:00,Refrigerator,overcharge_switch,False,27.45,71,1016
2026-02-04 09:40:00,Refrigerator,light_mode,relay,27.45,71,1016
2026-02-04 09:40:00,Refrigerator,child_lock,False,27.45,71,1016
2026-02-04 09:40:00,Refrigerator,cycle_time,,27.45,71,1016
2026-02-04 09:40:00,Refrigerator,random_time,,27.45,71,1016
2026-02-04 09:40:00,Refrigerator,switch_inching,,27.45,71,1016
2026-02-04 09:40:00,Electric_Fan,switch_1,True,27.45,71,1016
2026-02-04 09:40:00,Electric_Fan,countdown_1,0,27.45,71,1016
2026-02-04 09:40:00,Electric_Fan,add_ele,21,27.45,71,1016
2026-02-04 09:40:00,Electric_Fan,cur_current,181,27.45,71,1016
2026-02-04 09:40:00,Electric_Fan,cur_power,417,27.45,71,1016
2026-02-04 09:40:00,Electric_Fan,cur_voltage,2290,27.45,71,1016
2026-02-04 09:40:00,Electric_Fan,voltage_coe,558,27.45,71,1016
2026-02-04 09:40:00,Electric_Fan,electric_coe,29647,27.45,71,1016
2026-02-04 09:40:00,Electric_Fan,power_coe,15912,27.45,71,1016
2026-02-04 09:40:00,Electric_Fan,electricity_coe,2620,27.45,71,1016
2026-02-04 09:40:00,Electric_Fan,fault,0,27.45,71,1016
2026-02-04 09:40:00,Electric_Fan,relay_status,last,27.45,71,1016
2026-02-04 09:40:00,Electric_Fan,overcharge_switch,False,27.45,71,1016
2026-02-04 09:40:00,Electric_Fan,light_mode,relay,27.45,71,1016
2026-02-04 09:40:00,Electric_Fan,child_lock,False,27.45,71,1016
2026-02-04 09:40:00,Electric_Fan,cycle_time,,27.45,71,1016
2026-02-04 09:40:00,Electric_Fan,random_time,,27.45,71,1016
2026-02-04 09:40:00,Electric_Fan,switch_inching,,27.45,71,1016
2026-02-04 09:50:00,Aircon,switch_1,True,27.82,71,1016
2026-02-04 09:50:00,Aircon,countdown_1,0,27.82,71,1016
2026-02-04 09:50:00,Aircon,add_ele,1,27.82,71,1016
2026-02-04 09:50:00,Aircon,cur_current,0,27.82,71,1016
2026-02-04 09:50:00,Aircon,cur_power,0,27.82,71,1016
2026-02-04 09:50:00,Aircon,cur_voltage,2349,27.82,71,1016
2026-02-04 09:50:00,Aircon,voltage_coe,567,27.82,71,1016
2026-02-04 09:50:00,Aircon,electric_coe,29676,27.82,71,1016
2026-02-04 09:50:00,Aircon,power_coe,15976,27.82,71,1016
2026-02-04 09:50:00,Aircon,electricity_coe,2610,27.82,71,1016
2026-02-04 09:50:00,Aircon,fault,0,27.82,71,1016
2026-02-04 09:50:00,Aircon,relay_status,last,27.82,71,1016
2026-02-04 09:50:00,Aircon,overcharge_switch,False,27.82,71,1016
2026-02-04 09:50:00,Aircon,light_mode,relay,27.82,71,1016
2026-02-04 09:50:00,Aircon,child_lock,False,27.82,71,1016
2026-02-04 09:50:00,Aircon,cycle_time,,27.82,71,1016
2026-02-04 09:50:00,Aircon,random_time,,27.82,71,1016
2026-02-04 09:50:00,Aircon,switch_inching,,27.82,71,1016
2026-02-04 09:50:00,Refrigerator,switch_1,True,27.82,71,1016
2026-02-04 09:50:00,Refrigerator,countdown_1,0,27.82,71,1016
2026-02-04 09:50:00,Refrigerator,add_ele,28,27.82,71,1016
2026-02-04 09:50:00,Refrigerator,cur_current,0,27.82,71,1016
2026-02-04 09:50:00,Refrigerator,cur_power,0,27.82,71,1016
2026-02-04 09:50:00,Refrigerator,cur_voltage,2320,27.82,71,1016
2026-02-04 09:50:00,Refrigerator,voltage_coe,559,27.82,71,1016
2026-02-04 09:50:00,Refrigerator,electric_coe,30058,27.82,71,1016
2026-02-04 09:50:00,Refrigerator,power_coe,15968,27.82,71,1016
2026-02-04 09:50:00,Refrigerator,electricity_coe,2610,27.82,71,1016
2026-02-04 09:50:00,Refrigerator,fault,0,27.82,71,1016
2026-02-04 09:50:00,Refrigerator,relay_status,last,27.82,71,1016
2026-02-04 09:50:00,Refrigerator,overcharge_switch,False,27.82,71,1016
2026-02-04 09:50:00,Refrigerator,light_mode,relay,27.82,71,1016
2026-02-04 09:50:00,Refrigerator,child_lock,False,27.82,71,1016
2026-02-04 09:50:00,Refrigerator,cycle_time,,27.82,71,1016
2026-02-04 09:50:00,Refrigerator,random_time,,27.82,71,1016
2026-02-04 09:50:00,Refrigerator,switch_inching,,27.82,71,1016
2026-02-04 09:50:00,Electric_Fan,switch_1,True,27.82,71,1016
2026-02-04 09:50:00,Electric_Fan,countdown_1,0,27.82,71,1016
2026-02-04 09:50:00,Electric_Fan,add_ele,21,27.82,71,1016
2026-02-04 09:50:00,Electric_Fan,cur_current,181,27.82,71,1016
2026-02-04 09:50:00,Electric_Fan,cur_power,417,27.82,71,1016
2026-02-04 09:50:00,Electric_Fan,cur_voltage,2290,27.82,71,1016
2026-02-04 09:50:00,Electric_Fan,voltage_coe,558,27.82,71,1016
2026-02-04 09:50:00,Electric_Fan,electric_coe,29647,27.82,71,1016
2026-02-04 09:50:00,Electric_Fan,power_coe,15912,27.82,71,1016
2026-02-04 09:50:00,Electric_Fan,electricity_coe,2620,27.82,71,1016
2026-02-04 09:50:00,Electric_Fan,fault,0,27.82,71,1016
2026-02-04 09:50:00,Electric_Fan,relay_status,last,27.82,71,1016
2026-02-04 09:50:00,Electric_Fan,overcharge_switch,False,27.82,71,1016
2026-02-04 09:50:00,Electric_Fan,light_mode,relay,27.82,71,1016
2026-02-04 09:50:00,Electric_Fan,child_lock,False,27.82,71,1016
2026-02-04 09:50:00,Electric_Fan,cycle_time,,27.82,71,1016
2026-02-04 09:50:00,Electric_Fan,random_time,,27.82,71,1016
2026-02-04 09:50:00,Electric_Fan,switch_inching,,27.82,71,1016
2026-02-04 10:00:00,Aircon,switch_1,True,27.52,71,1016
2026-02-04 10:00:00,Aircon,countdown_1,0,27.52,71,1016
2026-02-04 10:00:00,Aircon,add_ele,1,27.52,71,1016
2026-02-04 10:00:00,Aircon,cur_current,0,27.52,71,1016
2026-02-04 10:00:00,Aircon,cur_power,0,27.52,71,1016
2026-02-04 10:00:00,Aircon,cur_voltage,2349,27.52,71,1016
2026-02-04 10:00:00,Aircon,voltage_coe,567,27.52,71,1016
2026-02-04 10:00:00,Aircon,electric_coe,29676,27.52,71,1016
2026-02-04 10:00:00,Aircon,power_coe,15976,27.52,71,1016
2026-02-04 10:00:00,Aircon,electricity_coe,2610,27.52,71,1016
2026-02-04 10:00:00,Aircon,fault,0,27.52,71,1016
2026-02-04 10:00:00,Aircon,relay_status,last,27.52,71,1016
2026-02-04 10:00:00,Aircon,overcharge_switch,False,27.52,71,1016
2026-02-04 10:00:00,Aircon,light_mode,relay,27.52,71,1016
2026-02-04 10:00:00,Aircon,child_lock,False,27.52,71,1016
2026-02-04 10:00:00,Aircon,cycle_time,,27.52,71,1016
2026-02-04 10:00:00,Aircon,random_time,,27.52,71,1016
2026-02-04 10:00:00,Aircon,switch_inching,,27.52,71,1016
2026-02-04 10:00:00,Refrigerator,switch_1,True,27.52,71,1016
2026-02-04 10:00:00,Refrigerator,countdown_1,0,27.52,71,1016
2026-02-04 10:00:00,Refrigerator,add_ele,28,27.52,71,1016
2026-02-04 10:00:00,Refrigerator,cur_current,1106,27.52,71,1016
2026-02-04 10:00:00,Refrigerator,cur_power,1801,27.52,71,1016
2026-02-04 10:00:00,Refrigerator,cur_voltage,2298,27.52,71,1016
2026-02-04 10:00:00,Refrigerator,voltage_coe,559,27.52,71,1016
2026-02-04 10:00:00,Refrigerator,electric_coe,30058,27.52,71,1016
2026-02-04 10:00:00,Refrigerator,power_coe,15968,27.52,71,1016
2026-02-04 10:00:00,Refrigerator,electricity_coe,2610,27.52,71,1016
2026-02-04 10:00:00,Refrigerator,fault,0,27.52,71,1016
2026-02-04 10:00:00,Refrigerator,relay_status,last,27.52,71,1016
2026-02-04 10:00:00,Refrigerator,overcharge_switch,False,27.52,71,1016
2026-02-04 10:00:00,Refrigerator,light_mode,relay,27.52,71,1016
2026-02-04 10:00:00,Refrigerator,child_lock,False,27.52,71,1016
2026-02-04 10:00:00,Refrigerator,cycle_time,,27.52,71,1016
2026-02-04 10:00:00,Refrigerator,random_time,,27.52,71,1016
2026-02-04 10:00:00,Refrigerator,switch_inching,,27.52,71,1016
2026-02-04 10:00:00,Electric_Fan,switch_1,True,27.52,71,1016
2026-02-04 10:00:00,Electric_Fan,countdown_1,0,27.52,71,1016
2026-02-04 10:00:00,Electric_Fan,add_ele,21,27.52,71,1016
2026-02-04 10:00:00,Electric_Fan,cur_current,181,27.52,71,1016
2026-02-04 10:00:00,Electric_Fan,cur_power,417,27.52,71,1016
2026-02-04 10:00:00,Electric_Fan,cur_voltage,2290,27.52,71,1016
2026-02-04 10:00:00,Electric_Fan,voltage_coe,558,27.52,71,1016
2026-02-04 10:00:00,Electric_Fan,electric_coe,29647,27.52,71,1016
2026-02-04 10:00:00,Electric_Fan,power_coe,15912,27.52,71,1016
2026-02-04 10:00:00,Electric_Fan,electricity_coe,2620,27.52,71,1016
2026-02-04 10:00:00,Electric_Fan,fault,0,27.52,71,1016
2026-02-04 10:00:00,Electric_Fan,relay_status,last,27.52,71,1016
2026-02-04 10:00:00,Electric_Fan,overcharge_switch,False,27.52,71,1016
2026-02-04 10:00:00,Electric_Fan,light_mode,relay,27.52,71,1016
2026-02-04 10:00:00,Electric_Fan,child_lock,False,27.52,71,1016
2026-02-04 10:00:00,Electric_Fan,cycle_time,,27.52,71,1016
2026-02-04 10:00:00,Electric_Fan,random_time,,27.52,71,1016
2026-02-04 10:00:00,Electric_Fan,switch_inching,,27.52,71,1016
2026-02-04 10:10:00,Aircon,switch_1,True,27.72,69,1016
2026-02-04 10:10:00,Aircon,countdown_1,0,27.72,69,1016
2026-02-04 10:10:00,Aircon,add_ele,1,27.72,69,1016
2026-02-04 10:10:00,Aircon,cur_current,0,27.72,69,1016
2026-02-04 10:10:00,Aircon,cur_power,0,27.72,69,1016
2026-02-04 10:10:00,Aircon,cur_voltage,2349,27.72,69,1016
2026-02-04 10:10:00,Aircon,voltage_coe,567,27.72,69,1016
2026-02-04 10:10:00,Aircon,electric_coe,29676,27.72,69,1016
2026-02-04 10:10:00,Aircon,power_coe,15976,27.72,69,1016
2026-02-04 10:10:00,Aircon,electricity_coe,2610,27.72,69,1016
2026-02-04 10:10:00,Aircon,fault,0,27.72,69,1016
2026-02-04 10:10:00,Aircon,relay_status,last,27.72,69,1016
2026-02-04 10:10:00,Aircon,overcharge_switch,False,27.72,69,1016
2026-02-04 10:10:00,Aircon,light_mode,relay,27.72,69,1016
2026-02-04 10:10:00,Aircon,child_lock,False,27.72,69,1016
2026-02-04 10:10:00,Aircon,cycle_time,,27.72,69,1016
2026-02-04 10:10:00,Aircon,random_time,,27.72,69,1016
2026-02-04 10:10:00,Aircon,switch_inching,,27.72,69,1016
2026-02-04 10:10:00,Refrigerator,switch_1,True,27.72,69,1016
2026-02-04 10:10:00,Refrigerator,countdown_1,0,27.72,69,1016
2026-02-04 10:10:00,Refrigerator,add_ele,34,27.72,69,1016
2026-02-04 10:10:00,Refrigerator,cur_current,1106,27.72,69,1016
2026-02-04 10:10:00,Refrigerator,cur_power,1801,27.72,69,1016
2026-02-04 10:10:00,Refrigerator,cur_voltage,2298,27.72,69,1016
2026-02-04 10:10:00,Refrigerator,voltage_coe,559,27.72,69,1016
2026-02-04 10:10:00,Refrigerator,electric_coe,30058,27.72,69,1016
2026-02-04 10:10:00,Refrigerator,power_coe,15968,27.72,69,1016
2026-02-04 10:10:00,Refrigerator,electricity_coe,2610,27.72,69,1016
2026-02-04 10:10:00,Refrigerator,fault,0,27.72,69,1016
2026-02-04 10:10:00,Refrigerator,relay_status,last,27.72,69,1016
2026-02-04 10:10:00,Refrigerator,overcharge_switch,False,27.72,69,1016
2026-02-04 10:10:00,Refrigerator,light_mode,relay,27.72,69,1016
2026-02-04 10:10:00,Refrigerator,child_lock,False,27.72,69,1016
2026-02-04 10:10:00,Refrigerator,cycle_time,,27.72,69,1016
2026-02-04 10:10:00,Refrigerator,random_time,,27.72,69,1016
2026-02-04 10:10:00,Refrigerator,switch_inching,,27.72,69,1016
2026-02-04 10:10:00,Electric_Fan,switch_1,True,27.72,69,1016
2026-02-04 10:10:00,Electric_Fan,countdown_1,0,27.72,69,1016
2026-02-04 10:10:00,Electric_Fan,add_ele,21,27.72,69,1016
2026-02-04 10:10:00,Electric_Fan,cur_current,181,27.72,69,1016
2026-02-04 10:10:00,Electric_Fan,cur_power,417,27.72,69,1016
2026-02-04 10:10:00,Electric_Fan,cur_voltage,2290,27.72,69,1016
2026-02-04 10:10:00,Electric_Fan,voltage_coe,558,27.72,69,1016
2026-02-04 10:10:00,Electric_Fan,electric_coe,29647,27.72,69,1016
2026-02-04 10:10:00,Electric_Fan,power_coe,15912,27.72,69,1016
2026-02-04 10:10:00,Electric_Fan,electricity_coe,2620,27.72,69,1016
2026-02-04 10:10:00,Electric_Fan,fault,0,27.72,69,1016
2026-02-04 10:10:00,Electric_Fan,relay_status,last,27.72,69,1016
2026-02-04 10:10:00,Electric_Fan,overcharge_switch,False,27.72,69,1016
2026-02-04 10:10:00,Electric_Fan,light_mode,relay,27.72,69,1016
2026-02-04 10:10:00,Electric_Fan,child_lock,False,27.72,69,1016
2026-02-04 10:10:00,Electric_Fan,cycle_time,,27.72,69,1016
2026-02-04 10:10:00,Electric_Fan,random_time,,27.72,69,1016
2026-02-04 10:10:00,Electric_Fan,switch_inching,,27.72,69,1016
2026-02-04 10:20:00,Aircon,switch_1,True,28.25,72,1016
2026-02-04 10:20:00,Aircon,countdown_1,0,28.25,72,1016
2026-02-04 10:20:00,Aircon,add_ele,1,28.25,72,1016
2026-02-04 10:20:00,Aircon,cur_current,0,28.25,72,1016
2026-02-04 10:20:00,Aircon,cur_power,0,28.25,72,1016
2026-02-04 10:20:00,Aircon,cur_voltage,2349,28.25,72,1016
2026-02-04 10:20:00,Aircon,voltage_coe,567,28.25,72,1016
2026-02-04 10:20:00,Aircon,electric_coe,29676,28.25,72,1016
2026-02-04 10:20:00,Aircon,power_coe,15976,28.25,72,1016
2026-02-04 10:20:00,Aircon,electricity_coe,2610,28.25,72,1016
2026-02-04 10:20:00,Aircon,fault,0,28.25,72,1016
2026-02-04 10:20:00,Aircon,relay_status,last,28.25,72,1016
2026-02-04 10:20:00,Aircon,overcharge_switch,False,28.25,72,1016
2026-02-04 10:20:00,Aircon,light_mode,relay,28.25,72,1016
2026-02-04 10:20:00,Aircon,child_lock,False,28.25,72,1016
2026-02-04 10:20:00,Aircon,cycle_time,,28.25,72,1016
2026-02-04 10:20:00,Aircon,random_time,,28.25,72,1016
2026-02-04 10:20:00,Aircon,switch_inching,,28.25,72,1016
2026-02-04 10:20:00,Refrigerator,switch_1,True,28.25,72,1016
2026-02-04 10:20:00,Refrigerator,countdown_1,0,28.25,72,1016
2026-02-04 10:20:00,Refrigerator,add_ele,34,28.25,72,1016
2026-02-04 10:20:00,Refrigerator,cur_current,1106,28.25,72,1016
2026-02-04 10:20:00,Refrigerator,cur_power,1801,28.25,72,1016
2026-02-04 10:20:00,Refrigerator,cur_voltage,2298,28.25,72,1016
2026-02-04 10:20:00,Refrigerator,voltage_coe,559,28.25,72,1016
2026-02-04 10:20:00,Refrigerator,electric_coe,30058,28.25,72,1016
2026-02-04 10:20:00,Refrigerator,power_coe,15968,28.25,72,1016
2026-02-04 10:20:00,Refrigerator,electricity_coe,2610,28.25,72,1016
2026-02-04 10:20:00,Refrigerator,fault,0,28.25,72,1016
2026-02-04 10:20:00,Refrigerator,relay_status,last,28.25,72,1016
2026-02-04 10:20:00,Refrigerator,overcharge_switch,False,28.25,72,1016
2026-02-04 10:20:00,Refrigerator,light_mode,relay,28.25,72,1016
2026-02-04 10:20:00,Refrigerator,child_lock,False,28.25,72,1016
2026-02-04 10:20:00,Refrigerator,cycle_time,,28.25,72,1016
2026-02-04 10:20:00,Refrigerator,random_time,,28.25,72,1016
2026-02-04 10:20:00,Refrigerator,switch_inching,,28.25,72,1016
2026-02-04 10:20:00,Electric_Fan,switch_1,True,28.25,72,1016
2026-02-04 10:20:00,Electric_Fan,countdown_1,0,28.25,72,1016
2026-02-04 10:20:00,Electric_Fan,add_ele,21,28.25,72,1016
2026-02-04 10:20:00,Electric_Fan,cur_current,181,28.25,72,1016
2026-02-04 10:20:00,Electric_Fan,cur_power,417,28.25,72,1016
2026-02-04 10:20:00,Electric_Fan,cur_voltage,2290,28.25,72,1016
2026-02-04 10:20:00,Electric_Fan,voltage_coe,558,28.25,72,1016
2026-02-04 10:20:00,Electric_Fan,electric_coe,29647,28.25,72,1016
2026-02-04 10:20:00,Electric_Fan,power_coe,15912,28.25,72,1016
2026-02-04 10:20:00,Electric_Fan,electricity_coe,2620,28.25,72,1016
2026-02-04 10:20:00,Electric_Fan,fault,0,28.25,72,1016
2026-02-04 10:20:00,Electric_Fan,relay_status,last,28.25,72,1016
2026-02-04 10:20:00,Electric_Fan,overcharge_switch,False,28.25,72,1016
2026-02-04 10:20:00,Electric_Fan,light_mode,relay,28.25,72,1016
2026-02-04 10:20:00,Electric_Fan,child_lock,False,28.25,72,1016
2026-02-04 10:20:00,Electric_Fan,cycle_time,,28.25,72,1016
2026-02-04 10:20:00,Electric_Fan,random_time,,28.25,72,1016
2026-02-04 10:20:00,Electric_Fan,switch_inching,,28.25,72,1016
2026-02-04 10:30:00,Aircon,switch_1,True,28.25,71,1016
2026-02-04 10:30:00,Aircon,countdown_1,0,28.25,71,1016
2026-02-04 10:30:00,Aircon,add_ele,1,28.25,71,1016
2026-02-04 10:30:00,Aircon,cur_current,0,28.25,71,1016
2026-02-04 10:30:00,Aircon,cur_power,0,28.25,71,1016
2026-02-04 10:30:00,Aircon,cur_voltage,2349,28.25,71,1016
2026-02-04 10:30:00,Aircon,voltage_coe,567,28.25,71,1016
2026-02-04 10:30:00,Aircon,electric_coe,29676,28.25,71,1016
2026-02-04 10:30:00,Aircon,power_coe,15976,28.25,71,1016
2026-02-04 10:30:00,Aircon,electricity_coe,2610,28.25,71,1016
2026-02-04 10:30:00,Aircon,fault,0,28.25,71,1016
2026-02-04 10:30:00,Aircon,relay_status,last,28.25,71,1016
2026-02-04 10:30:00,Aircon,overcharge_switch,False,28.25,71,1016
2026-02-04 10:30:00,Aircon,light_mode,relay,28.25,71,1016
2026-02-04 10:30:00,Aircon,child_lock,False,28.25,71,1016
2026-02-04 10:30:00,Aircon,cycle_time,,28.25,71,1016
2026-02-04 10:30:00,Aircon,random_time,,28.25,71,1016
2026-02-04 10:30:00,Aircon,switch_inching,,28.25,71,1016
2026-02-04 10:30:00,Refrigerator,switch_1,True,28.25,71,1016
2026-02-04 10:30:00,Refrigerator,countdown_1,0,28.25,71,1016
2026-02-04 10:30:00,Refrigerator,add_ele,34,28.25,71,1016
2026-02-04 10:30:00,Refrigerator,cur_current,0,28.25,71,1016
2026-02-04 10:30:00,Refrigerator,cur_power,0,28.25,71,1016
2026-02-04 10:30:00,Refrigerator,cur_voltage,2320,28.25,71,1016
2026-02-04 10:30:00,Refrigerator,voltage_coe,559,28.25,71,1016
2026-02-04 10:30:00,Refrigerator,electric_coe,30058,28.25,71,1016
2026-02-04 10:30:00,Refrigerator,power_coe,15968,28.25,71,1016
2026-02-04 10:30:00,Refrigerator,electricity_coe,2610,28.25,71,1016
2026-02-04 10:30:00,Refrigerator,fault,0,28.25,71,1016
2026-02-04 10:30:00,Refrigerator,relay_status,last,28.25,71,1016
2026-02-04 10:30:00,Refrigerator,overcharge_switch,False,28.25,71,1016
2026-02-04 10:30:00,Refrigerator,light_mode,relay,28.25,71,1016
2026-02-04 10:30:00,Refrigerator,child_lock,False,28.25,71,1016
2026-02-04 10:30:00,Refrigerator,cycle_time,,28.25,71,1016
2026-02-04 10:30:00,Refrigerator,random_time,,28.25,71,1016
2026-02-04 10:30:00,Refrigerator,switch_inching,,28.25,71,1016
2026-02-04 10:30:00,Electric_Fan,switch_1,True,28.25,71,1016
2026-02-04 10:30:00,Electric_Fan,countdown_1,0,28.25,71,1016
2026-02-04 10:30:00,Electric_Fan,add_ele,21,28.25,71,1016
2026-02-04 10:30:00,Electric_Fan,cur_current,181,28.25,71,1016
2026-02-04 10:30:00,Electric_Fan,cur_power,417,28.25,71,1016
2026-02-04 10:30:00,Electric_Fan,cur_voltage,2290,28.25,71,1016
2026-02-04 10:30:00,Electric_Fan,voltage_coe,558,28.25,71,1016
2026-02-04 10:30:00,Electric_Fan,electric_coe,29647,28.25,71,1016
2026-02-04 10:30:00,Electric_Fan,power_coe,15912,28.25,71,1016
2026-02-04 10:30:00,Electric_Fan,electricity_coe,2620,28.25,71,1016
2026-02-04 10:30:00,Electric_Fan,fault,0,28.25,71,1016
2026-02-04 10:30:00,Electric_Fan,relay_status,last,28.25,71,1016
2026-02-04 10:30:00,Electric_Fan,overcharge_switch,False,28.25,71,1016
2026-02-04 10:30:00,Electric_Fan,light_mode,relay,28.25,71,1016
2026-02-04 10:30:00,Electric_Fan,child_lock,False,28.25,71,1016
2026-02-04 10:30:00,Electric_Fan,cycle_time,,28.25,71,1016
2026-02-04 10:30:00,Electric_Fan,random_time,,28.25,71,1016
2026-02-04 10:30:00,Electric_Fan,switch_inching,,28.25,71,1016
2026-02-04 10:40:00,Aircon,switch_1,True,28.25,71,1016
2026-02-04 10:40:00,Aircon,countdown_1,0,28.25,71,1016
2026-02-04 10:40:00,Aircon,add_ele,1,28.25,71,1016
2026-02-04 10:40:00,Aircon,cur_current,0,28.25,71,1016
2026-02-04 10:40:00,Aircon,cur_power,0,28.25,71,1016
2026-02-04 10:40:00,Aircon,cur_voltage,2349,28.25,71,1016
2026-02-04 10:40:00,Aircon,voltage_coe,567,28.25,71,1016
2026-02-04 10:40:00,Aircon,electric_coe,29676,28.25,71,1016
2026-02-04 10:40:00,Aircon,power_coe,15976,28.25,71,1016
2026-02-04 10:40:00,Aircon,electricity_coe,2610,28.25,71,1016
2026-02-04 10:40:00,Aircon,fault,0,28.25,71,1016
2026-02-04 10:40:00,Aircon,relay_status,last,28.25,71,1016
2026-02-04 10:40:00,Aircon,overcharge_switch,False,28.25,71,1016
2026-02-04 10:40:00,Aircon,light_mode,relay,28.25,71,1016
2026-02-04 10:40:00,Aircon,child_lock,False,28.25,71,1016
2026-02-04 10:40:00,Aircon,cycle_time,,28.25,71,1016
2026-02-04 10:40:00,Aircon,random_time,,28.25,71,1016
2026-02-04 10:40:00,Aircon,switch_inching,,28.25,71,1016
2026-02-04 10:40:00,Refrigerator,switch_1,True,28.25,71,1016
2026-02-04 10:40:00,Refrigerator,countdown_1,0,28.25,71,1016
2026-02-04 10:40:00,Refrigerator,add_ele,47,28.25,71,1016
2026-02-04 10:40:00,Refrigerator,cur_current,0,28.25,71,1016
2026-02-04 10:40:00,Refrigerator,cur_power,0,28.25,71,1016
2026-02-04 10:40:00,Refrigerator,cur_voltage,2320,28.25,71,1016
2026-02-04 10:40:00,Refrigerator,voltage_coe,559,28.25,71,1016
2026-02-04 10:40:00,Refrigerator,electric_coe,30058,28.25,71,1016
2026-02-04 10:40:00,Refrigerator,power_coe,15968,28.25,71,1016
2026-02-04 10:40:00,Refrigerator,electricity_coe,2610,28.25,71,1016
2026-02-04 10:40:00,Refrigerator,fault,0,28.25,71,1016
2026-02-04 10:40:00,Refrigerator,relay_status,last,28.25,71,1016
2026-02-04 10:40:00,Refrigerator,overcharge_switch,False,28.25,71,1016
2026-02-04 10:40:00,Refrigerator,light_mode,relay,28.25,71,1016
2026-02-04 10:40:00,Refrigerator,child_lock,False,28.25,71,1016
2026-02-04 10:40:00,Refrigerator,cycle_time,,28.25,71,1016
2026-02-04 10:40:00,Refrigerator,random_time,,28.25,71,1016
2026-02-04 10:40:00,Refrigerator,switch_inching,,28.25,71,1016
2026-02-04 10:40:00,Electric_Fan,switch_1,True,28.25,71,1016
2026-02-04 10:40:00,Electric_Fan,countdown_1,0,28.25,71,1016
2026-02-04 10:40:00,Electric_Fan,add_ele,21,28.25,71,1016
2026-02-04 10:40:00,Electric_Fan,cur_current,181,28.25,71,1016
2026-02-04 10:40:00,Electric_Fan,cur_power,417,28.25,71,1016
2026-02-04 10:40:00,Electric_Fan,cur_voltage,2290,28.25,71,1016
2026-02-04 10:40:00,Electric_Fan,voltage_coe,558,28.25,71,1016
2026-02-04 10:40:00,Electric_Fan,electric_coe,29647,28.25,71,1016
2026-02-04 10:40:00,Electric_Fan,power_coe,15912,28.25,71,1016
2026-02-04 10:40:00,Electric_Fan,electricity_coe,2620,28.25,71,1016
2026-02-04 10:40:00,Electric_Fan,fault,0,28.25,71,1016
2026-02-04 10:40:00,Electric_Fan,relay_status,last,28.25,71,1016
2026-02-04 10:40:00,Electric_Fan,overcharge_switch,False,28.25,71,1016
2026-02-04 10:40:00,Electric_Fan,light_mode,relay,28.25,71,1016
2026-02-04 10:40:00,Electric_Fan,child_lock,False,28.25,71,1016
2026-02-04 10:40:00,Electric_Fan,cycle_time,,28.25,71,1016
2026-02-04 10:40:00,Electric_Fan,random_time,,28.25,71,1016
2026-02-04 10:40:00,Electric_Fan,switch_inching,,28.25,71,1016
2026-02-04 10:50:00,Aircon,switch_1,True,28.31,71,1015
2026-02-04 10:50:00,Aircon,countdown_1,0,28.31,71,1015
2026-02-04 10:50:00,Aircon,add_ele,1,28.31,71,1015
2026-02-04 10:50:00,Aircon,cur_current,0,28.31,71,1015
2026-02-04 10:50:00,Aircon,cur_power,0,28.31,71,1015
2026-02-04 10:50:00,Aircon,cur_voltage,2349,28.31,71,1015
2026-02-04 10:50:00,Aircon,voltage_coe,567,28.31,71,1015
2026-02-04 10:50:00,Aircon,electric_coe,29676,28.31,71,1015
2026-02-04 10:50:00,Aircon,power_coe,15976,28.31,71,1015
2026-02-04 10:50:00,Aircon,electricity_coe,2610,28.31,71,1015
2026-02-04 10:50:00,Aircon,fault,0,28.31,71,1015
2026-02-04 10:50:00,Aircon,relay_status,last,28.31,71,1015
2026-02-04 10:50:00,Aircon,overcharge_switch,False,28.31,71,1015
2026-02-04 10:50:00,Aircon,light_mode,relay,28.31,71,1015
2026-02-04 10:50:00,Aircon,child_lock,False,28.31,71,1015
2026-02-04 10:50:00,Aircon,cycle_time,,28.31,71,1015
2026-02-04 10:50:00,Aircon,random_time,,28.31,71,1015
2026-02-04 10:50:00,Aircon,switch_inching,,28.31,71,1015
2026-02-04 10:50:00,Refrigerator,switch_1,True,28.31,71,1015
2026-02-04 10:50:00,Refrigerator,countdown_1,0,28.31,71,1015
2026-02-04 10:50:00,Refrigerator,add_ele,47,28.31,71,1015
2026-02-04 10:50:00,Refrigerator,cur_current,0,28.31,71,1015
2026-02-04 10:50:00,Refrigerator,cur_power,0,28.31,71,1015
2026-02-04 10:50:00,Refrigerator,cur_voltage,2320,28.31,71,1015
2026-02-04 10:50:00,Refrigerator,voltage_coe,559,28.31,71,1015
2026-02-04 10:50:00,Refrigerator,electric_coe,30058,28.31,71,1015
2026-02-04 10:50:00,Refrigerator,power_coe,15968,28.31,71,1015
2026-02-04 10:50:00,Refrigerator,electricity_coe,2610,28.31,71,1015
2026-02-04 10:50:00,Refrigerator,fault,0,28.31,71,1015
2026-02-04 10:50:00,Refrigerator,relay_status,last,28.31,71,1015
2026-02-04 10:50:00,Refrigerator,overcharge_switch,False,28.31,71,1015
2026-02-04 10:50:00,Refrigerator,light_mode,relay,28.31,71,1015
2026-02-04 10:50:00,Refrigerator,child_lock,False,28.31,71,1015
2026-02-04 10:50:00,Refrigerator,cycle_time,,28.31,71,1015
2026-02-04 10:50:00,Refrigerator,random_time,,28.31,71,1015
2026-02-04 10:50:00,Refrigerator,switch_inching,,28.31,71,1015
2026-02-04 10:50:00,Electric_Fan,switch_1,True,28.31,71,1015
2026-02-04 10:50:00,Electric_Fan,countdown_1,0,28.31,71,1015
2026-02-04 10:50:00,Electric_Fan,add_ele,21,28.31,71,1015
2026-02-04 10:50:00,Electric_Fan,cur_current,181,28.31,71,1015
2026-02-04 10:50:00,Electric_Fan,cur_power,417,28.31,71,1015
2026-02-04 10:50:00,Electric_Fan,cur_voltage,2290,28.31,71,1015
2026-02-04 10:50:00,Electric_Fan,voltage_coe,558,28.31,71,1015
2026-02-04 10:50:00,Electric_Fan,electric_coe,29647,28.31,71,1015
2026-02-04 10:50:00,Electric_Fan,power_coe,15912,28.31,71,1015
2026-02-04 10:50:00,Electric_Fan,electricity_coe,2620,28.31,71,1015
2026-02-04 10:50:00,Electric_Fan,fault,0,28.31,71,1015
2026-02-04 10:50:00,Electric_Fan,relay_status,last,28.31,71,1015
2026-02-04 10:50:00,Electric_Fan,overcharge_switch,False,28.31,71,1015
2026-02-04 10:50:00,Electric_Fan,light_mode,relay,28.31,71,1015
2026-02-04 10:50:00,Electric_Fan,child_lock,False,28.31,71,1015
2026-02-04 10:50:00,Electric_Fan,cycle_time,,28.31,71,1015
2026-02-04 10:50:00,Electric_Fan,random_time,,28.31,71,1015
2026-02-04 10:50:00,Electric_Fan,switch_inching,,28.31,71,1015
2026-02-04 11:00:00,Aircon,switch_1,True,28.31,71,1015
2026-02-04 11:00:00,Aircon,countdown_1,0,28.31,71,1015
2026-02-04 11:00:00,Aircon,add_ele,1,28.31,71,1015
2026-02-04 11:00:00,Aircon,cur_current,0,28.31,71,1015
2026-02-04 11:00:00,Aircon,cur_power,0,28.31,71,1015
2026-02-04 11:00:00,Aircon,cur_voltage,2349,28.31,71,1015
2026-02-04 11:00:00,Aircon,voltage_coe,567,28.31,71,1015
2026-02-04 11:00:00,Aircon,electric_coe,29676,28.31,71,1015
2026-02-04 11:00:00,Aircon,power_coe,15976,28.31,71,1015
2026-02-04 11:00:00,Aircon,electricity_coe,2610,28.31,71,1015
2026-02-04 11:00:00,Aircon,fault,0,28.31,71,1015
2026-02-04 11:00:00,Aircon,relay_status,last,28.31,71,1015
2026-02-04 11:00:00,Aircon,overcharge_switch,False,28.31,71,1015
2026-02-04 11:00:00,Aircon,light_mode,relay,28.31,71,1015
2026-02-04 11:00:00,Aircon,child_lock,False,28.31,71,1015
2026-02-04 11:00:00,Aircon,cycle_time,,28.31,71,1015
2026-02-04 11:00:00,Aircon,random_time,,28.31,71,1015
2026-02-04 11:00:00,Aircon,switch_inching,,28.31,71,1015
2026-02-04 11:00:00,Refrigerator,switch_1,True,28.31,71,1015
2026-02-04 11:00:00,Refrigerator,countdown_1,0,28.31,71,1015
2026-02-04 11:00:00,Refrigerator,add_ele,47,28.31,71,1015
2026-02-04 11:00:00,Refrigerator,cur_current,0,28.31,71,1015
2026-02-04 11:00:00,Refrigerator,cur_power,0,28.31,71,1015
2026-02-04 11:00:00,Refrigerator,cur_voltage,2320,28.31,71,1015
2026-02-04 11:00:00,Refrigerator,voltage_coe,559,28.31,71,1015
2026-02-04 11:00:00,Refrigerator,electric_coe,30058,28.31,71,1015
2026-02-04 11:00:00,Refrigerator,power_coe,15968,28.31,71,1015
2026-02-04 11:00:00,Refrigerator,electricity_coe,2610,28.31,71,1015
2026-02-04 11:00:00,Refrigerator,fault,0,28.31,71,1015
2026-02-04 11:00:00,Refrigerator,relay_status,last,28.31,71,1015
2026-02-04 11:00:00,Refrigerator,overcharge_switch,False,28.31,71,1015
2026-02-04 11:00:00,Refrigerator,light_mode,relay,28.31,71,1015
2026-02-04 11:00:00,Refrigerator,child_lock,False,28.31,71,1015
2026-02-04 11:00:00,Refrigerator,cycle_time,,28.31,71,1015
2026-02-04 11:00:00,Refrigerator,random_time,,28.31,71,1015
2026-02-04 11:00:00,Refrigerator,switch_inching,,28.31,71,1015
2026-02-04 11:00:00,Electric_Fan,switch_1,True,28.31,71,1015
2026-02-04 11:00:00,Electric_Fan,countdown_1,0,28.31,71,1015
2026-02-04 11:00:00,Electric_Fan,add_ele,21,28.31,71,1015
2026-02-04 11:00:00,Electric_Fan,cur_current,181,28.31,71,1015
2026-02-04 11:00:00,Electric_Fan,cur_power,417,28.31,71,1015
2026-02-04 11:00:00,Electric_Fan,cur_voltage,2290,28.31,71,1015
2026-02-04 11:00:00,Electric_Fan,voltage_coe,558,28.31,71,1015
2026-02-04 11:00:00,Electric_Fan,electric_coe,29647,28.31,71,1015
2026-02-04 11:00:00,Electric_Fan,power_coe,15912,28.31,71,1015
2026-02-04 11:00:00,Electric_Fan,electricity_coe,2620,28.31,71,1015
2026-02-04 11:00:00,Electric_Fan,fault,0,28.31,71,1015
2026-02-04 11:00:00,Electric_Fan,relay_status,last,28.31,71,1015
2026-02-04 11:00:00,Electric_Fan,overcharge_switch,False,28.31,71,1015
2026-02-04 11:00:00,Electric_Fan,light_mode,relay,28.31,71,1015
2026-02-04 11:00:00,Electric_Fan,child_lock,False,28.31,71,1015
2026-02-04 11:00:00,Electric_Fan,cycle_time,,28.31,71,1015
2026-02-04 11:00:00,Electric_Fan,random_time,,28.31,71,1015
2026-02-04 11:00:00,Electric_Fan,switch_inching,,28.31,71,1015
2026-02-04 11:10:00,Aircon,switch_1,True,29.27,70,1016
2026-02-04 11:10:00,Aircon,countdown_1,0,29.27,70,1016
2026-02-04 11:10:00,Aircon,add_ele,1,29.27,70,1016
2026-02-04 11:10:00,Aircon,cur_current,0,29.27,70,1016
2026-02-04 11:10:00,Aircon,cur_power,0,29.27,70,1016
2026-02-04 11:10:00,Aircon,cur_voltage,2349,29.27,70,1016
2026-02-04 11:10:00,Aircon,voltage_coe,567,29.27,70,1016
2026-02-04 11:10:00,Aircon,electric_coe,29676,29.27,70,1016
2026-02-04 11:10:00,Aircon,power_coe,15976,29.27,70,1016
2026-02-04 11:10:00,Aircon,electricity_coe,2610,29.27,70,1016
2026-02-04 11:10:00,Aircon,fault,0,29.27,70,1016
2026-02-04 11:10:00,Aircon,relay_status,last,29.27,70,1016
2026-02-04 11:10:00,Aircon,overcharge_switch,False,29.27,70,1016
2026-02-04 11:10:00,Aircon,light_mode,relay,29.27,70,1016
2026-02-04 11:10:00,Aircon,child_lock,False,29.27,70,1016
2026-02-04 11:10:00,Aircon,cycle_time,,29.27,70,1016
2026-02-04 11:10:00,Aircon,random_time,,29.27,70,1016
2026-02-04 11:10:00,Aircon,switch_inching,,29.27,70,1016
2026-02-04 11:10:00,Refrigerator,switch_1,True,29.27,70,1016
2026-02-04 11:10:00,Refrigerator,countdown_1,0,29.27,70,1016
2026-02-04 11:10:00,Refrigerator,add_ele,10,29.27,70,1016
2026-02-04 11:10:00,Refrigerator,cur_current,1117,29.27,70,1016
2026-02-04 11:10:00,Refrigerator,cur_power,1850,29.27,70,1016
2026-02-04 11:10:00,Refrigerator,cur_voltage,2324,29.27,70,1016
2026-02-04 11:10:00,Refrigerator,voltage_coe,559,29.27,70,1016
2026-02-04 11:10:00,Refrigerator,electric_coe,30058,29.27,70,1016
2026-02-04 11:10:00,Refrigerator,power_coe,15968,29.27,70,1016
2026-02-04 11:10:00,Refrigerator,electricity_coe,2610,29.27,70,1016
2026-02-04 11:10:00,Refrigerator,fault,0,29.27,70,1016
2026-02-04 11:10:00,Refrigerator,relay_status,last,29.27,70,1016
2026-02-04 11:10:00,Refrigerator,overcharge_switch,False,29.27,70,1016
2026-02-04 11:10:00,Refrigerator,light_mode,relay,29.27,70,1016
2026-02-04 11:10:00,Refrigerator,child_lock,False,29.27,70,1016
2026-02-04 11:10:00,Refrigerator,cycle_time,,29.27,70,1016
2026-02-04 11:10:00,Refrigerator,random_time,,29.27,70,1016
2026-02-04 11:10:00,Refrigerator,switch_inching,,29.27,70,1016
2026-02-04 11:10:00,Electric_Fan,switch_1,True,29.27,70,1016
2026-02-04 11:10:00,Electric_Fan,countdown_1,0,29.27,70,1016
2026-02-04 11:10:00,Electric_Fan,add_ele,21,29.27,70,1016
2026-02-04 11:10:00,Electric_Fan,cur_current,181,29.27,70,1016
2026-02-04 11:10:00,Electric_Fan,cur_power,417,29.27,70,1016
2026-02-04 11:10:00,Electric_Fan,cur_voltage,2290,29.27,70,1016
2026-02-04 11:10:00,Electric_Fan,voltage_coe,558,29.27,70,1016
2026-02-04 11:10:00,Electric_Fan,electric_coe,29647,29.27,70,1016
2026-02-04 11:10:00,Electric_Fan,power_coe,15912,29.27,70,1016
2026-02-04 11:10:00,Electric_Fan,electricity_coe,2620,29.27,70,1016
2026-02-04 11:10:00,Electric_Fan,fault,0,29.27,70,1016
2026-02-04 11:10:00,Electric_Fan,relay_status,last,29.27,70,1016
2026-02-04 11:10:00,Electric_Fan,overcharge_switch,False,29.27,70,1016
2026-02-04 11:10:00,Electric_Fan,light_mode,relay,29.27,70,1016
2026-02-04 11:10:00,Electric_Fan,child_lock,False,29.27,70,1016
2026-02-04 11:10:00,Electric_Fan,cycle_time,,29.27,70,1016
2026-02-04 11:10:00,Electric_Fan,random_time,,29.27,70,1016
2026-02-04 11:10:00,Electric_Fan,switch_inching,,29.27,70,1016
2026-02-04 11:20:00,Aircon,switch_1,True,28.91,69,1015
2026-02-04 11:20:00,Aircon,countdown_1,0,28.91,69,1015
2026-02-04 11:20:00,Aircon,add_ele,1,28.91,69,1015
2026-02-04 11:20:00,Aircon,cur_current,0,28.91,69,1015
2026-02-04 11:20:00,Aircon,cur_power,0,28.91,69,1015
2026-02-04 11:20:00,Aircon,cur_voltage,2349,28.91,69,1015
2026-02-04 11:20:00,Aircon,voltage_coe,567,28.91,69,1015
2026-02-04 11:20:00,Aircon,electric_coe,29676,28.91,69,1015
2026-02-04 11:20:00,Aircon,power_coe,15976,28.91,69,1015
2026-02-04 11:20:00,Aircon,electricity_coe,2610,28.91,69,1015
2026-02-04 11:20:00,Aircon,fault,0,28.91,69,1015
2026-02-04 11:20:00,Aircon,relay_status,last,28.91,69,1015
2026-02-04 11:20:00,Aircon,overcharge_switch,False,28.91,69,1015
2026-02-04 11:20:00,Aircon,light_mode,relay,28.91,69,1015
2026-02-04 11:20:00,Aircon,child_lock,False,28.91,69,1015
2026-02-04 11:20:00,Aircon,cycle_time,,28.91,69,1015
2026-02-04 11:20:00,Aircon,random_time,,28.91,69,1015
2026-02-04 11:20:00,Aircon,switch_inching,,28.91,69,1015
2026-02-04 11:20:00,Refrigerator,switch_1,True,28.91,69,1015
2026-02-04 11:20:00,Refrigerator,countdown_1,0,28.91,69,1015
2026-02-04 11:20:00,Refrigerator,add_ele,10,28.91,69,1015
2026-02-04 11:20:00,Refrigerator,cur_current,1117,28.91,69,1015
2026-02-04 11:20:00,Refrigerator,cur_power,1850,28.91,69,1015
2026-02-04 11:20:00,Refrigerator,cur_voltage,2324,28.91,69,1015
2026-02-04 11:20:00,Refrigerator,voltage_coe,559,28.91,69,1015
2026-02-04 11:20:00,Refrigerator,electric_coe,30058,28.91,69,1015
2026-02-04 11:20:00,Refrigerator,power_coe,15968,28.91,69,1015
2026-02-04 11:20:00,Refrigerator,electricity_coe,2610,28.91,69,1015
2026-02-04 11:20:00,Refrigerator,fault,0,28.91,69,1015
2026-02-04 11:20:00,Refrigerator,relay_status,last,28.91,69,1015
2026-02-04 11:20:00,Refrigerator,overcharge_switch,False,28.91,69,1015
2026-02-04 11:20:00,Refrigerator,light_mode,relay,28.91,69,1015
2026-02-04 11:20:00,Refrigerator,child_lock,False,28.91,69,1015
2026-02-04 11:20:00,Refrigerator,cycle_time,,28.91,69,1015
2026-02-04 11:20:00,Refrigerator,random_time,,28.91,69,1015
2026-02-04 11:20:00,Refrigerator,switch_inching,,28.91,69,1015
2026-02-04 11:20:00,Electric_Fan,switch_1,True,28.91,69,1015
2026-02-04 11:20:00,Electric_Fan,countdown_1,0,28.91,69,1015
2026-02-04 11:20:00,Electric_Fan,add_ele,21,28.91,69,1015
2026-02-04 11:20:00,Electric_Fan,cur_current,181,28.91,69,1015
2026-02-04 11:20:00,Electric_Fan,cur_power,417,28.91,69,1015
2026-02-04 11:20:00,Electric_Fan,cur_voltage,2290,28.91,69,1015
2026-02-04 11:20:00,Electric_Fan,voltage_coe,558,28.91,69,1015
2026-02-04 11:20:00,Electric_Fan,electric_coe,29647,28.91,69,1015
2026-02-04 11:20:00,Electric_Fan,power_coe,15912,28.91,69,1015
2026-02-04 11:20:00,Electric_Fan,electricity_coe,2620,28.91,69,1015
2026-02-04 11:20:00,Electric_Fan,fault,0,28.91,69,1015
2026-02-04 11:20:00,Electric_Fan,relay_status,last,28.91,69,1015
2026-02-04 11:20:00,Electric_Fan,overcharge_switch,False,28.91,69,1015
2026-02-04 11:20:00,Electric_Fan,light_mode,relay,28.91,69,1015
2026-02-04 11:20:00,Electric_Fan,child_lock,False,28.91,69,1015
2026-02-04 11:20:00,Electric_Fan,cycle_time,,28.91,69,1015
2026-02-04 11:20:00,Electric_Fan,random_time,,28.91,69,1015
2026-02-04 11:20:00,Electric_Fan,switch_inching,,28.91,69,1015
2026-02-04 11:30:00,Aircon,switch_1,True,28.91,69,1015
2026-02-04 11:30:00,Aircon,countdown_1,0,28.91,69,1015
2026-02-04 11:30:00,Aircon,add_ele,1,28.91,69,1015
2026-02-04 11:30:00,Aircon,cur_current,0,28.91,69,1015
2026-02-04 11:30:00,Aircon,cur_power,0,28.91,69,1015
2026-02-04 11:30:00,Aircon,cur_voltage,2349,28.91,69,1015
2026-02-04 11:30:00,Aircon,voltage_coe,567,28.91,69,1015
2026-02-04 11:30:00,Aircon,electric_coe,29676,28.91,69,1015
2026-02-04 11:30:00,Aircon,power_coe,15976,28.91,69,1015
2026-02-04 11:30:00,Aircon,electricity_coe,2610,28.91,69,1015
2026-02-04 11:30:00,Aircon,fault,0,28.91,69,1015
2026-02-04 11:30:00,Aircon,relay_status,last,28.91,69,1015
2026-02-04 11:30:00,Aircon,overcharge_switch,False,28.91,69,1015
2026-02-04 11:30:00,Aircon,light_mode,relay,28.91,69,1015
2026-02-04 11:30:00,Aircon,child_lock,False,28.91,69,1015
2026-02-04 11:30:00,Aircon,cycle_time,,28.91,69,1015
2026-02-04 11:30:00,Aircon,random_time,,28.91,69,1015
2026-02-04 11:30:00,Aircon,switch_inching,,28.91,69,1015
2026-02-04 11:30:00,Refrigerator,switch_1,True,28.91,69,1015
2026-02-04 11:30:00,Refrigerator,countdown_1,0,28.91,69,1015
2026-02-04 11:30:00,Refrigerator,add_ele,10,28.91,69,1015
2026-02-04 11:30:00,Refrigerator,cur_current,1117,28.91,69,1015
2026-02-04 11:30:00,Refrigerator,cur_power,1850,28.91,69,1015
2026-02-04 11:30:00,Refrigerator,cur_voltage,2324,28.91,69,1015
2026-02-04 11:30:00,Refrigerator,voltage_coe,559,28.91,69,1015
2026-02-04 11:30:00,Refrigerator,electric_coe,30058,28.91,69,1015
2026-02-04 11:30:00,Refrigerator,power_coe,15968,28.91,69,1015
2026-02-04 11:30:00,Refrigerator,electricity_coe,2610,28.91,69,1015
2026-02-04 11:30:00,Refrigerator,fault,0,28.91,69,1015
2026-02-04 11:30:00,Refrigerator,relay_status,last,28.91,69,1015
2026-02-04 11:30:00,Refrigerator,overcharge_switch,False,28.91,69,1015
2026-02-04 11:30:00,Refrigerator,light_mode,relay,28.91,69,1015
2026-02-04 11:30:00,Refrigerator,child_lock,False,28.91,69,1015
2026-02-04 11:30:00,Refrigerator,cycle_time,,28.91,69,1015
2026-02-04 11:30:00,Refrigerator,random_time,,28.91,69,1015
2026-02-04 11:30:00,Refrigerator,switch_inching,,28.91,69,1015
2026-02-04 11:30:00,Electric_Fan,switch_1,True,28.91,69,1015
2026-02-04 11:30:00,Electric_Fan,countdown_1,0,28.91,69,1015
2026-02-04 11:30:00,Electric_Fan,add_ele,21,28.91,69,1015
2026-02-04 11:30:00,Electric_Fan,cur_current,181,28.91,69,1015
2026-02-04 11:30:00,Electric_Fan,cur_power,417,28.91,69,1015
2026-02-04 11:30:00,Electric_Fan,cur_voltage,2290,28.91,69,1015
2026-02-04 11:30:00,Electric_Fan,voltage_coe,558,28.91,69,1015
2026-02-04 11:30:00,Electric_Fan,electric_coe,29647,28.91,69,1015
2026-02-04 11:30:00,Electric_Fan,power_coe,15912,28.91,69,1015
2026-02-04 11:30:00,Electric_Fan,electricity_coe,2620,28.91,69,1015
2026-02-04 11:30:00,Electric_Fan,fault,0,28.91,69,1015
2026-02-04 11:30:00,Electric_Fan,relay_status,last,28.91,69,1015
2026-02-04 11:30:00,Electric_Fan,overcharge_switch,False,28.91,69,1015
2026-02-04 11:30:00,Electric_Fan,light_mode,relay,28.91,69,1015
2026-02-04 11:30:00,Electric_Fan,child_lock,False,28.91,69,1015
2026-02-04 11:30:00,Electric_Fan,cycle_time,,28.91,69,1015
2026-02-04 11:30:00,Electric_Fan,random_time,,28.91,69,1015
2026-02-04 11:30:00,Electric_Fan,switch_inching,,28.91,69,1015
2026-02-04 11:40:00,Aircon,switch_1,True,28.91,69,1015
2026-02-04 11:40:00,Aircon,countdown_1,0,28.91,69,1015
2026-02-04 11:40:00,Aircon,add_ele,1,28.91,69,1015
2026-02-04 11:40:00,Aircon,cur_current,0,28.91,69,1015
2026-02-04 11:40:00,Aircon,cur_power,0,28.91,69,1015
2026-02-04 11:40:00,Aircon,cur_voltage,2358,28.91,69,1015
2026-02-04 11:40:00,Aircon,voltage_coe,567,28.91,69,1015
2026-02-04 11:40:00,Aircon,electric_coe,29676,28.91,69,1015
2026-02-04 11:40:00,Aircon,power_coe,15976,28.91,69,1015
2026-02-04 11:40:00,Aircon,electricity_coe,2610,28.91,69,1015
2026-02-04 11:40:00,Aircon,fault,0,28.91,69,1015
2026-02-04 11:40:00,Aircon,relay_status,last,28.91,69,1015
2026-02-04 11:40:00,Aircon,overcharge_switch,False,28.91,69,1015
2026-02-04 11:40:00,Aircon,light_mode,relay,28.91,69,1015
2026-02-04 11:40:00,Aircon,child_lock,False,28.91,69,1015
2026-02-04 11:40:00,Aircon,cycle_time,,28.91,69,1015
2026-02-04 11:40:00,Aircon,random_time,,28.91,69,1015
2026-02-04 11:40:00,Aircon,switch_inching,,28.91,69,1015
2026-02-04 11:40:00,Refrigerator,switch_1,True,28.91,69,1015
2026-02-04 11:40:00,Refrigerator,countdown_1,0,28.91,69,1015
2026-02-04 11:40:00,Refrigerator,add_ele,77,28.91,69,1015
2026-02-04 11:40:00,Refrigerator,cur_current,0,28.91,69,1015
2026-02-04 11:40:00,Refrigerator,cur_power,0,28.91,69,1015
2026-02-04 11:40:00,Refrigerator,cur_voltage,2338,28.91,69,1015
2026-02-04 11:40:00,Refrigerator,voltage_coe,559,28.91,69,1015
2026-02-04 11:40:00,Refrigerator,electric_coe,30058,28.91,69,1015
2026-02-04 11:40:00,Refrigerator,power_coe,15968,28.91,69,1015
2026-02-04 11:40:00,Refrigerator,electricity_coe,2610,28.91,69,1015
2026-02-04 11:40:00,Refrigerator,fault,0,28.91,69,1015
2026-02-04 11:40:00,Refrigerator,relay_status,last,28.91,69,1015
2026-02-04 11:40:00,Refrigerator,overcharge_switch,False,28.91,69,1015
2026-02-04 11:40:00,Refrigerator,light_mode,relay,28.91,69,1015
2026-02-04 11:40:00,Refrigerator,child_lock,False,28.91,69,1015
2026-02-04 11:40:00,Refrigerator,cycle_time,,28.91,69,1015
2026-02-04 11:40:00,Refrigerator,random_time,,28.91,69,1015
2026-02-04 11:40:00,Refrigerator,switch_inching,,28.91,69,1015
2026-02-04 11:40:00,Electric_Fan,switch_1,True,28.91,69,1015
2026-02-04 11:40:00,Electric_Fan,countdown_1,0,28.91,69,1015
2026-02-04 11:40:00,Electric_Fan,add_ele,21,28.91,69,1015
2026-02-04 11:40:00,Electric_Fan,cur_current,181,28.91,69,1015
2026-02-04 11:40:00,Electric_Fan,cur_power,417,28.91,69,1015
2026-02-04 11:40:00,Electric_Fan,cur_voltage,2290,28.91,69,1015
2026-02-04 11:40:00,Electric_Fan,voltage_coe,558,28.91,69,1015
2026-02-04 11:40:00,Electric_Fan,electric_coe,29647,28.91,69,1015
2026-02-04 11:40:00,Electric_Fan,power_coe,15912,28.91,69,1015
2026-02-04 11:40:00,Electric_Fan,electricity_coe,2620,28.91,69,1015
2026-02-04 11:40:00,Electric_Fan,fault,0,28.91,69,1015
2026-02-04 11:40:00,Electric_Fan,relay_status,last,28.91,69,1015
2026-02-04 11:40:00,Electric_Fan,overcharge_switch,False,28.91,69,1015
2026-02-04 11:40:00,Electric_Fan,light_mode,relay,28.91,69,1015
2026-02-04 11:40:00,Electric_Fan,child_lock,False,28.91,69,1015
2026-02-04 11:40:00,Electric_Fan,cycle_time,,28.91,69,1015
2026-02-04 11:40:00,Electric_Fan,random_time,,28.91,69,1015
2026-02-04 11:40:00,Electric_Fan,switch_inching,,28.91,69,1015
2026-02-04 11:50:00,Aircon,switch_1,True,29.21,69,1015
2026-02-04 11:50:00,Aircon,countdown_1,0,29.21,69,1015
2026-02-04 11:50:00,Aircon,add_ele,1,29.21,69,1015
2026-02-04 11:50:00,Aircon,cur_current,0,29.21,69,1015
2026-02-04 11:50:00,Aircon,cur_power,0,29.21,69,1015
2026-02-04 11:50:00,Aircon,cur_voltage,2358,29.21,69,1015
2026-02-04 11:50:00,Aircon,voltage_coe,567,29.21,69,1015
2026-02-04 11:50:00,Aircon,electric_coe,29676,29.21,69,1015
2026-02-04 11:50:00,Aircon,power_coe,15976,29.21,69,1015
2026-02-04 11:50:00,Aircon,electricity_coe,2610,29.21,69,1015
2026-02-04 11:50:00,Aircon,fault,0,29.21,69,1015
2026-02-04 11:50:00,Aircon,relay_status,last,29.21,69,1015
2026-02-04 11:50:00,Aircon,overcharge_switch,False,29.21,69,1015
2026-02-04 11:50:00,Aircon,light_mode,relay,29.21,69,1015
2026-02-04 11:50:00,Aircon,child_lock,False,29.21,69,1015
2026-02-04 11:50:00,Aircon,cycle_time,,29.21,69,1015
2026-02-04 11:50:00,Aircon,random_time,,29.21,69,1015
2026-02-04 11:50:00,Aircon,switch_inching,,29.21,69,1015
2026-02-04 11:50:00,Refrigerator,switch_1,True,29.21,69,1015
2026-02-04 11:50:00,Refrigerator,countdown_1,0,29.21,69,1015
2026-02-04 11:50:00,Refrigerator,add_ele,77,29.21,69,1015
2026-02-04 11:50:00,Refrigerator,cur_current,0,29.21,69,1015
2026-02-04 11:50:00,Refrigerator,cur_power,0,29.21,69,1015
2026-02-04 11:50:00,Refrigerator,cur_voltage,2338,29.21,69,1015
2026-02-04 11:50:00,Refrigerator,voltage_coe,559,29.21,69,1015
2026-02-04 11:50:00,Refrigerator,electric_coe,30058,29.21,69,1015
2026-02-04 11:50:00,Refrigerator,power_coe,15968,29.21,69,1015
2026-02-04 11:50:00,Refrigerator,electricity_coe,2610,29.21,69,1015
2026-02-04 11:50:00,Refrigerator,fault,0,29.21,69,1015
2026-02-04 11:50:00,Refrigerator,relay_status,last,29.21,69,1015
2026-02-04 11:50:00,Refrigerator,overcharge_switch,False,29.21,69,1015
2026-02-04 11:50:00,Refrigerator,light_mode,relay,29.21,69,1015
2026-02-04 11:50:00,Refrigerator,child_lock,False,29.21,69,1015
2026-02-04 11:50:00,Refrigerator,cycle_time,,29.21,69,1015
2026-02-04 11:50:00,Refrigerator,random_time,,29.21,69,1015
2026-02-04 11:50:00,Refrigerator,switch_inching,,29.21,69,1015
2026-02-04 11:50:00,Electric_Fan,switch_1,True,29.21,69,1015
2026-02-04 11:50:00,Electric_Fan,countdown_1,0,29.21,69,1015
2026-02-04 11:50:00,Electric_Fan,add_ele,21,29.21,69,1015
2026-02-04 11:50:00,Electric_Fan,cur_current,181,29.21,69,1015
2026-02-04 11:50:00,Electric_Fan,cur_power,417,29.21,69,1015
2026-02-04 11:50:00,Electric_Fan,cur_voltage,2290,29.21,69,1015
2026-02-04 11:50:00,Electric_Fan,voltage_coe,558,29.21,69,1015
2026-02-04 11:50:00,Electric_Fan,electric_coe,29647,29.21,69,1015
2026-02-04 11:50:00,Electric_Fan,power_coe,15912,29.21,69,1015
2026-02-04 11:50:00,Electric_Fan,electricity_coe,2620,29.21,69,1015
2026-02-04 11:50:00,Electric_Fan,fault,0,29.21,69,1015
2026-02-04 11:50:00,Electric_Fan,relay_status,last,29.21,69,1015
2026-02-04 11:50:00,Electric_Fan,overcharge_switch,False,29.21,69,1015
2026-02-04 11:50:00,Electric_Fan,light_mode,relay,29.21,69,1015
2026-02-04 11:50:00,Electric_Fan,child_lock,False,29.21,69,1015
2026-02-04 11:50:00,Electric_Fan,cycle_time,,29.21,69,1015
2026-02-04 11:50:00,Electric_Fan,random_time,,29.21,69,1015
2026-02-04 11:50:00,Electric_Fan,switch_inching,,29.21,69,1015
2026-02-04 12:00:00,Aircon,switch_1,True,29.83,64,1015
2026-02-04 12:00:00,Aircon,countdown_1,0,29.83,64,1015
2026-02-04 12:00:00,Aircon,add_ele,1,29.83,64,1015
2026-02-04 12:00:00,Aircon,cur_current,0,29.83,64,1015
2026-02-04 12:00:00,Aircon,cur_power,0,29.83,64,1015
2026-02-04 12:00:00,Aircon,cur_voltage,2358,29.83,64,1015
2026-02-04 12:00:00,Aircon,voltage_coe,567,29.83,64,1015
2026-02-04 12:00:00,Aircon,electric_coe,29676,29.83,64,1015
2026-02-04 12:00:00,Aircon,power_coe,15976,29.83,64,1015
2026-02-04 12:00:00,Aircon,electricity_coe,2610,29.83,64,1015
2026-02-04 12:00:00,Aircon,fault,0,29.83,64,1015
2026-02-04 12:00:00,Aircon,relay_status,last,29.83,64,1015
2026-02-04 12:00:00,Aircon,overcharge_switch,False,29.83,64,1015
2026-02-04 12:00:00,Aircon,light_mode,relay,29.83,64,1015
2026-02-04 12:00:00,Aircon,child_lock,False,29.83,64,1015
2026-02-04 12:00:00,Aircon,cycle_time,,29.83,64,1015
2026-02-04 12:00:00,Aircon,random_time,,29.83,64,1015
2026-02-04 12:00:00,Aircon,switch_inching,,29.83,64,1015
2026-02-04 12:00:00,Refrigerator,switch_1,True,29.83,64,1015
2026-02-04 12:00:00,Refrigerator,countdown_1,0,29.83,64,1015
2026-02-04 12:00:00,Refrigerator,add_ele,77,29.83,64,1015
2026-02-04 12:00:00,Refrigerator,cur_current,0,29.83,64,1015
2026-02-04 12:00:00,Refrigerator,cur_power,0,29.83,64,1015
2026-02-04 12:00:00,Refrigerator,cur_voltage,2338,29.83,64,1015
2026-02-04 12:00:00,Refrigerator,voltage_coe,559,29.83,64,1015
2026-02-04 12:00:00,Refrigerator,electric_coe,30058,29.83,64,1015
2026-02-04 12:00:00,Refrigerator,power_coe,15968,29.83,64,1015
2026-02-04 12:00:00,Refrigerator,electricity_coe,2610,29.83,64,1015
2026-02-04 12:00:00,Refrigerator,fault,0,29.83,64,1015
2026-02-04 12:00:00,Refrigerator,relay_status,last,29.83,64,1015
2026-02-04 12:00:00,Refrigerator,overcharge_switch,False,29.83,64,1015
2026-02-04 12:00:00,Refrigerator,light_mode,relay,29.83,64,1015
2026-02-04 12:00:00,Refrigerator,child_lock,False,29.83,64,1015
2026-02-04 12:00:00,Refrigerator,cycle_time,,29.83,64,1015
2026-02-04 12:00:00,Refrigerator,random_time,,29.83,64,1015
2026-02-04 12:00:00,Refrigerator,switch_inching,,29.83,64,1015
2026-02-04 12:00:00,Electric_Fan,switch_1,True,29.83,64,1015
2026-02-04 12:00:00,Electric_Fan,countdown_1,0,29.83,64,1015
2026-02-04 12:00:00,Electric_Fan,add_ele,21,29.83,64,1015
2026-02-04 12:00:00,Electric_Fan,cur_current,181,29.83,64,1015
2026-02-04 12:00:00,Electric_Fan,cur_power,417,29.83,64,1015
2026-02-04 12:00:00,Electric_Fan,cur_voltage,2290,29.83,64,1015
2026-02-04 12:00:00,Electric_Fan,voltage_coe,558,29.83,64,1015
2026-02-04 12:00:00,Electric_Fan,electric_coe,29647,29.83,64,1015
2026-02-04 12:00:00,Electric_Fan,power_coe,15912,29.83,64,1015
2026-02-04 12:00:00,Electric_Fan,electricity_coe,2620,29.83,64,1015
2026-02-04 12:00:00,Electric_Fan,fault,0,29.83,64,1015
2026-02-04 12:00:00,Electric_Fan,relay_status,last,29.83,64,1015
2026-02-04 12:00:00,Electric_Fan,overcharge_switch,False,29.83,64,1015
2026-02-04 12:00:00,Electric_Fan,light_mode,relay,29.83,64,1015
2026-02-04 12:00:00,Electric_Fan,child_lock,False,29.83,64,1015
2026-02-04 12:00:00,Electric_Fan,cycle_time,,29.83,64,1015
2026-02-04 12:00:00,Electric_Fan,random_time,,29.83,64,1015
2026-02-04 12:00:00,Electric_Fan,switch_inching,,29.83,64,1015
2026-02-04 12:10:00,Aircon,switch_1,True,29.7,67,1015
2026-02-04 12:10:00,Aircon,countdown_1,0,29.7,67,1015
2026-02-04 12:10:00,Aircon,add_ele,1,29.7,67,1015
2026-02-04 12:10:00,Aircon,cur_current,0,29.7,67,1015
2026-02-04 12:10:00,Aircon,cur_power,0,29.7,67,1015
2026-02-04 12:10:00,Aircon,cur_voltage,2358,29.7,67,1015
2026-02-04 12:10:00,Aircon,voltage_coe,567,29.7,67,1015
2026-02-04 12:10:00,Aircon,electric_coe,29676,29.7,67,1015
2026-02-04 12:10:00,Aircon,power_coe,15976,29.7,67,1015
2026-02-04 12:10:00,Aircon,electricity_coe,2610,29.7,67,1015
2026-02-04 12:10:00,Aircon,fault,0,29.7,67,1015
2026-02-04 12:10:00,Aircon,relay_status,last,29.7,67,1015
2026-02-04 12:10:00,Aircon,overcharge_switch,False,29.7,67,1015
2026-02-04 12:10:00,Aircon,light_mode,relay,29.7,67,1015
2026-02-04 12:10:00,Aircon,child_lock,False,29.7,67,1015
2026-02-04 12:10:00,Aircon,cycle_time,,29.7,67,1015
2026-02-04 12:10:00,Aircon,random_time,,29.7,67,1015
2026-02-04 12:10:00,Aircon,switch_inching,,29.7,67,1015
2026-02-04 12:10:00,Refrigerator,switch_1,True,29.7,67,1015
2026-02-04 12:10:00,Refrigerator,countdown_1,0,29.7,67,1015
2026-02-04 12:10:00,Refrigerator,add_ele,7,29.7,67,1015
2026-02-04 12:10:00,Refrigerator,cur_current,1114,29.7,67,1015
2026-02-04 12:10:00,Refrigerator,cur_power,1791,29.7,67,1015
2026-02-04 12:10:00,Refrigerator,cur_voltage,2333,29.7,67,1015
2026-02-04 12:10:00,Refrigerator,voltage_coe,559,29.7,67,1015
2026-02-04 12:10:00,Refrigerator,electric_coe,30058,29.7,67,1015
2026-02-04 12:10:00,Refrigerator,power_coe,15968,29.7,67,1015
2026-02-04 12:10:00,Refrigerator,electricity_coe,2610,29.7,67,1015
2026-02-04 12:10:00,Refrigerator,fault,0,29.7,67,1015
2026-02-04 12:10:00,Refrigerator,relay_status,last,29.7,67,1015
2026-02-04 12:10:00,Refrigerator,overcharge_switch,False,29.7,67,1015
2026-02-04 12:10:00,Refrigerator,light_mode,relay,29.7,67,1015
2026-02-04 12:10:00,Refrigerator,child_lock,False,29.7,67,1015
2026-02-04 12:10:00,Refrigerator,cycle_time,,29.7,67,1015
2026-02-04 12:10:00,Refrigerator,random_time,,29.7,67,1015
2026-02-04 12:10:00,Refrigerator,switch_inching,,29.7,67,1015
2026-02-04 12:10:00,Electric_Fan,switch_1,True,29.7,67,1015
2026-02-04 12:10:00,Electric_Fan,countdown_1,0,29.7,67,1015
2026-02-04 12:10:00,Electric_Fan,add_ele,21,29.7,67,1015
2026-02-04 12:10:00,Electric_Fan,cur_current,181,29.7,67,1015
2026-02-04 12:10:00,Electric_Fan,cur_power,417,29.7,67,1015
2026-02-04 12:10:00,Electric_Fan,cur_voltage,2290,29.7,67,1015
2026-02-04 12:10:00,Electric_Fan,voltage_coe,558,29.7,67,1015
2026-02-04 12:10:00,Electric_Fan,electric_coe,29647,29.7,67,1015
2026-02-04 12:10:00,Electric_Fan,power_coe,15912,29.7,67,1015
2026-02-04 12:10:00,Electric_Fan,electricity_coe,2620,29.7,67,1015
2026-02-04 12:10:00,Electric_Fan,fault,0,29.7,67,1015
2026-02-04 12:10:00,Electric_Fan,relay_status,last,29.7,67,1015
2026-02-04 12:10:00,Electric_Fan,overcharge_switch,False,29.7,67,1015
2026-02-04 12:10:00,Electric_Fan,light_mode,relay,29.7,67,1015
2026-02-04 12:10:00,Electric_Fan,child_lock,False,29.7,67,1015
2026-02-04 12:10:00,Electric_Fan,cycle_time,,29.7,67,1015
2026-02-04 12:10:00,Electric_Fan,random_time,,29.7,67,1015
2026-02-04 12:10:00,Electric_Fan,switch_inching,,29.7,67,1015
2026-02-04 12:20:00,Aircon,switch_1,True,30.34,62,1014
2026-02-04 12:20:00,Aircon,countdown_1,0,30.34,62,1014
2026-02-04 12:20:00,Aircon,add_ele,1,30.34,62,1014
2026-02-04 12:20:00,Aircon,cur_current,0,30.34,62,1014
2026-02-04 12:20:00,Aircon,cur_power,0,30.34,62,1014
2026-02-04 12:20:00,Aircon,cur_voltage,2358,30.34,62,1014
2026-02-04 12:20:00,Aircon,voltage_coe,567,30.34,62,1014
2026-02-04 12:20:00,Aircon,electric_coe,29676,30.34,62,1014
2026-02-04 12:20:00,Aircon,power_coe,15976,30.34,62,1014
2026-02-04 12:20:00,Aircon,electricity_coe,2610,30.34,62,1014
2026-02-04 12:20:00,Aircon,fault,0,30.34,62,1014
2026-02-04 12:20:00,Aircon,relay_status,last,30.34,62,1014
2026-02-04 12:20:00,Aircon,overcharge_switch,False,30.34,62,1014
2026-02-04 12:20:00,Aircon,light_mode,relay,30.34,62,1014
2026-02-04 12:20:00,Aircon,child_lock,False,30.34,62,1014
2026-02-04 12:20:00,Aircon,cycle_time,,30.34,62,1014
2026-02-04 12:20:00,Aircon,random_time,,30.34,62,1014
2026-02-04 12:20:00,Aircon,switch_inching,,30.34,62,1014
2026-02-04 12:20:00,Refrigerator,switch_1,True,30.34,62,1014
2026-02-04 12:20:00,Refrigerator,countdown_1,0,30.34,62,1014
2026-02-04 12:20:00,Refrigerator,add_ele,7,30.34,62,1014
2026-02-04 12:20:00,Refrigerator,cur_current,1114,30.34,62,1014
2026-02-04 12:20:00,Refrigerator,cur_power,1791,30.34,62,1014
2026-02-04 12:20:00,Refrigerator,cur_voltage,2333,30.34,62,1014
2026-02-04 12:20:00,Refrigerator,voltage_coe,559,30.34,62,1014
2026-02-04 12:20:00,Refrigerator,electric_coe,30058,30.34,62,1014
2026-02-04 12:20:00,Refrigerator,power_coe,15968,30.34,62,1014
2026-02-04 12:20:00,Refrigerator,electricity_coe,2610,30.34,62,1014
2026-02-04 12:20:00,Refrigerator,fault,0,30.34,62,1014
2026-02-04 12:20:00,Refrigerator,relay_status,last,30.34,62,1014
2026-02-04 12:20:00,Refrigerator,overcharge_switch,False,30.34,62,1014
2026-02-04 12:20:00,Refrigerator,light_mode,relay,30.34,62,1014
2026-02-04 12:20:00,Refrigerator,child_lock,False,30.34,62,1014
2026-02-04 12:20:00,Refrigerator,cycle_time,,30.34,62,1014
2026-02-04 12:20:00,Refrigerator,random_time,,30.34,62,1014
2026-02-04 12:20:00,Refrigerator,switch_inching,,30.34,62,1014
2026-02-04 12:20:00,Electric_Fan,switch_1,True,30.34,62,1014
2026-02-04 12:20:00,Electric_Fan,countdown_1,0,30.34,62,1014
2026-02-04 12:20:00,Electric_Fan,add_ele,21,30.34,62,1014
2026-02-04 12:20:00,Electric_Fan,cur_current,181,30.34,62,1014
2026-02-04 12:20:00,Electric_Fan,cur_power,417,30.34,62,1014
2026-02-04 12:20:00,Electric_Fan,cur_voltage,2290,30.34,62,1014
2026-02-04 12:20:00,Electric_Fan,voltage_coe,558,30.34,62,1014
2026-02-04 12:20:00,Electric_Fan,electric_coe,29647,30.34,62,1014
2026-02-04 12:20:00,Electric_Fan,power_coe,15912,30.34,62,1014
2026-02-04 12:20:00,Electric_Fan,electricity_coe,2620,30.34,62,1014
2026-02-04 12:20:00,Electric_Fan,fault,0,30.34,62,1014
2026-02-04 12:20:00,Electric_Fan,relay_status,last,30.34,62,1014
2026-02-04 12:20:00,Electric_Fan,overcharge_switch,False,30.34,62,1014
2026-02-04 12:20:00,Electric_Fan,light_mode,relay,30.34,62,1014
2026-02-04 12:20:00,Electric_Fan,child_lock,False,30.34,62,1014
2026-02-04 12:20:00,Electric_Fan,cycle_time,,30.34,62,1014
2026-02-04 12:20:00,Electric_Fan,random_time,,30.34,62,1014
2026-02-04 12:20:00,Electric_Fan,switch_inching,,30.34,62,1014
2026-02-04 12:30:00,Aircon,switch_1,True,30.26,62,1014
2026-02-04 12:30:00,Aircon,countdown_1,0,30.26,62,1014
2026-02-04 12:30:00,Aircon,add_ele,1,30.26,62,1014
2026-02-04 12:30:00,Aircon,cur_current,0,30.26,62,1014
2026-02-04 12:30:00,Aircon,cur_power,0,30.26,62,1014
2026-02-04 12:30:00,Aircon,cur_voltage,2358,30.26,62,1014
2026-02-04 12:30:00,Aircon,voltage_coe,567,30.26,62,1014
2026-02-04 12:30:00,Aircon,electric_coe,29676,30.26,62,1014
2026-02-04 12:30:00,Aircon,power_coe,15976,30.26,62,1014
2026-02-04 12:30:00,Aircon,electricity_coe,2610,30.26,62,1014
2026-02-04 12:30:00,Aircon,fault,0,30.26,62,1014
2026-02-04 12:30:00,Aircon,relay_status,last,30.26,62,1014
2026-02-04 12:30:00,Aircon,overcharge_switch,False,30.26,62,1014
2026-02-04 12:30:00,Aircon,light_mode,relay,30.26,62,1014
2026-02-04 12:30:00,Aircon,child_lock,False,30.26,62,1014
2026-02-04 12:30:00,Aircon,cycle_time,,30.26,62,1014
2026-02-04 12:30:00,Aircon,random_time,,30.26,62,1014
2026-02-04 12:30:00,Aircon,switch_inching,,30.26,62,1014
2026-02-04 12:30:00,Refrigerator,switch_1,True,30.26,62,1014
2026-02-04 12:30:00,Refrigerator,countdown_1,0,30.26,62,1014
2026-02-04 12:30:00,Refrigerator,add_ele,7,30.26,62,1014
2026-02-04 12:30:00,Refrigerator,cur_current,1114,30.26,62,1014
2026-02-04 12:30:00,Refrigerator,cur_power,1791,30.26,62,1014
2026-02-04 12:30:00,Refrigerator,cur_voltage,2333,30.26,62,1014
2026-02-04 12:30:00,Refrigerator,voltage_coe,559,30.26,62,1014
2026-02-04 12:30:00,Refrigerator,electric_coe,30058,30.26,62,1014
2026-02-04 12:30:00,Refrigerator,power_coe,15968,30.26,62,1014
2026-02-04 12:30:00,Refrigerator,electricity_coe,2610,30.26,62,1014
2026-02-04 12:30:00,Refrigerator,fault,0,30.26,62,1014
2026-02-04 12:30:00,Refrigerator,relay_status,last,30.26,62,1014
2026-02-04 12:30:00,Refrigerator,overcharge_switch,False,30.26,62,1014
2026-02-04 12:30:00,Refrigerator,light_mode,relay,30.26,62,1014
2026-02-04 12:30:00,Refrigerator,child_lock,False,30.26,62,1014
2026-02-04 12:30:00,Refrigerator,cycle_time,,30.26,62,1014
2026-02-04 12:30:00,Refrigerator,random_time,,30.26,62,1014
2026-02-04 12:30:00,Refrigerator,switch_inching,,30.26,62,1014
2026-02-04 12:30:00,Electric_Fan,switch_1,True,30.26,62,1014
2026-02-04 12:30:00,Electric_Fan,countdown_1,0,30.26,62,1014
2026-02-04 12:30:00,Electric_Fan,add_ele,21,30.26,62,1014
2026-02-04 12:30:00,Electric_Fan,cur_current,181,30.26,62,1014
2026-02-04 12:30:00,Electric_Fan,cur_power,417,30.26,62,1014
2026-02-04 12:30:00,Electric_Fan,cur_voltage,2290,30.26,62,1014
2026-02-04 12:30:00,Electric_Fan,voltage_coe,558,30.26,62,1014
2026-02-04 12:30:00,Electric_Fan,electric_coe,29647,30.26,62,1014
2026-02-04 12:30:00,Electric_Fan,power_coe,15912,30.26,62,1014
2026-02-04 12:30:00,Electric_Fan,electricity_coe,2620,30.26,62,1014
2026-02-04 12:30:00,Electric_Fan,fault,0,30.26,62,1014
2026-02-04 12:30:00,Electric_Fan,relay_status,last,30.26,62,1014
2026-02-04 12:30:00,Electric_Fan,overcharge_switch,False,30.26,62,1014
2026-02-04 12:30:00,Electric_Fan,light_mode,relay,30.26,62,1014
2026-02-04 12:30:00,Electric_Fan,child_lock,False,30.26,62,1014
2026-02-04 12:30:00,Electric_Fan,cycle_time,,30.26,62,1014
2026-02-04 12:30:00,Electric_Fan,random_time,,30.26,62,1014
2026-02-04 12:30:00,Electric_Fan,switch_inching,,30.26,62,1014
2026-02-04 12:40:00,Aircon,switch_1,True,30.78,63,1014
2026-02-04 12:40:00,Aircon,countdown_1,0,30.78,63,1014
2026-02-04 12:40:00,Aircon,add_ele,1,30.78,63,1014
2026-02-04 12:40:00,Aircon,cur_current,0,30.78,63,1014
2026-02-04 12:40:00,Aircon,cur_power,0,30.78,63,1014
2026-02-04 12:40:00,Aircon,cur_voltage,2358,30.78,63,1014
2026-02-04 12:40:00,Aircon,voltage_coe,567,30.78,63,1014
2026-02-04 12:40:00,Aircon,electric_coe,29676,30.78,63,1014
2026-02-04 12:40:00,Aircon,power_coe,15976,30.78,63,1014
2026-02-04 12:40:00,Aircon,electricity_coe,2610,30.78,63,1014
2026-02-04 12:40:00,Aircon,fault,0,30.78,63,1014
2026-02-04 12:40:00,Aircon,relay_status,last,30.78,63,1014
2026-02-04 12:40:00,Aircon,overcharge_switch,False,30.78,63,1014
2026-02-04 12:40:00,Aircon,light_mode,relay,30.78,63,1014
2026-02-04 12:40:00,Aircon,child_lock,False,30.78,63,1014
2026-02-04 12:40:00,Aircon,cycle_time,,30.78,63,1014
2026-02-04 12:40:00,Aircon,random_time,,30.78,63,1014
2026-02-04 12:40:00,Aircon,switch_inching,,30.78,63,1014
2026-02-04 12:40:00,Refrigerator,switch_1,True,30.78,63,1014
2026-02-04 12:40:00,Refrigerator,countdown_1,0,30.78,63,1014
2026-02-04 12:40:00,Refrigerator,add_ele,80,30.78,63,1014
2026-02-04 12:40:00,Refrigerator,cur_current,1114,30.78,63,1014
2026-02-04 12:40:00,Refrigerator,cur_power,1791,30.78,63,1014
2026-02-04 12:40:00,Refrigerator,cur_voltage,2333,30.78,63,1014
2026-02-04 12:40:00,Refrigerator,voltage_coe,559,30.78,63,1014
2026-02-04 12:40:00,Refrigerator,electric_coe,30058,30.78,63,1014
2026-02-04 12:40:00,Refrigerator,power_coe,15968,30.78,63,1014
2026-02-04 12:40:00,Refrigerator,electricity_coe,2610,30.78,63,1014
2026-02-04 12:40:00,Refrigerator,fault,0,30.78,63,1014
2026-02-04 12:40:00,Refrigerator,relay_status,last,30.78,63,1014
2026-02-04 12:40:00,Refrigerator,overcharge_switch,False,30.78,63,1014
2026-02-04 12:40:00,Refrigerator,light_mode,relay,30.78,63,1014
2026-02-04 12:40:00,Refrigerator,child_lock,False,30.78,63,1014
2026-02-04 12:40:00,Refrigerator,cycle_time,,30.78,63,1014
2026-02-04 12:40:00,Refrigerator,random_time,,30.78,63,1014
2026-02-04 12:40:00,Refrigerator,switch_inching,,30.78,63,1014
2026-02-04 12:40:00,Electric_Fan,switch_1,True,30.78,63,1014
2026-02-04 12:40:00,Electric_Fan,countdown_1,0,30.78,63,1014
2026-02-04 12:40:00,Electric_Fan,add_ele,21,30.78,63,1014
2026-02-04 12:40:00,Electric_Fan,cur_current,181,30.78,63,1014
2026-02-04 12:40:00,Electric_Fan,cur_power,417,30.78,63,1014
2026-02-04 12:40:00,Electric_Fan,cur_voltage,2290,30.78,63,1014
2026-02-04 12:40:00,Electric_Fan,voltage_coe,558,30.78,63,1014
2026-02-04 12:40:00,Electric_Fan,electric_coe,29647,30.78,63,1014
2026-02-04 12:40:00,Electric_Fan,power_coe,15912,30.78,63,1014
2026-02-04 12:40:00,Electric_Fan,electricity_coe,2620,30.78,63,1014
2026-02-04 12:40:00,Electric_Fan,fault,0,30.78,63,1014
2026-02-04 12:40:00,Electric_Fan,relay_status,last,30.78,63,1014
2026-02-04 12:40:00,Electric_Fan,overcharge_switch,False,30.78,63,1014
2026-02-04 12:40:00,Electric_Fan,light_mode,relay,30.78,63,1014
2026-02-04 12:40:00,Electric_Fan,child_lock,False,30.78,63,1014
2026-02-04 12:40:00,Electric_Fan,cycle_time,,30.78,63,1014
2026-02-04 12:40:00,Electric_Fan,random_time,,30.78,63,1014
2026-02-04 12:40:00,Electric_Fan,switch_inching,,30.78,63,1014
2026-02-04 12:50:00,Aircon,switch_1,True,30.78,63,1014
2026-02-04 12:50:00,Aircon,countdown_1,0,30.78,63,1014
2026-02-04 12:50:00,Aircon,add_ele,1,30.78,63,1014
2026-02-04 12:50:00,Aircon,cur_current,0,30.78,63,1014
2026-02-04 12:50:00,Aircon,cur_power,0,30.78,63,1014
2026-02-04 12:50:00,Aircon,cur_voltage,2358,30.78,63,1014
2026-02-04 12:50:00,Aircon,voltage_coe,567,30.78,63,1014
2026-02-04 12:50:00,Aircon,electric_coe,29676,30.78,63,1014
2026-02-04 12:50:00,Aircon,power_coe,15976,30.78,63,1014
2026-02-04 12:50:00,Aircon,electricity_coe,2610,30.78,63,1014
2026-02-04 12:50:00,Aircon,fault,0,30.78,63,1014
2026-02-04 12:50:00,Aircon,relay_status,last,30.78,63,1014
2026-02-04 12:50:00,Aircon,overcharge_switch,False,30.78,63,1014
2026-02-04 12:50:00,Aircon,light_mode,relay,30.78,63,1014
2026-02-04 12:50:00,Aircon,child_lock,False,30.78,63,1014
2026-02-04 12:50:00,Aircon,cycle_time,,30.78,63,1014
2026-02-04 12:50:00,Aircon,random_time,,30.78,63,1014
2026-02-04 12:50:00,Aircon,switch_inching,,30.78,63,1014
2026-02-04 12:50:00,Refrigerator,switch_1,True,30.78,63,1014
2026-02-04 12:50:00,Refrigerator,countdown_1,0,30.78,63,1014
2026-02-04 12:50:00,Refrigerator,add_ele,80,30.78,63,1014
2026-02-04 12:50:00,Refrigerator,cur_current,1114,30.78,63,1014
2026-02-04 12:50:00,Refrigerator,cur_power,1791,30.78,63,1014
2026-02-04 12:50:00,Refrigerator,cur_voltage,2333,30.78,63,1014
2026-02-04 12:50:00,Refrigerator,voltage_coe,559,30.78,63,1014
2026-02-04 12:50:00,Refrigerator,electric_coe,30058,30.78,63,1014
2026-02-04 12:50:00,Refrigerator,power_coe,15968,30.78,63,1014
2026-02-04 12:50:00,Refrigerator,electricity_coe,2610,30.78,63,1014
2026-02-04 12:50:00,Refrigerator,fault,0,30.78,63,1014
2026-02-04 12:50:00,Refrigerator,relay_status,last,30.78,63,1014
2026-02-04 12:50:00,Refrigerator,overcharge_switch,False,30.78,63,1014
2026-02-04 12:50:00,Refrigerator,light_mode,relay,30.78,63,1014
2026-02-04 12:50:00,Refrigerator,child_lock,False,30.78,63,1014
2026-02-04 12:50:00,Refrigerator,cycle_time,,30.78,63,1014
2026-02-04 12:50:00,Refrigerator,random_time,,30.78,63,1014
2026-02-04 12:50:00,Refrigerator,switch_inching,,30.78,63,1014
2026-02-04 12:50:00,Electric_Fan,switch_1,True,30.78,63,1014
2026-02-04 12:50:00,Electric_Fan,countdown_1,0,30.78,63,1014
2026-02-04 12:50:00,Electric_Fan,add_ele,21,30.78,63,1014
2026-02-04 12:50:00,Electric_Fan,cur_current,181,30.78,63,1014
2026-02-04 12:50:00,Electric_Fan,cur_power,417,30.78,63,1014
2026-02-04 12:50:00,Electric_Fan,cur_voltage,2290,30.78,63,1014
2026-02-04 12:50:00,Electric_Fan,voltage_coe,558,30.78,63,1014
2026-02-04 12:50:00,Electric_Fan,electric_coe,29647,30.78,63,1014
2026-02-04 12:50:00,Electric_Fan,power_coe,15912,30.78,63,1014
2026-02-04 12:50:00,Electric_Fan,electricity_coe,2620,30.78,63,1014
2026-02-04 12:50:00,Electric_Fan,fault,0,30.78,63,1014
2026-02-04 12:50:00,Electric_Fan,relay_status,last,30.78,63,1014
2026-02-04 12:50:00,Electric_Fan,overcharge_switch,False,30.78,63,1014
2026-02-04 12:50:00,Electric_Fan,light_mode,relay,30.78,63,1014
2026-02-04 12:50:00,Electric_Fan,child_lock,False,30.78,63,1014
2026-02-04 12:50:00,Electric_Fan,cycle_time,,30.78,63,1014
2026-02-04 12:50:00,Electric_Fan,random_time,,30.78,63,1014
2026-02-04 12:50:00,Electric_Fan,switch_inching,,30.78,63,1014
2026-02-04 13:00:00,Aircon,switch_1,True,31.21,61,1014
2026-02-04 13:00:00,Aircon,countdown_1,0,31.21,61,1014
2026-02-04 13:00:00,Aircon,add_ele,1,31.21,61,1014
2026-02-04 13:00:00,Aircon,cur_current,0,31.21,61,1014
2026-02-04 13:00:00,Aircon,cur_power,0,31.21,61,1014
2026-02-04 13:00:00,Aircon,cur_voltage,2358,31.21,61,1014
2026-02-04 13:00:00,Aircon,voltage_coe,567,31.21,61,1014
2026-02-04 13:00:00,Aircon,electric_coe,29676,31.21,61,1014
2026-02-04 13:00:00,Aircon,power_coe,15976,31.21,61,1014
2026-02-04 13:00:00,Aircon,electricity_coe,2610,31.21,61,1014
2026-02-04 13:00:00,Aircon,fault,0,31.21,61,1014
2026-02-04 13:00:00,Aircon,relay_status,last,31.21,61,1014
2026-02-04 13:00:00,Aircon,overcharge_switch,False,31.21,61,1014
2026-02-04 13:00:00,Aircon,light_mode,relay,31.21,61,1014
2026-02-04 13:00:00,Aircon,child_lock,False,31.21,61,1014
2026-02-04 13:00:00,Aircon,cycle_time,,31.21,61,1014
2026-02-04 13:00:00,Aircon,random_time,,31.21,61,1014
2026-02-04 13:00:00,Aircon,switch_inching,,31.21,61,1014
2026-02-04 13:00:00,Refrigerator,switch_1,True,31.21,61,1014
2026-02-04 13:00:00,Refrigerator,countdown_1,0,31.21,61,1014
2026-02-04 13:00:00,Refrigerator,add_ele,80,31.21,61,1014
2026-02-04 13:00:00,Refrigerator,cur_current,0,31.21,61,1014
2026-02-04 13:00:00,Refrigerator,cur_power,0,31.21,61,1014
2026-02-04 13:00:00,Refrigerator,cur_voltage,2329,31.21,61,1014
2026-02-04 13:00:00,Refrigerator,voltage_coe,559,31.21,61,1014
2026-02-04 13:00:00,Refrigerator,electric_coe,30058,31.21,61,1014
2026-02-04 13:00:00,Refrigerator,power_coe,15968,31.21,61,1014
2026-02-04 13:00:00,Refrigerator,electricity_coe,2610,31.21,61,1014
2026-02-04 13:00:00,Refrigerator,fault,0,31.21,61,1014
2026-02-04 13:00:00,Refrigerator,relay_status,last,31.21,61,1014
2026-02-04 13:00:00,Refrigerator,overcharge_switch,False,31.21,61,1014
2026-02-04 13:00:00,Refrigerator,light_mode,relay,31.21,61,1014
2026-02-04 13:00:00,Refrigerator,child_lock,False,31.21,61,1014
2026-02-04 13:00:00,Refrigerator,cycle_time,,31.21,61,1014
2026-02-04 13:00:00,Refrigerator,random_time,,31.21,61,1014
2026-02-04 13:00:00,Refrigerator,switch_inching,,31.21,61,1014
2026-02-04 13:00:00,Electric_Fan,switch_1,True,31.21,61,1014
2026-02-04 13:00:00,Electric_Fan,countdown_1,0,31.21,61,1014
2026-02-04 13:00:00,Electric_Fan,add_ele,21,31.21,61,1014
2026-02-04 13:00:00,Electric_Fan,cur_current,181,31.21,61,1014
2026-02-04 13:00:00,Electric_Fan,cur_power,417,31.21,61,1014
2026-02-04 13:00:00,Electric_Fan,cur_voltage,2290,31.21,61,1014
2026-02-04 13:00:00,Electric_Fan,voltage_coe,558,31.21,61,1014
2026-02-04 13:00:00,Electric_Fan,electric_coe,29647,31.21,61,1014
2026-02-04 13:00:00,Electric_Fan,power_coe,15912,31.21,61,1014
2026-02-04 13:00:00,Electric_Fan,electricity_coe,2620,31.21,61,1014
2026-02-04 13:00:00,Electric_Fan,fault,0,31.21,61,1014
2026-02-04 13:00:00,Electric_Fan,relay_status,last,31.21,61,1014
2026-02-04 13:00:00,Electric_Fan,overcharge_switch,False,31.21,61,1014
2026-02-04 13:00:00,Electric_Fan,light_mode,relay,31.21,61,1014
2026-02-04 13:00:00,Electric_Fan,child_lock,False,31.21,61,1014
2026-02-04 13:00:00,Electric_Fan,cycle_time,,31.21,61,1014
2026-02-04 13:00:00,Electric_Fan,random_time,,31.21,61,1014
2026-02-04 13:00:00,Electric_Fan,switch_inching,,31.21,61,1014
2026-02-04 13:10:00,Aircon,switch_1,True,30.85,62,1014
2026-02-04 13:10:00,Aircon,countdown_1,0,30.85,62,1014
2026-02-04 13:10:00,Aircon,add_ele,1,30.85,62,1014
2026-02-04 13:10:00,Aircon,cur_current,0,30.85,62,1014
2026-02-04 13:10:00,Aircon,cur_power,0,30.85,62,1014
2026-02-04 13:10:00,Aircon,cur_voltage,2358,30.85,62,1014
2026-02-04 13:10:00,Aircon,voltage_coe,567,30.85,62,1014
2026-02-04 13:10:00,Aircon,electric_coe,29676,30.85,62,1014
2026-02-04 13:10:00,Aircon,power_coe,15976,30.85,62,1014
2026-02-04 13:10:00,Aircon,electricity_coe,2610,30.85,62,1014
2026-02-04 13:10:00,Aircon,fault,0,30.85,62,1014
2026-02-04 13:10:00,Aircon,relay_status,last,30.85,62,1014
2026-02-04 13:10:00,Aircon,overcharge_switch,False,30.85,62,1014
2026-02-04 13:10:00,Aircon,light_mode,relay,30.85,62,1014
2026-02-04 13:10:00,Aircon,child_lock,False,30.85,62,1014
2026-02-04 13:10:00,Aircon,cycle_time,,30.85,62,1014
2026-02-04 13:10:00,Aircon,random_time,,30.85,62,1014
2026-02-04 13:10:00,Aircon,switch_inching,,30.85,62,1014
2026-02-04 13:10:00,Refrigerator,switch_1,True,30.85,62,1014
2026-02-04 13:10:00,Refrigerator,countdown_1,0,30.85,62,1014
2026-02-04 13:10:00,Refrigerator,add_ele,29,30.85,62,1014
2026-02-04 13:10:00,Refrigerator,cur_current,0,30.85,62,1014
2026-02-04 13:10:00,Refrigerator,cur_power,0,30.85,62,1014
2026-02-04 13:10:00,Refrigerator,cur_voltage,2329,30.85,62,1014
2026-02-04 13:10:00,Refrigerator,voltage_coe,559,30.85,62,1014
2026-02-04 13:10:00,Refrigerator,electric_coe,30058,30.85,62,1014
2026-02-04 13:10:00,Refrigerator,power_coe,15968,30.85,62,1014
2026-02-04 13:10:00,Refrigerator,electricity_coe,2610,30.85,62,1014
2026-02-04 13:10:00,Refrigerator,fault,0,30.85,62,1014
2026-02-04 13:10:00,Refrigerator,relay_status,last,30.85,62,1014
2026-02-04 13:10:00,Refrigerator,overcharge_switch,False,30.85,62,1014
2026-02-04 13:10:00,Refrigerator,light_mode,relay,30.85,62,1014
2026-02-04 13:10:00,Refrigerator,child_lock,False,30.85,62,1014
2026-02-04 13:10:00,Refrigerator,cycle_time,,30.85,62,1014
2026-02-04 13:10:00,Refrigerator,random_time,,30.85,62,1014
2026-02-04 13:10:00,Refrigerator,switch_inching,,30.85,62,1014
2026-02-04 13:10:00,Electric_Fan,switch_1,True,30.85,62,1014
2026-02-04 13:10:00,Electric_Fan,countdown_1,0,30.85,62,1014
2026-02-04 13:10:00,Electric_Fan,add_ele,21,30.85,62,1014
2026-02-04 13:10:00,Electric_Fan,cur_current,181,30.85,62,1014
2026-02-04 13:10:00,Electric_Fan,cur_power,417,30.85,62,1014
2026-02-04 13:10:00,Electric_Fan,cur_voltage,2290,30.85,62,1014
2026-02-04 13:10:00,Electric_Fan,voltage_coe,558,30.85,62,1014
2026-02-04 13:10:00,Electric_Fan,electric_coe,29647,30.85,62,1014
2026-02-04 13:10:00,Electric_Fan,power_coe,15912,30.85,62,1014
2026-02-04 13:10:00,Electric_Fan,electricity_coe,2620,30.85,62,1014
2026-02-04 13:10:00,Electric_Fan,fault,0,30.85,62,1014
2026-02-04 13:10:00,Electric_Fan,relay_status,last,30.85,62,1014
2026-02-04 13:10:00,Electric_Fan,overcharge_switch,False,30.85,62,1014
2026-02-04 13:10:00,Electric_Fan,light_mode,relay,30.85,62,1014
2026-02-04 13:10:00,Electric_Fan,child_lock,False,30.85,62,1014
2026-02-04 13:10:00,Electric_Fan,cycle_time,,30.85,62,1014
2026-02-04 13:10:00,Electric_Fan,random_time,,30.85,62,1014
2026-02-04 13:10:00,Electric_Fan,switch_inching,,30.85,62,1014
2026-02-04 13:20:00,Aircon,switch_1,True,31.66,59,1014
2026-02-04 13:20:00,Aircon,countdown_1,0,31.66,59,1014
2026-02-04 13:20:00,Aircon,add_ele,1,31.66,59,1014
2026-02-04 13:20:00,Aircon,cur_current,0,31.66,59,1014
2026-02-04 13:20:00,Aircon,cur_power,0,31.66,59,1014
2026-02-04 13:20:00,Aircon,cur_voltage,2358,31.66,59,1014
2026-02-04 13:20:00,Aircon,voltage_coe,567,31.66,59,1014
2026-02-04 13:20:00,Aircon,electric_coe,29676,31.66,59,1014
2026-02-04 13:20:00,Aircon,power_coe,15976,31.66,59,1014
2026-02-04 13:20:00,Aircon,electricity_coe,2610,31.66,59,1014
2026-02-04 13:20:00,Aircon,fault,0,31.66,59,1014
2026-02-04 13:20:00,Aircon,relay_status,last,31.66,59,1014
2026-02-04 13:20:00,Aircon,overcharge_switch,False,31.66,59,1014
2026-02-04 13:20:00,Aircon,light_mode,relay,31.66,59,1014
2026-02-04 13:20:00,Aircon,child_lock,False,31.66,59,1014
2026-02-04 13:20:00,Aircon,cycle_time,,31.66,59,1014
2026-02-04 13:20:00,Aircon,random_time,,31.66,59,1014
2026-02-04 13:20:00,Aircon,switch_inching,,31.66,59,1014
2026-02-04 13:20:00,Refrigerator,switch_1,True,31.66,59,1014
2026-02-04 13:20:00,Refrigerator,countdown_1,0,31.66,59,1014
2026-02-04 13:20:00,Refrigerator,add_ele,29,31.66,59,1014
2026-02-04 13:20:00,Refrigerator,cur_current,0,31.66,59,1014
2026-02-04 13:20:00,Refrigerator,cur_power,0,31.66,59,1014
2026-02-04 13:20:00,Refrigerator,cur_voltage,2329,31.66,59,1014
2026-02-04 13:20:00,Refrigerator,voltage_coe,559,31.66,59,1014
2026-02-04 13:20:00,Refrigerator,electric_coe,30058,31.66,59,1014
2026-02-04 13:20:00,Refrigerator,power_coe,15968,31.66,59,1014
2026-02-04 13:20:00,Refrigerator,electricity_coe,2610,31.66,59,1014
2026-02-04 13:20:00,Refrigerator,fault,0,31.66,59,1014
2026-02-04 13:20:00,Refrigerator,relay_status,last,31.66,59,1014
2026-02-04 13:20:00,Refrigerator,overcharge_switch,False,31.66,59,1014
2026-02-04 13:20:00,Refrigerator,light_mode,relay,31.66,59,1014
2026-02-04 13:20:00,Refrigerator,child_lock,False,31.66,59,1014
2026-02-04 13:20:00,Refrigerator,cycle_time,,31.66,59,1014
2026-02-04 13:20:00,Refrigerator,random_time,,31.66,59,1014
2026-02-04 13:20:00,Refrigerator,switch_inching,,31.66,59,1014
2026-02-04 13:20:00,Electric_Fan,switch_1,True,31.66,59,1014
2026-02-04 13:20:00,Electric_Fan,countdown_1,0,31.66,59,1014
2026-02-04 13:20:00,Electric_Fan,add_ele,21,31.66,59,1014
2026-02-04 13:20:00,Electric_Fan,cur_current,181,31.66,59,1014
2026-02-04 13:20:00,Electric_Fan,cur_power,417,31.66,59,1014
2026-02-04 13:20:00,Electric_Fan,cur_voltage,2290,31.66,59,1014
2026-02-04 13:20:00,Electric_Fan,voltage_coe,558,31.66,59,1014
2026-02-04 13:20:00,Electric_Fan,electric_coe,29647,31.66,59,1014
2026-02-04 13:20:00,Electric_Fan,power_coe,15912,31.66,59,1014
2026-02-04 13:20:00,Electric_Fan,electricity_coe,2620,31.66,59,1014
2026-02-04 13:20:00,Electric_Fan,fault,0,31.66,59,1014
2026-02-04 13:20:00,Electric_Fan,relay_status,last,31.66,59,1014
2026-02-04 13:20:00,Electric_Fan,overcharge_switch,False,31.66,59,1014
2026-02-04 13:20:00,Electric_Fan,light_mode,relay,31.66,59,1014
2026-02-04 13:20:00,Electric_Fan,child_lock,False,31.66,59,1014
2026-02-04 13:20:00,Electric_Fan,cycle_time,,31.66,59,1014
2026-02-04 13:20:00,Electric_Fan,random_time,,31.66,59,1014
2026-02-04 13:20:00,Electric_Fan,switch_inching,,31.66,59,1014
2026-02-04 13:30:00,Aircon,switch_1,True,31.64,59,1014
2026-02-04 13:30:00,Aircon,countdown_1,0,31.64,59,1014
2026-02-04 13:30:00,Aircon,add_ele,1,31.64,59,1014
2026-02-04 13:30:00,Aircon,cur_current,0,31.64,59,1014
2026-02-04 13:30:00,Aircon,cur_power,0,31.64,59,1014
2026-02-04 13:30:00,Aircon,cur_voltage,2358,31.64,59,1014
2026-02-04 13:30:00,Aircon,voltage_coe,567,31.64,59,1014
2026-02-04 13:30:00,Aircon,electric_coe,29676,31.64,59,1014
2026-02-04 13:30:00,Aircon,power_coe,15976,31.64,59,1014
2026-02-04 13:30:00,Aircon,electricity_coe,2610,31.64,59,1014
2026-02-04 13:30:00,Aircon,fault,0,31.64,59,1014
2026-02-04 13:30:00,Aircon,relay_status,last,31.64,59,1014
2026-02-04 13:30:00,Aircon,overcharge_switch,False,31.64,59,1014
2026-02-04 13:30:00,Aircon,light_mode,relay,31.64,59,1014
2026-02-04 13:30:00,Aircon,child_lock,False,31.64,59,1014
2026-02-04 13:30:00,Aircon,cycle_time,,31.64,59,1014
2026-02-04 13:30:00,Aircon,random_time,,31.64,59,1014
2026-02-04 13:30:00,Aircon,switch_inching,,31.64,59,1014
2026-02-04 13:30:00,Refrigerator,switch_1,True,31.64,59,1014
2026-02-04 13:30:00,Refrigerator,countdown_1,0,31.64,59,1014
2026-02-04 13:30:00,Refrigerator,add_ele,29,31.64,59,1014
2026-02-04 13:30:00,Refrigerator,cur_current,1090,31.64,59,1014
2026-02-04 13:30:00,Refrigerator,cur_power,1785,31.64,59,1014
2026-02-04 13:30:00,Refrigerator,cur_voltage,2294,31.64,59,1014
2026-02-04 13:30:00,Refrigerator,voltage_coe,559,31.64,59,1014
2026-02-04 13:30:00,Refrigerator,electric_coe,30058,31.64,59,1014
2026-02-04 13:30:00,Refrigerator,power_coe,15968,31.64,59,1014
2026-02-04 13:30:00,Refrigerator,electricity_coe,2610,31.64,59,1014
2026-02-04 13:30:00,Refrigerator,fault,0,31.64,59,1014
2026-02-04 13:30:00,Refrigerator,relay_status,last,31.64,59,1014
2026-02-04 13:30:00,Refrigerator,overcharge_switch,False,31.64,59,1014
2026-02-04 13:30:00,Refrigerator,light_mode,relay,31.64,59,1014
2026-02-04 13:30:00,Refrigerator,child_lock,False,31.64,59,1014
2026-02-04 13:30:00,Refrigerator,cycle_time,,31.64,59,1014
2026-02-04 13:30:00,Refrigerator,random_time,,31.64,59,1014
2026-02-04 13:30:00,Refrigerator,switch_inching,,31.64,59,1014
2026-02-04 13:30:00,Electric_Fan,switch_1,True,31.64,59,1014
2026-02-04 13:30:00,Electric_Fan,countdown_1,0,31.64,59,1014
2026-02-04 13:30:00,Electric_Fan,add_ele,21,31.64,59,1014
2026-02-04 13:30:00,Electric_Fan,cur_current,181,31.64,59,1014
2026-02-04 13:30:00,Electric_Fan,cur_power,417,31.64,59,1014
2026-02-04 13:30:00,Electric_Fan,cur_voltage,2290,31.64,59,1014
2026-02-04 13:30:00,Electric_Fan,voltage_coe,558,31.64,59,1014
2026-02-04 13:30:00,Electric_Fan,electric_coe,29647,31.64,59,1014
2026-02-04 13:30:00,Electric_Fan,power_coe,15912,31.64,59,1014
2026-02-04 13:30:00,Electric_Fan,electricity_coe,2620,31.64,59,1014
2026-02-04 13:30:00,Electric_Fan,fault,0,31.64,59,1014
2026-02-04 13:30:00,Electric_Fan,relay_status,last,31.64,59,1014
2026-02-04 13:30:00,Electric_Fan,overcharge_switch,False,31.64,59,1014
2026-02-04 13:30:00,Electric_Fan,light_mode,relay,31.64,59,1014
2026-02-04 13:30:00,Electric_Fan,child_lock,False,31.64,59,1014
2026-02-04 13:30:00,Electric_Fan,cycle_time,,31.64,59,1014
2026-02-04 13:30:00,Electric_Fan,random_time,,31.64,59,1014
2026-02-04 13:30:00,Electric_Fan,switch_inching,,31.64,59,1014
2026-02-04 13:40:00,Aircon,switch_1,True,31.68,60,1013
2026-02-04 13:40:00,Aircon,countdown_1,0,31.68,60,1013
2026-02-04 13:40:00,Aircon,add_ele,1,31.68,60,1013
2026-02-04 13:40:00,Aircon,cur_current,0,31.68,60,1013
2026-02-04 13:40:00,Aircon,cur_power,0,31.68,60,1013
2026-02-04 13:40:00,Aircon,cur_voltage,2305,31.68,60,1013
2026-02-04 13:40:00,Aircon,voltage_coe,567,31.68,60,1013
2026-02-04 13:40:00,Aircon,electric_coe,29676,31.68,60,1013
2026-02-04 13:40:00,Aircon,power_coe,15976,31.68,60,1013
2026-02-04 13:40:00,Aircon,electricity_coe,2610,31.68,60,1013
2026-02-04 13:40:00,Aircon,fault,0,31.68,60,1013
2026-02-04 13:40:00,Aircon,relay_status,last,31.68,60,1013
2026-02-04 13:40:00,Aircon,overcharge_switch,False,31.68,60,1013
2026-02-04 13:40:00,Aircon,light_mode,relay,31.68,60,1013
2026-02-04 13:40:00,Aircon,child_lock,False,31.68,60,1013
2026-02-04 13:40:00,Aircon,cycle_time,,31.68,60,1013
2026-02-04 13:40:00,Aircon,random_time,,31.68,60,1013
2026-02-04 13:40:00,Aircon,switch_inching,,31.68,60,1013
2026-02-04 13:40:00,Refrigerator,switch_1,True,31.68,60,1013
2026-02-04 13:40:00,Refrigerator,countdown_1,0,31.68,60,1013
2026-02-04 13:40:00,Refrigerator,add_ele,34,31.68,60,1013
2026-02-04 13:40:00,Refrigerator,cur_current,1090,31.68,60,1013
2026-02-04 13:40:00,Refrigerator,cur_power,1785,31.68,60,1013
2026-02-04 13:40:00,Refrigerator,cur_voltage,2294,31.68,60,1013
2026-02-04 13:40:00,Refrigerator,voltage_coe,559,31.68,60,1013
2026-02-04 13:40:00,Refrigerator,electric_coe,30058,31.68,60,1013
2026-02-04 13:40:00,Refrigerator,power_coe,15968,31.68,60,1013
2026-02-04 13:40:00,Refrigerator,electricity_coe,2610,31.68,60,1013
2026-02-04 13:40:00,Refrigerator,fault,0,31.68,60,1013
2026-02-04 13:40:00,Refrigerator,relay_status,last,31.68,60,1013
2026-02-04 13:40:00,Refrigerator,overcharge_switch,False,31.68,60,1013
2026-02-04 13:40:00,Refrigerator,light_mode,relay,31.68,60,1013
2026-02-04 13:40:00,Refrigerator,child_lock,False,31.68,60,1013
2026-02-04 13:40:00,Refrigerator,cycle_time,,31.68,60,1013
2026-02-04 13:40:00,Refrigerator,random_time,,31.68,60,1013
2026-02-04 13:40:00,Refrigerator,switch_inching,,31.68,60,1013
2026-02-04 13:40:00,Electric_Fan,switch_1,True,31.68,60,1013
2026-02-04 13:40:00,Electric_Fan,countdown_1,0,31.68,60,1013
2026-02-04 13:40:00,Electric_Fan,add_ele,21,31.68,60,1013
2026-02-04 13:40:00,Electric_Fan,cur_current,181,31.68,60,1013
2026-02-04 13:40:00,Electric_Fan,cur_power,417,31.68,60,1013
2026-02-04 13:40:00,Electric_Fan,cur_voltage,2290,31.68,60,1013
2026-02-04 13:40:00,Electric_Fan,voltage_coe,558,31.68,60,1013
2026-02-04 13:40:00,Electric_Fan,electric_coe,29647,31.68,60,1013
2026-02-04 13:40:00,Electric_Fan,power_coe,15912,31.68,60,1013
2026-02-04 13:40:00,Electric_Fan,electricity_coe,2620,31.68,60,1013
2026-02-04 13:40:00,Electric_Fan,fault,0,31.68,60,1013
2026-02-04 13:40:00,Electric_Fan,relay_status,last,31.68,60,1013
2026-02-04 13:40:00,Electric_Fan,overcharge_switch,False,31.68,60,1013
2026-02-04 13:40:00,Electric_Fan,light_mode,relay,31.68,60,1013
2026-02-04 13:40:00,Electric_Fan,child_lock,False,31.68,60,1013
2026-02-04 13:40:00,Electric_Fan,cycle_time,,31.68,60,1013
2026-02-04 13:40:00,Electric_Fan,random_time,,31.68,60,1013
2026-02-04 13:40:00,Electric_Fan,switch_inching,,31.68,60,1013
2026-02-04 13:50:00,Aircon,switch_1,True,31.16,59,1013
2026-02-04 13:50:00,Aircon,countdown_1,0,31.16,59,1013
2026-02-04 13:50:00,Aircon,add_ele,1,31.16,59,1013
2026-02-04 13:50:00,Aircon,cur_current,0,31.16,59,1013
2026-02-04 13:50:00,Aircon,cur_power,0,31.16,59,1013
2026-02-04 13:50:00,Aircon,cur_voltage,2305,31.16,59,1013
2026-02-04 13:50:00,Aircon,voltage_coe,567,31.16,59,1013
2026-02-04 13:50:00,Aircon,electric_coe,29676,31.16,59,1013
2026-02-04 13:50:00,Aircon,power_coe,15976,31.16,59,1013
2026-02-04 13:50:00,Aircon,electricity_coe,2610,31.16,59,1013
2026-02-04 13:50:00,Aircon,fault,0,31.16,59,1013
2026-02-04 13:50:00,Aircon,relay_status,last,31.16,59,1013
2026-02-04 13:50:00,Aircon,overcharge_switch,False,31.16,59,1013
2026-02-04 13:50:00,Aircon,light_mode,relay,31.16,59,1013
2026-02-04 13:50:00,Aircon,child_lock,False,31.16,59,1013
2026-02-04 13:50:00,Aircon,cycle_time,,31.16,59,1013
2026-02-04 13:50:00,Aircon,random_time,,31.16,59,1013
2026-02-04 13:50:00,Aircon,switch_inching,,31.16,59,1013
2026-02-04 13:50:00,Refrigerator,switch_1,True,31.16,59,1013
2026-02-04 13:50:00,Refrigerator,countdown_1,0,31.16,59,1013
2026-02-04 13:50:00,Refrigerator,add_ele,34,31.16,59,1013
2026-02-04 13:50:00,Refrigerator,cur_current,1090,31.16,59,1013
2026-02-04 13:50:00,Refrigerator,cur_power,1785,31.16,59,1013
2026-02-04 13:50:00,Refrigerator,cur_voltage,2294,31.16,59,1013
2026-02-04 13:50:00,Refrigerator,voltage_coe,559,31.16,59,1013
2026-02-04 13:50:00,Refrigerator,electric_coe,30058,31.16,59,1013
2026-02-04 13:50:00,Refrigerator,power_coe,15968,31.16,59,1013
2026-02-04 13:50:00,Refrigerator,electricity_coe,2610,31.16,59,1013
2026-02-04 13:50:00,Refrigerator,fault,0,31.16,59,1013
2026-02-04 13:50:00,Refrigerator,relay_status,last,31.16,59,1013
2026-02-04 13:50:00,Refrigerator,overcharge_switch,False,31.16,59,1013
2026-02-04 13:50:00,Refrigerator,light_mode,relay,31.16,59,1013
2026-02-04 13:50:00,Refrigerator,child_lock,False,31.16,59,1013
2026-02-04 13:50:00,Refrigerator,cycle_time,,31.16,59,1013
2026-02-04 13:50:00,Refrigerator,random_time,,31.16,59,1013
2026-02-04 13:50:00,Refrigerator,switch_inching,,31.16,59,1013
2026-02-04 13:50:00,Electric_Fan,switch_1,True,31.16,59,1013
2026-02-04 13:50:00,Electric_Fan,countdown_1,0,31.16,59,1013
2026-02-04 13:50:00,Electric_Fan,add_ele,21,31.16,59,1013
2026-02-04 13:50:00,Electric_Fan,cur_current,181,31.16,59,1013
2026-02-04 13:50:00,Electric_Fan,cur_power,417,31.16,59,1013
2026-02-04 13:50:00,Electric_Fan,cur_voltage,2290,31.16,59,1013
2026-02-04 13:50:00,Electric_Fan,voltage_coe,558,31.16,59,1013
2026-02-04 13:50:00,Electric_Fan,electric_coe,29647,31.16,59,1013
2026-02-04 13:50:00,Electric_Fan,power_coe,15912,31.16,59,1013
2026-02-04 13:50:00,Electric_Fan,electricity_coe,2620,31.16,59,1013
2026-02-04 13:50:00,Electric_Fan,fault,0,31.16,59,1013
2026-02-04 13:50:00,Electric_Fan,relay_status,last,31.16,59,1013
2026-02-04 13:50:00,Electric_Fan,overcharge_switch,False,31.16,59,1013
2026-02-04 13:50:00,Electric_Fan,light_mode,relay,31.16,59,1013
2026-02-04 13:50:00,Electric_Fan,child_lock,False,31.16,59,1013
2026-02-04 13:50:00,Electric_Fan,cycle_time,,31.16,59,1013
2026-02-04 13:50:00,Electric_Fan,random_time,,31.16,59,1013
2026-02-04 13:50:00,Electric_Fan,switch_inching,,31.16,59,1013
2026-02-04 14:00:00,Aircon,switch_1,True,30.47,58,1013
2026-02-04 14:00:00,Aircon,countdown_1,0,30.47,58,1013
2026-02-04 14:00:00,Aircon,add_ele,1,30.47,58,1013
2026-02-04 14:00:00,Aircon,cur_current,0,30.47,58,1013
2026-02-04 14:00:00,Aircon,cur_power,0,30.47,58,1013
2026-02-04 14:00:00,Aircon,cur_voltage,2305,30.47,58,1013
2026-02-04 14:00:00,Aircon,voltage_coe,567,30.47,58,1013
2026-02-04 14:00:00,Aircon,electric_coe,29676,30.47,58,1013
2026-02-04 14:00:00,Aircon,power_coe,15976,30.47,58,1013
2026-02-04 14:00:00,Aircon,electricity_coe,2610,30.47,58,1013
2026-02-04 14:00:00,Aircon,fault,0,30.47,58,1013
2026-02-04 14:00:00,Aircon,relay_status,last,30.47,58,1013
2026-02-04 14:00:00,Aircon,overcharge_switch,False,30.47,58,1013
2026-02-04 14:00:00,Aircon,light_mode,relay,30.47,58,1013
2026-02-04 14:00:00,Aircon,child_lock,False,30.47,58,1013
2026-02-04 14:00:00,Aircon,cycle_time,,30.47,58,1013
2026-02-04 14:00:00,Aircon,random_time,,30.47,58,1013
2026-02-04 14:00:00,Aircon,switch_inching,,30.47,58,1013
2026-02-04 14:00:00,Refrigerator,switch_1,True,30.47,58,1013
2026-02-04 14:00:00,Refrigerator,countdown_1,0,30.47,58,1013
2026-02-04 14:00:00,Refrigerator,add_ele,34,30.47,58,1013
2026-02-04 14:00:00,Refrigerator,cur_current,0,30.47,58,1013
2026-02-04 14:00:00,Refrigerator,cur_power,0,30.47,58,1013
2026-02-04 14:00:00,Refrigerator,cur_voltage,2294,30.47,58,1013
2026-02-04 14:00:00,Refrigerator,voltage_coe,559,30.47,58,1013
2026-02-04 14:00:00,Refrigerator,electric_coe,30058,30.47,58,1013
2026-02-04 14:00:00,Refrigerator,power_coe,15968,30.47,58,1013
2026-02-04 14:00:00,Refrigerator,electricity_coe,2610,30.47,58,1013
2026-02-04 14:00:00,Refrigerator,fault,0,30.47,58,1013
2026-02-04 14:00:00,Refrigerator,relay_status,last,30.47,58,1013
2026-02-04 14:00:00,Refrigerator,overcharge_switch,False,30.47,58,1013
2026-02-04 14:00:00,Refrigerator,light_mode,relay,30.47,58,1013
2026-02-04 14:00:00,Refrigerator,child_lock,False,30.47,58,1013
2026-02-04 14:00:00,Refrigerator,cycle_time,,30.47,58,1013
2026-02-04 14:00:00,Refrigerator,random_time,,30.47,58,1013
2026-02-04 14:00:00,Refrigerator,switch_inching,,30.47,58,1013
2026-02-04 14:00:00,Electric_Fan,switch_1,True,30.47,58,1013
2026-02-04 14:00:00,Electric_Fan,countdown_1,0,30.47,58,1013
2026-02-04 14:00:00,Electric_Fan,add_ele,21,30.47,58,1013
2026-02-04 14:00:00,Electric_Fan,cur_current,181,30.47,58,1013
2026-02-04 14:00:00,Electric_Fan,cur_power,417,30.47,58,1013
2026-02-04 14:00:00,Electric_Fan,cur_voltage,2290,30.47,58,1013
2026-02-04 14:00:00,Electric_Fan,voltage_coe,558,30.47,58,1013
2026-02-04 14:00:00,Electric_Fan,electric_coe,29647,30.47,58,1013
2026-02-04 14:00:00,Electric_Fan,power_coe,15912,30.47,58,1013
2026-02-04 14:00:00,Electric_Fan,electricity_coe,2620,30.47,58,1013
2026-02-04 14:00:00,Electric_Fan,fault,0,30.47,58,1013
2026-02-04 14:00:00,Electric_Fan,relay_status,last,30.47,58,1013
2026-02-04 14:00:00,Electric_Fan,overcharge_switch,False,30.47,58,1013
2026-02-04 14:00:00,Electric_Fan,light_mode,relay,30.47,58,1013
2026-02-04 14:00:00,Electric_Fan,child_lock,False,30.47,58,1013
2026-02-04 14:00:00,Electric_Fan,cycle_time,,30.47,58,1013
2026-02-04 14:00:00,Electric_Fan,random_time,,30.47,58,1013
2026-02-04 14:00:00,Electric_Fan,switch_inching,,30.47,58,1013
2026-02-04 14:10:00,Aircon,switch_1,True,30.78,58,1013
2026-02-04 14:10:00,Aircon,countdown_1,0,30.78,58,1013
2026-02-04 14:10:00,Aircon,add_ele,1,30.78,58,1013
2026-02-04 14:10:00,Aircon,cur_current,0,30.78,58,1013
2026-02-04 14:10:00,Aircon,cur_power,0,30.78,58,1013
2026-02-04 14:10:00,Aircon,cur_voltage,2305,30.78,58,1013
2026-02-04 14:10:00,Aircon,voltage_coe,567,30.78,58,1013
2026-02-04 14:10:00,Aircon,electric_coe,29676,30.78,58,1013
2026-02-04 14:10:00,Aircon,power_coe,15976,30.78,58,1013
2026-02-04 14:10:00,Aircon,electricity_coe,2610,30.78,58,1013
2026-02-04 14:10:00,Aircon,fault,0,30.78,58,1013
2026-02-04 14:10:00,Aircon,relay_status,last,30.78,58,1013
2026-02-04 14:10:00,Aircon,overcharge_switch,False,30.78,58,1013
2026-02-04 14:10:00,Aircon,light_mode,relay,30.78,58,1013
2026-02-04 14:10:00,Aircon,child_lock,False,30.78,58,1013
2026-02-04 14:10:00,Aircon,cycle_time,,30.78,58,1013
2026-02-04 14:10:00,Aircon,random_time,,30.78,58,1013
2026-02-04 14:10:00,Aircon,switch_inching,,30.78,58,1013
2026-02-04 14:10:00,Refrigerator,switch_1,True,30.78,58,1013
2026-02-04 14:10:00,Refrigerator,countdown_1,0,30.78,58,1013
2026-02-04 14:10:00,Refrigerator,add_ele,50,30.78,58,1013
2026-02-04 14:10:00,Refrigerator,cur_current,0,30.78,58,1013
2026-02-04 14:10:00,Refrigerator,cur_power,0,30.78,58,1013
2026-02-04 14:10:00,Refrigerator,cur_voltage,2294,30.78,58,1013
2026-02-04 14:10:00,Refrigerator,voltage_coe,559,30.78,58,1013
2026-02-04 14:10:00,Refrigerator,electric_coe,30058,30.78,58,1013
2026-02-04 14:10:00,Refrigerator,power_coe,15968,30.78,58,1013
2026-02-04 14:10:00,Refrigerator,electricity_coe,2610,30.78,58,1013
2026-02-04 14:10:00,Refrigerator,fault,0,30.78,58,1013
2026-02-04 14:10:00,Refrigerator,relay_status,last,30.78,58,1013
2026-02-04 14:10:00,Refrigerator,overcharge_switch,False,30.78,58,1013
2026-02-04 14:10:00,Refrigerator,light_mode,relay,30.78,58,1013
2026-02-04 14:10:00,Refrigerator,child_lock,False,30.78,58,1013
2026-02-04 14:10:00,Refrigerator,cycle_time,,30.78,58,1013
2026-02-04 14:10:00,Refrigerator,random_time,,30.78,58,1013
2026-02-04 14:10:00,Refrigerator,switch_inching,,30.78,58,1013
2026-02-04 14:10:00,Electric_Fan,switch_1,True,30.78,58,1013
2026-02-04 14:10:00,Electric_Fan,countdown_1,0,30.78,58,1013
2026-02-04 14:10:00,Electric_Fan,add_ele,21,30.78,58,1013
2026-02-04 14:10:00,Electric_Fan,cur_current,181,30.78,58,1013
2026-02-04 14:10:00,Electric_Fan,cur_power,417,30.78,58,1013
2026-02-04 14:10:00,Electric_Fan,cur_voltage,2290,30.78,58,1013
2026-02-04 14:10:00,Electric_Fan,voltage_coe,558,30.78,58,1013
2026-02-04 14:10:00,Electric_Fan,electric_coe,29647,30.78,58,1013
2026-02-04 14:10:00,Electric_Fan,power_coe,15912,30.78,58,1013
2026-02-04 14:10:00,Electric_Fan,electricity_coe,2620,30.78,58,1013
2026-02-04 14:10:00,Electric_Fan,fault,0,30.78,58,1013
2026-02-04 14:10:00,Electric_Fan,relay_status,last,30.78,58,1013
2026-02-04 14:10:00,Electric_Fan,overcharge_switch,False,30.78,58,1013
2026-02-04 14:10:00,Electric_Fan,light_mode,relay,30.78,58,1013
2026-02-04 14:10:00,Electric_Fan,child_lock,False,30.78,58,1013
2026-02-04 14:10:00,Electric_Fan,cycle_time,,30.78,58,1013
2026-02-04 14:10:00,Electric_Fan,random_time,,30.78,58,1013
2026-02-04 14:10:00,Electric_Fan,switch_inching,,30.78,58,1013
2026-02-04 14:20:00,Aircon,switch_1,True,30.78,59,1013
2026-02-04 14:20:00,Aircon,countdown_1,0,30.78,59,1013
2026-02-04 14:20:00,Aircon,add_ele,1,30.78,59,1013
2026-02-04 14:20:00,Aircon,cur_current,0,30.78,59,1013
2026-02-04 14:20:00,Aircon,cur_power,0,30.78,59,1013
2026-02-04 14:20:00,Aircon,cur_voltage,2305,30.78,59,1013
2026-02-04 14:20:00,Aircon,voltage_coe,567,30.78,59,1013
2026-02-04 14:20:00,Aircon,electric_coe,29676,30.78,59,1013
2026-02-04 14:20:00,Aircon,power_coe,15976,30.78,59,1013
2026-02-04 14:20:00,Aircon,electricity_coe,2610,30.78,59,1013
2026-02-04 14:20:00,Aircon,fault,0,30.78,59,1013
2026-02-04 14:20:00,Aircon,relay_status,last,30.78,59,1013
2026-02-04 14:20:00,Aircon,overcharge_switch,False,30.78,59,1013
2026-02-04 14:20:00,Aircon,light_mode,relay,30.78,59,1013
2026-02-04 14:20:00,Aircon,child_lock,False,30.78,59,1013
2026-02-04 14:20:00,Aircon,cycle_time,,30.78,59,1013
2026-02-04 14:20:00,Aircon,random_time,,30.78,59,1013
2026-02-04 14:20:00,Aircon,switch_inching,,30.78,59,1013
2026-02-04 14:20:00,Refrigerator,switch_1,True,30.78,59,1013
2026-02-04 14:20:00,Refrigerator,countdown_1,0,30.78,59,1013
2026-02-04 14:20:00,Refrigerator,add_ele,50,30.78,59,1013
2026-02-04 14:20:00,Refrigerator,cur_current,0,30.78,59,1013
2026-02-04 14:20:00,Refrigerator,cur_power,0,30.78,59,1013
2026-02-04 14:20:00,Refrigerator,cur_voltage,2294,30.78,59,1013
2026-02-04 14:20:00,Refrigerator,voltage_coe,559,30.78,59,1013
2026-02-04 14:20:00,Refrigerator,electric_coe,30058,30.78,59,1013
2026-02-04 14:20:00,Refrigerator,power_coe,15968,30.78,59,1013
2026-02-04 14:20:00,Refrigerator,electricity_coe,2610,30.78,59,1013
2026-02-04 14:20:00,Refrigerator,fault,0,30.78,59,1013
2026-02-04 14:20:00,Refrigerator,relay_status,last,30.78,59,1013
2026-02-04 14:20:00,Refrigerator,overcharge_switch,False,30.78,59,1013
2026-02-04 14:20:00,Refrigerator,light_mode,relay,30.78,59,1013
2026-02-04 14:20:00,Refrigerator,child_lock,False,30.78,59,1013
2026-02-04 14:20:00,Refrigerator,cycle_time,,30.78,59,1013
2026-02-04 14:20:00,Refrigerator,random_time,,30.78,59,1013
2026-02-04 14:20:00,Refrigerator,switch_inching,,30.78,59,1013
2026-02-04 14:20:00,Electric_Fan,switch_1,True,30.78,59,1013
2026-02-04 14:20:00,Electric_Fan,countdown_1,0,30.78,59,1013
2026-02-04 14:20:00,Electric_Fan,add_ele,21,30.78,59,1013
2026-02-04 14:20:00,Electric_Fan,cur_current,181,30.78,59,1013
2026-02-04 14:20:00,Electric_Fan,cur_power,417,30.78,59,1013
2026-02-04 14:20:00,Electric_Fan,cur_voltage,2290,30.78,59,1013
2026-02-04 14:20:00,Electric_Fan,voltage_coe,558,30.78,59,1013
2026-02-04 14:20:00,Electric_Fan,electric_coe,29647,30.78,59,1013
2026-02-04 14:20:00,Electric_Fan,power_coe,15912,30.78,59,1013
2026-02-04 14:20:00,Electric_Fan,electricity_coe,2620,30.78,59,1013
2026-02-04 14:20:00,Electric_Fan,fault,0,30.78,59,1013
2026-02-04 14:20:00,Electric_Fan,relay_status,last,30.78,59,1013
2026-02-04 14:20:00,Electric_Fan,overcharge_switch,False,30.78,59,1013
2026-02-04 14:20:00,Electric_Fan,light_mode,relay,30.78,59,1013
2026-02-04 14:20:00,Electric_Fan,child_lock,False,30.78,59,1013
2026-02-04 14:20:00,Electric_Fan,cycle_time,,30.78,59,1013
2026-02-04 14:20:00,Electric_Fan,random_time,,30.78,59,1013
2026-02-04 14:20:00,Electric_Fan,switch_inching,,30.78,59,1013
2026-02-04 14:30:00,Aircon,switch_1,True,30.73,58,1013
2026-02-04 14:30:00,Aircon,countdown_1,0,30.73,58,1013
2026-02-04 14:30:00,Aircon,add_ele,1,30.73,58,1013
2026-02-04 14:30:00,Aircon,cur_current,0,30.73,58,1013
2026-02-04 14:30:00,Aircon,cur_power,0,30.73,58,1013
2026-02-04 14:30:00,Aircon,cur_voltage,2305,30.73,58,1013
2026-02-04 14:30:00,Aircon,voltage_coe,567,30.73,58,1013
2026-02-04 14:30:00,Aircon,electric_coe,29676,30.73,58,1013
2026-02-04 14:30:00,Aircon,power_coe,15976,30.73,58,1013
2026-02-04 14:30:00,Aircon,electricity_coe,2610,30.73,58,1013
2026-02-04 14:30:00,Aircon,fault,0,30.73,58,1013
2026-02-04 14:30:00,Aircon,relay_status,last,30.73,58,1013
2026-02-04 14:30:00,Aircon,overcharge_switch,False,30.73,58,1013
2026-02-04 14:30:00,Aircon,light_mode,relay,30.73,58,1013
2026-02-04 14:30:00,Aircon,child_lock,False,30.73,58,1013
2026-02-04 14:30:00,Aircon,cycle_time,,30.73,58,1013
2026-02-04 14:30:00,Aircon,random_time,,30.73,58,1013
2026-02-04 14:30:00,Aircon,switch_inching,,30.73,58,1013
2026-02-04 14:30:00,Refrigerator,switch_1,True,30.73,58,1013
2026-02-04 14:30:00,Refrigerator,countdown_1,0,30.73,58,1013
2026-02-04 14:30:00,Refrigerator,add_ele,50,30.73,58,1013
2026-02-04 14:30:00,Refrigerator,cur_current,0,30.73,58,1013
2026-02-04 14:30:00,Refrigerator,cur_power,0,30.73,58,1013
2026-02-04 14:30:00,Refrigerator,cur_voltage,2294,30.73,58,1013
2026-02-04 14:30:00,Refrigerator,voltage_coe,559,30.73,58,1013
2026-02-04 14:30:00,Refrigerator,electric_coe,30058,30.73,58,1013
2026-02-04 14:30:00,Refrigerator,power_coe,15968,30.73,58,1013
2026-02-04 14:30:00,Refrigerator,electricity_coe,2610,30.73,58,1013
2026-02-04 14:30:00,Refrigerator,fault,0,30.73,58,1013
2026-02-04 14:30:00,Refrigerator,relay_status,last,30.73,58,1013
2026-02-04 14:30:00,Refrigerator,overcharge_switch,False,30.73,58,1013
2026-02-04 14:30:00,Refrigerator,light_mode,relay,30.73,58,1013
2026-02-04 14:30:00,Refrigerator,child_lock,False,30.73,58,1013
2026-02-04 14:30:00,Refrigerator,cycle_time,,30.73,58,1013
2026-02-04 14:30:00,Refrigerator,random_time,,30.73,58,1013
2026-02-04 14:30:00,Refrigerator,switch_inching,,30.73,58,1013
2026-02-04 14:30:00,Electric_Fan,switch_1,True,30.73,58,1013
2026-02-04 14:30:00,Electric_Fan,countdown_1,0,30.73,58,1013
2026-02-04 14:30:00,Electric_Fan,add_ele,21,30.73,58,1013
2026-02-04 14:30:00,Electric_Fan,cur_current,181,30.73,58,1013
2026-02-04 14:30:00,Electric_Fan,cur_power,417,30.73,58,1013
2026-02-04 14:30:00,Electric_Fan,cur_voltage,2290,30.73,58,1013
2026-02-04 14:30:00,Electric_Fan,voltage_coe,558,30.73,58,1013
2026-02-04 14:30:00,Electric_Fan,electric_coe,29647,30.73,58,1013
2026-02-04 14:30:00,Electric_Fan,power_coe,15912,30.73,58,1013
2026-02-04 14:30:00,Electric_Fan,electricity_coe,2620,30.73,58,1013
2026-02-04 14:30:00,Electric_Fan,fault,0,30.73,58,1013
2026-02-04 14:30:00,Electric_Fan,relay_status,last,30.73,58,1013
2026-02-04 14:30:00,Electric_Fan,overcharge_switch,False,30.73,58,1013
2026-02-04 14:30:00,Electric_Fan,light_mode,relay,30.73,58,1013
2026-02-04 14:30:00,Electric_Fan,child_lock,False,30.73,58,1013
2026-02-04 14:30:00,Electric_Fan,cycle_time,,30.73,58,1013
2026-02-04 14:30:00,Electric_Fan,random_time,,30.73,58,1013
2026-02-04 14:30:00,Electric_Fan,switch_inching,,30.73,58,1013
2026-02-04 14:40:00,Aircon,switch_1,True,30.63,59,1012
2026-02-04 14:40:00,Aircon,countdown_1,0,30.63,59,1012
2026-02-04 14:40:00,Aircon,add_ele,1,30.63,59,1012
2026-02-04 14:40:00,Aircon,cur_current,0,30.63,59,1012
2026-02-04 14:40:00,Aircon,cur_power,0,30.63,59,1012
2026-02-04 14:40:00,Aircon,cur_voltage,2327,30.63,59,1012
2026-02-04 14:40:00,Aircon,voltage_coe,567,30.63,59,1012
2026-02-04 14:40:00,Aircon,electric_coe,29676,30.63,59,1012
2026-02-04 14:40:00,Aircon,power_coe,15976,30.63,59,1012
2026-02-04 14:40:00,Aircon,electricity_coe,2610,30.63,59,1012
2026-02-04 14:40:00,Aircon,fault,0,30.63,59,1012
2026-02-04 14:40:00,Aircon,relay_status,last,30.63,59,1012
2026-02-04 14:40:00,Aircon,overcharge_switch,False,30.63,59,1012
2026-02-04 14:40:00,Aircon,light_mode,relay,30.63,59,1012
2026-02-04 14:40:00,Aircon,child_lock,False,30.63,59,1012
2026-02-04 14:40:00,Aircon,cycle_time,,30.63,59,1012
2026-02-04 14:40:00,Aircon,random_time,,30.63,59,1012
2026-02-04 14:40:00,Aircon,switch_inching,,30.63,59,1012
2026-02-04 14:40:00,Refrigerator,switch_1,True,30.63,59,1012
2026-02-04 14:40:00,Refrigerator,countdown_1,0,30.63,59,1012
2026-02-04 14:40:00,Refrigerator,add_ele,7,30.63,59,1012
2026-02-04 14:40:00,Refrigerator,cur_current,1117,30.63,59,1012
2026-02-04 14:40:00,Refrigerator,cur_power,1829,30.63,59,1012
2026-02-04 14:40:00,Refrigerator,cur_voltage,2316,30.63,59,1012
2026-02-04 14:40:00,Refrigerator,voltage_coe,559,30.63,59,1012
2026-02-04 14:40:00,Refrigerator,electric_coe,30058,30.63,59,1012
2026-02-04 14:40:00,Refrigerator,power_coe,15968,30.63,59,1012
2026-02-04 14:40:00,Refrigerator,electricity_coe,2610,30.63,59,1012
2026-02-04 14:40:00,Refrigerator,fault,0,30.63,59,1012
2026-02-04 14:40:00,Refrigerator,relay_status,last,30.63,59,1012
2026-02-04 14:40:00,Refrigerator,overcharge_switch,False,30.63,59,1012
2026-02-04 14:40:00,Refrigerator,light_mode,relay,30.63,59,1012
2026-02-04 14:40:00,Refrigerator,child_lock,False,30.63,59,1012
2026-02-04 14:40:00,Refrigerator,cycle_time,,30.63,59,1012
2026-02-04 14:40:00,Refrigerator,random_time,,30.63,59,1012
2026-02-04 14:40:00,Refrigerator,switch_inching,,30.63,59,1012
2026-02-04 14:40:00,Electric_Fan,switch_1,True,30.63,59,1012
2026-02-04 14:40:00,Electric_Fan,countdown_1,0,30.63,59,1012
2026-02-04 14:40:00,Electric_Fan,add_ele,21,30.63,59,1012
2026-02-04 14:40:00,Electric_Fan,cur_current,181,30.63,59,1012
2026-02-04 14:40:00,Electric_Fan,cur_power,417,30.63,59,1012
2026-02-04 14:40:00,Electric_Fan,cur_voltage,2290,30.63,59,1012
2026-02-04 14:40:00,Electric_Fan,voltage_coe,558,30.63,59,1012
2026-02-04 14:40:00,Electric_Fan,electric_coe,29647,30.63,59,1012
2026-02-04 14:40:00,Electric_Fan,power_coe,15912,30.63,59,1012
2026-02-04 14:40:00,Electric_Fan,electricity_coe,2620,30.63,59,1012
2026-02-04 14:40:00,Electric_Fan,fault,0,30.63,59,1012
2026-02-04 14:40:00,Electric_Fan,relay_status,last,30.63,59,1012
2026-02-04 14:40:00,Electric_Fan,overcharge_switch,False,30.63,59,1012
2026-02-04 14:40:00,Electric_Fan,light_mode,relay,30.63,59,1012
2026-02-04 14:40:00,Electric_Fan,child_lock,False,30.63,59,1012
2026-02-04 14:40:00,Electric_Fan,cycle_time,,30.63,59,1012
2026-02-04 14:40:00,Electric_Fan,random_time,,30.63,59,1012
2026-02-04 14:40:00,Electric_Fan,switch_inching,,30.63,59,1012
2026-02-04 14:50:00,Aircon,switch_1,True,30.54,58,1012
2026-02-04 14:50:00,Aircon,countdown_1,0,30.54,58,1012
2026-02-04 14:50:00,Aircon,add_ele,1,30.54,58,1012
2026-02-04 14:50:00,Aircon,cur_current,0,30.54,58,1012
2026-02-04 14:50:00,Aircon,cur_power,0,30.54,58,1012
2026-02-04 14:50:00,Aircon,cur_voltage,2327,30.54,58,1012
2026-02-04 14:50:00,Aircon,voltage_coe,567,30.54,58,1012
2026-02-04 14:50:00,Aircon,electric_coe,29676,30.54,58,1012
2026-02-04 14:50:00,Aircon,power_coe,15976,30.54,58,1012
2026-02-04 14:50:00,Aircon,electricity_coe,2610,30.54,58,1012
2026-02-04 14:50:00,Aircon,fault,0,30.54,58,1012
2026-02-04 14:50:00,Aircon,relay_status,last,30.54,58,1012
2026-02-04 14:50:00,Aircon,overcharge_switch,False,30.54,58,1012
2026-02-04 14:50:00,Aircon,light_mode,relay,30.54,58,1012
2026-02-04 14:50:00,Aircon,child_lock,False,30.54,58,1012
2026-02-04 14:50:00,Aircon,cycle_time,,30.54,58,1012
2026-02-04 14:50:00,Aircon,random_time,,30.54,58,1012
2026-02-04 14:50:00,Aircon,switch_inching,,30.54,58,1012
2026-02-04 14:50:00,Refrigerator,switch_1,True,30.54,58,1012
2026-02-04 14:50:00,Refrigerator,countdown_1,0,30.54,58,1012
2026-02-04 14:50:00,Refrigerator,add_ele,7,30.54,58,1012
2026-02-04 14:50:00,Refrigerator,cur_current,1117,30.54,58,1012
2026-02-04 14:50:00,Refrigerator,cur_power,1829,30.54,58,1012
2026-02-04 14:50:00,Refrigerator,cur_voltage,2316,30.54,58,1012
2026-02-04 14:50:00,Refrigerator,voltage_coe,559,30.54,58,1012
2026-02-04 14:50:00,Refrigerator,electric_coe,30058,30.54,58,1012
2026-02-04 14:50:00,Refrigerator,power_coe,15968,30.54,58,1012
2026-02-04 14:50:00,Refrigerator,electricity_coe,2610,30.54,58,1012
2026-02-04 14:50:00,Refrigerator,fault,0,30.54,58,1012
2026-02-04 14:50:00,Refrigerator,relay_status,last,30.54,58,1012
2026-02-04 14:50:00,Refrigerator,overcharge_switch,False,30.54,58,1012
2026-02-04 14:50:00,Refrigerator,light_mode,relay,30.54,58,1012
2026-02-04 14:50:00,Refrigerator,child_lock,False,30.54,58,1012
2026-02-04 14:50:00,Refrigerator,cycle_time,,30.54,58,1012
2026-02-04 14:50:00,Refrigerator,random_time,,30.54,58,1012
2026-02-04 14:50:00,Refrigerator,switch_inching,,30.54,58,1012
2026-02-04 14:50:00,Electric_Fan,switch_1,True,30.54,58,1012
2026-02-04 14:50:00,Electric_Fan,countdown_1,0,30.54,58,1012
2026-02-04 14:50:00,Electric_Fan,add_ele,21,30.54,58,1012
2026-02-04 14:50:00,Electric_Fan,cur_current,181,30.54,58,1012
2026-02-04 14:50:00,Electric_Fan,cur_power,417,30.54,58,1012
2026-02-04 14:50:00,Electric_Fan,cur_voltage,2290,30.54,58,1012
2026-02-04 14:50:00,Electric_Fan,voltage_coe,558,30.54,58,1012
2026-02-04 14:50:00,Electric_Fan,electric_coe,29647,30.54,58,1012
2026-02-04 14:50:00,Electric_Fan,power_coe,15912,30.54,58,1012
2026-02-04 14:50:00,Electric_Fan,electricity_coe,2620,30.54,58,1012
2026-02-04 14:50:00,Electric_Fan,fault,0,30.54,58,1012
2026-02-04 14:50:00,Electric_Fan,relay_status,last,30.54,58,1012
2026-02-04 14:50:00,Electric_Fan,overcharge_switch,False,30.54,58,1012
2026-02-04 14:50:00,Electric_Fan,light_mode,relay,30.54,58,1012
2026-02-04 14:50:00,Electric_Fan,child_lock,False,30.54,58,1012
2026-02-04 14:50:00,Electric_Fan,cycle_time,,30.54,58,1012
2026-02-04 14:50:00,Electric_Fan,random_time,,30.54,58,1012
2026-02-04 14:50:00,Electric_Fan,switch_inching,,30.54,58,1012
2026-02-04 15:00:00,Aircon,switch_1,True,30.51,57,1012
2026-02-04 15:00:00,Aircon,countdown_1,0,30.51,57,1012
2026-02-04 15:00:00,Aircon,add_ele,1,30.51,57,1012
2026-02-04 15:00:00,Aircon,cur_current,0,30.51,57,1012
2026-02-04 15:00:00,Aircon,cur_power,0,30.51,57,1012
2026-02-04 15:00:00,Aircon,cur_voltage,2327,30.51,57,1012
2026-02-04 15:00:00,Aircon,voltage_coe,567,30.51,57,1012
2026-02-04 15:00:00,Aircon,electric_coe,29676,30.51,57,1012
2026-02-04 15:00:00,Aircon,power_coe,15976,30.51,57,1012
2026-02-04 15:00:00,Aircon,electricity_coe,2610,30.51,57,1012
2026-02-04 15:00:00,Aircon,fault,0,30.51,57,1012
2026-02-04 15:00:00,Aircon,relay_status,last,30.51,57,1012
2026-02-04 15:00:00,Aircon,overcharge_switch,False,30.51,57,1012
2026-02-04 15:00:00,Aircon,light_mode,relay,30.51,57,1012
2026-02-04 15:00:00,Aircon,child_lock,False,30.51,57,1012
2026-02-04 15:00:00,Aircon,cycle_time,,30.51,57,1012
2026-02-04 15:00:00,Aircon,random_time,,30.51,57,1012
2026-02-04 15:00:00,Aircon,switch_inching,,30.51,57,1012
2026-02-04 15:00:00,Refrigerator,switch_1,True,30.51,57,1012
2026-02-04 15:00:00,Refrigerator,countdown_1,0,30.51,57,1012
2026-02-04 15:00:00,Refrigerator,add_ele,7,30.51,57,1012
2026-02-04 15:00:00,Refrigerator,cur_current,1117,30.51,57,1012
2026-02-04 15:00:00,Refrigerator,cur_power,1829,30.51,57,1012
2026-02-04 15:00:00,Refrigerator,cur_voltage,2316,30.51,57,1012
2026-02-04 15:00:00,Refrigerator,voltage_coe,559,30.51,57,1012
2026-02-04 15:00:00,Refrigerator,electric_coe,30058,30.51,57,1012
2026-02-04 15:00:00,Refrigerator,power_coe,15968,30.51,57,1012
2026-02-04 15:00:00,Refrigerator,electricity_coe,2610,30.51,57,1012
2026-02-04 15:00:00,Refrigerator,fault,0,30.51,57,1012
2026-02-04 15:00:00,Refrigerator,relay_status,last,30.51,57,1012
2026-02-04 15:00:00,Refrigerator,overcharge_switch,False,30.51,57,1012
2026-02-04 15:00:00,Refrigerator,light_mode,relay,30.51,57,1012
2026-02-04 15:00:00,Refrigerator,child_lock,False,30.51,57,1012
2026-02-04 15:00:00,Refrigerator,cycle_time,,30.51,57,1012
2026-02-04 15:00:00,Refrigerator,random_time,,30.51,57,1012
2026-02-04 15:00:00,Refrigerator,switch_inching,,30.51,57,1012
2026-02-04 15:00:00,Electric_Fan,switch_1,True,30.51,57,1012
2026-02-04 15:00:00,Electric_Fan,countdown_1,0,30.51,57,1012
2026-02-04 15:00:00,Electric_Fan,add_ele,21,30.51,57,1012
2026-02-04 15:00:00,Electric_Fan,cur_current,181,30.51,57,1012
2026-02-04 15:00:00,Electric_Fan,cur_power,417,30.51,57,1012
2026-02-04 15:00:00,Electric_Fan,cur_voltage,2290,30.51,57,1012
2026-02-04 15:00:00,Electric_Fan,voltage_coe,558,30.51,57,1012
2026-02-04 15:00:00,Electric_Fan,electric_coe,29647,30.51,57,1012
2026-02-04 15:00:00,Electric_Fan,power_coe,15912,30.51,57,1012
2026-02-04 15:00:00,Electric_Fan,electricity_coe,2620,30.51,57,1012
2026-02-04 15:00:00,Electric_Fan,fault,0,30.51,57,1012
2026-02-04 15:00:00,Electric_Fan,relay_status,last,30.51,57,1012
2026-02-04 15:00:00,Electric_Fan,overcharge_switch,False,30.51,57,1012
2026-02-04 15:00:00,Electric_Fan,light_mode,relay,30.51,57,1012
2026-02-04 15:00:00,Electric_Fan,child_lock,False,30.51,57,1012
2026-02-04 15:00:00,Electric_Fan,cycle_time,,30.51,57,1012
2026-02-04 15:00:00,Electric_Fan,random_time,,30.51,57,1012
2026-02-04 15:00:00,Electric_Fan,switch_inching,,30.51,57,1012
2026-02-04 15:10:00,Aircon,switch_1,True,30.65,59,1012
2026-02-04 15:10:00,Aircon,countdown_1,0,30.65,59,1012
2026-02-04 15:10:00,Aircon,add_ele,1,30.65,59,1012
2026-02-04 15:10:00,Aircon,cur_current,0,30.65,59,1012
2026-02-04 15:10:00,Aircon,cur_power,0,30.65,59,1012
2026-02-04 15:10:00,Aircon,cur_voltage,2327,30.65,59,1012
2026-02-04 15:10:00,Aircon,voltage_coe,567,30.65,59,1012
2026-02-04 15:10:00,Aircon,electric_coe,29676,30.65,59,1012
2026-02-04 15:10:00,Aircon,power_coe,15976,30.65,59,1012
2026-02-04 15:10:00,Aircon,electricity_coe,2610,30.65,59,1012
2026-02-04 15:10:00,Aircon,fault,0,30.65,59,1012
2026-02-04 15:10:00,Aircon,relay_status,last,30.65,59,1012
2026-02-04 15:10:00,Aircon,overcharge_switch,False,30.65,59,1012
2026-02-04 15:10:00,Aircon,light_mode,relay,30.65,59,1012
2026-02-04 15:10:00,Aircon,child_lock,False,30.65,59,1012
2026-02-04 15:10:00,Aircon,cycle_time,,30.65,59,1012
2026-02-04 15:10:00,Aircon,random_time,,30.65,59,1012
2026-02-04 15:10:00,Aircon,switch_inching,,30.65,59,1012
2026-02-04 15:10:00,Refrigerator,switch_1,True,30.65,59,1012
2026-02-04 15:10:00,Refrigerator,countdown_1,0,30.65,59,1012
2026-02-04 15:10:00,Refrigerator,add_ele,78,30.65,59,1012
2026-02-04 15:10:00,Refrigerator,cur_current,0,30.65,59,1012
2026-02-04 15:10:00,Refrigerator,cur_power,0,30.65,59,1012
2026-02-04 15:10:00,Refrigerator,cur_voltage,2329,30.65,59,1012
2026-02-04 15:10:00,Refrigerator,voltage_coe,559,30.65,59,1012
2026-02-04 15:10:00,Refrigerator,electric_coe,30058,30.65,59,1012
2026-02-04 15:10:00,Refrigerator,power_coe,15968,30.65,59,1012
2026-02-04 15:10:00,Refrigerator,electricity_coe,2610,30.65,59,1012
2026-02-04 15:10:00,Refrigerator,fault,0,30.65,59,1012
2026-02-04 15:10:00,Refrigerator,relay_status,last,30.65,59,1012
2026-02-04 15:10:00,Refrigerator,overcharge_switch,False,30.65,59,1012
2026-02-04 15:10:00,Refrigerator,light_mode,relay,30.65,59,1012
2026-02-04 15:10:00,Refrigerator,child_lock,False,30.65,59,1012
2026-02-04 15:10:00,Refrigerator,cycle_time,,30.65,59,1012
2026-02-04 15:10:00,Refrigerator,random_time,,30.65,59,1012
2026-02-04 15:10:00,Refrigerator,switch_inching,,30.65,59,1012
2026-02-04 15:10:00,Electric_Fan,switch_1,True,30.65,59,1012
2026-02-04 15:10:00,Electric_Fan,countdown_1,0,30.65,59,1012
2026-02-04 15:10:00,Electric_Fan,add_ele,21,30.65,59,1012
2026-02-04 15:10:00,Electric_Fan,cur_current,181,30.65,59,1012
2026-02-04 15:10:00,Electric_Fan,cur_power,417,30.65,59,1012
2026-02-04 15:10:00,Electric_Fan,cur_voltage,2290,30.65,59,1012
2026-02-04 15:10:00,Electric_Fan,voltage_coe,558,30.65,59,1012
2026-02-04 15:10:00,Electric_Fan,electric_coe,29647,30.65,59,1012
2026-02-04 15:10:00,Electric_Fan,power_coe,15912,30.65,59,1012
2026-02-04 15:10:00,Electric_Fan,electricity_coe,2620,30.65,59,1012
2026-02-04 15:10:00,Electric_Fan,fault,0,30.65,59,1012
2026-02-04 15:10:00,Electric_Fan,relay_status,last,30.65,59,1012
2026-02-04 15:10:00,Electric_Fan,overcharge_switch,False,30.65,59,1012
2026-02-04 15:10:00,Electric_Fan,light_mode,relay,30.65,59,1012
2026-02-04 15:10:00,Electric_Fan,child_lock,False,30.65,59,1012
2026-02-04 15:10:00,Electric_Fan,cycle_time,,30.65,59,1012
2026-02-04 15:10:00,Electric_Fan,random_time,,30.65,59,1012
2026-02-04 15:10:00,Electric_Fan,switch_inching,,30.65,59,1012
2026-02-04 15:20:00,Aircon,switch_1,True,30.11,56,1013
2026-02-04 15:20:00,Aircon,countdown_1,0,30.11,56,1013
2026-02-04 15:20:00,Aircon,add_ele,1,30.11,56,1013
2026-02-04 15:20:00,Aircon,cur_current,0,30.11,56,1013
2026-02-04 15:20:00,Aircon,cur_power,0,30.11,56,1013
2026-02-04 15:20:00,Aircon,cur_voltage,2327,30.11,56,1013
2026-02-04 15:20:00,Aircon,voltage_coe,567,30.11,56,1013
2026-02-04 15:20:00,Aircon,electric_coe,29676,30.11,56,1013
2026-02-04 15:20:00,Aircon,power_coe,15976,30.11,56,1013
2026-02-04 15:20:00,Aircon,electricity_coe,2610,30.11,56,1013
2026-02-04 15:20:00,Aircon,fault,0,30.11,56,1013
2026-02-04 15:20:00,Aircon,relay_status,last,30.11,56,1013
2026-02-04 15:20:00,Aircon,overcharge_switch,False,30.11,56,1013
2026-02-04 15:20:00,Aircon,light_mode,relay,30.11,56,1013
2026-02-04 15:20:00,Aircon,child_lock,False,30.11,56,1013
2026-02-04 15:20:00,Aircon,cycle_time,,30.11,56,1013
2026-02-04 15:20:00,Aircon,random_time,,30.11,56,1013
2026-02-04 15:20:00,Aircon,switch_inching,,30.11,56,1013
2026-02-04 15:20:00,Refrigerator,switch_1,True,30.11,56,1013
2026-02-04 15:20:00,Refrigerator,countdown_1,0,30.11,56,1013
2026-02-04 15:20:00,Refrigerator,add_ele,78,30.11,56,1013
2026-02-04 15:20:00,Refrigerator,cur_current,0,30.11,56,1013
2026-02-04 15:20:00,Refrigerator,cur_power,0,30.11,56,1013
2026-02-04 15:20:00,Refrigerator,cur_voltage,2329,30.11,56,1013
2026-02-04 15:20:00,Refrigerator,voltage_coe,559,30.11,56,1013
2026-02-04 15:20:00,Refrigerator,electric_coe,30058,30.11,56,1013
2026-02-04 15:20:00,Refrigerator,power_coe,15968,30.11,56,1013
2026-02-04 15:20:00,Refrigerator,electricity_coe,2610,30.11,56,1013
2026-02-04 15:20:00,Refrigerator,fault,0,30.11,56,1013
2026-02-04 15:20:00,Refrigerator,relay_status,last,30.11,56,1013
2026-02-04 15:20:00,Refrigerator,overcharge_switch,False,30.11,56,1013
2026-02-04 15:20:00,Refrigerator,light_mode,relay,30.11,56,1013
2026-02-04 15:20:00,Refrigerator,child_lock,False,30.11,56,1013
2026-02-04 15:20:00,Refrigerator,cycle_time,,30.11,56,1013
2026-02-04 15:20:00,Refrigerator,random_time,,30.11,56,1013
2026-02-04 15:20:00,Refrigerator,switch_inching,,30.11,56,1013
2026-02-04 15:20:00,Electric_Fan,switch_1,True,30.11,56,1013
2026-02-04 15:20:00,Electric_Fan,countdown_1,0,30.11,56,1013
2026-02-04 15:20:00,Electric_Fan,add_ele,21,30.11,56,1013
2026-02-04 15:20:00,Electric_Fan,cur_current,181,30.11,56,1013
2026-02-04 15:20:00,Electric_Fan,cur_power,417,30.11,56,1013
2026-02-04 15:20:00,Electric_Fan,cur_voltage,2290,30.11,56,1013
2026-02-04 15:20:00,Electric_Fan,voltage_coe,558,30.11,56,1013
2026-02-04 15:20:00,Electric_Fan,electric_coe,29647,30.11,56,1013
2026-02-04 15:20:00,Electric_Fan,power_coe,15912,30.11,56,1013
2026-02-04 15:20:00,Electric_Fan,electricity_coe,2620,30.11,56,1013
2026-02-04 15:20:00,Electric_Fan,fault,0,30.11,56,1013
2026-02-04 15:20:00,Electric_Fan,relay_status,last,30.11,56,1013
2026-02-04 15:20:00,Electric_Fan,overcharge_switch,False,30.11,56,1013
2026-02-04 15:20:00,Electric_Fan,light_mode,relay,30.11,56,1013
2026-02-04 15:20:00,Electric_Fan,child_lock,False,30.11,56,1013
2026-02-04 15:20:00,Electric_Fan,cycle_time,,30.11,56,1013
2026-02-04 15:20:00,Electric_Fan,random_time,,30.11,56,1013
2026-02-04 15:20:00,Electric_Fan,switch_inching,,30.11,56,1013
2026-02-04 15:30:00,Aircon,switch_1,True,30.11,56,1013
2026-02-04 15:30:00,Aircon,countdown_1,0,30.11,56,1013
2026-02-04 15:30:00,Aircon,add_ele,1,30.11,56,1013
2026-02-04 15:30:00,Aircon,cur_current,0,30.11,56,1013
2026-02-04 15:30:00,Aircon,cur_power,0,30.11,56,1013
2026-02-04 15:30:00,Aircon,cur_voltage,2327,30.11,56,1013
2026-02-04 15:30:00,Aircon,voltage_coe,567,30.11,56,1013
2026-02-04 15:30:00,Aircon,electric_coe,29676,30.11,56,1013
2026-02-04 15:30:00,Aircon,power_coe,15976,30.11,56,1013
2026-02-04 15:30:00,Aircon,electricity_coe,2610,30.11,56,1013
2026-02-04 15:30:00,Aircon,fault,0,30.11,56,1013
2026-02-04 15:30:00,Aircon,relay_status,last,30.11,56,1013
2026-02-04 15:30:00,Aircon,overcharge_switch,False,30.11,56,1013
2026-02-04 15:30:00,Aircon,light_mode,relay,30.11,56,1013
2026-02-04 15:30:00,Aircon,child_lock,False,30.11,56,1013
2026-02-04 15:30:00,Aircon,cycle_time,,30.11,56,1013
2026-02-04 15:30:00,Aircon,random_time,,30.11,56,1013
2026-02-04 15:30:00,Aircon,switch_inching,,30.11,56,1013
2026-02-04 15:30:00,Refrigerator,switch_1,True,30.11,56,1013
2026-02-04 15:30:00,Refrigerator,countdown_1,0,30.11,56,1013
2026-02-04 15:30:00,Refrigerator,add_ele,78,30.11,56,1013
2026-02-04 15:30:00,Refrigerator,cur_current,0,30.11,56,1013
2026-02-04 15:30:00,Refrigerator,cur_power,0,30.11,56,1013
2026-02-04 15:30:00,Refrigerator,cur_voltage,2329,30.11,56,1013
2026-02-04 15:30:00,Refrigerator,voltage_coe,559,30.11,56,1013
2026-02-04 15:30:00,Refrigerator,electric_coe,30058,30.11,56,1013
2026-02-04 15:30:00,Refrigerator,power_coe,15968,30.11,56,1013
2026-02-04 15:30:00,Refrigerator,electricity_coe,2610,30.11,56,1013
2026-02-04 15:30:00,Refrigerator,fault,0,30.11,56,1013
2026-02-04 15:30:00,Refrigerator,relay_status,last,30.11,56,1013
2026-02-04 15:30:00,Refrigerator,overcharge_switch,False,30.11,56,1013
2026-02-04 15:30:00,Refrigerator,light_mode,relay,30.11,56,1013
2026-02-04 15:30:00,Refrigerator,child_lock,False,30.11,56,1013
2026-02-04 15:30:00,Refrigerator,cycle_time,,30.11,56,1013
2026-02-04 15:30:00,Refrigerator,random_time,,30.11,56,1013
2026-02-04 15:30:00,Refrigerator,switch_inching,,30.11,56,1013
2026-02-04 15:30:00,Electric_Fan,switch_1,True,30.11,56,1013
2026-02-04 15:30:00,Electric_Fan,countdown_1,0,30.11,56,1013
2026-02-04 15:30:00,Electric_Fan,add_ele,21,30.11,56,1013
2026-02-04 15:30:00,Electric_Fan,cur_current,181,30.11,56,1013
2026-02-04 15:30:00,Electric_Fan,cur_power,417,30.11,56,1013
2026-02-04 15:30:00,Electric_Fan,cur_voltage,2290,30.11,56,1013
2026-02-04 15:30:00,Electric_Fan,voltage_coe,558,30.11,56,1013
2026-02-04 15:30:00,Electric_Fan,electric_coe,29647,30.11,56,1013
2026-02-04 15:30:00,Electric_Fan,power_coe,15912,30.11,56,1013
2026-02-04 15:30:00,Electric_Fan,electricity_coe,2620,30.11,56,1013
2026-02-04 15:30:00,Electric_Fan,fault,0,30.11,56,1013
2026-02-04 15:30:00,Electric_Fan,relay_status,last,30.11,56,1013
2026-02-04 15:30:00,Electric_Fan,overcharge_switch,False,30.11,56,1013
2026-02-04 15:30:00,Electric_Fan,light_mode,relay,30.11,56,1013
2026-02-04 15:30:00,Electric_Fan,child_lock,False,30.11,56,1013
2026-02-04 15:30:00,Electric_Fan,cycle_time,,30.11,56,1013
2026-02-04 15:30:00,Electric_Fan,random_time,,30.11,56,1013
2026-02-04 15:30:00,Electric_Fan,switch_inching,,30.11,56,1013
2026-02-04 15:40:00,Aircon,switch_1,True,29.76,61,1013
2026-02-04 15:40:00,Aircon,countdown_1,0,29.76,61,1013
2026-02-04 15:40:00,Aircon,add_ele,1,29.76,61,1013
2026-02-04 15:40:00,Aircon,cur_current,0,29.76,61,1013
2026-02-04 15:40:00,Aircon,cur_power,0,29.76,61,1013
2026-02-04 15:40:00,Aircon,cur_voltage,2353,29.76,61,1013
2026-02-04 15:40:00,Aircon,voltage_coe,567,29.76,61,1013
2026-02-04 15:40:00,Aircon,electric_coe,29676,29.76,61,1013
2026-02-04 15:40:00,Aircon,power_coe,15976,29.76,61,1013
2026-02-04 15:40:00,Aircon,electricity_coe,2610,29.76,61,1013
2026-02-04 15:40:00,Aircon,fault,0,29.76,61,1013
2026-02-04 15:40:00,Aircon,relay_status,last,29.76,61,1013
2026-02-04 15:40:00,Aircon,overcharge_switch,False,29.76,61,1013
2026-02-04 15:40:00,Aircon,light_mode,relay,29.76,61,1013
2026-02-04 15:40:00,Aircon,child_lock,False,29.76,61,1013
2026-02-04 15:40:00,Aircon,cycle_time,,29.76,61,1013
2026-02-04 15:40:00,Aircon,random_time,,29.76,61,1013
2026-02-04 15:40:00,Aircon,switch_inching,,29.76,61,1013
2026-02-04 15:40:00,Refrigerator,switch_1,True,29.76,61,1013
2026-02-04 15:40:00,Refrigerator,countdown_1,0,29.76,61,1013
2026-02-04 15:40:00,Refrigerator,add_ele,78,29.76,61,1013
2026-02-04 15:40:00,Refrigerator,cur_current,0,29.76,61,1013
2026-02-04 15:40:00,Refrigerator,cur_power,0,29.76,61,1013
2026-02-04 15:40:00,Refrigerator,cur_voltage,2329,29.76,61,1013
2026-02-04 15:40:00,Refrigerator,voltage_coe,559,29.76,61,1013
2026-02-04 15:40:00,Refrigerator,electric_coe,30058,29.76,61,1013
2026-02-04 15:40:00,Refrigerator,power_coe,15968,29.76,61,1013
2026-02-04 15:40:00,Refrigerator,electricity_coe,2610,29.76,61,1013
2026-02-04 15:40:00,Refrigerator,fault,0,29.76,61,1013
2026-02-04 15:40:00,Refrigerator,relay_status,last,29.76,61,1013
2026-02-04 15:40:00,Refrigerator,overcharge_switch,False,29.76,61,1013
2026-02-04 15:40:00,Refrigerator,light_mode,relay,29.76,61,1013
2026-02-04 15:40:00,Refrigerator,child_lock,False,29.76,61,1013
2026-02-04 15:40:00,Refrigerator,cycle_time,,29.76,61,1013
2026-02-04 15:40:00,Refrigerator,random_time,,29.76,61,1013
2026-02-04 15:40:00,Refrigerator,switch_inching,,29.76,61,1013
2026-02-04 15:40:00,Electric_Fan,switch_1,True,29.76,61,1013
2026-02-04 15:40:00,Electric_Fan,countdown_1,0,29.76,61,1013
2026-02-04 15:40:00,Electric_Fan,add_ele,21,29.76,61,1013
2026-02-04 15:40:00,Electric_Fan,cur_current,181,29.76,61,1013
2026-02-04 15:40:00,Electric_Fan,cur_power,417,29.76,61,1013
2026-02-04 15:40:00,Electric_Fan,cur_voltage,2290,29.76,61,1013
2026-02-04 15:40:00,Electric_Fan,voltage_coe,558,29.76,61,1013
2026-02-04 15:40:00,Electric_Fan,electric_coe,29647,29.76,61,1013
2026-02-04 15:40:00,Electric_Fan,power_coe,15912,29.76,61,1013
2026-02-04 15:40:00,Electric_Fan,electricity_coe,2620,29.76,61,1013
2026-02-04 15:40:00,Electric_Fan,fault,0,29.76,61,1013
2026-02-04 15:40:00,Electric_Fan,relay_status,last,29.76,61,1013
2026-02-04 15:40:00,Electric_Fan,overcharge_switch,False,29.76,61,1013
2026-02-04 15:40:00,Electric_Fan,light_mode,relay,29.76,61,1013
2026-02-04 15:40:00,Electric_Fan,child_lock,False,29.76,61,1013
2026-02-04 15:40:00,Electric_Fan,cycle_time,,29.76,61,1013
2026-02-04 15:40:00,Electric_Fan,random_time,,29.76,61,1013
2026-02-04 15:40:00,Electric_Fan,switch_inching,,29.76,61,1013
2026-02-04 15:50:00,Aircon,switch_1,True,29.76,60,1013
2026-02-04 15:50:00,Aircon,countdown_1,0,29.76,60,1013
2026-02-04 15:50:00,Aircon,add_ele,1,29.76,60,1013
2026-02-04 15:50:00,Aircon,cur_current,0,29.76,60,1013
2026-02-04 15:50:00,Aircon,cur_power,0,29.76,60,1013
2026-02-04 15:50:00,Aircon,cur_voltage,2344,29.76,60,1013
2026-02-04 15:50:00,Aircon,voltage_coe,567,29.76,60,1013
2026-02-04 15:50:00,Aircon,electric_coe,29676,29.76,60,1013
2026-02-04 15:50:00,Aircon,power_coe,15976,29.76,60,1013
2026-02-04 15:50:00,Aircon,electricity_coe,2610,29.76,60,1013
2026-02-04 15:50:00,Aircon,fault,0,29.76,60,1013
2026-02-04 15:50:00,Aircon,relay_status,last,29.76,60,1013
2026-02-04 15:50:00,Aircon,overcharge_switch,False,29.76,60,1013
2026-02-04 15:50:00,Aircon,light_mode,relay,29.76,60,1013
2026-02-04 15:50:00,Aircon,child_lock,False,29.76,60,1013
2026-02-04 15:50:00,Aircon,cycle_time,,29.76,60,1013
2026-02-04 15:50:00,Aircon,random_time,,29.76,60,1013
2026-02-04 15:50:00,Aircon,switch_inching,,29.76,60,1013
2026-02-04 15:50:00,Refrigerator,switch_1,True,29.76,60,1013
2026-02-04 15:50:00,Refrigerator,countdown_1,0,29.76,60,1013
2026-02-04 15:50:00,Refrigerator,add_ele,1,29.76,60,1013
2026-02-04 15:50:00,Refrigerator,cur_current,1126,29.76,60,1013
2026-02-04 15:50:00,Refrigerator,cur_power,1851,29.76,60,1013
2026-02-04 15:50:00,Refrigerator,cur_voltage,2320,29.76,60,1013
2026-02-04 15:50:00,Refrigerator,voltage_coe,559,29.76,60,1013
2026-02-04 15:50:00,Refrigerator,electric_coe,30058,29.76,60,1013
2026-02-04 15:50:00,Refrigerator,power_coe,15968,29.76,60,1013
2026-02-04 15:50:00,Refrigerator,electricity_coe,2610,29.76,60,1013
2026-02-04 15:50:00,Refrigerator,fault,0,29.76,60,1013
2026-02-04 15:50:00,Refrigerator,relay_status,last,29.76,60,1013
2026-02-04 15:50:00,Refrigerator,overcharge_switch,False,29.76,60,1013
2026-02-04 15:50:00,Refrigerator,light_mode,relay,29.76,60,1013
2026-02-04 15:50:00,Refrigerator,child_lock,False,29.76,60,1013
2026-02-04 15:50:00,Refrigerator,cycle_time,,29.76,60,1013
2026-02-04 15:50:00,Refrigerator,random_time,,29.76,60,1013
2026-02-04 15:50:00,Refrigerator,switch_inching,,29.76,60,1013
2026-02-04 15:50:00,Electric_Fan,switch_1,True,29.76,60,1013
2026-02-04 15:50:00,Electric_Fan,countdown_1,0,29.76,60,1013
2026-02-04 15:50:00,Electric_Fan,add_ele,21,29.76,60,1013
2026-02-04 15:50:00,Electric_Fan,cur_current,181,29.76,60,1013
2026-02-04 15:50:00,Electric_Fan,cur_power,417,29.76,60,1013
2026-02-04 15:50:00,Electric_Fan,cur_voltage,2290,29.76,60,1013
2026-02-04 15:50:00,Electric_Fan,voltage_coe,558,29.76,60,1013
2026-02-04 15:50:00,Electric_Fan,electric_coe,29647,29.76,60,1013
2026-02-04 15:50:00,Electric_Fan,power_coe,15912,29.76,60,1013
2026-02-04 15:50:00,Electric_Fan,electricity_coe,2620,29.76,60,1013
2026-02-04 15:50:00,Electric_Fan,fault,0,29.76,60,1013
2026-02-04 15:50:00,Electric_Fan,relay_status,last,29.76,60,1013
2026-02-04 15:50:00,Electric_Fan,overcharge_switch,False,29.76,60,1013
2026-02-04 15:50:00,Electric_Fan,light_mode,relay,29.76,60,1013
2026-02-04 15:50:00,Electric_Fan,child_lock,False,29.76,60,1013
2026-02-04 15:50:00,Electric_Fan,cycle_time,,29.76,60,1013
2026-02-04 15:50:00,Electric_Fan,random_time,,29.76,60,1013
2026-02-04 15:50:00,Electric_Fan,switch_inching,,29.76,60,1013
2026-02-04 16:00:00,Aircon,switch_1,True,29.83,61,1013
2026-02-04 16:00:00,Aircon,countdown_1,0,29.83,61,1013
2026-02-04 16:00:00,Aircon,add_ele,1,29.83,61,1013
2026-02-04 16:00:00,Aircon,cur_current,0,29.83,61,1013
2026-02-04 16:00:00,Aircon,cur_power,0,29.83,61,1013
2026-02-04 16:00:00,Aircon,cur_voltage,2344,29.83,61,1013
2026-02-04 16:00:00,Aircon,voltage_coe,567,29.83,61,1013
2026-02-04 16:00:00,Aircon,electric_coe,29676,29.83,61,1013
2026-02-04 16:00:00,Aircon,power_coe,15976,29.83,61,1013
2026-02-04 16:00:00,Aircon,electricity_coe,2610,29.83,61,1013
2026-02-04 16:00:00,Aircon,fault,0,29.83,61,1013
2026-02-04 16:00:00,Aircon,relay_status,last,29.83,61,1013
2026-02-04 16:00:00,Aircon,overcharge_switch,False,29.83,61,1013
2026-02-04 16:00:00,Aircon,light_mode,relay,29.83,61,1013
2026-02-04 16:00:00,Aircon,child_lock,False,29.83,61,1013
2026-02-04 16:00:00,Aircon,cycle_time,,29.83,61,1013
2026-02-04 16:00:00,Aircon,random_time,,29.83,61,1013
2026-02-04 16:00:00,Aircon,switch_inching,,29.83,61,1013
2026-02-04 16:00:00,Refrigerator,switch_1,True,29.83,61,1013
2026-02-04 16:00:00,Refrigerator,countdown_1,0,29.83,61,1013
2026-02-04 16:00:00,Refrigerator,add_ele,1,29.83,61,1013
2026-02-04 16:00:00,Refrigerator,cur_current,1126,29.83,61,1013
2026-02-04 16:00:00,Refrigerator,cur_power,1851,29.83,61,1013
2026-02-04 16:00:00,Refrigerator,cur_voltage,2320,29.83,61,1013
2026-02-04 16:00:00,Refrigerator,voltage_coe,559,29.83,61,1013
2026-02-04 16:00:00,Refrigerator,electric_coe,30058,29.83,61,1013
2026-02-04 16:00:00,Refrigerator,power_coe,15968,29.83,61,1013
2026-02-04 16:00:00,Refrigerator,electricity_coe,2610,29.83,61,1013
2026-02-04 16:00:00,Refrigerator,fault,0,29.83,61,1013
2026-02-04 16:00:00,Refrigerator,relay_status,last,29.83,61,1013
2026-02-04 16:00:00,Refrigerator,overcharge_switch,False,29.83,61,1013
2026-02-04 16:00:00,Refrigerator,light_mode,relay,29.83,61,1013
2026-02-04 16:00:00,Refrigerator,child_lock,False,29.83,61,1013
2026-02-04 16:00:00,Refrigerator,cycle_time,,29.83,61,1013
2026-02-04 16:00:00,Refrigerator,random_time,,29.83,61,1013
2026-02-04 16:00:00,Refrigerator,switch_inching,,29.83,61,1013
2026-02-04 16:00:00,Electric_Fan,switch_1,True,29.83,61,1013
2026-02-04 16:00:00,Electric_Fan,countdown_1,0,29.83,61,1013
2026-02-04 16:00:00,Electric_Fan,add_ele,21,29.83,61,1013
2026-02-04 16:00:00,Electric_Fan,cur_current,181,29.83,61,1013
2026-02-04 16:00:00,Electric_Fan,cur_power,417,29.83,61,1013
2026-02-04 16:00:00,Electric_Fan,cur_voltage,2290,29.83,61,1013
2026-02-04 16:00:00,Electric_Fan,voltage_coe,558,29.83,61,1013
2026-02-04 16:00:00,Electric_Fan,electric_coe,29647,29.83,61,1013
2026-02-04 16:00:00,Electric_Fan,power_coe,15912,29.83,61,1013
2026-02-04 16:00:00,Electric_Fan,electricity_coe,2620,29.83,61,1013
2026-02-04 16:00:00,Electric_Fan,fault,0,29.83,61,1013
2026-02-04 16:00:00,Electric_Fan,relay_status,last,29.83,61,1013
2026-02-04 16:00:00,Electric_Fan,overcharge_switch,False,29.83,61,1013
2026-02-04 16:00:00,Electric_Fan,light_mode,relay,29.83,61,1013
2026-02-04 16:00:00,Electric_Fan,child_lock,False,29.83,61,1013
2026-02-04 16:00:00,Electric_Fan,cycle_time,,29.83,61,1013
2026-02-04 16:00:00,Electric_Fan,random_time,,29.83,61,1013
2026-02-04 16:00:00,Electric_Fan,switch_inching,,29.83,61,1013
2026-02-04 16:10:00,Aircon,switch_1,True,30.15,58,1013
2026-02-04 16:10:00,Aircon,countdown_1,0,30.15,58,1013
2026-02-04 16:10:00,Aircon,add_ele,1,30.15,58,1013
2026-02-04 16:10:00,Aircon,cur_current,0,30.15,58,1013
2026-02-04 16:10:00,Aircon,cur_power,0,30.15,58,1013
2026-02-04 16:10:00,Aircon,cur_voltage,2344,30.15,58,1013
2026-02-04 16:10:00,Aircon,voltage_coe,567,30.15,58,1013
2026-02-04 16:10:00,Aircon,electric_coe,29676,30.15,58,1013
2026-02-04 16:10:00,Aircon,power_coe,15976,30.15,58,1013
2026-02-04 16:10:00,Aircon,electricity_coe,2610,30.15,58,1013
2026-02-04 16:10:00,Aircon,fault,0,30.15,58,1013
2026-02-04 16:10:00,Aircon,relay_status,last,30.15,58,1013
2026-02-04 16:10:00,Aircon,overcharge_switch,False,30.15,58,1013
2026-02-04 16:10:00,Aircon,light_mode,relay,30.15,58,1013
2026-02-04 16:10:00,Aircon,child_lock,False,30.15,58,1013
2026-02-04 16:10:00,Aircon,cycle_time,,30.15,58,1013
2026-02-04 16:10:00,Aircon,random_time,,30.15,58,1013
2026-02-04 16:10:00,Aircon,switch_inching,,30.15,58,1013
2026-02-04 16:10:00,Refrigerator,switch_1,True,30.15,58,1013
2026-02-04 16:10:00,Refrigerator,countdown_1,0,30.15,58,1013
2026-02-04 16:10:00,Refrigerator,add_ele,1,30.15,58,1013
2026-02-04 16:10:00,Refrigerator,cur_current,1126,30.15,58,1013
2026-02-04 16:10:00,Refrigerator,cur_power,1851,30.15,58,1013
2026-02-04 16:10:00,Refrigerator,cur_voltage,2320,30.15,58,1013
2026-02-04 16:10:00,Refrigerator,voltage_coe,559,30.15,58,1013
2026-02-04 16:10:00,Refrigerator,electric_coe,30058,30.15,58,1013
2026-02-04 16:10:00,Refrigerator,power_coe,15968,30.15,58,1013
2026-02-04 16:10:00,Refrigerator,electricity_coe,2610,30.15,58,1013
2026-02-04 16:10:00,Refrigerator,fault,0,30.15,58,1013
2026-02-04 16:10:00,Refrigerator,relay_status,last,30.15,58,1013
2026-02-04 16:10:00,Refrigerator,overcharge_switch,False,30.15,58,1013
2026-02-04 16:10:00,Refrigerator,light_mode,relay,30.15,58,1013
2026-02-04 16:10:00,Refrigerator,child_lock,False,30.15,58,1013
2026-02-04 16:10:00,Refrigerator,cycle_time,,30.15,58,1013
2026-02-04 16:10:00,Refrigerator,random_time,,30.15,58,1013
2026-02-04 16:10:00,Refrigerator,switch_inching,,30.15,58,1013
2026-02-04 16:10:00,Electric_Fan,switch_1,True,30.15,58,1013
2026-02-04 16:10:00,Electric_Fan,countdown_1,0,30.15,58,1013
2026-02-04 16:10:00,Electric_Fan,add_ele,21,30.15,58,1013
2026-02-04 16:10:00,Electric_Fan,cur_current,181,30.15,58,1013
2026-02-04 16:10:00,Electric_Fan,cur_power,417,30.15,58,1013
2026-02-04 16:10:00,Electric_Fan,cur_voltage,2290,30.15,58,1013
2026-02-04 16:10:00,Electric_Fan,voltage_coe,558,30.15,58,1013
2026-02-04 16:10:00,Electric_Fan,electric_coe,29647,30.15,58,1013
2026-02-04 16:10:00,Electric_Fan,power_coe,15912,30.15,58,1013
2026-02-04 16:10:00,Electric_Fan,electricity_coe,2620,30.15,58,1013
2026-02-04 16:10:00,Electric_Fan,fault,0,30.15,58,1013
2026-02-04 16:10:00,Electric_Fan,relay_status,last,30.15,58,1013
2026-02-04 16:10:00,Electric_Fan,overcharge_switch,False,30.15,58,1013
2026-02-04 16:10:00,Electric_Fan,light_mode,relay,30.15,58,1013
2026-02-04 16:10:00,Electric_Fan,child_lock,False,30.15,58,1013
2026-02-04 16:10:00,Electric_Fan,cycle_time,,30.15,58,1013
2026-02-04 16:10:00,Electric_Fan,random_time,,30.15,58,1013
2026-02-04 16:10:00,Electric_Fan,switch_inching,,30.15,58,1013
