timestamp,device,property,value,temp_C,humidity,pressure
2026-02-05 09:20:00,Aircon,switch_1,True,27.45,64,1015
2026-02-05 09:20:00,Aircon,countdown_1,0,27.45,64,1015
2026-02-05 09:20:00,Aircon,add_ele,80,27.45,64,1015
2026-02-05 09:20:00,Aircon,cur_current,0,27.45,64,1015
2026-02-05 09:20:00,Aircon,cur_power,0,27.45,64,1015
2026-02-05 09:20:00,Aircon,cur_voltage,2331,27.45,64,1015
2026-02-05 09:20:00,Aircon,voltage_coe,567,27.45,64,1015
2026-02-05 09:20:00,Aircon,electric_coe,29676,27.45,64,1015
2026-02-05 09:20:00,Aircon,power_coe,15976,27.45,64,1015
2026-02-05 09:20:00,Aircon,electricity_coe,2610,27.45,64,1015
2026-02-05 09:20:00,Aircon,fault,0,27.45,64,1015
2026-02-05 09:20:00,Aircon,relay_status,last,27.45,64,1015
2026-02-05 09:20:00,Aircon,overcharge_switch,False,27.45,64,1015
2026-02-05 09:20:00,Aircon,light_mode,relay,27.45,64,1015
2026-02-05 09:20:00,Aircon,child_lock,False,27.45,64,1015
2026-02-05 09:20:00,Aircon,cycle_time,,27.45,64,1015
2026-02-05 09:20:00,Aircon,random_time,,27.45,64,1015
2026-02-05 09:20:00,Aircon,switch_inching,,27.45,64,1015
2026-02-05 09:20:00,Refrigerator,switch_1,True,27.45,64,1015
2026-02-05 09:20:00,Refrigerator,countdown_1,0,27.45,64,1015
2026-02-05 09:20:00,Refrigerator,add_ele,49,27.45,64,1015
2026-02-05 09:20:00,Refrigerator,cur_current,0,27.45,64,1015
2026-02-05 09:20:00,Refrigerator,cur_power,0,27.45,64,1015
2026-02-05 09:20:00,Refrigerator,cur_voltage,2311,27.45,64,1015
2026-02-05 09:20:00,Refrigerator,voltage_coe,559,27.45,64,1015
2026-02-05 09:20:00,Refrigerator,electric_coe,30058,27.45,64,1015
2026-02-05 09:20:00,Refrigerator,power_coe,15968,27.45,64,1015
2026-02-05 09:20:00,Refrigerator,electricity_coe,2610,27.45,64,1015
2026-02-05 09:20:00,Refrigerator,fault,0,27.45,64,1015
2026-02-05 09:20:00,Refrigerator,relay_status,last,27.45,64,1015
2026-02-05 09:20:00,Refrigerator,overcharge_switch,False,27.45,64,1015
2026-02-05 09:20:00,Refrigerator,light_mode,relay,27.45,64,1015
2026-02-05 09:20:00,Refrigerator,child_lock,False,27.45,64,1015
2026-02-05 09:20:00,Refrigerator,cycle_time,,27.45,64,1015
2026-02-05 09:20:00,Refrigerator,random_time,,27.45,64,1015
2026-02-05 09:20:00,Refrigerator,switch_inching,,27.45,64,1015
2026-02-05 09:20:00,Electric_Fan,switch_1,True,27.45,64,1015
2026-02-05 09:20:00,Electric_Fan,countdown_1,0,27.45,64,1015
2026-02-05 09:20:00,Electric_Fan,add_ele,14,27.45,64,1015
2026-02-05 09:20:00,Electric_Fan,cur_current,0,27.45,64,1015
2026-02-05 09:20:00,Electric_Fan,cur_power,0,27.45,64,1015
2026-02-05 09:20:00,Electric_Fan,cur_voltage,2307,27.45,64,1015
2026-02-05 09:20:00,Electric_Fan,voltage_coe,558,27.45,64,1015
2026-02-05 09:20:00,Electric_Fan,electric_coe,29647,27.45,64,1015
2026-02-05 09:20:00,Electric_Fan,power_coe,15912,27.45,64,1015
2026-02-05 09:20:00,Electric_Fan,electricity_coe,2620,27.45,64,1015
2026-02-05 09:20:00,Electric_Fan,fault,0,27.45,64,1015
2026-02-05 09:20:00,Electric_Fan,relay_status,last,27.45,64,1015
2026-02-05 09:20:00,Electric_Fan,overcharge_switch,False,27.45,64,1015
2026-02-05 09:20:00,Electric_Fan,light_mode,relay,27.45,64,1015
2026-02-05 09:20:00,Electric_Fan,child_lock,False,27.45,64,1015
2026-02-05 09:20:00,Electric_Fan,cycle_time,,27.45,64,1015
2026-02-05 09:20:00,Electric_Fan,random_time,,27.45,64,1015
2026-02-05 09:20:00,Electric_Fan,switch_inching,,27.45,64,1015
2026-02-05 09:30:00,Aircon,switch_1,True,27.45,64,1015
2026-02-05 09:30:00,Aircon,countdown_1,0,27.45,64,1015
2026-02-05 09:30:00,Aircon,add_ele,80,27.45,64,1015
2026-02-05 09:30:00,Aircon,cur_current,0,27.45,64,1015
2026-02-05 09:30:00,Aircon,cur_power,0,27.45,64,1015
2026-02-05 09:30:00,Aircon,cur_voltage,2331,27.45,64,1015
2026-02-05 09:30:00,Aircon,voltage_coe,567,27.45,64,1015
2026-02-05 09:30:00,Aircon,electric_coe,29676,27.45,64,1015
2026-02-05 09:30:00,Aircon,power_coe,15976,27.45,64,1015
2026-02-05 09:30:00,Aircon,electricity_coe,2610,27.45,64,1015
2026-02-05 09:30:00,Aircon,fault,0,27.45,64,1015
2026-02-05 09:30:00,Aircon,relay_status,last,27.45,64,1015
2026-02-05 09:30:00,Aircon,overcharge_switch,False,27.45,64,1015
2026-02-05 09:30:00,Aircon,light_mode,relay,27.45,64,1015
2026-02-05 09:30:00,Aircon,child_lock,False,27.45,64,1015
2026-02-05 09:30:00,Aircon,cycle_time,,27.45,64,1015
2026-02-05 09:30:00,Aircon,random_time,,27.45,64,1015
2026-02-05 09:30:00,Aircon,switch_inching,,27.45,64,1015
2026-02-05 09:30:00,Refrigerator,switch_1,True,27.45,64,1015
2026-02-05 09:30:00,Refrigerator,countdown_1,0,27.45,64,1015
2026-02-05 09:30:00,Refrigerator,add_ele,31,27.45,64,1015
2026-02-05 09:30:00,Refrigerator,cur_current,0,27.45,64,1015
2026-02-05 09:30:00,Refrigerator,cur_power,0,27.45,64,1015
2026-02-05 09:30:00,Refrigerator,cur_voltage,2311,27.45,64,1015
2026-02-05 09:30:00,Refrigerator,voltage_coe,559,27.45,64,1015
2026-02-05 09:30:00,Refrigerator,electric_coe,30058,27.45,64,1015
2026-02-05 09:30:00,Refrigerator,power_coe,15968,27.45,64,1015
2026-02-05 09:30:00,Refrigerator,electricity_coe,2610,27.45,64,1015
2026-02-05 09:30:00,Refrigerator,fault,0,27.45,64,1015
2026-02-05 09:30:00,Refrigerator,relay_status,last,27.45,64,1015
2026-02-05 09:30:00,Refrigerator,overcharge_switch,False,27.45,64,1015
2026-02-05 09:30:00,Refrigerator,light_mode,relay,27.45,64,1015
2026-02-05 09:30:00,Refrigerator,child_lock,False,27.45,64,1015
2026-02-05 09:30:00,Refrigerator,cycle_time,,27.45,64,1015
2026-02-05 09:30:00,Refrigerator,random_time,,27.45,64,1015
2026-02-05 09:30:00,Refrigerator,switch_inching,,27.45,64,1015
2026-02-05 09:30:00,Electric_Fan,switch_1,True,27.45,64,1015
2026-02-05 09:30:00,Electric_Fan,countdown_1,0,27.45,64,1015
2026-02-05 09:30:00,Electric_Fan,add_ele,14,27.45,64,1015
2026-02-05 09:30:00,Electric_Fan,cur_current,0,27.45,64,1015
2026-02-05 09:30:00,Electric_Fan,cur_power,0,27.45,64,1015
2026-02-05 09:30:00,Electric_Fan,cur_voltage,2307,27.45,64,1015
2026-02-05 09:30:00,Electric_Fan,voltage_coe,558,27.45,64,1015
2026-02-05 09:30:00,Electric_Fan,electric_coe,29647,27.45,64,1015
2026-02-05 09:30:00,Electric_Fan,power_coe,15912,27.45,64,1015
2026-02-05 09:30:00,Electric_Fan,electricity_coe,2620,27.45,64,1015
2026-02-05 09:30:00,Electric_Fan,fault,0,27.45,64,1015
2026-02-05 09:30:00,Electric_Fan,relay_status,last,27.45,64,1015
2026-02-05 09:30:00,Electric_Fan,overcharge_switch,False,27.45,64,1015
2026-02-05 09:30:00,Electric_Fan,light_mode,relay,27.45,64,1015
2026-02-05 09:30:00,Electric_Fan,child_lock,False,27.45,64,1015
2026-02-05 09:30:00,Electric_Fan,cycle_time,,27.45,64,1015
2026-02-05 09:30:00,Electric_Fan,random_time,,27.45,64,1015
2026-02-05 09:30:00,Electric_Fan,switch_inching,,27.45,64,1015
2026-02-05 09:40:00,Aircon,switch_1,True,28.04,62,1015
2026-02-05 09:40:00,Aircon,countdown_1,0,28.04,62,1015
2026-02-05 09:40:00,Aircon,add_ele,80,28.04,62,1015
2026-02-05 09:40:00,Aircon,cur_current,0,28.04,62,1015
2026-02-05 09:40:00,Aircon,cur_power,0,28.04,62,1015
2026-02-05 09:40:00,Aircon,cur_voltage,2344,28.04,62,1015
2026-02-05 09:40:00,Aircon,voltage_coe,567,28.04,62,1015
2026-02-05 09:40:00,Aircon,electric_coe,29676,28.04,62,1015
2026-02-05 09:40:00,Aircon,power_coe,15976,28.04,62,1015
2026-02-05 09:40:00,Aircon,electricity_coe,2610,28.04,62,1015
2026-02-05 09:40:00,Aircon,fault,0,28.04,62,1015
2026-02-05 09:40:00,Aircon,relay_status,last,28.04,62,1015
2026-02-05 09:40:00,Aircon,overcharge_switch,False,28.04,62,1015
2026-02-05 09:40:00,Aircon,light_mode,relay,28.04,62,1015
2026-02-05 09:40:00,Aircon,child_lock,False,28.04,62,1015
2026-02-05 09:40:00,Aircon,cycle_time,,28.04,62,1015
2026-02-05 09:40:00,Aircon,random_time,,28.04,62,1015
2026-02-05 09:40:00,Aircon,switch_inching,,28.04,62,1015
2026-02-05 09:40:00,Refrigerator,switch_1,True,28.04,62,1015
2026-02-05 09:40:00,Refrigerator,countdown_1,0,28.04,62,1015
2026-02-05 09:40:00,Refrigerator,add_ele,31,28.04,62,1015
2026-02-05 09:40:00,Refrigerator,cur_current,0,28.04,62,1015
2026-02-05 09:40:00,Refrigerator,cur_power,0,28.04,62,1015
2026-02-05 09:40:00,Refrigerator,cur_voltage,2311,28.04,62,1015
2026-02-05 09:40:00,Refrigerator,voltage_coe,559,28.04,62,1015
2026-02-05 09:40:00,Refrigerator,electric_coe,30058,28.04,62,1015
2026-02-05 09:40:00,Refrigerator,power_coe,15968,28.04,62,1015
2026-02-05 09:40:00,Refrigerator,electricity_coe,2610,28.04,62,1015
2026-02-05 09:40:00,Refrigerator,fault,0,28.04,62,1015
2026-02-05 09:40:00,Refrigerator,relay_status,last,28.04,62,1015
2026-02-05 09:40:00,Refrigerator,overcharge_switch,False,28.04,62,1015
2026-02-05 09:40:00,Refrigerator,light_mode,relay,28.04,62,1015
2026-02-05 09:40:00,Refrigerator,child_lock,False,28.04,62,1015
2026-02-05 09:40:00,Refrigerator,cycle_time,,28.04,62,1015
2026-02-05 09:40:00,Refrigerator,random_time,,28.04,62,1015
2026-02-05 09:40:00,Refrigerator,switch_inching,,28.04,62,1015
2026-02-05 09:40:00,Electric_Fan,switch_1,True,28.04,62,1015
2026-02-05 09:40:00,Electric_Fan,countdown_1,0,28.04,62,1015
2026-02-05 09:40:00,Electric_Fan,add_ele,14,28.04,62,1015
2026-02-05 09:40:00,Electric_Fan,cur_current,0,28.04,62,1015
2026-02-05 09:40:00,Electric_Fan,cur_power,0,28.04,62,1015
2026-02-05 09:40:00,Electric_Fan,cur_voltage,2307,28.04,62,1015
2026-02-05 09:40:00,Electric_Fan,voltage_coe,558,28.04,62,1015
2026-02-05 09:40:00,Electric_Fan,electric_coe,29647,28.04,62,1015
2026-02-05 09:40:00,Electric_Fan,power_coe,15912,28.04,62,1015
2026-02-05 09:40:00,Electric_Fan,electricity_coe,2620,28.04,62,1015
2026-02-05 09:40:00,Electric_Fan,fault,0,28.04,62,1015
2026-02-05 09:40:00,Electric_Fan,relay_status,last,28.04,62,1015
2026-02-05 09:40:00,Electric_Fan,overcharge_switch,False,28.04,62,1015
2026-02-05 09:40:00,Electric_Fan,light_mode,relay,28.04,62,1015
2026-02-05 09:40:00,Electric_Fan,child_lock,False,28.04,62,1015
2026-02-05 09:40:00,Electric_Fan,cycle_time,,28.04,62,1015
2026-02-05 09:40:00,Electric_Fan,random_time,,28.04,62,1015
2026-02-05 09:40:00,Electric_Fan,switch_inching,,28.04,62,1015
2026-02-05 09:50:00,Aircon,switch_1,True,27.77,64,1015
2026-02-05 09:50:00,Aircon,countdown_1,0,27.77,64,1015
2026-02-05 09:50:00,Aircon,add_ele,80,27.77,64,1015
2026-02-05 09:50:00,Aircon,cur_current,0,27.77,64,1015
2026-02-05 09:50:00,Aircon,cur_power,0,27.77,64,1015
2026-02-05 09:50:00,Aircon,cur_voltage,2344,27.77,64,1015
2026-02-05 09:50:00,Aircon,voltage_coe,567,27.77,64,1015
2026-02-05 09:50:00,Aircon,electric_coe,29676,27.77,64,1015
2026-02-05 09:50:00,Aircon,power_coe,15976,27.77,64,1015
2026-02-05 09:50:00,Aircon,electricity_coe,2610,27.77,64,1015
2026-02-05 09:50:00,Aircon,fault,0,27.77,64,1015
2026-02-05 09:50:00,Aircon,relay_status,last,27.77,64,1015
2026-02-05 09:50:00,Aircon,overcharge_switch,False,27.77,64,1015
2026-02-05 09:50:00,Aircon,light_mode,relay,27.77,64,1015
2026-02-05 09:50:00,Aircon,child_lock,False,27.77,64,1015
2026-02-05 09:50:00,Aircon,cycle_time,,27.77,64,1015
2026-02-05 09:50:00,Aircon,random_time,,27.77,64,1015
2026-02-05 09:50:00,Aircon,switch_inching,,27.77,64,1015
2026-02-05 09:50:00,Refrigerator,switch_1,True,27.77,64,1015
2026-02-05 09:50:00,Refrigerator,countdown_1,0,27.77,64,1015
2026-02-05 09:50:00,Refrigerator,add_ele,31,27.77,64,1015
2026-02-05 09:50:00,Refrigerator,cur_current,1111,27.77,64,1015
2026-02-05 09:50:00,Refrigerator,cur_power,1802,27.77,64,1015
2026-02-05 09:50:00,Refrigerator,cur_voltage,2320,27.77,64,1015
2026-02-05 09:50:00,Refrigerator,voltage_coe,559,27.77,64,1015
2026-02-05 09:50:00,Refrigerator,electric_coe,30058,27.77,64,1015
2026-02-05 09:50:00,Refrigerator,power_coe,15968,27.77,64,1015
2026-02-05 09:50:00,Refrigerator,electricity_coe,2610,27.77,64,1015
2026-02-05 09:50:00,Refrigerator,fault,0,27.77,64,1015
2026-02-05 09:50:00,Refrigerator,relay_status,last,27.77,64,1015
2026-02-05 09:50:00,Refrigerator,overcharge_switch,False,27.77,64,1015
2026-02-05 09:50:00,Refrigerator,light_mode,relay,27.77,64,1015
2026-02-05 09:50:00,Refrigerator,child_lock,False,27.77,64,1015
2026-02-05 09:50:00,Refrigerator,cycle_time,,27.77,64,1015
2026-02-05 09:50:00,Refrigerator,random_time,,27.77,64,1015
2026-02-05 09:50:00,Refrigerator,switch_inching,,27.77,64,1015
2026-02-05 09:50:00,Electric_Fan,switch_1,True,27.77,64,1015
2026-02-05 09:50:00,Electric_Fan,countdown_1,0,27.77,64,1015
2026-02-05 09:50:00,Electric_Fan,add_ele,14,27.77,64,1015
2026-02-05 09:50:00,Electric_Fan,cur_current,0,27.77,64,1015
2026-02-05 09:50:00,Electric_Fan,cur_power,0,27.77,64,1015
2026-02-05 09:50:00,Electric_Fan,cur_voltage,2307,27.77,64,1015
2026-02-05 09:50:00,Electric_Fan,voltage_coe,558,27.77,64,1015
2026-02-05 09:50:00,Electric_Fan,electric_coe,29647,27.77,64,1015
2026-02-05 09:50:00,Electric_Fan,power_coe,15912,27.77,64,1015
2026-02-05 09:50:00,Electric_Fan,electricity_coe,2620,27.77,64,1015
2026-02-05 09:50:00,Electric_Fan,fault,0,27.77,64,1015
2026-02-05 09:50:00,Electric_Fan,relay_status,last,27.77,64,1015
2026-02-05 09:50:00,Electric_Fan,overcharge_switch,False,27.77,64,1015
2026-02-05 09:50:00,Electric_Fan,light_mode,relay,27.77,64,1015
2026-02-05 09:50:00,Electric_Fan,child_lock,False,27.77,64,1015
2026-02-05 09:50:00,Electric_Fan,cycle_time,,27.77,64,1015
2026-02-05 09:50:00,Electric_Fan,random_time,,27.77,64,1015
2026-02-05 09:50:00,Electric_Fan,switch_inching,,27.77,64,1015
2026-02-05 10:00:00,Aircon,switch_1,True,27.47,65,1015
2026-02-05 10:00:00,Aircon,countdown_1,0,27.47,65,1015
2026-02-05 10:00:00,Aircon,add_ele,80,27.47,65,1015
2026-02-05 10:00:00,Aircon,cur_current,0,27.47,65,1015
2026-02-05 10:00:00,Aircon,cur_power,0,27.47,65,1015
2026-02-05 10:00:00,Aircon,cur_voltage,2344,27.47,65,1015
2026-02-05 10:00:00,Aircon,voltage_coe,567,27.47,65,1015
2026-02-05 10:00:00,Aircon,electric_coe,29676,27.47,65,1015
2026-02-05 10:00:00,Aircon,power_coe,15976,27.47,65,1015
2026-02-05 10:00:00,Aircon,electricity_coe,2610,27.47,65,1015
2026-02-05 10:00:00,Aircon,fault,0,27.47,65,1015
2026-02-05 10:00:00,Aircon,relay_status,last,27.47,65,1015
2026-02-05 10:00:00,Aircon,overcharge_switch,False,27.47,65,1015
2026-02-05 10:00:00,Aircon,light_mode,relay,27.47,65,1015
2026-02-05 10:00:00,Aircon,child_lock,False,27.47,65,1015
2026-02-05 10:00:00,Aircon,cycle_time,,27.47,65,1015
2026-02-05 10:00:00,Aircon,random_time,,27.47,65,1015
2026-02-05 10:00:00,Aircon,switch_inching,,27.47,65,1015
2026-02-05 10:00:00,Refrigerator,switch_1,True,27.47,65,1015
2026-02-05 10:00:00,Refrigerator,countdown_1,0,27.47,65,1015
2026-02-05 10:00:00,Refrigerator,add_ele,31,27.47,65,1015
2026-02-05 10:00:00,Refrigerator,cur_current,1111,27.47,65,1015
2026-02-05 10:00:00,Refrigerator,cur_power,1802,27.47,65,1015
2026-02-05 10:00:00,Refrigerator,cur_voltage,2320,27.47,65,1015
2026-02-05 10:00:00,Refrigerator,voltage_coe,559,27.47,65,1015
2026-02-05 10:00:00,Refrigerator,electric_coe,30058,27.47,65,1015
2026-02-05 10:00:00,Refrigerator,power_coe,15968,27.47,65,1015
2026-02-05 10:00:00,Refrigerator,electricity_coe,2610,27.47,65,1015
2026-02-05 10:00:00,Refrigerator,fault,0,27.47,65,1015
2026-02-05 10:00:00,Refrigerator,relay_status,last,27.47,65,1015
2026-02-05 10:00:00,Refrigerator,overcharge_switch,False,27.47,65,1015
2026-02-05 10:00:00,Refrigerator,light_mode,relay,27.47,65,1015
2026-02-05 10:00:00,Refrigerator,child_lock,False,27.47,65,1015
2026-02-05 10:00:00,Refrigerator,cycle_time,,27.47,65,1015
2026-02-05 10:00:00,Refrigerator,random_time,,27.47,65,1015
2026-02-05 10:00:00,Refrigerator,switch_inching,,27.47,65,1015
2026-02-05 10:00:00,Electric_Fan,switch_1,True,27.47,65,1015
2026-02-05 10:00:00,Electric_Fan,countdown_1,0,27.47,65,1015
2026-02-05 10:00:00,Electric_Fan,add_ele,14,27.47,65,1015
2026-02-05 10:00:00,Electric_Fan,cur_current,0,27.47,65,1015
2026-02-05 10:00:00,Electric_Fan,cur_power,0,27.47,65,1015
2026-02-05 10:00:00,Electric_Fan,cur_voltage,2307,27.47,65,1015
2026-02-05 10:00:00,Electric_Fan,voltage_coe,558,27.47,65,1015
2026-02-05 10:00:00,Electric_Fan,electric_coe,29647,27.47,65,1015
2026-02-05 10:00:00,Electric_Fan,power_coe,15912,27.47,65,1015
2026-02-05 10:00:00,Electric_Fan,electricity_coe,2620,27.47,65,1015
2026-02-05 10:00:00,Electric_Fan,fault,0,27.47,65,1015
2026-02-05 10:00:00,Electric_Fan,relay_status,last,27.47,65,1015
2026-02-05 10:00:00,Electric_Fan,overcharge_switch,False,27.47,65,1015
2026-02-05 10:00:00,Electric_Fan,light_mode,relay,27.47,65,1015
2026-02-05 10:00:00,Electric_Fan,child_lock,False,27.47,65,1015
2026-02-05 10:00:00,Electric_Fan,cycle_time,,27.47,65,1015
2026-02-05 10:00:00,Electric_Fan,random_time,,27.47,65,1015
2026-02-05 10:00:00,Electric_Fan,switch_inching,,27.47,65,1015
2026-02-05 10:10:00,Aircon,switch_1,True,27.66,63,1016
2026-02-05 10:10:00,Aircon,countdown_1,0,27.66,63,1016
2026-02-05 10:10:00,Aircon,add_ele,80,27.66,63,1016
2026-02-05 10:10:00,Aircon,cur_current,0,27.66,63,1016
2026-02-05 10:10:00,Aircon,cur_power,0,27.66,63,1016
2026-02-05 10:10:00,Aircon,cur_voltage,2344,27.66,63,1016
2026-02-05 10:10:00,Aircon,voltage_coe,567,27.66,63,1016
2026-02-05 10:10:00,Aircon,electric_coe,29676,27.66,63,1016
2026-02-05 10:10:00,Aircon,power_coe,15976,27.66,63,1016
2026-02-05 10:10:00,Aircon,electricity_coe,2610,27.66,63,1016
2026-02-05 10:10:00,Aircon,fault,0,27.66,63,1016
2026-02-05 10:10:00,Aircon,relay_status,last,27.66,63,1016
2026-02-05 10:10:00,Aircon,overcharge_switch,False,27.66,63,1016
2026-02-05 10:10:00,Aircon,light_mode,relay,27.66,63,1016
2026-02-05 10:10:00,Aircon,child_lock,False,27.66,63,1016
2026-02-05 10:10:00,Aircon,cycle_time,,27.66,63,1016
2026-02-05 10:10:00,Aircon,random_time,,27.66,63,1016
2026-02-05 10:10:00,Aircon,switch_inching,,27.66,63,1016
2026-02-05 10:10:00,Refrigerator,switch_1,True,27.66,63,1016
2026-02-05 10:10:00,Refrigerator,countdown_1,0,27.66,63,1016
2026-02-05 10:10:00,Refrigerator,add_ele,31,27.66,63,1016
2026-02-05 10:10:00,Refrigerator,cur_current,1111,27.66,63,1016
2026-02-05 10:10:00,Refrigerator,cur_power,1802,27.66,63,1016
2026-02-05 10:10:00,Refrigerator,cur_voltage,2320,27.66,63,1016
2026-02-05 10:10:00,Refrigerator,voltage_coe,559,27.66,63,1016
2026-02-05 10:10:00,Refrigerator,electric_coe,30058,27.66,63,1016
2026-02-05 10:10:00,Refrigerator,power_coe,15968,27.66,63,1016
2026-02-05 10:10:00,Refrigerator,electricity_coe,2610,27.66,63,1016
2026-02-05 10:10:00,Refrigerator,fault,0,27.66,63,1016
2026-02-05 10:10:00,Refrigerator,relay_status,last,27.66,63,1016
2026-02-05 10:10:00,Refrigerator,overcharge_switch,False,27.66,63,1016
2026-02-05 10:10:00,Refrigerator,light_mode,relay,27.66,63,1016
2026-02-05 10:10:00,Refrigerator,child_lock,False,27.66,63,1016
2026-02-05 10:10:00,Refrigerator,cycle_time,,27.66,63,1016
2026-02-05 10:10:00,Refrigerator,random_time,,27.66,63,1016
2026-02-05 10:10:00,Refrigerator,switch_inching,,27.66,63,1016
2026-02-05 10:10:00,Electric_Fan,switch_1,True,27.66,63,1016
2026-02-05 10:10:00,Electric_Fan,countdown_1,0,27.66,63,1016
2026-02-05 10:10:00,Electric_Fan,add_ele,14,27.66,63,1016
2026-02-05 10:10:00,Electric_Fan,cur_current,0,27.66,63,1016
2026-02-05 10:10:00,Electric_Fan,cur_power,0,27.66,63,1016
2026-02-05 10:10:00,Electric_Fan,cur_voltage,2307,27.66,63,1016
2026-02-05 10:10:00,Electric_Fan,voltage_coe,558,27.66,63,1016
2026-02-05 10:10:00,Electric_Fan,electric_coe,29647,27.66,63,1016
2026-02-05 10:10:00,Electric_Fan,power_coe,15912,27.66,63,1016
2026-02-05 10:10:00,Electric_Fan,electricity_coe,2620,27.66,63,1016
2026-02-05 10:10:00,Electric_Fan,fault,0,27.66,63,1016
2026-02-05 10:10:00,Electric_Fan,relay_status,last,27.66,63,1016
2026-02-05 10:10:00,Electric_Fan,overcharge_switch,False,27.66,63,1016
2026-02-05 10:10:00,Electric_Fan,light_mode,relay,27.66,63,1016
2026-02-05 10:10:00,Electric_Fan,child_lock,False,27.66,63,1016
2026-02-05 10:10:00,Electric_Fan,cycle_time,,27.66,63,1016
2026-02-05 10:10:00,Electric_Fan,random_time,,27.66,63,1016
2026-02-05 10:10:00,Electric_Fan,switch_inching,,27.66,63,1016
2026-02-05 10:20:00,Aircon,switch_1,True,28.02,62,1016
2026-02-05 10:20:00,Aircon,countdown_1,0,28.02,62,1016
2026-02-05 10:20:00,Aircon,add_ele,80,28.02,62,1016
2026-02-05 10:20:00,Aircon,cur_current,0,28.02,62,1016
2026-02-05 10:20:00,Aircon,cur_power,0,28.02,62,1016
2026-02-05 10:20:00,Aircon,cur_voltage,2344,28.02,62,1016
2026-02-05 10:20:00,Aircon,voltage_coe,567,28.02,62,1016
2026-02-05 10:20:00,Aircon,electric_coe,29676,28.02,62,1016
2026-02-05 10:20:00,Aircon,power_coe,15976,28.02,62,1016
2026-02-05 10:20:00,Aircon,electricity_coe,2610,28.02,62,1016
2026-02-05 10:20:00,Aircon,fault,0,28.02,62,1016
2026-02-05 10:20:00,Aircon,relay_status,last,28.02,62,1016
2026-02-05 10:20:00,Aircon,overcharge_switch,False,28.02,62,1016
2026-02-05 10:20:00,Aircon,light_mode,relay,28.02,62,1016
2026-02-05 10:20:00,Aircon,child_lock,False,28.02,62,1016
2026-02-05 10:20:00,Aircon,cycle_time,,28.02,62,1016
2026-02-05 10:20:00,Aircon,random_time,,28.02,62,1016
2026-02-05 10:20:00,Aircon,switch_inching,,28.02,62,1016
2026-02-05 10:20:00,Refrigerator,switch_1,True,28.02,62,1016
2026-02-05 10:20:00,Refrigerator,countdown_1,0,28.02,62,1016
2026-02-05 10:20:00,Refrigerator,add_ele,31,28.02,62,1016
2026-02-05 10:20:00,Refrigerator,cur_current,0,28.02,62,1016
2026-02-05 10:20:00,Refrigerator,cur_power,0,28.02,62,1016
2026-02-05 10:20:00,Refrigerator,cur_voltage,2316,28.02,62,1016
2026-02-05 10:20:00,Refrigerator,voltage_coe,559,28.02,62,1016
2026-02-05 10:20:00,Refrigerator,electric_coe,30058,28.02,62,1016
2026-02-05 10:20:00,Refrigerator,power_coe,15968,28.02,62,1016
2026-02-05 10:20:00,Refrigerator,electricity_coe,2610,28.02,62,1016
2026-02-05 10:20:00,Refrigerator,fault,0,28.02,62,1016
2026-02-05 10:20:00,Refrigerator,relay_status,last,28.02,62,1016
2026-02-05 10:20:00,Refrigerator,overcharge_switch,False,28.02,62,1016
2026-02-05 10:20:00,Refrigerator,light_mode,relay,28.02,62,1016
2026-02-05 10:20:00,Refrigerator,child_lock,False,28.02,62,1016
2026-02-05 10:20:00,Refrigerator,cycle_time,,28.02,62,1016
2026-02-05 10:20:00,Refrigerator,random_time,,28.02,62,1016
2026-02-05 10:20:00,Refrigerator,switch_inching,,28.02,62,1016
2026-02-05 10:20:00,Electric_Fan,switch_1,True,28.02,62,1016
2026-02-05 10:20:00,Electric_Fan,countdown_1,0,28.02,62,1016
2026-02-05 10:20:00,Electric_Fan,add_ele,14,28.02,62,1016
2026-02-05 10:20:00,Electric_Fan,cur_current,0,28.02,62,1016
2026-02-05 10:20:00,Electric_Fan,cur_power,0,28.02,62,1016
2026-02-05 10:20:00,Electric_Fan,cur_voltage,2307,28.02,62,1016
2026-02-05 10:20:00,Electric_Fan,voltage_coe,558,28.02,62,1016
2026-02-05 10:20:00,Electric_Fan,electric_coe,29647,28.02,62,1016
2026-02-05 10:20:00,Electric_Fan,power_coe,15912,28.02,62,1016
2026-02-05 10:20:00,Electric_Fan,electricity_coe,2620,28.02,62,1016
2026-02-05 10:20:00,Electric_Fan,fault,0,28.02,62,1016
2026-02-05 10:20:00,Electric_Fan,relay_status,last,28.02,62,1016
2026-02-05 10:20:00,Electric_Fan,overcharge_switch,False,28.02,62,1016
2026-02-05 10:20:00,Electric_Fan,light_mode,relay,28.02,62,1016
2026-02-05 10:20:00,Electric_Fan,child_lock,False,28.02,62,1016
2026-02-05 10:20:00,Electric_Fan,cycle_time,,28.02,62,1016
2026-02-05 10:20:00,Electric_Fan,random_time,,28.02,62,1016
2026-02-05 10:20:00,Electric_Fan,switch_inching,,28.02,62,1016
2026-02-05 10:30:00,Aircon,switch_1,True,28.24,61,1016
2026-02-05 10:30:00,Aircon,countdown_1,0,28.24,61,1016
2026-02-05 10:30:00,Aircon,add_ele,80,28.24,61,1016
2026-02-05 10:30:00,Aircon,cur_current,0,28.24,61,1016
2026-02-05 10:30:00,Aircon,cur_power,0,28.24,61,1016
2026-02-05 10:30:00,Aircon,cur_voltage,2344,28.24,61,1016
2026-02-05 10:30:00,Aircon,voltage_coe,567,28.24,61,1016
2026-02-05 10:30:00,Aircon,electric_coe,29676,28.24,61,1016
2026-02-05 10:30:00,Aircon,power_coe,15976,28.24,61,1016
2026-02-05 10:30:00,Aircon,electricity_coe,2610,28.24,61,1016
2026-02-05 10:30:00,Aircon,fault,0,28.24,61,1016
2026-02-05 10:30:00,Aircon,relay_status,last,28.24,61,1016
2026-02-05 10:30:00,Aircon,overcharge_switch,False,28.24,61,1016
2026-02-05 10:30:00,Aircon,light_mode,relay,28.24,61,1016
2026-02-05 10:30:00,Aircon,child_lock,False,28.24,61,1016
2026-02-05 10:30:00,Aircon,cycle_time,,28.24,61,1016
2026-02-05 10:30:00,Aircon,random_time,,28.24,61,1016
2026-02-05 10:30:00,Aircon,switch_inching,,28.24,61,1016
2026-02-05 10:30:00,Refrigerator,switch_1,True,28.24,61,1016
2026-02-05 10:30:00,Refrigerator,countdown_1,0,28.24,61,1016
2026-02-05 10:30:00,Refrigerator,add_ele,52,28.24,61,1016
2026-02-05 10:30:00,Refrigerator,cur_current,0,28.24,61,1016
2026-02-05 10:30:00,Refrigerator,cur_power,0,28.24,61,1016
2026-02-05 10:30:00,Refrigerator,cur_voltage,2316,28.24,61,1016
2026-02-05 10:30:00,Refrigerator,voltage_coe,559,28.24,61,1016
2026-02-05 10:30:00,Refrigerator,electric_coe,30058,28.24,61,1016
2026-02-05 10:30:00,Refrigerator,power_coe,15968,28.24,61,1016
2026-02-05 10:30:00,Refrigerator,electricity_coe,2610,28.24,61,1016
2026-02-05 10:30:00,Refrigerator,fault,0,28.24,61,1016
2026-02-05 10:30:00,Refrigerator,relay_status,last,28.24,61,1016
2026-02-05 10:30:00,Refrigerator,overcharge_switch,False,28.24,61,1016
2026-02-05 10:30:00,Refrigerator,light_mode,relay,28.24,61,1016
2026-02-05 10:30:00,Refrigerator,child_lock,False,28.24,61,1016
2026-02-05 10:30:00,Refrigerator,cycle_time,,28.24,61,1016
2026-02-05 10:30:00,Refrigerator,random_time,,28.24,61,1016
2026-02-05 10:30:00,Refrigerator,switch_inching,,28.24,61,1016
2026-02-05 10:30:00,Electric_Fan,switch_1,True,28.24,61,1016
2026-02-05 10:30:00,Electric_Fan,countdown_1,0,28.24,61,1016
2026-02-05 10:30:00,Electric_Fan,add_ele,14,28.24,61,1016
2026-02-05 10:30:00,Electric_Fan,cur_current,0,28.24,61,1016
2026-02-05 10:30:00,Electric_Fan,cur_power,0,28.24,61,1016
2026-02-05 10:30:00,Electric_Fan,cur_voltage,2307,28.24,61,1016
2026-02-05 10:30:00,Electric_Fan,voltage_coe,558,28.24,61,1016
2026-02-05 10:30:00,Electric_Fan,electric_coe,29647,28.24,61,1016
2026-02-05 10:30:00,Electric_Fan,power_coe,15912,28.24,61,1016
2026-02-05 10:30:00,Electric_Fan,electricity_coe,2620,28.24,61,1016
2026-02-05 10:30:00,Electric_Fan,fault,0,28.24,61,1016
2026-02-05 10:30:00,Electric_Fan,relay_status,last,28.24,61,1016
2026-02-05 10:30:00,Electric_Fan,overcharge_switch,False,28.24,61,1016
2026-02-05 10:30:00,Electric_Fan,light_mode,relay,28.24,61,1016
2026-02-05 10:30:00,Electric_Fan,child_lock,False,28.24,61,1016
2026-02-05 10:30:00,Electric_Fan,cycle_time,,28.24,61,1016
2026-02-05 10:30:00,Electric_Fan,random_time,,28.24,61,1016
2026-02-05 10:30:00,Electric_Fan,switch_inching,,28.24,61,1016
2026-02-05 10:40:00,Aircon,switch_1,True,28.86,59,1015
2026-02-05 10:40:00,Aircon,countdown_1,0,28.86,59,1015
2026-02-05 10:40:00,Aircon,add_ele,80,28.86,59,1015
2026-02-05 10:40:00,Aircon,cur_current,0,28.86,59,1015
2026-02-05 10:40:00,Aircon,cur_power,0,28.86,59,1015
2026-02-05 10:40:00,Aircon,cur_voltage,2327,28.86,59,1015
2026-02-05 10:40:00,Aircon,voltage_coe,567,28.86,59,1015
2026-02-05 10:40:00,Aircon,electric_coe,29676,28.86,59,1015
2026-02-05 10:40:00,Aircon,power_coe,15976,28.86,59,1015
2026-02-05 10:40:00,Aircon,electricity_coe,2610,28.86,59,1015
2026-02-05 10:40:00,Aircon,fault,0,28.86,59,1015
2026-02-05 10:40:00,Aircon,relay_status,last,28.86,59,1015
2026-02-05 10:40:00,Aircon,overcharge_switch,False,28.86,59,1015
2026-02-05 10:40:00,Aircon,light_mode,relay,28.86,59,1015
2026-02-05 10:40:00,Aircon,child_lock,False,28.86,59,1015
2026-02-05 10:40:00,Aircon,cycle_time,,28.86,59,1015
2026-02-05 10:40:00,Aircon,random_time,,28.86,59,1015
2026-02-05 10:40:00,Aircon,switch_inching,,28.86,59,1015
2026-02-05 10:40:00,Refrigerator,switch_1,True,28.86,59,1015
2026-02-05 10:40:00,Refrigerator,countdown_1,0,28.86,59,1015
2026-02-05 10:40:00,Refrigerator,add_ele,52,28.86,59,1015
2026-02-05 10:40:00,Refrigerator,cur_current,0,28.86,59,1015
2026-02-05 10:40:00,Refrigerator,cur_power,0,28.86,59,1015
2026-02-05 10:40:00,Refrigerator,cur_voltage,2316,28.86,59,1015
2026-02-05 10:40:00,Refrigerator,voltage_coe,559,28.86,59,1015
2026-02-05 10:40:00,Refrigerator,electric_coe,30058,28.86,59,1015
2026-02-05 10:40:00,Refrigerator,power_coe,15968,28.86,59,1015
2026-02-05 10:40:00,Refrigerator,electricity_coe,2610,28.86,59,1015
2026-02-05 10:40:00,Refrigerator,fault,0,28.86,59,1015
2026-02-05 10:40:00,Refrigerator,relay_status,last,28.86,59,1015
2026-02-05 10:40:00,Refrigerator,overcharge_switch,False,28.86,59,1015
2026-02-05 10:40:00,Refrigerator,light_mode,relay,28.86,59,1015
2026-02-05 10:40:00,Refrigerator,child_lock,False,28.86,59,1015
2026-02-05 10:40:00,Refrigerator,cycle_time,,28.86,59,1015
2026-02-05 10:40:00,Refrigerator,random_time,,28.86,59,1015
2026-02-05 10:40:00,Refrigerator,switch_inching,,28.86,59,1015
2026-02-05 10:40:00,Electric_Fan,switch_1,True,28.86,59,1015
2026-02-05 10:40:00,Electric_Fan,countdown_1,0,28.86,59,1015
2026-02-05 10:40:00,Electric_Fan,add_ele,14,28.86,59,1015
2026-02-05 10:40:00,Electric_Fan,cur_current,0,28.86,59,1015
2026-02-05 10:40:00,Electric_Fan,cur_power,0,28.86,59,1015
2026-02-05 10:40:00,Electric_Fan,cur_voltage,2307,28.86,59,1015
2026-02-05 10:40:00,Electric_Fan,voltage_coe,558,28.86,59,1015
2026-02-05 10:40:00,Electric_Fan,electric_coe,29647,28.86,59,1015
2026-02-05 10:40:00,Electric_Fan,power_coe,15912,28.86,59,1015
2026-02-05 10:40:00,Electric_Fan,electricity_coe,2620,28.86,59,1015
2026-02-05 10:40:00,Electric_Fan,fault,0,28.86,59,1015
2026-02-05 10:40:00,Electric_Fan,relay_status,last,28.86,59,1015
2026-02-05 10:40:00,Electric_Fan,overcharge_switch,False,28.86,59,1015
2026-02-05 10:40:00,Electric_Fan,light_mode,relay,28.86,59,1015
2026-02-05 10:40:00,Electric_Fan,child_lock,False,28.86,59,1015
2026-02-05 10:40:00,Electric_Fan,cycle_time,,28.86,59,1015
2026-02-05 10:40:00,Electric_Fan,random_time,,28.86,59,1015
2026-02-05 10:40:00,Electric_Fan,switch_inching,,28.86,59,1015
2026-02-05 10:50:00,Aircon,switch_1,True,29.4,58,1015
2026-02-05 10:50:00,Aircon,countdown_1,0,29.4,58,1015
2026-02-05 10:50:00,Aircon,add_ele,80,29.4,58,1015
2026-02-05 10:50:00,Aircon,cur_current,0,29.4,58,1015
2026-02-05 10:50:00,Aircon,cur_power,0,29.4,58,1015
2026-02-05 10:50:00,Aircon,cur_voltage,2327,29.4,58,1015
2026-02-05 10:50:00,Aircon,voltage_coe,567,29.4,58,1015
2026-02-05 10:50:00,Aircon,electric_coe,29676,29.4,58,1015
2026-02-05 10:50:00,Aircon,power_coe,15976,29.4,58,1015
2026-02-05 10:50:00,Aircon,electricity_coe,2610,29.4,58,1015
2026-02-05 10:50:00,Aircon,fault,0,29.4,58,1015
2026-02-05 10:50:00,Aircon,relay_status,last,29.4,58,1015
2026-02-05 10:50:00,Aircon,overcharge_switch,False,29.4,58,1015
2026-02-05 10:50:00,Aircon,light_mode,relay,29.4,58,1015
2026-02-05 10:50:00,Aircon,child_lock,False,29.4,58,1015
2026-02-05 10:50:00,Aircon,cycle_time,,29.4,58,1015
2026-02-05 10:50:00,Aircon,random_time,,29.4,58,1015
2026-02-05 10:50:00,Aircon,switch_inching,,29.4,58,1015
2026-02-05 10:50:00,Refrigerator,switch_1,True,29.4,58,1015
2026-02-05 10:50:00,Refrigerator,countdown_1,0,29.4,58,1015
2026-02-05 10:50:00,Refrigerator,add_ele,52,29.4,58,1015
2026-02-05 10:50:00,Refrigerator,cur_current,1093,29.4,58,1015
2026-02-05 10:50:00,Refrigerator,cur_power,1799,29.4,58,1015
2026-02-05 10:50:00,Refrigerator,cur_voltage,2285,29.4,58,1015
2026-02-05 10:50:00,Refrigerator,voltage_coe,559,29.4,58,1015
2026-02-05 10:50:00,Refrigerator,electric_coe,30058,29.4,58,1015
2026-02-05 10:50:00,Refrigerator,power_coe,15968,29.4,58,1015
2026-02-05 10:50:00,Refrigerator,electricity_coe,2610,29.4,58,1015
2026-02-05 10:50:00,Refrigerator,fault,0,29.4,58,1015
2026-02-05 10:50:00,Refrigerator,relay_status,last,29.4,58,1015
2026-02-05 10:50:00,Refrigerator,overcharge_switch,False,29.4,58,1015
2026-02-05 10:50:00,Refrigerator,light_mode,relay,29.4,58,1015
2026-02-05 10:50:00,Refrigerator,child_lock,False,29.4,58,1015
2026-02-05 10:50:00,Refrigerator,cycle_time,,29.4,58,1015
2026-02-05 10:50:00,Refrigerator,random_time,,29.4,58,1015
2026-02-05 10:50:00,Refrigerator,switch_inching,,29.4,58,1015
2026-02-05 10:50:00,Electric_Fan,switch_1,True,29.4,58,1015
2026-02-05 10:50:00,Electric_Fan,countdown_1,0,29.4,58,1015
2026-02-05 10:50:00,Electric_Fan,add_ele,14,29.4,58,1015
2026-02-05 10:50:00,Electric_Fan,cur_current,0,29.4,58,1015
2026-02-05 10:50:00,Electric_Fan,cur_power,0,29.4,58,1015
2026-02-05 10:50:00,Electric_Fan,cur_voltage,2307,29.4,58,1015
2026-02-05 10:50:00,Electric_Fan,voltage_coe,558,29.4,58,1015
2026-02-05 10:50:00,Electric_Fan,electric_coe,29647,29.4,58,1015
2026-02-05 10:50:00,Electric_Fan,power_coe,15912,29.4,58,1015
2026-02-05 10:50:00,Electric_Fan,electricity_coe,2620,29.4,58,1015
2026-02-05 10:50:00,Electric_Fan,fault,0,29.4,58,1015
2026-02-05 10:50:00,Electric_Fan,relay_status,last,29.4,58,1015
2026-02-05 10:50:00,Electric_Fan,overcharge_switch,False,29.4,58,1015
2026-02-05 10:50:00,Electric_Fan,light_mode,relay,29.4,58,1015
2026-02-05 10:50:00,Electric_Fan,child_lock,False,29.4,58,1015
2026-02-05 10:50:00,Electric_Fan,cycle_time,,29.4,58,1015
2026-02-05 10:50:00,Electric_Fan,random_time,,29.4,58,1015
2026-02-05 10:50:00,Electric_Fan,switch_inching,,29.4,58,1015
2026-02-05 11:00:00,Aircon,switch_1,True,29.39,60,1015
2026-02-05 11:00:00,Aircon,countdown_1,0,29.39,60,1015
2026-02-05 11:00:00,Aircon,add_ele,80,29.39,60,1015
2026-02-05 11:00:00,Aircon,cur_current,0,29.39,60,1015
2026-02-05 11:00:00,Aircon,cur_power,0,29.39,60,1015
2026-02-05 11:00:00,Aircon,cur_voltage,2327,29.39,60,1015
2026-02-05 11:00:00,Aircon,voltage_coe,567,29.39,60,1015
2026-02-05 11:00:00,Aircon,electric_coe,29676,29.39,60,1015
2026-02-05 11:00:00,Aircon,power_coe,15976,29.39,60,1015
2026-02-05 11:00:00,Aircon,electricity_coe,2610,29.39,60,1015
2026-02-05 11:00:00,Aircon,fault,0,29.39,60,1015
2026-02-05 11:00:00,Aircon,relay_status,last,29.39,60,1015
2026-02-05 11:00:00,Aircon,overcharge_switch,False,29.39,60,1015
2026-02-05 11:00:00,Aircon,light_mode,relay,29.39,60,1015
2026-02-05 11:00:00,Aircon,child_lock,False,29.39,60,1015
2026-02-05 11:00:00,Aircon,cycle_time,,29.39,60,1015
2026-02-05 11:00:00,Aircon,random_time,,29.39,60,1015
2026-02-05 11:00:00,Aircon,switch_inching,,29.39,60,1015
2026-02-05 11:00:00,Refrigerator,switch_1,True,29.39,60,1015
2026-02-05 11:00:00,Refrigerator,countdown_1,0,29.39,60,1015
2026-02-05 11:00:00,Refrigerator,add_ele,8,29.39,60,1015
2026-02-05 11:00:00,Refrigerator,cur_current,1093,29.39,60,1015
2026-02-05 11:00:00,Refrigerator,cur_power,1799,29.39,60,1015
2026-02-05 11:00:00,Refrigerator,cur_voltage,2285,29.39,60,1015
2026-02-05 11:00:00,Refrigerator,voltage_coe,559,29.39,60,1015
2026-02-05 11:00:00,Refrigerator,electric_coe,30058,29.39,60,1015
2026-02-05 11:00:00,Refrigerator,power_coe,15968,29.39,60,1015
2026-02-05 11:00:00,Refrigerator,electricity_coe,2610,29.39,60,1015
2026-02-05 11:00:00,Refrigerator,fault,0,29.39,60,1015
2026-02-05 11:00:00,Refrigerator,relay_status,last,29.39,60,1015
2026-02-05 11:00:00,Refrigerator,overcharge_switch,False,29.39,60,1015
2026-02-05 11:00:00,Refrigerator,light_mode,relay,29.39,60,1015
2026-02-05 11:00:00,Refrigerator,child_lock,False,29.39,60,1015
2026-02-05 11:00:00,Refrigerator,cycle_time,,29.39,60,1015
2026-02-05 11:00:00,Refrigerator,random_time,,29.39,60,1015
2026-02-05 11:00:00,Refrigerator,switch_inching,,29.39,60,1015
2026-02-05 11:00:00,Electric_Fan,switch_1,True,29.39,60,1015
2026-02-05 11:00:00,Electric_Fan,countdown_1,0,29.39,60,1015
2026-02-05 11:00:00,Electric_Fan,add_ele,14,29.39,60,1015
2026-02-05 11:00:00,Electric_Fan,cur_current,0,29.39,60,1015
2026-02-05 11:00:00,Electric_Fan,cur_power,0,29.39,60,1015
2026-02-05 11:00:00,Electric_Fan,cur_voltage,2307,29.39,60,1015
2026-02-05 11:00:00,Electric_Fan,voltage_coe,558,29.39,60,1015
2026-02-05 11:00:00,Electric_Fan,electric_coe,29647,29.39,60,1015
2026-02-05 11:00:00,Electric_Fan,power_coe,15912,29.39,60,1015
2026-02-05 11:00:00,Electric_Fan,electricity_coe,2620,29.39,60,1015
2026-02-05 11:00:00,Electric_Fan,fault,0,29.39,60,1015
2026-02-05 11:00:00,Electric_Fan,relay_status,last,29.39,60,1015
2026-02-05 11:00:00,Electric_Fan,overcharge_switch,False,29.39,60,1015
2026-02-05 11:00:00,Electric_Fan,light_mode,relay,29.39,60,1015
2026-02-05 11:00:00,Electric_Fan,child_lock,False,29.39,60,1015
2026-02-05 11:00:00,Electric_Fan,cycle_time,,29.39,60,1015
2026-02-05 11:00:00,Electric_Fan,random_time,,29.39,60,1015
2026-02-05 11:00:00,Electric_Fan,switch_inching,,29.39,60,1015
2026-02-05 11:10:00,Aircon,switch_1,True,29.76,59,1015
2026-02-05 11:10:00,Aircon,countdown_1,0,29.76,59,1015
2026-02-05 11:10:00,Aircon,add_ele,80,29.76,59,1015
2026-02-05 11:10:00,Aircon,cur_current,0,29.76,59,1015
2026-02-05 11:10:00,Aircon,cur_power,0,29.76,59,1015
2026-02-05 11:10:00,Aircon,cur_voltage,2327,29.76,59,1015
2026-02-05 11:10:00,Aircon,voltage_coe,567,29.76,59,1015
2026-02-05 11:10:00,Aircon,electric_coe,29676,29.76,59,1015
2026-02-05 11:10:00,Aircon,power_coe,15976,29.76,59,1015
2026-02-05 11:10:00,Aircon,electricity_coe,2610,29.76,59,1015
2026-02-05 11:10:00,Aircon,fault,0,29.76,59,1015
2026-02-05 11:10:00,Aircon,relay_status,last,29.76,59,1015
2026-02-05 11:10:00,Aircon,overcharge_switch,False,29.76,59,1015
2026-02-05 11:10:00,Aircon,light_mode,relay,29.76,59,1015
2026-02-05 11:10:00,Aircon,child_lock,False,29.76,59,1015
2026-02-05 11:10:00,Aircon,cycle_time,,29.76,59,1015
2026-02-05 11:10:00,Aircon,random_time,,29.76,59,1015
2026-02-05 11:10:00,Aircon,switch_inching,,29.76,59,1015
2026-02-05 11:10:00,Refrigerator,switch_1,True,29.76,59,1015
2026-02-05 11:10:00,Refrigerator,countdown_1,0,29.76,59,1015
2026-02-05 11:10:00,Refrigerator,add_ele,8,29.76,59,1015
2026-02-05 11:10:00,Refrigerator,cur_current,1093,29.76,59,1015
2026-02-05 11:10:00,Refrigerator,cur_power,1799,29.76,59,1015
2026-02-05 11:10:00,Refrigerator,cur_voltage,2285,29.76,59,1015
2026-02-05 11:10:00,Refrigerator,voltage_coe,559,29.76,59,1015
2026-02-05 11:10:00,Refrigerator,electric_coe,30058,29.76,59,1015
2026-02-05 11:10:00,Refrigerator,power_coe,15968,29.76,59,1015
2026-02-05 11:10:00,Refrigerator,electricity_coe,2610,29.76,59,1015
2026-02-05 11:10:00,Refrigerator,fault,0,29.76,59,1015
2026-02-05 11:10:00,Refrigerator,relay_status,last,29.76,59,1015
2026-02-05 11:10:00,Refrigerator,overcharge_switch,False,29.76,59,1015
2026-02-05 11:10:00,Refrigerator,light_mode,relay,29.76,59,1015
2026-02-05 11:10:00,Refrigerator,child_lock,False,29.76,59,1015
2026-02-05 11:10:00,Refrigerator,cycle_time,,29.76,59,1015
2026-02-05 11:10:00,Refrigerator,random_time,,29.76,59,1015
2026-02-05 11:10:00,Refrigerator,switch_inching,,29.76,59,1015
2026-02-05 11:10:00,Electric_Fan,switch_1,True,29.76,59,1015
2026-02-05 11:10:00,Electric_Fan,countdown_1,0,29.76,59,1015
2026-02-05 11:10:00,Electric_Fan,add_ele,14,29.76,59,1015
2026-02-05 11:10:00,Electric_Fan,cur_current,0,29.76,59,1015
2026-02-05 11:10:00,Electric_Fan,cur_power,0,29.76,59,1015
2026-02-05 11:10:00,Electric_Fan,cur_voltage,2307,29.76,59,1015
2026-02-05 11:10:00,Electric_Fan,voltage_coe,558,29.76,59,1015
2026-02-05 11:10:00,Electric_Fan,electric_coe,29647,29.76,59,1015
2026-02-05 11:10:00,Electric_Fan,power_coe,15912,29.76,59,1015
2026-02-05 11:10:00,Electric_Fan,electricity_coe,2620,29.76,59,1015
2026-02-05 11:10:00,Electric_Fan,fault,0,29.76,59,1015
2026-02-05 11:10:00,Electric_Fan,relay_status,last,29.76,59,1015
2026-02-05 11:10:00,Electric_Fan,overcharge_switch,False,29.76,59,1015
2026-02-05 11:10:00,Electric_Fan,light_mode,relay,29.76,59,1015
2026-02-05 11:10:00,Electric_Fan,child_lock,False,29.76,59,1015
2026-02-05 11:10:00,Electric_Fan,cycle_time,,29.76,59,1015
2026-02-05 11:10:00,Electric_Fan,random_time,,29.76,59,1015
2026-02-05 11:10:00,Electric_Fan,switch_inching,,29.76,59,1015
2026-02-05 11:20:00,Aircon,switch_1,True,29.62,58,1015
2026-02-05 11:20:00,Aircon,countdown_1,0,29.62,58,1015
2026-02-05 11:20:00,Aircon,add_ele,80,29.62,58,1015
2026-02-05 11:20:00,Aircon,cur_current,0,29.62,58,1015
2026-02-05 11:20:00,Aircon,cur_power,0,29.62,58,1015
2026-02-05 11:20:00,Aircon,cur_voltage,2327,29.62,58,1015
2026-02-05 11:20:00,Aircon,voltage_coe,567,29.62,58,1015
2026-02-05 11:20:00,Aircon,electric_coe,29676,29.62,58,1015
2026-02-05 11:20:00,Aircon,power_coe,15976,29.62,58,1015
2026-02-05 11:20:00,Aircon,electricity_coe,2610,29.62,58,1015
2026-02-05 11:20:00,Aircon,fault,0,29.62,58,1015
2026-02-05 11:20:00,Aircon,relay_status,last,29.62,58,1015
2026-02-05 11:20:00,Aircon,overcharge_switch,False,29.62,58,1015
2026-02-05 11:20:00,Aircon,light_mode,relay,29.62,58,1015
2026-02-05 11:20:00,Aircon,child_lock,False,29.62,58,1015
2026-02-05 11:20:00,Aircon,cycle_time,,29.62,58,1015
2026-02-05 11:20:00,Aircon,random_time,,29.62,58,1015
2026-02-05 11:20:00,Aircon,switch_inching,,29.62,58,1015
2026-02-05 11:20:00,Refrigerator,switch_1,True,29.62,58,1015
2026-02-05 11:20:00,Refrigerator,countdown_1,0,29.62,58,1015
2026-02-05 11:20:00,Refrigerator,add_ele,8,29.62,58,1015
2026-02-05 11:20:00,Refrigerator,cur_current,0,29.62,58,1015
2026-02-05 11:20:00,Refrigerator,cur_power,0,29.62,58,1015
2026-02-05 11:20:00,Refrigerator,cur_voltage,2324,29.62,58,1015
2026-02-05 11:20:00,Refrigerator,voltage_coe,559,29.62,58,1015
2026-02-05 11:20:00,Refrigerator,electric_coe,30058,29.62,58,1015
2026-02-05 11:20:00,Refrigerator,power_coe,15968,29.62,58,1015
2026-02-05 11:20:00,Refrigerator,electricity_coe,2610,29.62,58,1015
2026-02-05 11:20:00,Refrigerator,fault,0,29.62,58,1015
2026-02-05 11:20:00,Refrigerator,relay_status,last,29.62,58,1015
2026-02-05 11:20:00,Refrigerator,overcharge_switch,False,29.62,58,1015
2026-02-05 11:20:00,Refrigerator,light_mode,relay,29.62,58,1015
2026-02-05 11:20:00,Refrigerator,child_lock,False,29.62,58,1015
2026-02-05 11:20:00,Refrigerator,cycle_time,,29.62,58,1015
2026-02-05 11:20:00,Refrigerator,random_time,,29.62,58,1015
2026-02-05 11:20:00,Refrigerator,switch_inching,,29.62,58,1015
2026-02-05 11:20:00,Electric_Fan,switch_1,True,29.62,58,1015
2026-02-05 11:20:00,Electric_Fan,countdown_1,0,29.62,58,1015
2026-02-05 11:20:00,Electric_Fan,add_ele,14,29.62,58,1015
2026-02-05 11:20:00,Electric_Fan,cur_current,0,29.62,58,1015
2026-02-05 11:20:00,Electric_Fan,cur_power,0,29.62,58,1015
2026-02-05 11:20:00,Electric_Fan,cur_voltage,2307,29.62,58,1015
2026-02-05 11:20:00,Electric_Fan,voltage_coe,558,29.62,58,1015
2026-02-05 11:20:00,Electric_Fan,electric_coe,29647,29.62,58,1015
2026-02-05 11:20:00,Electric_Fan,power_coe,15912,29.62,58,1015
2026-02-05 11:20:00,Electric_Fan,electricity_coe,2620,29.62,58,1015
2026-02-05 11:20:00,Electric_Fan,fault,0,29.62,58,1015
2026-02-05 11:20:00,Electric_Fan,relay_status,last,29.62,58,1015
2026-02-05 11:20:00,Electric_Fan,overcharge_switch,False,29.62,58,1015
2026-02-05 11:20:00,Electric_Fan,light_mode,relay,29.62,58,1015
2026-02-05 11:20:00,Electric_Fan,child_lock,False,29.62,58,1015
2026-02-05 11:20:00,Electric_Fan,cycle_time,,29.62,58,1015
2026-02-05 11:20:00,Electric_Fan,random_time,,29.62,58,1015
2026-02-05 11:20:00,Electric_Fan,switch_inching,,29.62,58,1015
2026-02-05 11:30:00,Aircon,switch_1,True,29.62,58,1015
2026-02-05 11:30:00,Aircon,countdown_1,0,29.62,58,1015
2026-02-05 11:30:00,Aircon,add_ele,80,29.62,58,1015
2026-02-05 11:30:00,Aircon,cur_current,0,29.62,58,1015
2026-02-05 11:30:00,Aircon,cur_power,0,29.62,58,1015
2026-02-05 11:30:00,Aircon,cur_voltage,2327,29.62,58,1015
2026-02-05 11:30:00,Aircon,voltage_coe,567,29.62,58,1015
2026-02-05 11:30:00,Aircon,electric_coe,29676,29.62,58,1015
2026-02-05 11:30:00,Aircon,power_coe,15976,29.62,58,1015
2026-02-05 11:30:00,Aircon,electricity_coe,2610,29.62,58,1015
2026-02-05 11:30:00,Aircon,fault,0,29.62,58,1015
2026-02-05 11:30:00,Aircon,relay_status,last,29.62,58,1015
2026-02-05 11:30:00,Aircon,overcharge_switch,False,29.62,58,1015
2026-02-05 11:30:00,Aircon,light_mode,relay,29.62,58,1015
2026-02-05 11:30:00,Aircon,child_lock,False,29.62,58,1015
2026-02-05 11:30:00,Aircon,cycle_time,,29.62,58,1015
2026-02-05 11:30:00,Aircon,random_time,,29.62,58,1015
2026-02-05 11:30:00,Aircon,switch_inching,,29.62,58,1015
2026-02-05 11:30:00,Refrigerator,switch_1,True,29.62,58,1015
2026-02-05 11:30:00,Refrigerator,countdown_1,0,29.62,58,1015
2026-02-05 11:30:00,Refrigerator,add_ele,72,29.62,58,1015
2026-02-05 11:30:00,Refrigerator,cur_current,0,29.62,58,1015
2026-02-05 11:30:00,Refrigerator,cur_power,0,29.62,58,1015
2026-02-05 11:30:00,Refrigerator,cur_voltage,2324,29.62,58,1015
2026-02-05 11:30:00,Refrigerator,voltage_coe,559,29.62,58,1015
2026-02-05 11:30:00,Refrigerator,electric_coe,30058,29.62,58,1015
2026-02-05 11:30:00,Refrigerator,power_coe,15968,29.62,58,1015
2026-02-05 11:30:00,Refrigerator,electricity_coe,2610,29.62,58,1015
2026-02-05 11:30:00,Refrigerator,fault,0,29.62,58,1015
2026-02-05 11:30:00,Refrigerator,relay_status,last,29.62,58,1015
2026-02-05 11:30:00,Refrigerator,overcharge_switch,False,29.62,58,1015
2026-02-05 11:30:00,Refrigerator,light_mode,relay,29.62,58,1015
2026-02-05 11:30:00,Refrigerator,child_lock,False,29.62,58,1015
2026-02-05 11:30:00,Refrigerator,cycle_time,,29.62,58,1015
2026-02-05 11:30:00,Refrigerator,random_time,,29.62,58,1015
2026-02-05 11:30:00,Refrigerator,switch_inching,,29.62,58,1015
2026-02-05 11:30:00,Electric_Fan,switch_1,True,29.62,58,1015
2026-02-05 11:30:00,Electric_Fan,countdown_1,0,29.62,58,1015
2026-02-05 11:30:00,Electric_Fan,add_ele,14,29.62,58,1015
2026-02-05 11:30:00,Electric_Fan,cur_current,0,29.62,58,1015
2026-02-05 11:30:00,Electric_Fan,cur_power,0,29.62,58,1015
2026-02-05 11:30:00,Electric_Fan,cur_voltage,2307,29.62,58,1015
2026-02-05 11:30:00,Electric_Fan,voltage_coe,558,29.62,58,1015
2026-02-05 11:30:00,Electric_Fan,electric_coe,29647,29.62,58,1015
2026-02-05 11:30:00,Electric_Fan,power_coe,15912,29.62,58,1015
2026-02-05 11:30:00,Electric_Fan,electricity_coe,2620,29.62,58,1015
2026-02-05 11:30:00,Electric_Fan,fault,0,29.62,58,1015
2026-02-05 11:30:00,Electric_Fan,relay_status,last,29.62,58,1015
2026-02-05 11:30:00,Electric_Fan,overcharge_switch,False,29.62,58,1015
2026-02-05 11:30:00,Electric_Fan,light_mode,relay,29.62,58,1015
2026-02-05 11:30:00,Electric_Fan,child_lock,False,29.62,58,1015
2026-02-05 11:30:00,Electric_Fan,cycle_time,,29.62,58,1015
2026-02-05 11:30:00,Electric_Fan,random_time,,29.62,58,1015
2026-02-05 11:30:00,Electric_Fan,switch_inching,,29.62,58,1015
2026-02-05 11:40:00,Aircon,switch_1,True,29.48,58,1014
2026-02-05 11:40:00,Aircon,countdown_1,0,29.48,58,1014
2026-02-05 11:40:00,Aircon,add_ele,80,29.48,58,1014
2026-02-05 11:40:00,Aircon,cur_current,0,29.48,58,1014
2026-02-05 11:40:00,Aircon,cur_power,0,29.48,58,1014
2026-02-05 11:40:00,Aircon,cur_voltage,2305,29.48,58,1014
2026-02-05 11:40:00,Aircon,voltage_coe,567,29.48,58,1014
2026-02-05 11:40:00,Aircon,electric_coe,29676,29.48,58,1014
2026-02-05 11:40:00,Aircon,power_coe,15976,29.48,58,1014
2026-02-05 11:40:00,Aircon,electricity_coe,2610,29.48,58,1014
2026-02-05 11:40:00,Aircon,fault,0,29.48,58,1014
2026-02-05 11:40:00,Aircon,relay_status,last,29.48,58,1014
2026-02-05 11:40:00,Aircon,overcharge_switch,False,29.48,58,1014
2026-02-05 11:40:00,Aircon,light_mode,relay,29.48,58,1014
2026-02-05 11:40:00,Aircon,child_lock,False,29.48,58,1014
2026-02-05 11:40:00,Aircon,cycle_time,,29.48,58,1014
2026-02-05 11:40:00,Aircon,random_time,,29.48,58,1014
2026-02-05 11:40:00,Aircon,switch_inching,,29.48,58,1014
2026-02-05 11:40:00,Refrigerator,switch_1,True,29.48,58,1014
2026-02-05 11:40:00,Refrigerator,countdown_1,0,29.48,58,1014
2026-02-05 11:40:00,Refrigerator,add_ele,72,29.48,58,1014
2026-02-05 11:40:00,Refrigerator,cur_current,0,29.48,58,1014
2026-02-05 11:40:00,Refrigerator,cur_power,0,29.48,58,1014
2026-02-05 11:40:00,Refrigerator,cur_voltage,2324,29.48,58,1014
2026-02-05 11:40:00,Refrigerator,voltage_coe,559,29.48,58,1014
2026-02-05 11:40:00,Refrigerator,electric_coe,30058,29.48,58,1014
2026-02-05 11:40:00,Refrigerator,power_coe,15968,29.48,58,1014
2026-02-05 11:40:00,Refrigerator,electricity_coe,2610,29.48,58,1014
2026-02-05 11:40:00,Refrigerator,fault,0,29.48,58,1014
2026-02-05 11:40:00,Refrigerator,relay_status,last,29.48,58,1014
2026-02-05 11:40:00,Refrigerator,overcharge_switch,False,29.48,58,1014
2026-02-05 11:40:00,Refrigerator,light_mode,relay,29.48,58,1014
2026-02-05 11:40:00,Refrigerator,child_lock,False,29.48,58,1014
2026-02-05 11:40:00,Refrigerator,cycle_time,,29.48,58,1014
2026-02-05 11:40:00,Refrigerator,random_time,,29.48,58,1014
2026-02-05 11:40:00,Refrigerator,switch_inching,,29.48,58,1014
2026-02-05 11:40:00,Electric_Fan,switch_1,True,29.48,58,1014
2026-02-05 11:40:00,Electric_Fan,countdown_1,0,29.48,58,1014
2026-02-05 11:40:00,Electric_Fan,add_ele,14,29.48,58,1014
2026-02-05 11:40:00,Electric_Fan,cur_current,0,29.48,58,1014
2026-02-05 11:40:00,Electric_Fan,cur_power,0,29.48,58,1014
2026-02-05 11:40:00,Electric_Fan,cur_voltage,2307,29.48,58,1014
2026-02-05 11:40:00,Electric_Fan,voltage_coe,558,29.48,58,1014
2026-02-05 11:40:00,Electric_Fan,electric_coe,29647,29.48,58,1014
2026-02-05 11:40:00,Electric_Fan,power_coe,15912,29.48,58,1014
2026-02-05 11:40:00,Electric_Fan,electricity_coe,2620,29.48,58,1014
2026-02-05 11:40:00,Electric_Fan,fault,0,29.48,58,1014
2026-02-05 11:40:00,Electric_Fan,relay_status,last,29.48,58,1014
2026-02-05 11:40:00,Electric_Fan,overcharge_switch,False,29.48,58,1014
2026-02-05 11:40:00,Electric_Fan,light_mode,relay,29.48,58,1014
2026-02-05 11:40:00,Electric_Fan,child_lock,False,29.48,58,1014
2026-02-05 11:40:00,Electric_Fan,cycle_time,,29.48,58,1014
2026-02-05 11:40:00,Electric_Fan,random_time,,29.48,58,1014
2026-02-05 11:40:00,Electric_Fan,switch_inching,,29.48,58,1014
2026-02-05 11:50:00,Aircon,switch_1,True,30.14,51,1014
2026-02-05 11:50:00,Aircon,countdown_1,0,30.14,51,1014
2026-02-05 11:50:00,Aircon,add_ele,80,30.14,51,1014
2026-02-05 11:50:00,Aircon,cur_current,0,30.14,51,1014
2026-02-05 11:50:00,Aircon,cur_power,0,30.14,51,1014
2026-02-05 11:50:00,Aircon,cur_voltage,2305,30.14,51,1014
2026-02-05 11:50:00,Aircon,voltage_coe,567,30.14,51,1014
2026-02-05 11:50:00,Aircon,electric_coe,29676,30.14,51,1014
2026-02-05 11:50:00,Aircon,power_coe,15976,30.14,51,1014
2026-02-05 11:50:00,Aircon,electricity_coe,2610,30.14,51,1014
2026-02-05 11:50:00,Aircon,fault,0,30.14,51,1014
2026-02-05 11:50:00,Aircon,relay_status,last,30.14,51,1014
2026-02-05 11:50:00,Aircon,overcharge_switch,False,30.14,51,1014
2026-02-05 11:50:00,Aircon,light_mode,relay,30.14,51,1014
2026-02-05 11:50:00,Aircon,child_lock,False,30.14,51,1014
2026-02-05 11:50:00,Aircon,cycle_time,,30.14,51,1014
2026-02-05 11:50:00,Aircon,random_time,,30.14,51,1014
2026-02-05 11:50:00,Aircon,switch_inching,,30.14,51,1014
2026-02-05 11:50:00,Refrigerator,switch_1,True,30.14,51,1014
2026-02-05 11:50:00,Refrigerator,countdown_1,0,30.14,51,1014
2026-02-05 11:50:00,Refrigerator,add_ele,72,30.14,51,1014
2026-02-05 11:50:00,Refrigerator,cur_current,0,30.14,51,1014
2026-02-05 11:50:00,Refrigerator,cur_power,0,30.14,51,1014
2026-02-05 11:50:00,Refrigerator,cur_voltage,2324,30.14,51,1014
2026-02-05 11:50:00,Refrigerator,voltage_coe,559,30.14,51,1014
2026-02-05 11:50:00,Refrigerator,electric_coe,30058,30.14,51,1014
2026-02-05 11:50:00,Refrigerator,power_coe,15968,30.14,51,1014
2026-02-05 11:50:00,Refrigerator,electricity_coe,2610,30.14,51,1014
2026-02-05 11:50:00,Refrigerator,fault,0,30.14,51,1014
2026-02-05 11:50:00,Refrigerator,relay_status,last,30.14,51,1014
2026-02-05 11:50:00,Refrigerator,overcharge_switch,False,30.14,51,1014
2026-02-05 11:50:00,Refrigerator,light_mode,relay,30.14,51,1014
2026-02-05 11:50:00,Refrigerator,child_lock,False,30.14,51,1014
2026-02-05 11:50:00,Refrigerator,cycle_time,,30.14,51,1014
2026-02-05 11:50:00,Refrigerator,random_time,,30.14,51,1014
2026-02-05 11:50:00,Refrigerator,switch_inching,,30.14,51,1014
2026-02-05 11:50:00,Electric_Fan,switch_1,True,30.14,51,1014
2026-02-05 11:50:00,Electric_Fan,countdown_1,0,30.14,51,1014
2026-02-05 11:50:00,Electric_Fan,add_ele,14,30.14,51,1014
2026-02-05 11:50:00,Electric_Fan,cur_current,0,30.14,51,1014
2026-02-05 11:50:00,Electric_Fan,cur_power,0,30.14,51,1014
2026-02-05 11:50:00,Electric_Fan,cur_voltage,2307,30.14,51,1014
2026-02-05 11:50:00,Electric_Fan,voltage_coe,558,30.14,51,1014
2026-02-05 11:50:00,Electric_Fan,electric_coe,29647,30.14,51,1014
2026-02-05 11:50:00,Electric_Fan,power_coe,15912,30.14,51,1014
2026-02-05 11:50:00,Electric_Fan,electricity_coe,2620,30.14,51,1014
2026-02-05 11:50:00,Electric_Fan,fault,0,30.14,51,1014
2026-02-05 11:50:00,Electric_Fan,relay_status,last,30.14,51,1014
2026-02-05 11:50:00,Electric_Fan,overcharge_switch,False,30.14,51,1014
2026-02-05 11:50:00,Electric_Fan,light_mode,relay,30.14,51,1014
2026-02-05 11:50:00,Electric_Fan,child_lock,False,30.14,51,1014
2026-02-05 11:50:00,Electric_Fan,cycle_time,,30.14,51,1014
2026-02-05 11:50:00,Electric_Fan,random_time,,30.14,51,1014
2026-02-05 11:50:00,Electric_Fan,switch_inching,,30.14,51,1014
2026-02-05 12:00:00,Aircon,switch_1,True,29.31,59,1014
2026-02-05 12:00:00,Aircon,countdown_1,0,29.31,59,1014
2026-02-05 12:00:00,Aircon,add_ele,80,29.31,59,1014
2026-02-05 12:00:00,Aircon,cur_current,0,29.31,59,1014
2026-02-05 12:00:00,Aircon,cur_power,0,29.31,59,1014
2026-02-05 12:00:00,Aircon,cur_voltage,2305,29.31,59,1014
2026-02-05 12:00:00,Aircon,voltage_coe,567,29.31,59,1014
2026-02-05 12:00:00,Aircon,electric_coe,29676,29.31,59,1014
2026-02-05 12:00:00,Aircon,power_coe,15976,29.31,59,1014
2026-02-05 12:00:00,Aircon,electricity_coe,2610,29.31,59,1014
2026-02-05 12:00:00,Aircon,fault,0,29.31,59,1014
2026-02-05 12:00:00,Aircon,relay_status,last,29.31,59,1014
2026-02-05 12:00:00,Aircon,overcharge_switch,False,29.31,59,1014
2026-02-05 12:00:00,Aircon,light_mode,relay,29.31,59,1014
2026-02-05 12:00:00,Aircon,child_lock,False,29.31,59,1014
2026-02-05 12:00:00,Aircon,cycle_time,,29.31,59,1014
2026-02-05 12:00:00,Aircon,random_time,,29.31,59,1014
2026-02-05 12:00:00,Aircon,switch_inching,,29.31,59,1014
2026-02-05 12:00:00,Refrigerator,switch_1,True,29.31,59,1014
2026-02-05 12:00:00,Refrigerator,countdown_1,0,29.31,59,1014
2026-02-05 12:00:00,Refrigerator,add_ele,1,29.31,59,1014
2026-02-05 12:00:00,Refrigerator,cur_current,1118,29.31,59,1014
2026-02-05 12:00:00,Refrigerator,cur_power,1838,29.31,59,1014
2026-02-05 12:00:00,Refrigerator,cur_voltage,2333,29.31,59,1014
2026-02-05 12:00:00,Refrigerator,voltage_coe,559,29.31,59,1014
2026-02-05 12:00:00,Refrigerator,electric_coe,30058,29.31,59,1014
2026-02-05 12:00:00,Refrigerator,power_coe,15968,29.31,59,1014
2026-02-05 12:00:00,Refrigerator,electricity_coe,2610,29.31,59,1014
2026-02-05 12:00:00,Refrigerator,fault,0,29.31,59,1014
2026-02-05 12:00:00,Refrigerator,relay_status,last,29.31,59,1014
2026-02-05 12:00:00,Refrigerator,overcharge_switch,False,29.31,59,1014
2026-02-05 12:00:00,Refrigerator,light_mode,relay,29.31,59,1014
2026-02-05 12:00:00,Refrigerator,child_lock,False,29.31,59,1014
2026-02-05 12:00:00,Refrigerator,cycle_time,,29.31,59,1014
2026-02-05 12:00:00,Refrigerator,random_time,,29.31,59,1014
2026-02-05 12:00:00,Refrigerator,switch_inching,,29.31,59,1014
2026-02-05 12:00:00,Electric_Fan,switch_1,True,29.31,59,1014
2026-02-05 12:00:00,Electric_Fan,countdown_1,0,29.31,59,1014
2026-02-05 12:00:00,Electric_Fan,add_ele,14,29.31,59,1014
2026-02-05 12:00:00,Electric_Fan,cur_current,0,29.31,59,1014
2026-02-05 12:00:00,Electric_Fan,cur_power,0,29.31,59,1014
2026-02-05 12:00:00,Electric_Fan,cur_voltage,2307,29.31,59,1014
2026-02-05 12:00:00,Electric_Fan,voltage_coe,558,29.31,59,1014
2026-02-05 12:00:00,Electric_Fan,electric_coe,29647,29.31,59,1014
2026-02-05 12:00:00,Electric_Fan,power_coe,15912,29.31,59,1014
2026-02-05 12:00:00,Electric_Fan,electricity_coe,2620,29.31,59,1014
2026-02-05 12:00:00,Electric_Fan,fault,0,29.31,59,1014
2026-02-05 12:00:00,Electric_Fan,relay_status,last,29.31,59,1014
2026-02-05 12:00:00,Electric_Fan,overcharge_switch,False,29.31,59,1014
2026-02-05 12:00:00,Electric_Fan,light_mode,relay,29.31,59,1014
2026-02-05 12:00:00,Electric_Fan,child_lock,False,29.31,59,1014
2026-02-05 12:00:00,Electric_Fan,cycle_time,,29.31,59,1014
2026-02-05 12:00:00,Electric_Fan,random_time,,29.31,59,1014
2026-02-05 12:00:00,Electric_Fan,switch_inching,,29.31,59,1014
2026-02-05 12:24:02,Aircon,NO_DATA,,30.38,53,1014
2026-02-05 12:24:02,Refrigerator,NO_DATA,,30.38,53,1014
2026-02-05 12:24:02,Electric_Fan,switch_1,True,30.38,53,1014
2026-02-05 12:24:02,Electric_Fan,countdown_1,0,30.38,53,1014
2026-02-05 12:24:02,Electric_Fan,add_ele,14,30.38,53,1014
2026-02-05 12:24:02,Electric_Fan,cur_current,0,30.38,53,1014
2026-02-05 12:24:02,Electric_Fan,cur_power,0,30.38,53,1014
2026-02-05 12:24:02,Electric_Fan,cur_voltage,2307,30.38,53,1014
2026-02-05 12:24:02,Electric_Fan,voltage_coe,558,30.38,53,1014
2026-02-05 12:24:02,Electric_Fan,electric_coe,29647,30.38,53,1014
2026-02-05 12:24:02,Electric_Fan,power_coe,15912,30.38,53,1014
2026-02-05 12:24:02,Electric_Fan,electricity_coe,2620,30.38,53,1014
2026-02-05 12:24:02,Electric_Fan,fault,0,30.38,53,1014
2026-02-05 12:24:02,Electric_Fan,relay_status,last,30.38,53,1014
2026-02-05 12:24:02,Electric_Fan,overcharge_switch,False,30.38,53,1014
2026-02-05 12:24:02,Electric_Fan,light_mode,relay,30.38,53,1014
2026-02-05 12:24:02,Electric_Fan,child_lock,False,30.38,53,1014
2026-02-05 12:24:02,Electric_Fan,cycle_time,,30.38,53,1014
2026-02-05 12:24:02,Electric_Fan,random_time,,30.38,53,1014
2026-02-05 12:24:02,Electric_Fan,switch_inching,,30.38,53,1014
2026-02-05 13:05:01,Aircon,switch_1,True,30.81,53,1013
2026-02-05 13:05:01,Aircon,countdown_1,0,30.81,53,1013
2026-02-05 13:05:01,Aircon,add_ele,80,30.81,53,1013
2026-02-05 13:05:01,Aircon,cur_current,0,30.81,53,1013
2026-02-05 13:05:01,Aircon,cur_power,0,30.81,53,1013
2026-02-05 13:05:01,Aircon,cur_voltage,2353,30.81,53,1013
2026-02-05 13:05:01,Aircon,voltage_coe,567,30.81,53,1013
2026-02-05 13:05:01,Aircon,electric_coe,29676,30.81,53,1013
2026-02-05 13:05:01,Aircon,power_coe,15976,30.81,53,1013
2026-02-05 13:05:01,Aircon,electricity_coe,2610,30.81,53,1013
2026-02-05 13:05:01,Aircon,fault,0,30.81,53,1013
2026-02-05 13:05:01,Aircon,relay_status,last,30.81,53,1013
2026-02-05 13:05:01,Aircon,overcharge_switch,False,30.81,53,1013
2026-02-05 13:05:01,Aircon,light_mode,relay,30.81,53,1013
2026-02-05 13:05:01,Aircon,child_lock,False,30.81,53,1013
2026-02-05 13:05:01,Aircon,cycle_time,,30.81,53,1013
2026-02-05 13:05:01,Aircon,random_time,,30.81,53,1013
2026-02-05 13:05:01,Aircon,switch_inching,,30.81,53,1013
2026-02-05 13:05:01,Refrigerator,switch_1,True,30.81,53,1013
2026-02-05 13:05:01,Refrigerator,countdown_1,0,30.81,53,1013
2026-02-05 13:05:01,Refrigerator,add_ele,2,30.81,53,1013
2026-02-05 13:05:01,Refrigerator,cur_current,0,30.81,53,1013
2026-02-05 13:05:01,Refrigerator,cur_power,0,30.81,53,1013
2026-02-05 13:05:01,Refrigerator,cur_voltage,2338,30.81,53,1013
2026-02-05 13:05:01,Refrigerator,voltage_coe,559,30.81,53,1013
2026-02-05 13:05:01,Refrigerator,electric_coe,30058,30.81,53,1013
2026-02-05 13:05:01,Refrigerator,power_coe,15968,30.81,53,1013
2026-02-05 13:05:01,Refrigerator,electricity_coe,2610,30.81,53,1013
2026-02-05 13:05:01,Refrigerator,fault,0,30.81,53,1013
2026-02-05 13:05:01,Refrigerator,relay_status,last,30.81,53,1013
2026-02-05 13:05:01,Refrigerator,overcharge_switch,False,30.81,53,1013
2026-02-05 13:05:01,Refrigerator,light_mode,relay,30.81,53,1013
2026-02-05 13:05:01,Refrigerator,child_lock,False,30.81,53,1013
2026-02-05 13:05:01,Refrigerator,cycle_time,,30.81,53,1013
2026-02-05 13:05:01,Refrigerator,random_time,,30.81,53,1013
2026-02-05 13:05:01,Refrigerator,switch_inching,,30.81,53,1013
2026-02-05 13:05:01,Electric_Fan,switch_1,True,30.81,53,1013
2026-02-05 13:05:01,Electric_Fan,countdown_1,0,30.81,53,1013
2026-02-05 13:05:01,Electric_Fan,add_ele,14,30.81,53,1013
2026-02-05 13:05:01,Electric_Fan,cur_current,0,30.81,53,1013
2026-02-05 13:05:01,Electric_Fan,cur_power,0,30.81,53,1013
2026-02-05 13:05:01,Electric_Fan,cur_voltage,2307,30.81,53,1013
2026-02-05 13:05:01,Electric_Fan,voltage_coe,558,30.81,53,1013
2026-02-05 13:05:01,Electric_Fan,electric_coe,29647,30.81,53,1013
2026-02-05 13:05:01,Electric_Fan,power_coe,15912,30.81,53,1013
2026-02-05 13:05:01,Electric_Fan,electricity_coe,2620,30.81,53,1013
2026-02-05 13:05:01,Electric_Fan,fault,0,30.81,53,1013
2026-02-05 13:05:01,Electric_Fan,relay_status,last,30.81,53,1013
2026-02-05 13:05:01,Electric_Fan,overcharge_switch,False,30.81,53,1013
2026-02-05 13:05:01,Electric_Fan,light_mode,relay,30.81,53,1013
2026-02-05 13:05:01,Electric_Fan,child_lock,False,30.81,53,1013
2026-02-05 13:05:01,Electric_Fan,cycle_time,,30.81,53,1013
2026-02-05 13:05:01,Electric_Fan,random_time,,30.81,53,1013
2026-02-05 13:05:01,Electric_Fan,switch_inching,,30.81,53,1013
2026-02-05 13:10:00,Aircon,switch_1,True,30.01,54,1013
2026-02-05 13:10:00,Aircon,countdown_1,0,30.01,54,1013
2026-02-05 13:10:00,Aircon,add_ele,80,30.01,54,1013
2026-02-05 13:10:00,Aircon,cur_current,0,30.01,54,1013
2026-02-05 13:10:00,Aircon,cur_power,0,30.01,54,1013
2026-02-05 13:10:00,Aircon,cur_voltage,2353,30.01,54,1013
2026-02-05 13:10:00,Aircon,voltage_coe,567,30.01,54,1013
2026-02-05 13:10:00,Aircon,electric_coe,29676,30.01,54,1013
2026-02-05 13:10:00,Aircon,power_coe,15976,30.01,54,1013
2026-02-05 13:10:00,Aircon,electricity_coe,2610,30.01,54,1013
2026-02-05 13:10:00,Aircon,fault,0,30.01,54,1013
2026-02-05 13:10:00,Aircon,relay_status,last,30.01,54,1013
2026-02-05 13:10:00,Aircon,overcharge_switch,False,30.01,54,1013
2026-02-05 13:10:00,Aircon,light_mode,relay,30.01,54,1013
2026-02-05 13:10:00,Aircon,child_lock,False,30.01,54,1013
2026-02-05 13:10:00,Aircon,cycle_time,,30.01,54,1013
2026-02-05 13:10:00,Aircon,random_time,,30.01,54,1013
2026-02-05 13:10:00,Aircon,switch_inching,,30.01,54,1013
2026-02-05 13:10:00,Refrigerator,switch_1,True,30.01,54,1013
2026-02-05 13:10:00,Refrigerator,countdown_1,0,30.01,54,1013
2026-02-05 13:10:00,Refrigerator,add_ele,2,30.01,54,1013
2026-02-05 13:10:00,Refrigerator,cur_current,1125,30.01,54,1013
2026-02-05 13:10:00,Refrigerator,cur_power,1838,30.01,54,1013
2026-02-05 13:10:00,Refrigerator,cur_voltage,2324,30.01,54,1013
2026-02-05 13:10:00,Refrigerator,voltage_coe,559,30.01,54,1013
2026-02-05 13:10:00,Refrigerator,electric_coe,30058,30.01,54,1013
2026-02-05 13:10:00,Refrigerator,power_coe,15968,30.01,54,1013
2026-02-05 13:10:00,Refrigerator,electricity_coe,2610,30.01,54,1013
2026-02-05 13:10:00,Refrigerator,fault,0,30.01,54,1013
2026-02-05 13:10:00,Refrigerator,relay_status,last,30.01,54,1013
2026-02-05 13:10:00,Refrigerator,overcharge_switch,False,30.01,54,1013
2026-02-05 13:10:00,Refrigerator,light_mode,relay,30.01,54,1013
2026-02-05 13:10:00,Refrigerator,child_lock,False,30.01,54,1013
2026-02-05 13:10:00,Refrigerator,cycle_time,,30.01,54,1013
2026-02-05 13:10:00,Refrigerator,random_time,,30.01,54,1013
2026-02-05 13:10:00,Refrigerator,switch_inching,,30.01,54,1013
2026-02-05 13:10:00,Electric_Fan,switch_1,True,30.01,54,1013
2026-02-05 13:10:00,Electric_Fan,countdown_1,0,30.01,54,1013
2026-02-05 13:10:00,Electric_Fan,add_ele,14,30.01,54,1013
2026-02-05 13:10:00,Electric_Fan,cur_current,0,30.01,54,1013
2026-02-05 13:10:00,Electric_Fan,cur_power,0,30.01,54,1013
2026-02-05 13:10:00,Electric_Fan,cur_voltage,2307,30.01,54,1013
2026-02-05 13:10:00,Electric_Fan,voltage_coe,558,30.01,54,1013
2026-02-05 13:10:00,Electric_Fan,electric_coe,29647,30.01,54,1013
2026-02-05 13:10:00,Electric_Fan,power_coe,15912,30.01,54,1013
2026-02-05 13:10:00,Electric_Fan,electricity_coe,2620,30.01,54,1013
2026-02-05 13:10:00,Electric_Fan,fault,0,30.01,54,1013
2026-02-05 13:10:00,Electric_Fan,relay_status,last,30.01,54,1013
2026-02-05 13:10:00,Electric_Fan,overcharge_switch,False,30.01,54,1013
2026-02-05 13:10:00,Electric_Fan,light_mode,relay,30.01,54,1013
2026-02-05 13:10:00,Electric_Fan,child_lock,False,30.01,54,1013
2026-02-05 13:10:00,Electric_Fan,cycle_time,,30.01,54,1013
2026-02-05 13:10:00,Electric_Fan,random_time,,30.01,54,1013
2026-02-05 13:10:00,Electric_Fan,switch_inching,,30.01,54,1013
2026-02-05 13:20:00,Aircon,switch_1,True,30.01,55,1013
2026-02-05 13:20:00,Aircon,countdown_1,0,30.01,55,1013
2026-02-05 13:20:00,Aircon,add_ele,80,30.01,55,1013
2026-02-05 13:20:00,Aircon,cur_current,0,30.01,55,1013
2026-02-05 13:20:00,Aircon,cur_power,0,30.01,55,1013
2026-02-05 13:20:00,Aircon,cur_voltage,2353,30.01,55,1013
2026-02-05 13:20:00,Aircon,voltage_coe,567,30.01,55,1013
2026-02-05 13:20:00,Aircon,electric_coe,29676,30.01,55,1013
2026-02-05 13:20:00,Aircon,power_coe,15976,30.01,55,1013
2026-02-05 13:20:00,Aircon,electricity_coe,2610,30.01,55,1013
2026-02-05 13:20:00,Aircon,fault,0,30.01,55,1013
2026-02-05 13:20:00,Aircon,relay_status,last,30.01,55,1013
2026-02-05 13:20:00,Aircon,overcharge_switch,False,30.01,55,1013
2026-02-05 13:20:00,Aircon,light_mode,relay,30.01,55,1013
2026-02-05 13:20:00,Aircon,child_lock,False,30.01,55,1013
2026-02-05 13:20:00,Aircon,cycle_time,,30.01,55,1013
2026-02-05 13:20:00,Aircon,random_time,,30.01,55,1013
2026-02-05 13:20:00,Aircon,switch_inching,,30.01,55,1013
2026-02-05 13:20:00,Refrigerator,switch_1,True,30.01,55,1013
2026-02-05 13:20:00,Refrigerator,countdown_1,0,30.01,55,1013
2026-02-05 13:20:00,Refrigerator,add_ele,2,30.01,55,1013
2026-02-05 13:20:00,Refrigerator,cur_current,1125,30.01,55,1013
2026-02-05 13:20:00,Refrigerator,cur_power,1838,30.01,55,1013
2026-02-05 13:20:00,Refrigerator,cur_voltage,2324,30.01,55,1013
2026-02-05 13:20:00,Refrigerator,voltage_coe,559,30.01,55,1013
2026-02-05 13:20:00,Refrigerator,electric_coe,30058,30.01,55,1013
2026-02-05 13:20:00,Refrigerator,power_coe,15968,30.01,55,1013
2026-02-05 13:20:00,Refrigerator,electricity_coe,2610,30.01,55,1013
2026-02-05 13:20:00,Refrigerator,fault,0,30.01,55,1013
2026-02-05 13:20:00,Refrigerator,relay_status,last,30.01,55,1013
2026-02-05 13:20:00,Refrigerator,overcharge_switch,False,30.01,55,1013
2026-02-05 13:20:00,Refrigerator,light_mode,relay,30.01,55,1013
2026-02-05 13:20:00,Refrigerator,child_lock,False,30.01,55,1013
2026-02-05 13:20:00,Refrigerator,cycle_time,,30.01,55,1013
2026-02-05 13:20:00,Refrigerator,random_time,,30.01,55,1013
2026-02-05 13:20:00,Refrigerator,switch_inching,,30.01,55,1013
2026-02-05 13:20:00,Electric_Fan,switch_1,True,30.01,55,1013
2026-02-05 13:20:00,Electric_Fan,countdown_1,0,30.01,55,1013
2026-02-05 13:20:00,Electric_Fan,add_ele,14,30.01,55,1013
2026-02-05 13:20:00,Electric_Fan,cur_current,0,30.01,55,1013
2026-02-05 13:20:00,Electric_Fan,cur_power,0,30.01,55,1013
2026-02-05 13:20:00,Electric_Fan,cur_voltage,2307,30.01,55,1013
2026-02-05 13:20:00,Electric_Fan,voltage_coe,558,30.01,55,1013
2026-02-05 13:20:00,Electric_Fan,electric_coe,29647,30.01,55,1013
2026-02-05 13:20:00,Electric_Fan,power_coe,15912,30.01,55,1013
2026-02-05 13:20:00,Electric_Fan,electricity_coe,2620,30.01,55,1013
2026-02-05 13:20:00,Electric_Fan,fault,0,30.01,55,1013
2026-02-05 13:20:00,Electric_Fan,relay_status,last,30.01,55,1013
2026-02-05 13:20:00,Electric_Fan,overcharge_switch,False,30.01,55,1013
2026-02-05 13:20:00,Electric_Fan,light_mode,relay,30.01,55,1013
2026-02-05 13:20:00,Electric_Fan,child_lock,False,30.01,55,1013
2026-02-05 13:20:00,Electric_Fan,cycle_time,,30.01,55,1013
2026-02-05 13:20:00,Electric_Fan,random_time,,30.01,55,1013
2026-02-05 13:20:00,Electric_Fan,switch_inching,,30.01,55,1013
2026-02-05 13:30:00,Aircon,switch_1,True,29.98,56,1013
2026-02-05 13:30:00,Aircon,countdown_1,0,29.98,56,1013
2026-02-05 13:30:00,Aircon,add_ele,80,29.98,56,1013
2026-02-05 13:30:00,Aircon,cur_current,0,29.98,56,1013
2026-02-05 13:30:00,Aircon,cur_power,0,29.98,56,1013
2026-02-05 13:30:00,Aircon,cur_voltage,2353,29.98,56,1013
2026-02-05 13:30:00,Aircon,voltage_coe,567,29.98,56,1013
2026-02-05 13:30:00,Aircon,electric_coe,29676,29.98,56,1013
2026-02-05 13:30:00,Aircon,power_coe,15976,29.98,56,1013
2026-02-05 13:30:00,Aircon,electricity_coe,2610,29.98,56,1013
2026-02-05 13:30:00,Aircon,fault,0,29.98,56,1013
2026-02-05 13:30:00,Aircon,relay_status,last,29.98,56,1013
2026-02-05 13:30:00,Aircon,overcharge_switch,False,29.98,56,1013
2026-02-05 13:30:00,Aircon,light_mode,relay,29.98,56,1013
2026-02-05 13:30:00,Aircon,child_lock,False,29.98,56,1013
2026-02-05 13:30:00,Aircon,cycle_time,,29.98,56,1013
2026-02-05 13:30:00,Aircon,random_time,,29.98,56,1013
2026-02-05 13:30:00,Aircon,switch_inching,,29.98,56,1013
2026-02-05 13:30:00,Refrigerator,switch_1,True,29.98,56,1013
2026-02-05 13:30:00,Refrigerator,countdown_1,0,29.98,56,1013
2026-02-05 13:30:00,Refrigerator,add_ele,58,29.98,56,1013
2026-02-05 13:30:00,Refrigerator,cur_current,1125,29.98,56,1013
2026-02-05 13:30:00,Refrigerator,cur_power,1838,29.98,56,1013
2026-02-05 13:30:00,Refrigerator,cur_voltage,2324,29.98,56,1013
2026-02-05 13:30:00,Refrigerator,voltage_coe,559,29.98,56,1013
2026-02-05 13:30:00,Refrigerator,electric_coe,30058,29.98,56,1013
2026-02-05 13:30:00,Refrigerator,power_coe,15968,29.98,56,1013
2026-02-05 13:30:00,Refrigerator,electricity_coe,2610,29.98,56,1013
2026-02-05 13:30:00,Refrigerator,fault,0,29.98,56,1013
2026-02-05 13:30:00,Refrigerator,relay_status,last,29.98,56,1013
2026-02-05 13:30:00,Refrigerator,overcharge_switch,False,29.98,56,1013
2026-02-05 13:30:00,Refrigerator,light_mode,relay,29.98,56,1013
2026-02-05 13:30:00,Refrigerator,child_lock,False,29.98,56,1013
2026-02-05 13:30:00,Refrigerator,cycle_time,,29.98,56,1013
2026-02-05 13:30:00,Refrigerator,random_time,,29.98,56,1013
2026-02-05 13:30:00,Refrigerator,switch_inching,,29.98,56,1013
2026-02-05 13:30:00,Electric_Fan,switch_1,True,29.98,56,1013
2026-02-05 13:30:00,Electric_Fan,countdown_1,0,29.98,56,1013
2026-02-05 13:30:00,Electric_Fan,add_ele,14,29.98,56,1013
2026-02-05 13:30:00,Electric_Fan,cur_current,0,29.98,56,1013
2026-02-05 13:30:00,Electric_Fan,cur_power,0,29.98,56,1013
2026-02-05 13:30:00,Electric_Fan,cur_voltage,2307,29.98,56,1013
2026-02-05 13:30:00,Electric_Fan,voltage_coe,558,29.98,56,1013
2026-02-05 13:30:00,Electric_Fan,electric_coe,29647,29.98,56,1013
2026-02-05 13:30:00,Electric_Fan,power_coe,15912,29.98,56,1013
2026-02-05 13:30:00,Electric_Fan,electricity_coe,2620,29.98,56,1013
2026-02-05 13:30:00,Electric_Fan,fault,0,29.98,56,1013
2026-02-05 13:30:00,Electric_Fan,relay_status,last,29.98,56,1013
2026-02-05 13:30:00,Electric_Fan,overcharge_switch,False,29.98,56,1013
2026-02-05 13:30:00,Electric_Fan,light_mode,relay,29.98,56,1013
2026-02-05 13:30:00,Electric_Fan,child_lock,False,29.98,56,1013
2026-02-05 13:30:00,Electric_Fan,cycle_time,,29.98,56,1013
2026-02-05 13:30:00,Electric_Fan,random_time,,29.98,56,1013
2026-02-05 13:30:00,Electric_Fan,switch_inching,,29.98,56,1013
2026-02-05 13:40:00,Aircon,switch_1,True,31.15,44,1012
2026-02-05 13:40:00,Aircon,countdown_1,0,31.15,44,1012
2026-02-05 13:40:00,Aircon,add_ele,80,31.15,44,1012
2026-02-05 13:40:00,Aircon,cur_current,0,31.15,44,1012
2026-02-05 13:40:00,Aircon,cur_power,0,31.15,44,1012
2026-02-05 13:40:00,Aircon,cur_voltage,2335,31.15,44,1012
2026-02-05 13:40:00,Aircon,voltage_coe,567,31.15,44,1012
2026-02-05 13:40:00,Aircon,electric_coe,29676,31.15,44,1012
2026-02-05 13:40:00,Aircon,power_coe,15976,31.15,44,1012
2026-02-05 13:40:00,Aircon,electricity_coe,2610,31.15,44,1012
2026-02-05 13:40:00,Aircon,fault,0,31.15,44,1012
2026-02-05 13:40:00,Aircon,relay_status,last,31.15,44,1012
2026-02-05 13:40:00,Aircon,overcharge_switch,False,31.15,44,1012
2026-02-05 13:40:00,Aircon,light_mode,relay,31.15,44,1012
2026-02-05 13:40:00,Aircon,child_lock,False,31.15,44,1012
2026-02-05 13:40:00,Aircon,cycle_time,,31.15,44,1012
2026-02-05 13:40:00,Aircon,random_time,,31.15,44,1012
2026-02-05 13:40:00,Aircon,switch_inching,,31.15,44,1012
2026-02-05 13:40:00,Refrigerator,switch_1,True,31.15,44,1012
2026-02-05 13:40:00,Refrigerator,countdown_1,0,31.15,44,1012
2026-02-05 13:40:00,Refrigerator,add_ele,58,31.15,44,1012
2026-02-05 13:40:00,Refrigerator,cur_current,0,31.15,44,1012
2026-02-05 13:40:00,Refrigerator,cur_power,0,31.15,44,1012
2026-02-05 13:40:00,Refrigerator,cur_voltage,2316,31.15,44,1012
2026-02-05 13:40:00,Refrigerator,voltage_coe,559,31.15,44,1012
2026-02-05 13:40:00,Refrigerator,electric_coe,30058,31.15,44,1012
2026-02-05 13:40:00,Refrigerator,power_coe,15968,31.15,44,1012
2026-02-05 13:40:00,Refrigerator,electricity_coe,2610,31.15,44,1012
2026-02-05 13:40:00,Refrigerator,fault,0,31.15,44,1012
2026-02-05 13:40:00,Refrigerator,relay_status,last,31.15,44,1012
2026-02-05 13:40:00,Refrigerator,overcharge_switch,False,31.15,44,1012
2026-02-05 13:40:00,Refrigerator,light_mode,relay,31.15,44,1012
2026-02-05 13:40:00,Refrigerator,child_lock,False,31.15,44,1012
2026-02-05 13:40:00,Refrigerator,cycle_time,,31.15,44,1012
2026-02-05 13:40:00,Refrigerator,random_time,,31.15,44,1012
2026-02-05 13:40:00,Refrigerator,switch_inching,,31.15,44,1012
2026-02-05 13:40:00,Electric_Fan,switch_1,True,31.15,44,1012
2026-02-05 13:40:00,Electric_Fan,countdown_1,0,31.15,44,1012
2026-02-05 13:40:00,Electric_Fan,add_ele,14,31.15,44,1012
2026-02-05 13:40:00,Electric_Fan,cur_current,0,31.15,44,1012
2026-02-05 13:40:00,Electric_Fan,cur_power,0,31.15,44,1012
2026-02-05 13:40:00,Electric_Fan,cur_voltage,2307,31.15,44,1012
2026-02-05 13:40:00,Electric_Fan,voltage_coe,558,31.15,44,1012
2026-02-05 13:40:00,Electric_Fan,electric_coe,29647,31.15,44,1012
2026-02-05 13:40:00,Electric_Fan,power_coe,15912,31.15,44,1012
2026-02-05 13:40:00,Electric_Fan,electricity_coe,2620,31.15,44,1012
2026-02-05 13:40:00,Electric_Fan,fault,0,31.15,44,1012
2026-02-05 13:40:00,Electric_Fan,relay_status,last,31.15,44,1012
2026-02-05 13:40:00,Electric_Fan,overcharge_switch,False,31.15,44,1012
2026-02-05 13:40:00,Electric_Fan,light_mode,relay,31.15,44,1012
2026-02-05 13:40:00,Electric_Fan,child_lock,False,31.15,44,1012
2026-02-05 13:40:00,Electric_Fan,cycle_time,,31.15,44,1012
2026-02-05 13:40:00,Electric_Fan,random_time,,31.15,44,1012
2026-02-05 13:40:00,Electric_Fan,switch_inching,,31.15,44,1012
2026-02-05 13:50:00,Aircon,switch_1,True,30.55,51,1012
2026-02-05 13:50:00,Aircon,countdown_1,0,30.55,51,1012
2026-02-05 13:50:00,Aircon,add_ele,80,30.55,51,1012
2026-02-05 13:50:00,Aircon,cur_current,0,30.55,51,1012
2026-02-05 13:50:00,Aircon,cur_power,0,30.55,51,1012
2026-02-05 13:50:00,Aircon,cur_voltage,2335,30.55,51,1012
2026-02-05 13:50:00,Aircon,voltage_coe,567,30.55,51,1012
2026-02-05 13:50:00,Aircon,electric_coe,29676,30.55,51,1012
2026-02-05 13:50:00,Aircon,power_coe,15976,30.55,51,1012
2026-02-05 13:50:00,Aircon,electricity_coe,2610,30.55,51,1012
2026-02-05 13:50:00,Aircon,fault,0,30.55,51,1012
2026-02-05 13:50:00,Aircon,relay_status,last,30.55,51,1012
2026-02-05 13:50:00,Aircon,overcharge_switch,False,30.55,51,1012
2026-02-05 13:50:00,Aircon,light_mode,relay,30.55,51,1012
2026-02-05 13:50:00,Aircon,child_lock,False,30.55,51,1012
2026-02-05 13:50:00,Aircon,cycle_time,,30.55,51,1012
2026-02-05 13:50:00,Aircon,random_time,,30.55,51,1012
2026-02-05 13:50:00,Aircon,switch_inching,,30.55,51,1012
2026-02-05 13:50:00,Refrigerator,switch_1,True,30.55,51,1012
2026-02-05 13:50:00,Refrigerator,countdown_1,0,30.55,51,1012
2026-02-05 13:50:00,Refrigerator,add_ele,58,30.55,51,1012
2026-02-05 13:50:00,Refrigerator,cur_current,0,30.55,51,1012
2026-02-05 13:50:00,Refrigerator,cur_power,0,30.55,51,1012
2026-02-05 13:50:00,Refrigerator,cur_voltage,2316,30.55,51,1012
2026-02-05 13:50:00,Refrigerator,voltage_coe,559,30.55,51,1012
2026-02-05 13:50:00,Refrigerator,electric_coe,30058,30.55,51,1012
2026-02-05 13:50:00,Refrigerator,power_coe,15968,30.55,51,1012
2026-02-05 13:50:00,Refrigerator,electricity_coe,2610,30.55,51,1012
2026-02-05 13:50:00,Refrigerator,fault,0,30.55,51,1012
2026-02-05 13:50:00,Refrigerator,relay_status,last,30.55,51,1012
2026-02-05 13:50:00,Refrigerator,overcharge_switch,False,30.55,51,1012
2026-02-05 13:50:00,Refrigerator,light_mode,relay,30.55,51,1012
2026-02-05 13:50:00,Refrigerator,child_lock,False,30.55,51,1012
2026-02-05 13:50:00,Refrigerator,cycle_time,,30.55,51,1012
2026-02-05 13:50:00,Refrigerator,random_time,,30.55,51,1012
2026-02-05 13:50:00,Refrigerator,switch_inching,,30.55,51,1012
2026-02-05 13:50:00,Electric_Fan,switch_1,True,30.55,51,1012
2026-02-05 13:50:00,Electric_Fan,countdown_1,0,30.55,51,1012
2026-02-05 13:50:00,Electric_Fan,add_ele,14,30.55,51,1012
2026-02-05 13:50:00,Electric_Fan,cur_current,0,30.55,51,1012
2026-02-05 13:50:00,Electric_Fan,cur_power,0,30.55,51,1012
2026-02-05 13:50:00,Electric_Fan,cur_voltage,2307,30.55,51,1012
2026-02-05 13:50:00,Electric_Fan,voltage_coe,558,30.55,51,1012
2026-02-05 13:50:00,Electric_Fan,electric_coe,29647,30.55,51,1012
2026-02-05 13:50:00,Electric_Fan,power_coe,15912,30.55,51,1012
2026-02-05 13:50:00,Electric_Fan,electricity_coe,2620,30.55,51,1012
2026-02-05 13:50:00,Electric_Fan,fault,0,30.55,51,1012
2026-02-05 13:50:00,Electric_Fan,relay_status,last,30.55,51,1012
2026-02-05 13:50:00,Electric_Fan,overcharge_switch,False,30.55,51,1012
2026-02-05 13:50:00,Electric_Fan,light_mode,relay,30.55,51,1012
2026-02-05 13:50:00,Electric_Fan,child_lock,False,30.55,51,1012
2026-02-05 13:50:00,Electric_Fan,cycle_time,,30.55,51,1012
2026-02-05 13:50:00,Electric_Fan,random_time,,30.55,51,1012
2026-02-05 13:50:00,Electric_Fan,switch_inching,,30.55,51,1012
2026-02-05 14:00:00,Aircon,switch_1,True,30.86,52,1012
2026-02-05 14:00:00,Aircon,countdown_1,0,30.86,52,1012
2026-02-05 14:00:00,Aircon,add_ele,80,30.86,52,1012
2026-02-05 14:00:00,Aircon,cur_current,0,30.86,52,1012
2026-02-05 14:00:00,Aircon,cur_power,0,30.86,52,1012
2026-02-05 14:00:00,Aircon,cur_voltage,2335,30.86,52,1012
2026-02-05 14:00:00,Aircon,voltage_coe,567,30.86,52,1012
2026-02-05 14:00:00,Aircon,electric_coe,29676,30.86,52,1012
2026-02-05 14:00:00,Aircon,power_coe,15976,30.86,52,1012
2026-02-05 14:00:00,Aircon,electricity_coe,2610,30.86,52,1012
2026-02-05 14:00:00,Aircon,fault,0,30.86,52,1012
2026-02-05 14:00:00,Aircon,relay_status,last,30.86,52,1012
2026-02-05 14:00:00,Aircon,overcharge_switch,False,30.86,52,1012
2026-02-05 14:00:00,Aircon,light_mode,relay,30.86,52,1012
2026-02-05 14:00:00,Aircon,child_lock,False,30.86,52,1012
2026-02-05 14:00:00,Aircon,cycle_time,,30.86,52,1012
2026-02-05 14:00:00,Aircon,random_time,,30.86,52,1012
2026-02-05 14:00:00,Aircon,switch_inching,,30.86,52,1012
2026-02-05 14:00:00,Refrigerator,switch_1,True,30.86,52,1012
2026-02-05 14:00:00,Refrigerator,countdown_1,0,30.86,52,1012
2026-02-05 14:00:00,Refrigerator,add_ele,23,30.86,52,1012
2026-02-05 14:00:00,Refrigerator,cur_current,0,30.86,52,1012
2026-02-05 14:00:00,Refrigerator,cur_power,0,30.86,52,1012
2026-02-05 14:00:00,Refrigerator,cur_voltage,2316,30.86,52,1012
2026-02-05 14:00:00,Refrigerator,voltage_coe,559,30.86,52,1012
2026-02-05 14:00:00,Refrigerator,electric_coe,30058,30.86,52,1012
2026-02-05 14:00:00,Refrigerator,power_coe,15968,30.86,52,1012
2026-02-05 14:00:00,Refrigerator,electricity_coe,2610,30.86,52,1012
2026-02-05 14:00:00,Refrigerator,fault,0,30.86,52,1012
2026-02-05 14:00:00,Refrigerator,relay_status,last,30.86,52,1012
2026-02-05 14:00:00,Refrigerator,overcharge_switch,False,30.86,52,1012
2026-02-05 14:00:00,Refrigerator,light_mode,relay,30.86,52,1012
2026-02-05 14:00:00,Refrigerator,child_lock,False,30.86,52,1012
2026-02-05 14:00:00,Refrigerator,cycle_time,,30.86,52,1012
2026-02-05 14:00:00,Refrigerator,random_time,,30.86,52,1012
2026-02-05 14:00:00,Refrigerator,switch_inching,,30.86,52,1012
2026-02-05 14:00:00,Electric_Fan,switch_1,True,30.86,52,1012
2026-02-05 14:00:00,Electric_Fan,countdown_1,0,30.86,52,1012
2026-02-05 14:00:00,Electric_Fan,add_ele,14,30.86,52,1012
2026-02-05 14:00:00,Electric_Fan,cur_current,0,30.86,52,1012
2026-02-05 14:00:00,Electric_Fan,cur_power,0,30.86,52,1012
2026-02-05 14:00:00,Electric_Fan,cur_voltage,2307,30.86,52,1012
2026-02-05 14:00:00,Electric_Fan,voltage_coe,558,30.86,52,1012
2026-02-05 14:00:00,Electric_Fan,electric_coe,29647,30.86,52,1012
2026-02-05 14:00:00,Electric_Fan,power_coe,15912,30.86,52,1012
2026-02-05 14:00:00,Electric_Fan,electricity_coe,2620,30.86,52,1012
2026-02-05 14:00:00,Electric_Fan,fault,0,30.86,52,1012
2026-02-05 14:00:00,Electric_Fan,relay_status,last,30.86,52,1012
2026-02-05 14:00:00,Electric_Fan,overcharge_switch,False,30.86,52,1012
2026-02-05 14:00:00,Electric_Fan,light_mode,relay,30.86,52,1012
2026-02-05 14:00:00,Electric_Fan,child_lock,False,30.86,52,1012
2026-02-05 14:00:00,Electric_Fan,cycle_time,,30.86,52,1012
2026-02-05 14:00:00,Electric_Fan,random_time,,30.86,52,1012
2026-02-05 14:00:00,Electric_Fan,switch_inching,,30.86,52,1012
2026-02-05 14:10:00,Aircon,switch_1,True,30.69,52,1012
2026-02-05 14:10:00,Aircon,countdown_1,0,30.69,52,1012
2026-02-05 14:10:00,Aircon,add_ele,80,30.69,52,1012
2026-02-05 14:10:00,Aircon,cur_current,0,30.69,52,1012
2026-02-05 14:10:00,Aircon,cur_power,0,30.69,52,1012
2026-02-05 14:10:00,Aircon,cur_voltage,2335,30.69,52,1012
2026-02-05 14:10:00,Aircon,voltage_coe,567,30.69,52,1012
2026-02-05 14:10:00,Aircon,electric_coe,29676,30.69,52,1012
2026-02-05 14:10:00,Aircon,power_coe,15976,30.69,52,1012
2026-02-05 14:10:00,Aircon,electricity_coe,2610,30.69,52,1012
2026-02-05 14:10:00,Aircon,fault,0,30.69,52,1012
2026-02-05 14:10:00,Aircon,relay_status,last,30.69,52,1012
2026-02-05 14:10:00,Aircon,overcharge_switch,False,30.69,52,1012
2026-02-05 14:10:00,Aircon,light_mode,relay,30.69,52,1012
2026-02-05 14:10:00,Aircon,child_lock,False,30.69,52,1012
2026-02-05 14:10:00,Aircon,cycle_time,,30.69,52,1012
2026-02-05 14:10:00,Aircon,random_time,,30.69,52,1012
2026-02-05 14:10:00,Aircon,switch_inching,,30.69,52,1012
2026-02-05 14:10:00,Refrigerator,switch_1,True,30.69,52,1012
2026-02-05 14:10:00,Refrigerator,countdown_1,0,30.69,52,1012
2026-02-05 14:10:00,Refrigerator,add_ele,23,30.69,52,1012
2026-02-05 14:10:00,Refrigerator,cur_current,0,30.69,52,1012
2026-02-05 14:10:00,Refrigerator,cur_power,0,30.69,52,1012
2026-02-05 14:10:00,Refrigerator,cur_voltage,2316,30.69,52,1012
2026-02-05 14:10:00,Refrigerator,voltage_coe,559,30.69,52,1012
2026-02-05 14:10:00,Refrigerator,electric_coe,30058,30.69,52,1012
2026-02-05 14:10:00,Refrigerator,power_coe,15968,30.69,52,1012
2026-02-05 14:10:00,Refrigerator,electricity_coe,2610,30.69,52,1012
2026-02-05 14:10:00,Refrigerator,fault,0,30.69,52,1012
2026-02-05 14:10:00,Refrigerator,relay_status,last,30.69,52,1012
2026-02-05 14:10:00,Refrigerator,overcharge_switch,False,30.69,52,1012
2026-02-05 14:10:00,Refrigerator,light_mode,relay,30.69,52,1012
2026-02-05 14:10:00,Refrigerator,child_lock,False,30.69,52,1012
2026-02-05 14:10:00,Refrigerator,cycle_time,,30.69,52,1012
2026-02-05 14:10:00,Refrigerator,random_time,,30.69,52,1012
2026-02-05 14:10:00,Refrigerator,switch_inching,,30.69,52,1012
2026-02-05 14:10:00,Electric_Fan,switch_1,True,30.69,52,1012
2026-02-05 14:10:00,Electric_Fan,countdown_1,0,30.69,52,1012
2026-02-05 14:10:00,Electric_Fan,add_ele,14,30.69,52,1012
2026-02-05 14:10:00,Electric_Fan,cur_current,0,30.69,52,1012
2026-02-05 14:10:00,Electric_Fan,cur_power,0,30.69,52,1012
2026-02-05 14:10:00,Electric_Fan,cur_voltage,2307,30.69,52,1012
2026-02-05 14:10:00,Electric_Fan,voltage_coe,558,30.69,52,1012
2026-02-05 14:10:00,Electric_Fan,electric_coe,29647,30.69,52,1012
2026-02-05 14:10:00,Electric_Fan,power_coe,15912,30.69,52,1012
2026-02-05 14:10:00,Electric_Fan,electricity_coe,2620,30.69,52,1012
2026-02-05 14:10:00,Electric_Fan,fault,0,30.69,52,1012
2026-02-05 14:10:00,Electric_Fan,relay_status,last,30.69,52,1012
2026-02-05 14:10:00,Electric_Fan,overcharge_switch,False,30.69,52,1012
2026-02-05 14:10:00,Electric_Fan,light_mode,relay,30.69,52,1012
2026-02-05 14:10:00,Electric_Fan,child_lock,False,30.69,52,1012
2026-02-05 14:10:00,Electric_Fan,cycle_time,,30.69,52,1012
2026-02-05 14:10:00,Electric_Fan,random_time,,30.69,52,1012
2026-02-05 14:10:00,Electric_Fan,switch_inching,,30.69,52,1012
2026-02-05 14:20:00,Aircon,switch_1,True,30.1,52,1012
2026-02-05 14:20:00,Aircon,countdown_1,0,30.1,52,1012
2026-02-05 14:20:00,Aircon,add_ele,80,30.1,52,1012
2026-02-05 14:20:00,Aircon,cur_current,0,30.1,52,1012
2026-02-05 14:20:00,Aircon,cur_power,0,30.1,52,1012
2026-02-05 14:20:00,Aircon,cur_voltage,2335,30.1,52,1012
2026-02-05 14:20:00,Aircon,voltage_coe,567,30.1,52,1012
2026-02-05 14:20:00,Aircon,electric_coe,29676,30.1,52,1012
2026-02-05 14:20:00,Aircon,power_coe,15976,30.1,52,1012
2026-02-05 14:20:00,Aircon,electricity_coe,2610,30.1,52,1012
2026-02-05 14:20:00,Aircon,fault,0,30.1,52,1012
2026-02-05 14:20:00,Aircon,relay_status,last,30.1,52,1012
2026-02-05 14:20:00,Aircon,overcharge_switch,False,30.1,52,1012
2026-02-05 14:20:00,Aircon,light_mode,relay,30.1,52,1012
2026-02-05 14:20:00,Aircon,child_lock,False,30.1,52,1012
2026-02-05 14:20:00,Aircon,cycle_time,,30.1,52,1012
2026-02-05 14:20:00,Aircon,random_time,,30.1,52,1012
2026-02-05 14:20:00,Aircon,switch_inching,,30.1,52,1012
2026-02-05 14:20:00,Refrigerator,switch_1,True,30.1,52,1012
2026-02-05 14:20:00,Refrigerator,countdown_1,0,30.1,52,1012
2026-02-05 14:20:00,Refrigerator,add_ele,23,30.1,52,1012
2026-02-05 14:20:00,Refrigerator,cur_current,1106,30.1,52,1012
2026-02-05 14:20:00,Refrigerator,cur_power,1807,30.1,52,1012
2026-02-05 14:20:00,Refrigerator,cur_voltage,2298,30.1,52,1012
2026-02-05 14:20:00,Refrigerator,voltage_coe,559,30.1,52,1012
2026-02-05 14:20:00,Refrigerator,electric_coe,30058,30.1,52,1012
2026-02-05 14:20:00,Refrigerator,power_coe,15968,30.1,52,1012
2026-02-05 14:20:00,Refrigerator,electricity_coe,2610,30.1,52,1012
2026-02-05 14:20:00,Refrigerator,fault,0,30.1,52,1012
2026-02-05 14:20:00,Refrigerator,relay_status,last,30.1,52,1012
2026-02-05 14:20:00,Refrigerator,overcharge_switch,False,30.1,52,1012
2026-02-05 14:20:00,Refrigerator,light_mode,relay,30.1,52,1012
2026-02-05 14:20:00,Refrigerator,child_lock,False,30.1,52,1012
2026-02-05 14:20:00,Refrigerator,cycle_time,,30.1,52,1012
2026-02-05 14:20:00,Refrigerator,random_time,,30.1,52,1012
2026-02-05 14:20:00,Refrigerator,switch_inching,,30.1,52,1012
2026-02-05 14:20:00,Electric_Fan,switch_1,True,30.1,52,1012
2026-02-05 14:20:00,Electric_Fan,countdown_1,0,30.1,52,1012
2026-02-05 14:20:00,Electric_Fan,add_ele,14,30.1,52,1012
2026-02-05 14:20:00,Electric_Fan,cur_current,0,30.1,52,1012
2026-02-05 14:20:00,Electric_Fan,cur_power,0,30.1,52,1012
2026-02-05 14:20:00,Electric_Fan,cur_voltage,2307,30.1,52,1012
2026-02-05 14:20:00,Electric_Fan,voltage_coe,558,30.1,52,1012
2026-02-05 14:20:00,Electric_Fan,electric_coe,29647,30.1,52,1012
2026-02-05 14:20:00,Electric_Fan,power_coe,15912,30.1,52,1012
2026-02-05 14:20:00,Electric_Fan,electricity_coe,2620,30.1,52,1012
2026-02-05 14:20:00,Electric_Fan,fault,0,30.1,52,1012
2026-02-05 14:20:00,Electric_Fan,relay_status,last,30.1,52,1012
2026-02-05 14:20:00,Electric_Fan,overcharge_switch,False,30.1,52,1012
2026-02-05 14:20:00,Electric_Fan,light_mode,relay,30.1,52,1012
2026-02-05 14:20:00,Electric_Fan,child_lock,False,30.1,52,1012
2026-02-05 14:20:00,Electric_Fan,cycle_time,,30.1,52,1012
2026-02-05 14:20:00,Electric_Fan,random_time,,30.1,52,1012
2026-02-05 14:20:00,Electric_Fan,switch_inching,,30.1,52,1012
2026-02-05 14:30:00,Aircon,switch_1,True,30.1,52,1012
2026-02-05 14:30:00,Aircon,countdown_1,0,30.1,52,1012
2026-02-05 14:30:00,Aircon,add_ele,80,30.1,52,1012
2026-02-05 14:30:00,Aircon,cur_current,0,30.1,52,1012
2026-02-05 14:30:00,Aircon,cur_power,0,30.1,52,1012
2026-02-05 14:30:00,Aircon,cur_voltage,2335,30.1,52,1012
2026-02-05 14:30:00,Aircon,voltage_coe,567,30.1,52,1012
2026-02-05 14:30:00,Aircon,electric_coe,29676,30.1,52,1012
2026-02-05 14:30:00,Aircon,power_coe,15976,30.1,52,1012
2026-02-05 14:30:00,Aircon,electricity_coe,2610,30.1,52,1012
2026-02-05 14:30:00,Aircon,fault,0,30.1,52,1012
2026-02-05 14:30:00,Aircon,relay_status,last,30.1,52,1012
2026-02-05 14:30:00,Aircon,overcharge_switch,False,30.1,52,1012
2026-02-05 14:30:00,Aircon,light_mode,relay,30.1,52,1012
2026-02-05 14:30:00,Aircon,child_lock,False,30.1,52,1012
2026-02-05 14:30:00,Aircon,cycle_time,,30.1,52,1012
2026-02-05 14:30:00,Aircon,random_time,,30.1,52,1012
2026-02-05 14:30:00,Aircon,switch_inching,,30.1,52,1012
2026-02-05 14:30:00,Refrigerator,switch_1,True,30.1,52,1012
2026-02-05 14:30:00,Refrigerator,countdown_1,0,30.1,52,1012
2026-02-05 14:30:00,Refrigerator,add_ele,32,30.1,52,1012
2026-02-05 14:30:00,Refrigerator,cur_current,1106,30.1,52,1012
2026-02-05 14:30:00,Refrigerator,cur_power,1807,30.1,52,1012
2026-02-05 14:30:00,Refrigerator,cur_voltage,2298,30.1,52,1012
2026-02-05 14:30:00,Refrigerator,voltage_coe,559,30.1,52,1012
2026-02-05 14:30:00,Refrigerator,electric_coe,30058,30.1,52,1012
2026-02-05 14:30:00,Refrigerator,power_coe,15968,30.1,52,1012
2026-02-05 14:30:00,Refrigerator,electricity_coe,2610,30.1,52,1012
2026-02-05 14:30:00,Refrigerator,fault,0,30.1,52,1012
2026-02-05 14:30:00,Refrigerator,relay_status,last,30.1,52,1012
2026-02-05 14:30:00,Refrigerator,overcharge_switch,False,30.1,52,1012
2026-02-05 14:30:00,Refrigerator,light_mode,relay,30.1,52,1012
2026-02-05 14:30:00,Refrigerator,child_lock,False,30.1,52,1012
2026-02-05 14:30:00,Refrigerator,cycle_time,,30.1,52,1012
2026-02-05 14:30:00,Refrigerator,random_time,,30.1,52,1012
2026-02-05 14:30:00,Refrigerator,switch_inching,,30.1,52,1012
2026-02-05 14:30:00,Electric_Fan,switch_1,True,30.1,52,1012
2026-02-05 14:30:00,Electric_Fan,countdown_1,0,30.1,52,1012
2026-02-05 14:30:00,Electric_Fan,add_ele,14,30.1,52,1012
2026-02-05 14:30:00,Electric_Fan,cur_current,0,30.1,52,1012
2026-02-05 14:30:00,Electric_Fan,cur_power,0,30.1,52,1012
2026-02-05 14:30:00,Electric_Fan,cur_voltage,2307,30.1,52,1012
2026-02-05 14:30:00,Electric_Fan,voltage_coe,558,30.1,52,1012
2026-02-05 14:30:00,Electric_Fan,electric_coe,29647,30.1,52,1012
2026-02-05 14:30:00,Electric_Fan,power_coe,15912,30.1,52,1012
2026-02-05 14:30:00,Electric_Fan,electricity_coe,2620,30.1,52,1012
2026-02-05 14:30:00,Electric_Fan,fault,0,30.1,52,1012
2026-02-05 14:30:00,Electric_Fan,relay_status,last,30.1,52,1012
2026-02-05 14:30:00,Electric_Fan,overcharge_switch,False,30.1,52,1012
2026-02-05 14:30:00,Electric_Fan,light_mode,relay,30.1,52,1012
2026-02-05 14:30:00,Electric_Fan,child_lock,False,30.1,52,1012
2026-02-05 14:30:00,Electric_Fan,cycle_time,,30.1,52,1012
2026-02-05 14:30:00,Electric_Fan,random_time,,30.1,52,1012
2026-02-05 14:30:00,Electric_Fan,switch_inching,,30.1,52,1012
2026-02-05 14:40:00,Aircon,switch_1,True,30.18,52,1012
2026-02-05 14:40:00,Aircon,countdown_1,0,30.18,52,1012
2026-02-05 14:40:00,Aircon,add_ele,80,30.18,52,1012
2026-02-05 14:40:00,Aircon,cur_current,0,30.18,52,1012
2026-02-05 14:40:00,Aircon,cur_power,0,30.18,52,1012
2026-02-05 14:40:00,Aircon,cur_voltage,2322,30.18,52,1012
2026-02-05 14:40:00,Aircon,voltage_coe,567,30.18,52,1012
2026-02-05 14:40:00,Aircon,electric_coe,29676,30.18,52,1012
2026-02-05 14:40:00,Aircon,power_coe,15976,30.18,52,1012
2026-02-05 14:40:00,Aircon,electricity_coe,2610,30.18,52,1012
2026-02-05 14:40:00,Aircon,fault,0,30.18,52,1012
2026-02-05 14:40:00,Aircon,relay_status,last,30.18,52,1012
2026-02-05 14:40:00,Aircon,overcharge_switch,False,30.18,52,1012
2026-02-05 14:40:00,Aircon,light_mode,relay,30.18,52,1012
2026-02-05 14:40:00,Aircon,child_lock,False,30.18,52,1012
2026-02-05 14:40:00,Aircon,cycle_time,,30.18,52,1012
2026-02-05 14:40:00,Aircon,random_time,,30.18,52,1012
2026-02-05 14:40:00,Aircon,switch_inching,,30.18,52,1012
2026-02-05 14:40:00,Refrigerator,switch_1,True,30.18,52,1012
2026-02-05 14:40:00,Refrigerator,countdown_1,0,30.18,52,1012
2026-02-05 14:40:00,Refrigerator,add_ele,32,30.18,52,1012
2026-02-05 14:40:00,Refrigerator,cur_current,1106,30.18,52,1012
2026-02-05 14:40:00,Refrigerator,cur_power,1807,30.18,52,1012
2026-02-05 14:40:00,Refrigerator,cur_voltage,2298,30.18,52,1012
2026-02-05 14:40:00,Refrigerator,voltage_coe,559,30.18,52,1012
2026-02-05 14:40:00,Refrigerator,electric_coe,30058,30.18,52,1012
2026-02-05 14:40:00,Refrigerator,power_coe,15968,30.18,52,1012
2026-02-05 14:40:00,Refrigerator,electricity_coe,2610,30.18,52,1012
2026-02-05 14:40:00,Refrigerator,fault,0,30.18,52,1012
2026-02-05 14:40:00,Refrigerator,relay_status,last,30.18,52,1012
2026-02-05 14:40:00,Refrigerator,overcharge_switch,False,30.18,52,1012
2026-02-05 14:40:00,Refrigerator,light_mode,relay,30.18,52,1012
2026-02-05 14:40:00,Refrigerator,child_lock,False,30.18,52,1012
2026-02-05 14:40:00,Refrigerator,cycle_time,,30.18,52,1012
2026-02-05 14:40:00,Refrigerator,random_time,,30.18,52,1012
2026-02-05 14:40:00,Refrigerator,switch_inching,,30.18,52,1012
2026-02-05 14:40:00,Electric_Fan,switch_1,True,30.18,52,1012
2026-02-05 14:40:00,Electric_Fan,countdown_1,0,30.18,52,1012
2026-02-05 14:40:00,Electric_Fan,add_ele,14,30.18,52,1012
2026-02-05 14:40:00,Electric_Fan,cur_current,0,30.18,52,1012
2026-02-05 14:40:00,Electric_Fan,cur_power,0,30.18,52,1012
2026-02-05 14:40:00,Electric_Fan,cur_voltage,2307,30.18,52,1012
2026-02-05 14:40:00,Electric_Fan,voltage_coe,558,30.18,52,1012
2026-02-05 14:40:00,Electric_Fan,electric_coe,29647,30.18,52,1012
2026-02-05 14:40:00,Electric_Fan,power_coe,15912,30.18,52,1012
2026-02-05 14:40:00,Electric_Fan,electricity_coe,2620,30.18,52,1012
2026-02-05 14:40:00,Electric_Fan,fault,0,30.18,52,1012
2026-02-05 14:40:00,Electric_Fan,relay_status,last,30.18,52,1012
2026-02-05 14:40:00,Electric_Fan,overcharge_switch,False,30.18,52,1012
2026-02-05 14:40:00,Electric_Fan,light_mode,relay,30.18,52,1012
2026-02-05 14:40:00,Electric_Fan,child_lock,False,30.18,52,1012
2026-02-05 14:40:00,Electric_Fan,cycle_time,,30.18,52,1012
2026-02-05 14:40:00,Electric_Fan,random_time,,30.18,52,1012
2026-02-05 14:40:00,Electric_Fan,switch_inching,,30.18,52,1012
2026-02-05 14:50:00,Aircon,switch_1,True,30.01,52,1012
2026-02-05 14:50:00,Aircon,countdown_1,0,30.01,52,1012
2026-02-05 14:50:00,Aircon,add_ele,80,30.01,52,1012
2026-02-05 14:50:00,Aircon,cur_current,0,30.01,52,1012
2026-02-05 14:50:00,Aircon,cur_power,0,30.01,52,1012
2026-02-05 14:50:00,Aircon,cur_voltage,2322,30.01,52,1012
2026-02-05 14:50:00,Aircon,voltage_coe,567,30.01,52,1012
2026-02-05 14:50:00,Aircon,electric_coe,29676,30.01,52,1012
2026-02-05 14:50:00,Aircon,power_coe,15976,30.01,52,1012
2026-02-05 14:50:00,Aircon,electricity_coe,2610,30.01,52,1012
2026-02-05 14:50:00,Aircon,fault,0,30.01,52,1012
2026-02-05 14:50:00,Aircon,relay_status,last,30.01,52,1012
2026-02-05 14:50:00,Aircon,overcharge_switch,False,30.01,52,1012
2026-02-05 14:50:00,Aircon,light_mode,relay,30.01,52,1012
2026-02-05 14:50:00,Aircon,child_lock,False,30.01,52,1012
2026-02-05 14:50:00,Aircon,cycle_time,,30.01,52,1012
2026-02-05 14:50:00,Aircon,random_time,,30.01,52,1012
2026-02-05 14:50:00,Aircon,switch_inching,,30.01,52,1012
2026-02-05 14:50:00,Refrigerator,switch_1,True,30.01,52,1012
2026-02-05 14:50:00,Refrigerator,countdown_1,0,30.01,52,1012
2026-02-05 14:50:00,Refrigerator,add_ele,32,30.01,52,1012
2026-02-05 14:50:00,Refrigerator,cur_current,0,30.01,52,1012
2026-02-05 14:50:00,Refrigerator,cur_power,0,30.01,52,1012
2026-02-05 14:50:00,Refrigerator,cur_voltage,2320,30.01,52,1012
2026-02-05 14:50:00,Refrigerator,voltage_coe,559,30.01,52,1012
2026-02-05 14:50:00,Refrigerator,electric_coe,30058,30.01,52,1012
2026-02-05 14:50:00,Refrigerator,power_coe,15968,30.01,52,1012
2026-02-05 14:50:00,Refrigerator,electricity_coe,2610,30.01,52,1012
2026-02-05 14:50:00,Refrigerator,fault,0,30.01,52,1012
2026-02-05 14:50:00,Refrigerator,relay_status,last,30.01,52,1012
2026-02-05 14:50:00,Refrigerator,overcharge_switch,False,30.01,52,1012
2026-02-05 14:50:00,Refrigerator,light_mode,relay,30.01,52,1012
2026-02-05 14:50:00,Refrigerator,child_lock,False,30.01,52,1012
2026-02-05 14:50:00,Refrigerator,cycle_time,,30.01,52,1012
2026-02-05 14:50:00,Refrigerator,random_time,,30.01,52,1012
2026-02-05 14:50:00,Refrigerator,switch_inching,,30.01,52,1012
2026-02-05 14:50:00,Electric_Fan,switch_1,True,30.01,52,1012
2026-02-05 14:50:00,Electric_Fan,countdown_1,0,30.01,52,1012
2026-02-05 14:50:00,Electric_Fan,add_ele,14,30.01,52,1012
2026-02-05 14:50:00,Electric_Fan,cur_current,0,30.01,52,1012
2026-02-05 14:50:00,Electric_Fan,cur_power,0,30.01,52,1012
2026-02-05 14:50:00,Electric_Fan,cur_voltage,2307,30.01,52,1012
2026-02-05 14:50:00,Electric_Fan,voltage_coe,558,30.01,52,1012
2026-02-05 14:50:00,Electric_Fan,electric_coe,29647,30.01,52,1012
2026-02-05 14:50:00,Electric_Fan,power_coe,15912,30.01,52,1012
2026-02-05 14:50:00,Electric_Fan,electricity_coe,2620,30.01,52,1012
2026-02-05 14:50:00,Electric_Fan,fault,0,30.01,52,1012
2026-02-05 14:50:00,Electric_Fan,relay_status,last,30.01,52,1012
2026-02-05 14:50:00,Electric_Fan,overcharge_switch,False,30.01,52,1012
2026-02-05 14:50:00,Electric_Fan,light_mode,relay,30.01,52,1012
2026-02-05 14:50:00,Electric_Fan,child_lock,False,30.01,52,1012
2026-02-05 14:50:00,Electric_Fan,cycle_time,,30.01,52,1012
2026-02-05 14:50:00,Electric_Fan,random_time,,30.01,52,1012
2026-02-05 14:50:00,Electric_Fan,switch_inching,,30.01,52,1012
2026-02-05 15:00:00,Aircon,switch_1,True,30.01,52,1012
2026-02-05 15:00:00,Aircon,countdown_1,0,30.01,52,1012
2026-02-05 15:00:00,Aircon,add_ele,80,30.01,52,1012
2026-02-05 15:00:00,Aircon,cur_current,0,30.01,52,1012
2026-02-05 15:00:00,Aircon,cur_power,0,30.01,52,1012
2026-02-05 15:00:00,Aircon,cur_voltage,2322,30.01,52,1012
2026-02-05 15:00:00,Aircon,voltage_coe,567,30.01,52,1012
2026-02-05 15:00:00,Aircon,electric_coe,29676,30.01,52,1012
2026-02-05 15:00:00,Aircon,power_coe,15976,30.01,52,1012
2026-02-05 15:00:00,Aircon,electricity_coe,2610,30.01,52,1012
2026-02-05 15:00:00,Aircon,fault,0,30.01,52,1012
2026-02-05 15:00:00,Aircon,relay_status,last,30.01,52,1012
2026-02-05 15:00:00,Aircon,overcharge_switch,False,30.01,52,1012
2026-02-05 15:00:00,Aircon,light_mode,relay,30.01,52,1012
2026-02-05 15:00:00,Aircon,child_lock,False,30.01,52,1012
2026-02-05 15:00:00,Aircon,cycle_time,,30.01,52,1012
2026-02-05 15:00:00,Aircon,random_time,,30.01,52,1012
2026-02-05 15:00:00,Aircon,switch_inching,,30.01,52,1012
2026-02-05 15:00:00,Refrigerator,switch_1,True,30.01,52,1012
2026-02-05 15:00:00,Refrigerator,countdown_1,0,30.01,52,1012
2026-02-05 15:00:00,Refrigerator,add_ele,49,30.01,52,1012
2026-02-05 15:00:00,Refrigerator,cur_current,0,30.01,52,1012
2026-02-05 15:00:00,Refrigerator,cur_power,0,30.01,52,1012
2026-02-05 15:00:00,Refrigerator,cur_voltage,2320,30.01,52,1012
2026-02-05 15:00:00,Refrigerator,voltage_coe,559,30.01,52,1012
2026-02-05 15:00:00,Refrigerator,electric_coe,30058,30.01,52,1012
2026-02-05 15:00:00,Refrigerator,power_coe,15968,30.01,52,1012
2026-02-05 15:00:00,Refrigerator,electricity_coe,2610,30.01,52,1012
2026-02-05 15:00:00,Refrigerator,fault,0,30.01,52,1012
2026-02-05 15:00:00,Refrigerator,relay_status,last,30.01,52,1012
2026-02-05 15:00:00,Refrigerator,overcharge_switch,False,30.01,52,1012
2026-02-05 15:00:00,Refrigerator,light_mode,relay,30.01,52,1012
2026-02-05 15:00:00,Refrigerator,child_lock,False,30.01,52,1012
2026-02-05 15:00:00,Refrigerator,cycle_time,,30.01,52,1012
2026-02-05 15:00:00,Refrigerator,random_time,,30.01,52,1012
2026-02-05 15:00:00,Refrigerator,switch_inching,,30.01,52,1012
2026-02-05 15:00:00,Electric_Fan,switch_1,True,30.01,52,1012
2026-02-05 15:00:00,Electric_Fan,countdown_1,0,30.01,52,1012
2026-02-05 15:00:00,Electric_Fan,add_ele,14,30.01,52,1012
2026-02-05 15:00:00,Electric_Fan,cur_current,0,30.01,52,1012
2026-02-05 15:00:00,Electric_Fan,cur_power,0,30.01,52,1012
2026-02-05 15:00:00,Electric_Fan,cur_voltage,2307,30.01,52,1012
2026-02-05 15:00:00,Electric_Fan,voltage_coe,558,30.01,52,1012
2026-02-05 15:00:00,Electric_Fan,electric_coe,29647,30.01,52,1012
2026-02-05 15:00:00,Electric_Fan,power_coe,15912,30.01,52,1012
2026-02-05 15:00:00,Electric_Fan,electricity_coe,2620,30.01,52,1012
2026-02-05 15:00:00,Electric_Fan,fault,0,30.01,52,1012
2026-02-05 15:00:00,Electric_Fan,relay_status,last,30.01,52,1012
2026-02-05 15:00:00,Electric_Fan,overcharge_switch,False,30.01,52,1012
2026-02-05 15:00:00,Electric_Fan,light_mode,relay,30.01,52,1012
2026-02-05 15:00:00,Electric_Fan,child_lock,False,30.01,52,1012
2026-02-05 15:00:00,Electric_Fan,cycle_time,,30.01,52,1012
2026-02-05 15:00:00,Electric_Fan,random_time,,30.01,52,1012
2026-02-05 15:00:00,Electric_Fan,switch_inching,,30.01,52,1012
2026-02-05 15:10:00,Aircon,switch_1,True,30.01,52,1012
2026-02-05 15:10:00,Aircon,countdown_1,0,30.01,52,1012
2026-02-05 15:10:00,Aircon,add_ele,80,30.01,52,1012
2026-02-05 15:10:00,Aircon,cur_current,0,30.01,52,1012
2026-02-05 15:10:00,Aircon,cur_power,0,30.01,52,1012
2026-02-05 15:10:00,Aircon,cur_voltage,2322,30.01,52,1012
2026-02-05 15:10:00,Aircon,voltage_coe,567,30.01,52,1012
2026-02-05 15:10:00,Aircon,electric_coe,29676,30.01,52,1012
2026-02-05 15:10:00,Aircon,power_coe,15976,30.01,52,1012
2026-02-05 15:10:00,Aircon,electricity_coe,2610,30.01,52,1012
2026-02-05 15:10:00,Aircon,fault,0,30.01,52,1012
2026-02-05 15:10:00,Aircon,relay_status,last,30.01,52,1012
2026-02-05 15:10:00,Aircon,overcharge_switch,False,30.01,52,1012
2026-02-05 15:10:00,Aircon,light_mode,relay,30.01,52,1012
2026-02-05 15:10:00,Aircon,child_lock,False,30.01,52,1012
2026-02-05 15:10:00,Aircon,cycle_time,,30.01,52,1012
2026-02-05 15:10:00,Aircon,random_time,,30.01,52,1012
2026-02-05 15:10:00,Aircon,switch_inching,,30.01,52,1012
2026-02-05 15:10:00,Refrigerator,switch_1,True,30.01,52,1012
2026-02-05 15:10:00,Refrigerator,countdown_1,0,30.01,52,1012
2026-02-05 15:10:00,Refrigerator,add_ele,49,30.01,52,1012
2026-02-05 15:10:00,Refrigerator,cur_current,0,30.01,52,1012
2026-02-05 15:10:00,Refrigerator,cur_power,0,30.01,52,1012
2026-02-05 15:10:00,Refrigerator,cur_voltage,2320,30.01,52,1012
2026-02-05 15:10:00,Refrigerator,voltage_coe,559,30.01,52,1012
2026-02-05 15:10:00,Refrigerator,electric_coe,30058,30.01,52,1012
2026-02-05 15:10:00,Refrigerator,power_coe,15968,30.01,52,1012
2026-02-05 15:10:00,Refrigerator,electricity_coe,2610,30.01,52,1012
2026-02-05 15:10:00,Refrigerator,fault,0,30.01,52,1012
2026-02-05 15:10:00,Refrigerator,relay_status,last,30.01,52,1012
2026-02-05 15:10:00,Refrigerator,overcharge_switch,False,30.01,52,1012
2026-02-05 15:10:00,Refrigerator,light_mode,relay,30.01,52,1012
2026-02-05 15:10:00,Refrigerator,child_lock,False,30.01,52,1012
2026-02-05 15:10:00,Refrigerator,cycle_time,,30.01,52,1012
2026-02-05 15:10:00,Refrigerator,random_time,,30.01,52,1012
2026-02-05 15:10:00,Refrigerator,switch_inching,,30.01,52,1012
2026-02-05 15:10:00,Electric_Fan,switch_1,True,30.01,52,1012
2026-02-05 15:10:00,Electric_Fan,countdown_1,0,30.01,52,1012
2026-02-05 15:10:00,Electric_Fan,add_ele,14,30.01,52,1012
2026-02-05 15:10:00,Electric_Fan,cur_current,0,30.01,52,1012
2026-02-05 15:10:00,Electric_Fan,cur_power,0,30.01,52,1012
2026-02-05 15:10:00,Electric_Fan,cur_voltage,2307,30.01,52,1012
2026-02-05 15:10:00,Electric_Fan,voltage_coe,558,30.01,52,1012
2026-02-05 15:10:00,Electric_Fan,electric_coe,29647,30.01,52,1012
2026-02-05 15:10:00,Electric_Fan,power_coe,15912,30.01,52,1012
2026-02-05 15:10:00,Electric_Fan,electricity_coe,2620,30.01,52,1012
2026-02-05 15:10:00,Electric_Fan,fault,0,30.01,52,1012
2026-02-05 15:10:00,Electric_Fan,relay_status,last,30.01,52,1012
2026-02-05 15:10:00,Electric_Fan,overcharge_switch,False,30.01,52,1012
2026-02-05 15:10:00,Electric_Fan,light_mode,relay,30.01,52,1012
2026-02-05 15:10:00,Electric_Fan,child_lock,False,30.01,52,1012
2026-02-05 15:10:00,Electric_Fan,cycle_time,,30.01,52,1012
2026-02-05 15:10:00,Electric_Fan,random_time,,30.01,52,1012
2026-02-05 15:10:00,Electric_Fan,switch_inching,,30.01,52,1012
2026-02-05 15:20:00,Aircon,switch_1,True,30.06,55,1012
2026-02-05 15:20:00,Aircon,countdown_1,0,30.06,55,1012
2026-02-05 15:20:00,Aircon,add_ele,80,30.06,55,1012
2026-02-05 15:20:00,Aircon,cur_current,0,30.06,55,1012
2026-02-05 15:20:00,Aircon,cur_power,0,30.06,55,1012
2026-02-05 15:20:00,Aircon,cur_voltage,2322,30.06,55,1012
2026-02-05 15:20:00,Aircon,voltage_coe,567,30.06,55,1012
2026-02-05 15:20:00,Aircon,electric_coe,29676,30.06,55,1012
2026-02-05 15:20:00,Aircon,power_coe,15976,30.06,55,1012
2026-02-05 15:20:00,Aircon,electricity_coe,2610,30.06,55,1012
2026-02-05 15:20:00,Aircon,fault,0,30.06,55,1012
2026-02-05 15:20:00,Aircon,relay_status,last,30.06,55,1012
2026-02-05 15:20:00,Aircon,overcharge_switch,False,30.06,55,1012
2026-02-05 15:20:00,Aircon,light_mode,relay,30.06,55,1012
2026-02-05 15:20:00,Aircon,child_lock,False,30.06,55,1012
2026-02-05 15:20:00,Aircon,cycle_time,,30.06,55,1012
2026-02-05 15:20:00,Aircon,random_time,,30.06,55,1012
2026-02-05 15:20:00,Aircon,switch_inching,,30.06,55,1012
2026-02-05 15:20:00,Refrigerator,switch_1,True,30.06,55,1012
2026-02-05 15:20:00,Refrigerator,countdown_1,0,30.06,55,1012
2026-02-05 15:20:00,Refrigerator,add_ele,49,30.06,55,1012
2026-02-05 15:20:00,Refrigerator,cur_current,0,30.06,55,1012
2026-02-05 15:20:00,Refrigerator,cur_power,0,30.06,55,1012
2026-02-05 15:20:00,Refrigerator,cur_voltage,2320,30.06,55,1012
2026-02-05 15:20:00,Refrigerator,voltage_coe,559,30.06,55,1012
2026-02-05 15:20:00,Refrigerator,electric_coe,30058,30.06,55,1012
2026-02-05 15:20:00,Refrigerator,power_coe,15968,30.06,55,1012
2026-02-05 15:20:00,Refrigerator,electricity_coe,2610,30.06,55,1012
2026-02-05 15:20:00,Refrigerator,fault,0,30.06,55,1012
2026-02-05 15:20:00,Refrigerator,relay_status,last,30.06,55,1012
2026-02-05 15:20:00,Refrigerator,overcharge_switch,False,30.06,55,1012
2026-02-05 15:20:00,Refrigerator,light_mode,relay,30.06,55,1012
2026-02-05 15:20:00,Refrigerator,child_lock,False,30.06,55,1012
2026-02-05 15:20:00,Refrigerator,cycle_time,,30.06,55,1012
2026-02-05 15:20:00,Refrigerator,random_time,,30.06,55,1012
2026-02-05 15:20:00,Refrigerator,switch_inching,,30.06,55,1012
2026-02-05 15:20:00,Electric_Fan,switch_1,True,30.06,55,1012
2026-02-05 15:20:00,Electric_Fan,countdown_1,0,30.06,55,1012
2026-02-05 15:20:00,Electric_Fan,add_ele,14,30.06,55,1012
2026-02-05 15:20:00,Electric_Fan,cur_current,0,30.06,55,1012
2026-02-05 15:20:00,Electric_Fan,cur_power,0,30.06,55,1012
2026-02-05 15:20:00,Electric_Fan,cur_voltage,2307,30.06,55,1012
2026-02-05 15:20:00,Electric_Fan,voltage_coe,558,30.06,55,1012
2026-02-05 15:20:00,Electric_Fan,electric_coe,29647,30.06,55,1012
2026-02-05 15:20:00,Electric_Fan,power_coe,15912,30.06,55,1012
2026-02-05 15:20:00,Electric_Fan,electricity_coe,2620,30.06,55,1012
2026-02-05 15:20:00,Electric_Fan,fault,0,30.06,55,1012
2026-02-05 15:20:00,Electric_Fan,relay_status,last,30.06,55,1012
2026-02-05 15:20:00,Electric_Fan,overcharge_switch,False,30.06,55,1012
2026-02-05 15:20:00,Electric_Fan,light_mode,relay,30.06,55,1012
2026-02-05 15:20:00,Electric_Fan,child_lock,False,30.06,55,1012
2026-02-05 15:20:00,Electric_Fan,cycle_time,,30.06,55,1012
2026-02-05 15:20:00,Electric_Fan,random_time,,30.06,55,1012
2026-02-05 15:20:00,Electric_Fan,switch_inching,,30.06,55,1012
2026-02-05 15:30:00,Aircon,NO_DATA,,,,
2026-02-05 15:30:00,Refrigerator,NO_DATA,,,,
2026-02-05 15:30:00,Electric_Fan,NO_DATA,,,,
2026-02-05 15:40:00,Aircon,NO_DATA,,29.59,61,1011
2026-02-05 15:40:00,Refrigerator,switch_1,True,29.59,61,1011
2026-02-05 15:40:00,Refrigerator,countdown_1,0,29.59,61,1011
2026-02-05 15:40:00,Refrigerator,add_ele,3,29.59,61,1011
2026-02-05 15:40:00,Refrigerator,cur_current,1111,29.59,61,1011
2026-02-05 15:40:00,Refrigerator,cur_power,1825,29.59,61,1011
2026-02-05 15:40:00,Refrigerator,cur_voltage,2294,29.59,61,1011
2026-02-05 15:40:00,Refrigerator,voltage_coe,559,29.59,61,1011
2026-02-05 15:40:00,Refrigerator,electric_coe,30058,29.59,61,1011
2026-02-05 15:40:00,Refrigerator,power_coe,15968,29.59,61,1011
2026-02-05 15:40:00,Refrigerator,electricity_coe,2610,29.59,61,1011
2026-02-05 15:40:00,Refrigerator,fault,0,29.59,61,1011
2026-02-05 15:40:00,Refrigerator,relay_status,last,29.59,61,1011
2026-02-05 15:40:00,Refrigerator,overcharge_switch,False,29.59,61,1011
2026-02-05 15:40:00,Refrigerator,light_mode,relay,29.59,61,1011
2026-02-05 15:40:00,Refrigerator,child_lock,False,29.59,61,1011
2026-02-05 15:40:00,Refrigerator,cycle_time,,29.59,61,1011
2026-02-05 15:40:00,Refrigerator,random_time,,29.59,61,1011
2026-02-05 15:40:00,Refrigerator,switch_inching,,29.59,61,1011
2026-02-05 15:40:00,Electric_Fan,switch_1,True,29.59,61,1011
2026-02-05 15:40:00,Electric_Fan,countdown_1,0,29.59,61,1011
2026-02-05 15:40:00,Electric_Fan,add_ele,14,29.59,61,1011
2026-02-05 15:40:00,Electric_Fan,cur_current,0,29.59,61,1011
2026-02-05 15:40:00,Electric_Fan,cur_power,0,29.59,61,1011
2026-02-05 15:40:00,Electric_Fan,cur_voltage,2307,29.59,61,1011
2026-02-05 15:40:00,Electric_Fan,voltage_coe,558,29.59,61,1011
2026-02-05 15:40:00,Electric_Fan,electric_coe,29647,29.59,61,1011
2026-02-05 15:40:00,Electric_Fan,power_coe,15912,29.59,61,1011
2026-02-05 15:40:00,Electric_Fan,electricity_coe,2620,29.59,61,1011
2026-02-05 15:40:00,Electric_Fan,fault,0,29.59,61,1011
2026-02-05 15:40:00,Electric_Fan,relay_status,last,29.59,61,1011
2026-02-05 15:40:00,Electric_Fan,overcharge_switch,False,29.59,61,1011
2026-02-05 15:40:00,Electric_Fan,light_mode,relay,29.59,61,1011
2026-02-05 15:40:00,Electric_Fan,child_lock,False,29.59,61,1011
2026-02-05 15:40:00,Electric_Fan,cycle_time,,29.59,61,1011
2026-02-05 15:40:00,Electric_Fan,random_time,,29.59,61,1011
2026-02-05 15:40:00,Electric_Fan,switch_inching,,29.59,61,1011
2026-02-05 15:50:00,Aircon,NO_DATA,,,,
2026-02-05 15:50:00,Refrigerator,NO_DATA,,,,
2026-02-05 15:50:00,Electric_Fan,NO_DATA,,,,
2026-02-05 16:00:00,Aircon,NO_DATA,,,,
2026-02-05 16:00:00,Refrigerator,NO_DATA,,,,
2026-02-05 16:00:00,Electric_Fan,NO_DATA,,,,
2026-02-05 16:10:00,Aircon,NO_DATA,,,,
2026-02-05 16:10:00,Refrigerator,NO_DATA,,,,
2026-02-05 16:10:00,Electric_Fan,NO_DATA,,,,
2026-02-05 16:20:00,Aircon,NO_DATA,,,,
2026-02-05 16:20:00,Refrigerator,NO_DATA,,,,
2026-02-05 16:20:00,Electric_Fan,NO_DATA,,,,
2026-02-05 16:30:00,Aircon,NO_DATA,,,,
2026-02-05 16:30:00,Refrigerator,NO_DATA,,,,
2026-02-05 16:30:00,Electric_Fan,NO_DATA,,,,
2026-02-05 16:40:00,Aircon,NO_DATA,,,,
2026-02-05 16:40:00,Refrigerator,NO_DATA,,,,
2026-02-05 16:40:00,Electric_Fan,NO_DATA,,,,
2026-02-05 16:50:00,Aircon,NO_DATA,,,,
2026-02-05 16:50:00,Refrigerator,NO_DATA,,,,
2026-02-05 16:50:00,Electric_Fan,NO_DATA,,,,
2026-02-05 17:00:00,Aircon,NO_DATA,,,,
2026-02-05 17:00:00,Refrigerator,NO_DATA,,,,
2026-02-05 17:00:00,Electric_Fan,NO_DATA,,,,
