timestamp,device,property,value,temp_C,humidity,pressure
2026-02-03 10:10:00,Aircon,switch_1,True,29.33,56,1017
2026-02-03 10:10:00,Aircon,countdown_1,0,29.33,56,1017
2026-02-03 10:10:00,Aircon,add_ele,27,29.33,56,1017
2026-02-03 10:10:00,Aircon,cur_current,0,29.33,56,1017
2026-02-03 10:10:00,Aircon,cur_power,0,29.33,56,1017
2026-02-03 10:10:00,Aircon,cur_voltage,2344,29.33,56,1017
2026-02-03 10:10:00,Aircon,voltage_coe,567,29.33,56,1017
2026-02-03 10:10:00,Aircon,electric_coe,29676,29.33,56,1017
2026-02-03 10:10:00,Aircon,power_coe,15976,29.33,56,1017
2026-02-03 10:10:00,Aircon,electricity_coe,2610,29.33,56,1017
2026-02-03 10:10:00,Aircon,fault,0,29.33,56,1017
2026-02-03 10:10:00,Aircon,relay_status,last,29.33,56,1017
2026-02-03 10:10:00,Aircon,overcharge_switch,False,29.33,56,1017
2026-02-03 10:10:00,Aircon,light_mode,relay,29.33,56,1017
2026-02-03 10:10:00,Aircon,child_lock,False,29.33,56,1017
2026-02-03 10:10:00,Aircon,cycle_time,,29.33,56,1017
2026-02-03 10:10:00,Aircon,random_time,,29.33,56,1017
2026-02-03 10:10:00,Aircon,switch_inching,,29.33,56,1017
2026-02-03 10:10:00,Refrigerator,switch_1,True,29.33,56,1017
2026-02-03 10:10:00,Refrigerator,countdown_1,0,29.33,56,1017
2026-02-03 10:10:00,Refrigerator,add_ele,1,29.33,56,1017
2026-02-03 10:10:00,Refrigerator,cur_current,1075,29.33,56,1017
2026-02-03 10:10:00,Refrigerator,cur_power,1756,29.33,56,1017
2026-02-03 10:10:00,Refrigerator,cur_voltage,2285,29.33,56,1017
2026-02-03 10:10:00,Refrigerator,voltage_coe,559,29.33,56,1017
2026-02-03 10:10:00,Refrigerator,electric_coe,30058,29.33,56,1017
2026-02-03 10:10:00,Refrigerator,power_coe,15968,29.33,56,1017
2026-02-03 10:10:00,Refrigerator,electricity_coe,2610,29.33,56,1017
2026-02-03 10:10:00,Refrigerator,fault,0,29.33,56,1017
2026-02-03 10:10:00,Refrigerator,relay_status,last,29.33,56,1017
2026-02-03 10:10:00,Refrigerator,overcharge_switch,False,29.33,56,1017
2026-02-03 10:10:00,Refrigerator,light_mode,relay,29.33,56,1017
2026-02-03 10:10:00,Refrigerator,child_lock,False,29.33,56,1017
2026-02-03 10:10:00,Refrigerator,cycle_time,,29.33,56,1017
2026-02-03 10:10:00,Refrigerator,random_time,,29.33,56,1017
2026-02-03 10:10:00,Refrigerator,switch_inching,,29.33,56,1017
2026-02-03 10:10:00,Electric_Fan,switch_1,True,29.33,56,1017
2026-02-03 10:10:00,Electric_Fan,countdown_1,0,29.33,56,1017
2026-02-03 10:10:00,Electric_Fan,add_ele,21,29.33,56,1017
2026-02-03 10:10:00,Electric_Fan,cur_current,0,29.33,56,1017
2026-02-03 10:10:00,Electric_Fan,cur_power,0,29.33,56,1017
2026-02-03 10:10:00,Electric_Fan,cur_voltage,2290,29.33,56,1017
2026-02-03 10:10:00,Electric_Fan,voltage_coe,558,29.33,56,1017
2026-02-03 10:10:00,Electric_Fan,electric_coe,29647,29.33,56,1017
2026-02-03 10:10:00,Electric_Fan,power_coe,15912,29.33,56,1017
2026-02-03 10:10:00,Electric_Fan,electricity_coe,2620,29.33,56,1017
2026-02-03 10:10:00,Electric_Fan,fault,0,29.33,56,1017
2026-02-03 10:10:00,Electric_Fan,relay_status,last,29.33,56,1017
2026-02-03 10:10:00,Electric_Fan,overcharge_switch,False,29.33,56,1017
2026-02-03 10:10:00,Electric_Fan,light_mode,relay,29.33,56,1017
2026-02-03 10:10:00,Electric_Fan,child_lock,False,29.33,56,1017
2026-02-03 10:10:00,Electric_Fan,cycle_time,,29.33,56,1017
2026-02-03 10:10:00,Electric_Fan,random_time,,29.33,56,1017
2026-02-03 10:10:00,Electric_Fan,switch_inching,,29.33,56,1017
2026-02-03 10:20:00,Aircon,switch_1,True,28.97,64,1017
2026-02-03 10:20:00,Aircon,countdown_1,0,28.97,64,1017
2026-02-03 10:20:00,Aircon,add_ele,27,28.97,64,1017
2026-02-03 10:20:00,Aircon,cur_current,0,28.97,64,1017
2026-02-03 10:20:00,Aircon,cur_power,0,28.97,64,1017
2026-02-03 10:20:00,Aircon,cur_voltage,2344,28.97,64,1017
2026-02-03 10:20:00,Aircon,voltage_coe,567,28.97,64,1017
2026-02-03 10:20:00,Aircon,electric_coe,29676,28.97,64,1017
2026-02-03 10:20:00,Aircon,power_coe,15976,28.97,64,1017
2026-02-03 10:20:00,Aircon,electricity_coe,2610,28.97,64,1017
2026-02-03 10:20:00,Aircon,fault,0,28.97,64,1017
2026-02-03 10:20:00,Aircon,relay_status,last,28.97,64,1017
2026-02-03 10:20:00,Aircon,overcharge_switch,False,28.97,64,1017
2026-02-03 10:20:00,Aircon,light_mode,relay,28.97,64,1017
2026-02-03 10:20:00,Aircon,child_lock,False,28.97,64,1017
2026-02-03 10:20:00,Aircon,cycle_time,,28.97,64,1017
2026-02-03 10:20:00,Aircon,random_time,,28.97,64,1017
2026-02-03 10:20:00,Aircon,switch_inching,,28.97,64,1017
2026-02-03 10:20:00,Refrigerator,switch_1,True,28.97,64,1017
2026-02-03 10:20:00,Refrigerator,countdown_1,0,28.97,64,1017
2026-02-03 10:20:00,Refrigerator,add_ele,1,28.97,64,1017
2026-02-03 10:20:00,Refrigerator,cur_current,1075,28.97,64,1017
2026-02-03 10:20:00,Refrigerator,cur_power,1756,28.97,64,1017
2026-02-03 10:20:00,Refrigerator,cur_voltage,2285,28.97,64,1017
2026-02-03 10:20:00,Refrigerator,voltage_coe,559,28.97,64,1017
2026-02-03 10:20:00,Refrigerator,electric_coe,30058,28.97,64,1017
2026-02-03 10:20:00,Refrigerator,power_coe,15968,28.97,64,1017
2026-02-03 10:20:00,Refrigerator,electricity_coe,2610,28.97,64,1017
2026-02-03 10:20:00,Refrigerator,fault,0,28.97,64,1017
2026-02-03 10:20:00,Refrigerator,relay_status,last,28.97,64,1017
2026-02-03 10:20:00,Refrigerator,overcharge_switch,False,28.97,64,1017
2026-02-03 10:20:00,Refrigerator,light_mode,relay,28.97,64,1017
2026-02-03 10:20:00,Refrigerator,child_lock,False,28.97,64,1017
2026-02-03 10:20:00,Refrigerator,cycle_time,,28.97,64,1017
2026-02-03 10:20:00,Refrigerator,random_time,,28.97,64,1017
2026-02-03 10:20:00,Refrigerator,switch_inching,,28.97,64,1017
2026-02-03 10:20:00,Electric_Fan,switch_1,True,28.97,64,1017
2026-02-03 10:20:00,Electric_Fan,countdown_1,0,28.97,64,1017
2026-02-03 10:20:00,Electric_Fan,add_ele,21,28.97,64,1017
2026-02-03 10:20:00,Electric_Fan,cur_current,0,28.97,64,1017
2026-02-03 10:20:00,Electric_Fan,cur_power,0,28.97,64,1017
2026-02-03 10:20:00,Electric_Fan,cur_voltage,2290,28.97,64,1017
2026-02-03 10:20:00,Electric_Fan,voltage_coe,558,28.97,64,1017
2026-02-03 10:20:00,Electric_Fan,electric_coe,29647,28.97,64,1017
2026-02-03 10:20:00,Electric_Fan,power_coe,15912,28.97,64,1017
2026-02-03 10:20:00,Electric_Fan,electricity_coe,2620,28.97,64,1017
2026-02-03 10:20:00,Electric_Fan,fault,0,28.97,64,1017
2026-02-03 10:20:00,Electric_Fan,relay_status,last,28.97,64,1017
2026-02-03 10:20:00,Electric_Fan,overcharge_switch,False,28.97,64,1017
2026-02-03 10:20:00,Electric_Fan,light_mode,relay,28.97,64,1017
2026-02-03 10:20:00,Electric_Fan,child_lock,False,28.97,64,1017
2026-02-03 10:20:00,Electric_Fan,cycle_time,,28.97,64,1017
2026-02-03 10:20:00,Electric_Fan,random_time,,28.97,64,1017
2026-02-03 10:20:00,Electric_Fan,switch_inching,,28.97,64,1017
2026-02-03 10:30:00,Aircon,switch_1,True,28.97,64,1017
2026-02-03 10:30:00,Aircon,countdown_1,0,28.97,64,1017
2026-02-03 10:30:00,Aircon,add_ele,27,28.97,64,1017
2026-02-03 10:30:00,Aircon,cur_current,0,28.97,64,1017
2026-02-03 10:30:00,Aircon,cur_power,0,28.97,64,1017
2026-02-03 10:30:00,Aircon,cur_voltage,2344,28.97,64,1017
2026-02-03 10:30:00,Aircon,voltage_coe,567,28.97,64,1017
2026-02-03 10:30:00,Aircon,electric_coe,29676,28.97,64,1017
2026-02-03 10:30:00,Aircon,power_coe,15976,28.97,64,1017
2026-02-03 10:30:00,Aircon,electricity_coe,2610,28.97,64,1017
2026-02-03 10:30:00,Aircon,fault,0,28.97,64,1017
2026-02-03 10:30:00,Aircon,relay_status,last,28.97,64,1017
2026-02-03 10:30:00,Aircon,overcharge_switch,False,28.97,64,1017
2026-02-03 10:30:00,Aircon,light_mode,relay,28.97,64,1017
2026-02-03 10:30:00,Aircon,child_lock,False,28.97,64,1017
2026-02-03 10:30:00,Aircon,cycle_time,,28.97,64,1017
2026-02-03 10:30:00,Aircon,random_time,,28.97,64,1017
2026-02-03 10:30:00,Aircon,switch_inching,,28.97,64,1017
2026-02-03 10:30:00,Refrigerator,switch_1,True,28.97,64,1017
2026-02-03 10:30:00,Refrigerator,countdown_1,0,28.97,64,1017
2026-02-03 10:30:00,Refrigerator,add_ele,67,28.97,64,1017
2026-02-03 10:30:00,Refrigerator,cur_current,1075,28.97,64,1017
2026-02-03 10:30:00,Refrigerator,cur_power,1756,28.97,64,1017
2026-02-03 10:30:00,Refrigerator,cur_voltage,2285,28.97,64,1017
2026-02-03 10:30:00,Refrigerator,voltage_coe,559,28.97,64,1017
2026-02-03 10:30:00,Refrigerator,electric_coe,30058,28.97,64,1017
2026-02-03 10:30:00,Refrigerator,power_coe,15968,28.97,64,1017
2026-02-03 10:30:00,Refrigerator,electricity_coe,2610,28.97,64,1017
2026-02-03 10:30:00,Refrigerator,fault,0,28.97,64,1017
2026-02-03 10:30:00,Refrigerator,relay_status,last,28.97,64,1017
2026-02-03 10:30:00,Refrigerator,overcharge_switch,False,28.97,64,1017
2026-02-03 10:30:00,Refrigerator,light_mode,relay,28.97,64,1017
2026-02-03 10:30:00,Refrigerator,child_lock,False,28.97,64,1017
2026-02-03 10:30:00,Refrigerator,cycle_time,,28.97,64,1017
2026-02-03 10:30:00,Refrigerator,random_time,,28.97,64,1017
2026-02-03 10:30:00,Refrigerator,switch_inching,,28.97,64,1017
2026-02-03 10:30:00,Electric_Fan,switch_1,True,28.97,64,1017
2026-02-03 10:30:00,Electric_Fan,countdown_1,0,28.97,64,1017
2026-02-03 10:30:00,Electric_Fan,add_ele,21,28.97,64,1017
2026-02-03 10:30:00,Electric_Fan,cur_current,0,28.97,64,1017
2026-02-03 10:30:00,Electric_Fan,cur_power,0,28.97,64,1017
2026-02-03 10:30:00,Electric_Fan,cur_voltage,2290,28.97,64,1017
2026-02-03 10:30:00,Electric_Fan,voltage_coe,558,28.97,64,1017
2026-02-03 10:30:00,Electric_Fan,electric_coe,29647,28.97,64,1017
2026-02-03 10:30:00,Electric_Fan,power_coe,15912,28.97,64,1017
2026-02-03 10:30:00,Electric_Fan,electricity_coe,2620,28.97,64,1017
2026-02-03 10:30:00,Electric_Fan,fault,0,28.97,64,1017
2026-02-03 10:30:00,Electric_Fan,relay_status,last,28.97,64,1017
2026-02-03 10:30:00,Electric_Fan,overcharge_switch,False,28.97,64,1017
2026-02-03 10:30:00,Electric_Fan,light_mode,relay,28.97,64,1017
2026-02-03 10:30:00,Electric_Fan,child_lock,False,28.97,64,1017
2026-02-03 10:30:00,Electric_Fan,cycle_time,,28.97,64,1017
2026-02-03 10:30:00,Electric_Fan,random_time,,28.97,64,1017
2026-02-03 10:30:00,Electric_Fan,switch_inching,,28.97,64,1017
2026-02-03 10:40:01,Aircon,switch_1,True,29.54,61,1017
2026-02-03 10:40:01,Aircon,countdown_1,0,29.54,61,1017
2026-02-03 10:40:01,Aircon,add_ele,27,29.54,61,1017
2026-02-03 10:40:01,Aircon,cur_current,0,29.54,61,1017
2026-02-03 10:40:01,Aircon,cur_power,0,29.54,61,1017
2026-02-03 10:40:01,Aircon,cur_voltage,2366,29.54,61,1017
2026-02-03 10:40:01,Aircon,voltage_coe,567,29.54,61,1017
2026-02-03 10:40:01,Aircon,electric_coe,29676,29.54,61,1017
2026-02-03 10:40:01,Aircon,power_coe,15976,29.54,61,1017
2026-02-03 10:40:01,Aircon,electricity_coe,2610,29.54,61,1017
2026-02-03 10:40:01,Aircon,fault,0,29.54,61,1017
2026-02-03 10:40:01,Aircon,relay_status,last,29.54,61,1017
2026-02-03 10:40:01,Aircon,overcharge_switch,False,29.54,61,1017
2026-02-03 10:40:01,Aircon,light_mode,relay,29.54,61,1017
2026-02-03 10:40:01,Aircon,child_lock,False,29.54,61,1017
2026-02-03 10:40:01,Aircon,cycle_time,,29.54,61,1017
2026-02-03 10:40:01,Aircon,random_time,,29.54,61,1017
2026-02-03 10:40:01,Aircon,switch_inching,,29.54,61,1017
2026-02-03 10:40:01,Refrigerator,switch_1,True,29.54,61,1017
2026-02-03 10:40:01,Refrigerator,countdown_1,0,29.54,61,1017
2026-02-03 10:40:01,Refrigerator,add_ele,67,29.54,61,1017
2026-02-03 10:40:01,Refrigerator,cur_current,0,29.54,61,1017
2026-02-03 10:40:01,Refrigerator,cur_power,0,29.54,61,1017
2026-02-03 10:40:01,Refrigerator,cur_voltage,2365,29.54,61,1017
2026-02-03 10:40:01,Refrigerator,voltage_coe,559,29.54,61,1017
2026-02-03 10:40:01,Refrigerator,electric_coe,30058,29.54,61,1017
2026-02-03 10:40:01,Refrigerator,power_coe,15968,29.54,61,1017
2026-02-03 10:40:01,Refrigerator,electricity_coe,2610,29.54,61,1017
2026-02-03 10:40:01,Refrigerator,fault,0,29.54,61,1017
2026-02-03 10:40:01,Refrigerator,relay_status,last,29.54,61,1017
2026-02-03 10:40:01,Refrigerator,overcharge_switch,False,29.54,61,1017
2026-02-03 10:40:01,Refrigerator,light_mode,relay,29.54,61,1017
2026-02-03 10:40:01,Refrigerator,child_lock,False,29.54,61,1017
2026-02-03 10:40:01,Refrigerator,cycle_time,,29.54,61,1017
2026-02-03 10:40:01,Refrigerator,random_time,,29.54,61,1017
2026-02-03 10:40:01,Refrigerator,switch_inching,,29.54,61,1017
2026-02-03 10:40:01,Electric_Fan,switch_1,True,29.54,61,1017
2026-02-03 10:40:01,Electric_Fan,countdown_1,0,29.54,61,1017
2026-02-03 10:40:01,Electric_Fan,add_ele,21,29.54,61,1017
2026-02-03 10:40:01,Electric_Fan,cur_current,0,29.54,61,1017
2026-02-03 10:40:01,Electric_Fan,cur_power,0,29.54,61,1017
2026-02-03 10:40:01,Electric_Fan,cur_voltage,2290,29.54,61,1017
2026-02-03 10:40:01,Electric_Fan,voltage_coe,558,29.54,61,1017
2026-02-03 10:40:01,Electric_Fan,electric_coe,29647,29.54,61,1017
2026-02-03 10:40:01,Electric_Fan,power_coe,15912,29.54,61,1017
2026-02-03 10:40:01,Electric_Fan,electricity_coe,2620,29.54,61,1017
2026-02-03 10:40:01,Electric_Fan,fault,0,29.54,61,1017
2026-02-03 10:40:01,Electric_Fan,relay_status,last,29.54,61,1017
2026-02-03 10:40:01,Electric_Fan,overcharge_switch,False,29.54,61,1017
2026-02-03 10:40:01,Electric_Fan,light_mode,relay,29.54,61,1017
2026-02-03 10:40:01,Electric_Fan,child_lock,False,29.54,61,1017
2026-02-03 10:40:01,Electric_Fan,cycle_time,,29.54,61,1017
2026-02-03 10:40:01,Electric_Fan,random_time,,29.54,61,1017
2026-02-03 10:40:01,Electric_Fan,switch_inching,,29.54,61,1017
2026-02-03 10:50:00,Aircon,switch_1,True,29.82,62,1017
2026-02-03 10:50:00,Aircon,countdown_1,0,29.82,62,1017
2026-02-03 10:50:00,Aircon,add_ele,27,29.82,62,1017
2026-02-03 10:50:00,Aircon,cur_current,0,29.82,62,1017
2026-02-03 10:50:00,Aircon,cur_power,0,29.82,62,1017
2026-02-03 10:50:00,Aircon,cur_voltage,2366,29.82,62,1017
2026-02-03 10:50:00,Aircon,voltage_coe,567,29.82,62,1017
2026-02-03 10:50:00,Aircon,electric_coe,29676,29.82,62,1017
2026-02-03 10:50:00,Aircon,power_coe,15976,29.82,62,1017
2026-02-03 10:50:00,Aircon,electricity_coe,2610,29.82,62,1017
2026-02-03 10:50:00,Aircon,fault,0,29.82,62,1017
2026-02-03 10:50:00,Aircon,relay_status,last,29.82,62,1017
2026-02-03 10:50:00,Aircon,overcharge_switch,False,29.82,62,1017
2026-02-03 10:50:00,Aircon,light_mode,relay,29.82,62,1017
2026-02-03 10:50:00,Aircon,child_lock,False,29.82,62,1017
2026-02-03 10:50:00,Aircon,cycle_time,,29.82,62,1017
2026-02-03 10:50:00,Aircon,random_time,,29.82,62,1017
2026-02-03 10:50:00,Aircon,switch_inching,,29.82,62,1017
2026-02-03 10:50:00,Refrigerator,switch_1,True,29.82,62,1017
2026-02-03 10:50:00,Refrigerator,countdown_1,0,29.82,62,1017
2026-02-03 10:50:00,Refrigerator,add_ele,67,29.82,62,1017
2026-02-03 10:50:00,Refrigerator,cur_current,0,29.82,62,1017
2026-02-03 10:50:00,Refrigerator,cur_power,0,29.82,62,1017
2026-02-03 10:50:00,Refrigerator,cur_voltage,2365,29.82,62,1017
2026-02-03 10:50:00,Refrigerator,voltage_coe,559,29.82,62,1017
2026-02-03 10:50:00,Refrigerator,electric_coe,30058,29.82,62,1017
2026-02-03 10:50:00,Refrigerator,power_coe,15968,29.82,62,1017
2026-02-03 10:50:00,Refrigerator,electricity_coe,2610,29.82,62,1017
2026-02-03 10:50:00,Refrigerator,fault,0,29.82,62,1017
2026-02-03 10:50:00,Refrigerator,relay_status,last,29.82,62,1017
2026-02-03 10:50:00,Refrigerator,overcharge_switch,False,29.82,62,1017
2026-02-03 10:50:00,Refrigerator,light_mode,relay,29.82,62,1017
2026-02-03 10:50:00,Refrigerator,child_lock,False,29.82,62,1017
2026-02-03 10:50:00,Refrigerator,cycle_time,,29.82,62,1017
2026-02-03 10:50:00,Refrigerator,random_time,,29.82,62,1017
2026-02-03 10:50:00,Refrigerator,switch_inching,,29.82,62,1017
2026-02-03 10:50:00,Electric_Fan,switch_1,True,29.82,62,1017
2026-02-03 10:50:00,Electric_Fan,countdown_1,0,29.82,62,1017
2026-02-03 10:50:00,Electric_Fan,add_ele,21,29.82,62,1017
2026-02-03 10:50:00,Electric_Fan,cur_current,0,29.82,62,1017
2026-02-03 10:50:00,Electric_Fan,cur_power,0,29.82,62,1017
2026-02-03 10:50:00,Electric_Fan,cur_voltage,2290,29.82,62,1017
2026-02-03 10:50:00,Electric_Fan,voltage_coe,558,29.82,62,1017
2026-02-03 10:50:00,Electric_Fan,electric_coe,29647,29.82,62,1017
2026-02-03 10:50:00,Electric_Fan,power_coe,15912,29.82,62,1017
2026-02-03 10:50:00,Electric_Fan,electricity_coe,2620,29.82,62,1017
2026-02-03 10:50:00,Electric_Fan,fault,0,29.82,62,1017
2026-02-03 10:50:00,Electric_Fan,relay_status,last,29.82,62,1017
2026-02-03 10:50:00,Electric_Fan,overcharge_switch,False,29.82,62,1017
2026-02-03 10:50:00,Electric_Fan,light_mode,relay,29.82,62,1017
2026-02-03 10:50:00,Electric_Fan,child_lock,False,29.82,62,1017
2026-02-03 10:50:00,Electric_Fan,cycle_time,,29.82,62,1017
2026-02-03 10:50:00,Electric_Fan,random_time,,29.82,62,1017
2026-02-03 10:50:00,Electric_Fan,switch_inching,,29.82,62,1017
2026-02-03 11:00:00,Aircon,switch_1,True,29.82,61,1017
2026-02-03 11:00:00,Aircon,countdown_1,0,29.82,61,1017
2026-02-03 11:00:00,Aircon,add_ele,27,29.82,61,1017
2026-02-03 11:00:00,Aircon,cur_current,0,29.82,61,1017
2026-02-03 11:00:00,Aircon,cur_power,0,29.82,61,1017
2026-02-03 11:00:00,Aircon,cur_voltage,2366,29.82,61,1017
2026-02-03 11:00:00,Aircon,voltage_coe,567,29.82,61,1017
2026-02-03 11:00:00,Aircon,electric_coe,29676,29.82,61,1017
2026-02-03 11:00:00,Aircon,power_coe,15976,29.82,61,1017
2026-02-03 11:00:00,Aircon,electricity_coe,2610,29.82,61,1017
2026-02-03 11:00:00,Aircon,fault,0,29.82,61,1017
2026-02-03 11:00:00,Aircon,relay_status,last,29.82,61,1017
2026-02-03 11:00:00,Aircon,overcharge_switch,False,29.82,61,1017
2026-02-03 11:00:00,Aircon,light_mode,relay,29.82,61,1017
2026-02-03 11:00:00,Aircon,child_lock,False,29.82,61,1017
2026-02-03 11:00:00,Aircon,cycle_time,,29.82,61,1017
2026-02-03 11:00:00,Aircon,random_time,,29.82,61,1017
2026-02-03 11:00:00,Aircon,switch_inching,,29.82,61,1017
2026-02-03 11:00:00,Refrigerator,switch_1,True,29.82,61,1017
2026-02-03 11:00:00,Refrigerator,countdown_1,0,29.82,61,1017
2026-02-03 11:00:00,Refrigerator,add_ele,21,29.82,61,1017
2026-02-03 11:00:00,Refrigerator,cur_current,0,29.82,61,1017
2026-02-03 11:00:00,Refrigerator,cur_power,0,29.82,61,1017
2026-02-03 11:00:00,Refrigerator,cur_voltage,2365,29.82,61,1017
2026-02-03 11:00:00,Refrigerator,voltage_coe,559,29.82,61,1017
2026-02-03 11:00:00,Refrigerator,electric_coe,30058,29.82,61,1017
2026-02-03 11:00:00,Refrigerator,power_coe,15968,29.82,61,1017
2026-02-03 11:00:00,Refrigerator,electricity_coe,2610,29.82,61,1017
2026-02-03 11:00:00,Refrigerator,fault,0,29.82,61,1017
2026-02-03 11:00:00,Refrigerator,relay_status,last,29.82,61,1017
2026-02-03 11:00:00,Refrigerator,overcharge_switch,False,29.82,61,1017
2026-02-03 11:00:00,Refrigerator,light_mode,relay,29.82,61,1017
2026-02-03 11:00:00,Refrigerator,child_lock,False,29.82,61,1017
2026-02-03 11:00:00,Refrigerator,cycle_time,,29.82,61,1017
2026-02-03 11:00:00,Refrigerator,random_time,,29.82,61,1017
2026-02-03 11:00:00,Refrigerator,switch_inching,,29.82,61,1017
2026-02-03 11:00:00,Electric_Fan,switch_1,True,29.82,61,1017
2026-02-03 11:00:00,Electric_Fan,countdown_1,0,29.82,61,1017
2026-02-03 11:00:00,Electric_Fan,add_ele,21,29.82,61,1017
2026-02-03 11:00:00,Electric_Fan,cur_current,0,29.82,61,1017
2026-02-03 11:00:00,Electric_Fan,cur_power,0,29.82,61,1017
2026-02-03 11:00:00,Electric_Fan,cur_voltage,2290,29.82,61,1017
2026-02-03 11:00:00,Electric_Fan,voltage_coe,558,29.82,61,1017
2026-02-03 11:00:00,Electric_Fan,electric_coe,29647,29.82,61,1017
2026-02-03 11:00:00,Electric_Fan,power_coe,15912,29.82,61,1017
2026-02-03 11:00:00,Electric_Fan,electricity_coe,2620,29.82,61,1017
2026-02-03 11:00:00,Electric_Fan,fault,0,29.82,61,1017
2026-02-03 11:00:00,Electric_Fan,relay_status,last,29.82,61,1017
2026-02-03 11:00:00,Electric_Fan,overcharge_switch,False,29.82,61,1017
2026-02-03 11:00:00,Electric_Fan,light_mode,relay,29.82,61,1017
2026-02-03 11:00:00,Electric_Fan,child_lock,False,29.82,61,1017
2026-02-03 11:00:00,Electric_Fan,cycle_time,,29.82,61,1017
2026-02-03 11:00:00,Electric_Fan,random_time,,29.82,61,1017
2026-02-03 11:00:00,Electric_Fan,switch_inching,,29.82,61,1017
2026-02-03 11:10:00,Aircon,switch_1,True,29.51,61,1017
2026-02-03 11:10:00,Aircon,countdown_1,0,29.51,61,1017
2026-02-03 11:10:00,Aircon,add_ele,27,29.51,61,1017
2026-02-03 11:10:00,Aircon,cur_current,0,29.51,61,1017
2026-02-03 11:10:00,Aircon,cur_power,0,29.51,61,1017
2026-02-03 11:10:00,Aircon,cur_voltage,2366,29.51,61,1017
2026-02-03 11:10:00,Aircon,voltage_coe,567,29.51,61,1017
2026-02-03 11:10:00,Aircon,electric_coe,29676,29.51,61,1017
2026-02-03 11:10:00,Aircon,power_coe,15976,29.51,61,1017
2026-02-03 11:10:00,Aircon,electricity_coe,2610,29.51,61,1017
2026-02-03 11:10:00,Aircon,fault,0,29.51,61,1017
2026-02-03 11:10:00,Aircon,relay_status,last,29.51,61,1017
2026-02-03 11:10:00,Aircon,overcharge_switch,False,29.51,61,1017
2026-02-03 11:10:00,Aircon,light_mode,relay,29.51,61,1017
2026-02-03 11:10:00,Aircon,child_lock,False,29.51,61,1017
2026-02-03 11:10:00,Aircon,cycle_time,,29.51,61,1017
2026-02-03 11:10:00,Aircon,random_time,,29.51,61,1017
2026-02-03 11:10:00,Aircon,switch_inching,,29.51,61,1017
2026-02-03 11:10:00,Refrigerator,switch_1,True,29.51,61,1017
2026-02-03 11:10:00,Refrigerator,countdown_1,0,29.51,61,1017
2026-02-03 11:10:00,Refrigerator,add_ele,21,29.51,61,1017
2026-02-03 11:10:00,Refrigerator,cur_current,0,29.51,61,1017
2026-02-03 11:10:00,Refrigerator,cur_power,0,29.51,61,1017
2026-02-03 11:10:00,Refrigerator,cur_voltage,2365,29.51,61,1017
2026-02-03 11:10:00,Refrigerator,voltage_coe,559,29.51,61,1017
2026-02-03 11:10:00,Refrigerator,electric_coe,30058,29.51,61,1017
2026-02-03 11:10:00,Refrigerator,power_coe,15968,29.51,61,1017
2026-02-03 11:10:00,Refrigerator,electricity_coe,2610,29.51,61,1017
2026-02-03 11:10:00,Refrigerator,fault,0,29.51,61,1017
2026-02-03 11:10:00,Refrigerator,relay_status,last,29.51,61,1017
2026-02-03 11:10:00,Refrigerator,overcharge_switch,False,29.51,61,1017
2026-02-03 11:10:00,Refrigerator,light_mode,relay,29.51,61,1017
2026-02-03 11:10:00,Refrigerator,child_lock,False,29.51,61,1017
2026-02-03 11:10:00,Refrigerator,cycle_time,,29.51,61,1017
2026-02-03 11:10:00,Refrigerator,random_time,,29.51,61,1017
2026-02-03 11:10:00,Refrigerator,switch_inching,,29.51,61,1017
2026-02-03 11:10:00,Electric_Fan,switch_1,True,29.51,61,1017
2026-02-03 11:10:00,Electric_Fan,countdown_1,0,29.51,61,1017
2026-02-03 11:10:00,Electric_Fan,add_ele,21,29.51,61,1017
2026-02-03 11:10:00,Electric_Fan,cur_current,0,29.51,61,1017
2026-02-03 11:10:00,Electric_Fan,cur_power,0,29.51,61,1017
2026-02-03 11:10:00,Electric_Fan,cur_voltage,2290,29.51,61,1017
2026-02-03 11:10:00,Electric_Fan,voltage_coe,558,29.51,61,1017
2026-02-03 11:10:00,Electric_Fan,electric_coe,29647,29.51,61,1017
2026-02-03 11:10:00,Electric_Fan,power_coe,15912,29.51,61,1017
2026-02-03 11:10:00,Electric_Fan,electricity_coe,2620,29.51,61,1017
2026-02-03 11:10:00,Electric_Fan,fault,0,29.51,61,1017
2026-02-03 11:10:00,Electric_Fan,relay_status,last,29.51,61,1017
2026-02-03 11:10:00,Electric_Fan,overcharge_switch,False,29.51,61,1017
2026-02-03 11:10:00,Electric_Fan,light_mode,relay,29.51,61,1017
2026-02-03 11:10:00,Electric_Fan,child_lock,False,29.51,61,1017
2026-02-03 11:10:00,Electric_Fan,cycle_time,,29.51,61,1017
2026-02-03 11:10:00,Electric_Fan,random_time,,29.51,61,1017
2026-02-03 11:10:00,Electric_Fan,switch_inching,,29.51,61,1017
2026-02-03 11:20:00,Aircon,switch_1,True,30.54,59,1017
2026-02-03 11:20:00,Aircon,countdown_1,0,30.54,59,1017
2026-02-03 11:20:00,Aircon,add_ele,27,30.54,59,1017
2026-02-03 11:20:00,Aircon,cur_current,0,30.54,59,1017
2026-02-03 11:20:00,Aircon,cur_power,0,30.54,59,1017
2026-02-03 11:20:00,Aircon,cur_voltage,2366,30.54,59,1017
2026-02-03 11:20:00,Aircon,voltage_coe,567,30.54,59,1017
2026-02-03 11:20:00,Aircon,electric_coe,29676,30.54,59,1017
2026-02-03 11:20:00,Aircon,power_coe,15976,30.54,59,1017
2026-02-03 11:20:00,Aircon,electricity_coe,2610,30.54,59,1017
2026-02-03 11:20:00,Aircon,fault,0,30.54,59,1017
2026-02-03 11:20:00,Aircon,relay_status,last,30.54,59,1017
2026-02-03 11:20:00,Aircon,overcharge_switch,False,30.54,59,1017
2026-02-03 11:20:00,Aircon,light_mode,relay,30.54,59,1017
2026-02-03 11:20:00,Aircon,child_lock,False,30.54,59,1017
2026-02-03 11:20:00,Aircon,cycle_time,,30.54,59,1017
2026-02-03 11:20:00,Aircon,random_time,,30.54,59,1017
2026-02-03 11:20:00,Aircon,switch_inching,,30.54,59,1017
2026-02-03 11:20:00,Refrigerator,switch_1,True,30.54,59,1017
2026-02-03 11:20:00,Refrigerator,countdown_1,0,30.54,59,1017
2026-02-03 11:20:00,Refrigerator,add_ele,21,30.54,59,1017
2026-02-03 11:20:00,Refrigerator,cur_current,1103,30.54,59,1017
2026-02-03 11:20:00,Refrigerator,cur_power,1812,30.54,59,1017
2026-02-03 11:20:00,Refrigerator,cur_voltage,2333,30.54,59,1017
2026-02-03 11:20:00,Refrigerator,voltage_coe,559,30.54,59,1017
2026-02-03 11:20:00,Refrigerator,electric_coe,30058,30.54,59,1017
2026-02-03 11:20:00,Refrigerator,power_coe,15968,30.54,59,1017
2026-02-03 11:20:00,Refrigerator,electricity_coe,2610,30.54,59,1017
2026-02-03 11:20:00,Refrigerator,fault,0,30.54,59,1017
2026-02-03 11:20:00,Refrigerator,relay_status,last,30.54,59,1017
2026-02-03 11:20:00,Refrigerator,overcharge_switch,False,30.54,59,1017
2026-02-03 11:20:00,Refrigerator,light_mode,relay,30.54,59,1017
2026-02-03 11:20:00,Refrigerator,child_lock,False,30.54,59,1017
2026-02-03 11:20:00,Refrigerator,cycle_time,,30.54,59,1017
2026-02-03 11:20:00,Refrigerator,random_time,,30.54,59,1017
2026-02-03 11:20:00,Refrigerator,switch_inching,,30.54,59,1017
2026-02-03 11:20:00,Electric_Fan,switch_1,True,30.54,59,1017
2026-02-03 11:20:00,Electric_Fan,countdown_1,0,30.54,59,1017
2026-02-03 11:20:00,Electric_Fan,add_ele,21,30.54,59,1017
2026-02-03 11:20:00,Electric_Fan,cur_current,0,30.54,59,1017
2026-02-03 11:20:00,Electric_Fan,cur_power,0,30.54,59,1017
2026-02-03 11:20:00,Electric_Fan,cur_voltage,2290,30.54,59,1017
2026-02-03 11:20:00,Electric_Fan,voltage_coe,558,30.54,59,1017
2026-02-03 11:20:00,Electric_Fan,electric_coe,29647,30.54,59,1017
2026-02-03 11:20:00,Electric_Fan,power_coe,15912,30.54,59,1017
2026-02-03 11:20:00,Electric_Fan,electricity_coe,2620,30.54,59,1017
2026-02-03 11:20:00,Electric_Fan,fault,0,30.54,59,1017
2026-02-03 11:20:00,Electric_Fan,relay_status,last,30.54,59,1017
2026-02-03 11:20:00,Electric_Fan,overcharge_switch,False,30.54,59,1017
2026-02-03 11:20:00,Electric_Fan,light_mode,relay,30.54,59,1017
2026-02-03 11:20:00,Electric_Fan,child_lock,False,30.54,59,1017
2026-02-03 11:20:00,Electric_Fan,cycle_time,,30.54,59,1017
2026-02-03 11:20:00,Electric_Fan,random_time,,30.54,59,1017
2026-02-03 11:20:00,Electric_Fan,switch_inching,,30.54,59,1017
2026-02-03 11:30:00,Aircon,switch_1,True,30.63,58,1017
2026-02-03 11:30:00,Aircon,countdown_1,0,30.63,58,1017
2026-02-03 11:30:00,Aircon,add_ele,27,30.63,58,1017
2026-02-03 11:30:00,Aircon,cur_current,0,30.63,58,1017
2026-02-03 11:30:00,Aircon,cur_power,0,30.63,58,1017
2026-02-03 11:30:00,Aircon,cur_voltage,2366,30.63,58,1017
2026-02-03 11:30:00,Aircon,voltage_coe,567,30.63,58,1017
2026-02-03 11:30:00,Aircon,electric_coe,29676,30.63,58,1017
2026-02-03 11:30:00,Aircon,power_coe,15976,30.63,58,1017
2026-02-03 11:30:00,Aircon,electricity_coe,2610,30.63,58,1017
2026-02-03 11:30:00,Aircon,fault,0,30.63,58,1017
2026-02-03 11:30:00,Aircon,relay_status,last,30.63,58,1017
2026-02-03 11:30:00,Aircon,overcharge_switch,False,30.63,58,1017
2026-02-03 11:30:00,Aircon,light_mode,relay,30.63,58,1017
2026-02-03 11:30:00,Aircon,child_lock,False,30.63,58,1017
2026-02-03 11:30:00,Aircon,cycle_time,,30.63,58,1017
2026-02-03 11:30:00,Aircon,random_time,,30.63,58,1017
2026-02-03 11:30:00,Aircon,switch_inching,,30.63,58,1017
2026-02-03 11:30:00,Refrigerator,switch_1,True,30.63,58,1017
2026-02-03 11:30:00,Refrigerator,countdown_1,0,30.63,58,1017
2026-02-03 11:30:00,Refrigerator,add_ele,44,30.63,58,1017
2026-02-03 11:30:00,Refrigerator,cur_current,1103,30.63,58,1017
2026-02-03 11:30:00,Refrigerator,cur_power,1812,30.63,58,1017
2026-02-03 11:30:00,Refrigerator,cur_voltage,2333,30.63,58,1017
2026-02-03 11:30:00,Refrigerator,voltage_coe,559,30.63,58,1017
2026-02-03 11:30:00,Refrigerator,electric_coe,30058,30.63,58,1017
2026-02-03 11:30:00,Refrigerator,power_coe,15968,30.63,58,1017
2026-02-03 11:30:00,Refrigerator,electricity_coe,2610,30.63,58,1017
2026-02-03 11:30:00,Refrigerator,fault,0,30.63,58,1017
2026-02-03 11:30:00,Refrigerator,relay_status,last,30.63,58,1017
2026-02-03 11:30:00,Refrigerator,overcharge_switch,False,30.63,58,1017
2026-02-03 11:30:00,Refrigerator,light_mode,relay,30.63,58,1017
2026-02-03 11:30:00,Refrigerator,child_lock,False,30.63,58,1017
2026-02-03 11:30:00,Refrigerator,cycle_time,,30.63,58,1017
2026-02-03 11:30:00,Refrigerator,random_time,,30.63,58,1017
2026-02-03 11:30:00,Refrigerator,switch_inching,,30.63,58,1017
2026-02-03 11:30:00,Electric_Fan,switch_1,True,30.63,58,1017
2026-02-03 11:30:00,Electric_Fan,countdown_1,0,30.63,58,1017
2026-02-03 11:30:00,Electric_Fan,add_ele,21,30.63,58,1017
2026-02-03 11:30:00,Electric_Fan,cur_current,0,30.63,58,1017
2026-02-03 11:30:00,Electric_Fan,cur_power,0,30.63,58,1017
2026-02-03 11:30:00,Electric_Fan,cur_voltage,2290,30.63,58,1017
2026-02-03 11:30:00,Electric_Fan,voltage_coe,558,30.63,58,1017
2026-02-03 11:30:00,Electric_Fan,electric_coe,29647,30.63,58,1017
2026-02-03 11:30:00,Electric_Fan,power_coe,15912,30.63,58,1017
2026-02-03 11:30:00,Electric_Fan,electricity_coe,2620,30.63,58,1017
2026-02-03 11:30:00,Electric_Fan,fault,0,30.63,58,1017
2026-02-03 11:30:00,Electric_Fan,relay_status,last,30.63,58,1017
2026-02-03 11:30:00,Electric_Fan,overcharge_switch,False,30.63,58,1017
2026-02-03 11:30:00,Electric_Fan,light_mode,relay,30.63,58,1017
2026-02-03 11:30:00,Electric_Fan,child_lock,False,30.63,58,1017
2026-02-03 11:30:00,Electric_Fan,cycle_time,,30.63,58,1017
2026-02-03 11:30:00,Electric_Fan,random_time,,30.63,58,1017
2026-02-03 11:30:00,Electric_Fan,switch_inching,,30.63,58,1017
2026-02-03 11:40:00,Aircon,switch_1,True,30.54,57,1016
2026-02-03 11:40:00,Aircon,countdown_1,0,30.54,57,1016
2026-02-03 11:40:00,Aircon,add_ele,27,30.54,57,1016
2026-02-03 11:40:00,Aircon,cur_current,0,30.54,57,1016
2026-02-03 11:40:00,Aircon,cur_power,0,30.54,57,1016
2026-02-03 11:40:00,Aircon,cur_voltage,2380,30.54,57,1016
2026-02-03 11:40:00,Aircon,voltage_coe,567,30.54,57,1016
2026-02-03 11:40:00,Aircon,electric_coe,29676,30.54,57,1016
2026-02-03 11:40:00,Aircon,power_coe,15976,30.54,57,1016
2026-02-03 11:40:00,Aircon,electricity_coe,2610,30.54,57,1016
2026-02-03 11:40:00,Aircon,fault,0,30.54,57,1016
2026-02-03 11:40:00,Aircon,relay_status,last,30.54,57,1016
2026-02-03 11:40:00,Aircon,overcharge_switch,False,30.54,57,1016
2026-02-03 11:40:00,Aircon,light_mode,relay,30.54,57,1016
2026-02-03 11:40:00,Aircon,child_lock,False,30.54,57,1016
2026-02-03 11:40:00,Aircon,cycle_time,,30.54,57,1016
2026-02-03 11:40:00,Aircon,random_time,,30.54,57,1016
2026-02-03 11:40:00,Aircon,switch_inching,,30.54,57,1016
2026-02-03 11:40:00,Refrigerator,switch_1,True,30.54,57,1016
2026-02-03 11:40:00,Refrigerator,countdown_1,0,30.54,57,1016
2026-02-03 11:40:00,Refrigerator,add_ele,44,30.54,57,1016
2026-02-03 11:40:00,Refrigerator,cur_current,1103,30.54,57,1016
2026-02-03 11:40:00,Refrigerator,cur_power,1812,30.54,57,1016
2026-02-03 11:40:00,Refrigerator,cur_voltage,2333,30.54,57,1016
2026-02-03 11:40:00,Refrigerator,voltage_coe,559,30.54,57,1016
2026-02-03 11:40:00,Refrigerator,electric_coe,30058,30.54,57,1016
2026-02-03 11:40:00,Refrigerator,power_coe,15968,30.54,57,1016
2026-02-03 11:40:00,Refrigerator,electricity_coe,2610,30.54,57,1016
2026-02-03 11:40:00,Refrigerator,fault,0,30.54,57,1016
2026-02-03 11:40:00,Refrigerator,relay_status,last,30.54,57,1016
2026-02-03 11:40:00,Refrigerator,overcharge_switch,False,30.54,57,1016
2026-02-03 11:40:00,Refrigerator,light_mode,relay,30.54,57,1016
2026-02-03 11:40:00,Refrigerator,child_lock,False,30.54,57,1016
2026-02-03 11:40:00,Refrigerator,cycle_time,,30.54,57,1016
2026-02-03 11:40:00,Refrigerator,random_time,,30.54,57,1016
2026-02-03 11:40:00,Refrigerator,switch_inching,,30.54,57,1016
2026-02-03 11:40:00,Electric_Fan,switch_1,True,30.54,57,1016
2026-02-03 11:40:00,Electric_Fan,countdown_1,0,30.54,57,1016
2026-02-03 11:40:00,Electric_Fan,add_ele,21,30.54,57,1016
2026-02-03 11:40:00,Electric_Fan,cur_current,0,30.54,57,1016
2026-02-03 11:40:00,Electric_Fan,cur_power,0,30.54,57,1016
2026-02-03 11:40:00,Electric_Fan,cur_voltage,2290,30.54,57,1016
2026-02-03 11:40:00,Electric_Fan,voltage_coe,558,30.54,57,1016
2026-02-03 11:40:00,Electric_Fan,electric_coe,29647,30.54,57,1016
2026-02-03 11:40:00,Electric_Fan,power_coe,15912,30.54,57,1016
2026-02-03 11:40:00,Electric_Fan,electricity_coe,2620,30.54,57,1016
2026-02-03 11:40:00,Electric_Fan,fault,0,30.54,57,1016
2026-02-03 11:40:00,Electric_Fan,relay_status,last,30.54,57,1016
2026-02-03 11:40:00,Electric_Fan,overcharge_switch,False,30.54,57,1016
2026-02-03 11:40:00,Electric_Fan,light_mode,relay,30.54,57,1016
2026-02-03 11:40:00,Electric_Fan,child_lock,False,30.54,57,1016
2026-02-03 11:40:00,Electric_Fan,cycle_time,,30.54,57,1016
2026-02-03 11:40:00,Electric_Fan,random_time,,30.54,57,1016
2026-02-03 11:40:00,Electric_Fan,switch_inching,,30.54,57,1016
2026-02-03 11:50:00,Aircon,switch_1,True,30.71,56,1016
2026-02-03 11:50:00,Aircon,countdown_1,0,30.71,56,1016
2026-02-03 11:50:00,Aircon,add_ele,27,30.71,56,1016
2026-02-03 11:50:00,Aircon,cur_current,0,30.71,56,1016
2026-02-03 11:50:00,Aircon,cur_power,0,30.71,56,1016
2026-02-03 11:50:00,Aircon,cur_voltage,2380,30.71,56,1016
2026-02-03 11:50:00,Aircon,voltage_coe,567,30.71,56,1016
2026-02-03 11:50:00,Aircon,electric_coe,29676,30.71,56,1016
2026-02-03 11:50:00,Aircon,power_coe,15976,30.71,56,1016
2026-02-03 11:50:00,Aircon,electricity_coe,2610,30.71,56,1016
2026-02-03 11:50:00,Aircon,fault,0,30.71,56,1016
2026-02-03 11:50:00,Aircon,relay_status,last,30.71,56,1016
2026-02-03 11:50:00,Aircon,overcharge_switch,False,30.71,56,1016
2026-02-03 11:50:00,Aircon,light_mode,relay,30.71,56,1016
2026-02-03 11:50:00,Aircon,child_lock,False,30.71,56,1016
2026-02-03 11:50:00,Aircon,cycle_time,,30.71,56,1016
2026-02-03 11:50:00,Aircon,random_time,,30.71,56,1016
2026-02-03 11:50:00,Aircon,switch_inching,,30.71,56,1016
2026-02-03 11:50:00,Refrigerator,switch_1,True,30.71,56,1016
2026-02-03 11:50:00,Refrigerator,countdown_1,0,30.71,56,1016
2026-02-03 11:50:00,Refrigerator,add_ele,44,30.71,56,1016
2026-02-03 11:50:00,Refrigerator,cur_current,1103,30.71,56,1016
2026-02-03 11:50:00,Refrigerator,cur_power,1812,30.71,56,1016
2026-02-03 11:50:00,Refrigerator,cur_voltage,2333,30.71,56,1016
2026-02-03 11:50:00,Refrigerator,voltage_coe,559,30.71,56,1016
2026-02-03 11:50:00,Refrigerator,electric_coe,30058,30.71,56,1016
2026-02-03 11:50:00,Refrigerator,power_coe,15968,30.71,56,1016
2026-02-03 11:50:00,Refrigerator,electricity_coe,2610,30.71,56,1016
2026-02-03 11:50:00,Refrigerator,fault,0,30.71,56,1016
2026-02-03 11:50:00,Refrigerator,relay_status,last,30.71,56,1016
2026-02-03 11:50:00,Refrigerator,overcharge_switch,False,30.71,56,1016
2026-02-03 11:50:00,Refrigerator,light_mode,relay,30.71,56,1016
2026-02-03 11:50:00,Refrigerator,child_lock,False,30.71,56,1016
2026-02-03 11:50:00,Refrigerator,cycle_time,,30.71,56,1016
2026-02-03 11:50:00,Refrigerator,random_time,,30.71,56,1016
2026-02-03 11:50:00,Refrigerator,switch_inching,,30.71,56,1016
2026-02-03 11:50:00,Electric_Fan,switch_1,True,30.71,56,1016
2026-02-03 11:50:00,Electric_Fan,countdown_1,0,30.71,56,1016
2026-02-03 11:50:00,Electric_Fan,add_ele,21,30.71,56,1016
2026-02-03 11:50:00,Electric_Fan,cur_current,0,30.71,56,1016
2026-02-03 11:50:00,Electric_Fan,cur_power,0,30.71,56,1016
2026-02-03 11:50:00,Electric_Fan,cur_voltage,2290,30.71,56,1016
2026-02-03 11:50:00,Electric_Fan,voltage_coe,558,30.71,56,1016
2026-02-03 11:50:00,Electric_Fan,electric_coe,29647,30.71,56,1016
2026-02-03 11:50:00,Electric_Fan,power_coe,15912,30.71,56,1016
2026-02-03 11:50:00,Electric_Fan,electricity_coe,2620,30.71,56,1016
2026-02-03 11:50:00,Electric_Fan,fault,0,30.71,56,1016
2026-02-03 11:50:00,Electric_Fan,relay_status,last,30.71,56,1016
2026-02-03 11:50:00,Electric_Fan,overcharge_switch,False,30.71,56,1016
2026-02-03 11:50:00,Electric_Fan,light_mode,relay,30.71,56,1016
2026-02-03 11:50:00,Electric_Fan,child_lock,False,30.71,56,1016
2026-02-03 11:50:00,Electric_Fan,cycle_time,,30.71,56,1016
2026-02-03 11:50:00,Electric_Fan,random_time,,30.71,56,1016
2026-02-03 11:50:00,Electric_Fan,switch_inching,,30.71,56,1016
2026-02-03 12:00:00,Aircon,switch_1,True,30.54,56,1016
2026-02-03 12:00:00,Aircon,countdown_1,0,30.54,56,1016
2026-02-03 12:00:00,Aircon,add_ele,27,30.54,56,1016
2026-02-03 12:00:00,Aircon,cur_current,0,30.54,56,1016
2026-02-03 12:00:00,Aircon,cur_power,0,30.54,56,1016
2026-02-03 12:00:00,Aircon,cur_voltage,2380,30.54,56,1016
2026-02-03 12:00:00,Aircon,voltage_coe,567,30.54,56,1016
2026-02-03 12:00:00,Aircon,electric_coe,29676,30.54,56,1016
2026-02-03 12:00:00,Aircon,power_coe,15976,30.54,56,1016
2026-02-03 12:00:00,Aircon,electricity_coe,2610,30.54,56,1016
2026-02-03 12:00:00,Aircon,fault,0,30.54,56,1016
2026-02-03 12:00:00,Aircon,relay_status,last,30.54,56,1016
2026-02-03 12:00:00,Aircon,overcharge_switch,False,30.54,56,1016
2026-02-03 12:00:00,Aircon,light_mode,relay,30.54,56,1016
2026-02-03 12:00:00,Aircon,child_lock,False,30.54,56,1016
2026-02-03 12:00:00,Aircon,cycle_time,,30.54,56,1016
2026-02-03 12:00:00,Aircon,random_time,,30.54,56,1016
2026-02-03 12:00:00,Aircon,switch_inching,,30.54,56,1016
2026-02-03 12:00:00,Refrigerator,switch_1,True,30.54,56,1016
2026-02-03 12:00:00,Refrigerator,countdown_1,0,30.54,56,1016
2026-02-03 12:00:00,Refrigerator,add_ele,76,30.54,56,1016
2026-02-03 12:00:00,Refrigerator,cur_current,1103,30.54,56,1016
2026-02-03 12:00:00,Refrigerator,cur_power,1812,30.54,56,1016
2026-02-03 12:00:00,Refrigerator,cur_voltage,2333,30.54,56,1016
2026-02-03 12:00:00,Refrigerator,voltage_coe,559,30.54,56,1016
2026-02-03 12:00:00,Refrigerator,electric_coe,30058,30.54,56,1016
2026-02-03 12:00:00,Refrigerator,power_coe,15968,30.54,56,1016
2026-02-03 12:00:00,Refrigerator,electricity_coe,2610,30.54,56,1016
2026-02-03 12:00:00,Refrigerator,fault,0,30.54,56,1016
2026-02-03 12:00:00,Refrigerator,relay_status,last,30.54,56,1016
2026-02-03 12:00:00,Refrigerator,overcharge_switch,False,30.54,56,1016
2026-02-03 12:00:00,Refrigerator,light_mode,relay,30.54,56,1016
2026-02-03 12:00:00,Refrigerator,child_lock,False,30.54,56,1016
2026-02-03 12:00:00,Refrigerator,cycle_time,,30.54,56,1016
2026-02-03 12:00:00,Refrigerator,random_time,,30.54,56,1016
2026-02-03 12:00:00,Refrigerator,switch_inching,,30.54,56,1016
2026-02-03 12:00:00,Electric_Fan,switch_1,True,30.54,56,1016
2026-02-03 12:00:00,Electric_Fan,countdown_1,0,30.54,56,1016
2026-02-03 12:00:00,Electric_Fan,add_ele,21,30.54,56,1016
2026-02-03 12:00:00,Electric_Fan,cur_current,0,30.54,56,1016
2026-02-03 12:00:00,Electric_Fan,cur_power,0,30.54,56,1016
2026-02-03 12:00:00,Electric_Fan,cur_voltage,2290,30.54,56,1016
2026-02-03 12:00:00,Electric_Fan,voltage_coe,558,30.54,56,1016
2026-02-03 12:00:00,Electric_Fan,electric_coe,29647,30.54,56,1016
2026-02-03 12:00:00,Electric_Fan,power_coe,15912,30.54,56,1016
2026-02-03 12:00:00,Electric_Fan,electricity_coe,2620,30.54,56,1016
2026-02-03 12:00:00,Electric_Fan,fault,0,30.54,56,1016
2026-02-03 12:00:00,Electric_Fan,relay_status,last,30.54,56,1016
2026-02-03 12:00:00,Electric_Fan,overcharge_switch,False,30.54,56,1016
2026-02-03 12:00:00,Electric_Fan,light_mode,relay,30.54,56,1016
2026-02-03 12:00:00,Electric_Fan,child_lock,False,30.54,56,1016
2026-02-03 12:00:00,Electric_Fan,cycle_time,,30.54,56,1016
2026-02-03 12:00:00,Electric_Fan,random_time,,30.54,56,1016
2026-02-03 12:00:00,Electric_Fan,switch_inching,,30.54,56,1016
2026-02-03 12:10:00,Aircon,switch_1,True,31.17,53,1016
2026-02-03 12:10:00,Aircon,countdown_1,0,31.17,53,1016
2026-02-03 12:10:00,Aircon,add_ele,27,31.17,53,1016
2026-02-03 12:10:00,Aircon,cur_current,0,31.17,53,1016
2026-02-03 12:10:00,Aircon,cur_power,0,31.17,53,1016
2026-02-03 12:10:00,Aircon,cur_voltage,2380,31.17,53,1016
2026-02-03 12:10:00,Aircon,voltage_coe,567,31.17,53,1016
2026-02-03 12:10:00,Aircon,electric_coe,29676,31.17,53,1016
2026-02-03 12:10:00,Aircon,power_coe,15976,31.17,53,1016
2026-02-03 12:10:00,Aircon,electricity_coe,2610,31.17,53,1016
2026-02-03 12:10:00,Aircon,fault,0,31.17,53,1016
2026-02-03 12:10:00,Aircon,relay_status,last,31.17,53,1016
2026-02-03 12:10:00,Aircon,overcharge_switch,False,31.17,53,1016
2026-02-03 12:10:00,Aircon,light_mode,relay,31.17,53,1016
2026-02-03 12:10:00,Aircon,child_lock,False,31.17,53,1016
2026-02-03 12:10:00,Aircon,cycle_time,,31.17,53,1016
2026-02-03 12:10:00,Aircon,random_time,,31.17,53,1016
2026-02-03 12:10:00,Aircon,switch_inching,,31.17,53,1016
2026-02-03 12:10:00,Refrigerator,switch_1,True,31.17,53,1016
2026-02-03 12:10:00,Refrigerator,countdown_1,0,31.17,53,1016
2026-02-03 12:10:00,Refrigerator,add_ele,76,31.17,53,1016
2026-02-03 12:10:00,Refrigerator,cur_current,0,31.17,53,1016
2026-02-03 12:10:00,Refrigerator,cur_power,0,31.17,53,1016
2026-02-03 12:10:00,Refrigerator,cur_voltage,2360,31.17,53,1016
2026-02-03 12:10:00,Refrigerator,voltage_coe,559,31.17,53,1016
2026-02-03 12:10:00,Refrigerator,electric_coe,30058,31.17,53,1016
2026-02-03 12:10:00,Refrigerator,power_coe,15968,31.17,53,1016
2026-02-03 12:10:00,Refrigerator,electricity_coe,2610,31.17,53,1016
2026-02-03 12:10:00,Refrigerator,fault,0,31.17,53,1016
2026-02-03 12:10:00,Refrigerator,relay_status,last,31.17,53,1016
2026-02-03 12:10:00,Refrigerator,overcharge_switch,False,31.17,53,1016
2026-02-03 12:10:00,Refrigerator,light_mode,relay,31.17,53,1016
2026-02-03 12:10:00,Refrigerator,child_lock,False,31.17,53,1016
2026-02-03 12:10:00,Refrigerator,cycle_time,,31.17,53,1016
2026-02-03 12:10:00,Refrigerator,random_time,,31.17,53,1016
2026-02-03 12:10:00,Refrigerator,switch_inching,,31.17,53,1016
2026-02-03 12:10:00,Electric_Fan,switch_1,True,31.17,53,1016
2026-02-03 12:10:00,Electric_Fan,countdown_1,0,31.17,53,1016
2026-02-03 12:10:00,Electric_Fan,add_ele,21,31.17,53,1016
2026-02-03 12:10:00,Electric_Fan,cur_current,0,31.17,53,1016
2026-02-03 12:10:00,Electric_Fan,cur_power,0,31.17,53,1016
2026-02-03 12:10:00,Electric_Fan,cur_voltage,2290,31.17,53,1016
2026-02-03 12:10:00,Electric_Fan,voltage_coe,558,31.17,53,1016
2026-02-03 12:10:00,Electric_Fan,electric_coe,29647,31.17,53,1016
2026-02-03 12:10:00,Electric_Fan,power_coe,15912,31.17,53,1016
2026-02-03 12:10:00,Electric_Fan,electricity_coe,2620,31.17,53,1016
2026-02-03 12:10:00,Electric_Fan,fault,0,31.17,53,1016
2026-02-03 12:10:00,Electric_Fan,relay_status,last,31.17,53,1016
2026-02-03 12:10:00,Electric_Fan,overcharge_switch,False,31.17,53,1016
2026-02-03 12:10:00,Electric_Fan,light_mode,relay,31.17,53,1016
2026-02-03 12:10:00,Electric_Fan,child_lock,False,31.17,53,1016
2026-02-03 12:10:00,Electric_Fan,cycle_time,,31.17,53,1016
2026-02-03 12:10:00,Electric_Fan,random_time,,31.17,53,1016
2026-02-03 12:10:00,Electric_Fan,switch_inching,,31.17,53,1016
2026-02-03 12:33:43,Aircon,switch_1,True,31.14,54,1016
2026-02-03 12:33:43,Aircon,countdown_1,0,31.14,54,1016
2026-02-03 12:33:43,Aircon,add_ele,27,31.14,54,1016
2026-02-03 12:33:43,Aircon,cur_current,0,31.14,54,1016
2026-02-03 12:33:43,Aircon,cur_power,0,31.14,54,1016
2026-02-03 12:33:43,Aircon,cur_voltage,2380,31.14,54,1016
2026-02-03 12:33:43,Aircon,voltage_coe,567,31.14,54,1016
2026-02-03 12:33:43,Aircon,electric_coe,29676,31.14,54,1016
2026-02-03 12:33:43,Aircon,power_coe,15976,31.14,54,1016
2026-02-03 12:33:43,Aircon,electricity_coe,2610,31.14,54,1016
2026-02-03 12:33:43,Aircon,fault,0,31.14,54,1016
2026-02-03 12:33:43,Aircon,relay_status,last,31.14,54,1016
2026-02-03 12:33:43,Aircon,overcharge_switch,False,31.14,54,1016
2026-02-03 12:33:43,Aircon,light_mode,relay,31.14,54,1016
2026-02-03 12:33:43,Aircon,child_lock,False,31.14,54,1016
2026-02-03 12:33:43,Aircon,cycle_time,,31.14,54,1016
2026-02-03 12:33:43,Aircon,random_time,,31.14,54,1016
2026-02-03 12:33:43,Aircon,switch_inching,,31.14,54,1016
2026-02-03 12:33:43,Refrigerator,switch_1,True,31.14,54,1016
2026-02-03 12:33:43,Refrigerator,countdown_1,0,31.14,54,1016
2026-02-03 12:33:43,Refrigerator,add_ele,17,31.14,54,1016
2026-02-03 12:33:43,Refrigerator,cur_current,0,31.14,54,1016
2026-02-03 12:33:43,Refrigerator,cur_power,0,31.14,54,1016
2026-02-03 12:33:43,Refrigerator,cur_voltage,2360,31.14,54,1016
2026-02-03 12:33:43,Refrigerator,voltage_coe,559,31.14,54,1016
2026-02-03 12:33:43,Refrigerator,electric_coe,30058,31.14,54,1016
2026-02-03 12:33:43,Refrigerator,power_coe,15968,31.14,54,1016
2026-02-03 12:33:43,Refrigerator,electricity_coe,2610,31.14,54,1016
2026-02-03 12:33:43,Refrigerator,fault,0,31.14,54,1016
2026-02-03 12:33:43,Refrigerator,relay_status,last,31.14,54,1016
2026-02-03 12:33:43,Refrigerator,overcharge_switch,False,31.14,54,1016
2026-02-03 12:33:43,Refrigerator,light_mode,relay,31.14,54,1016
2026-02-03 12:33:43,Refrigerator,child_lock,False,31.14,54,1016
2026-02-03 12:33:43,Refrigerator,cycle_time,,31.14,54,1016
2026-02-03 12:33:43,Refrigerator,random_time,,31.14,54,1016
2026-02-03 12:33:43,Refrigerator,switch_inching,,31.14,54,1016
2026-02-03 12:33:43,Electric_Fan,switch_1,True,31.14,54,1016
2026-02-03 12:33:43,Electric_Fan,countdown_1,0,31.14,54,1016
2026-02-03 12:33:43,Electric_Fan,add_ele,21,31.14,54,1016
2026-02-03 12:33:43,Electric_Fan,cur_current,0,31.14,54,1016
2026-02-03 12:33:43,Electric_Fan,cur_power,0,31.14,54,1016
2026-02-03 12:33:43,Electric_Fan,cur_voltage,2290,31.14,54,1016
2026-02-03 12:33:43,Electric_Fan,voltage_coe,558,31.14,54,1016
2026-02-03 12:33:43,Electric_Fan,electric_coe,29647,31.14,54,1016
2026-02-03 12:33:43,Electric_Fan,power_coe,15912,31.14,54,1016
2026-02-03 12:33:43,Electric_Fan,electricity_coe,2620,31.14,54,1016
2026-02-03 12:33:43,Electric_Fan,fault,0,31.14,54,1016
2026-02-03 12:33:43,Electric_Fan,relay_status,last,31.14,54,1016
2026-02-03 12:33:43,Electric_Fan,overcharge_switch,False,31.14,54,1016
2026-02-03 12:33:43,Electric_Fan,light_mode,relay,31.14,54,1016
2026-02-03 12:33:43,Electric_Fan,child_lock,False,31.14,54,1016
2026-02-03 12:33:43,Electric_Fan,cycle_time,,31.14,54,1016
2026-02-03 12:33:43,Electric_Fan,random_time,,31.14,54,1016
2026-02-03 12:33:43,Electric_Fan,switch_inching,,31.14,54,1016
2026-02-03 12:40:00,Aircon,switch_1,True,31.14,54,1016
2026-02-03 12:40:00,Aircon,countdown_1,0,31.14,54,1016
2026-02-03 12:40:00,Aircon,add_ele,27,31.14,54,1016
2026-02-03 12:40:00,Aircon,cur_current,0,31.14,54,1016
2026-02-03 12:40:00,Aircon,cur_power,0,31.14,54,1016
2026-02-03 12:40:00,Aircon,cur_voltage,2353,31.14,54,1016
2026-02-03 12:40:00,Aircon,voltage_coe,567,31.14,54,1016
2026-02-03 12:40:00,Aircon,electric_coe,29676,31.14,54,1016
2026-02-03 12:40:00,Aircon,power_coe,15976,31.14,54,1016
2026-02-03 12:40:00,Aircon,electricity_coe,2610,31.14,54,1016
2026-02-03 12:40:00,Aircon,fault,0,31.14,54,1016
2026-02-03 12:40:00,Aircon,relay_status,last,31.14,54,1016
2026-02-03 12:40:00,Aircon,overcharge_switch,False,31.14,54,1016
2026-02-03 12:40:00,Aircon,light_mode,relay,31.14,54,1016
2026-02-03 12:40:00,Aircon,child_lock,False,31.14,54,1016
2026-02-03 12:40:00,Aircon,cycle_time,,31.14,54,1016
2026-02-03 12:40:00,Aircon,random_time,,31.14,54,1016
2026-02-03 12:40:00,Aircon,switch_inching,,31.14,54,1016
2026-02-03 12:40:00,Refrigerator,switch_1,True,31.14,54,1016
2026-02-03 12:40:00,Refrigerator,countdown_1,0,31.14,54,1016
2026-02-03 12:40:00,Refrigerator,add_ele,17,31.14,54,1016
2026-02-03 12:40:00,Refrigerator,cur_current,0,31.14,54,1016
2026-02-03 12:40:00,Refrigerator,cur_power,0,31.14,54,1016
2026-02-03 12:40:00,Refrigerator,cur_voltage,2360,31.14,54,1016
2026-02-03 12:40:00,Refrigerator,voltage_coe,559,31.14,54,1016
2026-02-03 12:40:00,Refrigerator,electric_coe,30058,31.14,54,1016
2026-02-03 12:40:00,Refrigerator,power_coe,15968,31.14,54,1016
2026-02-03 12:40:00,Refrigerator,electricity_coe,2610,31.14,54,1016
2026-02-03 12:40:00,Refrigerator,fault,0,31.14,54,1016
2026-02-03 12:40:00,Refrigerator,relay_status,last,31.14,54,1016
2026-02-03 12:40:00,Refrigerator,overcharge_switch,False,31.14,54,1016
2026-02-03 12:40:00,Refrigerator,light_mode,relay,31.14,54,1016
2026-02-03 12:40:00,Refrigerator,child_lock,False,31.14,54,1016
2026-02-03 12:40:00,Refrigerator,cycle_time,,31.14,54,1016
2026-02-03 12:40:00,Refrigerator,random_time,,31.14,54,1016
2026-02-03 12:40:00,Refrigerator,switch_inching,,31.14,54,1016
2026-02-03 12:40:00,Electric_Fan,switch_1,True,31.14,54,1016
2026-02-03 12:40:00,Electric_Fan,countdown_1,0,31.14,54,1016
2026-02-03 12:40:00,Electric_Fan,add_ele,21,31.14,54,1016
2026-02-03 12:40:00,Electric_Fan,cur_current,0,31.14,54,1016
2026-02-03 12:40:00,Electric_Fan,cur_power,0,31.14,54,1016
2026-02-03 12:40:00,Electric_Fan,cur_voltage,2290,31.14,54,1016
2026-02-03 12:40:00,Electric_Fan,voltage_coe,558,31.14,54,1016
2026-02-03 12:40:00,Electric_Fan,electric_coe,29647,31.14,54,1016
2026-02-03 12:40:00,Electric_Fan,power_coe,15912,31.14,54,1016
2026-02-03 12:40:00,Electric_Fan,electricity_coe,2620,31.14,54,1016
2026-02-03 12:40:00,Electric_Fan,fault,0,31.14,54,1016
2026-02-03 12:40:00,Electric_Fan,relay_status,last,31.14,54,1016
2026-02-03 12:40:00,Electric_Fan,overcharge_switch,False,31.14,54,1016
2026-02-03 12:40:00,Electric_Fan,light_mode,relay,31.14,54,1016
2026-02-03 12:40:00,Electric_Fan,child_lock,False,31.14,54,1016
2026-02-03 12:40:00,Electric_Fan,cycle_time,,31.14,54,1016
2026-02-03 12:40:00,Electric_Fan,random_time,,31.14,54,1016
2026-02-03 12:40:00,Electric_Fan,switch_inching,,31.14,54,1016
2026-02-03 12:50:00,Aircon,switch_1,True,31.62,52,1015
2026-02-03 12:50:00,Aircon,countdown_1,0,31.62,52,1015
2026-02-03 12:50:00,Aircon,add_ele,27,31.62,52,1015
2026-02-03 12:50:00,Aircon,cur_current,0,31.62,52,1015
2026-02-03 12:50:00,Aircon,cur_power,0,31.62,52,1015
2026-02-03 12:50:00,Aircon,cur_voltage,2353,31.62,52,1015
2026-02-03 12:50:00,Aircon,voltage_coe,567,31.62,52,1015
2026-02-03 12:50:00,Aircon,electric_coe,29676,31.62,52,1015
2026-02-03 12:50:00,Aircon,power_coe,15976,31.62,52,1015
2026-02-03 12:50:00,Aircon,electricity_coe,2610,31.62,52,1015
2026-02-03 12:50:00,Aircon,fault,0,31.62,52,1015
2026-02-03 12:50:00,Aircon,relay_status,last,31.62,52,1015
2026-02-03 12:50:00,Aircon,overcharge_switch,False,31.62,52,1015
2026-02-03 12:50:00,Aircon,light_mode,relay,31.62,52,1015
2026-02-03 12:50:00,Aircon,child_lock,False,31.62,52,1015
2026-02-03 12:50:00,Aircon,cycle_time,,31.62,52,1015
2026-02-03 12:50:00,Aircon,random_time,,31.62,52,1015
2026-02-03 12:50:00,Aircon,switch_inching,,31.62,52,1015
2026-02-03 12:50:00,Refrigerator,switch_1,True,31.62,52,1015
2026-02-03 12:50:00,Refrigerator,countdown_1,0,31.62,52,1015
2026-02-03 12:50:00,Refrigerator,add_ele,17,31.62,52,1015
2026-02-03 12:50:00,Refrigerator,cur_current,1104,31.62,52,1015
2026-02-03 12:50:00,Refrigerator,cur_power,1793,31.62,52,1015
2026-02-03 12:50:00,Refrigerator,cur_voltage,2346,31.62,52,1015
2026-02-03 12:50:00,Refrigerator,voltage_coe,559,31.62,52,1015
2026-02-03 12:50:00,Refrigerator,electric_coe,30058,31.62,52,1015
2026-02-03 12:50:00,Refrigerator,power_coe,15968,31.62,52,1015
2026-02-03 12:50:00,Refrigerator,electricity_coe,2610,31.62,52,1015
2026-02-03 12:50:00,Refrigerator,fault,0,31.62,52,1015
2026-02-03 12:50:00,Refrigerator,relay_status,last,31.62,52,1015
2026-02-03 12:50:00,Refrigerator,overcharge_switch,False,31.62,52,1015
2026-02-03 12:50:00,Refrigerator,light_mode,relay,31.62,52,1015
2026-02-03 12:50:00,Refrigerator,child_lock,False,31.62,52,1015
2026-02-03 12:50:00,Refrigerator,cycle_time,,31.62,52,1015
2026-02-03 12:50:00,Refrigerator,random_time,,31.62,52,1015
2026-02-03 12:50:00,Refrigerator,switch_inching,,31.62,52,1015
2026-02-03 12:50:00,Electric_Fan,switch_1,True,31.62,52,1015
2026-02-03 12:50:00,Electric_Fan,countdown_1,0,31.62,52,1015
2026-02-03 12:50:00,Electric_Fan,add_ele,21,31.62,52,1015
2026-02-03 12:50:00,Electric_Fan,cur_current,0,31.62,52,1015
2026-02-03 12:50:00,Electric_Fan,cur_power,0,31.62,52,1015
2026-02-03 12:50:00,Electric_Fan,cur_voltage,2290,31.62,52,1015
2026-02-03 12:50:00,Electric_Fan,voltage_coe,558,31.62,52,1015
2026-02-03 12:50:00,Electric_Fan,electric_coe,29647,31.62,52,1015
2026-02-03 12:50:00,Electric_Fan,power_coe,15912,31.62,52,1015
2026-02-03 12:50:00,Electric_Fan,electricity_coe,2620,31.62,52,1015
2026-02-03 12:50:00,Electric_Fan,fault,0,31.62,52,1015
2026-02-03 12:50:00,Electric_Fan,relay_status,last,31.62,52,1015
2026-02-03 12:50:00,Electric_Fan,overcharge_switch,False,31.62,52,1015
2026-02-03 12:50:00,Electric_Fan,light_mode,relay,31.62,52,1015
2026-02-03 12:50:00,Electric_Fan,child_lock,False,31.62,52,1015
2026-02-03 12:50:00,Electric_Fan,cycle_time,,31.62,52,1015
2026-02-03 12:50:00,Electric_Fan,random_time,,31.62,52,1015
2026-02-03 12:50:00,Electric_Fan,switch_inching,,31.62,52,1015
2026-02-03 13:00:00,Aircon,switch_1,True,31.22,52,1015
2026-02-03 13:00:00,Aircon,countdown_1,0,31.22,52,1015
2026-02-03 13:00:00,Aircon,add_ele,27,31.22,52,1015
2026-02-03 13:00:00,Aircon,cur_current,0,31.22,52,1015
2026-02-03 13:00:00,Aircon,cur_power,0,31.22,52,1015
2026-02-03 13:00:00,Aircon,cur_voltage,2353,31.22,52,1015
2026-02-03 13:00:00,Aircon,voltage_coe,567,31.22,52,1015
2026-02-03 13:00:00,Aircon,electric_coe,29676,31.22,52,1015
2026-02-03 13:00:00,Aircon,power_coe,15976,31.22,52,1015
2026-02-03 13:00:00,Aircon,electricity_coe,2610,31.22,52,1015
2026-02-03 13:00:00,Aircon,fault,0,31.22,52,1015
2026-02-03 13:00:00,Aircon,relay_status,last,31.22,52,1015
2026-02-03 13:00:00,Aircon,overcharge_switch,False,31.22,52,1015
2026-02-03 13:00:00,Aircon,light_mode,relay,31.22,52,1015
2026-02-03 13:00:00,Aircon,child_lock,False,31.22,52,1015
2026-02-03 13:00:00,Aircon,cycle_time,,31.22,52,1015
2026-02-03 13:00:00,Aircon,random_time,,31.22,52,1015
2026-02-03 13:00:00,Aircon,switch_inching,,31.22,52,1015
2026-02-03 13:00:00,Refrigerator,switch_1,True,31.22,52,1015
2026-02-03 13:00:00,Refrigerator,countdown_1,0,31.22,52,1015
2026-02-03 13:00:00,Refrigerator,add_ele,49,31.22,52,1015
2026-02-03 13:00:00,Refrigerator,cur_current,1104,31.22,52,1015
2026-02-03 13:00:00,Refrigerator,cur_power,1793,31.22,52,1015
2026-02-03 13:00:00,Refrigerator,cur_voltage,2346,31.22,52,1015
2026-02-03 13:00:00,Refrigerator,voltage_coe,559,31.22,52,1015
2026-02-03 13:00:00,Refrigerator,electric_coe,30058,31.22,52,1015
2026-02-03 13:00:00,Refrigerator,power_coe,15968,31.22,52,1015
2026-02-03 13:00:00,Refrigerator,electricity_coe,2610,31.22,52,1015
2026-02-03 13:00:00,Refrigerator,fault,0,31.22,52,1015
2026-02-03 13:00:00,Refrigerator,relay_status,last,31.22,52,1015
2026-02-03 13:00:00,Refrigerator,overcharge_switch,False,31.22,52,1015
2026-02-03 13:00:00,Refrigerator,light_mode,relay,31.22,52,1015
2026-02-03 13:00:00,Refrigerator,child_lock,False,31.22,52,1015
2026-02-03 13:00:00,Refrigerator,cycle_time,,31.22,52,1015
2026-02-03 13:00:00,Refrigerator,random_time,,31.22,52,1015
2026-02-03 13:00:00,Refrigerator,switch_inching,,31.22,52,1015
2026-02-03 13:00:00,Electric_Fan,switch_1,True,31.22,52,1015
2026-02-03 13:00:00,Electric_Fan,countdown_1,0,31.22,52,1015
2026-02-03 13:00:00,Electric_Fan,add_ele,21,31.22,52,1015
2026-02-03 13:00:00,Electric_Fan,cur_current,0,31.22,52,1015
2026-02-03 13:00:00,Electric_Fan,cur_power,0,31.22,52,1015
2026-02-03 13:00:00,Electric_Fan,cur_voltage,2290,31.22,52,1015
2026-02-03 13:00:00,Electric_Fan,voltage_coe,558,31.22,52,1015
2026-02-03 13:00:00,Electric_Fan,electric_coe,29647,31.22,52,1015
2026-02-03 13:00:00,Electric_Fan,power_coe,15912,31.22,52,1015
2026-02-03 13:00:00,Electric_Fan,electricity_coe,2620,31.22,52,1015
2026-02-03 13:00:00,Electric_Fan,fault,0,31.22,52,1015
2026-02-03 13:00:00,Electric_Fan,relay_status,last,31.22,52,1015
2026-02-03 13:00:00,Electric_Fan,overcharge_switch,False,31.22,52,1015
2026-02-03 13:00:00,Electric_Fan,light_mode,relay,31.22,52,1015
2026-02-03 13:00:00,Electric_Fan,child_lock,False,31.22,52,1015
2026-02-03 13:00:00,Electric_Fan,cycle_time,,31.22,52,1015
2026-02-03 13:00:00,Electric_Fan,random_time,,31.22,52,1015
2026-02-03 13:00:00,Electric_Fan,switch_inching,,31.22,52,1015
2026-02-03 13:10:00,Aircon,switch_1,True,31.27,55,1015
2026-02-03 13:10:00,Aircon,countdown_1,0,31.27,55,1015
2026-02-03 13:10:00,Aircon,add_ele,27,31.27,55,1015
2026-02-03 13:10:00,Aircon,cur_current,0,31.27,55,1015
2026-02-03 13:10:00,Aircon,cur_power,0,31.27,55,1015
2026-02-03 13:10:00,Aircon,cur_voltage,2353,31.27,55,1015
2026-02-03 13:10:00,Aircon,voltage_coe,567,31.27,55,1015
2026-02-03 13:10:00,Aircon,electric_coe,29676,31.27,55,1015
2026-02-03 13:10:00,Aircon,power_coe,15976,31.27,55,1015
2026-02-03 13:10:00,Aircon,electricity_coe,2610,31.27,55,1015
2026-02-03 13:10:00,Aircon,fault,0,31.27,55,1015
2026-02-03 13:10:00,Aircon,relay_status,last,31.27,55,1015
2026-02-03 13:10:00,Aircon,overcharge_switch,False,31.27,55,1015
2026-02-03 13:10:00,Aircon,light_mode,relay,31.27,55,1015
2026-02-03 13:10:00,Aircon,child_lock,False,31.27,55,1015
2026-02-03 13:10:00,Aircon,cycle_time,,31.27,55,1015
2026-02-03 13:10:00,Aircon,random_time,,31.27,55,1015
2026-02-03 13:10:00,Aircon,switch_inching,,31.27,55,1015
2026-02-03 13:10:00,Refrigerator,switch_1,True,31.27,55,1015
2026-02-03 13:10:00,Refrigerator,countdown_1,0,31.27,55,1015
2026-02-03 13:10:00,Refrigerator,add_ele,49,31.27,55,1015
2026-02-03 13:10:00,Refrigerator,cur_current,1104,31.27,55,1015
2026-02-03 13:10:00,Refrigerator,cur_power,1793,31.27,55,1015
2026-02-03 13:10:00,Refrigerator,cur_voltage,2346,31.27,55,1015
2026-02-03 13:10:00,Refrigerator,voltage_coe,559,31.27,55,1015
2026-02-03 13:10:00,Refrigerator,electric_coe,30058,31.27,55,1015
2026-02-03 13:10:00,Refrigerator,power_coe,15968,31.27,55,1015
2026-02-03 13:10:00,Refrigerator,electricity_coe,2610,31.27,55,1015
2026-02-03 13:10:00,Refrigerator,fault,0,31.27,55,1015
2026-02-03 13:10:00,Refrigerator,relay_status,last,31.27,55,1015
2026-02-03 13:10:00,Refrigerator,overcharge_switch,False,31.27,55,1015
2026-02-03 13:10:00,Refrigerator,light_mode,relay,31.27,55,1015
2026-02-03 13:10:00,Refrigerator,child_lock,False,31.27,55,1015
2026-02-03 13:10:00,Refrigerator,cycle_time,,31.27,55,1015
2026-02-03 13:10:00,Refrigerator,random_time,,31.27,55,1015
2026-02-03 13:10:00,Refrigerator,switch_inching,,31.27,55,1015
2026-02-03 13:10:00,Electric_Fan,switch_1,True,31.27,55,1015
2026-02-03 13:10:00,Electric_Fan,countdown_1,0,31.27,55,1015
2026-02-03 13:10:00,Electric_Fan,add_ele,21,31.27,55,1015
2026-02-03 13:10:00,Electric_Fan,cur_current,0,31.27,55,1015
2026-02-03 13:10:00,Electric_Fan,cur_power,0,31.27,55,1015
2026-02-03 13:10:00,Electric_Fan,cur_voltage,2290,31.27,55,1015
2026-02-03 13:10:00,Electric_Fan,voltage_coe,558,31.27,55,1015
2026-02-03 13:10:00,Electric_Fan,electric_coe,29647,31.27,55,1015
2026-02-03 13:10:00,Electric_Fan,power_coe,15912,31.27,55,1015
2026-02-03 13:10:00,Electric_Fan,electricity_coe,2620,31.27,55,1015
2026-02-03 13:10:00,Electric_Fan,fault,0,31.27,55,1015
2026-02-03 13:10:00,Electric_Fan,relay_status,last,31.27,55,1015
2026-02-03 13:10:00,Electric_Fan,overcharge_switch,False,31.27,55,1015
2026-02-03 13:10:00,Electric_Fan,light_mode,relay,31.27,55,1015
2026-02-03 13:10:00,Electric_Fan,child_lock,False,31.27,55,1015
2026-02-03 13:10:00,Electric_Fan,cycle_time,,31.27,55,1015
2026-02-03 13:10:00,Electric_Fan,random_time,,31.27,55,1015
2026-02-03 13:10:00,Electric_Fan,switch_inching,,31.27,55,1015
2026-02-03 13:20:00,Aircon,switch_1,True,32.26,52,1015
2026-02-03 13:20:00,Aircon,countdown_1,0,32.26,52,1015
2026-02-03 13:20:00,Aircon,add_ele,27,32.26,52,1015
2026-02-03 13:20:00,Aircon,cur_current,0,32.26,52,1015
2026-02-03 13:20:00,Aircon,cur_power,0,32.26,52,1015
2026-02-03 13:20:00,Aircon,cur_voltage,2353,32.26,52,1015
2026-02-03 13:20:00,Aircon,voltage_coe,567,32.26,52,1015
2026-02-03 13:20:00,Aircon,electric_coe,29676,32.26,52,1015
2026-02-03 13:20:00,Aircon,power_coe,15976,32.26,52,1015
2026-02-03 13:20:00,Aircon,electricity_coe,2610,32.26,52,1015
2026-02-03 13:20:00,Aircon,fault,0,32.26,52,1015
2026-02-03 13:20:00,Aircon,relay_status,last,32.26,52,1015
2026-02-03 13:20:00,Aircon,overcharge_switch,False,32.26,52,1015
2026-02-03 13:20:00,Aircon,light_mode,relay,32.26,52,1015
2026-02-03 13:20:00,Aircon,child_lock,False,32.26,52,1015
2026-02-03 13:20:00,Aircon,cycle_time,,32.26,52,1015
2026-02-03 13:20:00,Aircon,random_time,,32.26,52,1015
2026-02-03 13:20:00,Aircon,switch_inching,,32.26,52,1015
2026-02-03 13:20:00,Refrigerator,switch_1,True,32.26,52,1015
2026-02-03 13:20:00,Refrigerator,countdown_1,0,32.26,52,1015
2026-02-03 13:20:00,Refrigerator,add_ele,49,32.26,52,1015
2026-02-03 13:20:00,Refrigerator,cur_current,1104,32.26,52,1015
2026-02-03 13:20:00,Refrigerator,cur_power,1793,32.26,52,1015
2026-02-03 13:20:00,Refrigerator,cur_voltage,2346,32.26,52,1015
2026-02-03 13:20:00,Refrigerator,voltage_coe,559,32.26,52,1015
2026-02-03 13:20:00,Refrigerator,electric_coe,30058,32.26,52,1015
2026-02-03 13:20:00,Refrigerator,power_coe,15968,32.26,52,1015
2026-02-03 13:20:00,Refrigerator,electricity_coe,2610,32.26,52,1015
2026-02-03 13:20:00,Refrigerator,fault,0,32.26,52,1015
2026-02-03 13:20:00,Refrigerator,relay_status,last,32.26,52,1015
2026-02-03 13:20:00,Refrigerator,overcharge_switch,False,32.26,52,1015
2026-02-03 13:20:00,Refrigerator,light_mode,relay,32.26,52,1015
2026-02-03 13:20:00,Refrigerator,child_lock,False,32.26,52,1015
2026-02-03 13:20:00,Refrigerator,cycle_time,,32.26,52,1015
2026-02-03 13:20:00,Refrigerator,random_time,,32.26,52,1015
2026-02-03 13:20:00,Refrigerator,switch_inching,,32.26,52,1015
2026-02-03 13:20:00,Electric_Fan,switch_1,True,32.26,52,1015
2026-02-03 13:20:00,Electric_Fan,countdown_1,0,32.26,52,1015
2026-02-03 13:20:00,Electric_Fan,add_ele,21,32.26,52,1015
2026-02-03 13:20:00,Electric_Fan,cur_current,0,32.26,52,1015
2026-02-03 13:20:00,Electric_Fan,cur_power,0,32.26,52,1015
2026-02-03 13:20:00,Electric_Fan,cur_voltage,2290,32.26,52,1015
2026-02-03 13:20:00,Electric_Fan,voltage_coe,558,32.26,52,1015
2026-02-03 13:20:00,Electric_Fan,electric_coe,29647,32.26,52,1015
2026-02-03 13:20:00,Electric_Fan,power_coe,15912,32.26,52,1015
2026-02-03 13:20:00,Electric_Fan,electricity_coe,2620,32.26,52,1015
2026-02-03 13:20:00,Electric_Fan,fault,0,32.26,52,1015
2026-02-03 13:20:00,Electric_Fan,relay_status,last,32.26,52,1015
2026-02-03 13:20:00,Electric_Fan,overcharge_switch,False,32.26,52,1015
2026-02-03 13:20:00,Electric_Fan,light_mode,relay,32.26,52,1015
2026-02-03 13:20:00,Electric_Fan,child_lock,False,32.26,52,1015
2026-02-03 13:20:00,Electric_Fan,cycle_time,,32.26,52,1015
2026-02-03 13:20:00,Electric_Fan,random_time,,32.26,52,1015
2026-02-03 13:20:00,Electric_Fan,switch_inching,,32.26,52,1015
2026-02-03 13:30:00,Aircon,switch_1,True,31.78,52,1015
2026-02-03 13:30:00,Aircon,countdown_1,0,31.78,52,1015
2026-02-03 13:30:00,Aircon,add_ele,27,31.78,52,1015
2026-02-03 13:30:00,Aircon,cur_current,0,31.78,52,1015
2026-02-03 13:30:00,Aircon,cur_power,0,31.78,52,1015
2026-02-03 13:30:00,Aircon,cur_voltage,2353,31.78,52,1015
2026-02-03 13:30:00,Aircon,voltage_coe,567,31.78,52,1015
2026-02-03 13:30:00,Aircon,electric_coe,29676,31.78,52,1015
2026-02-03 13:30:00,Aircon,power_coe,15976,31.78,52,1015
2026-02-03 13:30:00,Aircon,electricity_coe,2610,31.78,52,1015
2026-02-03 13:30:00,Aircon,fault,0,31.78,52,1015
2026-02-03 13:30:00,Aircon,relay_status,last,31.78,52,1015
2026-02-03 13:30:00,Aircon,overcharge_switch,False,31.78,52,1015
2026-02-03 13:30:00,Aircon,light_mode,relay,31.78,52,1015
2026-02-03 13:30:00,Aircon,child_lock,False,31.78,52,1015
2026-02-03 13:30:00,Aircon,cycle_time,,31.78,52,1015
2026-02-03 13:30:00,Aircon,random_time,,31.78,52,1015
2026-02-03 13:30:00,Aircon,switch_inching,,31.78,52,1015
2026-02-03 13:30:00,Refrigerator,switch_1,True,31.78,52,1015
2026-02-03 13:30:00,Refrigerator,countdown_1,0,31.78,52,1015
2026-02-03 13:30:00,Refrigerator,add_ele,59,31.78,52,1015
2026-02-03 13:30:00,Refrigerator,cur_current,0,31.78,52,1015
2026-02-03 13:30:00,Refrigerator,cur_power,0,31.78,52,1015
2026-02-03 13:30:00,Refrigerator,cur_voltage,2320,31.78,52,1015
2026-02-03 13:30:00,Refrigerator,voltage_coe,559,31.78,52,1015
2026-02-03 13:30:00,Refrigerator,electric_coe,30058,31.78,52,1015
2026-02-03 13:30:00,Refrigerator,power_coe,15968,31.78,52,1015
2026-02-03 13:30:00,Refrigerator,electricity_coe,2610,31.78,52,1015
2026-02-03 13:30:00,Refrigerator,fault,0,31.78,52,1015
2026-02-03 13:30:00,Refrigerator,relay_status,last,31.78,52,1015
2026-02-03 13:30:00,Refrigerator,overcharge_switch,False,31.78,52,1015
2026-02-03 13:30:00,Refrigerator,light_mode,relay,31.78,52,1015
2026-02-03 13:30:00,Refrigerator,child_lock,False,31.78,52,1015
2026-02-03 13:30:00,Refrigerator,cycle_time,,31.78,52,1015
2026-02-03 13:30:00,Refrigerator,random_time,,31.78,52,1015
2026-02-03 13:30:00,Refrigerator,switch_inching,,31.78,52,1015
2026-02-03 13:30:00,Electric_Fan,switch_1,True,31.78,52,1015
2026-02-03 13:30:00,Electric_Fan,countdown_1,0,31.78,52,1015
2026-02-03 13:30:00,Electric_Fan,add_ele,21,31.78,52,1015
2026-02-03 13:30:00,Electric_Fan,cur_current,0,31.78,52,1015
2026-02-03 13:30:00,Electric_Fan,cur_power,0,31.78,52,1015
2026-02-03 13:30:00,Electric_Fan,cur_voltage,2290,31.78,52,1015
2026-02-03 13:30:00,Electric_Fan,voltage_coe,558,31.78,52,1015
2026-02-03 13:30:00,Electric_Fan,electric_coe,29647,31.78,52,1015
2026-02-03 13:30:00,Electric_Fan,power_coe,15912,31.78,52,1015
2026-02-03 13:30:00,Electric_Fan,electricity_coe,2620,31.78,52,1015
2026-02-03 13:30:00,Electric_Fan,fault,0,31.78,52,1015
2026-02-03 13:30:00,Electric_Fan,relay_status,last,31.78,52,1015
2026-02-03 13:30:00,Electric_Fan,overcharge_switch,False,31.78,52,1015
2026-02-03 13:30:00,Electric_Fan,light_mode,relay,31.78,52,1015
2026-02-03 13:30:00,Electric_Fan,child_lock,False,31.78,52,1015
2026-02-03 13:30:00,Electric_Fan,cycle_time,,31.78,52,1015
2026-02-03 13:30:00,Electric_Fan,random_time,,31.78,52,1015
2026-02-03 13:30:00,Electric_Fan,switch_inching,,31.78,52,1015
2026-02-03 13:40:00,Aircon,switch_1,True,31.76,52,1014
2026-02-03 13:40:00,Aircon,countdown_1,0,31.76,52,1014
2026-02-03 13:40:00,Aircon,add_ele,27,31.76,52,1014
2026-02-03 13:40:00,Aircon,cur_current,0,31.76,52,1014
2026-02-03 13:40:00,Aircon,cur_power,0,31.76,52,1014
2026-02-03 13:40:00,Aircon,cur_voltage,2318,31.76,52,1014
2026-02-03 13:40:00,Aircon,voltage_coe,567,31.76,52,1014
2026-02-03 13:40:00,Aircon,electric_coe,29676,31.76,52,1014
2026-02-03 13:40:00,Aircon,power_coe,15976,31.76,52,1014
2026-02-03 13:40:00,Aircon,electricity_coe,2610,31.76,52,1014
2026-02-03 13:40:00,Aircon,fault,0,31.76,52,1014
2026-02-03 13:40:00,Aircon,relay_status,last,31.76,52,1014
2026-02-03 13:40:00,Aircon,overcharge_switch,False,31.76,52,1014
2026-02-03 13:40:00,Aircon,light_mode,relay,31.76,52,1014
2026-02-03 13:40:00,Aircon,child_lock,False,31.76,52,1014
2026-02-03 13:40:00,Aircon,cycle_time,,31.76,52,1014
2026-02-03 13:40:00,Aircon,random_time,,31.76,52,1014
2026-02-03 13:40:00,Aircon,switch_inching,,31.76,52,1014
2026-02-03 13:40:00,Refrigerator,switch_1,True,31.76,52,1014
2026-02-03 13:40:00,Refrigerator,countdown_1,0,31.76,52,1014
2026-02-03 13:40:00,Refrigerator,add_ele,59,31.76,52,1014
2026-02-03 13:40:00,Refrigerator,cur_current,0,31.76,52,1014
2026-02-03 13:40:00,Refrigerator,cur_power,0,31.76,52,1014
2026-02-03 13:40:00,Refrigerator,cur_voltage,2320,31.76,52,1014
2026-02-03 13:40:00,Refrigerator,voltage_coe,559,31.76,52,1014
2026-02-03 13:40:00,Refrigerator,electric_coe,30058,31.76,52,1014
2026-02-03 13:40:00,Refrigerator,power_coe,15968,31.76,52,1014
2026-02-03 13:40:00,Refrigerator,electricity_coe,2610,31.76,52,1014
2026-02-03 13:40:00,Refrigerator,fault,0,31.76,52,1014
2026-02-03 13:40:00,Refrigerator,relay_status,last,31.76,52,1014
2026-02-03 13:40:00,Refrigerator,overcharge_switch,False,31.76,52,1014
2026-02-03 13:40:00,Refrigerator,light_mode,relay,31.76,52,1014
2026-02-03 13:40:00,Refrigerator,child_lock,False,31.76,52,1014
2026-02-03 13:40:00,Refrigerator,cycle_time,,31.76,52,1014
2026-02-03 13:40:00,Refrigerator,random_time,,31.76,52,1014
2026-02-03 13:40:00,Refrigerator,switch_inching,,31.76,52,1014
2026-02-03 13:40:00,Electric_Fan,switch_1,True,31.76,52,1014
2026-02-03 13:40:00,Electric_Fan,countdown_1,0,31.76,52,1014
2026-02-03 13:40:00,Electric_Fan,add_ele,21,31.76,52,1014
2026-02-03 13:40:00,Electric_Fan,cur_current,0,31.76,52,1014
2026-02-03 13:40:00,Electric_Fan,cur_power,0,31.76,52,1014
2026-02-03 13:40:00,Electric_Fan,cur_voltage,2290,31.76,52,1014
2026-02-03 13:40:00,Electric_Fan,voltage_coe,558,31.76,52,1014
2026-02-03 13:40:00,Electric_Fan,electric_coe,29647,31.76,52,1014
2026-02-03 13:40:00,Electric_Fan,power_coe,15912,31.76,52,1014
2026-02-03 13:40:00,Electric_Fan,electricity_coe,2620,31.76,52,1014
2026-02-03 13:40:00,Electric_Fan,fault,0,31.76,52,1014
2026-02-03 13:40:00,Electric_Fan,relay_status,last,31.76,52,1014
2026-02-03 13:40:00,Electric_Fan,overcharge_switch,False,31.76,52,1014
2026-02-03 13:40:00,Electric_Fan,light_mode,relay,31.76,52,1014
2026-02-03 13:40:00,Electric_Fan,child_lock,False,31.76,52,1014
2026-02-03 13:40:00,Electric_Fan,cycle_time,,31.76,52,1014
2026-02-03 13:40:00,Electric_Fan,random_time,,31.76,52,1014
2026-02-03 13:40:00,Electric_Fan,switch_inching,,31.76,52,1014
2026-02-03 13:50:00,Aircon,switch_1,True,32.25,52,1014
2026-02-03 13:50:00,Aircon,countdown_1,0,32.25,52,1014
2026-02-03 13:50:00,Aircon,add_ele,27,32.25,52,1014
2026-02-03 13:50:00,Aircon,cur_current,0,32.25,52,1014
2026-02-03 13:50:00,Aircon,cur_power,0,32.25,52,1014
2026-02-03 13:50:00,Aircon,cur_voltage,2318,32.25,52,1014
2026-02-03 13:50:00,Aircon,voltage_coe,567,32.25,52,1014
2026-02-03 13:50:00,Aircon,electric_coe,29676,32.25,52,1014
2026-02-03 13:50:00,Aircon,power_coe,15976,32.25,52,1014
2026-02-03 13:50:00,Aircon,electricity_coe,2610,32.25,52,1014
2026-02-03 13:50:00,Aircon,fault,0,32.25,52,1014
2026-02-03 13:50:00,Aircon,relay_status,last,32.25,52,1014
2026-02-03 13:50:00,Aircon,overcharge_switch,False,32.25,52,1014
2026-02-03 13:50:00,Aircon,light_mode,relay,32.25,52,1014
2026-02-03 13:50:00,Aircon,child_lock,False,32.25,52,1014
2026-02-03 13:50:00,Aircon,cycle_time,,32.25,52,1014
2026-02-03 13:50:00,Aircon,random_time,,32.25,52,1014
2026-02-03 13:50:00,Aircon,switch_inching,,32.25,52,1014
2026-02-03 13:50:00,Refrigerator,switch_1,True,32.25,52,1014
2026-02-03 13:50:00,Refrigerator,countdown_1,0,32.25,52,1014
2026-02-03 13:50:00,Refrigerator,add_ele,59,32.25,52,1014
2026-02-03 13:50:00,Refrigerator,cur_current,0,32.25,52,1014
2026-02-03 13:50:00,Refrigerator,cur_power,0,32.25,52,1014
2026-02-03 13:50:00,Refrigerator,cur_voltage,2320,32.25,52,1014
2026-02-03 13:50:00,Refrigerator,voltage_coe,559,32.25,52,1014
2026-02-03 13:50:00,Refrigerator,electric_coe,30058,32.25,52,1014
2026-02-03 13:50:00,Refrigerator,power_coe,15968,32.25,52,1014
2026-02-03 13:50:00,Refrigerator,electricity_coe,2610,32.25,52,1014
2026-02-03 13:50:00,Refrigerator,fault,0,32.25,52,1014
2026-02-03 13:50:00,Refrigerator,relay_status,last,32.25,52,1014
2026-02-03 13:50:00,Refrigerator,overcharge_switch,False,32.25,52,1014
2026-02-03 13:50:00,Refrigerator,light_mode,relay,32.25,52,1014
2026-02-03 13:50:00,Refrigerator,child_lock,False,32.25,52,1014
2026-02-03 13:50:00,Refrigerator,cycle_time,,32.25,52,1014
2026-02-03 13:50:00,Refrigerator,random_time,,32.25,52,1014
2026-02-03 13:50:00,Refrigerator,switch_inching,,32.25,52,1014
2026-02-03 13:50:00,Electric_Fan,switch_1,True,32.25,52,1014
2026-02-03 13:50:00,Electric_Fan,countdown_1,0,32.25,52,1014
2026-02-03 13:50:00,Electric_Fan,add_ele,21,32.25,52,1014
2026-02-03 13:50:00,Electric_Fan,cur_current,0,32.25,52,1014
2026-02-03 13:50:00,Electric_Fan,cur_power,0,32.25,52,1014
2026-02-03 13:50:00,Electric_Fan,cur_voltage,2290,32.25,52,1014
2026-02-03 13:50:00,Electric_Fan,voltage_coe,558,32.25,52,1014
2026-02-03 13:50:00,Electric_Fan,electric_coe,29647,32.25,52,1014
2026-02-03 13:50:00,Electric_Fan,power_coe,15912,32.25,52,1014
2026-02-03 13:50:00,Electric_Fan,electricity_coe,2620,32.25,52,1014
2026-02-03 13:50:00,Electric_Fan,fault,0,32.25,52,1014
2026-02-03 13:50:00,Electric_Fan,relay_status,last,32.25,52,1014
2026-02-03 13:50:00,Electric_Fan,overcharge_switch,False,32.25,52,1014
2026-02-03 13:50:00,Electric_Fan,light_mode,relay,32.25,52,1014
2026-02-03 13:50:00,Electric_Fan,child_lock,False,32.25,52,1014
2026-02-03 13:50:00,Electric_Fan,cycle_time,,32.25,52,1014
2026-02-03 13:50:00,Electric_Fan,random_time,,32.25,52,1014
2026-02-03 13:50:00,Electric_Fan,switch_inching,,32.25,52,1014
2026-02-03 14:00:00,Aircon,switch_1,True,31.76,49,1014
2026-02-03 14:00:00,Aircon,countdown_1,0,31.76,49,1014
2026-02-03 14:00:00,Aircon,add_ele,27,31.76,49,1014
2026-02-03 14:00:00,Aircon,cur_current,0,31.76,49,1014
2026-02-03 14:00:00,Aircon,cur_power,0,31.76,49,1014
2026-02-03 14:00:00,Aircon,cur_voltage,2318,31.76,49,1014
2026-02-03 14:00:00,Aircon,voltage_coe,567,31.76,49,1014
2026-02-03 14:00:00,Aircon,electric_coe,29676,31.76,49,1014
2026-02-03 14:00:00,Aircon,power_coe,15976,31.76,49,1014
2026-02-03 14:00:00,Aircon,electricity_coe,2610,31.76,49,1014
2026-02-03 14:00:00,Aircon,fault,0,31.76,49,1014
2026-02-03 14:00:00,Aircon,relay_status,last,31.76,49,1014
2026-02-03 14:00:00,Aircon,overcharge_switch,False,31.76,49,1014
2026-02-03 14:00:00,Aircon,light_mode,relay,31.76,49,1014
2026-02-03 14:00:00,Aircon,child_lock,False,31.76,49,1014
2026-02-03 14:00:00,Aircon,cycle_time,,31.76,49,1014
2026-02-03 14:00:00,Aircon,random_time,,31.76,49,1014
2026-02-03 14:00:00,Aircon,switch_inching,,31.76,49,1014
2026-02-03 14:00:00,Refrigerator,switch_1,True,31.76,49,1014
2026-02-03 14:00:00,Refrigerator,countdown_1,0,31.76,49,1014
2026-02-03 14:00:00,Refrigerator,add_ele,59,31.76,49,1014
2026-02-03 14:00:00,Refrigerator,cur_current,0,31.76,49,1014
2026-02-03 14:00:00,Refrigerator,cur_power,0,31.76,49,1014
2026-02-03 14:00:00,Refrigerator,cur_voltage,2320,31.76,49,1014
2026-02-03 14:00:00,Refrigerator,voltage_coe,559,31.76,49,1014
2026-02-03 14:00:00,Refrigerator,electric_coe,30058,31.76,49,1014
2026-02-03 14:00:00,Refrigerator,power_coe,15968,31.76,49,1014
2026-02-03 14:00:00,Refrigerator,electricity_coe,2610,31.76,49,1014
2026-02-03 14:00:00,Refrigerator,fault,0,31.76,49,1014
2026-02-03 14:00:00,Refrigerator,relay_status,last,31.76,49,1014
2026-02-03 14:00:00,Refrigerator,overcharge_switch,False,31.76,49,1014
2026-02-03 14:00:00,Refrigerator,light_mode,relay,31.76,49,1014
2026-02-03 14:00:00,Refrigerator,child_lock,False,31.76,49,1014
2026-02-03 14:00:00,Refrigerator,cycle_time,,31.76,49,1014
2026-02-03 14:00:00,Refrigerator,random_time,,31.76,49,1014
2026-02-03 14:00:00,Refrigerator,switch_inching,,31.76,49,1014
2026-02-03 14:00:00,Electric_Fan,switch_1,True,31.76,49,1014
2026-02-03 14:00:00,Electric_Fan,countdown_1,0,31.76,49,1014
2026-02-03 14:00:00,Electric_Fan,add_ele,21,31.76,49,1014
2026-02-03 14:00:00,Electric_Fan,cur_current,0,31.76,49,1014
2026-02-03 14:00:00,Electric_Fan,cur_power,0,31.76,49,1014
2026-02-03 14:00:00,Electric_Fan,cur_voltage,2290,31.76,49,1014
2026-02-03 14:00:00,Electric_Fan,voltage_coe,558,31.76,49,1014
2026-02-03 14:00:00,Electric_Fan,electric_coe,29647,31.76,49,1014
2026-02-03 14:00:00,Electric_Fan,power_coe,15912,31.76,49,1014
2026-02-03 14:00:00,Electric_Fan,electricity_coe,2620,31.76,49,1014
2026-02-03 14:00:00,Electric_Fan,fault,0,31.76,49,1014
2026-02-03 14:00:00,Electric_Fan,relay_status,last,31.76,49,1014
2026-02-03 14:00:00,Electric_Fan,overcharge_switch,False,31.76,49,1014
2026-02-03 14:00:00,Electric_Fan,light_mode,relay,31.76,49,1014
2026-02-03 14:00:00,Electric_Fan,child_lock,False,31.76,49,1014
2026-02-03 14:00:00,Electric_Fan,cycle_time,,31.76,49,1014
2026-02-03 14:00:00,Electric_Fan,random_time,,31.76,49,1014
2026-02-03 14:00:00,Electric_Fan,switch_inching,,31.76,49,1014
2026-02-03 14:10:00,Aircon,switch_1,True,32.25,51,1014
2026-02-03 14:10:00,Aircon,countdown_1,0,32.25,51,1014
2026-02-03 14:10:00,Aircon,add_ele,27,32.25,51,1014
2026-02-03 14:10:00,Aircon,cur_current,0,32.25,51,1014
2026-02-03 14:10:00,Aircon,cur_power,0,32.25,51,1014
2026-02-03 14:10:00,Aircon,cur_voltage,2318,32.25,51,1014
2026-02-03 14:10:00,Aircon,voltage_coe,567,32.25,51,1014
2026-02-03 14:10:00,Aircon,electric_coe,29676,32.25,51,1014
2026-02-03 14:10:00,Aircon,power_coe,15976,32.25,51,1014
2026-02-03 14:10:00,Aircon,electricity_coe,2610,32.25,51,1014
2026-02-03 14:10:00,Aircon,fault,0,32.25,51,1014
2026-02-03 14:10:00,Aircon,relay_status,last,32.25,51,1014
2026-02-03 14:10:00,Aircon,overcharge_switch,False,32.25,51,1014
2026-02-03 14:10:00,Aircon,light_mode,relay,32.25,51,1014
2026-02-03 14:10:00,Aircon,child_lock,False,32.25,51,1014
2026-02-03 14:10:00,Aircon,cycle_time,,32.25,51,1014
2026-02-03 14:10:00,Aircon,random_time,,32.25,51,1014
2026-02-03 14:10:00,Aircon,switch_inching,,32.25,51,1014
2026-02-03 14:10:00,Refrigerator,switch_1,True,32.25,51,1014
2026-02-03 14:10:00,Refrigerator,countdown_1,0,32.25,51,1014
2026-02-03 14:10:00,Refrigerator,add_ele,1,32.25,51,1014
2026-02-03 14:10:00,Refrigerator,cur_current,1084,32.25,51,1014
2026-02-03 14:10:00,Refrigerator,cur_power,1779,32.25,51,1014
2026-02-03 14:10:00,Refrigerator,cur_voltage,2311,32.25,51,1014
2026-02-03 14:10:00,Refrigerator,voltage_coe,559,32.25,51,1014
2026-02-03 14:10:00,Refrigerator,electric_coe,30058,32.25,51,1014
2026-02-03 14:10:00,Refrigerator,power_coe,15968,32.25,51,1014
2026-02-03 14:10:00,Refrigerator,electricity_coe,2610,32.25,51,1014
2026-02-03 14:10:00,Refrigerator,fault,0,32.25,51,1014
2026-02-03 14:10:00,Refrigerator,relay_status,last,32.25,51,1014
2026-02-03 14:10:00,Refrigerator,overcharge_switch,False,32.25,51,1014
2026-02-03 14:10:00,Refrigerator,light_mode,relay,32.25,51,1014
2026-02-03 14:10:00,Refrigerator,child_lock,False,32.25,51,1014
2026-02-03 14:10:00,Refrigerator,cycle_time,,32.25,51,1014
2026-02-03 14:10:00,Refrigerator,random_time,,32.25,51,1014
2026-02-03 14:10:00,Refrigerator,switch_inching,,32.25,51,1014
2026-02-03 14:10:00,Electric_Fan,switch_1,True,32.25,51,1014
2026-02-03 14:10:00,Electric_Fan,countdown_1,0,32.25,51,1014
2026-02-03 14:10:00,Electric_Fan,add_ele,21,32.25,51,1014
2026-02-03 14:10:00,Electric_Fan,cur_current,0,32.25,51,1014
2026-02-03 14:10:00,Electric_Fan,cur_power,0,32.25,51,1014
2026-02-03 14:10:00,Electric_Fan,cur_voltage,2290,32.25,51,1014
2026-02-03 14:10:00,Electric_Fan,voltage_coe,558,32.25,51,1014
2026-02-03 14:10:00,Electric_Fan,electric_coe,29647,32.25,51,1014
2026-02-03 14:10:00,Electric_Fan,power_coe,15912,32.25,51,1014
2026-02-03 14:10:00,Electric_Fan,electricity_coe,2620,32.25,51,1014
2026-02-03 14:10:00,Electric_Fan,fault,0,32.25,51,1014
2026-02-03 14:10:00,Electric_Fan,relay_status,last,32.25,51,1014
2026-02-03 14:10:00,Electric_Fan,overcharge_switch,False,32.25,51,1014
2026-02-03 14:10:00,Electric_Fan,light_mode,relay,32.25,51,1014
2026-02-03 14:10:00,Electric_Fan,child_lock,False,32.25,51,1014
2026-02-03 14:10:00,Electric_Fan,cycle_time,,32.25,51,1014
2026-02-03 14:10:00,Electric_Fan,random_time,,32.25,51,1014
2026-02-03 14:10:00,Electric_Fan,switch_inching,,32.25,51,1014
2026-02-03 14:30:00,Aircon,switch_1,True,32.16,50,1014
2026-02-03 14:30:00,Aircon,countdown_1,0,32.16,50,1014
2026-02-03 14:30:00,Aircon,add_ele,27,32.16,50,1014
2026-02-03 14:30:00,Aircon,cur_current,0,32.16,50,1014
2026-02-03 14:30:00,Aircon,cur_power,0,32.16,50,1014
2026-02-03 14:30:00,Aircon,cur_voltage,2318,32.16,50,1014
2026-02-03 14:30:00,Aircon,voltage_coe,567,32.16,50,1014
2026-02-03 14:30:00,Aircon,electric_coe,29676,32.16,50,1014
2026-02-03 14:30:00,Aircon,power_coe,15976,32.16,50,1014
2026-02-03 14:30:00,Aircon,electricity_coe,2610,32.16,50,1014
2026-02-03 14:30:00,Aircon,fault,0,32.16,50,1014
2026-02-03 14:30:00,Aircon,relay_status,last,32.16,50,1014
2026-02-03 14:30:00,Aircon,overcharge_switch,False,32.16,50,1014
2026-02-03 14:30:00,Aircon,light_mode,relay,32.16,50,1014
2026-02-03 14:30:00,Aircon,child_lock,False,32.16,50,1014
2026-02-03 14:30:00,Aircon,cycle_time,,32.16,50,1014
2026-02-03 14:30:00,Aircon,random_time,,32.16,50,1014
2026-02-03 14:30:00,Aircon,switch_inching,,32.16,50,1014
2026-02-03 14:30:00,Refrigerator,switch_1,True,32.16,50,1014
2026-02-03 14:30:00,Refrigerator,countdown_1,0,32.16,50,1014
2026-02-03 14:30:00,Refrigerator,add_ele,1,32.16,50,1014
2026-02-03 14:30:00,Refrigerator,cur_current,1084,32.16,50,1014
2026-02-03 14:30:00,Refrigerator,cur_power,1779,32.16,50,1014
2026-02-03 14:30:00,Refrigerator,cur_voltage,2311,32.16,50,1014
2026-02-03 14:30:00,Refrigerator,voltage_coe,559,32.16,50,1014
2026-02-03 14:30:00,Refrigerator,electric_coe,30058,32.16,50,1014
2026-02-03 14:30:00,Refrigerator,power_coe,15968,32.16,50,1014
2026-02-03 14:30:00,Refrigerator,electricity_coe,2610,32.16,50,1014
2026-02-03 14:30:00,Refrigerator,fault,0,32.16,50,1014
2026-02-03 14:30:00,Refrigerator,relay_status,last,32.16,50,1014
2026-02-03 14:30:00,Refrigerator,overcharge_switch,False,32.16,50,1014
2026-02-03 14:30:00,Refrigerator,light_mode,relay,32.16,50,1014
2026-02-03 14:30:00,Refrigerator,child_lock,False,32.16,50,1014
2026-02-03 14:30:00,Refrigerator,cycle_time,,32.16,50,1014
2026-02-03 14:30:00,Refrigerator,random_time,,32.16,50,1014
2026-02-03 14:30:00,Refrigerator,switch_inching,,32.16,50,1014
2026-02-03 14:30:00,Electric_Fan,switch_1,True,32.16,50,1014
2026-02-03 14:30:00,Electric_Fan,countdown_1,0,32.16,50,1014
2026-02-03 14:30:00,Electric_Fan,add_ele,21,32.16,50,1014
2026-02-03 14:30:00,Electric_Fan,cur_current,0,32.16,50,1014
2026-02-03 14:30:00,Electric_Fan,cur_power,0,32.16,50,1014
2026-02-03 14:30:00,Electric_Fan,cur_voltage,2290,32.16,50,1014
2026-02-03 14:30:00,Electric_Fan,voltage_coe,558,32.16,50,1014
2026-02-03 14:30:00,Electric_Fan,electric_coe,29647,32.16,50,1014
2026-02-03 14:30:00,Electric_Fan,power_coe,15912,32.16,50,1014
2026-02-03 14:30:00,Electric_Fan,electricity_coe,2620,32.16,50,1014
2026-02-03 14:30:00,Electric_Fan,fault,0,32.16,50,1014
2026-02-03 14:30:00,Electric_Fan,relay_status,last,32.16,50,1014
2026-02-03 14:30:00,Electric_Fan,overcharge_switch,False,32.16,50,1014
2026-02-03 14:30:00,Electric_Fan,light_mode,relay,32.16,50,1014
2026-02-03 14:30:00,Electric_Fan,child_lock,False,32.16,50,1014
2026-02-03 14:30:00,Electric_Fan,cycle_time,,32.16,50,1014
2026-02-03 14:30:00,Electric_Fan,random_time,,32.16,50,1014
2026-02-03 14:30:00,Electric_Fan,switch_inching,,32.16,50,1014
2026-02-03 14:40:00,Aircon,switch_1,True,31.15,44,1013
2026-02-03 14:40:00,Aircon,countdown_1,0,31.15,44,1013
2026-02-03 14:40:00,Aircon,add_ele,27,31.15,44,1013
2026-02-03 14:40:00,Aircon,cur_current,0,31.15,44,1013
2026-02-03 14:40:00,Aircon,cur_power,0,31.15,44,1013
2026-02-03 14:40:00,Aircon,cur_voltage,2318,31.15,44,1013
2026-02-03 14:40:00,Aircon,voltage_coe,567,31.15,44,1013
2026-02-03 14:40:00,Aircon,electric_coe,29676,31.15,44,1013
2026-02-03 14:40:00,Aircon,power_coe,15976,31.15,44,1013
2026-02-03 14:40:00,Aircon,electricity_coe,2610,31.15,44,1013
2026-02-03 14:40:00,Aircon,fault,0,31.15,44,1013
2026-02-03 14:40:00,Aircon,relay_status,last,31.15,44,1013
2026-02-03 14:40:00,Aircon,overcharge_switch,False,31.15,44,1013
2026-02-03 14:40:00,Aircon,light_mode,relay,31.15,44,1013
2026-02-03 14:40:00,Aircon,child_lock,False,31.15,44,1013
2026-02-03 14:40:00,Aircon,cycle_time,,31.15,44,1013
2026-02-03 14:40:00,Aircon,random_time,,31.15,44,1013
2026-02-03 14:40:00,Aircon,switch_inching,,31.15,44,1013
2026-02-03 14:40:00,Refrigerator,switch_1,True,31.15,44,1013
2026-02-03 14:40:00,Refrigerator,countdown_1,0,31.15,44,1013
2026-02-03 14:40:00,Refrigerator,add_ele,79,31.15,44,1013
2026-02-03 14:40:00,Refrigerator,cur_current,0,31.15,44,1013
2026-02-03 14:40:00,Refrigerator,cur_power,0,31.15,44,1013
2026-02-03 14:40:00,Refrigerator,cur_voltage,2320,31.15,44,1013
2026-02-03 14:40:00,Refrigerator,voltage_coe,559,31.15,44,1013
2026-02-03 14:40:00,Refrigerator,electric_coe,30058,31.15,44,1013
2026-02-03 14:40:00,Refrigerator,power_coe,15968,31.15,44,1013
2026-02-03 14:40:00,Refrigerator,electricity_coe,2610,31.15,44,1013
2026-02-03 14:40:00,Refrigerator,fault,0,31.15,44,1013
2026-02-03 14:40:00,Refrigerator,relay_status,last,31.15,44,1013
2026-02-03 14:40:00,Refrigerator,overcharge_switch,False,31.15,44,1013
2026-02-03 14:40:00,Refrigerator,light_mode,relay,31.15,44,1013
2026-02-03 14:40:00,Refrigerator,child_lock,False,31.15,44,1013
2026-02-03 14:40:00,Refrigerator,cycle_time,,31.15,44,1013
2026-02-03 14:40:00,Refrigerator,random_time,,31.15,44,1013
2026-02-03 14:40:00,Refrigerator,switch_inching,,31.15,44,1013
2026-02-03 14:40:00,Electric_Fan,switch_1,True,31.15,44,1013
2026-02-03 14:40:00,Electric_Fan,countdown_1,0,31.15,44,1013
2026-02-03 14:40:00,Electric_Fan,add_ele,21,31.15,44,1013
2026-02-03 14:40:00,Electric_Fan,cur_current,0,31.15,44,1013
2026-02-03 14:40:00,Electric_Fan,cur_power,0,31.15,44,1013
2026-02-03 14:40:00,Electric_Fan,cur_voltage,2290,31.15,44,1013
2026-02-03 14:40:00,Electric_Fan,voltage_coe,558,31.15,44,1013
2026-02-03 14:40:00,Electric_Fan,electric_coe,29647,31.15,44,1013
2026-02-03 14:40:00,Electric_Fan,power_coe,15912,31.15,44,1013
2026-02-03 14:40:00,Electric_Fan,electricity_coe,2620,31.15,44,1013
2026-02-03 14:40:00,Electric_Fan,fault,0,31.15,44,1013
2026-02-03 14:40:00,Electric_Fan,relay_status,last,31.15,44,1013
2026-02-03 14:40:00,Electric_Fan,overcharge_switch,False,31.15,44,1013
2026-02-03 14:40:00,Electric_Fan,light_mode,relay,31.15,44,1013
2026-02-03 14:40:00,Electric_Fan,child_lock,False,31.15,44,1013
2026-02-03 14:40:00,Electric_Fan,cycle_time,,31.15,44,1013
2026-02-03 14:40:00,Electric_Fan,random_time,,31.15,44,1013
2026-02-03 14:40:00,Electric_Fan,switch_inching,,31.15,44,1013
2026-02-03 14:50:00,Aircon,switch_1,True,31.66,51,1013
2026-02-03 14:50:00,Aircon,countdown_1,0,31.66,51,1013
2026-02-03 14:50:00,Aircon,add_ele,27,31.66,51,1013
2026-02-03 14:50:00,Aircon,cur_current,0,31.66,51,1013
2026-02-03 14:50:00,Aircon,cur_power,0,31.66,51,1013
2026-02-03 14:50:00,Aircon,cur_voltage,2318,31.66,51,1013
2026-02-03 14:50:00,Aircon,voltage_coe,567,31.66,51,1013
2026-02-03 14:50:00,Aircon,electric_coe,29676,31.66,51,1013
2026-02-03 14:50:00,Aircon,power_coe,15976,31.66,51,1013
2026-02-03 14:50:00,Aircon,electricity_coe,2610,31.66,51,1013
2026-02-03 14:50:00,Aircon,fault,0,31.66,51,1013
2026-02-03 14:50:00,Aircon,relay_status,last,31.66,51,1013
2026-02-03 14:50:00,Aircon,overcharge_switch,False,31.66,51,1013
2026-02-03 14:50:00,Aircon,light_mode,relay,31.66,51,1013
2026-02-03 14:50:00,Aircon,child_lock,False,31.66,51,1013
2026-02-03 14:50:00,Aircon,cycle_time,,31.66,51,1013
2026-02-03 14:50:00,Aircon,random_time,,31.66,51,1013
2026-02-03 14:50:00,Aircon,switch_inching,,31.66,51,1013
2026-02-03 14:50:00,Refrigerator,switch_1,True,31.66,51,1013
2026-02-03 14:50:00,Refrigerator,countdown_1,0,31.66,51,1013
2026-02-03 14:50:00,Refrigerator,add_ele,79,31.66,51,1013
2026-02-03 14:50:00,Refrigerator,cur_current,0,31.66,51,1013
2026-02-03 14:50:00,Refrigerator,cur_power,0,31.66,51,1013
2026-02-03 14:50:00,Refrigerator,cur_voltage,2320,31.66,51,1013
2026-02-03 14:50:00,Refrigerator,voltage_coe,559,31.66,51,1013
2026-02-03 14:50:00,Refrigerator,electric_coe,30058,31.66,51,1013
2026-02-03 14:50:00,Refrigerator,power_coe,15968,31.66,51,1013
2026-02-03 14:50:00,Refrigerator,electricity_coe,2610,31.66,51,1013
2026-02-03 14:50:00,Refrigerator,fault,0,31.66,51,1013
2026-02-03 14:50:00,Refrigerator,relay_status,last,31.66,51,1013
2026-02-03 14:50:00,Refrigerator,overcharge_switch,False,31.66,51,1013
2026-02-03 14:50:00,Refrigerator,light_mode,relay,31.66,51,1013
2026-02-03 14:50:00,Refrigerator,child_lock,False,31.66,51,1013
2026-02-03 14:50:00,Refrigerator,cycle_time,,31.66,51,1013
2026-02-03 14:50:00,Refrigerator,random_time,,31.66,51,1013
2026-02-03 14:50:00,Refrigerator,switch_inching,,31.66,51,1013
2026-02-03 14:50:00,Electric_Fan,switch_1,True,31.66,51,1013
2026-02-03 14:50:00,Electric_Fan,countdown_1,0,31.66,51,1013
2026-02-03 14:50:00,Electric_Fan,add_ele,21,31.66,51,1013
2026-02-03 14:50:00,Electric_Fan,cur_current,0,31.66,51,1013
2026-02-03 14:50:00,Electric_Fan,cur_power,0,31.66,51,1013
2026-02-03 14:50:00,Electric_Fan,cur_voltage,2290,31.66,51,1013
2026-02-03 14:50:00,Electric_Fan,voltage_coe,558,31.66,51,1013
2026-02-03 14:50:00,Electric_Fan,electric_coe,29647,31.66,51,1013
2026-02-03 14:50:00,Electric_Fan,power_coe,15912,31.66,51,1013
2026-02-03 14:50:00,Electric_Fan,electricity_coe,2620,31.66,51,1013
2026-02-03 14:50:00,Electric_Fan,fault,0,31.66,51,1013
2026-02-03 14:50:00,Electric_Fan,relay_status,last,31.66,51,1013
2026-02-03 14:50:00,Electric_Fan,overcharge_switch,False,31.66,51,1013
2026-02-03 14:50:00,Electric_Fan,light_mode,relay,31.66,51,1013
2026-02-03 14:50:00,Electric_Fan,child_lock,False,31.66,51,1013
2026-02-03 14:50:00,Electric_Fan,cycle_time,,31.66,51,1013
2026-02-03 14:50:00,Electric_Fan,random_time,,31.66,51,1013
2026-02-03 14:50:00,Electric_Fan,switch_inching,,31.66,51,1013
2026-02-03 15:00:00,Aircon,switch_1,True,31.66,52,1013
2026-02-03 15:00:00,Aircon,countdown_1,0,31.66,52,1013
2026-02-03 15:00:00,Aircon,add_ele,27,31.66,52,1013
2026-02-03 15:00:00,Aircon,cur_current,0,31.66,52,1013
2026-02-03 15:00:00,Aircon,cur_power,0,31.66,52,1013
2026-02-03 15:00:00,Aircon,cur_voltage,2318,31.66,52,1013
2026-02-03 15:00:00,Aircon,voltage_coe,567,31.66,52,1013
2026-02-03 15:00:00,Aircon,electric_coe,29676,31.66,52,1013
2026-02-03 15:00:00,Aircon,power_coe,15976,31.66,52,1013
2026-02-03 15:00:00,Aircon,electricity_coe,2610,31.66,52,1013
2026-02-03 15:00:00,Aircon,fault,0,31.66,52,1013
2026-02-03 15:00:00,Aircon,relay_status,last,31.66,52,1013
2026-02-03 15:00:00,Aircon,overcharge_switch,False,31.66,52,1013
2026-02-03 15:00:00,Aircon,light_mode,relay,31.66,52,1013
2026-02-03 15:00:00,Aircon,child_lock,False,31.66,52,1013
2026-02-03 15:00:00,Aircon,cycle_time,,31.66,52,1013
2026-02-03 15:00:00,Aircon,random_time,,31.66,52,1013
2026-02-03 15:00:00,Aircon,switch_inching,,31.66,52,1013
2026-02-03 15:00:00,Refrigerator,switch_1,True,31.66,52,1013
2026-02-03 15:00:00,Refrigerator,countdown_1,0,31.66,52,1013
2026-02-03 15:00:00,Refrigerator,add_ele,79,31.66,52,1013
2026-02-03 15:00:00,Refrigerator,cur_current,0,31.66,52,1013
2026-02-03 15:00:00,Refrigerator,cur_power,0,31.66,52,1013
2026-02-03 15:00:00,Refrigerator,cur_voltage,2320,31.66,52,1013
2026-02-03 15:00:00,Refrigerator,voltage_coe,559,31.66,52,1013
2026-02-03 15:00:00,Refrigerator,electric_coe,30058,31.66,52,1013
2026-02-03 15:00:00,Refrigerator,power_coe,15968,31.66,52,1013
2026-02-03 15:00:00,Refrigerator,electricity_coe,2610,31.66,52,1013
2026-02-03 15:00:00,Refrigerator,fault,0,31.66,52,1013
2026-02-03 15:00:00,Refrigerator,relay_status,last,31.66,52,1013
2026-02-03 15:00:00,Refrigerator,overcharge_switch,False,31.66,52,1013
2026-02-03 15:00:00,Refrigerator,light_mode,relay,31.66,52,1013
2026-02-03 15:00:00,Refrigerator,child_lock,False,31.66,52,1013
2026-02-03 15:00:00,Refrigerator,cycle_time,,31.66,52,1013
2026-02-03 15:00:00,Refrigerator,random_time,,31.66,52,1013
2026-02-03 15:00:00,Refrigerator,switch_inching,,31.66,52,1013
2026-02-03 15:00:00,Electric_Fan,switch_1,True,31.66,52,1013
2026-02-03 15:00:00,Electric_Fan,countdown_1,0,31.66,52,1013
2026-02-03 15:00:00,Electric_Fan,add_ele,21,31.66,52,1013
2026-02-03 15:00:00,Electric_Fan,cur_current,0,31.66,52,1013
2026-02-03 15:00:00,Electric_Fan,cur_power,0,31.66,52,1013
2026-02-03 15:00:00,Electric_Fan,cur_voltage,2290,31.66,52,1013
2026-02-03 15:00:00,Electric_Fan,voltage_coe,558,31.66,52,1013
2026-02-03 15:00:00,Electric_Fan,electric_coe,29647,31.66,52,1013
2026-02-03 15:00:00,Electric_Fan,power_coe,15912,31.66,52,1013
2026-02-03 15:00:00,Electric_Fan,electricity_coe,2620,31.66,52,1013
2026-02-03 15:00:00,Electric_Fan,fault,0,31.66,52,1013
2026-02-03 15:00:00,Electric_Fan,relay_status,last,31.66,52,1013
2026-02-03 15:00:00,Electric_Fan,overcharge_switch,False,31.66,52,1013
2026-02-03 15:00:00,Electric_Fan,light_mode,relay,31.66,52,1013
2026-02-03 15:00:00,Electric_Fan,child_lock,False,31.66,52,1013
2026-02-03 15:00:00,Electric_Fan,cycle_time,,31.66,52,1013
2026-02-03 15:00:00,Electric_Fan,random_time,,31.66,52,1013
2026-02-03 15:00:00,Electric_Fan,switch_inching,,31.66,52,1013
2026-02-03 15:10:00,Aircon,switch_1,True,31.68,51,1013
2026-02-03 15:10:00,Aircon,countdown_1,0,31.68,51,1013
2026-02-03 15:10:00,Aircon,add_ele,1,31.68,51,1013
2026-02-03 15:10:00,Aircon,cur_current,0,31.68,51,1013
2026-02-03 15:10:00,Aircon,cur_power,0,31.68,51,1013
2026-02-03 15:10:00,Aircon,cur_voltage,2318,31.68,51,1013
2026-02-03 15:10:00,Aircon,voltage_coe,567,31.68,51,1013
2026-02-03 15:10:00,Aircon,electric_coe,29676,31.68,51,1013
2026-02-03 15:10:00,Aircon,power_coe,15976,31.68,51,1013
2026-02-03 15:10:00,Aircon,electricity_coe,2610,31.68,51,1013
2026-02-03 15:10:00,Aircon,fault,0,31.68,51,1013
2026-02-03 15:10:00,Aircon,relay_status,last,31.68,51,1013
2026-02-03 15:10:00,Aircon,overcharge_switch,False,31.68,51,1013
2026-02-03 15:10:00,Aircon,light_mode,relay,31.68,51,1013
2026-02-03 15:10:00,Aircon,child_lock,False,31.68,51,1013
2026-02-03 15:10:00,Aircon,cycle_time,,31.68,51,1013
2026-02-03 15:10:00,Aircon,random_time,,31.68,51,1013
2026-02-03 15:10:00,Aircon,switch_inching,,31.68,51,1013
2026-02-03 15:10:00,Refrigerator,switch_1,True,31.68,51,1013
2026-02-03 15:10:00,Refrigerator,countdown_1,0,31.68,51,1013
2026-02-03 15:10:00,Refrigerator,add_ele,3,31.68,51,1013
2026-02-03 15:10:00,Refrigerator,cur_current,1114,31.68,51,1013
2026-02-03 15:10:00,Refrigerator,cur_power,1826,31.68,51,1013
2026-02-03 15:10:00,Refrigerator,cur_voltage,2324,31.68,51,1013
2026-02-03 15:10:00,Refrigerator,voltage_coe,559,31.68,51,1013
2026-02-03 15:10:00,Refrigerator,electric_coe,30058,31.68,51,1013
2026-02-03 15:10:00,Refrigerator,power_coe,15968,31.68,51,1013
2026-02-03 15:10:00,Refrigerator,electricity_coe,2610,31.68,51,1013
2026-02-03 15:10:00,Refrigerator,fault,0,31.68,51,1013
2026-02-03 15:10:00,Refrigerator,relay_status,last,31.68,51,1013
2026-02-03 15:10:00,Refrigerator,overcharge_switch,False,31.68,51,1013
2026-02-03 15:10:00,Refrigerator,light_mode,relay,31.68,51,1013
2026-02-03 15:10:00,Refrigerator,child_lock,False,31.68,51,1013
2026-02-03 15:10:00,Refrigerator,cycle_time,,31.68,51,1013
2026-02-03 15:10:00,Refrigerator,random_time,,31.68,51,1013
2026-02-03 15:10:00,Refrigerator,switch_inching,,31.68,51,1013
2026-02-03 15:10:00,Electric_Fan,switch_1,True,31.68,51,1013
2026-02-03 15:10:00,Electric_Fan,countdown_1,0,31.68,51,1013
2026-02-03 15:10:00,Electric_Fan,add_ele,21,31.68,51,1013
2026-02-03 15:10:00,Electric_Fan,cur_current,0,31.68,51,1013
2026-02-03 15:10:00,Electric_Fan,cur_power,0,31.68,51,1013
2026-02-03 15:10:00,Electric_Fan,cur_voltage,2290,31.68,51,1013
2026-02-03 15:10:00,Electric_Fan,voltage_coe,558,31.68,51,1013
2026-02-03 15:10:00,Electric_Fan,electric_coe,29647,31.68,51,1013
2026-02-03 15:10:00,Electric_Fan,power_coe,15912,31.68,51,1013
2026-02-03 15:10:00,Electric_Fan,electricity_coe,2620,31.68,51,1013
2026-02-03 15:10:00,Electric_Fan,fault,0,31.68,51,1013
2026-02-03 15:10:00,Electric_Fan,relay_status,last,31.68,51,1013
2026-02-03 15:10:00,Electric_Fan,overcharge_switch,False,31.68,51,1013
2026-02-03 15:10:00,Electric_Fan,light_mode,relay,31.68,51,1013
2026-02-03 15:10:00,Electric_Fan,child_lock,False,31.68,51,1013
2026-02-03 15:10:00,Electric_Fan,cycle_time,,31.68,51,1013
2026-02-03 15:10:00,Electric_Fan,random_time,,31.68,51,1013
2026-02-03 15:10:00,Electric_Fan,switch_inching,,31.68,51,1013
2026-02-03 15:20:00,Aircon,switch_1,True,30.66,52,1014
2026-02-03 15:20:00,Aircon,countdown_1,0,30.66,52,1014
2026-02-03 15:20:00,Aircon,add_ele,1,30.66,52,1014
2026-02-03 15:20:00,Aircon,cur_current,0,30.66,52,1014
2026-02-03 15:20:00,Aircon,cur_power,0,30.66,52,1014
2026-02-03 15:20:00,Aircon,cur_voltage,2349,30.66,52,1014
2026-02-03 15:20:00,Aircon,voltage_coe,567,30.66,52,1014
2026-02-03 15:20:00,Aircon,electric_coe,29676,30.66,52,1014
2026-02-03 15:20:00,Aircon,power_coe,15976,30.66,52,1014
2026-02-03 15:20:00,Aircon,electricity_coe,2610,30.66,52,1014
2026-02-03 15:20:00,Aircon,fault,0,30.66,52,1014
2026-02-03 15:20:00,Aircon,relay_status,last,30.66,52,1014
2026-02-03 15:20:00,Aircon,overcharge_switch,False,30.66,52,1014
2026-02-03 15:20:00,Aircon,light_mode,relay,30.66,52,1014
2026-02-03 15:20:00,Aircon,child_lock,False,30.66,52,1014
2026-02-03 15:20:00,Aircon,cycle_time,,30.66,52,1014
2026-02-03 15:20:00,Aircon,random_time,,30.66,52,1014
2026-02-03 15:20:00,Aircon,switch_inching,,30.66,52,1014
2026-02-03 15:20:00,Refrigerator,switch_1,True,30.66,52,1014
2026-02-03 15:20:00,Refrigerator,countdown_1,0,30.66,52,1014
2026-02-03 15:20:00,Refrigerator,add_ele,3,30.66,52,1014
2026-02-03 15:20:00,Refrigerator,cur_current,1114,30.66,52,1014
2026-02-03 15:20:00,Refrigerator,cur_power,1826,30.66,52,1014
2026-02-03 15:20:00,Refrigerator,cur_voltage,2324,30.66,52,1014
2026-02-03 15:20:00,Refrigerator,voltage_coe,559,30.66,52,1014
2026-02-03 15:20:00,Refrigerator,electric_coe,30058,30.66,52,1014
2026-02-03 15:20:00,Refrigerator,power_coe,15968,30.66,52,1014
2026-02-03 15:20:00,Refrigerator,electricity_coe,2610,30.66,52,1014
2026-02-03 15:20:00,Refrigerator,fault,0,30.66,52,1014
2026-02-03 15:20:00,Refrigerator,relay_status,last,30.66,52,1014
2026-02-03 15:20:00,Refrigerator,overcharge_switch,False,30.66,52,1014
2026-02-03 15:20:00,Refrigerator,light_mode,relay,30.66,52,1014
2026-02-03 15:20:00,Refrigerator,child_lock,False,30.66,52,1014
2026-02-03 15:20:00,Refrigerator,cycle_time,,30.66,52,1014
2026-02-03 15:20:00,Refrigerator,random_time,,30.66,52,1014
2026-02-03 15:20:00,Refrigerator,switch_inching,,30.66,52,1014
2026-02-03 15:20:00,Electric_Fan,switch_1,True,30.66,52,1014
2026-02-03 15:20:00,Electric_Fan,countdown_1,0,30.66,52,1014
2026-02-03 15:20:00,Electric_Fan,add_ele,21,30.66,52,1014
2026-02-03 15:20:00,Electric_Fan,cur_current,0,30.66,52,1014
2026-02-03 15:20:00,Electric_Fan,cur_power,0,30.66,52,1014
2026-02-03 15:20:00,Electric_Fan,cur_voltage,2290,30.66,52,1014
2026-02-03 15:20:00,Electric_Fan,voltage_coe,558,30.66,52,1014
2026-02-03 15:20:00,Electric_Fan,electric_coe,29647,30.66,52,1014
2026-02-03 15:20:00,Electric_Fan,power_coe,15912,30.66,52,1014
2026-02-03 15:20:00,Electric_Fan,electricity_coe,2620,30.66,52,1014
2026-02-03 15:20:00,Electric_Fan,fault,0,30.66,52,1014
2026-02-03 15:20:00,Electric_Fan,relay_status,last,30.66,52,1014
2026-02-03 15:20:00,Electric_Fan,overcharge_switch,False,30.66,52,1014
2026-02-03 15:20:00,Electric_Fan,light_mode,relay,30.66,52,1014
2026-02-03 15:20:00,Electric_Fan,child_lock,False,30.66,52,1014
2026-02-03 15:20:00,Electric_Fan,cycle_time,,30.66,52,1014
2026-02-03 15:20:00,Electric_Fan,random_time,,30.66,52,1014
2026-02-03 15:20:00,Electric_Fan,switch_inching,,30.66,52,1014
2026-02-03 15:30:00,Aircon,switch_1,True,30.66,52,1014
2026-02-03 15:30:00,Aircon,countdown_1,0,30.66,52,1014
2026-02-03 15:30:00,Aircon,add_ele,1,30.66,52,1014
2026-02-03 15:30:00,Aircon,cur_current,0,30.66,52,1014
2026-02-03 15:30:00,Aircon,cur_power,0,30.66,52,1014
2026-02-03 15:30:00,Aircon,cur_voltage,2335,30.66,52,1014
2026-02-03 15:30:00,Aircon,voltage_coe,567,30.66,52,1014
2026-02-03 15:30:00,Aircon,electric_coe,29676,30.66,52,1014
2026-02-03 15:30:00,Aircon,power_coe,15976,30.66,52,1014
2026-02-03 15:30:00,Aircon,electricity_coe,2610,30.66,52,1014
2026-02-03 15:30:00,Aircon,fault,0,30.66,52,1014
2026-02-03 15:30:00,Aircon,relay_status,last,30.66,52,1014
2026-02-03 15:30:00,Aircon,overcharge_switch,False,30.66,52,1014
2026-02-03 15:30:00,Aircon,light_mode,relay,30.66,52,1014
2026-02-03 15:30:00,Aircon,child_lock,False,30.66,52,1014
2026-02-03 15:30:00,Aircon,cycle_time,,30.66,52,1014
2026-02-03 15:30:00,Aircon,random_time,,30.66,52,1014
2026-02-03 15:30:00,Aircon,switch_inching,,30.66,52,1014
2026-02-03 15:30:00,Refrigerator,switch_1,True,30.66,52,1014
2026-02-03 15:30:00,Refrigerator,countdown_1,0,30.66,52,1014
2026-02-03 15:30:00,Refrigerator,add_ele,3,30.66,52,1014
2026-02-03 15:30:00,Refrigerator,cur_current,1114,30.66,52,1014
2026-02-03 15:30:00,Refrigerator,cur_power,1826,30.66,52,1014
2026-02-03 15:30:00,Refrigerator,cur_voltage,2324,30.66,52,1014
2026-02-03 15:30:00,Refrigerator,voltage_coe,559,30.66,52,1014
2026-02-03 15:30:00,Refrigerator,electric_coe,30058,30.66,52,1014
2026-02-03 15:30:00,Refrigerator,power_coe,15968,30.66,52,1014
2026-02-03 15:30:00,Refrigerator,electricity_coe,2610,30.66,52,1014
2026-02-03 15:30:00,Refrigerator,fault,0,30.66,52,1014
2026-02-03 15:30:00,Refrigerator,relay_status,last,30.66,52,1014
2026-02-03 15:30:00,Refrigerator,overcharge_switch,False,30.66,52,1014
2026-02-03 15:30:00,Refrigerator,light_mode,relay,30.66,52,1014
2026-02-03 15:30:00,Refrigerator,child_lock,False,30.66,52,1014
2026-02-03 15:30:00,Refrigerator,cycle_time,,30.66,52,1014
2026-02-03 15:30:00,Refrigerator,random_time,,30.66,52,1014
2026-02-03 15:30:00,Refrigerator,switch_inching,,30.66,52,1014
2026-02-03 15:30:00,Electric_Fan,switch_1,True,30.66,52,1014
2026-02-03 15:30:00,Electric_Fan,countdown_1,0,30.66,52,1014
2026-02-03 15:30:00,Electric_Fan,add_ele,21,30.66,52,1014
2026-02-03 15:30:00,Electric_Fan,cur_current,0,30.66,52,1014
2026-02-03 15:30:00,Electric_Fan,cur_power,0,30.66,52,1014
2026-02-03 15:30:00,Electric_Fan,cur_voltage,2290,30.66,52,1014
2026-02-03 15:30:00,Electric_Fan,voltage_coe,558,30.66,52,1014
2026-02-03 15:30:00,Electric_Fan,electric_coe,29647,30.66,52,1014
2026-02-03 15:30:00,Electric_Fan,power_coe,15912,30.66,52,1014
2026-02-03 15:30:00,Electric_Fan,electricity_coe,2620,30.66,52,1014
2026-02-03 15:30:00,Electric_Fan,fault,0,30.66,52,1014
2026-02-03 15:30:00,Electric_Fan,relay_status,last,30.66,52,1014
2026-02-03 15:30:00,Electric_Fan,overcharge_switch,False,30.66,52,1014
2026-02-03 15:30:00,Electric_Fan,light_mode,relay,30.66,52,1014
2026-02-03 15:30:00,Electric_Fan,child_lock,False,30.66,52,1014
2026-02-03 15:30:00,Electric_Fan,cycle_time,,30.66,52,1014
2026-02-03 15:30:00,Electric_Fan,random_time,,30.66,52,1014
2026-02-03 15:30:00,Electric_Fan,switch_inching,,30.66,52,1014
2026-02-03 15:40:00,Aircon,switch_1,True,30.65,53,1013
2026-02-03 15:40:00,Aircon,countdown_1,0,30.65,53,1013
2026-02-03 15:40:00,Aircon,add_ele,1,30.65,53,1013
2026-02-03 15:40:00,Aircon,cur_current,0,30.65,53,1013
2026-02-03 15:40:00,Aircon,cur_power,0,30.65,53,1013
2026-02-03 15:40:00,Aircon,cur_voltage,2335,30.65,53,1013
2026-02-03 15:40:00,Aircon,voltage_coe,567,30.65,53,1013
2026-02-03 15:40:00,Aircon,electric_coe,29676,30.65,53,1013
2026-02-03 15:40:00,Aircon,power_coe,15976,30.65,53,1013
2026-02-03 15:40:00,Aircon,electricity_coe,2610,30.65,53,1013
2026-02-03 15:40:00,Aircon,fault,0,30.65,53,1013
2026-02-03 15:40:00,Aircon,relay_status,last,30.65,53,1013
2026-02-03 15:40:00,Aircon,overcharge_switch,False,30.65,53,1013
2026-02-03 15:40:00,Aircon,light_mode,relay,30.65,53,1013
2026-02-03 15:40:00,Aircon,child_lock,False,30.65,53,1013
2026-02-03 15:40:00,Aircon,cycle_time,,30.65,53,1013
2026-02-03 15:40:00,Aircon,random_time,,30.65,53,1013
2026-02-03 15:40:00,Aircon,switch_inching,,30.65,53,1013
2026-02-03 15:40:00,Refrigerator,switch_1,True,30.65,53,1013
2026-02-03 15:40:00,Refrigerator,countdown_1,0,30.65,53,1013
2026-02-03 15:40:00,Refrigerator,add_ele,58,30.65,53,1013
2026-02-03 15:40:00,Refrigerator,cur_current,1021,30.65,53,1013
2026-02-03 15:40:00,Refrigerator,cur_power,1486,30.65,53,1013
2026-02-03 15:40:00,Refrigerator,cur_voltage,2320,30.65,53,1013
2026-02-03 15:40:00,Refrigerator,voltage_coe,559,30.65,53,1013
2026-02-03 15:40:00,Refrigerator,electric_coe,30058,30.65,53,1013
2026-02-03 15:40:00,Refrigerator,power_coe,15968,30.65,53,1013
2026-02-03 15:40:00,Refrigerator,electricity_coe,2610,30.65,53,1013
2026-02-03 15:40:00,Refrigerator,fault,0,30.65,53,1013
2026-02-03 15:40:00,Refrigerator,relay_status,last,30.65,53,1013
2026-02-03 15:40:00,Refrigerator,overcharge_switch,False,30.65,53,1013
2026-02-03 15:40:00,Refrigerator,light_mode,relay,30.65,53,1013
2026-02-03 15:40:00,Refrigerator,child_lock,False,30.65,53,1013
2026-02-03 15:40:00,Refrigerator,cycle_time,,30.65,53,1013
2026-02-03 15:40:00,Refrigerator,random_time,,30.65,53,1013
2026-02-03 15:40:00,Refrigerator,switch_inching,,30.65,53,1013
2026-02-03 15:40:00,Electric_Fan,switch_1,True,30.65,53,1013
2026-02-03 15:40:00,Electric_Fan,countdown_1,0,30.65,53,1013
2026-02-03 15:40:00,Electric_Fan,add_ele,21,30.65,53,1013
2026-02-03 15:40:00,Electric_Fan,cur_current,0,30.65,53,1013
2026-02-03 15:40:00,Electric_Fan,cur_power,0,30.65,53,1013
2026-02-03 15:40:00,Electric_Fan,cur_voltage,2290,30.65,53,1013
2026-02-03 15:40:00,Electric_Fan,voltage_coe,558,30.65,53,1013
2026-02-03 15:40:00,Electric_Fan,electric_coe,29647,30.65,53,1013
2026-02-03 15:40:00,Electric_Fan,power_coe,15912,30.65,53,1013
2026-02-03 15:40:00,Electric_Fan,electricity_coe,2620,30.65,53,1013
2026-02-03 15:40:00,Electric_Fan,fault,0,30.65,53,1013
2026-02-03 15:40:00,Electric_Fan,relay_status,last,30.65,53,1013
2026-02-03 15:40:00,Electric_Fan,overcharge_switch,False,30.65,53,1013
2026-02-03 15:40:00,Electric_Fan,light_mode,relay,30.65,53,1013
2026-02-03 15:40:00,Electric_Fan,child_lock,False,30.65,53,1013
2026-02-03 15:40:00,Electric_Fan,cycle_time,,30.65,53,1013
2026-02-03 15:40:00,Electric_Fan,random_time,,30.65,53,1013
2026-02-03 15:40:00,Electric_Fan,switch_inching,,30.65,53,1013
2026-02-03 15:50:00,Aircon,switch_1,True,30.24,51,1013
2026-02-03 15:50:00,Aircon,countdown_1,0,30.24,51,1013
2026-02-03 15:50:00,Aircon,add_ele,1,30.24,51,1013
2026-02-03 15:50:00,Aircon,cur_current,0,30.24,51,1013
2026-02-03 15:50:00,Aircon,cur_power,0,30.24,51,1013
2026-02-03 15:50:00,Aircon,cur_voltage,2335,30.24,51,1013
2026-02-03 15:50:00,Aircon,voltage_coe,567,30.24,51,1013
2026-02-03 15:50:00,Aircon,electric_coe,29676,30.24,51,1013
2026-02-03 15:50:00,Aircon,power_coe,15976,30.24,51,1013
2026-02-03 15:50:00,Aircon,electricity_coe,2610,30.24,51,1013
2026-02-03 15:50:00,Aircon,fault,0,30.24,51,1013
2026-02-03 15:50:00,Aircon,relay_status,last,30.24,51,1013
2026-02-03 15:50:00,Aircon,overcharge_switch,False,30.24,51,1013
2026-02-03 15:50:00,Aircon,light_mode,relay,30.24,51,1013
2026-02-03 15:50:00,Aircon,child_lock,False,30.24,51,1013
2026-02-03 15:50:00,Aircon,cycle_time,,30.24,51,1013
2026-02-03 15:50:00,Aircon,random_time,,30.24,51,1013
2026-02-03 15:50:00,Aircon,switch_inching,,30.24,51,1013
2026-02-03 15:50:00,Refrigerator,switch_1,True,30.24,51,1013
2026-02-03 15:50:00,Refrigerator,countdown_1,0,30.24,51,1013
2026-02-03 15:50:00,Refrigerator,add_ele,58,30.24,51,1013
2026-02-03 15:50:00,Refrigerator,cur_current,0,30.24,51,1013
2026-02-03 15:50:00,Refrigerator,cur_power,0,30.24,51,1013
2026-02-03 15:50:00,Refrigerator,cur_voltage,2316,30.24,51,1013
2026-02-03 15:50:00,Refrigerator,voltage_coe,559,30.24,51,1013
2026-02-03 15:50:00,Refrigerator,electric_coe,30058,30.24,51,1013
2026-02-03 15:50:00,Refrigerator,power_coe,15968,30.24,51,1013
2026-02-03 15:50:00,Refrigerator,electricity_coe,2610,30.24,51,1013
2026-02-03 15:50:00,Refrigerator,fault,0,30.24,51,1013
2026-02-03 15:50:00,Refrigerator,relay_status,last,30.24,51,1013
2026-02-03 15:50:00,Refrigerator,overcharge_switch,False,30.24,51,1013
2026-02-03 15:50:00,Refrigerator,light_mode,relay,30.24,51,1013
2026-02-03 15:50:00,Refrigerator,child_lock,False,30.24,51,1013
2026-02-03 15:50:00,Refrigerator,cycle_time,,30.24,51,1013
2026-02-03 15:50:00,Refrigerator,random_time,,30.24,51,1013
2026-02-03 15:50:00,Refrigerator,switch_inching,,30.24,51,1013
2026-02-03 15:50:00,Electric_Fan,switch_1,True,30.24,51,1013
2026-02-03 15:50:00,Electric_Fan,countdown_1,0,30.24,51,1013
2026-02-03 15:50:00,Electric_Fan,add_ele,21,30.24,51,1013
2026-02-03 15:50:00,Electric_Fan,cur_current,0,30.24,51,1013
2026-02-03 15:50:00,Electric_Fan,cur_power,0,30.24,51,1013
2026-02-03 15:50:00,Electric_Fan,cur_voltage,2290,30.24,51,1013
2026-02-03 15:50:00,Electric_Fan,voltage_coe,558,30.24,51,1013
2026-02-03 15:50:00,Electric_Fan,electric_coe,29647,30.24,51,1013
2026-02-03 15:50:00,Electric_Fan,power_coe,15912,30.24,51,1013
2026-02-03 15:50:00,Electric_Fan,electricity_coe,2620,30.24,51,1013
2026-02-03 15:50:00,Electric_Fan,fault,0,30.24,51,1013
2026-02-03 15:50:00,Electric_Fan,relay_status,last,30.24,51,1013
2026-02-03 15:50:00,Electric_Fan,overcharge_switch,False,30.24,51,1013
2026-02-03 15:50:00,Electric_Fan,light_mode,relay,30.24,51,1013
2026-02-03 15:50:00,Electric_Fan,child_lock,False,30.24,51,1013
2026-02-03 15:50:00,Electric_Fan,cycle_time,,30.24,51,1013
2026-02-03 15:50:00,Electric_Fan,random_time,,30.24,51,1013
2026-02-03 15:50:00,Electric_Fan,switch_inching,,30.24,51,1013
2026-02-03 16:00:00,Aircon,switch_1,True,30.24,50,1013
2026-02-03 16:00:00,Aircon,countdown_1,0,30.24,50,1013
2026-02-03 16:00:00,Aircon,add_ele,1,30.24,50,1013
2026-02-03 16:00:00,Aircon,cur_current,0,30.24,50,1013
2026-02-03 16:00:00,Aircon,cur_power,0,30.24,50,1013
2026-02-03 16:00:00,Aircon,cur_voltage,2335,30.24,50,1013
2026-02-03 16:00:00,Aircon,voltage_coe,567,30.24,50,1013
2026-02-03 16:00:00,Aircon,electric_coe,29676,30.24,50,1013
2026-02-03 16:00:00,Aircon,power_coe,15976,30.24,50,1013
2026-02-03 16:00:00,Aircon,electricity_coe,2610,30.24,50,1013
2026-02-03 16:00:00,Aircon,fault,0,30.24,50,1013
2026-02-03 16:00:00,Aircon,relay_status,last,30.24,50,1013
2026-02-03 16:00:00,Aircon,overcharge_switch,False,30.24,50,1013
2026-02-03 16:00:00,Aircon,light_mode,relay,30.24,50,1013
2026-02-03 16:00:00,Aircon,child_lock,False,30.24,50,1013
2026-02-03 16:00:00,Aircon,cycle_time,,30.24,50,1013
2026-02-03 16:00:00,Aircon,random_time,,30.24,50,1013
2026-02-03 16:00:00,Aircon,switch_inching,,30.24,50,1013
2026-02-03 16:00:00,Refrigerator,switch_1,True,30.24,50,1013
2026-02-03 16:00:00,Refrigerator,countdown_1,0,30.24,50,1013
2026-02-03 16:00:00,Refrigerator,add_ele,58,30.24,50,1013
2026-02-03 16:00:00,Refrigerator,cur_current,0,30.24,50,1013
2026-02-03 16:00:00,Refrigerator,cur_power,0,30.24,50,1013
2026-02-03 16:00:00,Refrigerator,cur_voltage,2316,30.24,50,1013
2026-02-03 16:00:00,Refrigerator,voltage_coe,559,30.24,50,1013
2026-02-03 16:00:00,Refrigerator,electric_coe,30058,30.24,50,1013
2026-02-03 16:00:00,Refrigerator,power_coe,15968,30.24,50,1013
2026-02-03 16:00:00,Refrigerator,electricity_coe,2610,30.24,50,1013
2026-02-03 16:00:00,Refrigerator,fault,0,30.24,50,1013
2026-02-03 16:00:00,Refrigerator,relay_status,last,30.24,50,1013
2026-02-03 16:00:00,Refrigerator,overcharge_switch,False,30.24,50,1013
2026-02-03 16:00:00,Refrigerator,light_mode,relay,30.24,50,1013
2026-02-03 16:00:00,Refrigerator,child_lock,False,30.24,50,1013
2026-02-03 16:00:00,Refrigerator,cycle_time,,30.24,50,1013
2026-02-03 16:00:00,Refrigerator,random_time,,30.24,50,1013
2026-02-03 16:00:00,Refrigerator,switch_inching,,30.24,50,1013
2026-02-03 16:00:00,Electric_Fan,switch_1,True,30.24,50,1013
2026-02-03 16:00:00,Electric_Fan,countdown_1,0,30.24,50,1013
2026-02-03 16:00:00,Electric_Fan,add_ele,21,30.24,50,1013
2026-02-03 16:00:00,Electric_Fan,cur_current,0,30.24,50,1013
2026-02-03 16:00:00,Electric_Fan,cur_power,0,30.24,50,1013
2026-02-03 16:00:00,Electric_Fan,cur_voltage,2290,30.24,50,1013
2026-02-03 16:00:00,Electric_Fan,voltage_coe,558,30.24,50,1013
2026-02-03 16:00:00,Electric_Fan,electric_coe,29647,30.24,50,1013
2026-02-03 16:00:00,Electric_Fan,power_coe,15912,30.24,50,1013
2026-02-03 16:00:00,Electric_Fan,electricity_coe,2620,30.24,50,1013
2026-02-03 16:00:00,Electric_Fan,fault,0,30.24,50,1013
2026-02-03 16:00:00,Electric_Fan,relay_status,last,30.24,50,1013
2026-02-03 16:00:00,Electric_Fan,overcharge_switch,False,30.24,50,1013
2026-02-03 16:00:00,Electric_Fan,light_mode,relay,30.24,50,1013
2026-02-03 16:00:00,Electric_Fan,child_lock,False,30.24,50,1013
2026-02-03 16:00:00,Electric_Fan,cycle_time,,30.24,50,1013
2026-02-03 16:00:00,Electric_Fan,random_time,,30.24,50,1013
2026-02-03 16:00:00,Electric_Fan,switch_inching,,30.24,50,1013
2026-02-03 16:10:00,Aircon,switch_1,True,30.24,51,1014
2026-02-03 16:10:00,Aircon,countdown_1,0,30.24,51,1014
2026-02-03 16:10:00,Aircon,add_ele,1,30.24,51,1014
2026-02-03 16:10:00,Aircon,cur_current,0,30.24,51,1014
2026-02-03 16:10:00,Aircon,cur_power,0,30.24,51,1014
2026-02-03 16:10:00,Aircon,cur_voltage,2335,30.24,51,1014
2026-02-03 16:10:00,Aircon,voltage_coe,567,30.24,51,1014
2026-02-03 16:10:00,Aircon,electric_coe,29676,30.24,51,1014
2026-02-03 16:10:00,Aircon,power_coe,15976,30.24,51,1014
2026-02-03 16:10:00,Aircon,electricity_coe,2610,30.24,51,1014
2026-02-03 16:10:00,Aircon,fault,0,30.24,51,1014
2026-02-03 16:10:00,Aircon,relay_status,last,30.24,51,1014
2026-02-03 16:10:00,Aircon,overcharge_switch,False,30.24,51,1014
2026-02-03 16:10:00,Aircon,light_mode,relay,30.24,51,1014
2026-02-03 16:10:00,Aircon,child_lock,False,30.24,51,1014
2026-02-03 16:10:00,Aircon,cycle_time,,30.24,51,1014
2026-02-03 16:10:00,Aircon,random_time,,30.24,51,1014
2026-02-03 16:10:00,Aircon,switch_inching,,30.24,51,1014
2026-02-03 16:10:00,Refrigerator,switch_1,True,30.24,51,1014
2026-02-03 16:10:00,Refrigerator,countdown_1,0,30.24,51,1014
2026-02-03 16:10:00,Refrigerator,add_ele,28,30.24,51,1014
2026-02-03 16:10:00,Refrigerator,cur_current,0,30.24,51,1014
2026-02-03 16:10:00,Refrigerator,cur_power,0,30.24,51,1014
2026-02-03 16:10:00,Refrigerator,cur_voltage,2316,30.24,51,1014
2026-02-03 16:10:00,Refrigerator,voltage_coe,559,30.24,51,1014
2026-02-03 16:10:00,Refrigerator,electric_coe,30058,30.24,51,1014
2026-02-03 16:10:00,Refrigerator,power_coe,15968,30.24,51,1014
2026-02-03 16:10:00,Refrigerator,electricity_coe,2610,30.24,51,1014
2026-02-03 16:10:00,Refrigerator,fault,0,30.24,51,1014
2026-02-03 16:10:00,Refrigerator,relay_status,last,30.24,51,1014
2026-02-03 16:10:00,Refrigerator,overcharge_switch,False,30.24,51,1014
2026-02-03 16:10:00,Refrigerator,light_mode,relay,30.24,51,1014
2026-02-03 16:10:00,Refrigerator,child_lock,False,30.24,51,1014
2026-02-03 16:10:00,Refrigerator,cycle_time,,30.24,51,1014
2026-02-03 16:10:00,Refrigerator,random_time,,30.24,51,1014
2026-02-03 16:10:00,Refrigerator,switch_inching,,30.24,51,1014
2026-02-03 16:10:00,Electric_Fan,switch_1,True,30.24,51,1014
2026-02-03 16:10:00,Electric_Fan,countdown_1,0,30.24,51,1014
2026-02-03 16:10:00,Electric_Fan,add_ele,21,30.24,51,1014
2026-02-03 16:10:00,Electric_Fan,cur_current,0,30.24,51,1014
2026-02-03 16:10:00,Electric_Fan,cur_power,0,30.24,51,1014
2026-02-03 16:10:00,Electric_Fan,cur_voltage,2290,30.24,51,1014
2026-02-03 16:10:00,Electric_Fan,voltage_coe,558,30.24,51,1014
2026-02-03 16:10:00,Electric_Fan,electric_coe,29647,30.24,51,1014
2026-02-03 16:10:00,Electric_Fan,power_coe,15912,30.24,51,1014
2026-02-03 16:10:00,Electric_Fan,electricity_coe,2620,30.24,51,1014
2026-02-03 16:10:00,Electric_Fan,fault,0,30.24,51,1014
2026-02-03 16:10:00,Electric_Fan,relay_status,last,30.24,51,1014
2026-02-03 16:10:00,Electric_Fan,overcharge_switch,False,30.24,51,1014
2026-02-03 16:10:00,Electric_Fan,light_mode,relay,30.24,51,1014
2026-02-03 16:10:00,Electric_Fan,child_lock,False,30.24,51,1014
2026-02-03 16:10:00,Electric_Fan,cycle_time,,30.24,51,1014
2026-02-03 16:10:00,Electric_Fan,random_time,,30.24,51,1014
2026-02-03 16:10:00,Electric_Fan,switch_inching,,30.24,51,1014
2026-02-03 16:20:00,Aircon,switch_1,True,30.06,53,1014
2026-02-03 16:20:00,Aircon,countdown_1,0,30.06,53,1014
2026-02-03 16:20:00,Aircon,add_ele,1,30.06,53,1014
2026-02-03 16:20:00,Aircon,cur_current,0,30.06,53,1014
2026-02-03 16:20:00,Aircon,cur_power,0,30.06,53,1014
2026-02-03 16:20:00,Aircon,cur_voltage,2335,30.06,53,1014
2026-02-03 16:20:00,Aircon,voltage_coe,567,30.06,53,1014
2026-02-03 16:20:00,Aircon,electric_coe,29676,30.06,53,1014
2026-02-03 16:20:00,Aircon,power_coe,15976,30.06,53,1014
2026-02-03 16:20:00,Aircon,electricity_coe,2610,30.06,53,1014
2026-02-03 16:20:00,Aircon,fault,0,30.06,53,1014
2026-02-03 16:20:00,Aircon,relay_status,last,30.06,53,1014
2026-02-03 16:20:00,Aircon,overcharge_switch,False,30.06,53,1014
2026-02-03 16:20:00,Aircon,light_mode,relay,30.06,53,1014
2026-02-03 16:20:00,Aircon,child_lock,False,30.06,53,1014
2026-02-03 16:20:00,Aircon,cycle_time,,30.06,53,1014
2026-02-03 16:20:00,Aircon,random_time,,30.06,53,1014
2026-02-03 16:20:00,Aircon,switch_inching,,30.06,53,1014
2026-02-03 16:20:00,Refrigerator,switch_1,True,30.06,53,1014
2026-02-03 16:20:00,Refrigerator,countdown_1,0,30.06,53,1014
2026-02-03 16:20:00,Refrigerator,add_ele,28,30.06,53,1014
2026-02-03 16:20:00,Refrigerator,cur_current,1108,30.06,53,1014
2026-02-03 16:20:00,Refrigerator,cur_power,1811,30.06,53,1014
2026-02-03 16:20:00,Refrigerator,cur_voltage,2320,30.06,53,1014
2026-02-03 16:20:00,Refrigerator,voltage_coe,559,30.06,53,1014
2026-02-03 16:20:00,Refrigerator,electric_coe,30058,30.06,53,1014
2026-02-03 16:20:00,Refrigerator,power_coe,15968,30.06,53,1014
2026-02-03 16:20:00,Refrigerator,electricity_coe,2610,30.06,53,1014
2026-02-03 16:20:00,Refrigerator,fault,0,30.06,53,1014
2026-02-03 16:20:00,Refrigerator,relay_status,last,30.06,53,1014
2026-02-03 16:20:00,Refrigerator,overcharge_switch,False,30.06,53,1014
2026-02-03 16:20:00,Refrigerator,light_mode,relay,30.06,53,1014
2026-02-03 16:20:00,Refrigerator,child_lock,False,30.06,53,1014
2026-02-03 16:20:00,Refrigerator,cycle_time,,30.06,53,1014
2026-02-03 16:20:00,Refrigerator,random_time,,30.06,53,1014
2026-02-03 16:20:00,Refrigerator,switch_inching,,30.06,53,1014
2026-02-03 16:20:00,Electric_Fan,switch_1,True,30.06,53,1014
2026-02-03 16:20:00,Electric_Fan,countdown_1,0,30.06,53,1014
2026-02-03 16:20:00,Electric_Fan,add_ele,21,30.06,53,1014
2026-02-03 16:20:00,Electric_Fan,cur_current,0,30.06,53,1014
2026-02-03 16:20:00,Electric_Fan,cur_power,0,30.06,53,1014
2026-02-03 16:20:00,Electric_Fan,cur_voltage,2290,30.06,53,1014
2026-02-03 16:20:00,Electric_Fan,voltage_coe,558,30.06,53,1014
2026-02-03 16:20:00,Electric_Fan,electric_coe,29647,30.06,53,1014
2026-02-03 16:20:00,Electric_Fan,power_coe,15912,30.06,53,1014
2026-02-03 16:20:00,Electric_Fan,electricity_coe,2620,30.06,53,1014
2026-02-03 16:20:00,Electric_Fan,fault,0,30.06,53,1014
2026-02-03 16:20:00,Electric_Fan,relay_status,last,30.06,53,1014
2026-02-03 16:20:00,Electric_Fan,overcharge_switch,False,30.06,53,1014
2026-02-03 16:20:00,Electric_Fan,light_mode,relay,30.06,53,1014
2026-02-03 16:20:00,Electric_Fan,child_lock,False,30.06,53,1014
2026-02-03 16:20:00,Electric_Fan,cycle_time,,30.06,53,1014
2026-02-03 16:20:00,Electric_Fan,random_time,,30.06,53,1014
2026-02-03 16:20:00,Electric_Fan,switch_inching,,30.06,53,1014
2026-02-03 16:30:00,Aircon,switch_1,True,29.6,53,1014
2026-02-03 16:30:00,Aircon,countdown_1,0,29.6,53,1014
2026-02-03 16:30:00,Aircon,add_ele,1,29.6,53,1014
2026-02-03 16:30:00,Aircon,cur_current,0,29.6,53,1014
2026-02-03 16:30:00,Aircon,cur_power,0,29.6,53,1014
2026-02-03 16:30:00,Aircon,cur_voltage,2335,29.6,53,1014
2026-02-03 16:30:00,Aircon,voltage_coe,567,29.6,53,1014
2026-02-03 16:30:00,Aircon,electric_coe,29676,29.6,53,1014
2026-02-03 16:30:00,Aircon,power_coe,15976,29.6,53,1014
2026-02-03 16:30:00,Aircon,electricity_coe,2610,29.6,53,1014
2026-02-03 16:30:00,Aircon,fault,0,29.6,53,1014
2026-02-03 16:30:00,Aircon,relay_status,last,29.6,53,1014
2026-02-03 16:30:00,Aircon,overcharge_switch,False,29.6,53,1014
2026-02-03 16:30:00,Aircon,light_mode,relay,29.6,53,1014
2026-02-03 16:30:00,Aircon,child_lock,False,29.6,53,1014
2026-02-03 16:30:00,Aircon,cycle_time,,29.6,53,1014
2026-02-03 16:30:00,Aircon,random_time,,29.6,53,1014
2026-02-03 16:30:00,Aircon,switch_inching,,29.6,53,1014
2026-02-03 16:30:00,Refrigerator,switch_1,True,29.6,53,1014
2026-02-03 16:30:00,Refrigerator,countdown_1,0,29.6,53,1014
2026-02-03 16:30:00,Refrigerator,add_ele,28,29.6,53,1014
2026-02-03 16:30:00,Refrigerator,cur_current,1072,29.6,53,1014
2026-02-03 16:30:00,Refrigerator,cur_power,1677,29.6,53,1014
2026-02-03 16:30:00,Refrigerator,cur_voltage,2320,29.6,53,1014
2026-02-03 16:30:00,Refrigerator,voltage_coe,559,29.6,53,1014
2026-02-03 16:30:00,Refrigerator,electric_coe,30058,29.6,53,1014
2026-02-03 16:30:00,Refrigerator,power_coe,15968,29.6,53,1014
2026-02-03 16:30:00,Refrigerator,electricity_coe,2610,29.6,53,1014
2026-02-03 16:30:00,Refrigerator,fault,0,29.6,53,1014
2026-02-03 16:30:00,Refrigerator,relay_status,last,29.6,53,1014
2026-02-03 16:30:00,Refrigerator,overcharge_switch,False,29.6,53,1014
2026-02-03 16:30:00,Refrigerator,light_mode,relay,29.6,53,1014
2026-02-03 16:30:00,Refrigerator,child_lock,False,29.6,53,1014
2026-02-03 16:30:00,Refrigerator,cycle_time,,29.6,53,1014
2026-02-03 16:30:00,Refrigerator,random_time,,29.6,53,1014
2026-02-03 16:30:00,Refrigerator,switch_inching,,29.6,53,1014
2026-02-03 16:30:00,Electric_Fan,switch_1,True,29.6,53,1014
2026-02-03 16:30:00,Electric_Fan,countdown_1,0,29.6,53,1014
2026-02-03 16:30:00,Electric_Fan,add_ele,21,29.6,53,1014
2026-02-03 16:30:00,Electric_Fan,cur_current,0,29.6,53,1014
2026-02-03 16:30:00,Electric_Fan,cur_power,0,29.6,53,1014
2026-02-03 16:30:00,Electric_Fan,cur_voltage,2290,29.6,53,1014
2026-02-03 16:30:00,Electric_Fan,voltage_coe,558,29.6,53,1014
2026-02-03 16:30:00,Electric_Fan,electric_coe,29647,29.6,53,1014
2026-02-03 16:30:00,Electric_Fan,power_coe,15912,29.6,53,1014
2026-02-03 16:30:00,Electric_Fan,electricity_coe,2620,29.6,53,1014
2026-02-03 16:30:00,Electric_Fan,fault,0,29.6,53,1014
2026-02-03 16:30:00,Electric_Fan,relay_status,last,29.6,53,1014
2026-02-03 16:30:00,Electric_Fan,overcharge_switch,False,29.6,53,1014
2026-02-03 16:30:00,Electric_Fan,light_mode,relay,29.6,53,1014
2026-02-03 16:30:00,Electric_Fan,child_lock,False,29.6,53,1014
2026-02-03 16:30:00,Electric_Fan,cycle_time,,29.6,53,1014
2026-02-03 16:30:00,Electric_Fan,random_time,,29.6,53,1014
2026-02-03 16:30:00,Electric_Fan,switch_inching,,29.6,53,1014
2026-02-03 16:40:00,Aircon,switch_1,True,29.88,51,1014
2026-02-03 16:40:00,Aircon,countdown_1,0,29.88,51,1014
2026-02-03 16:40:00,Aircon,add_ele,1,29.88,51,1014
2026-02-03 16:40:00,Aircon,cur_current,0,29.88,51,1014
2026-02-03 16:40:00,Aircon,cur_power,0,29.88,51,1014
2026-02-03 16:40:00,Aircon,cur_voltage,2327,29.88,51,1014
2026-02-03 16:40:00,Aircon,voltage_coe,567,29.88,51,1014
2026-02-03 16:40:00,Aircon,electric_coe,29676,29.88,51,1014
2026-02-03 16:40:00,Aircon,power_coe,15976,29.88,51,1014
2026-02-03 16:40:00,Aircon,electricity_coe,2610,29.88,51,1014
2026-02-03 16:40:00,Aircon,fault,0,29.88,51,1014
2026-02-03 16:40:00,Aircon,relay_status,last,29.88,51,1014
2026-02-03 16:40:00,Aircon,overcharge_switch,False,29.88,51,1014
2026-02-03 16:40:00,Aircon,light_mode,relay,29.88,51,1014
2026-02-03 16:40:00,Aircon,child_lock,False,29.88,51,1014
2026-02-03 16:40:00,Aircon,cycle_time,,29.88,51,1014
2026-02-03 16:40:00,Aircon,random_time,,29.88,51,1014
2026-02-03 16:40:00,Aircon,switch_inching,,29.88,51,1014
2026-02-03 16:40:00,Refrigerator,switch_1,True,29.88,51,1014
2026-02-03 16:40:00,Refrigerator,countdown_1,0,29.88,51,1014
2026-02-03 16:40:00,Refrigerator,add_ele,31,29.88,51,1014
2026-02-03 16:40:00,Refrigerator,cur_current,1072,29.88,51,1014
2026-02-03 16:40:00,Refrigerator,cur_power,1677,29.88,51,1014
2026-02-03 16:40:00,Refrigerator,cur_voltage,2320,29.88,51,1014
2026-02-03 16:40:00,Refrigerator,voltage_coe,559,29.88,51,1014
2026-02-03 16:40:00,Refrigerator,electric_coe,30058,29.88,51,1014
2026-02-03 16:40:00,Refrigerator,power_coe,15968,29.88,51,1014
2026-02-03 16:40:00,Refrigerator,electricity_coe,2610,29.88,51,1014
2026-02-03 16:40:00,Refrigerator,fault,0,29.88,51,1014
2026-02-03 16:40:00,Refrigerator,relay_status,last,29.88,51,1014
2026-02-03 16:40:00,Refrigerator,overcharge_switch,False,29.88,51,1014
2026-02-03 16:40:00,Refrigerator,light_mode,relay,29.88,51,1014
2026-02-03 16:40:00,Refrigerator,child_lock,False,29.88,51,1014
2026-02-03 16:40:00,Refrigerator,cycle_time,,29.88,51,1014
2026-02-03 16:40:00,Refrigerator,random_time,,29.88,51,1014
2026-02-03 16:40:00,Refrigerator,switch_inching,,29.88,51,1014
2026-02-03 16:40:00,Electric_Fan,switch_1,True,29.88,51,1014
2026-02-03 16:40:00,Electric_Fan,countdown_1,0,29.88,51,1014
2026-02-03 16:40:00,Electric_Fan,add_ele,21,29.88,51,1014
2026-02-03 16:40:00,Electric_Fan,cur_current,0,29.88,51,1014
2026-02-03 16:40:00,Electric_Fan,cur_power,0,29.88,51,1014
2026-02-03 16:40:00,Electric_Fan,cur_voltage,2290,29.88,51,1014
2026-02-03 16:40:00,Electric_Fan,voltage_coe,558,29.88,51,1014
2026-02-03 16:40:00,Electric_Fan,electric_coe,29647,29.88,51,1014
2026-02-03 16:40:00,Electric_Fan,power_coe,15912,29.88,51,1014
2026-02-03 16:40:00,Electric_Fan,electricity_coe,2620,29.88,51,1014
2026-02-03 16:40:00,Electric_Fan,fault,0,29.88,51,1014
2026-02-03 16:40:00,Electric_Fan,relay_status,last,29.88,51,1014
2026-02-03 16:40:00,Electric_Fan,overcharge_switch,False,29.88,51,1014
2026-02-03 16:40:00,Electric_Fan,light_mode,relay,29.88,51,1014
2026-02-03 16:40:00,Electric_Fan,child_lock,False,29.88,51,1014
2026-02-03 16:40:00,Electric_Fan,cycle_time,,29.88,51,1014
2026-02-03 16:40:00,Electric_Fan,random_time,,29.88,51,1014
2026-02-03 16:40:00,Electric_Fan,switch_inching,,29.88,51,1014
