timestamp,temperature,humidity,rainfall
2026-01-03 15:56:00.000,,,0.0
2026-01-03 16:06:00.000,,,0.0
2026-01-03 16:16:00.000,,,0.0
2026-01-03 16:26:00.000,,,0.0
2026-01-03 16:36:00.000,,,0.0
2026-01-03 16:46:00.000,,,0.0
2026-01-03 16:56:00.000,,,0.0
2026-01-03 17:06:00.000,,,0.0
2026-01-03 17:16:00.000,,,0.0
2026-01-03 17:26:00.000,,,0.0
2026-01-03 17:36:00.000,,,0.0
2026-01-03 17:46:00.000,,,0.0
2026-01-03 17:56:00.000,,,0.0
2026-01-03 18:06:00.000,,,0.0
2026-01-03 18:16:00.000,,,0.0
2026-01-03 18:26:00.000,,,0.0
2026-01-03 18:36:00.000,,,0.0
2026-01-03 18:46:00.000,,,0.0
2026-01-03 18:56:00.000,,,0.0
2026-01-03 19:06:00.000,,,0.0
2026-01-03 19:16:00.000,,,0.0
2026-01-03 19:26:00.000,,,0.0
2026-01-03 19:36:00.000,,,0.0
2026-01-03 19:46:00.000,,,0.0
2026-01-03 19:56:00.000,,,0.0
2026-01-03 20:06:00.000,,,0.0
2026-01-03 20:16:00.000,,,0.0
2026-01-03 20:26:00.000,,,0.0
2026-01-03 20:36:00.000,,,0.0
2026-01-03 20:46:00.000,,,0.0
2026-01-03 20:56:00.000,,,0.0
2026-01-03 21:06:00.000,,,0.0
2026-01-03 21:16:00.000,,,0.0
2026-01-03 21:26:00.000,,,0.0
2026-01-03 21:36:00.000,,,0.0
2026-01-03 21:46:00.000,,,0.0
2026-01-03 21:56:00.000,,,0.0
2026-01-03 22:06:00.000,,,0.0
2026-01-03 22:16:00.000,,,0.0
2026-01-03 22:26:00.000,,,0.0
2026-01-03 22:36:00.000,,,0.0
2026-01-03 22:46:00.000,,,0.0
2026-01-03 22:56:00.000,,,0.0
2026-01-03 23:06:00.000,,,0.0
2026-01-03 23:16:00.000,,,0.0
2026-01-03 23:26:00.000,,,0.0
2026-01-03 23:36:00.000,,,0.0
2026-01-03 23:46:00.000,,,0.0
2026-01-03 23:56:00.000,,,0.0
2026-01-04 00:06:00.000,,,0.0
2026-01-04 00:16:00.000,,,0.0
2026-01-04 00:26:00.000,,,0.0
2026-01-04 00:36:00.000,,,0.0
2026-01-04 00:46:00.000,,,0.0
2026-01-04 00:56:00.000,,,0.0
2026-01-04 01:06:00.000,,,0.0
2026-01-04 01:16:00.000,,,0.0
2026-01-04 01:26:00.000,,,0.0
2026-01-04 01:36:00.000,,,0.0
2026-01-04 01:46:00.000,,,0.0
2026-01-04 01:56:00.000,,,0.0
2026-01-04 02:06:00.000,,,0.0
2026-01-04 02:16:00.000,,,0.0
2026-01-04 02:26:00.000,,,0.0
2026-01-04 02:36:00.000,,,0.0
2026-01-04 02:46:00.000,,,0.0
2026-01-04 02:56:00.000,,,0.0
2026-01-04 03:06:00.000,,,0.0
2026-01-04 03:16:00.000,,,0.0
2026-01-04 03:26:00.000,,,0.0
2026-01-04 03:36:00.000,,,0.0
2026-01-04 03:46:00.000,,,0.0
2026-01-04 03:56:00.000,,,0.0
2026-01-04 04:06:00.000,,,0.0
2026-01-04 04:16:00.000,,,0.0
2026-01-04 04:26:00.000,,,0.0
2026-01-04 04:36:00.000,,,0.0
2026-01-04 04:46:00.000,,,0.0
2026-01-04 04:56:00.000,,,0.0
2026-01-04 05:06:00.000,,,0.0
2026-01-04 05:16:00.000,,,0.0
2026-01-04 05:26:00.000,,,0.0
2026-01-04 05:36:00.000,,,0.0
2026-01-04 05:46:00.000,,,0.0
2026-01-04 05:56:00.000,,,0.0
2026-01-04 06:06:00.000,,,0.0
2026-01-04 06:16:00.000,,,0.0
2026-01-04 06:26:00.000,,,0.0
2026-01-04 06:36:00.000,,,0.0
2026-01-04 06:46:00.000,,,0.0
2026-01-04 06:56:00.000,,,0.0
2026-01-04 07:06:00.000,,,0.0
2026-01-04 07:16:00.000,,,0.0
2026-01-04 07:26:00.000,,,0.0
2026-01-04 07:36:00.000,,,0.0
2026-01-04 07:46:00.000,,,0.0
2026-01-04 07:56:00.000,,,0.0
2026-01-04 08:06:00.000,,,0.0
2026-01-04 08:16:00.000,,,0.0
2026-01-04 08:26:00.000,,,0.0
2026-01-04 08:36:00.000,,,0.0
2026-01-04 08:46:00.000,,,0.0
2026-01-04 08:56:00.000,,,0.0
2026-01-04 09:06:00.000,,,0.0
2026-01-04 09:16:00.000,,,0.0
2026-01-04 09:26:00.000,,,0.0
2026-01-04 09:36:00.000,,,0.0
2026-01-04 09:46:00.000,,,0.0
2026-01-04 09:56:00.000,,,0.0
2026-01-04 10:06:00.000,,,0.0
2026-01-04 10:16:00.000,,,0.0
2026-01-04 10:26:00.000,,,0.0
2026-01-04 10:36:00.000,,,0.0
2026-01-04 10:46:00.000,,,0.0
2026-01-04 10:56:00.000,,,0.0
2026-01-04 11:06:00.000,,,0.0
2026-01-04 11:16:00.000,,,0.0
2026-01-04 11:26:00.000,,,0.0
2026-01-04 11:36:00.000,,,0.0
2026-01-04 11:46:00.000,,,0.0
2026-01-04 11:56:00.000,,,0.0
2026-01-04 12:06:00.000,,,0.0
2026-01-04 12:16:00.000,,,0.0
2026-01-04 12:26:00.000,,,0.0
2026-01-04 12:36:00.000,,,0.0
2026-01-04 12:46:00.000,,,0.0
2026-01-04 12:56:00.000,,,0.0
2026-01-04 13:06:00.000,,,0.0
2026-01-04 13:16:00.000,,,0.0
2026-01-04 13:26:00.000,,,0.0
2026-01-04 13:36:00.000,,,0.0
2026-01-04 13:46:00.000,,,0.0
2026-01-04 13:56:00.000,,,0.0
2026-01-04 14:06:00.000,,,0.0
2026-01-04 14:16:00.000,,,0.0
2026-01-04 14:26:00.000,,,0.0
2026-01-04 14:36:00.000,,,0.0
2026-01-04 14:46:00.000,,,0.0
2026-01-04 14:56:00.000,,,0.0
2026-01-04 15:06:00.000,,,0.0
2026-01-04 15:16:00.000,,,0.0
2026-01-04 15:26:00.000,,,0.0
2026-01-04 15:36:00.000,,,0.0
2026-01-04 15:46:00.000,,,0.0
2026-01-04 15:56:00.000,,,0.0
2026-01-04 16:06:00.000,,,0.0
2026-01-04 16:16:00.000,,,0.0
2026-01-04 16:26:00.000,,,0.0
2026-01-04 16:36:00.000,,,0.0
2026-01-04 16:46:00.000,,,0.0
2026-01-04 16:56:00.000,,,0.0
2026-01-04 17:06:00.000,,,0.0
2026-01-04 17:16:00.000,,,0.0
2026-01-04 17:26:00.000,,,0.0
2026-01-04 17:36:00.000,,,0.0
2026-01-04 17:46:00.000,,,0.0
2026-01-04 17:56:00.000,,,0.0
2026-01-04 18:06:00.000,,,0.0
2026-01-04 18:16:00.000,,,0.0
2026-01-04 18:26:00.000,,,0.0
2026-01-04 18:36:00.000,,,0.0
2026-01-04 18:46:00.000,,,0.0
2026-01-04 18:56:00.000,,,0.0
2026-01-04 19:06:00.000,,,0.0
2026-01-04 19:16:00.000,,,0.0
2026-01-04 19:26:00.000,,,0.0
2026-01-04 19:36:00.000,,,0.0
2026-01-04 19:46:00.000,,,0.0
2026-01-04 19:56:00.000,,,0.0
2026-01-04 20:06:00.000,,,0.0
2026-01-04 20:16:00.000,,,0.0
2026-01-04 20:26:00.000,,,0.0
2026-01-04 20:36:00.000,,,0.0
2026-01-04 20:46:00.000,,,0.0
2026-01-04 20:56:00.000,,,0.0
2026-01-04 21:06:00.000,,,0.0
2026-01-04 21:16:00.000,,,0.0
2026-01-04 21:26:00.000,,,0.0
2026-01-04 21:36:00.000,,,0.0
2026-01-04 21:46:00.000,,,0.0
2026-01-04 21:56:00.000,,,0.0
2026-01-04 22:06:00.000,,,0.0
2026-01-04 22:16:00.000,,,0.0
2026-01-04 22:26:00.000,,,0.0
2026-01-04 22:36:00.000,,,0.0
2026-01-04 22:46:00.000,,,0.0
2026-01-04 22:56:00.000,,,0.0
2026-01-04 23:06:00.000,,,0.0
2026-01-04 23:16:00.000,,,0.0
2026-01-04 23:26:00.000,,,0.0
2026-01-04 23:36:00.000,,,0.0
2026-01-04 23:46:00.000,,,0.0
2026-01-04 23:56:00.000,,,0.0
2026-01-05 00:06:00.000,,,0.0
2026-01-05 00:16:00.000,,,0.0
2026-01-05 00:26:00.000,,,0.0
2026-01-05 00:36:00.000,,,0.0
2026-01-05 00:46:00.000,,,0.0
2026-01-05 00:56:00.000,,,0.0
2026-01-05 01:06:00.000,,,0.0
2026-01-05 01:16:00.000,,,0.0
2026-01-05 01:26:00.000,,,0.0
2026-01-05 01:36:00.000,,,0.0
2026-01-05 01:46:00.000,,,0.0
2026-01-05 01:56:00.000,,,0.0
2026-01-05 02:06:00.000,,,0.0
2026-01-05 02:16:00.000,,,0.0
2026-01-05 02:26:00.000,,,0.0
2026-01-05 02:36:00.000,,,0.0
2026-01-05 02:46:00.000,,,0.0
2026-01-05 02:56:00.000,,,0.0
2026-01-05 03:06:00.000,,,0.0
2026-01-05 03:16:00.000,,,0.0
2026-01-05 03:26:00.000,,,0.0
2026-01-05 03:36:00.000,,,0.0
2026-01-05 03:46:00.000,,,0.0
2026-01-05 03:56:00.000,,,0.0
2026-01-05 04:06:00.000,,,0.0
2026-01-05 04:16:00.000,,,0.0
2026-01-05 04:26:00.000,,,0.0
2026-01-05 04:36:00.000,,,0.0
2026-01-05 04:46:00.000,,,0.0
2026-01-05 04:56:00.000,,,0.0
2026-01-05 05:06:00.000,,,0.0
2026-01-05 05:16:00.000,,,0.0
2026-01-05 05:26:00.000,,,0.0
2026-01-05 05:36:00.000,,,0.0
2026-01-05 05:46:00.000,,,0.0
2026-01-05 05:56:00.000,,,0.0
2026-01-05 06:06:00.000,,,0.0
2026-01-05 06:16:00.000,,,0.0
2026-01-05 06:26:00.000,,,0.0
2026-01-05 06:36:00.000,25.07,79.0,0.0
2026-01-05 06:46:00.000,,,0.0
2026-01-05 06:56:00.000,,,0.0
2026-01-05 07:06:00.000,,,0.0
2026-01-05 07:16:00.000,,,0.0
2026-01-05 07:26:00.000,,,0.0
2026-01-05 07:36:00.000,,,0.0
2026-01-05 07:46:00.000,,,0.0
2026-01-05 07:56:00.000,,,0.0
2026-01-05 08:06:00.000,,,0.0
2026-01-05 08:16:00.000,,,0.0
2026-01-05 08:26:00.000,,,0.0
2026-01-05 08:36:00.000,,,0.0
2026-01-05 08:46:00.000,,,0.0
2026-01-05 08:56:00.000,,,0.0
2026-01-05 09:06:00.000,,,0.0
2026-01-05 09:16:00.000,,,0.0
2026-01-05 09:26:00.000,,,0.0
2026-01-05 09:36:00.000,,,0.0
2026-01-05 09:46:00.000,,,0.0
2026-01-05 09:56:00.000,,,0.0
2026-01-05 10:06:00.000,,,0.0
2026-01-05 10:16:00.000,,,0.0
2026-01-05 10:26:00.000,,,0.0
2026-01-05 10:36:00.000,,,0.0
2026-01-05 10:46:00.000,,,0.0
2026-01-05 10:56:00.000,,,0.0
2026-01-05 11:06:00.000,,,0.0
2026-01-05 11:16:00.000,,,0.0
2026-01-05 11:26:00.000,,,0.0
2026-01-05 11:36:00.000,,,0.0
2026-01-05 11:46:00.000,,,0.0
2026-01-05 11:56:00.000,,,0.0
2026-01-05 12:06:00.000,,,0.0
2026-01-05 12:16:00.000,,,0.0
2026-01-05 12:26:00.000,,,0.0
2026-01-05 12:36:00.000,,,0.0
2026-01-05 12:46:00.000,,,0.0
2026-01-05 12:56:00.000,,,0.0
2026-01-05 13:06:00.000,,,0.0
2026-01-05 13:16:00.000,,,0.0
2026-01-05 13:26:00.000,,,0.0
2026-01-05 13:36:00.000,,,0.0
2026-01-05 13:46:00.000,,,0.0
2026-01-05 13:56:00.000,,,0.0
2026-01-05 14:06:00.000,,,0.0
2026-01-05 14:16:00.000,,,0.0
2026-01-05 14:26:00.000,,,0.0
2026-01-05 14:36:00.000,,,0.0
2026-01-05 14:46:00.000,,,0.0
2026-01-05 14:56:00.000,,,0.0
2026-01-05 15:06:00.000,,,0.0
2026-01-05 15:16:00.000,,,0.0
2026-01-05 15:26:00.000,,,0.0
2026-01-05 15:36:00.000,,,0.0
2026-01-05 15:46:00.000,,,0.0
2026-01-05 15:56:00.000,,,0.0
2026-01-05 16:06:00.000,,,0.0
2026-01-05 16:16:00.000,,,0.0
2026-01-05 16:26:00.000,,,0.0
2026-01-05 16:36:00.000,,,0.0
2026-01-05 16:46:00.000,,,0.0
2026-01-05 16:56:00.000,,,0.0
2026-01-05 17:06:00.000,,,0.0
2026-01-05 17:16:00.000,,,0.0
2026-01-05 17:26:00.000,,,0.0
2026-01-05 17:36:00.000,,,0.0
2026-01-05 17:46:00.000,,,0.0
2026-01-05 17:56:00.000,,,0.0
2026-01-05 18:06:00.000,,,0.0
2026-01-05 18:16:00.000,,,0.0
2026-01-05 18:26:00.000,,,0.0
2026-01-05 18:36:00.000,,,0.0
2026-01-05 18:46:00.000,,,0.0
2026-01-05 18:56:00.000,,,0.0
2026-01-05 19:06:00.000,,,0.0
2026-01-05 19:16:00.000,,,0.0
2026-01-05 19:26:00.000,,,0.0
2026-01-05 19:36:00.000,,,0.0
2026-01-05 19:46:00.000,,,0.0
2026-01-05 19:56:00.000,,,0.0
2026-01-05 20:06:00.000,,,0.0
2026-01-05 20:16:00.000,,,0.0
2026-01-05 20:26:00.000,,,0.0
2026-01-05 20:36:00.000,,,0.0
2026-01-05 20:46:00.000,,,0.0
2026-01-05 20:56:00.000,,,0.0
2026-01-05 21:06:00.000,,,0.0
2026-01-05 21:16:00.000,,,0.0
2026-01-05 21:26:00.000,,,0.0
2026-01-05 21:36:00.000,,,0.0
2026-01-05 21:46:00.000,,,0.0
2026-01-05 21:56:00.000,,,0.0
2026-01-05 22:06:00.000,,,0.0
2026-01-05 22:16:00.000,,,0.0
2026-01-05 22:26:00.000,,,0.0
2026-01-05 22:36:00.000,,,0.0
2026-01-05 22:46:00.000,,,0.0
2026-01-05 22:56:00.000,,,0.0
2026-01-05 23:06:00.000,,,0.0
2026-01-05 23:16:00.000,,,0.0
2026-01-05 23:26:00.000,,,0.0
2026-01-05 23:36:00.000,,,0.0
2026-01-05 23:46:00.000,,,0.0
2026-01-05 23:56:00.000,,,0.0
2026-01-06 00:06:00.000,,,0.0
2026-01-06 00:16:00.000,,,0.0
2026-01-06 00:26:00.000,,,0.0
2026-01-06 00:36:00.000,,,0.0
2026-01-06 00:46:00.000,,,0.0
2026-01-06 00:56:00.000,,,0.0
2026-01-06 01:06:00.000,,,0.0
2026-01-06 01:16:00.000,,,0.0
2026-01-06 01:26:00.000,,,0.0
2026-01-06 01:36:00.000,,,0.0
2026-01-06 01:46:00.000,,,0.0
2026-01-06 01:56:00.000,,,0.0
2026-01-06 02:06:00.000,,,0.0
2026-01-06 02:16:00.000,,,0.0
2026-01-06 02:26:00.000,,,0.0
2026-01-06 02:36:00.000,,,0.0
2026-01-06 02:46:00.000,,,0.0
2026-01-06 02:56:00.000,,,0.0
2026-01-06 03:06:00.000,,,0.0
2026-01-06 03:16:00.000,,,0.0
2026-01-06 03:26:00.000,,,0.0
2026-01-06 03:36:00.000,,,0.0
2026-01-06 03:46:00.000,,,0.0
2026-01-06 03:56:00.000,,,0.0
2026-01-06 04:06:00.000,,,0.0
2026-01-06 04:16:00.000,,,0.0
2026-01-06 04:26:00.000,,,0.0
2026-01-06 04:36:00.000,,,0.0
2026-01-06 04:46:00.000,,,0.0
2026-01-06 04:56:00.000,,,0.0
2026-01-06 05:06:00.000,,,0.0
2026-01-06 05:16:00.000,,,0.0
2026-01-06 05:26:00.000,,,0.0
2026-01-06 05:36:00.000,,,0.0
2026-01-06 05:46:00.000,,,0.0
2026-01-06 05:56:00.000,,,0.0
2026-01-06 06:06:00.000,,,0.0
2026-01-06 06:16:00.000,,,0.0
2026-01-06 06:26:00.000,,,0.0
2026-01-06 06:36:00.000,,,0.0
2026-01-06 06:46:00.000,,,0.0
2026-01-06 06:56:00.000,,,0.0
2026-01-06 07:06:00.000,,,0.0
2026-01-06 07:16:00.000,,,0.0
2026-01-06 07:26:00.000,,,0.0
2026-01-06 07:36:00.000,,,0.0
2026-01-06 07:46:00.000,,,0.0
2026-01-06 07:56:00.000,,,0.0
2026-01-06 08:06:00.000,,,0.0
2026-01-06 08:16:00.000,,,0.0
2026-01-06 08:26:00.000,,,0.0
2026-01-06 08:36:00.000,,,0.0
2026-01-06 08:46:00.000,,,0.0
2026-01-06 08:56:00.000,,,0.0
2026-01-06 09:06:00.000,,,0.0
2026-01-06 09:16:00.000,,,0.0
2026-01-06 09:26:00.000,,,0.0
2026-01-06 09:36:00.000,,,0.0
2026-01-06 09:46:00.000,,,0.0
2026-01-06 09:56:00.000,,,0.0
2026-01-06 10:06:00.000,,,0.0
2026-01-06 10:16:00.000,,,0.0
2026-01-06 10:26:00.000,,,0.0
2026-01-06 10:36:00.000,,,0.0
2026-01-06 10:46:00.000,,,0.0
2026-01-06 10:56:00.000,,,0.0
2026-01-06 11:06:00.000,,,0.0
2026-01-06 11:16:00.000,,,0.0
2026-01-06 11:26:00.000,,,0.0
2026-01-06 11:36:00.000,24.37,90.0,0.0
2026-01-06 11:46:00.000,,,0.0
2026-01-06 11:56:00.000,,,0.0
2026-01-06 12:06:00.000,,,0.0
2026-01-06 12:16:00.000,,,0.0
2026-01-06 12:26:00.000,,,0.0
2026-01-06 12:36:00.000,,,0.0
2026-01-06 12:46:00.000,,,0.0
2026-01-06 12:56:00.000,,,0.0
2026-01-06 13:06:00.000,,,0.0
2026-01-06 13:16:00.000,,,0.0
2026-01-06 13:26:00.000,,,0.0
2026-01-06 13:36:00.000,,,0.0
2026-01-06 13:46:00.000,,,0.0
2026-01-06 13:56:00.000,,,0.0
2026-01-06 14:06:00.000,24.73,91.0,0.0
2026-01-06 14:16:00.000,,,0.0
2026-01-06 14:26:00.000,,,0.0
2026-01-06 14:36:00.000,,,0.0
2026-01-06 14:46:00.000,,,0.0
2026-01-06 14:56:00.000,,,0.0
2026-01-06 15:06:00.000,,,0.0
2026-01-06 15:16:00.000,,,0.0
2026-01-06 15:26:00.000,,,0.0
2026-01-06 15:36:00.000,,,0.0
2026-01-06 15:46:00.000,,,0.0
2026-01-06 15:56:00.000,,,0.0
2026-01-06 16:06:00.000,,,0.0
2026-01-06 16:16:00.000,,,0.0
2026-01-06 16:26:00.000,,,0.0
2026-01-06 16:36:00.000,,,0.0
2026-01-06 16:46:00.000,,,0.0
2026-01-06 16:56:00.000,,,0.0
2026-01-06 17:06:00.000,,,0.0
2026-01-06 17:16:00.000,,,0.0
2026-01-06 17:26:00.000,,,0.0
2026-01-06 17:36:00.000,,,0.0
2026-01-06 17:46:00.000,,,0.0
2026-01-06 17:56:00.000,,,0.0
2026-01-06 18:06:00.000,,,0.0
2026-01-06 18:16:00.000,,,0.0
2026-01-06 18:26:00.000,,,0.0
2026-01-06 18:36:00.000,,,0.0
2026-01-06 18:46:00.000,,,0.0
2026-01-06 18:56:00.000,,,0.0
2026-01-06 19:06:00.000,,,0.0
2026-01-06 19:16:00.000,,,0.0
2026-01-06 19:26:00.000,,,0.0
2026-01-06 19:36:00.000,,,0.0
2026-01-06 19:46:00.000,28.71,76.0,0.0
2026-01-06 19:56:00.000,,,0.0
2026-01-06 20:06:00.000,,,0.0
2026-01-06 20:16:00.000,,,0.0
2026-01-06 20:26:00.000,,,0.0
2026-01-06 20:36:00.000,,,0.0
2026-01-06 20:46:00.000,,,0.0
2026-01-06 20:56:00.000,,,0.0
2026-01-06 21:06:00.000,,,0.0
2026-01-06 21:16:00.000,,,0.0
2026-01-06 21:26:00.000,,,0.0
2026-01-06 21:36:00.000,,,0.0
2026-01-06 21:46:00.000,,,0.0
2026-01-06 21:56:00.000,,,0.0
2026-01-06 22:06:00.000,,,0.0
2026-01-06 22:16:00.000,,,0.0
2026-01-06 22:26:00.000,,,0.0
2026-01-06 22:36:00.000,,,0.0
2026-01-06 22:46:00.000,,,0.0
2026-01-06 22:56:00.000,,,0.0
2026-01-06 23:06:00.000,,,0.0
2026-01-06 23:16:00.000,,,0.0
2026-01-06 23:26:00.000,,,0.0
2026-01-06 23:36:00.000,,,0.0
2026-01-06 23:46:00.000,,,0.0
2026-01-06 23:56:00.000,,,0.0
2026-01-07 00:06:00.000,,,0.0
2026-01-07 00:16:00.000,,,0.0
2026-01-07 00:26:00.000,,,0.0
2026-01-07 00:36:00.000,,,0.0
2026-01-07 00:46:00.000,,,0.0
2026-01-07 00:56:00.000,,,0.0
2026-01-07 01:06:00.000,,,0.0
2026-01-07 01:16:00.000,,,0.0
2026-01-07 01:26:00.000,,,0.0
2026-01-07 01:36:00.000,,,0.0
2026-01-07 01:46:00.000,,,0.0
2026-01-07 01:56:00.000,,,0.0
2026-01-07 02:06:00.000,,,0.0
2026-01-07 02:16:00.000,,,0.0
2026-01-07 02:26:00.000,,,0.0
2026-01-07 02:36:00.000,,,0.0
2026-01-07 02:46:00.000,,,0.0
2026-01-07 02:56:00.000,,,0.0
2026-01-07 03:06:00.000,,,0.0
2026-01-07 03:16:00.000,,,0.0
2026-01-07 03:26:00.000,,,0.0
2026-01-07 03:36:00.000,,,0.0
2026-01-07 03:46:00.000,,,0.0
2026-01-07 03:56:00.000,,,0.0
2026-01-07 04:06:00.000,,,0.0
2026-01-07 04:16:00.000,,,0.0
2026-01-07 04:26:00.000,,,0.0
2026-01-07 04:36:00.000,,,0.0
2026-01-07 04:46:00.000,,,0.0
2026-01-07 04:56:00.000,,,0.0
2026-01-07 05:06:00.000,,,0.0
2026-01-07 05:16:00.000,,,0.0
2026-01-07 05:26:00.000,,,0.0
2026-01-07 05:36:00.000,,,0.0
2026-01-07 05:46:00.000,,,0.0
2026-01-07 05:56:00.000,,,0.0
2026-01-07 06:06:00.000,,,0.0
2026-01-07 06:16:00.000,,,0.0
2026-01-07 06:26:00.000,,,0.0
2026-01-07 06:36:00.000,,,0.0
2026-01-07 06:46:00.000,,,0.0
2026-01-07 06:56:00.000,,,0.0
2026-01-07 07:06:00.000,,,0.0
2026-01-07 07:16:00.000,,,0.0
2026-01-07 07:26:00.000,,,0.0
2026-01-07 07:36:00.000,,,0.0
2026-01-07 07:46:00.000,,,0.0
2026-01-07 07:56:00.000,,,0.0
2026-01-07 08:06:00.000,,,0.0
2026-01-07 08:16:00.000,,,0.0
2026-01-07 08:26:00.000,,,0.0
2026-01-07 08:36:00.000,,,0.0
2026-01-07 08:46:00.000,,,0.0
2026-01-07 08:56:00.000,,,0.0
2026-01-07 09:06:00.000,,,0.0
2026-01-07 09:16:00.000,,,0.0
2026-01-07 09:26:00.000,,,0.0
2026-01-07 09:36:00.000,,,0.0
2026-01-07 09:46:00.000,,,0.0
2026-01-07 09:56:00.000,,,0.0
2026-01-07 10:06:00.000,,,0.0
2026-01-07 10:16:00.000,,,0.0
2026-01-07 10:26:00.000,,,0.0
2026-01-07 10:36:00.000,,,0.0
2026-01-07 10:46:00.000,,,0.0
2026-01-07 10:56:00.000,,,0.0
2026-01-07 11:06:00.000,,,0.0
2026-01-07 11:16:00.000,,,0.0
2026-01-07 11:26:00.000,,,0.0
2026-01-07 11:36:00.000,,,0.0
2026-01-07 11:46:00.000,,,0.0
2026-01-07 11:56:00.000,,,0.0
2026-01-07 12:06:00.000,,,0.0
2026-01-07 12:16:00.000,,,0.0
2026-01-07 12:26:00.000,,,0.0
2026-01-07 12:36:00.000,,,0.0
2026-01-07 12:46:00.000,,,0.0
2026-01-07 12:56:00.000,,,0.0
2026-01-07 13:06:00.000,,,0.0
2026-01-07 13:16:00.000,,,0.0
2026-01-07 13:26:00.000,,,0.0
2026-01-07 13:36:00.000,,,0.0
2026-01-07 13:46:00.000,,,0.0
2026-01-07 13:56:00.000,,,0.0
2026-01-07 14:06:00.000,,,0.0
2026-01-07 14:16:00.000,,,0.0
2026-01-07 14:26:00.000,,,0.0
2026-01-07 14:36:00.000,,,0.0
2026-01-07 14:46:00.000,,,0.0
2026-01-07 14:56:00.000,,,0.0
2026-01-07 15:06:00.000,,,0.0
2026-01-07 15:16:00.000,,,0.0
2026-01-07 15:26:00.000,,,0.0
2026-01-07 15:36:00.000,,,0.0
2026-01-07 15:46:00.000,,,0.0
2026-01-07 15:56:00.000,,,0.0
2026-01-07 16:06:00.000,,,0.0
2026-01-07 16:16:00.000,,,0.0
2026-01-07 16:26:00.000,,,0.0
2026-01-07 16:36:00.000,,,0.0
2026-01-07 16:46:00.000,,,0.0
2026-01-07 16:56:00.000,,,0.0
2026-01-07 17:06:00.000,,,0.0
2026-01-07 17:16:00.000,,,0.0
2026-01-07 17:26:00.000,,,0.0
2026-01-07 17:36:00.000,,,0.0
2026-01-07 17:46:00.000,,,0.0
2026-01-07 17:56:00.000,,,0.0
2026-01-07 18:06:00.000,,,0.0
2026-01-07 18:16:00.000,,,0.0
2026-01-07 18:26:00.000,,,0.0
2026-01-07 18:36:00.000,,,0.0
2026-01-07 18:46:00.000,,,0.0
2026-01-07 18:56:00.000,,,0.0
2026-01-07 19:06:00.000,,,0.0
2026-01-07 19:16:00.000,,,0.0
2026-01-07 19:26:00.000,,,0.0
2026-01-07 19:36:00.000,,,0.0
2026-01-07 19:46:00.000,,,0.0
2026-01-07 19:56:00.000,,,0.0
2026-01-07 20:06:00.000,,,0.0
2026-01-07 20:16:00.000,,,0.0
2026-01-07 20:26:00.000,,,0.0
2026-01-07 20:36:00.000,,,0.0
2026-01-07 20:46:00.000,,,0.0
2026-01-07 20:56:00.000,,,0.0
2026-01-07 21:06:00.000,,,0.0
2026-01-07 21:16:00.000,,,0.0
2026-01-07 21:26:00.000,,,0.0
2026-01-07 21:36:00.000,,,0.0
2026-01-07 21:46:00.000,,,0.0
2026-01-07 21:56:00.000,,,0.0
2026-01-07 22:06:00.000,,,0.0
2026-01-07 22:16:00.000,,,0.0
2026-01-07 22:26:00.000,,,0.0
2026-01-07 22:36:00.000,,,0.0
2026-01-07 22:46:00.000,,,0.0
2026-01-07 22:56:00.000,,,0.0
2026-01-07 23:06:00.000,,,0.0
2026-01-07 23:16:00.000,,,0.0
2026-01-07 23:26:00.000,,,0.0
2026-01-07 23:36:00.000,,,0.0
2026-01-07 23:46:00.000,,,0.0
2026-01-07 23:56:00.000,,,0.0
2026-01-08 00:06:00.000,,,0.0
2026-01-08 00:16:00.000,,,0.0
2026-01-08 00:26:00.000,,,0.0
2026-01-08 00:36:00.000,,,0.0
2026-01-08 00:46:00.000,,,0.0
2026-01-08 00:56:00.000,,,0.0
2026-01-08 01:06:00.000,,,0.0
2026-01-08 01:16:00.000,,,0.0
2026-01-08 01:26:00.000,,,0.0
2026-01-08 01:36:00.000,,,0.0
2026-01-08 01:46:00.000,,,0.0
2026-01-08 01:56:00.000,,,0.0
2026-01-08 02:06:00.000,,,0.0
2026-01-08 02:16:00.000,,,0.0
2026-01-08 02:26:00.000,,,0.0
2026-01-08 02:36:00.000,,,0.0
2026-01-08 02:46:00.000,,,0.0
2026-01-08 02:56:00.000,,,0.0
2026-01-08 03:06:00.000,,,0.0
2026-01-08 03:16:00.000,,,0.0
2026-01-08 03:26:00.000,,,0.0
2026-01-08 03:36:00.000,,,0.0
2026-01-08 03:46:00.000,,,0.0
2026-01-08 03:56:00.000,,,0.0
2026-01-08 04:06:00.000,,,0.0
2026-01-08 04:16:00.000,,,0.0
2026-01-08 04:26:00.000,,,0.0
2026-01-08 04:36:00.000,,,0.0
2026-01-08 04:46:00.000,,,0.0
2026-01-08 04:56:00.000,,,0.0
2026-01-08 05:06:00.000,,,0.0
2026-01-08 05:16:00.000,,,0.0
2026-01-08 05:26:00.000,,,0.0
2026-01-08 05:36:00.000,,,0.0
2026-01-08 05:46:00.000,,,0.0
2026-01-08 05:56:00.000,,,0.0
2026-01-08 06:06:00.000,,,0.0
2026-01-08 06:16:00.000,,,0.0
2026-01-08 06:26:00.000,,,0.0
2026-01-08 06:36:00.000,,,0.0
2026-01-08 06:46:00.000,,,0.0
2026-01-08 06:56:00.000,,,0.0
2026-01-08 07:06:00.000,,,0.0
2026-01-08 07:16:00.000,,,0.0
2026-01-08 07:26:00.000,,,0.0
2026-01-08 07:36:00.000,,,0.0
2026-01-08 07:46:00.000,,,0.0
2026-01-08 07:56:00.000,,,0.0
2026-01-08 08:06:00.000,,,0.0
2026-01-08 08:16:00.000,,,0.0
2026-01-08 08:26:00.000,,,0.0
2026-01-08 08:36:00.000,,,0.0
2026-01-08 08:46:00.000,,,0.0
2026-01-08 08:56:00.000,,,0.0
2026-01-08 09:06:00.000,,,0.0
2026-01-08 09:16:00.000,,,0.0
2026-01-08 09:26:00.000,,,0.0
2026-01-08 09:36:00.000,,,0.0
2026-01-08 09:46:00.000,,,0.0
2026-01-08 09:56:00.000,,,0.0
2026-01-08 10:06:00.000,,,0.0
2026-01-08 10:16:00.000,,,0.0
2026-01-08 10:26:00.000,,,0.0
2026-01-08 10:36:00.000,,,0.0
2026-01-08 10:46:00.000,,,0.0
2026-01-08 10:56:00.000,,,0.0
2026-01-08 11:06:00.000,,,0.0
2026-01-08 11:16:00.000,,,0.0
2026-01-08 11:26:00.000,,,0.0
2026-01-08 11:36:00.000,,,0.0
2026-01-08 11:46:00.000,,,0.0
2026-01-08 11:56:00.000,,,0.0
2026-01-08 12:06:00.000,,,0.0
2026-01-08 12:16:00.000,,,0.0
2026-01-08 12:26:00.000,,,0.0
2026-01-08 12:36:00.000,,,0.0
2026-01-08 12:46:00.000,,,0.0
2026-01-08 12:56:00.000,,,0.0
2026-01-08 13:06:00.000,,,0.0
2026-01-08 13:16:00.000,,,0.0
2026-01-08 13:26:00.000,,,0.0
2026-01-08 13:36:00.000,,,0.0
2026-01-08 13:46:00.000,,,0.0
2026-01-08 13:56:00.000,,,0.0
2026-01-08 14:06:00.000,,,0.0
2026-01-08 14:16:00.000,,,0.0
2026-01-08 14:26:00.000,,,0.0
2026-01-08 14:36:00.000,,,0.0
2026-01-08 14:46:00.000,,,0.0
2026-01-08 14:56:00.000,,,0.0
2026-01-08 15:06:00.000,,,0.0
2026-01-08 15:16:00.000,,,0.0
2026-01-08 15:26:00.000,,,0.0
2026-01-08 15:36:00.000,,,0.0
2026-01-08 15:46:00.000,,,0.0
2026-01-08 15:56:00.000,,,0.0
2026-01-08 16:06:00.000,,,0.0
2026-01-08 16:16:00.000,,,0.0
2026-01-08 16:26:00.000,,,0.0
2026-01-08 16:36:00.000,,,0.0
2026-01-08 16:46:00.000,,,0.0
2026-01-08 16:56:00.000,,,0.0
2026-01-08 17:06:00.000,,,0.0
2026-01-08 17:16:00.000,,,0.0
2026-01-08 17:26:00.000,,,0.0
2026-01-08 17:36:00.000,,,0.0
2026-01-08 17:46:00.000,,,0.0
2026-01-08 17:56:00.000,,,0.0
2026-01-08 18:06:00.000,,,0.0
2026-01-08 18:16:00.000,,,0.0
2026-01-08 18:26:00.000,,,0.0
2026-01-08 18:36:00.000,,,0.0
2026-01-08 18:46:00.000,,,0.0
2026-01-08 18:56:00.000,,,0.0
2026-01-08 19:06:00.000,,,0.0
2026-01-08 19:16:00.000,,,0.0
2026-01-08 19:26:00.000,,,0.0
2026-01-08 19:36:00.000,,,0.0
2026-01-08 19:46:00.000,,,0.0
2026-01-08 19:56:00.000,,,0.0
2026-01-08 20:06:00.000,,,0.0
2026-01-08 20:16:00.000,,,0.0
2026-01-08 20:26:00.000,,,0.0
2026-01-08 20:36:00.000,,,0.0
2026-01-08 20:46:00.000,,,0.0
2026-01-08 20:56:00.000,,,0.0
2026-01-08 21:06:00.000,,,0.0
2026-01-08 21:16:00.000,,,0.0
2026-01-08 21:26:00.000,,,0.0
2026-01-08 21:36:00.000,,,0.0
2026-01-08 21:46:00.000,,,0.0
2026-01-08 21:56:00.000,,,0.0
2026-01-08 22:06:00.000,,,0.0
2026-01-08 22:16:00.000,,,0.0
2026-01-08 22:26:00.000,,,0.0
2026-01-08 22:36:00.000,,,0.0
2026-01-08 22:46:00.000,,,0.0
2026-01-08 22:56:00.000,,,0.0
2026-01-08 23:06:00.000,,,0.0
2026-01-08 23:16:00.000,,,0.0
2026-01-08 23:26:00.000,,,0.0
2026-01-08 23:36:00.000,,,0.0
2026-01-08 23:46:00.000,,,0.0
2026-01-08 23:56:00.000,,,0.0
2026-01-09 00:06:00.000,,,0.0
2026-01-09 00:16:00.000,,,0.0
2026-01-09 00:26:00.000,,,0.0
2026-01-09 00:36:00.000,,,0.0
2026-01-09 00:46:00.000,,,0.0
2026-01-09 00:56:00.000,,,0.0
2026-01-09 01:06:00.000,,,0.0
2026-01-09 01:16:00.000,,,0.0
2026-01-09 01:26:00.000,,,0.0
2026-01-09 01:36:00.000,,,0.0
2026-01-09 01:46:00.000,,,0.0
2026-01-09 01:56:00.000,,,0.0
2026-01-09 02:06:00.000,,,0.0
2026-01-09 02:16:00.000,,,0.0
2026-01-09 02:26:00.000,,,0.0
2026-01-09 02:36:00.000,,,0.0
2026-01-09 02:46:00.000,,,0.0
2026-01-09 02:56:00.000,,,0.0
2026-01-09 03:06:00.000,,,0.0
2026-01-09 03:16:00.000,,,0.0
2026-01-09 03:26:00.000,,,0.0
2026-01-09 03:36:00.000,,,0.0
2026-01-09 03:46:00.000,,,0.0
2026-01-09 03:56:00.000,,,0.0
2026-01-09 04:06:00.000,,,0.0
2026-01-09 04:16:00.000,,,0.0
2026-01-09 04:26:00.000,,,0.0
2026-01-09 04:36:00.000,,,0.0
2026-01-09 04:46:00.000,,,0.0
2026-01-09 04:56:00.000,,,0.0
2026-01-09 05:06:00.000,,,0.0
2026-01-09 05:16:00.000,,,0.0
2026-01-09 05:26:00.000,,,0.0
2026-01-09 05:36:00.000,,,0.0
2026-01-09 05:46:00.000,,,0.0
2026-01-09 05:56:00.000,,,0.0
2026-01-09 06:06:00.000,,,0.0
2026-01-09 06:16:00.000,,,0.0
2026-01-09 06:26:00.000,,,0.0
2026-01-09 06:36:00.000,,,0.0
2026-01-09 06:46:00.000,,,0.0
2026-01-09 06:56:00.000,,,0.0
2026-01-09 07:06:00.000,,,0.0
2026-01-09 07:16:00.000,,,0.0
2026-01-09 07:26:00.000,,,0.0
2026-01-09 07:36:00.000,,,0.0
2026-01-09 07:46:00.000,,,0.0
2026-01-09 07:56:00.000,,,0.0
2026-01-09 08:06:00.000,,,0.0
2026-01-09 08:16:00.000,,,0.0
2026-01-09 08:26:00.000,,,0.0
2026-01-09 08:36:00.000,,,0.0
2026-01-09 08:46:00.000,,,0.0
2026-01-09 08:56:00.000,,,0.0
2026-01-09 09:06:00.000,,,0.0
2026-01-09 09:16:00.000,,,0.0
2026-01-09 09:26:00.000,,,0.0
2026-01-09 09:36:00.000,,,0.0
2026-01-09 09:46:00.000,,,0.0
2026-01-09 09:56:00.000,,,0.0
2026-01-09 10:06:00.000,,,0.0
2026-01-09 10:16:00.000,,,0.0
2026-01-09 10:26:00.000,,,0.0
2026-01-09 10:36:00.000,,,0.0
2026-01-09 10:46:00.000,,,0.0
2026-01-09 10:56:00.000,,,0.0
2026-01-09 11:06:00.000,,,0.0
2026-01-09 11:16:00.000,,,0.0
2026-01-09 11:26:00.000,,,0.0
2026-01-09 11:36:00.000,,,0.0
2026-01-09 11:46:00.000,,,0.0
2026-01-09 11:56:00.000,,,0.0
2026-01-09 12:06:00.000,,,0.0
2026-01-09 12:16:00.000,,,0.0
2026-01-09 12:26:00.000,,,0.0
2026-01-09 12:36:00.000,,,0.0
2026-01-09 12:46:00.000,,,0.0
2026-01-09 12:56:00.000,,,0.0
2026-01-09 13:06:00.000,,,0.0
2026-01-09 13:16:00.000,,,0.0
2026-01-09 13:26:00.000,,,0.0
2026-01-09 13:36:00.000,,,0.0
2026-01-09 13:46:00.000,,,0.0
2026-01-09 13:56:00.000,,,0.0
2026-01-09 14:06:00.000,,,0.0
2026-01-09 14:16:00.000,,,0.0
2026-01-09 14:26:00.000,,,0.0
2026-01-09 14:36:00.000,,,0.0
2026-01-09 14:46:00.000,,,0.0
2026-01-09 14:56:00.000,,,0.0
2026-01-09 15:06:00.000,,,0.0
2026-01-09 15:16:00.000,,,0.0
2026-01-09 15:26:00.000,,,0.0
2026-01-09 15:36:00.000,,,0.0
2026-01-09 15:46:00.000,,,0.0
2026-01-09 15:56:00.000,,,0.0
2026-01-09 16:06:00.000,,,0.0
2026-01-09 16:16:00.000,,,0.0
2026-01-09 16:26:00.000,,,0.0
2026-01-09 16:36:00.000,,,0.0
2026-01-09 16:46:00.000,,,0.0
2026-01-09 16:56:00.000,,,0.0
2026-01-09 17:06:00.000,,,0.0
2026-01-09 17:16:00.000,,,0.0
2026-01-09 17:26:00.000,,,0.0
2026-01-09 17:36:00.000,,,0.0
2026-01-09 17:46:00.000,,,0.0
2026-01-09 17:56:00.000,,,0.0
2026-01-09 18:06:00.000,,,0.0
2026-01-09 18:16:00.000,,,0.0
2026-01-09 18:26:00.000,,,0.0
2026-01-09 18:36:00.000,,,0.0
2026-01-09 18:46:00.000,,,0.0
2026-01-09 18:56:00.000,,,0.0
2026-01-09 19:06:00.000,,,0.0
2026-01-09 19:16:00.000,,,0.0
2026-01-09 19:26:00.000,,,0.0
2026-01-09 19:36:00.000,,,0.0
2026-01-09 19:46:00.000,,,0.0
2026-01-09 19:56:00.000,,,0.0
2026-01-09 20:06:00.000,,,0.0
2026-01-09 20:16:00.000,,,0.0
2026-01-09 20:26:00.000,,,0.0
2026-01-09 20:36:00.000,,,0.0
2026-01-09 20:46:00.000,,,0.0
2026-01-09 20:56:00.000,,,0.0
2026-01-09 21:06:00.000,,,0.0
2026-01-09 21:16:00.000,,,0.0
2026-01-09 21:26:00.000,,,0.0
2026-01-09 21:36:00.000,,,0.0
2026-01-09 21:46:00.000,,,0.0
2026-01-09 21:56:00.000,,,0.0
2026-01-09 22:06:00.000,,,0.0
2026-01-09 22:16:00.000,,,0.0
2026-01-09 22:26:00.000,,,0.0
2026-01-09 22:36:00.000,,,0.0
2026-01-09 22:46:00.000,,,0.0
2026-01-09 22:56:00.000,,,0.0
2026-01-09 23:06:00.000,,,0.0
2026-01-09 23:16:00.000,,,0.0
2026-01-09 23:26:00.000,,,0.0
2026-01-09 23:36:00.000,,,0.0
2026-01-09 23:46:00.000,,,0.0
2026-01-09 23:56:00.000,,,0.0
2026-01-10 00:06:00.000,,,0.0
2026-01-10 00:16:00.000,,,0.0
2026-01-10 00:26:00.000,,,0.0
2026-01-10 00:36:00.000,,,0.0
2026-01-10 00:46:00.000,,,0.0
2026-01-10 00:56:00.000,,,0.0
2026-01-10 01:06:00.000,,,0.0
2026-01-10 01:16:00.000,,,0.0
2026-01-10 01:26:00.000,,,0.0
2026-01-10 01:36:00.000,,,0.0
2026-01-10 01:46:00.000,,,0.0
2026-01-10 01:56:00.000,,,0.0
2026-01-10 02:06:00.000,,,0.0
2026-01-10 02:16:00.000,,,0.0
2026-01-10 02:26:00.000,,,0.0
2026-01-10 02:36:00.000,,,0.0
2026-01-10 02:46:00.000,,,0.0
2026-01-10 02:56:00.000,,,0.0
2026-01-10 03:06:00.000,,,0.0
2026-01-10 03:16:00.000,,,0.0
2026-01-10 03:26:00.000,,,0.0
2026-01-10 03:36:00.000,,,0.0
2026-01-10 03:46:00.000,,,0.0
2026-01-10 03:56:00.000,,,0.0
2026-01-10 04:06:00.000,,,0.0
2026-01-10 04:16:00.000,25.79,79.0,0.0
2026-01-10 04:26:00.000,,,0.0
2026-01-10 04:36:00.000,,,0.0
2026-01-10 04:46:00.000,,,0.0
2026-01-10 04:56:00.000,,,0.0
2026-01-10 05:06:00.000,,,0.0
2026-01-10 05:16:00.000,,,0.0
2026-01-10 05:26:00.000,,,0.0
2026-01-10 05:36:00.000,,,0.0
2026-01-10 05:46:00.000,,,0.0
2026-01-10 05:56:00.000,,,0.0
2026-01-10 06:06:00.000,,,0.0
2026-01-10 06:16:00.000,,,0.0
2026-01-10 06:26:00.000,,,0.0
2026-01-10 06:36:00.000,,,0.0
2026-01-10 06:46:00.000,,,0.0
2026-01-10 06:56:00.000,,,0.0
2026-01-10 07:06:00.000,,,0.0
2026-01-10 07:16:00.000,,,0.0
2026-01-10 07:26:00.000,,,0.0
2026-01-10 07:36:00.000,,,0.0
2026-01-10 07:46:00.000,,,0.0
2026-01-10 07:56:00.000,,,0.0
2026-01-10 08:06:00.000,,,0.0
2026-01-10 08:16:00.000,,,0.0
2026-01-10 08:26:00.000,,,0.0
2026-01-10 08:36:00.000,,,0.0
2026-01-10 08:46:00.000,,,0.0
2026-01-10 08:56:00.000,,,0.0
2026-01-10 09:06:00.000,,,0.0
2026-01-10 09:16:00.000,,,0.0
2026-01-10 09:26:00.000,,,0.0
2026-01-10 09:36:00.000,,,0.0
2026-01-10 09:46:00.000,,,0.0
2026-01-10 09:56:00.000,,,0.0
2026-01-10 10:06:00.000,,,0.0
2026-01-10 10:16:00.000,,,0.0
2026-01-10 10:26:00.000,,,0.0
2026-01-10 10:36:00.000,,,0.0
2026-01-10 10:46:00.000,,,0.0
2026-01-10 10:56:00.000,,,0.0
2026-01-10 11:06:00.000,,,0.0
2026-01-10 11:16:00.000,,,0.0
2026-01-10 11:26:00.000,,,0.0
2026-01-10 11:36:00.000,,,0.0
2026-01-10 11:46:00.000,,,0.0
2026-01-10 11:56:00.000,,,0.0
2026-01-10 12:06:00.000,,,0.0
2026-01-10 12:16:00.000,,,0.0
2026-01-10 12:26:00.000,,,0.0
2026-01-10 12:36:00.000,,,0.0
2026-01-10 12:46:00.000,,,0.0
2026-01-10 12:56:00.000,,,0.0
2026-01-10 13:06:00.000,,,0.0
2026-01-10 13:16:00.000,,,0.0
2026-01-10 13:26:00.000,,,0.0
2026-01-10 13:36:00.000,,,0.0
2026-01-10 13:46:00.000,,,0.0
2026-01-10 13:56:00.000,,,0.0
2026-01-10 14:06:00.000,24.52,88.0,0.0
2026-01-10 14:16:00.000,,,0.0
2026-01-10 14:26:00.000,,,0.0
2026-01-10 14:36:00.000,,,0.0
2026-01-10 14:46:00.000,,,0.0
2026-01-10 14:56:00.000,,,0.0
2026-01-10 15:06:00.000,,,0.0
2026-01-10 15:16:00.000,,,0.0
2026-01-10 15:26:00.000,,,0.0
2026-01-10 15:36:00.000,,,0.0
2026-01-10 15:46:00.000,,,0.0
2026-01-10 15:56:00.000,,,0.0
2026-01-10 16:06:00.000,,,0.0
2026-01-10 16:16:00.000,,,0.0
2026-01-10 16:26:00.000,,,0.0
2026-01-10 16:36:00.000,,,0.0
2026-01-10 16:46:00.000,,,0.0
2026-01-10 16:56:00.000,,,0.0
2026-01-10 17:06:00.000,,,0.0
2026-01-10 17:16:00.000,,,0.0
2026-01-10 17:26:00.000,,,0.0
2026-01-10 17:36:00.000,,,0.0
2026-01-10 17:46:00.000,,,0.0
2026-01-10 17:56:00.000,,,0.0
2026-01-10 18:06:00.000,,,0.0
2026-01-10 18:16:00.000,,,0.0
2026-01-10 18:26:00.000,,,0.0
2026-01-10 18:36:00.000,,,0.0
2026-01-10 18:46:00.000,,,0.0
2026-01-10 18:56:00.000,,,0.0
2026-01-10 19:06:00.000,,,0.0
2026-01-10 19:16:00.000,,,0.0
2026-01-10 19:26:00.000,,,0.0
2026-01-10 19:36:00.000,,,0.0
2026-01-10 19:46:00.000,,,0.0
2026-01-10 19:56:00.000,,,0.0
2026-01-10 20:06:00.000,,,0.0
2026-01-10 20:16:00.000,,,0.0
2026-01-10 20:26:00.000,,,0.0
2026-01-10 20:36:00.000,,,0.0
2026-01-10 20:46:00.000,,,0.0
2026-01-10 20:56:00.000,,,0.0
2026-01-10 21:06:00.000,,,0.0
2026-01-10 21:16:00.000,,,0.0
2026-01-10 21:26:00.000,,,0.0
2026-01-10 21:36:00.000,,,0.0
2026-01-10 21:46:00.000,,,0.0
2026-01-10 21:56:00.000,,,0.0
2026-01-10 22:06:00.000,,,0.0
2026-01-10 22:16:00.000,,,0.0
2026-01-10 22:26:00.000,,,0.0
2026-01-10 22:36:00.000,,,0.0
2026-01-10 22:46:00.000,,,0.0
2026-01-10 22:56:00.000,,,0.0
2026-01-10 23:06:00.000,,,0.0
2026-01-10 23:16:00.000,,,0.0
2026-01-10 23:26:00.000,,,0.0
2026-01-10 23:36:00.000,,,0.0
2026-01-10 23:46:00.000,,,0.0
2026-01-10 23:56:00.000,,,0.0
2026-01-11 00:06:00.000,,,0.0
2026-01-11 00:16:00.000,,,0.0
2026-01-11 00:26:00.000,,,0.0
2026-01-11 00:36:00.000,,,0.0
2026-01-11 00:46:00.000,,,0.0
2026-01-11 00:56:00.000,,,0.0
2026-01-11 01:06:00.000,,,0.0
2026-01-11 01:16:00.000,,,0.0
2026-01-11 01:26:00.000,,,0.0
2026-01-11 01:36:00.000,,,0.0
2026-01-11 01:46:00.000,,,0.0
2026-01-11 01:56:00.000,,,0.0
2026-01-11 02:06:00.000,,,0.0
2026-01-11 02:16:00.000,,,0.0
2026-01-11 02:26:00.000,,,0.0
2026-01-11 02:36:00.000,25.07,91.0,0.0
2026-01-11 02:46:00.000,,,0.0
2026-01-11 02:56:00.000,,,0.0
2026-01-11 03:06:00.000,,,0.0
2026-01-11 03:16:00.000,,,0.0
2026-01-11 03:26:00.000,,,0.0
2026-01-11 03:36:00.000,,,0.0
2026-01-11 03:46:00.000,,,0.0
2026-01-11 03:56:00.000,,,0.0
2026-01-11 04:06:00.000,,,0.0
2026-01-11 04:16:00.000,,,0.0
2026-01-11 04:26:00.000,,,0.0
2026-01-11 04:36:00.000,,,0.0
2026-01-11 04:46:00.000,,,0.0
2026-01-11 04:56:00.000,,,0.0
2026-01-11 05:06:00.000,,,0.0
2026-01-11 05:16:00.000,,,0.0
2026-01-11 05:26:00.000,,,0.0
2026-01-11 05:36:00.000,,,0.0
2026-01-11 05:46:00.000,,,0.0
2026-01-11 05:56:00.000,,,0.0
2026-01-11 06:06:00.000,,,0.0
2026-01-11 06:16:00.000,,,0.0
2026-01-11 06:26:00.000,,,0.0
2026-01-11 06:36:00.000,,,0.0
2026-01-11 06:46:00.000,,,0.0
2026-01-11 06:56:00.000,,,0.0
2026-01-11 07:06:00.000,,,0.0
2026-01-11 07:16:00.000,,,0.0
2026-01-11 07:26:00.000,,,0.0
2026-01-11 07:36:00.000,,,0.0
2026-01-11 07:46:00.000,,,0.0
2026-01-11 07:56:00.000,,,0.0
2026-01-11 08:06:00.000,,,0.0
2026-01-11 08:16:00.000,,,0.0
2026-01-11 08:26:00.000,,,0.0
2026-01-11 08:36:00.000,,,0.0
2026-01-11 08:46:00.000,,,0.0
2026-01-11 08:56:00.000,,,0.0
2026-01-11 09:06:00.000,,,0.0
2026-01-11 09:16:00.000,,,0.0
2026-01-11 09:26:00.000,,,0.0
2026-01-11 09:36:00.000,,,0.0
2026-01-11 09:46:00.000,,,0.0
2026-01-11 09:56:00.000,,,0.0
2026-01-11 10:06:00.000,,,0.0
2026-01-11 10:16:00.000,,,0.0
2026-01-11 10:26:00.000,,,0.0
2026-01-11 10:36:00.000,,,0.0
2026-01-11 10:46:00.000,,,0.0
2026-01-11 10:56:00.000,,,0.0
2026-01-11 11:06:00.000,,,0.0
2026-01-11 11:16:00.000,,,0.0
2026-01-11 11:26:00.000,,,0.0
2026-01-11 11:36:00.000,,,0.0
2026-01-11 11:46:00.000,,,0.0
2026-01-11 11:56:00.000,,,0.0
2026-01-11 12:06:00.000,,,0.0
2026-01-11 12:16:00.000,,,0.0
2026-01-11 12:26:00.000,,,0.0
2026-01-11 12:36:00.000,,,0.0
2026-01-11 12:46:00.000,,,0.0
2026-01-11 12:56:00.000,,,0.0
2026-01-11 13:06:00.000,,,0.0
2026-01-11 13:16:00.000,,,0.0
2026-01-11 13:26:00.000,,,0.0
2026-01-11 13:36:00.000,,,0.0
2026-01-11 13:46:00.000,,,0.0
2026-01-11 13:56:00.000,,,0.0
2026-01-11 14:06:00.000,,,0.0
2026-01-11 14:16:00.000,,,0.0
2026-01-11 14:26:00.000,,,0.0
2026-01-11 14:36:00.000,,,0.0
2026-01-11 14:46:00.000,,,0.0
2026-01-11 14:56:00.000,,,0.0
2026-01-11 15:06:00.000,,,0.0
2026-01-11 15:16:00.000,,,0.0
2026-01-11 15:26:00.000,,,0.0
2026-01-11 15:36:00.000,,,0.0
2026-01-11 15:46:00.000,,,0.0
2026-01-11 15:56:00.000,,,0.0
2026-01-11 16:06:00.000,,,0.0
2026-01-11 16:16:00.000,,,0.0
2026-01-11 16:26:00.000,,,0.0
2026-01-11 16:36:00.000,,,0.0
2026-01-11 16:46:00.000,,,0.0
2026-01-11 16:56:00.000,,,0.0
2026-01-11 17:06:00.000,,,0.0
2026-01-11 17:16:00.000,,,0.0
2026-01-11 17:26:00.000,,,0.0
2026-01-11 17:36:00.000,,,0.0
2026-01-11 17:46:00.000,,,0.0
2026-01-11 17:56:00.000,,,0.0
2026-01-11 18:06:00.000,,,0.0
2026-01-11 18:16:00.000,,,0.0
2026-01-11 18:26:00.000,,,0.0
2026-01-11 18:36:00.000,,,0.0
2026-01-11 18:46:00.000,,,0.0
2026-01-11 18:56:00.000,,,0.0
2026-01-11 19:06:00.000,,,0.0
2026-01-11 19:16:00.000,,,0.0
2026-01-11 19:26:00.000,,,0.0
2026-01-11 19:36:00.000,,,0.0
2026-01-11 19:46:00.000,,,0.0
2026-01-11 19:56:00.000,,,0.0
2026-01-11 20:06:00.000,,,0.0
2026-01-11 20:16:00.000,,,0.0
2026-01-11 20:26:00.000,,,0.0
2026-01-11 20:36:00.000,,,0.0
2026-01-11 20:46:00.000,,,0.0
2026-01-11 20:56:00.000,,,0.0
2026-01-11 21:06:00.000,,,0.0
2026-01-11 21:16:00.000,,,0.0
2026-01-11 21:26:00.000,,,0.0
2026-01-11 21:36:00.000,,,0.0
2026-01-11 21:46:00.000,,,0.0
2026-01-11 21:56:00.000,,,0.0
2026-01-11 22:06:00.000,,,0.0
2026-01-11 22:16:00.000,,,0.0
2026-01-11 22:26:00.000,,,0.0
2026-01-11 22:36:00.000,,,0.0
2026-01-11 22:46:00.000,,,0.0
2026-01-11 22:56:00.000,,,0.0
2026-01-11 23:06:00.000,,,0.0
2026-01-11 23:16:00.000,,,0.0
2026-01-11 23:26:00.000,,,0.0
2026-01-11 23:36:00.000,,,0.0
2026-01-11 23:46:00.000,,,0.0
2026-01-11 23:56:00.000,,,0.0
2026-01-12 00:06:00.000,,,0.0
2026-01-12 00:16:00.000,,,0.0
2026-01-12 00:26:00.000,,,0.0
2026-01-12 00:36:00.000,,,0.0
2026-01-12 00:46:00.000,,,0.0
2026-01-12 00:56:00.000,,,0.0
2026-01-12 01:06:00.000,,,0.0
2026-01-12 01:16:00.000,,,0.0
2026-01-12 01:26:00.000,,,0.0
2026-01-12 01:36:00.000,,,0.0
2026-01-12 01:46:00.000,,,0.0
2026-01-12 01:56:00.000,,,0.0
2026-01-12 02:06:00.000,,,0.0
2026-01-12 02:16:00.000,,,0.0
2026-01-12 02:26:00.000,,,0.0
2026-01-12 02:36:00.000,,,0.0
2026-01-12 02:46:00.000,,,0.0
2026-01-12 02:56:00.000,,,0.0
2026-01-12 03:06:00.000,,,0.0
2026-01-12 03:16:00.000,,,0.0
2026-01-12 03:26:00.000,,,0.0
2026-01-12 03:36:00.000,,,0.0
2026-01-12 03:46:00.000,,,0.0
2026-01-12 03:56:00.000,,,0.0
2026-01-12 04:06:00.000,,,0.0
2026-01-12 04:16:00.000,,,0.0
2026-01-12 04:26:00.000,,,0.0
2026-01-12 04:36:00.000,,,0.0
2026-01-12 04:46:00.000,,,0.0
2026-01-12 04:56:00.000,,,0.0
2026-01-12 05:06:00.000,,,0.0
2026-01-12 05:16:00.000,,,0.0
2026-01-12 05:26:00.000,,,0.0
2026-01-12 05:36:00.000,,,0.0
2026-01-12 05:46:00.000,,,0.0
2026-01-12 05:56:00.000,,,0.0
2026-01-12 06:06:00.000,,,0.0
2026-01-12 06:16:00.000,,,0.0
2026-01-12 06:26:00.000,,,0.0
2026-01-12 06:36:00.000,,,0.0
2026-01-12 06:46:00.000,,,0.0
2026-01-12 06:56:00.000,,,0.0
2026-01-12 07:06:00.000,,,0.0
2026-01-12 07:16:00.000,,,0.0
2026-01-12 07:26:00.000,,,0.0
2026-01-12 07:36:00.000,,,0.0
2026-01-12 07:46:00.000,,,0.0
2026-01-12 07:56:00.000,,,0.0
2026-01-12 08:06:00.000,,,0.0
2026-01-12 08:16:00.000,,,0.0
2026-01-12 08:26:00.000,,,0.0
2026-01-12 08:36:00.000,,,0.0
2026-01-12 08:46:00.000,,,0.0
2026-01-12 08:56:00.000,,,0.0
2026-01-12 09:06:00.000,,,0.0
2026-01-12 09:16:00.000,,,0.0
2026-01-12 09:26:00.000,,,0.0
2026-01-12 09:36:00.000,,,0.0
2026-01-12 09:46:00.000,,,0.0
2026-01-12 09:56:00.000,,,0.0
2026-01-12 10:06:00.000,,,0.0
2026-01-12 10:16:00.000,,,0.0
2026-01-12 10:26:00.000,,,0.0
2026-01-12 10:36:00.000,,,0.0
2026-01-12 10:46:00.000,,,0.0
2026-01-12 10:56:00.000,,,0.0
2026-01-12 11:06:00.000,,,0.0
2026-01-12 11:16:00.000,,,0.0
2026-01-12 11:26:00.000,,,0.0
2026-01-12 11:36:00.000,,,0.0
2026-01-12 11:46:00.000,,,0.0
2026-01-12 11:56:00.000,,,0.0
2026-01-12 12:06:00.000,,,0.0
2026-01-12 12:16:00.000,,,0.0
2026-01-12 12:26:00.000,,,0.0
2026-01-12 12:36:00.000,,,0.0
2026-01-12 12:46:00.000,,,0.0
2026-01-12 12:56:00.000,,,0.0
2026-01-12 13:06:00.000,,,0.0
2026-01-12 13:16:00.000,,,0.0
2026-01-12 13:26:00.000,,,0.0
2026-01-12 13:36:00.000,,,0.0
2026-01-12 13:46:00.000,,,0.0
2026-01-12 13:56:00.000,,,0.0
2026-01-12 14:06:00.000,,,0.0
2026-01-12 14:16:00.000,,,0.0
2026-01-12 14:26:00.000,,,0.0
2026-01-12 14:36:00.000,,,0.0
2026-01-12 14:46:00.000,,,0.0
2026-01-12 14:56:00.000,,,0.0
2026-01-12 15:06:00.000,,,0.0
2026-01-12 15:16:00.000,,,0.0
2026-01-12 15:26:00.000,,,0.0
2026-01-12 15:36:00.000,,,0.0
2026-01-12 15:46:00.000,,,0.0
2026-01-12 15:56:00.000,,,0.0
2026-01-12 16:06:00.000,,,0.0
2026-01-12 16:16:00.000,,,0.0
2026-01-12 16:26:00.000,,,0.0
2026-01-12 16:36:00.000,,,0.0
2026-01-12 16:46:00.000,,,0.0
2026-01-12 16:56:00.000,,,0.0
2026-01-12 17:06:00.000,,,0.0
2026-01-12 17:16:00.000,,,0.0
2026-01-12 17:26:00.000,,,0.0
2026-01-12 17:36:00.000,,,0.0
2026-01-12 17:46:00.000,,,0.0
2026-01-12 17:56:00.000,,,0.0
2026-01-12 18:06:00.000,,,0.0
2026-01-12 18:16:00.000,,,0.0
2026-01-12 18:26:00.000,,,0.0
2026-01-12 18:36:00.000,,,0.0
2026-01-12 18:46:00.000,,,0.0
2026-01-12 18:56:00.000,,,0.0
2026-01-12 19:06:00.000,,,0.0
2026-01-12 19:16:00.000,,,0.0
2026-01-12 19:26:00.000,,,0.0
2026-01-12 19:36:00.000,,,0.0
2026-01-12 19:46:00.000,,,0.0
2026-01-12 19:56:00.000,,,0.0
2026-01-12 20:06:00.000,,,0.0
2026-01-12 20:16:00.000,,,0.0
2026-01-12 20:26:00.000,,,0.0
2026-01-12 20:36:00.000,,,0.0
2026-01-12 20:46:00.000,,,0.0
2026-01-12 20:56:00.000,,,0.0
2026-01-12 21:06:00.000,,,0.0
2026-01-12 21:16:00.000,,,0.0
2026-01-12 21:26:00.000,,,0.0
2026-01-12 21:36:00.000,,,0.0
2026-01-12 21:46:00.000,,,0.0
2026-01-12 21:56:00.000,,,0.0
2026-01-12 22:06:00.000,,,0.0
2026-01-12 22:16:00.000,,,0.0
2026-01-12 22:26:00.000,,,0.0
2026-01-12 22:36:00.000,,,0.0
2026-01-12 22:46:00.000,,,0.0
2026-01-12 22:56:00.000,,,0.0
2026-01-12 23:06:00.000,,,0.0
2026-01-12 23:16:00.000,,,0.0
2026-01-12 23:26:00.000,,,0.0
2026-01-12 23:36:00.000,,,0.0
2026-01-12 23:46:00.000,,,0.0
2026-01-12 23:56:00.000,,,0.0
2026-01-13 00:06:00.000,,,0.0
2026-01-13 00:16:00.000,,,0.0
2026-01-13 00:26:00.000,,,0.0
2026-01-13 00:36:00.000,,,0.0
2026-01-13 00:46:00.000,,,0.0
2026-01-13 00:56:00.000,,,0.0
2026-01-13 01:06:00.000,,,0.0
2026-01-13 01:16:00.000,,,0.0
2026-01-13 01:26:00.000,,,0.0
2026-01-13 01:36:00.000,,,0.0
2026-01-13 01:46:00.000,,,0.0
2026-01-13 01:56:00.000,,,0.0
2026-01-13 02:06:00.000,,,0.0
2026-01-13 02:16:00.000,,,0.0
2026-01-13 02:26:00.000,,,0.0
2026-01-13 02:36:00.000,,,0.0
2026-01-13 02:46:00.000,,,0.0
2026-01-13 02:56:00.000,,,0.0
2026-01-13 03:06:00.000,,,0.0
2026-01-13 03:16:00.000,,,0.0
2026-01-13 03:26:00.000,,,0.0
2026-01-13 03:36:00.000,,,0.0
2026-01-13 03:46:00.000,,,0.0
2026-01-13 03:56:00.000,,,0.0
2026-01-13 04:06:00.000,,,0.0
2026-01-13 04:16:00.000,,,0.0
2026-01-13 04:26:00.000,,,0.0
2026-01-13 04:36:00.000,,,0.0
2026-01-13 04:46:00.000,,,0.0
2026-01-13 04:56:00.000,,,0.0
2026-01-13 05:06:00.000,,,0.0
2026-01-13 05:16:00.000,,,0.0
2026-01-13 05:26:00.000,,,0.0
2026-01-13 05:36:00.000,,,0.0
2026-01-13 05:46:00.000,,,0.0
2026-01-13 05:56:00.000,,,0.0
2026-01-13 06:06:00.000,,,0.0
2026-01-13 06:16:00.000,,,0.0
2026-01-13 06:26:00.000,,,0.0
2026-01-13 06:36:00.000,,,0.0
2026-01-13 06:46:00.000,,,0.0
2026-01-13 06:56:00.000,,,0.0
2026-01-13 07:06:00.000,,,0.0
2026-01-13 07:16:00.000,,,0.0
2026-01-13 07:26:00.000,,,0.0
2026-01-13 07:36:00.000,,,0.0
2026-01-13 07:46:00.000,,,0.0
2026-01-13 07:56:00.000,,,0.0
2026-01-13 08:06:00.000,,,0.0
2026-01-13 08:16:00.000,,,0.0
2026-01-13 08:26:00.000,,,0.0
2026-01-13 08:36:00.000,,,0.0
2026-01-13 08:46:00.000,,,0.0
2026-01-13 08:56:00.000,,,0.0
2026-01-13 09:06:00.000,,,0.0
2026-01-13 09:16:00.000,,,0.0
2026-01-13 09:26:00.000,,,0.0
2026-01-13 09:36:00.000,,,0.0
2026-01-13 09:46:00.000,,,0.0
2026-01-13 09:56:00.000,,,0.0
2026-01-13 10:06:00.000,,,0.0
2026-01-13 10:16:00.000,,,0.0
2026-01-13 10:26:00.000,,,0.0
2026-01-13 10:36:00.000,,,0.0
2026-01-13 10:46:00.000,,,0.0
2026-01-13 10:56:00.000,,,0.0
2026-01-13 11:06:00.000,,,0.0
2026-01-13 11:16:00.000,,,0.0
2026-01-13 11:26:00.000,,,0.0
2026-01-13 11:36:00.000,,,0.0
2026-01-13 11:46:00.000,,,0.0
2026-01-13 11:56:00.000,,,0.0
2026-01-13 12:06:00.000,,,0.0
2026-01-13 12:16:00.000,,,0.0
2026-01-13 12:26:00.000,,,0.0
2026-01-13 12:36:00.000,,,0.0
2026-01-13 12:46:00.000,,,0.0
2026-01-13 12:56:00.000,,,0.0
2026-01-13 13:06:00.000,,,0.0
2026-01-13 13:16:00.000,,,0.0
2026-01-13 13:26:00.000,,,0.0
2026-01-13 13:36:00.000,,,0.0
2026-01-13 13:46:00.000,,,0.0
2026-01-13 13:56:00.000,,,0.0
2026-01-13 14:06:00.000,,,0.0
2026-01-13 14:16:00.000,,,0.0
2026-01-13 14:26:00.000,,,0.0
2026-01-13 14:36:00.000,,,0.0
2026-01-13 14:46:00.000,,,0.0
2026-01-13 14:56:00.000,,,0.0
2026-01-13 15:06:00.000,,,0.0
2026-01-13 15:16:00.000,,,0.0
2026-01-13 15:26:00.000,,,0.0
2026-01-13 15:36:00.000,,,0.0
2026-01-13 15:46:00.000,,,0.0
2026-01-13 15:56:00.000,,,0.0
2026-01-13 16:06:00.000,,,0.0
2026-01-13 16:16:00.000,,,0.0
2026-01-13 16:26:00.000,,,0.0
2026-01-13 16:36:00.000,,,0.0
2026-01-13 16:46:00.000,,,0.0
2026-01-13 16:56:00.000,,,0.0
2026-01-13 17:06:00.000,,,0.0
2026-01-13 17:16:00.000,,,0.0
2026-01-13 17:26:00.000,,,0.0
2026-01-13 17:36:00.000,,,0.0
2026-01-13 17:46:00.000,,,0.0
2026-01-13 17:56:00.000,,,0.0
2026-01-13 18:06:00.000,,,0.0
2026-01-13 18:16:00.000,,,0.0
2026-01-13 18:26:00.000,,,0.0
2026-01-13 18:36:00.000,,,0.0
2026-01-13 18:46:00.000,,,0.0
2026-01-13 18:56:00.000,,,0.0
2026-01-13 19:06:00.000,,,0.0
2026-01-13 19:16:00.000,,,0.0
2026-01-13 19:26:00.000,,,0.0
2026-01-13 19:36:00.000,,,0.0
2026-01-13 19:46:00.000,,,0.0
2026-01-13 19:56:00.000,,,0.0
2026-01-13 20:06:00.000,,,0.0
2026-01-13 20:16:00.000,,,0.0
2026-01-13 20:26:00.000,,,0.0
2026-01-13 20:36:00.000,,,0.0
2026-01-13 20:46:00.000,,,0.0
2026-01-13 20:56:00.000,,,0.0
2026-01-13 21:06:00.000,,,0.0
2026-01-13 21:16:00.000,,,0.0
2026-01-13 21:26:00.000,,,0.0
2026-01-13 21:36:00.000,,,0.0
2026-01-13 21:46:00.000,,,0.0
2026-01-13 21:56:00.000,,,0.0
2026-01-13 22:06:00.000,,,0.0
2026-01-13 22:16:00.000,,,0.0
2026-01-13 22:26:00.000,,,0.0
2026-01-13 22:36:00.000,,,0.0
2026-01-13 22:46:00.000,,,0.0
2026-01-13 22:56:00.000,,,0.0
2026-01-13 23:06:00.000,,,0.0
2026-01-13 23:16:00.000,,,0.0
2026-01-13 23:26:00.000,,,0.0
2026-01-13 23:36:00.000,,,0.0
2026-01-13 23:46:00.000,,,0.0
2026-01-13 23:56:00.000,,,0.0
2026-01-14 00:06:00.000,,,0.0
2026-01-14 00:16:00.000,,,0.0
2026-01-14 00:26:00.000,,,0.0
2026-01-14 00:36:00.000,,,0.0
2026-01-14 00:46:00.000,,,0.0
2026-01-14 00:56:00.000,,,0.0
2026-01-14 01:06:00.000,,,0.0
2026-01-14 01:16:00.000,,,0.0
2026-01-14 01:26:00.000,,,0.0
2026-01-14 01:36:00.000,,,0.0
2026-01-14 01:46:00.000,,,0.0
2026-01-14 01:56:00.000,,,0.0
2026-01-14 02:06:00.000,,,0.0
2026-01-14 02:16:00.000,,,0.0
2026-01-14 02:26:00.000,,,0.0
2026-01-14 02:36:00.000,,,0.0
2026-01-14 02:46:00.000,,,0.0
2026-01-14 02:56:00.000,,,0.0
2026-01-14 03:06:00.000,,,0.0
2026-01-14 03:16:00.000,,,0.0
2026-01-14 03:26:00.000,,,0.0
2026-01-14 03:36:00.000,,,0.0
2026-01-14 03:46:00.000,,,0.0
2026-01-14 03:56:00.000,,,0.0
2026-01-14 04:06:00.000,,,0.0
2026-01-14 04:16:00.000,,,0.0
2026-01-14 04:26:00.000,,,0.0
2026-01-14 04:36:00.000,,,0.0
2026-01-14 04:46:00.000,,,0.0
2026-01-14 04:56:00.000,,,0.0
2026-01-14 05:06:00.000,,,0.0
2026-01-14 05:16:00.000,,,0.0
2026-01-14 05:26:00.000,,,0.0
2026-01-14 05:36:00.000,,,0.0
2026-01-14 05:46:00.000,,,0.0
2026-01-14 05:56:00.000,,,0.0
2026-01-14 06:06:00.000,,,0.0
2026-01-14 06:16:00.000,,,0.0
2026-01-14 06:26:00.000,,,0.0
2026-01-14 06:36:00.000,,,0.0
2026-01-14 06:46:00.000,,,0.0
2026-01-14 06:56:00.000,,,0.0
2026-01-14 07:06:00.000,,,0.0
2026-01-14 07:16:00.000,,,0.0
2026-01-14 07:26:00.000,,,0.0
2026-01-14 07:36:00.000,,,0.0
2026-01-14 07:46:00.000,,,0.0
2026-01-14 07:56:00.000,,,0.0
2026-01-14 08:06:00.000,,,0.0
2026-01-14 08:16:00.000,,,0.0
2026-01-14 08:26:00.000,,,0.0
2026-01-14 08:36:00.000,,,0.0
2026-01-14 08:46:00.000,,,0.0
2026-01-14 08:56:00.000,,,0.0
2026-01-14 09:06:00.000,,,0.0
2026-01-14 09:16:00.000,,,0.0
2026-01-14 09:26:00.000,,,0.0
2026-01-14 09:36:00.000,,,0.0
2026-01-14 09:46:00.000,,,0.0
2026-01-14 09:56:00.000,,,0.0
2026-01-14 10:06:00.000,,,0.0
2026-01-14 10:16:00.000,,,0.0
2026-01-14 10:26:00.000,,,0.0
2026-01-14 10:36:00.000,,,0.0
2026-01-14 10:46:00.000,,,0.0
2026-01-14 10:56:00.000,,,0.0
2026-01-14 11:06:00.000,,,0.0
2026-01-14 11:16:00.000,,,0.0
2026-01-14 11:26:00.000,,,0.0
2026-01-14 11:36:00.000,,,0.0
2026-01-14 11:46:00.000,,,0.0
2026-01-14 11:56:00.000,,,0.0
2026-01-14 12:06:00.000,,,0.0
2026-01-14 12:16:00.000,,,0.0
2026-01-14 12:26:00.000,,,0.0
2026-01-14 12:36:00.000,,,0.0
2026-01-14 12:46:00.000,,,0.0
2026-01-14 12:56:00.000,,,0.0
2026-01-14 13:06:00.000,,,0.0
2026-01-14 13:16:00.000,,,0.0
2026-01-14 13:26:00.000,,,0.0
2026-01-14 13:36:00.000,,,0.0
2026-01-14 13:46:00.000,,,0.0
2026-01-14 13:56:00.000,,,0.0
2026-01-14 14:06:00.000,,,0.0
2026-01-14 14:16:00.000,,,0.0
2026-01-14 14:26:00.000,,,0.0
2026-01-14 14:36:00.000,,,0.0
2026-01-14 14:46:00.000,,,0.0
2026-01-14 14:56:00.000,,,0.0
2026-01-14 15:06:00.000,,,0.0
2026-01-14 15:16:00.000,,,0.0
2026-01-14 15:26:00.000,,,0.0
2026-01-14 15:36:00.000,,,0.0
2026-01-14 15:46:00.000,,,0.0
2026-01-14 15:56:00.000,,,0.0
2026-01-14 16:06:00.000,,,0.0
2026-01-14 16:16:00.000,,,0.0
2026-01-14 16:26:00.000,,,0.0
2026-01-14 16:36:00.000,,,0.0
2026-01-14 16:46:00.000,,,0.0
2026-01-14 16:56:00.000,,,0.0
2026-01-14 17:06:00.000,,,0.0
2026-01-14 17:16:00.000,,,0.0
2026-01-14 17:26:00.000,,,0.0
2026-01-14 17:36:00.000,,,0.0
2026-01-14 17:46:00.000,,,0.0
2026-01-14 17:56:00.000,,,0.0
2026-01-14 18:06:00.000,,,0.0
2026-01-14 18:16:00.000,,,0.0
2026-01-14 18:26:00.000,,,0.0
2026-01-14 18:36:00.000,,,0.0
2026-01-14 18:46:00.000,,,0.0
2026-01-14 18:56:00.000,,,0.0
2026-01-14 19:06:00.000,,,0.0
2026-01-14 19:16:00.000,,,0.0
2026-01-14 19:26:00.000,,,0.0
2026-01-14 19:36:00.000,,,0.0
2026-01-14 19:46:00.000,,,0.0
2026-01-14 19:56:00.000,,,0.0
2026-01-14 20:06:00.000,,,0.0
2026-01-14 20:16:00.000,,,0.0
2026-01-14 20:26:00.000,,,0.0
2026-01-14 20:36:00.000,,,0.0
2026-01-14 20:46:00.000,,,0.0
2026-01-14 20:56:00.000,,,0.0
2026-01-14 21:06:00.000,,,0.0
2026-01-14 21:16:00.000,,,0.0
2026-01-14 21:26:00.000,,,0.0
2026-01-14 21:36:00.000,,,0.0
2026-01-14 21:46:00.000,,,0.0
2026-01-14 21:56:00.000,,,0.0
2026-01-14 22:06:00.000,,,0.0
2026-01-14 22:16:00.000,,,0.0
2026-01-14 22:26:00.000,,,0.0
2026-01-14 22:36:00.000,,,0.0
2026-01-14 22:46:00.000,,,0.0
2026-01-14 22:56:00.000,,,0.0
2026-01-14 23:06:00.000,,,0.0
2026-01-14 23:16:00.000,,,0.0
2026-01-14 23:26:00.000,,,0.0
2026-01-14 23:36:00.000,,,0.0
2026-01-14 23:46:00.000,,,0.0
2026-01-14 23:56:00.000,,,0.0
2026-01-15 00:06:00.000,,,0.0
2026-01-15 00:16:00.000,,,0.0
2026-01-15 00:26:00.000,,,0.0
2026-01-15 00:36:00.000,,,0.0
2026-01-15 00:46:00.000,,,0.0
2026-01-15 00:56:00.000,,,0.0
2026-01-15 01:06:00.000,,,0.0
2026-01-15 01:16:00.000,,,0.0
2026-01-15 01:26:00.000,,,0.0
2026-01-15 01:36:00.000,,,0.0
2026-01-15 01:46:00.000,,,0.0
2026-01-15 01:56:00.000,,,0.0
2026-01-15 02:06:00.000,,,0.0
2026-01-15 02:16:00.000,,,0.0
2026-01-15 02:26:00.000,,,0.0
2026-01-15 02:36:00.000,,,0.0
2026-01-15 02:46:00.000,,,0.0
2026-01-15 02:56:00.000,,,0.0
2026-01-15 03:06:00.000,,,0.0
2026-01-15 03:16:00.000,,,0.0
2026-01-15 03:26:00.000,,,0.0
2026-01-15 03:36:00.000,,,0.0
2026-01-15 03:46:00.000,,,0.0
2026-01-15 03:56:00.000,,,0.0
2026-01-15 04:06:00.000,,,0.0
2026-01-15 04:16:00.000,,,0.0
2026-01-15 04:26:00.000,,,0.0
2026-01-15 04:36:00.000,,,0.0
2026-01-15 04:46:00.000,,,0.0
2026-01-15 04:56:00.000,,,0.0
2026-01-15 05:06:00.000,,,0.0
2026-01-15 05:16:00.000,,,0.0
2026-01-15 05:26:00.000,,,0.0
2026-01-15 05:36:00.000,,,0.0
2026-01-15 05:46:00.000,,,0.0
2026-01-15 05:56:00.000,,,0.0
2026-01-15 06:06:00.000,,,0.0
2026-01-15 06:16:00.000,,,0.0
2026-01-15 06:26:00.000,,,0.0
2026-01-15 06:36:00.000,,,0.0
2026-01-15 06:46:00.000,,,0.0
2026-01-15 06:56:00.000,,,0.0
2026-01-15 07:06:00.000,,,0.0
2026-01-15 07:16:00.000,,,0.0
2026-01-15 07:26:00.000,,,0.0
2026-01-15 07:36:00.000,,,0.0
2026-01-15 07:46:00.000,,,0.0
2026-01-15 07:56:00.000,,,0.0
2026-01-15 08:06:00.000,,,0.0
2026-01-15 08:16:00.000,,,0.0
2026-01-15 08:26:00.000,,,0.0
2026-01-15 08:36:00.000,,,0.0
2026-01-15 08:46:00.000,,,0.0
2026-01-15 08:56:00.000,,,0.0
2026-01-15 09:06:00.000,,,0.0
2026-01-15 09:16:00.000,,,0.0
2026-01-15 09:26:00.000,,,0.0
2026-01-15 09:36:00.000,,,0.0
2026-01-15 09:46:00.000,,,0.0
2026-01-15 09:56:00.000,,,0.0
2026-01-15 10:06:00.000,,,0.0
2026-01-15 10:16:00.000,,,0.0
2026-01-15 10:26:00.000,,,0.0
2026-01-15 10:36:00.000,,,0.0
2026-01-15 10:46:00.000,,,0.0
2026-01-15 10:56:00.000,,,0.0
2026-01-15 11:06:00.000,,,0.0
2026-01-15 11:16:00.000,,,0.0
2026-01-15 11:26:00.000,,,0.0
2026-01-15 11:36:00.000,,,0.0
2026-01-15 11:46:00.000,,,0.0
2026-01-15 11:56:00.000,,,0.0
2026-01-15 12:06:00.000,,,0.0
2026-01-15 12:16:00.000,,,0.0
2026-01-15 12:26:00.000,,,0.0
2026-01-15 12:36:00.000,,,0.0
2026-01-15 12:46:00.000,,,0.0
2026-01-15 12:56:00.000,,,0.0
2026-01-15 13:06:00.000,,,0.0
2026-01-15 13:16:00.000,,,0.0
2026-01-15 13:26:00.000,,,0.0
2026-01-15 13:36:00.000,,,0.0
2026-01-15 13:46:00.000,,,0.0
2026-01-15 13:56:00.000,,,0.0
2026-01-15 14:06:00.000,,,0.0
2026-01-15 14:16:00.000,,,0.0
2026-01-15 14:26:00.000,,,0.0
2026-01-15 14:36:00.000,,,0.0
2026-01-15 14:46:00.000,,,0.0
2026-01-15 14:56:00.000,,,0.0
2026-01-15 15:06:00.000,,,0.0
2026-01-15 15:16:00.000,,,0.0
2026-01-15 15:26:00.000,,,0.0
2026-01-15 15:36:00.000,,,0.0
2026-01-15 15:46:00.000,,,0.0
2026-01-15 15:56:00.000,,,0.0
2026-01-15 16:06:00.000,,,0.0
2026-01-15 16:16:00.000,,,0.0
2026-01-15 16:26:00.000,,,0.0
2026-01-15 16:36:00.000,,,0.0
2026-01-15 16:46:00.000,,,0.0
2026-01-15 16:56:00.000,,,0.0
2026-01-15 17:06:00.000,,,0.0
2026-01-15 17:16:00.000,,,0.0
2026-01-15 17:26:00.000,,,0.0
2026-01-15 17:36:00.000,,,0.0
2026-01-15 17:46:00.000,,,0.0
2026-01-15 17:56:00.000,,,0.0
2026-01-15 18:06:00.000,,,0.0
2026-01-15 18:16:00.000,,,0.0
2026-01-15 18:26:00.000,,,0.0
2026-01-15 18:36:00.000,,,0.0
2026-01-15 18:46:00.000,,,0.0
2026-01-15 18:56:00.000,,,0.0
2026-01-15 19:06:00.000,,,0.0
2026-01-15 19:16:00.000,,,0.0
2026-01-15 19:26:00.000,,,0.0
2026-01-15 19:36:00.000,,,0.0
2026-01-15 19:46:00.000,,,0.0
2026-01-15 19:56:00.000,,,0.0
2026-01-15 20:06:00.000,,,0.0
2026-01-15 20:16:00.000,,,0.0
2026-01-15 20:26:00.000,,,0.0
2026-01-15 20:36:00.000,,,0.0
2026-01-15 20:46:00.000,,,0.0
2026-01-15 20:56:00.000,,,0.0
2026-01-15 21:06:00.000,,,0.0
2026-01-15 21:16:00.000,,,0.0
2026-01-15 21:26:00.000,,,0.0
2026-01-15 21:36:00.000,,,0.0
2026-01-15 21:46:00.000,,,0.0
2026-01-15 21:56:00.000,,,0.0
2026-01-15 22:06:00.000,,,0.0
2026-01-15 22:16:00.000,,,0.0
2026-01-15 22:26:00.000,,,0.0
2026-01-15 22:36:00.000,,,0.0
2026-01-15 22:46:00.000,,,0.0
2026-01-15 22:56:00.000,,,0.0
2026-01-15 23:06:00.000,,,0.0
2026-01-15 23:16:00.000,,,0.0
2026-01-15 23:26:00.000,,,0.0
2026-01-15 23:36:00.000,,,0.0
2026-01-15 23:46:00.000,,,0.0
2026-01-15 23:56:00.000,,,0.0
2026-01-16 00:06:00.000,,,0.0
2026-01-16 00:16:00.000,,,0.0
2026-01-16 00:26:00.000,,,0.0
2026-01-16 00:36:00.000,,,0.0
2026-01-16 00:46:00.000,,,0.0
2026-01-16 00:56:00.000,,,0.0
2026-01-16 01:06:00.000,,,0.0
2026-01-16 01:16:00.000,,,0.0
2026-01-16 01:26:00.000,,,0.0
2026-01-16 01:36:00.000,,,0.0
2026-01-16 01:46:00.000,,,0.0
2026-01-16 01:56:00.000,,,0.0
2026-01-16 02:06:00.000,,,0.0
2026-01-16 02:16:00.000,,,0.0
2026-01-16 02:26:00.000,,,0.0
2026-01-16 02:36:00.000,,,0.0
2026-01-16 02:46:00.000,,,0.0
2026-01-16 02:56:00.000,,,0.0
2026-01-16 03:06:00.000,,,0.0
2026-01-16 03:16:00.000,,,0.0
2026-01-16 03:26:00.000,,,0.0
2026-01-16 03:36:00.000,,,0.0
2026-01-16 03:46:00.000,,,0.0
2026-01-16 03:56:00.000,,,0.0
2026-01-16 04:06:00.000,,,0.0
2026-01-16 04:16:00.000,,,0.0
2026-01-16 04:26:00.000,,,0.0
2026-01-16 04:36:00.000,,,0.0
2026-01-16 04:46:00.000,,,0.0
2026-01-16 04:56:00.000,,,0.0
2026-01-16 05:06:00.000,,,0.0
2026-01-16 05:16:00.000,,,0.0
2026-01-16 05:26:00.000,,,0.0
2026-01-16 05:36:00.000,,,0.0
2026-01-16 05:46:00.000,,,0.0
2026-01-16 05:56:00.000,,,0.0
2026-01-16 06:06:00.000,,,0.0
2026-01-16 06:16:00.000,,,0.0
2026-01-16 06:26:00.000,,,0.0
2026-01-16 06:36:00.000,,,0.0
2026-01-16 06:46:00.000,,,0.0
2026-01-16 06:56:00.000,,,0.0
2026-01-16 07:06:00.000,,,0.0
2026-01-16 07:16:00.000,,,0.0
2026-01-16 07:26:00.000,,,0.0
2026-01-16 07:36:00.000,,,0.0
2026-01-16 07:46:00.000,,,0.0
2026-01-16 07:56:00.000,,,0.0
2026-01-16 08:06:00.000,,,0.0
2026-01-16 08:16:00.000,,,0.0
2026-01-16 08:26:00.000,,,0.0
2026-01-16 08:36:00.000,,,0.0
2026-01-16 08:46:00.000,,,0.0
2026-01-16 08:56:00.000,,,0.0
2026-01-16 09:06:00.000,,,0.0
2026-01-16 09:16:00.000,,,0.0
2026-01-16 09:26:00.000,,,0.0
2026-01-16 09:36:00.000,,,0.0
2026-01-16 09:46:00.000,,,0.0
2026-01-16 09:56:00.000,,,0.0
2026-01-16 10:06:00.000,,,0.0
2026-01-16 10:16:00.000,,,0.0
2026-01-16 10:26:00.000,,,0.0
2026-01-16 10:36:00.000,,,0.0
2026-01-16 10:46:00.000,,,0.0
2026-01-16 10:56:00.000,,,0.0
2026-01-16 11:06:00.000,,,0.0
2026-01-16 11:16:00.000,,,0.0
2026-01-16 11:26:00.000,,,0.0
2026-01-16 11:36:00.000,,,0.0
2026-01-16 11:46:00.000,,,0.0
2026-01-16 11:56:00.000,,,0.0
2026-01-16 12:06:00.000,,,0.0
2026-01-16 12:16:00.000,,,0.0
2026-01-16 12:26:00.000,,,0.0
2026-01-16 12:36:00.000,,,0.0
2026-01-16 12:46:00.000,,,0.0
2026-01-16 12:56:00.000,,,0.0
2026-01-16 13:06:00.000,,,0.0
2026-01-16 13:16:00.000,,,0.0
2026-01-16 13:26:00.000,,,0.0
2026-01-16 13:36:00.000,,,0.0
2026-01-16 13:46:00.000,,,0.0
2026-01-16 13:56:00.000,,,0.0
2026-01-16 14:06:00.000,,,0.0
2026-01-16 14:16:00.000,,,0.0
2026-01-16 14:26:00.000,,,0.0
2026-01-16 14:36:00.000,,,0.0
2026-01-16 14:46:00.000,,,0.0
2026-01-16 14:56:00.000,,,0.0
2026-01-16 15:06:00.000,,,0.0
2026-01-16 15:16:00.000,,,0.0
2026-01-16 15:26:00.000,,,0.0
2026-01-16 15:36:00.000,,,0.0
2026-01-16 15:46:00.000,,,0.0
2026-01-16 15:56:00.000,,,0.0
2026-01-16 16:06:00.000,,,0.0
2026-01-16 16:16:00.000,,,0.0
2026-01-16 16:26:00.000,,,0.0
2026-01-16 16:36:00.000,,,0.0
2026-01-16 16:46:00.000,,,0.0
2026-01-16 16:56:00.000,,,0.0
2026-01-16 17:06:00.000,,,0.0
2026-01-16 17:16:00.000,,,0.0
2026-01-16 17:26:00.000,,,0.0
2026-01-16 17:36:00.000,,,0.0
2026-01-16 17:46:00.000,,,0.0
2026-01-16 17:56:00.000,,,0.0
2026-01-16 18:06:00.000,,,0.0
2026-01-16 18:16:00.000,,,0.0
2026-01-16 18:26:00.000,,,0.0
2026-01-16 18:36:00.000,,,0.0
2026-01-16 18:46:00.000,,,0.0
2026-01-16 18:56:00.000,,,0.0
2026-01-16 19:06:00.000,,,0.0
2026-01-16 19:16:00.000,,,0.0
2026-01-16 19:26:00.000,,,0.0
2026-01-16 19:36:00.000,,,0.0
2026-01-16 19:46:00.000,,,0.0
2026-01-16 19:56:00.000,,,0.0
2026-01-16 20:06:00.000,,,0.0
2026-01-16 20:16:00.000,,,0.0
2026-01-16 20:26:00.000,,,0.0
2026-01-16 20:36:00.000,,,0.0
2026-01-16 20:46:00.000,,,0.0
2026-01-16 20:56:00.000,,,0.0
2026-01-16 21:06:00.000,,,0.0
2026-01-16 21:16:00.000,,,0.0
2026-01-16 21:26:00.000,,,0.0
2026-01-16 21:36:00.000,,,0.0
2026-01-16 21:46:00.000,,,0.0
2026-01-16 21:56:00.000,,,0.0
2026-01-16 22:06:00.000,,,0.0
2026-01-16 22:16:00.000,,,0.0
2026-01-16 22:26:00.000,,,0.0
2026-01-16 22:36:00.000,,,0.0
2026-01-16 22:46:00.000,,,0.0
2026-01-16 22:56:00.000,,,0.0
2026-01-16 23:06:00.000,,,0.0
2026-01-16 23:16:00.000,,,0.0
2026-01-16 23:26:00.000,,,0.0
2026-01-16 23:36:00.000,,,0.0
2026-01-16 23:46:00.000,,,0.0
2026-01-16 23:56:00.000,,,0.0
2026-01-17 00:06:00.000,,,0.0
2026-01-17 00:16:00.000,,,0.0
2026-01-17 00:26:00.000,,,0.0
2026-01-17 00:36:00.000,,,0.0
2026-01-17 00:46:00.000,,,0.0
2026-01-17 00:56:00.000,,,0.0
2026-01-17 01:06:00.000,,,0.0
2026-01-17 01:16:00.000,,,0.0
2026-01-17 01:26:00.000,,,0.0
2026-01-17 01:36:00.000,,,0.0
2026-01-17 01:46:00.000,,,0.0
2026-01-17 01:56:00.000,,,0.0
2026-01-17 02:06:00.000,,,0.0
2026-01-17 02:16:00.000,,,0.0
2026-01-17 02:26:00.000,,,0.0
2026-01-17 02:36:00.000,,,0.0
2026-01-17 02:46:00.000,,,0.0
2026-01-17 02:56:00.000,,,0.0
2026-01-17 03:06:00.000,,,0.0
2026-01-17 03:16:00.000,,,0.0
2026-01-17 03:26:00.000,,,0.0
2026-01-17 03:36:00.000,,,0.0
2026-01-17 03:46:00.000,,,0.0
2026-01-17 03:56:00.000,,,0.0
2026-01-17 04:06:00.000,,,0.0
2026-01-17 04:16:00.000,,,0.0
2026-01-17 04:26:00.000,,,0.0
2026-01-17 04:36:00.000,,,0.0
2026-01-17 04:46:00.000,,,0.0
2026-01-17 04:56:00.000,,,0.0
2026-01-17 05:06:00.000,,,0.0
2026-01-17 05:16:00.000,,,0.0
2026-01-17 05:26:00.000,,,0.0
2026-01-17 05:36:00.000,,,0.0
2026-01-17 05:46:00.000,,,0.0
2026-01-17 05:56:00.000,,,0.0
2026-01-17 06:06:00.000,,,0.0
2026-01-17 06:16:00.000,,,0.0
2026-01-17 06:26:00.000,,,0.0
2026-01-17 06:36:00.000,,,0.0
2026-01-17 06:46:00.000,,,0.0
2026-01-17 06:56:00.000,,,0.0
2026-01-17 07:06:00.000,,,0.0
2026-01-17 07:16:00.000,,,0.0
2026-01-17 07:26:00.000,,,0.0
2026-01-17 07:36:00.000,,,0.0
2026-01-17 07:46:00.000,,,0.0
2026-01-17 07:56:00.000,,,0.0
2026-01-17 08:06:00.000,,,0.0
2026-01-17 08:16:00.000,,,0.0
2026-01-17 08:26:00.000,,,0.0
2026-01-17 08:36:00.000,,,0.0
2026-01-17 08:46:00.000,,,0.0
2026-01-17 08:56:00.000,,,0.0
2026-01-17 09:06:00.000,,,0.0
2026-01-17 09:16:00.000,,,0.0
2026-01-17 09:26:00.000,,,0.0
2026-01-17 09:36:00.000,,,0.0
2026-01-17 09:46:00.000,,,0.0
2026-01-17 09:56:00.000,,,0.0
2026-01-17 10:06:00.000,,,0.0
2026-01-17 10:16:00.000,,,0.0
2026-01-17 10:26:00.000,,,0.0
2026-01-17 10:36:00.000,,,0.0
2026-01-17 10:46:00.000,,,0.0
2026-01-17 10:56:00.000,,,0.0
2026-01-17 11:06:00.000,,,0.0
2026-01-17 11:16:00.000,,,0.0
2026-01-17 11:26:00.000,,,0.0
2026-01-17 11:36:00.000,,,0.0
2026-01-17 11:46:00.000,,,0.0
2026-01-17 11:56:00.000,,,0.0
2026-01-17 12:06:00.000,,,0.0
2026-01-17 12:16:00.000,,,0.0
2026-01-17 12:26:00.000,,,0.0
2026-01-17 12:36:00.000,,,0.0
2026-01-17 12:46:00.000,,,0.0
2026-01-17 12:56:00.000,,,0.0
2026-01-17 13:06:00.000,,,0.0
2026-01-17 13:16:00.000,,,0.0
2026-01-17 13:26:00.000,,,0.0
2026-01-17 13:36:00.000,,,0.0
2026-01-17 13:46:00.000,,,0.0
2026-01-17 13:56:00.000,,,0.0
2026-01-17 14:06:00.000,,,0.0
2026-01-17 14:16:00.000,,,0.0
2026-01-17 14:26:00.000,,,0.0
2026-01-17 14:36:00.000,,,0.0
2026-01-17 14:46:00.000,,,0.0
2026-01-17 14:56:00.000,,,0.0
2026-01-17 15:06:00.000,,,0.0
2026-01-17 15:16:00.000,,,0.0
2026-01-17 15:26:00.000,,,0.0
2026-01-17 15:36:00.000,,,0.0
2026-01-17 15:46:00.000,,,0.0
2026-01-17 15:56:00.000,,,0.0
2026-01-17 16:06:00.000,,,0.0
2026-01-17 16:16:00.000,,,0.0
2026-01-17 16:26:00.000,,,0.0
2026-01-17 16:36:00.000,,,0.0
2026-01-17 16:46:00.000,,,0.0
2026-01-17 16:56:00.000,,,0.0
2026-01-17 17:06:00.000,,,0.0
2026-01-17 17:16:00.000,,,0.0
2026-01-17 17:26:00.000,,,0.0
2026-01-17 17:36:00.000,,,0.0
2026-01-17 17:46:00.000,,,0.0
2026-01-17 17:56:00.000,,,0.0
2026-01-17 18:06:00.000,,,0.0
2026-01-17 18:16:00.000,,,0.0
2026-01-17 18:26:00.000,,,0.0
2026-01-17 18:36:00.000,,,0.0
2026-01-17 18:46:00.000,,,0.0
2026-01-17 18:56:00.000,,,0.0
2026-01-17 19:06:00.000,,,0.0
2026-01-17 19:16:00.000,,,0.0
2026-01-17 19:26:00.000,,,0.0
2026-01-17 19:36:00.000,,,0.0
2026-01-17 19:46:00.000,,,0.0
2026-01-17 19:56:00.000,,,0.0
2026-01-17 20:06:00.000,,,0.0
2026-01-17 20:16:00.000,,,0.0
2026-01-17 20:26:00.000,,,0.0
2026-01-17 20:36:00.000,,,0.0
2026-01-17 20:46:00.000,,,0.0
2026-01-17 20:56:00.000,,,0.0
2026-01-17 21:06:00.000,,,0.0
2026-01-17 21:16:00.000,,,0.0
2026-01-17 21:26:00.000,,,0.0
2026-01-17 21:36:00.000,,,0.0
2026-01-17 21:46:00.000,,,0.0
2026-01-17 21:56:00.000,,,0.0
2026-01-17 22:06:00.000,,,0.0
2026-01-17 22:16:00.000,,,0.0
2026-01-17 22:26:00.000,,,0.0
2026-01-17 22:36:00.000,,,0.0
2026-01-17 22:46:00.000,,,0.0
2026-01-17 22:56:00.000,,,0.0
2026-01-17 23:06:00.000,,,0.0
2026-01-17 23:16:00.000,,,0.0
2026-01-17 23:26:00.000,,,0.0
2026-01-17 23:36:00.000,,,0.0
2026-01-17 23:46:00.000,,,0.0
2026-01-17 23:56:00.000,,,0.0
2026-01-18 00:06:00.000,,,0.0
2026-01-18 00:16:00.000,,,0.0
2026-01-18 00:26:00.000,,,0.0
2026-01-18 00:36:00.000,,,0.0
2026-01-18 00:46:00.000,,,0.0
2026-01-18 00:56:00.000,,,0.0
2026-01-18 01:06:00.000,,,0.0
2026-01-18 01:16:00.000,,,0.0
2026-01-18 01:26:00.000,,,0.0
2026-01-18 01:36:00.000,,,0.0
2026-01-18 01:46:00.000,,,0.0
2026-01-18 01:56:00.000,,,0.0
2026-01-18 02:06:00.000,,,0.0
2026-01-18 02:16:00.000,,,0.0
2026-01-18 02:26:00.000,,,0.0
2026-01-18 02:36:00.000,,,0.0
2026-01-18 02:46:00.000,,,0.0
2026-01-18 02:56:00.000,,,0.0
2026-01-18 03:06:00.000,,,0.0
2026-01-18 03:16:00.000,,,0.0
2026-01-18 03:26:00.000,,,0.0
2026-01-18 03:36:00.000,,,0.0
2026-01-18 03:46:00.000,,,0.0
2026-01-18 03:56:00.000,,,0.0
2026-01-18 04:06:00.000,,,0.0
2026-01-18 04:16:00.000,,,0.0
2026-01-18 04:26:00.000,,,0.0
2026-01-18 04:36:00.000,,,0.0
2026-01-18 04:46:00.000,,,0.0
2026-01-18 04:56:00.000,,,0.0
2026-01-18 05:06:00.000,,,0.0
2026-01-18 05:16:00.000,,,0.0
2026-01-18 05:26:00.000,,,0.0
2026-01-18 05:36:00.000,,,0.0
2026-01-18 05:46:00.000,,,0.0
2026-01-18 05:56:00.000,,,0.0
2026-01-18 06:06:00.000,,,0.0
2026-01-18 06:16:00.000,,,0.0
2026-01-18 06:26:00.000,,,0.0
2026-01-18 06:36:00.000,,,0.0
2026-01-18 06:46:00.000,,,0.0
2026-01-18 06:56:00.000,,,0.0
2026-01-18 07:06:00.000,,,0.0
2026-01-18 07:16:00.000,,,0.0
2026-01-18 07:26:00.000,,,0.0
2026-01-18 07:36:00.000,,,0.0
2026-01-18 07:46:00.000,,,0.0
2026-01-18 07:56:00.000,,,0.0
2026-01-18 08:06:00.000,,,0.0
2026-01-18 08:16:00.000,,,0.0
2026-01-18 08:26:00.000,,,0.0
2026-01-18 08:36:00.000,,,0.0
2026-01-18 08:46:00.000,,,0.0
2026-01-18 08:56:00.000,,,0.0
2026-01-18 09:06:00.000,,,0.0
2026-01-18 09:16:00.000,,,0.0
2026-01-18 09:26:00.000,,,0.0
2026-01-18 09:36:00.000,,,0.0
2026-01-18 09:46:00.000,,,0.0
2026-01-18 09:56:00.000,,,0.0
2026-01-18 10:06:00.000,,,0.0
2026-01-18 10:16:00.000,,,0.0
2026-01-18 10:26:00.000,,,0.0
2026-01-18 10:36:00.000,,,0.0
2026-01-18 10:46:00.000,,,0.0
2026-01-18 10:56:00.000,,,0.0
2026-01-18 11:06:00.000,,,0.0
2026-01-18 11:16:00.000,,,0.0
2026-01-18 11:26:00.000,,,0.0
2026-01-18 11:36:00.000,,,0.0
2026-01-18 11:46:00.000,,,0.0
2026-01-18 11:56:00.000,,,0.0
2026-01-18 12:06:00.000,,,0.0
2026-01-18 12:16:00.000,,,0.0
2026-01-18 12:26:00.000,,,0.0
2026-01-18 12:36:00.000,,,0.0
2026-01-18 12:46:00.000,,,0.0
2026-01-18 12:56:00.000,,,0.0
2026-01-18 13:06:00.000,,,0.0
2026-01-18 13:16:00.000,,,0.0
2026-01-18 13:26:00.000,,,0.0
2026-01-18 13:36:00.000,,,0.0
2026-01-18 13:46:00.000,,,0.0
2026-01-18 13:56:00.000,,,0.0
2026-01-18 14:06:00.000,,,0.0
2026-01-18 14:16:00.000,,,0.0
2026-01-18 14:26:00.000,,,0.0
2026-01-18 14:36:00.000,,,0.0
2026-01-18 14:46:00.000,,,0.0
2026-01-18 14:56:00.000,,,0.0
2026-01-18 15:06:00.000,,,0.0
2026-01-18 15:16:00.000,,,0.0
2026-01-18 15:26:00.000,,,0.0
2026-01-18 15:36:00.000,,,0.0
2026-01-18 15:46:00.000,,,0.0
2026-01-18 15:56:00.000,,,0.0
2026-01-18 16:06:00.000,,,0.0
2026-01-18 16:16:00.000,,,0.0
2026-01-18 16:26:00.000,,,0.0
2026-01-18 16:36:00.000,,,0.0
2026-01-18 16:46:00.000,,,0.0
2026-01-18 16:56:00.000,,,0.0
2026-01-18 17:06:00.000,,,0.0
2026-01-18 17:16:00.000,,,0.0
2026-01-18 17:26:00.000,,,0.0
2026-01-18 17:36:00.000,,,0.0
2026-01-18 17:46:00.000,,,0.0
2026-01-18 17:56:00.000,,,0.0
2026-01-18 18:06:00.000,,,0.0
2026-01-18 18:16:00.000,,,0.0
2026-01-18 18:26:00.000,,,0.0
2026-01-18 18:36:00.000,,,0.0
2026-01-18 18:46:00.000,,,0.0
2026-01-18 18:56:00.000,,,0.0
2026-01-18 19:06:00.000,,,0.0
2026-01-18 19:16:00.000,,,0.0
2026-01-18 19:26:00.000,,,0.0
2026-01-18 19:36:00.000,,,0.0
2026-01-18 19:46:00.000,,,0.0
2026-01-18 19:56:00.000,,,0.0
2026-01-18 20:06:00.000,,,0.0
2026-01-18 20:16:00.000,,,0.0
2026-01-18 20:26:00.000,,,0.0
2026-01-18 20:36:00.000,,,0.0
2026-01-18 20:46:00.000,,,0.0
2026-01-18 20:56:00.000,,,0.0
2026-01-18 21:06:00.000,,,0.0
2026-01-18 21:16:00.000,,,0.0
2026-01-18 21:26:00.000,,,0.0
2026-01-18 21:36:00.000,,,0.0
2026-01-18 21:46:00.000,,,0.0
2026-01-18 21:56:00.000,,,0.0
2026-01-18 22:06:00.000,,,0.0
2026-01-18 22:16:00.000,,,0.0
2026-01-18 22:26:00.000,,,0.0
2026-01-18 22:36:00.000,,,0.0
2026-01-18 22:46:00.000,,,0.0
2026-01-18 22:56:00.000,,,0.0
2026-01-18 23:06:00.000,,,0.0
2026-01-18 23:16:00.000,,,0.0
2026-01-18 23:26:00.000,,,0.0
2026-01-18 23:36:00.000,,,0.0
2026-01-18 23:46:00.000,,,0.0
2026-01-18 23:56:00.000,,,0.0
2026-01-19 00:06:00.000,,,0.0
2026-01-19 00:16:00.000,,,0.0
2026-01-19 00:26:00.000,,,0.0
2026-01-19 00:36:00.000,,,0.0
2026-01-19 00:46:00.000,,,0.0
2026-01-19 00:56:00.000,,,0.0
2026-01-19 01:06:00.000,,,0.0
2026-01-19 01:16:00.000,,,0.0
2026-01-19 01:26:00.000,,,0.0
2026-01-19 01:36:00.000,,,0.0
2026-01-19 01:46:00.000,,,0.0
2026-01-19 01:56:00.000,,,0.0
2026-01-19 02:06:00.000,,,0.0
2026-01-19 02:16:00.000,,,0.0
2026-01-19 02:26:00.000,,,0.0
2026-01-19 02:36:00.000,,,0.0
2026-01-19 02:46:00.000,,,0.0
2026-01-19 02:56:00.000,,,0.0
2026-01-19 03:06:00.000,,,0.0
2026-01-19 03:16:00.000,,,0.0
2026-01-19 03:26:00.000,,,0.0
2026-01-19 03:36:00.000,,,0.0
2026-01-19 03:46:00.000,,,0.0
2026-01-19 03:56:00.000,,,0.0
2026-01-19 04:06:00.000,,,0.0
2026-01-19 04:16:00.000,,,0.0
2026-01-19 04:26:00.000,,,0.0
2026-01-19 04:36:00.000,,,0.0
2026-01-19 04:46:00.000,,,0.0
2026-01-19 04:56:00.000,,,0.0
2026-01-19 05:06:00.000,,,0.0
2026-01-19 05:16:00.000,,,0.0
2026-01-19 05:26:00.000,,,0.0
2026-01-19 05:36:00.000,,,0.0
2026-01-19 05:46:00.000,,,0.0
2026-01-19 05:56:00.000,,,0.0
2026-01-19 06:06:00.000,,,0.0
2026-01-19 06:16:00.000,,,0.0
2026-01-19 06:26:00.000,,,0.0
2026-01-19 06:36:00.000,,,0.0
2026-01-19 06:46:00.000,,,0.0
2026-01-19 06:56:00.000,,,0.0
2026-01-19 07:06:00.000,,,0.0
2026-01-19 07:16:00.000,,,0.0
2026-01-19 07:26:00.000,,,0.0
2026-01-19 07:36:00.000,,,0.0
2026-01-19 07:46:00.000,,,0.0
2026-01-19 07:56:00.000,,,0.0
2026-01-19 08:06:00.000,,,0.0
2026-01-19 08:16:00.000,,,0.0
2026-01-19 08:26:00.000,,,0.0
2026-01-19 08:36:00.000,,,0.0
2026-01-19 08:46:00.000,,,0.0
2026-01-19 08:56:00.000,,,0.0
2026-01-19 09:06:00.000,,,0.0
2026-01-19 09:16:00.000,,,0.0
2026-01-19 09:26:00.000,,,0.0
2026-01-19 09:36:00.000,,,0.0
2026-01-19 09:46:00.000,,,0.0
2026-01-19 09:56:00.000,,,0.0
2026-01-19 10:06:00.000,,,0.0
2026-01-19 10:16:00.000,,,0.0
2026-01-19 10:26:00.000,,,0.0
2026-01-19 10:36:00.000,,,0.0
2026-01-19 10:46:00.000,,,0.0
2026-01-19 10:56:00.000,,,0.0
2026-01-19 11:06:00.000,,,0.0
2026-01-19 11:16:00.000,,,0.0
2026-01-19 11:26:00.000,,,0.0
2026-01-19 11:36:00.000,,,0.0
2026-01-19 11:46:00.000,,,0.0
2026-01-19 11:56:00.000,,,0.0
2026-01-19 12:06:00.000,,,0.0
2026-01-19 12:16:00.000,,,0.0
2026-01-19 12:26:00.000,,,0.0
2026-01-19 12:36:00.000,,,0.0
2026-01-19 12:46:00.000,,,0.0
2026-01-19 12:56:00.000,,,0.0
2026-01-19 13:06:00.000,,,0.0
2026-01-19 13:16:00.000,,,0.0
2026-01-19 13:26:00.000,,,0.0
2026-01-19 13:36:00.000,,,0.0
2026-01-19 13:46:00.000,,,0.0
2026-01-19 13:56:00.000,,,0.0
2026-01-19 14:06:00.000,,,0.0
2026-01-19 14:16:00.000,,,0.0
2026-01-19 14:26:00.000,,,0.0
2026-01-19 14:36:00.000,,,0.0
2026-01-19 14:46:00.000,,,0.0
2026-01-19 14:56:00.000,,,0.0
2026-01-19 15:06:00.000,,,0.0
2026-01-19 15:16:00.000,,,0.0
2026-01-19 15:26:00.000,,,0.0
2026-01-19 15:36:00.000,,,0.0
2026-01-19 15:46:00.000,,,0.0
2026-01-19 15:56:00.000,,,0.0
2026-01-19 16:06:00.000,,,0.0
2026-01-19 16:16:00.000,,,0.0
2026-01-19 16:26:00.000,,,0.0
2026-01-19 16:36:00.000,,,0.0
2026-01-19 16:46:00.000,,,0.0
2026-01-19 16:56:00.000,,,0.0
2026-01-19 17:06:00.000,,,0.0
2026-01-19 17:16:00.000,,,0.0
2026-01-19 17:26:00.000,,,0.0
2026-01-19 17:36:00.000,,,0.0
2026-01-19 17:46:00.000,,,0.0
2026-01-19 17:56:00.000,,,0.0
2026-01-19 18:06:00.000,,,0.0
2026-01-19 18:16:00.000,,,0.0
2026-01-19 18:26:00.000,,,0.0
2026-01-19 18:36:00.000,,,0.0
2026-01-19 18:46:00.000,,,0.0
2026-01-19 18:56:00.000,,,0.0
2026-01-19 19:06:00.000,,,0.0
2026-01-19 19:16:00.000,,,0.0
2026-01-19 19:26:00.000,,,0.0
2026-01-19 19:36:00.000,,,0.0
2026-01-19 19:46:00.000,,,0.0
2026-01-19 19:56:00.000,,,0.0
2026-01-19 20:06:00.000,,,0.0
2026-01-19 20:16:00.000,,,0.0
2026-01-19 20:26:00.000,,,0.0
2026-01-19 20:36:00.000,,,0.0
2026-01-19 20:46:00.000,,,0.0
2026-01-19 20:56:00.000,,,0.0
2026-01-19 21:06:00.000,,,0.0
2026-01-19 21:16:00.000,,,0.0
2026-01-19 21:26:00.000,,,0.0
2026-01-19 21:36:00.000,,,0.0
2026-01-19 21:46:00.000,,,0.0
2026-01-19 21:56:00.000,,,0.0
2026-01-19 22:06:00.000,,,0.0
2026-01-19 22:16:00.000,,,0.0
2026-01-19 22:26:00.000,,,0.0
2026-01-19 22:36:00.000,,,0.0
2026-01-19 22:46:00.000,,,0.0
2026-01-19 22:56:00.000,,,0.0
2026-01-19 23:06:00.000,,,0.0
2026-01-19 23:16:00.000,,,0.0
2026-01-19 23:26:00.000,,,0.0
2026-01-19 23:36:00.000,,,0.0
2026-01-19 23:46:00.000,,,0.0
2026-01-19 23:56:00.000,,,0.0
2026-01-20 00:06:00.000,,,0.0
2026-01-20 00:16:00.000,,,0.0
2026-01-20 00:26:00.000,,,0.0
2026-01-20 00:36:00.000,,,0.0
2026-01-20 00:46:00.000,,,0.0
2026-01-20 00:56:00.000,,,0.0
2026-01-20 01:06:00.000,,,0.0
2026-01-20 01:16:00.000,,,0.0
2026-01-20 01:26:00.000,,,0.0
2026-01-20 01:36:00.000,,,0.0
2026-01-20 01:46:00.000,,,0.0
2026-01-20 01:56:00.000,,,0.0
2026-01-20 02:06:00.000,,,0.0
2026-01-20 02:16:00.000,,,0.0
2026-01-20 02:26:00.000,,,0.0
2026-01-20 02:36:00.000,,,0.0
2026-01-20 02:46:00.000,,,0.0
2026-01-20 02:56:00.000,,,0.0
2026-01-20 03:06:00.000,,,0.0
2026-01-20 03:16:00.000,,,0.0
2026-01-20 03:26:00.000,,,0.0
2026-01-20 03:36:00.000,,,0.0
2026-01-20 03:46:00.000,,,0.0
2026-01-20 03:56:00.000,,,0.0
2026-01-20 04:06:00.000,,,0.0
2026-01-20 04:16:00.000,,,0.0
2026-01-20 04:26:00.000,,,0.0
2026-01-20 04:36:00.000,,,0.0
2026-01-20 04:46:00.000,,,0.0
2026-01-20 04:56:00.000,,,0.0
2026-01-20 05:06:00.000,,,0.0
2026-01-20 05:16:00.000,,,0.0
2026-01-20 05:26:00.000,,,0.0
2026-01-20 05:36:00.000,,,0.0
2026-01-20 05:46:00.000,,,0.0
2026-01-20 05:56:00.000,,,0.0
2026-01-20 06:06:00.000,,,0.0
2026-01-20 06:16:00.000,,,0.0
2026-01-20 06:26:00.000,,,0.0
2026-01-20 06:36:00.000,,,0.0
2026-01-20 06:46:00.000,,,0.0
2026-01-20 06:56:00.000,,,0.0
2026-01-20 07:06:00.000,,,0.0
2026-01-20 07:16:00.000,,,0.0
2026-01-20 07:26:00.000,,,0.0
2026-01-20 07:36:00.000,,,0.0
2026-01-20 07:46:00.000,,,0.0
2026-01-20 07:56:00.000,,,0.0
2026-01-20 08:06:00.000,,,0.0
2026-01-20 08:16:00.000,,,0.0
2026-01-20 08:26:00.000,,,0.0
2026-01-20 08:36:00.000,,,0.0
2026-01-20 08:46:00.000,,,0.0
2026-01-20 08:56:00.000,,,0.0
2026-01-20 09:06:00.000,,,0.0
2026-01-20 09:16:00.000,,,0.0
2026-01-20 09:26:00.000,,,0.0
2026-01-20 09:36:00.000,,,0.0
2026-01-20 09:46:00.000,,,0.0
2026-01-20 09:56:00.000,,,0.0
2026-01-20 10:06:00.000,,,0.0
2026-01-20 10:16:00.000,,,0.0
2026-01-20 10:26:00.000,,,0.0
2026-01-20 10:36:00.000,,,0.0
2026-01-20 10:46:00.000,,,0.0
2026-01-20 10:56:00.000,,,0.0
2026-01-20 11:06:00.000,,,0.0
2026-01-20 11:16:00.000,,,0.0
2026-01-20 11:26:00.000,,,0.0
2026-01-20 11:36:00.000,,,0.0
2026-01-20 11:46:00.000,,,0.0
2026-01-20 11:56:00.000,,,0.0
2026-01-20 12:06:00.000,,,0.0
2026-01-20 12:16:00.000,,,0.0
2026-01-20 12:26:00.000,,,0.0
2026-01-20 12:36:00.000,,,0.0
2026-01-20 12:46:00.000,,,0.0
2026-01-20 12:56:00.000,,,0.0
2026-01-20 13:06:00.000,,,0.0
2026-01-20 13:16:00.000,,,0.0
2026-01-20 13:26:00.000,,,0.0
2026-01-20 13:36:00.000,,,0.0
2026-01-20 13:46:00.000,,,0.0
2026-01-20 13:56:00.000,,,0.0
2026-01-20 14:06:00.000,,,0.0
2026-01-20 14:16:00.000,,,0.0
2026-01-20 14:26:00.000,,,0.0
2026-01-20 14:36:00.000,,,0.0
2026-01-20 14:46:00.000,,,0.0
2026-01-20 14:56:00.000,,,0.0
2026-01-20 15:06:00.000,,,0.0
2026-01-20 15:16:00.000,,,0.0
2026-01-20 15:26:00.000,,,0.0
2026-01-20 15:36:00.000,,,0.0
2026-01-20 15:46:00.000,,,0.0
2026-01-20 15:56:00.000,,,0.0
2026-01-20 16:06:00.000,,,0.0
2026-01-20 16:16:00.000,,,0.0
2026-01-20 16:26:00.000,,,0.0
2026-01-20 16:36:00.000,,,0.0
2026-01-20 16:46:00.000,,,0.0
2026-01-20 16:56:00.000,,,0.0
2026-01-20 17:06:00.000,,,0.0
2026-01-20 17:16:00.000,,,0.0
2026-01-20 17:26:00.000,,,0.0
2026-01-20 17:36:00.000,,,0.0
2026-01-20 17:46:00.000,,,0.0
2026-01-20 17:56:00.000,,,0.0
2026-01-20 18:06:00.000,,,0.0
2026-01-20 18:16:00.000,,,0.0
2026-01-20 18:26:00.000,,,0.0
2026-01-20 18:36:00.000,,,0.0
2026-01-20 18:46:00.000,,,0.0
2026-01-20 18:56:00.000,,,0.0
2026-01-20 19:06:00.000,,,0.0
2026-01-20 19:16:00.000,,,0.0
2026-01-20 19:26:00.000,,,0.0
2026-01-20 19:36:00.000,,,0.0
2026-01-20 19:46:00.000,,,0.0
2026-01-20 19:56:00.000,,,0.0
2026-01-20 20:06:00.000,,,0.0
2026-01-20 20:16:00.000,,,0.0
2026-01-20 20:26:00.000,,,0.0
2026-01-20 20:36:00.000,,,0.0
2026-01-20 20:46:00.000,,,0.0
2026-01-20 20:56:00.000,,,0.0
2026-01-20 21:06:00.000,,,0.0
2026-01-20 21:16:00.000,,,0.0
2026-01-20 21:26:00.000,,,0.0
2026-01-20 21:36:00.000,,,0.0
2026-01-20 21:46:00.000,,,0.0
2026-01-20 21:56:00.000,,,0.0
2026-01-20 22:06:00.000,,,0.0
2026-01-20 22:16:00.000,,,0.0
2026-01-20 22:26:00.000,,,0.0
2026-01-20 22:36:00.000,,,0.0
2026-01-20 22:46:00.000,,,0.0
2026-01-20 22:56:00.000,,,0.0
2026-01-20 23:06:00.000,,,0.0
2026-01-20 23:16:00.000,,,0.0
2026-01-20 23:26:00.000,,,0.0
2026-01-20 23:36:00.000,,,0.0
2026-01-20 23:46:00.000,,,0.0
2026-01-20 23:56:00.000,,,0.0
2026-01-21 00:06:00.000,,,0.0
2026-01-21 00:16:00.000,,,0.0
2026-01-21 00:26:00.000,,,0.0
2026-01-21 00:36:00.000,,,0.0
2026-01-21 00:46:00.000,,,0.0
2026-01-21 00:56:00.000,,,0.0
2026-01-21 01:06:00.000,,,0.0
2026-01-21 01:16:00.000,,,0.0
2026-01-21 01:26:00.000,,,0.0
2026-01-21 01:36:00.000,,,0.0
2026-01-21 01:46:00.000,,,0.0
2026-01-21 01:56:00.000,,,0.0
2026-01-21 02:06:00.000,,,0.0
2026-01-21 02:16:00.000,,,0.0
2026-01-21 02:26:00.000,,,0.0
2026-01-21 02:36:00.000,,,0.0
2026-01-21 02:46:00.000,,,0.0
2026-01-21 02:56:00.000,,,0.0
2026-01-21 03:06:00.000,,,0.0
2026-01-21 03:16:00.000,,,0.0
2026-01-21 03:26:00.000,,,0.0
2026-01-21 03:36:00.000,,,0.0
2026-01-21 03:46:00.000,,,0.0
2026-01-21 03:56:00.000,,,0.0
2026-01-21 04:06:00.000,,,0.0
2026-01-21 04:16:00.000,,,0.0
2026-01-21 04:26:00.000,,,0.0
2026-01-21 04:36:00.000,,,0.0
2026-01-21 04:46:00.000,,,0.0
2026-01-21 04:56:00.000,,,0.0
2026-01-21 05:06:00.000,,,0.0
2026-01-21 05:16:00.000,,,0.0
2026-01-21 05:26:00.000,,,0.0
2026-01-21 05:36:00.000,,,0.0
2026-01-21 05:46:00.000,,,0.0
2026-01-21 05:56:00.000,,,0.0
2026-01-21 06:06:00.000,,,0.0
2026-01-21 06:16:00.000,,,0.0
2026-01-21 06:26:00.000,,,0.0
2026-01-21 06:36:00.000,,,0.0
2026-01-21 06:46:00.000,,,0.0
2026-01-21 06:56:00.000,,,0.0
2026-01-21 07:06:00.000,,,0.0
2026-01-21 07:16:00.000,,,0.0
2026-01-21 07:26:00.000,,,0.0
2026-01-21 07:36:00.000,,,0.0
2026-01-21 07:46:00.000,,,0.0
2026-01-21 07:56:00.000,,,0.0
2026-01-21 08:06:00.000,,,0.0
2026-01-21 08:16:00.000,,,0.0
2026-01-21 08:26:00.000,,,0.0
2026-01-21 08:36:00.000,,,0.0
2026-01-21 08:46:00.000,,,0.0
2026-01-21 08:56:00.000,,,0.0
2026-01-21 09:06:00.000,,,0.0
2026-01-21 09:16:00.000,,,0.0
2026-01-21 09:26:00.000,,,0.0
2026-01-21 09:36:00.000,,,0.0
2026-01-21 09:46:00.000,,,0.0
2026-01-21 09:56:00.000,,,0.0
2026-01-21 10:06:00.000,,,0.0
2026-01-21 10:16:00.000,,,0.0
2026-01-21 10:26:00.000,,,0.0
2026-01-21 10:36:00.000,,,0.0
2026-01-21 10:46:00.000,,,0.0
2026-01-21 10:56:00.000,,,0.0
2026-01-21 11:06:00.000,,,0.0
2026-01-21 11:16:00.000,,,0.0
2026-01-21 11:26:00.000,,,0.0
2026-01-21 11:36:00.000,,,0.0
2026-01-21 11:46:00.000,,,0.0
2026-01-21 11:56:00.000,,,0.0
2026-01-21 12:06:00.000,,,0.0
2026-01-21 12:16:00.000,,,0.0
2026-01-21 12:26:00.000,,,0.0
2026-01-21 12:36:00.000,,,0.0
2026-01-21 12:46:00.000,,,0.0
2026-01-21 12:56:00.000,,,0.0
2026-01-21 13:06:00.000,,,0.0
2026-01-21 13:16:00.000,,,0.0
2026-01-21 13:26:00.000,,,0.0
2026-01-21 13:36:00.000,,,0.0
2026-01-21 13:46:00.000,,,0.0
2026-01-21 13:56:00.000,,,0.0
2026-01-21 14:06:00.000,,,0.0
2026-01-21 14:16:00.000,,,0.0
2026-01-21 14:26:00.000,,,0.0
2026-01-21 14:36:00.000,,,0.0
2026-01-21 14:46:00.000,,,0.0
2026-01-21 14:56:00.000,,,0.0
2026-01-21 15:06:00.000,,,0.0
2026-01-21 15:16:00.000,,,0.0
2026-01-21 15:26:00.000,,,0.0
2026-01-21 15:36:00.000,,,0.0
2026-01-21 15:46:00.000,,,0.0
2026-01-21 15:56:00.000,,,0.0
2026-01-21 16:06:00.000,,,0.0
2026-01-21 16:16:00.000,,,0.0
2026-01-21 16:26:00.000,,,0.0
2026-01-21 16:36:00.000,,,0.0
2026-01-21 16:46:00.000,,,0.0
2026-01-21 16:56:00.000,,,0.0
2026-01-21 17:06:00.000,,,0.0
2026-01-21 17:16:00.000,,,0.0
2026-01-21 17:26:00.000,,,0.0
2026-01-21 17:36:00.000,,,0.0
2026-01-21 17:46:00.000,,,0.0
2026-01-21 17:56:00.000,,,0.0
2026-01-21 18:06:00.000,,,0.0
2026-01-21 18:16:00.000,,,0.0
2026-01-21 18:26:00.000,,,0.0
2026-01-21 18:36:00.000,,,0.0
2026-01-21 18:46:00.000,,,0.0
2026-01-21 18:56:00.000,,,0.0
2026-01-21 19:06:00.000,,,0.0
2026-01-21 19:16:00.000,,,0.0
2026-01-21 19:26:00.000,,,0.0
2026-01-21 19:36:00.000,,,0.0
2026-01-21 19:46:00.000,,,0.0
2026-01-21 19:56:00.000,,,0.0
2026-01-21 20:06:00.000,,,0.0
2026-01-21 20:16:00.000,,,0.0
2026-01-21 20:26:00.000,,,0.0
2026-01-21 20:36:00.000,,,0.0
2026-01-21 20:46:00.000,,,0.0
2026-01-21 20:56:00.000,,,0.0
2026-01-21 21:06:00.000,,,0.0
2026-01-21 21:16:00.000,,,0.0
2026-01-21 21:26:00.000,,,0.0
2026-01-21 21:36:00.000,,,0.0
2026-01-21 21:46:00.000,,,0.0
2026-01-21 21:56:00.000,,,0.0
2026-01-21 22:06:00.000,,,0.0
2026-01-21 22:16:00.000,,,0.0
2026-01-21 22:26:00.000,,,0.0
2026-01-21 22:36:00.000,,,0.0
2026-01-21 22:46:00.000,,,0.0
2026-01-21 22:56:00.000,,,0.0
2026-01-21 23:06:00.000,,,0.0
2026-01-21 23:16:00.000,,,0.0
2026-01-21 23:26:00.000,,,0.0
2026-01-21 23:36:00.000,,,0.0
2026-01-21 23:46:00.000,,,0.0
2026-01-21 23:56:00.000,,,0.0
2026-01-22 00:06:00.000,,,0.0
2026-01-22 00:16:00.000,,,0.0
2026-01-22 00:26:00.000,,,0.0
2026-01-22 00:36:00.000,,,0.0
2026-01-22 00:46:00.000,,,0.0
2026-01-22 00:56:00.000,,,0.0
2026-01-22 01:06:00.000,,,0.0
2026-01-22 01:16:00.000,,,0.0
2026-01-22 01:26:00.000,,,0.0
2026-01-22 01:36:00.000,,,0.0
2026-01-22 01:46:00.000,,,0.0
2026-01-22 01:56:00.000,,,0.0
2026-01-22 02:06:00.000,,,0.0
2026-01-22 02:16:00.000,,,0.0
2026-01-22 02:26:00.000,,,0.0
2026-01-22 02:36:00.000,,,0.0
2026-01-22 02:46:00.000,,,0.0
2026-01-22 02:56:00.000,,,0.0
2026-01-22 03:06:00.000,,,0.0
2026-01-22 03:16:00.000,,,0.0
2026-01-22 03:26:00.000,,,0.0
2026-01-22 03:36:00.000,,,0.0
2026-01-22 03:46:00.000,,,0.0
2026-01-22 03:56:00.000,,,0.0
2026-01-22 04:06:00.000,,,0.0
2026-01-22 04:16:00.000,,,0.0
2026-01-22 04:26:00.000,,,0.0
2026-01-22 04:36:00.000,,,0.0
2026-01-22 04:46:00.000,,,0.0
2026-01-22 04:56:00.000,,,0.0
2026-01-22 05:06:00.000,,,0.0
2026-01-22 05:16:00.000,,,0.0
2026-01-22 05:26:00.000,,,0.0
2026-01-22 05:36:00.000,,,0.0
2026-01-22 05:46:00.000,,,0.0
2026-01-22 05:56:00.000,,,0.0
2026-01-22 06:06:00.000,,,0.0
2026-01-22 06:16:00.000,,,0.0
2026-01-22 06:26:00.000,,,0.0
2026-01-22 06:36:00.000,,,0.0
2026-01-22 06:46:00.000,,,0.0
2026-01-22 06:56:00.000,,,0.0
2026-01-22 07:06:00.000,,,0.0
2026-01-22 07:16:00.000,,,0.0
2026-01-22 07:26:00.000,,,0.0
2026-01-22 07:36:00.000,,,0.0
2026-01-22 07:46:00.000,,,0.0
2026-01-22 07:56:00.000,,,0.0
2026-01-22 08:06:00.000,,,0.0
2026-01-22 08:16:00.000,,,0.0
2026-01-22 08:26:00.000,,,0.0
2026-01-22 08:36:00.000,,,0.0
2026-01-22 08:46:00.000,,,0.0
2026-01-22 08:56:00.000,,,0.0
2026-01-22 09:06:00.000,,,0.0
2026-01-22 09:16:00.000,,,0.0
2026-01-22 09:26:00.000,,,0.0
2026-01-22 09:36:00.000,,,0.0
2026-01-22 09:46:00.000,,,0.0
2026-01-22 09:56:00.000,,,0.0
2026-01-22 10:06:00.000,,,0.0
2026-01-22 10:16:00.000,,,0.0
2026-01-22 10:26:00.000,,,0.0
2026-01-22 10:36:00.000,,,0.0
2026-01-22 10:46:00.000,,,0.0
2026-01-22 10:56:00.000,,,0.0
2026-01-22 11:06:00.000,,,0.0
2026-01-22 11:16:00.000,,,0.0
2026-01-22 11:26:00.000,,,0.0
2026-01-22 11:36:00.000,,,0.0
2026-01-22 11:46:00.000,,,0.0
2026-01-22 11:56:00.000,,,0.0
2026-01-22 12:06:00.000,,,0.0
2026-01-22 12:16:00.000,,,0.0
2026-01-22 12:26:00.000,,,0.0
2026-01-22 12:36:00.000,,,0.0
2026-01-22 12:46:00.000,,,0.0
2026-01-22 12:56:00.000,,,0.0
2026-01-22 13:06:00.000,,,0.0
2026-01-22 13:16:00.000,,,0.0
2026-01-22 13:26:00.000,,,0.0
2026-01-22 13:36:00.000,,,0.0
2026-01-22 13:46:00.000,,,0.0
2026-01-22 13:56:00.000,,,0.0
2026-01-22 14:06:00.000,,,0.0
2026-01-22 14:16:00.000,,,0.0
2026-01-22 14:26:00.000,,,0.0
2026-01-22 14:36:00.000,,,0.0
2026-01-22 14:46:00.000,,,0.0
2026-01-22 14:56:00.000,,,0.0
2026-01-22 15:06:00.000,,,0.0
2026-01-22 15:16:00.000,,,0.0
2026-01-22 15:26:00.000,,,0.0
2026-01-22 15:36:00.000,,,0.0
2026-01-22 15:46:00.000,,,0.0
2026-01-22 15:56:00.000,,,0.0
2026-01-22 16:06:00.000,,,0.0
2026-01-22 16:16:00.000,,,0.0
2026-01-22 16:26:00.000,,,0.0
2026-01-22 16:36:00.000,,,0.0
2026-01-22 16:46:00.000,,,0.0
2026-01-22 16:56:00.000,,,0.0
2026-01-22 17:06:00.000,,,0.0
2026-01-22 17:16:00.000,,,0.0
2026-01-22 17:26:00.000,,,0.0
2026-01-22 17:36:00.000,,,0.0
2026-01-22 17:46:00.000,,,0.0
2026-01-22 17:56:00.000,,,0.0
2026-01-22 18:06:00.000,,,0.0
2026-01-22 18:16:00.000,,,0.0
2026-01-22 18:26:00.000,,,0.0
2026-01-22 18:36:00.000,,,0.0
2026-01-22 18:46:00.000,,,0.0
2026-01-22 18:56:00.000,,,0.0
2026-01-22 19:06:00.000,,,0.0
2026-01-22 19:16:00.000,,,0.0
2026-01-22 19:26:00.000,,,0.0
2026-01-22 19:36:00.000,,,0.0
2026-01-22 19:46:00.000,,,0.0
2026-01-22 19:56:00.000,,,0.0
2026-01-22 20:06:00.000,,,0.0
2026-01-22 20:16:00.000,,,0.0
2026-01-22 20:26:00.000,,,0.0
2026-01-22 20:36:00.000,,,0.0
2026-01-22 20:46:00.000,,,0.0
2026-01-22 20:56:00.000,,,0.0
2026-01-22 21:06:00.000,,,0.0
2026-01-22 21:16:00.000,,,0.0
2026-01-22 21:26:00.000,,,0.0
2026-01-22 21:36:00.000,,,0.0
2026-01-22 21:46:00.000,,,0.0
2026-01-22 21:56:00.000,,,0.0
2026-01-22 22:06:00.000,,,0.0
2026-01-22 22:16:00.000,,,0.0
2026-01-22 22:26:00.000,,,0.0
2026-01-22 22:36:00.000,,,0.0
2026-01-22 22:46:00.000,,,0.0
2026-01-22 22:56:00.000,,,0.0
2026-01-22 23:06:00.000,,,0.0
2026-01-22 23:16:00.000,,,0.0
2026-01-22 23:26:00.000,,,0.0
2026-01-22 23:36:00.000,,,0.0
2026-01-22 23:46:00.000,,,0.0
2026-01-22 23:56:00.000,,,0.0
2026-01-23 00:06:00.000,,,0.0
2026-01-23 00:16:00.000,,,0.0
2026-01-23 00:26:00.000,,,0.0
2026-01-23 00:36:00.000,,,0.0
2026-01-23 00:46:00.000,,,0.0
2026-01-23 00:56:00.000,,,0.0
2026-01-23 01:06:00.000,,,0.0
2026-01-23 01:16:00.000,,,0.0
2026-01-23 01:26:00.000,,,0.0
2026-01-23 01:36:00.000,,,0.0
2026-01-23 01:46:00.000,,,0.0
2026-01-23 01:56:00.000,,,0.0
2026-01-23 02:06:00.000,,,0.0
2026-01-23 02:16:00.000,,,0.0
2026-01-23 02:26:00.000,,,0.0
2026-01-23 02:36:00.000,,,0.0
2026-01-23 02:46:00.000,,,0.0
2026-01-23 02:56:00.000,,,0.0
2026-01-23 03:06:00.000,,,0.0
2026-01-23 03:16:00.000,,,0.0
2026-01-23 03:26:00.000,,,0.0
2026-01-23 03:36:00.000,,,0.0
2026-01-23 03:46:00.000,,,0.0
2026-01-23 03:56:00.000,,,0.0
2026-01-23 04:06:00.000,,,0.0
2026-01-23 04:16:00.000,,,0.0
2026-01-23 04:26:00.000,,,0.0
2026-01-23 04:36:00.000,,,0.0
2026-01-23 04:46:00.000,,,0.0
2026-01-23 04:56:00.000,,,0.0
2026-01-23 05:06:00.000,,,0.0
2026-01-23 05:16:00.000,,,0.0
2026-01-23 05:26:00.000,,,0.0
2026-01-23 05:36:00.000,,,0.0
2026-01-23 05:46:00.000,,,0.0
2026-01-23 05:56:00.000,,,0.0
2026-01-23 06:06:00.000,,,0.0
2026-01-23 06:16:00.000,,,0.0
2026-01-23 06:26:00.000,,,0.0
2026-01-23 06:36:00.000,,,0.0
2026-01-23 06:46:00.000,,,0.0
2026-01-23 06:56:00.000,,,0.0
2026-01-23 07:06:00.000,,,0.0
2026-01-23 07:16:00.000,,,0.0
2026-01-23 07:26:00.000,,,0.0
2026-01-23 07:36:00.000,,,0.0
2026-01-23 07:46:00.000,,,0.0
2026-01-23 07:56:00.000,,,0.0
2026-01-23 08:06:00.000,,,0.0
2026-01-23 08:16:00.000,,,0.0
2026-01-23 08:26:00.000,,,0.0
2026-01-23 08:36:00.000,,,0.0
2026-01-23 08:46:00.000,,,0.0
2026-01-23 08:56:00.000,,,0.0
2026-01-23 09:06:00.000,,,0.0
2026-01-23 09:16:00.000,,,0.0
2026-01-23 09:26:00.000,,,0.0
2026-01-23 09:36:00.000,,,0.0
2026-01-23 09:46:00.000,,,0.0
2026-01-23 09:56:00.000,,,0.0
2026-01-23 10:06:00.000,,,0.0
2026-01-23 10:16:00.000,,,0.0
2026-01-23 10:26:00.000,,,0.0
2026-01-23 10:36:00.000,,,0.0
2026-01-23 10:46:00.000,,,0.0
2026-01-23 10:56:00.000,,,0.0
2026-01-23 11:06:00.000,,,0.0
2026-01-23 11:16:00.000,,,0.0
2026-01-23 11:26:00.000,,,0.0
2026-01-23 11:36:00.000,,,0.0
2026-01-23 11:46:00.000,,,0.0
2026-01-23 11:56:00.000,,,0.0
2026-01-23 12:06:00.000,,,0.0
2026-01-23 12:16:00.000,,,0.0
2026-01-23 12:26:00.000,,,0.0
2026-01-23 12:36:00.000,,,0.0
2026-01-23 12:46:00.000,,,0.0
2026-01-23 12:56:00.000,,,0.0
2026-01-23 13:06:00.000,,,0.0
2026-01-23 13:16:00.000,,,0.0
2026-01-23 13:26:00.000,,,0.0
2026-01-23 13:36:00.000,,,0.0
2026-01-23 13:46:00.000,,,0.0
2026-01-23 13:56:00.000,,,0.0
2026-01-23 14:06:00.000,,,0.0
2026-01-23 14:16:00.000,,,0.0
2026-01-23 14:26:00.000,,,0.0
2026-01-23 14:36:00.000,,,0.0
2026-01-23 14:46:00.000,,,0.0
2026-01-23 14:56:00.000,,,0.0
2026-01-23 15:06:00.000,,,0.0
2026-01-23 15:16:00.000,,,0.0
2026-01-23 15:26:00.000,,,0.0
2026-01-23 15:36:00.000,,,0.0
2026-01-23 15:46:00.000,,,0.0
2026-01-23 15:56:00.000,,,0.0
2026-01-23 16:06:00.000,,,0.0
2026-01-23 16:16:00.000,,,0.0
2026-01-23 16:26:00.000,,,0.0
2026-01-23 16:36:00.000,,,0.0
2026-01-23 16:46:00.000,,,0.0
2026-01-23 16:56:00.000,,,0.0
2026-01-23 17:06:00.000,,,0.0
2026-01-23 17:16:00.000,,,0.0
2026-01-23 17:26:00.000,,,0.0
2026-01-23 17:36:00.000,,,0.0
2026-01-23 17:46:00.000,,,0.0
2026-01-23 17:56:00.000,,,0.0
2026-01-23 18:06:00.000,,,0.0
2026-01-23 18:16:00.000,,,0.0
2026-01-23 18:26:00.000,,,0.0
2026-01-23 18:36:00.000,,,0.0
2026-01-23 18:46:00.000,,,0.0
2026-01-23 18:56:00.000,,,0.0
2026-01-23 19:06:00.000,,,0.0
2026-01-23 19:16:00.000,,,0.0
2026-01-23 19:26:00.000,,,0.0
2026-01-23 19:36:00.000,,,0.0
2026-01-23 19:46:00.000,,,0.0
2026-01-23 19:56:00.000,,,0.0
2026-01-23 20:06:00.000,,,0.0
2026-01-23 20:16:00.000,,,0.0
2026-01-23 20:26:00.000,,,0.0
2026-01-23 20:36:00.000,,,0.0
2026-01-23 20:46:00.000,,,0.0
2026-01-23 20:56:00.000,,,0.0
2026-01-23 21:06:00.000,,,0.0
2026-01-23 21:16:00.000,,,0.0
2026-01-23 21:26:00.000,,,0.0
2026-01-23 21:36:00.000,,,0.0
2026-01-23 21:46:00.000,,,0.0
2026-01-23 21:56:00.000,,,0.0
2026-01-23 22:06:00.000,,,0.0
2026-01-23 22:16:00.000,,,0.0
2026-01-23 22:26:00.000,,,0.0
2026-01-23 22:36:00.000,,,0.0
2026-01-23 22:46:00.000,,,0.0
2026-01-23 22:56:00.000,,,0.0
2026-01-23 23:06:00.000,,,0.0
2026-01-23 23:16:00.000,,,0.0
2026-01-23 23:26:00.000,,,0.0
2026-01-23 23:36:00.000,,,0.0
2026-01-23 23:46:00.000,,,0.0
2026-01-23 23:56:00.000,,,0.0
2026-01-24 00:06:00.000,,,0.0
2026-01-24 00:16:00.000,,,0.0
2026-01-24 00:26:00.000,,,0.0
2026-01-24 00:36:00.000,,,0.0
2026-01-24 00:46:00.000,,,0.0
2026-01-24 00:56:00.000,,,0.0
2026-01-24 01:06:00.000,,,0.0
2026-01-24 01:16:00.000,,,0.0
2026-01-24 01:26:00.000,,,0.0
2026-01-24 01:36:00.000,,,0.0
2026-01-24 01:46:00.000,,,0.0
2026-01-24 01:56:00.000,,,0.0
2026-01-24 02:06:00.000,,,0.0
2026-01-24 02:16:00.000,,,0.0
2026-01-24 02:26:00.000,,,0.0
2026-01-24 02:36:00.000,,,0.0
2026-01-24 02:46:00.000,,,0.0
2026-01-24 02:56:00.000,,,0.0
2026-01-24 03:06:00.000,,,0.0
2026-01-24 03:16:00.000,,,0.0
2026-01-24 03:26:00.000,,,0.0
2026-01-24 03:36:00.000,,,0.0
2026-01-24 03:46:00.000,,,0.0
2026-01-24 03:56:00.000,,,0.0
2026-01-24 04:06:00.000,,,0.0
2026-01-24 04:16:00.000,,,0.0
2026-01-24 04:26:00.000,,,0.0
2026-01-24 04:36:00.000,,,0.0
2026-01-24 04:46:00.000,,,0.0
2026-01-24 04:56:00.000,,,0.0
2026-01-24 05:06:00.000,,,0.0
2026-01-24 05:16:00.000,,,0.0
2026-01-24 05:26:00.000,,,0.0
2026-01-24 05:36:00.000,,,0.0
2026-01-24 05:46:00.000,,,0.0
2026-01-24 05:56:00.000,,,0.0
2026-01-24 06:06:00.000,,,0.0
2026-01-24 06:16:00.000,,,0.0
2026-01-24 06:26:00.000,,,0.0
2026-01-24 06:36:00.000,,,0.0
2026-01-24 06:46:00.000,,,0.0
2026-01-24 06:56:00.000,,,0.0
2026-01-24 07:06:00.000,,,0.0
2026-01-24 07:16:00.000,,,0.0
2026-01-24 07:26:00.000,,,0.0
2026-01-24 07:36:00.000,,,0.0
2026-01-24 07:46:00.000,,,0.0
2026-01-24 07:56:00.000,,,0.0
2026-01-24 08:06:00.000,,,0.0
2026-01-24 08:16:00.000,,,0.0
2026-01-24 08:26:00.000,,,0.0
2026-01-24 08:36:00.000,,,0.0
2026-01-24 08:46:00.000,,,0.0
2026-01-24 08:56:00.000,,,0.0
2026-01-24 09:06:00.000,,,0.0
2026-01-24 09:16:00.000,,,0.0
2026-01-24 09:26:00.000,,,0.0
2026-01-24 09:36:00.000,,,0.0
2026-01-24 09:46:00.000,,,0.0
2026-01-24 09:56:00.000,,,0.0
2026-01-24 10:06:00.000,,,0.0
2026-01-24 10:16:00.000,,,0.0
2026-01-24 10:26:00.000,,,0.0
2026-01-24 10:36:00.000,,,0.0
2026-01-24 10:46:00.000,,,0.0
2026-01-24 10:56:00.000,,,0.0
2026-01-24 11:06:00.000,,,0.0
2026-01-24 11:16:00.000,,,0.0
2026-01-24 11:26:00.000,,,0.0
2026-01-24 11:36:00.000,,,0.0
2026-01-24 11:46:00.000,,,0.0
2026-01-24 11:56:00.000,,,0.0
2026-01-24 12:06:00.000,,,0.0
2026-01-24 12:16:00.000,,,0.0
2026-01-24 12:26:00.000,,,0.0
2026-01-24 12:36:00.000,,,0.0
2026-01-24 12:46:00.000,,,0.0
2026-01-24 12:56:00.000,,,0.0
2026-01-24 13:06:00.000,,,0.0
2026-01-24 13:16:00.000,,,0.0
2026-01-24 13:26:00.000,,,0.0
2026-01-24 13:36:00.000,,,0.0
2026-01-24 13:46:00.000,,,0.0
2026-01-24 13:56:00.000,,,0.0
2026-01-24 14:06:00.000,,,0.0
2026-01-24 14:16:00.000,,,0.0
2026-01-24 14:26:00.000,,,0.0
2026-01-24 14:36:00.000,,,0.0
2026-01-24 14:46:00.000,,,0.0
2026-01-24 14:56:00.000,,,0.0
2026-01-24 15:06:00.000,,,0.0
2026-01-24 15:16:00.000,,,0.0
2026-01-24 15:26:00.000,,,0.0
2026-01-24 15:36:00.000,,,0.0
2026-01-24 15:46:00.000,,,0.0
2026-01-24 15:56:00.000,,,0.0
2026-01-24 16:06:00.000,,,0.0
2026-01-24 16:16:00.000,,,0.0
2026-01-24 16:26:00.000,,,0.0
2026-01-24 16:36:00.000,,,0.0
2026-01-24 16:46:00.000,,,0.0
2026-01-24 16:56:00.000,,,0.0
2026-01-24 17:06:00.000,,,0.0
2026-01-24 17:16:00.000,,,0.0
2026-01-24 17:26:00.000,,,0.0
2026-01-24 17:36:00.000,,,0.0
2026-01-24 17:46:00.000,,,0.0
2026-01-24 17:56:00.000,,,0.0
2026-01-24 18:06:00.000,,,0.0
2026-01-24 18:16:00.000,,,0.0
2026-01-24 18:26:00.000,,,0.0
2026-01-24 18:36:00.000,,,0.0
2026-01-24 18:46:00.000,,,0.0
2026-01-24 18:56:00.000,,,0.0
2026-01-24 19:06:00.000,,,0.0
2026-01-24 19:16:00.000,,,0.0
2026-01-24 19:26:00.000,,,0.0
2026-01-24 19:36:00.000,,,0.0
2026-01-24 19:46:00.000,,,0.0
2026-01-24 19:56:00.000,,,0.0
2026-01-24 20:06:00.000,,,0.0
2026-01-24 20:16:00.000,,,0.0
2026-01-24 20:26:00.000,,,0.0
2026-01-24 20:36:00.000,,,0.0
2026-01-24 20:46:00.000,,,0.0
2026-01-24 20:56:00.000,,,0.0
2026-01-24 21:06:00.000,,,0.0
2026-01-24 21:16:00.000,,,0.0
2026-01-24 21:26:00.000,,,0.0
2026-01-24 21:36:00.000,,,0.0
2026-01-24 21:46:00.000,,,0.0
2026-01-24 21:56:00.000,,,0.0
2026-01-24 22:06:00.000,,,0.0
2026-01-24 22:16:00.000,,,0.0
2026-01-24 22:26:00.000,,,0.0
2026-01-24 22:36:00.000,,,0.0
2026-01-24 22:46:00.000,,,0.0
2026-01-24 22:56:00.000,,,0.0
2026-01-24 23:06:00.000,,,0.0
2026-01-24 23:16:00.000,,,0.0
2026-01-24 23:26:00.000,,,0.0
2026-01-24 23:36:00.000,,,0.0
2026-01-24 23:46:00.000,,,0.0
2026-01-24 23:56:00.000,,,0.0
2026-01-25 00:06:00.000,,,0.0
2026-01-25 00:16:00.000,,,0.0
2026-01-25 00:26:00.000,,,0.0
2026-01-25 00:36:00.000,,,0.0
2026-01-25 00:46:00.000,,,0.0
2026-01-25 00:56:00.000,,,0.0
2026-01-25 01:06:00.000,,,0.0
2026-01-25 01:16:00.000,,,0.0
2026-01-25 01:26:00.000,,,0.0
2026-01-25 01:36:00.000,,,0.0
2026-01-25 01:46:00.000,,,0.0
2026-01-25 01:56:00.000,,,0.0
2026-01-25 02:06:00.000,,,0.0
2026-01-25 02:16:00.000,,,0.0
2026-01-25 02:26:00.000,,,0.0
2026-01-25 02:36:00.000,,,0.0
2026-01-25 02:46:00.000,,,0.0
2026-01-25 02:56:00.000,,,0.0
2026-01-25 03:06:00.000,,,0.0
2026-01-25 03:16:00.000,,,0.0
2026-01-25 03:26:00.000,,,0.0
2026-01-25 03:36:00.000,,,0.0
2026-01-25 03:46:00.000,,,0.0
2026-01-25 03:56:00.000,,,0.0
2026-01-25 04:06:00.000,,,0.0
2026-01-25 04:16:00.000,,,0.0
2026-01-25 04:26:00.000,,,0.0
2026-01-25 04:36:00.000,,,0.0
2026-01-25 04:46:00.000,,,0.0
2026-01-25 04:56:00.000,,,0.0
2026-01-25 05:06:00.000,,,0.0
2026-01-25 05:16:00.000,,,0.0
2026-01-25 05:26:00.000,,,0.0
2026-01-25 05:36:00.000,,,0.0
2026-01-25 05:46:00.000,,,0.0
2026-01-25 05:56:00.000,,,0.0
2026-01-25 06:06:00.000,,,0.0
2026-01-25 06:16:00.000,,,0.0
2026-01-25 06:26:00.000,,,0.0
2026-01-25 06:36:00.000,,,0.0
2026-01-25 06:46:00.000,,,0.0
2026-01-25 06:56:00.000,,,0.0
2026-01-25 07:06:00.000,,,0.0
2026-01-25 07:16:00.000,,,0.0
2026-01-25 07:26:00.000,,,0.0
2026-01-25 07:36:00.000,,,0.0
2026-01-25 07:46:00.000,,,0.0
2026-01-25 07:56:00.000,,,0.0
2026-01-25 08:06:00.000,,,0.0
2026-01-25 08:16:00.000,,,0.0
2026-01-25 08:26:00.000,,,0.0
2026-01-25 08:36:00.000,,,0.0
2026-01-25 08:46:00.000,,,0.0
2026-01-25 08:56:00.000,,,0.0
2026-01-25 09:06:00.000,,,0.0
2026-01-25 09:16:00.000,,,0.0
2026-01-25 09:26:00.000,,,0.0
2026-01-25 09:36:00.000,,,0.0
2026-01-25 09:46:00.000,,,0.0
2026-01-25 09:56:00.000,,,0.0
2026-01-25 10:06:00.000,,,0.0
2026-01-25 10:16:00.000,,,0.0
2026-01-25 10:26:00.000,,,0.0
2026-01-25 10:36:00.000,,,0.0
2026-01-25 10:46:00.000,,,0.0
2026-01-25 10:56:00.000,,,0.0
2026-01-25 11:06:00.000,,,0.0
2026-01-25 11:16:00.000,,,0.0
2026-01-25 11:26:00.000,,,0.0
2026-01-25 11:36:00.000,,,0.0
2026-01-25 11:46:00.000,,,0.0
2026-01-25 11:56:00.000,,,0.0
2026-01-25 12:06:00.000,,,0.0
2026-01-25 12:16:00.000,,,0.0
2026-01-25 12:26:00.000,,,0.0
2026-01-25 12:36:00.000,,,0.0
2026-01-25 12:46:00.000,,,0.0
2026-01-25 12:56:00.000,,,0.0
2026-01-25 13:06:00.000,,,0.0
2026-01-25 13:16:00.000,,,0.0
2026-01-25 13:26:00.000,,,0.0
2026-01-25 13:36:00.000,,,0.0
2026-01-25 13:46:00.000,,,0.0
2026-01-25 13:56:00.000,,,0.0
2026-01-25 14:06:00.000,,,0.0
2026-01-25 14:16:00.000,,,0.0
2026-01-25 14:26:00.000,,,0.0
2026-01-25 14:36:00.000,,,0.0
2026-01-25 14:46:00.000,,,0.0
2026-01-25 14:56:00.000,,,0.0
2026-01-25 15:06:00.000,,,0.0
2026-01-25 15:16:00.000,,,0.0
2026-01-25 15:26:00.000,,,0.0
2026-01-25 15:36:00.000,,,0.0
2026-01-25 15:46:00.000,,,0.0
2026-01-25 15:56:00.000,,,0.0
2026-01-25 16:06:00.000,,,0.0
2026-01-25 16:16:00.000,,,0.0
2026-01-25 16:26:00.000,,,0.0
2026-01-25 16:36:00.000,,,0.0
2026-01-25 16:46:00.000,,,0.0
2026-01-25 16:56:00.000,,,0.0
2026-01-25 17:06:00.000,,,0.0
2026-01-25 17:16:00.000,,,0.0
2026-01-25 17:26:00.000,,,0.0
2026-01-25 17:36:00.000,,,0.0
2026-01-25 17:46:00.000,,,0.0
2026-01-25 17:56:00.000,,,0.0
2026-01-25 18:06:00.000,,,0.0
2026-01-25 18:16:00.000,,,0.0
2026-01-25 18:26:00.000,,,0.0
2026-01-25 18:36:00.000,,,0.0
2026-01-25 18:46:00.000,,,0.0
2026-01-25 18:56:00.000,,,0.0
2026-01-25 19:06:00.000,,,0.0
2026-01-25 19:16:00.000,,,0.0
2026-01-25 19:26:00.000,,,0.0
2026-01-25 19:36:00.000,,,0.0
2026-01-25 19:46:00.000,,,0.0
2026-01-25 19:56:00.000,,,0.0
2026-01-25 20:06:00.000,,,0.0
2026-01-25 20:16:00.000,,,0.0
2026-01-25 20:26:00.000,,,0.0
2026-01-25 20:36:00.000,,,0.0
2026-01-25 20:46:00.000,,,0.0
2026-01-25 20:56:00.000,,,0.0
2026-01-25 21:06:00.000,,,0.0
2026-01-25 21:16:00.000,,,0.0
2026-01-25 21:26:00.000,,,0.0
2026-01-25 21:36:00.000,,,0.0
2026-01-25 21:46:00.000,,,0.0
2026-01-25 21:56:00.000,,,0.0
2026-01-25 22:06:00.000,,,0.0
2026-01-25 22:16:00.000,,,0.0
2026-01-25 22:26:00.000,,,0.0
2026-01-25 22:36:00.000,,,0.0
2026-01-25 22:46:00.000,,,0.0
2026-01-25 22:56:00.000,,,0.0
2026-01-25 23:06:00.000,,,0.0
2026-01-25 23:16:00.000,,,0.0
2026-01-25 23:26:00.000,,,0.0
2026-01-25 23:36:00.000,,,0.0
2026-01-25 23:46:00.000,,,0.0
2026-01-25 23:56:00.000,,,0.0
2026-01-26 00:06:00.000,,,0.0
2026-01-26 00:16:00.000,,,0.0
2026-01-26 00:26:00.000,,,0.0
2026-01-26 00:36:00.000,,,0.0
2026-01-26 00:46:00.000,,,0.0
2026-01-26 00:56:00.000,,,0.0
2026-01-26 01:06:00.000,,,0.0
2026-01-26 01:16:00.000,,,0.0
2026-01-26 01:26:00.000,,,0.0
2026-01-26 01:36:00.000,,,0.0
2026-01-26 01:46:00.000,,,0.0
2026-01-26 01:56:00.000,,,0.0
2026-01-26 02:06:00.000,,,0.0
2026-01-26 02:16:00.000,,,0.0
2026-01-26 02:26:00.000,,,0.0
2026-01-26 02:36:00.000,,,0.0
2026-01-26 02:46:00.000,,,0.0
2026-01-26 02:56:00.000,,,0.0
2026-01-26 03:06:00.000,,,0.0
2026-01-26 03:16:00.000,,,0.0
2026-01-26 03:26:00.000,,,0.0
2026-01-26 03:36:00.000,,,0.0
2026-01-26 03:46:00.000,,,0.0
2026-01-26 03:56:00.000,,,0.0
2026-01-26 04:06:00.000,,,0.0
2026-01-26 04:16:00.000,,,0.0
2026-01-26 04:26:00.000,,,0.0
2026-01-26 04:36:00.000,,,0.0
2026-01-26 04:46:00.000,,,0.0
2026-01-26 04:56:00.000,,,0.0
2026-01-26 05:06:00.000,,,0.0
2026-01-26 05:16:00.000,,,0.0
2026-01-26 05:26:00.000,,,0.0
2026-01-26 05:36:00.000,,,0.0
2026-01-26 05:46:00.000,,,0.0
2026-01-26 05:56:00.000,,,0.0
2026-01-26 06:06:00.000,,,0.0
2026-01-26 06:16:00.000,,,0.0
2026-01-26 06:26:00.000,,,0.0
2026-01-26 06:36:00.000,,,0.0
2026-01-26 06:46:00.000,,,0.0
2026-01-26 06:56:00.000,,,0.0
2026-01-26 07:06:00.000,,,0.0
2026-01-26 07:16:00.000,,,0.0
2026-01-26 07:26:00.000,,,0.0
2026-01-26 07:36:00.000,,,0.0
2026-01-26 07:46:00.000,,,0.0
2026-01-26 07:56:00.000,,,0.0
2026-01-26 08:06:00.000,,,0.0
2026-01-26 08:16:00.000,,,0.0
2026-01-26 08:26:00.000,,,0.0
2026-01-26 08:36:00.000,,,0.0
2026-01-26 08:46:00.000,,,0.0
2026-01-26 08:56:00.000,,,0.0
2026-01-26 09:06:00.000,,,0.0
2026-01-26 09:16:00.000,,,0.0
2026-01-26 09:26:00.000,,,0.0
2026-01-26 09:36:00.000,,,0.0
2026-01-26 09:46:00.000,,,0.0
2026-01-26 09:56:00.000,,,0.0
2026-01-26 10:06:00.000,,,0.0
2026-01-26 10:16:00.000,,,0.0
2026-01-26 10:26:00.000,,,0.0
2026-01-26 10:36:00.000,,,0.0
2026-01-26 10:46:00.000,,,0.0
2026-01-26 10:56:00.000,,,0.0
2026-01-26 11:06:00.000,,,0.0
2026-01-26 11:16:00.000,,,0.0
2026-01-26 11:26:00.000,,,0.0
2026-01-26 11:36:00.000,,,0.0
2026-01-26 11:46:00.000,,,0.0
2026-01-26 11:56:00.000,,,0.0
2026-01-26 12:06:00.000,,,0.0
2026-01-26 12:16:00.000,,,0.0
2026-01-26 12:26:00.000,,,0.0
2026-01-26 12:36:00.000,,,0.0
2026-01-26 12:46:00.000,,,0.0
2026-01-26 12:56:00.000,,,0.0
2026-01-26 13:06:00.000,,,0.0
2026-01-26 13:16:00.000,,,0.0
2026-01-26 13:26:00.000,,,0.0
2026-01-26 13:36:00.000,,,0.0
2026-01-26 13:46:00.000,,,0.0
2026-01-26 13:56:00.000,,,0.0
2026-01-26 14:06:00.000,,,0.0
2026-01-26 14:16:00.000,,,0.0
2026-01-26 14:26:00.000,,,0.0
2026-01-26 14:36:00.000,,,0.0
2026-01-26 14:46:00.000,,,0.0
2026-01-26 14:56:00.000,,,0.0
2026-01-26 15:06:00.000,,,0.0
2026-01-26 15:16:00.000,,,0.0
2026-01-26 15:26:00.000,,,0.0
2026-01-26 15:36:00.000,,,0.0
2026-01-26 15:46:00.000,,,0.0
2026-01-26 15:56:00.000,,,0.0
2026-01-26 16:06:00.000,,,0.0
2026-01-26 16:16:00.000,,,0.0
2026-01-26 16:26:00.000,,,0.0
2026-01-26 16:36:00.000,,,0.0
2026-01-26 16:46:00.000,,,0.0
2026-01-26 16:56:00.000,,,0.0
2026-01-26 17:06:00.000,,,0.0
2026-01-26 17:16:00.000,,,0.0
2026-01-26 17:26:00.000,,,0.0
2026-01-26 17:36:00.000,,,0.0
2026-01-26 17:46:00.000,,,0.0
2026-01-26 17:56:00.000,,,0.0
2026-01-26 18:06:00.000,,,0.0
2026-01-26 18:16:00.000,,,0.0
2026-01-26 18:26:00.000,,,0.0
2026-01-26 18:36:00.000,,,0.0
2026-01-26 18:46:00.000,,,0.0
2026-01-26 18:56:00.000,,,0.0
2026-01-26 19:06:00.000,,,0.0
2026-01-26 19:16:00.000,,,0.0
2026-01-26 19:26:00.000,,,0.0
2026-01-26 19:36:00.000,,,0.0
2026-01-26 19:46:00.000,,,0.0
2026-01-26 19:56:00.000,,,0.0
2026-01-26 20:06:00.000,,,0.0
2026-01-26 20:16:00.000,,,0.0
2026-01-26 20:26:00.000,,,0.0
2026-01-26 20:36:00.000,,,0.0
2026-01-26 20:46:00.000,,,0.0
2026-01-26 20:56:00.000,,,0.0
2026-01-26 21:06:00.000,,,0.0
2026-01-26 21:16:00.000,,,0.0
2026-01-26 21:26:00.000,,,0.0
2026-01-26 21:36:00.000,,,0.0
2026-01-26 21:46:00.000,,,0.0
2026-01-26 21:56:00.000,,,0.0
2026-01-26 22:06:00.000,,,0.0
2026-01-26 22:16:00.000,,,0.0
2026-01-26 22:26:00.000,,,0.0
2026-01-26 22:36:00.000,,,0.0
2026-01-26 22:46:00.000,,,0.0
2026-01-26 22:56:00.000,,,0.0
2026-01-26 23:06:00.000,,,0.0
2026-01-26 23:16:00.000,,,0.0
2026-01-26 23:26:00.000,,,0.0
2026-01-26 23:36:00.000,,,0.0
2026-01-26 23:46:00.000,,,0.0
2026-01-26 23:56:00.000,,,0.0
2026-01-27 00:06:00.000,,,0.0
2026-01-27 00:16:00.000,,,0.0
2026-01-27 00:26:00.000,,,0.0
2026-01-27 00:36:00.000,,,0.0
2026-01-27 00:46:00.000,,,0.0
2026-01-27 00:56:00.000,,,0.0
2026-01-27 01:06:00.000,,,0.0
2026-01-27 01:16:00.000,,,0.0
2026-01-27 01:26:00.000,,,0.0
2026-01-27 01:36:00.000,,,0.0
2026-01-27 01:46:00.000,,,0.0
2026-01-27 01:56:00.000,,,0.0
2026-01-27 02:06:00.000,,,0.0
2026-01-27 02:16:00.000,,,0.0
2026-01-27 02:26:00.000,,,0.0
2026-01-27 02:36:00.000,,,0.0
2026-01-27 02:46:00.000,,,0.0
2026-01-27 02:56:00.000,,,0.0
2026-01-27 03:06:00.000,,,0.0
2026-01-27 03:16:00.000,,,0.0
2026-01-27 03:26:00.000,,,0.0
2026-01-27 03:36:00.000,,,0.0
2026-01-27 03:46:00.000,,,0.0
2026-01-27 03:56:00.000,,,0.0
2026-01-27 04:06:00.000,,,0.0
2026-01-27 04:16:00.000,,,0.0
2026-01-27 04:26:00.000,,,0.0
2026-01-27 04:36:00.000,,,0.0
2026-01-27 04:46:00.000,,,0.0
2026-01-27 04:56:00.000,,,0.0
2026-01-27 05:06:00.000,,,0.0
2026-01-27 05:16:00.000,,,0.0
2026-01-27 05:26:00.000,,,0.0
2026-01-27 05:36:00.000,,,0.0
2026-01-27 05:46:00.000,,,0.0
2026-01-27 05:56:00.000,,,0.0
2026-01-27 06:06:00.000,,,0.0
2026-01-27 06:16:00.000,,,0.0
2026-01-27 06:26:00.000,,,0.0
2026-01-27 06:36:00.000,,,0.0
2026-01-27 06:46:00.000,,,0.0
2026-01-27 06:56:00.000,,,0.0
2026-01-27 07:06:00.000,,,0.0
2026-01-27 07:16:00.000,,,0.0
2026-01-27 07:26:00.000,,,0.0
2026-01-27 07:36:00.000,,,0.0
2026-01-27 07:46:00.000,,,0.0
2026-01-27 07:56:00.000,,,0.0
2026-01-27 08:06:00.000,,,0.0
2026-01-27 08:16:00.000,,,0.0
2026-01-27 08:26:00.000,,,0.0
2026-01-27 08:36:00.000,,,0.0
2026-01-27 08:46:00.000,,,0.0
2026-01-27 08:56:00.000,,,0.0
2026-01-27 09:06:00.000,,,0.0
2026-01-27 09:16:00.000,,,0.0
2026-01-27 09:26:00.000,,,0.0
2026-01-27 09:36:00.000,,,0.0
2026-01-27 09:46:00.000,,,0.0
2026-01-27 09:56:00.000,,,0.0
2026-01-27 10:06:00.000,,,0.0
2026-01-27 10:16:00.000,,,0.0
2026-01-27 10:26:00.000,,,0.0
2026-01-27 10:36:00.000,,,0.0
2026-01-27 10:46:00.000,,,0.0
2026-01-27 10:56:00.000,,,0.0
2026-01-27 11:06:00.000,,,0.0
2026-01-27 11:16:00.000,,,0.0
2026-01-27 11:26:00.000,,,0.0
2026-01-27 11:36:00.000,,,0.0
2026-01-27 11:46:00.000,,,0.0
2026-01-27 11:56:00.000,,,0.0
2026-01-27 12:06:00.000,,,0.0
2026-01-27 12:16:00.000,,,0.0
2026-01-27 12:26:00.000,,,0.0
2026-01-27 12:36:00.000,,,0.0
2026-01-27 12:46:00.000,,,0.0
2026-01-27 12:56:00.000,,,0.0
2026-01-27 13:06:00.000,,,0.0
2026-01-27 13:16:00.000,,,0.0
2026-01-27 13:26:00.000,,,0.0
2026-01-27 13:36:00.000,,,0.0
2026-01-27 13:46:00.000,,,0.0
2026-01-27 13:56:00.000,,,0.0
2026-01-27 14:06:00.000,,,0.0
2026-01-27 14:16:00.000,,,0.0
2026-01-27 14:26:00.000,,,0.0
2026-01-27 14:36:00.000,,,0.0
2026-01-27 14:46:00.000,,,0.0
2026-01-27 14:56:00.000,,,0.0
2026-01-27 15:06:00.000,,,0.0
2026-01-27 15:16:00.000,,,0.0
2026-01-27 15:26:00.000,,,0.0
2026-01-27 15:36:00.000,,,0.0
2026-01-27 15:46:00.000,,,0.0
2026-01-27 15:56:00.000,,,0.0
2026-01-27 16:06:00.000,,,0.0
2026-01-27 16:16:00.000,,,0.0
2026-01-27 16:26:00.000,,,0.0
2026-01-27 16:36:00.000,,,0.0
2026-01-27 16:46:00.000,,,0.0
2026-01-27 16:56:00.000,,,0.0
2026-01-27 17:06:00.000,,,0.0
2026-01-27 17:16:00.000,,,0.0
2026-01-27 17:26:00.000,,,0.0
2026-01-27 17:36:00.000,,,0.0
2026-01-27 17:46:00.000,,,0.0
2026-01-27 17:56:00.000,,,0.0
2026-01-27 18:06:00.000,,,0.0
2026-01-27 18:16:00.000,,,0.0
2026-01-27 18:26:00.000,,,0.0
2026-01-27 18:36:00.000,,,0.0
2026-01-27 18:46:00.000,,,0.0
2026-01-27 18:56:00.000,,,0.0
2026-01-27 19:06:00.000,,,0.0
2026-01-27 19:16:00.000,,,0.0
2026-01-27 19:26:00.000,,,0.0
2026-01-27 19:36:00.000,,,0.0
2026-01-27 19:46:00.000,,,0.0
2026-01-27 19:56:00.000,,,0.0
2026-01-27 20:06:00.000,,,0.0
2026-01-27 20:16:00.000,,,0.0
2026-01-27 20:26:00.000,,,0.0
2026-01-27 20:36:00.000,,,0.0
2026-01-27 20:46:00.000,,,0.0
2026-01-27 20:56:00.000,,,0.0
2026-01-27 21:06:00.000,,,0.0
2026-01-27 21:16:00.000,,,0.0
2026-01-27 21:26:00.000,,,0.0
2026-01-27 21:36:00.000,,,0.0
2026-01-27 21:46:00.000,,,0.0
2026-01-27 21:56:00.000,,,0.0
2026-01-27 22:06:00.000,,,0.0
2026-01-27 22:16:00.000,,,0.0
2026-01-27 22:26:00.000,,,0.0
2026-01-27 22:36:00.000,,,0.0
2026-01-27 22:46:00.000,,,0.0
2026-01-27 22:56:00.000,,,0.0
2026-01-27 23:06:00.000,,,0.0
2026-01-27 23:16:00.000,,,0.0
2026-01-27 23:26:00.000,,,0.0
2026-01-27 23:36:00.000,,,0.0
2026-01-27 23:46:00.000,,,0.0
2026-01-27 23:56:00.000,,,0.0
2026-01-28 00:06:00.000,,,0.0
2026-01-28 00:16:00.000,,,0.0
2026-01-28 00:26:00.000,,,0.0
2026-01-28 00:36:00.000,,,0.0
2026-01-28 00:46:00.000,,,0.0
2026-01-28 00:56:00.000,,,0.0
2026-01-28 01:06:00.000,,,0.0
2026-01-28 01:16:00.000,,,0.0
2026-01-28 01:26:00.000,,,0.0
2026-01-28 01:36:00.000,,,0.0
2026-01-28 01:46:00.000,,,0.0
2026-01-28 01:56:00.000,,,0.0
2026-01-28 02:06:00.000,,,0.0
2026-01-28 02:16:00.000,,,0.0
2026-01-28 02:26:00.000,,,0.0
2026-01-28 02:36:00.000,,,0.0
2026-01-28 02:46:00.000,,,0.0
2026-01-28 02:56:00.000,,,0.0
2026-01-28 03:06:00.000,,,0.0
2026-01-28 03:16:00.000,,,0.0
2026-01-28 03:26:00.000,,,0.0
2026-01-28 03:36:00.000,,,0.0
2026-01-28 03:46:00.000,,,0.0
2026-01-28 03:56:00.000,,,0.0
2026-01-28 04:06:00.000,,,0.0
2026-01-28 04:16:00.000,,,0.0
2026-01-28 04:26:00.000,,,0.0
2026-01-28 04:36:00.000,,,0.0
2026-01-28 04:46:00.000,,,0.0
2026-01-28 04:56:00.000,,,0.0
2026-01-28 05:06:00.000,,,0.0
2026-01-28 05:16:00.000,,,0.0
2026-01-28 05:26:00.000,,,0.0
2026-01-28 05:36:00.000,,,0.0
2026-01-28 05:46:00.000,,,0.0
2026-01-28 05:56:00.000,,,0.0
2026-01-28 06:06:00.000,,,0.0
2026-01-28 06:16:00.000,,,0.0
2026-01-28 06:26:00.000,,,0.0
2026-01-28 06:36:00.000,,,0.0
2026-01-28 06:46:00.000,,,0.0
2026-01-28 06:56:00.000,,,0.0
2026-01-28 07:06:00.000,,,0.0
2026-01-28 07:16:00.000,,,0.0
2026-01-28 07:26:00.000,,,0.0
2026-01-28 07:36:00.000,,,0.0
2026-01-28 07:46:00.000,,,0.0
2026-01-28 07:56:00.000,,,0.0
2026-01-28 08:06:00.000,,,0.0
2026-01-28 08:16:00.000,,,0.0
2026-01-28 08:26:00.000,,,0.0
2026-01-28 08:36:00.000,,,0.0
2026-01-28 08:46:00.000,,,0.0
2026-01-28 08:56:00.000,,,0.0
2026-01-28 09:06:00.000,,,0.0
2026-01-28 09:16:00.000,,,0.0
2026-01-28 09:26:00.000,,,0.0
2026-01-28 09:36:00.000,,,0.0
2026-01-28 09:46:00.000,,,0.0
2026-01-28 09:56:00.000,,,0.0
2026-01-28 10:06:00.000,,,0.0
2026-01-28 10:16:00.000,,,0.0
2026-01-28 10:26:00.000,,,0.0
2026-01-28 10:36:00.000,,,0.0
2026-01-28 10:46:00.000,,,0.0
2026-01-28 10:56:00.000,,,0.0
2026-01-28 11:06:00.000,,,0.0
2026-01-28 11:16:00.000,,,0.0
2026-01-28 11:26:00.000,,,0.0
2026-01-28 11:36:00.000,,,0.0
2026-01-28 11:46:00.000,,,0.0
2026-01-28 11:56:00.000,,,0.0
2026-01-28 12:06:00.000,,,0.0
2026-01-28 12:16:00.000,,,0.0
2026-01-28 12:26:00.000,,,0.0
2026-01-28 12:36:00.000,,,0.0
2026-01-28 12:46:00.000,,,0.0
2026-01-28 12:56:00.000,,,0.0
2026-01-28 13:06:00.000,,,0.0
2026-01-28 13:16:00.000,,,0.0
2026-01-28 13:26:00.000,,,0.0
2026-01-28 13:36:00.000,,,0.0
2026-01-28 13:46:00.000,,,0.0
2026-01-28 13:56:00.000,,,0.0
2026-01-28 14:06:00.000,,,0.0
2026-01-28 14:16:00.000,,,0.0
2026-01-28 14:26:00.000,,,0.0
2026-01-28 14:36:00.000,,,0.0
2026-01-28 14:46:00.000,,,0.0
2026-01-28 14:56:00.000,,,0.0
2026-01-28 15:06:00.000,,,0.0
2026-01-28 15:16:00.000,,,0.0
2026-01-28 15:26:00.000,,,0.0
2026-01-28 15:36:00.000,,,0.0
2026-01-28 15:46:00.000,,,0.0
2026-01-28 15:56:00.000,,,0.0
2026-01-28 16:06:00.000,,,0.0
2026-01-28 16:16:00.000,,,0.0
2026-01-28 16:26:00.000,,,0.0
2026-01-28 16:36:00.000,,,0.0
2026-01-28 16:46:00.000,,,0.0
2026-01-28 16:56:00.000,,,0.0
2026-01-28 17:06:00.000,,,0.0
2026-01-28 17:16:00.000,,,0.0
2026-01-28 17:26:00.000,,,0.0
2026-01-28 17:36:00.000,,,0.0
2026-01-28 17:46:00.000,,,0.0
2026-01-28 17:56:00.000,,,0.0
2026-01-28 18:06:00.000,,,0.0
2026-01-28 18:16:00.000,,,0.0
2026-01-28 18:26:00.000,,,0.0
2026-01-28 18:36:00.000,,,0.0
2026-01-28 18:46:00.000,,,0.0
2026-01-28 18:56:00.000,,,0.0
2026-01-28 19:06:00.000,,,0.0
2026-01-28 19:16:00.000,,,0.0
2026-01-28 19:26:00.000,,,0.0
2026-01-28 19:36:00.000,,,0.0
2026-01-28 19:46:00.000,,,0.0
2026-01-28 19:56:00.000,,,0.0
2026-01-28 20:06:00.000,,,0.0
2026-01-28 20:16:00.000,,,0.0
2026-01-28 20:26:00.000,,,0.0
2026-01-28 20:36:00.000,,,0.0
2026-01-28 20:46:00.000,,,0.0
2026-01-28 20:56:00.000,,,0.0
2026-01-28 21:06:00.000,,,0.0
2026-01-28 21:16:00.000,,,0.0
2026-01-28 21:26:00.000,,,0.0
2026-01-28 21:36:00.000,,,0.0
2026-01-28 21:46:00.000,,,0.0
2026-01-28 21:56:00.000,,,0.0
2026-01-28 22:06:00.000,,,0.0
2026-01-28 22:16:00.000,,,0.0
2026-01-28 22:26:00.000,,,0.0
2026-01-28 22:36:00.000,,,0.0
2026-01-28 22:46:00.000,,,0.0
2026-01-28 22:56:00.000,,,0.0
2026-01-28 23:06:00.000,,,0.0
2026-01-28 23:16:00.000,,,0.0
2026-01-28 23:26:00.000,,,0.0
2026-01-28 23:36:00.000,,,0.0
2026-01-28 23:46:00.000,,,0.0
2026-01-28 23:56:00.000,,,0.0
2026-01-29 00:06:00.000,,,0.0
2026-01-29 00:16:00.000,,,0.0
2026-01-29 00:26:00.000,,,0.0
2026-01-29 00:36:00.000,,,0.0
2026-01-29 00:46:00.000,,,0.0
2026-01-29 00:56:00.000,,,0.0
2026-01-29 01:06:00.000,,,0.0
2026-01-29 01:16:00.000,,,0.0
2026-01-29 01:26:00.000,,,0.0
2026-01-29 01:36:00.000,,,0.0
2026-01-29 01:46:00.000,,,0.0
2026-01-29 01:56:00.000,,,0.0
2026-01-29 02:06:00.000,,,0.0
2026-01-29 02:16:00.000,,,0.0
2026-01-29 02:26:00.000,,,0.0
2026-01-29 02:36:00.000,,,0.0
2026-01-29 02:46:00.000,,,0.0
2026-01-29 02:56:00.000,,,0.0
2026-01-29 03:06:00.000,,,0.0
2026-01-29 03:16:00.000,,,0.0
2026-01-29 03:26:00.000,,,0.0
2026-01-29 03:36:00.000,,,0.0
2026-01-29 03:46:00.000,,,0.0
2026-01-29 03:56:00.000,,,0.0
2026-01-29 04:06:00.000,,,0.0
2026-01-29 04:16:00.000,,,0.0
2026-01-29 04:26:00.000,,,0.0
2026-01-29 04:36:00.000,,,0.0
2026-01-29 04:46:00.000,,,0.0
2026-01-29 04:56:00.000,,,0.0
2026-01-29 05:06:00.000,,,0.0
2026-01-29 05:16:00.000,,,0.0
2026-01-29 05:26:00.000,,,0.0
2026-01-29 05:36:00.000,,,0.0
2026-01-29 05:46:00.000,,,0.0
2026-01-29 05:56:00.000,,,0.0
2026-01-29 06:06:00.000,,,0.0
2026-01-29 06:16:00.000,,,0.0
2026-01-29 06:26:00.000,,,0.0
2026-01-29 06:36:00.000,,,0.0
2026-01-29 06:46:00.000,,,0.0
2026-01-29 06:56:00.000,,,0.0
2026-01-29 07:06:00.000,,,0.0
2026-01-29 07:16:00.000,,,0.0
2026-01-29 07:26:00.000,,,0.0
2026-01-29 07:36:00.000,,,0.0
2026-01-29 07:46:00.000,,,0.0
2026-01-29 07:56:00.000,,,0.0
2026-01-29 08:06:00.000,,,0.0
2026-01-29 08:16:00.000,,,0.0
2026-01-29 08:26:00.000,,,0.0
2026-01-29 08:36:00.000,,,0.0
2026-01-29 08:46:00.000,,,0.0
2026-01-29 08:56:00.000,,,0.0
2026-01-29 09:06:00.000,,,0.0
2026-01-29 09:16:00.000,,,0.0
2026-01-29 09:26:00.000,,,0.0
2026-01-29 09:36:00.000,,,0.0
2026-01-29 09:46:00.000,,,0.0
2026-01-29 09:56:00.000,,,0.0
2026-01-29 10:06:00.000,,,0.0
2026-01-29 10:16:00.000,,,0.0
2026-01-29 10:26:00.000,,,0.0
2026-01-29 10:36:00.000,,,0.0
2026-01-29 10:46:00.000,,,0.0
2026-01-29 10:56:00.000,,,0.0
2026-01-29 11:06:00.000,,,0.0
2026-01-29 11:16:00.000,,,0.0
2026-01-29 11:26:00.000,,,0.0
2026-01-29 11:36:00.000,,,0.0
2026-01-29 11:46:00.000,,,0.0
2026-01-29 11:56:00.000,,,0.0
2026-01-29 12:06:00.000,,,0.0
2026-01-29 12:16:00.000,,,0.0
2026-01-29 12:26:00.000,,,0.0
2026-01-29 12:36:00.000,,,0.0
2026-01-29 12:46:00.000,,,0.0
2026-01-29 12:56:00.000,,,0.0
2026-01-29 13:06:00.000,,,0.0
2026-01-29 13:16:00.000,,,0.0
2026-01-29 13:26:00.000,,,0.0
2026-01-29 13:36:00.000,,,0.0
2026-01-29 13:46:00.000,,,0.0
2026-01-29 13:56:00.000,,,0.0
2026-01-29 14:06:00.000,,,0.0
2026-01-29 14:16:00.000,,,0.0
2026-01-29 14:26:00.000,,,0.0
2026-01-29 14:36:00.000,,,0.0
2026-01-29 14:46:00.000,,,0.0
2026-01-29 14:56:00.000,,,0.0
2026-01-29 15:06:00.000,,,0.0
2026-01-29 15:16:00.000,,,0.0
2026-01-29 15:26:00.000,,,0.0
2026-01-29 15:36:00.000,,,0.0
2026-01-29 15:46:00.000,,,0.0
2026-01-29 15:56:00.000,,,0.0
2026-01-29 16:06:00.000,,,0.0
2026-01-29 16:16:00.000,,,0.0
2026-01-29 16:26:00.000,,,0.0
2026-01-29 16:36:00.000,,,0.0
2026-01-29 16:46:00.000,,,0.0
2026-01-29 16:56:00.000,,,0.0
2026-01-29 17:06:00.000,,,0.0
2026-01-29 17:16:00.000,,,0.0
2026-01-29 17:26:00.000,,,0.0
2026-01-29 17:36:00.000,,,0.0
2026-01-29 17:46:00.000,,,0.0
2026-01-29 17:56:00.000,,,0.0
2026-01-29 18:06:00.000,,,0.0
2026-01-29 18:16:00.000,,,0.0
2026-01-29 18:26:00.000,,,0.0
2026-01-29 18:36:00.000,,,0.0
2026-01-29 18:46:00.000,,,0.0
2026-01-29 18:56:00.000,,,0.0
2026-01-29 19:06:00.000,,,0.0
2026-01-29 19:16:00.000,,,0.0
2026-01-29 19:26:00.000,,,0.0
2026-01-29 19:36:00.000,,,0.0
2026-01-29 19:46:00.000,,,0.0
2026-01-29 19:56:00.000,,,0.0
2026-01-29 20:06:00.000,,,0.0
2026-01-29 20:16:00.000,,,0.0
2026-01-29 20:26:00.000,,,0.0
2026-01-29 20:36:00.000,,,0.0
2026-01-29 20:46:00.000,,,0.0
2026-01-29 20:56:00.000,,,0.0
2026-01-29 21:06:00.000,,,0.0
2026-01-29 21:16:00.000,,,0.0
2026-01-29 21:26:00.000,,,0.0
2026-01-29 21:36:00.000,,,0.0
2026-01-29 21:46:00.000,,,0.0
2026-01-29 21:56:00.000,,,0.0
2026-01-29 22:06:00.000,,,0.0
2026-01-29 22:16:00.000,,,0.0
2026-01-29 22:26:00.000,,,0.0
2026-01-29 22:36:00.000,,,0.0
2026-01-29 22:46:00.000,,,0.0
2026-01-29 22:56:00.000,,,0.0
2026-01-29 23:06:00.000,,,0.0
2026-01-29 23:16:00.000,,,0.0
2026-01-29 23:26:00.000,,,0.0
2026-01-29 23:36:00.000,,,0.0
2026-01-29 23:46:00.000,,,0.0
2026-01-29 23:56:00.000,,,0.0
2026-01-30 00:06:00.000,,,0.0
2026-01-30 00:16:00.000,,,0.0
2026-01-30 00:26:00.000,,,0.0
2026-01-30 00:36:00.000,,,0.0
2026-01-30 00:46:00.000,,,0.0
2026-01-30 00:56:00.000,,,0.0
2026-01-30 01:06:00.000,,,0.0
2026-01-30 01:16:00.000,,,0.0
2026-01-30 01:26:00.000,,,0.0
2026-01-30 01:36:00.000,,,0.0
2026-01-30 01:46:00.000,,,0.0
2026-01-30 01:56:00.000,,,0.0
2026-01-30 02:06:00.000,,,0.0
2026-01-30 02:16:00.000,,,0.0
2026-01-30 02:26:00.000,,,0.0
2026-01-30 02:36:00.000,,,0.0
2026-01-30 02:46:00.000,,,0.0
2026-01-30 02:56:00.000,,,0.0
2026-01-30 03:06:00.000,,,0.0
2026-01-30 03:16:00.000,,,0.0
2026-01-30 03:26:00.000,,,0.0
2026-01-30 03:36:00.000,,,0.0
2026-01-30 03:46:00.000,,,0.0
2026-01-30 03:56:00.000,,,0.0
2026-01-30 04:06:00.000,,,0.0
2026-01-30 04:16:00.000,,,0.0
2026-01-30 04:26:00.000,,,0.0
2026-01-30 04:36:00.000,,,0.0
2026-01-30 04:46:00.000,,,0.0
2026-01-30 04:56:00.000,,,0.0
2026-01-30 05:06:00.000,,,0.0
2026-01-30 05:16:00.000,,,0.0
2026-01-30 05:26:00.000,,,0.0
2026-01-30 05:36:00.000,,,0.0
2026-01-30 05:46:00.000,,,0.0
2026-01-30 05:56:00.000,,,0.0
2026-01-30 06:06:00.000,,,0.0
2026-01-30 06:16:00.000,,,0.0
2026-01-30 06:26:00.000,,,0.0
2026-01-30 06:36:00.000,,,0.0
2026-01-30 06:46:00.000,,,0.0
2026-01-30 06:56:00.000,,,0.0
2026-01-30 07:06:00.000,,,0.0
2026-01-30 07:16:00.000,,,0.0
2026-01-30 07:26:00.000,,,0.0
2026-01-30 07:36:00.000,,,0.0
2026-01-30 07:46:00.000,,,0.0
2026-01-30 07:56:00.000,,,0.0
2026-01-30 08:06:00.000,,,0.0
2026-01-30 08:16:00.000,,,0.0
2026-01-30 08:26:00.000,,,0.0
2026-01-30 08:36:00.000,,,0.0
2026-01-30 08:46:00.000,,,0.0
2026-01-30 08:56:00.000,,,0.0
2026-01-30 09:06:00.000,,,0.0
2026-01-30 09:16:00.000,,,0.0
2026-01-30 09:26:00.000,,,0.0
2026-01-30 09:36:00.000,,,0.0
2026-01-30 09:46:00.000,,,0.0
2026-01-30 09:56:00.000,,,0.0
2026-01-30 10:06:00.000,,,0.0
2026-01-30 10:16:00.000,,,0.0
2026-01-30 10:26:00.000,,,0.0
2026-01-30 10:36:00.000,,,0.0
2026-01-30 10:46:00.000,,,0.0
2026-01-30 10:56:00.000,,,0.0
2026-01-30 11:06:00.000,,,0.0
2026-01-30 11:16:00.000,,,0.0
2026-01-30 11:26:00.000,,,0.0
2026-01-30 11:36:00.000,,,0.0
2026-01-30 11:46:00.000,,,0.0
2026-01-30 11:56:00.000,,,0.0
2026-01-30 12:06:00.000,,,0.0
2026-01-30 12:16:00.000,,,0.0
2026-01-30 12:26:00.000,,,0.0
2026-01-30 12:36:00.000,,,0.0
2026-01-30 12:46:00.000,,,0.0
2026-01-30 12:56:00.000,,,0.0
2026-01-30 13:06:00.000,,,0.0
2026-01-30 13:16:00.000,,,0.0
2026-01-30 13:26:00.000,,,0.0
2026-01-30 13:36:00.000,,,0.0
2026-01-30 13:46:00.000,,,0.0
2026-01-30 13:56:00.000,,,0.0
2026-01-30 14:06:00.000,,,0.0
2026-01-30 14:16:00.000,,,0.0
2026-01-30 14:26:00.000,,,0.0
2026-01-30 14:36:00.000,,,0.0
2026-01-30 14:46:00.000,,,0.0
2026-01-30 14:56:00.000,,,0.0
2026-01-30 15:06:00.000,,,0.0
2026-01-30 15:16:00.000,,,0.0
2026-01-30 15:26:00.000,,,0.0
2026-01-30 15:36:00.000,,,0.0
2026-01-30 15:46:00.000,,,0.0
2026-01-30 15:56:00.000,,,0.0
2026-01-30 16:06:00.000,,,0.0
2026-01-30 16:16:00.000,,,0.0
2026-01-30 16:26:00.000,,,0.0
2026-01-30 16:36:00.000,,,0.0
2026-01-30 16:46:00.000,,,0.0
2026-01-30 16:56:00.000,,,0.0
2026-01-30 17:06:00.000,,,0.0
2026-01-30 17:16:00.000,,,0.0
2026-01-30 17:26:00.000,,,0.0
2026-01-30 17:36:00.000,,,0.0
2026-01-30 17:46:00.000,,,0.0
2026-01-30 17:56:00.000,,,0.0
2026-01-30 18:06:00.000,,,0.0
2026-01-30 18:16:00.000,,,0.0
2026-01-30 18:26:00.000,,,0.0
2026-01-30 18:36:00.000,,,0.0
2026-01-30 18:46:00.000,,,0.0
2026-01-30 18:56:00.000,,,0.0
2026-01-30 19:06:00.000,,,0.0
2026-01-30 19:16:00.000,,,0.0
2026-01-30 19:26:00.000,,,0.0
2026-01-30 19:36:00.000,,,0.0
2026-01-30 19:46:00.000,,,0.0
2026-01-30 19:56:00.000,,,0.0
2026-01-30 20:06:00.000,,,0.0
2026-01-30 20:16:00.000,,,0.0
2026-01-30 20:26:00.000,,,0.0
2026-01-30 20:36:00.000,,,0.0
2026-01-30 20:46:00.000,,,0.0
2026-01-30 20:56:00.000,,,0.0
2026-01-30 21:06:00.000,,,0.0
2026-01-30 21:16:00.000,,,0.0
2026-01-30 21:26:00.000,,,0.0
2026-01-30 21:36:00.000,,,0.0
2026-01-30 21:46:00.000,,,0.0
2026-01-30 21:56:00.000,,,0.0
2026-01-30 22:06:00.000,,,0.0
2026-01-30 22:16:00.000,,,0.0
2026-01-30 22:26:00.000,,,0.0
2026-01-30 22:36:00.000,,,0.0
2026-01-30 22:46:00.000,,,0.0
2026-01-30 22:56:00.000,,,0.0
2026-01-30 23:06:00.000,,,0.0
2026-01-30 23:16:00.000,,,0.0
2026-01-30 23:26:00.000,,,0.0
2026-01-30 23:36:00.000,,,0.0
2026-01-30 23:46:00.000,,,0.0
2026-01-30 23:56:00.000,,,0.0
2026-01-31 00:06:00.000,,,0.0
2026-01-31 00:16:00.000,,,0.0
2026-01-31 00:26:00.000,,,0.0
2026-01-31 00:36:00.000,,,0.0
2026-01-31 00:46:00.000,,,0.0
2026-01-31 00:56:00.000,,,0.0
2026-01-31 01:06:00.000,,,0.0
2026-01-31 01:16:00.000,,,0.0
2026-01-31 01:26:00.000,,,0.0
2026-01-31 01:36:00.000,,,0.0
2026-01-31 01:46:00.000,,,0.0
2026-01-31 01:56:00.000,,,0.0
2026-01-31 02:06:00.000,,,0.0
2026-01-31 02:16:00.000,,,0.0
2026-01-31 02:26:00.000,,,0.0
2026-01-31 02:36:00.000,,,0.0
2026-01-31 02:46:00.000,,,0.0
2026-01-31 02:56:00.000,,,0.0
2026-01-31 03:06:00.000,,,0.0
2026-01-31 03:16:00.000,,,0.0
2026-01-31 03:26:00.000,,,0.0
2026-01-31 03:36:00.000,,,0.0
2026-01-31 03:46:00.000,,,0.0
2026-01-31 03:56:00.000,,,0.0
2026-01-31 04:06:00.000,,,0.0
2026-01-31 04:16:00.000,,,0.0
2026-01-31 04:26:00.000,,,0.0
2026-01-31 04:36:00.000,,,0.0
2026-01-31 04:46:00.000,,,0.0
2026-01-31 04:56:00.000,,,0.0
2026-01-31 05:06:00.000,,,0.0
2026-01-31 05:16:00.000,,,0.0
2026-01-31 05:26:00.000,,,0.0
2026-01-31 05:36:00.000,,,0.0
2026-01-31 05:46:00.000,,,0.0
2026-01-31 05:56:00.000,,,0.0
2026-01-31 06:06:00.000,,,0.0
2026-01-31 06:16:00.000,,,0.0
2026-01-31 06:26:00.000,,,0.0
2026-01-31 06:36:00.000,,,0.0
2026-01-31 06:46:00.000,,,0.0
2026-01-31 06:56:00.000,,,0.0
2026-01-31 07:06:00.000,,,0.0
2026-01-31 07:16:00.000,,,0.0
2026-01-31 07:26:00.000,,,0.0
2026-01-31 07:36:00.000,,,0.0
2026-01-31 07:46:00.000,,,0.0
2026-01-31 07:56:00.000,,,0.0
2026-01-31 08:06:00.000,,,0.0
2026-01-31 08:16:00.000,,,0.0
2026-01-31 08:26:00.000,,,0.0
2026-01-31 08:36:00.000,,,0.0
2026-01-31 08:46:00.000,,,0.0
2026-01-31 08:56:00.000,,,0.0
2026-01-31 09:06:00.000,,,0.0
2026-01-31 09:16:00.000,,,0.0
2026-01-31 09:26:00.000,,,0.0
2026-01-31 09:36:00.000,,,0.0
2026-01-31 09:46:00.000,,,0.0
2026-01-31 09:56:00.000,,,0.0
2026-01-31 10:06:00.000,,,0.0
2026-01-31 10:16:00.000,,,0.0
2026-01-31 10:26:00.000,,,0.0
2026-01-31 10:36:00.000,,,0.0
2026-01-31 10:46:00.000,,,0.0
2026-01-31 10:56:00.000,,,0.0
2026-01-31 11:06:00.000,,,0.0
2026-01-31 11:16:00.000,,,0.0
2026-01-31 11:26:00.000,,,0.0
2026-01-31 11:36:00.000,,,0.0
2026-01-31 11:46:00.000,,,0.0
2026-01-31 11:56:00.000,,,0.0
2026-01-31 12:06:00.000,,,0.0
2026-01-31 12:16:00.000,,,0.0
2026-01-31 12:26:00.000,,,0.0
2026-01-31 12:36:00.000,,,0.0
2026-01-31 12:46:00.000,,,0.0
2026-01-31 12:56:00.000,,,0.0
2026-01-31 13:06:00.000,,,0.0
2026-01-31 13:16:00.000,,,0.0
2026-01-31 13:26:00.000,,,0.0
2026-01-31 13:36:00.000,,,0.0
2026-01-31 13:46:00.000,,,0.0
2026-01-31 13:56:00.000,,,0.0
2026-01-31 14:06:00.000,,,0.0
2026-01-31 14:16:00.000,,,0.0
2026-01-31 14:26:00.000,,,0.0
2026-01-31 14:36:00.000,,,0.0
2026-01-31 14:46:00.000,,,0.0
2026-01-31 14:56:00.000,,,0.0
2026-01-31 15:06:00.000,,,0.0
2026-01-31 15:16:00.000,,,0.0
2026-01-31 15:26:00.000,,,0.0
2026-01-31 15:36:00.000,,,0.0
2026-01-31 15:46:00.000,,,0.0
2026-01-31 15:56:00.000,,,0.0
2026-01-31 16:06:00.000,,,0.0
2026-01-31 16:16:00.000,,,0.0
2026-01-31 16:26:00.000,,,0.0
2026-01-31 16:36:00.000,,,0.0
2026-01-31 16:46:00.000,,,0.0
2026-01-31 16:56:00.000,,,0.0
2026-01-31 17:06:00.000,,,0.0
2026-01-31 17:16:00.000,,,0.0
2026-01-31 17:26:00.000,,,0.0
2026-01-31 17:36:00.000,,,0.0
2026-01-31 17:46:00.000,,,0.0
2026-01-31 17:56:00.000,,,0.0
2026-01-31 18:06:00.000,,,0.0
2026-01-31 18:16:00.000,,,0.0
2026-01-31 18:26:00.000,,,0.0
2026-01-31 18:36:00.000,,,0.0
2026-01-31 18:46:00.000,,,0.0
2026-01-31 18:56:00.000,,,0.0
2026-01-31 19:06:00.000,,,0.0
2026-01-31 19:16:00.000,,,0.0
2026-01-31 19:26:00.000,,,0.0
2026-01-31 19:36:00.000,,,0.0
2026-01-31 19:46:00.000,,,0.0
2026-01-31 19:56:00.000,,,0.0
2026-01-31 20:06:00.000,,,0.0
2026-01-31 20:16:00.000,,,0.0
2026-01-31 20:26:00.000,,,0.0
2026-01-31 20:36:00.000,,,0.0
2026-01-31 20:46:00.000,,,0.0
2026-01-31 20:56:00.000,,,0.0
2026-01-31 21:06:00.000,,,0.0
2026-01-31 21:16:00.000,,,0.0
2026-01-31 21:26:00.000,,,0.0
2026-01-31 21:36:00.000,,,0.0
2026-01-31 21:46:00.000,,,0.0
2026-01-31 21:56:00.000,,,0.0
2026-01-31 22:06:00.000,,,0.0
2026-01-31 22:16:00.000,,,0.0
2026-01-31 22:26:00.000,,,0.0
2026-01-31 22:36:00.000,,,0.0
2026-01-31 22:46:00.000,,,0.0
2026-01-31 22:56:00.000,,,0.0
2026-01-31 23:06:00.000,,,0.0
2026-01-31 23:16:00.000,,,0.0
2026-01-31 23:26:00.000,,,0.0
2026-01-31 23:36:00.000,,,0.0
2026-01-31 23:46:00.000,,,0.0
2026-01-31 23:56:00.000,,,0.0
2026-02-01 00:06:00.000,,,0.0
2026-02-01 00:16:00.000,,,0.0
2026-02-01 00:26:00.000,,,0.0
2026-02-01 00:36:00.000,,,0.0
2026-02-01 00:46:00.000,,,0.0
2026-02-01 00:56:00.000,,,0.0
2026-02-01 01:06:00.000,,,0.0
2026-02-01 01:16:00.000,,,0.0
2026-02-01 01:26:00.000,,,0.0
2026-02-01 01:36:00.000,,,0.0
2026-02-01 01:46:00.000,,,0.0
2026-02-01 01:56:00.000,,,0.0
2026-02-01 02:06:00.000,,,0.0
2026-02-01 02:16:00.000,,,0.0
2026-02-01 02:26:00.000,,,0.0
2026-02-01 02:36:00.000,,,0.0
2026-02-01 02:46:00.000,,,0.0
2026-02-01 02:56:00.000,,,0.0
2026-02-01 03:06:00.000,,,0.0
2026-02-01 03:16:00.000,,,0.0
2026-02-01 03:26:00.000,,,0.0
2026-02-01 03:36:00.000,,,0.0
2026-02-01 03:46:00.000,,,0.0
2026-02-01 03:56:00.000,,,0.0
2026-02-01 04:06:00.000,,,0.0
2026-02-01 04:16:00.000,,,0.0
2026-02-01 04:26:00.000,,,0.0
2026-02-01 04:36:00.000,,,0.0
2026-02-01 04:46:00.000,,,0.0
2026-02-01 04:56:00.000,,,0.0
2026-02-01 05:06:00.000,,,0.0
2026-02-01 05:16:00.000,,,0.0
2026-02-01 05:26:00.000,,,0.0
2026-02-01 05:36:00.000,,,0.0
2026-02-01 05:46:00.000,,,0.0
2026-02-01 05:56:00.000,,,0.0
2026-02-01 06:06:00.000,,,0.0
2026-02-01 06:16:00.000,,,0.0
2026-02-01 06:26:00.000,,,0.0
2026-02-01 06:36:00.000,,,0.0
2026-02-01 06:46:00.000,,,0.0
2026-02-01 06:56:00.000,,,0.0
2026-02-01 07:06:00.000,,,0.0
2026-02-01 07:16:00.000,,,0.0
2026-02-01 07:26:00.000,,,0.0
2026-02-01 07:36:00.000,,,0.0
2026-02-01 07:46:00.000,,,0.0
2026-02-01 07:56:00.000,,,0.0
2026-02-01 08:06:00.000,,,0.0
2026-02-01 08:16:00.000,,,0.0
2026-02-01 08:26:00.000,,,0.0
2026-02-01 08:36:00.000,,,0.0
2026-02-01 08:46:00.000,,,0.0
2026-02-01 08:56:00.000,,,0.0
2026-02-01 09:06:00.000,,,0.0
2026-02-01 09:16:00.000,,,0.0
2026-02-01 09:26:00.000,,,0.0
2026-02-01 09:36:00.000,,,0.0
2026-02-01 09:46:00.000,,,0.0
2026-02-01 09:56:00.000,,,0.0
2026-02-01 10:06:00.000,,,0.0
2026-02-01 10:16:00.000,,,0.0
2026-02-01 10:26:00.000,,,0.0
2026-02-01 10:36:00.000,,,0.0
2026-02-01 10:46:00.000,,,0.0
2026-02-01 10:56:00.000,,,0.0
2026-02-01 11:06:00.000,,,0.0
2026-02-01 11:16:00.000,,,0.0
2026-02-01 11:26:00.000,,,0.0
2026-02-01 11:36:00.000,,,0.0
2026-02-01 11:46:00.000,,,0.0
2026-02-01 11:56:00.000,,,0.0
2026-02-01 12:06:00.000,,,0.0
2026-02-01 12:16:00.000,,,0.0
2026-02-01 12:26:00.000,,,0.0
2026-02-01 12:36:00.000,,,0.0
2026-02-01 12:46:00.000,,,0.0
2026-02-01 12:56:00.000,,,0.0
2026-02-01 13:06:00.000,,,0.0
2026-02-01 13:16:00.000,,,0.0
2026-02-01 13:26:00.000,,,0.0
2026-02-01 13:36:00.000,,,0.0
2026-02-01 13:46:00.000,,,0.0
2026-02-01 13:56:00.000,,,0.0
2026-02-01 14:06:00.000,,,0.0
2026-02-01 14:16:00.000,,,0.0
2026-02-01 14:26:00.000,,,0.0
2026-02-01 14:36:00.000,,,0.0
2026-02-01 14:46:00.000,,,0.0
2026-02-01 14:56:00.000,,,0.0
2026-02-01 15:06:00.000,,,0.0
2026-02-01 15:16:00.000,,,0.0
2026-02-01 15:26:00.000,,,0.0
2026-02-01 15:36:00.000,,,0.0
2026-02-01 15:46:00.000,,,0.0
2026-02-01 15:56:00.000,,,0.0
2026-02-01 16:06:00.000,,,0.0
2026-02-01 16:16:00.000,,,0.0
2026-02-01 16:26:00.000,,,0.0
2026-02-01 16:36:00.000,,,0.0
2026-02-01 16:46:00.000,,,0.0
2026-02-01 16:56:00.000,,,0.0
2026-02-01 17:06:00.000,,,0.0
2026-02-01 17:16:00.000,,,0.0
2026-02-01 17:26:00.000,,,0.0
2026-02-01 17:36:00.000,,,0.0
2026-02-01 17:46:00.000,,,0.0
2026-02-01 17:56:00.000,,,0.0
2026-02-01 18:06:00.000,,,0.0
2026-02-01 18:16:00.000,,,0.0
2026-02-01 18:26:00.000,,,0.0
2026-02-01 18:36:00.000,,,0.0
2026-02-01 18:46:00.000,,,0.0
2026-02-01 18:56:00.000,,,0.0
2026-02-01 19:06:00.000,,,0.0
2026-02-01 19:16:00.000,,,0.0
2026-02-01 19:26:00.000,,,0.0
2026-02-01 19:36:00.000,,,0.0
2026-02-01 19:46:00.000,,,0.0
2026-02-01 19:56:00.000,,,0.0
2026-02-01 20:06:00.000,,,0.0
2026-02-01 20:16:00.000,,,0.0
2026-02-01 20:26:00.000,,,0.0
2026-02-01 20:36:00.000,,,0.0
2026-02-01 20:46:00.000,,,0.0
2026-02-01 20:56:00.000,,,0.0
2026-02-01 21:06:00.000,,,0.0
2026-02-01 21:16:00.000,,,0.0
2026-02-01 21:26:00.000,,,0.0
2026-02-01 21:36:00.000,,,0.0
2026-02-01 21:46:00.000,,,0.0
2026-02-01 21:56:00.000,,,0.0
2026-02-01 22:06:00.000,,,0.0
2026-02-01 22:16:00.000,,,0.0
2026-02-01 22:26:00.000,,,0.0
2026-02-01 22:36:00.000,,,0.0
2026-02-01 22:46:00.000,,,0.0
2026-02-01 22:56:00.000,,,0.0
2026-02-01 23:06:00.000,,,0.0
2026-02-01 23:16:00.000,,,0.0
2026-02-01 23:26:00.000,,,0.0
2026-02-01 23:36:00.000,,,0.0
2026-02-01 23:46:00.000,,,0.0
2026-02-01 23:56:00.000,,,0.0
2026-02-02 00:06:00.000,,,0.0
2026-02-02 00:16:00.000,,,0.0
2026-02-02 00:26:00.000,,,0.0
2026-02-02 00:36:00.000,,,0.0
2026-02-02 00:46:00.000,,,0.0
2026-02-02 00:56:00.000,,,0.0
2026-02-02 01:06:00.000,,,0.0
2026-02-02 01:16:00.000,,,0.0
2026-02-02 01:26:00.000,,,0.0
2026-02-02 01:36:00.000,,,0.0
2026-02-02 01:46:00.000,,,0.0
2026-02-02 01:56:00.000,,,0.0
2026-02-02 02:06:00.000,,,0.0
2026-02-02 02:16:00.000,,,0.0
2026-02-02 02:26:00.000,,,0.0
2026-02-02 02:36:00.000,,,0.0
2026-02-02 02:46:00.000,,,0.0
2026-02-02 02:56:00.000,,,0.0
2026-02-02 03:06:00.000,,,0.0
2026-02-02 03:16:00.000,,,0.0
2026-02-02 03:26:00.000,,,0.0
2026-02-02 03:36:00.000,,,0.0
2026-02-02 03:46:00.000,,,0.0
2026-02-02 03:56:00.000,,,0.0
2026-02-02 04:06:00.000,,,0.0
2026-02-02 04:16:00.000,,,0.0
2026-02-02 04:26:00.000,,,0.0
2026-02-02 04:36:00.000,,,0.0
2026-02-02 04:46:00.000,,,0.0
2026-02-02 04:56:00.000,,,0.0
2026-02-02 05:06:00.000,,,0.0
2026-02-02 05:16:00.000,,,0.0
2026-02-02 05:26:00.000,,,0.0
2026-02-02 05:36:00.000,,,0.0
2026-02-02 05:46:00.000,,,0.0
2026-02-02 05:56:00.000,,,0.0
2026-02-02 06:06:00.000,,,0.0
2026-02-02 06:16:00.000,,,0.0
2026-02-02 06:26:00.000,,,0.0
2026-02-02 06:36:00.000,,,0.0
2026-02-02 06:46:00.000,,,0.0
2026-02-02 06:56:00.000,,,0.0
2026-02-02 07:06:00.000,,,0.0
2026-02-02 07:16:00.000,,,0.0
2026-02-02 07:26:00.000,,,0.0
2026-02-02 07:36:00.000,,,0.0
2026-02-02 07:46:00.000,,,0.0
2026-02-02 07:56:00.000,,,0.0
2026-02-02 08:06:00.000,,,0.0
2026-02-02 08:16:00.000,,,0.0
2026-02-02 08:26:00.000,,,0.0
2026-02-02 08:36:00.000,,,0.0
2026-02-02 08:46:00.000,,,0.0
2026-02-02 08:56:00.000,,,0.0
2026-02-02 09:06:00.000,,,0.0
2026-02-02 09:16:00.000,,,0.0
2026-02-02 09:26:00.000,,,0.0
2026-02-02 09:36:00.000,,,0.0
2026-02-02 09:46:00.000,,,0.0
2026-02-02 09:56:00.000,,,0.0
2026-02-02 10:06:00.000,,,0.0
2026-02-02 10:16:00.000,,,0.0
2026-02-02 10:26:00.000,,,0.0
2026-02-02 10:36:00.000,,,0.0
2026-02-02 10:46:00.000,,,0.0
2026-02-02 10:56:00.000,,,0.0
2026-02-02 11:06:00.000,,,0.0
2026-02-02 11:16:00.000,,,0.0
2026-02-02 11:26:00.000,,,0.0
2026-02-02 11:36:00.000,,,0.0
2026-02-02 11:46:00.000,,,0.0
2026-02-02 11:56:00.000,,,0.0
2026-02-02 12:06:00.000,,,0.0
2026-02-02 12:16:00.000,,,0.0
2026-02-02 12:26:00.000,,,0.0
2026-02-02 12:36:00.000,,,0.0
2026-02-02 12:46:00.000,,,0.0
2026-02-02 12:56:00.000,,,0.0
2026-02-02 13:06:00.000,,,0.0
2026-02-02 13:16:00.000,,,0.0
2026-02-02 13:26:00.000,,,0.0
2026-02-02 13:36:00.000,,,0.0
2026-02-02 13:46:00.000,,,0.0
2026-02-02 13:56:00.000,,,0.0
2026-02-02 14:06:00.000,,,0.0
2026-02-02 14:16:00.000,,,0.0
2026-02-02 14:26:00.000,,,0.0
2026-02-02 14:36:00.000,,,0.0
2026-02-02 14:46:00.000,,,0.0
2026-02-02 14:56:00.000,,,0.0
2026-02-02 15:06:00.000,,,0.0
2026-02-02 15:16:00.000,,,0.0
2026-02-02 15:26:00.000,,,0.0
2026-02-02 15:36:00.000,,,0.0
2026-02-02 15:46:00.000,,,0.0
2026-02-02 15:56:00.000,,,0.0
2026-02-02 16:06:00.000,,,0.0
2026-02-02 16:16:00.000,,,0.0
2026-02-02 16:26:00.000,,,0.0
2026-02-02 16:36:00.000,,,0.0
2026-02-02 16:46:00.000,,,0.0
2026-02-02 16:56:00.000,,,0.0
2026-02-02 17:06:00.000,,,0.0
2026-02-02 17:16:00.000,,,0.0
2026-02-02 17:26:00.000,,,0.0
2026-02-02 17:36:00.000,,,0.0
2026-02-02 17:46:00.000,,,0.0
2026-02-02 17:56:00.000,,,0.0
2026-02-02 18:06:00.000,,,0.0
2026-02-02 18:16:00.000,,,0.0
2026-02-02 18:26:00.000,,,0.0
2026-02-02 18:36:00.000,,,0.0
2026-02-02 18:46:00.000,,,0.0
2026-02-02 18:56:00.000,,,0.0
2026-02-02 19:06:00.000,,,0.0
2026-02-02 19:16:00.000,,,0.0
2026-02-02 19:26:00.000,,,0.0
2026-02-02 19:36:00.000,,,0.0
2026-02-02 19:46:00.000,,,0.0
2026-02-02 19:56:00.000,,,0.0
2026-02-02 20:06:00.000,,,0.0
2026-02-02 20:16:00.000,,,0.0
2026-02-02 20:26:00.000,,,0.0
2026-02-02 20:36:00.000,,,0.0
2026-02-02 20:46:00.000,,,0.0
2026-02-02 20:56:00.000,,,0.0
2026-02-02 21:06:00.000,,,0.0
2026-02-02 21:16:00.000,,,0.0
2026-02-02 21:26:00.000,,,0.0
2026-02-02 21:36:00.000,,,0.0
2026-02-02 21:46:00.000,,,0.0
2026-02-02 21:56:00.000,,,0.0
2026-02-02 22:06:00.000,,,0.0
2026-02-02 22:16:00.000,,,0.0
2026-02-02 22:26:00.000,,,0.0
2026-02-02 22:36:00.000,,,0.0
2026-02-02 22:46:00.000,,,0.0
2026-02-02 22:56:00.000,,,0.0
2026-02-02 23:06:00.000,,,0.0
2026-02-02 23:16:00.000,,,0.0
2026-02-02 23:26:00.000,,,0.0
2026-02-02 23:36:00.000,,,0.0
2026-02-02 23:46:00.000,,,0.0
2026-02-02 23:56:00.000,,,0.0
2026-02-03 00:06:00.000,,,0.0
2026-02-03 00:16:00.000,,,0.0
2026-02-03 00:26:00.000,,,0.0
2026-02-03 00:36:00.000,,,0.0
2026-02-03 00:46:00.000,,,0.0
2026-02-03 00:56:00.000,,,0.0
2026-02-03 01:06:00.000,,,0.0
2026-02-03 01:16:00.000,,,0.0
2026-02-03 01:26:00.000,,,0.0
2026-02-03 01:36:00.000,,,0.0
2026-02-03 01:46:00.000,,,0.0
2026-02-03 01:56:00.000,,,0.0
2026-02-03 02:06:00.000,,,0.0
2026-02-03 02:16:00.000,,,0.0
2026-02-03 02:26:00.000,,,0.0
2026-02-03 02:30:00.201,28.97,64.0,0.0
2026-02-03 02:36:00.000,,,0.0
2026-02-03 02:40:01.001,29.54,61.0,0.0
2026-02-03 02:46:00.000,,,0.0
2026-02-03 02:50:00.867,29.82,62.0,0.0
2026-02-03 02:56:00.000,,,0.0
2026-02-03 03:00:00.565,29.82,61.0,0.0
2026-02-03 03:06:00.000,,,0.0
2026-02-03 03:10:00.722,29.51,61.0,0.0
2026-02-03 03:16:00.000,,,0.0
2026-02-03 03:20:00.302,30.54,59.0,0.0
2026-02-03 03:26:00.000,,,0.0
2026-02-03 03:30:00.797,30.63,58.0,0.0
2026-02-03 03:36:00.000,,,0.0
2026-02-03 03:40:00.020,30.54,57.0,0.0
2026-02-03 03:46:00.000,,,0.0
2026-02-03 03:50:00.028,30.71,56.0,0.0
2026-02-03 03:56:00.000,,,0.0
2026-02-03 04:00:00.777,30.54,56.0,0.0
2026-02-03 04:06:00.000,,,0.0
2026-02-03 04:10:00.195,31.17,53.0,0.0
2026-02-03 04:16:00.000,,,0.0
2026-02-03 04:26:00.000,,,0.0
2026-02-03 04:33:43.754,31.14,54.0,0.0
2026-02-03 04:36:00.000,,,0.0
2026-02-03 04:40:00.402,31.14,54.0,0.0
2026-02-03 04:46:00.000,,,0.0
2026-02-03 04:50:00.335,31.62,52.0,0.0
2026-02-03 04:56:00.000,,,0.0
2026-02-03 05:00:00.248,31.22,52.0,0.0
2026-02-03 05:06:00.000,,,0.0
2026-02-03 05:10:00.317,31.27,55.0,0.0
2026-02-03 05:16:00.000,,,0.0
2026-02-03 05:20:00.324,32.26,52.0,0.0
2026-02-03 05:26:00.000,,,0.0
2026-02-03 05:30:00.831,31.78,52.0,0.0
2026-02-03 05:36:00.000,,,0.0
2026-02-03 05:40:00.989,31.76,52.0,0.0
2026-02-03 05:46:00.000,,,0.0
2026-02-03 05:50:00.875,32.25,52.0,0.0
2026-02-03 05:56:00.000,,,0.0
2026-02-03 06:00:00.921,31.76,49.0,0.0
2026-02-03 06:06:00.000,,,0.0
2026-02-03 06:10:00.973,32.25,51.0,0.0
2026-02-03 06:16:00.000,,,0.0
2026-02-03 06:20:00.420,32.16,51.0,0.0
2026-02-03 06:26:00.000,,,0.0
2026-02-03 06:30:00.015,32.16,50.0,0.0
2026-02-03 06:30:00.180,31.68,51.0,0.0
2026-02-03 06:36:00.000,,,0.0
2026-02-03 06:40:00.233,31.15,44.0,0.0
2026-02-03 06:40:00.757,30.96,45.0,0.0
2026-02-03 06:46:00.000,,,0.0
2026-02-03 06:50:00.303,31.66,51.0,0.0
2026-02-03 06:50:00.711,31.66,51.0,0.0
2026-02-03 06:56:00.000,,,0.0
2026-02-03 07:00:00.346,31.66,52.0,0.0
2026-02-03 07:00:00.560,31.66,52.0,0.0
2026-02-03 07:06:00.000,,,0.0
2026-02-03 07:10:00.389,31.68,51.0,0.0
2026-02-03 07:10:00.855,31.68,51.0,0.0
2026-02-03 07:16:00.000,,,0.0
2026-02-03 07:20:00.517,30.66,52.0,0.0
2026-02-03 07:20:00.891,30.66,52.0,0.0
2026-02-03 07:26:00.000,,,0.0
2026-02-03 07:30:00.080,30.66,52.0,0.0
2026-02-03 07:30:00.854,30.65,52.0,0.0
2026-02-03 07:36:00.000,,,0.0
2026-02-03 07:40:00.259,30.65,53.0,0.0
2026-02-03 07:40:00.653,30.65,53.0,0.0
2026-02-03 07:46:00.000,,,0.0
2026-02-03 07:50:00.190,30.24,51.0,0.0
2026-02-03 07:50:00.614,30.17,54.0,0.0
2026-02-03 07:56:00.000,,,0.0
2026-02-03 08:00:00.039,30.24,50.0,0.0
2026-02-03 08:00:00.153,30.24,50.0,0.0
2026-02-03 08:06:00.000,,,0.0
2026-02-03 08:10:00.218,30.24,51.0,0.0
2026-02-03 08:10:00.743,30.24,51.0,0.0
2026-02-03 08:16:00.000,,,0.0
2026-02-03 08:20:00.337,30.06,53.0,0.0
2026-02-03 08:20:00.378,30.06,53.0,0.0
2026-02-03 08:26:00.000,,,0.0
2026-02-03 08:30:00.278,29.6,53.0,0.0
2026-02-03 08:30:00.948,30.19,50.0,0.0
2026-02-03 08:36:00.000,,,0.0
2026-02-03 08:40:00.047,29.6,53.0,0.0
2026-02-03 08:40:00.821,29.88,51.0,0.0
2026-02-03 08:46:00.000,,,0.0
2026-02-03 08:50:00.284,29.54,55.0,0.0
2026-02-03 08:50:00.591,29.88,51.0,0.0
2026-02-03 08:56:00.000,,,0.0
2026-02-03 09:00:00.099,29.44,55.0,0.0
2026-02-03 09:00:00.252,29.44,55.0,0.0
2026-02-03 09:06:00.000,,,0.0
2026-02-03 09:10:00.823,29.05,55.0,0.0
2026-02-03 09:16:00.000,,,0.0
2026-02-03 09:20:00.359,29.05,55.0,0.0
2026-02-03 09:26:00.000,,,0.0
2026-02-03 09:30:00.500,28.84,52.0,0.0
2026-02-03 09:36:00.000,,,0.0
2026-02-03 09:40:00.101,28.4,57.0,0.0
2026-02-03 09:46:00.000,,,0.0
2026-02-03 09:50:00.661,28.39,54.0,0.0
2026-02-03 09:56:00.000,,,0.0
2026-02-03 10:00:00.543,27.84,54.0,0.0
2026-02-03 10:06:00.000,,,0.0
2026-02-03 10:10:00.150,27.87,52.0,0.0
2026-02-03 10:16:00.000,,,0.0
2026-02-03 10:20:00.689,27.79,52.0,0.0
2026-02-03 10:26:00.000,,,0.0
2026-02-03 10:30:00.664,27.73,53.0,0.0
2026-02-03 10:36:00.000,,,0.0
2026-02-03 10:40:00.244,27.73,54.0,0.0
2026-02-03 10:46:00.000,,,0.0
2026-02-03 10:50:00.820,27.34,54.0,0.0
2026-02-03 10:56:00.000,,,0.0
2026-02-03 11:00:00.528,27.29,55.0,0.0
2026-02-03 11:06:00.000,,,0.0
2026-02-03 11:10:00.140,26.98,56.0,0.0
2026-02-03 11:16:00.000,,,0.0
2026-02-03 11:20:00.694,26.98,56.0,0.0
2026-02-03 11:26:00.000,,,0.0
2026-02-03 11:30:00.720,26.98,57.0,0.0
2026-02-03 11:36:00.000,,,0.0
2026-02-03 11:40:00.595,26.66,62.0,0.0
2026-02-03 11:46:00.000,,,0.0
2026-02-03 11:50:00.314,26.66,62.0,0.0
2026-02-03 11:56:00.000,,,0.0
2026-02-03 12:00:00.013,26.66,63.0,0.0
2026-02-03 12:06:00.000,,,0.0
2026-02-03 12:10:00.621,26.56,64.0,0.0
2026-02-03 12:16:00.000,,,0.0
2026-02-03 12:20:00.216,26.65,61.0,0.0
2026-02-03 12:26:00.000,,,0.0
2026-02-03 12:30:00.763,26.28,62.0,0.0
2026-02-03 12:36:00.000,,,0.0
2026-02-03 12:40:00.371,26.41,58.0,0.0
2026-02-03 12:46:00.000,,,0.0
2026-02-03 12:50:00.994,26.41,58.0,0.0
2026-02-03 12:56:00.000,,,0.0
2026-02-03 13:00:00.631,26.28,63.0,0.0
2026-02-03 13:06:00.000,,,0.0
2026-02-03 13:10:00.430,26.41,59.0,0.0
2026-02-03 13:16:00.000,,,0.0
2026-02-03 13:20:00.990,25.78,66.0,0.0
2026-02-03 13:26:00.000,,,0.0
2026-02-03 13:30:00.966,25.78,66.0,0.0
2026-02-03 13:36:00.000,,,0.0
2026-02-03 13:40:00.904,25.78,67.0,0.0
2026-02-03 13:46:00.000,,,0.0
2026-02-03 13:50:00.523,25.78,67.0,0.0
2026-02-03 13:56:00.000,,,0.0
2026-02-03 14:00:00.145,25.78,68.0,0.0
2026-02-03 14:06:00.000,,,0.0
2026-02-03 14:10:00.720,25.78,68.0,0.0
2026-02-03 14:16:00.000,,,0.0
2026-02-03 14:20:00.403,25.78,69.0,0.0
2026-02-03 14:26:00.000,,,0.0
2026-02-03 14:30:00.954,25.78,70.0,0.0
2026-02-03 14:36:00.000,,,0.0
2026-02-03 14:40:00.502,25.46,70.0,0.0
2026-02-03 14:46:00.000,,,0.0
2026-02-03 14:50:00.091,25.46,70.0,0.0
2026-02-03 14:56:00.000,,,0.0
2026-02-03 15:00:00.725,25.78,70.0,0.0
2026-02-03 15:06:00.000,,,0.0
2026-02-03 15:10:00.297,25.78,69.0,0.0
2026-02-03 15:16:00.000,,,0.0
2026-02-03 15:20:00.836,25.33,72.0,0.0
2026-02-03 15:26:00.000,,,0.0
2026-02-03 15:30:00.910,25.33,71.0,0.0
2026-02-03 15:36:00.000,,,0.0
2026-02-03 15:40:00.496,25.33,72.0,0.0
2026-02-03 15:46:00.000,,,0.0
2026-02-03 15:50:00.029,25.33,72.0,0.0
2026-02-03 15:56:00.000,,,0.0
2026-02-03 16:00:00.574,25.33,72.0,0.0
2026-02-03 16:06:00.000,,,0.0
2026-02-03 16:10:00.900,25.33,72.0,0.0
2026-02-03 16:16:00.000,,,0.0
2026-02-03 16:20:00.438,25.24,74.0,0.0
2026-02-03 16:26:00.000,,,0.0
2026-02-03 16:30:00.981,25.24,74.0,0.0
2026-02-03 16:36:00.000,,,0.0
2026-02-03 16:40:00.911,25.24,74.0,0.0
2026-02-03 16:46:00.000,,,0.0
2026-02-03 16:50:00.838,25.16,75.0,0.0
2026-02-03 16:56:00.000,,,0.0
2026-02-03 17:00:00.367,24.85,75.0,0.0
2026-02-03 17:06:00.000,,,0.0
2026-02-03 17:10:00.900,24.65,76.0,0.0
2026-02-03 17:16:00.000,,,0.0
2026-02-03 17:20:00.431,24.52,77.0,0.0
2026-02-03 17:26:00.000,,,0.0
2026-02-03 17:30:00.537,24.52,77.0,0.0
2026-02-03 17:36:00.000,,,0.0
2026-02-03 17:40:00.148,24.21,77.0,0.0
2026-02-03 17:46:00.000,,,0.0
2026-02-03 17:50:00.731,24.21,77.0,0.0
2026-02-03 17:56:00.000,,,0.0
2026-02-03 18:00:00.328,24.21,77.0,0.0
2026-02-03 18:06:00.000,,,0.0
2026-02-03 18:10:00.919,24.01,78.0,0.0
2026-02-03 18:16:00.000,,,0.0
2026-02-03 18:20:00.468,23.93,78.0,0.0
2026-02-03 18:26:00.000,,,0.0
2026-02-03 18:30:00.144,23.93,78.0,0.0
2026-02-03 18:36:00.000,,,0.0
2026-02-03 18:40:00.823,23.93,78.0,0.0
2026-02-03 18:46:00.000,,,0.0
2026-02-03 18:50:00.509,23.56,79.0,0.0
2026-02-03 18:56:00.000,,,0.0
2026-02-03 19:00:00.077,23.56,79.0,0.0
2026-02-03 19:06:00.000,,,0.0
2026-02-03 19:10:00.809,23.51,79.0,0.0
2026-02-03 19:16:00.000,,,0.0
2026-02-03 19:20:00.396,23.51,79.0,0.0
2026-02-03 19:26:00.000,,,0.0
2026-02-03 19:30:00.315,23.38,79.0,0.0
2026-02-03 19:36:00.000,,,0.0
2026-02-03 19:40:00.840,23.45,81.0,0.0
2026-02-03 19:46:00.000,,,0.0
2026-02-03 19:50:00.405,23.56,79.0,0.0
2026-02-03 19:56:00.000,,,0.0
2026-02-03 20:00:00.997,23.65,79.0,0.0
2026-02-03 20:06:00.000,,,0.0
2026-02-03 20:10:00.532,23.65,79.0,0.0
2026-02-03 20:16:00.000,,,0.0
2026-02-03 20:20:00.119,23.89,77.0,0.0
2026-02-03 20:26:00.000,,,0.0
2026-02-03 20:30:00.665,23.89,77.0,0.0
2026-02-03 20:36:00.000,,,0.0
2026-02-03 20:40:00.195,23.89,77.0,0.0
2026-02-03 20:46:00.000,,,0.0
2026-02-03 20:50:00.904,23.84,77.0,0.0
2026-02-03 20:56:00.000,,,0.0
2026-02-03 21:00:00.428,23.84,77.0,0.0
2026-02-03 21:06:00.000,,,0.0
2026-02-03 21:10:00.992,23.81,78.0,0.0
2026-02-03 21:16:00.000,,,0.0
2026-02-03 21:20:00.552,23.81,78.0,0.0
2026-02-03 21:26:00.000,,,0.0
2026-02-03 21:30:00.450,23.89,78.0,0.0
2026-02-03 21:36:00.000,,,0.0
2026-02-03 21:40:00.021,23.84,78.0,0.0
2026-02-03 21:46:00.000,,,0.0
2026-02-03 21:50:00.714,23.79,78.0,0.0
2026-02-03 21:56:00.000,,,0.0
2026-02-03 22:00:00.322,23.39,80.0,0.0
2026-02-03 22:06:00.000,,,0.0
2026-02-03 22:10:00.866,23.51,79.0,0.0
2026-02-03 22:16:00.000,,,0.0
2026-02-03 22:20:00.400,23.51,79.0,0.0
2026-02-03 22:30:00.939,23.51,79.0,0.0
2026-02-03 22:36:00.000,,,0.0
2026-02-03 22:40:00.473,23.59,79.0,0.0
2026-02-03 22:46:00.000,,,0.0
2026-02-03 22:50:00.013,23.59,79.0,0.0
2026-02-03 22:56:00.000,,,0.0
2026-02-03 23:00:00.663,23.96,79.0,0.0
2026-02-03 23:06:00.000,,,0.0
2026-02-03 23:10:00.205,23.96,79.0,0.0
2026-02-03 23:16:00.000,,,0.0
2026-02-03 23:20:00.794,24.29,77.0,0.0
2026-02-03 23:30:00.808,24.29,77.0,0.0
2026-02-03 23:36:00.000,,,0.0
2026-02-03 23:40:00.415,24.43,77.0,0.0
2026-02-03 23:46:00.000,,,0.0
2026-02-03 23:50:00.968,24.92,75.0,0.0
2026-02-04 00:00:00.563,24.92,75.0,0.0
2026-02-04 00:06:00.000,,,0.0
2026-02-04 00:10:00.125,25.32,75.0,0.0
2026-02-04 00:16:00.000,,,0.0
2026-02-04 00:20:00.667,27.14,67.0,0.0
2026-02-04 00:30:00.283,27.14,67.0,0.0
2026-02-04 00:36:00.000,,,0.0
2026-02-04 00:40:00.909,26.43,73.0,0.0
2026-02-04 00:50:00.446,26.43,73.0,0.0
2026-02-04 00:50:00.531,26.43,73.0,0.0
2026-02-04 01:00:00.050,26.86,73.0,0.0
2026-02-04 01:00:00.914,26.49,73.0,0.0
2026-02-04 01:10:00.407,26.86,73.0,0.0
2026-02-04 01:10:00.666,27.41,69.0,0.0
2026-02-04 01:20:00.206,27.15,71.0,0.0
2026-02-04 01:20:00.757,27.03,72.0,0.0
2026-02-04 01:30:00.103,27.03,72.0,0.0
2026-02-04 01:30:00.966,27.03,72.0,0.0
2026-02-04 01:40:00.476,27.45,71.0,0.0
2026-02-04 01:40:00.806,27.39,71.0,0.0
2026-02-04 01:50:00.130,27.82,71.0,0.0
2026-02-04 01:50:00.394,27.45,71.0,0.0
2026-02-04 02:00:00.166,27.52,71.0,0.0
2026-02-04 02:00:00.608,27.52,71.0,0.0
2026-02-04 02:10:00.089,27.72,69.0,0.0
2026-02-04 02:10:00.927,27.52,72.0,0.0
2026-02-04 02:20:00.506,27.88,72.0,0.0
2026-02-04 02:20:00.591,28.25,72.0,0.0
2026-02-04 02:30:00.221,28.25,71.0,0.0
2026-02-04 02:30:00.997,28.25,71.0,0.0
2026-02-04 02:40:00.474,28.25,71.0,0.0
2026-02-04 02:40:00.891,28.25,71.0,0.0
2026-02-04 02:50:00.423,28.25,71.0,0.0
2026-02-04 02:50:00.982,28.31,71.0,0.0
2026-02-04 03:00:00.104,29.04,70.0,0.0
2026-02-04 03:00:00.535,28.31,71.0,0.0
2026-02-04 03:10:00.029,29.27,70.0,0.0
2026-02-04 03:10:00.645,29.04,70.0,0.0
2026-02-04 03:20:00.328,29.27,70.0,0.0
2026-02-04 03:20:00.663,28.91,69.0,0.0
2026-02-04 03:30:00.099,28.91,69.0,0.0
2026-02-04 03:30:00.243,28.91,69.0,0.0
2026-02-04 03:40:00.245,28.85,70.0,0.0
2026-02-04 03:40:00.631,28.91,69.0,0.0
2026-02-04 03:50:00.153,29.21,69.0,0.0
2026-02-04 03:50:00.831,29.21,69.0,0.0
2026-02-04 04:00:00.492,29.83,64.0,0.0
2026-02-04 04:00:00.587,29.83,64.0,0.0
2026-02-04 04:10:00.068,29.7,67.0,0.0
2026-02-04 04:10:00.123,29.7,67.0,0.0
2026-02-04 04:20:00.447,30.34,62.0,0.0
2026-02-04 04:20:00.781,30.34,62.0,0.0
2026-02-04 04:30:00.396,30.26,62.0,0.0
2026-02-04 04:30:00.808,30.26,62.0,0.0
2026-02-04 04:40:00.219,30.78,63.0,0.0
2026-02-04 04:40:00.279,30.3,64.0,0.0
2026-02-04 04:50:00.239,30.84,60.0,0.0
2026-02-04 04:50:00.645,30.78,63.0,0.0
2026-02-04 05:00:00.032,31.21,61.0,0.0
2026-02-04 05:00:00.106,31.21,61.0,0.0
2026-02-04 05:10:00.384,30.85,62.0,0.0
2026-02-04 05:10:00.674,30.89,60.0,0.0
2026-02-04 05:20:00.259,31.66,59.0,0.0
2026-02-04 05:20:00.902,31.66,59.0,0.0
2026-02-04 05:30:00.369,31.64,59.0,0.0
2026-02-04 05:30:00.450,31.64,59.0,0.0
2026-02-04 05:40:00.067,31.68,60.0,0.0
2026-02-04 05:40:00.960,31.68,60.0,0.0
2026-02-04 05:50:00.357,31.16,59.0,0.0
2026-02-04 05:50:00.606,31.16,59.0,0.0
2026-02-04 06:00:00.035,30.47,58.0,0.0
2026-02-04 06:00:00.611,31.13,60.0,0.0
2026-02-04 06:10:00.219,30.47,58.0,0.0
2026-02-04 06:10:00.528,30.78,58.0,0.0
2026-02-04 06:20:00.754,31.1,58.0,0.0
2026-02-04 06:20:00.815,30.78,59.0,0.0
2026-02-04 06:30:00.323,30.73,58.0,0.0
2026-02-04 06:30:00.369,30.73,58.0,0.0
2026-02-04 06:40:00.139,30.63,59.0,0.0
2026-02-04 06:40:00.885,30.63,59.0,0.0
2026-02-04 06:50:00.431,30.54,58.0,0.0
2026-02-04 06:50:00.758,30.54,58.0,0.0
2026-02-04 07:00:00.398,30.51,57.0,0.0
2026-02-04 07:00:00.951,30.51,57.0,0.0
2026-02-04 07:10:00.066,30.51,57.0,0.0
2026-02-04 07:10:00.274,30.65,59.0,0.0
2026-02-04 07:20:00.649,30.11,56.0,0.0
2026-02-04 07:20:00.787,30.11,56.0,0.0
2026-02-04 07:30:00.118,30.11,56.0,0.0
2026-02-04 07:30:00.628,30.11,56.0,0.0
2026-02-04 07:40:00.340,30.11,56.0,0.0
2026-02-04 07:40:00.660,29.76,61.0,0.0
2026-02-04 07:50:00.552,29.76,60.0,0.0
2026-02-04 07:50:00.984,29.83,61.0,0.0
2026-02-04 08:00:00.658,30.14,57.0,0.0
2026-02-04 08:00:00.923,29.83,61.0,0.0
2026-02-04 08:10:00.275,30.15,58.0,0.0
2026-02-04 08:10:00.615,30.15,58.0,0.0
2026-02-04 08:20:00.013,30.15,58.0,0.0
2026-02-04 08:20:00.925,30.15,58.0,0.0
2026-02-04 08:30:00.493,30.11,56.0,0.0
2026-02-04 08:30:00.776,30.15,58.0,0.0
2026-02-04 08:40:00.061,29.4,60.0,0.0
2026-02-04 08:40:00.611,29.4,60.0,0.0
2026-02-04 08:50:00.325,29.37,62.0,0.0
2026-02-04 08:50:00.815,29.27,62.0,0.0
2026-02-04 09:00:00.363,29.27,62.0,0.0
2026-02-04 09:00:00.817,29.27,62.0,0.0
2026-02-04 09:10:00.913,28.82,63.0,0.0
2026-02-04 09:20:00.786,28.94,61.0,0.0
2026-02-04 09:30:00.182,28.54,62.0,0.0
2026-02-04 09:40:00.742,28.54,62.0,0.0
2026-02-04 09:50:00.494,28.48,63.0,0.0
2026-02-04 10:00:00.056,28.05,64.0,0.0
2026-02-04 10:10:00.826,27.77,64.0,0.0
2026-02-04 10:20:00.382,27.82,63.0,0.0
2026-02-04 10:30:00.125,27.37,64.0,0.0
2026-02-04 10:40:00.703,27.37,64.0,0.0
2026-02-04 10:50:00.392,27.29,65.0,0.0
2026-02-04 11:00:00.952,27.29,65.0,0.0
2026-02-04 11:10:00.614,27.24,65.0,0.0
2026-02-04 11:20:00.221,26.73,66.0,0.0
2026-02-04 11:30:00.209,26.73,66.0,0.0
2026-02-04 11:40:00.960,26.65,66.0,0.0
2026-02-04 11:50:00.564,26.65,67.0,0.0
2026-02-04 12:00:00.124,26.6,67.0,0.0
2026-02-04 12:10:00.761,26.6,67.0,0.0
2026-02-04 12:20:00.375,26.08,68.0,0.0
2026-02-04 12:30:00.013,26.08,69.0,0.0
2026-02-04 12:40:00.582,26.0,69.0,0.0
2026-02-04 12:50:00.188,26.0,70.0,0.0
2026-02-04 13:00:00.883,25.92,70.0,0.0
2026-02-04 13:10:00.786,25.61,70.0,0.0
2026-02-04 13:20:00.419,25.64,70.0,0.0
2026-02-04 13:30:00.015,25.64,70.0,0.0
2026-02-04 13:40:00.674,25.64,69.0,0.0
2026-02-04 13:50:00.361,25.64,70.0,0.0
2026-02-04 14:00:00.947,25.56,70.0,0.0
2026-02-04 14:10:00.486,25.56,71.0,0.0
2026-02-04 14:20:00.503,25.35,73.0,0.0
2026-02-04 14:30:00.072,25.47,71.0,0.0
2026-02-04 14:40:00.757,25.65,72.0,0.0
2026-02-04 14:50:00.290,25.03,72.0,0.0
2026-02-04 15:00:00.852,25.03,72.0,0.0
2026-02-04 15:10:00.790,25.03,73.0,0.0
2026-02-04 15:20:00.340,24.79,75.0,0.0
2026-02-04 15:30:00.952,24.35,75.0,0.0
2026-02-04 15:40:00.673,24.35,75.0,0.0
2026-02-04 15:50:00.353,24.35,75.0,0.0
2026-02-04 16:00:00.891,23.99,75.0,0.0
2026-02-04 16:10:00.536,23.99,76.0,0.0
2026-02-04 16:20:00.069,24.56,75.0,0.0
2026-02-04 16:30:00.668,24.56,75.0,0.0
2026-02-04 16:40:00.755,24.56,76.0,0.0
2026-02-04 16:50:00.403,24.25,75.0,0.0
2026-02-04 17:00:00.956,24.25,75.0,0.0
2026-02-04 17:10:00.680,24.25,75.0,0.0
2026-02-04 17:20:00.272,24.05,76.0,0.0
2026-02-04 17:30:00.874,24.0,76.0,0.0
2026-02-04 17:40:00.526,24.0,76.0,0.0
2026-02-04 17:50:00.375,24.0,76.0,0.0
2026-02-04 18:00:00.984,24.27,76.0,0.0
2026-02-04 18:10:00.523,23.91,76.0,0.0
2026-02-04 18:20:00.324,23.91,77.0,0.0
2026-02-04 18:30:00.859,23.91,77.0,0.0
2026-02-04 18:40:00.778,23.34,77.0,0.0
2026-02-04 18:50:00.659,23.29,77.0,0.0
2026-02-04 19:00:00.251,23.29,78.0,0.0
2026-02-04 19:10:00.845,23.29,78.0,0.0
2026-02-04 19:20:00.581,23.41,79.0,0.0
2026-02-04 19:30:00.174,23.41,78.0,0.0
2026-02-04 19:40:00.277,23.41,78.0,0.0
2026-02-04 19:50:00.046,23.41,78.0,0.0
2026-02-04 20:00:00.784,23.41,78.0,0.0
2026-02-04 20:10:00.646,23.41,79.0,0.0
2026-02-04 20:20:00.373,23.1,79.0,0.0
2026-02-04 20:30:00.954,23.1,79.0,0.0
2026-02-04 20:40:00.492,22.99,79.0,0.0
2026-02-04 20:50:00.026,22.99,79.0,0.0
2026-02-04 21:00:00.605,22.99,79.0,0.0
2026-02-04 21:10:00.154,22.96,79.0,0.0
2026-02-04 21:20:00.924,22.95,81.0,0.0
2026-02-04 21:30:00.483,23.01,79.0,0.0
2026-02-04 21:40:00.138,23.1,79.0,0.0
2026-02-04 21:50:00.921,23.1,79.0,0.0
2026-02-04 22:00:00.843,23.1,79.0,0.0
2026-02-04 22:10:00.618,23.1,80.0,0.0
2026-02-04 22:20:00.213,23.1,80.0,0.0
2026-02-04 22:30:00.748,23.1,80.0,0.0
2026-02-04 22:40:00.298,23.04,80.0,0.0
2026-02-04 22:50:00.856,23.13,80.0,0.0
2026-02-04 23:00:00.391,23.18,80.0,0.0
2026-02-04 23:10:00.978,23.38,78.0,0.0
2026-02-04 23:20:00.517,23.46,78.0,0.0
2026-02-04 23:30:00.071,23.86,77.0,0.0
2026-02-04 23:40:00.794,23.91,77.0,0.0
2026-02-04 23:50:00.442,23.99,77.0,0.0
2026-02-05 00:00:00.061,24.27,76.0,0.0
2026-02-05 00:10:00.624,24.93,73.0,0.0
2026-02-05 00:20:00.359,25.75,71.0,0.0
2026-02-05 00:30:00.927,25.78,71.0,0.0
2026-02-05 00:40:00.488,26.2,70.0,0.0
2026-02-05 00:50:00.105,26.2,70.0,0.0
2026-02-05 01:00:00.652,27.36,67.0,0.0
2026-02-05 01:10:00.409,27.45,64.0,0.0
2026-02-05 01:20:00.795,27.45,64.0,0.0
2026-02-05 01:20:00.805,27.45,64.0,0.0
2026-02-05 01:30:00.500,27.45,65.0,0.0
2026-02-05 01:30:00.515,27.45,64.0,0.0
2026-02-05 01:40:00.138,28.04,62.0,0.0
2026-02-05 01:40:00.517,27.45,64.0,0.0
2026-02-05 01:50:00.032,27.77,64.0,0.0
2026-02-05 01:50:00.144,27.77,64.0,0.0
2026-02-05 02:00:00.352,27.47,65.0,0.0
2026-02-05 02:00:00.750,28.39,56.0,0.0
